symbol,structural_ineligible,quality_data_failure,valuation_data_failure,price_data_failure,other_data_failure,incomplete,fully_evaluable,final_action,top_level_population,quality_status,valuation_status,price_status,structural_reason,data_failure_reasons,provenance_source
360ONE,False,False,False,False,False,False,True,REJECTED,FULLY_EVALUABLE,EXCLUDED_FINANCIAL,EXCLUDED_FINANCIAL,VALID_LIVE_QUOTE,,,PIT_FUNDAMENTALS_V1
3BBLACKBIO,False,False,False,False,False,False,True,REJECTED,FULLY_EVALUABLE,FAIL,FAIL,VALID_LIVE_QUOTE,,,PIT_FUNDAMENTALS_V1
3MINDIA,False,False,False,False,False,False,True,BUY_ALERT,FULLY_EVALUABLE,PASS,PASS,VALID_LIVE_QUOTE,,,PIT_FUNDAMENTALS_V1
AADHARHFC,False,False,False,False,False,False,True,REJECTED,FULLY_EVALUABLE,EXCLUDED_FINANCIAL,EXCLUDED_FINANCIAL,VALID_LIVE_QUOTE,,,PIT_FUNDAMENTALS_V1
AARTIDRUGS,False,False,False,False,False,False,True,REJECTED,FULLY_EVALUABLE,FAIL,FAIL,VALID_LIVE_QUOTE,,,PIT_FUNDAMENTALS_V1
AAVAS,False,False,False,False,False,False,True,REJECTED,FULLY_EVALUABLE,EXCLUDED_FINANCIAL,EXCLUDED_FINANCIAL,VALID_LIVE_QUOTE,,,PIT_FUNDAMENTALS_V1
ABB,False,False,False,False,False,False,True,REJECTED,FULLY_EVALUABLE,PASS,FAIL,VALID_LIVE_QUOTE,,,PIT_FUNDAMENTALS_V1
ABBOTINDIA,False,False,False,False,False,False,True,REJECTED,FULLY_EVALUABLE,FAIL,PASS,VALID_LIVE_QUOTE,,,PIT_FUNDAMENTALS_V1
ABCAPITAL,False,False,False,False,False,False,True,REJECTED,FULLY_EVALUABLE,EXCLUDED_FINANCIAL,EXCLUDED_FINANCIAL,VALID_LIVE_QUOTE,,,PIT_FUNDAMENTALS_V1
ABDL,False,False,False,False,False,False,True,REJECTED,FULLY_EVALUABLE,FAIL,FAIL,VALID_LIVE_QUOTE,,,PIT_FUNDAMENTALS_V1
ABSLAMC,False,False,False,False,False,False,True,REJECTED,FULLY_EVALUABLE,EXCLUDED_FINANCIAL,EXCLUDED_FINANCIAL,VALID_LIVE_QUOTE,,,PIT_FUNDAMENTALS_V1
ACC,False,False,False,False,False,False,True,REJECTED,FULLY_EVALUABLE,FAIL,PASS,VALID_LIVE_QUOTE,,,PIT_FUNDAMENTALS_V1
ACCELYA,False,False,False,False,False,False,True,REJECTED,FULLY_EVALUABLE,FAIL,FAIL,VALID_LIVE_QUOTE,,,PIT_FUNDAMENTALS_V1
ACCENTMIC,False,False,False,False,False,False,True,REJECTED,FULLY_EVALUABLE,FAIL,FAIL,VALID_LIVE_QUOTE,,,PIT_FUNDAMENTALS_V1
ACE,False,False,False,False,False,False,True,REJECTED,FULLY_EVALUABLE,PASS,FAIL,VALID_LIVE_QUOTE,,,PIT_FUNDAMENTALS_V1
ACMESOLAR,False,False,False,False,False,False,True,REJECTED,FULLY_EVALUABLE,FAIL,FAIL,VALID_LIVE_QUOTE,,,PIT_FUNDAMENTALS_V1
ACUTAAS,False,False,False,False,False,False,True,REJECTED,FULLY_EVALUABLE,PASS,FAIL,VALID_LIVE_QUOTE,,,PIT_FUNDAMENTALS_V1
ADANIENSOL,False,False,False,False,False,False,True,REJECTED,FULLY_EVALUABLE,FAIL,FAIL,VALID_LIVE_QUOTE,,,PIT_FUNDAMENTALS_V1
ADANIENT,False,False,False,False,False,False,True,REJECTED,FULLY_EVALUABLE,FAIL,FAIL,VALID_LIVE_QUOTE,,,PIT_FUNDAMENTALS_V1
ADANIGREEN,False,False,False,False,False,False,True,REJECTED,FULLY_EVALUABLE,FAIL,FAIL,VALID_LIVE_QUOTE,,,PIT_FUNDAMENTALS_V1
ADANIPORTS,False,False,False,False,False,False,True,REJECTED,FULLY_EVALUABLE,FAIL,FAIL,VALID_LIVE_QUOTE,,,PIT_FUNDAMENTALS_V1
ADANIPOWER,False,False,False,False,False,False,True,REJECTED,FULLY_EVALUABLE,FAIL,FAIL,VALID_LIVE_QUOTE,,,PIT_FUNDAMENTALS_V1
ADFFOODS,False,False,False,False,False,False,True,REJECTED,FULLY_EVALUABLE,FAIL,FAIL,VALID_LIVE_QUOTE,,,PIT_FUNDAMENTALS_V1
ADOR,False,True,False,False,False,True,False,INCOMPLETE,DATA_FAILURE,NOT_EVALUATED,FAIL,VALID_LIVE_QUOTE,,QUALITY_METRIC_CALCULATION_FAILURE,PIT_FUNDAMENTALS_V1
ADVAIT,False,False,False,False,False,False,True,REJECTED,FULLY_EVALUABLE,FAIL,PASS,VALID_LIVE_QUOTE,,,PIT_FUNDAMENTALS_V1
ADVENZYMES,False,False,False,False,False,False,True,REJECTED,FULLY_EVALUABLE,FAIL,FAIL,VALID_LIVE_QUOTE,,,PIT_FUNDAMENTALS_V1
AEGISLOG,False,False,False,False,False,False,True,REJECTED,FULLY_EVALUABLE,FAIL,FAIL,VALID_LIVE_QUOTE,,,PIT_FUNDAMENTALS_V1
AEGISVOPAK,False,False,False,False,False,False,True,REJECTED,FULLY_EVALUABLE,FAIL,FAIL,VALID_LIVE_QUOTE,,,PIT_FUNDAMENTALS_V1
AEROENTER,False,False,False,False,False,False,True,REJECTED,FULLY_EVALUABLE,FAIL,PASS,VALID_LIVE_QUOTE,,,PIT_FUNDAMENTALS_V1
AEROFLEX,False,False,False,False,False,False,True,REJECTED,FULLY_EVALUABLE,PASS,FAIL,VALID_LIVE_QUOTE,,,PIT_FUNDAMENTALS_V1
AETHER,False,False,False,False,False,False,True,REJECTED,FULLY_EVALUABLE,FAIL,FAIL,VALID_LIVE_QUOTE,,,PIT_FUNDAMENTALS_V1
AFFLE,False,False,False,False,False,False,True,BUY_ALERT,FULLY_EVALUABLE,PASS,PASS,VALID_LIVE_QUOTE,,,PIT_FUNDAMENTALS_V1
AFSL,False,False,False,False,False,False,True,REJECTED,FULLY_EVALUABLE,FAIL,FAIL,VALID_LIVE_QUOTE,,,PIT_FUNDAMENTALS_V1
AGIIL,False,False,False,False,False,False,True,REJECTED,FULLY_EVALUABLE,FAIL,FAIL,VALID_LIVE_QUOTE,,,PIT_FUNDAMENTALS_V1
AHLUCONT,False,False,False,False,False,False,True,BUY_ALERT,FULLY_EVALUABLE,PASS,PASS,VALID_LIVE_QUOTE,,,PIT_FUNDAMENTALS_V1
AIAENG,False,False,False,False,False,False,True,REJECTED,FULLY_EVALUABLE,FAIL,FAIL,VALID_LIVE_QUOTE,,,PIT_FUNDAMENTALS_V1
AIIL,False,False,False,False,False,False,True,REJECTED,FULLY_EVALUABLE,EXCLUDED_FINANCIAL,EXCLUDED_FINANCIAL,VALID_LIVE_QUOTE,,,PIT_FUNDAMENTALS_V1
AIMTRON,False,False,False,False,False,False,True,REJECTED,FULLY_EVALUABLE,FAIL,FAIL,VALID_LIVE_QUOTE,,,PIT_FUNDAMENTALS_V1
AJANTPHARM,False,False,False,False,False,False,True,REJECTED,FULLY_EVALUABLE,PASS,FAIL,VALID_LIVE_QUOTE,,,PIT_FUNDAMENTALS_V1
AJAXENGG,False,False,False,False,False,False,True,REJECTED,FULLY_EVALUABLE,PASS,FAIL,VALID_LIVE_QUOTE,,,PIT_FUNDAMENTALS_V1
AJMERA,False,False,False,False,False,False,True,REJECTED,FULLY_EVALUABLE,FAIL,PASS,VALID_LIVE_QUOTE,,,PIT_FUNDAMENTALS_V1
AKUMS,False,False,False,False,False,False,True,REJECTED,FULLY_EVALUABLE,FAIL,FAIL,VALID_LIVE_QUOTE,,,PIT_FUNDAMENTALS_V1
ALKEM,False,False,False,False,False,False,True,REJECTED,FULLY_EVALUABLE,FAIL,FAIL,VALID_LIVE_QUOTE,,,PIT_FUNDAMENTALS_V1
ALKYLAMINE,False,False,False,False,False,False,True,REJECTED,FULLY_EVALUABLE,FAIL,FAIL,VALID_LIVE_QUOTE,,,PIT_FUNDAMENTALS_V1
ALLDIGI,False,False,False,False,False,False,True,REJECTED,FULLY_EVALUABLE,FAIL,PASS,VALID_LIVE_QUOTE,,,PIT_FUNDAMENTALS_V1
ALPEXSOLAR,False,False,False,False,False,False,True,REJECTED,FULLY_EVALUABLE,FAIL,PASS,VALID_LIVE_QUOTE,,,PIT_FUNDAMENTALS_V1
AMBUJACEM,False,False,False,False,False,False,True,REJECTED,FULLY_EVALUABLE,FAIL,PASS,VALID_LIVE_QUOTE,,,PIT_FUNDAMENTALS_V1
AMNPLST,False,False,False,False,False,False,True,REJECTED,FULLY_EVALUABLE,FAIL,FAIL,VALID_LIVE_QUOTE,,,PIT_FUNDAMENTALS_V1
AMRUTANJAN,False,False,False,False,False,False,True,REJECTED,FULLY_EVALUABLE,FAIL,PASS,VALID_LIVE_QUOTE,,,PIT_FUNDAMENTALS_V1
ANANDRATHI,False,False,False,False,False,False,True,REJECTED,FULLY_EVALUABLE,EXCLUDED_FINANCIAL,EXCLUDED_FINANCIAL,VALID_LIVE_QUOTE,,,PIT_FUNDAMENTALS_V1
ANANTRAJ,False,False,False,False,False,False,True,REJECTED,FULLY_EVALUABLE,FAIL,PASS,VALID_LIVE_QUOTE,,,PIT_FUNDAMENTALS_V1
ANONDITA,False,False,False,False,False,False,True,REJECTED,FULLY_EVALUABLE,FAIL,FAIL,VALID_LIVE_QUOTE,,,PIT_FUNDAMENTALS_V1
ANTELOPUS,False,False,False,False,False,False,True,REJECTED,FULLY_EVALUABLE,FAIL,FAIL,VALID_LIVE_QUOTE,,,PIT_FUNDAMENTALS_V1
ANTHEM,False,False,False,False,False,False,True,REJECTED,FULLY_EVALUABLE,PASS,FAIL,VALID_LIVE_QUOTE,,,PIT_FUNDAMENTALS_V1
ANUP,False,False,False,False,False,False,True,REJECTED,FULLY_EVALUABLE,FAIL,PASS,VALID_LIVE_QUOTE,,,PIT_FUNDAMENTALS_V1
APARINDS,False,False,False,False,False,False,True,REJECTED,FULLY_EVALUABLE,PASS,FAIL,VALID_LIVE_QUOTE,,,PIT_FUNDAMENTALS_V1
APCOTEXIND,False,False,False,False,False,False,True,BUY_ALERT,FULLY_EVALUABLE,PASS,PASS,VALID_LIVE_QUOTE,,,PIT_FUNDAMENTALS_V1
APLAPOLLO,False,False,False,False,False,False,True,REJECTED,FULLY_EVALUABLE,PASS,FAIL,VALID_LIVE_QUOTE,,,PIT_FUNDAMENTALS_V1
APLLTD,False,False,False,False,False,False,True,REJECTED,FULLY_EVALUABLE,FAIL,FAIL,VALID_LIVE_QUOTE,,,PIT_FUNDAMENTALS_V1
APOLLO,False,False,False,False,False,False,True,REJECTED,FULLY_EVALUABLE,FAIL,FAIL,VALID_LIVE_QUOTE,,,PIT_FUNDAMENTALS_V1
APOLLOHOSP,False,False,False,False,False,False,True,REJECTED,FULLY_EVALUABLE,FAIL,FAIL,VALID_LIVE_QUOTE,,,PIT_FUNDAMENTALS_V1
APOLLOTYRE,False,False,False,False,False,False,True,REJECTED,FULLY_EVALUABLE,FAIL,FAIL,VALID_LIVE_QUOTE,,,PIT_FUNDAMENTALS_V1
APTUS,False,False,False,False,False,False,True,REJECTED,FULLY_EVALUABLE,EXCLUDED_FINANCIAL,EXCLUDED_FINANCIAL,VALID_LIVE_QUOTE,,,PIT_FUNDAMENTALS_V1
ARE&M,False,False,False,False,False,False,True,REJECTED,FULLY_EVALUABLE,FAIL,FAIL,VALID_LIVE_QUOTE,,,PIT_FUNDAMENTALS_V1
ARIHANTSUP,False,False,False,False,False,False,True,REJECTED,FULLY_EVALUABLE,FAIL,FAIL,VALID_LIVE_QUOTE,,,PIT_FUNDAMENTALS_V1
ARIS,False,False,False,False,False,False,True,REJECTED,FULLY_EVALUABLE,FAIL,PASS,VALID_LIVE_QUOTE,,,PIT_FUNDAMENTALS_V1
ARSSBL,False,False,False,False,False,False,True,REJECTED,FULLY_EVALUABLE,FAIL,PASS,VALID_LIVE_QUOTE,,,PIT_FUNDAMENTALS_V1
ARTEMISMED,False,False,False,False,False,False,True,REJECTED,FULLY_EVALUABLE,FAIL,FAIL,VALID_LIVE_QUOTE,,,PIT_FUNDAMENTALS_V1
ARVINDFASN,False,False,False,False,False,False,True,REJECTED,FULLY_EVALUABLE,FAIL,PASS,VALID_LIVE_QUOTE,,,PIT_FUNDAMENTALS_V1
ARVSMART,False,False,False,False,False,False,True,REJECTED,FULLY_EVALUABLE,FAIL,PASS,VALID_LIVE_QUOTE,,,PIT_FUNDAMENTALS_V1
ASAHIINDIA,False,False,False,False,False,False,True,REJECTED,FULLY_EVALUABLE,FAIL,FAIL,VALID_LIVE_QUOTE,,,PIT_FUNDAMENTALS_V1
ASALCBR,False,False,False,False,False,False,True,REJECTED,FULLY_EVALUABLE,FAIL,PASS,VALID_LIVE_QUOTE,,,PIT_FUNDAMENTALS_V1
ASHAPURMIN,False,False,False,False,False,False,True,REJECTED,FULLY_EVALUABLE,FAIL,PASS,VALID_LIVE_QUOTE,,,PIT_FUNDAMENTALS_V1
ASHIANA,False,False,False,False,False,False,True,REJECTED,FULLY_EVALUABLE,FAIL,PASS,VALID_LIVE_QUOTE,,,PIT_FUNDAMENTALS_V1
ASHOKA,False,False,False,False,False,False,True,REJECTED,FULLY_EVALUABLE,FAIL,PASS,VALID_LIVE_QUOTE,,,PIT_FUNDAMENTALS_V1
ASHOKLEY,False,False,False,False,False,False,True,REJECTED,FULLY_EVALUABLE,FAIL,FAIL,VALID_LIVE_QUOTE,,,PIT_FUNDAMENTALS_V1
ASIANPAINT,False,False,False,False,False,False,True,REJECTED,FULLY_EVALUABLE,FAIL,FAIL,VALID_LIVE_QUOTE,,,PIT_FUNDAMENTALS_V1
ASKAUTOLTD,False,False,False,False,False,False,True,REJECTED,FULLY_EVALUABLE,FAIL,FAIL,VALID_LIVE_QUOTE,,,PIT_FUNDAMENTALS_V1
ASTERDM,False,False,False,False,False,False,True,REJECTED,FULLY_EVALUABLE,FAIL,FAIL,VALID_LIVE_QUOTE,,,PIT_FUNDAMENTALS_V1
ASTRAL,False,False,False,False,False,False,True,REJECTED,FULLY_EVALUABLE,PASS,FAIL,VALID_LIVE_QUOTE,,,PIT_FUNDAMENTALS_V1
ASTRAMICRO,False,False,False,False,False,False,True,REJECTED,FULLY_EVALUABLE,FAIL,FAIL,VALID_LIVE_QUOTE,,,PIT_FUNDAMENTALS_V1
ASTRAZEN,False,False,False,False,False,False,True,REJECTED,FULLY_EVALUABLE,FAIL,PASS,VALID_LIVE_QUOTE,,,PIT_FUNDAMENTALS_V1
ATGL,False,False,False,False,False,False,True,REJECTED,FULLY_EVALUABLE,FAIL,FAIL,VALID_LIVE_QUOTE,,,PIT_FUNDAMENTALS_V1
ATUL,False,False,False,False,False,False,True,REJECTED,FULLY_EVALUABLE,FAIL,PASS,VALID_LIVE_QUOTE,,,PIT_FUNDAMENTALS_V1
ATULAUTO,False,False,False,False,False,False,True,REJECTED,FULLY_EVALUABLE,FAIL,PASS,VALID_LIVE_QUOTE,,,PIT_FUNDAMENTALS_V1
AUBANK,False,False,False,False,False,False,True,REJECTED,FULLY_EVALUABLE,EXCLUDED_FINANCIAL,EXCLUDED_FINANCIAL,VALID_LIVE_QUOTE,,,PIT_FUNDAMENTALS_V1
AURIONPRO,False,False,False,False,False,False,True,REJECTED,FULLY_EVALUABLE,FAIL,PASS,VALID_LIVE_QUOTE,,,PIT_FUNDAMENTALS_V1
AUROPHARMA,False,False,False,False,False,False,True,REJECTED,FULLY_EVALUABLE,FAIL,FAIL,VALID_LIVE_QUOTE,,,PIT_FUNDAMENTALS_V1
AUTOAXLES,False,False,False,False,False,False,True,REJECTED,FULLY_EVALUABLE,FAIL,FAIL,VALID_LIVE_QUOTE,,,PIT_FUNDAMENTALS_V1
AVALON,False,False,False,False,False,False,True,REJECTED,FULLY_EVALUABLE,FAIL,FAIL,VALID_LIVE_QUOTE,,,PIT_FUNDAMENTALS_V1
AVANTIFEED,False,False,False,False,False,False,True,REJECTED,FULLY_EVALUABLE,FAIL,PASS,VALID_LIVE_QUOTE,,,PIT_FUNDAMENTALS_V1
AVL,False,False,False,False,False,False,True,REJECTED,FULLY_EVALUABLE,FAIL,FAIL,VALID_LIVE_QUOTE,,,PIT_FUNDAMENTALS_V1
AWFIS,False,False,False,False,False,False,True,REJECTED,FULLY_EVALUABLE,FAIL,PASS,VALID_LIVE_QUOTE,,,PIT_FUNDAMENTALS_V1
AWHCL,False,False,False,False,False,False,True,REJECTED,FULLY_EVALUABLE,FAIL,PASS,VALID_LIVE_QUOTE,,,PIT_FUNDAMENTALS_V1
AWL,False,False,False,False,False,False,True,REJECTED,FULLY_EVALUABLE,FAIL,PASS,VALID_LIVE_QUOTE,,,PIT_FUNDAMENTALS_V1
AXISBANK,False,False,False,False,False,False,True,REJECTED,FULLY_EVALUABLE,EXCLUDED_FINANCIAL,EXCLUDED_FINANCIAL,VALID_LIVE_QUOTE,,,PIT_FUNDAMENTALS_V1
AXISCADES,False,False,False,False,False,False,True,REJECTED,FULLY_EVALUABLE,FAIL,FAIL,VALID_LIVE_QUOTE,,,PIT_FUNDAMENTALS_V1
AYE,False,False,False,False,False,False,True,REJECTED,FULLY_EVALUABLE,EXCLUDED_FINANCIAL,EXCLUDED_FINANCIAL,VALID_LIVE_QUOTE,,,PIT_FUNDAMENTALS_V1
AZAD,False,False,False,False,False,False,True,REJECTED,FULLY_EVALUABLE,FAIL,FAIL,VALID_LIVE_QUOTE,,,PIT_FUNDAMENTALS_V1
BAJAJCON,False,False,False,False,False,False,True,REJECTED,FULLY_EVALUABLE,FAIL,FAIL,VALID_LIVE_QUOTE,,,PIT_FUNDAMENTALS_V1
BAJAJFINSV,False,False,False,False,False,False,True,REJECTED,FULLY_EVALUABLE,EXCLUDED_FINANCIAL,EXCLUDED_FINANCIAL,VALID_LIVE_QUOTE,,,PIT_FUNDAMENTALS_V1
BAJAJHLDNG,False,False,False,False,False,False,True,REJECTED,FULLY_EVALUABLE,FAIL,PASS,VALID_LIVE_QUOTE,,,PIT_FUNDAMENTALS_V1
BAJFINANCE,False,False,False,False,False,False,True,REJECTED,FULLY_EVALUABLE,EXCLUDED_FINANCIAL,EXCLUDED_FINANCIAL,VALID_LIVE_QUOTE,,,PIT_FUNDAMENTALS_V1
BALAMINES,False,False,False,False,False,False,True,REJECTED,FULLY_EVALUABLE,FAIL,FAIL,VALID_LIVE_QUOTE,,,PIT_FUNDAMENTALS_V1
BALKRISIND,False,False,False,False,False,False,True,REJECTED,FULLY_EVALUABLE,FAIL,FAIL,VALID_LIVE_QUOTE,,,PIT_FUNDAMENTALS_V1
BALMLAWRIE,False,False,False,False,False,False,True,REJECTED,FULLY_EVALUABLE,FAIL,PASS,VALID_LIVE_QUOTE,,,PIT_FUNDAMENTALS_V1
BALRAMCHIN,False,False,False,False,False,False,True,REJECTED,FULLY_EVALUABLE,FAIL,FAIL,VALID_LIVE_QUOTE,,,PIT_FUNDAMENTALS_V1
BALUFORGE,False,False,False,False,False,False,True,REJECTED,FULLY_EVALUABLE,FAIL,PASS,VALID_LIVE_QUOTE,,,PIT_FUNDAMENTALS_V1
BANARISUG,False,False,False,False,False,False,True,REJECTED,FULLY_EVALUABLE,FAIL,FAIL,VALID_LIVE_QUOTE,,,PIT_FUNDAMENTALS_V1
BANCOINDIA,False,False,False,False,False,False,True,REJECTED,FULLY_EVALUABLE,FAIL,FAIL,VALID_LIVE_QUOTE,,,PIT_FUNDAMENTALS_V1
BANKBARODA,False,False,False,False,False,False,True,REJECTED,FULLY_EVALUABLE,EXCLUDED_FINANCIAL,EXCLUDED_FINANCIAL,VALID_LIVE_QUOTE,,,PIT_FUNDAMENTALS_V1
BANKINDIA,False,False,False,False,False,False,True,REJECTED,FULLY_EVALUABLE,EXCLUDED_FINANCIAL,EXCLUDED_FINANCIAL,VALID_LIVE_QUOTE,,,PIT_FUNDAMENTALS_V1
BANSALWIRE,False,False,False,False,False,False,True,REJECTED,FULLY_EVALUABLE,FAIL,PASS,VALID_LIVE_QUOTE,,,PIT_FUNDAMENTALS_V1
BASF,False,True,False,False,False,True,False,INCOMPLETE,DATA_FAILURE,NOT_EVALUATED,FAIL,VALID_LIVE_QUOTE,,QUALITY_METRIC_CALCULATION_FAILURE,PIT_FUNDAMENTALS_V1
BATAINDIA,False,False,False,False,False,False,True,REJECTED,FULLY_EVALUABLE,FAIL,PASS,VALID_LIVE_QUOTE,,,PIT_FUNDAMENTALS_V1
BAYERCROP,False,False,False,False,False,False,True,REJECTED,FULLY_EVALUABLE,FAIL,PASS,VALID_LIVE_QUOTE,,,PIT_FUNDAMENTALS_V1
BBOX,False,False,False,False,False,False,True,REJECTED,FULLY_EVALUABLE,FAIL,FAIL,VALID_LIVE_QUOTE,,,PIT_FUNDAMENTALS_V1
BBTC,False,False,False,False,False,False,True,REJECTED,FULLY_EVALUABLE,FAIL,PASS,VALID_LIVE_QUOTE,,,PIT_FUNDAMENTALS_V1
BDL,False,False,False,False,False,False,True,REJECTED,FULLY_EVALUABLE,FAIL,FAIL,VALID_LIVE_QUOTE,,,PIT_FUNDAMENTALS_V1
BEL,False,False,False,False,False,False,True,REJECTED,FULLY_EVALUABLE,FAIL,FAIL,VALID_LIVE_QUOTE,,,PIT_FUNDAMENTALS_V1
BELRISE,False,False,False,False,False,False,True,REJECTED,FULLY_EVALUABLE,FAIL,FAIL,VALID_LIVE_QUOTE,,,PIT_FUNDAMENTALS_V1
BENGALASM,False,False,False,False,False,False,True,REJECTED,FULLY_EVALUABLE,EXCLUDED_FINANCIAL,EXCLUDED_FINANCIAL,VALID_LIVE_QUOTE,,,PIT_FUNDAMENTALS_V1
BERGEPAINT,False,False,False,False,False,False,True,REJECTED,FULLY_EVALUABLE,FAIL,FAIL,VALID_LIVE_QUOTE,,,PIT_FUNDAMENTALS_V1
BETA,False,False,False,False,False,False,True,REJECTED,FULLY_EVALUABLE,FAIL,FAIL,VALID_LIVE_QUOTE,,,PIT_FUNDAMENTALS_V1
BFUTILITIE,False,False,False,False,False,False,True,REJECTED,FULLY_EVALUABLE,FAIL,PASS,VALID_LIVE_QUOTE,,,PIT_FUNDAMENTALS_V1
BHAGYANGR,False,False,False,False,False,False,True,REJECTED,FULLY_EVALUABLE,FAIL,FAIL,VALID_LIVE_QUOTE,,,PIT_FUNDAMENTALS_V1
BHARATFORG,False,False,False,False,False,False,True,REJECTED,FULLY_EVALUABLE,FAIL,FAIL,VALID_LIVE_QUOTE,,,PIT_FUNDAMENTALS_V1
BHARATRAS,False,False,False,False,False,False,True,REJECTED,FULLY_EVALUABLE,FAIL,PASS,VALID_LIVE_QUOTE,,,PIT_FUNDAMENTALS_V1
BHARATSE,False,False,False,False,False,False,True,REJECTED,FULLY_EVALUABLE,PASS,FAIL,VALID_LIVE_QUOTE,,,PIT_FUNDAMENTALS_V1
BHARATWIRE,False,False,False,False,False,False,True,REJECTED,FULLY_EVALUABLE,FAIL,FAIL,VALID_LIVE_QUOTE,,,PIT_FUNDAMENTALS_V1
BHARTIARTL,False,False,False,False,False,False,True,REJECTED,FULLY_EVALUABLE,FAIL,PASS,VALID_LIVE_QUOTE,,,PIT_FUNDAMENTALS_V1
BHARTIHEXA,False,False,False,False,False,False,True,REJECTED,FULLY_EVALUABLE,FAIL,FAIL,VALID_LIVE_QUOTE,,,PIT_FUNDAMENTALS_V1
BIKAJI,False,False,False,False,False,False,True,BUY_ALERT,FULLY_EVALUABLE,PASS,PASS,VALID_LIVE_QUOTE,,,PIT_FUNDAMENTALS_V1
BLACKBUCK,False,False,False,False,False,False,True,REJECTED,FULLY_EVALUABLE,FAIL,FAIL,VALID_LIVE_QUOTE,,,PIT_FUNDAMENTALS_V1
BLISSGVS,False,False,False,False,False,False,True,REJECTED,FULLY_EVALUABLE,FAIL,FAIL,VALID_LIVE_QUOTE,,,PIT_FUNDAMENTALS_V1
BLS,False,False,False,False,False,False,True,BUY_ALERT,FULLY_EVALUABLE,PASS,PASS,VALID_LIVE_QUOTE,,,PIT_FUNDAMENTALS_V1
BLSE,False,False,False,False,False,False,True,REJECTED,FULLY_EVALUABLE,PASS,FAIL,VALID_LIVE_QUOTE,,,PIT_FUNDAMENTALS_V1
BLUEDART,False,False,False,False,False,False,True,REJECTED,FULLY_EVALUABLE,FAIL,PASS,VALID_LIVE_QUOTE,,,PIT_FUNDAMENTALS_V1
BLUEJET,False,False,False,False,False,False,True,REJECTED,FULLY_EVALUABLE,PASS,FAIL,VALID_LIVE_QUOTE,,,PIT_FUNDAMENTALS_V1
BLUESTARCO,False,False,False,False,False,False,True,REJECTED,FULLY_EVALUABLE,FAIL,PASS,VALID_LIVE_QUOTE,,,PIT_FUNDAMENTALS_V1
BORORENEW,False,True,False,False,False,True,False,INCOMPLETE,DATA_FAILURE,NOT_EVALUATED,PASS,VALID_LIVE_QUOTE,,QUALITY_METRIC_CALCULATION_FAILURE,PIT_FUNDAMENTALS_V1
BOROSCI,False,False,False,False,False,False,True,REJECTED,FULLY_EVALUABLE,FAIL,PASS,VALID_LIVE_QUOTE,,,PIT_FUNDAMENTALS_V1
BOSCHLTD,False,False,False,False,False,False,True,REJECTED,FULLY_EVALUABLE,FAIL,FAIL,VALID_LIVE_QUOTE,,,PIT_FUNDAMENTALS_V1
BPCL,False,False,False,False,False,False,True,REJECTED,FULLY_EVALUABLE,FAIL,PASS,VALID_LIVE_QUOTE,,,PIT_FUNDAMENTALS_V1
BRIGADE,False,False,False,False,False,False,True,REJECTED,FULLY_EVALUABLE,FAIL,PASS,VALID_LIVE_QUOTE,,,PIT_FUNDAMENTALS_V1
BRITANNIA,False,False,False,False,False,False,True,REJECTED,FULLY_EVALUABLE,FAIL,FAIL,VALID_LIVE_QUOTE,,,PIT_FUNDAMENTALS_V1
BSE,False,False,False,False,False,False,True,REJECTED,FULLY_EVALUABLE,EXCLUDED_FINANCIAL,EXCLUDED_FINANCIAL,VALID_LIVE_QUOTE,,,PIT_FUNDAMENTALS_V1
BSOFT,False,False,False,False,False,False,True,REJECTED,FULLY_EVALUABLE,FAIL,PASS,VALID_LIVE_QUOTE,,,PIT_FUNDAMENTALS_V1
BUILDPRO,False,False,False,False,False,False,True,REJECTED,FULLY_EVALUABLE,FAIL,FAIL,VALID_LIVE_QUOTE,,,PIT_FUNDAMENTALS_V1
BUTTERFLY,False,False,False,False,False,False,True,REJECTED,FULLY_EVALUABLE,FAIL,PASS,VALID_LIVE_QUOTE,,,PIT_FUNDAMENTALS_V1
CAMPUS,False,False,False,False,True,True,False,INCOMPLETE,FULLY_EVALUABLE,FAIL,FAIL,VALID_LIVE_QUOTE,,PIT_DATA_STALE: PIT_DATA_STALE: latest_annual_period=2022-03-31 is 4.5Y stale (max=2.0Y),PIT_FUNDAMENTALS_V1
CAMS,False,False,False,False,False,False,True,REJECTED,FULLY_EVALUABLE,EXCLUDED_FINANCIAL,EXCLUDED_FINANCIAL,VALID_LIVE_QUOTE,,,PIT_FUNDAMENTALS_V1
CANFINHOME,False,False,False,False,False,False,True,REJECTED,FULLY_EVALUABLE,EXCLUDED_FINANCIAL,EXCLUDED_FINANCIAL,VALID_LIVE_QUOTE,,,PIT_FUNDAMENTALS_V1
CANTABIL,False,False,False,False,False,False,True,REJECTED,FULLY_EVALUABLE,FAIL,PASS,VALID_LIVE_QUOTE,,,PIT_FUNDAMENTALS_V1
CAPACITE,False,False,False,False,False,False,True,REJECTED,FULLY_EVALUABLE,FAIL,PASS,VALID_LIVE_QUOTE,,,PIT_FUNDAMENTALS_V1
CAPITALSFB,False,False,False,False,False,False,True,REJECTED,FULLY_EVALUABLE,EXCLUDED_FINANCIAL,EXCLUDED_FINANCIAL,VALID_LIVE_QUOTE,,,PIT_FUNDAMENTALS_V1
CAPLIPOINT,False,False,False,False,False,False,True,REJECTED,FULLY_EVALUABLE,PASS,FAIL,VALID_LIVE_QUOTE,,,PIT_FUNDAMENTALS_V1
CARERATING,False,False,False,False,False,False,True,REJECTED,FULLY_EVALUABLE,PASS,FAIL,VALID_LIVE_QUOTE,,,PIT_FUNDAMENTALS_V1
CARRARO,False,False,False,False,False,False,True,REJECTED,FULLY_EVALUABLE,PASS,FAIL,VALID_LIVE_QUOTE,,,PIT_FUNDAMENTALS_V1
CARTRADE,False,False,False,False,False,False,True,REJECTED,FULLY_EVALUABLE,FAIL,FAIL,VALID_LIVE_QUOTE,,,PIT_FUNDAMENTALS_V1
CARYSIL,False,False,False,False,False,False,True,REJECTED,FULLY_EVALUABLE,PASS,FAIL,VALID_LIVE_QUOTE,,,PIT_FUNDAMENTALS_V1
CASTROLIND,False,False,False,False,False,False,True,REJECTED,FULLY_EVALUABLE,PASS,FAIL,VALID_LIVE_QUOTE,,,PIT_FUNDAMENTALS_V1
CCL,False,False,False,False,False,False,True,REJECTED,FULLY_EVALUABLE,FAIL,FAIL,VALID_LIVE_QUOTE,,,PIT_FUNDAMENTALS_V1
CDSL,False,False,False,False,False,False,True,REJECTED,FULLY_EVALUABLE,EXCLUDED_FINANCIAL,EXCLUDED_FINANCIAL,VALID_LIVE_QUOTE,,,PIT_FUNDAMENTALS_V1
CEATLTD,False,False,False,False,False,False,True,REJECTED,FULLY_EVALUABLE,FAIL,FAIL,VALID_LIVE_QUOTE,,,PIT_FUNDAMENTALS_V1
CEIGALL,False,False,False,False,False,False,True,REJECTED,FULLY_EVALUABLE,FAIL,FAIL,VALID_LIVE_QUOTE,,,PIT_FUNDAMENTALS_V1
CEINSYS,False,False,False,False,False,False,True,REJECTED,FULLY_EVALUABLE,FAIL,PASS,VALID_LIVE_QUOTE,,,PIT_FUNDAMENTALS_V1
CELLO,False,False,False,False,False,False,True,REJECTED,FULLY_EVALUABLE,FAIL,PASS,VALID_LIVE_QUOTE,,,PIT_FUNDAMENTALS_V1
CEMPRO,False,False,False,False,False,False,True,REJECTED,FULLY_EVALUABLE,PASS,FAIL,VALID_LIVE_QUOTE,,,PIT_FUNDAMENTALS_V1
CENTURYPLY,False,False,False,False,False,False,True,REJECTED,FULLY_EVALUABLE,FAIL,PASS,VALID_LIVE_QUOTE,,,PIT_FUNDAMENTALS_V1
CERA,False,False,False,False,False,False,True,REJECTED,FULLY_EVALUABLE,FAIL,FAIL,VALID_LIVE_QUOTE,,,PIT_FUNDAMENTALS_V1
CESC,False,False,False,False,False,False,True,REJECTED,FULLY_EVALUABLE,FAIL,FAIL,VALID_LIVE_QUOTE,,,PIT_FUNDAMENTALS_V1
CGCL,False,False,False,False,False,False,True,REJECTED,FULLY_EVALUABLE,EXCLUDED_FINANCIAL,EXCLUDED_FINANCIAL,VALID_LIVE_QUOTE,,,PIT_FUNDAMENTALS_V1
CGPOWER,False,False,False,False,False,False,True,REJECTED,FULLY_EVALUABLE,FAIL,FAIL,VALID_LIVE_QUOTE,,,PIT_FUNDAMENTALS_V1
CHALET,False,False,False,False,False,False,True,REJECTED,FULLY_EVALUABLE,FAIL,PASS,VALID_LIVE_QUOTE,,,PIT_FUNDAMENTALS_V1
CHAMBLFERT,False,False,False,False,False,False,True,REJECTED,FULLY_EVALUABLE,FAIL,PASS,VALID_LIVE_QUOTE,,,PIT_FUNDAMENTALS_V1
CHENNPETRO,False,False,False,False,False,False,True,REJECTED,FULLY_EVALUABLE,PASS,FAIL,VALID_LIVE_QUOTE,,,PIT_FUNDAMENTALS_V1
CHOICEIN,False,False,False,False,False,False,True,REJECTED,FULLY_EVALUABLE,EXCLUDED_FINANCIAL,EXCLUDED_FINANCIAL,VALID_LIVE_QUOTE,,,PIT_FUNDAMENTALS_V1
CHOLAFIN,False,False,False,False,False,False,True,REJECTED,FULLY_EVALUABLE,EXCLUDED_FINANCIAL,EXCLUDED_FINANCIAL,VALID_LIVE_QUOTE,,,PIT_FUNDAMENTALS_V1
CHOLAHLDNG,False,False,False,False,False,False,True,REJECTED,FULLY_EVALUABLE,EXCLUDED_FINANCIAL,EXCLUDED_FINANCIAL,VALID_LIVE_QUOTE,,,PIT_FUNDAMENTALS_V1
CIEINDIA,False,False,False,False,False,False,True,REJECTED,FULLY_EVALUABLE,FAIL,FAIL,VALID_LIVE_QUOTE,,,PIT_FUNDAMENTALS_V1
CIPLA,False,False,False,False,False,False,True,REJECTED,FULLY_EVALUABLE,FAIL,FAIL,VALID_LIVE_QUOTE,,,PIT_FUNDAMENTALS_V1
CLEAN,False,False,False,False,False,False,True,REJECTED,FULLY_EVALUABLE,FAIL,PASS,VALID_LIVE_QUOTE,,,PIT_FUNDAMENTALS_V1
CLSEL,False,False,False,False,False,False,True,REJECTED,FULLY_EVALUABLE,FAIL,FAIL,VALID_LIVE_QUOTE,,,PIT_FUNDAMENTALS_V1
CMSINFO,False,False,False,False,False,False,True,BUY_ALERT,FULLY_EVALUABLE,PASS,PASS,VALID_LIVE_QUOTE,,,PIT_FUNDAMENTALS_V1
COALINDIA,False,False,False,False,False,False,True,REJECTED,FULLY_EVALUABLE,PASS,FAIL,VALID_LIVE_QUOTE,,,PIT_FUNDAMENTALS_V1
COCHINSHIP,False,False,False,False,False,False,True,REJECTED,FULLY_EVALUABLE,FAIL,FAIL,VALID_LIVE_QUOTE,,,PIT_FUNDAMENTALS_V1
COFORGE,False,False,False,False,False,False,True,BUY_ALERT,FULLY_EVALUABLE,PASS,PASS,VALID_LIVE_QUOTE,,,PIT_FUNDAMENTALS_V1
COLPAL,False,False,False,False,False,False,True,REJECTED,FULLY_EVALUABLE,FAIL,PASS,VALID_LIVE_QUOTE,,,PIT_FUNDAMENTALS_V1
CONCOR,False,False,False,False,False,False,True,REJECTED,FULLY_EVALUABLE,FAIL,PASS,VALID_LIVE_QUOTE,,,PIT_FUNDAMENTALS_V1
CONCORDBIO,False,False,False,False,False,False,True,REJECTED,FULLY_EVALUABLE,FAIL,FAIL,VALID_LIVE_QUOTE,,,PIT_FUNDAMENTALS_V1
COROMANDEL,False,False,False,False,False,False,True,REJECTED,FULLY_EVALUABLE,FAIL,FAIL,VALID_LIVE_QUOTE,,,PIT_FUNDAMENTALS_V1
COSMOFIRST,False,False,False,False,False,False,True,REJECTED,FULLY_EVALUABLE,FAIL,FAIL,VALID_LIVE_QUOTE,,,PIT_FUNDAMENTALS_V1
CPPLUS,False,False,False,False,False,False,True,REJECTED,FULLY_EVALUABLE,FAIL,FAIL,VALID_LIVE_QUOTE,,,PIT_FUNDAMENTALS_V1
CRAFTSMAN,False,False,False,False,False,False,True,REJECTED,FULLY_EVALUABLE,FAIL,FAIL,VALID_LIVE_QUOTE,,,PIT_FUNDAMENTALS_V1
CREDITACC,False,False,False,False,False,False,True,REJECTED,FULLY_EVALUABLE,EXCLUDED_FINANCIAL,EXCLUDED_FINANCIAL,VALID_LIVE_QUOTE,,,PIT_FUNDAMENTALS_V1
CRISIL,False,False,False,False,False,False,True,REJECTED,FULLY_EVALUABLE,PASS,FAIL,VALID_LIVE_QUOTE,,,PIT_FUNDAMENTALS_V1
CSBBANK,False,False,False,False,False,False,True,REJECTED,FULLY_EVALUABLE,EXCLUDED_FINANCIAL,EXCLUDED_FINANCIAL,VALID_LIVE_QUOTE,,,PIT_FUNDAMENTALS_V1
CUB,False,False,False,False,False,False,True,REJECTED,FULLY_EVALUABLE,EXCLUDED_FINANCIAL,EXCLUDED_FINANCIAL,VALID_LIVE_QUOTE,,,PIT_FUNDAMENTALS_V1
CUMMINSIND,False,False,False,False,False,False,True,REJECTED,FULLY_EVALUABLE,FAIL,FAIL,VALID_LIVE_QUOTE,,,PIT_FUNDAMENTALS_V1
CUPID,False,False,False,False,False,False,True,REJECTED,FULLY_EVALUABLE,FAIL,FAIL,VALID_LIVE_QUOTE,,,PIT_FUNDAMENTALS_V1
DABUR,False,False,False,False,False,False,True,REJECTED,FULLY_EVALUABLE,FAIL,PASS,VALID_LIVE_QUOTE,,,PIT_FUNDAMENTALS_V1
DAMCAPITAL,False,False,False,False,False,False,True,REJECTED,FULLY_EVALUABLE,FAIL,PASS,VALID_LIVE_QUOTE,,,PIT_FUNDAMENTALS_V1
DANISH,False,False,False,False,False,False,True,REJECTED,FULLY_EVALUABLE,FAIL,FAIL,VALID_LIVE_QUOTE,,,PIT_FUNDAMENTALS_V1
DATAMATICS,False,False,False,False,False,False,True,REJECTED,FULLY_EVALUABLE,PASS,FAIL,VALID_LIVE_QUOTE,,,PIT_FUNDAMENTALS_V1
DATAPATTNS,False,False,False,False,False,False,True,REJECTED,FULLY_EVALUABLE,FAIL,FAIL,VALID_LIVE_QUOTE,,,PIT_FUNDAMENTALS_V1
DBCORP,False,False,False,False,False,False,True,REJECTED,FULLY_EVALUABLE,FAIL,PASS,VALID_LIVE_QUOTE,,,PIT_FUNDAMENTALS_V1
DBL,False,False,False,False,False,False,True,REJECTED,FULLY_EVALUABLE,FAIL,FAIL,VALID_LIVE_QUOTE,,,PIT_FUNDAMENTALS_V1
DCBBANK,False,False,False,False,False,False,True,REJECTED,FULLY_EVALUABLE,EXCLUDED_FINANCIAL,EXCLUDED_FINANCIAL,VALID_LIVE_QUOTE,,,PIT_FUNDAMENTALS_V1
DCMSHRIRAM,False,False,False,False,False,False,True,REJECTED,FULLY_EVALUABLE,FAIL,PASS,VALID_LIVE_QUOTE,,,PIT_FUNDAMENTALS_V1
DDEVPLSTIK,False,False,False,False,False,False,True,REJECTED,FULLY_EVALUABLE,FAIL,FAIL,VALID_LIVE_QUOTE,,,PIT_FUNDAMENTALS_V1
DEEDEV,False,False,False,False,False,False,True,REJECTED,FULLY_EVALUABLE,FAIL,FAIL,VALID_LIVE_QUOTE,,,PIT_FUNDAMENTALS_V1
DEEPAKFERT,False,False,False,False,False,False,True,REJECTED,FULLY_EVALUABLE,FAIL,FAIL,VALID_LIVE_QUOTE,,,PIT_FUNDAMENTALS_V1
DEEPAKNTR,False,False,False,False,False,False,True,REJECTED,FULLY_EVALUABLE,FAIL,FAIL,VALID_LIVE_QUOTE,,,PIT_FUNDAMENTALS_V1
DEEPINDS,False,False,False,False,False,False,True,REJECTED,FULLY_EVALUABLE,FAIL,FAIL,VALID_LIVE_QUOTE,,,PIT_FUNDAMENTALS_V1
DHANUKA,False,False,False,False,False,False,True,REJECTED,FULLY_EVALUABLE,FAIL,PASS,VALID_LIVE_QUOTE,,,PIT_FUNDAMENTALS_V1
DIFFNKG,False,False,False,False,False,False,True,REJECTED,FULLY_EVALUABLE,FAIL,FAIL,VALID_LIVE_QUOTE,,,PIT_FUNDAMENTALS_V1
DISAQ,False,False,False,False,False,False,True,REJECTED,FULLY_EVALUABLE,FAIL,FAIL,VALID_LIVE_QUOTE,,,PIT_FUNDAMENTALS_V1
DIVISLAB,False,False,False,False,False,False,True,REJECTED,FULLY_EVALUABLE,FAIL,FAIL,VALID_LIVE_QUOTE,,,PIT_FUNDAMENTALS_V1
DIXON,False,False,False,False,False,False,True,BUY_ALERT,FULLY_EVALUABLE,PASS,PASS,VALID_LIVE_QUOTE,,,PIT_FUNDAMENTALS_V1
DLF,False,False,False,False,False,False,True,REJECTED,FULLY_EVALUABLE,FAIL,FAIL,VALID_LIVE_QUOTE,,,PIT_FUNDAMENTALS_V1
DLINKINDIA,False,False,False,False,False,False,True,REJECTED,FULLY_EVALUABLE,FAIL,FAIL,VALID_LIVE_QUOTE,,,PIT_FUNDAMENTALS_V1
DMART,False,False,False,False,False,False,True,REJECTED,FULLY_EVALUABLE,PASS,FAIL,VALID_LIVE_QUOTE,,,PIT_FUNDAMENTALS_V1
DODLA,False,False,False,False,False,False,True,REJECTED,FULLY_EVALUABLE,PASS,FAIL,VALID_LIVE_QUOTE,,,PIT_FUNDAMENTALS_V1
DOLLAR,False,False,False,False,False,False,True,REJECTED,FULLY_EVALUABLE,FAIL,PASS,VALID_LIVE_QUOTE,,,PIT_FUNDAMENTALS_V1
DOLPHIN,False,True,False,False,False,True,False,INCOMPLETE,DATA_FAILURE,NOT_EVALUATED,FAIL,VALID_LIVE_QUOTE,,QUALITY_METRIC_CALCULATION_FAILURE,PIT_FUNDAMENTALS_V1
DOMS,False,False,False,False,False,False,True,REJECTED,FULLY_EVALUABLE,FAIL,PASS,VALID_LIVE_QUOTE,,,PIT_FUNDAMENTALS_V1
DPABHUSHAN,False,False,False,False,False,False,True,REJECTED,FULLY_EVALUABLE,FAIL,FAIL,VALID_LIVE_QUOTE,,,PIT_FUNDAMENTALS_V1
DPEL,True,False,False,False,False,False,False,STRUCTURAL_INELIGIBLE,STRUCTURAL_INELIGIBLE,NOT_EVALUATED,FAIL,VALID_LIVE_QUOTE,INSUFFICIENT_HISTORICAL_EXISTENCE,,PIT_FUNDAMENTALS_V1
DRREDDY,False,False,False,False,False,False,True,REJECTED,FULLY_EVALUABLE,PASS,FAIL,VALID_LIVE_QUOTE,,,PIT_FUNDAMENTALS_V1
DSSL,False,False,False,False,False,False,True,REJECTED,FULLY_EVALUABLE,FAIL,PASS,VALID_LIVE_QUOTE,,,PIT_FUNDAMENTALS_V1
DYCL,False,False,False,False,False,False,True,REJECTED,FULLY_EVALUABLE,PASS,FAIL,VALID_LIVE_QUOTE,,,PIT_FUNDAMENTALS_V1
EBGNG,False,False,False,False,False,False,True,REJECTED,FULLY_EVALUABLE,FAIL,FAIL,VALID_LIVE_QUOTE,,,PIT_FUNDAMENTALS_V1
ECLERX,False,False,False,False,False,False,True,REJECTED,FULLY_EVALUABLE,PASS,FAIL,VALID_LIVE_QUOTE,,,PIT_FUNDAMENTALS_V1
EDELWEISS,False,False,False,False,False,False,True,REJECTED,FULLY_EVALUABLE,FAIL,FAIL,VALID_LIVE_QUOTE,,,PIT_FUNDAMENTALS_V1
EFCIL,False,False,False,False,False,False,True,REJECTED,FULLY_EVALUABLE,FAIL,FAIL,VALID_LIVE_QUOTE,,,PIT_FUNDAMENTALS_V1
EICHERMOT,False,False,False,False,False,False,True,REJECTED,FULLY_EVALUABLE,PASS,FAIL,VALID_LIVE_QUOTE,,,PIT_FUNDAMENTALS_V1
EIEL,False,False,False,False,False,False,True,REJECTED,FULLY_EVALUABLE,FAIL,FAIL,VALID_LIVE_QUOTE,,,PIT_FUNDAMENTALS_V1
EIHAHOTELS,False,False,False,False,False,False,True,REJECTED,FULLY_EVALUABLE,FAIL,PASS,VALID_LIVE_QUOTE,,,PIT_FUNDAMENTALS_V1
EIHOTEL,False,False,False,False,False,False,True,REJECTED,FULLY_EVALUABLE,FAIL,PASS,VALID_LIVE_QUOTE,,,PIT_FUNDAMENTALS_V1
EKC,False,False,False,False,False,False,True,REJECTED,FULLY_EVALUABLE,FAIL,FAIL,VALID_LIVE_QUOTE,,,PIT_FUNDAMENTALS_V1
ELANTAS,False,False,False,False,False,False,True,REJECTED,FULLY_EVALUABLE,FAIL,FAIL,VALID_LIVE_QUOTE,,,PIT_FUNDAMENTALS_V1
ELECON,False,False,False,False,False,False,True,BUY_ALERT,FULLY_EVALUABLE,PASS,PASS,VALID_LIVE_QUOTE,,,PIT_FUNDAMENTALS_V1
ELGIEQUIP,False,False,False,False,False,False,True,REJECTED,FULLY_EVALUABLE,PASS,FAIL,VALID_LIVE_QUOTE,,,PIT_FUNDAMENTALS_V1
ELLEN,False,False,False,False,False,False,True,REJECTED,FULLY_EVALUABLE,FAIL,FAIL,VALID_LIVE_QUOTE,,,PIT_FUNDAMENTALS_V1
EMAMILTD,False,False,False,False,False,False,True,REJECTED,FULLY_EVALUABLE,FAIL,PASS,VALID_LIVE_QUOTE,,,PIT_FUNDAMENTALS_V1
EMCURE,False,False,False,False,False,False,True,REJECTED,FULLY_EVALUABLE,PASS,FAIL,VALID_LIVE_QUOTE,,,PIT_FUNDAMENTALS_V1
EMMVEE,False,False,False,False,False,False,True,REJECTED,FULLY_EVALUABLE,PASS,FAIL,VALID_LIVE_QUOTE,,,PIT_FUNDAMENTALS_V1
EMSLIMITED,False,False,False,False,False,False,True,REJECTED,FULLY_EVALUABLE,FAIL,FAIL,VALID_LIVE_QUOTE,,,PIT_FUNDAMENTALS_V1
EMUDHRA,False,False,False,False,False,False,True,BUY_ALERT,FULLY_EVALUABLE,PASS,PASS,VALID_LIVE_QUOTE,,,PIT_FUNDAMENTALS_V1
ENDURANCE,False,False,False,False,False,False,True,REJECTED,FULLY_EVALUABLE,PASS,FAIL,VALID_LIVE_QUOTE,,,PIT_FUNDAMENTALS_V1
ENGINERSIN,False,False,False,False,False,False,True,REJECTED,FULLY_EVALUABLE,FAIL,FAIL,VALID_LIVE_QUOTE,,,PIT_FUNDAMENTALS_V1
EPACKPEB,False,False,False,False,False,False,True,REJECTED,FULLY_EVALUABLE,PASS,FAIL,VALID_LIVE_QUOTE,,,PIT_FUNDAMENTALS_V1
EPIGRAL,False,False,False,False,False,False,True,REJECTED,FULLY_EVALUABLE,PASS,FAIL,VALID_LIVE_QUOTE,,,PIT_FUNDAMENTALS_V1
EPL,False,False,False,False,False,False,True,REJECTED,FULLY_EVALUABLE,FAIL,FAIL,VALID_LIVE_QUOTE,,,PIT_FUNDAMENTALS_V1
ERIS,False,False,False,False,False,False,True,REJECTED,FULLY_EVALUABLE,FAIL,PASS,VALID_LIVE_QUOTE,,,PIT_FUNDAMENTALS_V1
ESABINDIA,False,False,False,False,False,False,True,BUY_ALERT,FULLY_EVALUABLE,PASS,PASS,VALID_LIVE_QUOTE,,,PIT_FUNDAMENTALS_V1
ESCORTS,False,False,False,False,False,False,True,REJECTED,FULLY_EVALUABLE,FAIL,PASS,VALID_LIVE_QUOTE,,,PIT_FUNDAMENTALS_V1
EUROPRATIK,False,False,False,False,False,False,True,REJECTED,FULLY_EVALUABLE,FAIL,PASS,VALID_LIVE_QUOTE,,,PIT_FUNDAMENTALS_V1
EVEREADY,False,False,False,False,False,False,True,REJECTED,FULLY_EVALUABLE,FAIL,FAIL,VALID_LIVE_QUOTE,,,PIT_FUNDAMENTALS_V1
EXPLEOSOL,False,False,False,False,False,False,True,REJECTED,FULLY_EVALUABLE,PASS,FAIL,VALID_LIVE_QUOTE,,,PIT_FUNDAMENTALS_V1
FDC,False,False,False,False,False,False,True,REJECTED,FULLY_EVALUABLE,FAIL,PASS,VALID_LIVE_QUOTE,,,PIT_FUNDAMENTALS_V1
FEDERALBNK,False,False,False,False,False,False,True,REJECTED,FULLY_EVALUABLE,EXCLUDED_FINANCIAL,EXCLUDED_FINANCIAL,VALID_LIVE_QUOTE,,,PIT_FUNDAMENTALS_V1
FEDFINA,False,False,False,False,False,False,True,REJECTED,FULLY_EVALUABLE,EXCLUDED_FINANCIAL,EXCLUDED_FINANCIAL,VALID_LIVE_QUOTE,,,PIT_FUNDAMENTALS_V1
FIEMIND,False,False,False,False,False,False,True,REJECTED,FULLY_EVALUABLE,PASS,FAIL,VALID_LIVE_QUOTE,,,PIT_FUNDAMENTALS_V1
FINCABLES,False,False,False,False,False,False,True,REJECTED,FULLY_EVALUABLE,FAIL,FAIL,VALID_LIVE_QUOTE,,,PIT_FUNDAMENTALS_V1
FINEORG,False,False,False,False,False,False,True,REJECTED,FULLY_EVALUABLE,PASS,FAIL,VALID_LIVE_QUOTE,,,PIT_FUNDAMENTALS_V1
FINPIPE,False,False,False,False,False,False,True,REJECTED,FULLY_EVALUABLE,FAIL,PASS,VALID_LIVE_QUOTE,,,PIT_FUNDAMENTALS_V1
FIVESTAR,False,False,False,False,False,False,True,REJECTED,FULLY_EVALUABLE,EXCLUDED_FINANCIAL,EXCLUDED_FINANCIAL,VALID_LIVE_QUOTE,,,PIT_FUNDAMENTALS_V1
FLAIR,False,False,False,False,False,False,True,REJECTED,FULLY_EVALUABLE,FAIL,PASS,VALID_LIVE_QUOTE,,,PIT_FUNDAMENTALS_V1
FMGOETZE,False,False,False,False,False,False,True,REJECTED,FULLY_EVALUABLE,PASS,FAIL,VALID_LIVE_QUOTE,,,PIT_FUNDAMENTALS_V1
FORCEMOT,False,False,False,False,False,False,True,REJECTED,FULLY_EVALUABLE,FAIL,FAIL,VALID_LIVE_QUOTE,,,PIT_FUNDAMENTALS_V1
FORTIS,False,False,False,False,False,False,True,REJECTED,FULLY_EVALUABLE,FAIL,FAIL,VALID_LIVE_QUOTE,,,PIT_FUNDAMENTALS_V1
FOSECOIND,False,False,False,False,False,False,True,REJECTED,FULLY_EVALUABLE,FAIL,FAIL,VALID_LIVE_QUOTE,,,PIT_FUNDAMENTALS_V1
FRONTSP,False,False,True,False,False,True,False,INCOMPLETE,DATA_FAILURE,FAIL,NOT_EVALUATED,VALID_LIVE_QUOTE,,VALUATION_DATA_GAP: CURRENT_EV_EBITDA_MISSING_AND_3Y_MEDIAN_MISSING,PIT_FUNDAMENTALS_V1
FSL,False,False,False,False,False,False,True,REJECTED,FULLY_EVALUABLE,FAIL,PASS,VALID_LIVE_QUOTE,,,PIT_FUNDAMENTALS_V1
GABRIEL,False,True,False,False,False,True,False,INCOMPLETE,DATA_FAILURE,NOT_EVALUATED,FAIL,VALID_LIVE_QUOTE,,QUALITY_METRIC_CALCULATION_FAILURE,PIT_FUNDAMENTALS_V1
GAEL,False,False,False,False,False,False,True,REJECTED,FULLY_EVALUABLE,FAIL,FAIL,VALID_LIVE_QUOTE,,,PIT_FUNDAMENTALS_V1
GAIL,False,False,False,False,False,False,True,REJECTED,FULLY_EVALUABLE,FAIL,FAIL,VALID_LIVE_QUOTE,,,PIT_FUNDAMENTALS_V1
GALAPREC,False,False,False,False,False,False,True,REJECTED,FULLY_EVALUABLE,FAIL,FAIL,VALID_LIVE_QUOTE,,,PIT_FUNDAMENTALS_V1
GALAXYSURF,False,False,False,False,False,False,True,REJECTED,FULLY_EVALUABLE,FAIL,FAIL,VALID_LIVE_QUOTE,,,PIT_FUNDAMENTALS_V1
GALLANTT,False,False,False,False,False,False,True,REJECTED,FULLY_EVALUABLE,PASS,FAIL,VALID_LIVE_QUOTE,,,PIT_FUNDAMENTALS_V1
GANDHAR,False,False,False,False,False,False,True,REJECTED,FULLY_EVALUABLE,FAIL,FAIL,VALID_LIVE_QUOTE,,,PIT_FUNDAMENTALS_V1
GANDHITUBE,False,False,False,False,False,False,True,REJECTED,FULLY_EVALUABLE,FAIL,FAIL,VALID_LIVE_QUOTE,,,PIT_FUNDAMENTALS_V1
GANESHHOU,False,False,False,False,False,False,True,REJECTED,FULLY_EVALUABLE,FAIL,FAIL,VALID_LIVE_QUOTE,,,PIT_FUNDAMENTALS_V1
GARFIBRES,False,False,False,False,False,False,True,REJECTED,FULLY_EVALUABLE,FAIL,FAIL,VALID_LIVE_QUOTE,,,PIT_FUNDAMENTALS_V1
GARUDA,False,False,False,False,False,False,True,REJECTED,FULLY_EVALUABLE,FAIL,PASS,VALID_LIVE_QUOTE,,,PIT_FUNDAMENTALS_V1
GCSL,False,False,False,False,False,False,True,REJECTED,FULLY_EVALUABLE,FAIL,PASS,VALID_LIVE_QUOTE,,,PIT_FUNDAMENTALS_V1
GENUSPOWER,False,False,False,False,False,False,True,REJECTED,FULLY_EVALUABLE,FAIL,PASS,VALID_LIVE_QUOTE,,,PIT_FUNDAMENTALS_V1
GESHIP,False,False,False,False,False,False,True,REJECTED,FULLY_EVALUABLE,PASS,FAIL,VALID_LIVE_QUOTE,,,PIT_FUNDAMENTALS_V1
GHCL,False,False,False,False,False,False,True,REJECTED,FULLY_EVALUABLE,FAIL,FAIL,VALID_LIVE_QUOTE,,,PIT_FUNDAMENTALS_V1
GICRE,False,False,False,False,False,False,True,REJECTED,FULLY_EVALUABLE,EXCLUDED_FINANCIAL,EXCLUDED_FINANCIAL,VALID_LIVE_QUOTE,,,PIT_FUNDAMENTALS_V1
GILLETTE,False,False,False,False,False,False,True,REJECTED,FULLY_EVALUABLE,FAIL,PASS,VALID_LIVE_QUOTE,,,PIT_FUNDAMENTALS_V1
GIPCL,False,False,False,False,False,False,True,REJECTED,FULLY_EVALUABLE,FAIL,FAIL,VALID_LIVE_QUOTE,,,PIT_FUNDAMENTALS_V1
GKENERGY,False,False,False,False,False,False,True,REJECTED,FULLY_EVALUABLE,FAIL,PASS,VALID_LIVE_QUOTE,,,PIT_FUNDAMENTALS_V1
GKSL,False,False,False,False,False,False,True,REJECTED,FULLY_EVALUABLE,FAIL,FAIL,VALID_LIVE_QUOTE,,,PIT_FUNDAMENTALS_V1
GLAND,False,False,False,False,False,False,True,REJECTED,FULLY_EVALUABLE,FAIL,FAIL,VALID_LIVE_QUOTE,,,PIT_FUNDAMENTALS_V1
GLAXO,False,False,False,False,False,False,True,REJECTED,FULLY_EVALUABLE,FAIL,FAIL,VALID_LIVE_QUOTE,,,PIT_FUNDAMENTALS_V1
GLENMARK,False,False,False,False,False,False,True,REJECTED,FULLY_EVALUABLE,FAIL,FAIL,VALID_LIVE_QUOTE,,,PIT_FUNDAMENTALS_V1
GLOBUSSPR,False,True,False,False,False,True,False,INCOMPLETE,DATA_FAILURE,NOT_EVALUATED,PASS,VALID_LIVE_QUOTE,,QUALITY_METRIC_CALCULATION_FAILURE,PIT_FUNDAMENTALS_V1
GMBREW,False,False,False,False,False,False,True,REJECTED,FULLY_EVALUABLE,FAIL,FAIL,VALID_LIVE_QUOTE,,,PIT_FUNDAMENTALS_V1
GMDCLTD,False,False,False,False,False,False,True,REJECTED,FULLY_EVALUABLE,FAIL,FAIL,VALID_LIVE_QUOTE,,,PIT_FUNDAMENTALS_V1
GMRP&UI,False,False,False,False,False,False,True,REJECTED,FULLY_EVALUABLE,FAIL,FAIL,VALID_LIVE_QUOTE,,,PIT_FUNDAMENTALS_V1
GNA,False,False,False,False,False,False,True,REJECTED,FULLY_EVALUABLE,PASS,FAIL,VALID_LIVE_QUOTE,,,PIT_FUNDAMENTALS_V1
GNFC,False,False,False,False,False,False,True,REJECTED,FULLY_EVALUABLE,FAIL,FAIL,VALID_LIVE_QUOTE,,,PIT_FUNDAMENTALS_V1
GOCLCORP,False,False,True,False,False,True,False,INCOMPLETE,DATA_FAILURE,FAIL,NOT_EVALUATED,VALID_LIVE_QUOTE,,VALUATION_DATA_GAP: EV_EBITDA_3Y_MEDIAN_MISSING,PIT_FUNDAMENTALS_V1
GOCOLORS,False,False,False,False,False,False,True,REJECTED,FULLY_EVALUABLE,FAIL,PASS,VALID_LIVE_QUOTE,,,PIT_FUNDAMENTALS_V1
GODFRYPHLP,False,False,False,False,False,False,True,REJECTED,FULLY_EVALUABLE,FAIL,PASS,VALID_LIVE_QUOTE,,,PIT_FUNDAMENTALS_V1
GODIGIT,False,False,False,False,False,False,True,REJECTED,FULLY_EVALUABLE,EXCLUDED_FINANCIAL,EXCLUDED_FINANCIAL,VALID_LIVE_QUOTE,,,PIT_FUNDAMENTALS_V1
GODREJAGRO,False,False,False,False,False,False,True,REJECTED,FULLY_EVALUABLE,FAIL,FAIL,VALID_LIVE_QUOTE,,,PIT_FUNDAMENTALS_V1
GODREJCP,False,False,False,False,False,False,True,REJECTED,FULLY_EVALUABLE,FAIL,PASS,VALID_LIVE_QUOTE,,,PIT_FUNDAMENTALS_V1
GODREJIND,False,False,False,False,False,False,True,REJECTED,FULLY_EVALUABLE,FAIL,PASS,VALID_LIVE_QUOTE,,,PIT_FUNDAMENTALS_V1
GODREJPROP,False,False,False,False,False,False,True,REJECTED,FULLY_EVALUABLE,FAIL,PASS,VALID_LIVE_QUOTE,,,PIT_FUNDAMENTALS_V1
GOKULAGRO,False,False,False,False,False,False,True,REJECTED,FULLY_EVALUABLE,PASS,FAIL,VALID_LIVE_QUOTE,,,PIT_FUNDAMENTALS_V1
GOODLUCK,False,False,False,False,False,False,True,REJECTED,FULLY_EVALUABLE,FAIL,PASS,VALID_LIVE_QUOTE,,,PIT_FUNDAMENTALS_V1
GOODYEAR,False,False,False,False,False,False,True,REJECTED,FULLY_EVALUABLE,FAIL,FAIL,VALID_LIVE_QUOTE,,,PIT_FUNDAMENTALS_V1
GOPAL,False,False,False,False,False,False,True,REJECTED,FULLY_EVALUABLE,FAIL,FAIL,VALID_LIVE_QUOTE,,,PIT_FUNDAMENTALS_V1
GPIL,False,False,False,False,False,False,True,REJECTED,FULLY_EVALUABLE,FAIL,FAIL,VALID_LIVE_QUOTE,,,PIT_FUNDAMENTALS_V1
GPPL,False,False,False,False,False,False,True,REJECTED,FULLY_EVALUABLE,FAIL,FAIL,VALID_LIVE_QUOTE,,,PIT_FUNDAMENTALS_V1
GPTHEALTH,False,False,False,False,False,False,True,REJECTED,FULLY_EVALUABLE,PASS,FAIL,VALID_LIVE_QUOTE,,,PIT_FUNDAMENTALS_V1
GPTINFRA,False,False,False,False,False,False,True,REJECTED,FULLY_EVALUABLE,PASS,FAIL,VALID_LIVE_QUOTE,,,PIT_FUNDAMENTALS_V1
GRANULES,False,False,False,False,False,False,True,REJECTED,FULLY_EVALUABLE,FAIL,FAIL,VALID_LIVE_QUOTE,,,PIT_FUNDAMENTALS_V1
GRAVITA,False,False,False,False,False,False,True,REJECTED,FULLY_EVALUABLE,FAIL,PASS,VALID_LIVE_QUOTE,,,PIT_FUNDAMENTALS_V1
GREENPLY,False,False,False,False,False,False,True,REJECTED,FULLY_EVALUABLE,FAIL,FAIL,VALID_LIVE_QUOTE,,,PIT_FUNDAMENTALS_V1
GRINDWELL,False,False,False,False,False,False,True,REJECTED,FULLY_EVALUABLE,PASS,FAIL,VALID_LIVE_QUOTE,,,PIT_FUNDAMENTALS_V1
GRINFRA,False,False,False,False,False,False,True,REJECTED,FULLY_EVALUABLE,FAIL,FAIL,VALID_LIVE_QUOTE,,,PIT_FUNDAMENTALS_V1
GROWW,False,False,False,False,False,False,True,REJECTED,FULLY_EVALUABLE,FAIL,FAIL,VALID_LIVE_QUOTE,,,PIT_FUNDAMENTALS_V1
GRSE,False,False,False,False,False,False,True,REJECTED,FULLY_EVALUABLE,FAIL,PASS,VALID_LIVE_QUOTE,,,PIT_FUNDAMENTALS_V1
GRWRHITECH,False,False,False,False,False,False,True,REJECTED,FULLY_EVALUABLE,PASS,FAIL,VALID_LIVE_QUOTE,,,PIT_FUNDAMENTALS_V1
GUFICBIO,False,False,False,False,False,False,True,REJECTED,FULLY_EVALUABLE,FAIL,FAIL,VALID_LIVE_QUOTE,,,PIT_FUNDAMENTALS_V1
GUJGASLTD,False,False,False,True,False,True,False,INCOMPLETE,DATA_FAILURE,FAIL,FAIL,PROVIDER_FAILED,,PRICE_PROVIDER_FAILURE,PIT_FUNDAMENTALS_V1
GUJTHEM,False,False,False,False,False,False,True,REJECTED,FULLY_EVALUABLE,FAIL,FAIL,VALID_LIVE_QUOTE,,,PIT_FUNDAMENTALS_V1
GULFOILLUB,False,False,False,False,False,False,True,BUY_ALERT,FULLY_EVALUABLE,PASS,PASS,VALID_LIVE_QUOTE,,,PIT_FUNDAMENTALS_V1
GULPOLY,False,False,False,False,False,False,True,REJECTED,FULLY_EVALUABLE,FAIL,FAIL,VALID_LIVE_QUOTE,,,PIT_FUNDAMENTALS_V1
GVPIL,False,False,False,False,False,False,True,REJECTED,FULLY_EVALUABLE,FAIL,PASS,VALID_LIVE_QUOTE,,,PIT_FUNDAMENTALS_V1
GVT&D,False,False,False,False,False,False,True,REJECTED,FULLY_EVALUABLE,PASS,FAIL,VALID_LIVE_QUOTE,,,PIT_FUNDAMENTALS_V1
HAL,False,False,False,False,False,False,True,REJECTED,FULLY_EVALUABLE,FAIL,FAIL,VALID_LIVE_QUOTE,,,PIT_FUNDAMENTALS_V1
HAPPSTMNDS,False,False,False,False,False,False,True,REJECTED,FULLY_EVALUABLE,FAIL,FAIL,VALID_LIVE_QUOTE,,,PIT_FUNDAMENTALS_V1
HAPPYFORGE,False,False,False,False,False,False,True,REJECTED,FULLY_EVALUABLE,PASS,FAIL,VALID_LIVE_QUOTE,,,PIT_FUNDAMENTALS_V1
HARIOMPIPE,True,False,False,False,False,False,False,STRUCTURAL_INELIGIBLE,STRUCTURAL_INELIGIBLE,NOT_EVALUATED,PASS,VALID_LIVE_QUOTE,INSUFFICIENT_HISTORICAL_EXISTENCE,,PIT_FUNDAMENTALS_V1
HARSHA,False,False,False,False,False,False,True,REJECTED,FULLY_EVALUABLE,FAIL,FAIL,VALID_LIVE_QUOTE,,,PIT_FUNDAMENTALS_V1
HATSUN,False,True,False,False,False,True,False,INCOMPLETE,DATA_FAILURE,NOT_EVALUATED,FAIL,VALID_LIVE_QUOTE,,QUALITY_METRIC_CALCULATION_FAILURE,PIT_FUNDAMENTALS_V1
HAVELLS,False,False,False,False,False,False,True,BUY_ALERT,FULLY_EVALUABLE,PASS,PASS,VALID_LIVE_QUOTE,,,PIT_FUNDAMENTALS_V1
HAWKINCOOK,False,False,False,False,False,False,True,REJECTED,FULLY_EVALUABLE,FAIL,FAIL,VALID_LIVE_QUOTE,,,PIT_FUNDAMENTALS_V1
HBLENGINE,False,False,False,False,False,False,True,BUY_ALERT,FULLY_EVALUABLE,PASS,PASS,VALID_LIVE_QUOTE,,,PIT_FUNDAMENTALS_V1
HCLTECH,False,False,False,False,False,False,True,REJECTED,FULLY_EVALUABLE,FAIL,FAIL,VALID_LIVE_QUOTE,,,PIT_FUNDAMENTALS_V1
HDBFS,False,False,False,False,False,False,True,REJECTED,FULLY_EVALUABLE,EXCLUDED_FINANCIAL,EXCLUDED_FINANCIAL,VALID_LIVE_QUOTE,,,PIT_FUNDAMENTALS_V1
HDFCAMC,False,False,False,False,False,False,True,REJECTED,FULLY_EVALUABLE,EXCLUDED_FINANCIAL,EXCLUDED_FINANCIAL,VALID_LIVE_QUOTE,,,PIT_FUNDAMENTALS_V1
HDFCBANK,False,False,False,False,False,False,True,REJECTED,FULLY_EVALUABLE,EXCLUDED_FINANCIAL,EXCLUDED_FINANCIAL,VALID_LIVE_QUOTE,,,PIT_FUNDAMENTALS_V1
HDFCLIFE,False,False,False,False,False,False,True,REJECTED,FULLY_EVALUABLE,EXCLUDED_FINANCIAL,EXCLUDED_FINANCIAL,VALID_LIVE_QUOTE,,,PIT_FUNDAMENTALS_V1
HEIDELBERG,False,False,False,False,False,False,True,REJECTED,FULLY_EVALUABLE,FAIL,PASS,VALID_LIVE_QUOTE,,,PIT_FUNDAMENTALS_V1
HERITGFOOD,False,False,False,False,False,False,True,REJECTED,FULLY_EVALUABLE,FAIL,FAIL,VALID_LIVE_QUOTE,,,PIT_FUNDAMENTALS_V1
HEROMOTOCO,False,False,False,False,False,False,True,REJECTED,FULLY_EVALUABLE,FAIL,FAIL,VALID_LIVE_QUOTE,,,PIT_FUNDAMENTALS_V1
HESTERBIO,False,False,False,False,False,False,True,REJECTED,FULLY_EVALUABLE,FAIL,FAIL,VALID_LIVE_QUOTE,,,PIT_FUNDAMENTALS_V1
HEXT,False,False,False,False,False,False,True,BUY_ALERT,FULLY_EVALUABLE,PASS,PASS,VALID_LIVE_QUOTE,,,PIT_FUNDAMENTALS_V1
HGINFRA,False,False,False,False,False,False,True,REJECTED,FULLY_EVALUABLE,FAIL,FAIL,VALID_LIVE_QUOTE,,,PIT_FUNDAMENTALS_V1
HINDALCO,False,False,False,False,False,False,True,REJECTED,FULLY_EVALUABLE,FAIL,FAIL,VALID_LIVE_QUOTE,,,PIT_FUNDAMENTALS_V1
HINDCOPPER,False,False,False,False,False,False,True,REJECTED,FULLY_EVALUABLE,PASS,FAIL,VALID_LIVE_QUOTE,,,PIT_FUNDAMENTALS_V1
HINDPETRO,False,False,False,False,False,False,True,REJECTED,FULLY_EVALUABLE,FAIL,PASS,VALID_LIVE_QUOTE,,,PIT_FUNDAMENTALS_V1
HINDUNILVR,False,False,False,False,False,False,True,REJECTED,FULLY_EVALUABLE,FAIL,FAIL,VALID_LIVE_QUOTE,,,PIT_FUNDAMENTALS_V1
HINDZINC,False,False,False,False,False,False,True,REJECTED,FULLY_EVALUABLE,PASS,FAIL,VALID_LIVE_QUOTE,,,PIT_FUNDAMENTALS_V1
HIRECT,False,False,False,False,False,False,True,REJECTED,FULLY_EVALUABLE,FAIL,FAIL,VALID_LIVE_QUOTE,,,PIT_FUNDAMENTALS_V1
HLEGLAS,False,False,False,False,False,False,True,REJECTED,FULLY_EVALUABLE,FAIL,FAIL,VALID_LIVE_QUOTE,,,PIT_FUNDAMENTALS_V1
HNDFDS,False,False,False,False,False,False,True,REJECTED,FULLY_EVALUABLE,FAIL,FAIL,VALID_LIVE_QUOTE,,,PIT_FUNDAMENTALS_V1
HONASA,False,False,False,False,False,False,True,REJECTED,FULLY_EVALUABLE,FAIL,FAIL,VALID_LIVE_QUOTE,,,PIT_FUNDAMENTALS_V1
HONAUT,False,False,False,False,False,False,True,REJECTED,FULLY_EVALUABLE,FAIL,FAIL,VALID_LIVE_QUOTE,,,PIT_FUNDAMENTALS_V1
HPL,False,False,False,False,False,False,True,REJECTED,FULLY_EVALUABLE,FAIL,PASS,VALID_LIVE_QUOTE,,,PIT_FUNDAMENTALS_V1
HSCL,False,False,False,False,False,False,True,REJECTED,FULLY_EVALUABLE,PASS,FAIL,VALID_LIVE_QUOTE,,,PIT_FUNDAMENTALS_V1
HUDCO,False,False,False,False,False,False,True,REJECTED,FULLY_EVALUABLE,EXCLUDED_FINANCIAL,EXCLUDED_FINANCIAL,VALID_LIVE_QUOTE,,,PIT_FUNDAMENTALS_V1
HUHTAMAKI,False,False,False,False,False,False,True,REJECTED,FULLY_EVALUABLE,FAIL,FAIL,VALID_LIVE_QUOTE,,,PIT_FUNDAMENTALS_V1
HYUNDAI,False,False,False,False,False,False,True,REJECTED,FULLY_EVALUABLE,PASS,FAIL,VALID_LIVE_QUOTE,,,PIT_FUNDAMENTALS_V1
ICEMAKE,False,False,False,False,False,False,True,REJECTED,FULLY_EVALUABLE,FAIL,FAIL,VALID_LIVE_QUOTE,,,PIT_FUNDAMENTALS_V1
ICICIBANK,False,False,False,False,False,False,True,REJECTED,FULLY_EVALUABLE,EXCLUDED_FINANCIAL,EXCLUDED_FINANCIAL,VALID_LIVE_QUOTE,,,PIT_FUNDAMENTALS_V1
ICICIGI,False,False,False,False,False,False,True,REJECTED,FULLY_EVALUABLE,EXCLUDED_FINANCIAL,EXCLUDED_FINANCIAL,VALID_LIVE_QUOTE,,,PIT_FUNDAMENTALS_V1
ICICIPRULI,False,False,False,False,False,False,True,REJECTED,FULLY_EVALUABLE,EXCLUDED_FINANCIAL,EXCLUDED_FINANCIAL,VALID_LIVE_QUOTE,,,PIT_FUNDAMENTALS_V1
ICRA,False,False,False,False,False,False,True,BUY_ALERT,FULLY_EVALUABLE,PASS,PASS,VALID_LIVE_QUOTE,,,PIT_FUNDAMENTALS_V1
IEX,False,False,False,False,False,False,True,BUY_ALERT,FULLY_EVALUABLE,PASS,PASS,VALID_LIVE_QUOTE,,,PIT_FUNDAMENTALS_V1
IFBIND,False,False,False,False,False,False,True,REJECTED,FULLY_EVALUABLE,FAIL,PASS,VALID_LIVE_QUOTE,,,PIT_FUNDAMENTALS_V1
IGL,False,False,False,False,False,False,True,REJECTED,FULLY_EVALUABLE,FAIL,FAIL,VALID_LIVE_QUOTE,,,PIT_FUNDAMENTALS_V1
IIFLCAPS,False,False,False,False,False,False,True,REJECTED,FULLY_EVALUABLE,EXCLUDED_FINANCIAL,EXCLUDED_FINANCIAL,VALID_LIVE_QUOTE,,,PIT_FUNDAMENTALS_V1
IKS,False,False,False,False,False,False,True,REJECTED,FULLY_EVALUABLE,PASS,FAIL,VALID_LIVE_QUOTE,,,PIT_FUNDAMENTALS_V1
IMFA,False,False,False,False,False,False,True,REJECTED,FULLY_EVALUABLE,FAIL,FAIL,VALID_LIVE_QUOTE,,,PIT_FUNDAMENTALS_V1
INDGN,False,False,False,False,False,False,True,REJECTED,FULLY_EVALUABLE,PASS,FAIL,VALID_LIVE_QUOTE,,,PIT_FUNDAMENTALS_V1
INDHOTEL,False,False,False,False,False,False,True,REJECTED,FULLY_EVALUABLE,FAIL,FAIL,VALID_LIVE_QUOTE,,,PIT_FUNDAMENTALS_V1
INDIAMART,False,False,False,False,False,False,True,BUY_ALERT,FULLY_EVALUABLE,PASS,PASS,VALID_LIVE_QUOTE,,,PIT_FUNDAMENTALS_V1
INDIANB,False,False,False,False,False,False,True,REJECTED,FULLY_EVALUABLE,EXCLUDED_FINANCIAL,EXCLUDED_FINANCIAL,VALID_LIVE_QUOTE,,,PIT_FUNDAMENTALS_V1
INDIANHUME,False,False,False,False,False,False,True,REJECTED,FULLY_EVALUABLE,FAIL,FAIL,VALID_LIVE_QUOTE,,,PIT_FUNDAMENTALS_V1
INDIASHLTR,False,False,False,False,False,False,True,REJECTED,FULLY_EVALUABLE,EXCLUDED_FINANCIAL,EXCLUDED_FINANCIAL,VALID_LIVE_QUOTE,,,PIT_FUNDAMENTALS_V1
INDNIPPON,False,False,False,False,False,False,True,REJECTED,FULLY_EVALUABLE,FAIL,FAIL,VALID_LIVE_QUOTE,,,PIT_FUNDAMENTALS_V1
INDOBORAX,False,False,False,False,False,False,True,REJECTED,FULLY_EVALUABLE,FAIL,FAIL,VALID_LIVE_QUOTE,,,PIT_FUNDAMENTALS_V1
INDOTECH,False,False,False,False,False,False,True,REJECTED,FULLY_EVALUABLE,FAIL,FAIL,VALID_LIVE_QUOTE,,,PIT_FUNDAMENTALS_V1
INDOTHAI,False,False,False,False,False,False,True,REJECTED,FULLY_EVALUABLE,FAIL,PASS,VALID_LIVE_QUOTE,,,PIT_FUNDAMENTALS_V1
INDRAMEDCO,False,False,False,False,False,False,True,REJECTED,FULLY_EVALUABLE,PASS,FAIL,VALID_LIVE_QUOTE,,,PIT_FUNDAMENTALS_V1
INDUSTOWER,False,False,False,False,False,False,True,REJECTED,FULLY_EVALUABLE,FAIL,FAIL,VALID_LIVE_QUOTE,,,PIT_FUNDAMENTALS_V1
INFOBEAN,False,False,False,False,False,False,True,REJECTED,FULLY_EVALUABLE,PASS,FAIL,VALID_LIVE_QUOTE,,,PIT_FUNDAMENTALS_V1
INFY,False,False,False,False,False,False,True,REJECTED,FULLY_EVALUABLE,FAIL,PASS,VALID_LIVE_QUOTE,,,PIT_FUNDAMENTALS_V1
INGERRAND,False,False,False,False,False,False,True,REJECTED,FULLY_EVALUABLE,PASS,FAIL,VALID_LIVE_QUOTE,,,PIT_FUNDAMENTALS_V1
INNOVACAP,False,False,False,False,False,False,True,REJECTED,FULLY_EVALUABLE,PASS,FAIL,VALID_LIVE_QUOTE,,,PIT_FUNDAMENTALS_V1
INOXINDIA,False,False,False,False,False,False,True,REJECTED,FULLY_EVALUABLE,FAIL,FAIL,VALID_LIVE_QUOTE,,,PIT_FUNDAMENTALS_V1
INSECTICID,False,False,False,False,False,False,True,REJECTED,FULLY_EVALUABLE,FAIL,PASS,VALID_LIVE_QUOTE,,,PIT_FUNDAMENTALS_V1
INTELLECT,False,False,False,False,False,False,True,REJECTED,FULLY_EVALUABLE,FAIL,PASS,VALID_LIVE_QUOTE,,,PIT_FUNDAMENTALS_V1
INTERARCH,False,False,False,False,False,False,True,REJECTED,FULLY_EVALUABLE,FAIL,FAIL,VALID_LIVE_QUOTE,,,PIT_FUNDAMENTALS_V1
IOC,False,False,False,False,False,False,True,REJECTED,FULLY_EVALUABLE,FAIL,PASS,VALID_LIVE_QUOTE,,,PIT_FUNDAMENTALS_V1
IONEXCHANG,False,False,False,False,False,False,True,REJECTED,FULLY_EVALUABLE,FAIL,FAIL,VALID_LIVE_QUOTE,,,PIT_FUNDAMENTALS_V1
IPCALAB,False,False,False,False,False,False,True,REJECTED,FULLY_EVALUABLE,FAIL,FAIL,VALID_LIVE_QUOTE,,,PIT_FUNDAMENTALS_V1
IPL,False,False,False,False,False,False,True,REJECTED,FULLY_EVALUABLE,FAIL,PASS,VALID_LIVE_QUOTE,,,PIT_FUNDAMENTALS_V1
IRCON,False,False,False,False,False,False,True,REJECTED,FULLY_EVALUABLE,FAIL,PASS,VALID_LIVE_QUOTE,,,PIT_FUNDAMENTALS_V1
IRCTC,False,False,False,False,False,False,True,REJECTED,FULLY_EVALUABLE,FAIL,PASS,VALID_LIVE_QUOTE,,,PIT_FUNDAMENTALS_V1
IREDA,False,False,False,False,False,False,True,REJECTED,FULLY_EVALUABLE,EXCLUDED_FINANCIAL,EXCLUDED_FINANCIAL,VALID_LIVE_QUOTE,,,PIT_FUNDAMENTALS_V1
ITC,False,False,False,False,False,False,True,REJECTED,FULLY_EVALUABLE,FAIL,PASS,VALID_LIVE_QUOTE,,,PIT_FUNDAMENTALS_V1
ITDC,False,False,False,False,False,False,True,REJECTED,FULLY_EVALUABLE,FAIL,FAIL,VALID_LIVE_QUOTE,,,PIT_FUNDAMENTALS_V1
ITI,False,False,False,False,False,False,True,REJECTED,FULLY_EVALUABLE,FAIL,FAIL,VALID_LIVE_QUOTE,,,PIT_FUNDAMENTALS_V1
IVALUE,False,False,False,False,False,False,True,REJECTED,FULLY_EVALUABLE,FAIL,FAIL,VALID_LIVE_QUOTE,,,PIT_FUNDAMENTALS_V1
IZMO,False,False,False,False,False,False,True,REJECTED,FULLY_EVALUABLE,FAIL,FAIL,VALID_LIVE_QUOTE,,,PIT_FUNDAMENTALS_V1
J&KBANK,False,False,False,False,False,False,True,REJECTED,FULLY_EVALUABLE,EXCLUDED_FINANCIAL,EXCLUDED_FINANCIAL,VALID_LIVE_QUOTE,,,PIT_FUNDAMENTALS_V1
JAGSNPHARM,False,False,False,False,False,False,True,REJECTED,FULLY_EVALUABLE,FAIL,FAIL,VALID_LIVE_QUOTE,,,PIT_FUNDAMENTALS_V1
JAICORPLTD,False,False,False,False,False,False,True,REJECTED,FULLY_EVALUABLE,FAIL,FAIL,VALID_LIVE_QUOTE,,,PIT_FUNDAMENTALS_V1
JAINREC,False,False,False,False,False,False,True,REJECTED,FULLY_EVALUABLE,FAIL,PASS,VALID_LIVE_QUOTE,,,PIT_FUNDAMENTALS_V1
JAMNAAUTO,False,False,False,False,False,False,True,REJECTED,FULLY_EVALUABLE,PASS,FAIL,VALID_LIVE_QUOTE,,,PIT_FUNDAMENTALS_V1
JARO,False,False,False,False,False,False,True,REJECTED,FULLY_EVALUABLE,FAIL,FAIL,VALID_LIVE_QUOTE,,,PIT_FUNDAMENTALS_V1
JAYBARMARU,False,False,False,False,False,False,True,REJECTED,FULLY_EVALUABLE,FAIL,FAIL,VALID_LIVE_QUOTE,,,PIT_FUNDAMENTALS_V1
JAYKAY,False,False,False,False,False,False,True,REJECTED,FULLY_EVALUABLE,FAIL,PASS,VALID_LIVE_QUOTE,,,PIT_FUNDAMENTALS_V1
JBMA,False,False,False,False,False,False,True,REJECTED,FULLY_EVALUABLE,FAIL,FAIL,VALID_LIVE_QUOTE,,,PIT_FUNDAMENTALS_V1
JGCHEM,False,False,False,False,False,False,True,REJECTED,FULLY_EVALUABLE,FAIL,FAIL,VALID_LIVE_QUOTE,,,PIT_FUNDAMENTALS_V1
JINDALSAW,False,False,False,False,False,False,True,REJECTED,FULLY_EVALUABLE,FAIL,FAIL,VALID_LIVE_QUOTE,,,PIT_FUNDAMENTALS_V1
JINDRILL,False,False,False,False,False,False,True,REJECTED,FULLY_EVALUABLE,FAIL,PASS,VALID_LIVE_QUOTE,,,PIT_FUNDAMENTALS_V1
JKCEMENT,False,False,False,False,False,False,True,REJECTED,FULLY_EVALUABLE,FAIL,FAIL,VALID_LIVE_QUOTE,,,PIT_FUNDAMENTALS_V1
JKIL,False,False,False,False,False,False,True,BUY_ALERT,FULLY_EVALUABLE,PASS,PASS,VALID_LIVE_QUOTE,,,PIT_FUNDAMENTALS_V1
JKLAKSHMI,False,False,False,False,False,False,True,REJECTED,FULLY_EVALUABLE,FAIL,PASS,VALID_LIVE_QUOTE,,,PIT_FUNDAMENTALS_V1
JKTYRE,False,False,False,False,False,False,True,REJECTED,FULLY_EVALUABLE,FAIL,FAIL,VALID_LIVE_QUOTE,,,PIT_FUNDAMENTALS_V1
JLHL,False,False,False,False,False,False,True,REJECTED,FULLY_EVALUABLE,FAIL,FAIL,VALID_LIVE_QUOTE,,,PIT_FUNDAMENTALS_V1
JMFINANCIL,False,False,False,False,False,False,True,REJECTED,FULLY_EVALUABLE,EXCLUDED_FINANCIAL,EXCLUDED_FINANCIAL,VALID_LIVE_QUOTE,,,PIT_FUNDAMENTALS_V1
JNKINDIA,False,False,False,False,False,False,True,REJECTED,FULLY_EVALUABLE,FAIL,FAIL,VALID_LIVE_QUOTE,,,PIT_FUNDAMENTALS_V1
JPOLYINVST,False,False,False,False,False,False,True,REJECTED,FULLY_EVALUABLE,FAIL,PASS,VALID_LIVE_QUOTE,,,PIT_FUNDAMENTALS_V1
JSL,False,False,False,False,False,False,True,REJECTED,FULLY_EVALUABLE,PASS,FAIL,VALID_LIVE_QUOTE,,,PIT_FUNDAMENTALS_V1
JSLL,True,False,False,False,False,False,False,STRUCTURAL_INELIGIBLE,STRUCTURAL_INELIGIBLE,NOT_EVALUATED,PASS,VALID_LIVE_QUOTE,INSUFFICIENT_HISTORICAL_EXISTENCE,,PIT_FUNDAMENTALS_V1
JSWDULUX,False,False,False,False,False,False,True,REJECTED,FULLY_EVALUABLE,FAIL,FAIL,VALID_LIVE_QUOTE,,,PIT_FUNDAMENTALS_V1
JSWINFRA,False,False,False,False,False,False,True,REJECTED,FULLY_EVALUABLE,FAIL,FAIL,VALID_LIVE_QUOTE,,,PIT_FUNDAMENTALS_V1
JSWSTEEL,False,False,False,False,False,False,True,REJECTED,FULLY_EVALUABLE,FAIL,FAIL,VALID_LIVE_QUOTE,,,PIT_FUNDAMENTALS_V1
JUBLCPL,False,False,False,False,False,False,True,REJECTED,FULLY_EVALUABLE,PASS,FAIL,VALID_LIVE_QUOTE,,,PIT_FUNDAMENTALS_V1
JUBLFOOD,False,False,False,False,False,False,True,REJECTED,FULLY_EVALUABLE,FAIL,PASS,VALID_LIVE_QUOTE,,,PIT_FUNDAMENTALS_V1
JUBLINGREA,False,False,False,False,False,False,True,REJECTED,FULLY_EVALUABLE,PASS,FAIL,VALID_LIVE_QUOTE,,,PIT_FUNDAMENTALS_V1
JUSTDIAL,False,False,False,False,True,True,False,INCOMPLETE,FULLY_EVALUABLE,FAIL,PASS,VALID_LIVE_QUOTE,,PIT_DATA_STALE: PIT_DATA_STALE: latest_annual_period=2024-03-31 is 2.5Y stale (max=2.0Y),PIT_FUNDAMENTALS_V1
JYOTHYLAB,False,False,False,False,False,False,True,BUY_ALERT,FULLY_EVALUABLE,PASS,PASS,VALID_LIVE_QUOTE,,,PIT_FUNDAMENTALS_V1
JYOTICNC,False,False,False,False,False,False,True,REJECTED,FULLY_EVALUABLE,FAIL,FAIL,VALID_LIVE_QUOTE,,,PIT_FUNDAMENTALS_V1
KAJARIACER,False,False,False,False,False,False,True,REJECTED,FULLY_EVALUABLE,FAIL,FAIL,VALID_LIVE_QUOTE,,,PIT_FUNDAMENTALS_V1
KALAMANDIR,False,False,False,False,False,False,True,REJECTED,FULLY_EVALUABLE,PASS,FAIL,VALID_LIVE_QUOTE,,,PIT_FUNDAMENTALS_V1
KALYANKJIL,False,False,False,False,False,False,True,REJECTED,FULLY_EVALUABLE,FAIL,PASS,VALID_LIVE_QUOTE,,,PIT_FUNDAMENTALS_V1
KAMAHOLD,False,False,False,False,False,False,True,REJECTED,FULLY_EVALUABLE,FAIL,PASS,VALID_LIVE_QUOTE,,,PIT_FUNDAMENTALS_V1
KANSAINER,False,False,False,False,False,False,True,REJECTED,FULLY_EVALUABLE,FAIL,PASS,VALID_LIVE_QUOTE,,,PIT_FUNDAMENTALS_V1
KARURVYSYA,False,False,False,False,False,False,True,REJECTED,FULLY_EVALUABLE,EXCLUDED_FINANCIAL,EXCLUDED_FINANCIAL,VALID_LIVE_QUOTE,,,PIT_FUNDAMENTALS_V1
KAYNES,False,False,False,False,False,False,True,REJECTED,FULLY_EVALUABLE,FAIL,PASS,VALID_LIVE_QUOTE,,,PIT_FUNDAMENTALS_V1
KCP,False,False,False,False,False,False,True,REJECTED,FULLY_EVALUABLE,FAIL,FAIL,VALID_LIVE_QUOTE,,,PIT_FUNDAMENTALS_V1
KDDL,False,False,False,False,False,False,True,REJECTED,FULLY_EVALUABLE,FAIL,FAIL,VALID_LIVE_QUOTE,,,PIT_FUNDAMENTALS_V1
KEC,False,False,False,False,False,False,True,REJECTED,FULLY_EVALUABLE,FAIL,PASS,VALID_LIVE_QUOTE,,,PIT_FUNDAMENTALS_V1
KEI,False,False,False,False,False,False,True,REJECTED,FULLY_EVALUABLE,FAIL,FAIL,VALID_LIVE_QUOTE,,,PIT_FUNDAMENTALS_V1
KENNAMET,False,False,False,False,True,True,False,INCOMPLETE,FULLY_EVALUABLE,FAIL,FAIL,VALID_LIVE_QUOTE,,PIT_DATA_STALE: PIT_DATA_STALE: latest_annual_period=2022-06-30 is 4.3Y stale (max=2.0Y),PIT_FUNDAMENTALS_V1
KERNEX,False,False,False,False,False,False,True,REJECTED,FULLY_EVALUABLE,FAIL,PASS,VALID_LIVE_QUOTE,,,PIT_FUNDAMENTALS_V1
KIMS,False,False,False,False,False,False,True,REJECTED,FULLY_EVALUABLE,FAIL,FAIL,VALID_LIVE_QUOTE,,,PIT_FUNDAMENTALS_V1
KINGFA,False,False,False,False,False,False,True,REJECTED,FULLY_EVALUABLE,FAIL,FAIL,VALID_LIVE_QUOTE,,,PIT_FUNDAMENTALS_V1
KIRIINDUS,False,False,False,False,False,False,True,REJECTED,FULLY_EVALUABLE,FAIL,PASS,VALID_LIVE_QUOTE,,,PIT_FUNDAMENTALS_V1
KIRLFER,False,False,False,False,False,False,True,REJECTED,FULLY_EVALUABLE,PASS,FAIL,VALID_LIVE_QUOTE,,,PIT_FUNDAMENTALS_V1
KIRLOSBROS,False,False,False,False,False,False,True,REJECTED,FULLY_EVALUABLE,PASS,FAIL,VALID_LIVE_QUOTE,,,PIT_FUNDAMENTALS_V1
KIRLOSENG,False,False,False,False,False,False,True,REJECTED,FULLY_EVALUABLE,FAIL,FAIL,VALID_LIVE_QUOTE,,,PIT_FUNDAMENTALS_V1
KIRLPNU,False,False,False,False,False,False,True,BUY_ALERT,FULLY_EVALUABLE,PASS,PASS,VALID_LIVE_QUOTE,,,PIT_FUNDAMENTALS_V1
KKCL,False,False,False,False,False,False,True,REJECTED,FULLY_EVALUABLE,FAIL,PASS,VALID_LIVE_QUOTE,,,PIT_FUNDAMENTALS_V1
KMEW,False,False,False,False,False,False,True,REJECTED,FULLY_EVALUABLE,PASS,FAIL,VALID_LIVE_QUOTE,,,PIT_FUNDAMENTALS_V1
KNRCON,False,False,False,False,False,False,True,REJECTED,FULLY_EVALUABLE,FAIL,FAIL,VALID_LIVE_QUOTE,,,PIT_FUNDAMENTALS_V1
KODYTECH,False,False,False,False,False,False,True,REJECTED,FULLY_EVALUABLE,FAIL,FAIL,VALID_LIVE_QUOTE,,,PIT_FUNDAMENTALS_V1
KOTAKBANK,False,False,False,False,False,False,True,REJECTED,FULLY_EVALUABLE,EXCLUDED_FINANCIAL,EXCLUDED_FINANCIAL,VALID_LIVE_QUOTE,,,PIT_FUNDAMENTALS_V1
KOVAI,False,False,False,False,False,False,True,BUY_ALERT,FULLY_EVALUABLE,PASS,PASS,VALID_LIVE_QUOTE,,,PIT_FUNDAMENTALS_V1
KPEL,False,False,False,False,False,False,True,REJECTED,FULLY_EVALUABLE,FAIL,PASS,VALID_LIVE_QUOTE,,,PIT_FUNDAMENTALS_V1
KPIGREEN,False,False,False,False,False,False,True,REJECTED,FULLY_EVALUABLE,FAIL,PASS,VALID_LIVE_QUOTE,,,PIT_FUNDAMENTALS_V1
KPIL,False,False,False,False,False,False,True,REJECTED,FULLY_EVALUABLE,FAIL,FAIL,VALID_LIVE_QUOTE,,,PIT_FUNDAMENTALS_V1
KPITTECH,False,False,False,False,False,False,True,BUY_ALERT,FULLY_EVALUABLE,PASS,PASS,VALID_LIVE_QUOTE,,,PIT_FUNDAMENTALS_V1
KPL,False,False,False,False,False,False,True,REJECTED,FULLY_EVALUABLE,PASS,FAIL,VALID_LIVE_QUOTE,,,PIT_FUNDAMENTALS_V1
KPRMILL,False,False,False,False,False,False,True,REJECTED,FULLY_EVALUABLE,PASS,FAIL,VALID_LIVE_QUOTE,,,PIT_FUNDAMENTALS_V1
KRBL,False,False,False,False,False,False,True,REJECTED,FULLY_EVALUABLE,FAIL,FAIL,VALID_LIVE_QUOTE,,,PIT_FUNDAMENTALS_V1
KRISHANA,False,False,False,False,False,False,True,REJECTED,FULLY_EVALUABLE,FAIL,FAIL,VALID_LIVE_QUOTE,,,PIT_FUNDAMENTALS_V1
KRISHIVAL,False,False,False,False,False,False,True,REJECTED,FULLY_EVALUABLE,FAIL,PASS,VALID_LIVE_QUOTE,,,PIT_FUNDAMENTALS_V1
KRISHNADEF,False,False,False,False,False,False,True,BUY_ALERT,FULLY_EVALUABLE,PASS,PASS,VALID_LIVE_QUOTE,,,PIT_FUNDAMENTALS_V1
KRN,False,False,False,False,False,False,True,REJECTED,FULLY_EVALUABLE,FAIL,FAIL,VALID_LIVE_QUOTE,,,PIT_FUNDAMENTALS_V1
KROSS,False,False,False,False,False,False,True,REJECTED,FULLY_EVALUABLE,FAIL,FAIL,VALID_LIVE_QUOTE,,,PIT_FUNDAMENTALS_V1
KRSNAA,False,True,False,False,False,True,False,INCOMPLETE,DATA_FAILURE,NOT_EVALUATED,PASS,VALID_LIVE_QUOTE,,QUALITY_METRIC_CALCULATION_FAILURE,PIT_FUNDAMENTALS_V1
KSB,False,False,False,False,False,False,True,REJECTED,FULLY_EVALUABLE,FAIL,FAIL,VALID_LIVE_QUOTE,,,PIT_FUNDAMENTALS_V1
KSCL,False,False,False,False,False,False,True,REJECTED,FULLY_EVALUABLE,FAIL,PASS,VALID_LIVE_QUOTE,,,PIT_FUNDAMENTALS_V1
KSHINTL,False,False,False,False,False,False,True,REJECTED,FULLY_EVALUABLE,FAIL,FAIL,VALID_LIVE_QUOTE,,,PIT_FUNDAMENTALS_V1
KSL,False,False,False,False,False,False,True,REJECTED,FULLY_EVALUABLE,FAIL,FAIL,VALID_LIVE_QUOTE,,,PIT_FUNDAMENTALS_V1
KTKBANK,False,False,False,False,False,False,True,REJECTED,FULLY_EVALUABLE,EXCLUDED_FINANCIAL,EXCLUDED_FINANCIAL,VALID_LIVE_QUOTE,,,PIT_FUNDAMENTALS_V1
LALPATHLAB,False,False,False,False,False,False,True,REJECTED,FULLY_EVALUABLE,PASS,FAIL,VALID_LIVE_QUOTE,,,PIT_FUNDAMENTALS_V1
LAOPALA,False,False,False,False,False,False,True,REJECTED,FULLY_EVALUABLE,FAIL,PASS,VALID_LIVE_QUOTE,,,PIT_FUNDAMENTALS_V1
LAURUSLABS,False,False,False,False,False,False,True,REJECTED,FULLY_EVALUABLE,FAIL,FAIL,VALID_LIVE_QUOTE,,,PIT_FUNDAMENTALS_V1
LAXMIDENTL,False,False,False,False,False,False,True,REJECTED,FULLY_EVALUABLE,FAIL,FAIL,VALID_LIVE_QUOTE,,,PIT_FUNDAMENTALS_V1
LEMONTREE,False,False,False,False,False,False,True,REJECTED,FULLY_EVALUABLE,FAIL,PASS,VALID_LIVE_QUOTE,,,PIT_FUNDAMENTALS_V1
LGBBROSLTD,False,False,False,False,False,False,True,REJECTED,FULLY_EVALUABLE,PASS,FAIL,VALID_LIVE_QUOTE,,,PIT_FUNDAMENTALS_V1
LGEINDIA,False,False,False,False,False,False,True,REJECTED,FULLY_EVALUABLE,FAIL,FAIL,VALID_LIVE_QUOTE,,,PIT_FUNDAMENTALS_V1
LICHSGFIN,False,False,False,False,False,False,True,REJECTED,FULLY_EVALUABLE,EXCLUDED_FINANCIAL,EXCLUDED_FINANCIAL,VALID_LIVE_QUOTE,,,PIT_FUNDAMENTALS_V1
LICI,False,False,False,False,False,False,True,REJECTED,FULLY_EVALUABLE,EXCLUDED_FINANCIAL,EXCLUDED_FINANCIAL,VALID_LIVE_QUOTE,,,PIT_FUNDAMENTALS_V1
LINCOLN,False,False,False,False,False,False,True,REJECTED,FULLY_EVALUABLE,FAIL,FAIL,VALID_LIVE_QUOTE,,,PIT_FUNDAMENTALS_V1
LINDEINDIA,False,False,False,False,False,False,True,BUY_ALERT,FULLY_EVALUABLE,PASS,PASS,VALID_LIVE_QUOTE,,,PIT_FUNDAMENTALS_V1
LLOYDSME,False,False,False,False,False,False,True,REJECTED,FULLY_EVALUABLE,FAIL,PASS,VALID_LIVE_QUOTE,,,PIT_FUNDAMENTALS_V1
LODHA,False,False,False,False,False,False,True,REJECTED,FULLY_EVALUABLE,FAIL,PASS,VALID_LIVE_QUOTE,,,PIT_FUNDAMENTALS_V1
LOTUSDEV,False,False,False,False,False,False,True,REJECTED,FULLY_EVALUABLE,FAIL,FAIL,VALID_LIVE_QUOTE,,,PIT_FUNDAMENTALS_V1
LT,False,False,False,False,False,False,True,REJECTED,FULLY_EVALUABLE,FAIL,FAIL,VALID_LIVE_QUOTE,,,PIT_FUNDAMENTALS_V1
LTF,False,False,False,False,False,False,True,REJECTED,FULLY_EVALUABLE,EXCLUDED_FINANCIAL,EXCLUDED_FINANCIAL,VALID_LIVE_QUOTE,,,PIT_FUNDAMENTALS_V1
LTFOODS,False,False,False,False,False,False,True,REJECTED,FULLY_EVALUABLE,PASS,FAIL,VALID_LIVE_QUOTE,,,PIT_FUNDAMENTALS_V1
LTM,False,False,False,False,False,False,True,BUY_ALERT,FULLY_EVALUABLE,PASS,PASS,VALID_LIVE_QUOTE,,,PIT_FUNDAMENTALS_V1
LTTS,False,False,False,False,False,False,True,BUY_ALERT,FULLY_EVALUABLE,PASS,PASS,VALID_LIVE_QUOTE,,,PIT_FUNDAMENTALS_V1
LUMAXIND,False,False,False,False,False,False,True,REJECTED,FULLY_EVALUABLE,FAIL,FAIL,VALID_LIVE_QUOTE,,,PIT_FUNDAMENTALS_V1
LUMAXTECH,False,False,False,False,False,False,True,REJECTED,FULLY_EVALUABLE,FAIL,FAIL,VALID_LIVE_QUOTE,,,PIT_FUNDAMENTALS_V1
LUPIN,False,False,False,False,False,False,True,REJECTED,FULLY_EVALUABLE,FAIL,PASS,VALID_LIVE_QUOTE,,,PIT_FUNDAMENTALS_V1
M&M,False,False,False,False,False,False,True,REJECTED,FULLY_EVALUABLE,FAIL,FAIL,VALID_LIVE_QUOTE,,,PIT_FUNDAMENTALS_V1
M&MFIN,False,False,False,False,False,False,True,REJECTED,FULLY_EVALUABLE,EXCLUDED_FINANCIAL,EXCLUDED_FINANCIAL,VALID_LIVE_QUOTE,,,PIT_FUNDAMENTALS_V1
MAHLIFE,False,False,True,False,False,True,False,INCOMPLETE,DATA_FAILURE,FAIL,NOT_EVALUATED,VALID_LIVE_QUOTE,,VALUATION_DATA_GAP: EV_EBITDA_3Y_MEDIAN_MISSING,PIT_FUNDAMENTALS_V1
MAHSEAMLES,False,False,False,False,False,False,True,REJECTED,FULLY_EVALUABLE,PASS,FAIL,VALID_LIVE_QUOTE,,,PIT_FUNDAMENTALS_V1
MAITHANALL,False,False,False,False,False,False,True,REJECTED,FULLY_EVALUABLE,FAIL,PASS,VALID_LIVE_QUOTE,,,PIT_FUNDAMENTALS_V1
MANAKCOAT,False,False,False,False,False,False,True,REJECTED,FULLY_EVALUABLE,FAIL,FAIL,VALID_LIVE_QUOTE,,,PIT_FUNDAMENTALS_V1
MANGLMCEM,False,False,False,False,False,False,True,REJECTED,FULLY_EVALUABLE,FAIL,FAIL,VALID_LIVE_QUOTE,,,PIT_FUNDAMENTALS_V1
MANINDS,False,False,False,False,False,False,True,REJECTED,FULLY_EVALUABLE,FAIL,FAIL,VALID_LIVE_QUOTE,,,PIT_FUNDAMENTALS_V1
MANINFRA,False,False,False,False,False,False,True,REJECTED,FULLY_EVALUABLE,FAIL,FAIL,VALID_LIVE_QUOTE,,,PIT_FUNDAMENTALS_V1
MANKIND,False,False,False,False,False,False,True,REJECTED,FULLY_EVALUABLE,FAIL,FAIL,VALID_LIVE_QUOTE,,,PIT_FUNDAMENTALS_V1
MANORAMA,False,False,False,False,False,False,True,REJECTED,FULLY_EVALUABLE,FAIL,PASS,VALID_LIVE_QUOTE,,,PIT_FUNDAMENTALS_V1
MANYAVAR,False,False,False,False,True,True,False,INCOMPLETE,FULLY_EVALUABLE,PASS,PASS,VALID_LIVE_QUOTE,,PIT_DATA_STALE: PIT_DATA_STALE: latest_annual_period=2024-03-31 is 2.5Y stale (max=2.0Y),PIT_FUNDAMENTALS_V1
MAPMYINDIA,False,False,False,False,False,False,True,REJECTED,FULLY_EVALUABLE,FAIL,PASS,VALID_LIVE_QUOTE,,,PIT_FUNDAMENTALS_V1
MARATHON,False,False,False,False,False,False,True,REJECTED,FULLY_EVALUABLE,FAIL,FAIL,VALID_LIVE_QUOTE,,,PIT_FUNDAMENTALS_V1
MARICO,False,False,False,False,False,False,True,REJECTED,FULLY_EVALUABLE,FAIL,FAIL,VALID_LIVE_QUOTE,,,PIT_FUNDAMENTALS_V1
MARKSANS,False,False,False,False,False,False,True,REJECTED,FULLY_EVALUABLE,FAIL,FAIL,VALID_LIVE_QUOTE,,,PIT_FUNDAMENTALS_V1
MARSONS,False,True,False,False,False,True,False,INCOMPLETE,DATA_FAILURE,NOT_EVALUATED,FAIL,VALID_LIVE_QUOTE,,QUALITY_METRIC_CALCULATION_FAILURE,PIT_FUNDAMENTALS_V1
MARUTI,False,False,False,False,False,False,True,REJECTED,FULLY_EVALUABLE,PASS,FAIL,VALID_LIVE_QUOTE,,,PIT_FUNDAMENTALS_V1
MASFIN,False,False,False,False,False,False,True,REJECTED,FULLY_EVALUABLE,EXCLUDED_FINANCIAL,EXCLUDED_FINANCIAL,VALID_LIVE_QUOTE,,,PIT_FUNDAMENTALS_V1
MASTEK,False,False,False,False,False,False,True,REJECTED,FULLY_EVALUABLE,FAIL,PASS,VALID_LIVE_QUOTE,,,PIT_FUNDAMENTALS_V1
MAXHEALTH,False,False,False,False,False,False,True,REJECTED,FULLY_EVALUABLE,FAIL,PASS,VALID_LIVE_QUOTE,,,PIT_FUNDAMENTALS_V1
MAYURUNIQ,False,False,False,False,False,False,True,REJECTED,FULLY_EVALUABLE,PASS,FAIL,VALID_LIVE_QUOTE,,,PIT_FUNDAMENTALS_V1
MBAPL,False,False,False,False,False,False,True,REJECTED,FULLY_EVALUABLE,FAIL,FAIL,VALID_LIVE_QUOTE,,,PIT_FUNDAMENTALS_V1
MCX,False,False,False,False,False,False,True,REJECTED,FULLY_EVALUABLE,EXCLUDED_FINANCIAL,EXCLUDED_FINANCIAL,VALID_LIVE_QUOTE,,,PIT_FUNDAMENTALS_V1
MEDIASSIST,False,False,False,False,False,False,True,BUY_ALERT,FULLY_EVALUABLE,PASS,PASS,VALID_LIVE_QUOTE,,,PIT_FUNDAMENTALS_V1
METROBRAND,False,False,False,False,False,False,True,REJECTED,FULLY_EVALUABLE,FAIL,PASS,VALID_LIVE_QUOTE,,,PIT_FUNDAMENTALS_V1
METROPOLIS,False,False,False,False,False,False,True,REJECTED,FULLY_EVALUABLE,FAIL,FAIL,VALID_LIVE_QUOTE,,,PIT_FUNDAMENTALS_V1
MGL,False,False,False,False,False,False,True,REJECTED,FULLY_EVALUABLE,FAIL,FAIL,VALID_LIVE_QUOTE,,,PIT_FUNDAMENTALS_V1
MHRIL,False,False,False,False,False,False,True,REJECTED,FULLY_EVALUABLE,FAIL,PASS,VALID_LIVE_QUOTE,,,PIT_FUNDAMENTALS_V1
MIDHANI,False,False,False,False,False,False,True,REJECTED,FULLY_EVALUABLE,FAIL,FAIL,VALID_LIVE_QUOTE,,,PIT_FUNDAMENTALS_V1
MIDWESTLTD,False,False,False,False,False,False,True,BUY_ALERT,FULLY_EVALUABLE,PASS,PASS,VALID_LIVE_QUOTE,,,PIT_FUNDAMENTALS_V1
MINDACORP,False,False,False,False,False,False,True,REJECTED,FULLY_EVALUABLE,FAIL,FAIL,VALID_LIVE_QUOTE,,,PIT_FUNDAMENTALS_V1
MMFL,False,False,False,False,False,False,True,REJECTED,FULLY_EVALUABLE,FAIL,FAIL,VALID_LIVE_QUOTE,,,PIT_FUNDAMENTALS_V1
MOIL,False,False,False,False,False,False,True,REJECTED,FULLY_EVALUABLE,FAIL,PASS,VALID_LIVE_QUOTE,,,PIT_FUNDAMENTALS_V1
MOLDTKPAC,False,False,False,False,True,True,False,INCOMPLETE,FULLY_EVALUABLE,PASS,FAIL,VALID_LIVE_QUOTE,,PIT_DATA_STALE: PIT_DATA_STALE: latest_annual_period=2022-03-31 is 4.5Y stale (max=2.0Y),PIT_FUNDAMENTALS_V1
MONARCH,False,False,False,False,False,False,True,REJECTED,FULLY_EVALUABLE,FAIL,FAIL,VALID_LIVE_QUOTE,,,PIT_FUNDAMENTALS_V1
MONOLITH,False,False,False,False,False,False,True,REJECTED,FULLY_EVALUABLE,FAIL,FAIL,VALID_LIVE_QUOTE,,,PIT_FUNDAMENTALS_V1
MONTECARLO,False,False,False,False,False,False,True,REJECTED,FULLY_EVALUABLE,FAIL,FAIL,VALID_LIVE_QUOTE,,,PIT_FUNDAMENTALS_V1
MOSCHIP,False,False,False,False,False,False,True,REJECTED,FULLY_EVALUABLE,FAIL,FAIL,VALID_LIVE_QUOTE,,,PIT_FUNDAMENTALS_V1
MOTHERSON,False,False,False,False,False,False,True,REJECTED,FULLY_EVALUABLE,FAIL,FAIL,VALID_LIVE_QUOTE,,,PIT_FUNDAMENTALS_V1
MOTILALOFS,False,False,False,False,False,False,True,REJECTED,FULLY_EVALUABLE,EXCLUDED_FINANCIAL,EXCLUDED_FINANCIAL,VALID_LIVE_QUOTE,,,PIT_FUNDAMENTALS_V1
MPHASIS,False,False,False,False,False,False,True,REJECTED,FULLY_EVALUABLE,FAIL,PASS,VALID_LIVE_QUOTE,,,PIT_FUNDAMENTALS_V1
MPSLTD,False,False,False,False,False,False,True,REJECTED,FULLY_EVALUABLE,PASS,FAIL,VALID_LIVE_QUOTE,,,PIT_FUNDAMENTALS_V1
MRF,False,False,False,False,False,False,True,REJECTED,FULLY_EVALUABLE,FAIL,PASS,VALID_LIVE_QUOTE,,,PIT_FUNDAMENTALS_V1
MRPL,False,False,False,False,False,False,True,REJECTED,FULLY_EVALUABLE,FAIL,FAIL,VALID_LIVE_QUOTE,,,PIT_FUNDAMENTALS_V1
MSTCLTD,False,False,False,False,False,False,True,REJECTED,FULLY_EVALUABLE,FAIL,FAIL,VALID_LIVE_QUOTE,,,PIT_FUNDAMENTALS_V1
MTARTECH,False,False,False,False,False,False,True,REJECTED,FULLY_EVALUABLE,FAIL,FAIL,VALID_LIVE_QUOTE,,,PIT_FUNDAMENTALS_V1
MUKANDLTD,False,False,False,False,False,False,True,REJECTED,FULLY_EVALUABLE,FAIL,FAIL,VALID_LIVE_QUOTE,,,PIT_FUNDAMENTALS_V1
MUTHOOTFIN,False,False,False,False,False,False,True,REJECTED,FULLY_EVALUABLE,EXCLUDED_FINANCIAL,EXCLUDED_FINANCIAL,VALID_LIVE_QUOTE,,,PIT_FUNDAMENTALS_V1
MWL,False,False,False,False,False,False,True,REJECTED,FULLY_EVALUABLE,FAIL,FAIL,VALID_LIVE_QUOTE,,,PIT_FUNDAMENTALS_V1
NATCOPHARM,False,False,False,False,False,False,True,REJECTED,FULLY_EVALUABLE,PASS,FAIL,VALID_LIVE_QUOTE,,,PIT_FUNDAMENTALS_V1
NATIONALUM,False,False,False,False,False,False,True,REJECTED,FULLY_EVALUABLE,PASS,FAIL,VALID_LIVE_QUOTE,,,PIT_FUNDAMENTALS_V1
NAVA,False,False,False,False,False,False,True,REJECTED,FULLY_EVALUABLE,PASS,FAIL,VALID_LIVE_QUOTE,,,PIT_FUNDAMENTALS_V1
NAVINFLUOR,False,False,False,False,False,False,True,REJECTED,FULLY_EVALUABLE,PASS,FAIL,VALID_LIVE_QUOTE,,,PIT_FUNDAMENTALS_V1
NAVNETEDUL,False,False,False,False,False,False,True,REJECTED,FULLY_EVALUABLE,FAIL,FAIL,VALID_LIVE_QUOTE,,,PIT_FUNDAMENTALS_V1
NBCC,False,False,False,False,False,False,True,REJECTED,FULLY_EVALUABLE,FAIL,PASS,VALID_LIVE_QUOTE,,,PIT_FUNDAMENTALS_V1
NCC,False,False,False,False,False,False,True,REJECTED,FULLY_EVALUABLE,PASS,FAIL,VALID_LIVE_QUOTE,,,PIT_FUNDAMENTALS_V1
NDRAUTO,False,False,False,False,False,False,True,BUY_ALERT,FULLY_EVALUABLE,PASS,PASS,VALID_LIVE_QUOTE,,,PIT_FUNDAMENTALS_V1
NELCAST,False,False,False,False,False,False,True,REJECTED,FULLY_EVALUABLE,FAIL,FAIL,VALID_LIVE_QUOTE,,,PIT_FUNDAMENTALS_V1
NESCO,False,False,False,False,False,False,True,REJECTED,FULLY_EVALUABLE,PASS,FAIL,VALID_LIVE_QUOTE,,,PIT_FUNDAMENTALS_V1
NESTLEIND,False,False,False,False,False,False,True,REJECTED,FULLY_EVALUABLE,FAIL,FAIL,VALID_LIVE_QUOTE,,,PIT_FUNDAMENTALS_V1
NETWEB,False,False,False,False,False,False,True,REJECTED,FULLY_EVALUABLE,PASS,FAIL,VALID_LIVE_QUOTE,,,PIT_FUNDAMENTALS_V1
NEULANDLAB,False,False,False,False,False,False,True,REJECTED,FULLY_EVALUABLE,PASS,FAIL,VALID_LIVE_QUOTE,,,PIT_FUNDAMENTALS_V1
NEWGEN,False,False,False,False,False,False,True,BUY_ALERT,FULLY_EVALUABLE,PASS,PASS,VALID_LIVE_QUOTE,,,PIT_FUNDAMENTALS_V1
NGLFINE,False,False,False,False,False,False,True,REJECTED,FULLY_EVALUABLE,FAIL,FAIL,VALID_LIVE_QUOTE,,,PIT_FUNDAMENTALS_V1
NH,False,False,False,False,False,False,True,REJECTED,FULLY_EVALUABLE,FAIL,FAIL,VALID_LIVE_QUOTE,,,PIT_FUNDAMENTALS_V1
NIITMTS,False,False,False,False,False,False,True,REJECTED,FULLY_EVALUABLE,FAIL,FAIL,VALID_LIVE_QUOTE,,,PIT_FUNDAMENTALS_V1
NINSYS,False,False,False,False,False,False,True,REJECTED,FULLY_EVALUABLE,FAIL,FAIL,VALID_LIVE_QUOTE,,,PIT_FUNDAMENTALS_V1
NIRLON,False,False,False,False,False,False,True,REJECTED,FULLY_EVALUABLE,FAIL,FAIL,VALID_LIVE_QUOTE,,,PIT_FUNDAMENTALS_V1
NITINSPIN,False,False,False,False,False,False,True,REJECTED,FULLY_EVALUABLE,FAIL,FAIL,VALID_LIVE_QUOTE,,,PIT_FUNDAMENTALS_V1
NITTAGELA,False,False,False,False,False,False,True,REJECTED,FULLY_EVALUABLE,FAIL,FAIL,VALID_LIVE_QUOTE,,,PIT_FUNDAMENTALS_V1
NLCINDIA,False,False,False,False,False,False,True,REJECTED,FULLY_EVALUABLE,FAIL,FAIL,VALID_LIVE_QUOTE,,,PIT_FUNDAMENTALS_V1
NORTHARC,False,False,False,False,False,False,True,REJECTED,FULLY_EVALUABLE,EXCLUDED_FINANCIAL,EXCLUDED_FINANCIAL,VALID_LIVE_QUOTE,,,PIT_FUNDAMENTALS_V1
NOVARTIND,False,False,False,False,False,False,True,REJECTED,FULLY_EVALUABLE,FAIL,FAIL,VALID_LIVE_QUOTE,,,PIT_FUNDAMENTALS_V1
NPST,False,False,False,False,False,False,True,REJECTED,FULLY_EVALUABLE,FAIL,FAIL,VALID_LIVE_QUOTE,,,PIT_FUNDAMENTALS_V1
NRBBEARING,False,False,False,False,False,False,True,REJECTED,FULLY_EVALUABLE,PASS,FAIL,VALID_LIVE_QUOTE,,,PIT_FUNDAMENTALS_V1
NTPC,False,False,False,False,False,False,True,REJECTED,FULLY_EVALUABLE,FAIL,FAIL,VALID_LIVE_QUOTE,,,PIT_FUNDAMENTALS_V1
NUCLEUS,False,False,False,False,False,False,True,REJECTED,FULLY_EVALUABLE,FAIL,FAIL,VALID_LIVE_QUOTE,,,PIT_FUNDAMENTALS_V1
NUVAMA,False,False,False,False,False,False,True,REJECTED,FULLY_EVALUABLE,EXCLUDED_FINANCIAL,EXCLUDED_FINANCIAL,VALID_LIVE_QUOTE,,,PIT_FUNDAMENTALS_V1
NYKAA,False,False,False,False,False,False,True,REJECTED,FULLY_EVALUABLE,FAIL,FAIL,VALID_LIVE_QUOTE,,,PIT_FUNDAMENTALS_V1
OBEROIRLTY,False,False,False,False,False,False,True,REJECTED,FULLY_EVALUABLE,FAIL,FAIL,VALID_LIVE_QUOTE,,,PIT_FUNDAMENTALS_V1
OBSCP,False,False,False,False,False,False,True,REJECTED,FULLY_EVALUABLE,FAIL,FAIL,VALID_LIVE_QUOTE,,,PIT_FUNDAMENTALS_V1
OFSS,False,False,False,False,False,False,True,REJECTED,FULLY_EVALUABLE,FAIL,FAIL,VALID_LIVE_QUOTE,,,PIT_FUNDAMENTALS_V1
OIL,False,False,False,False,False,False,True,REJECTED,FULLY_EVALUABLE,FAIL,FAIL,VALID_LIVE_QUOTE,,,PIT_FUNDAMENTALS_V1
OLECTRA,False,False,False,False,False,False,True,BUY_ALERT,FULLY_EVALUABLE,PASS,PASS,VALID_LIVE_QUOTE,,,PIT_FUNDAMENTALS_V1
ONGC,False,False,False,False,False,False,True,REJECTED,FULLY_EVALUABLE,FAIL,FAIL,VALID_LIVE_QUOTE,,,PIT_FUNDAMENTALS_V1
OPTIEMUS,False,False,False,False,False,False,True,REJECTED,FULLY_EVALUABLE,FAIL,FAIL,VALID_LIVE_QUOTE,,,PIT_FUNDAMENTALS_V1
ORIANA,False,False,False,False,False,False,True,REJECTED,FULLY_EVALUABLE,FAIL,PASS,VALID_LIVE_QUOTE,,,PIT_FUNDAMENTALS_V1
ORIENTCEM,False,False,False,False,False,False,True,REJECTED,FULLY_EVALUABLE,FAIL,PASS,VALID_LIVE_QUOTE,,,PIT_FUNDAMENTALS_V1
ORIENTELEC,False,False,False,False,False,False,True,REJECTED,FULLY_EVALUABLE,FAIL,PASS,VALID_LIVE_QUOTE,,,PIT_FUNDAMENTALS_V1
ORIENTHOT,False,False,False,False,False,False,True,REJECTED,FULLY_EVALUABLE,FAIL,FAIL,VALID_LIVE_QUOTE,,,PIT_FUNDAMENTALS_V1
ORKLAINDIA,False,False,False,False,False,False,True,REJECTED,FULLY_EVALUABLE,FAIL,FAIL,VALID_LIVE_QUOTE,,,PIT_FUNDAMENTALS_V1
OSWALPUMPS,False,False,False,False,False,False,True,REJECTED,FULLY_EVALUABLE,FAIL,PASS,VALID_LIVE_QUOTE,,,PIT_FUNDAMENTALS_V1
PACEDIGITK,False,False,False,False,False,False,True,REJECTED,FULLY_EVALUABLE,FAIL,FAIL,VALID_LIVE_QUOTE,,,PIT_FUNDAMENTALS_V1
PAGEIND,False,False,False,False,False,False,True,REJECTED,FULLY_EVALUABLE,PASS,FAIL,VALID_LIVE_QUOTE,,,PIT_FUNDAMENTALS_V1
PANAMAPET,False,False,False,False,False,False,True,REJECTED,FULLY_EVALUABLE,FAIL,FAIL,VALID_LIVE_QUOTE,,,PIT_FUNDAMENTALS_V1
PARADEEP,False,False,False,False,False,False,True,REJECTED,FULLY_EVALUABLE,FAIL,FAIL,VALID_LIVE_QUOTE,,,PIT_FUNDAMENTALS_V1
PARAGMILK,False,False,False,False,False,False,True,REJECTED,FULLY_EVALUABLE,FAIL,FAIL,VALID_LIVE_QUOTE,,,PIT_FUNDAMENTALS_V1
PARAS,False,False,False,False,False,False,True,REJECTED,FULLY_EVALUABLE,FAIL,FAIL,VALID_LIVE_QUOTE,,,PIT_FUNDAMENTALS_V1
PATANJALI,False,False,False,False,False,False,True,REJECTED,FULLY_EVALUABLE,FAIL,FAIL,VALID_LIVE_QUOTE,,,PIT_FUNDAMENTALS_V1
PAUSHAKLTD,False,False,False,False,False,False,True,REJECTED,FULLY_EVALUABLE,FAIL,FAIL,VALID_LIVE_QUOTE,,,PIT_FUNDAMENTALS_V1
PENIND,False,False,False,False,False,False,True,REJECTED,FULLY_EVALUABLE,FAIL,FAIL,VALID_LIVE_QUOTE,,,PIT_FUNDAMENTALS_V1
PERSISTENT,False,False,False,False,False,False,True,BUY_ALERT,FULLY_EVALUABLE,PASS,PASS,VALID_LIVE_QUOTE,,,PIT_FUNDAMENTALS_V1
PETRONET,False,False,False,False,False,False,True,REJECTED,FULLY_EVALUABLE,FAIL,FAIL,VALID_LIVE_QUOTE,,,PIT_FUNDAMENTALS_V1
PFC,False,False,False,False,False,False,True,REJECTED,FULLY_EVALUABLE,EXCLUDED_FINANCIAL,EXCLUDED_FINANCIAL,VALID_LIVE_QUOTE,,,PIT_FUNDAMENTALS_V1
PFIZER,False,False,True,False,False,True,False,INCOMPLETE,DATA_FAILURE,FAIL,NOT_EVALUATED,VALID_LIVE_QUOTE,,VALUATION_DATA_GAP: EV_EBITDA_3Y_MEDIAN_MISSING,PIT_FUNDAMENTALS_V1
PFOCUS,False,False,False,False,False,False,True,REJECTED,FULLY_EVALUABLE,FAIL,FAIL,VALID_LIVE_QUOTE,,,PIT_FUNDAMENTALS_V1
PGHH,False,False,False,False,False,False,True,REJECTED,FULLY_EVALUABLE,FAIL,PASS,VALID_LIVE_QUOTE,,,PIT_FUNDAMENTALS_V1
PGHL,False,False,False,False,False,False,True,REJECTED,FULLY_EVALUABLE,FAIL,PASS,VALID_LIVE_QUOTE,,,PIT_FUNDAMENTALS_V1
PGIL,False,False,False,False,False,False,True,REJECTED,FULLY_EVALUABLE,FAIL,FAIL,VALID_LIVE_QUOTE,,,PIT_FUNDAMENTALS_V1
PHOENIXLTD,False,False,False,False,False,False,True,REJECTED,FULLY_EVALUABLE,FAIL,FAIL,VALID_LIVE_QUOTE,,,PIT_FUNDAMENTALS_V1
PICCADIL,False,False,False,False,False,False,True,REJECTED,FULLY_EVALUABLE,FAIL,FAIL,VALID_LIVE_QUOTE,,,PIT_FUNDAMENTALS_V1
PIDILITIND,False,False,False,False,False,False,True,REJECTED,FULLY_EVALUABLE,PASS,FAIL,VALID_LIVE_QUOTE,,,PIT_FUNDAMENTALS_V1
PIIND,False,False,False,False,False,False,True,REJECTED,FULLY_EVALUABLE,FAIL,PASS,VALID_LIVE_QUOTE,,,PIT_FUNDAMENTALS_V1
PITTIENG,False,False,False,False,False,False,True,REJECTED,FULLY_EVALUABLE,FAIL,FAIL,VALID_LIVE_QUOTE,,,PIT_FUNDAMENTALS_V1
PIXTRANS,False,False,False,False,False,False,True,REJECTED,FULLY_EVALUABLE,FAIL,FAIL,VALID_LIVE_QUOTE,,,PIT_FUNDAMENTALS_V1
PLATIND,False,False,False,False,False,False,True,REJECTED,FULLY_EVALUABLE,FAIL,FAIL,VALID_LIVE_QUOTE,,,PIT_FUNDAMENTALS_V1
PNBHOUSING,False,False,False,False,False,False,True,REJECTED,FULLY_EVALUABLE,EXCLUDED_FINANCIAL,EXCLUDED_FINANCIAL,VALID_LIVE_QUOTE,,,PIT_FUNDAMENTALS_V1
PNCINFRA,False,False,False,False,False,False,True,REJECTED,FULLY_EVALUABLE,FAIL,FAIL,VALID_LIVE_QUOTE,,,PIT_FUNDAMENTALS_V1
PNGJL,False,False,False,False,False,False,True,REJECTED,FULLY_EVALUABLE,FAIL,PASS,VALID_LIVE_QUOTE,,,PIT_FUNDAMENTALS_V1
POKARNA,False,False,False,False,False,False,True,REJECTED,FULLY_EVALUABLE,FAIL,FAIL,VALID_LIVE_QUOTE,,,PIT_FUNDAMENTALS_V1
POLYCAB,False,False,False,False,False,False,True,REJECTED,FULLY_EVALUABLE,PASS,FAIL,VALID_LIVE_QUOTE,,,PIT_FUNDAMENTALS_V1
POLYMED,False,False,False,False,False,False,True,REJECTED,FULLY_EVALUABLE,PASS,FAIL,VALID_LIVE_QUOTE,,,PIT_FUNDAMENTALS_V1
POWERGRID,False,False,False,False,False,False,True,REJECTED,FULLY_EVALUABLE,FAIL,FAIL,VALID_LIVE_QUOTE,,,PIT_FUNDAMENTALS_V1
POWERINDIA,False,False,False,False,False,False,True,REJECTED,FULLY_EVALUABLE,PASS,FAIL,VALID_LIVE_QUOTE,,,PIT_FUNDAMENTALS_V1
POWERMECH,False,False,False,False,False,False,True,REJECTED,FULLY_EVALUABLE,FAIL,PASS,VALID_LIVE_QUOTE,,,PIT_FUNDAMENTALS_V1
PRAKASH,False,False,False,False,False,False,True,REJECTED,FULLY_EVALUABLE,FAIL,FAIL,VALID_LIVE_QUOTE,,,PIT_FUNDAMENTALS_V1
PRECWIRE,False,False,False,False,False,False,True,REJECTED,FULLY_EVALUABLE,PASS,FAIL,VALID_LIVE_QUOTE,,,PIT_FUNDAMENTALS_V1
PREMEXPLN,False,False,False,False,False,False,True,REJECTED,FULLY_EVALUABLE,FAIL,FAIL,VALID_LIVE_QUOTE,,,PIT_FUNDAMENTALS_V1
PREMIERENE,False,False,False,False,False,False,True,REJECTED,FULLY_EVALUABLE,FAIL,PASS,VALID_LIVE_QUOTE,,,PIT_FUNDAMENTALS_V1
PRICOLLTD,False,False,False,False,False,False,True,REJECTED,FULLY_EVALUABLE,PASS,FAIL,VALID_LIVE_QUOTE,,,PIT_FUNDAMENTALS_V1
PROTEAN,False,False,False,False,False,False,True,REJECTED,FULLY_EVALUABLE,FAIL,PASS,VALID_LIVE_QUOTE,,,PIT_FUNDAMENTALS_V1
PRSMJOHNSN,False,False,False,False,False,False,True,REJECTED,FULLY_EVALUABLE,FAIL,FAIL,VALID_LIVE_QUOTE,,,PIT_FUNDAMENTALS_V1
PRUDENT,False,False,False,False,False,False,True,REJECTED,FULLY_EVALUABLE,EXCLUDED_FINANCIAL,EXCLUDED_FINANCIAL,VALID_LIVE_QUOTE,,,PIT_FUNDAMENTALS_V1
PTC,False,False,False,False,False,False,True,REJECTED,FULLY_EVALUABLE,FAIL,FAIL,VALID_LIVE_QUOTE,,,PIT_FUNDAMENTALS_V1
PUNJABCHEM,False,False,False,False,False,False,True,REJECTED,FULLY_EVALUABLE,FAIL,FAIL,VALID_LIVE_QUOTE,,,PIT_FUNDAMENTALS_V1
QPOWER,False,True,False,False,False,True,False,INCOMPLETE,DATA_FAILURE,NOT_EVALUATED,PASS,VALID_LIVE_QUOTE,,QUALITY_METRIC_CALCULATION_FAILURE,PIT_FUNDAMENTALS_V1
RACLGEAR,False,False,False,False,False,False,True,REJECTED,FULLY_EVALUABLE,FAIL,FAIL,VALID_LIVE_QUOTE,,,PIT_FUNDAMENTALS_V1
RADICO,False,False,False,False,False,False,True,REJECTED,FULLY_EVALUABLE,PASS,FAIL,VALID_LIVE_QUOTE,,,PIT_FUNDAMENTALS_V1
RAILTEL,False,False,False,False,False,False,True,BUY_ALERT,FULLY_EVALUABLE,PASS,PASS,VALID_LIVE_QUOTE,,,PIT_FUNDAMENTALS_V1
RALLIS,False,False,False,False,False,False,True,REJECTED,FULLY_EVALUABLE,FAIL,FAIL,VALID_LIVE_QUOTE,,,PIT_FUNDAMENTALS_V1
RAMCOCEM,False,False,False,False,False,False,True,REJECTED,FULLY_EVALUABLE,FAIL,FAIL,VALID_LIVE_QUOTE,,,PIT_FUNDAMENTALS_V1
RAMCOSYS,False,False,False,False,False,False,True,REJECTED,FULLY_EVALUABLE,FAIL,FAIL,VALID_LIVE_QUOTE,,,PIT_FUNDAMENTALS_V1
RAMKY,False,False,False,False,False,False,True,REJECTED,FULLY_EVALUABLE,PASS,FAIL,VALID_LIVE_QUOTE,,,PIT_FUNDAMENTALS_V1
RAMRAT,False,False,False,False,False,False,True,REJECTED,FULLY_EVALUABLE,FAIL,FAIL,VALID_LIVE_QUOTE,,,PIT_FUNDAMENTALS_V1
RANEHOLDIN,False,False,False,False,False,False,True,REJECTED,FULLY_EVALUABLE,FAIL,FAIL,VALID_LIVE_QUOTE,,,PIT_FUNDAMENTALS_V1
RATEGAIN,False,False,False,False,False,False,True,REJECTED,FULLY_EVALUABLE,FAIL,FAIL,VALID_LIVE_QUOTE,,,PIT_FUNDAMENTALS_V1
RATNAMANI,False,False,False,False,False,False,True,REJECTED,FULLY_EVALUABLE,FAIL,FAIL,VALID_LIVE_QUOTE,,,PIT_FUNDAMENTALS_V1
RATNAVEER,False,False,False,False,False,False,True,REJECTED,FULLY_EVALUABLE,FAIL,FAIL,VALID_LIVE_QUOTE,,,PIT_FUNDAMENTALS_V1
RCF,False,False,False,False,False,False,True,REJECTED,FULLY_EVALUABLE,FAIL,PASS,VALID_LIVE_QUOTE,,,PIT_FUNDAMENTALS_V1
RECLTD,False,False,False,False,False,False,True,REJECTED,FULLY_EVALUABLE,EXCLUDED_FINANCIAL,EXCLUDED_FINANCIAL,VALID_LIVE_QUOTE,,,PIT_FUNDAMENTALS_V1
REDINGTON,False,False,False,False,False,False,True,REJECTED,FULLY_EVALUABLE,FAIL,FAIL,VALID_LIVE_QUOTE,,,PIT_FUNDAMENTALS_V1
REDTAPE,False,False,False,False,False,False,True,REJECTED,FULLY_EVALUABLE,FAIL,PASS,VALID_LIVE_QUOTE,,,PIT_FUNDAMENTALS_V1
REFEX,False,False,False,False,False,False,True,REJECTED,FULLY_EVALUABLE,FAIL,PASS,VALID_LIVE_QUOTE,,,PIT_FUNDAMENTALS_V1
RELAXO,False,False,False,False,False,False,True,REJECTED,FULLY_EVALUABLE,FAIL,PASS,VALID_LIVE_QUOTE,,,PIT_FUNDAMENTALS_V1
RELIANCE,False,False,False,False,False,False,True,REJECTED,FULLY_EVALUABLE,FAIL,FAIL,VALID_LIVE_QUOTE,,,PIT_FUNDAMENTALS_V1
RELTD,False,False,False,False,False,False,True,REJECTED,FULLY_EVALUABLE,FAIL,PASS,VALID_LIVE_QUOTE,,,PIT_FUNDAMENTALS_V1
REPCOHOME,False,False,False,False,False,False,True,REJECTED,FULLY_EVALUABLE,EXCLUDED_FINANCIAL,EXCLUDED_FINANCIAL,VALID_LIVE_QUOTE,,,PIT_FUNDAMENTALS_V1
RESPONIND,False,False,False,False,False,False,True,REJECTED,FULLY_EVALUABLE,FAIL,FAIL,VALID_LIVE_QUOTE,,,PIT_FUNDAMENTALS_V1
RISHABH,False,False,False,False,False,False,True,REJECTED,FULLY_EVALUABLE,FAIL,FAIL,VALID_LIVE_QUOTE,,,PIT_FUNDAMENTALS_V1
RITES,False,False,False,False,False,False,True,REJECTED,FULLY_EVALUABLE,FAIL,FAIL,VALID_LIVE_QUOTE,,,PIT_FUNDAMENTALS_V1
RML,False,False,False,False,False,False,True,REJECTED,FULLY_EVALUABLE,FAIL,FAIL,VALID_LIVE_QUOTE,,,PIT_FUNDAMENTALS_V1
ROLEXRINGS,False,False,False,False,False,False,True,REJECTED,FULLY_EVALUABLE,PASS,FAIL,VALID_LIVE_QUOTE,,,PIT_FUNDAMENTALS_V1
ROSSARI,False,False,False,False,False,False,True,REJECTED,FULLY_EVALUABLE,FAIL,PASS,VALID_LIVE_QUOTE,,,PIT_FUNDAMENTALS_V1
ROSSTECH,False,False,False,False,False,False,True,REJECTED,FULLY_EVALUABLE,FAIL,FAIL,VALID_LIVE_QUOTE,,,PIT_FUNDAMENTALS_V1
ROUTE,False,False,False,False,False,False,True,BUY_ALERT,FULLY_EVALUABLE,PASS,PASS,VALID_LIVE_QUOTE,,,PIT_FUNDAMENTALS_V1
RPEL,False,False,False,False,False,False,True,REJECTED,FULLY_EVALUABLE,FAIL,FAIL,VALID_LIVE_QUOTE,,,PIT_FUNDAMENTALS_V1
RPGLIFE,False,False,False,False,False,False,True,REJECTED,FULLY_EVALUABLE,FAIL,FAIL,VALID_LIVE_QUOTE,,,PIT_FUNDAMENTALS_V1
RPTECH,False,False,False,False,False,False,True,REJECTED,FULLY_EVALUABLE,FAIL,FAIL,VALID_LIVE_QUOTE,,,PIT_FUNDAMENTALS_V1
RRKABEL,False,False,False,False,False,False,True,REJECTED,FULLY_EVALUABLE,PASS,FAIL,VALID_LIVE_QUOTE,,,PIT_FUNDAMENTALS_V1
RSYSTEMS,False,False,False,False,False,False,True,REJECTED,FULLY_EVALUABLE,FAIL,PASS,VALID_LIVE_QUOTE,,,PIT_FUNDAMENTALS_V1
RUBICON,False,False,False,False,False,False,True,REJECTED,FULLY_EVALUABLE,FAIL,FAIL,VALID_LIVE_QUOTE,,,PIT_FUNDAMENTALS_V1
RVNL,False,False,False,False,False,False,True,REJECTED,FULLY_EVALUABLE,FAIL,FAIL,VALID_LIVE_QUOTE,,,PIT_FUNDAMENTALS_V1
SAATVIKGL,False,False,False,False,False,False,True,REJECTED,FULLY_EVALUABLE,FAIL,FAIL,VALID_LIVE_QUOTE,,,PIT_FUNDAMENTALS_V1
SAFARI,False,False,False,False,False,False,True,REJECTED,FULLY_EVALUABLE,FAIL,FAIL,VALID_LIVE_QUOTE,,,PIT_FUNDAMENTALS_V1
SAILIFE,False,False,False,False,False,False,True,REJECTED,FULLY_EVALUABLE,FAIL,FAIL,VALID_LIVE_QUOTE,,,PIT_FUNDAMENTALS_V1
SAKAR,False,False,False,False,False,False,True,REJECTED,FULLY_EVALUABLE,FAIL,FAIL,VALID_LIVE_QUOTE,,,PIT_FUNDAMENTALS_V1
SAKSOFT,False,False,False,False,False,False,True,BUY_ALERT,FULLY_EVALUABLE,PASS,PASS,VALID_LIVE_QUOTE,,,PIT_FUNDAMENTALS_V1
SALZERELEC,False,False,False,False,False,False,True,REJECTED,FULLY_EVALUABLE,FAIL,PASS,VALID_LIVE_QUOTE,,,PIT_FUNDAMENTALS_V1
SAMBHV,False,False,False,False,False,False,True,REJECTED,FULLY_EVALUABLE,PASS,FAIL,VALID_LIVE_QUOTE,,,PIT_FUNDAMENTALS_V1
SAMHI,False,False,False,False,False,False,True,REJECTED,FULLY_EVALUABLE,FAIL,FAIL,VALID_LIVE_QUOTE,,,PIT_FUNDAMENTALS_V1
SANDHAR,False,False,False,False,False,False,True,REJECTED,FULLY_EVALUABLE,FAIL,FAIL,VALID_LIVE_QUOTE,,,PIT_FUNDAMENTALS_V1
SANDUMA,False,True,False,False,False,True,False,INCOMPLETE,DATA_FAILURE,NOT_EVALUATED,PASS,VALID_LIVE_QUOTE,,QUALITY_METRIC_CALCULATION_FAILURE,PIT_FUNDAMENTALS_V1
SANGHVIMOV,False,True,False,False,False,True,False,INCOMPLETE,DATA_FAILURE,NOT_EVALUATED,FAIL,VALID_LIVE_QUOTE,,QUALITY_METRIC_CALCULATION_FAILURE,PIT_FUNDAMENTALS_V1
SANOFICONR,False,False,False,False,False,False,True,REJECTED,FULLY_EVALUABLE,FAIL,FAIL,VALID_LIVE_QUOTE,,,PIT_FUNDAMENTALS_V1
SANSERA,False,False,False,False,False,False,True,REJECTED,FULLY_EVALUABLE,FAIL,FAIL,VALID_LIVE_QUOTE,,,PIT_FUNDAMENTALS_V1
SARDAEN,False,False,False,False,False,False,True,BUY_ALERT,FULLY_EVALUABLE,PASS,PASS,VALID_LIVE_QUOTE,,,PIT_FUNDAMENTALS_V1
SAREGAMA,False,False,False,False,False,False,True,REJECTED,FULLY_EVALUABLE,FAIL,FAIL,VALID_LIVE_QUOTE,,,PIT_FUNDAMENTALS_V1
SATIN,False,False,False,False,False,False,True,REJECTED,FULLY_EVALUABLE,EXCLUDED_FINANCIAL,EXCLUDED_FINANCIAL,VALID_LIVE_QUOTE,,,PIT_FUNDAMENTALS_V1
SBCL,False,False,False,False,False,False,True,REJECTED,FULLY_EVALUABLE,FAIL,FAIL,VALID_LIVE_QUOTE,,,PIT_FUNDAMENTALS_V1
SBICARD,False,False,False,False,False,False,True,REJECTED,FULLY_EVALUABLE,EXCLUDED_FINANCIAL,EXCLUDED_FINANCIAL,VALID_LIVE_QUOTE,,,PIT_FUNDAMENTALS_V1
SBILIFE,False,False,False,False,False,False,True,REJECTED,FULLY_EVALUABLE,EXCLUDED_FINANCIAL,EXCLUDED_FINANCIAL,VALID_LIVE_QUOTE,,,PIT_FUNDAMENTALS_V1
SBIN,False,False,False,False,False,False,True,REJECTED,FULLY_EVALUABLE,EXCLUDED_FINANCIAL,EXCLUDED_FINANCIAL,VALID_LIVE_QUOTE,,,PIT_FUNDAMENTALS_V1
SCHAEFFLER,False,False,False,False,False,False,True,REJECTED,FULLY_EVALUABLE,FAIL,FAIL,VALID_LIVE_QUOTE,,,PIT_FUNDAMENTALS_V1
SCHNEIDER,False,False,False,False,False,False,True,REJECTED,FULLY_EVALUABLE,FAIL,FAIL,VALID_LIVE_QUOTE,,,PIT_FUNDAMENTALS_V1
SCI,False,False,False,False,False,False,True,REJECTED,FULLY_EVALUABLE,FAIL,FAIL,VALID_LIVE_QUOTE,,,PIT_FUNDAMENTALS_V1
SEAMECLTD,False,False,False,False,False,False,True,REJECTED,FULLY_EVALUABLE,FAIL,FAIL,VALID_LIVE_QUOTE,,,PIT_FUNDAMENTALS_V1
SENCO,False,False,False,False,False,False,True,REJECTED,FULLY_EVALUABLE,FAIL,PASS,VALID_LIVE_QUOTE,,,PIT_FUNDAMENTALS_V1
SENORES,False,False,False,False,False,False,True,REJECTED,FULLY_EVALUABLE,FAIL,FAIL,VALID_LIVE_QUOTE,,,PIT_FUNDAMENTALS_V1
SERVOTECH,False,False,False,False,False,False,True,REJECTED,FULLY_EVALUABLE,FAIL,PASS,VALID_LIVE_QUOTE,,,PIT_FUNDAMENTALS_V1
SETL,False,False,False,False,False,False,True,REJECTED,FULLY_EVALUABLE,FAIL,FAIL,VALID_LIVE_QUOTE,,,PIT_FUNDAMENTALS_V1
SGFIN,False,False,False,False,False,False,True,REJECTED,FULLY_EVALUABLE,EXCLUDED_FINANCIAL,EXCLUDED_FINANCIAL,VALID_LIVE_QUOTE,,,PIT_FUNDAMENTALS_V1
SHAILY,False,False,False,False,False,False,True,REJECTED,FULLY_EVALUABLE,PASS,FAIL,VALID_LIVE_QUOTE,,,PIT_FUNDAMENTALS_V1
SHAKTIPUMP,False,False,False,False,False,False,True,REJECTED,FULLY_EVALUABLE,FAIL,PASS,VALID_LIVE_QUOTE,,,PIT_FUNDAMENTALS_V1
SHANTIGEAR,False,False,False,False,False,False,True,REJECTED,FULLY_EVALUABLE,PASS,FAIL,VALID_LIVE_QUOTE,,,PIT_FUNDAMENTALS_V1
SHARDACROP,False,False,False,False,False,False,True,BUY_ALERT,FULLY_EVALUABLE,PASS,PASS,VALID_LIVE_QUOTE,,,PIT_FUNDAMENTALS_V1
SHARDAMOTR,False,False,False,False,False,False,True,REJECTED,FULLY_EVALUABLE,FAIL,FAIL,VALID_LIVE_QUOTE,,,PIT_FUNDAMENTALS_V1
SHAREINDIA,False,False,False,False,False,False,True,REJECTED,FULLY_EVALUABLE,EXCLUDED_FINANCIAL,EXCLUDED_FINANCIAL,VALID_LIVE_QUOTE,,,PIT_FUNDAMENTALS_V1
SHILCTECH,False,False,False,False,False,False,True,REJECTED,FULLY_EVALUABLE,FAIL,FAIL,VALID_LIVE_QUOTE,,,PIT_FUNDAMENTALS_V1
SHILPAMED,False,False,False,False,False,False,True,REJECTED,FULLY_EVALUABLE,FAIL,FAIL,VALID_LIVE_QUOTE,,,PIT_FUNDAMENTALS_V1
SHREEJISPG,False,False,False,False,False,False,True,REJECTED,FULLY_EVALUABLE,FAIL,FAIL,VALID_LIVE_QUOTE,,,PIT_FUNDAMENTALS_V1
SHREEPUSHK,False,False,False,False,False,False,True,REJECTED,FULLY_EVALUABLE,FAIL,FAIL,VALID_LIVE_QUOTE,,,PIT_FUNDAMENTALS_V1
SHREMINVIT,False,False,False,False,False,False,True,REJECTED,FULLY_EVALUABLE,FAIL,FAIL,VALID_LIVE_QUOTE,,,PIT_FUNDAMENTALS_V1
SHRINGARMS,False,False,False,False,False,False,True,REJECTED,FULLY_EVALUABLE,FAIL,FAIL,VALID_LIVE_QUOTE,,,PIT_FUNDAMENTALS_V1
SHRIPISTON,False,False,False,False,False,False,True,REJECTED,FULLY_EVALUABLE,FAIL,FAIL,VALID_LIVE_QUOTE,,,PIT_FUNDAMENTALS_V1
SHRIRAMFIN,False,False,False,False,False,False,True,REJECTED,FULLY_EVALUABLE,EXCLUDED_FINANCIAL,EXCLUDED_FINANCIAL,VALID_LIVE_QUOTE,,,PIT_FUNDAMENTALS_V1
SHYAMMETL,False,False,False,False,False,False,True,REJECTED,FULLY_EVALUABLE,FAIL,FAIL,VALID_LIVE_QUOTE,,,PIT_FUNDAMENTALS_V1
SIGMAADV,False,False,False,False,False,False,True,REJECTED,FULLY_EVALUABLE,FAIL,FAIL,VALID_LIVE_QUOTE,,,PIT_FUNDAMENTALS_V1
SIGNATURE,False,False,False,False,False,False,True,REJECTED,FULLY_EVALUABLE,FAIL,PASS,VALID_LIVE_QUOTE,,,PIT_FUNDAMENTALS_V1
SIGNPOST,False,False,False,False,False,False,True,REJECTED,FULLY_EVALUABLE,FAIL,PASS,VALID_LIVE_QUOTE,,,PIT_FUNDAMENTALS_V1
SIKA,False,False,False,False,False,False,True,REJECTED,FULLY_EVALUABLE,PASS,FAIL,VALID_LIVE_QUOTE,,,PIT_FUNDAMENTALS_V1
SIRCA,False,False,False,False,False,False,True,REJECTED,FULLY_EVALUABLE,FAIL,FAIL,VALID_LIVE_QUOTE,,,PIT_FUNDAMENTALS_V1
SIYSIL,False,False,False,False,False,False,True,REJECTED,FULLY_EVALUABLE,FAIL,FAIL,VALID_LIVE_QUOTE,,,PIT_FUNDAMENTALS_V1
SJS,False,False,False,False,False,False,True,REJECTED,FULLY_EVALUABLE,PASS,FAIL,VALID_LIVE_QUOTE,,,PIT_FUNDAMENTALS_V1
SKIPPER,False,False,False,False,False,False,True,REJECTED,FULLY_EVALUABLE,FAIL,FAIL,VALID_LIVE_QUOTE,,,PIT_FUNDAMENTALS_V1
SKMEGGPROD,False,False,False,False,False,False,True,REJECTED,FULLY_EVALUABLE,PASS,FAIL,VALID_LIVE_QUOTE,,,PIT_FUNDAMENTALS_V1
SMLMAH,False,False,False,False,False,False,True,REJECTED,FULLY_EVALUABLE,FAIL,FAIL,VALID_LIVE_QUOTE,,,PIT_FUNDAMENTALS_V1
SMSPHARMA,False,False,False,False,False,False,True,REJECTED,FULLY_EVALUABLE,FAIL,FAIL,VALID_LIVE_QUOTE,,,PIT_FUNDAMENTALS_V1
SOLARINDS,False,False,False,False,False,False,True,REJECTED,FULLY_EVALUABLE,PASS,FAIL,VALID_LIVE_QUOTE,,,PIT_FUNDAMENTALS_V1
SOLARWORLD,False,False,False,False,False,False,True,REJECTED,FULLY_EVALUABLE,FAIL,PASS,VALID_LIVE_QUOTE,,,PIT_FUNDAMENTALS_V1
SOLEX,False,False,False,False,False,False,True,REJECTED,FULLY_EVALUABLE,FAIL,PASS,VALID_LIVE_QUOTE,,,PIT_FUNDAMENTALS_V1
SOMANYCERA,False,False,False,False,False,False,True,REJECTED,FULLY_EVALUABLE,FAIL,FAIL,VALID_LIVE_QUOTE,,,PIT_FUNDAMENTALS_V1
SONACOMS,False,False,False,False,False,False,True,REJECTED,FULLY_EVALUABLE,PASS,FAIL,VALID_LIVE_QUOTE,,,PIT_FUNDAMENTALS_V1
SONATSOFTW,False,False,False,False,False,False,True,BUY_ALERT,FULLY_EVALUABLE,PASS,PASS,VALID_LIVE_QUOTE,,,PIT_FUNDAMENTALS_V1
SOTL,False,False,False,False,False,False,True,REJECTED,FULLY_EVALUABLE,FAIL,FAIL,VALID_LIVE_QUOTE,,,PIT_FUNDAMENTALS_V1
SPAL,False,False,False,False,False,False,True,REJECTED,FULLY_EVALUABLE,FAIL,FAIL,VALID_LIVE_QUOTE,,,PIT_FUNDAMENTALS_V1
SPARC,False,True,False,False,False,True,False,INCOMPLETE,DATA_FAILURE,NOT_EVALUATED,FAIL,VALID_LIVE_QUOTE,,QUALITY_METRIC_CALCULATION_FAILURE,PIT_FUNDAMENTALS_V1
SPECTRUM,False,False,False,False,False,False,True,REJECTED,FULLY_EVALUABLE,FAIL,FAIL,VALID_LIVE_QUOTE,,,PIT_FUNDAMENTALS_V1
SPMLINFRA,False,False,False,False,False,False,True,REJECTED,FULLY_EVALUABLE,FAIL,PASS,VALID_LIVE_QUOTE,,,PIT_FUNDAMENTALS_V1
SPORTKING,False,False,False,False,False,False,True,REJECTED,FULLY_EVALUABLE,FAIL,FAIL,VALID_LIVE_QUOTE,,,PIT_FUNDAMENTALS_V1
SRF,False,False,False,False,False,False,True,REJECTED,FULLY_EVALUABLE,FAIL,FAIL,VALID_LIVE_QUOTE,,,PIT_FUNDAMENTALS_V1
SRM,False,False,False,False,False,False,True,REJECTED,FULLY_EVALUABLE,FAIL,PASS,VALID_LIVE_QUOTE,,,PIT_FUNDAMENTALS_V1
SSWL,False,False,False,False,False,False,True,REJECTED,FULLY_EVALUABLE,FAIL,FAIL,VALID_LIVE_QUOTE,,,PIT_FUNDAMENTALS_V1
STALLION,False,False,False,False,False,False,True,REJECTED,FULLY_EVALUABLE,FAIL,FAIL,VALID_LIVE_QUOTE,,,PIT_FUNDAMENTALS_V1
STARCEMENT,False,False,False,False,False,False,True,REJECTED,FULLY_EVALUABLE,FAIL,PASS,VALID_LIVE_QUOTE,,,PIT_FUNDAMENTALS_V1
STEELCAS,False,False,False,False,False,False,True,REJECTED,FULLY_EVALUABLE,PASS,FAIL,VALID_LIVE_QUOTE,,,PIT_FUNDAMENTALS_V1
STOVEKRAFT,False,False,False,False,False,False,True,REJECTED,FULLY_EVALUABLE,FAIL,FAIL,VALID_LIVE_QUOTE,,,PIT_FUNDAMENTALS_V1
STYLAMIND,False,False,False,False,False,False,True,REJECTED,FULLY_EVALUABLE,PASS,FAIL,VALID_LIVE_QUOTE,,,PIT_FUNDAMENTALS_V1
STYLEBAAZA,False,False,False,False,False,False,True,REJECTED,FULLY_EVALUABLE,FAIL,FAIL,VALID_LIVE_QUOTE,,,PIT_FUNDAMENTALS_V1
STYRENIX,False,True,False,False,False,True,False,INCOMPLETE,DATA_FAILURE,NOT_EVALUATED,FAIL,VALID_LIVE_QUOTE,,QUALITY_METRIC_CALCULATION_FAILURE,PIT_FUNDAMENTALS_V1
SUBROS,False,False,False,False,False,False,True,REJECTED,FULLY_EVALUABLE,FAIL,FAIL,VALID_LIVE_QUOTE,,,PIT_FUNDAMENTALS_V1
SUDEEPPHRM,False,False,False,False,False,False,True,REJECTED,FULLY_EVALUABLE,FAIL,FAIL,VALID_LIVE_QUOTE,,,PIT_FUNDAMENTALS_V1
SUMICHEM,False,False,False,False,False,False,True,REJECTED,FULLY_EVALUABLE,FAIL,FAIL,VALID_LIVE_QUOTE,,,PIT_FUNDAMENTALS_V1
SUNCLAY,False,False,False,False,False,False,True,REJECTED,FULLY_EVALUABLE,FAIL,FAIL,VALID_LIVE_QUOTE,,,PIT_FUNDAMENTALS_V1
SUNDARMFIN,False,False,False,False,False,False,True,REJECTED,FULLY_EVALUABLE,EXCLUDED_FINANCIAL,EXCLUDED_FINANCIAL,VALID_LIVE_QUOTE,,,PIT_FUNDAMENTALS_V1
SUNDRMFAST,False,False,False,False,False,False,True,REJECTED,FULLY_EVALUABLE,PASS,FAIL,VALID_LIVE_QUOTE,,,PIT_FUNDAMENTALS_V1
SUNPHARMA,False,False,False,False,False,False,True,REJECTED,FULLY_EVALUABLE,PASS,FAIL,VALID_LIVE_QUOTE,,,PIT_FUNDAMENTALS_V1
SUNTV,False,False,False,False,False,False,True,REJECTED,FULLY_EVALUABLE,FAIL,FAIL,VALID_LIVE_QUOTE,,,PIT_FUNDAMENTALS_V1
SUPRAJIT,False,False,False,False,False,False,True,REJECTED,FULLY_EVALUABLE,FAIL,FAIL,VALID_LIVE_QUOTE,,,PIT_FUNDAMENTALS_V1
SUPREMEIND,False,False,False,False,False,False,True,REJECTED,FULLY_EVALUABLE,FAIL,PASS,VALID_LIVE_QUOTE,,,PIT_FUNDAMENTALS_V1
SUPRIYA,False,False,False,False,False,False,True,REJECTED,FULLY_EVALUABLE,FAIL,FAIL,VALID_LIVE_QUOTE,,,PIT_FUNDAMENTALS_V1
SURAKSHA,False,False,False,False,False,False,True,REJECTED,FULLY_EVALUABLE,FAIL,FAIL,VALID_LIVE_QUOTE,,,PIT_FUNDAMENTALS_V1
SURYAROSNI,False,False,False,False,False,False,True,REJECTED,FULLY_EVALUABLE,FAIL,FAIL,VALID_LIVE_QUOTE,,,PIT_FUNDAMENTALS_V1
SWARAJENG,False,False,False,False,False,False,True,REJECTED,FULLY_EVALUABLE,PASS,FAIL,VALID_LIVE_QUOTE,,,PIT_FUNDAMENTALS_V1
SYRMA,False,False,False,False,False,False,True,REJECTED,FULLY_EVALUABLE,FAIL,FAIL,VALID_LIVE_QUOTE,,,PIT_FUNDAMENTALS_V1
TAALTECH,False,False,False,False,False,False,True,REJECTED,FULLY_EVALUABLE,FAIL,FAIL,VALID_LIVE_QUOTE,,,PIT_FUNDAMENTALS_V1
TAJGVK,False,False,False,False,False,False,True,REJECTED,FULLY_EVALUABLE,FAIL,FAIL,VALID_LIVE_QUOTE,,,PIT_FUNDAMENTALS_V1
TALBROAUTO,False,False,False,False,False,False,True,REJECTED,FULLY_EVALUABLE,PASS,FAIL,VALID_LIVE_QUOTE,,,PIT_FUNDAMENTALS_V1
TANLA,False,False,False,False,False,False,True,REJECTED,FULLY_EVALUABLE,FAIL,PASS,VALID_LIVE_QUOTE,,,PIT_FUNDAMENTALS_V1
TARIL,False,False,False,False,False,False,True,REJECTED,FULLY_EVALUABLE,FAIL,PASS,VALID_LIVE_QUOTE,,,PIT_FUNDAMENTALS_V1
TASTYBITE,False,False,False,False,False,False,True,REJECTED,FULLY_EVALUABLE,FAIL,FAIL,VALID_LIVE_QUOTE,,,PIT_FUNDAMENTALS_V1
TATACAP,False,False,False,False,False,False,True,REJECTED,FULLY_EVALUABLE,EXCLUDED_FINANCIAL,EXCLUDED_FINANCIAL,VALID_LIVE_QUOTE,,,PIT_FUNDAMENTALS_V1
TATACOMM,False,False,False,False,False,False,True,REJECTED,FULLY_EVALUABLE,FAIL,FAIL,VALID_LIVE_QUOTE,,,PIT_FUNDAMENTALS_V1
TATAELXSI,False,False,False,False,False,False,True,BUY_ALERT,FULLY_EVALUABLE,PASS,PASS,VALID_LIVE_QUOTE,,,PIT_FUNDAMENTALS_V1
TATAPOWER,False,False,False,False,False,False,True,REJECTED,FULLY_EVALUABLE,FAIL,FAIL,VALID_LIVE_QUOTE,,,PIT_FUNDAMENTALS_V1
TATASTEEL,False,False,False,False,False,False,True,REJECTED,FULLY_EVALUABLE,FAIL,FAIL,VALID_LIVE_QUOTE,,,PIT_FUNDAMENTALS_V1
TATATECH,False,False,False,False,False,False,True,REJECTED,FULLY_EVALUABLE,FAIL,FAIL,VALID_LIVE_QUOTE,,,PIT_FUNDAMENTALS_V1
TBOTEK,False,False,False,False,False,False,True,REJECTED,FULLY_EVALUABLE,FAIL,FAIL,VALID_LIVE_QUOTE,,,PIT_FUNDAMENTALS_V1
TBZ,False,False,False,False,False,False,True,REJECTED,FULLY_EVALUABLE,FAIL,FAIL,VALID_LIVE_QUOTE,,,PIT_FUNDAMENTALS_V1
TCI,False,False,False,False,False,False,True,REJECTED,FULLY_EVALUABLE,PASS,FAIL,VALID_LIVE_QUOTE,,,PIT_FUNDAMENTALS_V1
TCIEXP,False,False,False,False,False,False,True,REJECTED,FULLY_EVALUABLE,FAIL,FAIL,VALID_LIVE_QUOTE,,,PIT_FUNDAMENTALS_V1
TCPLPACK,False,False,False,False,False,False,True,REJECTED,FULLY_EVALUABLE,FAIL,FAIL,VALID_LIVE_QUOTE,,,PIT_FUNDAMENTALS_V1
TCS,False,False,False,False,False,False,True,REJECTED,FULLY_EVALUABLE,FAIL,PASS,VALID_LIVE_QUOTE,,,PIT_FUNDAMENTALS_V1
TDPOWERSYS,False,False,False,False,False,False,True,REJECTED,FULLY_EVALUABLE,FAIL,FAIL,VALID_LIVE_QUOTE,,,PIT_FUNDAMENTALS_V1
TEAMLEASE,False,False,False,False,False,False,True,REJECTED,FULLY_EVALUABLE,FAIL,PASS,VALID_LIVE_QUOTE,,,PIT_FUNDAMENTALS_V1
TECHM,False,False,False,False,False,False,True,REJECTED,FULLY_EVALUABLE,FAIL,FAIL,VALID_LIVE_QUOTE,,,PIT_FUNDAMENTALS_V1
TECHNOE,False,False,False,False,False,False,True,REJECTED,FULLY_EVALUABLE,FAIL,PASS,VALID_LIVE_QUOTE,,,PIT_FUNDAMENTALS_V1
TENNIND,False,False,False,False,False,False,True,REJECTED,FULLY_EVALUABLE,FAIL,FAIL,VALID_LIVE_QUOTE,,,PIT_FUNDAMENTALS_V1
THANGAMAYL,False,False,False,False,False,False,True,REJECTED,FULLY_EVALUABLE,FAIL,FAIL,VALID_LIVE_QUOTE,,,PIT_FUNDAMENTALS_V1
THEJO,False,False,False,False,False,False,True,REJECTED,FULLY_EVALUABLE,FAIL,FAIL,VALID_LIVE_QUOTE,,,PIT_FUNDAMENTALS_V1
THELEELA,False,False,False,False,False,False,True,REJECTED,FULLY_EVALUABLE,FAIL,FAIL,VALID_LIVE_QUOTE,,,PIT_FUNDAMENTALS_V1
THERMAX,False,False,False,False,False,False,True,REJECTED,FULLY_EVALUABLE,FAIL,PASS,VALID_LIVE_QUOTE,,,PIT_FUNDAMENTALS_V1
THYROCARE,False,False,False,False,False,False,True,REJECTED,FULLY_EVALUABLE,FAIL,FAIL,VALID_LIVE_QUOTE,,,PIT_FUNDAMENTALS_V1
TIIL,False,False,False,False,False,False,True,REJECTED,FULLY_EVALUABLE,FAIL,FAIL,VALID_LIVE_QUOTE,,,PIT_FUNDAMENTALS_V1
TIINDIA,False,False,False,False,False,False,True,BUY_ALERT,FULLY_EVALUABLE,PASS,PASS,VALID_LIVE_QUOTE,,,PIT_FUNDAMENTALS_V1
TIMETECHNO,False,False,False,False,False,False,True,REJECTED,FULLY_EVALUABLE,PASS,FAIL,VALID_LIVE_QUOTE,,,PIT_FUNDAMENTALS_V1
TIMEX,False,False,False,False,False,False,True,REJECTED,FULLY_EVALUABLE,FAIL,FAIL,VALID_LIVE_QUOTE,,,PIT_FUNDAMENTALS_V1
TIMKEN,False,False,False,False,False,False,True,REJECTED,FULLY_EVALUABLE,FAIL,FAIL,VALID_LIVE_QUOTE,,,PIT_FUNDAMENTALS_V1
TINNARUBR,False,False,False,False,False,False,True,REJECTED,FULLY_EVALUABLE,FAIL,FAIL,VALID_LIVE_QUOTE,,,PIT_FUNDAMENTALS_V1
TIPSMUSIC,False,False,False,False,False,False,True,BUY_ALERT,FULLY_EVALUABLE,PASS,PASS,VALID_LIVE_QUOTE,,,PIT_FUNDAMENTALS_V1
TITAN,False,False,False,False,False,False,True,REJECTED,FULLY_EVALUABLE,FAIL,FAIL,VALID_LIVE_QUOTE,,,PIT_FUNDAMENTALS_V1
TMB,False,False,False,False,False,False,True,REJECTED,FULLY_EVALUABLE,EXCLUDED_FINANCIAL,EXCLUDED_FINANCIAL,VALID_LIVE_QUOTE,,,PIT_FUNDAMENTALS_V1
TNPL,False,False,False,False,False,False,True,REJECTED,FULLY_EVALUABLE,FAIL,FAIL,VALID_LIVE_QUOTE,,,PIT_FUNDAMENTALS_V1
TORNTPHARM,False,False,False,False,False,False,True,REJECTED,FULLY_EVALUABLE,FAIL,FAIL,VALID_LIVE_QUOTE,,,PIT_FUNDAMENTALS_V1
TORNTPOWER,False,False,False,False,False,False,True,REJECTED,FULLY_EVALUABLE,FAIL,FAIL,VALID_LIVE_QUOTE,,,PIT_FUNDAMENTALS_V1
TRANSRAILL,False,False,False,False,False,False,True,BUY_ALERT,FULLY_EVALUABLE,PASS,PASS,VALID_LIVE_QUOTE,,,PIT_FUNDAMENTALS_V1
TRAVELFOOD,False,False,False,False,False,False,True,REJECTED,FULLY_EVALUABLE,FAIL,FAIL,VALID_LIVE_QUOTE,,,PIT_FUNDAMENTALS_V1
TRENT,False,False,False,False,False,False,True,REJECTED,FULLY_EVALUABLE,FAIL,PASS,VALID_LIVE_QUOTE,,,PIT_FUNDAMENTALS_V1
TRITURBINE,False,False,False,False,False,False,True,REJECTED,FULLY_EVALUABLE,PASS,FAIL,VALID_LIVE_QUOTE,,,PIT_FUNDAMENTALS_V1
TRUALT,False,False,False,False,False,False,True,REJECTED,FULLY_EVALUABLE,FAIL,FAIL,VALID_LIVE_QUOTE,,,PIT_FUNDAMENTALS_V1
TSFINV,False,False,False,False,False,False,True,REJECTED,FULLY_EVALUABLE,EXCLUDED_FINANCIAL,EXCLUDED_FINANCIAL,VALID_LIVE_QUOTE,,,PIT_FUNDAMENTALS_V1
TTKPRESTIG,False,False,False,False,False,False,True,REJECTED,FULLY_EVALUABLE,FAIL,FAIL,VALID_LIVE_QUOTE,,,PIT_FUNDAMENTALS_V1
TVSMOTOR,False,False,False,False,False,False,True,REJECTED,FULLY_EVALUABLE,FAIL,FAIL,VALID_LIVE_QUOTE,,,PIT_FUNDAMENTALS_V1
UBL,False,False,False,False,False,False,True,REJECTED,FULLY_EVALUABLE,FAIL,PASS,VALID_LIVE_QUOTE,,,PIT_FUNDAMENTALS_V1
UDS,False,False,False,False,False,False,True,REJECTED,FULLY_EVALUABLE,FAIL,FAIL,VALID_LIVE_QUOTE,,,PIT_FUNDAMENTALS_V1
ULTRACEMCO,False,False,False,False,False,False,True,REJECTED,FULLY_EVALUABLE,FAIL,FAIL,VALID_LIVE_QUOTE,,,PIT_FUNDAMENTALS_V1
ULTRAMAR,False,False,False,False,False,False,True,REJECTED,FULLY_EVALUABLE,FAIL,FAIL,VALID_LIVE_QUOTE,,,PIT_FUNDAMENTALS_V1
UNICHEMLAB,False,False,False,False,False,False,True,REJECTED,FULLY_EVALUABLE,FAIL,FAIL,VALID_LIVE_QUOTE,,,PIT_FUNDAMENTALS_V1
UNIMECH,False,False,False,False,False,False,True,REJECTED,FULLY_EVALUABLE,PASS,FAIL,VALID_LIVE_QUOTE,,,PIT_FUNDAMENTALS_V1
UNIONBANK,False,False,False,False,False,False,True,REJECTED,FULLY_EVALUABLE,EXCLUDED_FINANCIAL,EXCLUDED_FINANCIAL,VALID_LIVE_QUOTE,,,PIT_FUNDAMENTALS_V1
UNIPARTS,False,False,False,False,False,False,True,REJECTED,FULLY_EVALUABLE,FAIL,FAIL,VALID_LIVE_QUOTE,,,PIT_FUNDAMENTALS_V1
UNITDSPR,False,False,False,False,False,False,True,REJECTED,FULLY_EVALUABLE,FAIL,FAIL,VALID_LIVE_QUOTE,,,PIT_FUNDAMENTALS_V1
UNIVCABLES,False,False,False,False,False,False,True,REJECTED,FULLY_EVALUABLE,FAIL,FAIL,VALID_LIVE_QUOTE,,,PIT_FUNDAMENTALS_V1
UNOMINDA,False,False,False,False,False,False,True,REJECTED,FULLY_EVALUABLE,PASS,FAIL,VALID_LIVE_QUOTE,,,PIT_FUNDAMENTALS_V1
USHAMART,False,False,False,False,False,False,True,REJECTED,FULLY_EVALUABLE,PASS,FAIL,VALID_LIVE_QUOTE,,,PIT_FUNDAMENTALS_V1
UTIAMC,False,False,False,False,False,False,True,REJECTED,FULLY_EVALUABLE,EXCLUDED_FINANCIAL,EXCLUDED_FINANCIAL,VALID_LIVE_QUOTE,,,PIT_FUNDAMENTALS_V1
UTLSOLAR,True,False,False,False,False,False,False,STRUCTURAL_INELIGIBLE,STRUCTURAL_INELIGIBLE,NOT_EVALUATED,NOT_EVALUATED,VALID_LIVE_QUOTE,INSUFFICIENT_HISTORICAL_EXISTENCE,,PIT_FUNDAMENTALS_V1
V2RETAIL,False,False,False,False,False,False,True,REJECTED,FULLY_EVALUABLE,FAIL,PASS,VALID_LIVE_QUOTE,,,PIT_FUNDAMENTALS_V1
VADILALIND,False,False,False,False,False,False,True,REJECTED,FULLY_EVALUABLE,PASS,FAIL,VALID_LIVE_QUOTE,,,PIT_FUNDAMENTALS_V1
VAIBHAVGBL,False,False,False,False,False,False,True,REJECTED,FULLY_EVALUABLE,FAIL,PASS,VALID_LIVE_QUOTE,,,PIT_FUNDAMENTALS_V1
VARROC,False,False,False,False,False,False,True,REJECTED,FULLY_EVALUABLE,FAIL,FAIL,VALID_LIVE_QUOTE,,,PIT_FUNDAMENTALS_V1
VBL,False,False,False,False,False,False,True,REJECTED,FULLY_EVALUABLE,PASS,FAIL,VALID_LIVE_QUOTE,,,PIT_FUNDAMENTALS_V1
VEEDOL,False,False,False,False,False,False,True,REJECTED,FULLY_EVALUABLE,FAIL,PASS,VALID_LIVE_QUOTE,,,PIT_FUNDAMENTALS_V1
VENKEYS,False,False,False,False,False,False,True,REJECTED,FULLY_EVALUABLE,FAIL,PASS,VALID_LIVE_QUOTE,,,PIT_FUNDAMENTALS_V1
VENTIVE,False,False,False,False,False,False,True,REJECTED,FULLY_EVALUABLE,FAIL,PASS,VALID_LIVE_QUOTE,,,PIT_FUNDAMENTALS_V1
VENUSPIPES,False,False,False,False,False,False,True,REJECTED,FULLY_EVALUABLE,FAIL,FAIL,VALID_LIVE_QUOTE,,,PIT_FUNDAMENTALS_V1
VENUSREM,False,False,False,False,False,False,True,REJECTED,FULLY_EVALUABLE,FAIL,FAIL,VALID_LIVE_QUOTE,,,PIT_FUNDAMENTALS_V1
VERANDA,False,False,False,False,False,False,True,REJECTED,FULLY_EVALUABLE,FAIL,FAIL,VALID_LIVE_QUOTE,,,PIT_FUNDAMENTALS_V1
VERTIS,False,False,False,False,False,False,True,REJECTED,FULLY_EVALUABLE,FAIL,PASS,VALID_LIVE_QUOTE,,,PIT_FUNDAMENTALS_V1
VESUVIUS,False,False,False,False,False,False,True,REJECTED,FULLY_EVALUABLE,FAIL,PASS,VALID_LIVE_QUOTE,,,PIT_FUNDAMENTALS_V1
VGUARD,False,False,False,False,False,False,True,REJECTED,FULLY_EVALUABLE,FAIL,PASS,VALID_LIVE_QUOTE,,,PIT_FUNDAMENTALS_V1
VIDHIING,False,False,False,False,False,False,True,REJECTED,FULLY_EVALUABLE,FAIL,PASS,VALID_LIVE_QUOTE,,,PIT_FUNDAMENTALS_V1
VIJAYA,False,False,False,False,False,False,True,REJECTED,FULLY_EVALUABLE,PASS,FAIL,VALID_LIVE_QUOTE,,,PIT_FUNDAMENTALS_V1
VIKRAMSOLR,False,False,False,False,False,False,True,BUY_ALERT,FULLY_EVALUABLE,PASS,PASS,VALID_LIVE_QUOTE,,,PIT_FUNDAMENTALS_V1
VIMTALABS,False,False,False,False,True,True,False,INCOMPLETE,FULLY_EVALUABLE,PASS,PASS,VALID_LIVE_QUOTE,,PIT_DATA_STALE: PIT_DATA_STALE: latest_annual_period=2024-03-31 is 2.5Y stale (max=2.0Y),PIT_FUNDAMENTALS_V1
VINATIORGA,False,False,False,False,False,False,True,BUY_ALERT,FULLY_EVALUABLE,PASS,PASS,VALID_LIVE_QUOTE,,,PIT_FUNDAMENTALS_V1
VINCOFE,False,False,False,False,False,False,True,REJECTED,FULLY_EVALUABLE,FAIL,FAIL,VALID_LIVE_QUOTE,,,PIT_FUNDAMENTALS_V1
VINYAS,True,False,False,False,False,False,False,STRUCTURAL_INELIGIBLE,STRUCTURAL_INELIGIBLE,NOT_EVALUATED,FAIL,VALID_LIVE_QUOTE,INSUFFICIENT_HISTORICAL_EXISTENCE,,PIT_FUNDAMENTALS_V1
VISHNU,False,False,False,False,False,False,True,REJECTED,FULLY_EVALUABLE,PASS,FAIL,VALID_LIVE_QUOTE,,,PIT_FUNDAMENTALS_V1
VIYASH,False,False,False,False,False,False,True,REJECTED,FULLY_EVALUABLE,FAIL,FAIL,VALID_LIVE_QUOTE,,,PIT_FUNDAMENTALS_V1
VMARCIND,False,False,False,False,False,False,True,REJECTED,FULLY_EVALUABLE,FAIL,PASS,VALID_LIVE_QUOTE,,,PIT_FUNDAMENTALS_V1
VMART,False,False,False,False,False,False,True,REJECTED,FULLY_EVALUABLE,FAIL,FAIL,VALID_LIVE_QUOTE,,,PIT_FUNDAMENTALS_V1
VMM,False,False,False,False,False,False,True,REJECTED,FULLY_EVALUABLE,FAIL,PASS,VALID_LIVE_QUOTE,,,PIT_FUNDAMENTALS_V1
VOLTAMP,False,False,False,False,False,False,True,REJECTED,FULLY_EVALUABLE,FAIL,FAIL,VALID_LIVE_QUOTE,,,PIT_FUNDAMENTALS_V1
VSSL,False,False,False,False,False,False,True,REJECTED,FULLY_EVALUABLE,FAIL,FAIL,VALID_LIVE_QUOTE,,,PIT_FUNDAMENTALS_V1
VSTIND,False,False,False,False,False,False,True,REJECTED,FULLY_EVALUABLE,FAIL,PASS,VALID_LIVE_QUOTE,,,PIT_FUNDAMENTALS_V1
VSTTILLERS,False,False,False,False,False,False,True,REJECTED,FULLY_EVALUABLE,FAIL,FAIL,VALID_LIVE_QUOTE,,,PIT_FUNDAMENTALS_V1
WAAREEENER,False,False,False,False,False,False,True,BUY_ALERT,FULLY_EVALUABLE,PASS,PASS,VALID_LIVE_QUOTE,,,PIT_FUNDAMENTALS_V1
WAAREEINDO,False,False,False,False,False,False,True,REJECTED,FULLY_EVALUABLE,FAIL,PASS,VALID_LIVE_QUOTE,,,PIT_FUNDAMENTALS_V1
WAAREERTL,False,False,False,False,False,False,True,REJECTED,FULLY_EVALUABLE,FAIL,PASS,VALID_LIVE_QUOTE,,,PIT_FUNDAMENTALS_V1
WABAG,False,False,False,False,False,False,True,REJECTED,FULLY_EVALUABLE,FAIL,FAIL,VALID_LIVE_QUOTE,,,PIT_FUNDAMENTALS_V1
WEBELSOLAR,False,False,False,False,False,False,True,BUY_ALERT,FULLY_EVALUABLE,PASS,PASS,VALID_LIVE_QUOTE,,,PIT_FUNDAMENTALS_V1
WELCORP,False,False,False,False,False,False,True,REJECTED,FULLY_EVALUABLE,PASS,FAIL,VALID_LIVE_QUOTE,,,PIT_FUNDAMENTALS_V1
WELENT,False,False,False,False,False,False,True,REJECTED,FULLY_EVALUABLE,FAIL,FAIL,VALID_LIVE_QUOTE,,,PIT_FUNDAMENTALS_V1
WHEELS,False,False,False,False,False,False,True,REJECTED,FULLY_EVALUABLE,FAIL,FAIL,VALID_LIVE_QUOTE,,,PIT_FUNDAMENTALS_V1
WINDLAS,False,False,False,False,False,False,True,REJECTED,FULLY_EVALUABLE,PASS,FAIL,VALID_LIVE_QUOTE,,,PIT_FUNDAMENTALS_V1
WIPRO,False,False,False,False,False,False,True,REJECTED,FULLY_EVALUABLE,FAIL,PASS,VALID_LIVE_QUOTE,,,PIT_FUNDAMENTALS_V1
WPIL,False,False,False,False,False,False,True,REJECTED,FULLY_EVALUABLE,FAIL,FAIL,VALID_LIVE_QUOTE,,,PIT_FUNDAMENTALS_V1
YATHARTH,False,False,False,False,False,False,True,REJECTED,FULLY_EVALUABLE,PASS,FAIL,VALID_LIVE_QUOTE,,,PIT_FUNDAMENTALS_V1
ZAGGLE,False,False,False,False,False,False,True,REJECTED,FULLY_EVALUABLE,FAIL,PASS,VALID_LIVE_QUOTE,,,PIT_FUNDAMENTALS_V1
ZENSARTECH,False,False,False,False,False,False,True,REJECTED,FULLY_EVALUABLE,FAIL,PASS,VALID_LIVE_QUOTE,,,PIT_FUNDAMENTALS_V1
ZENTEC,False,False,False,False,False,False,True,REJECTED,FULLY_EVALUABLE,FAIL,FAIL,VALID_LIVE_QUOTE,,,PIT_FUNDAMENTALS_V1
ZFCVINDIA,False,False,False,False,False,False,True,BUY_ALERT,FULLY_EVALUABLE,PASS,PASS,VALID_LIVE_QUOTE,,,PIT_FUNDAMENTALS_V1
ZSARACOM,False,False,False,False,False,False,True,REJECTED,FULLY_EVALUABLE,EXCLUDED_FINANCIAL,EXCLUDED_FINANCIAL,VALID_LIVE_QUOTE,,,PIT_FUNDAMENTALS_V1
ZYDUSLIFE,False,False,False,False,False,False,True,REJECTED,FULLY_EVALUABLE,PASS,FAIL,VALID_LIVE_QUOTE,,,PIT_FUNDAMENTALS_V1
