symbol,period_end_date,signal_ts,category,yoy_sue,price_fetch_status,t1_date,data_provenance,signal_date,t1_open,t1_close,surprise_t,sigma,quality_roce_5y,quality_sales_cagr_5y,ret_1d_bps,ret_1d_pct,ret_3d_bps,ret_3d_pct,ret_5d_bps,ret_5d_pct,ret_10d_bps,ret_10d_pct,ret_20d_bps,ret_20d_pct,mfe_pct,mae_pct,hold_ret_gross_pct,hold_ret_net_pct,hold_days_actual,instrument_key
3BBLACKBIO,2025-12-31,2026-02-14 23:59:59,STRONG_BEAT,3.151873,NO_CANDLE_AT_T1,2026-03-02,UPSTOX_V2_1D,,,,,,,,,,,,,,,,,,,,,,,
ABSLAMC,2026-06-30,2026-08-14 23:59:59,WEAK_BEAT,1.444257,OK,2026-08-17,UPSTOX_V2_1D,2026-08-14,1008.3,1019.0,1.1,0.761637,36.2,11.332953016586501,49.59,0.4959,-127.94,-1.2794,-95.21,-0.9521,431.42,4.3142,,,10.7706,-5.7523,-5.1969,-5.2469,30.0,NSE_EQ|INE404A01024
ACC,2026-06-30,2026-08-14 23:59:59,NEUTRAL,-0.326752,OK,2026-08-17,UPSTOX_V2_1D,2026-08-14,1319.0,1316.6,-12.16,37.214731,16.0,10.642090123147053,-115.24,-1.1524,-135.71,-1.3571,-137.23,-1.3723,-322.21,-3.2221,,,1.4481,-9.9242,-8.8249,-8.8749,30.0,NSE_EQ|INE012A01025
ACE,2025-12-31,2026-02-14 23:59:59,NEUTRAL,0.374082,OK,2026-02-16,UPSTOX_V2_1D,2026-02-14,889.95,910.0,0.4,1.069283,30.0,23.543241865257713,330.36,3.3036,-143.83,-1.4383,-141.58,-1.4158,-257.88,-2.5788,-816.34,-8.1634,4.7362,-16.2762,3.0451,2.9951,37.0,NSE_EQ|INE731H01025
ACE,2026-06-30,2026-08-14 23:59:59,STRONG_BEAT,1.795487,OK,2026-08-17,UPSTOX_V2_1D,2026-08-14,1085.0,1113.7,1.82,1.013653,32.2,21.73230801051187,919.82,9.1982,731.8,7.318,757.6,7.576,235.02,2.3502,,,16.8664,-1.0323,11.1336,11.0836,30.0,NSE_EQ|INE731H01025
ACUTAAS,2026-06-30,2026-08-14 23:59:59,STRONG_BEAT,1.801521,OK,2026-08-17,UPSTOX_V2_1D,2026-08-14,3262.0,3198.2,3.66,2.031617,22.6,31.463514871210975,396.69,3.9669,-157.88,-1.5788,-272.84,-2.7284,-310.85,-3.1085,,,7.5996,-4.3532,1.2906,1.2406,30.0,NSE_EQ|INE00FF01025
ADOR,2025-12-31,2026-02-14 23:59:59,WEAK_BEAT,0.547651,OK,2026-02-16,UPSTOX_V2_1D,2026-02-14,1045.1,1050.9,6.5,11.868882,16.194,16.964071670713345,298.54,2.9854,389.44,3.8944,270.79,2.7079,-164.58,-1.6458,-992.25,-9.9225,9.5589,-18.8594,-4.0905,-4.1405,37.0,NSE_EQ|INE045A01017
ADOR,2026-06-30,2026-08-14 23:59:59,STRONG_BEAT,1.511635,OK,2026-08-17,UPSTOX_V2_1D,2026-08-14,1546.2,1525.3,18.13,11.99364,18.394,16.730359068298984,104.13,1.0413,891.22,8.9122,512.22,5.1222,1028.33,10.2833,,,14.2414,-3.8223,4.2556,4.2056,30.0,NSE_EQ|INE045A01017
ADVAIT,2025-12-31,2026-02-14 23:59:59,STRONG_BEAT,2.412309,OK,2026-02-16,UPSTOX_V2_1D,2026-02-14,1733.1,1657.6,6.11,2.532843,25.8,54.72200204442241,74.43,0.7443,-387.17,-3.8717,-188.68,-1.8868,-671.05,-6.7105,-1308.06,-13.0806,14.6443,-14.6039,10.2187,10.1687,37.0,NSE_EQ|INE0ALI01010
AEROFLEX,2026-06-30,2026-08-14 23:59:59,STRONG_BEAT,2.385353,OK,2026-08-17,UPSTOX_V2_1D,2026-08-14,462.0,455.85,0.87,0.364726,27.4,25.14455416751218,516.23,5.1623,287.88,2.8788,914.5,9.145,1372.29,13.7229,,,26.4394,-2.7273,16.7965,16.7465,30.0,NSE_EQ|INE024001021
AFFLE,2025-12-31,2026-02-14 23:59:59,STRONG_BEAT,7.824717,OK,2026-02-16,UPSTOX_V2_1D,2026-02-14,1559.7,1581.1,1.35,0.17253,24.0,46.65696314937604,9.62,0.0962,-369.94,-3.6994,-321.22,-3.2122,-1294.48,-12.9448,-1593.26,-15.9326,2.2633,-19.773,-5.8665,-5.9165,37.0,NSE_EQ|INE00WC01027
AFFLE,2026-06-30,2026-08-14 23:59:59,STRONG_BEAT,9.840799,OK,2026-08-17,UPSTOX_V2_1D,2026-08-14,1668.6,1703.9,1.62,0.164621,19.6,39.27196155355297,255.9,2.559,364.98,3.6498,427.9,4.279,-423.71,-4.2371,,,4.7705,-10.7515,-10.0443,-10.0943,30.0,NSE_EQ|INE00WC01027
AGIIL,2025-12-31,2026-02-14 23:59:59,STRONG_BEAT,6.395287,OK,2026-02-16,UPSTOX_V2_1D,2026-02-14,239.0,247.6,0.58,0.090692,25.6,28.993668421168973,85.77,0.8577,1043.93,10.4393,1525.1,15.251,2740.59,27.4059,2709.21,27.0921,61.7992,-0.8996,56.6736,56.6236,37.0,NSE_EQ|INE976R01033
AHLUCONT,2025-12-31,2026-02-14 23:59:59,NEUTRAL,0.153687,OK,2026-02-16,UPSTOX_V2_1D,2026-02-14,875.0,793.1,0.68,4.424586,21.6,16.808194942584365,-767.43,-7.6743,-747.43,-7.4743,-794.86,-7.9486,-1399.43,-13.9943,-1688.57,-16.8857,-3.7143,-26.2686,-4.68,-4.73,37.0,NSE_EQ|INE758C01029
AHLUCONT,2026-06-30,2026-08-14 23:59:59,MISS,-1.571656,OK,2026-08-17,UPSTOX_V2_1D,2026-08-14,800.0,793.85,-6.09,3.874894,22.4,18.159168557417814,-1153.75,-11.5375,-1331.25,-13.3125,-1880.0,-18.8,-2260.0,-22.6,,,-2.2,-31.9875,-31.0563,-31.1063,30.0,NSE_EQ|INE758C01029
AJANTPHARM,2025-12-31,2026-02-14 23:59:59,STRONG_BEAT,2.917705,OK,2026-02-16,UPSTOX_V2_1D,2026-02-14,2937.0,2940.1,3.27,1.120744,29.6,12.424345903529321,70.82,0.7082,77.29,0.7729,140.96,1.4096,104.87,1.0487,58.22,0.5822,9.9081,-8.1852,-4.9983,-5.0483,37.0,NSE_EQ|INE031B01049
AJANTPHARM,2026-06-30,2026-08-14 23:59:59,STRONG_BEAT,5.056962,OK,2026-08-17,UPSTOX_V2_1D,2026-08-14,3691.1,3718.2,6.31,1.247785,30.2,13.539644734966249,41.45,0.4145,-88.05,-0.8805,-301.27,-3.0127,-241.66,-2.4166,,,2.842,-7.2092,-3.6195,-3.6695,30.0,NSE_EQ|INE031B01049
ALKEM,2026-06-30,2026-08-14 23:59:59,MISS,-2.968417,OK,2026-08-17,UPSTOX_V2_1D,2026-08-14,5379.5,5374.0,-12.07,4.066141,18.6,10.662020456835863,177.53,1.7753,38.11,0.3811,-54.84,-0.5484,-92.95,-0.9295,,,2.4259,-6.1065,-2.4073,-2.4573,30.0,NSE_EQ|INE540L01014
ALLDIGI,2025-12-31,2026-02-14 23:59:59,NEUTRAL,0.080447,OK,2026-02-16,UPSTOX_V2_1D,2026-02-14,830.15,812.2,0.61,7.582667,25.2,13.179836563100178,-153.59,-1.5359,-213.82,-2.1382,-56.62,-0.5662,-280.67,-2.8067,-1146.78,-11.4678,4.198,-15.6779,2.9392,2.8892,37.0,NSE_EQ|INE835G01018
ANANDRATHI,2025-12-31,2026-02-14 23:59:59,STRONG_BEAT,12.026553,OK,2026-02-16,UPSTOX_V2_1D,2026-02-14,1511.1,1500.0,1.38,0.114746,46.2,23.873200812705765,-66.84,-0.6684,1.99,0.0199,150.22,1.5022,417.58,4.1758,160.81,1.6081,23.5855,-3.9441,22.0899,22.0399,37.0,NSE_EQ|INE463V01026
ANANDRATHI,2026-06-30,2026-08-14 23:59:59,STRONG_BEAT,37.408217,OK,2026-08-17,UPSTOX_V2_1D,2026-08-14,2198.0,2176.0,4.16,0.111206,53.2,35.63060056495981,-14.56,-0.1456,-122.38,-1.2238,-136.94,-1.3694,28.21,0.2821,,,3.2029,-8.6897,-4.4313,-4.4813,30.0,NSE_EQ|INE463V01026
APARINDS,2025-12-31,2026-02-14 23:59:59,WEAK_BEAT,0.701371,OK,2026-02-16,UPSTOX_V2_1D,2026-02-14,9448.5,9524.0,8.46,12.062084,35.4,20.136375464328495,113.77,1.1377,650.9,6.509,1313.97,13.1397,1318.2,13.182,-348.73,-3.4873,24.6653,-6.2708,21.5219,21.4719,37.0,NSE_EQ|INE372A01015
APARINDS,2026-06-30,2026-08-14 23:59:59,STRONG_BEAT,4.246417,OK,2026-08-17,UPSTOX_V2_1D,2026-08-14,16700.0,16524.0,50.91,11.988932,37.4,29.092704850739338,307.78,3.0778,50.3,0.503,2.99,0.0299,600.0,6.0,,,15.3593,-4.1018,6.6048,6.5548,30.0,NSE_EQ|INE372A01015
APLAPOLLO,2025-12-31,2026-02-14 23:59:59,WEAK_BEAT,0.573724,OK,2026-02-16,UPSTOX_V2_1D,2026-02-14,2245.9,2217.4,3.35,5.839049,26.4,21.785305856060244,-95.28,-0.9528,-191.01,-1.9101,-242.22,-2.4222,-105.08,-1.0508,-1568.19,-15.6819,0.9707,-17.2002,-6.2425,-6.2925,37.0,NSE_EQ|INE702C01027
APLAPOLLO,2026-06-30,2026-08-14 23:59:59,NEUTRAL,0.272288,OK,2026-08-17,UPSTOX_V2_1D,2026-08-14,2093.0,2081.3,0.93,3.415504,27.6,22.112356510418362,105.11,1.0511,224.56,2.2456,248.45,2.4845,623.03,6.2303,,,8.9823,-2.4701,4.5676,4.5176,30.0,NSE_EQ|INE702C01027
ARE&M,2025-12-31,2026-02-14 23:59:59,MISS,-2.944744,OK,2026-02-16,UPSTOX_V2_1D,2026-02-14,842.5,836.2,-8.64,2.934042,18.6,13.43708627976834,20.18,0.2018,75.96,0.7596,172.11,1.7211,-214.24,-2.1424,-871.81,-8.7181,3.3828,-20.4748,-7.5905,-7.6405,37.0,NSE_EQ|INE885A01032
ARE&M,2026-06-30,2026-08-14 23:59:59,NEUTRAL,0.287314,OK,2026-08-17,UPSTOX_V2_1D,2026-08-14,945.95,945.7,1.43,4.977137,16.6,14.078205776906593,-107.3,-1.073,-159.63,-1.5963,-244.73,-2.4473,-563.45,-5.6345,,,0.7241,-19.2346,-18.9915,-19.0415,30.0,NSE_EQ|INE885A01032
ASIANPAINT,2025-12-31,2026-02-14 23:59:59,NEUTRAL,-0.144078,OK,2026-02-16,UPSTOX_V2_1D,2026-02-14,2360.0,2397.2,-0.53,3.678572,32.2,10.901584492584536,327.97,3.2797,172.88,1.7288,295.34,2.9534,-224.15,-2.2415,-602.97,-6.0297,5.3432,-10.3814,4.4068,4.3568,37.0,NSE_EQ|INE021A01026
ASIANPAINT,2026-06-30,2026-08-14 23:59:59,STRONG_BEAT,1.684109,OK,2026-08-17,UPSTOX_V2_1D,2026-08-14,2694.5,2687.5,4.58,2.719539,30.6,10.384218340610719,-245.31,-2.4531,-257.19,-2.5719,-199.29,-1.9929,-151.79,-1.5179,,,-0.5864,-11.6348,-10.373,-10.423,30.0,NSE_EQ|INE021A01026
ASKAUTOLTD,2025-12-31,2026-02-14 23:59:59,STRONG_BEAT,1.93333,OK,2026-02-16,UPSTOX_V2_1D,2026-02-14,440.0,436.05,0.71,0.367242,21.8,16.96379308325251,-50.0,-0.5,-128.41,-1.2841,-156.82,-1.5682,-906.82,-9.0682,-725.0,-7.25,3.625,-14.7045,-0.7273,-0.7773,37.0,NSE_EQ|INE491J01022
ASTRAL,2025-12-31,2026-02-14 23:59:59,NEUTRAL,-0.232433,OK,2026-02-16,UPSTOX_V2_1D,2026-02-14,1596.5,1639.8,-0.24,1.032553,25.0,17.735361185523637,308.17,3.0817,153.46,1.5346,241.78,2.4178,459.13,4.5913,145.32,1.4532,10.7861,-7.7858,0.5324,0.4824,37.0,NSE_EQ|INE006I01046
ASTRAL,2026-06-30,2026-08-14 23:59:59,WEAK_BEAT,1.471273,OK,2026-08-17,UPSTOX_V2_1D,2026-08-14,1550.0,1538.3,1.45,0.985541,23.0,15.644172707045211,-193.55,-1.9355,-116.13,-1.1613,-110.97,-1.1097,-179.35,-1.7935,,,2.0,-13.129,-11.2903,-11.3403,30.0,NSE_EQ|INE006I01046
ATGL,2025-12-31,2026-02-14 23:59:59,WEAK_BEAT,0.792406,OK,2026-02-16,UPSTOX_V2_1D,2026-02-14,521.0,529.05,0.15,0.189297,23.0,21.67286837864115,246.64,2.4664,19.19,0.1919,88.29,0.8829,-540.31,-5.4031,20.15,0.2015,24.952,-11.1708,21.4779,21.4279,37.0,NSE_EQ|INE399L01023
ATGL,2026-06-30,2026-08-14 23:59:59,MISS,-1.040186,OK,2026-08-17,UPSTOX_V2_1D,2026-08-14,655.0,646.9,-0.21,0.201887,19.8,28.291196837874466,-117.56,-1.1756,40.46,0.4046,-235.11,-2.3511,-516.03,-5.1603,,,5.0229,-12.0,-10.1679,-10.2179,30.0,NSE_EQ|INE399L01023
AURIONPRO,2025-12-31,2026-02-14 23:59:59,MISS,-3.324268,OK,2026-02-16,UPSTOX_V2_1D,2026-02-14,927.0,916.45,-0.94,0.282769,15.8,20.071526187691614,74.43,0.7443,508.09,5.0809,31.82,0.3182,-741.64,-7.4164,-1040.99,-10.4099,10.2481,-22.3732,-0.4746,-0.5246,37.0,NSE_EQ|INE132H01018
AWL,2025-12-31,2026-02-14 23:59:59,MISS,-0.570838,OK,2026-02-16,UPSTOX_V2_1D,2026-02-14,202.0,203.9,-1.09,1.909474,17.2,16.51028239764425,101.49,1.0149,-109.9,-1.099,-313.86,-3.1386,-1074.75,-10.7475,-1470.3,-14.703,2.7723,-15.2525,-8.4109,-8.4609,37.0,NSE_EQ|INE699H01024
AWL,2026-06-30,2026-08-14 23:59:59,WEAK_BEAT,0.73467,OK,2026-08-17,UPSTOX_V2_1D,2026-08-14,192.5,193.34,0.88,1.197817,16.6,15.039978555043575,-127.79,-1.2779,-200.52,-2.0052,71.69,0.7169,2.6,0.026,,,6.4,-10.3377,-7.1429,-7.1929,30.0,NSE_EQ|INE699H01024
BALKRISIND,2025-12-31,2026-02-14 23:59:59,NEUTRAL,-0.46583,OK,2026-02-16,UPSTOX_V2_1D,2026-02-14,2613.0,2575.7,-3.48,7.470535,19.0,16.775368802602266,-251.05,-2.5105,-301.95,-3.0195,-398.01,-3.9801,-1187.91,-11.8791,-1711.44,-17.1144,0.6506,-22.8703,-10.8381,-10.8881,37.0,NSE_EQ|INE787D01026
BALKRISIND,2026-06-30,2026-08-14 23:59:59,WEAK_BEAT,1.13494,OK,2026-08-17,UPSTOX_V2_1D,2026-08-14,2389.9,2407.2,8.41,7.41008,16.4,13.354533304220539,-55.23,-0.5523,-49.79,-0.4979,-131.8,-1.318,-463.2,-4.632,,,0.9666,-12.126,-11.0339,-11.0839,30.0,NSE_EQ|INE787D01026
BEL,2025-12-31,2026-02-14 23:59:59,STRONG_BEAT,2.228484,OK,2026-02-16,UPSTOX_V2_1D,2026-02-14,433.05,438.0,0.37,0.166032,31.8,12.88275020650238,318.67,3.1867,53.11,0.5311,154.72,1.5472,482.62,4.8262,-81.98,-0.8198,9.3292,-7.782,6.8583,6.8083,37.0,NSE_EQ|INE263A01024
BERGEPAINT,2025-12-31,2026-02-14 23:59:59,MISS,-0.940374,OK,2026-02-16,UPSTOX_V2_1D,2026-02-14,462.0,462.4,-0.2,0.212681,26.0,12.643324772721787,30.3,0.303,-98.48,-0.9848,60.61,0.6061,-316.02,-3.1602,-1244.59,-12.4459,4.3182,-15.3463,1.4286,1.3786,37.0,NSE_EQ|INE463A01038
BERGEPAINT,2026-06-30,2026-08-14 23:59:59,STRONG_BEAT,3.642315,OK,2026-08-17,UPSTOX_V2_1D,2026-08-14,549.0,549.35,0.77,0.211404,25.0,11.745974897632006,-142.08,-1.4208,-372.5,-3.725,-610.2,-6.102,-933.52,-9.3352,,,0.1093,-19.6539,-18.3607,-18.4107,30.0,NSE_EQ|INE463A01038
BIKAJI,2025-12-31,2026-02-14 23:59:59,STRONG_BEAT,2.605875,OK,2026-02-16,UPSTOX_V2_1D,2026-02-14,639.0,634.05,1.34,0.514223,19.4,19.475553638581555,73.55,0.7355,12.52,0.1252,-159.62,-1.5962,-122.85,-1.2285,-244.91,-2.4491,3.9124,-7.2692,3.2942,3.2442,37.0,NSE_EQ|INE00E101023
BIKAJI,2026-06-30,2026-08-14 23:59:59,NEUTRAL,0.0117,OK,2026-08-17,UPSTOX_V2_1D,2026-08-14,614.0,613.65,0.01,0.854693,19.6,17.95865742044358,-87.13,-0.8713,-114.01,-1.1401,-179.97,-1.7997,190.55,1.9055,,,3.5668,-14.7231,-13.4935,-13.5435,30.0,NSE_EQ|INE00E101023
BLS,2025-12-31,2026-02-14 23:59:59,STRONG_BEAT,3.349066,OK,2026-02-16,UPSTOX_V2_1D,2026-02-14,269.3,283.7,1.02,0.304563,25.8,22.778752707211215,519.87,5.1987,252.51,2.5251,462.31,4.6231,-98.4,-0.984,-935.76,-9.3576,14.7419,-18.7152,10.2302,10.1802,37.0,NSE_EQ|INE153T01027
BLS,2026-06-30,2026-08-14 23:59:59,STRONG_BEAT,2.0282,OK,2026-08-17,UPSTOX_V2_1D,2026-08-14,280.0,272.56,0.47,0.231733,29.6,44.37125986193629,-437.86,-4.3786,-217.14,-2.1714,-1374.64,-13.7464,-1408.57,-14.0857,,,0.05,-22.1429,-21.5893,-21.6393,30.0,NSE_EQ|INE153T01027
BLSE,2026-06-30,2026-08-14 23:59:59,NEUTRAL,0.345882,OK,2026-08-17,UPSTOX_V2_1D,2026-08-14,316.4,310.8,0.06,0.173469,25.0,77.19536838711751,-183.31,-1.8331,148.55,1.4855,-44.25,-0.4425,363.46,3.6346,,,7.3957,-5.1833,1.4855,1.4355,30.0,NSE_EQ|INE0NLT01010
BLUESTARCO,2025-12-31,2026-02-14 23:59:59,MISS,-1.432721,OK,2026-02-16,UPSTOX_V2_1D,2026-02-14,2000.0,1975.4,-2.53,1.765871,22.0,17.427917261316672,12.0,0.12,-154.5,-1.545,-191.0,-1.91,-487.5,-4.875,-979.5,-9.795,1.48,-25.555,-6.695,-6.745,37.0,NSE_EQ|INE472A01039
BSE,2025-12-31,2026-02-14 23:59:59,STRONG_BEAT,5.598811,OK,2026-02-16,UPSTOX_V2_1D,2026-02-14,2810.0,2804.6,9.41,1.680714,21.0,39.454216109403276,-240.93,-2.4093,-244.13,-2.4413,-301.42,-3.0142,-592.17,-5.9217,187.19,1.8719,26.3345,-9.7153,25.6762,25.6262,37.0,NSE_EQ|INE118H01025
BSE,2026-06-30,2026-08-14 23:59:59,STRONG_BEAT,2.919816,OK,2026-08-17,UPSTOX_V2_1D,2026-08-14,3390.0,3332.0,8.15,2.791272,31.4,52.073560542045485,-241.89,-2.4189,-291.74,-2.9174,-228.02,-2.2802,-318.58,-3.1858,,,2.4926,-9.2891,-5.6047,-5.6547,30.0,NSE_EQ|INE118H01025
BSOFT,2025-12-31,2026-02-14 23:59:59,NEUTRAL,0.113168,OK,2026-02-16,UPSTOX_V2_1D,2026-02-14,397.0,390.4,0.07,0.618547,23.0,10.308789113623074,-280.86,-2.8086,-278.34,-2.7834,-484.89,-4.8489,-312.34,-3.1234,-1219.14,-12.1914,0.1259,-18.136,-1.5869,-1.6369,37.0,NSE_EQ|INE836A01035
CAMS,2025-12-31,2026-02-14 23:59:59,NEUTRAL,-0.010382,OK,2026-02-16,UPSTOX_V2_1D,2026-02-14,713.95,737.15,-0.01,0.963241,49.2,15.228606880731732,289.24,2.8924,102.95,1.0295,56.73,0.5673,-877.51,-8.7751,-1042.79,-10.4279,6.1699,-14.3638,5.0704,5.0204,37.0,NSE_EQ|INE596I01020
CAMS,2026-06-30,2026-08-14 23:59:59,WEAK_BEAT,0.942918,OK,2026-08-17,UPSTOX_V2_1D,2026-08-14,762.2,776.25,0.75,0.795403,50.2,16.514211388089485,-2.62,-0.0262,-169.9,-1.699,-133.82,-1.3382,259.77,2.5977,,,3.175,-12.746,-12.6214,-12.6714,30.0,NSE_EQ|INE596I01020
CAPLIPOINT,2025-12-31,2026-02-14 23:59:59,STRONG_BEAT,4.64191,OK,2026-02-16,UPSTOX_V2_1D,2026-02-14,1730.1,1716.3,3.28,0.706606,26.8,17.550306273012684,-45.08,-0.4508,-149.7,-1.497,-3.47,-0.0347,-330.62,-3.3062,-543.9,-5.439,4.0287,-13.2825,2.3582,2.3082,37.0,NSE_EQ|INE475E01026
CAPLIPOINT,2026-06-30,2026-08-14 23:59:59,STRONG_BEAT,7.992937,OK,2026-08-17,UPSTOX_V2_1D,2026-08-14,2482.9,2522.0,3.17,0.3966,26.0,15.56509478321557,188.49,1.8849,188.49,1.8849,53.16,0.5316,138.95,1.3895,,,20.4237,-0.9304,10.5159,10.4659,30.0,NSE_EQ|INE475E01026
CARERATING,2025-12-31,2026-02-14 23:59:59,STRONG_BEAT,2.300528,OK,2026-02-16,UPSTOX_V2_1D,2026-02-14,1620.9,1617.6,2.67,1.160603,20.4,10.501263872574862,198.66,1.9866,43.19,0.4319,-220.25,-2.2025,-107.96,-1.0796,-345.49,-3.4549,2.7516,-14.0786,-0.3763,-0.4263,37.0,NSE_EQ|INE752H01013
CARERATING,2026-06-30,2026-08-14 23:59:59,STRONG_BEAT,2.227234,OK,2026-08-17,UPSTOX_V2_1D,2026-08-14,1721.0,1707.0,2.12,0.951853,21.4,13.784182075658835,23.82,0.2382,-128.41,-1.2841,-552.0,-5.52,46.48,0.4648,,,5.1133,-7.6002,-4.8344,-4.8844,30.0,NSE_EQ|INE752H01013
CARYSIL,2026-06-30,2026-08-14 23:59:59,WEAK_BEAT,1.368746,OK,2026-08-17,UPSTOX_V2_1D,2026-08-14,1185.0,1155.8,3.03,2.213705,19.0,24.41193806091162,-32.91,-0.3291,-227.0,-2.27,-300.42,-3.0042,-476.79,-4.7679,,,2.1941,-14.2532,-10.8439,-10.8939,30.0,NSE_EQ|INE482D01024
CDSL,2025-12-31,2026-02-14 23:59:59,NEUTRAL,0.084606,OK,2026-02-16,UPSTOX_V2_1D,2026-02-14,1300.0,1353.7,0.16,1.891128,36.6,36.90173386783666,303.08,3.0308,156.15,1.5615,263.85,2.6385,-551.54,-5.5154,-888.46,-8.8846,7.6846,-14.1308,7.1692,7.1192,37.0,NSE_EQ|INE736A01011
CDSL,2026-06-30,2026-08-14 23:59:59,WEAK_BEAT,0.612284,OK,2026-08-17,UPSTOX_V2_1D,2026-08-14,1344.0,1356.8,0.72,1.175925,36.8,27.188957840912863,-25.3,-0.253,14.14,0.1414,305.8,3.058,435.27,4.3527,,,7.5149,-6.1533,-6.1086,-6.1586,30.0,NSE_EQ|INE736A01011
CEINSYS,2025-12-31,2026-02-14 23:59:59,STRONG_BEAT,3.273739,OK,2026-02-19,UPSTOX_V2_1D,2026-02-14,1040.9,1010.8,11.58,3.53724,17.2,16.236362614784206,-305.5,-3.055,-839.66,-8.3966,-510.14,-5.1014,-1264.77,-12.6477,-1112.5,-11.125,20.0788,-17.8595,13.056,13.006,35.0,NSE_EQ|INE016Q01014
CEMPRO,2026-06-30,2026-08-14 23:59:59,NEUTRAL,0.274227,OK,2026-08-17,UPSTOX_V2_1D,2026-08-14,1325.0,1321.8,0.21,0.765789,24.2,29.825306507248506,-7.55,-0.0755,-385.66,-3.8566,-480.0,-4.8,-750.19,-7.5019,,,2.2642,-9.7358,-7.6755,-7.7255,30.0,NSE_EQ|INE686A01026
CHAMBLFERT,2026-06-30,2026-08-14 23:59:59,MISS,-0.967106,OK,2026-08-17,UPSTOX_V2_1D,2026-08-14,446.95,439.05,-0.63,0.651428,22.2,10.330862809698548,-280.79,-2.8079,-290.86,-2.9086,-357.98,-3.5798,-836.78,-8.3678,,,-0.0112,-10.1913,-7.4729,-7.5229,30.0,NSE_EQ|INE085A01013
CHENNPETRO,2026-06-30,2026-08-14 23:59:59,WEAK_BEAT,1.189291,OK,2026-08-17,UPSTOX_V2_1D,2026-08-14,1332.1,1382.4,71.95,60.498239,27.8,23.22967168362733,539.75,5.3975,438.41,4.3841,600.56,6.0056,265.0,2.65,,,25.929,-0.5255,7.8673,7.8173,30.0,NSE_EQ|INE178A01016
CLEAN,2025-12-31,2026-02-14 23:59:59,MISS,-4.690856,OK,2026-02-16,UPSTOX_V2_1D,2026-02-14,750.0,744.25,-1.86,0.396516,41.6,18.206808057715772,-64.67,-0.6467,-174.67,-1.7467,-286.0,-2.86,-103.33,-1.0333,-654.0,-6.54,4.9867,-13.0667,0.9867,0.9367,37.0,NSE_EQ|INE227W01023
CLEAN,2026-06-30,2026-08-14 23:59:59,NEUTRAL,0.298442,OK,2026-08-17,UPSTOX_V2_1D,2026-08-14,829.4,840.0,0.31,1.038729,33.6,13.325696094589157,30.14,0.3014,63.9,0.639,-13.87,-0.1387,-78.97,-0.7897,,,5.4738,-7.6441,-6.4685,-6.5185,30.0,NSE_EQ|INE227W01023
CMSINFO,2025-12-31,2026-02-14 23:59:59,MISS,-3.501773,OK,2026-02-16,UPSTOX_V2_1D,2026-02-14,321.0,315.75,-2.18,0.622542,27.2,11.886557702256773,-42.06,-0.4206,-127.73,-1.2773,-191.59,-1.9159,-609.03,-6.0903,-954.83,-9.5483,1.7134,-18.4112,-0.9346,-0.9846,37.0,NSE_EQ|INE925R01014
CMSINFO,2026-06-30,2026-08-14 23:59:59,NEUTRAL,-0.416893,OK,2026-08-17,UPSTOX_V2_1D,2026-08-14,263.55,254.35,-0.46,1.1034,25.4,13.748720882804122,-533.11,-5.3311,-531.21,-5.3121,-559.67,-5.5967,-756.97,-7.5697,,,-3.4718,-16.1487,-13.045,-13.095,30.0,NSE_EQ|INE925R01014
COALINDIA,2025-12-31,2026-02-14 23:59:59,MISS,-6.93812,OK,2026-02-16,UPSTOX_V2_1D,2026-02-14,408.0,422.5,-2.19,0.315647,58.0,11.980309886963369,332.11,3.3211,199.75,1.9975,441.18,4.4118,447.3,4.473,1281.86,12.8186,16.6667,1.25,7.5368,7.4868,37.0,NSE_EQ|INE522F01014
COALINDIA,2026-06-30,2026-08-14 23:59:59,NEUTRAL,0.161143,OK,2026-08-17,UPSTOX_V2_1D,2026-08-14,407.1,408.45,0.09,0.55851,55.8,13.343032124535604,-4.91,-0.0491,-112.99,-1.1299,-4.91,-0.0491,-131.42,-1.3142,,,7.1727,-2.7757,4.397,4.347,30.0,NSE_EQ|INE522F01014
COFORGE,2025-12-31,2026-02-14 23:59:59,NEUTRAL,0.29607,OK,2026-02-16,UPSTOX_V2_1D,2026-02-14,1357.4,1392.5,1.02,3.445135,27.4,23.607466466687722,157.65,1.5765,26.52,0.2652,-503.9,-5.039,-1434.36,-14.3436,-2039.19,-20.3919,5.5621,-25.733,-2.991,-3.041,37.0,NSE_EQ|INE591G01025
COFORGE,2026-06-30,2026-08-14 23:59:59,WEAK_BEAT,0.675413,OK,2026-08-17,UPSTOX_V2_1D,2026-08-14,1811.5,1806.0,2.22,3.286877,27.2,28.603140399598637,-212.53,-2.1253,389.18,3.8918,339.5,3.395,959.43,9.5943,,,11.576,-5.2167,-4.9407,-4.9907,30.0,NSE_EQ|INE591G01025
CONCORDBIO,2025-12-31,2026-02-14 23:59:59,MISS,-0.576211,OK,2026-02-16,UPSTOX_V2_1D,2026-02-14,1184.4,1163.8,-1.1,1.909022,27.0,18.572030488965584,-327.59,-3.2759,-566.53,-5.6653,-718.51,-7.1851,139.31,1.3931,-222.05,-2.2205,9.0257,-16.3627,-8.6711,-8.7211,37.0,NSE_EQ|INE338H01029
CONCORDBIO,2026-06-30,2026-08-14 23:59:59,WEAK_BEAT,1.134548,OK,2026-08-17,UPSTOX_V2_1D,2026-08-14,1451.4,1515.0,1.38,1.216344,24.0,11.36131471025803,787.52,7.8752,863.3,8.633,606.31,6.0631,-36.52,-0.3652,,,11.2719,-4.6507,-2.8042,-2.8542,30.0,NSE_EQ|INE338H01029
COROMANDEL,2025-12-31,2026-02-14 23:59:59,NEUTRAL,-0.040573,OK,2026-02-16,UPSTOX_V2_1D,2026-02-14,2298.2,2287.4,-0.22,5.422314,30.8,12.88860078607026,311.98,3.1198,56.13,0.5613,-26.98,-0.2698,-515.19,-5.1519,-1476.81,-14.7681,4.386,-20.8903,-10.7911,-10.8411,37.0,NSE_EQ|INE169A01031
COROMANDEL,2026-06-30,2026-08-14 23:59:59,MISS,-1.032631,OK,2026-08-17,UPSTOX_V2_1D,2026-08-14,2090.0,2097.9,-4.22,4.086648,28.8,17.28958469891422,-130.62,-1.3062,-407.66,-4.0766,-781.82,-7.8182,-880.86,-8.8086,,,0.7081,-15.2105,-14.2153,-14.2653,30.0,NSE_EQ|INE169A01031
CRISIL,2026-03-31,2026-05-30 23:59:59,STRONG_BEAT,65.505354,OK,2026-06-01,UPSTOX_V2_1D,2026-05-30,3949.9,3935.8,10.04,0.15327,37.4,12.983244651453818,-253.68,-2.5368,-116.71,-1.1671,-364.31,-3.6431,81.52,0.8152,320.01,3.2001,14.9396,-4.428,10.3775,10.3275,43.0,NSE_EQ|INE007A01025
CRISIL,2026-06-30,2026-08-14 23:59:59,STRONG_BEAT,1.735995,OK,2026-08-17,UPSTOX_V2_1D,2026-08-14,4475.9,4488.3,6.14,3.536877,37.4,12.983244651453818,-74.62,-0.7462,6.03,0.0603,5.14,0.0514,772.81,7.7281,,,8.8496,-1.6689,-0.2636,-0.3136,30.0,NSE_EQ|INE007A01025
CUMMINSIND,2025-12-31,2026-02-14 23:59:59,MISS,-1.518704,OK,2026-02-16,UPSTOX_V2_1D,2026-02-14,4412.4,4524.8,-2.62,1.725155,27.2,14.889744384728964,420.18,4.2018,529.42,5.2942,1069.49,10.6949,916.51,9.1651,401.82,4.0182,17.3942,-0.417,16.5103,16.4603,37.0,NSE_EQ|INE298A01020
DATAMATICS,2026-06-30,2026-08-14 23:59:59,WEAK_BEAT,0.710848,OK,2026-08-17,UPSTOX_V2_1D,2026-08-14,870.0,852.35,3.72,5.233185,20.4,11.577227997966478,-414.37,-4.1437,-564.37,-5.6437,-664.94,-6.6494,-1012.07,-10.1207,,,-1.4368,-15.8563,-5.5862,-5.6362,30.0,NSE_EQ|INE365B01017
DCMSHRIRAM,2026-06-30,2026-08-14 23:59:59,STRONG_BEAT,9.745075,OK,2026-08-17,UPSTOX_V2_1D,2026-08-14,1024.7,1018.4,37.15,3.812182,15.0,10.258379282647322,16.59,0.1659,536.74,5.3674,494.78,4.9478,-78.07,-0.7807,,,9.2515,-11.8766,-11.4082,-11.4582,30.0,NSE_EQ|INE499A01024
DEEPAKNTR,2025-12-31,2026-02-14 23:59:59,NEUTRAL,0.043066,OK,2026-02-16,UPSTOX_V2_1D,2026-02-14,1641.7,1622.8,0.13,3.018626,30.4,14.382338627546233,57.26,0.5726,-11.57,-0.1157,-152.89,-1.5289,-583.54,-5.8354,-1522.81,-15.2281,1.7055,-22.032,-6.3105,-6.3605,37.0,NSE_EQ|INE288B01029
DEEPAKNTR,2026-06-30,2026-08-14 23:59:59,STRONG_BEAT,4.923128,OK,2026-08-17,UPSTOX_V2_1D,2026-08-14,1728.6,1780.5,17.07,3.467308,24.6,12.586176461691267,245.29,2.4529,126.11,1.2611,9.83,0.0983,120.33,1.2033,,,5.2875,-12.513,-11.5469,-11.5969,30.0,NSE_EQ|INE288B01029
DISAQ,2025-12-31,2026-02-14 23:59:59,STRONG_BEAT,1.60128,NO_CANDLE_AT_T1,2026-03-02,UPSTOX_V2_1D,,,,,,,,,,,,,,,,,,,,,,,
DIVISLAB,2025-12-31,2026-02-14 23:59:59,NEUTRAL,-0.127501,OK,2026-02-16,UPSTOX_V2_1D,2026-02-14,6105.5,6149.5,-0.23,1.80391,24.4,11.65366450874361,134.31,1.3431,314.47,3.1447,307.92,3.0792,488.08,4.8808,-56.51,-0.5651,7.5178,-6.5105,2.0228,1.9728,37.0,NSE_EQ|INE361B01024
DIXON,2025-12-31,2026-02-14 23:59:59,WEAK_BEAT,0.99501,OK,2026-02-16,UPSTOX_V2_1D,2026-02-14,11540.0,11751.0,18.84,18.934491,29.2,54.60019022610787,84.06,0.8406,-262.56,-2.6256,-815.42,-8.1542,-1203.64,-12.0364,-1106.59,-11.0659,2.409,-16.8111,-1.4601,-1.5101,37.0,NSE_EQ|INE935N01020
DIXON,2026-06-30,2026-08-14 23:59:59,STRONG_BEAT,4.655233,OK,2026-08-17,UPSTOX_V2_1D,2026-08-14,14190.0,14025.0,71.4,15.337578,29.0,49.94389702463944,-28.19,-0.2819,465.12,4.6512,267.79,2.6779,465.12,4.6512,,,5.7082,-9.4433,-6.6244,-6.6744,30.0,NSE_EQ|INE935N01020
DLINKINDIA,2025-12-31,2026-02-14 23:59:59,NEUTRAL,0.093796,OK,2026-02-16,UPSTOX_V2_1D,2026-02-14,408.5,404.4,0.06,0.639687,25.0,13.33939082662181,160.34,1.6034,80.78,0.8078,15.91,0.1591,-67.32,-0.6732,-347.61,-3.4761,10.1591,-7.7111,9.2289,9.1789,37.0,NSE_EQ|INE250K01012
DMART,2025-12-31,2026-02-14 23:59:59,STRONG_BEAT,7.856757,OK,2026-02-16,UPSTOX_V2_1D,2026-02-14,3850.0,3880.7,2.03,0.258376,17.2,19.00376312835128,137.4,1.374,-41.3,-0.413,-12.21,-0.1221,-123.38,-1.2338,-83.38,-0.8338,20.6234,-5.7143,20.2208,20.1708,37.0,NSE_EQ|INE192R01011
DMART,2026-06-30,2026-08-14 23:59:59,WEAK_BEAT,1.464137,OK,2026-08-17,UPSTOX_V2_1D,2026-08-14,4050.0,3995.0,1.31,0.894725,18.0,23.30649381487746,-170.37,-1.7037,-222.22,-2.2222,-271.6,-2.716,-370.37,-3.7037,,,0.4938,-9.8765,-7.4074,-7.4574,30.0,NSE_EQ|INE192R01011
DODLA,2025-12-31,2026-02-14 23:59:59,NEUTRAL,0.418383,OK,2026-02-16,UPSTOX_V2_1D,2026-02-14,1205.0,1197.3,0.85,2.031633,23.2,11.703409979372026,-165.15,-1.6515,-407.47,-4.0747,-338.59,-3.3859,-640.66,-6.4066,-1604.98,-16.0498,0.166,-19.9917,-9.4149,-9.4649,37.0,NSE_EQ|INE021O01019
DODLA,2026-06-30,2026-08-14 23:59:59,MISS,-2.082158,OK,2026-08-17,UPSTOX_V2_1D,2026-08-14,1117.1,1099.5,-3.68,1.767397,20.6,16.23730668946324,-200.52,-2.0052,187.09,1.8709,289.14,2.8914,-326.74,-3.2674,,,3.8403,-11.3777,-9.4889,-9.5389,30.0,NSE_EQ|INE021O01019
DOMS,2025-12-31,2026-02-14 23:59:59,STRONG_BEAT,1.804192,OK,2026-02-16,UPSTOX_V2_1D,2026-02-14,2368.0,2368.3,1.18,0.654032,20.2,23.944552653982456,-76.44,-0.7644,-178.63,-1.7863,-295.61,-2.9561,-457.77,-4.5777,-964.1,-9.641,2.8294,-14.5312,0.9924,0.9424,37.0,NSE_EQ|INE321T01012
DOMS,2026-06-30,2026-08-14 23:59:59,MISS,-3.627745,OK,2026-08-17,UPSTOX_V2_1D,2026-08-14,2219.1,2218.1,-2.11,0.581628,25.0,41.85052171499588,-2.25,-0.0225,-41.46,-0.4146,-78.41,-0.7841,60.38,0.6038,,,2.7398,-8.9721,-7.5121,-7.5621,30.0,NSE_EQ|INE321T01012
DRREDDY,2025-12-31,2026-02-14 23:59:59,MISS,-1.44152,OK,2026-02-16,UPSTOX_V2_1D,2026-02-14,1257.1,1269.4,-2.44,1.692658,21.4,13.257958170514916,220.35,2.2035,200.46,2.0046,400.13,4.0013,296.71,2.9671,157.51,1.5751,6.3798,-6.2127,-1.7023,-1.7523,37.0,NSE_EQ|INE089A01031
DRREDDY,2026-06-30,2026-08-14 23:59:59,MISS,-7.499759,OK,2026-08-17,UPSTOX_V2_1D,2026-08-14,1204.4,1192.0,-11.67,1.55605,20.8,12.0872215015424,-212.55,-2.1255,-202.59,-2.0259,-119.56,-1.1956,-415.14,-4.1514,,,4.0186,-6.1773,3.9439,3.8939,30.0,NSE_EQ|INE089A01031
ECLERX,2025-12-31,2026-02-14 23:59:59,STRONG_BEAT,2.945688,OK,2026-02-16,UPSTOX_V2_1D,2026-02-14,1806.0,1814.6,6.02,2.043665,30.8,18.54167106095388,-6.64,-0.0664,-86.38,-0.8638,-386.49,-3.8649,-1462.9,-14.629,-1535.99,-15.3599,6.1185,-23.8649,-9.6844,-9.7344,37.0,NSE_EQ|INE738I01010
ECLERX,2026-06-30,2026-08-14 23:59:59,WEAK_BEAT,1.064522,OK,2026-08-17,UPSTOX_V2_1D,2026-08-14,1891.6,1848.9,2.6,2.44241,32.8,21.358115424991865,-456.76,-4.5676,-458.87,-4.5887,-363.71,-3.6371,450.94,4.5094,,,9.0082,-6.8513,-6.4443,-6.4943,30.0,NSE_EQ|INE738I01010
EICHERMOT,2025-12-31,2026-02-14 23:59:59,STRONG_BEAT,2.977497,OK,2026-02-16,UPSTOX_V2_1D,2026-02-14,8078.5,8010.5,9.09,3.0529,24.6,15.566563280197965,-53.85,-0.5385,-224.67,-2.2467,-49.51,-0.4951,-312.56,-3.1256,-1548.55,-15.4855,1.8753,-20.2575,-11.0045,-11.0545,37.0,NSE_EQ|INE066A01021
EICHERMOT,2026-06-30,2026-08-14 23:59:59,STRONG_BEAT,3.376912,OK,2026-08-17,UPSTOX_V2_1D,2026-08-14,8058.0,8050.0,9.33,2.762879,27.4,21.834297859699745,-49.02,-0.4902,-19.86,-0.1986,-13.65,-0.1365,-129.68,-1.2968,,,1.0176,-11.0884,-10.9084,-10.9584,30.0,NSE_EQ|INE066A01021
EIHOTEL,2026-06-30,2026-08-14 23:59:59,STRONG_BEAT,1.945202,OK,2026-08-17,UPSTOX_V2_1D,2026-08-14,301.0,296.0,1.33,0.683734,16.2,42.86441799813039,-142.86,-1.4286,-36.54,-0.3654,-39.87,-0.3987,-621.26,-6.2126,,,6.6944,-6.8771,0.2824,0.2324,30.0,NSE_EQ|INE230A01023
EKC,2025-12-31,2026-02-14 23:59:59,WEAK_BEAT,0.751403,OK,2026-02-16,UPSTOX_V2_1D,2026-02-14,121.5,120.39,1.57,2.089424,18.6,14.520542116787416,187.65,1.8765,-274.9,-2.749,-395.88,-3.9588,-1038.68,-10.3868,-1195.88,-11.9588,3.6132,-25.7202,-1.6543,-1.7043,37.0,NSE_EQ|INE184H01027
ELECON,2025-12-31,2026-02-14 23:59:59,MISS,-0.722714,OK,2026-02-16,UPSTOX_V2_1D,2026-02-14,434.2,434.45,-1.58,2.186205,22.4,15.403309705888347,150.85,1.5085,-213.04,-2.1304,-180.79,-1.8079,-649.47,-6.4947,-1348.46,-13.4846,3.2934,-18.9314,-4.9401,-4.9901,37.0,NSE_EQ|INE205B01031
ELECON,2026-06-30,2026-08-14 23:59:59,MISS,-1.79919,OK,2026-08-17,UPSTOX_V2_1D,2026-08-14,428.0,438.25,-4.68,2.601171,24.4,17.777640147145803,139.02,1.3902,553.74,5.5374,246.5,2.465,-377.34,-3.7734,,,14.3692,-5.9813,12.243,12.193,30.0,NSE_EQ|INE205B01031
ELGIEQUIP,2025-12-31,2026-02-14 23:59:59,WEAK_BEAT,1.12073,OK,2026-02-16,UPSTOX_V2_1D,2026-02-14,507.15,501.7,0.46,0.410447,20.0,13.924906860876973,187.32,1.8732,343.09,3.4309,832.1,8.321,255.35,2.5535,-759.14,-7.5914,8.9421,-10.283,8.2816,8.2316,37.0,NSE_EQ|INE285A01027
ELGIEQUIP,2026-06-30,2026-08-14 23:59:59,WEAK_BEAT,1.434366,OK,2026-08-17,UPSTOX_V2_1D,2026-08-14,614.0,624.2,0.56,0.390416,21.8,15.478302806434519,3.26,0.0326,300.49,3.0049,129.48,1.2948,217.43,2.1743,,,6.4169,-4.7231,-3.1189,-3.1689,30.0,NSE_EQ|INE285A01027
EMCURE,2026-06-30,2026-08-14 23:59:59,STRONG_BEAT,4.953668,OK,2026-08-17,UPSTOX_V2_1D,2026-08-14,1920.0,1873.9,4.58,0.924567,22.0,12.83138936485011,-236.98,-2.3698,-201.04,-2.0104,-345.83,-3.4583,-336.98,-3.3698,,,9.4115,-4.6823,2.0365,1.9865,30.0,NSE_EQ|INE168P01015
EMUDHRA,2025-12-31,2026-02-14 23:59:59,STRONG_BEAT,2.537176,OK,2026-02-16,UPSTOX_V2_1D,2026-02-14,485.8,463.7,0.93,0.366549,21.2,34.94036288123266,-379.79,-3.7979,-429.19,-4.2919,-456.98,-4.5698,-1130.09,-11.3009,-1512.97,-15.1297,5.8975,-24.9588,2.9745,2.9245,37.0,NSE_EQ|INE01QM01018
EMUDHRA,2026-06-30,2026-08-14 23:59:59,STRONG_BEAT,1.952505,OK,2026-08-17,UPSTOX_V2_1D,2026-08-14,518.8,518.75,0.88,0.450703,20.2,39.685921186496344,833.65,8.3365,601.39,6.0139,540.67,5.4067,559.95,5.5995,,,31.3801,-5.744,20.8847,20.8347,30.0,NSE_EQ|INE01QM01018
ENDURANCE,2025-12-31,2026-02-14 23:59:59,STRONG_BEAT,3.160384,OK,2026-02-16,UPSTOX_V2_1D,2026-02-14,2489.0,2488.5,2.65,0.838506,15.8,10.825740897775503,145.84,1.4584,-161.51,-1.6151,264.36,2.6436,663.32,6.6332,-392.13,-3.9213,8.646,-12.7682,-4.2025,-4.2525,37.0,NSE_EQ|INE913H01037
ENDURANCE,2026-06-30,2026-08-14 23:59:59,STRONG_BEAT,2.638889,OK,2026-08-17,UPSTOX_V2_1D,2026-08-14,2900.4,2978.2,1.29,0.488842,16.0,17.39194621563518,406.5,4.065,349.26,3.4926,302.72,3.0272,-100.68,-1.0068,,,5.9164,-10.9778,-8.4678,-8.5178,30.0,NSE_EQ|INE913H01037
EPIGRAL,2026-06-30,2026-08-14 23:59:59,MISS,-0.926783,OK,2026-08-17,UPSTOX_V2_1D,2026-08-14,1104.8,1097.1,-14.13,15.24629,23.6,24.971258196917855,-228.1,-2.281,142.11,1.4211,886.13,8.8613,891.56,8.9156,,,14.4823,-8.3001,-7.8476,-7.8976,30.0,NSE_EQ|INE071N01016
EXPLEOSOL,2025-12-31,2026-02-14 23:59:59,NEUTRAL,0.189873,OK,2026-02-16,UPSTOX_V2_1D,2026-02-14,847.45,852.6,1.51,7.95267,31.0,30.57860368215337,30.68,0.3068,-282.02,-2.8202,-259.6,-2.596,-1020.12,-10.2012,-1615.43,-16.1543,2.0296,-24.4793,-1.6815,-1.7315,37.0,NSE_EQ|INE201K01015
EXPLEOSOL,2026-06-30,2026-08-14 23:59:59,STRONG_BEAT,1.651765,OK,2026-08-17,UPSTOX_V2_1D,2026-08-14,830.0,923.05,8.86,5.36396,28.0,29.776080353660905,815.66,8.1566,640.36,6.4036,627.11,6.2711,325.9,3.259,,,12.3434,1.4458,3.4096,3.3596,30.0,NSE_EQ|INE201K01015
FDC,2026-06-30,2026-08-14 23:59:59,NEUTRAL,0.481351,OK,2026-08-17,UPSTOX_V2_1D,2026-08-14,355.5,354.3,0.69,1.433466,15.4,10.279897453888287,-111.11,-1.1111,-150.49,-1.5049,-315.05,-3.1505,-514.77,-5.1477,,,2.8411,-7.5105,-1.519,-1.569,30.0,NSE_EQ|INE258B01022
FIEMIND,2025-12-31,2026-02-14 23:59:59,STRONG_BEAT,5.001796,OK,2026-02-16,UPSTOX_V2_1D,2026-02-14,2291.1,2232.5,6.22,1.243553,23.0,11.932919026008326,-206.01,-2.0601,-180.7,-1.807,-189.87,-1.8987,-504.56,-5.0456,-1248.75,-12.4875,4.3167,-18.3755,-1.3967,-1.4467,37.0,NSE_EQ|INE737H01014
FIEMIND,2026-06-30,2026-08-14 23:59:59,STRONG_BEAT,1.63316,OK,2026-08-17,UPSTOX_V2_1D,2026-08-14,2338.8,2281.7,2.8,1.714468,26.4,18.190725168479926,-511.8,-5.118,-633.66,-6.3366,-746.96,-7.4696,-1293.83,-12.9383,,,-1.9198,-19.1851,-17.8596,-17.9096,30.0,NSE_EQ|INE737H01014
FINEORG,2025-12-31,2026-02-14 23:59:59,MISS,-0.738366,OK,2026-02-16,UPSTOX_V2_1D,2026-02-14,4402.1,4393.0,-2.86,3.873418,36.6,16.930398152784498,329.16,3.2916,210.81,2.1081,557.46,5.5746,147.88,1.4788,-206.72,-2.0672,14.1705,-11.6217,11.4809,11.4309,37.0,NSE_EQ|INE686Y01026
FINEORG,2026-06-30,2026-08-14 23:59:59,STRONG_BEAT,3.052934,OK,2026-08-17,UPSTOX_V2_1D,2026-08-14,5200.0,5110.4,6.87,2.250294,36.4,15.866253946514842,-205.58,-2.0558,-257.31,-2.5731,148.85,1.4885,159.23,1.5923,,,3.6058,-4.4615,-1.1538,-1.2038,30.0,NSE_EQ|INE686Y01026
FLAIR,2025-12-31,2026-02-14 23:59:59,NEUTRAL,0.493362,OK,2026-02-16,UPSTOX_V2_1D,2026-02-14,320.05,320.65,0.33,0.66888,19.375999999999998,13.515149827322315,-145.29,-1.4529,-81.24,-0.8124,-126.54,-1.2654,-251.52,-2.5152,-690.52,-6.9052,6.0147,-12.4668,4.3587,4.3087,37.0,NSE_EQ|INE00Y201027
FMGOETZE,2026-06-30,2026-08-14 23:59:59,NEUTRAL,0.047765,OK,2026-08-17,UPSTOX_V2_1D,2026-08-14,452.9,453.95,0.04,0.837432,16.2,12.081262256069426,215.28,2.1528,465.89,4.6589,672.33,6.7233,3796.64,37.9664,,,41.5544,-4.7913,1.5898,1.5398,30.0,NSE_EQ|INE529A01010
FORCEMOT,2026-06-30,2026-08-14 23:59:59,NEUTRAL,0.323069,OK,2026-08-17,UPSTOX_V2_1D,2026-08-14,18300.0,18605.0,30.54,94.530766,18.4,35.429600556913776,-54.64,-0.5464,-226.78,-2.2678,-382.51,-3.8251,-422.95,-4.2295,,,2.3279,-8.4098,-7.623,-7.673,30.0,NSE_EQ|INE451A01017
GAIL,2025-12-31,2026-02-14 23:59:59,MISS,-2.852158,OK,2026-02-16,UPSTOX_V2_1D,2026-02-14,161.68,164.82,-3.54,1.241165,15.0,14.369056853213035,251.73,2.5173,321.62,3.2162,337.09,3.3709,209.67,2.0967,-966.11,-9.6611,6.049,-16.8976,-2.3874,-2.4374,37.0,NSE_EQ|INE129A01019
GALAXYSURF,2025-12-31,2026-02-14 23:59:59,MISS,-0.521635,OK,2026-02-16,UPSTOX_V2_1D,2026-02-14,1819.2,1882.3,-1.59,3.048109,20.2,10.218779603467132,872.36,8.7236,503.52,5.0352,703.61,7.0361,645.89,6.4589,-396.88,-3.9688,13.2916,-16.9965,-1.715,-1.765,37.0,NSE_EQ|INE600K01018
GALAXYSURF,2026-06-30,2026-08-14 23:59:59,STRONG_BEAT,11.418275,OK,2026-08-17,UPSTOX_V2_1D,2026-08-14,2648.0,2403.7,24.38,2.135174,18.0,13.521383000528143,-791.54,-7.9154,-1245.47,-12.4547,-1252.27,-12.5227,-1481.87,-14.8187,,,-4.5166,-21.4992,-13.0967,-13.1467,30.0,NSE_EQ|INE600K01018
GALLANTT,2026-06-30,2026-08-14 23:59:59,MISS,-1.493103,OK,2026-08-17,UPSTOX_V2_1D,2026-08-14,586.45,582.95,-2.07,1.386374,15.0,34.418457126511434,-173.08,-1.7308,-69.06,-0.6906,-105.72,-1.0572,-327.39,-3.2739,,,2.14,-11.1604,-8.074,-8.124,30.0,NSE_EQ|INE297H01019
GANESHHOU,2025-12-31,2026-02-14 23:59:59,MISS,-1.775654,OK,2026-02-16,UPSTOX_V2_1D,2026-02-14,697.4,731.25,-12.85,7.236769,24.2,29.140204310800378,217.24,2.1724,215.8,2.158,144.11,1.4411,-524.81,-5.2481,-1359.33,-13.5933,5.076,-28.3051,-8.1732,-8.2232,37.0,NSE_EQ|INE460C01014
GANESHHOU,2026-06-30,2026-08-14 23:59:59,MISS,-0.73255,OK,2026-08-17,UPSTOX_V2_1D,2026-08-14,833.75,838.0,-6.13,8.368026,28.8,24.91722377545407,158.92,1.5892,-83.36,-0.8336,-307.05,-3.0705,-681.26,-6.8126,,,2.9625,-15.7601,-15.2444,-15.2944,30.0,NSE_EQ|INE460C01014
GARFIBRES,2025-12-31,2026-02-14 23:59:59,NEUTRAL,0.395639,OK,2026-02-16,UPSTOX_V2_1D,2026-02-14,715.0,693.25,0.87,2.198975,23.2,10.074206658977714,-270.63,-2.7063,-746.85,-7.4685,-823.08,-8.2308,-1168.53,-11.6853,-1468.53,-14.6853,-2.007,-18.9161,-9.6014,-9.6514,37.0,NSE_EQ|INE276A01018
GESHIP,2026-06-30,2026-08-14 23:59:59,STRONG_BEAT,3.654943,OK,2026-08-17,UPSTOX_V2_1D,2026-08-14,1281.1,1274.9,56.34,15.41474,15.4,10.141796263430592,170.17,1.7017,139.72,1.3972,405.12,4.0512,161.58,1.6158,,,23.4876,-0.9367,20.0375,19.9875,30.0,NSE_EQ|INE017A01032
GLAND,2025-12-31,2026-02-14 23:59:59,WEAK_BEAT,1.357165,OK,2026-02-16,UPSTOX_V2_1D,2026-02-14,1748.9,1808.2,3.45,2.542064,18.8,16.35773211950122,499.74,4.9974,523.76,5.2376,308.19,3.0819,262.45,2.6245,-798.79,-7.9879,7.1931,-10.0234,2.7732,2.7232,37.0,NSE_EQ|INE068V01023
GLAND,2026-06-30,2026-08-14 23:59:59,STRONG_BEAT,3.549966,OK,2026-08-17,UPSTOX_V2_1D,2026-08-14,2986.0,2910.2,6.13,1.726777,16.2,13.178830926832363,-426.66,-4.2666,-555.93,-5.5593,-617.55,-6.1755,-335.57,-3.3557,,,1.8754,-7.0295,0.1239,0.0739,30.0,NSE_EQ|INE068V01023
GLOBUSSPR,2026-06-30,2026-08-14 23:59:59,NEUTRAL,0.261979,OK,2026-08-17,UPSTOX_V2_1D,2026-08-14,877.1,881.75,2.98,11.374974,15.776,18.35311339694512,255.39,2.5539,319.23,3.1923,385.93,3.8593,458.33,4.5833,,,5.8089,-8.6649,-8.2431,-8.2931,30.0,NSE_EQ|INE615I01010
GMDCLTD,2025-12-31,2026-02-14 23:59:59,NEUTRAL,-0.090646,OK,2026-02-16,UPSTOX_V2_1D,2026-02-14,565.85,563.8,-0.46,5.074678,15.4,11.827249984269583,-422.37,-4.2237,-87.48,-0.8748,-29.16,-0.2916,-254.48,-2.5448,-596.45,-5.9645,36.4142,-7.9261,30.2289,30.1789,37.0,NSE_EQ|INE131A01031
GMDCLTD,2026-06-30,2026-08-14 23:59:59,NEUTRAL,-0.001857,OK,2026-08-17,UPSTOX_V2_1D,2026-08-14,579.0,574.0,-0.01,5.385056,17.4,13.678531284896822,-143.35,-1.4335,-294.47,-2.9447,-140.76,-1.4076,-275.47,-2.7547,,,3.7997,-11.9085,-11.3644,-11.4144,30.0,NSE_EQ|INE131A01031
GNA,2026-06-30,2026-08-14 23:59:59,STRONG_BEAT,3.205186,OK,2026-08-17,UPSTOX_V2_1D,2026-08-14,546.85,561.55,3.55,1.10758,16.2,10.67687431097173,633.63,6.3363,352.93,3.5293,156.35,1.5635,-128.01,-1.2801,,,18.4968,-7.7992,8.5764,8.5264,30.0,NSE_EQ|INE934S01014
GOKULAGRO,2026-06-30,2026-08-14 23:59:59,STRONG_BEAT,3.492515,OK,2026-08-17,UPSTOX_V2_1D,2026-08-14,231.0,231.66,1.73,0.495345,30.4,23.527885146965644,256.28,2.5628,549.35,5.4935,564.94,5.6494,567.1,5.671,,,12.4675,-8.0866,-6.8268,-6.8768,30.0,NSE_EQ|INE314T01033
GPIL,2025-12-31,2026-02-14 23:59:59,NEUTRAL,-0.031377,OK,2026-02-16,UPSTOX_V2_1D,2026-02-14,258.0,267.9,-0.02,0.63741,33.4,10.429551064463794,581.4,5.814,150.78,1.5078,420.93,4.2093,-65.89,-0.6589,-343.02,-3.4302,20.3488,-7.8682,18.4302,18.3802,37.0,NSE_EQ|INE177H01039
GPTINFRA,2025-12-31,2026-02-14 23:59:59,MISS,-1.276569,OK,2026-02-16,UPSTOX_V2_1D,2026-02-14,123.6,122.2,-0.11,0.086168,17.2,13.963451313922404,292.07,2.9207,-48.54,-0.4854,110.84,1.1084,-292.88,-2.9288,-1957.12,-19.5712,6.6019,-22.1521,-6.0437,-6.0937,37.0,NSE_EQ|INE390G01014
GPTINFRA,2026-06-30,2026-08-14 23:59:59,NEUTRAL,0.354925,OK,2026-08-17,UPSTOX_V2_1D,2026-08-14,115.51,115.06,0.09,0.253574,18.6,16.196884429203774,-33.76,-0.3376,-228.55,-2.2855,-187.86,-1.8786,-419.88,-4.1988,,,6.7613,-7.8781,0.1818,0.1318,30.0,NSE_EQ|INE390G01014
GRANULES,2025-12-31,2026-02-14 23:59:59,WEAK_BEAT,1.369869,OK,2026-02-16,UPSTOX_V2_1D,2026-02-14,560.6,564.15,1.34,0.978196,18.2,11.51495527491615,146.27,1.4627,313.06,3.1306,689.44,6.8944,246.16,2.4616,114.16,1.1416,17.8202,-2.3546,16.964,16.914,37.0,NSE_EQ|INE101D01020
GRANULES,2026-06-30,2026-08-14 23:59:59,STRONG_BEAT,2.24254,OK,2026-08-17,UPSTOX_V2_1D,2026-08-14,850.0,861.55,2.62,1.168318,16.4,10.630471870135239,14.12,0.1412,-98.82,-0.9882,62.35,0.6235,-252.94,-2.5294,,,8.6647,-4.0,1.9706,1.9206,30.0,NSE_EQ|INE101D01020
GRINDWELL,2025-12-31,2026-02-14 23:59:59,WEAK_BEAT,1.102927,OK,2026-02-16,UPSTOX_V2_1D,2026-02-14,1635.0,1603.9,0.76,0.689075,24.6,12.220356977681647,-64.22,-0.6422,107.65,1.0765,322.32,3.2232,-81.96,-0.8196,-1113.76,-11.1376,4.367,-18.7156,-3.6147,-3.6647,37.0,NSE_EQ|INE536A01023
GRINDWELL,2026-06-30,2026-08-14 23:59:59,STRONG_BEAT,2.906953,OK,2026-08-17,UPSTOX_V2_1D,2026-08-14,2167.5,2163.5,1.9,0.653605,24.2,13.409577515006843,-305.42,-3.0542,-499.19,-4.9919,-527.8,-5.278,-666.67,-6.6667,,,0.06,-16.3276,-11.5709,-11.6209,30.0,NSE_EQ|INE536A01023
GRWRHITECH,2026-06-30,2026-08-14 23:59:59,STRONG_BEAT,6.744147,OK,2026-08-17,UPSTOX_V2_1D,2026-08-14,7140.0,7030.0,21.37,3.168673,15.6,16.47371126878161,-54.62,-0.5462,-42.72,-0.4272,132.35,1.3235,-3.5,-0.035,,,4.2437,-12.605,-1.7297,-1.7797,30.0,NSE_EQ|INE291A01017
HAPPYFORGE,2026-06-30,2026-08-14 23:59:59,STRONG_BEAT,4.383155,OK,2026-08-17,UPSTOX_V2_1D,2026-08-14,2131.2,2198.1,2.72,0.620558,21.6,21.453692976945547,607.17,6.0717,924.36,9.2436,280.59,2.8059,1317.57,13.1757,,,15.8971,-7.9861,-2.6464,-2.6964,30.0,NSE_EQ|INE330T01021
HAVELLS,2025-12-31,2026-02-14 23:59:59,NEUTRAL,0.478757,OK,2026-02-16,UPSTOX_V2_1D,2026-02-14,1404.0,1420.7,0.36,0.751947,25.6,18.197747385886398,216.52,2.1652,-56.27,-0.5627,62.68,0.6268,-356.13,-3.5613,-759.97,-7.5997,2.7279,-17.0869,-6.9516,-7.0016,37.0,NSE_EQ|INE176B01034
HAVELLS,2026-06-30,2026-08-14 23:59:59,MISS,-1.211891,OK,2026-08-17,UPSTOX_V2_1D,2026-08-14,1305.0,1299.0,-0.92,0.759144,24.6,16.590484189333466,-40.61,-0.4061,-206.9,-2.069,-279.69,-2.7969,-466.67,-4.6667,,,0.5211,-20.0536,-20.0536,-20.1036,30.0,NSE_EQ|INE176B01034
HBLENGINE,2025-12-31,2026-02-14 23:59:59,WEAK_BEAT,1.096433,OK,2026-02-16,UPSTOX_V2_1D,2026-02-14,758.0,738.25,5.63,5.134831,18.8,12.49062877588365,-162.27,-1.6227,-408.97,-4.0897,-692.61,-6.9261,-1230.87,-12.3087,-1342.35,-13.4235,4.8681,-19.1293,3.7599,3.7099,37.0,NSE_EQ|INE292B01021
HBLENGINE,2026-06-30,2026-08-14 23:59:59,NEUTRAL,-0.252237,OK,2026-08-17,UPSTOX_V2_1D,2026-08-14,678.3,674.6,-1.23,4.876374,29.8,29.354859048905357,-121.63,-1.2163,510.1,5.101,185.76,1.8576,-308.86,-3.0886,,,22.35,-4.467,19.1656,19.1156,30.0,NSE_EQ|INE292B01021
HCLTECH,2025-12-31,2026-02-14 23:59:59,MISS,-1.446988,OK,2026-02-16,UPSTOX_V2_1D,2026-02-14,1451.1,1461.8,-1.9,1.313072,28.2,10.617439490035775,217.08,2.1708,-4.82,-0.0482,-171.59,-1.7159,-552.0,-5.52,-844.19,-8.4419,4.1072,-10.5713,-0.6064,-0.6564,37.0,NSE_EQ|INE860A01027
HCLTECH,2026-06-30,2026-08-14 23:59:59,STRONG_BEAT,2.20237,OK,2026-08-17,UPSTOX_V2_1D,2026-08-14,1355.1,1325.0,2.88,1.307682,29.0,11.541057030004609,-421.37,-4.2137,-270.83,-2.7083,-244.26,-2.4426,-316.58,-3.1658,,,0.952,-11.763,-9.8222,-9.8722,30.0,NSE_EQ|INE860A01027
HERITGFOOD,2026-06-30,2026-08-14 23:59:59,MISS,-1.064528,OK,2026-08-17,UPSTOX_V2_1D,2026-08-14,358.2,363.65,-1.68,1.578163,17.4,12.849096578309837,39.08,0.3908,573.7,5.737,819.37,8.1937,86.54,0.8654,,,20.0168,-2.4846,12.0045,11.9545,30.0,NSE_EQ|INE978A01027
HEXT,2026-06-30,2026-08-14 23:59:59,NEUTRAL,-0.328841,OK,2026-08-17,UPSTOX_V2_1D,2026-08-14,569.85,561.0,-0.84,2.554426,28.4,16.485693572743386,-300.08,-3.0008,-450.12,-4.5012,-128.98,-1.2898,-264.98,-2.6498,,,1.4302,-16.4254,-15.3988,-15.4488,30.0,NSE_EQ|INE093A01041
HINDCOPPER,2025-12-31,2026-02-14 23:59:59,STRONG_BEAT,2.682483,OK,2026-02-16,UPSTOX_V2_1D,2026-02-14,585.0,574.4,0.97,0.361605,16.8,20.008319566893775,-607.69,-6.0769,-364.96,-3.6496,-370.09,-3.7009,-153.85,-1.5385,-1836.75,-18.3675,1.1966,-23.812,-2.6325,-2.6825,37.0,NSE_EQ|INE531E01026
HINDCOPPER,2026-06-30,2026-08-14 23:59:59,STRONG_BEAT,4.756116,OK,2026-08-17,UPSTOX_V2_1D,2026-08-14,535.0,572.65,2.25,0.473075,24.0,11.48817660225896,585.98,5.8598,469.16,4.6916,731.78,7.3178,-180.37,-1.8037,,,9.6729,-12.1495,-11.3364,-11.3864,30.0,NSE_EQ|INE531E01026
HINDUNILVR,2025-06-30,2025-08-14 23:59:59,WEAK_BEAT,0.555369,OK,2025-08-18,UPSTOX_V2_1D,2025-08-14,2539.0,2568.1,0.62,1.116374,64.8,11.252595068377769,259.16,2.5916,429.3,4.293,364.71,3.6471,543.52,5.4352,165.03,1.6503,8.3104,-3.781,2.5482,2.4982,42.0,NSE_EQ|INE030A01027
HINDUNILVR,2025-09-30,2025-11-14 23:59:59,NEUTRAL,0.35885,OK,2025-11-17,UPSTOX_V2_1D,2025-11-14,2431.4,2425.0,0.4,1.114671,64.8,11.252595068377769,-112.69,-1.1269,-12.34,-0.1234,-29.61,-0.2961,136.14,1.3614,-567.16,-5.6716,2.3279,-7.6787,-2.9201,-2.9701,42.0,NSE_EQ|INE030A01027
HINDUNILVR,2025-12-31,2026-02-14 23:59:59,STRONG_BEAT,15.312174,OK,2026-02-16,UPSTOX_V2_1D,2026-02-14,2308.1,2319.0,15.42,1.007042,64.8,11.252595068377769,18.2,0.182,-124.78,-1.2478,161.6,1.616,54.16,0.5416,-573.63,-5.7363,3.4314,-11.9059,-2.9158,-2.9658,37.0,NSE_EQ|INE030A01027
HINDUNILVR,2026-03-31,2026-05-30 23:59:59,NEUTRAL,0.293991,OK,2026-06-01,UPSTOX_V2_1D,2026-05-30,2158.5,2084.3,2.24,7.619283,64.8,11.252595068377769,-300.21,-3.0021,-366.46,-3.6646,-224.23,-2.2423,-11.12,-0.1112,-33.36,-0.3336,3.7433,-6.6018,-2.65,-2.7,43.0,NSE_EQ|INE030A01027
HINDUNILVR,2026-06-30,2026-08-14 23:59:59,NEUTRAL,-0.04852,OK,2026-08-17,UPSTOX_V2_1D,2026-08-14,2070.9,2055.0,-0.35,7.213478,64.8,11.252595068377769,-173.35,-1.7335,-207.16,-2.0716,-197.5,-1.975,-499.78,-4.9978,,,-0.5263,-10.0005,-10.0005,-10.0505,30.0,NSE_EQ|INE030A01027
HINDZINC,2026-06-30,2026-08-14 23:59:59,STRONG_BEAT,5.688047,OK,2026-08-17,UPSTOX_V2_1D,2026-08-14,564.4,567.5,7.65,1.344926,52.8,12.53628673797833,-113.39,-1.1339,168.32,1.6832,701.63,7.0163,550.14,5.5014,,,11.9773,-2.764,-0.1949,-0.2449,30.0,NSE_EQ|INE267A01025
HSCL,2026-06-30,2026-08-14 23:59:59,STRONG_BEAT,2.652755,OK,2026-08-17,UPSTOX_V2_1D,2026-08-14,784.5,787.4,0.87,0.327961,16.2,22.65511990330362,-34.42,-0.3442,-1023.58,-10.2358,-1558.95,-15.5895,-1597.2,-15.972,,,0.6756,-19.3754,-14.9012,-14.9512,30.0,NSE_EQ|INE019C01026
IEX,2025-12-31,2026-02-14 23:59:59,STRONG_BEAT,2.767894,OK,2026-02-16,UPSTOX_V2_1D,2026-02-14,123.5,124.97,0.14,0.05058,53.8,15.879932211340474,222.67,2.2267,29.96,0.2996,179.76,1.7976,-160.32,-1.6032,-380.57,-3.8057,10.7692,-7.2065,9.9676,9.9176,37.0,NSE_EQ|INE022Q01020
IEX,2026-06-30,2026-08-14 23:59:59,STRONG_BEAT,2.817443,OK,2026-08-17,UPSTOX_V2_1D,2026-08-14,124.75,125.3,0.16,0.056789,53.0,14.138120932094346,-28.06,-0.2806,-112.22,-1.1222,-139.48,-1.3948,-340.68,-3.4068,,,0.5932,-14.7495,-14.7174,-14.7674,30.0,NSE_EQ|INE022Q01020
IGL,2025-12-31,2026-02-14 23:59:59,STRONG_BEAT,1.579654,OK,2026-02-16,UPSTOX_V2_1D,2026-02-14,168.47,171.2,0.48,0.303864,25.4,18.122058697734357,233.87,2.3387,-30.87,-0.3087,84.88,0.8488,-99.72,-0.9972,-770.46,-7.7046,2.9263,-14.9641,0.4749,0.4249,37.0,NSE_EQ|INE203G01027
IGL,2026-06-30,2026-08-14 23:59:59,MISS,-2.095371,OK,2026-08-17,UPSTOX_V2_1D,2026-08-14,149.0,151.0,-1.34,0.639505,24.2,26.75593096953872,26.17,0.2617,104.03,1.0403,-85.91,-0.8591,100.0,1.0,,,7.047,-6.5772,-4.6846,-4.7346,30.0,NSE_EQ|INE203G01027
INDGN,2025-12-31,2026-02-14 23:59:59,MISS,-0.670764,OK,2026-02-16,UPSTOX_V2_1D,2026-02-14,483.0,477.15,-0.3,0.447251,37.6,34.58321040045149,289.86,2.8986,151.14,1.5114,4.14,0.0414,-63.15,-0.6315,-987.58,-9.8758,5.9524,-14.2857,0.911,0.861,37.0,NSE_EQ|INE065X01017
INDGN,2026-06-30,2026-08-14 23:59:59,NEUTRAL,-0.048152,OK,2026-08-17,UPSTOX_V2_1D,2026-08-14,564.9,561.75,-0.03,0.623024,30.4,29.439253020404532,49.57,0.4957,31.86,0.3186,30.98,0.3098,827.58,8.2758,,,10.9931,-1.5224,7.1252,7.0752,30.0,NSE_EQ|INE065X01017
INDIAMART,2025-12-31,2026-02-14 23:59:59,WEAK_BEAT,1.295761,OK,2026-02-16,UPSTOX_V2_1D,2026-02-14,2187.1,2205.8,11.18,8.628136,27.6,16.78248749544231,167.34,1.6734,-121.62,-1.2162,138.08,1.3808,-335.15,-3.3515,-361.67,-3.6167,2.5513,-11.9565,-0.7407,-0.7907,37.0,NSE_EQ|INE933S01016
INDIAMART,2026-06-30,2026-08-14 23:59:59,NEUTRAL,0.352047,OK,2026-08-17,UPSTOX_V2_1D,2026-08-14,1789.9,1770.0,3.06,8.692021,25.4,18.552202862777854,-205.6,-2.056,-227.39,-2.2739,-245.27,-2.4527,-192.75,-1.9275,,,-0.2235,-10.6095,-9.8888,-9.9388,30.0,NSE_EQ|INE933S01016
INFOBEAN,2025-12-31,2026-02-14 23:59:59,STRONG_BEAT,2.113245,OK,2026-02-16,UPSTOX_V2_1D,2026-02-14,217.5,216.1,1.27,0.600971,18.8,20.265064530301192,636.78,6.3678,-18.39,-0.1839,158.62,1.5862,-1815.17,-18.1517,-3828.97,-38.2897,10.9425,-44.6759,-12.7678,-12.8178,37.0,NSE_EQ|INE344S01016
INFOBEAN,2026-06-30,2026-08-14 23:59:59,NEUTRAL,-0.272509,OK,2026-08-17,UPSTOX_V2_1D,2026-08-14,162.4,160.15,-0.17,0.623832,20.8,23.34970715828475,-269.09,-2.6909,-346.06,-3.4606,-445.2,-4.452,-57.27,-0.5727,,,12.6847,-12.4076,-11.4655,-11.5155,30.0,NSE_EQ|INE344S01016
INFY,2025-06-30,2025-08-14 23:59:59,WEAK_BEAT,0.754328,OK,2025-08-18,UPSTOX_V2_1D,2025-08-14,1464.7,1435.8,1.32,1.749902,35.2,15.787255328146577,-168.64,-1.6864,216.43,2.1643,460.16,4.6016,232.13,2.3213,318.15,3.1815,6.1651,-2.5466,-1.6113,-1.6613,42.0,NSE_EQ|INE009A01021
INFY,2025-09-30,2025-11-14 23:59:59,WEAK_BEAT,1.145832,OK,2025-11-17,UPSTOX_V2_1D,2025-11-14,1496.0,1507.6,2.06,1.79782,35.2,15.787255328146577,-64.17,-0.6417,270.72,2.7072,347.59,3.4759,454.55,4.5455,740.64,7.4064,13.2353,-0.8556,12.9545,12.9045,42.0,NSE_EQ|INE009A01021
INFY,2025-12-31,2026-02-14 23:59:59,NEUTRAL,0.009994,OK,2026-02-16,UPSTOX_V2_1D,2026-02-14,1373.7,1365.6,0.02,2.001273,35.2,15.787255328146577,127.39,1.2739,-23.29,-0.2329,-336.32,-3.3632,-617.31,-6.1731,-901.94,-9.0194,4.1712,-11.5455,-4.0038,-4.0538,37.0,NSE_EQ|INE009A01021
INFY,2026-03-31,2026-05-30 23:59:59,STRONG_BEAT,2.122025,OK,2026-06-01,UPSTOX_V2_1D,2026-05-30,1175.0,1202.5,4.03,1.899129,35.2,15.787255328146577,815.32,8.1532,223.83,2.2383,107.23,1.0723,-341.28,-3.4128,-1177.02,-11.7702,8.8426,-16.3915,-3.8213,-3.8713,43.0,NSE_EQ|INE009A01021
INFY,2026-06-30,2026-08-14 23:59:59,WEAK_BEAT,1.485755,OK,2026-08-17,UPSTOX_V2_1D,2026-08-14,1163.9,1139.9,2.49,1.675915,35.2,15.787255328146577,-420.14,-4.2014,-291.26,-2.9126,-291.26,-2.9126,-258.61,-2.5861,,,-0.6788,-15.766,-12.7588,-12.8088,30.0,NSE_EQ|INE009A01021
INNOVACAP,2025-12-31,2026-02-14 23:59:59,WEAK_BEAT,1.200945,OK,2026-02-16,UPSTOX_V2_1D,2026-02-14,678.85,672.75,1.39,1.157422,23.4,27.239604263629236,37.56,0.3756,-55.24,-0.5524,72.92,0.7292,-214.33,-2.1433,414.67,4.1467,10.9965,-8.3745,9.3467,9.2967,37.0,NSE_EQ|INE0DUT01020
INNOVACAP,2026-06-30,2026-08-14 23:59:59,STRONG_BEAT,1.963015,OK,2026-08-17,UPSTOX_V2_1D,2026-08-14,1052.0,1038.45,2.29,1.166573,20.8,31.725287918715072,-85.55,-0.8555,306.08,3.0608,105.04,1.0504,248.1,2.481,,,28.6597,-4.8479,20.8365,20.7865,30.0,NSE_EQ|INE0DUT01020
INOXINDIA,2025-12-31,2026-02-14 23:59:59,WEAK_BEAT,0.665229,OK,2026-02-16,UPSTOX_V2_1D,2026-02-14,1177.8,1172.0,0.26,0.390843,37.0,15.01108380299845,-114.62,-1.1462,-397.35,-3.9735,-295.47,-2.9547,-408.39,-4.0839,-283.58,-2.8358,32.0088,-7.1999,26.6514,26.6014,37.0,NSE_EQ|INE616N01034
INTELLECT,2025-12-31,2026-02-14 23:59:59,MISS,-1.313256,OK,2026-02-16,UPSTOX_V2_1D,2026-02-14,678.7,684.3,-3.02,2.299629,20.4,13.16561360442725,350.67,3.5067,327.1,3.271,334.46,3.3446,70.72,0.7072,-493.59,-4.9359,9.2235,-12.3029,2.3353,2.2853,37.0,NSE_EQ|INE306R01017
INTELLECT,2026-06-30,2026-08-14 23:59:59,NEUTRAL,0.167821,OK,2026-08-17,UPSTOX_V2_1D,2026-08-14,705.0,695.45,0.48,2.860191,19.4,15.20549487999423,-128.37,-1.2837,-273.76,-2.7376,-248.23,-2.4823,-341.13,-3.4113,,,1.6241,-13.5603,-13.0142,-13.0642,30.0,NSE_EQ|INE306R01017
IPCALAB,2025-12-31,2026-02-14 23:59:59,STRONG_BEAT,4.133577,OK,2026-02-16,UPSTOX_V2_1D,2026-02-14,1475.0,1495.1,3.08,0.745117,18.0,14.008997184455051,112.54,1.1254,-75.25,-0.7525,-8.81,-0.0881,257.63,2.5763,555.93,5.5593,10.1017,-4.1356,-0.4542,-0.5042,37.0,NSE_EQ|INE571A01038
IPCALAB,2026-06-30,2026-08-14 23:59:59,STRONG_BEAT,10.25111,OK,2026-08-17,UPSTOX_V2_1D,2026-08-14,1805.9,1884.6,6.65,0.64871,15.2,12.213965105286938,421.95,4.2195,521.62,5.2162,634.03,6.3403,935.82,9.3582,,,12.8523,3.1231,7.3204,7.2704,30.0,NSE_EQ|INE571A01038
JAMNAAUTO,2025-12-31,2026-02-14 23:59:59,STRONG_BEAT,2.348798,OK,2026-02-16,UPSTOX_V2_1D,2026-02-14,137.54,145.18,0.36,0.15327,23.8,14.991670494019482,745.24,7.4524,383.89,3.8389,63.25,0.6325,427.51,4.2751,-1355.97,-13.5597,9.7862,-19.1363,-6.529,-6.579,37.0,NSE_EQ|INE039C01032
JAMNAAUTO,2026-06-30,2026-08-14 23:59:59,NEUTRAL,0.228485,OK,2026-08-17,UPSTOX_V2_1D,2026-08-14,123.13,123.33,0.06,0.262599,25.8,19.34118492340926,-44.67,-0.4467,-138.07,-1.3807,-350.04,-3.5004,-140.5,-1.405,,,14.5131,-4.6699,10.6716,10.6216,30.0,NSE_EQ|INE039C01032
JKIL,2026-06-30,2026-08-14 23:59:59,NEUTRAL,-0.358892,OK,2026-08-17,UPSTOX_V2_1D,2026-08-14,497.6,509.65,-0.77,2.145491,17.936,30.57032372735302,106.51,1.0651,121.58,1.2158,141.68,1.4168,-149.72,-1.4972,,,4.4715,-9.5659,-9.2846,-9.3346,30.0,NSE_EQ|INE576I01022
JLHL,2025-12-31,2026-02-14 23:59:59,MISS,-1.221843,OK,2026-02-16,UPSTOX_V2_1D,2026-02-14,248.0,246.4,-0.29,0.237346,17.0,22.97193267813482,-36.29,-0.3629,-64.52,-0.6452,-100.81,-1.0081,270.16,2.7016,258.06,2.5806,7.6613,-5.0,3.3871,3.3371,37.0,NSE_EQ|INE682M01020
JLHL,2026-06-30,2026-08-14 23:59:59,MISS,-0.822458,OK,2026-08-17,UPSTOX_V2_1D,2026-08-14,320.5,315.15,-0.2,0.243173,18.6,25.28266929216878,-71.76,-0.7176,-87.36,-0.8736,-394.7,-3.947,-776.91,-7.7691,,,1.092,-20.6864,-18.2371,-18.2871,30.0,NSE_EQ|INE682M01020
JSL,2025-12-31,2026-02-14 23:59:59,WEAK_BEAT,1.135789,OK,2026-02-16,UPSTOX_V2_1D,2026-02-14,766.05,756.25,2.1,1.848934,24.2,24.866048172842238,-336.79,-3.3679,-262.38,-2.6238,380.52,3.8052,225.83,2.2583,-732.98,-7.3298,6.3834,-11.9966,2.8915,2.8415,37.0,NSE_EQ|INE220G01021
JSL,2026-06-30,2026-08-14 23:59:59,WEAK_BEAT,0.506471,OK,2026-08-17,UPSTOX_V2_1D,2026-08-14,735.0,744.0,0.66,1.303134,24.8,28.651915130786556,-35.37,-0.3537,-225.85,-2.2585,-443.54,-4.4354,-446.94,-4.4694,,,8.0272,-5.2993,0.449,0.399,30.0,NSE_EQ|INE220G01021
JUBLINGREA,2026-06-30,2026-08-14 23:59:59,WEAK_BEAT,1.269309,OK,2026-08-17,UPSTOX_V2_1D,2026-08-14,743.95,732.8,1.93,1.520513,15.4,45.02474263748235,-231.87,-2.3187,-316.55,-3.1655,-480.54,-4.8054,-928.15,-9.2815,,,-0.8199,-17.7364,-14.0937,-14.1437,30.0,NSE_EQ|INE0BY001018
JYOTHYLAB,2024-09-30,2024-11-14 23:59:59,NEUTRAL,0.039317,OK,2024-11-18,UPSTOX_V2_1D,2024-11-14,427.7,416.1,0.02,0.508683,18.0,10.51980210402732,-536.59,-5.3659,-522.56,-5.2256,-386.95,-3.8695,-309.8,-3.098,-425.53,-4.2553,1.2859,-13.9116,-7.0143,-7.0643,42.0,NSE_EQ|INE668F01031
JYOTHYLAB,2024-12-31,2025-02-14 23:59:59,NEUTRAL,-0.206156,OK,2025-02-17,UPSTOX_V2_1D,2025-02-14,356.75,345.05,-0.1,0.485069,18.0,10.51980210402732,-535.39,-5.3539,-353.19,-3.5319,-508.76,-5.0876,-633.5,-6.335,-703.57,-7.0357,9.1381,-15.8795,5.2698,5.2198,38.0,NSE_EQ|INE668F01031
KAJARIACER,2025-12-31,2026-02-14 23:59:59,NEUTRAL,0.27742,OK,2026-02-16,UPSTOX_V2_1D,2026-02-14,937.0,934.2,0.63,2.270923,20.6,10.542816833173173,341.52,3.4152,656.88,6.5688,620.06,6.2006,-14.94,-0.1494,-513.34,-5.1334,27.7588,-7.1505,25.7577,25.7077,37.0,NSE_EQ|INE217B01036
KAJARIACER,2026-06-30,2026-08-14 23:59:59,STRONG_BEAT,1.953831,OK,2026-08-17,UPSTOX_V2_1D,2026-08-14,1259.0,1251.6,3.8,1.944897,21.0,11.673268741852393,-263.7,-2.637,-304.21,-3.0421,-424.15,-4.2415,-112.79,-1.1279,,,1.2311,-7.3074,-5.4408,-5.4908,30.0,NSE_EQ|INE217B01036
KIRLOSBROS,2026-06-30,2026-08-14 23:59:59,NEUTRAL,-0.003226,OK,2026-08-17,UPSTOX_V2_1D,2026-08-14,1927.0,1942.9,-0.01,3.100026,21.6,10.803880600576088,-88.22,-0.8822,-45.67,-0.4567,-23.87,-0.2387,-139.08,-1.3908,,,2.6466,-11.8734,-4.0841,-4.1341,30.0,NSE_EQ|INE732A01036
KMEW,2026-06-30,2026-08-14 23:59:59,STRONG_BEAT,5.61169,OK,2026-08-17,UPSTOX_V2_1D,2026-08-14,2850.0,2756.5,19.87,3.540823,33.8,50.64169896392703,-504.56,-5.0456,-555.09,-5.5509,-481.75,-4.8175,261.05,2.6105,,,11.4035,-12.6737,7.5368,7.4868,30.0,NSE_EQ|INE0CJD01029
KPIL,2026-06-30,2026-08-14 23:59:59,STRONG_BEAT,1.50674,OK,2026-08-17,UPSTOX_V2_1D,2026-08-14,1367.2,1404.2,5.65,3.749818,15.4,15.953623090488446,265.51,2.6551,149.21,1.4921,158.72,1.5872,246.49,2.4649,,,6.8315,-1.6164,-0.1536,-0.2036,30.0,NSE_EQ|INE220B01022
KPITTECH,2025-12-31,2026-02-14 23:59:59,MISS,-1.113409,OK,2026-02-16,UPSTOX_V2_1D,2026-02-14,860.4,880.3,-1.96,1.76036,29.2,22.0625839222641,219.67,2.1967,-149.93,-1.4993,-554.39,-5.5439,-1233.73,-12.3373,-2655.16,-26.5516,3.6262,-27.371,-13.0869,-13.1369,37.0,NSE_EQ|INE04I401011
KPITTECH,2026-06-30,2026-08-14 23:59:59,MISS,-1.476631,OK,2026-08-17,UPSTOX_V2_1D,2026-08-14,617.0,609.0,-2.0,1.354434,31.6,25.957402086340142,-329.82,-3.2982,-390.6,-3.906,-549.43,-5.4943,-518.64,-5.1864,,,-0.5754,-19.6921,-15.7699,-15.8199,30.0,NSE_EQ|INE04I401011
KPL,2025-12-31,2026-02-14 23:59:59,STRONG_BEAT,3.64951,NO_CANDLE_AT_T1,2026-03-02,UPSTOX_V2_1D,,,,,,,,,,,,,,,,,,,,,,,
KPRMILL,2025-12-31,2026-02-14 23:59:59,WEAK_BEAT,1.180064,OK,2026-02-16,UPSTOX_V2_1D,2026-02-14,929.95,908.85,0.18,0.152534,24.2,13.759132299693633,-170.44,-1.7044,-195.17,-1.9517,-90.33,-0.9033,-667.78,-6.6778,-1116.73,-11.1673,3.1453,-14.3932,-0.2419,-0.2919,37.0,NSE_EQ|INE930H01031
KPRMILL,2026-06-30,2026-08-14 23:59:59,STRONG_BEAT,11.24503,OK,2026-08-17,UPSTOX_V2_1D,2026-08-14,1109.8,1135.6,1.34,0.119164,23.2,13.522837333798998,123.45,1.2345,391.06,3.9106,22.53,0.2253,610.92,6.1092,,,7.9384,-3.9196,-2.55,-2.6,30.0,NSE_EQ|INE930H01031
LALPATHLAB,2025-12-31,2026-02-14 23:59:59,MISS,-1.488956,OK,2026-02-16,UPSTOX_V2_1D,2026-02-14,1405.7,1420.8,-0.38,0.255212,26.8,13.09723685384454,236.89,2.3689,20.63,0.2063,-69.0,-0.69,1.42,0.0142,-460.27,-4.6027,4.6809,-9.4686,-0.2561,-0.3061,37.0,NSE_EQ|INE600L01024
LALPATHLAB,2026-06-30,2026-08-14 23:59:59,STRONG_BEAT,2.613357,OK,2026-08-17,UPSTOX_V2_1D,2026-08-14,1931.0,1877.3,2.21,0.845656,25.8,11.812357133004703,-153.29,-1.5329,-215.43,-2.1543,-244.43,-2.4443,18.64,0.1864,,,5.5722,-3.8995,1.0047,0.9547,30.0,NSE_EQ|INE600L01024
LGBBROSLTD,2025-12-31,2026-02-14 23:59:59,STRONG_BEAT,1.745831,OK,2026-02-16,UPSTOX_V2_1D,2026-02-14,1932.0,1922.6,4.12,2.359908,23.2,10.811133510879479,311.08,3.1108,-350.93,-3.5093,-136.65,-1.3665,-205.49,-2.0549,-947.2,-9.472,4.1408,-15.5538,-9.0683,-9.1183,37.0,NSE_EQ|INE337A01034
LGBBROSLTD,2026-06-30,2026-08-14 23:59:59,NEUTRAL,0.004052,OK,2026-08-17,UPSTOX_V2_1D,2026-08-14,1612.5,1602.8,0.01,2.467847,23.2,13.837685534874765,-58.29,-0.5829,-80.0,-0.8,-63.88,-0.6388,495.5,4.955,,,10.2636,-3.5287,7.293,7.243,30.0,NSE_EQ|INE337A01034
LINCOLN,2025-12-31,2026-02-14 23:59:59,STRONG_BEAT,1.505976,OK,2026-02-16,UPSTOX_V2_1D,2026-02-14,645.0,623.55,3.91,2.596323,22.0,10.04749175579418,-454.26,-4.5426,-375.97,-3.7597,-405.43,-4.0543,-402.33,-4.0233,-941.09,-9.4109,2.1705,-15.5039,-8.9535,-9.0035,37.0,NSE_EQ|INE405C01035
LLOYDSME,2025-12-31,2026-02-14 23:59:59,STRONG_BEAT,5.863033,OK,2026-02-16,UPSTOX_V2_1D,2026-02-14,1180.1,1188.0,11.8,2.01261,47.2,78.58559877887367,-37.28,-0.3728,-446.57,-4.4657,-348.28,-3.4828,257.61,2.5761,-278.79,-2.7879,38.2086,-5.1013,37.5561,37.5061,37.0,NSE_EQ|INE281B01032
LTFOODS,2025-12-31,2026-02-14 23:59:59,WEAK_BEAT,1.041776,OK,2026-02-16,UPSTOX_V2_1D,2026-02-14,434.8,426.5,0.4,0.38396,17.0,15.989545979040521,-211.59,-2.1159,-500.23,-5.0023,-317.39,-3.1739,-1255.75,-12.5575,-1177.55,-11.7755,8.5442,-17.4103,-2.9439,-2.9939,37.0,NSE_EQ|INE818H01020
LTFOODS,2026-06-30,2026-08-14 23:59:59,WEAK_BEAT,1.320164,OK,2026-08-17,UPSTOX_V2_1D,2026-08-14,419.8,417.15,0.43,0.325717,17.8,18.70599333206848,154.84,1.5484,266.79,2.6679,933.78,9.3378,637.21,6.3721,,,16.889,-4.4307,-4.0495,-4.0995,30.0,NSE_EQ|INE818H01020
LTM,2025-12-31,2026-02-14 23:59:59,MISS,-1.099255,OK,2026-02-16,UPSTOX_V2_1D,2026-02-14,5100.0,5118.5,-3.89,3.53876,36.6,28.427257387660543,126.47,1.2647,-275.49,-2.7549,-526.47,-5.2647,-1363.92,-13.6392,-1750.78,-17.5078,2.6373,-21.5686,-6.7922,-6.8422,37.0,NSE_EQ|INE214T01019
LTM,2026-06-30,2026-08-14 23:59:59,STRONG_BEAT,1.544332,OK,2026-08-17,UPSTOX_V2_1D,2026-08-14,4715.0,4700.0,7.11,4.603933,35.2,27.882335520459712,-324.07,-3.2407,-343.58,-3.4358,-401.48,-4.0148,-371.16,-3.7116,,,-0.3181,-16.5217,-16.5217,-16.5717,30.0,NSE_EQ|INE214T01019
LTTS,2025-12-31,2026-02-14 23:59:59,MISS,-2.038234,OK,2026-02-16,UPSTOX_V2_1D,2026-02-14,3509.3,3518.4,-1.9,0.932179,30.0,11.404214037088046,6.27,0.0627,-178.95,-1.7895,-199.19,-1.9919,-188.36,-1.8836,-525.46,-5.2546,2.2825,-14.2279,-0.5471,-0.5971,37.0,NSE_EQ|INE010V01017
LTTS,2026-06-30,2026-08-14 23:59:59,STRONG_BEAT,3.028173,OK,2026-08-17,UPSTOX_V2_1D,2026-08-14,3484.0,3528.5,3.83,1.264789,30.0,15.071465941104867,74.34,0.7434,272.96,2.7296,288.75,2.8875,357.06,3.5706,,,5.4822,-12.4053,-11.5499,-11.5999,30.0,NSE_EQ|INE010V01017
MAHSEAMLES,2025-12-31,2026-02-14 23:59:59,WEAK_BEAT,0.623312,OK,2026-02-16,UPSTOX_V2_1D,2026-02-14,535.0,532.6,4.24,6.802375,16.2,14.77848933196726,-103.74,-1.0374,-98.13,-0.9813,-124.3,-1.243,339.25,3.3925,465.42,4.6542,22.0467,-2.4299,20.1682,20.1182,37.0,NSE_EQ|INE271B01025
MAHSEAMLES,2026-06-30,2026-08-14 23:59:59,NEUTRAL,0.358705,OK,2026-08-17,UPSTOX_V2_1D,2026-08-14,612.45,622.0,2.69,7.499202,17.2,15.157063196987908,137.97,1.3797,-30.21,-0.3021,364.11,3.6411,828.64,8.2864,,,20.5976,-0.6939,17.8627,17.8127,30.0,NSE_EQ|INE271B01025
MANINFRA,2025-12-31,2026-02-14 23:59:59,MISS,-2.45115,OK,2026-02-16,UPSTOX_V2_1D,2026-02-14,110.51,112.55,-1.07,0.43653,25.4,32.92470336212088,234.37,2.3437,30.77,0.3077,28.05,0.2805,-742.01,-7.4201,-1583.57,-15.8357,4.1444,-30.2145,-12.4242,-12.4742,37.0,NSE_EQ|INE949H01023
MANKIND,2026-06-30,2026-08-14 23:59:59,STRONG_BEAT,1.600735,OK,2026-08-17,UPSTOX_V2_1D,2026-08-14,2419.0,2380.9,3.13,1.955352,22.2,18.1025366743085,-161.22,-1.6122,-140.55,-1.4055,-183.96,-1.8396,0.83,0.0083,,,5.7875,-8.1439,5.2088,5.1588,30.0,NSE_EQ|INE634S01028
MANYAVAR,2024-06-30,2024-08-14 23:59:59,MISS,-1.591861,OK,2024-08-16,UPSTOX_V2_1D,2024-08-14,1119.7,1121.5,-1.22,0.766399,28.2,12.533902128024899,193.8,1.938,448.33,4.4833,487.18,4.8718,1167.28,11.6728,1492.36,14.9236,23.5956,0.1608,18.6389,18.5889,41.0,NSE_EQ|INE825V01034
MANYAVAR,2024-09-30,2024-11-14 23:59:59,WEAK_BEAT,1.132624,OK,2024-11-18,UPSTOX_V2_1D,2024-11-14,1300.4,1319.2,0.74,0.65335,28.2,12.533902128024899,464.09,4.6409,525.99,5.2599,957.01,9.5701,1028.15,10.2815,325.67,3.2567,16.2719,-12.6077,-8.1667,-8.2167,42.0,NSE_EQ|INE825V01034
MARICO,2026-06-30,2026-08-14 23:59:59,STRONG_BEAT,5.349871,OK,2026-08-17,UPSTOX_V2_1D,2026-08-14,865.2,852.05,0.96,0.179444,44.0,11.081161763803472,-273.35,-2.7335,-79.17,-0.7917,-220.76,-2.2076,-522.42,-5.2242,,,-0.3525,-9.021,-9.021,-9.071,30.0,NSE_EQ|INE196A01026
MARUTI,2025-12-31,2026-02-14 23:59:59,NEUTRAL,0.259142,OK,2026-02-16,UPSTOX_V2_1D,2026-02-14,15237.0,15051.0,4.84,18.676991,15.4,15.110678651705722,-38.07,-0.3807,-219.2,-2.192,-108.29,-1.0829,-557.2,-5.572,-1627.62,-16.2762,0.2756,-19.9252,-11.7083,-11.7583,37.0,NSE_EQ|INE585B01010
MARUTI,2026-06-30,2026-08-14 23:59:59,MISS,-1.665486,OK,2026-08-17,UPSTOX_V2_1D,2026-08-14,13834.0,13760.0,-10.99,6.598674,17.0,21.104448326960036,-103.37,-1.0337,-18.07,-0.1807,-154.69,-1.5469,-207.46,-2.0746,,,0.4048,-14.4788,-14.1463,-14.1963,30.0,NSE_EQ|INE585B01010
MASTEK,2025-12-31,2026-02-14 23:59:59,NEUTRAL,0.334373,OK,2026-02-16,UPSTOX_V2_1D,2026-02-14,1745.6,1712.0,4.29,12.829983,23.2,26.39553024969532,-57.29,-0.5729,-189.05,-1.8905,-453.71,-4.5371,-1070.12,-10.7012,-1571.95,-15.7195,3.8497,-23.5678,0.0229,-0.0271,37.0,NSE_EQ|INE759A01021
MASTEK,2026-06-30,2026-08-14 23:59:59,WEAK_BEAT,0.550059,OK,2026-08-17,UPSTOX_V2_1D,2026-08-14,1830.7,1811.8,4.4,7.999143,21.6,16.52261884740207,-618.34,-6.1834,-749.44,-7.4944,-795.87,-7.9587,-449.55,-4.4955,,,5.6372,-17.2284,-16.7859,-16.8359,30.0,NSE_EQ|INE759A01021
MAYURUNIQ,2025-12-31,2026-02-14 23:59:59,STRONG_BEAT,7.192355,OK,2026-02-16,UPSTOX_V2_1D,2026-02-14,570.0,582.5,4.63,0.643739,19.0,10.756634324829006,66.67,0.6667,3.51,0.0351,-122.81,-1.2281,-680.7,-6.807,-1192.11,-11.9211,2.9123,-14.5351,0.7193,0.6693,37.0,NSE_EQ|INE040D01038
MAYURUNIQ,2026-06-30,2026-08-14 23:59:59,STRONG_BEAT,1.762038,OK,2026-08-17,UPSTOX_V2_1D,2026-08-14,749.5,732.2,3.55,2.014713,20.0,13.51723958961002,-312.21,-3.1221,354.24,3.5424,274.18,2.7418,4.67,0.0467,,,6.958,-6.3776,-2.9686,-3.0186,30.0,NSE_EQ|INE040D01038
MCX,2025-12-31,2026-02-14 23:59:59,STRONG_BEAT,3.909791,OK,2026-02-16,UPSTOX_V2_1D,2026-02-14,2240.0,2339.7,9.45,2.417009,18.6,22.835081537415046,192.86,1.9286,541.07,5.4107,697.32,6.9732,1166.07,11.6607,1408.93,14.0893,29.5982,0.8929,27.5045,27.4545,37.0,NSE_EQ|INE745G01043
MCX,2026-06-30,2026-08-14 23:59:59,STRONG_BEAT,2.437777,OK,2026-08-17,UPSTOX_V2_1D,2026-08-14,2913.1,2933.1,8.24,3.380128,29.6,42.55606940767072,435.62,4.3562,730.84,7.3084,1218.29,12.1829,1671.42,16.7142,,,19.5084,0.0996,10.9471,10.8971,30.0,NSE_EQ|INE745G01043
MEDIASSIST,2025-12-31,2026-02-14 23:59:59,MISS,-2.761681,OK,2026-02-16,UPSTOX_V2_1D,2026-02-14,403.45,396.65,-3.63,1.314417,20.8,21.15231179664554,225.55,2.2555,199.53,1.9953,-174.74,-1.7474,-1166.19,-11.6619,-2258.02,-22.5802,4.6474,-27.3764,-8.5884,-8.6384,37.0,NSE_EQ|INE456Z01021
MEDIASSIST,2026-06-30,2026-08-14 23:59:59,NEUTRAL,0.238793,OK,2026-08-17,UPSTOX_V2_1D,2026-08-14,350.45,343.5,0.53,2.219497,19.6,23.188900558452307,-104.15,-1.0415,155.51,1.5551,188.33,1.8833,-606.36,-6.0636,,,5.5215,-13.5397,-12.4839,-12.5339,30.0,NSE_EQ|INE456Z01021
METROPOLIS,2026-06-30,2026-08-14 23:59:59,STRONG_BEAT,4.892743,OK,2026-08-17,UPSTOX_V2_1D,2026-08-14,543.5,550.75,0.56,0.114455,19.0,10.524830594140223,155.47,1.5547,-49.68,-0.4968,365.23,3.6523,714.81,7.1481,,,11.8399,-1.2695,3.4591,3.4091,30.0,NSE_EQ|INE112L01020
MPHASIS,2026-06-30,2026-08-14 23:59:59,STRONG_BEAT,2.679418,OK,2026-08-17,UPSTOX_V2_1D,2026-08-14,2535.2,2510.0,2.43,0.906913,24.8,10.311039284598111,-407.07,-4.0707,-414.96,-4.1496,-426.79,-4.2679,-425.21,-4.2521,,,-0.4812,-15.0205,-15.0205,-15.0705,30.0,NSE_EQ|INE356A01018
MPSLTD,2025-12-31,2026-02-14 23:59:59,MISS,-0.823798,OK,2026-02-16,UPSTOX_V2_1D,2026-02-14,1488.1,1500.7,-3.05,3.702363,33.6,16.971286214909355,950.2,9.502,1024.8,10.248,640.41,6.4041,-177.41,-1.7741,71.23,0.7123,25.8921,-10.2144,21.8668,21.8168,37.0,NSE_EQ|INE943D01017
MPSLTD,2026-06-30,2026-08-14 23:59:59,WEAK_BEAT,1.441688,OK,2026-08-17,UPSTOX_V2_1D,2026-08-14,2849.9,2814.8,8.86,6.145573,36.6,12.668930162000013,-68.77,-0.6877,236.85,2.3685,-403.87,-4.0387,-582.83,-5.8283,,,4.3545,-13.225,-7.5511,-7.6011,30.0,NSE_EQ|INE943D01017
NATCOPHARM,2025-12-31,2026-02-14 23:59:59,NEUTRAL,0.080296,OK,2026-02-16,UPSTOX_V2_1D,2026-02-14,830.45,881.45,1.03,12.827534,19.6,18.262482052770057,653.26,6.5326,696.61,6.9661,753.21,7.5321,1514.84,15.1484,1393.22,13.9322,36.6548,3.9015,34.8305,34.7805,37.0,NSE_EQ|INE987B01026
NATCOPHARM,2026-06-30,2026-08-14 23:59:59,MISS,-2.969366,OK,2026-08-17,UPSTOX_V2_1D,2026-08-14,896.1,889.8,-15.31,5.155983,20.4,14.723918684793347,25.11,0.2511,-207.57,-2.0757,-134.47,-1.3447,-609.31,-6.0931,,,2.2207,-10.6127,-5.9145,-5.9645,30.0,NSE_EQ|INE987B01026
NATIONALUM,2025-12-31,2026-02-14 23:59:59,NEUTRAL,0.087327,OK,2026-02-16,UPSTOX_V2_1D,2026-02-14,346.0,348.4,0.16,1.8322,24.4,14.657535517830356,-148.84,-1.4884,-170.52,-1.7052,-203.76,-2.0376,486.99,4.8699,758.67,7.5867,27.1676,-3.3671,26.8064,26.7564,37.0,NSE_EQ|INE139A01034
NATIONALUM,2026-06-30,2026-08-14 23:59:59,STRONG_BEAT,2.149845,OK,2026-08-17,UPSTOX_V2_1D,2026-08-14,377.9,387.55,5.2,2.418779,29.8,14.781199279405822,267.27,2.6727,203.76,2.0376,672.14,6.7214,95.26,0.9526,,,7.1712,-9.7645,-8.2694,-8.3194,30.0,NSE_EQ|INE139A01034
NAVA,2026-06-30,2026-08-14 23:59:59,MISS,-0.747195,OK,2026-08-17,UPSTOX_V2_1D,2026-08-14,579.8,559.65,-1.09,1.458789,15.6,10.986924785413454,-360.47,-3.6047,-397.55,-3.9755,-220.77,-2.2077,-201.79,-2.0179,,,1.1383,-7.9165,-5.8382,-5.8882,30.0,NSE_EQ|INE725A01030
NAVINFLUOR,2026-06-30,2026-08-14 23:59:59,STRONG_BEAT,2.933473,OK,2026-08-17,UPSTOX_V2_1D,2026-08-14,8255.0,8151.0,23.81,8.116658,16.4,22.96110003552283,0.0,0.0,1.21,0.0121,-82.37,-0.8237,509.39,5.0939,,,8.4131,-1.9988,-0.2483,-0.2983,30.0,NSE_EQ|INE048G01026
NCC,2025-12-31,2026-02-14 23:59:59,MISS,-1.353124,OK,2026-02-16,UPSTOX_V2_1D,2026-02-14,151.8,150.05,-1.13,0.835105,17.2,20.054632325368637,23.06,0.2306,-95.52,-0.9552,-128.46,-1.2846,-160.08,-1.6008,-656.13,-6.5613,7.747,-14.361,6.2319,6.1819,37.0,NSE_EQ|INE868B01028
NCC,2026-06-30,2026-08-14 23:59:59,WEAK_BEAT,0.887204,OK,2026-08-17,UPSTOX_V2_1D,2026-08-14,140.65,139.4,0.39,0.439583,18.4,21.240064970763918,-19.2,-0.192,-41.24,-0.4124,476.36,4.7636,548.88,5.4888,,,9.3921,-9.9538,-8.802,-8.852,30.0,NSE_EQ|INE868B01028
NDRAUTO,2025-12-31,2026-02-14 23:59:59,WEAK_BEAT,1.26743,OK,2026-02-16,UPSTOX_V2_1D,2026-02-14,742.0,770.4,0.76,0.599639,15.0,49.026519655058046,1010.78,10.1078,544.47,5.4447,613.88,6.1388,-123.99,-1.2399,-1252.02,-12.5202,15.2291,-18.4569,1.6846,1.6346,37.0,NSE_EQ|INE07OG01012
NDRAUTO,2026-06-30,2026-08-14 23:59:59,STRONG_BEAT,2.044331,OK,2026-08-17,UPSTOX_V2_1D,2026-08-14,806.3,803.55,1.18,0.577206,18.2,48.490611859745705,-149.45,-1.4945,-403.08,-4.0308,-780.73,-7.8073,-876.84,-8.7684,,,0.4527,-18.9756,-8.2351,-8.2851,30.0,NSE_EQ|INE07OG01012
NESCO,2025-12-31,2026-02-14 23:59:59,MISS,-0.875956,OK,2026-02-16,UPSTOX_V2_1D,2026-02-14,1165.0,1176.4,-0.75,0.856208,19.2,11.12338617639914,88.41,0.8841,-245.49,-2.4549,-206.01,-2.0601,-600.0,-6.0,-1230.04,-12.3004,4.4635,-14.5064,3.7253,3.6753,37.0,NSE_EQ|INE317F01035
NESCO,2026-06-30,2026-08-14 23:59:59,NEUTRAL,0.293942,OK,2026-08-17,UPSTOX_V2_1D,2026-08-14,1038.0,1046.3,0.55,1.87112,19.8,26.213143831858176,-31.79,-0.3179,-52.02,-0.5202,-21.19,-0.2119,27.94,0.2794,,,9.8266,-2.2158,0.2408,0.1908,30.0,NSE_EQ|INE317F01035
NEULANDLAB,2025-12-31,2026-02-14 23:59:59,MISS,-0.894879,OK,2026-02-16,UPSTOX_V2_1D,2026-02-14,13056.0,13246.0,-47.56,53.146877,18.8,14.122477559788882,469.52,4.6952,-27.57,-0.2757,455.73,4.5573,30.64,0.3064,-632.66,-6.3266,18.0607,-11.9179,17.1492,17.0992,37.0,NSE_EQ|INE794A01010
NEULANDLAB,2026-06-30,2026-08-14 23:59:59,STRONG_BEAT,1.933891,OK,2026-08-17,UPSTOX_V2_1D,2026-08-14,23300.0,23661.0,104.27,53.91722,21.8,16.641006457497443,30.04,0.3004,115.02,1.1502,-169.53,-1.6953,-124.46,-1.2446,,,3.97,-9.1416,-8.2618,-8.3118,30.0,NSE_EQ|INE794A01010
NEWGEN,2025-12-31,2026-02-14 23:59:59,MISS,-2.82251,OK,2026-02-16,UPSTOX_V2_1D,2026-02-14,478.95,463.05,-1.93,0.683788,26.8,17.603948115274793,1013.68,10.1368,3005.53,30.0553,1204.72,12.0472,184.78,1.8478,-579.39,-5.7939,33.1037,-16.2647,0.95,0.9,37.0,NSE_EQ|INE619B01017
NEWGEN,2026-06-30,2026-08-14 23:59:59,WEAK_BEAT,0.615876,OK,2026-08-17,UPSTOX_V2_1D,2026-08-14,537.8,534.85,0.9,1.461332,26.2,18.521716555279767,-173.86,-1.7386,-194.31,-1.9431,-174.79,-1.7479,-166.42,-1.6642,,,7.0844,-13.4623,-12.0491,-12.0991,30.0,NSE_EQ|INE619B01017
NGLFINE,2026-06-30,2026-08-14 23:59:59,WEAK_BEAT,0.953114,OK,2026-08-17,UPSTOX_V2_1D,2026-08-14,3489.9,2908.4,14.82,15.549024,19.0,14.194083679524194,-1336.43,-13.3643,-1308.35,-13.0835,-1792.6,-17.926,-2408.09,-24.0809,,,-6.4443,-28.2186,-17.7369,-17.7869,30.0,NSE_EQ|INE887E01022
NPST,2025-12-31,2026-02-14 23:59:59,WEAK_BEAT,0.541719,OK,2026-02-16,UPSTOX_V2_1D,2026-02-14,1179.0,1175.2,2.88,5.316411,44.2,63.07634488263189,96.69,0.9669,-13.57,-0.1357,-341.82,-3.4182,-871.93,-8.7193,-2547.92,-25.4792,11.5352,-28.1934,8.0874,8.0374,37.0,NSE_EQ|INE0FFK01017
NRBBEARING,2026-06-30,2026-08-14 23:59:59,NEUTRAL,0.062937,OK,2026-08-17,UPSTOX_V2_1D,2026-08-14,464.3,484.05,0.49,7.785544,16.0,11.867841618805963,458.76,4.5876,407.06,4.0706,358.6,3.586,205.69,2.0569,,,20.5901,-4.9752,16.5303,16.4803,30.0,NSE_EQ|INE349A01021
NUCLEUS,2026-06-30,2026-08-14 23:59:59,MISS,-1.388512,OK,2026-08-17,UPSTOX_V2_1D,2026-08-14,704.0,713.8,-4.3,3.096841,21.0,11.252094861449159,111.51,1.1151,463.07,4.6307,481.53,4.8153,573.86,5.7386,,,7.7983,-7.9972,-7.3082,-7.3582,30.0,NSE_EQ|INE096B01018
OLECTRA,2026-06-30,2026-08-14 23:59:59,NEUTRAL,-0.009125,OK,2026-08-17,UPSTOX_V2_1D,2026-08-14,1315.0,1320.1,-0.01,1.095856,15.6,52.42503449163465,69.2,0.692,-180.99,-1.8099,-132.32,-1.3232,-291.25,-2.9125,,,4.1521,-13.7643,-13.5437,-13.5937,30.0,NSE_EQ|INE260D01016
PERSISTENT,2025-12-31,2026-02-14 23:59:59,STRONG_BEAT,1.663253,OK,2026-02-16,UPSTOX_V2_1D,2026-02-14,5485.0,5582.0,3.74,2.248605,27.4,27.337794233545097,260.71,2.6071,-399.27,-3.9927,-925.25,-9.2525,-1479.67,-14.7967,-1542.75,-15.4275,4.5579,-18.8861,-0.7019,-0.7519,37.0,NSE_EQ|INE262H01021
PERSISTENT,2026-06-30,2026-08-14 23:59:59,WEAK_BEAT,1.491184,OK,2026-08-17,UPSTOX_V2_1D,2026-08-14,5580.5,5570.0,3.45,2.313597,30.0,28.630894929640572,-247.29,-2.4729,167.55,1.6755,203.39,2.0339,25.09,0.2509,,,5.9045,-7.4993,-7.4993,-7.5493,30.0,NSE_EQ|INE262H01021
PETRONET,2026-06-30,2026-08-14 23:59:59,STRONG_BEAT,2.00656,OK,2026-08-17,UPSTOX_V2_1D,2026-08-14,282.6,281.8,1.97,0.98178,26.0,10.819553160020146,129.16,1.2916,311.39,3.1139,472.4,4.724,636.94,6.3694,,,6.3694,-1.5393,0.1238,0.0738,30.0,NSE_EQ|INE347G01014
PIDILITIND,2025-12-31,2026-02-14 23:59:59,STRONG_BEAT,2.067476,OK,2026-02-16,UPSTOX_V2_1D,2026-02-14,1470.0,1487.3,0.64,0.309556,27.4,12.493109414762893,173.47,1.7347,-34.69,-0.3469,74.83,0.7483,-30.61,-0.3061,-791.84,-7.9184,3.7415,-14.3537,-5.2109,-5.2609,37.0,NSE_EQ|INE318A01026
PIDILITIND,2026-06-30,2026-08-14 23:59:59,STRONG_BEAT,6.701752,OK,2026-08-17,UPSTOX_V2_1D,2026-08-14,1689.8,1669.0,1.96,0.292461,28.0,14.89345183301134,-93.5,-0.935,-176.35,-1.7635,-176.35,-1.7635,-12.43,-0.1243,,,-0.1243,-13.5401,-13.5401,-13.5901,30.0,NSE_EQ|INE318A01026
PIIND,2025-12-31,2026-02-14 23:59:59,MISS,-1.11528,OK,2026-02-16,UPSTOX_V2_1D,2026-02-14,3089.7,3054.5,-4.05,3.631376,21.6,18.838177832715843,-80.91,-0.8091,-237.24,-2.3724,96.45,0.9645,31.39,0.3139,-646.02,-6.4602,2.9873,-12.6129,1.6183,1.5683,37.0,NSE_EQ|INE603J01030
PIXTRANS,2025-12-31,2026-02-14 23:59:59,WEAK_BEAT,0.864635,OK,2026-02-16,UPSTOX_V2_1D,2026-02-14,1505.0,1484.7,9.55,11.045127,24.0,14.2973659532045,-91.69,-0.9169,37.21,0.3721,-83.72,-0.8372,-355.48,-3.5548,-637.21,-6.3721,7.907,-9.2957,1.2957,1.2457,37.0,NSE_EQ|INE751B01018
POKARNA,2025-12-31,2026-02-14 23:59:59,MISS,-1.041624,OK,2026-02-16,UPSTOX_V2_1D,2026-02-14,1082.8,1069.75,-9.75,9.360386,17.8,18.672430319992106,60.49,0.6049,-373.57,-3.7357,-954.01,-9.5401,-1762.56,-17.6256,-2065.48,-20.6548,3.8973,-26.8886,-14.3471,-14.3971,37.0,NSE_EQ|INE637C01025
POLYCAB,2025-12-31,2026-02-14 23:59:59,WEAK_BEAT,1.444774,OK,2026-02-16,UPSTOX_V2_1D,2026-02-14,7617.5,7636.0,10.88,7.530589,26.4,20.47265414931083,163.44,1.6344,210.7,2.107,468.0,4.68,1222.19,12.2219,-643.91,-6.4391,14.4995,-11.3883,7.4171,7.3671,37.0,NSE_EQ|INE455K01017
POLYCAB,2026-06-30,2026-08-14 23:59:59,STRONG_BEAT,2.238377,OK,2026-08-17,UPSTOX_V2_1D,2026-08-14,9250.0,9370.0,12.73,5.687157,28.4,26.856852398860642,-120.0,-1.2,-135.14,-1.3514,-211.89,-2.1189,210.81,2.1081,,,2.1081,-12.7351,-12.4054,-12.4554,30.0,NSE_EQ|INE455K01017
POLYMED,2025-12-31,2026-02-14 23:59:59,MISS,-1.954895,OK,2026-02-16,UPSTOX_V2_1D,2026-02-14,1296.0,1300.8,-1.41,0.721266,19.8,19.42628418392498,199.85,1.9985,-136.57,-1.3657,-209.88,-2.0988,138.89,1.3889,-311.73,-3.1173,16.6127,-8.7963,13.2253,13.1753,37.0,NSE_EQ|INE205C01021
POLYMED,2026-06-30,2026-08-14 23:59:59,NEUTRAL,-0.499742,OK,2026-08-17,UPSTOX_V2_1D,2026-08-14,1789.9,1733.6,-0.7,1.400723,17.8,19.021747690110246,-29.05,-0.2905,-113.41,-1.1341,-294.43,-2.9443,-169.28,-1.6928,,,3.8047,-9.9838,-8.1122,-8.1622,30.0,NSE_EQ|INE205C01021
PRICOLLTD,2025-12-31,2026-02-14 23:59:59,STRONG_BEAT,3.516468,OK,2026-02-16,UPSTOX_V2_1D,2026-02-14,635.8,619.3,1.83,0.520408,19.2,16.78867999137088,-558.35,-5.5835,-533.97,-5.3397,-77.07,-0.7707,-803.71,-8.0371,-1733.25,-17.3325,0.519,-19.9512,-7.7068,-7.7568,37.0,NSE_EQ|INE726V01018
PRICOLLTD,2026-06-30,2026-08-14 23:59:59,STRONG_BEAT,1.96983,OK,2026-08-17,UPSTOX_V2_1D,2026-08-14,793.55,806.55,1.41,0.715798,20.8,23.386980875685694,81.91,0.8191,127.28,1.2728,-33.39,-0.3339,122.24,1.2224,,,3.7112,-9.1425,-5.5699,-5.6199,30.0,NSE_EQ|INE726V01018
PRUDENT,2025-12-31,2026-02-14 23:59:59,WEAK_BEAT,1.169318,OK,2026-02-16,UPSTOX_V2_1D,2026-02-14,2645.0,2608.2,2.28,1.949855,46.2,36.8559177548486,-71.83,-0.7183,-285.82,-2.8582,-332.7,-3.327,-1297.54,-12.9754,-1667.3,-16.673,4.4991,-19.811,4.0454,3.9954,37.0,NSE_EQ|INE00F201020
PRUDENT,2026-06-30,2026-08-14 23:59:59,STRONG_BEAT,5.220789,OK,2026-08-17,UPSTOX_V2_1D,2026-08-14,3317.6,3338.0,5.55,1.063058,45.4,35.36966444238576,110.02,1.1002,138.35,1.3835,57.87,0.5787,1075.48,10.7548,,,23.7491,-8.4037,-6.5981,-6.6481,30.0,NSE_EQ|INE00F201020
RADICO,2025-12-31,2026-02-14 23:59:59,STRONG_BEAT,2.630729,OK,2026-02-16,UPSTOX_V2_1D,2026-02-14,2790.9,2791.3,4.43,1.683944,15.0,15.122918319851397,112.51,1.1251,-234.69,-2.3469,-268.37,-2.6837,-651.76,-6.5176,130.78,1.3078,15.6258,-10.4232,14.189,14.139,37.0,NSE_EQ|INE944F01028
RADICO,2026-06-30,2026-08-14 23:59:59,STRONG_BEAT,5.27012,OK,2026-08-17,UPSTOX_V2_1D,2026-08-14,4657.8,4693.4,7.39,1.402245,16.2,20.522489059139627,161.23,1.6123,82.01,0.8201,-124.09,-1.2409,-370.99,-3.7099,,,1.9151,-7.7075,-6.3077,-6.3577,30.0,NSE_EQ|INE944F01028
RAILTEL,2023-06-30,2023-08-14 23:59:59,WEAK_BEAT,0.749354,OK,2023-08-16,UPSTOX_V2_1D,2023-08-14,167.3,173.55,0.39,0.520449,16.6,12.73802078411661,104.6,1.046,101.61,1.0161,47.82,0.4782,1990.44,19.9044,3419.01,34.1901,52.6599,-1.0759,35.7442,35.6942,40.0,NSE_EQ|INE0DD101019
RAILTEL,2023-09-30,2023-11-14 23:59:59,WEAK_BEAT,0.622146,OK,2023-11-15,UPSTOX_V2_1D,2023-11-14,257.2,252.55,0.4,0.642936,16.6,12.73802078411661,-357.7,-3.577,229.39,2.2939,946.73,9.4673,1294.71,12.9471,1632.97,16.3297,45.4121,-4.3157,38.2193,38.1693,40.0,NSE_EQ|INE0DD101019
RAMKY,2026-06-30,2026-08-14 23:59:59,MISS,-2.978838,OK,2026-08-17,UPSTOX_V2_1D,2026-08-14,386.9,390.05,-5.07,1.702006,17.4,11.818472610610819,121.48,1.2148,109.85,1.0985,-170.59,-1.7059,-917.55,-9.1755,,,3.6831,-25.0065,-23.9984,-24.0484,30.0,NSE_EQ|INE874I01013
ROUTE,2026-06-30,2026-08-14 23:59:59,NEUTRAL,0.159989,OK,2026-08-17,UPSTOX_V2_1D,2026-08-14,505.95,508.6,1.49,9.313153,19.0,25.675682681258017,-128.47,-1.2847,-51.39,-0.5139,-251.01,-2.5101,-117.6,-1.176,,,5.6231,-12.2245,-11.6118,-11.6618,30.0,NSE_EQ|INE450U01017
RRKABEL,2025-12-31,2026-02-14 23:59:59,WEAK_BEAT,1.262048,OK,2026-02-16,UPSTOX_V2_1D,2026-02-14,1409.0,1407.5,4.4,3.486397,18.2,25.173641955346437,92.97,0.9297,116.39,1.1639,295.95,2.9595,871.54,8.7154,-278.92,-2.7892,12.0085,-8.8999,4.7268,4.6768,37.0,NSE_EQ|INE777K01022
RRKABEL,2026-06-30,2026-08-14 23:59:59,STRONG_BEAT,3.82365,OK,2026-08-17,UPSTOX_V2_1D,2026-08-14,2779.1,2748.6,10.21,2.670223,20.8,28.976237253381786,20.87,0.2087,414.16,4.1416,326.72,3.2672,537.22,5.3722,,,7.3657,-15.7929,-9.208,-9.258,30.0,NSE_EQ|INE777K01022
SAFARI,2025-12-31,2026-02-14 23:59:59,NEUTRAL,0.115449,OK,2026-02-16,UPSTOX_V2_1D,2026-02-14,1765.0,1744.9,0.34,2.945018,18.6,20.900450843610983,383.0,3.83,457.22,4.5722,575.64,5.7564,-163.74,-1.6374,-1248.73,-12.4873,15.2295,-21.1785,-10.6232,-10.6732,37.0,NSE_EQ|INE429E01023
SAFARI,2026-06-30,2026-08-14 23:59:59,NEUTRAL,-0.227597,OK,2026-08-17,UPSTOX_V2_1D,2026-08-14,1491.4,1497.3,-0.58,2.548365,23.8,44.22774048861069,-57.66,-0.5766,-8.05,-0.0805,24.81,0.2481,131.42,1.3142,,,4.3851,-5.2903,-4.0566,-4.1066,30.0,NSE_EQ|INE429E01023
SAKSOFT,2025-12-31,2026-02-14 23:59:59,WEAK_BEAT,0.52353,OK,2026-02-16,UPSTOX_V2_1D,2026-02-14,162.0,158.82,0.15,0.286516,26.2,19.721803646474356,190.74,1.9074,-258.64,-2.5864,-699.38,-6.9938,-1606.17,-16.0617,-2487.04,-24.8704,4.1173,-33.5864,-8.8333,-8.8833,37.0,NSE_EQ|INE667G01023
SAKSOFT,2026-06-30,2026-08-14 23:59:59,MISS,-0.916584,OK,2026-08-17,UPSTOX_V2_1D,2026-08-14,165.71,164.95,-0.23,0.250932,26.4,21.140240958122103,39.23,0.3923,-120.09,-1.2009,-216.04,-2.1604,-625.19,-6.2519,,,1.4966,-16.9513,-15.6478,-15.6978,30.0,NSE_EQ|INE667G01023
SANDUMA,2026-06-30,2026-08-14 23:59:59,WEAK_BEAT,0.854097,OK,2026-08-17,UPSTOX_V2_1D,2026-08-14,198.01,200.89,1.24,1.451826,19.58,48.60793454585104,100.5,1.005,-53.53,-0.5353,363.62,3.6362,221.2,2.212,,,7.7976,-10.0045,-7.737,-7.787,30.0,NSE_EQ|INE149K01016
SARDAEN,2025-12-31,2026-02-14 23:59:59,NEUTRAL,-0.088168,OK,2026-02-16,UPSTOX_V2_1D,2026-02-14,497.5,504.65,-0.2,2.268397,18.6,18.34604193608356,295.48,2.9548,263.32,2.6332,283.42,2.8342,948.74,9.4874,158.79,1.5879,21.407,-3.9598,19.6985,19.6485,37.0,NSE_EQ|INE385C01021
SARDAEN,2026-06-30,2026-08-14 23:59:59,NEUTRAL,0.233401,OK,2026-08-17,UPSTOX_V2_1D,2026-08-14,531.15,521.15,0.67,2.870591,19.0,20.942072742648254,-244.75,-2.4475,-410.43,-4.1043,-454.67,-4.5467,-607.17,-6.0717,,,4.4903,-8.6699,-5.7987,-5.8487,30.0,NSE_EQ|INE385C01021
SAREGAMA,2025-12-31,2026-02-14 23:59:59,MISS,-1.870193,OK,2026-02-16,UPSTOX_V2_1D,2026-02-14,344.85,339.05,-0.57,0.304781,22.2,17.582809887850146,-27.55,-0.2755,-100.04,-1.0004,-91.34,-0.9134,-465.42,-4.6542,363.93,3.6393,7.554,-10.9613,-0.2755,-0.3255,37.0,NSE_EQ|INE979A01025
SBCL,2025-12-31,2026-02-14 23:59:59,WEAK_BEAT,1.465759,OK,2026-02-16,UPSTOX_V2_1D,2026-02-14,508.55,498.6,0.68,0.463923,31.2,22.124956251159755,-378.53,-3.7853,-396.22,-3.9622,-114.05,-1.1405,-1430.54,-14.3054,-1877.89,-18.7789,4.5915,-27.5194,2.8414,2.7914,37.0,NSE_EQ|INE386D01027
SHARDACROP,2025-12-31,2026-02-14 23:59:59,STRONG_BEAT,2.767885,OK,2026-02-16,UPSTOX_V2_1D,2026-02-14,1240.0,1231.2,12.64,4.566665,17.6,16.616649474894672,83.87,0.8387,-537.9,-5.379,-526.61,-5.2661,-838.71,-8.3871,-2021.77,-20.2177,1.8226,-30.0806,-10.6573,-10.7073,37.0,NSE_EQ|INE221J01015
SHARDACROP,2026-06-30,2026-08-14 23:59:59,MISS,-1.107244,OK,2026-08-17,UPSTOX_V2_1D,2026-08-14,782.0,787.1,-6.07,5.482082,19.4,17.06627257653899,-139.39,-1.3939,-237.21,-2.3721,-34.53,-0.3453,-193.09,-1.9309,,,2.7749,-8.4399,-7.743,-7.793,30.0,NSE_EQ|INE221J01015
SHRIPISTON,2025-12-31,2026-02-14 23:59:59,WEAK_BEAT,1.018234,OK,2026-02-16,UPSTOX_V2_1D,2026-02-14,3090.0,3033.2,0.72,0.707107,21.4,17.17703247960238,-109.71,-1.0971,-436.25,-4.3625,-47.9,-0.479,-45.31,-0.4531,-477.35,-4.7735,21.356,-10.0097,20.8997,20.8497,37.0,NSE_EQ|INE526E01018
SHYAMMETL,2025-12-31,2026-02-14 23:59:59,NEUTRAL,-0.001567,OK,2026-02-16,UPSTOX_V2_1D,2026-02-14,880.15,882.25,-0.01,6.38335,21.8,28.20903988956358,188.6,1.886,-256.21,-2.5621,-434.59,-4.3459,-468.67,-4.6867,-1348.63,-13.4863,2.8688,-15.2417,-1.8122,-1.8622,37.0,NSE_EQ|INE810G01011
SHYAMMETL,2026-06-30,2026-08-14 23:59:59,STRONG_BEAT,1.958225,OK,2026-08-17,UPSTOX_V2_1D,2026-08-14,1004.0,986.9,1.89,0.96516,19.0,24.1227555563043,-133.47,-1.3347,-71.71,-0.7171,-29.88,-0.2988,891.43,8.9143,,,14.3426,-2.1116,6.9721,6.9221,30.0,NSE_EQ|INE810G01011
SIKA,2026-06-30,2026-08-14 23:59:59,MISS,-1.505787,OK,2026-08-17,UPSTOX_V2_1D,2026-08-14,1040.1,1052.9,-0.92,0.610976,27.2,21.405536831006543,-96.14,-0.9614,-387.46,-3.8746,-33.65,-0.3365,-424.96,-4.2496,,,6.8167,-7.4608,-1.4085,-1.4585,30.0,NSE_EQ|INE438E01032
SKMEGGPROD,2026-06-30,2026-08-14 23:59:59,WEAK_BEAT,0.63574,OK,2026-08-17,UPSTOX_V2_1D,2026-08-14,259.5,259.42,1.44,2.265075,26.4,23.345067791206397,-34.68,-0.3468,-154.91,-1.5491,-104.05,-1.0405,323.7,3.237,,,6.8593,-19.7303,-15.5684,-15.6184,30.0,NSE_EQ|INE411D01023
SOLARINDS,2025-12-31,2026-02-14 23:59:59,STRONG_BEAT,4.841951,OK,2026-02-16,UPSTOX_V2_1D,2026-02-14,13043.0,13111.0,14.51,2.996726,30.0,27.509068287198414,170.97,1.7097,250.71,2.5071,250.71,2.5071,725.29,7.2529,796.6,7.966,19.4204,-7.9966,15.6866,15.6366,37.0,NSE_EQ|INE343H01029
SOLARINDS,2026-06-30,2026-08-14 23:59:59,STRONG_BEAT,8.061636,OK,2026-08-17,UPSTOX_V2_1D,2026-08-14,19951.0,20000.0,34.68,4.301856,33.8,31.3527701696511,164.9,1.649,-95.73,-0.9573,-13.03,-0.1303,78.69,0.7869,,,13.7788,-7.3731,-6.521,-6.571,30.0,NSE_EQ|INE343H01029
SONACOMS,2025-12-31,2026-02-14 23:59:59,NEUTRAL,0.0,OK,2026-02-16,UPSTOX_V2_1D,2026-02-14,527.6,525.1,0.0,0.367197,21.4,27.852220624527526,40.75,0.4075,8.53,0.0853,160.16,1.6016,-196.17,-1.9617,-727.82,-7.2782,13.1444,-10.0834,12.5569,12.5069,37.0,NSE_EQ|INE073K01018
SONACOMS,2026-06-30,2026-08-14 23:59:59,STRONG_BEAT,2.448099,OK,2026-08-17,UPSTOX_V2_1D,2026-08-14,799.0,805.1,0.89,0.363547,20.0,23.22366723613132,312.89,3.1289,286.61,2.8661,181.48,1.8148,175.84,1.7584,,,5.632,-5.0,2.0839,2.0339,30.0,NSE_EQ|INE073K01018
SONATSOFTW,2025-12-31,2026-02-14 23:59:59,NEUTRAL,-0.007308,OK,2026-02-16,UPSTOX_V2_1D,2026-02-14,280.0,273.5,-0.02,2.73678,37.4,22.098161636977885,141.07,1.4107,276.79,2.7679,58.93,0.5893,-705.36,-7.0536,-1673.21,-16.7321,4.4643,-26.0179,0.1214,0.0714,37.0,NSE_EQ|INE269A01021
SONATSOFTW,2026-06-30,2026-08-14 23:59:59,NEUTRAL,-0.015362,OK,2026-08-17,UPSTOX_V2_1D,2026-08-14,325.65,320.4,-0.04,2.60381,35.8,20.408702648401224,-497.47,-4.9747,-603.41,-6.0341,-580.38,-5.8038,-1031.78,-10.3178,,,-0.9827,-20.8353,-19.8987,-19.9487,30.0,NSE_EQ|INE269A01021
SRF,2025-12-31,2026-02-14 23:59:59,WEAK_BEAT,1.1711,OK,2026-02-16,UPSTOX_V2_1D,2026-02-14,2830.0,2847.8,5.46,4.662284,17.8,15.304721355791084,-307.77,-3.0777,-534.63,-5.3463,-649.82,-6.4982,-1035.34,-10.3534,-1346.29,-13.4629,1.8763,-16.7845,-11.8551,-11.9051,37.0,NSE_EQ|INE647A01010
SRF,2026-06-30,2026-08-14 23:59:59,STRONG_BEAT,4.078268,OK,2026-08-17,UPSTOX_V2_1D,2026-08-14,2600.0,2616.0,11.02,2.702127,17.2,13.449886198623574,115.38,1.1538,-98.08,-0.9808,-73.85,-0.7385,-152.31,-1.5231,,,1.8462,-7.0038,-6.9192,-6.9692,30.0,NSE_EQ|INE647A01010
STYLAMIND,2026-06-30,2026-08-14 23:59:59,STRONG_BEAT,2.462255,OK,2026-08-17,UPSTOX_V2_1D,2026-08-14,3658.0,3582.4,11.74,4.767986,29.0,18.854983980072838,214.32,2.1432,-111.26,-1.1126,-231.82,-2.3182,-528.98,-5.2898,,,2.895,-13.8272,-8.7917,-8.8417,30.0,NSE_EQ|INE239C01020
SUNDRMFAST,2026-06-30,2026-08-14 23:59:59,STRONG_BEAT,5.137012,OK,2026-08-17,UPSTOX_V2_1D,2026-08-14,1225.0,1214.75,0.95,0.184932,18.6,11.532296673316145,26.94,0.2694,27.76,0.2776,-46.94,-0.4694,-172.24,-1.7224,,,9.9755,-7.5265,-6.6776,-6.7276,30.0,NSE_EQ|INE387A01021
SUPREMEIND,2025-12-31,2026-02-14 23:59:59,MISS,-1.87024,OK,2026-02-16,UPSTOX_V2_1D,2026-02-14,3774.9,3885.8,-2.65,1.41693,30.8,13.639198643393492,383.32,3.8332,260.4,2.604,438.95,4.3895,474.98,4.7498,404.51,4.0451,7.9446,-6.8585,-1.7457,-1.7957,37.0,NSE_EQ|INE195A01028
SUPREMEIND,2026-06-30,2026-08-14 23:59:59,STRONG_BEAT,4.123394,OK,2026-08-17,UPSTOX_V2_1D,2026-08-14,3590.0,3590.0,6.17,1.49634,26.6,12.036614301526537,39.0,0.39,167.13,1.6713,30.64,0.3064,-86.35,-0.8635,,,3.3426,-8.9136,-4.0167,-4.0667,30.0,NSE_EQ|INE195A01028
TALBROAUTO,2025-12-31,2026-02-14 23:59:59,STRONG_BEAT,2.251629,OK,2026-02-16,UPSTOX_V2_1D,2026-02-14,282.0,278.55,0.55,0.244268,18.0,16.522275196864133,79.79,0.7979,-212.77,-2.1277,-193.26,-1.9326,-1014.18,-10.1418,-1558.51,-15.5851,1.7376,-22.0213,-2.2624,-2.3124,37.0,NSE_EQ|INE187D01029
TALBROAUTO,2026-06-30,2026-08-14 23:59:59,STRONG_BEAT,5.070173,OK,2026-08-17,UPSTOX_V2_1D,2026-08-14,423.65,423.45,1.26,0.248512,19.0,14.400324540181542,77.89,0.7789,-274.99,-2.7499,-123.92,-1.2392,-289.15,-2.8915,,,14.6701,-6.8807,2.2542,2.2042,30.0,NSE_EQ|INE187D01029
TANLA,2025-12-31,2026-02-14 23:59:59,STRONG_BEAT,1.634667,OK,2026-02-16,UPSTOX_V2_1D,2026-02-14,465.0,463.05,1.11,0.679037,43.2,15.697328827987933,121.51,1.2151,-151.61,-1.5161,-55.91,-0.5591,-504.3,-5.043,-1173.12,-11.7312,6.8817,-21.3118,5.6129,5.5629,37.0,NSE_EQ|INE483C01032
TANLA,2026-06-30,2026-08-14 23:59:59,WEAK_BEAT,1.445053,OK,2026-08-17,UPSTOX_V2_1D,2026-08-14,582.0,573.5,1.92,1.328671,38.0,13.544175117793289,-90.21,-0.9021,-158.08,-1.5808,-302.41,-3.0241,-890.89,-8.9089,,,1.8127,-16.8814,-15.6959,-15.7459,30.0,NSE_EQ|INE483C01032
TARIL,2025-12-31,2026-02-14 23:59:59,WEAK_BEAT,0.70071,OK,2026-02-16,UPSTOX_V2_1D,2026-02-14,269.77,270.56,0.64,0.913359,15.4,23.53714945909955,157.91,1.5791,1277.01,12.7701,1284.06,12.8406,1276.27,12.7627,-137.9,-1.379,21.8371,-6.2164,19.4721,19.4221,37.0,NSE_EQ|INE763I01026
TATATECH,2025-12-31,2026-02-14 23:59:59,MISS,-26.548932,OK,2026-02-16,UPSTOX_V2_1D,2026-02-14,598.0,597.45,-4.0,0.150665,24.4,12.624946260457936,99.5,0.995,58.53,0.5853,42.64,0.4264,-294.31,-2.9431,-1168.06,-11.6806,2.709,-15.1505,-1.4548,-1.5048,37.0,NSE_EQ|INE142M01025
TBOTEK,2025-12-31,2026-02-14 23:59:59,WEAK_BEAT,0.814094,OK,2026-02-16,UPSTOX_V2_1D,2026-02-14,1473.1,1442.3,0.34,0.417642,28.4,24.920220470282395,-304.12,-3.0412,-688.34,-6.8834,-915.76,-9.1576,-2019.55,-20.1955,-1991.04,-19.9104,-2.2877,-31.8308,-12.1716,-12.2216,37.0,NSE_EQ|INE673O01025
TBOTEK,2026-06-30,2026-08-14 23:59:59,STRONG_BEAT,4.436649,OK,2026-08-17,UPSTOX_V2_1D,2026-08-14,1645.6,1700.0,1.88,0.423743,31.8,79.91691899009167,380.41,3.8041,346.38,3.4638,351.85,3.5185,604.64,6.0464,,,6.3442,-2.771,2.376,2.326,30.0,NSE_EQ|INE673O01025
TCI,2025-12-31,2026-02-14 23:59:59,STRONG_BEAT,1.838899,OK,2026-02-16,UPSTOX_V2_1D,2026-02-14,1058.6,1045.5,1.78,0.96797,20.2,10.57019080674797,-78.41,-0.7841,-366.52,-3.6652,-134.14,-1.3414,-772.72,-7.7272,-921.03,-9.2103,2.2105,-16.758,-5.1578,-5.2078,37.0,NSE_EQ|INE688A01022
TCI,2026-06-30,2026-08-14 23:59:59,NEUTRAL,-0.143611,OK,2026-08-17,UPSTOX_V2_1D,2026-08-14,915.2,907.65,-0.13,0.905221,21.0,11.90420738181781,-53.54,-0.5354,-94.51,-0.9451,-157.34,-1.5734,-515.73,-5.1573,,,4.3488,-12.9152,-5.0809,-5.1309,30.0,NSE_EQ|INE688A01022
TCS,2025-06-30,2025-08-14 23:59:59,WEAK_BEAT,1.065798,OK,2025-08-18,UPSTOX_V2_1D,2025-08-14,3046.5,3011.2,1.99,1.867146,51.2,12.864846978115496,-99.46,-0.9946,184.15,1.8415,308.88,3.0888,213.36,2.1336,325.62,3.2562,5.137,-5.9051,-2.7671,-2.8171,42.0,NSE_EQ|INE467B01029
TCS,2025-09-30,2025-11-14 23:59:59,NEUTRAL,0.25748,OK,2025-11-17,UPSTOX_V2_1D,2025-11-14,3106.0,3102.2,0.45,1.74771,51.2,12.864846978115496,-60.85,-0.6085,124.92,1.2492,113.33,1.1333,88.22,0.8822,399.87,3.9987,7.1668,-0.9015,3.2421,3.1921,42.0,NSE_EQ|INE467B01029
TCS,2025-12-31,2026-02-14 23:59:59,MISS,-2.577186,OK,2026-02-16,UPSTOX_V2_1D,2026-02-14,2700.0,2706.6,-4.77,1.850856,51.2,12.864846978115496,64.44,0.6444,-81.85,-0.8185,-87.78,-0.8778,-320.37,-3.2037,-1077.04,-10.7704,2.2222,-13.1037,-4.3889,-4.4389,37.0,NSE_EQ|INE467B01029
TCS,2026-03-31,2026-05-30 23:59:59,WEAK_BEAT,1.42683,OK,2026-06-01,UPSTOX_V2_1D,2026-05-30,2284.0,2297.4,4.13,2.894528,51.2,12.864846978115496,713.22,7.1322,-188.27,-1.8827,-580.56,-5.8056,-534.15,-5.3415,-814.8,-8.148,9.2382,-13.4501,3.5727,3.5227,43.0,NSE_EQ|INE467B01029
TCS,2026-06-30,2026-08-14 23:59:59,NEUTRAL,0.42973,OK,2026-08-17,UPSTOX_V2_1D,2026-08-14,2351.0,2313.2,1.63,3.793081,51.2,12.864846978115496,-302.0,-3.02,-225.44,-2.2544,-284.56,-2.8456,205.44,2.0544,,,2.0544,-13.5517,-13.5517,-13.6017,30.0,NSE_EQ|INE467B01029
THEJO,2025-12-31,2026-02-14 23:59:59,MISS,-1.365269,OK,2026-02-16,UPSTOX_V2_1D,2026-02-14,1708.3,1676.1,-3.93,2.878553,26.0,12.745518925859244,-216.0,-2.16,-220.1,-2.201,98.93,0.9893,-412.11,-4.1211,-759.23,-7.5923,10.8119,-15.1203,6.3338,6.2838,37.0,NSE_EQ|INE121N01019
THEJO,2026-06-30,2026-08-14 23:59:59,STRONG_BEAT,1.862408,OK,2026-08-17,UPSTOX_V2_1D,2026-08-14,2094.4,2118.1,6.23,3.345131,24.2,14.050270935960585,-205.31,-2.0531,32.47,0.3247,-296.98,-2.9698,-84.99,-0.8499,,,7.4293,-4.746,0.7592,0.7092,30.0,NSE_EQ|INE121N01019
THYROCARE,2026-06-30,2026-08-14 23:59:59,STRONG_BEAT,1.763962,OK,2026-08-17,UPSTOX_V2_1D,2026-08-14,630.0,618.6,0.83,0.470532,27.4,10.86382700976607,-345.24,-3.4524,-1004.76,-10.0476,-730.16,-7.3016,-404.76,-4.0476,,,-1.0476,-15.4365,-13.1587,-13.2087,30.0,NSE_EQ|INE594H01019
TIIL,2025-12-31,2026-02-14 23:59:59,WEAK_BEAT,1.161492,OK,2026-02-16,UPSTOX_V2_1D,2026-02-14,2480.1,2413.1,5.55,4.778336,17.8,13.937214905194907,-299.99,-2.9999,-618.93,-6.1893,-681.83,-6.8183,-864.48,-8.6448,-1763.24,-17.6324,2.9757,-20.9669,-0.9798,-1.0298,37.0,NSE_EQ|INE545H01011
TIINDIA,2025-12-31,2026-02-14 23:59:59,NEUTRAL,-0.182142,OK,2026-02-16,UPSTOX_V2_1D,2026-02-14,2490.0,2504.4,-1.44,7.905916,23.8,32.59042408510455,-109.64,-1.0964,-6.83,-0.0683,199.2,1.992,1395.98,13.9598,-271.89,-2.7189,14.4578,-5.1807,12.0562,12.0062,37.0,NSE_EQ|INE974X01010
TIINDIA,2026-06-30,2026-08-14 23:59:59,NEUTRAL,-0.193059,OK,2026-08-17,UPSTOX_V2_1D,2026-08-14,2730.0,2741.4,-1.57,8.132242,24.6,30.29935714413041,838.83,8.3883,732.6,7.326,549.45,5.4945,183.15,1.8315,,,9.4872,-12.1685,-11.6117,-11.6617,30.0,NSE_EQ|INE974X01010
TIMETECHNO,2026-06-30,2026-08-14 23:59:59,STRONG_BEAT,3.218558,OK,2026-08-17,UPSTOX_V2_1D,2026-08-14,193.0,189.61,0.25,0.077675,15.0,15.230710150535831,-379.79,-3.7979,-70.98,-0.7098,-411.92,-4.1192,-301.04,-3.0104,,,1.1917,-10.8549,-4.7047,-4.7547,30.0,NSE_EQ|INE508G01029
TINNARUBR,2026-06-30,2026-08-14 23:59:59,STRONG_BEAT,2.198135,OK,2026-08-17,UPSTOX_V2_1D,2026-08-14,1080.4,1030.3,4.9,2.229163,26.0,33.048868914986265,-141.61,-1.4161,-305.44,-3.0544,-488.71,-4.8871,-771.01,-7.7101,,,2.8323,-14.8973,-11.5883,-11.6383,30.0,NSE_EQ|INE015C01016
TRENT,2025-12-31,2026-02-14 23:59:59,NEUTRAL,0.348162,OK,2026-02-16,UPSTOX_V2_1D,2026-02-14,2822.8,2819.8,0.29,0.832947,15.0,37.502737724746616,-146.66,-1.4666,-392.16,-3.9216,-422.98,-4.2298,-910.44,-9.1044,-1506.66,-15.0666,-0.2161,-22.6371,-2.9829,-3.0329,37.0,NSE_EQ|INE849A01020
TRENT,2026-06-30,2026-08-14 23:59:59,STRONG_BEAT,1.871606,OK,2026-08-17,UPSTOX_V2_1D,2026-08-14,2989.9,2946.0,1.67,0.892282,20.4,50.57964904859191,-159.87,-1.5987,-66.56,-0.6656,-283.96,-2.8396,-367.91,-3.6791,,,-0.3177,-13.6961,-11.87,-11.92,30.0,NSE_EQ|INE849A01020
TRITURBINE,2025-12-31,2026-02-14 23:59:59,NEUTRAL,-0.015747,OK,2026-02-16,UPSTOX_V2_1D,2026-02-14,488.4,490.1,-0.01,0.635033,30.8,19.650777490324224,52.21,0.5221,-24.57,-0.2457,101.35,1.0135,-438.17,-4.3817,-539.52,-5.3952,9.0704,-12.2952,5.5385,5.4885,37.0,NSE_EQ|INE152M01016
TRITURBINE,2026-06-30,2026-08-14 23:59:59,MISS,-0.813492,OK,2026-08-17,UPSTOX_V2_1D,2026-08-14,589.1,597.9,-0.42,0.516293,32.6,25.412281357863222,-122.22,-1.2222,-153.62,-1.5362,-208.79,-2.0879,-185.88,-1.8588,,,2.5378,-9.6758,-7.7321,-7.7821,30.0,NSE_EQ|INE152M01016
UDS,2025-12-31,2026-02-14 23:59:59,MISS,-1.94417,OK,2026-02-16,UPSTOX_V2_1D,2026-02-14,153.62,156.39,-3.24,1.666521,16.4,15.623369537652753,260.38,2.6038,415.96,4.1596,431.58,4.3158,-39.71,-0.3971,-898.97,-8.9897,9.7188,-18.5653,5.0189,4.9689,37.0,NSE_EQ|INE851I01011
UNOMINDA,2025-12-31,2026-02-14 23:59:59,WEAK_BEAT,1.380587,OK,2026-02-16,UPSTOX_V2_1D,2026-02-14,1236.1,1217.4,0.74,0.536004,16.4,21.94008808764425,-151.28,-1.5128,-368.9,-3.689,-324.41,-3.2441,-774.21,-7.7421,-1760.38,-17.6038,0.1537,-19.5858,-11.1884,-11.2384,37.0,NSE_EQ|INE405E01023
UNOMINDA,2026-06-30,2026-08-14 23:59:59,NEUTRAL,0.142763,OK,2026-08-17,UPSTOX_V2_1D,2026-08-14,1246.0,1269.9,0.06,0.420278,18.2,25.263763082457235,216.69,2.1669,116.37,1.1637,42.54,0.4254,240.77,2.4077,,,4.9358,-7.7448,-6.7416,-6.7916,30.0,NSE_EQ|INE405E01023
USHAMART,2025-12-31,2026-02-14 23:59:59,STRONG_BEAT,2.087628,OK,2026-02-16,UPSTOX_V2_1D,2026-02-14,408.9,414.95,0.49,0.234716,18.6,10.031446675501531,223.77,2.2377,-94.16,-0.9416,-89.26,-0.8926,294.69,2.9469,-284.91,-2.8491,10.675,-7.0677,9.7579,9.7079,37.0,NSE_EQ|INE228A01035
USHAMART,2026-06-30,2026-08-14 23:59:59,STRONG_BEAT,3.342858,OK,2026-08-17,UPSTOX_V2_1D,2026-08-14,491.85,498.05,1.35,0.403846,19.8,11.971919422046584,141.3,1.413,77.26,0.7726,-25.41,-0.2541,144.35,1.4435,,,10.3182,-5.6318,1.4334,1.3834,30.0,NSE_EQ|INE228A01035
VADILALIND,2025-12-31,2026-02-14 23:59:59,MISS,-2.000384,OK,2026-02-16,UPSTOX_V2_1D,2026-02-14,5150.0,5188.6,-16.82,8.408387,20.8,15.664203780123387,-214.76,-2.1476,-506.6,-5.066,-654.56,-6.5456,-214.95,-2.1495,-1052.62,-10.5262,1.4058,-21.1262,-10.9204,-10.9704,37.0,NSE_EQ|INE694D01016
VADILALIND,2026-06-30,2026-08-14 23:59:59,STRONG_BEAT,9.638754,OK,2026-08-17,UPSTOX_V2_1D,2026-08-14,7749.0,7411.0,88.94,9.227334,23.8,26.553918824465384,-412.31,-4.1231,-447.8,-4.478,-417.47,-4.1747,-99.37,-0.9937,,,3.4972,-12.9565,-6.0911,-6.1411,30.0,NSE_EQ|INE694D01016
VAIBHAVGBL,2025-12-31,2026-02-14 23:59:59,STRONG_BEAT,2.71632,OK,2026-02-16,UPSTOX_V2_1D,2026-02-14,255.48,246.14,1.54,0.566944,19.2,11.221178160040758,-166.35,-1.6635,-689.29,-6.8929,-819.63,-8.1963,-1368.4,-13.684,-1756.69,-17.5669,-1.1743,-31.842,-12.4393,-12.4893,37.0,NSE_EQ|INE884A01027
VBL,2026-03-31,2026-05-30 23:59:59,STRONG_BEAT,2.167226,OK,2026-06-01,UPSTOX_V2_1D,2026-05-30,529.0,525.5,0.43,0.19841,23.6,27.444160943429495,151.23,1.5123,-11.34,-0.1134,-129.49,-1.2949,226.84,2.2684,-470.7,-4.707,5.0662,-20.0378,-16.3894,-16.4394,43.0,NSE_EQ|INE200M01039
VBL,2026-06-30,2026-08-14 23:59:59,STRONG_BEAT,2.932602,OK,2026-08-17,UPSTOX_V2_1D,2026-08-14,435.1,433.85,0.61,0.208006,23.6,27.444160943429495,96.53,0.9653,73.55,0.7355,-163.18,-1.6318,-796.37,-7.9637,,,2.9419,-8.9405,-1.1721,-1.2221,30.0,NSE_EQ|INE200M01039
VGUARD,2025-12-31,2026-02-14 23:59:59,NEUTRAL,-0.214574,OK,2026-02-16,UPSTOX_V2_1D,2026-02-14,321.35,324.35,-0.07,0.326228,20.2,17.38254790246907,318.97,3.1897,43.57,0.4357,42.01,0.4201,-303.41,-3.0341,9.34,0.0934,3.9365,-9.7557,2.3339,2.2839,37.0,NSE_EQ|INE951I01027
VGUARD,2026-06-30,2026-08-14 23:59:59,STRONG_BEAT,4.283375,OK,2026-08-17,UPSTOX_V2_1D,2026-08-14,326.75,343.95,1.29,0.301164,18.6,17.00136849249234,203.52,2.0352,309.1,3.091,146.9,1.469,599.85,5.9985,,,7.1155,-8.5539,-6.0291,-6.0791,30.0,NSE_EQ|INE951I01027
VIJAYA,2025-12-31,2026-02-14 23:59:59,STRONG_BEAT,2.129937,OK,2026-02-16,UPSTOX_V2_1D,2026-02-14,987.9,1008.9,0.77,0.361513,22.8,14.971310777712098,347.2,3.472,218.65,2.1865,254.58,2.5458,-89.08,-0.8908,-501.06,-5.0106,6.4126,-14.1614,3.5074,3.4574,37.0,NSE_EQ|INE043W01024
VIJAYA,2026-06-30,2026-08-14 23:59:59,STRONG_BEAT,4.000544,OK,2026-08-17,UPSTOX_V2_1D,2026-08-14,1469.9,1506.6,1.4,0.349952,21.6,16.64244403468942,186.41,1.8641,193.89,1.9389,85.04,0.8504,329.95,3.2995,,,8.4155,-6.1161,0.347,0.297,30.0,NSE_EQ|INE043W01024
VINATIORGA,2025-12-31,2026-02-14 23:59:59,WEAK_BEAT,0.811694,OK,2026-02-16,UPSTOX_V2_1D,2026-02-14,1505.0,1490.7,0.69,0.850074,23.6,16.91660244547435,-26.58,-0.2658,-148.84,-1.4884,75.75,0.7575,-613.95,-6.1395,-744.19,-7.4419,1.6478,-20.0664,-14.186,-14.236,37.0,NSE_EQ|INE410B01037
VINATIORGA,2026-06-30,2026-08-14 23:59:59,WEAK_BEAT,0.814599,OK,2026-08-17,UPSTOX_V2_1D,2026-08-14,1343.0,1344.2,0.45,0.552419,22.8,18.477087227559473,-33.51,-0.3351,-93.08,-0.9308,-99.78,-0.9978,-97.54,-0.9754,,,2.07,-12.7029,-12.5614,-12.6114,30.0,NSE_EQ|INE410B01037
VISHNU,2025-12-31,2026-02-14 23:59:59,NEUTRAL,-0.217699,OK,2026-02-16,UPSTOX_V2_1D,2026-02-14,519.1,505.7,-0.23,1.056504,20.8,16.509604204560247,-28.9,-0.289,-172.41,-1.7241,-53.94,-0.5394,-505.68,-5.0568,-189.75,-1.8975,18.0505,-9.2275,11.9149,11.8649,37.0,NSE_EQ|INE270I01022
VISHNU,2026-06-30,2026-08-14 23:59:59,WEAK_BEAT,1.022074,OK,2026-08-17,UPSTOX_V2_1D,2026-08-14,611.0,618.25,1.1,1.076243,21.6,18.84782010488797,433.72,4.3372,232.41,2.3241,436.99,4.3699,673.49,6.7349,,,21.7676,0.6792,10.2946,10.2446,30.0,NSE_EQ|INE270I01022
WAAREEENER,2025-12-31,2026-02-14 23:59:59,STRONG_BEAT,2.60218,OK,2026-02-16,UPSTOX_V2_1D,2026-02-14,3080.0,3116.4,19.79,7.605162,33.6,48.561196514312414,-87.34,-0.8734,-667.86,-6.6786,-533.12,-5.3312,-1417.86,-14.1786,-939.29,-9.3929,14.1201,-17.5,12.539,12.489,37.0,NSE_EQ|INE377N01017
WAAREEENER,2026-06-30,2026-08-14 23:59:59,WEAK_BEAT,0.605962,OK,2026-08-17,UPSTOX_V2_1D,2026-08-14,2682.0,2707.0,3.62,5.973968,38.0,68.51164424681289,101.04,1.0104,-26.1,-0.261,-26.85,-0.2685,-287.1,-2.871,,,1.6779,-11.2603,-11.2603,-11.3103,30.0,NSE_EQ|INE377N01017
WAAREERTL,2025-12-31,2026-02-14 23:59:59,STRONG_BEAT,1.976978,OK,2026-02-16,UPSTOX_V2_1D,2026-02-14,888.95,886.1,6.39,3.232206,59.0,205.5519818241378,-9.0,-0.09,-67.5,-0.675,-162.55,-1.6255,-625.46,-6.2546,-868.44,-8.6844,35.2157,-12.3123,25.5526,25.5026,37.0,NSE_EQ|INE299N01021
WAAREERTL,2026-06-30,2026-08-14 23:59:59,WEAK_BEAT,0.798276,OK,2026-08-17,UPSTOX_V2_1D,2026-08-14,893.0,896.95,2.82,3.532615,74.4,203.1979468476148,-32.47,-0.3247,-141.1,-1.411,-231.24,-2.3124,-229.56,-2.2956,,,0.7111,-11.215,-8.0179,-8.0679,30.0,NSE_EQ|INE299N01021
WELCORP,2026-06-30,2026-08-14 23:59:59,STRONG_BEAT,2.765871,OK,2026-08-17,UPSTOX_V2_1D,2026-08-14,1873.3,1882.0,26.36,9.530453,16.6,18.57932327187637,233.81,2.3381,704.11,7.0411,2860.73,28.6073,2763.57,27.6357,,,54.807,0.4644,51.7109,51.6609,30.0,NSE_EQ|INE191B01025
WINDLAS,2025-09-30,2025-11-14 23:59:59,WEAK_BEAT,1.254001,OK,2025-11-17,UPSTOX_V2_1D,2025-11-14,822.0,829.2,0.96,0.76555,16.2,19.876772955145515,-175.79,-1.7579,-215.94,-2.1594,-601.58,-6.0158,-425.79,-4.2579,-498.78,-4.9878,15.5718,-10.9793,2.3358,2.2858,42.0,NSE_EQ|INE0H5O01029
WINDLAS,2025-12-31,2026-02-14 23:59:59,NEUTRAL,-0.440788,OK,2026-02-16,UPSTOX_V2_1D,2026-02-14,798.0,787.45,-0.33,0.74866,16.2,19.876772955145515,-130.33,-1.3033,-256.27,-2.5627,-332.71,-3.3271,-584.59,-5.8459,-1156.02,-11.5602,11.1529,-12.6065,8.6153,8.5653,37.0,NSE_EQ|INE0H5O01029
WIPRO,2025-06-30,2025-08-14 23:59:59,STRONG_BEAT,1.618922,OK,2025-08-18,UPSTOX_V2_1D,2025-08-14,248.64,245.21,0.31,0.191485,20.0,10.677570810288572,-67.57,-0.6757,51.08,0.5108,209.14,2.0914,92.1,0.921,215.97,2.1597,4.4884,-5.4818,-3.1129,-3.1629,42.0,NSE_EQ|INE075A01022
WIPRO,2025-09-30,2025-11-14 23:59:59,NEUTRAL,0.178358,OK,2025-11-17,UPSTOX_V2_1D,2025-11-14,243.97,244.05,0.03,0.168201,20.0,10.677570810288572,-125.84,-1.2584,93.86,0.9386,135.26,1.3526,258.64,2.5864,728.37,7.2837,11.94,-1.5043,9.6241,9.5741,42.0,NSE_EQ|INE075A01022
WIPRO,2025-12-31,2026-02-14 23:59:59,MISS,-0.749513,OK,2026-02-16,UPSTOX_V2_1D,2026-02-14,214.62,213.26,-0.23,0.306866,20.0,10.677570810288572,49.86,0.4986,-158.89,-1.5889,-406.77,-4.0677,-747.83,-7.4783,-909.05,-9.0905,2.2225,-13.1022,-4.7992,-4.8492,37.0,NSE_EQ|INE075A01022
WIPRO,2026-03-31,2026-05-30 23:59:59,NEUTRAL,-0.175757,OK,2026-06-01,UPSTOX_V2_1D,2026-05-30,205.1,206.41,-0.07,0.398278,20.0,10.677570810288572,231.11,2.3111,-38.03,-0.3803,-1137.98,-11.3798,-1156.51,-11.5651,-1444.17,-14.4417,2.4768,-17.6012,-10.4583,-10.5083,43.0,NSE_EQ|INE075A01022
WIPRO,2026-06-30,2026-08-14 23:59:59,WEAK_BEAT,0.881591,OK,2026-08-17,UPSTOX_V2_1D,2026-08-14,183.5,181.9,0.2,0.226863,20.0,10.677570810288572,-296.46,-2.9646,-136.24,-1.3624,-119.35,-1.1935,54.5,0.545,,,0.545,-14.5559,-14.5559,-14.6059,30.0,NSE_EQ|INE075A01022
YATHARTH,2026-06-30,2026-08-14 23:59:59,WEAK_BEAT,0.691227,OK,2026-08-17,UPSTOX_V2_1D,2026-08-14,850.05,842.85,0.52,0.752285,20.8,41.20619874869684,46.47,0.4647,-25.88,-0.2588,676.43,6.7643,1786.37,17.8637,,,39.2859,-1.4176,30.3453,30.2953,30.0,NSE_EQ|INE0JO301016
ZYDUSLIFE,2025-12-31,2026-02-14 23:59:59,NEUTRAL,0.143978,OK,2026-02-16,UPSTOX_V2_1D,2026-02-14,905.0,910.45,0.19,1.319646,17.6,10.274079779105772,18.23,0.1823,-28.73,-0.2873,32.6,0.326,20.99,0.2099,-200.0,-2.0,4.7514,-5.7403,4.3039,4.2539,37.0,NSE_EQ|INE010B01027
ZYDUSLIFE,2026-06-30,2026-08-14 23:59:59,MISS,-3.312687,OK,2026-08-17,UPSTOX_V2_1D,2026-08-14,1135.0,1131.5,-5.16,1.557648,19.0,12.445136223792751,-170.93,-1.7093,-240.53,-2.4053,-274.89,-2.7489,231.72,2.3172,,,8.5551,-4.3172,5.7709,5.7209,30.0,NSE_EQ|INE010B01027
