run_id,scanner_id,scanner_name,scanner_version,symbol,instrument_key,exchange,segment,universe_membership,stock_sequence_number,data_request_timestamp,data_received_timestamp,calculation_timestamp,decision_timestamp,overall_status,final_decision,alert_generated,alert_type,blocked,rejected,rejection_stage,rejection_reason
e6ec2c47977443cd852a61a9489ba276,QUALITY_COMPOUNDER,Quality Compounder,FROZEN_V2_PROD_1.0,360ONE,NSE_EQ|360ONE,NSE,EQUITY,CERTIFIED_CLEAN_886,1,2026-10-02T23:52:26.304460+05:30,2026-10-02T23:52:38.861759+05:30,2026-10-02T23:52:38.861759+05:30,2026-10-02T23:52:38.861759+05:30,FULLY_EVALUABLE,REJECTED,False,NONE,False,True,QUALITY_GATE,METRIC_NOT_APPLICABLE_FINANCIAL
e6ec2c47977443cd852a61a9489ba276,QUALITY_COMPOUNDER,Quality Compounder,FROZEN_V2_PROD_1.0,3BBLACKBIO,NSE_EQ|3BBLACKBIO,NSE,EQUITY,CERTIFIED_CLEAN_886,2,2026-10-02T23:52:26.304460+05:30,2026-10-02T23:52:38.876481+05:30,2026-10-02T23:52:38.876481+05:30,2026-10-02T23:52:38.876481+05:30,FULLY_EVALUABLE,REJECTED,False,NONE,False,True,QUALITY_GATE,FAIL_SALES_CAGR
e6ec2c47977443cd852a61a9489ba276,QUALITY_COMPOUNDER,Quality Compounder,FROZEN_V2_PROD_1.0,3MINDIA,NSE_EQ|3MINDIA,NSE,EQUITY,CERTIFIED_CLEAN_886,3,2026-10-02T23:52:26.304460+05:30,2026-10-02T23:52:39.203057+05:30,2026-10-02T23:52:39.203057+05:30,2026-10-02T23:52:39.203057+05:30,FULLY_EVALUABLE,ALERT_BUY,True,BUY,False,False,NONE,PASS
e6ec2c47977443cd852a61a9489ba276,QUALITY_COMPOUNDER,Quality Compounder,FROZEN_V2_PROD_1.0,AADHARHFC,NSE_EQ|AADHARHFC,NSE,EQUITY,CERTIFIED_CLEAN_886,4,2026-10-02T23:52:26.304460+05:30,2026-10-02T23:52:39.233025+05:30,2026-10-02T23:52:39.233025+05:30,2026-10-02T23:52:39.233025+05:30,FULLY_EVALUABLE,REJECTED,False,NONE,False,True,QUALITY_GATE,METRIC_NOT_APPLICABLE_FINANCIAL
e6ec2c47977443cd852a61a9489ba276,QUALITY_COMPOUNDER,Quality Compounder,FROZEN_V2_PROD_1.0,AARTIDRUGS,NSE_EQ|AARTIDRUGS,NSE,EQUITY,CERTIFIED_CLEAN_886,5,2026-10-02T23:52:26.304460+05:30,2026-10-02T23:52:39.263327+05:30,2026-10-02T23:52:39.263327+05:30,2026-10-02T23:52:39.263327+05:30,FULLY_EVALUABLE,REJECTED,False,NONE,False,True,QUALITY_GATE,FAIL_SALES_CAGR
e6ec2c47977443cd852a61a9489ba276,QUALITY_COMPOUNDER,Quality Compounder,FROZEN_V2_PROD_1.0,AAVAS,NSE_EQ|AAVAS,NSE,EQUITY,CERTIFIED_CLEAN_886,6,2026-10-02T23:52:26.304460+05:30,2026-10-02T23:52:39.283633+05:30,2026-10-02T23:52:39.283633+05:30,2026-10-02T23:52:39.283633+05:30,FULLY_EVALUABLE,REJECTED,False,NONE,False,True,QUALITY_GATE,METRIC_NOT_APPLICABLE_FINANCIAL
e6ec2c47977443cd852a61a9489ba276,QUALITY_COMPOUNDER,Quality Compounder,FROZEN_V2_PROD_1.0,ABB,NSE_EQ|ABB,NSE,EQUITY,CERTIFIED_CLEAN_886,7,2026-10-02T23:52:26.304460+05:30,2026-10-02T23:52:39.317972+05:30,2026-10-02T23:52:39.317972+05:30,2026-10-02T23:52:39.317972+05:30,FULLY_EVALUABLE,REJECTED,False,NONE,False,True,VALUATION_GATE,FAIL_VALUATION
e6ec2c47977443cd852a61a9489ba276,QUALITY_COMPOUNDER,Quality Compounder,FROZEN_V2_PROD_1.0,ABBOTINDIA,NSE_EQ|ABBOTINDIA,NSE,EQUITY,CERTIFIED_CLEAN_886,8,2026-10-02T23:52:26.304460+05:30,2026-10-02T23:52:39.342669+05:30,2026-10-02T23:52:39.342669+05:30,2026-10-02T23:52:39.342669+05:30,FULLY_EVALUABLE,REJECTED,False,NONE,False,True,QUALITY_GATE,FAIL_SALES_CAGR
e6ec2c47977443cd852a61a9489ba276,QUALITY_COMPOUNDER,Quality Compounder,FROZEN_V2_PROD_1.0,ABCAPITAL,NSE_EQ|ABCAPITAL,NSE,EQUITY,CERTIFIED_CLEAN_886,9,2026-10-02T23:52:26.304460+05:30,2026-10-02T23:52:39.372956+05:30,2026-10-02T23:52:39.372956+05:30,2026-10-02T23:52:39.372956+05:30,FULLY_EVALUABLE,REJECTED,False,NONE,False,True,QUALITY_GATE,METRIC_NOT_APPLICABLE_FINANCIAL
e6ec2c47977443cd852a61a9489ba276,QUALITY_COMPOUNDER,Quality Compounder,FROZEN_V2_PROD_1.0,ABDL,NSE_EQ|ABDL,NSE,EQUITY,CERTIFIED_CLEAN_886,10,2026-10-02T23:52:26.304460+05:30,2026-10-02T23:52:39.393353+05:30,2026-10-02T23:52:39.393353+05:30,2026-10-02T23:52:39.393353+05:30,FULLY_EVALUABLE,REJECTED,False,NONE,False,True,QUALITY_GATE,FAIL_CFO_PAT
e6ec2c47977443cd852a61a9489ba276,QUALITY_COMPOUNDER,Quality Compounder,FROZEN_V2_PROD_1.0,ABSLAMC,NSE_EQ|ABSLAMC,NSE,EQUITY,CERTIFIED_CLEAN_886,11,2026-10-02T23:52:26.304460+05:30,2026-10-02T23:52:39.415712+05:30,2026-10-02T23:52:39.415712+05:30,2026-10-02T23:52:39.415712+05:30,FULLY_EVALUABLE,REJECTED,False,NONE,False,True,QUALITY_GATE,METRIC_NOT_APPLICABLE_FINANCIAL
e6ec2c47977443cd852a61a9489ba276,QUALITY_COMPOUNDER,Quality Compounder,FROZEN_V2_PROD_1.0,ACC,NSE_EQ|ACC,NSE,EQUITY,CERTIFIED_CLEAN_886,12,2026-10-02T23:52:26.304460+05:30,2026-10-02T23:52:39.438054+05:30,2026-10-02T23:52:39.438054+05:30,2026-10-02T23:52:39.438054+05:30,FULLY_EVALUABLE,REJECTED,False,NONE,False,True,QUALITY_GATE,FAIL_ROCE
e6ec2c47977443cd852a61a9489ba276,QUALITY_COMPOUNDER,Quality Compounder,FROZEN_V2_PROD_1.0,ACCELYA,NSE_EQ|ACCELYA,NSE,EQUITY,CERTIFIED_CLEAN_886,13,2026-10-02T23:52:26.304460+05:30,2026-10-02T23:52:39.472596+05:30,2026-10-02T23:52:39.472596+05:30,2026-10-02T23:52:39.472596+05:30,FULLY_EVALUABLE,REJECTED,False,NONE,False,True,QUALITY_GATE,FAIL_LIQUIDITY
e6ec2c47977443cd852a61a9489ba276,QUALITY_COMPOUNDER,Quality Compounder,FROZEN_V2_PROD_1.0,ACCENTMIC,NSE_EQ|ACCENTMIC,NSE,EQUITY,CERTIFIED_CLEAN_886,14,2026-10-02T23:52:26.304460+05:30,2026-10-02T23:52:39.490515+05:30,2026-10-02T23:52:39.490515+05:30,2026-10-02T23:52:39.490515+05:30,FULLY_EVALUABLE,REJECTED,False,NONE,False,True,QUALITY_GATE,FAIL_CFO_PAT
e6ec2c47977443cd852a61a9489ba276,QUALITY_COMPOUNDER,Quality Compounder,FROZEN_V2_PROD_1.0,ACE,NSE_EQ|ACE,NSE,EQUITY,CERTIFIED_CLEAN_886,15,2026-10-02T23:52:26.304460+05:30,2026-10-02T23:52:39.513314+05:30,2026-10-02T23:52:39.513314+05:30,2026-10-02T23:52:39.513314+05:30,FULLY_EVALUABLE,REJECTED,False,NONE,False,True,VALUATION_GATE,FAIL_VALUATION
e6ec2c47977443cd852a61a9489ba276,QUALITY_COMPOUNDER,Quality Compounder,FROZEN_V2_PROD_1.0,ACMESOLAR,NSE_EQ|ACMESOLAR,NSE,EQUITY,CERTIFIED_CLEAN_886,16,2026-10-02T23:52:26.304460+05:30,2026-10-02T23:52:39.549171+05:30,2026-10-02T23:52:39.549171+05:30,2026-10-02T23:52:39.549171+05:30,FULLY_EVALUABLE,REJECTED,False,NONE,False,True,QUALITY_GATE,FAIL_ROCE
e6ec2c47977443cd852a61a9489ba276,QUALITY_COMPOUNDER,Quality Compounder,FROZEN_V2_PROD_1.0,ACUTAAS,NSE_EQ|ACUTAAS,NSE,EQUITY,CERTIFIED_CLEAN_886,17,2026-10-02T23:52:26.304460+05:30,2026-10-02T23:52:39.628473+05:30,2026-10-02T23:52:39.628473+05:30,2026-10-02T23:52:39.628473+05:30,FULLY_EVALUABLE,REJECTED,False,NONE,False,True,VALUATION_GATE,FAIL_VALUATION
e6ec2c47977443cd852a61a9489ba276,QUALITY_COMPOUNDER,Quality Compounder,FROZEN_V2_PROD_1.0,ADANIENSOL,NSE_EQ|ADANIENSOL,NSE,EQUITY,CERTIFIED_CLEAN_886,18,2026-10-02T23:52:26.304460+05:30,2026-10-02T23:52:39.642669+05:30,2026-10-02T23:52:39.642669+05:30,2026-10-02T23:52:39.642669+05:30,FULLY_EVALUABLE,REJECTED,False,NONE,False,True,QUALITY_GATE,FAIL_ROCE
e6ec2c47977443cd852a61a9489ba276,QUALITY_COMPOUNDER,Quality Compounder,FROZEN_V2_PROD_1.0,ADANIENT,NSE_EQ|ADANIENT,NSE,EQUITY,CERTIFIED_CLEAN_886,19,2026-10-02T23:52:26.304460+05:30,2026-10-02T23:52:39.659501+05:30,2026-10-02T23:52:39.659501+05:30,2026-10-02T23:52:39.659501+05:30,FULLY_EVALUABLE,REJECTED,False,NONE,False,True,QUALITY_GATE,FAIL_ROCE
e6ec2c47977443cd852a61a9489ba276,QUALITY_COMPOUNDER,Quality Compounder,FROZEN_V2_PROD_1.0,ADANIGREEN,NSE_EQ|ADANIGREEN,NSE,EQUITY,CERTIFIED_CLEAN_886,20,2026-10-02T23:52:26.304460+05:30,2026-10-02T23:52:39.674202+05:30,2026-10-02T23:52:39.674202+05:30,2026-10-02T23:52:39.674202+05:30,FULLY_EVALUABLE,REJECTED,False,NONE,False,True,QUALITY_GATE,FAIL_ROCE
e6ec2c47977443cd852a61a9489ba276,QUALITY_COMPOUNDER,Quality Compounder,FROZEN_V2_PROD_1.0,ADANIPORTS,NSE_EQ|ADANIPORTS,NSE,EQUITY,CERTIFIED_CLEAN_886,21,2026-10-02T23:52:26.304460+05:30,2026-10-02T23:52:39.691811+05:30,2026-10-02T23:52:39.691811+05:30,2026-10-02T23:52:39.691811+05:30,FULLY_EVALUABLE,REJECTED,False,NONE,False,True,QUALITY_GATE,FAIL_ROCE
e6ec2c47977443cd852a61a9489ba276,QUALITY_COMPOUNDER,Quality Compounder,FROZEN_V2_PROD_1.0,ADANIPOWER,NSE_EQ|ADANIPOWER,NSE,EQUITY,CERTIFIED_CLEAN_886,22,2026-10-02T23:52:26.304460+05:30,2026-10-02T23:52:39.706918+05:30,2026-10-02T23:52:39.706918+05:30,2026-10-02T23:52:39.706918+05:30,FULLY_EVALUABLE,REJECTED,False,NONE,False,True,QUALITY_GATE,FAIL_DEBT
e6ec2c47977443cd852a61a9489ba276,QUALITY_COMPOUNDER,Quality Compounder,FROZEN_V2_PROD_1.0,ADFFOODS,NSE_EQ|ADFFOODS,NSE,EQUITY,CERTIFIED_CLEAN_886,23,2026-10-02T23:52:26.304460+05:30,2026-10-02T23:52:39.724173+05:30,2026-10-02T23:52:39.724173+05:30,2026-10-02T23:52:39.724173+05:30,FULLY_EVALUABLE,REJECTED,False,NONE,False,True,QUALITY_GATE,FAIL_CFO_PAT
e6ec2c47977443cd852a61a9489ba276,QUALITY_COMPOUNDER,Quality Compounder,FROZEN_V2_PROD_1.0,ADOR,NSE_EQ|ADOR,NSE,EQUITY,CERTIFIED_CLEAN_886,24,2026-10-02T23:52:26.304460+05:30,2026-10-02T23:52:39.758332+05:30,2026-10-02T23:52:39.758332+05:30,2026-10-02T23:52:39.758332+05:30,DATA_FAILURE,BLOCKED,False,NONE,True,True,DATA_GATE,DATA_INSUFFICIENT_QUALITY
e6ec2c47977443cd852a61a9489ba276,QUALITY_COMPOUNDER,Quality Compounder,FROZEN_V2_PROD_1.0,ADVAIT,NSE_EQ|ADVAIT,NSE,EQUITY,CERTIFIED_CLEAN_886,25,2026-10-02T23:52:26.304460+05:30,2026-10-02T23:52:39.775548+05:30,2026-10-02T23:52:39.775548+05:30,2026-10-02T23:52:39.775548+05:30,FULLY_EVALUABLE,REJECTED,False,NONE,False,True,QUALITY_GATE,FAIL_CFO_PAT
e6ec2c47977443cd852a61a9489ba276,QUALITY_COMPOUNDER,Quality Compounder,FROZEN_V2_PROD_1.0,ADVENZYMES,NSE_EQ|ADVENZYMES,NSE,EQUITY,CERTIFIED_CLEAN_886,26,2026-10-02T23:52:26.304460+05:30,2026-10-02T23:52:39.790162+05:30,2026-10-02T23:52:39.790162+05:30,2026-10-02T23:52:39.790162+05:30,FULLY_EVALUABLE,REJECTED,False,NONE,False,True,QUALITY_GATE,FAIL_SALES_CAGR
e6ec2c47977443cd852a61a9489ba276,QUALITY_COMPOUNDER,Quality Compounder,FROZEN_V2_PROD_1.0,AEGISLOG,NSE_EQ|AEGISLOG,NSE,EQUITY,CERTIFIED_CLEAN_886,27,2026-10-02T23:52:26.304460+05:30,2026-10-02T23:52:39.804657+05:30,2026-10-02T23:52:39.804657+05:30,2026-10-02T23:52:39.804657+05:30,FULLY_EVALUABLE,REJECTED,False,NONE,False,True,QUALITY_GATE,FAIL_ROCE
e6ec2c47977443cd852a61a9489ba276,QUALITY_COMPOUNDER,Quality Compounder,FROZEN_V2_PROD_1.0,AEGISVOPAK,NSE_EQ|AEGISVOPAK,NSE,EQUITY,CERTIFIED_CLEAN_886,28,2026-10-02T23:52:26.304460+05:30,2026-10-02T23:52:39.821109+05:30,2026-10-02T23:52:39.821109+05:30,2026-10-02T23:52:39.821109+05:30,DATA_FAILURE,BLOCKED,False,NONE,True,True,DATA_GATE,DATA_INSUFFICIENT_QUALITY
e6ec2c47977443cd852a61a9489ba276,QUALITY_COMPOUNDER,Quality Compounder,FROZEN_V2_PROD_1.0,AEROENTER,NSE_EQ|AEROENTER,NSE,EQUITY,CERTIFIED_CLEAN_886,29,2026-10-02T23:52:26.304460+05:30,2026-10-02T23:52:39.834390+05:30,2026-10-02T23:52:39.834390+05:30,2026-10-02T23:52:39.834390+05:30,FULLY_EVALUABLE,REJECTED,False,NONE,False,True,QUALITY_GATE,FAIL_CFO_PAT
e6ec2c47977443cd852a61a9489ba276,QUALITY_COMPOUNDER,Quality Compounder,FROZEN_V2_PROD_1.0,AEROFLEX,NSE_EQ|AEROFLEX,NSE,EQUITY,CERTIFIED_CLEAN_886,30,2026-10-02T23:52:26.304460+05:30,2026-10-02T23:52:39.846433+05:30,2026-10-02T23:52:39.846433+05:30,2026-10-02T23:52:39.846433+05:30,FULLY_EVALUABLE,REJECTED,False,NONE,False,True,VALUATION_GATE,FAIL_VALUATION
e6ec2c47977443cd852a61a9489ba276,QUALITY_COMPOUNDER,Quality Compounder,FROZEN_V2_PROD_1.0,AETHER,NSE_EQ|AETHER,NSE,EQUITY,CERTIFIED_CLEAN_886,31,2026-10-02T23:52:26.304460+05:30,2026-10-02T23:52:39.858642+05:30,2026-10-02T23:52:39.858642+05:30,2026-10-02T23:52:39.858642+05:30,FULLY_EVALUABLE,REJECTED,False,NONE,False,True,QUALITY_GATE,FAIL_CFO_PAT
e6ec2c47977443cd852a61a9489ba276,QUALITY_COMPOUNDER,Quality Compounder,FROZEN_V2_PROD_1.0,AFFLE,NSE_EQ|AFFLE,NSE,EQUITY,CERTIFIED_CLEAN_886,32,2026-10-02T23:52:26.304460+05:30,2026-10-02T23:52:40.161520+05:30,2026-10-02T23:52:40.161520+05:30,2026-10-02T23:52:40.161520+05:30,FULLY_EVALUABLE,ALERT_BUY,True,BUY,False,False,NONE,PASS
e6ec2c47977443cd852a61a9489ba276,QUALITY_COMPOUNDER,Quality Compounder,FROZEN_V2_PROD_1.0,AFSL,NSE_EQ|AFSL,NSE,EQUITY,CERTIFIED_CLEAN_886,33,2026-10-02T23:52:26.304460+05:30,2026-10-02T23:52:40.188520+05:30,2026-10-02T23:52:40.188520+05:30,2026-10-02T23:52:40.188520+05:30,FULLY_EVALUABLE,REJECTED,False,NONE,False,True,QUALITY_GATE,FAIL_LIQUIDITY
e6ec2c47977443cd852a61a9489ba276,QUALITY_COMPOUNDER,Quality Compounder,FROZEN_V2_PROD_1.0,AGIIL,NSE_EQ|AGIIL,NSE,EQUITY,CERTIFIED_CLEAN_886,34,2026-10-02T23:52:26.304460+05:30,2026-10-02T23:52:40.199917+05:30,2026-10-02T23:52:40.199917+05:30,2026-10-02T23:52:40.199917+05:30,FULLY_EVALUABLE,REJECTED,False,NONE,False,True,QUALITY_GATE,FAIL_CFO_PAT
e6ec2c47977443cd852a61a9489ba276,QUALITY_COMPOUNDER,Quality Compounder,FROZEN_V2_PROD_1.0,AHLUCONT,NSE_EQ|AHLUCONT,NSE,EQUITY,CERTIFIED_CLEAN_886,35,2026-10-02T23:52:26.304460+05:30,2026-10-02T23:52:40.461434+05:30,2026-10-02T23:52:40.461434+05:30,2026-10-02T23:52:40.461434+05:30,FULLY_EVALUABLE,ALERT_BUY,True,BUY,False,False,NONE,PASS
e6ec2c47977443cd852a61a9489ba276,QUALITY_COMPOUNDER,Quality Compounder,FROZEN_V2_PROD_1.0,AIAENG,NSE_EQ|AIAENG,NSE,EQUITY,CERTIFIED_CLEAN_886,36,2026-10-02T23:52:26.304460+05:30,2026-10-02T23:52:40.483044+05:30,2026-10-02T23:52:40.483044+05:30,2026-10-02T23:52:40.483044+05:30,FULLY_EVALUABLE,REJECTED,False,NONE,False,True,QUALITY_GATE,FAIL_SALES_CAGR
e6ec2c47977443cd852a61a9489ba276,QUALITY_COMPOUNDER,Quality Compounder,FROZEN_V2_PROD_1.0,AIIL,NSE_EQ|AIIL,NSE,EQUITY,CERTIFIED_CLEAN_886,37,2026-10-02T23:52:26.304460+05:30,2026-10-02T23:52:40.517326+05:30,2026-10-02T23:52:40.517326+05:30,2026-10-02T23:52:40.517326+05:30,FULLY_EVALUABLE,REJECTED,False,NONE,False,True,QUALITY_GATE,METRIC_NOT_APPLICABLE_FINANCIAL
e6ec2c47977443cd852a61a9489ba276,QUALITY_COMPOUNDER,Quality Compounder,FROZEN_V2_PROD_1.0,AIMTRON,NSE_EQ|AIMTRON,NSE,EQUITY,CERTIFIED_CLEAN_886,38,2026-10-02T23:52:26.304460+05:30,2026-10-02T23:52:40.547508+05:30,2026-10-02T23:52:40.547508+05:30,2026-10-02T23:52:40.547508+05:30,STRUCTURAL_INELIGIBLE,BLOCKED,False,NONE,True,True,DATA_GATE,DATA_INSUFFICIENT_QUALITY
e6ec2c47977443cd852a61a9489ba276,QUALITY_COMPOUNDER,Quality Compounder,FROZEN_V2_PROD_1.0,AJANTPHARM,NSE_EQ|AJANTPHARM,NSE,EQUITY,CERTIFIED_CLEAN_886,39,2026-10-02T23:52:26.304460+05:30,2026-10-02T23:52:40.571744+05:30,2026-10-02T23:52:40.571744+05:30,2026-10-02T23:52:40.571744+05:30,FULLY_EVALUABLE,REJECTED,False,NONE,False,True,VALUATION_GATE,FAIL_VALUATION
e6ec2c47977443cd852a61a9489ba276,QUALITY_COMPOUNDER,Quality Compounder,FROZEN_V2_PROD_1.0,AJAXENGG,NSE_EQ|AJAXENGG,NSE,EQUITY,CERTIFIED_CLEAN_886,40,2026-10-02T23:52:26.304460+05:30,2026-10-02T23:52:40.585851+05:30,2026-10-02T23:52:40.585851+05:30,2026-10-02T23:52:40.585851+05:30,FULLY_EVALUABLE,REJECTED,False,NONE,False,True,VALUATION_GATE,FAIL_VALUATION
e6ec2c47977443cd852a61a9489ba276,QUALITY_COMPOUNDER,Quality Compounder,FROZEN_V2_PROD_1.0,AJMERA,NSE_EQ|AJMERA,NSE,EQUITY,CERTIFIED_CLEAN_886,41,2026-10-02T23:52:26.304460+05:30,2026-10-02T23:52:40.601727+05:30,2026-10-02T23:52:40.601727+05:30,2026-10-02T23:52:40.601727+05:30,FULLY_EVALUABLE,REJECTED,False,NONE,False,True,QUALITY_GATE,FAIL_ROCE
e6ec2c47977443cd852a61a9489ba276,QUALITY_COMPOUNDER,Quality Compounder,FROZEN_V2_PROD_1.0,AKUMS,NSE_EQ|AKUMS,NSE,EQUITY,CERTIFIED_CLEAN_886,42,2026-10-02T23:52:26.304460+05:30,2026-10-02T23:52:40.613792+05:30,2026-10-02T23:52:40.613792+05:30,2026-10-02T23:52:40.613792+05:30,FULLY_EVALUABLE,REJECTED,False,NONE,False,True,QUALITY_GATE,FAIL_ROCE
e6ec2c47977443cd852a61a9489ba276,QUALITY_COMPOUNDER,Quality Compounder,FROZEN_V2_PROD_1.0,ALKEM,NSE_EQ|ALKEM,NSE,EQUITY,CERTIFIED_CLEAN_886,43,2026-10-02T23:52:26.304460+05:30,2026-10-02T23:52:40.635262+05:30,2026-10-02T23:52:40.635262+05:30,2026-10-02T23:52:40.635262+05:30,FULLY_EVALUABLE,REJECTED,False,NONE,False,True,QUALITY_GATE,FAIL_PAT_CAGR
e6ec2c47977443cd852a61a9489ba276,QUALITY_COMPOUNDER,Quality Compounder,FROZEN_V2_PROD_1.0,ALKYLAMINE,NSE_EQ|ALKYLAMINE,NSE,EQUITY,CERTIFIED_CLEAN_886,44,2026-10-02T23:52:26.304460+05:30,2026-10-02T23:52:40.651075+05:30,2026-10-02T23:52:40.651075+05:30,2026-10-02T23:52:40.651075+05:30,FULLY_EVALUABLE,REJECTED,False,NONE,False,True,QUALITY_GATE,FAIL_SALES_CAGR
e6ec2c47977443cd852a61a9489ba276,QUALITY_COMPOUNDER,Quality Compounder,FROZEN_V2_PROD_1.0,ALLDIGI,NSE_EQ|ALLDIGI,NSE,EQUITY,CERTIFIED_CLEAN_886,45,2026-10-02T23:52:26.304460+05:30,2026-10-02T23:52:40.663884+05:30,2026-10-02T23:52:40.663884+05:30,2026-10-02T23:52:40.663884+05:30,FULLY_EVALUABLE,REJECTED,False,NONE,False,True,QUALITY_GATE,FAIL_LIQUIDITY
e6ec2c47977443cd852a61a9489ba276,QUALITY_COMPOUNDER,Quality Compounder,FROZEN_V2_PROD_1.0,ALPEXSOLAR,NSE_EQ|ALPEXSOLAR,NSE,EQUITY,CERTIFIED_CLEAN_886,46,2026-10-02T23:52:26.304460+05:30,2026-10-02T23:52:40.682438+05:30,2026-10-02T23:52:40.682438+05:30,2026-10-02T23:52:40.682438+05:30,FULLY_EVALUABLE,REJECTED,False,NONE,False,True,QUALITY_GATE,FAIL_CFO_PAT
e6ec2c47977443cd852a61a9489ba276,QUALITY_COMPOUNDER,Quality Compounder,FROZEN_V2_PROD_1.0,AMBUJACEM,NSE_EQ|AMBUJACEM,NSE,EQUITY,CERTIFIED_CLEAN_886,47,2026-10-02T23:52:26.304460+05:30,2026-10-02T23:52:40.697221+05:30,2026-10-02T23:52:40.697221+05:30,2026-10-02T23:52:40.697221+05:30,FULLY_EVALUABLE,REJECTED,False,NONE,False,True,QUALITY_GATE,FAIL_ROCE
e6ec2c47977443cd852a61a9489ba276,QUALITY_COMPOUNDER,Quality Compounder,FROZEN_V2_PROD_1.0,AMNPLST,NSE_EQ|AMNPLST,NSE,EQUITY,CERTIFIED_CLEAN_886,48,2026-10-02T23:52:26.304460+05:30,2026-10-02T23:52:40.709783+05:30,2026-10-02T23:52:40.709783+05:30,2026-10-02T23:52:40.709783+05:30,FULLY_EVALUABLE,REJECTED,False,NONE,False,True,QUALITY_GATE,FAIL_UNIVERSE_MARKET_CAP
e6ec2c47977443cd852a61a9489ba276,QUALITY_COMPOUNDER,Quality Compounder,FROZEN_V2_PROD_1.0,AMRUTANJAN,NSE_EQ|AMRUTANJAN,NSE,EQUITY,CERTIFIED_CLEAN_886,49,2026-10-02T23:52:26.304460+05:30,2026-10-02T23:52:40.724162+05:30,2026-10-02T23:52:40.724162+05:30,2026-10-02T23:52:40.724162+05:30,FULLY_EVALUABLE,REJECTED,False,NONE,False,True,QUALITY_GATE,FAIL_SALES_CAGR
e6ec2c47977443cd852a61a9489ba276,QUALITY_COMPOUNDER,Quality Compounder,FROZEN_V2_PROD_1.0,ANANDRATHI,NSE_EQ|ANANDRATHI,NSE,EQUITY,CERTIFIED_CLEAN_886,50,2026-10-02T23:52:26.304460+05:30,2026-10-02T23:52:40.802778+05:30,2026-10-02T23:52:40.802778+05:30,2026-10-02T23:52:40.802778+05:30,FULLY_EVALUABLE,REJECTED,False,NONE,False,True,QUALITY_GATE,METRIC_NOT_APPLICABLE_FINANCIAL
e6ec2c47977443cd852a61a9489ba276,QUALITY_COMPOUNDER,Quality Compounder,FROZEN_V2_PROD_1.0,ANANTRAJ,NSE_EQ|ANANTRAJ,NSE,EQUITY,CERTIFIED_CLEAN_886,51,2026-10-02T23:52:26.304460+05:30,2026-10-02T23:52:40.858253+05:30,2026-10-02T23:52:40.858253+05:30,2026-10-02T23:52:40.858253+05:30,FULLY_EVALUABLE,REJECTED,False,NONE,False,True,QUALITY_GATE,FAIL_ROCE
e6ec2c47977443cd852a61a9489ba276,QUALITY_COMPOUNDER,Quality Compounder,FROZEN_V2_PROD_1.0,ANONDITA,NSE_EQ|ANONDITA,NSE,EQUITY,CERTIFIED_CLEAN_886,52,2026-10-02T23:52:26.304460+05:30,2026-10-02T23:52:41.005995+05:30,2026-10-02T23:52:41.005995+05:30,2026-10-02T23:52:41.005995+05:30,STRUCTURAL_INELIGIBLE,BLOCKED,False,NONE,True,True,DATA_GATE,DATA_INSUFFICIENT_QUALITY
e6ec2c47977443cd852a61a9489ba276,QUALITY_COMPOUNDER,Quality Compounder,FROZEN_V2_PROD_1.0,ANTELOPUS,NSE_EQ|ANTELOPUS,NSE,EQUITY,CERTIFIED_CLEAN_886,53,2026-10-02T23:52:26.304460+05:30,2026-10-02T23:52:41.031182+05:30,2026-10-02T23:52:41.031182+05:30,2026-10-02T23:52:41.031182+05:30,FULLY_EVALUABLE,REJECTED,False,NONE,False,True,QUALITY_GATE,FAIL_ROCE
e6ec2c47977443cd852a61a9489ba276,QUALITY_COMPOUNDER,Quality Compounder,FROZEN_V2_PROD_1.0,ANTHEM,NSE_EQ|ANTHEM,NSE,EQUITY,CERTIFIED_CLEAN_886,54,2026-10-02T23:52:26.304460+05:30,2026-10-02T23:52:41.048404+05:30,2026-10-02T23:52:41.048404+05:30,2026-10-02T23:52:41.048404+05:30,FULLY_EVALUABLE,REJECTED,False,NONE,False,True,VALUATION_GATE,FAIL_VALUATION
e6ec2c47977443cd852a61a9489ba276,QUALITY_COMPOUNDER,Quality Compounder,FROZEN_V2_PROD_1.0,ANUP,NSE_EQ|ANUP,NSE,EQUITY,CERTIFIED_CLEAN_886,55,2026-10-02T23:52:26.304460+05:30,2026-10-02T23:52:41.058832+05:30,2026-10-02T23:52:41.058832+05:30,2026-10-02T23:52:41.058832+05:30,FULLY_EVALUABLE,REJECTED,False,NONE,False,True,QUALITY_GATE,FAIL_CFO_PAT
e6ec2c47977443cd852a61a9489ba276,QUALITY_COMPOUNDER,Quality Compounder,FROZEN_V2_PROD_1.0,APARINDS,NSE_EQ|APARINDS,NSE,EQUITY,CERTIFIED_CLEAN_886,56,2026-10-02T23:52:26.304460+05:30,2026-10-02T23:52:41.069546+05:30,2026-10-02T23:52:41.069546+05:30,2026-10-02T23:52:41.069546+05:30,FULLY_EVALUABLE,REJECTED,False,NONE,False,True,VALUATION_GATE,FAIL_VALUATION
e6ec2c47977443cd852a61a9489ba276,QUALITY_COMPOUNDER,Quality Compounder,FROZEN_V2_PROD_1.0,APCOTEXIND,NSE_EQ|APCOTEXIND,NSE,EQUITY,CERTIFIED_CLEAN_886,57,2026-10-02T23:52:26.304460+05:30,2026-10-02T23:52:41.298005+05:30,2026-10-02T23:52:41.298005+05:30,2026-10-02T23:52:41.298005+05:30,FULLY_EVALUABLE,ALERT_BUY,True,BUY,False,False,NONE,PASS
e6ec2c47977443cd852a61a9489ba276,QUALITY_COMPOUNDER,Quality Compounder,FROZEN_V2_PROD_1.0,APLAPOLLO,NSE_EQ|APLAPOLLO,NSE,EQUITY,CERTIFIED_CLEAN_886,58,2026-10-02T23:52:26.304460+05:30,2026-10-02T23:52:41.308057+05:30,2026-10-02T23:52:41.308057+05:30,2026-10-02T23:52:41.308057+05:30,FULLY_EVALUABLE,REJECTED,False,NONE,False,True,VALUATION_GATE,FAIL_VALUATION
e6ec2c47977443cd852a61a9489ba276,QUALITY_COMPOUNDER,Quality Compounder,FROZEN_V2_PROD_1.0,APLLTD,NSE_EQ|APLLTD,NSE,EQUITY,CERTIFIED_CLEAN_886,59,2026-10-02T23:52:26.304460+05:30,2026-10-02T23:52:41.319497+05:30,2026-10-02T23:52:41.319497+05:30,2026-10-02T23:52:41.319497+05:30,FULLY_EVALUABLE,REJECTED,False,NONE,False,True,QUALITY_GATE,FAIL_ROCE
e6ec2c47977443cd852a61a9489ba276,QUALITY_COMPOUNDER,Quality Compounder,FROZEN_V2_PROD_1.0,APOLLO,NSE_EQ|APOLLO,NSE,EQUITY,CERTIFIED_CLEAN_886,60,2026-10-02T23:52:26.304460+05:30,2026-10-02T23:52:41.328752+05:30,2026-10-02T23:52:41.328752+05:30,2026-10-02T23:52:41.328752+05:30,FULLY_EVALUABLE,REJECTED,False,NONE,False,True,QUALITY_GATE,FAIL_ROCE
e6ec2c47977443cd852a61a9489ba276,QUALITY_COMPOUNDER,Quality Compounder,FROZEN_V2_PROD_1.0,APOLLOHOSP,NSE_EQ|APOLLOHOSP,NSE,EQUITY,CERTIFIED_CLEAN_886,61,2026-10-02T23:52:26.304460+05:30,2026-10-02T23:52:41.340014+05:30,2026-10-02T23:52:41.340014+05:30,2026-10-02T23:52:41.340014+05:30,FULLY_EVALUABLE,REJECTED,False,NONE,False,True,QUALITY_GATE,FAIL_DEBT
e6ec2c47977443cd852a61a9489ba276,QUALITY_COMPOUNDER,Quality Compounder,FROZEN_V2_PROD_1.0,APOLLOTYRE,NSE_EQ|APOLLOTYRE,NSE,EQUITY,CERTIFIED_CLEAN_886,62,2026-10-02T23:52:26.304460+05:30,2026-10-02T23:52:41.350615+05:30,2026-10-02T23:52:41.350615+05:30,2026-10-02T23:52:41.350615+05:30,FULLY_EVALUABLE,REJECTED,False,NONE,False,True,QUALITY_GATE,FAIL_ROCE
e6ec2c47977443cd852a61a9489ba276,QUALITY_COMPOUNDER,Quality Compounder,FROZEN_V2_PROD_1.0,APTUS,NSE_EQ|APTUS,NSE,EQUITY,CERTIFIED_CLEAN_886,63,2026-10-02T23:52:26.304460+05:30,2026-10-02T23:52:41.359311+05:30,2026-10-02T23:52:41.359311+05:30,2026-10-02T23:52:41.359311+05:30,FULLY_EVALUABLE,REJECTED,False,NONE,False,True,QUALITY_GATE,METRIC_NOT_APPLICABLE_FINANCIAL
e6ec2c47977443cd852a61a9489ba276,QUALITY_COMPOUNDER,Quality Compounder,FROZEN_V2_PROD_1.0,ARE&M,NSE_EQ|ARE&M,NSE,EQUITY,CERTIFIED_CLEAN_886,64,2026-10-02T23:52:26.304460+05:30,2026-10-02T23:52:41.368477+05:30,2026-10-02T23:52:41.368477+05:30,2026-10-02T23:52:41.368477+05:30,FULLY_EVALUABLE,REJECTED,False,NONE,False,True,QUALITY_GATE,FAIL_PAT_CAGR
e6ec2c47977443cd852a61a9489ba276,QUALITY_COMPOUNDER,Quality Compounder,FROZEN_V2_PROD_1.0,ARIHANTSUP,NSE_EQ|ARIHANTSUP,NSE,EQUITY,CERTIFIED_CLEAN_886,65,2026-10-02T23:52:26.304460+05:30,2026-10-02T23:52:41.379466+05:30,2026-10-02T23:52:41.379466+05:30,2026-10-02T23:52:41.379466+05:30,FULLY_EVALUABLE,REJECTED,False,NONE,False,True,QUALITY_GATE,FAIL_UNIVERSE_MARKET_CAP
e6ec2c47977443cd852a61a9489ba276,QUALITY_COMPOUNDER,Quality Compounder,FROZEN_V2_PROD_1.0,ARIS,NSE_EQ|ARIS,NSE,EQUITY,CERTIFIED_CLEAN_886,66,2026-10-02T23:52:26.304460+05:30,2026-10-02T23:52:41.392973+05:30,2026-10-02T23:52:41.392973+05:30,2026-10-02T23:52:41.392973+05:30,DATA_FAILURE,BLOCKED,False,NONE,True,True,DATA_GATE,DATA_INSUFFICIENT_QUALITY
e6ec2c47977443cd852a61a9489ba276,QUALITY_COMPOUNDER,Quality Compounder,FROZEN_V2_PROD_1.0,ARSSBL,NSE_EQ|ARSSBL,NSE,EQUITY,CERTIFIED_CLEAN_886,67,2026-10-02T23:52:26.304460+05:30,2026-10-02T23:52:41.403853+05:30,2026-10-02T23:52:41.403853+05:30,2026-10-02T23:52:41.403853+05:30,STRUCTURAL_INELIGIBLE,BLOCKED,False,NONE,True,True,DATA_GATE,DATA_INSUFFICIENT_QUALITY
e6ec2c47977443cd852a61a9489ba276,QUALITY_COMPOUNDER,Quality Compounder,FROZEN_V2_PROD_1.0,ARTEMISMED,NSE_EQ|ARTEMISMED,NSE,EQUITY,CERTIFIED_CLEAN_886,68,2026-10-02T23:52:26.304460+05:30,2026-10-02T23:52:41.413564+05:30,2026-10-02T23:52:41.413564+05:30,2026-10-02T23:52:41.413564+05:30,FULLY_EVALUABLE,REJECTED,False,NONE,False,True,QUALITY_GATE,FAIL_ROCE
e6ec2c47977443cd852a61a9489ba276,QUALITY_COMPOUNDER,Quality Compounder,FROZEN_V2_PROD_1.0,ARVINDFASN,NSE_EQ|ARVINDFASN,NSE,EQUITY,CERTIFIED_CLEAN_886,69,2026-10-02T23:52:26.304460+05:30,2026-10-02T23:52:41.425791+05:30,2026-10-02T23:52:41.425791+05:30,2026-10-02T23:52:41.425791+05:30,DATA_FAILURE,BLOCKED,False,NONE,True,True,DATA_GATE,DATA_INSUFFICIENT_QUALITY
e6ec2c47977443cd852a61a9489ba276,QUALITY_COMPOUNDER,Quality Compounder,FROZEN_V2_PROD_1.0,ARVSMART,NSE_EQ|ARVSMART,NSE,EQUITY,CERTIFIED_CLEAN_886,70,2026-10-02T23:52:26.304460+05:30,2026-10-02T23:52:41.436191+05:30,2026-10-02T23:52:41.436191+05:30,2026-10-02T23:52:41.436191+05:30,FULLY_EVALUABLE,REJECTED,False,NONE,False,True,QUALITY_GATE,FAIL_ROCE
e6ec2c47977443cd852a61a9489ba276,QUALITY_COMPOUNDER,Quality Compounder,FROZEN_V2_PROD_1.0,ASAHIINDIA,NSE_EQ|ASAHIINDIA,NSE,EQUITY,CERTIFIED_CLEAN_886,71,2026-10-02T23:52:26.304460+05:30,2026-10-02T23:52:41.446907+05:30,2026-10-02T23:52:41.446907+05:30,2026-10-02T23:52:41.446907+05:30,FULLY_EVALUABLE,REJECTED,False,NONE,False,True,QUALITY_GATE,FAIL_DEBT
e6ec2c47977443cd852a61a9489ba276,QUALITY_COMPOUNDER,Quality Compounder,FROZEN_V2_PROD_1.0,ASALCBR,NSE_EQ|ASALCBR,NSE,EQUITY,CERTIFIED_CLEAN_886,72,2026-10-02T23:52:26.304460+05:30,2026-10-02T23:52:41.456852+05:30,2026-10-02T23:52:41.456852+05:30,2026-10-02T23:52:41.456852+05:30,FULLY_EVALUABLE,REJECTED,False,NONE,False,True,QUALITY_GATE,FAIL_PAT_CAGR
e6ec2c47977443cd852a61a9489ba276,QUALITY_COMPOUNDER,Quality Compounder,FROZEN_V2_PROD_1.0,ASHAPURMIN,NSE_EQ|ASHAPURMIN,NSE,EQUITY,CERTIFIED_CLEAN_886,73,2026-10-02T23:52:26.304460+05:30,2026-10-02T23:52:41.467591+05:30,2026-10-02T23:52:41.467591+05:30,2026-10-02T23:52:41.467591+05:30,FULLY_EVALUABLE,REJECTED,False,NONE,False,True,QUALITY_GATE,FAIL_DEBT
e6ec2c47977443cd852a61a9489ba276,QUALITY_COMPOUNDER,Quality Compounder,FROZEN_V2_PROD_1.0,ASHIANA,NSE_EQ|ASHIANA,NSE,EQUITY,CERTIFIED_CLEAN_886,74,2026-10-02T23:52:26.304460+05:30,2026-10-02T23:52:41.476453+05:30,2026-10-02T23:52:41.476453+05:30,2026-10-02T23:52:41.476453+05:30,FULLY_EVALUABLE,REJECTED,False,NONE,False,True,QUALITY_GATE,FAIL_ROCE
e6ec2c47977443cd852a61a9489ba276,QUALITY_COMPOUNDER,Quality Compounder,FROZEN_V2_PROD_1.0,ASHOKA,NSE_EQ|ASHOKA,NSE,EQUITY,CERTIFIED_CLEAN_886,75,2026-10-02T23:52:26.304460+05:30,2026-10-02T23:52:41.485691+05:30,2026-10-02T23:52:41.485691+05:30,2026-10-02T23:52:41.485691+05:30,FULLY_EVALUABLE,REJECTED,False,NONE,False,True,QUALITY_GATE,FAIL_SALES_CAGR
e6ec2c47977443cd852a61a9489ba276,QUALITY_COMPOUNDER,Quality Compounder,FROZEN_V2_PROD_1.0,ASHOKLEY,NSE_EQ|ASHOKLEY,NSE,EQUITY,CERTIFIED_CLEAN_886,76,2026-10-02T23:52:26.304460+05:30,2026-10-02T23:52:41.501736+05:30,2026-10-02T23:52:41.501736+05:30,2026-10-02T23:52:41.501736+05:30,DATA_FAILURE,BLOCKED,False,NONE,True,True,DATA_GATE,DATA_INSUFFICIENT_QUALITY
e6ec2c47977443cd852a61a9489ba276,QUALITY_COMPOUNDER,Quality Compounder,FROZEN_V2_PROD_1.0,ASIANPAINT,NSE_EQ|ASIANPAINT,NSE,EQUITY,CERTIFIED_CLEAN_886,77,2026-10-02T23:52:26.304460+05:30,2026-10-02T23:52:41.511637+05:30,2026-10-02T23:52:41.511637+05:30,2026-10-02T23:52:41.511637+05:30,FULLY_EVALUABLE,REJECTED,False,NONE,False,True,QUALITY_GATE,FAIL_PAT_CAGR
e6ec2c47977443cd852a61a9489ba276,QUALITY_COMPOUNDER,Quality Compounder,FROZEN_V2_PROD_1.0,ASKAUTOLTD,NSE_EQ|ASKAUTOLTD,NSE,EQUITY,CERTIFIED_CLEAN_886,78,2026-10-02T23:52:26.304460+05:30,2026-10-02T23:52:41.521882+05:30,2026-10-02T23:52:41.521882+05:30,2026-10-02T23:52:41.521882+05:30,FULLY_EVALUABLE,REJECTED,False,NONE,False,True,QUALITY_GATE,FAIL_DEBT
e6ec2c47977443cd852a61a9489ba276,QUALITY_COMPOUNDER,Quality Compounder,FROZEN_V2_PROD_1.0,ASTERDM,NSE_EQ|ASTERDM,NSE,EQUITY,CERTIFIED_CLEAN_886,79,2026-10-02T23:52:26.304460+05:30,2026-10-02T23:52:41.531250+05:30,2026-10-02T23:52:41.531250+05:30,2026-10-02T23:52:41.531250+05:30,FULLY_EVALUABLE,REJECTED,False,NONE,False,True,QUALITY_GATE,FAIL_ROCE
e6ec2c47977443cd852a61a9489ba276,QUALITY_COMPOUNDER,Quality Compounder,FROZEN_V2_PROD_1.0,ASTRAL,NSE_EQ|ASTRAL,NSE,EQUITY,CERTIFIED_CLEAN_886,80,2026-10-02T23:52:26.304460+05:30,2026-10-02T23:52:41.544083+05:30,2026-10-02T23:52:41.544083+05:30,2026-10-02T23:52:41.544083+05:30,FULLY_EVALUABLE,REJECTED,False,NONE,False,True,VALUATION_GATE,FAIL_VALUATION
e6ec2c47977443cd852a61a9489ba276,QUALITY_COMPOUNDER,Quality Compounder,FROZEN_V2_PROD_1.0,ASTRAMICRO,NSE_EQ|ASTRAMICRO,NSE,EQUITY,CERTIFIED_CLEAN_886,81,2026-10-02T23:52:26.304460+05:30,2026-10-02T23:52:41.553191+05:30,2026-10-02T23:52:41.553191+05:30,2026-10-02T23:52:41.553191+05:30,FULLY_EVALUABLE,REJECTED,False,NONE,False,True,QUALITY_GATE,FAIL_CFO_PAT
e6ec2c47977443cd852a61a9489ba276,QUALITY_COMPOUNDER,Quality Compounder,FROZEN_V2_PROD_1.0,ASTRAZEN,NSE_EQ|ASTRAZEN,NSE,EQUITY,CERTIFIED_CLEAN_886,82,2026-10-02T23:52:26.304460+05:30,2026-10-02T23:52:41.570614+05:30,2026-10-02T23:52:41.570614+05:30,2026-10-02T23:52:41.570614+05:30,FULLY_EVALUABLE,REJECTED,False,NONE,False,True,QUALITY_GATE,FAIL_CFO_PAT
e6ec2c47977443cd852a61a9489ba276,QUALITY_COMPOUNDER,Quality Compounder,FROZEN_V2_PROD_1.0,ATGL,NSE_EQ|ATGL,NSE,EQUITY,CERTIFIED_CLEAN_886,83,2026-10-02T23:52:26.304460+05:30,2026-10-02T23:52:41.592542+05:30,2026-10-02T23:52:41.592542+05:30,2026-10-02T23:52:41.592542+05:30,FULLY_EVALUABLE,REJECTED,False,NONE,False,True,QUALITY_GATE,FAIL_PAT_CAGR
e6ec2c47977443cd852a61a9489ba276,QUALITY_COMPOUNDER,Quality Compounder,FROZEN_V2_PROD_1.0,ATUL,NSE_EQ|ATUL,NSE,EQUITY,CERTIFIED_CLEAN_886,84,2026-10-02T23:52:26.304460+05:30,2026-10-02T23:52:41.608036+05:30,2026-10-02T23:52:41.608036+05:30,2026-10-02T23:52:41.608036+05:30,FULLY_EVALUABLE,REJECTED,False,NONE,False,True,QUALITY_GATE,FAIL_ROCE
e6ec2c47977443cd852a61a9489ba276,QUALITY_COMPOUNDER,Quality Compounder,FROZEN_V2_PROD_1.0,ATULAUTO,NSE_EQ|ATULAUTO,NSE,EQUITY,CERTIFIED_CLEAN_886,85,2026-10-02T23:52:26.304460+05:30,2026-10-02T23:52:41.627510+05:30,2026-10-02T23:52:41.627510+05:30,2026-10-02T23:52:41.627510+05:30,DATA_FAILURE,BLOCKED,False,NONE,True,True,DATA_GATE,DATA_INSUFFICIENT_QUALITY
e6ec2c47977443cd852a61a9489ba276,QUALITY_COMPOUNDER,Quality Compounder,FROZEN_V2_PROD_1.0,AUBANK,NSE_EQ|AUBANK,NSE,EQUITY,CERTIFIED_CLEAN_886,86,2026-10-02T23:52:26.304460+05:30,2026-10-02T23:52:41.643175+05:30,2026-10-02T23:52:41.643175+05:30,2026-10-02T23:52:41.643175+05:30,FULLY_EVALUABLE,REJECTED,False,NONE,False,True,QUALITY_GATE,METRIC_NOT_APPLICABLE_FINANCIAL
e6ec2c47977443cd852a61a9489ba276,QUALITY_COMPOUNDER,Quality Compounder,FROZEN_V2_PROD_1.0,AURIONPRO,NSE_EQ|AURIONPRO,NSE,EQUITY,CERTIFIED_CLEAN_886,87,2026-10-02T23:52:26.304460+05:30,2026-10-02T23:52:41.660363+05:30,2026-10-02T23:52:41.660363+05:30,2026-10-02T23:52:41.660363+05:30,DATA_FAILURE,BLOCKED,False,NONE,True,True,DATA_GATE,DATA_INSUFFICIENT_QUALITY
e6ec2c47977443cd852a61a9489ba276,QUALITY_COMPOUNDER,Quality Compounder,FROZEN_V2_PROD_1.0,AUROPHARMA,NSE_EQ|AUROPHARMA,NSE,EQUITY,CERTIFIED_CLEAN_886,88,2026-10-02T23:52:26.304460+05:30,2026-10-02T23:52:41.673367+05:30,2026-10-02T23:52:41.673367+05:30,2026-10-02T23:52:41.673367+05:30,FULLY_EVALUABLE,REJECTED,False,NONE,False,True,QUALITY_GATE,FAIL_ROCE
e6ec2c47977443cd852a61a9489ba276,QUALITY_COMPOUNDER,Quality Compounder,FROZEN_V2_PROD_1.0,AUTOAXLES,NSE_EQ|AUTOAXLES,NSE,EQUITY,CERTIFIED_CLEAN_886,89,2026-10-02T23:52:26.304460+05:30,2026-10-02T23:52:41.690681+05:30,2026-10-02T23:52:41.690681+05:30,2026-10-02T23:52:41.690681+05:30,FULLY_EVALUABLE,REJECTED,False,NONE,False,True,QUALITY_GATE,FAIL_LIQUIDITY
e6ec2c47977443cd852a61a9489ba276,QUALITY_COMPOUNDER,Quality Compounder,FROZEN_V2_PROD_1.0,AVALON,NSE_EQ|AVALON,NSE,EQUITY,CERTIFIED_CLEAN_886,90,2026-10-02T23:52:26.304460+05:30,2026-10-02T23:52:41.702431+05:30,2026-10-02T23:52:41.702431+05:30,2026-10-02T23:52:41.702431+05:30,FULLY_EVALUABLE,REJECTED,False,NONE,False,True,QUALITY_GATE,FAIL_CFO_PAT
e6ec2c47977443cd852a61a9489ba276,QUALITY_COMPOUNDER,Quality Compounder,FROZEN_V2_PROD_1.0,AVANTIFEED,NSE_EQ|AVANTIFEED,NSE,EQUITY,CERTIFIED_CLEAN_886,91,2026-10-02T23:52:26.304460+05:30,2026-10-02T23:52:41.710715+05:30,2026-10-02T23:52:41.710715+05:30,2026-10-02T23:52:41.710715+05:30,FULLY_EVALUABLE,REJECTED,False,NONE,False,True,QUALITY_GATE,FAIL_SALES_CAGR
e6ec2c47977443cd852a61a9489ba276,QUALITY_COMPOUNDER,Quality Compounder,FROZEN_V2_PROD_1.0,AVL,NSE_EQ|AVL,NSE,EQUITY,CERTIFIED_CLEAN_886,92,2026-10-02T23:52:26.304460+05:30,2026-10-02T23:52:41.722688+05:30,2026-10-02T23:52:41.722688+05:30,2026-10-02T23:52:41.722688+05:30,FULLY_EVALUABLE,REJECTED,False,NONE,False,True,QUALITY_GATE,FAIL_CFO_PAT
e6ec2c47977443cd852a61a9489ba276,QUALITY_COMPOUNDER,Quality Compounder,FROZEN_V2_PROD_1.0,AWFIS,NSE_EQ|AWFIS,NSE,EQUITY,CERTIFIED_CLEAN_886,93,2026-10-02T23:52:26.304460+05:30,2026-10-02T23:52:41.736418+05:30,2026-10-02T23:52:41.736418+05:30,2026-10-02T23:52:41.736418+05:30,DATA_FAILURE,BLOCKED,False,NONE,True,True,DATA_GATE,DATA_INSUFFICIENT_QUALITY
e6ec2c47977443cd852a61a9489ba276,QUALITY_COMPOUNDER,Quality Compounder,FROZEN_V2_PROD_1.0,AWHCL,NSE_EQ|AWHCL,NSE,EQUITY,CERTIFIED_CLEAN_886,94,2026-10-02T23:52:26.304460+05:30,2026-10-02T23:52:41.743628+05:30,2026-10-02T23:52:41.743628+05:30,2026-10-02T23:52:41.743628+05:30,FULLY_EVALUABLE,REJECTED,False,NONE,False,True,QUALITY_GATE,FAIL_UNIVERSE_MARKET_CAP
e6ec2c47977443cd852a61a9489ba276,QUALITY_COMPOUNDER,Quality Compounder,FROZEN_V2_PROD_1.0,AWL,NSE_EQ|AWL,NSE,EQUITY,CERTIFIED_CLEAN_886,95,2026-10-02T23:52:26.304460+05:30,2026-10-02T23:52:41.754324+05:30,2026-10-02T23:52:41.754324+05:30,2026-10-02T23:52:41.754324+05:30,FULLY_EVALUABLE,REJECTED,False,NONE,False,True,QUALITY_GATE,FAIL_PAT_CAGR
e6ec2c47977443cd852a61a9489ba276,QUALITY_COMPOUNDER,Quality Compounder,FROZEN_V2_PROD_1.0,AXISBANK,NSE_EQ|AXISBANK,NSE,EQUITY,CERTIFIED_CLEAN_886,96,2026-10-02T23:52:26.304460+05:30,2026-10-02T23:52:41.761330+05:30,2026-10-02T23:52:41.761330+05:30,2026-10-02T23:52:41.761330+05:30,FULLY_EVALUABLE,REJECTED,False,NONE,False,True,QUALITY_GATE,METRIC_NOT_APPLICABLE_FINANCIAL
e6ec2c47977443cd852a61a9489ba276,QUALITY_COMPOUNDER,Quality Compounder,FROZEN_V2_PROD_1.0,AXISCADES,NSE_EQ|AXISCADES,NSE,EQUITY,CERTIFIED_CLEAN_886,97,2026-10-02T23:52:26.304460+05:30,2026-10-02T23:52:41.771985+05:30,2026-10-02T23:52:41.771985+05:30,2026-10-02T23:52:41.771985+05:30,DATA_FAILURE,BLOCKED,False,NONE,True,True,DATA_GATE,DATA_INSUFFICIENT_QUALITY
e6ec2c47977443cd852a61a9489ba276,QUALITY_COMPOUNDER,Quality Compounder,FROZEN_V2_PROD_1.0,AYE,NSE_EQ|AYE,NSE,EQUITY,CERTIFIED_CLEAN_886,98,2026-10-02T23:52:26.304460+05:30,2026-10-02T23:52:41.782370+05:30,2026-10-02T23:52:41.782370+05:30,2026-10-02T23:52:41.782370+05:30,FULLY_EVALUABLE,REJECTED,False,NONE,False,True,QUALITY_GATE,METRIC_NOT_APPLICABLE_FINANCIAL
e6ec2c47977443cd852a61a9489ba276,QUALITY_COMPOUNDER,Quality Compounder,FROZEN_V2_PROD_1.0,AZAD,NSE_EQ|AZAD,NSE,EQUITY,CERTIFIED_CLEAN_886,99,2026-10-02T23:52:26.304460+05:30,2026-10-02T23:52:41.791636+05:30,2026-10-02T23:52:41.791636+05:30,2026-10-02T23:52:41.791636+05:30,FULLY_EVALUABLE,REJECTED,False,NONE,False,True,QUALITY_GATE,FAIL_CFO_PAT
e6ec2c47977443cd852a61a9489ba276,QUALITY_COMPOUNDER,Quality Compounder,FROZEN_V2_PROD_1.0,BAJAJCON,NSE_EQ|BAJAJCON,NSE,EQUITY,CERTIFIED_CLEAN_886,100,2026-10-02T23:52:26.304460+05:30,2026-10-02T23:52:41.822304+05:30,2026-10-02T23:52:41.822304+05:30,2026-10-02T23:52:41.822304+05:30,FULLY_EVALUABLE,REJECTED,False,NONE,False,True,QUALITY_GATE,FAIL_SALES_CAGR
e6ec2c47977443cd852a61a9489ba276,QUALITY_COMPOUNDER,Quality Compounder,FROZEN_V2_PROD_1.0,BAJAJFINSV,NSE_EQ|BAJAJFINSV,NSE,EQUITY,CERTIFIED_CLEAN_886,101,2026-10-02T23:52:26.304460+05:30,2026-10-02T23:52:41.834237+05:30,2026-10-02T23:52:41.834237+05:30,2026-10-02T23:52:41.834237+05:30,FULLY_EVALUABLE,REJECTED,False,NONE,False,True,QUALITY_GATE,METRIC_NOT_APPLICABLE_FINANCIAL
e6ec2c47977443cd852a61a9489ba276,QUALITY_COMPOUNDER,Quality Compounder,FROZEN_V2_PROD_1.0,BAJAJHLDNG,NSE_EQ|BAJAJHLDNG,NSE,EQUITY,CERTIFIED_CLEAN_886,102,2026-10-02T23:52:26.304460+05:30,2026-10-02T23:52:41.844545+05:30,2026-10-02T23:52:41.844545+05:30,2026-10-02T23:52:41.844545+05:30,FULLY_EVALUABLE,REJECTED,False,NONE,False,True,QUALITY_GATE,FAIL_ROCE
e6ec2c47977443cd852a61a9489ba276,QUALITY_COMPOUNDER,Quality Compounder,FROZEN_V2_PROD_1.0,BAJFINANCE,NSE_EQ|BAJFINANCE,NSE,EQUITY,CERTIFIED_CLEAN_886,103,2026-10-02T23:52:26.304460+05:30,2026-10-02T23:52:41.855718+05:30,2026-10-02T23:52:41.855718+05:30,2026-10-02T23:52:41.855718+05:30,FULLY_EVALUABLE,REJECTED,False,NONE,False,True,QUALITY_GATE,METRIC_NOT_APPLICABLE_FINANCIAL
e6ec2c47977443cd852a61a9489ba276,QUALITY_COMPOUNDER,Quality Compounder,FROZEN_V2_PROD_1.0,BALAMINES,NSE_EQ|BALAMINES,NSE,EQUITY,CERTIFIED_CLEAN_886,104,2026-10-02T23:52:26.304460+05:30,2026-10-02T23:52:41.868175+05:30,2026-10-02T23:52:41.868175+05:30,2026-10-02T23:52:41.868175+05:30,FULLY_EVALUABLE,REJECTED,False,NONE,False,True,QUALITY_GATE,FAIL_SALES_CAGR
e6ec2c47977443cd852a61a9489ba276,QUALITY_COMPOUNDER,Quality Compounder,FROZEN_V2_PROD_1.0,BALKRISIND,NSE_EQ|BALKRISIND,NSE,EQUITY,CERTIFIED_CLEAN_886,105,2026-10-02T23:52:26.304460+05:30,2026-10-02T23:52:41.881092+05:30,2026-10-02T23:52:41.881092+05:30,2026-10-02T23:52:41.881092+05:30,FULLY_EVALUABLE,REJECTED,False,NONE,False,True,QUALITY_GATE,FAIL_PAT_CAGR
e6ec2c47977443cd852a61a9489ba276,QUALITY_COMPOUNDER,Quality Compounder,FROZEN_V2_PROD_1.0,BALMLAWRIE,NSE_EQ|BALMLAWRIE,NSE,EQUITY,CERTIFIED_CLEAN_886,106,2026-10-02T23:52:26.304460+05:30,2026-10-02T23:52:41.896105+05:30,2026-10-02T23:52:41.896105+05:30,2026-10-02T23:52:41.896105+05:30,FULLY_EVALUABLE,REJECTED,False,NONE,False,True,QUALITY_GATE,FAIL_ROCE
e6ec2c47977443cd852a61a9489ba276,QUALITY_COMPOUNDER,Quality Compounder,FROZEN_V2_PROD_1.0,BALRAMCHIN,NSE_EQ|BALRAMCHIN,NSE,EQUITY,CERTIFIED_CLEAN_886,107,2026-10-02T23:52:26.304460+05:30,2026-10-02T23:52:41.915175+05:30,2026-10-02T23:52:41.915175+05:30,2026-10-02T23:52:41.915175+05:30,FULLY_EVALUABLE,REJECTED,False,NONE,False,True,QUALITY_GATE,FAIL_ROCE
e6ec2c47977443cd852a61a9489ba276,QUALITY_COMPOUNDER,Quality Compounder,FROZEN_V2_PROD_1.0,BALUFORGE,NSE_EQ|BALUFORGE,NSE,EQUITY,CERTIFIED_CLEAN_886,108,2026-10-02T23:52:26.304460+05:30,2026-10-02T23:52:41.927515+05:30,2026-10-02T23:52:41.927515+05:30,2026-10-02T23:52:41.927515+05:30,FULLY_EVALUABLE,REJECTED,False,NONE,False,True,QUALITY_GATE,FAIL_CFO_PAT
e6ec2c47977443cd852a61a9489ba276,QUALITY_COMPOUNDER,Quality Compounder,FROZEN_V2_PROD_1.0,BANARISUG,NSE_EQ|BANARISUG,NSE,EQUITY,CERTIFIED_CLEAN_886,109,2026-10-02T23:52:26.304460+05:30,2026-10-02T23:52:41.937015+05:30,2026-10-02T23:52:41.937015+05:30,2026-10-02T23:52:41.937015+05:30,FULLY_EVALUABLE,REJECTED,False,NONE,False,True,QUALITY_GATE,FAIL_LIQUIDITY
e6ec2c47977443cd852a61a9489ba276,QUALITY_COMPOUNDER,Quality Compounder,FROZEN_V2_PROD_1.0,BANCOINDIA,NSE_EQ|BANCOINDIA,NSE,EQUITY,CERTIFIED_CLEAN_886,110,2026-10-02T23:52:26.304460+05:30,2026-10-02T23:52:41.946804+05:30,2026-10-02T23:52:41.946804+05:30,2026-10-02T23:52:41.946804+05:30,FULLY_EVALUABLE,REJECTED,False,NONE,False,True,QUALITY_GATE,FAIL_CFO_PAT
e6ec2c47977443cd852a61a9489ba276,QUALITY_COMPOUNDER,Quality Compounder,FROZEN_V2_PROD_1.0,BANKBARODA,NSE_EQ|BANKBARODA,NSE,EQUITY,CERTIFIED_CLEAN_886,111,2026-10-02T23:52:26.304460+05:30,2026-10-02T23:52:41.960748+05:30,2026-10-02T23:52:41.960748+05:30,2026-10-02T23:52:41.960748+05:30,FULLY_EVALUABLE,REJECTED,False,NONE,False,True,QUALITY_GATE,METRIC_NOT_APPLICABLE_FINANCIAL
e6ec2c47977443cd852a61a9489ba276,QUALITY_COMPOUNDER,Quality Compounder,FROZEN_V2_PROD_1.0,BANKINDIA,NSE_EQ|BANKINDIA,NSE,EQUITY,CERTIFIED_CLEAN_886,112,2026-10-02T23:52:26.304460+05:30,2026-10-02T23:52:41.973174+05:30,2026-10-02T23:52:41.973174+05:30,2026-10-02T23:52:41.973174+05:30,FULLY_EVALUABLE,REJECTED,False,NONE,False,True,QUALITY_GATE,METRIC_NOT_APPLICABLE_FINANCIAL
e6ec2c47977443cd852a61a9489ba276,QUALITY_COMPOUNDER,Quality Compounder,FROZEN_V2_PROD_1.0,BANSALWIRE,NSE_EQ|BANSALWIRE,NSE,EQUITY,CERTIFIED_CLEAN_886,113,2026-10-02T23:52:26.304460+05:30,2026-10-02T23:52:41.993914+05:30,2026-10-02T23:52:41.993914+05:30,2026-10-02T23:52:41.993914+05:30,DATA_FAILURE,BLOCKED,False,NONE,True,True,DATA_GATE,DATA_INSUFFICIENT_QUALITY
e6ec2c47977443cd852a61a9489ba276,QUALITY_COMPOUNDER,Quality Compounder,FROZEN_V2_PROD_1.0,BASF,NSE_EQ|BASF,NSE,EQUITY,CERTIFIED_CLEAN_886,114,2026-10-02T23:52:26.304460+05:30,2026-10-02T23:52:42.014170+05:30,2026-10-02T23:52:42.014170+05:30,2026-10-02T23:52:42.014170+05:30,DATA_FAILURE,BLOCKED,False,NONE,True,True,DATA_GATE,DATA_INSUFFICIENT_QUALITY
e6ec2c47977443cd852a61a9489ba276,QUALITY_COMPOUNDER,Quality Compounder,FROZEN_V2_PROD_1.0,BATAINDIA,NSE_EQ|BATAINDIA,NSE,EQUITY,CERTIFIED_CLEAN_886,115,2026-10-02T23:52:26.304460+05:30,2026-10-02T23:52:42.033608+05:30,2026-10-02T23:52:42.033608+05:30,2026-10-02T23:52:42.033608+05:30,DATA_FAILURE,BLOCKED,False,NONE,True,True,DATA_GATE,DATA_INSUFFICIENT_QUALITY
e6ec2c47977443cd852a61a9489ba276,QUALITY_COMPOUNDER,Quality Compounder,FROZEN_V2_PROD_1.0,BAYERCROP,NSE_EQ|BAYERCROP,NSE,EQUITY,CERTIFIED_CLEAN_886,116,2026-10-02T23:52:26.304460+05:30,2026-10-02T23:52:42.048010+05:30,2026-10-02T23:52:42.048010+05:30,2026-10-02T23:52:42.048010+05:30,DATA_FAILURE,BLOCKED,False,NONE,True,True,DATA_GATE,FAIL_SALES_CAGR
e6ec2c47977443cd852a61a9489ba276,QUALITY_COMPOUNDER,Quality Compounder,FROZEN_V2_PROD_1.0,BBOX,NSE_EQ|BBOX,NSE,EQUITY,CERTIFIED_CLEAN_886,117,2026-10-02T23:52:26.304460+05:30,2026-10-02T23:52:42.060317+05:30,2026-10-02T23:52:42.060317+05:30,2026-10-02T23:52:42.060317+05:30,FULLY_EVALUABLE,REJECTED,False,NONE,False,True,QUALITY_GATE,FAIL_SALES_CAGR
e6ec2c47977443cd852a61a9489ba276,QUALITY_COMPOUNDER,Quality Compounder,FROZEN_V2_PROD_1.0,BBTC,NSE_EQ|BBTC,NSE,EQUITY,CERTIFIED_CLEAN_886,118,2026-10-02T23:52:26.304460+05:30,2026-10-02T23:52:42.072982+05:30,2026-10-02T23:52:42.072982+05:30,2026-10-02T23:52:42.072982+05:30,FULLY_EVALUABLE,REJECTED,False,NONE,False,True,QUALITY_GATE,FAIL_SALES_CAGR
e6ec2c47977443cd852a61a9489ba276,QUALITY_COMPOUNDER,Quality Compounder,FROZEN_V2_PROD_1.0,BDL,NSE_EQ|BDL,NSE,EQUITY,CERTIFIED_CLEAN_886,119,2026-10-02T23:52:26.304460+05:30,2026-10-02T23:52:42.083108+05:30,2026-10-02T23:52:42.083108+05:30,2026-10-02T23:52:42.083108+05:30,FULLY_EVALUABLE,REJECTED,False,NONE,False,True,QUALITY_GATE,FAIL_SALES_CAGR
e6ec2c47977443cd852a61a9489ba276,QUALITY_COMPOUNDER,Quality Compounder,FROZEN_V2_PROD_1.0,BEL,NSE_EQ|BEL,NSE,EQUITY,CERTIFIED_CLEAN_886,120,2026-10-02T23:52:26.304460+05:30,2026-10-02T23:52:42.092460+05:30,2026-10-02T23:52:42.092460+05:30,2026-10-02T23:52:42.092460+05:30,FULLY_EVALUABLE,REJECTED,False,NONE,False,True,QUALITY_GATE,FAIL_CFO_PAT
e6ec2c47977443cd852a61a9489ba276,QUALITY_COMPOUNDER,Quality Compounder,FROZEN_V2_PROD_1.0,BELRISE,NSE_EQ|BELRISE,NSE,EQUITY,CERTIFIED_CLEAN_886,121,2026-10-02T23:52:26.304460+05:30,2026-10-02T23:52:42.107821+05:30,2026-10-02T23:52:42.107821+05:30,2026-10-02T23:52:42.107821+05:30,DATA_FAILURE,BLOCKED,False,NONE,True,True,DATA_GATE,DATA_INSUFFICIENT_QUALITY
e6ec2c47977443cd852a61a9489ba276,QUALITY_COMPOUNDER,Quality Compounder,FROZEN_V2_PROD_1.0,BENGALASM,NSE_EQ|BENGALASM,NSE,EQUITY,CERTIFIED_CLEAN_886,122,2026-10-02T23:52:26.304460+05:30,2026-10-02T23:52:42.118359+05:30,2026-10-02T23:52:42.118359+05:30,2026-10-02T23:52:42.118359+05:30,FULLY_EVALUABLE,REJECTED,False,NONE,False,True,QUALITY_GATE,METRIC_NOT_APPLICABLE_FINANCIAL
e6ec2c47977443cd852a61a9489ba276,QUALITY_COMPOUNDER,Quality Compounder,FROZEN_V2_PROD_1.0,BERGEPAINT,NSE_EQ|BERGEPAINT,NSE,EQUITY,CERTIFIED_CLEAN_886,123,2026-10-02T23:52:26.304460+05:30,2026-10-02T23:52:42.128215+05:30,2026-10-02T23:52:42.128215+05:30,2026-10-02T23:52:42.128215+05:30,FULLY_EVALUABLE,REJECTED,False,NONE,False,True,QUALITY_GATE,FAIL_PAT_CAGR
e6ec2c47977443cd852a61a9489ba276,QUALITY_COMPOUNDER,Quality Compounder,FROZEN_V2_PROD_1.0,BETA,NSE_EQ|BETA,NSE,EQUITY,CERTIFIED_CLEAN_886,124,2026-10-02T23:52:26.304460+05:30,2026-10-02T23:52:42.140250+05:30,2026-10-02T23:52:42.140250+05:30,2026-10-02T23:52:42.140250+05:30,FULLY_EVALUABLE,REJECTED,False,NONE,False,True,QUALITY_GATE,FAIL_DEBT
e6ec2c47977443cd852a61a9489ba276,QUALITY_COMPOUNDER,Quality Compounder,FROZEN_V2_PROD_1.0,BFUTILITIE,NSE_EQ|BFUTILITIE,NSE,EQUITY,CERTIFIED_CLEAN_886,125,2026-10-02T23:52:26.304460+05:30,2026-10-02T23:52:42.152787+05:30,2026-10-02T23:52:42.152787+05:30,2026-10-02T23:52:42.152787+05:30,FULLY_EVALUABLE,REJECTED,False,NONE,False,True,QUALITY_GATE,FAIL_SALES_CAGR
e6ec2c47977443cd852a61a9489ba276,QUALITY_COMPOUNDER,Quality Compounder,FROZEN_V2_PROD_1.0,BHAGYANGR,NSE_EQ|BHAGYANGR,NSE,EQUITY,CERTIFIED_CLEAN_886,126,2026-10-02T23:52:26.304460+05:30,2026-10-02T23:52:42.163494+05:30,2026-10-02T23:52:42.163494+05:30,2026-10-02T23:52:42.163494+05:30,FULLY_EVALUABLE,REJECTED,False,NONE,False,True,QUALITY_GATE,FAIL_ROCE
e6ec2c47977443cd852a61a9489ba276,QUALITY_COMPOUNDER,Quality Compounder,FROZEN_V2_PROD_1.0,BHARATFORG,NSE_EQ|BHARATFORG,NSE,EQUITY,CERTIFIED_CLEAN_886,127,2026-10-02T23:52:26.304460+05:30,2026-10-02T23:52:42.176738+05:30,2026-10-02T23:52:42.176738+05:30,2026-10-02T23:52:42.176738+05:30,DATA_FAILURE,BLOCKED,False,NONE,True,True,DATA_GATE,DATA_INSUFFICIENT_QUALITY
e6ec2c47977443cd852a61a9489ba276,QUALITY_COMPOUNDER,Quality Compounder,FROZEN_V2_PROD_1.0,BHARATRAS,NSE_EQ|BHARATRAS,NSE,EQUITY,CERTIFIED_CLEAN_886,128,2026-10-02T23:52:26.304460+05:30,2026-10-02T23:52:42.186200+05:30,2026-10-02T23:52:42.186200+05:30,2026-10-02T23:52:42.186200+05:30,FULLY_EVALUABLE,REJECTED,False,NONE,False,True,QUALITY_GATE,FAIL_LIQUIDITY
e6ec2c47977443cd852a61a9489ba276,QUALITY_COMPOUNDER,Quality Compounder,FROZEN_V2_PROD_1.0,BHARATSE,NSE_EQ|BHARATSE,NSE,EQUITY,CERTIFIED_CLEAN_886,129,2026-10-02T23:52:26.304460+05:30,2026-10-02T23:52:42.196559+05:30,2026-10-02T23:52:42.196559+05:30,2026-10-02T23:52:42.196559+05:30,FULLY_EVALUABLE,REJECTED,False,NONE,False,True,VALUATION_GATE,FAIL_VALUATION
e6ec2c47977443cd852a61a9489ba276,QUALITY_COMPOUNDER,Quality Compounder,FROZEN_V2_PROD_1.0,BHARATWIRE,NSE_EQ|BHARATWIRE,NSE,EQUITY,CERTIFIED_CLEAN_886,130,2026-10-02T23:52:26.304460+05:30,2026-10-02T23:52:42.212386+05:30,2026-10-02T23:52:42.212386+05:30,2026-10-02T23:52:42.212386+05:30,DATA_FAILURE,BLOCKED,False,NONE,True,True,DATA_GATE,DATA_INSUFFICIENT_QUALITY
e6ec2c47977443cd852a61a9489ba276,QUALITY_COMPOUNDER,Quality Compounder,FROZEN_V2_PROD_1.0,BHARTIARTL,NSE_EQ|BHARTIARTL,NSE,EQUITY,CERTIFIED_CLEAN_886,131,2026-10-02T23:52:26.304460+05:30,2026-10-02T23:52:42.225839+05:30,2026-10-02T23:52:42.225839+05:30,2026-10-02T23:52:42.225839+05:30,DATA_FAILURE,BLOCKED,False,NONE,True,True,DATA_GATE,DATA_INSUFFICIENT_QUALITY
e6ec2c47977443cd852a61a9489ba276,QUALITY_COMPOUNDER,Quality Compounder,FROZEN_V2_PROD_1.0,BHARTIHEXA,NSE_EQ|BHARTIHEXA,NSE,EQUITY,CERTIFIED_CLEAN_886,132,2026-10-02T23:52:26.304460+05:30,2026-10-02T23:52:42.238357+05:30,2026-10-02T23:52:42.238357+05:30,2026-10-02T23:52:42.238357+05:30,DATA_FAILURE,BLOCKED,False,NONE,True,True,DATA_GATE,DATA_INSUFFICIENT_QUALITY
e6ec2c47977443cd852a61a9489ba276,QUALITY_COMPOUNDER,Quality Compounder,FROZEN_V2_PROD_1.0,BIKAJI,NSE_EQ|BIKAJI,NSE,EQUITY,CERTIFIED_CLEAN_886,133,2026-10-02T23:52:26.304460+05:30,2026-10-02T23:52:42.395392+05:30,2026-10-02T23:52:42.395392+05:30,2026-10-02T23:52:42.395392+05:30,FULLY_EVALUABLE,ALERT_BUY,True,BUY,False,False,NONE,PASS
e6ec2c47977443cd852a61a9489ba276,QUALITY_COMPOUNDER,Quality Compounder,FROZEN_V2_PROD_1.0,BLACKBUCK,NSE_EQ|BLACKBUCK,NSE,EQUITY,CERTIFIED_CLEAN_886,134,2026-10-02T23:52:26.304460+05:30,2026-10-02T23:52:42.409993+05:30,2026-10-02T23:52:42.409993+05:30,2026-10-02T23:52:42.409993+05:30,DATA_FAILURE,BLOCKED,False,NONE,True,True,DATA_GATE,DATA_INSUFFICIENT_QUALITY
e6ec2c47977443cd852a61a9489ba276,QUALITY_COMPOUNDER,Quality Compounder,FROZEN_V2_PROD_1.0,BLISSGVS,NSE_EQ|BLISSGVS,NSE,EQUITY,CERTIFIED_CLEAN_886,135,2026-10-02T23:52:26.304460+05:30,2026-10-02T23:52:42.421587+05:30,2026-10-02T23:52:42.421587+05:30,2026-10-02T23:52:42.421587+05:30,FULLY_EVALUABLE,REJECTED,False,NONE,False,True,QUALITY_GATE,FAIL_ROCE
e6ec2c47977443cd852a61a9489ba276,QUALITY_COMPOUNDER,Quality Compounder,FROZEN_V2_PROD_1.0,BLS,NSE_EQ|BLS,NSE,EQUITY,CERTIFIED_CLEAN_886,136,2026-10-02T23:52:26.304460+05:30,2026-10-02T23:52:42.621874+05:30,2026-10-02T23:52:42.621874+05:30,2026-10-02T23:52:42.621874+05:30,FULLY_EVALUABLE,ALERT_BUY,True,BUY,False,False,NONE,PASS
e6ec2c47977443cd852a61a9489ba276,QUALITY_COMPOUNDER,Quality Compounder,FROZEN_V2_PROD_1.0,BLSE,NSE_EQ|BLSE,NSE,EQUITY,CERTIFIED_CLEAN_886,137,2026-10-02T23:52:26.304460+05:30,2026-10-02T23:52:42.628420+05:30,2026-10-02T23:52:42.628420+05:30,2026-10-02T23:52:42.628420+05:30,FULLY_EVALUABLE,REJECTED,False,NONE,False,True,VALUATION_GATE,FAIL_VALUATION
e6ec2c47977443cd852a61a9489ba276,QUALITY_COMPOUNDER,Quality Compounder,FROZEN_V2_PROD_1.0,BLUEDART,NSE_EQ|BLUEDART,NSE,EQUITY,CERTIFIED_CLEAN_886,138,2026-10-02T23:52:26.304460+05:30,2026-10-02T23:52:42.638186+05:30,2026-10-02T23:52:42.638186+05:30,2026-10-02T23:52:42.638186+05:30,FULLY_EVALUABLE,REJECTED,False,NONE,False,True,QUALITY_GATE,FAIL_DEBT
e6ec2c47977443cd852a61a9489ba276,QUALITY_COMPOUNDER,Quality Compounder,FROZEN_V2_PROD_1.0,BLUEJET,NSE_EQ|BLUEJET,NSE,EQUITY,CERTIFIED_CLEAN_886,139,2026-10-02T23:52:26.304460+05:30,2026-10-02T23:52:42.662619+05:30,2026-10-02T23:52:42.662619+05:30,2026-10-02T23:52:42.662619+05:30,FULLY_EVALUABLE,REJECTED,False,NONE,False,True,VALUATION_GATE,FAIL_VALUATION
e6ec2c47977443cd852a61a9489ba276,QUALITY_COMPOUNDER,Quality Compounder,FROZEN_V2_PROD_1.0,BLUESTARCO,NSE_EQ|BLUESTARCO,NSE,EQUITY,CERTIFIED_CLEAN_886,140,2026-10-02T23:52:26.304460+05:30,2026-10-02T23:52:42.675542+05:30,2026-10-02T23:52:42.675542+05:30,2026-10-02T23:52:42.675542+05:30,FULLY_EVALUABLE,REJECTED,False,NONE,False,True,QUALITY_GATE,FAIL_CFO_PAT
e6ec2c47977443cd852a61a9489ba276,QUALITY_COMPOUNDER,Quality Compounder,FROZEN_V2_PROD_1.0,BORORENEW,NSE_EQ|BORORENEW,NSE,EQUITY,CERTIFIED_CLEAN_886,141,2026-10-02T23:52:26.304460+05:30,2026-10-02T23:52:42.692710+05:30,2026-10-02T23:52:42.692710+05:30,2026-10-02T23:52:42.692710+05:30,DATA_FAILURE,BLOCKED,False,NONE,True,True,DATA_GATE,DATA_INSUFFICIENT_QUALITY
e6ec2c47977443cd852a61a9489ba276,QUALITY_COMPOUNDER,Quality Compounder,FROZEN_V2_PROD_1.0,BOROSCI,NSE_EQ|BOROSCI,NSE,EQUITY,CERTIFIED_CLEAN_886,142,2026-10-02T23:52:26.304460+05:30,2026-10-02T23:52:42.709696+05:30,2026-10-02T23:52:42.709696+05:30,2026-10-02T23:52:42.709696+05:30,STRUCTURAL_INELIGIBLE,BLOCKED,False,NONE,True,True,DATA_GATE,DATA_INSUFFICIENT_QUALITY
e6ec2c47977443cd852a61a9489ba276,QUALITY_COMPOUNDER,Quality Compounder,FROZEN_V2_PROD_1.0,BOSCHLTD,NSE_EQ|BOSCHLTD,NSE,EQUITY,CERTIFIED_CLEAN_886,143,2026-10-02T23:52:26.304460+05:30,2026-10-02T23:52:42.730496+05:30,2026-10-02T23:52:42.730496+05:30,2026-10-02T23:52:42.730496+05:30,FULLY_EVALUABLE,REJECTED,False,NONE,False,True,QUALITY_GATE,FAIL_CFO_PAT
e6ec2c47977443cd852a61a9489ba276,QUALITY_COMPOUNDER,Quality Compounder,FROZEN_V2_PROD_1.0,BPCL,NSE_EQ|BPCL,NSE,EQUITY,CERTIFIED_CLEAN_886,144,2026-10-02T23:52:26.304460+05:30,2026-10-02T23:52:42.743683+05:30,2026-10-02T23:52:42.743683+05:30,2026-10-02T23:52:42.743683+05:30,FULLY_EVALUABLE,REJECTED,False,NONE,False,True,QUALITY_GATE,FAIL_PAT_CAGR
e6ec2c47977443cd852a61a9489ba276,QUALITY_COMPOUNDER,Quality Compounder,FROZEN_V2_PROD_1.0,BRIGADE,NSE_EQ|BRIGADE,NSE,EQUITY,CERTIFIED_CLEAN_886,145,2026-10-02T23:52:26.304460+05:30,2026-10-02T23:52:42.761619+05:30,2026-10-02T23:52:42.761619+05:30,2026-10-02T23:52:42.761619+05:30,DATA_FAILURE,BLOCKED,False,NONE,True,True,DATA_GATE,DATA_INSUFFICIENT_QUALITY
e6ec2c47977443cd852a61a9489ba276,QUALITY_COMPOUNDER,Quality Compounder,FROZEN_V2_PROD_1.0,BRITANNIA,NSE_EQ|BRITANNIA,NSE,EQUITY,CERTIFIED_CLEAN_886,146,2026-10-02T23:52:26.304460+05:30,2026-10-02T23:52:42.775883+05:30,2026-10-02T23:52:42.775883+05:30,2026-10-02T23:52:42.775883+05:30,FULLY_EVALUABLE,REJECTED,False,NONE,False,True,QUALITY_GATE,FAIL_SALES_CAGR
e6ec2c47977443cd852a61a9489ba276,QUALITY_COMPOUNDER,Quality Compounder,FROZEN_V2_PROD_1.0,BSE,NSE_EQ|BSE,NSE,EQUITY,CERTIFIED_CLEAN_886,147,2026-10-02T23:52:26.304460+05:30,2026-10-02T23:52:42.784021+05:30,2026-10-02T23:52:42.784021+05:30,2026-10-02T23:52:42.784021+05:30,FULLY_EVALUABLE,REJECTED,False,NONE,False,True,QUALITY_GATE,METRIC_NOT_APPLICABLE_FINANCIAL
e6ec2c47977443cd852a61a9489ba276,QUALITY_COMPOUNDER,Quality Compounder,FROZEN_V2_PROD_1.0,BSOFT,NSE_EQ|BSOFT,NSE,EQUITY,CERTIFIED_CLEAN_886,148,2026-10-02T23:52:26.304460+05:30,2026-10-02T23:52:42.794109+05:30,2026-10-02T23:52:42.794109+05:30,2026-10-02T23:52:42.794109+05:30,FULLY_EVALUABLE,REJECTED,False,NONE,False,True,QUALITY_GATE,FAIL_SALES_CAGR
e6ec2c47977443cd852a61a9489ba276,QUALITY_COMPOUNDER,Quality Compounder,FROZEN_V2_PROD_1.0,BUILDPRO,NSE_EQ|BUILDPRO,NSE,EQUITY,CERTIFIED_CLEAN_886,149,2026-10-02T23:52:26.304460+05:30,2026-10-02T23:52:42.809954+05:30,2026-10-02T23:52:42.809954+05:30,2026-10-02T23:52:42.809954+05:30,DATA_FAILURE,BLOCKED,False,NONE,True,True,DATA_GATE,DATA_INSUFFICIENT_QUALITY
e6ec2c47977443cd852a61a9489ba276,QUALITY_COMPOUNDER,Quality Compounder,FROZEN_V2_PROD_1.0,BUTTERFLY,NSE_EQ|BUTTERFLY,NSE,EQUITY,CERTIFIED_CLEAN_886,150,2026-10-02T23:52:26.304460+05:30,2026-10-02T23:52:42.819390+05:30,2026-10-02T23:52:42.819390+05:30,2026-10-02T23:52:42.819390+05:30,FULLY_EVALUABLE,REJECTED,False,NONE,False,True,QUALITY_GATE,FAIL_UNIVERSE_MARKET_CAP
e6ec2c47977443cd852a61a9489ba276,QUALITY_COMPOUNDER,Quality Compounder,FROZEN_V2_PROD_1.0,CAMPUS,NSE_EQ|CAMPUS,NSE,EQUITY,CERTIFIED_CLEAN_886,151,2026-10-02T23:52:26.304460+05:30,2026-10-02T23:52:42.896677+05:30,2026-10-02T23:52:42.896677+05:30,2026-10-02T23:52:42.896677+05:30,DATA_FAILURE,BLOCKED,False,NONE,True,True,DATA_GATE,DATA_INSUFFICIENT_QUALITY
e6ec2c47977443cd852a61a9489ba276,QUALITY_COMPOUNDER,Quality Compounder,FROZEN_V2_PROD_1.0,CAMS,NSE_EQ|CAMS,NSE,EQUITY,CERTIFIED_CLEAN_886,152,2026-10-02T23:52:26.304460+05:30,2026-10-02T23:52:42.903339+05:30,2026-10-02T23:52:42.903339+05:30,2026-10-02T23:52:42.903339+05:30,FULLY_EVALUABLE,REJECTED,False,NONE,False,True,QUALITY_GATE,METRIC_NOT_APPLICABLE_FINANCIAL
e6ec2c47977443cd852a61a9489ba276,QUALITY_COMPOUNDER,Quality Compounder,FROZEN_V2_PROD_1.0,CANFINHOME,NSE_EQ|CANFINHOME,NSE,EQUITY,CERTIFIED_CLEAN_886,153,2026-10-02T23:52:26.304460+05:30,2026-10-02T23:52:42.912684+05:30,2026-10-02T23:52:42.912684+05:30,2026-10-02T23:52:42.912684+05:30,FULLY_EVALUABLE,REJECTED,False,NONE,False,True,QUALITY_GATE,METRIC_NOT_APPLICABLE_FINANCIAL
e6ec2c47977443cd852a61a9489ba276,QUALITY_COMPOUNDER,Quality Compounder,FROZEN_V2_PROD_1.0,CANTABIL,NSE_EQ|CANTABIL,NSE,EQUITY,CERTIFIED_CLEAN_886,154,2026-10-02T23:52:26.304460+05:30,2026-10-02T23:52:42.919042+05:30,2026-10-02T23:52:42.919042+05:30,2026-10-02T23:52:42.919042+05:30,FULLY_EVALUABLE,REJECTED,False,NONE,False,True,QUALITY_GATE,FAIL_DEBT
e6ec2c47977443cd852a61a9489ba276,QUALITY_COMPOUNDER,Quality Compounder,FROZEN_V2_PROD_1.0,CAPACITE,NSE_EQ|CAPACITE,NSE,EQUITY,CERTIFIED_CLEAN_886,155,2026-10-02T23:52:26.304460+05:30,2026-10-02T23:52:42.925129+05:30,2026-10-02T23:52:42.925129+05:30,2026-10-02T23:52:42.925129+05:30,FULLY_EVALUABLE,REJECTED,False,NONE,False,True,QUALITY_GATE,FAIL_CFO_PAT
e6ec2c47977443cd852a61a9489ba276,QUALITY_COMPOUNDER,Quality Compounder,FROZEN_V2_PROD_1.0,CAPITALSFB,NSE_EQ|CAPITALSFB,NSE,EQUITY,CERTIFIED_CLEAN_886,156,2026-10-02T23:52:26.304460+05:30,2026-10-02T23:52:42.931410+05:30,2026-10-02T23:52:42.931410+05:30,2026-10-02T23:52:42.931410+05:30,FULLY_EVALUABLE,REJECTED,False,NONE,False,True,QUALITY_GATE,METRIC_NOT_APPLICABLE_FINANCIAL
e6ec2c47977443cd852a61a9489ba276,QUALITY_COMPOUNDER,Quality Compounder,FROZEN_V2_PROD_1.0,CAPLIPOINT,NSE_EQ|CAPLIPOINT,NSE,EQUITY,CERTIFIED_CLEAN_886,157,2026-10-02T23:52:26.304460+05:30,2026-10-02T23:52:42.940561+05:30,2026-10-02T23:52:42.940561+05:30,2026-10-02T23:52:42.940561+05:30,FULLY_EVALUABLE,REJECTED,False,NONE,False,True,VALUATION_GATE,FAIL_VALUATION
e6ec2c47977443cd852a61a9489ba276,QUALITY_COMPOUNDER,Quality Compounder,FROZEN_V2_PROD_1.0,CARERATING,NSE_EQ|CARERATING,NSE,EQUITY,CERTIFIED_CLEAN_886,158,2026-10-02T23:52:26.304460+05:30,2026-10-02T23:52:42.950103+05:30,2026-10-02T23:52:42.950103+05:30,2026-10-02T23:52:42.950103+05:30,FULLY_EVALUABLE,REJECTED,False,NONE,False,True,VALUATION_GATE,FAIL_VALUATION
e6ec2c47977443cd852a61a9489ba276,QUALITY_COMPOUNDER,Quality Compounder,FROZEN_V2_PROD_1.0,CARRARO,NSE_EQ|CARRARO,NSE,EQUITY,CERTIFIED_CLEAN_886,159,2026-10-02T23:52:26.304460+05:30,2026-10-02T23:52:42.960112+05:30,2026-10-02T23:52:42.960112+05:30,2026-10-02T23:52:42.960112+05:30,DATA_FAILURE,BLOCKED,False,NONE,True,True,DATA_GATE,DATA_INSUFFICIENT_QUALITY
e6ec2c47977443cd852a61a9489ba276,QUALITY_COMPOUNDER,Quality Compounder,FROZEN_V2_PROD_1.0,CARTRADE,NSE_EQ|CARTRADE,NSE,EQUITY,CERTIFIED_CLEAN_886,160,2026-10-02T23:52:26.304460+05:30,2026-10-02T23:52:42.967046+05:30,2026-10-02T23:52:42.967046+05:30,2026-10-02T23:52:42.967046+05:30,FULLY_EVALUABLE,REJECTED,False,NONE,False,True,QUALITY_GATE,FAIL_ROCE
e6ec2c47977443cd852a61a9489ba276,QUALITY_COMPOUNDER,Quality Compounder,FROZEN_V2_PROD_1.0,CARYSIL,NSE_EQ|CARYSIL,NSE,EQUITY,CERTIFIED_CLEAN_886,161,2026-10-02T23:52:26.304460+05:30,2026-10-02T23:52:42.974014+05:30,2026-10-02T23:52:42.974014+05:30,2026-10-02T23:52:42.974014+05:30,FULLY_EVALUABLE,REJECTED,False,NONE,False,True,VALUATION_GATE,FAIL_VALUATION
e6ec2c47977443cd852a61a9489ba276,QUALITY_COMPOUNDER,Quality Compounder,FROZEN_V2_PROD_1.0,CASTROLIND,NSE_EQ|CASTROLIND,NSE,EQUITY,CERTIFIED_CLEAN_886,162,2026-10-02T23:52:26.304460+05:30,2026-10-02T23:52:42.980368+05:30,2026-10-02T23:52:42.980368+05:30,2026-10-02T23:52:42.980368+05:30,FULLY_EVALUABLE,REJECTED,False,NONE,False,True,VALUATION_GATE,FAIL_VALUATION
e6ec2c47977443cd852a61a9489ba276,QUALITY_COMPOUNDER,Quality Compounder,FROZEN_V2_PROD_1.0,CCL,NSE_EQ|CCL,NSE,EQUITY,CERTIFIED_CLEAN_886,163,2026-10-02T23:52:26.304460+05:30,2026-10-02T23:52:42.987863+05:30,2026-10-02T23:52:42.987863+05:30,2026-10-02T23:52:42.987863+05:30,FULLY_EVALUABLE,REJECTED,False,NONE,False,True,QUALITY_GATE,FAIL_ROCE
e6ec2c47977443cd852a61a9489ba276,QUALITY_COMPOUNDER,Quality Compounder,FROZEN_V2_PROD_1.0,CDSL,NSE_EQ|CDSL,NSE,EQUITY,CERTIFIED_CLEAN_886,164,2026-10-02T23:52:26.304460+05:30,2026-10-02T23:52:43.000666+05:30,2026-10-02T23:52:43.000666+05:30,2026-10-02T23:52:43.000666+05:30,FULLY_EVALUABLE,REJECTED,False,NONE,False,True,QUALITY_GATE,METRIC_NOT_APPLICABLE_FINANCIAL
e6ec2c47977443cd852a61a9489ba276,QUALITY_COMPOUNDER,Quality Compounder,FROZEN_V2_PROD_1.0,CEATLTD,NSE_EQ|CEATLTD,NSE,EQUITY,CERTIFIED_CLEAN_886,165,2026-10-02T23:52:26.304460+05:30,2026-10-02T23:52:43.008499+05:30,2026-10-02T23:52:43.008499+05:30,2026-10-02T23:52:43.008499+05:30,FULLY_EVALUABLE,REJECTED,False,NONE,False,True,QUALITY_GATE,FAIL_ROCE
e6ec2c47977443cd852a61a9489ba276,QUALITY_COMPOUNDER,Quality Compounder,FROZEN_V2_PROD_1.0,CEIGALL,NSE_EQ|CEIGALL,NSE,EQUITY,CERTIFIED_CLEAN_886,166,2026-10-02T23:52:26.304460+05:30,2026-10-02T23:52:43.024179+05:30,2026-10-02T23:52:43.024179+05:30,2026-10-02T23:52:43.024179+05:30,FULLY_EVALUABLE,REJECTED,False,NONE,False,True,QUALITY_GATE,FAIL_CFO_PAT
e6ec2c47977443cd852a61a9489ba276,QUALITY_COMPOUNDER,Quality Compounder,FROZEN_V2_PROD_1.0,CEINSYS,NSE_EQ|CEINSYS,NSE,EQUITY,CERTIFIED_CLEAN_886,167,2026-10-02T23:52:26.304460+05:30,2026-10-02T23:52:43.041959+05:30,2026-10-02T23:52:43.041959+05:30,2026-10-02T23:52:43.041959+05:30,FULLY_EVALUABLE,REJECTED,False,NONE,False,True,QUALITY_GATE,FAIL_CFO_PAT
e6ec2c47977443cd852a61a9489ba276,QUALITY_COMPOUNDER,Quality Compounder,FROZEN_V2_PROD_1.0,CELLO,NSE_EQ|CELLO,NSE,EQUITY,CERTIFIED_CLEAN_886,168,2026-10-02T23:52:26.304460+05:30,2026-10-02T23:52:43.058048+05:30,2026-10-02T23:52:43.058048+05:30,2026-10-02T23:52:43.058048+05:30,FULLY_EVALUABLE,REJECTED,False,NONE,False,True,QUALITY_GATE,FAIL_CFO_PAT
e6ec2c47977443cd852a61a9489ba276,QUALITY_COMPOUNDER,Quality Compounder,FROZEN_V2_PROD_1.0,CEMPRO,NSE_EQ|CEMPRO,NSE,EQUITY,CERTIFIED_CLEAN_886,169,2026-10-02T23:52:26.304460+05:30,2026-10-02T23:52:43.078662+05:30,2026-10-02T23:52:43.078662+05:30,2026-10-02T23:52:43.078662+05:30,FULLY_EVALUABLE,REJECTED,False,NONE,False,True,VALUATION_GATE,FAIL_VALUATION
e6ec2c47977443cd852a61a9489ba276,QUALITY_COMPOUNDER,Quality Compounder,FROZEN_V2_PROD_1.0,CENTURYPLY,NSE_EQ|CENTURYPLY,NSE,EQUITY,CERTIFIED_CLEAN_886,170,2026-10-02T23:52:26.304460+05:30,2026-10-02T23:52:43.092843+05:30,2026-10-02T23:52:43.092843+05:30,2026-10-02T23:52:43.092843+05:30,FULLY_EVALUABLE,REJECTED,False,NONE,False,True,QUALITY_GATE,FAIL_PAT_CAGR
e6ec2c47977443cd852a61a9489ba276,QUALITY_COMPOUNDER,Quality Compounder,FROZEN_V2_PROD_1.0,CERA,NSE_EQ|CERA,NSE,EQUITY,CERTIFIED_CLEAN_886,171,2026-10-02T23:52:26.304460+05:30,2026-10-02T23:52:43.112558+05:30,2026-10-02T23:52:43.112558+05:30,2026-10-02T23:52:43.112558+05:30,FULLY_EVALUABLE,REJECTED,False,NONE,False,True,QUALITY_GATE,FAIL_SALES_CAGR
e6ec2c47977443cd852a61a9489ba276,QUALITY_COMPOUNDER,Quality Compounder,FROZEN_V2_PROD_1.0,CESC,NSE_EQ|CESC,NSE,EQUITY,CERTIFIED_CLEAN_886,172,2026-10-02T23:52:26.304460+05:30,2026-10-02T23:52:43.125095+05:30,2026-10-02T23:52:43.125095+05:30,2026-10-02T23:52:43.125095+05:30,FULLY_EVALUABLE,REJECTED,False,NONE,False,True,QUALITY_GATE,FAIL_ROCE
e6ec2c47977443cd852a61a9489ba276,QUALITY_COMPOUNDER,Quality Compounder,FROZEN_V2_PROD_1.0,CGCL,NSE_EQ|CGCL,NSE,EQUITY,CERTIFIED_CLEAN_886,173,2026-10-02T23:52:26.304460+05:30,2026-10-02T23:52:43.134579+05:30,2026-10-02T23:52:43.134579+05:30,2026-10-02T23:52:43.134579+05:30,FULLY_EVALUABLE,REJECTED,False,NONE,False,True,QUALITY_GATE,METRIC_NOT_APPLICABLE_FINANCIAL
e6ec2c47977443cd852a61a9489ba276,QUALITY_COMPOUNDER,Quality Compounder,FROZEN_V2_PROD_1.0,CGPOWER,NSE_EQ|CGPOWER,NSE,EQUITY,CERTIFIED_CLEAN_886,174,2026-10-02T23:52:26.304460+05:30,2026-10-02T23:52:43.151878+05:30,2026-10-02T23:52:43.151878+05:30,2026-10-02T23:52:43.151878+05:30,FULLY_EVALUABLE,REJECTED,False,NONE,False,True,QUALITY_GATE,FAIL_PAT_CAGR
e6ec2c47977443cd852a61a9489ba276,QUALITY_COMPOUNDER,Quality Compounder,FROZEN_V2_PROD_1.0,CHALET,NSE_EQ|CHALET,NSE,EQUITY,CERTIFIED_CLEAN_886,175,2026-10-02T23:52:26.304460+05:30,2026-10-02T23:52:43.167073+05:30,2026-10-02T23:52:43.167073+05:30,2026-10-02T23:52:43.167073+05:30,DATA_FAILURE,BLOCKED,False,NONE,True,True,DATA_GATE,DATA_INSUFFICIENT_QUALITY
e6ec2c47977443cd852a61a9489ba276,QUALITY_COMPOUNDER,Quality Compounder,FROZEN_V2_PROD_1.0,CHAMBLFERT,NSE_EQ|CHAMBLFERT,NSE,EQUITY,CERTIFIED_CLEAN_886,176,2026-10-02T23:52:26.304460+05:30,2026-10-02T23:52:43.179937+05:30,2026-10-02T23:52:43.179937+05:30,2026-10-02T23:52:43.179937+05:30,FULLY_EVALUABLE,REJECTED,False,NONE,False,True,QUALITY_GATE,FAIL_PAT_CAGR
e6ec2c47977443cd852a61a9489ba276,QUALITY_COMPOUNDER,Quality Compounder,FROZEN_V2_PROD_1.0,CHENNPETRO,NSE_EQ|CHENNPETRO,NSE,EQUITY,CERTIFIED_CLEAN_886,177,2026-10-02T23:52:26.304460+05:30,2026-10-02T23:52:43.196483+05:30,2026-10-02T23:52:43.196483+05:30,2026-10-02T23:52:43.196483+05:30,FULLY_EVALUABLE,REJECTED,False,NONE,False,True,VALUATION_GATE,FAIL_VALUATION
e6ec2c47977443cd852a61a9489ba276,QUALITY_COMPOUNDER,Quality Compounder,FROZEN_V2_PROD_1.0,CHOICEIN,NSE_EQ|CHOICEIN,NSE,EQUITY,CERTIFIED_CLEAN_886,178,2026-10-02T23:52:26.304460+05:30,2026-10-02T23:52:43.202349+05:30,2026-10-02T23:52:43.202349+05:30,2026-10-02T23:52:43.202349+05:30,FULLY_EVALUABLE,REJECTED,False,NONE,False,True,QUALITY_GATE,METRIC_NOT_APPLICABLE_FINANCIAL
e6ec2c47977443cd852a61a9489ba276,QUALITY_COMPOUNDER,Quality Compounder,FROZEN_V2_PROD_1.0,CHOLAFIN,NSE_EQ|CHOLAFIN,NSE,EQUITY,CERTIFIED_CLEAN_886,179,2026-10-02T23:52:26.304460+05:30,2026-10-02T23:52:43.211475+05:30,2026-10-02T23:52:43.211475+05:30,2026-10-02T23:52:43.211475+05:30,FULLY_EVALUABLE,REJECTED,False,NONE,False,True,QUALITY_GATE,METRIC_NOT_APPLICABLE_FINANCIAL
e6ec2c47977443cd852a61a9489ba276,QUALITY_COMPOUNDER,Quality Compounder,FROZEN_V2_PROD_1.0,CHOLAHLDNG,NSE_EQ|CHOLAHLDNG,NSE,EQUITY,CERTIFIED_CLEAN_886,180,2026-10-02T23:52:26.304460+05:30,2026-10-02T23:52:43.217448+05:30,2026-10-02T23:52:43.217448+05:30,2026-10-02T23:52:43.217448+05:30,FULLY_EVALUABLE,REJECTED,False,NONE,False,True,QUALITY_GATE,METRIC_NOT_APPLICABLE_FINANCIAL
e6ec2c47977443cd852a61a9489ba276,QUALITY_COMPOUNDER,Quality Compounder,FROZEN_V2_PROD_1.0,CIEINDIA,NSE_EQ|CIEINDIA,NSE,EQUITY,CERTIFIED_CLEAN_886,181,2026-10-02T23:52:26.304460+05:30,2026-10-02T23:52:43.223999+05:30,2026-10-02T23:52:43.223999+05:30,2026-10-02T23:52:43.223999+05:30,FULLY_EVALUABLE,REJECTED,False,NONE,False,True,QUALITY_GATE,FAIL_SALES_CAGR
e6ec2c47977443cd852a61a9489ba276,QUALITY_COMPOUNDER,Quality Compounder,FROZEN_V2_PROD_1.0,CIPLA,NSE_EQ|CIPLA,NSE,EQUITY,CERTIFIED_CLEAN_886,182,2026-10-02T23:52:26.304460+05:30,2026-10-02T23:52:43.238494+05:30,2026-10-02T23:52:43.238494+05:30,2026-10-02T23:52:43.238494+05:30,FULLY_EVALUABLE,REJECTED,False,NONE,False,True,QUALITY_GATE,FAIL_SALES_CAGR
e6ec2c47977443cd852a61a9489ba276,QUALITY_COMPOUNDER,Quality Compounder,FROZEN_V2_PROD_1.0,CLEAN,NSE_EQ|CLEAN,NSE,EQUITY,CERTIFIED_CLEAN_886,183,2026-10-02T23:52:26.304460+05:30,2026-10-02T23:52:43.246974+05:30,2026-10-02T23:52:43.246974+05:30,2026-10-02T23:52:43.246974+05:30,FULLY_EVALUABLE,REJECTED,False,NONE,False,True,QUALITY_GATE,FAIL_PAT_CAGR
e6ec2c47977443cd852a61a9489ba276,QUALITY_COMPOUNDER,Quality Compounder,FROZEN_V2_PROD_1.0,CLSEL,NSE_EQ|CLSEL,NSE,EQUITY,CERTIFIED_CLEAN_886,184,2026-10-02T23:52:26.304460+05:30,2026-10-02T23:52:43.262918+05:30,2026-10-02T23:52:43.262918+05:30,2026-10-02T23:52:43.262918+05:30,FULLY_EVALUABLE,REJECTED,False,NONE,False,True,QUALITY_GATE,FAIL_PAT_CAGR
e6ec2c47977443cd852a61a9489ba276,QUALITY_COMPOUNDER,Quality Compounder,FROZEN_V2_PROD_1.0,CMSINFO,NSE_EQ|CMSINFO,NSE,EQUITY,CERTIFIED_CLEAN_886,185,2026-10-02T23:52:26.304460+05:30,2026-10-02T23:52:43.429214+05:30,2026-10-02T23:52:43.429214+05:30,2026-10-02T23:52:43.429214+05:30,FULLY_EVALUABLE,ALERT_BUY,True,BUY,False,False,NONE,PASS
e6ec2c47977443cd852a61a9489ba276,QUALITY_COMPOUNDER,Quality Compounder,FROZEN_V2_PROD_1.0,COALINDIA,NSE_EQ|COALINDIA,NSE,EQUITY,CERTIFIED_CLEAN_886,186,2026-10-02T23:52:26.304460+05:30,2026-10-02T23:52:43.439080+05:30,2026-10-02T23:52:43.439080+05:30,2026-10-02T23:52:43.439080+05:30,FULLY_EVALUABLE,REJECTED,False,NONE,False,True,VALUATION_GATE,FAIL_VALUATION
e6ec2c47977443cd852a61a9489ba276,QUALITY_COMPOUNDER,Quality Compounder,FROZEN_V2_PROD_1.0,COCHINSHIP,NSE_EQ|COCHINSHIP,NSE,EQUITY,CERTIFIED_CLEAN_886,187,2026-10-02T23:52:26.304460+05:30,2026-10-02T23:52:43.446835+05:30,2026-10-02T23:52:43.446835+05:30,2026-10-02T23:52:43.446835+05:30,FULLY_EVALUABLE,REJECTED,False,NONE,False,True,QUALITY_GATE,FAIL_PAT_CAGR
e6ec2c47977443cd852a61a9489ba276,QUALITY_COMPOUNDER,Quality Compounder,FROZEN_V2_PROD_1.0,COFORGE,NSE_EQ|COFORGE,NSE,EQUITY,CERTIFIED_CLEAN_886,188,2026-10-02T23:52:26.304460+05:30,2026-10-02T23:52:43.624581+05:30,2026-10-02T23:52:43.624581+05:30,2026-10-02T23:52:43.624581+05:30,FULLY_EVALUABLE,ALERT_BUY,True,BUY,False,False,NONE,PASS
e6ec2c47977443cd852a61a9489ba276,QUALITY_COMPOUNDER,Quality Compounder,FROZEN_V2_PROD_1.0,COLPAL,NSE_EQ|COLPAL,NSE,EQUITY,CERTIFIED_CLEAN_886,189,2026-10-02T23:52:26.304460+05:30,2026-10-02T23:52:43.636121+05:30,2026-10-02T23:52:43.636121+05:30,2026-10-02T23:52:43.636121+05:30,FULLY_EVALUABLE,REJECTED,False,NONE,False,True,QUALITY_GATE,FAIL_SALES_CAGR
e6ec2c47977443cd852a61a9489ba276,QUALITY_COMPOUNDER,Quality Compounder,FROZEN_V2_PROD_1.0,CONCOR,NSE_EQ|CONCOR,NSE,EQUITY,CERTIFIED_CLEAN_886,190,2026-10-02T23:52:26.304460+05:30,2026-10-02T23:52:43.651646+05:30,2026-10-02T23:52:43.651646+05:30,2026-10-02T23:52:43.651646+05:30,FULLY_EVALUABLE,REJECTED,False,NONE,False,True,QUALITY_GATE,FAIL_ROCE
e6ec2c47977443cd852a61a9489ba276,QUALITY_COMPOUNDER,Quality Compounder,FROZEN_V2_PROD_1.0,CONCORDBIO,NSE_EQ|CONCORDBIO,NSE,EQUITY,CERTIFIED_CLEAN_886,191,2026-10-02T23:52:26.304460+05:30,2026-10-02T23:52:43.660788+05:30,2026-10-02T23:52:43.660788+05:30,2026-10-02T23:52:43.660788+05:30,FULLY_EVALUABLE,REJECTED,False,NONE,False,True,QUALITY_GATE,FAIL_PAT_CAGR
e6ec2c47977443cd852a61a9489ba276,QUALITY_COMPOUNDER,Quality Compounder,FROZEN_V2_PROD_1.0,COROMANDEL,NSE_EQ|COROMANDEL,NSE,EQUITY,CERTIFIED_CLEAN_886,192,2026-10-02T23:52:26.304460+05:30,2026-10-02T23:52:43.670650+05:30,2026-10-02T23:52:43.670650+05:30,2026-10-02T23:52:43.670650+05:30,FULLY_EVALUABLE,REJECTED,False,NONE,False,True,QUALITY_GATE,FAIL_PAT_CAGR
e6ec2c47977443cd852a61a9489ba276,QUALITY_COMPOUNDER,Quality Compounder,FROZEN_V2_PROD_1.0,COSMOFIRST,NSE_EQ|COSMOFIRST,NSE,EQUITY,CERTIFIED_CLEAN_886,193,2026-10-02T23:52:26.304460+05:30,2026-10-02T23:52:43.679298+05:30,2026-10-02T23:52:43.679298+05:30,2026-10-02T23:52:43.679298+05:30,FULLY_EVALUABLE,REJECTED,False,NONE,False,True,QUALITY_GATE,FAIL_SALES_CAGR
e6ec2c47977443cd852a61a9489ba276,QUALITY_COMPOUNDER,Quality Compounder,FROZEN_V2_PROD_1.0,CPPLUS,NSE_EQ|CPPLUS,NSE,EQUITY,CERTIFIED_CLEAN_886,194,2026-10-02T23:52:26.304460+05:30,2026-10-02T23:52:43.692317+05:30,2026-10-02T23:52:43.692317+05:30,2026-10-02T23:52:43.692317+05:30,FULLY_EVALUABLE,REJECTED,False,NONE,False,True,QUALITY_GATE,FAIL_CFO_PAT
e6ec2c47977443cd852a61a9489ba276,QUALITY_COMPOUNDER,Quality Compounder,FROZEN_V2_PROD_1.0,CRAFTSMAN,NSE_EQ|CRAFTSMAN,NSE,EQUITY,CERTIFIED_CLEAN_886,195,2026-10-02T23:52:26.304460+05:30,2026-10-02T23:52:43.701221+05:30,2026-10-02T23:52:43.701221+05:30,2026-10-02T23:52:43.701221+05:30,FULLY_EVALUABLE,REJECTED,False,NONE,False,True,QUALITY_GATE,FAIL_DEBT
e6ec2c47977443cd852a61a9489ba276,QUALITY_COMPOUNDER,Quality Compounder,FROZEN_V2_PROD_1.0,CREDITACC,NSE_EQ|CREDITACC,NSE,EQUITY,CERTIFIED_CLEAN_886,196,2026-10-02T23:52:26.304460+05:30,2026-10-02T23:52:43.712955+05:30,2026-10-02T23:52:43.712955+05:30,2026-10-02T23:52:43.712955+05:30,FULLY_EVALUABLE,REJECTED,False,NONE,False,True,QUALITY_GATE,METRIC_NOT_APPLICABLE_FINANCIAL
e6ec2c47977443cd852a61a9489ba276,QUALITY_COMPOUNDER,Quality Compounder,FROZEN_V2_PROD_1.0,CRISIL,NSE_EQ|CRISIL,NSE,EQUITY,CERTIFIED_CLEAN_886,197,2026-10-02T23:52:26.304460+05:30,2026-10-02T23:52:43.735509+05:30,2026-10-02T23:52:43.735509+05:30,2026-10-02T23:52:43.735509+05:30,FULLY_EVALUABLE,REJECTED,False,NONE,False,True,VALUATION_GATE,FAIL_VALUATION
e6ec2c47977443cd852a61a9489ba276,QUALITY_COMPOUNDER,Quality Compounder,FROZEN_V2_PROD_1.0,CSBBANK,NSE_EQ|CSBBANK,NSE,EQUITY,CERTIFIED_CLEAN_886,198,2026-10-02T23:52:26.304460+05:30,2026-10-02T23:52:43.748989+05:30,2026-10-02T23:52:43.748989+05:30,2026-10-02T23:52:43.748989+05:30,FULLY_EVALUABLE,REJECTED,False,NONE,False,True,QUALITY_GATE,METRIC_NOT_APPLICABLE_FINANCIAL
e6ec2c47977443cd852a61a9489ba276,QUALITY_COMPOUNDER,Quality Compounder,FROZEN_V2_PROD_1.0,CUB,NSE_EQ|CUB,NSE,EQUITY,CERTIFIED_CLEAN_886,199,2026-10-02T23:52:26.304460+05:30,2026-10-02T23:52:43.772854+05:30,2026-10-02T23:52:43.772854+05:30,2026-10-02T23:52:43.772854+05:30,FULLY_EVALUABLE,REJECTED,False,NONE,False,True,QUALITY_GATE,METRIC_NOT_APPLICABLE_FINANCIAL
e6ec2c47977443cd852a61a9489ba276,QUALITY_COMPOUNDER,Quality Compounder,FROZEN_V2_PROD_1.0,CUMMINSIND,NSE_EQ|CUMMINSIND,NSE,EQUITY,CERTIFIED_CLEAN_886,200,2026-10-02T23:52:26.304460+05:30,2026-10-02T23:52:43.779975+05:30,2026-10-02T23:52:43.779975+05:30,2026-10-02T23:52:43.779975+05:30,FULLY_EVALUABLE,REJECTED,False,NONE,False,True,QUALITY_GATE,FAIL_CFO_PAT
e6ec2c47977443cd852a61a9489ba276,QUALITY_COMPOUNDER,Quality Compounder,FROZEN_V2_PROD_1.0,CUPID,NSE_EQ|CUPID,NSE,EQUITY,CERTIFIED_CLEAN_886,201,2026-10-02T23:52:26.304460+05:30,2026-10-02T23:52:43.787192+05:30,2026-10-02T23:52:43.787192+05:30,2026-10-02T23:52:43.787192+05:30,DATA_FAILURE,BLOCKED,False,NONE,True,True,DATA_GATE,FAIL_CFO_PAT
e6ec2c47977443cd852a61a9489ba276,QUALITY_COMPOUNDER,Quality Compounder,FROZEN_V2_PROD_1.0,DABUR,NSE_EQ|DABUR,NSE,EQUITY,CERTIFIED_CLEAN_886,202,2026-10-02T23:52:26.304460+05:30,2026-10-02T23:52:43.803483+05:30,2026-10-02T23:52:43.803483+05:30,2026-10-02T23:52:43.803483+05:30,FULLY_EVALUABLE,REJECTED,False,NONE,False,True,QUALITY_GATE,FAIL_SALES_CAGR
e6ec2c47977443cd852a61a9489ba276,QUALITY_COMPOUNDER,Quality Compounder,FROZEN_V2_PROD_1.0,DAMCAPITAL,NSE_EQ|DAMCAPITAL,NSE,EQUITY,CERTIFIED_CLEAN_886,203,2026-10-02T23:52:26.304460+05:30,2026-10-02T23:52:43.811641+05:30,2026-10-02T23:52:43.811641+05:30,2026-10-02T23:52:43.811641+05:30,DATA_FAILURE,BLOCKED,False,NONE,True,True,DATA_GATE,DATA_INSUFFICIENT_QUALITY
e6ec2c47977443cd852a61a9489ba276,QUALITY_COMPOUNDER,Quality Compounder,FROZEN_V2_PROD_1.0,DANISH,NSE_EQ|DANISH,NSE,EQUITY,CERTIFIED_CLEAN_886,204,2026-10-02T23:52:26.304460+05:30,2026-10-02T23:52:43.820415+05:30,2026-10-02T23:52:43.820415+05:30,2026-10-02T23:52:43.820415+05:30,STRUCTURAL_INELIGIBLE,BLOCKED,False,NONE,True,True,DATA_GATE,DATA_INSUFFICIENT_QUALITY
e6ec2c47977443cd852a61a9489ba276,QUALITY_COMPOUNDER,Quality Compounder,FROZEN_V2_PROD_1.0,DATAMATICS,NSE_EQ|DATAMATICS,NSE,EQUITY,CERTIFIED_CLEAN_886,205,2026-10-02T23:52:26.304460+05:30,2026-10-02T23:52:43.829800+05:30,2026-10-02T23:52:43.829800+05:30,2026-10-02T23:52:43.829800+05:30,FULLY_EVALUABLE,REJECTED,False,NONE,False,True,VALUATION_GATE,FAIL_VALUATION
e6ec2c47977443cd852a61a9489ba276,QUALITY_COMPOUNDER,Quality Compounder,FROZEN_V2_PROD_1.0,DATAPATTNS,NSE_EQ|DATAPATTNS,NSE,EQUITY,CERTIFIED_CLEAN_886,206,2026-10-02T23:52:26.304460+05:30,2026-10-02T23:52:43.844924+05:30,2026-10-02T23:52:43.844924+05:30,2026-10-02T23:52:43.844924+05:30,FULLY_EVALUABLE,REJECTED,False,NONE,False,True,QUALITY_GATE,FAIL_CFO_PAT
e6ec2c47977443cd852a61a9489ba276,QUALITY_COMPOUNDER,Quality Compounder,FROZEN_V2_PROD_1.0,DBCORP,NSE_EQ|DBCORP,NSE,EQUITY,CERTIFIED_CLEAN_886,207,2026-10-02T23:52:26.304460+05:30,2026-10-02T23:52:43.855332+05:30,2026-10-02T23:52:43.855332+05:30,2026-10-02T23:52:43.855332+05:30,FULLY_EVALUABLE,REJECTED,False,NONE,False,True,QUALITY_GATE,FAIL_SALES_CAGR
e6ec2c47977443cd852a61a9489ba276,QUALITY_COMPOUNDER,Quality Compounder,FROZEN_V2_PROD_1.0,DBL,NSE_EQ|DBL,NSE,EQUITY,CERTIFIED_CLEAN_886,208,2026-10-02T23:52:26.304460+05:30,2026-10-02T23:52:43.867294+05:30,2026-10-02T23:52:43.867294+05:30,2026-10-02T23:52:43.867294+05:30,FULLY_EVALUABLE,REJECTED,False,NONE,False,True,QUALITY_GATE,FAIL_ROCE
e6ec2c47977443cd852a61a9489ba276,QUALITY_COMPOUNDER,Quality Compounder,FROZEN_V2_PROD_1.0,DCBBANK,NSE_EQ|DCBBANK,NSE,EQUITY,CERTIFIED_CLEAN_886,209,2026-10-02T23:52:26.304460+05:30,2026-10-02T23:52:43.875480+05:30,2026-10-02T23:52:43.875480+05:30,2026-10-02T23:52:43.875480+05:30,FULLY_EVALUABLE,REJECTED,False,NONE,False,True,QUALITY_GATE,METRIC_NOT_APPLICABLE_FINANCIAL
e6ec2c47977443cd852a61a9489ba276,QUALITY_COMPOUNDER,Quality Compounder,FROZEN_V2_PROD_1.0,DCMSHRIRAM,NSE_EQ|DCMSHRIRAM,NSE,EQUITY,CERTIFIED_CLEAN_886,210,2026-10-02T23:52:26.304460+05:30,2026-10-02T23:52:43.886090+05:30,2026-10-02T23:52:43.886090+05:30,2026-10-02T23:52:43.886090+05:30,FULLY_EVALUABLE,REJECTED,False,NONE,False,True,QUALITY_GATE,FAIL_PAT_CAGR
e6ec2c47977443cd852a61a9489ba276,QUALITY_COMPOUNDER,Quality Compounder,FROZEN_V2_PROD_1.0,DDEVPLSTIK,NSE_EQ|DDEVPLSTIK,NSE,EQUITY,CERTIFIED_CLEAN_886,211,2026-10-02T23:52:26.304460+05:30,2026-10-02T23:52:43.898458+05:30,2026-10-02T23:52:43.898458+05:30,2026-10-02T23:52:43.898458+05:30,DATA_FAILURE,BLOCKED,False,NONE,True,True,DATA_GATE,DATA_INSUFFICIENT_QUALITY
e6ec2c47977443cd852a61a9489ba276,QUALITY_COMPOUNDER,Quality Compounder,FROZEN_V2_PROD_1.0,DEEDEV,NSE_EQ|DEEDEV,NSE,EQUITY,CERTIFIED_CLEAN_886,212,2026-10-02T23:52:26.304460+05:30,2026-10-02T23:52:43.906623+05:30,2026-10-02T23:52:43.906623+05:30,2026-10-02T23:52:43.906623+05:30,FULLY_EVALUABLE,REJECTED,False,NONE,False,True,QUALITY_GATE,FAIL_ROCE
e6ec2c47977443cd852a61a9489ba276,QUALITY_COMPOUNDER,Quality Compounder,FROZEN_V2_PROD_1.0,DEEPAKFERT,NSE_EQ|DEEPAKFERT,NSE,EQUITY,CERTIFIED_CLEAN_886,213,2026-10-02T23:52:26.304460+05:30,2026-10-02T23:52:43.914277+05:30,2026-10-02T23:52:43.914277+05:30,2026-10-02T23:52:43.914277+05:30,FULLY_EVALUABLE,REJECTED,False,NONE,False,True,QUALITY_GATE,FAIL_DEBT
e6ec2c47977443cd852a61a9489ba276,QUALITY_COMPOUNDER,Quality Compounder,FROZEN_V2_PROD_1.0,DEEPAKNTR,NSE_EQ|DEEPAKNTR,NSE,EQUITY,CERTIFIED_CLEAN_886,214,2026-10-02T23:52:26.304460+05:30,2026-10-02T23:52:43.923169+05:30,2026-10-02T23:52:43.923169+05:30,2026-10-02T23:52:43.923169+05:30,FULLY_EVALUABLE,REJECTED,False,NONE,False,True,QUALITY_GATE,FAIL_PAT_CAGR
e6ec2c47977443cd852a61a9489ba276,QUALITY_COMPOUNDER,Quality Compounder,FROZEN_V2_PROD_1.0,DEEPINDS,NSE_EQ|DEEPINDS,NSE,EQUITY,CERTIFIED_CLEAN_886,215,2026-10-02T23:52:26.304460+05:30,2026-10-02T23:52:43.933372+05:30,2026-10-02T23:52:43.933372+05:30,2026-10-02T23:52:43.933372+05:30,FULLY_EVALUABLE,REJECTED,False,NONE,False,True,QUALITY_GATE,FAIL_ROCE
e6ec2c47977443cd852a61a9489ba276,QUALITY_COMPOUNDER,Quality Compounder,FROZEN_V2_PROD_1.0,DHANUKA,NSE_EQ|DHANUKA,NSE,EQUITY,CERTIFIED_CLEAN_886,216,2026-10-02T23:52:26.304460+05:30,2026-10-02T23:52:43.941167+05:30,2026-10-02T23:52:43.941167+05:30,2026-10-02T23:52:43.941167+05:30,FULLY_EVALUABLE,REJECTED,False,NONE,False,True,QUALITY_GATE,FAIL_CFO_PAT
e6ec2c47977443cd852a61a9489ba276,QUALITY_COMPOUNDER,Quality Compounder,FROZEN_V2_PROD_1.0,DIFFNKG,NSE_EQ|DIFFNKG,NSE,EQUITY,CERTIFIED_CLEAN_886,217,2026-10-02T23:52:26.304460+05:30,2026-10-02T23:52:43.955690+05:30,2026-10-02T23:52:43.955690+05:30,2026-10-02T23:52:43.955690+05:30,FULLY_EVALUABLE,REJECTED,False,NONE,False,True,QUALITY_GATE,FAIL_CFO_PAT
e6ec2c47977443cd852a61a9489ba276,QUALITY_COMPOUNDER,Quality Compounder,FROZEN_V2_PROD_1.0,DISAQ,NSE_EQ|DISAQ,NSE,EQUITY,CERTIFIED_CLEAN_886,218,2026-10-02T23:52:26.304460+05:30,2026-10-02T23:52:43.965658+05:30,2026-10-02T23:52:43.965658+05:30,2026-10-02T23:52:43.965658+05:30,FULLY_EVALUABLE,REJECTED,False,NONE,False,True,QUALITY_GATE,FAIL_LIQUIDITY
e6ec2c47977443cd852a61a9489ba276,QUALITY_COMPOUNDER,Quality Compounder,FROZEN_V2_PROD_1.0,DIVISLAB,NSE_EQ|DIVISLAB,NSE,EQUITY,CERTIFIED_CLEAN_886,219,2026-10-02T23:52:26.304460+05:30,2026-10-02T23:52:43.978736+05:30,2026-10-02T23:52:43.978736+05:30,2026-10-02T23:52:43.978736+05:30,FULLY_EVALUABLE,REJECTED,False,NONE,False,True,QUALITY_GATE,FAIL_SALES_CAGR
e6ec2c47977443cd852a61a9489ba276,QUALITY_COMPOUNDER,Quality Compounder,FROZEN_V2_PROD_1.0,DIXON,NSE_EQ|DIXON,NSE,EQUITY,CERTIFIED_CLEAN_886,220,2026-10-02T23:52:26.304460+05:30,2026-10-02T23:52:44.154582+05:30,2026-10-02T23:52:44.154582+05:30,2026-10-02T23:52:44.154582+05:30,FULLY_EVALUABLE,ALERT_BUY,True,BUY,False,False,NONE,PASS
e6ec2c47977443cd852a61a9489ba276,QUALITY_COMPOUNDER,Quality Compounder,FROZEN_V2_PROD_1.0,DLF,NSE_EQ|DLF,NSE,EQUITY,CERTIFIED_CLEAN_886,221,2026-10-02T23:52:26.304460+05:30,2026-10-02T23:52:44.162721+05:30,2026-10-02T23:52:44.162721+05:30,2026-10-02T23:52:44.162721+05:30,FULLY_EVALUABLE,REJECTED,False,NONE,False,True,QUALITY_GATE,FAIL_ROCE
e6ec2c47977443cd852a61a9489ba276,QUALITY_COMPOUNDER,Quality Compounder,FROZEN_V2_PROD_1.0,DLINKINDIA,NSE_EQ|DLINKINDIA,NSE,EQUITY,CERTIFIED_CLEAN_886,222,2026-10-02T23:52:26.304460+05:30,2026-10-02T23:52:44.170820+05:30,2026-10-02T23:52:44.170820+05:30,2026-10-02T23:52:44.170820+05:30,FULLY_EVALUABLE,REJECTED,False,NONE,False,True,QUALITY_GATE,FAIL_CFO_PAT
e6ec2c47977443cd852a61a9489ba276,QUALITY_COMPOUNDER,Quality Compounder,FROZEN_V2_PROD_1.0,DMART,NSE_EQ|DMART,NSE,EQUITY,CERTIFIED_CLEAN_886,223,2026-10-02T23:52:26.304460+05:30,2026-10-02T23:52:44.179087+05:30,2026-10-02T23:52:44.179087+05:30,2026-10-02T23:52:44.179087+05:30,FULLY_EVALUABLE,REJECTED,False,NONE,False,True,VALUATION_GATE,FAIL_VALUATION
e6ec2c47977443cd852a61a9489ba276,QUALITY_COMPOUNDER,Quality Compounder,FROZEN_V2_PROD_1.0,DODLA,NSE_EQ|DODLA,NSE,EQUITY,CERTIFIED_CLEAN_886,224,2026-10-02T23:52:26.304460+05:30,2026-10-02T23:52:44.186746+05:30,2026-10-02T23:52:44.186746+05:30,2026-10-02T23:52:44.186746+05:30,FULLY_EVALUABLE,REJECTED,False,NONE,False,True,VALUATION_GATE,FAIL_VALUATION
e6ec2c47977443cd852a61a9489ba276,QUALITY_COMPOUNDER,Quality Compounder,FROZEN_V2_PROD_1.0,DOLLAR,NSE_EQ|DOLLAR,NSE,EQUITY,CERTIFIED_CLEAN_886,225,2026-10-02T23:52:26.304460+05:30,2026-10-02T23:52:44.196807+05:30,2026-10-02T23:52:44.196807+05:30,2026-10-02T23:52:44.196807+05:30,FULLY_EVALUABLE,REJECTED,False,NONE,False,True,QUALITY_GATE,FAIL_PAT_CAGR
e6ec2c47977443cd852a61a9489ba276,QUALITY_COMPOUNDER,Quality Compounder,FROZEN_V2_PROD_1.0,DOLPHIN,NSE_EQ|DOLPHIN,NSE,EQUITY,CERTIFIED_CLEAN_886,226,2026-10-02T23:52:26.304460+05:30,2026-10-02T23:52:44.206601+05:30,2026-10-02T23:52:44.206601+05:30,2026-10-02T23:52:44.206601+05:30,DATA_FAILURE,BLOCKED,False,NONE,True,True,DATA_GATE,DATA_INSUFFICIENT_QUALITY
e6ec2c47977443cd852a61a9489ba276,QUALITY_COMPOUNDER,Quality Compounder,FROZEN_V2_PROD_1.0,DOMS,NSE_EQ|DOMS,NSE,EQUITY,CERTIFIED_CLEAN_886,227,2026-10-02T23:52:26.304460+05:30,2026-10-02T23:52:44.222658+05:30,2026-10-02T23:52:44.222658+05:30,2026-10-02T23:52:44.222658+05:30,DATA_FAILURE,BLOCKED,False,NONE,True,True,DATA_GATE,DATA_INSUFFICIENT_QUALITY
e6ec2c47977443cd852a61a9489ba276,QUALITY_COMPOUNDER,Quality Compounder,FROZEN_V2_PROD_1.0,DPABHUSHAN,NSE_EQ|DPABHUSHAN,NSE,EQUITY,CERTIFIED_CLEAN_886,228,2026-10-02T23:52:26.304460+05:30,2026-10-02T23:52:44.232212+05:30,2026-10-02T23:52:44.232212+05:30,2026-10-02T23:52:44.232212+05:30,DATA_FAILURE,BLOCKED,False,NONE,True,True,DATA_GATE,FAIL_CFO_PAT
e6ec2c47977443cd852a61a9489ba276,QUALITY_COMPOUNDER,Quality Compounder,FROZEN_V2_PROD_1.0,DPEL,NSE_EQ|DPEL,NSE,EQUITY,CERTIFIED_CLEAN_886,229,2026-10-02T23:52:26.304460+05:30,2026-10-02T23:52:44.244212+05:30,2026-10-02T23:52:44.244212+05:30,2026-10-02T23:52:44.244212+05:30,STRUCTURAL_INELIGIBLE,BLOCKED,False,NONE,True,True,DATA_GATE,DATA_INSUFFICIENT_QUALITY
e6ec2c47977443cd852a61a9489ba276,QUALITY_COMPOUNDER,Quality Compounder,FROZEN_V2_PROD_1.0,DRREDDY,NSE_EQ|DRREDDY,NSE,EQUITY,CERTIFIED_CLEAN_886,230,2026-10-02T23:52:26.304460+05:30,2026-10-02T23:52:44.253954+05:30,2026-10-02T23:52:44.253954+05:30,2026-10-02T23:52:44.253954+05:30,FULLY_EVALUABLE,REJECTED,False,NONE,False,True,VALUATION_GATE,FAIL_VALUATION
e6ec2c47977443cd852a61a9489ba276,QUALITY_COMPOUNDER,Quality Compounder,FROZEN_V2_PROD_1.0,DSSL,NSE_EQ|DSSL,NSE,EQUITY,CERTIFIED_CLEAN_886,231,2026-10-02T23:52:26.304460+05:30,2026-10-02T23:52:44.264028+05:30,2026-10-02T23:52:44.264028+05:30,2026-10-02T23:52:44.264028+05:30,FULLY_EVALUABLE,REJECTED,False,NONE,False,True,QUALITY_GATE,FAIL_CFO_PAT
e6ec2c47977443cd852a61a9489ba276,QUALITY_COMPOUNDER,Quality Compounder,FROZEN_V2_PROD_1.0,DYCL,NSE_EQ|DYCL,NSE,EQUITY,CERTIFIED_CLEAN_886,232,2026-10-02T23:52:26.304460+05:30,2026-10-02T23:52:44.273842+05:30,2026-10-02T23:52:44.273842+05:30,2026-10-02T23:52:44.273842+05:30,FULLY_EVALUABLE,REJECTED,False,NONE,False,True,VALUATION_GATE,FAIL_VALUATION
e6ec2c47977443cd852a61a9489ba276,QUALITY_COMPOUNDER,Quality Compounder,FROZEN_V2_PROD_1.0,EBGNG,NSE_EQ|EBGNG,NSE,EQUITY,CERTIFIED_CLEAN_886,233,2026-10-02T23:52:26.304460+05:30,2026-10-02T23:52:44.288213+05:30,2026-10-02T23:52:44.288213+05:30,2026-10-02T23:52:44.288213+05:30,FULLY_EVALUABLE,REJECTED,False,NONE,False,True,QUALITY_GATE,FAIL_CFO_PAT
e6ec2c47977443cd852a61a9489ba276,QUALITY_COMPOUNDER,Quality Compounder,FROZEN_V2_PROD_1.0,ECLERX,NSE_EQ|ECLERX,NSE,EQUITY,CERTIFIED_CLEAN_886,234,2026-10-02T23:52:26.304460+05:30,2026-10-02T23:52:44.295856+05:30,2026-10-02T23:52:44.295856+05:30,2026-10-02T23:52:44.295856+05:30,FULLY_EVALUABLE,REJECTED,False,NONE,False,True,VALUATION_GATE,FAIL_VALUATION
e6ec2c47977443cd852a61a9489ba276,QUALITY_COMPOUNDER,Quality Compounder,FROZEN_V2_PROD_1.0,EDELWEISS,NSE_EQ|EDELWEISS,NSE,EQUITY,CERTIFIED_CLEAN_886,235,2026-10-02T23:52:26.304460+05:30,2026-10-02T23:52:44.305784+05:30,2026-10-02T23:52:44.305784+05:30,2026-10-02T23:52:44.305784+05:30,FULLY_EVALUABLE,REJECTED,False,NONE,False,True,QUALITY_GATE,FAIL_ROCE
e6ec2c47977443cd852a61a9489ba276,QUALITY_COMPOUNDER,Quality Compounder,FROZEN_V2_PROD_1.0,EFCIL,NSE_EQ|EFCIL,NSE,EQUITY,CERTIFIED_CLEAN_886,236,2026-10-02T23:52:26.304460+05:30,2026-10-02T23:52:44.315438+05:30,2026-10-02T23:52:44.315438+05:30,2026-10-02T23:52:44.315438+05:30,DATA_FAILURE,BLOCKED,False,NONE,True,True,DATA_GATE,DATA_INSUFFICIENT_QUALITY
e6ec2c47977443cd852a61a9489ba276,QUALITY_COMPOUNDER,Quality Compounder,FROZEN_V2_PROD_1.0,EICHERMOT,NSE_EQ|EICHERMOT,NSE,EQUITY,CERTIFIED_CLEAN_886,237,2026-10-02T23:52:26.304460+05:30,2026-10-02T23:52:44.331017+05:30,2026-10-02T23:52:44.331017+05:30,2026-10-02T23:52:44.331017+05:30,FULLY_EVALUABLE,REJECTED,False,NONE,False,True,VALUATION_GATE,FAIL_VALUATION
e6ec2c47977443cd852a61a9489ba276,QUALITY_COMPOUNDER,Quality Compounder,FROZEN_V2_PROD_1.0,EIEL,NSE_EQ|EIEL,NSE,EQUITY,CERTIFIED_CLEAN_886,238,2026-10-02T23:52:26.304460+05:30,2026-10-02T23:52:44.343941+05:30,2026-10-02T23:52:44.343941+05:30,2026-10-02T23:52:44.343941+05:30,FULLY_EVALUABLE,REJECTED,False,NONE,False,True,QUALITY_GATE,FAIL_CFO_PAT
e6ec2c47977443cd852a61a9489ba276,QUALITY_COMPOUNDER,Quality Compounder,FROZEN_V2_PROD_1.0,EIHAHOTELS,NSE_EQ|EIHAHOTELS,NSE,EQUITY,CERTIFIED_CLEAN_886,239,2026-10-02T23:52:26.304460+05:30,2026-10-02T23:52:44.359832+05:30,2026-10-02T23:52:44.359832+05:30,2026-10-02T23:52:44.359832+05:30,DATA_FAILURE,BLOCKED,False,NONE,True,True,DATA_GATE,FAIL_LIQUIDITY
e6ec2c47977443cd852a61a9489ba276,QUALITY_COMPOUNDER,Quality Compounder,FROZEN_V2_PROD_1.0,EIHOTEL,NSE_EQ|EIHOTEL,NSE,EQUITY,CERTIFIED_CLEAN_886,240,2026-10-02T23:52:26.304460+05:30,2026-10-02T23:52:44.378864+05:30,2026-10-02T23:52:44.378864+05:30,2026-10-02T23:52:44.378864+05:30,DATA_FAILURE,BLOCKED,False,NONE,True,True,DATA_GATE,DATA_INSUFFICIENT_QUALITY
e6ec2c47977443cd852a61a9489ba276,QUALITY_COMPOUNDER,Quality Compounder,FROZEN_V2_PROD_1.0,EKC,NSE_EQ|EKC,NSE,EQUITY,CERTIFIED_CLEAN_886,241,2026-10-02T23:52:26.304460+05:30,2026-10-02T23:52:44.389389+05:30,2026-10-02T23:52:44.389389+05:30,2026-10-02T23:52:44.389389+05:30,FULLY_EVALUABLE,REJECTED,False,NONE,False,True,QUALITY_GATE,FAIL_SALES_CAGR
e6ec2c47977443cd852a61a9489ba276,QUALITY_COMPOUNDER,Quality Compounder,FROZEN_V2_PROD_1.0,ELANTAS,NSE_EQ|ELANTAS,NSE,EQUITY,CERTIFIED_CLEAN_886,242,2026-10-02T23:52:26.304460+05:30,2026-10-02T23:52:44.399047+05:30,2026-10-02T23:52:44.399047+05:30,2026-10-02T23:52:44.399047+05:30,FULLY_EVALUABLE,REJECTED,False,NONE,False,True,QUALITY_GATE,FAIL_CFO_PAT
e6ec2c47977443cd852a61a9489ba276,QUALITY_COMPOUNDER,Quality Compounder,FROZEN_V2_PROD_1.0,ELECON,NSE_EQ|ELECON,NSE,EQUITY,CERTIFIED_CLEAN_886,243,2026-10-02T23:52:26.304460+05:30,2026-10-02T23:52:44.564916+05:30,2026-10-02T23:52:44.564916+05:30,2026-10-02T23:52:44.564916+05:30,FULLY_EVALUABLE,ALERT_BUY,True,BUY,False,False,NONE,PASS
e6ec2c47977443cd852a61a9489ba276,QUALITY_COMPOUNDER,Quality Compounder,FROZEN_V2_PROD_1.0,ELGIEQUIP,NSE_EQ|ELGIEQUIP,NSE,EQUITY,CERTIFIED_CLEAN_886,244,2026-10-02T23:52:26.304460+05:30,2026-10-02T23:52:44.583750+05:30,2026-10-02T23:52:44.583750+05:30,2026-10-02T23:52:44.583750+05:30,FULLY_EVALUABLE,REJECTED,False,NONE,False,True,VALUATION_GATE,FAIL_VALUATION
e6ec2c47977443cd852a61a9489ba276,QUALITY_COMPOUNDER,Quality Compounder,FROZEN_V2_PROD_1.0,ELLEN,NSE_EQ|ELLEN,NSE,EQUITY,CERTIFIED_CLEAN_886,245,2026-10-02T23:52:26.304460+05:30,2026-10-02T23:52:44.600706+05:30,2026-10-02T23:52:44.600706+05:30,2026-10-02T23:52:44.600706+05:30,FULLY_EVALUABLE,REJECTED,False,NONE,False,True,QUALITY_GATE,FAIL_ROCE
e6ec2c47977443cd852a61a9489ba276,QUALITY_COMPOUNDER,Quality Compounder,FROZEN_V2_PROD_1.0,EMAMILTD,NSE_EQ|EMAMILTD,NSE,EQUITY,CERTIFIED_CLEAN_886,246,2026-10-02T23:52:26.304460+05:30,2026-10-02T23:52:44.617076+05:30,2026-10-02T23:52:44.617076+05:30,2026-10-02T23:52:44.617076+05:30,FULLY_EVALUABLE,REJECTED,False,NONE,False,True,QUALITY_GATE,FAIL_SALES_CAGR
e6ec2c47977443cd852a61a9489ba276,QUALITY_COMPOUNDER,Quality Compounder,FROZEN_V2_PROD_1.0,EMCURE,NSE_EQ|EMCURE,NSE,EQUITY,CERTIFIED_CLEAN_886,247,2026-10-02T23:52:26.304460+05:30,2026-10-02T23:52:44.629512+05:30,2026-10-02T23:52:44.629512+05:30,2026-10-02T23:52:44.629512+05:30,FULLY_EVALUABLE,REJECTED,False,NONE,False,True,VALUATION_GATE,FAIL_VALUATION
e6ec2c47977443cd852a61a9489ba276,QUALITY_COMPOUNDER,Quality Compounder,FROZEN_V2_PROD_1.0,EMMVEE,NSE_EQ|EMMVEE,NSE,EQUITY,CERTIFIED_CLEAN_886,248,2026-10-02T23:52:26.304460+05:30,2026-10-02T23:52:44.651426+05:30,2026-10-02T23:52:44.651426+05:30,2026-10-02T23:52:44.651426+05:30,FULLY_EVALUABLE,REJECTED,False,NONE,False,True,VALUATION_GATE,FAIL_VALUATION
e6ec2c47977443cd852a61a9489ba276,QUALITY_COMPOUNDER,Quality Compounder,FROZEN_V2_PROD_1.0,EMSLIMITED,NSE_EQ|EMSLIMITED,NSE,EQUITY,CERTIFIED_CLEAN_886,249,2026-10-02T23:52:26.304460+05:30,2026-10-02T23:52:44.663212+05:30,2026-10-02T23:52:44.663212+05:30,2026-10-02T23:52:44.663212+05:30,FULLY_EVALUABLE,REJECTED,False,NONE,False,True,QUALITY_GATE,FAIL_PAT_CAGR
e6ec2c47977443cd852a61a9489ba276,QUALITY_COMPOUNDER,Quality Compounder,FROZEN_V2_PROD_1.0,EMUDHRA,NSE_EQ|EMUDHRA,NSE,EQUITY,CERTIFIED_CLEAN_886,250,2026-10-02T23:52:26.304460+05:30,2026-10-02T23:52:44.825725+05:30,2026-10-02T23:52:44.825725+05:30,2026-10-02T23:52:44.825725+05:30,FULLY_EVALUABLE,ALERT_BUY,True,BUY,False,False,NONE,PASS
e6ec2c47977443cd852a61a9489ba276,QUALITY_COMPOUNDER,Quality Compounder,FROZEN_V2_PROD_1.0,ENDURANCE,NSE_EQ|ENDURANCE,NSE,EQUITY,CERTIFIED_CLEAN_886,251,2026-10-02T23:52:26.304460+05:30,2026-10-02T23:52:44.839204+05:30,2026-10-02T23:52:44.839204+05:30,2026-10-02T23:52:44.839204+05:30,FULLY_EVALUABLE,REJECTED,False,NONE,False,True,VALUATION_GATE,FAIL_VALUATION
e6ec2c47977443cd852a61a9489ba276,QUALITY_COMPOUNDER,Quality Compounder,FROZEN_V2_PROD_1.0,ENGINERSIN,NSE_EQ|ENGINERSIN,NSE,EQUITY,CERTIFIED_CLEAN_886,252,2026-10-02T23:52:26.304460+05:30,2026-10-02T23:52:44.850697+05:30,2026-10-02T23:52:44.850697+05:30,2026-10-02T23:52:44.850697+05:30,FULLY_EVALUABLE,REJECTED,False,NONE,False,True,QUALITY_GATE,FAIL_SALES_CAGR
e6ec2c47977443cd852a61a9489ba276,QUALITY_COMPOUNDER,Quality Compounder,FROZEN_V2_PROD_1.0,EPACKPEB,NSE_EQ|EPACKPEB,NSE,EQUITY,CERTIFIED_CLEAN_886,253,2026-10-02T23:52:26.304460+05:30,2026-10-02T23:52:44.862613+05:30,2026-10-02T23:52:44.862613+05:30,2026-10-02T23:52:44.862613+05:30,FULLY_EVALUABLE,REJECTED,False,NONE,False,True,VALUATION_GATE,FAIL_VALUATION
e6ec2c47977443cd852a61a9489ba276,QUALITY_COMPOUNDER,Quality Compounder,FROZEN_V2_PROD_1.0,EPIGRAL,NSE_EQ|EPIGRAL,NSE,EQUITY,CERTIFIED_CLEAN_886,254,2026-10-02T23:52:26.304460+05:30,2026-10-02T23:52:44.874483+05:30,2026-10-02T23:52:44.874483+05:30,2026-10-02T23:52:44.874483+05:30,FULLY_EVALUABLE,REJECTED,False,NONE,False,True,VALUATION_GATE,FAIL_VALUATION
e6ec2c47977443cd852a61a9489ba276,QUALITY_COMPOUNDER,Quality Compounder,FROZEN_V2_PROD_1.0,EPL,NSE_EQ|EPL,NSE,EQUITY,CERTIFIED_CLEAN_886,255,2026-10-02T23:52:26.304460+05:30,2026-10-02T23:52:44.886370+05:30,2026-10-02T23:52:44.886370+05:30,2026-10-02T23:52:44.886370+05:30,FULLY_EVALUABLE,REJECTED,False,NONE,False,True,QUALITY_GATE,FAIL_SALES_CAGR
e6ec2c47977443cd852a61a9489ba276,QUALITY_COMPOUNDER,Quality Compounder,FROZEN_V2_PROD_1.0,ERIS,NSE_EQ|ERIS,NSE,EQUITY,CERTIFIED_CLEAN_886,256,2026-10-02T23:52:26.304460+05:30,2026-10-02T23:52:44.898089+05:30,2026-10-02T23:52:44.898089+05:30,2026-10-02T23:52:44.898089+05:30,FULLY_EVALUABLE,REJECTED,False,NONE,False,True,QUALITY_GATE,FAIL_DEBT
e6ec2c47977443cd852a61a9489ba276,QUALITY_COMPOUNDER,Quality Compounder,FROZEN_V2_PROD_1.0,ESABINDIA,NSE_EQ|ESABINDIA,NSE,EQUITY,CERTIFIED_CLEAN_886,257,2026-10-02T23:52:26.304460+05:30,2026-10-02T23:52:45.215455+05:30,2026-10-02T23:52:45.215455+05:30,2026-10-02T23:52:45.215455+05:30,FULLY_EVALUABLE,ALERT_BUY,True,BUY,False,False,NONE,PASS
e6ec2c47977443cd852a61a9489ba276,QUALITY_COMPOUNDER,Quality Compounder,FROZEN_V2_PROD_1.0,ESCORTS,NSE_EQ|ESCORTS,NSE,EQUITY,CERTIFIED_CLEAN_886,258,2026-10-02T23:52:26.304460+05:30,2026-10-02T23:52:45.231421+05:30,2026-10-02T23:52:45.231421+05:30,2026-10-02T23:52:45.231421+05:30,FULLY_EVALUABLE,REJECTED,False,NONE,False,True,QUALITY_GATE,FAIL_ROCE
e6ec2c47977443cd852a61a9489ba276,QUALITY_COMPOUNDER,Quality Compounder,FROZEN_V2_PROD_1.0,EUROPRATIK,NSE_EQ|EUROPRATIK,NSE,EQUITY,CERTIFIED_CLEAN_886,259,2026-10-02T23:52:26.304460+05:30,2026-10-02T23:52:45.251080+05:30,2026-10-02T23:52:45.251080+05:30,2026-10-02T23:52:45.251080+05:30,STRUCTURAL_INELIGIBLE,BLOCKED,False,NONE,True,True,DATA_GATE,DATA_INSUFFICIENT_QUALITY
e6ec2c47977443cd852a61a9489ba276,QUALITY_COMPOUNDER,Quality Compounder,FROZEN_V2_PROD_1.0,EVEREADY,NSE_EQ|EVEREADY,NSE,EQUITY,CERTIFIED_CLEAN_886,260,2026-10-02T23:52:26.304460+05:30,2026-10-02T23:52:45.268822+05:30,2026-10-02T23:52:45.268822+05:30,2026-10-02T23:52:45.268822+05:30,DATA_FAILURE,BLOCKED,False,NONE,True,True,DATA_GATE,DATA_INSUFFICIENT_QUALITY
e6ec2c47977443cd852a61a9489ba276,QUALITY_COMPOUNDER,Quality Compounder,FROZEN_V2_PROD_1.0,EXPLEOSOL,NSE_EQ|EXPLEOSOL,NSE,EQUITY,CERTIFIED_CLEAN_886,261,2026-10-02T23:52:26.304460+05:30,2026-10-02T23:52:45.282074+05:30,2026-10-02T23:52:45.282074+05:30,2026-10-02T23:52:45.282074+05:30,FULLY_EVALUABLE,REJECTED,False,NONE,False,True,VALUATION_GATE,FAIL_VALUATION
e6ec2c47977443cd852a61a9489ba276,QUALITY_COMPOUNDER,Quality Compounder,FROZEN_V2_PROD_1.0,FDC,NSE_EQ|FDC,NSE,EQUITY,CERTIFIED_CLEAN_886,262,2026-10-02T23:52:26.304460+05:30,2026-10-02T23:52:45.294118+05:30,2026-10-02T23:52:45.294118+05:30,2026-10-02T23:52:45.294118+05:30,FULLY_EVALUABLE,REJECTED,False,NONE,False,True,QUALITY_GATE,FAIL_PAT_CAGR
e6ec2c47977443cd852a61a9489ba276,QUALITY_COMPOUNDER,Quality Compounder,FROZEN_V2_PROD_1.0,FEDERALBNK,NSE_EQ|FEDERALBNK,NSE,EQUITY,CERTIFIED_CLEAN_886,263,2026-10-02T23:52:26.304460+05:30,2026-10-02T23:52:45.306263+05:30,2026-10-02T23:52:45.306263+05:30,2026-10-02T23:52:45.306263+05:30,FULLY_EVALUABLE,REJECTED,False,NONE,False,True,QUALITY_GATE,METRIC_NOT_APPLICABLE_FINANCIAL
e6ec2c47977443cd852a61a9489ba276,QUALITY_COMPOUNDER,Quality Compounder,FROZEN_V2_PROD_1.0,FEDFINA,NSE_EQ|FEDFINA,NSE,EQUITY,CERTIFIED_CLEAN_886,264,2026-10-02T23:52:26.304460+05:30,2026-10-02T23:52:45.315722+05:30,2026-10-02T23:52:45.315722+05:30,2026-10-02T23:52:45.315722+05:30,FULLY_EVALUABLE,REJECTED,False,NONE,False,True,QUALITY_GATE,METRIC_NOT_APPLICABLE_FINANCIAL
e6ec2c47977443cd852a61a9489ba276,QUALITY_COMPOUNDER,Quality Compounder,FROZEN_V2_PROD_1.0,FIEMIND,NSE_EQ|FIEMIND,NSE,EQUITY,CERTIFIED_CLEAN_886,265,2026-10-02T23:52:26.304460+05:30,2026-10-02T23:52:45.326296+05:30,2026-10-02T23:52:45.326296+05:30,2026-10-02T23:52:45.326296+05:30,FULLY_EVALUABLE,REJECTED,False,NONE,False,True,VALUATION_GATE,FAIL_VALUATION
e6ec2c47977443cd852a61a9489ba276,QUALITY_COMPOUNDER,Quality Compounder,FROZEN_V2_PROD_1.0,FINCABLES,NSE_EQ|FINCABLES,NSE,EQUITY,CERTIFIED_CLEAN_886,266,2026-10-02T23:52:26.304460+05:30,2026-10-02T23:52:45.337438+05:30,2026-10-02T23:52:45.337438+05:30,2026-10-02T23:52:45.337438+05:30,FULLY_EVALUABLE,REJECTED,False,NONE,False,True,QUALITY_GATE,FAIL_PAT_CAGR
e6ec2c47977443cd852a61a9489ba276,QUALITY_COMPOUNDER,Quality Compounder,FROZEN_V2_PROD_1.0,FINEORG,NSE_EQ|FINEORG,NSE,EQUITY,CERTIFIED_CLEAN_886,267,2026-10-02T23:52:26.304460+05:30,2026-10-02T23:52:45.349057+05:30,2026-10-02T23:52:45.349057+05:30,2026-10-02T23:52:45.349057+05:30,FULLY_EVALUABLE,REJECTED,False,NONE,False,True,VALUATION_GATE,FAIL_VALUATION
e6ec2c47977443cd852a61a9489ba276,QUALITY_COMPOUNDER,Quality Compounder,FROZEN_V2_PROD_1.0,FINPIPE,NSE_EQ|FINPIPE,NSE,EQUITY,CERTIFIED_CLEAN_886,268,2026-10-02T23:52:26.304460+05:30,2026-10-02T23:52:45.360015+05:30,2026-10-02T23:52:45.360015+05:30,2026-10-02T23:52:45.360015+05:30,FULLY_EVALUABLE,REJECTED,False,NONE,False,True,QUALITY_GATE,FAIL_ROCE
e6ec2c47977443cd852a61a9489ba276,QUALITY_COMPOUNDER,Quality Compounder,FROZEN_V2_PROD_1.0,FIVESTAR,NSE_EQ|FIVESTAR,NSE,EQUITY,CERTIFIED_CLEAN_886,269,2026-10-02T23:52:26.304460+05:30,2026-10-02T23:52:45.379160+05:30,2026-10-02T23:52:45.379160+05:30,2026-10-02T23:52:45.379160+05:30,FULLY_EVALUABLE,REJECTED,False,NONE,False,True,QUALITY_GATE,METRIC_NOT_APPLICABLE_FINANCIAL
e6ec2c47977443cd852a61a9489ba276,QUALITY_COMPOUNDER,Quality Compounder,FROZEN_V2_PROD_1.0,FLAIR,NSE_EQ|FLAIR,NSE,EQUITY,CERTIFIED_CLEAN_886,270,2026-10-02T23:52:26.304460+05:30,2026-10-02T23:52:45.393586+05:30,2026-10-02T23:52:45.393586+05:30,2026-10-02T23:52:45.393586+05:30,FULLY_EVALUABLE,REJECTED,False,NONE,False,True,QUALITY_GATE,FAIL_CFO_PAT
e6ec2c47977443cd852a61a9489ba276,QUALITY_COMPOUNDER,Quality Compounder,FROZEN_V2_PROD_1.0,FMGOETZE,NSE_EQ|FMGOETZE,NSE,EQUITY,CERTIFIED_CLEAN_886,271,2026-10-02T23:52:26.304460+05:30,2026-10-02T23:52:45.655865+05:30,2026-10-02T23:52:45.655865+05:30,2026-10-02T23:52:45.655865+05:30,FULLY_EVALUABLE,ALERT_BUY,True,BUY,False,False,NONE,PASS
e6ec2c47977443cd852a61a9489ba276,QUALITY_COMPOUNDER,Quality Compounder,FROZEN_V2_PROD_1.0,FORCEMOT,NSE_EQ|FORCEMOT,NSE,EQUITY,CERTIFIED_CLEAN_886,272,2026-10-02T23:52:26.304460+05:30,2026-10-02T23:52:45.669310+05:30,2026-10-02T23:52:45.669310+05:30,2026-10-02T23:52:45.669310+05:30,DATA_FAILURE,BLOCKED,False,NONE,True,True,DATA_GATE,DATA_INSUFFICIENT_QUALITY
e6ec2c47977443cd852a61a9489ba276,QUALITY_COMPOUNDER,Quality Compounder,FROZEN_V2_PROD_1.0,FORTIS,NSE_EQ|FORTIS,NSE,EQUITY,CERTIFIED_CLEAN_886,273,2026-10-02T23:52:26.304460+05:30,2026-10-02T23:52:45.682356+05:30,2026-10-02T23:52:45.682356+05:30,2026-10-02T23:52:45.682356+05:30,DATA_FAILURE,BLOCKED,False,NONE,True,True,DATA_GATE,DATA_INSUFFICIENT_QUALITY
e6ec2c47977443cd852a61a9489ba276,QUALITY_COMPOUNDER,Quality Compounder,FROZEN_V2_PROD_1.0,FOSECOIND,NSE_EQ|FOSECOIND,NSE,EQUITY,CERTIFIED_CLEAN_886,274,2026-10-02T23:52:26.304460+05:30,2026-10-02T23:52:45.698629+05:30,2026-10-02T23:52:45.698629+05:30,2026-10-02T23:52:45.698629+05:30,DATA_FAILURE,BLOCKED,False,NONE,True,True,DATA_GATE,DATA_INSUFFICIENT_QUALITY
e6ec2c47977443cd852a61a9489ba276,QUALITY_COMPOUNDER,Quality Compounder,FROZEN_V2_PROD_1.0,FRONTSP,NSE_EQ|FRONTSP,NSE,EQUITY,CERTIFIED_CLEAN_886,275,2026-10-02T23:52:26.304460+05:30,2026-10-02T23:52:45.713523+05:30,2026-10-02T23:52:45.713523+05:30,2026-10-02T23:52:45.713523+05:30,DATA_FAILURE,BLOCKED,False,NONE,True,True,DATA_GATE,FAIL_CFO_PAT
e6ec2c47977443cd852a61a9489ba276,QUALITY_COMPOUNDER,Quality Compounder,FROZEN_V2_PROD_1.0,FSL,NSE_EQ|FSL,NSE,EQUITY,CERTIFIED_CLEAN_886,276,2026-10-02T23:52:26.304460+05:30,2026-10-02T23:52:45.726621+05:30,2026-10-02T23:52:45.726621+05:30,2026-10-02T23:52:45.726621+05:30,FULLY_EVALUABLE,REJECTED,False,NONE,False,True,QUALITY_GATE,FAIL_DEBT
e6ec2c47977443cd852a61a9489ba276,QUALITY_COMPOUNDER,Quality Compounder,FROZEN_V2_PROD_1.0,GABRIEL,NSE_EQ|GABRIEL,NSE,EQUITY,CERTIFIED_CLEAN_886,277,2026-10-02T23:52:26.304460+05:30,2026-10-02T23:52:45.741379+05:30,2026-10-02T23:52:45.741379+05:30,2026-10-02T23:52:45.741379+05:30,DATA_FAILURE,BLOCKED,False,NONE,True,True,DATA_GATE,DATA_INSUFFICIENT_QUALITY
e6ec2c47977443cd852a61a9489ba276,QUALITY_COMPOUNDER,Quality Compounder,FROZEN_V2_PROD_1.0,GAEL,NSE_EQ|GAEL,NSE,EQUITY,CERTIFIED_CLEAN_886,278,2026-10-02T23:52:26.304460+05:30,2026-10-02T23:52:45.755504+05:30,2026-10-02T23:52:45.755504+05:30,2026-10-02T23:52:45.755504+05:30,FULLY_EVALUABLE,REJECTED,False,NONE,False,True,QUALITY_GATE,FAIL_SALES_CAGR
e6ec2c47977443cd852a61a9489ba276,QUALITY_COMPOUNDER,Quality Compounder,FROZEN_V2_PROD_1.0,GAIL,NSE_EQ|GAIL,NSE,EQUITY,CERTIFIED_CLEAN_886,279,2026-10-02T23:52:26.304460+05:30,2026-10-02T23:52:45.768189+05:30,2026-10-02T23:52:45.768189+05:30,2026-10-02T23:52:45.768189+05:30,FULLY_EVALUABLE,REJECTED,False,NONE,False,True,QUALITY_GATE,FAIL_ROCE
e6ec2c47977443cd852a61a9489ba276,QUALITY_COMPOUNDER,Quality Compounder,FROZEN_V2_PROD_1.0,GALAPREC,NSE_EQ|GALAPREC,NSE,EQUITY,CERTIFIED_CLEAN_886,280,2026-10-02T23:52:26.304460+05:30,2026-10-02T23:52:45.777509+05:30,2026-10-02T23:52:45.777509+05:30,2026-10-02T23:52:45.777509+05:30,FULLY_EVALUABLE,REJECTED,False,NONE,False,True,QUALITY_GATE,FAIL_CFO_PAT
e6ec2c47977443cd852a61a9489ba276,QUALITY_COMPOUNDER,Quality Compounder,FROZEN_V2_PROD_1.0,GALAXYSURF,NSE_EQ|GALAXYSURF,NSE,EQUITY,CERTIFIED_CLEAN_886,281,2026-10-02T23:52:26.304460+05:30,2026-10-02T23:52:45.788119+05:30,2026-10-02T23:52:45.788119+05:30,2026-10-02T23:52:45.788119+05:30,FULLY_EVALUABLE,REJECTED,False,NONE,False,True,QUALITY_GATE,FAIL_PAT_CAGR
e6ec2c47977443cd852a61a9489ba276,QUALITY_COMPOUNDER,Quality Compounder,FROZEN_V2_PROD_1.0,GALLANTT,NSE_EQ|GALLANTT,NSE,EQUITY,CERTIFIED_CLEAN_886,282,2026-10-02T23:52:26.304460+05:30,2026-10-02T23:52:45.800599+05:30,2026-10-02T23:52:45.800599+05:30,2026-10-02T23:52:45.800599+05:30,FULLY_EVALUABLE,REJECTED,False,NONE,False,True,VALUATION_GATE,FAIL_VALUATION
e6ec2c47977443cd852a61a9489ba276,QUALITY_COMPOUNDER,Quality Compounder,FROZEN_V2_PROD_1.0,GANDHAR,NSE_EQ|GANDHAR,NSE,EQUITY,CERTIFIED_CLEAN_886,283,2026-10-02T23:52:26.304460+05:30,2026-10-02T23:52:45.812131+05:30,2026-10-02T23:52:45.812131+05:30,2026-10-02T23:52:45.812131+05:30,FULLY_EVALUABLE,REJECTED,False,NONE,False,True,QUALITY_GATE,FAIL_PAT_CAGR
e6ec2c47977443cd852a61a9489ba276,QUALITY_COMPOUNDER,Quality Compounder,FROZEN_V2_PROD_1.0,GANDHITUBE,NSE_EQ|GANDHITUBE,NSE,EQUITY,CERTIFIED_CLEAN_886,284,2026-10-02T23:52:26.304460+05:30,2026-10-02T23:52:45.823418+05:30,2026-10-02T23:52:45.823418+05:30,2026-10-02T23:52:45.823418+05:30,FULLY_EVALUABLE,REJECTED,False,NONE,False,True,QUALITY_GATE,FAIL_LIQUIDITY
e6ec2c47977443cd852a61a9489ba276,QUALITY_COMPOUNDER,Quality Compounder,FROZEN_V2_PROD_1.0,GANESHHOU,NSE_EQ|GANESHHOU,NSE,EQUITY,CERTIFIED_CLEAN_886,285,2026-10-02T23:52:26.304460+05:30,2026-10-02T23:52:45.838040+05:30,2026-10-02T23:52:45.838040+05:30,2026-10-02T23:52:45.838040+05:30,DATA_FAILURE,BLOCKED,False,NONE,True,True,DATA_GATE,DATA_INSUFFICIENT_QUALITY
e6ec2c47977443cd852a61a9489ba276,QUALITY_COMPOUNDER,Quality Compounder,FROZEN_V2_PROD_1.0,GARFIBRES,NSE_EQ|GARFIBRES,NSE,EQUITY,CERTIFIED_CLEAN_886,286,2026-10-02T23:52:26.304460+05:30,2026-10-02T23:52:45.847702+05:30,2026-10-02T23:52:45.847702+05:30,2026-10-02T23:52:45.847702+05:30,FULLY_EVALUABLE,REJECTED,False,NONE,False,True,QUALITY_GATE,FAIL_SALES_CAGR
e6ec2c47977443cd852a61a9489ba276,QUALITY_COMPOUNDER,Quality Compounder,FROZEN_V2_PROD_1.0,GARUDA,NSE_EQ|GARUDA,NSE,EQUITY,CERTIFIED_CLEAN_886,287,2026-10-02T23:52:26.304460+05:30,2026-10-02T23:52:45.875012+05:30,2026-10-02T23:52:45.875012+05:30,2026-10-02T23:52:45.875012+05:30,STRUCTURAL_INELIGIBLE,BLOCKED,False,NONE,True,True,DATA_GATE,DATA_INSUFFICIENT_QUALITY
e6ec2c47977443cd852a61a9489ba276,QUALITY_COMPOUNDER,Quality Compounder,FROZEN_V2_PROD_1.0,GCSL,NSE_EQ|GCSL,NSE,EQUITY,CERTIFIED_CLEAN_886,288,2026-10-02T23:52:26.304460+05:30,2026-10-02T23:52:45.889046+05:30,2026-10-02T23:52:45.889046+05:30,2026-10-02T23:52:45.889046+05:30,FULLY_EVALUABLE,REJECTED,False,NONE,False,True,QUALITY_GATE,FAIL_CFO_PAT
e6ec2c47977443cd852a61a9489ba276,QUALITY_COMPOUNDER,Quality Compounder,FROZEN_V2_PROD_1.0,GENUSPOWER,NSE_EQ|GENUSPOWER,NSE,EQUITY,CERTIFIED_CLEAN_886,289,2026-10-02T23:52:26.304460+05:30,2026-10-02T23:52:45.925220+05:30,2026-10-02T23:52:45.925220+05:30,2026-10-02T23:52:45.925220+05:30,FULLY_EVALUABLE,REJECTED,False,NONE,False,True,QUALITY_GATE,FAIL_ROCE
e6ec2c47977443cd852a61a9489ba276,QUALITY_COMPOUNDER,Quality Compounder,FROZEN_V2_PROD_1.0,GESHIP,NSE_EQ|GESHIP,NSE,EQUITY,CERTIFIED_CLEAN_886,290,2026-10-02T23:52:26.304460+05:30,2026-10-02T23:52:45.944036+05:30,2026-10-02T23:52:45.944036+05:30,2026-10-02T23:52:45.944036+05:30,FULLY_EVALUABLE,REJECTED,False,NONE,False,True,VALUATION_GATE,FAIL_VALUATION
e6ec2c47977443cd852a61a9489ba276,QUALITY_COMPOUNDER,Quality Compounder,FROZEN_V2_PROD_1.0,GHCL,NSE_EQ|GHCL,NSE,EQUITY,CERTIFIED_CLEAN_886,291,2026-10-02T23:52:26.304460+05:30,2026-10-02T23:52:45.959951+05:30,2026-10-02T23:52:45.959951+05:30,2026-10-02T23:52:45.959951+05:30,FULLY_EVALUABLE,REJECTED,False,NONE,False,True,QUALITY_GATE,FAIL_SALES_CAGR
e6ec2c47977443cd852a61a9489ba276,QUALITY_COMPOUNDER,Quality Compounder,FROZEN_V2_PROD_1.0,GICRE,NSE_EQ|GICRE,NSE,EQUITY,CERTIFIED_CLEAN_886,292,2026-10-02T23:52:26.304460+05:30,2026-10-02T23:52:45.992543+05:30,2026-10-02T23:52:45.992543+05:30,2026-10-02T23:52:45.992543+05:30,FULLY_EVALUABLE,REJECTED,False,NONE,False,True,QUALITY_GATE,METRIC_NOT_APPLICABLE_FINANCIAL
e6ec2c47977443cd852a61a9489ba276,QUALITY_COMPOUNDER,Quality Compounder,FROZEN_V2_PROD_1.0,GILLETTE,NSE_EQ|GILLETTE,NSE,EQUITY,CERTIFIED_CLEAN_886,293,2026-10-02T23:52:26.304460+05:30,2026-10-02T23:52:46.009181+05:30,2026-10-02T23:52:46.009181+05:30,2026-10-02T23:52:46.009181+05:30,FULLY_EVALUABLE,REJECTED,False,NONE,False,True,QUALITY_GATE,FAIL_SALES_CAGR
e6ec2c47977443cd852a61a9489ba276,QUALITY_COMPOUNDER,Quality Compounder,FROZEN_V2_PROD_1.0,GIPCL,NSE_EQ|GIPCL,NSE,EQUITY,CERTIFIED_CLEAN_886,294,2026-10-02T23:52:26.304460+05:30,2026-10-02T23:52:46.030055+05:30,2026-10-02T23:52:46.030055+05:30,2026-10-02T23:52:46.030055+05:30,FULLY_EVALUABLE,REJECTED,False,NONE,False,True,QUALITY_GATE,FAIL_ROCE
e6ec2c47977443cd852a61a9489ba276,QUALITY_COMPOUNDER,Quality Compounder,FROZEN_V2_PROD_1.0,GKENERGY,NSE_EQ|GKENERGY,NSE,EQUITY,CERTIFIED_CLEAN_886,295,2026-10-02T23:52:26.304460+05:30,2026-10-02T23:52:46.044525+05:30,2026-10-02T23:52:46.044525+05:30,2026-10-02T23:52:46.044525+05:30,STRUCTURAL_INELIGIBLE,BLOCKED,False,NONE,True,True,DATA_GATE,DATA_INSUFFICIENT_QUALITY
e6ec2c47977443cd852a61a9489ba276,QUALITY_COMPOUNDER,Quality Compounder,FROZEN_V2_PROD_1.0,GKSL,NSE_EQ|GKSL,NSE,EQUITY,CERTIFIED_CLEAN_886,296,2026-10-02T23:52:26.304460+05:30,2026-10-02T23:52:46.061887+05:30,2026-10-02T23:52:46.061887+05:30,2026-10-02T23:52:46.061887+05:30,DATA_FAILURE,BLOCKED,False,NONE,True,True,DATA_GATE,DATA_INSUFFICIENT_QUALITY
e6ec2c47977443cd852a61a9489ba276,QUALITY_COMPOUNDER,Quality Compounder,FROZEN_V2_PROD_1.0,GLAND,NSE_EQ|GLAND,NSE,EQUITY,CERTIFIED_CLEAN_886,297,2026-10-02T23:52:26.304460+05:30,2026-10-02T23:52:46.072577+05:30,2026-10-02T23:52:46.072577+05:30,2026-10-02T23:52:46.072577+05:30,FULLY_EVALUABLE,REJECTED,False,NONE,False,True,QUALITY_GATE,FAIL_PAT_CAGR
e6ec2c47977443cd852a61a9489ba276,QUALITY_COMPOUNDER,Quality Compounder,FROZEN_V2_PROD_1.0,GLAXO,NSE_EQ|GLAXO,NSE,EQUITY,CERTIFIED_CLEAN_886,298,2026-10-02T23:52:26.304460+05:30,2026-10-02T23:52:46.080113+05:30,2026-10-02T23:52:46.080113+05:30,2026-10-02T23:52:46.080113+05:30,FULLY_EVALUABLE,REJECTED,False,NONE,False,True,QUALITY_GATE,FAIL_SALES_CAGR
e6ec2c47977443cd852a61a9489ba276,QUALITY_COMPOUNDER,Quality Compounder,FROZEN_V2_PROD_1.0,GLENMARK,NSE_EQ|GLENMARK,NSE,EQUITY,CERTIFIED_CLEAN_886,299,2026-10-02T23:52:26.304460+05:30,2026-10-02T23:52:46.094172+05:30,2026-10-02T23:52:46.094172+05:30,2026-10-02T23:52:46.094172+05:30,FULLY_EVALUABLE,REJECTED,False,NONE,False,True,QUALITY_GATE,FAIL_SALES_CAGR
e6ec2c47977443cd852a61a9489ba276,QUALITY_COMPOUNDER,Quality Compounder,FROZEN_V2_PROD_1.0,GLOBUSSPR,NSE_EQ|GLOBUSSPR,NSE,EQUITY,CERTIFIED_CLEAN_886,300,2026-10-02T23:52:26.304460+05:30,2026-10-02T23:52:46.108718+05:30,2026-10-02T23:52:46.108718+05:30,2026-10-02T23:52:46.108718+05:30,DATA_FAILURE,BLOCKED,False,NONE,True,True,DATA_GATE,DATA_INSUFFICIENT_QUALITY
e6ec2c47977443cd852a61a9489ba276,QUALITY_COMPOUNDER,Quality Compounder,FROZEN_V2_PROD_1.0,GMBREW,NSE_EQ|GMBREW,NSE,EQUITY,CERTIFIED_CLEAN_886,301,2026-10-02T23:52:26.304460+05:30,2026-10-02T23:52:46.121879+05:30,2026-10-02T23:52:46.121879+05:30,2026-10-02T23:52:46.121879+05:30,DATA_FAILURE,BLOCKED,False,NONE,True,True,DATA_GATE,DATA_INSUFFICIENT_QUALITY
e6ec2c47977443cd852a61a9489ba276,QUALITY_COMPOUNDER,Quality Compounder,FROZEN_V2_PROD_1.0,GMDCLTD,NSE_EQ|GMDCLTD,NSE,EQUITY,CERTIFIED_CLEAN_886,302,2026-10-02T23:52:26.304460+05:30,2026-10-02T23:52:46.141415+05:30,2026-10-02T23:52:46.141415+05:30,2026-10-02T23:52:46.141415+05:30,DATA_FAILURE,BLOCKED,False,NONE,True,True,DATA_GATE,DATA_INSUFFICIENT_QUALITY
e6ec2c47977443cd852a61a9489ba276,QUALITY_COMPOUNDER,Quality Compounder,FROZEN_V2_PROD_1.0,GMRP&UI,NSE_EQ|GMRP&UI,NSE,EQUITY,CERTIFIED_CLEAN_886,303,2026-10-02T23:52:26.304460+05:30,2026-10-02T23:52:46.160733+05:30,2026-10-02T23:52:46.160733+05:30,2026-10-02T23:52:46.160733+05:30,DATA_FAILURE,BLOCKED,False,NONE,True,True,DATA_GATE,DATA_INSUFFICIENT_QUALITY
e6ec2c47977443cd852a61a9489ba276,QUALITY_COMPOUNDER,Quality Compounder,FROZEN_V2_PROD_1.0,GNA,NSE_EQ|GNA,NSE,EQUITY,CERTIFIED_CLEAN_886,304,2026-10-02T23:52:26.304460+05:30,2026-10-02T23:52:46.173021+05:30,2026-10-02T23:52:46.173021+05:30,2026-10-02T23:52:46.173021+05:30,FULLY_EVALUABLE,REJECTED,False,NONE,False,True,VALUATION_GATE,FAIL_VALUATION
e6ec2c47977443cd852a61a9489ba276,QUALITY_COMPOUNDER,Quality Compounder,FROZEN_V2_PROD_1.0,GNFC,NSE_EQ|GNFC,NSE,EQUITY,CERTIFIED_CLEAN_886,305,2026-10-02T23:52:26.304460+05:30,2026-10-02T23:52:46.182078+05:30,2026-10-02T23:52:46.182078+05:30,2026-10-02T23:52:46.182078+05:30,FULLY_EVALUABLE,REJECTED,False,NONE,False,True,QUALITY_GATE,FAIL_SALES_CAGR
e6ec2c47977443cd852a61a9489ba276,QUALITY_COMPOUNDER,Quality Compounder,FROZEN_V2_PROD_1.0,GOCLCORP,NSE_EQ|GOCLCORP,NSE,EQUITY,CERTIFIED_CLEAN_886,306,2026-10-02T23:52:26.304460+05:30,2026-10-02T23:52:46.197716+05:30,2026-10-02T23:52:46.197716+05:30,2026-10-02T23:52:46.197716+05:30,DATA_FAILURE,BLOCKED,False,NONE,True,True,DATA_GATE,FAIL_ROCE
e6ec2c47977443cd852a61a9489ba276,QUALITY_COMPOUNDER,Quality Compounder,FROZEN_V2_PROD_1.0,GOCOLORS,NSE_EQ|GOCOLORS,NSE,EQUITY,CERTIFIED_CLEAN_886,307,2026-10-02T23:52:26.304460+05:30,2026-10-02T23:52:46.213854+05:30,2026-10-02T23:52:46.213854+05:30,2026-10-02T23:52:46.213854+05:30,DATA_FAILURE,BLOCKED,False,NONE,True,True,DATA_GATE,DATA_INSUFFICIENT_QUALITY
e6ec2c47977443cd852a61a9489ba276,QUALITY_COMPOUNDER,Quality Compounder,FROZEN_V2_PROD_1.0,GODFRYPHLP,NSE_EQ|GODFRYPHLP,NSE,EQUITY,CERTIFIED_CLEAN_886,308,2026-10-02T23:52:26.304460+05:30,2026-10-02T23:52:46.223127+05:30,2026-10-02T23:52:46.223127+05:30,2026-10-02T23:52:46.223127+05:30,FULLY_EVALUABLE,REJECTED,False,NONE,False,True,QUALITY_GATE,FAIL_CFO_PAT
e6ec2c47977443cd852a61a9489ba276,QUALITY_COMPOUNDER,Quality Compounder,FROZEN_V2_PROD_1.0,GODIGIT,NSE_EQ|GODIGIT,NSE,EQUITY,CERTIFIED_CLEAN_886,309,2026-10-02T23:52:26.304460+05:30,2026-10-02T23:52:46.233158+05:30,2026-10-02T23:52:46.233158+05:30,2026-10-02T23:52:46.233158+05:30,FULLY_EVALUABLE,REJECTED,False,NONE,False,True,QUALITY_GATE,METRIC_NOT_APPLICABLE_FINANCIAL
e6ec2c47977443cd852a61a9489ba276,QUALITY_COMPOUNDER,Quality Compounder,FROZEN_V2_PROD_1.0,GODREJAGRO,NSE_EQ|GODREJAGRO,NSE,EQUITY,CERTIFIED_CLEAN_886,310,2026-10-02T23:52:26.304460+05:30,2026-10-02T23:52:46.240832+05:30,2026-10-02T23:52:46.240832+05:30,2026-10-02T23:52:46.240832+05:30,FULLY_EVALUABLE,REJECTED,False,NONE,False,True,QUALITY_GATE,FAIL_PAT_CAGR
e6ec2c47977443cd852a61a9489ba276,QUALITY_COMPOUNDER,Quality Compounder,FROZEN_V2_PROD_1.0,GODREJCP,NSE_EQ|GODREJCP,NSE,EQUITY,CERTIFIED_CLEAN_886,311,2026-10-02T23:52:26.304460+05:30,2026-10-02T23:52:46.253549+05:30,2026-10-02T23:52:46.253549+05:30,2026-10-02T23:52:46.253549+05:30,FULLY_EVALUABLE,REJECTED,False,NONE,False,True,QUALITY_GATE,FAIL_SALES_CAGR
e6ec2c47977443cd852a61a9489ba276,QUALITY_COMPOUNDER,Quality Compounder,FROZEN_V2_PROD_1.0,GODREJIND,NSE_EQ|GODREJIND,NSE,EQUITY,CERTIFIED_CLEAN_886,312,2026-10-02T23:52:26.304460+05:30,2026-10-02T23:52:46.263333+05:30,2026-10-02T23:52:46.263333+05:30,2026-10-02T23:52:46.263333+05:30,FULLY_EVALUABLE,REJECTED,False,NONE,False,True,QUALITY_GATE,FAIL_ROCE
e6ec2c47977443cd852a61a9489ba276,QUALITY_COMPOUNDER,Quality Compounder,FROZEN_V2_PROD_1.0,GODREJPROP,NSE_EQ|GODREJPROP,NSE,EQUITY,CERTIFIED_CLEAN_886,313,2026-10-02T23:52:26.304460+05:30,2026-10-02T23:52:46.275964+05:30,2026-10-02T23:52:46.275964+05:30,2026-10-02T23:52:46.275964+05:30,DATA_FAILURE,BLOCKED,False,NONE,True,True,DATA_GATE,DATA_INSUFFICIENT_QUALITY
e6ec2c47977443cd852a61a9489ba276,QUALITY_COMPOUNDER,Quality Compounder,FROZEN_V2_PROD_1.0,GOKULAGRO,NSE_EQ|GOKULAGRO,NSE,EQUITY,CERTIFIED_CLEAN_886,314,2026-10-02T23:52:26.304460+05:30,2026-10-02T23:52:46.287928+05:30,2026-10-02T23:52:46.287928+05:30,2026-10-02T23:52:46.287928+05:30,FULLY_EVALUABLE,REJECTED,False,NONE,False,True,VALUATION_GATE,FAIL_VALUATION
e6ec2c47977443cd852a61a9489ba276,QUALITY_COMPOUNDER,Quality Compounder,FROZEN_V2_PROD_1.0,GOODLUCK,NSE_EQ|GOODLUCK,NSE,EQUITY,CERTIFIED_CLEAN_886,315,2026-10-02T23:52:26.304460+05:30,2026-10-02T23:52:46.302618+05:30,2026-10-02T23:52:46.302618+05:30,2026-10-02T23:52:46.302618+05:30,FULLY_EVALUABLE,REJECTED,False,NONE,False,True,QUALITY_GATE,FAIL_CFO_PAT
e6ec2c47977443cd852a61a9489ba276,QUALITY_COMPOUNDER,Quality Compounder,FROZEN_V2_PROD_1.0,GOODYEAR,NSE_EQ|GOODYEAR,NSE,EQUITY,CERTIFIED_CLEAN_886,316,2026-10-02T23:52:26.304460+05:30,2026-10-02T23:52:46.315126+05:30,2026-10-02T23:52:46.315126+05:30,2026-10-02T23:52:46.315126+05:30,FULLY_EVALUABLE,REJECTED,False,NONE,False,True,QUALITY_GATE,FAIL_LIQUIDITY
e6ec2c47977443cd852a61a9489ba276,QUALITY_COMPOUNDER,Quality Compounder,FROZEN_V2_PROD_1.0,GOPAL,NSE_EQ|GOPAL,NSE,EQUITY,CERTIFIED_CLEAN_886,317,2026-10-02T23:52:26.304460+05:30,2026-10-02T23:52:46.336265+05:30,2026-10-02T23:52:46.336265+05:30,2026-10-02T23:52:46.336265+05:30,FULLY_EVALUABLE,REJECTED,False,NONE,False,True,QUALITY_GATE,FAIL_SALES_CAGR
e6ec2c47977443cd852a61a9489ba276,QUALITY_COMPOUNDER,Quality Compounder,FROZEN_V2_PROD_1.0,GPIL,NSE_EQ|GPIL,NSE,EQUITY,CERTIFIED_CLEAN_886,318,2026-10-02T23:52:26.304460+05:30,2026-10-02T23:52:46.349385+05:30,2026-10-02T23:52:46.349385+05:30,2026-10-02T23:52:46.349385+05:30,FULLY_EVALUABLE,REJECTED,False,NONE,False,True,QUALITY_GATE,FAIL_SALES_CAGR
e6ec2c47977443cd852a61a9489ba276,QUALITY_COMPOUNDER,Quality Compounder,FROZEN_V2_PROD_1.0,GPPL,NSE_EQ|GPPL,NSE,EQUITY,CERTIFIED_CLEAN_886,319,2026-10-02T23:52:26.304460+05:30,2026-10-02T23:52:46.363275+05:30,2026-10-02T23:52:46.363275+05:30,2026-10-02T23:52:46.363275+05:30,FULLY_EVALUABLE,REJECTED,False,NONE,False,True,QUALITY_GATE,FAIL_SALES_CAGR
e6ec2c47977443cd852a61a9489ba276,QUALITY_COMPOUNDER,Quality Compounder,FROZEN_V2_PROD_1.0,GPTHEALTH,NSE_EQ|GPTHEALTH,NSE,EQUITY,CERTIFIED_CLEAN_886,320,2026-10-02T23:52:26.304460+05:30,2026-10-02T23:52:46.374649+05:30,2026-10-02T23:52:46.374649+05:30,2026-10-02T23:52:46.374649+05:30,FULLY_EVALUABLE,REJECTED,False,NONE,False,True,VALUATION_GATE,FAIL_VALUATION
e6ec2c47977443cd852a61a9489ba276,QUALITY_COMPOUNDER,Quality Compounder,FROZEN_V2_PROD_1.0,GPTINFRA,NSE_EQ|GPTINFRA,NSE,EQUITY,CERTIFIED_CLEAN_886,321,2026-10-02T23:52:26.304460+05:30,2026-10-02T23:52:46.386315+05:30,2026-10-02T23:52:46.386315+05:30,2026-10-02T23:52:46.386315+05:30,FULLY_EVALUABLE,REJECTED,False,NONE,False,True,VALUATION_GATE,FAIL_VALUATION
e6ec2c47977443cd852a61a9489ba276,QUALITY_COMPOUNDER,Quality Compounder,FROZEN_V2_PROD_1.0,GRANULES,NSE_EQ|GRANULES,NSE,EQUITY,CERTIFIED_CLEAN_886,322,2026-10-02T23:52:26.304460+05:30,2026-10-02T23:52:46.396581+05:30,2026-10-02T23:52:46.396581+05:30,2026-10-02T23:52:46.396581+05:30,FULLY_EVALUABLE,REJECTED,False,NONE,False,True,QUALITY_GATE,FAIL_PAT_CAGR
e6ec2c47977443cd852a61a9489ba276,QUALITY_COMPOUNDER,Quality Compounder,FROZEN_V2_PROD_1.0,GRAVITA,NSE_EQ|GRAVITA,NSE,EQUITY,CERTIFIED_CLEAN_886,323,2026-10-02T23:52:26.304460+05:30,2026-10-02T23:52:46.409543+05:30,2026-10-02T23:52:46.409543+05:30,2026-10-02T23:52:46.409543+05:30,FULLY_EVALUABLE,REJECTED,False,NONE,False,True,QUALITY_GATE,FAIL_CFO_PAT
e6ec2c47977443cd852a61a9489ba276,QUALITY_COMPOUNDER,Quality Compounder,FROZEN_V2_PROD_1.0,GREENPLY,NSE_EQ|GREENPLY,NSE,EQUITY,CERTIFIED_CLEAN_886,324,2026-10-02T23:52:26.304460+05:30,2026-10-02T23:52:46.419814+05:30,2026-10-02T23:52:46.419814+05:30,2026-10-02T23:52:46.419814+05:30,FULLY_EVALUABLE,REJECTED,False,NONE,False,True,QUALITY_GATE,FAIL_ROCE
e6ec2c47977443cd852a61a9489ba276,QUALITY_COMPOUNDER,Quality Compounder,FROZEN_V2_PROD_1.0,GRINDWELL,NSE_EQ|GRINDWELL,NSE,EQUITY,CERTIFIED_CLEAN_886,325,2026-10-02T23:52:26.304460+05:30,2026-10-02T23:52:46.430540+05:30,2026-10-02T23:52:46.430540+05:30,2026-10-02T23:52:46.430540+05:30,FULLY_EVALUABLE,REJECTED,False,NONE,False,True,VALUATION_GATE,FAIL_VALUATION
e6ec2c47977443cd852a61a9489ba276,QUALITY_COMPOUNDER,Quality Compounder,FROZEN_V2_PROD_1.0,GRINFRA,NSE_EQ|GRINFRA,NSE,EQUITY,CERTIFIED_CLEAN_886,326,2026-10-02T23:52:26.304460+05:30,2026-10-02T23:52:46.444561+05:30,2026-10-02T23:52:46.444561+05:30,2026-10-02T23:52:46.444561+05:30,FULLY_EVALUABLE,REJECTED,False,NONE,False,True,QUALITY_GATE,FAIL_SALES_CAGR
e6ec2c47977443cd852a61a9489ba276,QUALITY_COMPOUNDER,Quality Compounder,FROZEN_V2_PROD_1.0,GROWW,NSE_EQ|GROWW,NSE,EQUITY,CERTIFIED_CLEAN_886,327,2026-10-02T23:52:26.304460+05:30,2026-10-02T23:52:46.459726+05:30,2026-10-02T23:52:46.459726+05:30,2026-10-02T23:52:46.459726+05:30,DATA_FAILURE,BLOCKED,False,NONE,True,True,DATA_GATE,DATA_INSUFFICIENT_QUALITY
e6ec2c47977443cd852a61a9489ba276,QUALITY_COMPOUNDER,Quality Compounder,FROZEN_V2_PROD_1.0,GRSE,NSE_EQ|GRSE,NSE,EQUITY,CERTIFIED_CLEAN_886,328,2026-10-02T23:52:26.304460+05:30,2026-10-02T23:52:46.471331+05:30,2026-10-02T23:52:46.471331+05:30,2026-10-02T23:52:46.471331+05:30,FULLY_EVALUABLE,REJECTED,False,NONE,False,True,QUALITY_GATE,FAIL_CFO_PAT
e6ec2c47977443cd852a61a9489ba276,QUALITY_COMPOUNDER,Quality Compounder,FROZEN_V2_PROD_1.0,GRWRHITECH,NSE_EQ|GRWRHITECH,NSE,EQUITY,CERTIFIED_CLEAN_886,329,2026-10-02T23:52:26.304460+05:30,2026-10-02T23:52:46.482198+05:30,2026-10-02T23:52:46.482198+05:30,2026-10-02T23:52:46.482198+05:30,FULLY_EVALUABLE,REJECTED,False,NONE,False,True,VALUATION_GATE,FAIL_VALUATION
e6ec2c47977443cd852a61a9489ba276,QUALITY_COMPOUNDER,Quality Compounder,FROZEN_V2_PROD_1.0,GUFICBIO,NSE_EQ|GUFICBIO,NSE,EQUITY,CERTIFIED_CLEAN_886,330,2026-10-02T23:52:26.304460+05:30,2026-10-02T23:52:46.494393+05:30,2026-10-02T23:52:46.494393+05:30,2026-10-02T23:52:46.494393+05:30,DATA_FAILURE,BLOCKED,False,NONE,True,True,DATA_GATE,DATA_INSUFFICIENT_QUALITY
e6ec2c47977443cd852a61a9489ba276,QUALITY_COMPOUNDER,Quality Compounder,FROZEN_V2_PROD_1.0,GUJGASLTD,NSE_EQ|GUJGASLTD,NSE,EQUITY,CERTIFIED_CLEAN_886,331,2026-10-02T23:52:26.304460+05:30,2026-10-02T23:52:46.498447+05:30,2026-10-02T23:52:46.498447+05:30,2026-10-02T23:52:46.498447+05:30,DATA_FAILURE,BLOCKED,False,NONE,True,True,DATA_GATE,FAIL_LIQUIDITY
e6ec2c47977443cd852a61a9489ba276,QUALITY_COMPOUNDER,Quality Compounder,FROZEN_V2_PROD_1.0,GUJTHEM,NSE_EQ|GUJTHEM,NSE,EQUITY,CERTIFIED_CLEAN_886,332,2026-10-02T23:52:26.304460+05:30,2026-10-02T23:52:46.513284+05:30,2026-10-02T23:52:46.513284+05:30,2026-10-02T23:52:46.513284+05:30,STRUCTURAL_INELIGIBLE,BLOCKED,False,NONE,True,True,DATA_GATE,DATA_INSUFFICIENT_QUALITY
e6ec2c47977443cd852a61a9489ba276,QUALITY_COMPOUNDER,Quality Compounder,FROZEN_V2_PROD_1.0,GULFOILLUB,NSE_EQ|GULFOILLUB,NSE,EQUITY,CERTIFIED_CLEAN_886,333,2026-10-02T23:52:26.304460+05:30,2026-10-02T23:52:46.525751+05:30,2026-10-02T23:52:46.525751+05:30,2026-10-02T23:52:46.525751+05:30,DATA_FAILURE,BLOCKED,False,NONE,True,True,DATA_GATE,DATA_INSUFFICIENT_QUALITY
e6ec2c47977443cd852a61a9489ba276,QUALITY_COMPOUNDER,Quality Compounder,FROZEN_V2_PROD_1.0,GULPOLY,NSE_EQ|GULPOLY,NSE,EQUITY,CERTIFIED_CLEAN_886,334,2026-10-02T23:52:26.304460+05:30,2026-10-02T23:52:46.540077+05:30,2026-10-02T23:52:46.540077+05:30,2026-10-02T23:52:46.540077+05:30,DATA_FAILURE,BLOCKED,False,NONE,True,True,DATA_GATE,FAIL_UNIVERSE_MARKET_CAP
e6ec2c47977443cd852a61a9489ba276,QUALITY_COMPOUNDER,Quality Compounder,FROZEN_V2_PROD_1.0,GVPIL,NSE_EQ|GVPIL,NSE,EQUITY,CERTIFIED_CLEAN_886,335,2026-10-02T23:52:26.304460+05:30,2026-10-02T23:52:46.553216+05:30,2026-10-02T23:52:46.553216+05:30,2026-10-02T23:52:46.553216+05:30,DATA_FAILURE,BLOCKED,False,NONE,True,True,DATA_GATE,DATA_INSUFFICIENT_QUALITY
e6ec2c47977443cd852a61a9489ba276,QUALITY_COMPOUNDER,Quality Compounder,FROZEN_V2_PROD_1.0,GVT&D,NSE_EQ|GVT&D,NSE,EQUITY,CERTIFIED_CLEAN_886,336,2026-10-02T23:52:26.304460+05:30,2026-10-02T23:52:46.566672+05:30,2026-10-02T23:52:46.566672+05:30,2026-10-02T23:52:46.566672+05:30,FULLY_EVALUABLE,REJECTED,False,NONE,False,True,VALUATION_GATE,FAIL_VALUATION
e6ec2c47977443cd852a61a9489ba276,QUALITY_COMPOUNDER,Quality Compounder,FROZEN_V2_PROD_1.0,HAL,NSE_EQ|HAL,NSE,EQUITY,CERTIFIED_CLEAN_886,337,2026-10-02T23:52:26.304460+05:30,2026-10-02T23:52:46.574689+05:30,2026-10-02T23:52:46.574689+05:30,2026-10-02T23:52:46.574689+05:30,FULLY_EVALUABLE,REJECTED,False,NONE,False,True,QUALITY_GATE,FAIL_SALES_CAGR
e6ec2c47977443cd852a61a9489ba276,QUALITY_COMPOUNDER,Quality Compounder,FROZEN_V2_PROD_1.0,HAPPSTMNDS,NSE_EQ|HAPPSTMNDS,NSE,EQUITY,CERTIFIED_CLEAN_886,338,2026-10-02T23:52:26.304460+05:30,2026-10-02T23:52:46.582243+05:30,2026-10-02T23:52:46.582243+05:30,2026-10-02T23:52:46.582243+05:30,FULLY_EVALUABLE,REJECTED,False,NONE,False,True,QUALITY_GATE,FAIL_PAT_CAGR
e6ec2c47977443cd852a61a9489ba276,QUALITY_COMPOUNDER,Quality Compounder,FROZEN_V2_PROD_1.0,HAPPYFORGE,NSE_EQ|HAPPYFORGE,NSE,EQUITY,CERTIFIED_CLEAN_886,339,2026-10-02T23:52:26.304460+05:30,2026-10-02T23:52:46.591129+05:30,2026-10-02T23:52:46.591129+05:30,2026-10-02T23:52:46.591129+05:30,FULLY_EVALUABLE,REJECTED,False,NONE,False,True,VALUATION_GATE,FAIL_VALUATION
e6ec2c47977443cd852a61a9489ba276,QUALITY_COMPOUNDER,Quality Compounder,FROZEN_V2_PROD_1.0,HARIOMPIPE,NSE_EQ|HARIOMPIPE,NSE,EQUITY,CERTIFIED_CLEAN_886,340,2026-10-02T23:52:26.304460+05:30,2026-10-02T23:52:46.599398+05:30,2026-10-02T23:52:46.599398+05:30,2026-10-02T23:52:46.599398+05:30,STRUCTURAL_INELIGIBLE,BLOCKED,False,NONE,True,True,DATA_GATE,DATA_INSUFFICIENT_QUALITY
e6ec2c47977443cd852a61a9489ba276,QUALITY_COMPOUNDER,Quality Compounder,FROZEN_V2_PROD_1.0,HARSHA,NSE_EQ|HARSHA,NSE,EQUITY,CERTIFIED_CLEAN_886,341,2026-10-02T23:52:26.304460+05:30,2026-10-02T23:52:46.609267+05:30,2026-10-02T23:52:46.609267+05:30,2026-10-02T23:52:46.609267+05:30,FULLY_EVALUABLE,REJECTED,False,NONE,False,True,QUALITY_GATE,FAIL_ROCE
e6ec2c47977443cd852a61a9489ba276,QUALITY_COMPOUNDER,Quality Compounder,FROZEN_V2_PROD_1.0,HATSUN,NSE_EQ|HATSUN,NSE,EQUITY,CERTIFIED_CLEAN_886,342,2026-10-02T23:52:26.304460+05:30,2026-10-02T23:52:46.621418+05:30,2026-10-02T23:52:46.621418+05:30,2026-10-02T23:52:46.621418+05:30,DATA_FAILURE,BLOCKED,False,NONE,True,True,DATA_GATE,DATA_INSUFFICIENT_QUALITY
e6ec2c47977443cd852a61a9489ba276,QUALITY_COMPOUNDER,Quality Compounder,FROZEN_V2_PROD_1.0,HAVELLS,NSE_EQ|HAVELLS,NSE,EQUITY,CERTIFIED_CLEAN_886,343,2026-10-02T23:52:26.304460+05:30,2026-10-02T23:52:46.772170+05:30,2026-10-02T23:52:46.772170+05:30,2026-10-02T23:52:46.772170+05:30,FULLY_EVALUABLE,ALERT_BUY,True,BUY,False,False,NONE,PASS
e6ec2c47977443cd852a61a9489ba276,QUALITY_COMPOUNDER,Quality Compounder,FROZEN_V2_PROD_1.0,HAWKINCOOK,NSE_EQ|HAWKINCOOK,NSE,EQUITY,CERTIFIED_CLEAN_886,344,2026-10-02T23:52:26.304460+05:30,2026-10-02T23:52:46.780821+05:30,2026-10-02T23:52:46.780821+05:30,2026-10-02T23:52:46.780821+05:30,FULLY_EVALUABLE,REJECTED,False,NONE,False,True,QUALITY_GATE,FAIL_LIQUIDITY
e6ec2c47977443cd852a61a9489ba276,QUALITY_COMPOUNDER,Quality Compounder,FROZEN_V2_PROD_1.0,HBLENGINE,NSE_EQ|HBLENGINE,NSE,EQUITY,CERTIFIED_CLEAN_886,345,2026-10-02T23:52:26.304460+05:30,2026-10-02T23:52:46.928395+05:30,2026-10-02T23:52:46.928395+05:30,2026-10-02T23:52:46.928395+05:30,FULLY_EVALUABLE,ALERT_BUY,True,BUY,False,False,NONE,PASS
e6ec2c47977443cd852a61a9489ba276,QUALITY_COMPOUNDER,Quality Compounder,FROZEN_V2_PROD_1.0,HCLTECH,NSE_EQ|HCLTECH,NSE,EQUITY,CERTIFIED_CLEAN_886,346,2026-10-02T23:52:26.304460+05:30,2026-10-02T23:52:46.937462+05:30,2026-10-02T23:52:46.937462+05:30,2026-10-02T23:52:46.937462+05:30,FULLY_EVALUABLE,REJECTED,False,NONE,False,True,QUALITY_GATE,FAIL_PAT_CAGR
e6ec2c47977443cd852a61a9489ba276,QUALITY_COMPOUNDER,Quality Compounder,FROZEN_V2_PROD_1.0,HDBFS,NSE_EQ|HDBFS,NSE,EQUITY,CERTIFIED_CLEAN_886,347,2026-10-02T23:52:26.304460+05:30,2026-10-02T23:52:46.961307+05:30,2026-10-02T23:52:46.961307+05:30,2026-10-02T23:52:46.961307+05:30,FULLY_EVALUABLE,REJECTED,False,NONE,False,True,QUALITY_GATE,METRIC_NOT_APPLICABLE_FINANCIAL
e6ec2c47977443cd852a61a9489ba276,QUALITY_COMPOUNDER,Quality Compounder,FROZEN_V2_PROD_1.0,HDFCAMC,NSE_EQ|HDFCAMC,NSE,EQUITY,CERTIFIED_CLEAN_886,348,2026-10-02T23:52:26.304460+05:30,2026-10-02T23:52:46.969707+05:30,2026-10-02T23:52:46.969707+05:30,2026-10-02T23:52:46.969707+05:30,FULLY_EVALUABLE,REJECTED,False,NONE,False,True,QUALITY_GATE,METRIC_NOT_APPLICABLE_FINANCIAL
e6ec2c47977443cd852a61a9489ba276,QUALITY_COMPOUNDER,Quality Compounder,FROZEN_V2_PROD_1.0,HDFCBANK,NSE_EQ|HDFCBANK,NSE,EQUITY,CERTIFIED_CLEAN_886,349,2026-10-02T23:52:26.304460+05:30,2026-10-02T23:52:46.979122+05:30,2026-10-02T23:52:46.979122+05:30,2026-10-02T23:52:46.979122+05:30,FULLY_EVALUABLE,REJECTED,False,NONE,False,True,QUALITY_GATE,METRIC_NOT_APPLICABLE_FINANCIAL
e6ec2c47977443cd852a61a9489ba276,QUALITY_COMPOUNDER,Quality Compounder,FROZEN_V2_PROD_1.0,HDFCLIFE,NSE_EQ|HDFCLIFE,NSE,EQUITY,CERTIFIED_CLEAN_886,350,2026-10-02T23:52:26.304460+05:30,2026-10-02T23:52:46.989106+05:30,2026-10-02T23:52:46.989106+05:30,2026-10-02T23:52:46.989106+05:30,FULLY_EVALUABLE,REJECTED,False,NONE,False,True,QUALITY_GATE,METRIC_NOT_APPLICABLE_FINANCIAL
e6ec2c47977443cd852a61a9489ba276,QUALITY_COMPOUNDER,Quality Compounder,FROZEN_V2_PROD_1.0,HEIDELBERG,NSE_EQ|HEIDELBERG,NSE,EQUITY,CERTIFIED_CLEAN_886,351,2026-10-02T23:52:26.304460+05:30,2026-10-02T23:52:46.996871+05:30,2026-10-02T23:52:46.996871+05:30,2026-10-02T23:52:46.996871+05:30,FULLY_EVALUABLE,REJECTED,False,NONE,False,True,QUALITY_GATE,FAIL_ROCE
e6ec2c47977443cd852a61a9489ba276,QUALITY_COMPOUNDER,Quality Compounder,FROZEN_V2_PROD_1.0,HERITGFOOD,NSE_EQ|HERITGFOOD,NSE,EQUITY,CERTIFIED_CLEAN_886,352,2026-10-02T23:52:26.304460+05:30,2026-10-02T23:52:47.005897+05:30,2026-10-02T23:52:47.005897+05:30,2026-10-02T23:52:47.005897+05:30,FULLY_EVALUABLE,REJECTED,False,NONE,False,True,QUALITY_GATE,FAIL_PAT_CAGR
e6ec2c47977443cd852a61a9489ba276,QUALITY_COMPOUNDER,Quality Compounder,FROZEN_V2_PROD_1.0,HEROMOTOCO,NSE_EQ|HEROMOTOCO,NSE,EQUITY,CERTIFIED_CLEAN_886,353,2026-10-02T23:52:26.304460+05:30,2026-10-02T23:52:47.016717+05:30,2026-10-02T23:52:47.016717+05:30,2026-10-02T23:52:47.016717+05:30,FULLY_EVALUABLE,REJECTED,False,NONE,False,True,QUALITY_GATE,FAIL_SALES_CAGR
e6ec2c47977443cd852a61a9489ba276,QUALITY_COMPOUNDER,Quality Compounder,FROZEN_V2_PROD_1.0,HESTERBIO,NSE_EQ|HESTERBIO,NSE,EQUITY,CERTIFIED_CLEAN_886,354,2026-10-02T23:52:26.304460+05:30,2026-10-02T23:52:47.024303+05:30,2026-10-02T23:52:47.024303+05:30,2026-10-02T23:52:47.024303+05:30,FULLY_EVALUABLE,REJECTED,False,NONE,False,True,QUALITY_GATE,FAIL_ROCE
e6ec2c47977443cd852a61a9489ba276,QUALITY_COMPOUNDER,Quality Compounder,FROZEN_V2_PROD_1.0,HEXT,NSE_EQ|HEXT,NSE,EQUITY,CERTIFIED_CLEAN_886,355,2026-10-02T23:52:26.304460+05:30,2026-10-02T23:52:47.134060+05:30,2026-10-02T23:52:47.134060+05:30,2026-10-02T23:52:47.134060+05:30,FULLY_EVALUABLE,ALERT_BUY,True,BUY,False,False,NONE,PASS
e6ec2c47977443cd852a61a9489ba276,QUALITY_COMPOUNDER,Quality Compounder,FROZEN_V2_PROD_1.0,HGINFRA,NSE_EQ|HGINFRA,NSE,EQUITY,CERTIFIED_CLEAN_886,356,2026-10-02T23:52:26.304460+05:30,2026-10-02T23:52:47.144953+05:30,2026-10-02T23:52:47.144953+05:30,2026-10-02T23:52:47.144953+05:30,FULLY_EVALUABLE,REJECTED,False,NONE,False,True,QUALITY_GATE,FAIL_PAT_CAGR
e6ec2c47977443cd852a61a9489ba276,QUALITY_COMPOUNDER,Quality Compounder,FROZEN_V2_PROD_1.0,HINDALCO,NSE_EQ|HINDALCO,NSE,EQUITY,CERTIFIED_CLEAN_886,357,2026-10-02T23:52:26.304460+05:30,2026-10-02T23:52:47.159318+05:30,2026-10-02T23:52:47.159318+05:30,2026-10-02T23:52:47.159318+05:30,FULLY_EVALUABLE,REJECTED,False,NONE,False,True,QUALITY_GATE,FAIL_ROCE
e6ec2c47977443cd852a61a9489ba276,QUALITY_COMPOUNDER,Quality Compounder,FROZEN_V2_PROD_1.0,HINDCOPPER,NSE_EQ|HINDCOPPER,NSE,EQUITY,CERTIFIED_CLEAN_886,358,2026-10-02T23:52:26.304460+05:30,2026-10-02T23:52:47.170485+05:30,2026-10-02T23:52:47.170485+05:30,2026-10-02T23:52:47.170485+05:30,FULLY_EVALUABLE,REJECTED,False,NONE,False,True,VALUATION_GATE,FAIL_VALUATION
e6ec2c47977443cd852a61a9489ba276,QUALITY_COMPOUNDER,Quality Compounder,FROZEN_V2_PROD_1.0,HINDPETRO,NSE_EQ|HINDPETRO,NSE,EQUITY,CERTIFIED_CLEAN_886,359,2026-10-02T23:52:26.304460+05:30,2026-10-02T23:52:47.179832+05:30,2026-10-02T23:52:47.179832+05:30,2026-10-02T23:52:47.179832+05:30,FULLY_EVALUABLE,REJECTED,False,NONE,False,True,QUALITY_GATE,FAIL_ROCE
e6ec2c47977443cd852a61a9489ba276,QUALITY_COMPOUNDER,Quality Compounder,FROZEN_V2_PROD_1.0,HINDUNILVR,NSE_EQ|HINDUNILVR,NSE,EQUITY,CERTIFIED_CLEAN_886,360,2026-10-02T23:52:26.304460+05:30,2026-10-02T23:52:47.189913+05:30,2026-10-02T23:52:47.189913+05:30,2026-10-02T23:52:47.189913+05:30,FULLY_EVALUABLE,REJECTED,False,NONE,False,True,QUALITY_GATE,FAIL_SALES_CAGR
e6ec2c47977443cd852a61a9489ba276,QUALITY_COMPOUNDER,Quality Compounder,FROZEN_V2_PROD_1.0,HINDZINC,NSE_EQ|HINDZINC,NSE,EQUITY,CERTIFIED_CLEAN_886,361,2026-10-02T23:52:26.304460+05:30,2026-10-02T23:52:47.202578+05:30,2026-10-02T23:52:47.202578+05:30,2026-10-02T23:52:47.202578+05:30,FULLY_EVALUABLE,REJECTED,False,NONE,False,True,VALUATION_GATE,FAIL_VALUATION
e6ec2c47977443cd852a61a9489ba276,QUALITY_COMPOUNDER,Quality Compounder,FROZEN_V2_PROD_1.0,HIRECT,NSE_EQ|HIRECT,NSE,EQUITY,CERTIFIED_CLEAN_886,362,2026-10-02T23:52:26.304460+05:30,2026-10-02T23:52:47.214061+05:30,2026-10-02T23:52:47.214061+05:30,2026-10-02T23:52:47.214061+05:30,DATA_FAILURE,BLOCKED,False,NONE,True,True,DATA_GATE,DATA_INSUFFICIENT_QUALITY
e6ec2c47977443cd852a61a9489ba276,QUALITY_COMPOUNDER,Quality Compounder,FROZEN_V2_PROD_1.0,HLEGLAS,NSE_EQ|HLEGLAS,NSE,EQUITY,CERTIFIED_CLEAN_886,363,2026-10-02T23:52:26.304460+05:30,2026-10-02T23:52:47.222701+05:30,2026-10-02T23:52:47.222701+05:30,2026-10-02T23:52:47.222701+05:30,FULLY_EVALUABLE,REJECTED,False,NONE,False,True,QUALITY_GATE,FAIL_PAT_CAGR
e6ec2c47977443cd852a61a9489ba276,QUALITY_COMPOUNDER,Quality Compounder,FROZEN_V2_PROD_1.0,HNDFDS,NSE_EQ|HNDFDS,NSE,EQUITY,CERTIFIED_CLEAN_886,364,2026-10-02T23:52:26.304460+05:30,2026-10-02T23:52:47.230522+05:30,2026-10-02T23:52:47.230522+05:30,2026-10-02T23:52:47.230522+05:30,FULLY_EVALUABLE,REJECTED,False,NONE,False,True,QUALITY_GATE,FAIL_DEBT
e6ec2c47977443cd852a61a9489ba276,QUALITY_COMPOUNDER,Quality Compounder,FROZEN_V2_PROD_1.0,HONASA,NSE_EQ|HONASA,NSE,EQUITY,CERTIFIED_CLEAN_886,365,2026-10-02T23:52:26.304460+05:30,2026-10-02T23:52:47.240668+05:30,2026-10-02T23:52:47.240668+05:30,2026-10-02T23:52:47.240668+05:30,DATA_FAILURE,BLOCKED,False,NONE,True,True,DATA_GATE,DATA_INSUFFICIENT_QUALITY
e6ec2c47977443cd852a61a9489ba276,QUALITY_COMPOUNDER,Quality Compounder,FROZEN_V2_PROD_1.0,HONAUT,NSE_EQ|HONAUT,NSE,EQUITY,CERTIFIED_CLEAN_886,366,2026-10-02T23:52:26.304460+05:30,2026-10-02T23:52:47.250676+05:30,2026-10-02T23:52:47.250676+05:30,2026-10-02T23:52:47.250676+05:30,FULLY_EVALUABLE,REJECTED,False,NONE,False,True,QUALITY_GATE,FAIL_SALES_CAGR
e6ec2c47977443cd852a61a9489ba276,QUALITY_COMPOUNDER,Quality Compounder,FROZEN_V2_PROD_1.0,HPL,NSE_EQ|HPL,NSE,EQUITY,CERTIFIED_CLEAN_886,367,2026-10-02T23:52:26.304460+05:30,2026-10-02T23:52:47.260717+05:30,2026-10-02T23:52:47.260717+05:30,2026-10-02T23:52:47.260717+05:30,FULLY_EVALUABLE,REJECTED,False,NONE,False,True,QUALITY_GATE,FAIL_ROCE
e6ec2c47977443cd852a61a9489ba276,QUALITY_COMPOUNDER,Quality Compounder,FROZEN_V2_PROD_1.0,HSCL,NSE_EQ|HSCL,NSE,EQUITY,CERTIFIED_CLEAN_886,368,2026-10-02T23:52:26.304460+05:30,2026-10-02T23:52:47.268971+05:30,2026-10-02T23:52:47.268971+05:30,2026-10-02T23:52:47.268971+05:30,FULLY_EVALUABLE,REJECTED,False,NONE,False,True,VALUATION_GATE,FAIL_VALUATION
e6ec2c47977443cd852a61a9489ba276,QUALITY_COMPOUNDER,Quality Compounder,FROZEN_V2_PROD_1.0,HUDCO,NSE_EQ|HUDCO,NSE,EQUITY,CERTIFIED_CLEAN_886,369,2026-10-02T23:52:26.304460+05:30,2026-10-02T23:52:47.278042+05:30,2026-10-02T23:52:47.278042+05:30,2026-10-02T23:52:47.278042+05:30,FULLY_EVALUABLE,REJECTED,False,NONE,False,True,QUALITY_GATE,METRIC_NOT_APPLICABLE_FINANCIAL
e6ec2c47977443cd852a61a9489ba276,QUALITY_COMPOUNDER,Quality Compounder,FROZEN_V2_PROD_1.0,HUHTAMAKI,NSE_EQ|HUHTAMAKI,NSE,EQUITY,CERTIFIED_CLEAN_886,370,2026-10-02T23:52:26.304460+05:30,2026-10-02T23:52:47.287853+05:30,2026-10-02T23:52:47.287853+05:30,2026-10-02T23:52:47.287853+05:30,DATA_FAILURE,BLOCKED,False,NONE,True,True,DATA_GATE,FAIL_ROCE
e6ec2c47977443cd852a61a9489ba276,QUALITY_COMPOUNDER,Quality Compounder,FROZEN_V2_PROD_1.0,HYUNDAI,NSE_EQ|HYUNDAI,NSE,EQUITY,CERTIFIED_CLEAN_886,371,2026-10-02T23:52:26.304460+05:30,2026-10-02T23:52:47.297725+05:30,2026-10-02T23:52:47.297725+05:30,2026-10-02T23:52:47.297725+05:30,FULLY_EVALUABLE,REJECTED,False,NONE,False,True,VALUATION_GATE,FAIL_VALUATION
e6ec2c47977443cd852a61a9489ba276,QUALITY_COMPOUNDER,Quality Compounder,FROZEN_V2_PROD_1.0,ICEMAKE,NSE_EQ|ICEMAKE,NSE,EQUITY,CERTIFIED_CLEAN_886,372,2026-10-02T23:52:26.304460+05:30,2026-10-02T23:52:47.307151+05:30,2026-10-02T23:52:47.307151+05:30,2026-10-02T23:52:47.307151+05:30,FULLY_EVALUABLE,REJECTED,False,NONE,False,True,QUALITY_GATE,FAIL_CFO_PAT
e6ec2c47977443cd852a61a9489ba276,QUALITY_COMPOUNDER,Quality Compounder,FROZEN_V2_PROD_1.0,ICICIBANK,NSE_EQ|ICICIBANK,NSE,EQUITY,CERTIFIED_CLEAN_886,373,2026-10-02T23:52:26.304460+05:30,2026-10-02T23:52:47.315144+05:30,2026-10-02T23:52:47.315144+05:30,2026-10-02T23:52:47.315144+05:30,FULLY_EVALUABLE,REJECTED,False,NONE,False,True,QUALITY_GATE,METRIC_NOT_APPLICABLE_FINANCIAL
e6ec2c47977443cd852a61a9489ba276,QUALITY_COMPOUNDER,Quality Compounder,FROZEN_V2_PROD_1.0,ICICIGI,NSE_EQ|ICICIGI,NSE,EQUITY,CERTIFIED_CLEAN_886,374,2026-10-02T23:52:26.304460+05:30,2026-10-02T23:52:47.323961+05:30,2026-10-02T23:52:47.323961+05:30,2026-10-02T23:52:47.323961+05:30,FULLY_EVALUABLE,REJECTED,False,NONE,False,True,QUALITY_GATE,METRIC_NOT_APPLICABLE_FINANCIAL
e6ec2c47977443cd852a61a9489ba276,QUALITY_COMPOUNDER,Quality Compounder,FROZEN_V2_PROD_1.0,ICICIPRULI,NSE_EQ|ICICIPRULI,NSE,EQUITY,CERTIFIED_CLEAN_886,375,2026-10-02T23:52:26.304460+05:30,2026-10-02T23:52:47.331866+05:30,2026-10-02T23:52:47.331866+05:30,2026-10-02T23:52:47.331866+05:30,FULLY_EVALUABLE,REJECTED,False,NONE,False,True,QUALITY_GATE,METRIC_NOT_APPLICABLE_FINANCIAL
e6ec2c47977443cd852a61a9489ba276,QUALITY_COMPOUNDER,Quality Compounder,FROZEN_V2_PROD_1.0,ICRA,NSE_EQ|ICRA,NSE,EQUITY,CERTIFIED_CLEAN_886,376,2026-10-02T23:52:26.304460+05:30,2026-10-02T23:52:47.483050+05:30,2026-10-02T23:52:47.483050+05:30,2026-10-02T23:52:47.483050+05:30,FULLY_EVALUABLE,ALERT_BUY,True,BUY,False,False,NONE,PASS
e6ec2c47977443cd852a61a9489ba276,QUALITY_COMPOUNDER,Quality Compounder,FROZEN_V2_PROD_1.0,IEX,NSE_EQ|IEX,NSE,EQUITY,CERTIFIED_CLEAN_886,377,2026-10-02T23:52:26.304460+05:30,2026-10-02T23:52:47.670079+05:30,2026-10-02T23:52:47.670079+05:30,2026-10-02T23:52:47.670079+05:30,FULLY_EVALUABLE,ALERT_BUY,True,BUY,False,False,NONE,PASS
e6ec2c47977443cd852a61a9489ba276,QUALITY_COMPOUNDER,Quality Compounder,FROZEN_V2_PROD_1.0,IFBIND,NSE_EQ|IFBIND,NSE,EQUITY,CERTIFIED_CLEAN_886,378,2026-10-02T23:52:26.304460+05:30,2026-10-02T23:52:47.678631+05:30,2026-10-02T23:52:47.678631+05:30,2026-10-02T23:52:47.678631+05:30,FULLY_EVALUABLE,REJECTED,False,NONE,False,True,QUALITY_GATE,FAIL_ROCE
e6ec2c47977443cd852a61a9489ba276,QUALITY_COMPOUNDER,Quality Compounder,FROZEN_V2_PROD_1.0,IGL,NSE_EQ|IGL,NSE,EQUITY,CERTIFIED_CLEAN_886,379,2026-10-02T23:52:26.304460+05:30,2026-10-02T23:52:47.686964+05:30,2026-10-02T23:52:47.686964+05:30,2026-10-02T23:52:47.686964+05:30,FULLY_EVALUABLE,REJECTED,False,NONE,False,True,QUALITY_GATE,FAIL_PAT_CAGR
e6ec2c47977443cd852a61a9489ba276,QUALITY_COMPOUNDER,Quality Compounder,FROZEN_V2_PROD_1.0,IIFLCAPS,NSE_EQ|IIFLCAPS,NSE,EQUITY,CERTIFIED_CLEAN_886,380,2026-10-02T23:52:26.304460+05:30,2026-10-02T23:52:47.694980+05:30,2026-10-02T23:52:47.694980+05:30,2026-10-02T23:52:47.694980+05:30,FULLY_EVALUABLE,REJECTED,False,NONE,False,True,QUALITY_GATE,METRIC_NOT_APPLICABLE_FINANCIAL
e6ec2c47977443cd852a61a9489ba276,QUALITY_COMPOUNDER,Quality Compounder,FROZEN_V2_PROD_1.0,IKS,NSE_EQ|IKS,NSE,EQUITY,CERTIFIED_CLEAN_886,381,2026-10-02T23:52:26.304460+05:30,2026-10-02T23:52:47.708077+05:30,2026-10-02T23:52:47.708077+05:30,2026-10-02T23:52:47.708077+05:30,FULLY_EVALUABLE,REJECTED,False,NONE,False,True,VALUATION_GATE,FAIL_VALUATION
e6ec2c47977443cd852a61a9489ba276,QUALITY_COMPOUNDER,Quality Compounder,FROZEN_V2_PROD_1.0,IMFA,NSE_EQ|IMFA,NSE,EQUITY,CERTIFIED_CLEAN_886,382,2026-10-02T23:52:26.304460+05:30,2026-10-02T23:52:47.724233+05:30,2026-10-02T23:52:47.724233+05:30,2026-10-02T23:52:47.724233+05:30,FULLY_EVALUABLE,REJECTED,False,NONE,False,True,QUALITY_GATE,FAIL_SALES_CAGR
e6ec2c47977443cd852a61a9489ba276,QUALITY_COMPOUNDER,Quality Compounder,FROZEN_V2_PROD_1.0,INDGN,NSE_EQ|INDGN,NSE,EQUITY,CERTIFIED_CLEAN_886,383,2026-10-02T23:52:26.304460+05:30,2026-10-02T23:52:47.740127+05:30,2026-10-02T23:52:47.740127+05:30,2026-10-02T23:52:47.740127+05:30,FULLY_EVALUABLE,REJECTED,False,NONE,False,True,VALUATION_GATE,FAIL_VALUATION
e6ec2c47977443cd852a61a9489ba276,QUALITY_COMPOUNDER,Quality Compounder,FROZEN_V2_PROD_1.0,INDHOTEL,NSE_EQ|INDHOTEL,NSE,EQUITY,CERTIFIED_CLEAN_886,384,2026-10-02T23:52:26.304460+05:30,2026-10-02T23:52:47.750234+05:30,2026-10-02T23:52:47.750234+05:30,2026-10-02T23:52:47.750234+05:30,DATA_FAILURE,BLOCKED,False,NONE,True,True,DATA_GATE,DATA_INSUFFICIENT_QUALITY
e6ec2c47977443cd852a61a9489ba276,QUALITY_COMPOUNDER,Quality Compounder,FROZEN_V2_PROD_1.0,INDIAMART,NSE_EQ|INDIAMART,NSE,EQUITY,CERTIFIED_CLEAN_886,385,2026-10-02T23:52:26.304460+05:30,2026-10-02T23:52:47.903940+05:30,2026-10-02T23:52:47.903940+05:30,2026-10-02T23:52:47.903940+05:30,FULLY_EVALUABLE,ALERT_BUY,True,BUY,False,False,NONE,PASS
e6ec2c47977443cd852a61a9489ba276,QUALITY_COMPOUNDER,Quality Compounder,FROZEN_V2_PROD_1.0,INDIANB,NSE_EQ|INDIANB,NSE,EQUITY,CERTIFIED_CLEAN_886,386,2026-10-02T23:52:26.304460+05:30,2026-10-02T23:52:47.917020+05:30,2026-10-02T23:52:47.917020+05:30,2026-10-02T23:52:47.917020+05:30,FULLY_EVALUABLE,REJECTED,False,NONE,False,True,QUALITY_GATE,METRIC_NOT_APPLICABLE_FINANCIAL
e6ec2c47977443cd852a61a9489ba276,QUALITY_COMPOUNDER,Quality Compounder,FROZEN_V2_PROD_1.0,INDIANHUME,NSE_EQ|INDIANHUME,NSE,EQUITY,CERTIFIED_CLEAN_886,387,2026-10-02T23:52:26.304460+05:30,2026-10-02T23:52:47.925440+05:30,2026-10-02T23:52:47.925440+05:30,2026-10-02T23:52:47.925440+05:30,FULLY_EVALUABLE,REJECTED,False,NONE,False,True,QUALITY_GATE,FAIL_ROCE
e6ec2c47977443cd852a61a9489ba276,QUALITY_COMPOUNDER,Quality Compounder,FROZEN_V2_PROD_1.0,INDIASHLTR,NSE_EQ|INDIASHLTR,NSE,EQUITY,CERTIFIED_CLEAN_886,388,2026-10-02T23:52:26.304460+05:30,2026-10-02T23:52:47.934894+05:30,2026-10-02T23:52:47.934894+05:30,2026-10-02T23:52:47.934894+05:30,FULLY_EVALUABLE,REJECTED,False,NONE,False,True,QUALITY_GATE,METRIC_NOT_APPLICABLE_FINANCIAL
e6ec2c47977443cd852a61a9489ba276,QUALITY_COMPOUNDER,Quality Compounder,FROZEN_V2_PROD_1.0,INDNIPPON,NSE_EQ|INDNIPPON,NSE,EQUITY,CERTIFIED_CLEAN_886,389,2026-10-02T23:52:26.304460+05:30,2026-10-02T23:52:47.944099+05:30,2026-10-02T23:52:47.944099+05:30,2026-10-02T23:52:47.944099+05:30,FULLY_EVALUABLE,REJECTED,False,NONE,False,True,QUALITY_GATE,FAIL_ROCE
e6ec2c47977443cd852a61a9489ba276,QUALITY_COMPOUNDER,Quality Compounder,FROZEN_V2_PROD_1.0,INDOBORAX,NSE_EQ|INDOBORAX,NSE,EQUITY,CERTIFIED_CLEAN_886,390,2026-10-02T23:52:26.304460+05:30,2026-10-02T23:52:47.953179+05:30,2026-10-02T23:52:47.953179+05:30,2026-10-02T23:52:47.953179+05:30,FULLY_EVALUABLE,REJECTED,False,NONE,False,True,QUALITY_GATE,FAIL_SALES_CAGR
e6ec2c47977443cd852a61a9489ba276,QUALITY_COMPOUNDER,Quality Compounder,FROZEN_V2_PROD_1.0,INDOTECH,NSE_EQ|INDOTECH,NSE,EQUITY,CERTIFIED_CLEAN_886,391,2026-10-02T23:52:26.304460+05:30,2026-10-02T23:52:47.961945+05:30,2026-10-02T23:52:47.961945+05:30,2026-10-02T23:52:47.961945+05:30,FULLY_EVALUABLE,REJECTED,False,NONE,False,True,QUALITY_GATE,FAIL_CFO_PAT
e6ec2c47977443cd852a61a9489ba276,QUALITY_COMPOUNDER,Quality Compounder,FROZEN_V2_PROD_1.0,INDOTHAI,NSE_EQ|INDOTHAI,NSE,EQUITY,CERTIFIED_CLEAN_886,392,2026-10-02T23:52:26.304460+05:30,2026-10-02T23:52:47.970770+05:30,2026-10-02T23:52:47.970770+05:30,2026-10-02T23:52:47.970770+05:30,FULLY_EVALUABLE,REJECTED,False,NONE,False,True,QUALITY_GATE,FAIL_UNIVERSE_MARKET_CAP
e6ec2c47977443cd852a61a9489ba276,QUALITY_COMPOUNDER,Quality Compounder,FROZEN_V2_PROD_1.0,INDRAMEDCO,NSE_EQ|INDRAMEDCO,NSE,EQUITY,CERTIFIED_CLEAN_886,393,2026-10-02T23:52:26.304460+05:30,2026-10-02T23:52:47.980690+05:30,2026-10-02T23:52:47.980690+05:30,2026-10-02T23:52:47.980690+05:30,FULLY_EVALUABLE,REJECTED,False,NONE,False,True,VALUATION_GATE,FAIL_VALUATION
e6ec2c47977443cd852a61a9489ba276,QUALITY_COMPOUNDER,Quality Compounder,FROZEN_V2_PROD_1.0,INDUSTOWER,NSE_EQ|INDUSTOWER,NSE,EQUITY,CERTIFIED_CLEAN_886,394,2026-10-02T23:52:26.304460+05:30,2026-10-02T23:52:47.989898+05:30,2026-10-02T23:52:47.989898+05:30,2026-10-02T23:52:47.989898+05:30,FULLY_EVALUABLE,REJECTED,False,NONE,False,True,QUALITY_GATE,FAIL_DEBT
e6ec2c47977443cd852a61a9489ba276,QUALITY_COMPOUNDER,Quality Compounder,FROZEN_V2_PROD_1.0,INFOBEAN,NSE_EQ|INFOBEAN,NSE,EQUITY,CERTIFIED_CLEAN_886,395,2026-10-02T23:52:26.304460+05:30,2026-10-02T23:52:47.997278+05:30,2026-10-02T23:52:47.997278+05:30,2026-10-02T23:52:47.997278+05:30,FULLY_EVALUABLE,REJECTED,False,NONE,False,True,VALUATION_GATE,FAIL_VALUATION
e6ec2c47977443cd852a61a9489ba276,QUALITY_COMPOUNDER,Quality Compounder,FROZEN_V2_PROD_1.0,INFY,NSE_EQ|INFY,NSE,EQUITY,CERTIFIED_CLEAN_886,396,2026-10-02T23:52:26.304460+05:30,2026-10-02T23:52:48.006614+05:30,2026-10-02T23:52:48.006614+05:30,2026-10-02T23:52:48.006614+05:30,FULLY_EVALUABLE,REJECTED,False,NONE,False,True,QUALITY_GATE,FAIL_PAT_CAGR
e6ec2c47977443cd852a61a9489ba276,QUALITY_COMPOUNDER,Quality Compounder,FROZEN_V2_PROD_1.0,INGERRAND,NSE_EQ|INGERRAND,NSE,EQUITY,CERTIFIED_CLEAN_886,397,2026-10-02T23:52:26.304460+05:30,2026-10-02T23:52:48.014867+05:30,2026-10-02T23:52:48.014867+05:30,2026-10-02T23:52:48.014867+05:30,FULLY_EVALUABLE,REJECTED,False,NONE,False,True,VALUATION_GATE,FAIL_VALUATION
e6ec2c47977443cd852a61a9489ba276,QUALITY_COMPOUNDER,Quality Compounder,FROZEN_V2_PROD_1.0,INNOVACAP,NSE_EQ|INNOVACAP,NSE,EQUITY,CERTIFIED_CLEAN_886,398,2026-10-02T23:52:26.304460+05:30,2026-10-02T23:52:48.023969+05:30,2026-10-02T23:52:48.023969+05:30,2026-10-02T23:52:48.023969+05:30,FULLY_EVALUABLE,REJECTED,False,NONE,False,True,VALUATION_GATE,FAIL_VALUATION
e6ec2c47977443cd852a61a9489ba276,QUALITY_COMPOUNDER,Quality Compounder,FROZEN_V2_PROD_1.0,INOXINDIA,NSE_EQ|INOXINDIA,NSE,EQUITY,CERTIFIED_CLEAN_886,399,2026-10-02T23:52:26.304460+05:30,2026-10-02T23:52:48.030391+05:30,2026-10-02T23:52:48.030391+05:30,2026-10-02T23:52:48.030391+05:30,FULLY_EVALUABLE,REJECTED,False,NONE,False,True,QUALITY_GATE,FAIL_CFO_PAT
e6ec2c47977443cd852a61a9489ba276,QUALITY_COMPOUNDER,Quality Compounder,FROZEN_V2_PROD_1.0,INSECTICID,NSE_EQ|INSECTICID,NSE,EQUITY,CERTIFIED_CLEAN_886,400,2026-10-02T23:52:26.304460+05:30,2026-10-02T23:52:48.042649+05:30,2026-10-02T23:52:48.042649+05:30,2026-10-02T23:52:48.042649+05:30,FULLY_EVALUABLE,REJECTED,False,NONE,False,True,QUALITY_GATE,FAIL_LIQUIDITY
e6ec2c47977443cd852a61a9489ba276,QUALITY_COMPOUNDER,Quality Compounder,FROZEN_V2_PROD_1.0,INTELLECT,NSE_EQ|INTELLECT,NSE,EQUITY,CERTIFIED_CLEAN_886,401,2026-10-02T23:52:26.304460+05:30,2026-10-02T23:52:48.056507+05:30,2026-10-02T23:52:48.056507+05:30,2026-10-02T23:52:48.056507+05:30,FULLY_EVALUABLE,REJECTED,False,NONE,False,True,QUALITY_GATE,FAIL_PAT_CAGR
e6ec2c47977443cd852a61a9489ba276,QUALITY_COMPOUNDER,Quality Compounder,FROZEN_V2_PROD_1.0,INTERARCH,NSE_EQ|INTERARCH,NSE,EQUITY,CERTIFIED_CLEAN_886,402,2026-10-02T23:52:26.304460+05:30,2026-10-02T23:52:48.064534+05:30,2026-10-02T23:52:48.064534+05:30,2026-10-02T23:52:48.064534+05:30,FULLY_EVALUABLE,REJECTED,False,NONE,False,True,QUALITY_GATE,FAIL_CFO_PAT
e6ec2c47977443cd852a61a9489ba276,QUALITY_COMPOUNDER,Quality Compounder,FROZEN_V2_PROD_1.0,IOC,NSE_EQ|IOC,NSE,EQUITY,CERTIFIED_CLEAN_886,403,2026-10-02T23:52:26.304460+05:30,2026-10-02T23:52:48.078308+05:30,2026-10-02T23:52:48.078308+05:30,2026-10-02T23:52:48.078308+05:30,FULLY_EVALUABLE,REJECTED,False,NONE,False,True,QUALITY_GATE,FAIL_ROCE
e6ec2c47977443cd852a61a9489ba276,QUALITY_COMPOUNDER,Quality Compounder,FROZEN_V2_PROD_1.0,IONEXCHANG,NSE_EQ|IONEXCHANG,NSE,EQUITY,CERTIFIED_CLEAN_886,404,2026-10-02T23:52:26.304460+05:30,2026-10-02T23:52:48.089940+05:30,2026-10-02T23:52:48.089940+05:30,2026-10-02T23:52:48.089940+05:30,FULLY_EVALUABLE,REJECTED,False,NONE,False,True,QUALITY_GATE,FAIL_PAT_CAGR
e6ec2c47977443cd852a61a9489ba276,QUALITY_COMPOUNDER,Quality Compounder,FROZEN_V2_PROD_1.0,IPCALAB,NSE_EQ|IPCALAB,NSE,EQUITY,CERTIFIED_CLEAN_886,405,2026-10-02T23:52:26.304460+05:30,2026-10-02T23:52:48.101084+05:30,2026-10-02T23:52:48.101084+05:30,2026-10-02T23:52:48.101084+05:30,FULLY_EVALUABLE,REJECTED,False,NONE,False,True,QUALITY_GATE,FAIL_PAT_CAGR
e6ec2c47977443cd852a61a9489ba276,QUALITY_COMPOUNDER,Quality Compounder,FROZEN_V2_PROD_1.0,IPL,NSE_EQ|IPL,NSE,EQUITY,CERTIFIED_CLEAN_886,406,2026-10-02T23:52:26.304460+05:30,2026-10-02T23:52:48.116631+05:30,2026-10-02T23:52:48.116631+05:30,2026-10-02T23:52:48.116631+05:30,FULLY_EVALUABLE,REJECTED,False,NONE,False,True,QUALITY_GATE,FAIL_PAT_CAGR
e6ec2c47977443cd852a61a9489ba276,QUALITY_COMPOUNDER,Quality Compounder,FROZEN_V2_PROD_1.0,IRCON,NSE_EQ|IRCON,NSE,EQUITY,CERTIFIED_CLEAN_886,407,2026-10-02T23:52:26.304460+05:30,2026-10-02T23:52:48.125709+05:30,2026-10-02T23:52:48.125709+05:30,2026-10-02T23:52:48.125709+05:30,FULLY_EVALUABLE,REJECTED,False,NONE,False,True,QUALITY_GATE,FAIL_ROCE
e6ec2c47977443cd852a61a9489ba276,QUALITY_COMPOUNDER,Quality Compounder,FROZEN_V2_PROD_1.0,IRCTC,NSE_EQ|IRCTC,NSE,EQUITY,CERTIFIED_CLEAN_886,408,2026-10-02T23:52:26.304460+05:30,2026-10-02T23:52:48.140719+05:30,2026-10-02T23:52:48.140719+05:30,2026-10-02T23:52:48.140719+05:30,DATA_FAILURE,BLOCKED,False,NONE,True,True,DATA_GATE,DATA_INSUFFICIENT_QUALITY
e6ec2c47977443cd852a61a9489ba276,QUALITY_COMPOUNDER,Quality Compounder,FROZEN_V2_PROD_1.0,IREDA,NSE_EQ|IREDA,NSE,EQUITY,CERTIFIED_CLEAN_886,409,2026-10-02T23:52:26.304460+05:30,2026-10-02T23:52:48.154290+05:30,2026-10-02T23:52:48.154290+05:30,2026-10-02T23:52:48.154290+05:30,FULLY_EVALUABLE,REJECTED,False,NONE,False,True,QUALITY_GATE,METRIC_NOT_APPLICABLE_FINANCIAL
e6ec2c47977443cd852a61a9489ba276,QUALITY_COMPOUNDER,Quality Compounder,FROZEN_V2_PROD_1.0,ITC,NSE_EQ|ITC,NSE,EQUITY,CERTIFIED_CLEAN_886,410,2026-10-02T23:52:26.304460+05:30,2026-10-02T23:52:48.173791+05:30,2026-10-02T23:52:48.173791+05:30,2026-10-02T23:52:48.173791+05:30,FULLY_EVALUABLE,REJECTED,False,NONE,False,True,QUALITY_GATE,FAIL_SALES_CAGR
e6ec2c47977443cd852a61a9489ba276,QUALITY_COMPOUNDER,Quality Compounder,FROZEN_V2_PROD_1.0,ITDC,NSE_EQ|ITDC,NSE,EQUITY,CERTIFIED_CLEAN_886,411,2026-10-02T23:52:26.304460+05:30,2026-10-02T23:52:48.203670+05:30,2026-10-02T23:52:48.203670+05:30,2026-10-02T23:52:48.203670+05:30,DATA_FAILURE,BLOCKED,False,NONE,True,True,DATA_GATE,DATA_INSUFFICIENT_QUALITY
e6ec2c47977443cd852a61a9489ba276,QUALITY_COMPOUNDER,Quality Compounder,FROZEN_V2_PROD_1.0,ITI,NSE_EQ|ITI,NSE,EQUITY,CERTIFIED_CLEAN_886,412,2026-10-02T23:52:26.304460+05:30,2026-10-02T23:52:48.223170+05:30,2026-10-02T23:52:48.223170+05:30,2026-10-02T23:52:48.223170+05:30,DATA_FAILURE,BLOCKED,False,NONE,True,True,DATA_GATE,DATA_INSUFFICIENT_QUALITY
e6ec2c47977443cd852a61a9489ba276,QUALITY_COMPOUNDER,Quality Compounder,FROZEN_V2_PROD_1.0,IVALUE,NSE_EQ|IVALUE,NSE,EQUITY,CERTIFIED_CLEAN_886,413,2026-10-02T23:52:26.304460+05:30,2026-10-02T23:52:48.230088+05:30,2026-10-02T23:52:48.230088+05:30,2026-10-02T23:52:48.230088+05:30,FULLY_EVALUABLE,REJECTED,False,NONE,False,True,QUALITY_GATE,FAIL_SALES_CAGR
e6ec2c47977443cd852a61a9489ba276,QUALITY_COMPOUNDER,Quality Compounder,FROZEN_V2_PROD_1.0,IZMO,NSE_EQ|IZMO,NSE,EQUITY,CERTIFIED_CLEAN_886,414,2026-10-02T23:52:26.304460+05:30,2026-10-02T23:52:48.245152+05:30,2026-10-02T23:52:48.245152+05:30,2026-10-02T23:52:48.245152+05:30,FULLY_EVALUABLE,REJECTED,False,NONE,False,True,QUALITY_GATE,FAIL_ROCE
e6ec2c47977443cd852a61a9489ba276,QUALITY_COMPOUNDER,Quality Compounder,FROZEN_V2_PROD_1.0,J&KBANK,NSE_EQ|J&KBANK,NSE,EQUITY,CERTIFIED_CLEAN_886,415,2026-10-02T23:52:26.304460+05:30,2026-10-02T23:52:48.253606+05:30,2026-10-02T23:52:48.253606+05:30,2026-10-02T23:52:48.253606+05:30,FULLY_EVALUABLE,REJECTED,False,NONE,False,True,QUALITY_GATE,METRIC_NOT_APPLICABLE_FINANCIAL
e6ec2c47977443cd852a61a9489ba276,QUALITY_COMPOUNDER,Quality Compounder,FROZEN_V2_PROD_1.0,JAGSNPHARM,NSE_EQ|JAGSNPHARM,NSE,EQUITY,CERTIFIED_CLEAN_886,416,2026-10-02T23:52:26.304460+05:30,2026-10-02T23:52:48.265515+05:30,2026-10-02T23:52:48.265515+05:30,2026-10-02T23:52:48.265515+05:30,FULLY_EVALUABLE,REJECTED,False,NONE,False,True,QUALITY_GATE,FAIL_SALES_CAGR
e6ec2c47977443cd852a61a9489ba276,QUALITY_COMPOUNDER,Quality Compounder,FROZEN_V2_PROD_1.0,JAICORPLTD,NSE_EQ|JAICORPLTD,NSE,EQUITY,CERTIFIED_CLEAN_886,417,2026-10-02T23:52:26.304460+05:30,2026-10-02T23:52:48.275961+05:30,2026-10-02T23:52:48.275961+05:30,2026-10-02T23:52:48.275961+05:30,FULLY_EVALUABLE,REJECTED,False,NONE,False,True,QUALITY_GATE,FAIL_ROCE
e6ec2c47977443cd852a61a9489ba276,QUALITY_COMPOUNDER,Quality Compounder,FROZEN_V2_PROD_1.0,JAINREC,NSE_EQ|JAINREC,NSE,EQUITY,CERTIFIED_CLEAN_886,418,2026-10-02T23:52:26.304460+05:30,2026-10-02T23:52:48.289963+05:30,2026-10-02T23:52:48.289963+05:30,2026-10-02T23:52:48.289963+05:30,STRUCTURAL_INELIGIBLE,BLOCKED,False,NONE,True,True,DATA_GATE,DATA_INSUFFICIENT_QUALITY
e6ec2c47977443cd852a61a9489ba276,QUALITY_COMPOUNDER,Quality Compounder,FROZEN_V2_PROD_1.0,JAMNAAUTO,NSE_EQ|JAMNAAUTO,NSE,EQUITY,CERTIFIED_CLEAN_886,419,2026-10-02T23:52:26.304460+05:30,2026-10-02T23:52:48.300794+05:30,2026-10-02T23:52:48.300794+05:30,2026-10-02T23:52:48.300794+05:30,FULLY_EVALUABLE,REJECTED,False,NONE,False,True,VALUATION_GATE,FAIL_VALUATION
e6ec2c47977443cd852a61a9489ba276,QUALITY_COMPOUNDER,Quality Compounder,FROZEN_V2_PROD_1.0,JARO,NSE_EQ|JARO,NSE,EQUITY,CERTIFIED_CLEAN_886,420,2026-10-02T23:52:26.304460+05:30,2026-10-02T23:52:48.310370+05:30,2026-10-02T23:52:48.310370+05:30,2026-10-02T23:52:48.310370+05:30,FULLY_EVALUABLE,REJECTED,False,NONE,False,True,QUALITY_GATE,FAIL_UNIVERSE_MARKET_CAP
e6ec2c47977443cd852a61a9489ba276,QUALITY_COMPOUNDER,Quality Compounder,FROZEN_V2_PROD_1.0,JAYBARMARU,NSE_EQ|JAYBARMARU,NSE,EQUITY,CERTIFIED_CLEAN_886,421,2026-10-02T23:52:26.304460+05:30,2026-10-02T23:52:48.322625+05:30,2026-10-02T23:52:48.322625+05:30,2026-10-02T23:52:48.322625+05:30,FULLY_EVALUABLE,REJECTED,False,NONE,False,True,QUALITY_GATE,FAIL_ROCE
e6ec2c47977443cd852a61a9489ba276,QUALITY_COMPOUNDER,Quality Compounder,FROZEN_V2_PROD_1.0,JAYKAY,NSE_EQ|JAYKAY,NSE,EQUITY,CERTIFIED_CLEAN_886,422,2026-10-02T23:52:26.304460+05:30,2026-10-02T23:52:48.333126+05:30,2026-10-02T23:52:48.333126+05:30,2026-10-02T23:52:48.333126+05:30,DATA_FAILURE,BLOCKED,False,NONE,True,True,DATA_GATE,DATA_INSUFFICIENT_QUALITY
e6ec2c47977443cd852a61a9489ba276,QUALITY_COMPOUNDER,Quality Compounder,FROZEN_V2_PROD_1.0,JBMA,NSE_EQ|JBMA,NSE,EQUITY,CERTIFIED_CLEAN_886,423,2026-10-02T23:52:26.304460+05:30,2026-10-02T23:52:48.343444+05:30,2026-10-02T23:52:48.343444+05:30,2026-10-02T23:52:48.343444+05:30,FULLY_EVALUABLE,REJECTED,False,NONE,False,True,QUALITY_GATE,FAIL_ROCE
e6ec2c47977443cd852a61a9489ba276,QUALITY_COMPOUNDER,Quality Compounder,FROZEN_V2_PROD_1.0,JGCHEM,NSE_EQ|JGCHEM,NSE,EQUITY,CERTIFIED_CLEAN_886,424,2026-10-02T23:52:26.304460+05:30,2026-10-02T23:52:48.351247+05:30,2026-10-02T23:52:48.351247+05:30,2026-10-02T23:52:48.351247+05:30,FULLY_EVALUABLE,REJECTED,False,NONE,False,True,QUALITY_GATE,FAIL_CFO_PAT
e6ec2c47977443cd852a61a9489ba276,QUALITY_COMPOUNDER,Quality Compounder,FROZEN_V2_PROD_1.0,JINDALSAW,NSE_EQ|JINDALSAW,NSE,EQUITY,CERTIFIED_CLEAN_886,425,2026-10-02T23:52:26.304460+05:30,2026-10-02T23:52:48.362024+05:30,2026-10-02T23:52:48.362024+05:30,2026-10-02T23:52:48.362024+05:30,FULLY_EVALUABLE,REJECTED,False,NONE,False,True,QUALITY_GATE,FAIL_ROCE
e6ec2c47977443cd852a61a9489ba276,QUALITY_COMPOUNDER,Quality Compounder,FROZEN_V2_PROD_1.0,JINDRILL,NSE_EQ|JINDRILL,NSE,EQUITY,CERTIFIED_CLEAN_886,426,2026-10-02T23:52:26.304460+05:30,2026-10-02T23:52:48.373329+05:30,2026-10-02T23:52:48.373329+05:30,2026-10-02T23:52:48.373329+05:30,DATA_FAILURE,BLOCKED,False,NONE,True,True,DATA_GATE,DATA_INSUFFICIENT_QUALITY
e6ec2c47977443cd852a61a9489ba276,QUALITY_COMPOUNDER,Quality Compounder,FROZEN_V2_PROD_1.0,JKCEMENT,NSE_EQ|JKCEMENT,NSE,EQUITY,CERTIFIED_CLEAN_886,427,2026-10-02T23:52:26.304460+05:30,2026-10-02T23:52:48.382314+05:30,2026-10-02T23:52:48.382314+05:30,2026-10-02T23:52:48.382314+05:30,FULLY_EVALUABLE,REJECTED,False,NONE,False,True,QUALITY_GATE,FAIL_ROCE
e6ec2c47977443cd852a61a9489ba276,QUALITY_COMPOUNDER,Quality Compounder,FROZEN_V2_PROD_1.0,JKIL,NSE_EQ|JKIL,NSE,EQUITY,CERTIFIED_CLEAN_886,428,2026-10-02T23:52:26.304460+05:30,2026-10-02T23:52:49.735213+05:30,2026-10-02T23:52:49.735213+05:30,2026-10-02T23:52:49.735213+05:30,FULLY_EVALUABLE,ALERT_BUY,True,BUY,False,False,NONE,PASS
e6ec2c47977443cd852a61a9489ba276,QUALITY_COMPOUNDER,Quality Compounder,FROZEN_V2_PROD_1.0,JKLAKSHMI,NSE_EQ|JKLAKSHMI,NSE,EQUITY,CERTIFIED_CLEAN_886,429,2026-10-02T23:52:26.304460+05:30,2026-10-02T23:52:49.746052+05:30,2026-10-02T23:52:49.746052+05:30,2026-10-02T23:52:49.746052+05:30,FULLY_EVALUABLE,REJECTED,False,NONE,False,True,QUALITY_GATE,FAIL_ROCE
e6ec2c47977443cd852a61a9489ba276,QUALITY_COMPOUNDER,Quality Compounder,FROZEN_V2_PROD_1.0,JKTYRE,NSE_EQ|JKTYRE,NSE,EQUITY,CERTIFIED_CLEAN_886,430,2026-10-02T23:52:26.304460+05:30,2026-10-02T23:52:49.756843+05:30,2026-10-02T23:52:49.756843+05:30,2026-10-02T23:52:49.756843+05:30,FULLY_EVALUABLE,REJECTED,False,NONE,False,True,QUALITY_GATE,FAIL_ROCE
e6ec2c47977443cd852a61a9489ba276,QUALITY_COMPOUNDER,Quality Compounder,FROZEN_V2_PROD_1.0,JLHL,NSE_EQ|JLHL,NSE,EQUITY,CERTIFIED_CLEAN_886,431,2026-10-02T23:52:26.304460+05:30,2026-10-02T23:52:49.773464+05:30,2026-10-02T23:52:49.773464+05:30,2026-10-02T23:52:49.773464+05:30,DATA_FAILURE,BLOCKED,False,NONE,True,True,DATA_GATE,DATA_INSUFFICIENT_QUALITY
e6ec2c47977443cd852a61a9489ba276,QUALITY_COMPOUNDER,Quality Compounder,FROZEN_V2_PROD_1.0,JMFINANCIL,NSE_EQ|JMFINANCIL,NSE,EQUITY,CERTIFIED_CLEAN_886,432,2026-10-02T23:52:26.304460+05:30,2026-10-02T23:52:49.783655+05:30,2026-10-02T23:52:49.783655+05:30,2026-10-02T23:52:49.783655+05:30,FULLY_EVALUABLE,REJECTED,False,NONE,False,True,QUALITY_GATE,METRIC_NOT_APPLICABLE_FINANCIAL
e6ec2c47977443cd852a61a9489ba276,QUALITY_COMPOUNDER,Quality Compounder,FROZEN_V2_PROD_1.0,JNKINDIA,NSE_EQ|JNKINDIA,NSE,EQUITY,CERTIFIED_CLEAN_886,433,2026-10-02T23:52:26.304460+05:30,2026-10-02T23:52:49.794018+05:30,2026-10-02T23:52:49.794018+05:30,2026-10-02T23:52:49.794018+05:30,FULLY_EVALUABLE,REJECTED,False,NONE,False,True,QUALITY_GATE,FAIL_CFO_PAT
e6ec2c47977443cd852a61a9489ba276,QUALITY_COMPOUNDER,Quality Compounder,FROZEN_V2_PROD_1.0,JPOLYINVST,NSE_EQ|JPOLYINVST,NSE,EQUITY,CERTIFIED_CLEAN_886,434,2026-10-02T23:52:26.304460+05:30,2026-10-02T23:52:49.806971+05:30,2026-10-02T23:52:49.806971+05:30,2026-10-02T23:52:49.806971+05:30,DATA_FAILURE,BLOCKED,False,NONE,True,True,DATA_GATE,FAIL_LIQUIDITY
e6ec2c47977443cd852a61a9489ba276,QUALITY_COMPOUNDER,Quality Compounder,FROZEN_V2_PROD_1.0,JSL,NSE_EQ|JSL,NSE,EQUITY,CERTIFIED_CLEAN_886,435,2026-10-02T23:52:26.304460+05:30,2026-10-02T23:52:49.816652+05:30,2026-10-02T23:52:49.816652+05:30,2026-10-02T23:52:49.816652+05:30,FULLY_EVALUABLE,REJECTED,False,NONE,False,True,VALUATION_GATE,FAIL_VALUATION
e6ec2c47977443cd852a61a9489ba276,QUALITY_COMPOUNDER,Quality Compounder,FROZEN_V2_PROD_1.0,JSLL,NSE_EQ|JSLL,NSE,EQUITY,CERTIFIED_CLEAN_886,436,2026-10-02T23:52:26.304460+05:30,2026-10-02T23:52:49.826579+05:30,2026-10-02T23:52:49.826579+05:30,2026-10-02T23:52:49.826579+05:30,STRUCTURAL_INELIGIBLE,BLOCKED,False,NONE,True,True,DATA_GATE,DATA_INSUFFICIENT_QUALITY
e6ec2c47977443cd852a61a9489ba276,QUALITY_COMPOUNDER,Quality Compounder,FROZEN_V2_PROD_1.0,JSWDULUX,NSE_EQ|JSWDULUX,NSE,EQUITY,CERTIFIED_CLEAN_886,437,2026-10-02T23:52:26.304460+05:30,2026-10-02T23:52:49.835142+05:30,2026-10-02T23:52:49.835142+05:30,2026-10-02T23:52:49.835142+05:30,FULLY_EVALUABLE,REJECTED,False,NONE,False,True,QUALITY_GATE,FAIL_SALES_CAGR
e6ec2c47977443cd852a61a9489ba276,QUALITY_COMPOUNDER,Quality Compounder,FROZEN_V2_PROD_1.0,JSWINFRA,NSE_EQ|JSWINFRA,NSE,EQUITY,CERTIFIED_CLEAN_886,438,2026-10-02T23:52:26.304460+05:30,2026-10-02T23:52:49.843186+05:30,2026-10-02T23:52:49.843186+05:30,2026-10-02T23:52:49.843186+05:30,FULLY_EVALUABLE,REJECTED,False,NONE,False,True,QUALITY_GATE,FAIL_ROCE
e6ec2c47977443cd852a61a9489ba276,QUALITY_COMPOUNDER,Quality Compounder,FROZEN_V2_PROD_1.0,JSWSTEEL,NSE_EQ|JSWSTEEL,NSE,EQUITY,CERTIFIED_CLEAN_886,439,2026-10-02T23:52:26.304460+05:30,2026-10-02T23:52:49.852947+05:30,2026-10-02T23:52:49.852947+05:30,2026-10-02T23:52:49.852947+05:30,FULLY_EVALUABLE,REJECTED,False,NONE,False,True,QUALITY_GATE,FAIL_ROCE
e6ec2c47977443cd852a61a9489ba276,QUALITY_COMPOUNDER,Quality Compounder,FROZEN_V2_PROD_1.0,JUBLCPL,NSE_EQ|JUBLCPL,NSE,EQUITY,CERTIFIED_CLEAN_886,440,2026-10-02T23:52:26.304460+05:30,2026-10-02T23:52:49.862828+05:30,2026-10-02T23:52:49.862828+05:30,2026-10-02T23:52:49.862828+05:30,STRUCTURAL_INELIGIBLE,BLOCKED,False,NONE,True,True,DATA_GATE,DATA_INSUFFICIENT_QUALITY
e6ec2c47977443cd852a61a9489ba276,QUALITY_COMPOUNDER,Quality Compounder,FROZEN_V2_PROD_1.0,JUBLFOOD,NSE_EQ|JUBLFOOD,NSE,EQUITY,CERTIFIED_CLEAN_886,441,2026-10-02T23:52:26.304460+05:30,2026-10-02T23:52:49.876417+05:30,2026-10-02T23:52:49.876417+05:30,2026-10-02T23:52:49.876417+05:30,FULLY_EVALUABLE,REJECTED,False,NONE,False,True,QUALITY_GATE,FAIL_DEBT
e6ec2c47977443cd852a61a9489ba276,QUALITY_COMPOUNDER,Quality Compounder,FROZEN_V2_PROD_1.0,JUBLINGREA,NSE_EQ|JUBLINGREA,NSE,EQUITY,CERTIFIED_CLEAN_886,442,2026-10-02T23:52:26.304460+05:30,2026-10-02T23:52:49.886588+05:30,2026-10-02T23:52:49.886588+05:30,2026-10-02T23:52:49.886588+05:30,FULLY_EVALUABLE,REJECTED,False,NONE,False,True,VALUATION_GATE,FAIL_VALUATION
e6ec2c47977443cd852a61a9489ba276,QUALITY_COMPOUNDER,Quality Compounder,FROZEN_V2_PROD_1.0,JUSTDIAL,NSE_EQ|JUSTDIAL,NSE,EQUITY,CERTIFIED_CLEAN_886,443,2026-10-02T23:52:26.304460+05:30,2026-10-02T23:52:49.896561+05:30,2026-10-02T23:52:49.896561+05:30,2026-10-02T23:52:49.896561+05:30,DATA_FAILURE,BLOCKED,False,NONE,True,True,DATA_GATE,FAIL_ROCE
e6ec2c47977443cd852a61a9489ba276,QUALITY_COMPOUNDER,Quality Compounder,FROZEN_V2_PROD_1.0,JYOTHYLAB,NSE_EQ|JYOTHYLAB,NSE,EQUITY,CERTIFIED_CLEAN_886,444,2026-10-02T23:52:26.304460+05:30,2026-10-02T23:52:50.062288+05:30,2026-10-02T23:52:50.062288+05:30,2026-10-02T23:52:50.062288+05:30,FULLY_EVALUABLE,ALERT_BUY,True,BUY,False,False,NONE,PASS
e6ec2c47977443cd852a61a9489ba276,QUALITY_COMPOUNDER,Quality Compounder,FROZEN_V2_PROD_1.0,JYOTICNC,NSE_EQ|JYOTICNC,NSE,EQUITY,CERTIFIED_CLEAN_886,445,2026-10-02T23:52:26.304460+05:30,2026-10-02T23:52:50.078041+05:30,2026-10-02T23:52:50.078041+05:30,2026-10-02T23:52:50.078041+05:30,DATA_FAILURE,BLOCKED,False,NONE,True,True,DATA_GATE,DATA_INSUFFICIENT_QUALITY
e6ec2c47977443cd852a61a9489ba276,QUALITY_COMPOUNDER,Quality Compounder,FROZEN_V2_PROD_1.0,KAJARIACER,NSE_EQ|KAJARIACER,NSE,EQUITY,CERTIFIED_CLEAN_886,446,2026-10-02T23:52:26.304460+05:30,2026-10-02T23:52:50.091932+05:30,2026-10-02T23:52:50.091932+05:30,2026-10-02T23:52:50.091932+05:30,FULLY_EVALUABLE,REJECTED,False,NONE,False,True,QUALITY_GATE,FAIL_PAT_CAGR
e6ec2c47977443cd852a61a9489ba276,QUALITY_COMPOUNDER,Quality Compounder,FROZEN_V2_PROD_1.0,KALAMANDIR,NSE_EQ|KALAMANDIR,NSE,EQUITY,CERTIFIED_CLEAN_886,447,2026-10-02T23:52:26.304460+05:30,2026-10-02T23:52:50.107432+05:30,2026-10-02T23:52:50.107432+05:30,2026-10-02T23:52:50.107432+05:30,FULLY_EVALUABLE,REJECTED,False,NONE,False,True,VALUATION_GATE,FAIL_VALUATION
e6ec2c47977443cd852a61a9489ba276,QUALITY_COMPOUNDER,Quality Compounder,FROZEN_V2_PROD_1.0,KALYANKJIL,NSE_EQ|KALYANKJIL,NSE,EQUITY,CERTIFIED_CLEAN_886,448,2026-10-02T23:52:26.304460+05:30,2026-10-02T23:52:50.122767+05:30,2026-10-02T23:52:50.122767+05:30,2026-10-02T23:52:50.122767+05:30,DATA_FAILURE,BLOCKED,False,NONE,True,True,DATA_GATE,DATA_INSUFFICIENT_QUALITY
e6ec2c47977443cd852a61a9489ba276,QUALITY_COMPOUNDER,Quality Compounder,FROZEN_V2_PROD_1.0,KAMAHOLD,NSE_EQ|KAMAHOLD,NSE,EQUITY,CERTIFIED_CLEAN_886,449,2026-10-02T23:52:26.304460+05:30,2026-10-02T23:52:50.141995+05:30,2026-10-02T23:52:50.141995+05:30,2026-10-02T23:52:50.141995+05:30,FULLY_EVALUABLE,REJECTED,False,NONE,False,True,QUALITY_GATE,FAIL_LIQUIDITY
e6ec2c47977443cd852a61a9489ba276,QUALITY_COMPOUNDER,Quality Compounder,FROZEN_V2_PROD_1.0,KANSAINER,NSE_EQ|KANSAINER,NSE,EQUITY,CERTIFIED_CLEAN_886,450,2026-10-02T23:52:26.304460+05:30,2026-10-02T23:52:50.155796+05:30,2026-10-02T23:52:50.155796+05:30,2026-10-02T23:52:50.155796+05:30,FULLY_EVALUABLE,REJECTED,False,NONE,False,True,QUALITY_GATE,FAIL_ROCE
e6ec2c47977443cd852a61a9489ba276,QUALITY_COMPOUNDER,Quality Compounder,FROZEN_V2_PROD_1.0,KARURVYSYA,NSE_EQ|KARURVYSYA,NSE,EQUITY,CERTIFIED_CLEAN_886,451,2026-10-02T23:52:26.304460+05:30,2026-10-02T23:52:50.191911+05:30,2026-10-02T23:52:50.191911+05:30,2026-10-02T23:52:50.191911+05:30,FULLY_EVALUABLE,REJECTED,False,NONE,False,True,QUALITY_GATE,METRIC_NOT_APPLICABLE_FINANCIAL
e6ec2c47977443cd852a61a9489ba276,QUALITY_COMPOUNDER,Quality Compounder,FROZEN_V2_PROD_1.0,KAYNES,NSE_EQ|KAYNES,NSE,EQUITY,CERTIFIED_CLEAN_886,452,2026-10-02T23:52:26.304460+05:30,2026-10-02T23:52:50.201468+05:30,2026-10-02T23:52:50.201468+05:30,2026-10-02T23:52:50.201468+05:30,FULLY_EVALUABLE,REJECTED,False,NONE,False,True,QUALITY_GATE,FAIL_CFO_PAT
e6ec2c47977443cd852a61a9489ba276,QUALITY_COMPOUNDER,Quality Compounder,FROZEN_V2_PROD_1.0,KCP,NSE_EQ|KCP,NSE,EQUITY,CERTIFIED_CLEAN_886,453,2026-10-02T23:52:26.304460+05:30,2026-10-02T23:52:50.213784+05:30,2026-10-02T23:52:50.213784+05:30,2026-10-02T23:52:50.213784+05:30,FULLY_EVALUABLE,REJECTED,False,NONE,False,True,QUALITY_GATE,FAIL_ROCE
e6ec2c47977443cd852a61a9489ba276,QUALITY_COMPOUNDER,Quality Compounder,FROZEN_V2_PROD_1.0,KDDL,NSE_EQ|KDDL,NSE,EQUITY,CERTIFIED_CLEAN_886,454,2026-10-02T23:52:26.304460+05:30,2026-10-02T23:52:50.223599+05:30,2026-10-02T23:52:50.223599+05:30,2026-10-02T23:52:50.223599+05:30,FULLY_EVALUABLE,REJECTED,False,NONE,False,True,QUALITY_GATE,FAIL_CFO_PAT
e6ec2c47977443cd852a61a9489ba276,QUALITY_COMPOUNDER,Quality Compounder,FROZEN_V2_PROD_1.0,KEC,NSE_EQ|KEC,NSE,EQUITY,CERTIFIED_CLEAN_886,455,2026-10-02T23:52:26.304460+05:30,2026-10-02T23:52:50.235100+05:30,2026-10-02T23:52:50.235100+05:30,2026-10-02T23:52:50.235100+05:30,FULLY_EVALUABLE,REJECTED,False,NONE,False,True,QUALITY_GATE,FAIL_PAT_CAGR
e6ec2c47977443cd852a61a9489ba276,QUALITY_COMPOUNDER,Quality Compounder,FROZEN_V2_PROD_1.0,KEI,NSE_EQ|KEI,NSE,EQUITY,CERTIFIED_CLEAN_886,456,2026-10-02T23:52:26.304460+05:30,2026-10-02T23:52:50.243678+05:30,2026-10-02T23:52:50.243678+05:30,2026-10-02T23:52:50.243678+05:30,FULLY_EVALUABLE,REJECTED,False,NONE,False,True,QUALITY_GATE,FAIL_CFO_PAT
e6ec2c47977443cd852a61a9489ba276,QUALITY_COMPOUNDER,Quality Compounder,FROZEN_V2_PROD_1.0,KENNAMET,NSE_EQ|KENNAMET,NSE,EQUITY,CERTIFIED_CLEAN_886,457,2026-10-02T23:52:26.304460+05:30,2026-10-02T23:52:50.257862+05:30,2026-10-02T23:52:50.257862+05:30,2026-10-02T23:52:50.257862+05:30,DATA_FAILURE,BLOCKED,False,NONE,True,True,DATA_GATE,DATA_INSUFFICIENT_QUALITY
e6ec2c47977443cd852a61a9489ba276,QUALITY_COMPOUNDER,Quality Compounder,FROZEN_V2_PROD_1.0,KERNEX,NSE_EQ|KERNEX,NSE,EQUITY,CERTIFIED_CLEAN_886,458,2026-10-02T23:52:26.304460+05:30,2026-10-02T23:52:50.270691+05:30,2026-10-02T23:52:50.270691+05:30,2026-10-02T23:52:50.270691+05:30,FULLY_EVALUABLE,REJECTED,False,NONE,False,True,QUALITY_GATE,FAIL_ROCE
e6ec2c47977443cd852a61a9489ba276,QUALITY_COMPOUNDER,Quality Compounder,FROZEN_V2_PROD_1.0,KIMS,NSE_EQ|KIMS,NSE,EQUITY,CERTIFIED_CLEAN_886,459,2026-10-02T23:52:26.304460+05:30,2026-10-02T23:52:50.279801+05:30,2026-10-02T23:52:50.279801+05:30,2026-10-02T23:52:50.279801+05:30,FULLY_EVALUABLE,REJECTED,False,NONE,False,True,QUALITY_GATE,FAIL_PAT_CAGR
e6ec2c47977443cd852a61a9489ba276,QUALITY_COMPOUNDER,Quality Compounder,FROZEN_V2_PROD_1.0,KINGFA,NSE_EQ|KINGFA,NSE,EQUITY,CERTIFIED_CLEAN_886,460,2026-10-02T23:52:26.304460+05:30,2026-10-02T23:52:50.290046+05:30,2026-10-02T23:52:50.290046+05:30,2026-10-02T23:52:50.290046+05:30,FULLY_EVALUABLE,REJECTED,False,NONE,False,True,QUALITY_GATE,FAIL_CFO_PAT
e6ec2c47977443cd852a61a9489ba276,QUALITY_COMPOUNDER,Quality Compounder,FROZEN_V2_PROD_1.0,KIRIINDUS,NSE_EQ|KIRIINDUS,NSE,EQUITY,CERTIFIED_CLEAN_886,461,2026-10-02T23:52:26.304460+05:30,2026-10-02T23:52:50.302229+05:30,2026-10-02T23:52:50.302229+05:30,2026-10-02T23:52:50.302229+05:30,DATA_FAILURE,BLOCKED,False,NONE,True,True,DATA_GATE,FAIL_ROCE
e6ec2c47977443cd852a61a9489ba276,QUALITY_COMPOUNDER,Quality Compounder,FROZEN_V2_PROD_1.0,KIRLFER,NSE_EQ|KIRLFER,NSE,EQUITY,CERTIFIED_CLEAN_886,462,2026-10-02T23:52:26.304460+05:30,2026-10-02T23:52:50.316310+05:30,2026-10-02T23:52:50.316310+05:30,2026-10-02T23:52:50.316310+05:30,DATA_FAILURE,BLOCKED,False,NONE,True,True,DATA_GATE,DATA_INSUFFICIENT_QUALITY
e6ec2c47977443cd852a61a9489ba276,QUALITY_COMPOUNDER,Quality Compounder,FROZEN_V2_PROD_1.0,KIRLOSBROS,NSE_EQ|KIRLOSBROS,NSE,EQUITY,CERTIFIED_CLEAN_886,463,2026-10-02T23:52:26.304460+05:30,2026-10-02T23:52:50.329829+05:30,2026-10-02T23:52:50.329829+05:30,2026-10-02T23:52:50.329829+05:30,FULLY_EVALUABLE,REJECTED,False,NONE,False,True,VALUATION_GATE,FAIL_VALUATION
e6ec2c47977443cd852a61a9489ba276,QUALITY_COMPOUNDER,Quality Compounder,FROZEN_V2_PROD_1.0,KIRLOSENG,NSE_EQ|KIRLOSENG,NSE,EQUITY,CERTIFIED_CLEAN_886,464,2026-10-02T23:52:26.304460+05:30,2026-10-02T23:52:50.341690+05:30,2026-10-02T23:52:50.341690+05:30,2026-10-02T23:52:50.341690+05:30,FULLY_EVALUABLE,REJECTED,False,NONE,False,True,QUALITY_GATE,FAIL_ROCE
e6ec2c47977443cd852a61a9489ba276,QUALITY_COMPOUNDER,Quality Compounder,FROZEN_V2_PROD_1.0,KIRLPNU,NSE_EQ|KIRLPNU,NSE,EQUITY,CERTIFIED_CLEAN_886,465,2026-10-02T23:52:26.304460+05:30,2026-10-02T23:52:50.357954+05:30,2026-10-02T23:52:50.357954+05:30,2026-10-02T23:52:50.357954+05:30,DATA_FAILURE,BLOCKED,False,NONE,True,True,DATA_GATE,DATA_INSUFFICIENT_QUALITY
e6ec2c47977443cd852a61a9489ba276,QUALITY_COMPOUNDER,Quality Compounder,FROZEN_V2_PROD_1.0,KKCL,NSE_EQ|KKCL,NSE,EQUITY,CERTIFIED_CLEAN_886,466,2026-10-02T23:52:26.304460+05:30,2026-10-02T23:52:50.371882+05:30,2026-10-02T23:52:50.371882+05:30,2026-10-02T23:52:50.371882+05:30,FULLY_EVALUABLE,REJECTED,False,NONE,False,True,QUALITY_GATE,FAIL_CFO_PAT
e6ec2c47977443cd852a61a9489ba276,QUALITY_COMPOUNDER,Quality Compounder,FROZEN_V2_PROD_1.0,KMEW,NSE_EQ|KMEW,NSE,EQUITY,CERTIFIED_CLEAN_886,467,2026-10-02T23:52:26.304460+05:30,2026-10-02T23:52:50.383000+05:30,2026-10-02T23:52:50.383000+05:30,2026-10-02T23:52:50.383000+05:30,FULLY_EVALUABLE,REJECTED,False,NONE,False,True,VALUATION_GATE,FAIL_VALUATION
e6ec2c47977443cd852a61a9489ba276,QUALITY_COMPOUNDER,Quality Compounder,FROZEN_V2_PROD_1.0,KNRCON,NSE_EQ|KNRCON,NSE,EQUITY,CERTIFIED_CLEAN_886,468,2026-10-02T23:52:26.304460+05:30,2026-10-02T23:52:50.394189+05:30,2026-10-02T23:52:50.394189+05:30,2026-10-02T23:52:50.394189+05:30,FULLY_EVALUABLE,REJECTED,False,NONE,False,True,QUALITY_GATE,FAIL_SALES_CAGR
e6ec2c47977443cd852a61a9489ba276,QUALITY_COMPOUNDER,Quality Compounder,FROZEN_V2_PROD_1.0,KODYTECH,NSE_EQ|KODYTECH,NSE,EQUITY,CERTIFIED_CLEAN_886,469,2026-10-02T23:52:26.304460+05:30,2026-10-02T23:52:50.409987+05:30,2026-10-02T23:52:50.409987+05:30,2026-10-02T23:52:50.409987+05:30,STRUCTURAL_INELIGIBLE,BLOCKED,False,NONE,True,True,DATA_GATE,DATA_INSUFFICIENT_QUALITY
e6ec2c47977443cd852a61a9489ba276,QUALITY_COMPOUNDER,Quality Compounder,FROZEN_V2_PROD_1.0,KOTAKBANK,NSE_EQ|KOTAKBANK,NSE,EQUITY,CERTIFIED_CLEAN_886,470,2026-10-02T23:52:26.304460+05:30,2026-10-02T23:52:50.422411+05:30,2026-10-02T23:52:50.422411+05:30,2026-10-02T23:52:50.422411+05:30,FULLY_EVALUABLE,REJECTED,False,NONE,False,True,QUALITY_GATE,METRIC_NOT_APPLICABLE_FINANCIAL
e6ec2c47977443cd852a61a9489ba276,QUALITY_COMPOUNDER,Quality Compounder,FROZEN_V2_PROD_1.0,KOVAI,NSE_EQ|KOVAI,NSE,EQUITY,CERTIFIED_CLEAN_886,471,2026-10-02T23:52:26.304460+05:30,2026-10-02T23:52:50.439197+05:30,2026-10-02T23:52:50.439197+05:30,2026-10-02T23:52:50.439197+05:30,FULLY_EVALUABLE,ALERT_BUY,True,BUY,False,False,NONE,PASS
e6ec2c47977443cd852a61a9489ba276,QUALITY_COMPOUNDER,Quality Compounder,FROZEN_V2_PROD_1.0,KPEL,NSE_EQ|KPEL,NSE,EQUITY,CERTIFIED_CLEAN_886,472,2026-10-02T23:52:26.304460+05:30,2026-10-02T23:52:50.450593+05:30,2026-10-02T23:52:50.450593+05:30,2026-10-02T23:52:50.450593+05:30,FULLY_EVALUABLE,REJECTED,False,NONE,False,True,QUALITY_GATE,FAIL_DEBT
e6ec2c47977443cd852a61a9489ba276,QUALITY_COMPOUNDER,Quality Compounder,FROZEN_V2_PROD_1.0,KPIGREEN,NSE_EQ|KPIGREEN,NSE,EQUITY,CERTIFIED_CLEAN_886,473,2026-10-02T23:52:26.304460+05:30,2026-10-02T23:52:50.462417+05:30,2026-10-02T23:52:50.462417+05:30,2026-10-02T23:52:50.462417+05:30,FULLY_EVALUABLE,REJECTED,False,NONE,False,True,QUALITY_GATE,FAIL_DEBT
e6ec2c47977443cd852a61a9489ba276,QUALITY_COMPOUNDER,Quality Compounder,FROZEN_V2_PROD_1.0,KPIL,NSE_EQ|KPIL,NSE,EQUITY,CERTIFIED_CLEAN_886,474,2026-10-02T23:52:26.304460+05:30,2026-10-02T23:52:50.475829+05:30,2026-10-02T23:52:50.475829+05:30,2026-10-02T23:52:50.475829+05:30,FULLY_EVALUABLE,REJECTED,False,NONE,False,True,QUALITY_GATE,FAIL_PAT_CAGR
e6ec2c47977443cd852a61a9489ba276,QUALITY_COMPOUNDER,Quality Compounder,FROZEN_V2_PROD_1.0,KPITTECH,NSE_EQ|KPITTECH,NSE,EQUITY,CERTIFIED_CLEAN_886,475,2026-10-02T23:52:26.304460+05:30,2026-10-02T23:52:50.627953+05:30,2026-10-02T23:52:50.627953+05:30,2026-10-02T23:52:50.627953+05:30,FULLY_EVALUABLE,ALERT_BUY,True,BUY,False,False,NONE,PASS
e6ec2c47977443cd852a61a9489ba276,QUALITY_COMPOUNDER,Quality Compounder,FROZEN_V2_PROD_1.0,KPL,NSE_EQ|KPL,NSE,EQUITY,CERTIFIED_CLEAN_886,476,2026-10-02T23:52:26.304460+05:30,2026-10-02T23:52:50.639590+05:30,2026-10-02T23:52:50.639590+05:30,2026-10-02T23:52:50.639590+05:30,FULLY_EVALUABLE,REJECTED,False,NONE,False,True,VALUATION_GATE,FAIL_VALUATION
e6ec2c47977443cd852a61a9489ba276,QUALITY_COMPOUNDER,Quality Compounder,FROZEN_V2_PROD_1.0,KPRMILL,NSE_EQ|KPRMILL,NSE,EQUITY,CERTIFIED_CLEAN_886,477,2026-10-02T23:52:26.304460+05:30,2026-10-02T23:52:50.653652+05:30,2026-10-02T23:52:50.653652+05:30,2026-10-02T23:52:50.653652+05:30,FULLY_EVALUABLE,REJECTED,False,NONE,False,True,VALUATION_GATE,FAIL_VALUATION
e6ec2c47977443cd852a61a9489ba276,QUALITY_COMPOUNDER,Quality Compounder,FROZEN_V2_PROD_1.0,KRBL,NSE_EQ|KRBL,NSE,EQUITY,CERTIFIED_CLEAN_886,478,2026-10-02T23:52:26.304460+05:30,2026-10-02T23:52:50.665678+05:30,2026-10-02T23:52:50.665678+05:30,2026-10-02T23:52:50.665678+05:30,FULLY_EVALUABLE,REJECTED,False,NONE,False,True,QUALITY_GATE,FAIL_SALES_CAGR
e6ec2c47977443cd852a61a9489ba276,QUALITY_COMPOUNDER,Quality Compounder,FROZEN_V2_PROD_1.0,KRISHANA,NSE_EQ|KRISHANA,NSE,EQUITY,CERTIFIED_CLEAN_886,479,2026-10-02T23:52:26.304460+05:30,2026-10-02T23:52:50.676727+05:30,2026-10-02T23:52:50.676727+05:30,2026-10-02T23:52:50.676727+05:30,FULLY_EVALUABLE,REJECTED,False,NONE,False,True,QUALITY_GATE,FAIL_CFO_PAT
e6ec2c47977443cd852a61a9489ba276,QUALITY_COMPOUNDER,Quality Compounder,FROZEN_V2_PROD_1.0,KRISHIVAL,NSE_EQ|KRISHIVAL,NSE,EQUITY,CERTIFIED_CLEAN_886,480,2026-10-02T23:52:26.304460+05:30,2026-10-02T23:52:50.686093+05:30,2026-10-02T23:52:50.686093+05:30,2026-10-02T23:52:50.686093+05:30,FULLY_EVALUABLE,REJECTED,False,NONE,False,True,QUALITY_GATE,FAIL_UNIVERSE_MARKET_CAP
e6ec2c47977443cd852a61a9489ba276,QUALITY_COMPOUNDER,Quality Compounder,FROZEN_V2_PROD_1.0,KRISHNADEF,NSE_EQ|KRISHNADEF,NSE,EQUITY,CERTIFIED_CLEAN_886,481,2026-10-02T23:52:26.304460+05:30,2026-10-02T23:52:50.697178+05:30,2026-10-02T23:52:50.697178+05:30,2026-10-02T23:52:50.697178+05:30,STRUCTURAL_INELIGIBLE,BLOCKED,False,NONE,True,True,DATA_GATE,DATA_INSUFFICIENT_QUALITY
e6ec2c47977443cd852a61a9489ba276,QUALITY_COMPOUNDER,Quality Compounder,FROZEN_V2_PROD_1.0,KRN,NSE_EQ|KRN,NSE,EQUITY,CERTIFIED_CLEAN_886,482,2026-10-02T23:52:26.304460+05:30,2026-10-02T23:52:50.710215+05:30,2026-10-02T23:52:50.710215+05:30,2026-10-02T23:52:50.710215+05:30,STRUCTURAL_INELIGIBLE,BLOCKED,False,NONE,True,True,DATA_GATE,DATA_INSUFFICIENT_QUALITY
e6ec2c47977443cd852a61a9489ba276,QUALITY_COMPOUNDER,Quality Compounder,FROZEN_V2_PROD_1.0,KROSS,NSE_EQ|KROSS,NSE,EQUITY,CERTIFIED_CLEAN_886,483,2026-10-02T23:52:26.304460+05:30,2026-10-02T23:52:50.719847+05:30,2026-10-02T23:52:50.719847+05:30,2026-10-02T23:52:50.719847+05:30,FULLY_EVALUABLE,REJECTED,False,NONE,False,True,QUALITY_GATE,FAIL_CFO_PAT
e6ec2c47977443cd852a61a9489ba276,QUALITY_COMPOUNDER,Quality Compounder,FROZEN_V2_PROD_1.0,KRSNAA,NSE_EQ|KRSNAA,NSE,EQUITY,CERTIFIED_CLEAN_886,484,2026-10-02T23:52:26.304460+05:30,2026-10-02T23:52:50.732085+05:30,2026-10-02T23:52:50.732085+05:30,2026-10-02T23:52:50.732085+05:30,DATA_FAILURE,BLOCKED,False,NONE,True,True,DATA_GATE,DATA_INSUFFICIENT_QUALITY
e6ec2c47977443cd852a61a9489ba276,QUALITY_COMPOUNDER,Quality Compounder,FROZEN_V2_PROD_1.0,KSB,NSE_EQ|KSB,NSE,EQUITY,CERTIFIED_CLEAN_886,485,2026-10-02T23:52:26.304460+05:30,2026-10-02T23:52:50.742706+05:30,2026-10-02T23:52:50.742706+05:30,2026-10-02T23:52:50.742706+05:30,FULLY_EVALUABLE,REJECTED,False,NONE,False,True,QUALITY_GATE,FAIL_CFO_PAT
e6ec2c47977443cd852a61a9489ba276,QUALITY_COMPOUNDER,Quality Compounder,FROZEN_V2_PROD_1.0,KSCL,NSE_EQ|KSCL,NSE,EQUITY,CERTIFIED_CLEAN_886,486,2026-10-02T23:52:26.304460+05:30,2026-10-02T23:52:50.753877+05:30,2026-10-02T23:52:50.753877+05:30,2026-10-02T23:52:50.753877+05:30,FULLY_EVALUABLE,REJECTED,False,NONE,False,True,QUALITY_GATE,FAIL_SALES_CAGR
e6ec2c47977443cd852a61a9489ba276,QUALITY_COMPOUNDER,Quality Compounder,FROZEN_V2_PROD_1.0,KSHINTL,NSE_EQ|KSHINTL,NSE,EQUITY,CERTIFIED_CLEAN_886,487,2026-10-02T23:52:26.304460+05:30,2026-10-02T23:52:50.766121+05:30,2026-10-02T23:52:50.766121+05:30,2026-10-02T23:52:50.766121+05:30,FULLY_EVALUABLE,REJECTED,False,NONE,False,True,QUALITY_GATE,FAIL_CFO_PAT
e6ec2c47977443cd852a61a9489ba276,QUALITY_COMPOUNDER,Quality Compounder,FROZEN_V2_PROD_1.0,KSL,NSE_EQ|KSL,NSE,EQUITY,CERTIFIED_CLEAN_886,488,2026-10-02T23:52:26.304460+05:30,2026-10-02T23:52:50.776424+05:30,2026-10-02T23:52:50.776424+05:30,2026-10-02T23:52:50.776424+05:30,DATA_FAILURE,BLOCKED,False,NONE,True,True,DATA_GATE,FAIL_SALES_CAGR
e6ec2c47977443cd852a61a9489ba276,QUALITY_COMPOUNDER,Quality Compounder,FROZEN_V2_PROD_1.0,KTKBANK,NSE_EQ|KTKBANK,NSE,EQUITY,CERTIFIED_CLEAN_886,489,2026-10-02T23:52:26.304460+05:30,2026-10-02T23:52:50.787054+05:30,2026-10-02T23:52:50.787054+05:30,2026-10-02T23:52:50.787054+05:30,FULLY_EVALUABLE,REJECTED,False,NONE,False,True,QUALITY_GATE,METRIC_NOT_APPLICABLE_FINANCIAL
e6ec2c47977443cd852a61a9489ba276,QUALITY_COMPOUNDER,Quality Compounder,FROZEN_V2_PROD_1.0,LALPATHLAB,NSE_EQ|LALPATHLAB,NSE,EQUITY,CERTIFIED_CLEAN_886,490,2026-10-02T23:52:26.304460+05:30,2026-10-02T23:52:50.796462+05:30,2026-10-02T23:52:50.796462+05:30,2026-10-02T23:52:50.796462+05:30,FULLY_EVALUABLE,REJECTED,False,NONE,False,True,VALUATION_GATE,FAIL_VALUATION
e6ec2c47977443cd852a61a9489ba276,QUALITY_COMPOUNDER,Quality Compounder,FROZEN_V2_PROD_1.0,LAOPALA,NSE_EQ|LAOPALA,NSE,EQUITY,CERTIFIED_CLEAN_886,491,2026-10-02T23:52:26.304460+05:30,2026-10-02T23:52:50.806544+05:30,2026-10-02T23:52:50.806544+05:30,2026-10-02T23:52:50.806544+05:30,FULLY_EVALUABLE,REJECTED,False,NONE,False,True,QUALITY_GATE,FAIL_SALES_CAGR
e6ec2c47977443cd852a61a9489ba276,QUALITY_COMPOUNDER,Quality Compounder,FROZEN_V2_PROD_1.0,LAURUSLABS,NSE_EQ|LAURUSLABS,NSE,EQUITY,CERTIFIED_CLEAN_886,492,2026-10-02T23:52:26.304460+05:30,2026-10-02T23:52:50.816866+05:30,2026-10-02T23:52:50.816866+05:30,2026-10-02T23:52:50.816866+05:30,FULLY_EVALUABLE,REJECTED,False,NONE,False,True,QUALITY_GATE,FAIL_SALES_CAGR
e6ec2c47977443cd852a61a9489ba276,QUALITY_COMPOUNDER,Quality Compounder,FROZEN_V2_PROD_1.0,LAXMIDENTL,NSE_EQ|LAXMIDENTL,NSE,EQUITY,CERTIFIED_CLEAN_886,493,2026-10-02T23:52:26.304460+05:30,2026-10-02T23:52:50.828216+05:30,2026-10-02T23:52:50.828216+05:30,2026-10-02T23:52:50.828216+05:30,DATA_FAILURE,BLOCKED,False,NONE,True,True,DATA_GATE,DATA_INSUFFICIENT_QUALITY
e6ec2c47977443cd852a61a9489ba276,QUALITY_COMPOUNDER,Quality Compounder,FROZEN_V2_PROD_1.0,LEMONTREE,NSE_EQ|LEMONTREE,NSE,EQUITY,CERTIFIED_CLEAN_886,494,2026-10-02T23:52:26.304460+05:30,2026-10-02T23:52:50.841900+05:30,2026-10-02T23:52:50.841900+05:30,2026-10-02T23:52:50.841900+05:30,DATA_FAILURE,BLOCKED,False,NONE,True,True,DATA_GATE,DATA_INSUFFICIENT_QUALITY
e6ec2c47977443cd852a61a9489ba276,QUALITY_COMPOUNDER,Quality Compounder,FROZEN_V2_PROD_1.0,LGBBROSLTD,NSE_EQ|LGBBROSLTD,NSE,EQUITY,CERTIFIED_CLEAN_886,495,2026-10-02T23:52:26.304460+05:30,2026-10-02T23:52:50.881329+05:30,2026-10-02T23:52:50.881329+05:30,2026-10-02T23:52:50.881329+05:30,FULLY_EVALUABLE,REJECTED,False,NONE,False,True,VALUATION_GATE,FAIL_VALUATION
e6ec2c47977443cd852a61a9489ba276,QUALITY_COMPOUNDER,Quality Compounder,FROZEN_V2_PROD_1.0,LGEINDIA,NSE_EQ|LGEINDIA,NSE,EQUITY,CERTIFIED_CLEAN_886,496,2026-10-02T23:52:26.304460+05:30,2026-10-02T23:52:50.891373+05:30,2026-10-02T23:52:50.891373+05:30,2026-10-02T23:52:50.891373+05:30,FULLY_EVALUABLE,REJECTED,False,NONE,False,True,QUALITY_GATE,FAIL_PAT_CAGR
e6ec2c47977443cd852a61a9489ba276,QUALITY_COMPOUNDER,Quality Compounder,FROZEN_V2_PROD_1.0,LICHSGFIN,NSE_EQ|LICHSGFIN,NSE,EQUITY,CERTIFIED_CLEAN_886,497,2026-10-02T23:52:26.304460+05:30,2026-10-02T23:52:50.902963+05:30,2026-10-02T23:52:50.902963+05:30,2026-10-02T23:52:50.902963+05:30,FULLY_EVALUABLE,REJECTED,False,NONE,False,True,QUALITY_GATE,METRIC_NOT_APPLICABLE_FINANCIAL
e6ec2c47977443cd852a61a9489ba276,QUALITY_COMPOUNDER,Quality Compounder,FROZEN_V2_PROD_1.0,LICI,NSE_EQ|LICI,NSE,EQUITY,CERTIFIED_CLEAN_886,498,2026-10-02T23:52:26.304460+05:30,2026-10-02T23:52:50.912945+05:30,2026-10-02T23:52:50.912945+05:30,2026-10-02T23:52:50.912945+05:30,FULLY_EVALUABLE,REJECTED,False,NONE,False,True,QUALITY_GATE,METRIC_NOT_APPLICABLE_FINANCIAL
e6ec2c47977443cd852a61a9489ba276,QUALITY_COMPOUNDER,Quality Compounder,FROZEN_V2_PROD_1.0,LINCOLN,NSE_EQ|LINCOLN,NSE,EQUITY,CERTIFIED_CLEAN_886,499,2026-10-02T23:52:26.304460+05:30,2026-10-02T23:52:50.926394+05:30,2026-10-02T23:52:50.926394+05:30,2026-10-02T23:52:50.926394+05:30,FULLY_EVALUABLE,REJECTED,False,NONE,False,True,QUALITY_GATE,FAIL_SALES_CAGR
e6ec2c47977443cd852a61a9489ba276,QUALITY_COMPOUNDER,Quality Compounder,FROZEN_V2_PROD_1.0,LINDEINDIA,NSE_EQ|LINDEINDIA,NSE,EQUITY,CERTIFIED_CLEAN_886,500,2026-10-02T23:52:26.304460+05:30,2026-10-02T23:52:51.114753+05:30,2026-10-02T23:52:51.114753+05:30,2026-10-02T23:52:51.114753+05:30,FULLY_EVALUABLE,ALERT_BUY,True,BUY,False,False,NONE,PASS
e6ec2c47977443cd852a61a9489ba276,QUALITY_COMPOUNDER,Quality Compounder,FROZEN_V2_PROD_1.0,LLOYDSME,NSE_EQ|LLOYDSME,NSE,EQUITY,CERTIFIED_CLEAN_886,501,2026-10-02T23:52:26.304460+05:30,2026-10-02T23:52:51.132802+05:30,2026-10-02T23:52:51.132802+05:30,2026-10-02T23:52:51.132802+05:30,DATA_FAILURE,BLOCKED,False,NONE,True,True,DATA_GATE,DATA_INSUFFICIENT_QUALITY
e6ec2c47977443cd852a61a9489ba276,QUALITY_COMPOUNDER,Quality Compounder,FROZEN_V2_PROD_1.0,LODHA,NSE_EQ|LODHA,NSE,EQUITY,CERTIFIED_CLEAN_886,502,2026-10-02T23:52:26.304460+05:30,2026-10-02T23:52:51.142746+05:30,2026-10-02T23:52:51.142746+05:30,2026-10-02T23:52:51.142746+05:30,FULLY_EVALUABLE,REJECTED,False,NONE,False,True,QUALITY_GATE,FAIL_ROCE
e6ec2c47977443cd852a61a9489ba276,QUALITY_COMPOUNDER,Quality Compounder,FROZEN_V2_PROD_1.0,LOTUSDEV,NSE_EQ|LOTUSDEV,NSE,EQUITY,CERTIFIED_CLEAN_886,503,2026-10-02T23:52:26.304460+05:30,2026-10-02T23:52:51.155223+05:30,2026-10-02T23:52:51.155223+05:30,2026-10-02T23:52:51.155223+05:30,DATA_FAILURE,BLOCKED,False,NONE,True,True,DATA_GATE,DATA_INSUFFICIENT_QUALITY
e6ec2c47977443cd852a61a9489ba276,QUALITY_COMPOUNDER,Quality Compounder,FROZEN_V2_PROD_1.0,LT,NSE_EQ|LT,NSE,EQUITY,CERTIFIED_CLEAN_886,504,2026-10-02T23:52:26.304460+05:30,2026-10-02T23:52:51.168903+05:30,2026-10-02T23:52:51.168903+05:30,2026-10-02T23:52:51.168903+05:30,FULLY_EVALUABLE,REJECTED,False,NONE,False,True,QUALITY_GATE,FAIL_ROCE
e6ec2c47977443cd852a61a9489ba276,QUALITY_COMPOUNDER,Quality Compounder,FROZEN_V2_PROD_1.0,LTF,NSE_EQ|LTF,NSE,EQUITY,CERTIFIED_CLEAN_886,505,2026-10-02T23:52:26.304460+05:30,2026-10-02T23:52:51.179877+05:30,2026-10-02T23:52:51.179877+05:30,2026-10-02T23:52:51.179877+05:30,FULLY_EVALUABLE,REJECTED,False,NONE,False,True,QUALITY_GATE,METRIC_NOT_APPLICABLE_FINANCIAL
e6ec2c47977443cd852a61a9489ba276,QUALITY_COMPOUNDER,Quality Compounder,FROZEN_V2_PROD_1.0,LTFOODS,NSE_EQ|LTFOODS,NSE,EQUITY,CERTIFIED_CLEAN_886,506,2026-10-02T23:52:26.304460+05:30,2026-10-02T23:52:51.191656+05:30,2026-10-02T23:52:51.191656+05:30,2026-10-02T23:52:51.191656+05:30,FULLY_EVALUABLE,REJECTED,False,NONE,False,True,VALUATION_GATE,FAIL_VALUATION
e6ec2c47977443cd852a61a9489ba276,QUALITY_COMPOUNDER,Quality Compounder,FROZEN_V2_PROD_1.0,LTM,NSE_EQ|LTM,NSE,EQUITY,CERTIFIED_CLEAN_886,507,2026-10-02T23:52:26.304460+05:30,2026-10-02T23:52:51.342253+05:30,2026-10-02T23:52:51.342253+05:30,2026-10-02T23:52:51.342253+05:30,FULLY_EVALUABLE,ALERT_BUY,True,BUY,False,False,NONE,PASS
e6ec2c47977443cd852a61a9489ba276,QUALITY_COMPOUNDER,Quality Compounder,FROZEN_V2_PROD_1.0,LTTS,NSE_EQ|LTTS,NSE,EQUITY,CERTIFIED_CLEAN_886,508,2026-10-02T23:52:26.304460+05:30,2026-10-02T23:52:51.560677+05:30,2026-10-02T23:52:51.560677+05:30,2026-10-02T23:52:51.560677+05:30,FULLY_EVALUABLE,ALERT_BUY,True,BUY,False,False,NONE,PASS
e6ec2c47977443cd852a61a9489ba276,QUALITY_COMPOUNDER,Quality Compounder,FROZEN_V2_PROD_1.0,LUMAXIND,NSE_EQ|LUMAXIND,NSE,EQUITY,CERTIFIED_CLEAN_886,509,2026-10-02T23:52:26.304460+05:30,2026-10-02T23:52:51.571215+05:30,2026-10-02T23:52:51.571215+05:30,2026-10-02T23:52:51.571215+05:30,FULLY_EVALUABLE,REJECTED,False,NONE,False,True,QUALITY_GATE,FAIL_DEBT
e6ec2c47977443cd852a61a9489ba276,QUALITY_COMPOUNDER,Quality Compounder,FROZEN_V2_PROD_1.0,LUMAXTECH,NSE_EQ|LUMAXTECH,NSE,EQUITY,CERTIFIED_CLEAN_886,510,2026-10-02T23:52:26.304460+05:30,2026-10-02T23:52:51.580579+05:30,2026-10-02T23:52:51.580579+05:30,2026-10-02T23:52:51.580579+05:30,FULLY_EVALUABLE,REJECTED,False,NONE,False,True,QUALITY_GATE,FAIL_DEBT
e6ec2c47977443cd852a61a9489ba276,QUALITY_COMPOUNDER,Quality Compounder,FROZEN_V2_PROD_1.0,LUPIN,NSE_EQ|LUPIN,NSE,EQUITY,CERTIFIED_CLEAN_886,511,2026-10-02T23:52:26.304460+05:30,2026-10-02T23:52:51.590971+05:30,2026-10-02T23:52:51.590971+05:30,2026-10-02T23:52:51.590971+05:30,FULLY_EVALUABLE,REJECTED,False,NONE,False,True,QUALITY_GATE,FAIL_ROCE
e6ec2c47977443cd852a61a9489ba276,QUALITY_COMPOUNDER,Quality Compounder,FROZEN_V2_PROD_1.0,M&M,NSE_EQ|M&M,NSE,EQUITY,CERTIFIED_CLEAN_886,512,2026-10-02T23:52:26.304460+05:30,2026-10-02T23:52:51.602712+05:30,2026-10-02T23:52:51.602712+05:30,2026-10-02T23:52:51.602712+05:30,FULLY_EVALUABLE,REJECTED,False,NONE,False,True,QUALITY_GATE,FAIL_ROCE
e6ec2c47977443cd852a61a9489ba276,QUALITY_COMPOUNDER,Quality Compounder,FROZEN_V2_PROD_1.0,M&MFIN,NSE_EQ|M&MFIN,NSE,EQUITY,CERTIFIED_CLEAN_886,513,2026-10-02T23:52:26.304460+05:30,2026-10-02T23:52:51.613345+05:30,2026-10-02T23:52:51.613345+05:30,2026-10-02T23:52:51.613345+05:30,FULLY_EVALUABLE,REJECTED,False,NONE,False,True,QUALITY_GATE,METRIC_NOT_APPLICABLE_FINANCIAL
e6ec2c47977443cd852a61a9489ba276,QUALITY_COMPOUNDER,Quality Compounder,FROZEN_V2_PROD_1.0,MAHLIFE,NSE_EQ|MAHLIFE,NSE,EQUITY,CERTIFIED_CLEAN_886,514,2026-10-02T23:52:26.304460+05:30,2026-10-02T23:52:51.627633+05:30,2026-10-02T23:52:51.627633+05:30,2026-10-02T23:52:51.627633+05:30,DATA_FAILURE,BLOCKED,False,NONE,True,True,DATA_GATE,DATA_INSUFFICIENT_QUALITY
e6ec2c47977443cd852a61a9489ba276,QUALITY_COMPOUNDER,Quality Compounder,FROZEN_V2_PROD_1.0,MAHSEAMLES,NSE_EQ|MAHSEAMLES,NSE,EQUITY,CERTIFIED_CLEAN_886,515,2026-10-02T23:52:26.304460+05:30,2026-10-02T23:52:51.639674+05:30,2026-10-02T23:52:51.639674+05:30,2026-10-02T23:52:51.639674+05:30,FULLY_EVALUABLE,REJECTED,False,NONE,False,True,VALUATION_GATE,FAIL_VALUATION
e6ec2c47977443cd852a61a9489ba276,QUALITY_COMPOUNDER,Quality Compounder,FROZEN_V2_PROD_1.0,MAITHANALL,NSE_EQ|MAITHANALL,NSE,EQUITY,CERTIFIED_CLEAN_886,516,2026-10-02T23:52:26.304460+05:30,2026-10-02T23:52:51.652724+05:30,2026-10-02T23:52:51.652724+05:30,2026-10-02T23:52:51.652724+05:30,FULLY_EVALUABLE,REJECTED,False,NONE,False,True,QUALITY_GATE,FAIL_SALES_CAGR
e6ec2c47977443cd852a61a9489ba276,QUALITY_COMPOUNDER,Quality Compounder,FROZEN_V2_PROD_1.0,MANAKCOAT,NSE_EQ|MANAKCOAT,NSE,EQUITY,CERTIFIED_CLEAN_886,517,2026-10-02T23:52:26.304460+05:30,2026-10-02T23:52:51.663603+05:30,2026-10-02T23:52:51.663603+05:30,2026-10-02T23:52:51.663603+05:30,FULLY_EVALUABLE,REJECTED,False,NONE,False,True,QUALITY_GATE,FAIL_ROCE
e6ec2c47977443cd852a61a9489ba276,QUALITY_COMPOUNDER,Quality Compounder,FROZEN_V2_PROD_1.0,MANGLMCEM,NSE_EQ|MANGLMCEM,NSE,EQUITY,CERTIFIED_CLEAN_886,518,2026-10-02T23:52:26.304460+05:30,2026-10-02T23:52:51.673678+05:30,2026-10-02T23:52:51.673678+05:30,2026-10-02T23:52:51.673678+05:30,FULLY_EVALUABLE,REJECTED,False,NONE,False,True,QUALITY_GATE,FAIL_ROCE
e6ec2c47977443cd852a61a9489ba276,QUALITY_COMPOUNDER,Quality Compounder,FROZEN_V2_PROD_1.0,MANINDS,NSE_EQ|MANINDS,NSE,EQUITY,CERTIFIED_CLEAN_886,519,2026-10-02T23:52:26.304460+05:30,2026-10-02T23:52:51.683852+05:30,2026-10-02T23:52:51.683852+05:30,2026-10-02T23:52:51.683852+05:30,FULLY_EVALUABLE,REJECTED,False,NONE,False,True,QUALITY_GATE,FAIL_ROCE
e6ec2c47977443cd852a61a9489ba276,QUALITY_COMPOUNDER,Quality Compounder,FROZEN_V2_PROD_1.0,MANINFRA,NSE_EQ|MANINFRA,NSE,EQUITY,CERTIFIED_CLEAN_886,520,2026-10-02T23:52:26.304460+05:30,2026-10-02T23:52:51.695337+05:30,2026-10-02T23:52:51.695337+05:30,2026-10-02T23:52:51.695337+05:30,FULLY_EVALUABLE,REJECTED,False,NONE,False,True,QUALITY_GATE,FAIL_SALES_CAGR
e6ec2c47977443cd852a61a9489ba276,QUALITY_COMPOUNDER,Quality Compounder,FROZEN_V2_PROD_1.0,MANKIND,NSE_EQ|MANKIND,NSE,EQUITY,CERTIFIED_CLEAN_886,521,2026-10-02T23:52:26.304460+05:30,2026-10-02T23:52:51.705509+05:30,2026-10-02T23:52:51.705509+05:30,2026-10-02T23:52:51.705509+05:30,FULLY_EVALUABLE,REJECTED,False,NONE,False,True,QUALITY_GATE,FAIL_PAT_CAGR
e6ec2c47977443cd852a61a9489ba276,QUALITY_COMPOUNDER,Quality Compounder,FROZEN_V2_PROD_1.0,MANORAMA,NSE_EQ|MANORAMA,NSE,EQUITY,CERTIFIED_CLEAN_886,522,2026-10-02T23:52:26.304460+05:30,2026-10-02T23:52:51.718710+05:30,2026-10-02T23:52:51.718710+05:30,2026-10-02T23:52:51.718710+05:30,STRUCTURAL_INELIGIBLE,BLOCKED,False,NONE,True,True,DATA_GATE,DATA_INSUFFICIENT_QUALITY
e6ec2c47977443cd852a61a9489ba276,QUALITY_COMPOUNDER,Quality Compounder,FROZEN_V2_PROD_1.0,MANYAVAR,NSE_EQ|MANYAVAR,NSE,EQUITY,CERTIFIED_CLEAN_886,523,2026-10-02T23:52:26.304460+05:30,2026-10-02T23:52:51.867551+05:30,2026-10-02T23:52:51.867551+05:30,2026-10-02T23:52:51.867551+05:30,FULLY_EVALUABLE,ALERT_BUY,True,BUY,False,False,NONE,PASS
e6ec2c47977443cd852a61a9489ba276,QUALITY_COMPOUNDER,Quality Compounder,FROZEN_V2_PROD_1.0,MAPMYINDIA,NSE_EQ|MAPMYINDIA,NSE,EQUITY,CERTIFIED_CLEAN_886,524,2026-10-02T23:52:26.304460+05:30,2026-10-02T23:52:51.876848+05:30,2026-10-02T23:52:51.876848+05:30,2026-10-02T23:52:51.876848+05:30,FULLY_EVALUABLE,REJECTED,False,NONE,False,True,QUALITY_GATE,FAIL_CFO_PAT
e6ec2c47977443cd852a61a9489ba276,QUALITY_COMPOUNDER,Quality Compounder,FROZEN_V2_PROD_1.0,MARATHON,NSE_EQ|MARATHON,NSE,EQUITY,CERTIFIED_CLEAN_886,525,2026-10-02T23:52:26.304460+05:30,2026-10-02T23:52:51.887803+05:30,2026-10-02T23:52:51.887803+05:30,2026-10-02T23:52:51.887803+05:30,FULLY_EVALUABLE,REJECTED,False,NONE,False,True,QUALITY_GATE,FAIL_ROCE
e6ec2c47977443cd852a61a9489ba276,QUALITY_COMPOUNDER,Quality Compounder,FROZEN_V2_PROD_1.0,MARICO,NSE_EQ|MARICO,NSE,EQUITY,CERTIFIED_CLEAN_886,526,2026-10-02T23:52:26.304460+05:30,2026-10-02T23:52:51.899758+05:30,2026-10-02T23:52:51.899758+05:30,2026-10-02T23:52:51.899758+05:30,FULLY_EVALUABLE,REJECTED,False,NONE,False,True,QUALITY_GATE,FAIL_PAT_CAGR
e6ec2c47977443cd852a61a9489ba276,QUALITY_COMPOUNDER,Quality Compounder,FROZEN_V2_PROD_1.0,MARKSANS,NSE_EQ|MARKSANS,NSE,EQUITY,CERTIFIED_CLEAN_886,527,2026-10-02T23:52:26.304460+05:30,2026-10-02T23:52:51.910261+05:30,2026-10-02T23:52:51.910261+05:30,2026-10-02T23:52:51.910261+05:30,FULLY_EVALUABLE,REJECTED,False,NONE,False,True,QUALITY_GATE,FAIL_CFO_PAT
e6ec2c47977443cd852a61a9489ba276,QUALITY_COMPOUNDER,Quality Compounder,FROZEN_V2_PROD_1.0,MARSONS,NSE_EQ|MARSONS,NSE,EQUITY,CERTIFIED_CLEAN_886,528,2026-10-02T23:52:26.304460+05:30,2026-10-02T23:52:51.923223+05:30,2026-10-02T23:52:51.923223+05:30,2026-10-02T23:52:51.923223+05:30,DATA_FAILURE,BLOCKED,False,NONE,True,True,DATA_GATE,DATA_INSUFFICIENT_QUALITY
e6ec2c47977443cd852a61a9489ba276,QUALITY_COMPOUNDER,Quality Compounder,FROZEN_V2_PROD_1.0,MARUTI,NSE_EQ|MARUTI,NSE,EQUITY,CERTIFIED_CLEAN_886,529,2026-10-02T23:52:26.304460+05:30,2026-10-02T23:52:51.942130+05:30,2026-10-02T23:52:51.942130+05:30,2026-10-02T23:52:51.942130+05:30,FULLY_EVALUABLE,REJECTED,False,NONE,False,True,VALUATION_GATE,FAIL_VALUATION
e6ec2c47977443cd852a61a9489ba276,QUALITY_COMPOUNDER,Quality Compounder,FROZEN_V2_PROD_1.0,MASFIN,NSE_EQ|MASFIN,NSE,EQUITY,CERTIFIED_CLEAN_886,530,2026-10-02T23:52:26.304460+05:30,2026-10-02T23:52:52.008757+05:30,2026-10-02T23:52:52.008757+05:30,2026-10-02T23:52:52.008757+05:30,FULLY_EVALUABLE,REJECTED,False,NONE,False,True,QUALITY_GATE,METRIC_NOT_APPLICABLE_FINANCIAL
e6ec2c47977443cd852a61a9489ba276,QUALITY_COMPOUNDER,Quality Compounder,FROZEN_V2_PROD_1.0,MASTEK,NSE_EQ|MASTEK,NSE,EQUITY,CERTIFIED_CLEAN_886,531,2026-10-02T23:52:26.304460+05:30,2026-10-02T23:52:52.022254+05:30,2026-10-02T23:52:52.022254+05:30,2026-10-02T23:52:52.022254+05:30,FULLY_EVALUABLE,REJECTED,False,NONE,False,True,QUALITY_GATE,FAIL_PAT_CAGR
e6ec2c47977443cd852a61a9489ba276,QUALITY_COMPOUNDER,Quality Compounder,FROZEN_V2_PROD_1.0,MAXHEALTH,NSE_EQ|MAXHEALTH,NSE,EQUITY,CERTIFIED_CLEAN_886,532,2026-10-02T23:52:26.304460+05:30,2026-10-02T23:52:52.033376+05:30,2026-10-02T23:52:52.033376+05:30,2026-10-02T23:52:52.033376+05:30,DATA_FAILURE,BLOCKED,False,NONE,True,True,DATA_GATE,DATA_INSUFFICIENT_QUALITY
e6ec2c47977443cd852a61a9489ba276,QUALITY_COMPOUNDER,Quality Compounder,FROZEN_V2_PROD_1.0,MAYURUNIQ,NSE_EQ|MAYURUNIQ,NSE,EQUITY,CERTIFIED_CLEAN_886,533,2026-10-02T23:52:26.304460+05:30,2026-10-02T23:52:52.044498+05:30,2026-10-02T23:52:52.044498+05:30,2026-10-02T23:52:52.044498+05:30,FULLY_EVALUABLE,REJECTED,False,NONE,False,True,VALUATION_GATE,FAIL_VALUATION
e6ec2c47977443cd852a61a9489ba276,QUALITY_COMPOUNDER,Quality Compounder,FROZEN_V2_PROD_1.0,MBAPL,NSE_EQ|MBAPL,NSE,EQUITY,CERTIFIED_CLEAN_886,534,2026-10-02T23:52:26.304460+05:30,2026-10-02T23:52:52.054279+05:30,2026-10-02T23:52:52.054279+05:30,2026-10-02T23:52:52.054279+05:30,FULLY_EVALUABLE,REJECTED,False,NONE,False,True,QUALITY_GATE,FAIL_CFO_PAT
e6ec2c47977443cd852a61a9489ba276,QUALITY_COMPOUNDER,Quality Compounder,FROZEN_V2_PROD_1.0,MCX,NSE_EQ|MCX,NSE,EQUITY,CERTIFIED_CLEAN_886,535,2026-10-02T23:52:26.304460+05:30,2026-10-02T23:52:52.064310+05:30,2026-10-02T23:52:52.064310+05:30,2026-10-02T23:52:52.064310+05:30,FULLY_EVALUABLE,REJECTED,False,NONE,False,True,QUALITY_GATE,METRIC_NOT_APPLICABLE_FINANCIAL
e6ec2c47977443cd852a61a9489ba276,QUALITY_COMPOUNDER,Quality Compounder,FROZEN_V2_PROD_1.0,MEDIASSIST,NSE_EQ|MEDIASSIST,NSE,EQUITY,CERTIFIED_CLEAN_886,536,2026-10-02T23:52:26.304460+05:30,2026-10-02T23:52:52.189397+05:30,2026-10-02T23:52:52.189397+05:30,2026-10-02T23:52:52.189397+05:30,FULLY_EVALUABLE,ALERT_BUY,True,BUY,False,False,NONE,PASS
e6ec2c47977443cd852a61a9489ba276,QUALITY_COMPOUNDER,Quality Compounder,FROZEN_V2_PROD_1.0,METROBRAND,NSE_EQ|METROBRAND,NSE,EQUITY,CERTIFIED_CLEAN_886,537,2026-10-02T23:52:26.304460+05:30,2026-10-02T23:52:52.197719+05:30,2026-10-02T23:52:52.197719+05:30,2026-10-02T23:52:52.197719+05:30,FULLY_EVALUABLE,REJECTED,False,NONE,False,True,QUALITY_GATE,FAIL_DEBT
e6ec2c47977443cd852a61a9489ba276,QUALITY_COMPOUNDER,Quality Compounder,FROZEN_V2_PROD_1.0,METROPOLIS,NSE_EQ|METROPOLIS,NSE,EQUITY,CERTIFIED_CLEAN_886,538,2026-10-02T23:52:26.304460+05:30,2026-10-02T23:52:52.207339+05:30,2026-10-02T23:52:52.207339+05:30,2026-10-02T23:52:52.207339+05:30,FULLY_EVALUABLE,REJECTED,False,NONE,False,True,QUALITY_GATE,FAIL_PAT_CAGR
e6ec2c47977443cd852a61a9489ba276,QUALITY_COMPOUNDER,Quality Compounder,FROZEN_V2_PROD_1.0,MGL,NSE_EQ|MGL,NSE,EQUITY,CERTIFIED_CLEAN_886,539,2026-10-02T23:52:26.304460+05:30,2026-10-02T23:52:52.239427+05:30,2026-10-02T23:52:52.239427+05:30,2026-10-02T23:52:52.239427+05:30,DATA_FAILURE,BLOCKED,False,NONE,True,True,DATA_GATE,DATA_INSUFFICIENT_QUALITY
e6ec2c47977443cd852a61a9489ba276,QUALITY_COMPOUNDER,Quality Compounder,FROZEN_V2_PROD_1.0,MHRIL,NSE_EQ|MHRIL,NSE,EQUITY,CERTIFIED_CLEAN_886,540,2026-10-02T23:52:26.304460+05:30,2026-10-02T23:52:52.254877+05:30,2026-10-02T23:52:52.254877+05:30,2026-10-02T23:52:52.254877+05:30,DATA_FAILURE,BLOCKED,False,NONE,True,True,DATA_GATE,DATA_INSUFFICIENT_QUALITY
e6ec2c47977443cd852a61a9489ba276,QUALITY_COMPOUNDER,Quality Compounder,FROZEN_V2_PROD_1.0,MIDHANI,NSE_EQ|MIDHANI,NSE,EQUITY,CERTIFIED_CLEAN_886,541,2026-10-02T23:52:26.304460+05:30,2026-10-02T23:52:52.266516+05:30,2026-10-02T23:52:52.266516+05:30,2026-10-02T23:52:52.266516+05:30,FULLY_EVALUABLE,REJECTED,False,NONE,False,True,QUALITY_GATE,FAIL_ROCE
e6ec2c47977443cd852a61a9489ba276,QUALITY_COMPOUNDER,Quality Compounder,FROZEN_V2_PROD_1.0,MIDWESTLTD,NSE_EQ|MIDWESTLTD,NSE,EQUITY,CERTIFIED_CLEAN_886,542,2026-10-02T23:52:26.304460+05:30,2026-10-02T23:52:52.318941+05:30,2026-10-02T23:52:52.318941+05:30,2026-10-02T23:52:52.318941+05:30,FULLY_EVALUABLE,ALERT_BUY,True,BUY,False,False,NONE,PASS
e6ec2c47977443cd852a61a9489ba276,QUALITY_COMPOUNDER,Quality Compounder,FROZEN_V2_PROD_1.0,MINDACORP,NSE_EQ|MINDACORP,NSE,EQUITY,CERTIFIED_CLEAN_886,543,2026-10-02T23:52:26.304460+05:30,2026-10-02T23:52:52.327273+05:30,2026-10-02T23:52:52.327273+05:30,2026-10-02T23:52:52.327273+05:30,FULLY_EVALUABLE,REJECTED,False,NONE,False,True,QUALITY_GATE,FAIL_ROCE
e6ec2c47977443cd852a61a9489ba276,QUALITY_COMPOUNDER,Quality Compounder,FROZEN_V2_PROD_1.0,MMFL,NSE_EQ|MMFL,NSE,EQUITY,CERTIFIED_CLEAN_886,544,2026-10-02T23:52:26.304460+05:30,2026-10-02T23:52:52.337153+05:30,2026-10-02T23:52:52.337153+05:30,2026-10-02T23:52:52.337153+05:30,FULLY_EVALUABLE,REJECTED,False,NONE,False,True,QUALITY_GATE,FAIL_ROCE
e6ec2c47977443cd852a61a9489ba276,QUALITY_COMPOUNDER,Quality Compounder,FROZEN_V2_PROD_1.0,MOIL,NSE_EQ|MOIL,NSE,EQUITY,CERTIFIED_CLEAN_886,545,2026-10-02T23:52:26.304460+05:30,2026-10-02T23:52:52.349732+05:30,2026-10-02T23:52:52.349732+05:30,2026-10-02T23:52:52.349732+05:30,DATA_FAILURE,BLOCKED,False,NONE,True,True,DATA_GATE,FAIL_SALES_CAGR
e6ec2c47977443cd852a61a9489ba276,QUALITY_COMPOUNDER,Quality Compounder,FROZEN_V2_PROD_1.0,MOLDTKPAC,NSE_EQ|MOLDTKPAC,NSE,EQUITY,CERTIFIED_CLEAN_886,546,2026-10-02T23:52:26.304460+05:30,2026-10-02T23:52:53.195824+05:30,2026-10-02T23:52:53.195824+05:30,2026-10-02T23:52:53.195824+05:30,FULLY_EVALUABLE,REJECTED,False,NONE,False,True,VALUATION_GATE,FAIL_VALUATION
e6ec2c47977443cd852a61a9489ba276,QUALITY_COMPOUNDER,Quality Compounder,FROZEN_V2_PROD_1.0,MONARCH,NSE_EQ|MONARCH,NSE,EQUITY,CERTIFIED_CLEAN_886,547,2026-10-02T23:52:26.304460+05:30,2026-10-02T23:52:53.216996+05:30,2026-10-02T23:52:53.216996+05:30,2026-10-02T23:52:53.216996+05:30,FULLY_EVALUABLE,REJECTED,False,NONE,False,True,QUALITY_GATE,FAIL_CFO_PAT
e6ec2c47977443cd852a61a9489ba276,QUALITY_COMPOUNDER,Quality Compounder,FROZEN_V2_PROD_1.0,MONOLITH,NSE_EQ|MONOLITH,NSE,EQUITY,CERTIFIED_CLEAN_886,548,2026-10-02T23:52:26.304460+05:30,2026-10-02T23:52:53.230424+05:30,2026-10-02T23:52:53.230424+05:30,2026-10-02T23:52:53.230424+05:30,STRUCTURAL_INELIGIBLE,BLOCKED,False,NONE,True,True,DATA_GATE,DATA_INSUFFICIENT_QUALITY
e6ec2c47977443cd852a61a9489ba276,QUALITY_COMPOUNDER,Quality Compounder,FROZEN_V2_PROD_1.0,MONTECARLO,NSE_EQ|MONTECARLO,NSE,EQUITY,CERTIFIED_CLEAN_886,549,2026-10-02T23:52:26.304460+05:30,2026-10-02T23:52:53.249443+05:30,2026-10-02T23:52:53.249443+05:30,2026-10-02T23:52:53.249443+05:30,FULLY_EVALUABLE,REJECTED,False,NONE,False,True,QUALITY_GATE,FAIL_CFO_PAT
e6ec2c47977443cd852a61a9489ba276,QUALITY_COMPOUNDER,Quality Compounder,FROZEN_V2_PROD_1.0,MOSCHIP,NSE_EQ|MOSCHIP,NSE,EQUITY,CERTIFIED_CLEAN_886,550,2026-10-02T23:52:26.304460+05:30,2026-10-02T23:52:53.267631+05:30,2026-10-02T23:52:53.267631+05:30,2026-10-02T23:52:53.267631+05:30,DATA_FAILURE,BLOCKED,False,NONE,True,True,DATA_GATE,DATA_INSUFFICIENT_QUALITY
e6ec2c47977443cd852a61a9489ba276,QUALITY_COMPOUNDER,Quality Compounder,FROZEN_V2_PROD_1.0,MOTHERSON,NSE_EQ|MOTHERSON,NSE,EQUITY,CERTIFIED_CLEAN_886,551,2026-10-02T23:52:26.304460+05:30,2026-10-02T23:52:53.281365+05:30,2026-10-02T23:52:53.281365+05:30,2026-10-02T23:52:53.281365+05:30,FULLY_EVALUABLE,REJECTED,False,NONE,False,True,QUALITY_GATE,FAIL_ROCE
e6ec2c47977443cd852a61a9489ba276,QUALITY_COMPOUNDER,Quality Compounder,FROZEN_V2_PROD_1.0,MOTILALOFS,NSE_EQ|MOTILALOFS,NSE,EQUITY,CERTIFIED_CLEAN_886,552,2026-10-02T23:52:26.304460+05:30,2026-10-02T23:52:53.295317+05:30,2026-10-02T23:52:53.295317+05:30,2026-10-02T23:52:53.295317+05:30,FULLY_EVALUABLE,REJECTED,False,NONE,False,True,QUALITY_GATE,METRIC_NOT_APPLICABLE_FINANCIAL
e6ec2c47977443cd852a61a9489ba276,QUALITY_COMPOUNDER,Quality Compounder,FROZEN_V2_PROD_1.0,MPHASIS,NSE_EQ|MPHASIS,NSE,EQUITY,CERTIFIED_CLEAN_886,553,2026-10-02T23:52:26.304460+05:30,2026-10-02T23:52:53.343860+05:30,2026-10-02T23:52:53.343860+05:30,2026-10-02T23:52:53.343860+05:30,FULLY_EVALUABLE,REJECTED,False,NONE,False,True,QUALITY_GATE,FAIL_PAT_CAGR
e6ec2c47977443cd852a61a9489ba276,QUALITY_COMPOUNDER,Quality Compounder,FROZEN_V2_PROD_1.0,MPSLTD,NSE_EQ|MPSLTD,NSE,EQUITY,CERTIFIED_CLEAN_886,554,2026-10-02T23:52:26.304460+05:30,2026-10-02T23:52:53.365425+05:30,2026-10-02T23:52:53.365425+05:30,2026-10-02T23:52:53.365425+05:30,FULLY_EVALUABLE,REJECTED,False,NONE,False,True,VALUATION_GATE,FAIL_VALUATION
e6ec2c47977443cd852a61a9489ba276,QUALITY_COMPOUNDER,Quality Compounder,FROZEN_V2_PROD_1.0,MRF,NSE_EQ|MRF,NSE,EQUITY,CERTIFIED_CLEAN_886,555,2026-10-02T23:52:26.304460+05:30,2026-10-02T23:52:53.394061+05:30,2026-10-02T23:52:53.394061+05:30,2026-10-02T23:52:53.394061+05:30,FULLY_EVALUABLE,REJECTED,False,NONE,False,True,QUALITY_GATE,FAIL_ROCE
e6ec2c47977443cd852a61a9489ba276,QUALITY_COMPOUNDER,Quality Compounder,FROZEN_V2_PROD_1.0,MRPL,NSE_EQ|MRPL,NSE,EQUITY,CERTIFIED_CLEAN_886,556,2026-10-02T23:52:26.304460+05:30,2026-10-02T23:52:53.415383+05:30,2026-10-02T23:52:53.415383+05:30,2026-10-02T23:52:53.415383+05:30,DATA_FAILURE,BLOCKED,False,NONE,True,True,DATA_GATE,DATA_INSUFFICIENT_QUALITY
e6ec2c47977443cd852a61a9489ba276,QUALITY_COMPOUNDER,Quality Compounder,FROZEN_V2_PROD_1.0,MSTCLTD,NSE_EQ|MSTCLTD,NSE,EQUITY,CERTIFIED_CLEAN_886,557,2026-10-02T23:52:26.304460+05:30,2026-10-02T23:52:53.437273+05:30,2026-10-02T23:52:53.437273+05:30,2026-10-02T23:52:53.437273+05:30,FULLY_EVALUABLE,REJECTED,False,NONE,False,True,QUALITY_GATE,FAIL_SALES_CAGR
e6ec2c47977443cd852a61a9489ba276,QUALITY_COMPOUNDER,Quality Compounder,FROZEN_V2_PROD_1.0,MTARTECH,NSE_EQ|MTARTECH,NSE,EQUITY,CERTIFIED_CLEAN_886,558,2026-10-02T23:52:26.304460+05:30,2026-10-02T23:52:53.453768+05:30,2026-10-02T23:52:53.453768+05:30,2026-10-02T23:52:53.453768+05:30,FULLY_EVALUABLE,REJECTED,False,NONE,False,True,QUALITY_GATE,FAIL_ROCE
e6ec2c47977443cd852a61a9489ba276,QUALITY_COMPOUNDER,Quality Compounder,FROZEN_V2_PROD_1.0,MUKANDLTD,NSE_EQ|MUKANDLTD,NSE,EQUITY,CERTIFIED_CLEAN_886,559,2026-10-02T23:52:26.304460+05:30,2026-10-02T23:52:53.475275+05:30,2026-10-02T23:52:53.475275+05:30,2026-10-02T23:52:53.475275+05:30,DATA_FAILURE,BLOCKED,False,NONE,True,True,DATA_GATE,DATA_INSUFFICIENT_QUALITY
e6ec2c47977443cd852a61a9489ba276,QUALITY_COMPOUNDER,Quality Compounder,FROZEN_V2_PROD_1.0,MUTHOOTFIN,NSE_EQ|MUTHOOTFIN,NSE,EQUITY,CERTIFIED_CLEAN_886,560,2026-10-02T23:52:26.304460+05:30,2026-10-02T23:52:53.493164+05:30,2026-10-02T23:52:53.493164+05:30,2026-10-02T23:52:53.493164+05:30,FULLY_EVALUABLE,REJECTED,False,NONE,False,True,QUALITY_GATE,METRIC_NOT_APPLICABLE_FINANCIAL
e6ec2c47977443cd852a61a9489ba276,QUALITY_COMPOUNDER,Quality Compounder,FROZEN_V2_PROD_1.0,MWL,NSE_EQ|MWL,NSE,EQUITY,CERTIFIED_CLEAN_886,561,2026-10-02T23:52:26.304460+05:30,2026-10-02T23:52:53.514027+05:30,2026-10-02T23:52:53.514027+05:30,2026-10-02T23:52:53.514027+05:30,FULLY_EVALUABLE,REJECTED,False,NONE,False,True,QUALITY_GATE,FAIL_ROCE
e6ec2c47977443cd852a61a9489ba276,QUALITY_COMPOUNDER,Quality Compounder,FROZEN_V2_PROD_1.0,NATCOPHARM,NSE_EQ|NATCOPHARM,NSE,EQUITY,CERTIFIED_CLEAN_886,562,2026-10-02T23:52:26.304460+05:30,2026-10-02T23:52:53.543666+05:30,2026-10-02T23:52:53.543666+05:30,2026-10-02T23:52:53.543666+05:30,FULLY_EVALUABLE,REJECTED,False,NONE,False,True,VALUATION_GATE,FAIL_VALUATION
e6ec2c47977443cd852a61a9489ba276,QUALITY_COMPOUNDER,Quality Compounder,FROZEN_V2_PROD_1.0,NATIONALUM,NSE_EQ|NATIONALUM,NSE,EQUITY,CERTIFIED_CLEAN_886,563,2026-10-02T23:52:26.304460+05:30,2026-10-02T23:52:53.571888+05:30,2026-10-02T23:52:53.571888+05:30,2026-10-02T23:52:53.571888+05:30,FULLY_EVALUABLE,REJECTED,False,NONE,False,True,VALUATION_GATE,FAIL_VALUATION
e6ec2c47977443cd852a61a9489ba276,QUALITY_COMPOUNDER,Quality Compounder,FROZEN_V2_PROD_1.0,NAVA,NSE_EQ|NAVA,NSE,EQUITY,CERTIFIED_CLEAN_886,564,2026-10-02T23:52:26.304460+05:30,2026-10-02T23:52:53.593748+05:30,2026-10-02T23:52:53.593748+05:30,2026-10-02T23:52:53.593748+05:30,FULLY_EVALUABLE,REJECTED,False,NONE,False,True,VALUATION_GATE,FAIL_VALUATION
e6ec2c47977443cd852a61a9489ba276,QUALITY_COMPOUNDER,Quality Compounder,FROZEN_V2_PROD_1.0,NAVINFLUOR,NSE_EQ|NAVINFLUOR,NSE,EQUITY,CERTIFIED_CLEAN_886,565,2026-10-02T23:52:26.304460+05:30,2026-10-02T23:52:53.612533+05:30,2026-10-02T23:52:53.612533+05:30,2026-10-02T23:52:53.612533+05:30,FULLY_EVALUABLE,REJECTED,False,NONE,False,True,VALUATION_GATE,FAIL_VALUATION
e6ec2c47977443cd852a61a9489ba276,QUALITY_COMPOUNDER,Quality Compounder,FROZEN_V2_PROD_1.0,NAVNETEDUL,NSE_EQ|NAVNETEDUL,NSE,EQUITY,CERTIFIED_CLEAN_886,566,2026-10-02T23:52:26.304460+05:30,2026-10-02T23:52:53.627602+05:30,2026-10-02T23:52:53.627602+05:30,2026-10-02T23:52:53.627602+05:30,FULLY_EVALUABLE,REJECTED,False,NONE,False,True,QUALITY_GATE,FAIL_ROCE
e6ec2c47977443cd852a61a9489ba276,QUALITY_COMPOUNDER,Quality Compounder,FROZEN_V2_PROD_1.0,NBCC,NSE_EQ|NBCC,NSE,EQUITY,CERTIFIED_CLEAN_886,567,2026-10-02T23:52:26.304460+05:30,2026-10-02T23:52:53.659438+05:30,2026-10-02T23:52:53.659438+05:30,2026-10-02T23:52:53.659438+05:30,FULLY_EVALUABLE,REJECTED,False,NONE,False,True,QUALITY_GATE,FAIL_CFO_PAT
e6ec2c47977443cd852a61a9489ba276,QUALITY_COMPOUNDER,Quality Compounder,FROZEN_V2_PROD_1.0,NCC,NSE_EQ|NCC,NSE,EQUITY,CERTIFIED_CLEAN_886,568,2026-10-02T23:52:26.304460+05:30,2026-10-02T23:52:53.872704+05:30,2026-10-02T23:52:53.872704+05:30,2026-10-02T23:52:53.872704+05:30,FULLY_EVALUABLE,ALERT_BUY,True,BUY,False,False,NONE,PASS
e6ec2c47977443cd852a61a9489ba276,QUALITY_COMPOUNDER,Quality Compounder,FROZEN_V2_PROD_1.0,NDRAUTO,NSE_EQ|NDRAUTO,NSE,EQUITY,CERTIFIED_CLEAN_886,569,2026-10-02T23:52:26.304460+05:30,2026-10-02T23:52:54.172041+05:30,2026-10-02T23:52:54.172041+05:30,2026-10-02T23:52:54.172041+05:30,FULLY_EVALUABLE,ALERT_BUY,True,BUY,False,False,NONE,PASS
e6ec2c47977443cd852a61a9489ba276,QUALITY_COMPOUNDER,Quality Compounder,FROZEN_V2_PROD_1.0,NELCAST,NSE_EQ|NELCAST,NSE,EQUITY,CERTIFIED_CLEAN_886,570,2026-10-02T23:52:26.304460+05:30,2026-10-02T23:52:54.182809+05:30,2026-10-02T23:52:54.182809+05:30,2026-10-02T23:52:54.182809+05:30,FULLY_EVALUABLE,REJECTED,False,NONE,False,True,QUALITY_GATE,FAIL_ROCE
e6ec2c47977443cd852a61a9489ba276,QUALITY_COMPOUNDER,Quality Compounder,FROZEN_V2_PROD_1.0,NESCO,NSE_EQ|NESCO,NSE,EQUITY,CERTIFIED_CLEAN_886,571,2026-10-02T23:52:26.304460+05:30,2026-10-02T23:52:54.195256+05:30,2026-10-02T23:52:54.195256+05:30,2026-10-02T23:52:54.195256+05:30,FULLY_EVALUABLE,REJECTED,False,NONE,False,True,VALUATION_GATE,FAIL_VALUATION
e6ec2c47977443cd852a61a9489ba276,QUALITY_COMPOUNDER,Quality Compounder,FROZEN_V2_PROD_1.0,NESTLEIND,NSE_EQ|NESTLEIND,NSE,EQUITY,CERTIFIED_CLEAN_886,572,2026-10-02T23:52:26.304460+05:30,2026-10-02T23:52:54.209449+05:30,2026-10-02T23:52:54.209449+05:30,2026-10-02T23:52:54.209449+05:30,DATA_FAILURE,BLOCKED,False,NONE,True,True,DATA_GATE,DATA_INSUFFICIENT_QUALITY
e6ec2c47977443cd852a61a9489ba276,QUALITY_COMPOUNDER,Quality Compounder,FROZEN_V2_PROD_1.0,NETWEB,NSE_EQ|NETWEB,NSE,EQUITY,CERTIFIED_CLEAN_886,573,2026-10-02T23:52:26.304460+05:30,2026-10-02T23:52:54.225942+05:30,2026-10-02T23:52:54.225942+05:30,2026-10-02T23:52:54.225942+05:30,FULLY_EVALUABLE,REJECTED,False,NONE,False,True,VALUATION_GATE,FAIL_VALUATION
e6ec2c47977443cd852a61a9489ba276,QUALITY_COMPOUNDER,Quality Compounder,FROZEN_V2_PROD_1.0,NEULANDLAB,NSE_EQ|NEULANDLAB,NSE,EQUITY,CERTIFIED_CLEAN_886,574,2026-10-02T23:52:26.304460+05:30,2026-10-02T23:52:54.237147+05:30,2026-10-02T23:52:54.237147+05:30,2026-10-02T23:52:54.237147+05:30,FULLY_EVALUABLE,REJECTED,False,NONE,False,True,VALUATION_GATE,FAIL_VALUATION
e6ec2c47977443cd852a61a9489ba276,QUALITY_COMPOUNDER,Quality Compounder,FROZEN_V2_PROD_1.0,NEWGEN,NSE_EQ|NEWGEN,NSE,EQUITY,CERTIFIED_CLEAN_886,575,2026-10-02T23:52:26.304460+05:30,2026-10-02T23:52:54.389069+05:30,2026-10-02T23:52:54.389069+05:30,2026-10-02T23:52:54.389069+05:30,FULLY_EVALUABLE,ALERT_BUY,True,BUY,False,False,NONE,PASS
e6ec2c47977443cd852a61a9489ba276,QUALITY_COMPOUNDER,Quality Compounder,FROZEN_V2_PROD_1.0,NGLFINE,NSE_EQ|NGLFINE,NSE,EQUITY,CERTIFIED_CLEAN_886,576,2026-10-02T23:52:26.304460+05:30,2026-10-02T23:52:54.400059+05:30,2026-10-02T23:52:54.400059+05:30,2026-10-02T23:52:54.400059+05:30,FULLY_EVALUABLE,REJECTED,False,NONE,False,True,QUALITY_GATE,FAIL_PAT_CAGR
e6ec2c47977443cd852a61a9489ba276,QUALITY_COMPOUNDER,Quality Compounder,FROZEN_V2_PROD_1.0,NH,NSE_EQ|NH,NSE,EQUITY,CERTIFIED_CLEAN_886,577,2026-10-02T23:52:26.304460+05:30,2026-10-02T23:52:54.417503+05:30,2026-10-02T23:52:54.417503+05:30,2026-10-02T23:52:54.417503+05:30,DATA_FAILURE,BLOCKED,False,NONE,True,True,DATA_GATE,DATA_INSUFFICIENT_QUALITY
e6ec2c47977443cd852a61a9489ba276,QUALITY_COMPOUNDER,Quality Compounder,FROZEN_V2_PROD_1.0,NIITMTS,NSE_EQ|NIITMTS,NSE,EQUITY,CERTIFIED_CLEAN_886,578,2026-10-02T23:52:26.304460+05:30,2026-10-02T23:52:54.430251+05:30,2026-10-02T23:52:54.430251+05:30,2026-10-02T23:52:54.430251+05:30,DATA_FAILURE,BLOCKED,False,NONE,True,True,DATA_GATE,DATA_INSUFFICIENT_QUALITY
e6ec2c47977443cd852a61a9489ba276,QUALITY_COMPOUNDER,Quality Compounder,FROZEN_V2_PROD_1.0,NINSYS,NSE_EQ|NINSYS,NSE,EQUITY,CERTIFIED_CLEAN_886,579,2026-10-02T23:52:26.304460+05:30,2026-10-02T23:52:54.441864+05:30,2026-10-02T23:52:54.441864+05:30,2026-10-02T23:52:54.441864+05:30,STRUCTURAL_INELIGIBLE,BLOCKED,False,NONE,True,True,DATA_GATE,FAIL_LIQUIDITY
e6ec2c47977443cd852a61a9489ba276,QUALITY_COMPOUNDER,Quality Compounder,FROZEN_V2_PROD_1.0,NIRLON,NSE_EQ|NIRLON,NSE,EQUITY,CERTIFIED_CLEAN_886,580,2026-10-02T23:52:26.304460+05:30,2026-10-02T23:52:54.464411+05:30,2026-10-02T23:52:54.464411+05:30,2026-10-02T23:52:54.464411+05:30,FULLY_EVALUABLE,REJECTED,False,NONE,False,True,QUALITY_GATE,FAIL_LIQUIDITY
e6ec2c47977443cd852a61a9489ba276,QUALITY_COMPOUNDER,Quality Compounder,FROZEN_V2_PROD_1.0,NITINSPIN,NSE_EQ|NITINSPIN,NSE,EQUITY,CERTIFIED_CLEAN_886,581,2026-10-02T23:52:26.304460+05:30,2026-10-02T23:52:54.473925+05:30,2026-10-02T23:52:54.473925+05:30,2026-10-02T23:52:54.473925+05:30,FULLY_EVALUABLE,REJECTED,False,NONE,False,True,QUALITY_GATE,FAIL_DEBT
e6ec2c47977443cd852a61a9489ba276,QUALITY_COMPOUNDER,Quality Compounder,FROZEN_V2_PROD_1.0,NITTAGELA,NSE_EQ|NITTAGELA,NSE,EQUITY,CERTIFIED_CLEAN_886,582,2026-10-02T23:52:26.304460+05:30,2026-10-02T23:52:54.486149+05:30,2026-10-02T23:52:54.486149+05:30,2026-10-02T23:52:54.486149+05:30,FULLY_EVALUABLE,REJECTED,False,NONE,False,True,QUALITY_GATE,FAIL_SALES_CAGR
e6ec2c47977443cd852a61a9489ba276,QUALITY_COMPOUNDER,Quality Compounder,FROZEN_V2_PROD_1.0,NLCINDIA,NSE_EQ|NLCINDIA,NSE,EQUITY,CERTIFIED_CLEAN_886,583,2026-10-02T23:52:26.304460+05:30,2026-10-02T23:52:54.515042+05:30,2026-10-02T23:52:54.515042+05:30,2026-10-02T23:52:54.515042+05:30,FULLY_EVALUABLE,REJECTED,False,NONE,False,True,QUALITY_GATE,FAIL_ROCE
e6ec2c47977443cd852a61a9489ba276,QUALITY_COMPOUNDER,Quality Compounder,FROZEN_V2_PROD_1.0,NORTHARC,NSE_EQ|NORTHARC,NSE,EQUITY,CERTIFIED_CLEAN_886,584,2026-10-02T23:52:26.304460+05:30,2026-10-02T23:52:54.539074+05:30,2026-10-02T23:52:54.539074+05:30,2026-10-02T23:52:54.539074+05:30,FULLY_EVALUABLE,REJECTED,False,NONE,False,True,QUALITY_GATE,METRIC_NOT_APPLICABLE_FINANCIAL
e6ec2c47977443cd852a61a9489ba276,QUALITY_COMPOUNDER,Quality Compounder,FROZEN_V2_PROD_1.0,NOVARTIND,NSE_EQ|NOVARTIND,NSE,EQUITY,CERTIFIED_CLEAN_886,585,2026-10-02T23:52:26.304460+05:30,2026-10-02T23:52:54.697281+05:30,2026-10-02T23:52:54.697281+05:30,2026-10-02T23:52:54.697281+05:30,FULLY_EVALUABLE,REJECTED,False,NONE,False,True,QUALITY_GATE,FAIL_ROCE
e6ec2c47977443cd852a61a9489ba276,QUALITY_COMPOUNDER,Quality Compounder,FROZEN_V2_PROD_1.0,NPST,NSE_EQ|NPST,NSE,EQUITY,CERTIFIED_CLEAN_886,586,2026-10-02T23:52:26.304460+05:30,2026-10-02T23:52:54.721518+05:30,2026-10-02T23:52:54.721518+05:30,2026-10-02T23:52:54.721518+05:30,FULLY_EVALUABLE,REJECTED,False,NONE,False,True,QUALITY_GATE,FAIL_CFO_PAT
e6ec2c47977443cd852a61a9489ba276,QUALITY_COMPOUNDER,Quality Compounder,FROZEN_V2_PROD_1.0,NRBBEARING,NSE_EQ|NRBBEARING,NSE,EQUITY,CERTIFIED_CLEAN_886,587,2026-10-02T23:52:26.304460+05:30,2026-10-02T23:52:54.734616+05:30,2026-10-02T23:52:54.734616+05:30,2026-10-02T23:52:54.734616+05:30,FULLY_EVALUABLE,REJECTED,False,NONE,False,True,VALUATION_GATE,FAIL_VALUATION
e6ec2c47977443cd852a61a9489ba276,QUALITY_COMPOUNDER,Quality Compounder,FROZEN_V2_PROD_1.0,NTPC,NSE_EQ|NTPC,NSE,EQUITY,CERTIFIED_CLEAN_886,588,2026-10-02T23:52:26.304460+05:30,2026-10-02T23:52:54.746331+05:30,2026-10-02T23:52:54.746331+05:30,2026-10-02T23:52:54.746331+05:30,FULLY_EVALUABLE,REJECTED,False,NONE,False,True,QUALITY_GATE,FAIL_ROCE
e6ec2c47977443cd852a61a9489ba276,QUALITY_COMPOUNDER,Quality Compounder,FROZEN_V2_PROD_1.0,NUCLEUS,NSE_EQ|NUCLEUS,NSE,EQUITY,CERTIFIED_CLEAN_886,589,2026-10-02T23:52:26.304460+05:30,2026-10-02T23:52:54.758695+05:30,2026-10-02T23:52:54.758695+05:30,2026-10-02T23:52:54.758695+05:30,FULLY_EVALUABLE,REJECTED,False,NONE,False,True,QUALITY_GATE,FAIL_PAT_CAGR
e6ec2c47977443cd852a61a9489ba276,QUALITY_COMPOUNDER,Quality Compounder,FROZEN_V2_PROD_1.0,NUVAMA,NSE_EQ|NUVAMA,NSE,EQUITY,CERTIFIED_CLEAN_886,590,2026-10-02T23:52:26.304460+05:30,2026-10-02T23:52:54.767346+05:30,2026-10-02T23:52:54.767346+05:30,2026-10-02T23:52:54.767346+05:30,FULLY_EVALUABLE,REJECTED,False,NONE,False,True,QUALITY_GATE,METRIC_NOT_APPLICABLE_FINANCIAL
e6ec2c47977443cd852a61a9489ba276,QUALITY_COMPOUNDER,Quality Compounder,FROZEN_V2_PROD_1.0,NYKAA,NSE_EQ|NYKAA,NSE,EQUITY,CERTIFIED_CLEAN_886,591,2026-10-02T23:52:26.304460+05:30,2026-10-02T23:52:54.775047+05:30,2026-10-02T23:52:54.775047+05:30,2026-10-02T23:52:54.775047+05:30,FULLY_EVALUABLE,REJECTED,False,NONE,False,True,QUALITY_GATE,FAIL_ROCE
e6ec2c47977443cd852a61a9489ba276,QUALITY_COMPOUNDER,Quality Compounder,FROZEN_V2_PROD_1.0,OBEROIRLTY,NSE_EQ|OBEROIRLTY,NSE,EQUITY,CERTIFIED_CLEAN_886,592,2026-10-02T23:52:26.304460+05:30,2026-10-02T23:52:54.787818+05:30,2026-10-02T23:52:54.787818+05:30,2026-10-02T23:52:54.787818+05:30,FULLY_EVALUABLE,REJECTED,False,NONE,False,True,QUALITY_GATE,FAIL_CFO_PAT
e6ec2c47977443cd852a61a9489ba276,QUALITY_COMPOUNDER,Quality Compounder,FROZEN_V2_PROD_1.0,OBSCP,NSE_EQ|OBSCP,NSE,EQUITY,CERTIFIED_CLEAN_886,593,2026-10-02T23:52:26.304460+05:30,2026-10-02T23:52:54.803131+05:30,2026-10-02T23:52:54.803131+05:30,2026-10-02T23:52:54.803131+05:30,DATA_FAILURE,BLOCKED,False,NONE,True,True,DATA_GATE,DATA_INSUFFICIENT_QUALITY
e6ec2c47977443cd852a61a9489ba276,QUALITY_COMPOUNDER,Quality Compounder,FROZEN_V2_PROD_1.0,OFSS,NSE_EQ|OFSS,NSE,EQUITY,CERTIFIED_CLEAN_886,594,2026-10-02T23:52:26.304460+05:30,2026-10-02T23:52:54.894920+05:30,2026-10-02T23:52:54.894920+05:30,2026-10-02T23:52:54.894920+05:30,FULLY_EVALUABLE,REJECTED,False,NONE,False,True,QUALITY_GATE,FAIL_SALES_CAGR
e6ec2c47977443cd852a61a9489ba276,QUALITY_COMPOUNDER,Quality Compounder,FROZEN_V2_PROD_1.0,OIL,NSE_EQ|OIL,NSE,EQUITY,CERTIFIED_CLEAN_886,595,2026-10-02T23:52:26.304460+05:30,2026-10-02T23:52:54.915872+05:30,2026-10-02T23:52:54.915872+05:30,2026-10-02T23:52:54.915872+05:30,FULLY_EVALUABLE,REJECTED,False,NONE,False,True,QUALITY_GATE,FAIL_DEBT
e6ec2c47977443cd852a61a9489ba276,QUALITY_COMPOUNDER,Quality Compounder,FROZEN_V2_PROD_1.0,OLECTRA,NSE_EQ|OLECTRA,NSE,EQUITY,CERTIFIED_CLEAN_886,596,2026-10-02T23:52:26.304460+05:30,2026-10-02T23:52:55.466437+05:30,2026-10-02T23:52:55.466437+05:30,2026-10-02T23:52:55.466437+05:30,FULLY_EVALUABLE,ALERT_BUY,True,BUY,False,False,NONE,PASS
e6ec2c47977443cd852a61a9489ba276,QUALITY_COMPOUNDER,Quality Compounder,FROZEN_V2_PROD_1.0,ONGC,NSE_EQ|ONGC,NSE,EQUITY,CERTIFIED_CLEAN_886,597,2026-10-02T23:52:26.304460+05:30,2026-10-02T23:52:55.480146+05:30,2026-10-02T23:52:55.480146+05:30,2026-10-02T23:52:55.480146+05:30,FULLY_EVALUABLE,REJECTED,False,NONE,False,True,QUALITY_GATE,FAIL_ROCE
e6ec2c47977443cd852a61a9489ba276,QUALITY_COMPOUNDER,Quality Compounder,FROZEN_V2_PROD_1.0,OPTIEMUS,NSE_EQ|OPTIEMUS,NSE,EQUITY,CERTIFIED_CLEAN_886,598,2026-10-02T23:52:26.304460+05:30,2026-10-02T23:52:55.492081+05:30,2026-10-02T23:52:55.492081+05:30,2026-10-02T23:52:55.492081+05:30,FULLY_EVALUABLE,REJECTED,False,NONE,False,True,QUALITY_GATE,FAIL_ROCE
e6ec2c47977443cd852a61a9489ba276,QUALITY_COMPOUNDER,Quality Compounder,FROZEN_V2_PROD_1.0,ORIANA,NSE_EQ|ORIANA,NSE,EQUITY,CERTIFIED_CLEAN_886,599,2026-10-02T23:52:26.304460+05:30,2026-10-02T23:52:55.503800+05:30,2026-10-02T23:52:55.503800+05:30,2026-10-02T23:52:55.503800+05:30,FULLY_EVALUABLE,REJECTED,False,NONE,False,True,QUALITY_GATE,FAIL_DEBT
e6ec2c47977443cd852a61a9489ba276,QUALITY_COMPOUNDER,Quality Compounder,FROZEN_V2_PROD_1.0,ORIENTCEM,NSE_EQ|ORIENTCEM,NSE,EQUITY,CERTIFIED_CLEAN_886,600,2026-10-02T23:52:26.304460+05:30,2026-10-02T23:52:55.514942+05:30,2026-10-02T23:52:55.514942+05:30,2026-10-02T23:52:55.514942+05:30,FULLY_EVALUABLE,REJECTED,False,NONE,False,True,QUALITY_GATE,FAIL_SALES_CAGR
e6ec2c47977443cd852a61a9489ba276,QUALITY_COMPOUNDER,Quality Compounder,FROZEN_V2_PROD_1.0,ORIENTELEC,NSE_EQ|ORIENTELEC,NSE,EQUITY,CERTIFIED_CLEAN_886,601,2026-10-02T23:52:26.304460+05:30,2026-10-02T23:52:55.524439+05:30,2026-10-02T23:52:55.524439+05:30,2026-10-02T23:52:55.524439+05:30,FULLY_EVALUABLE,REJECTED,False,NONE,False,True,QUALITY_GATE,FAIL_PAT_CAGR
e6ec2c47977443cd852a61a9489ba276,QUALITY_COMPOUNDER,Quality Compounder,FROZEN_V2_PROD_1.0,ORIENTHOT,NSE_EQ|ORIENTHOT,NSE,EQUITY,CERTIFIED_CLEAN_886,602,2026-10-02T23:52:26.304460+05:30,2026-10-02T23:52:55.538518+05:30,2026-10-02T23:52:55.538518+05:30,2026-10-02T23:52:55.538518+05:30,DATA_FAILURE,BLOCKED,False,NONE,True,True,DATA_GATE,DATA_INSUFFICIENT_QUALITY
e6ec2c47977443cd852a61a9489ba276,QUALITY_COMPOUNDER,Quality Compounder,FROZEN_V2_PROD_1.0,ORKLAINDIA,NSE_EQ|ORKLAINDIA,NSE,EQUITY,CERTIFIED_CLEAN_886,603,2026-10-02T23:52:26.304460+05:30,2026-10-02T23:52:55.554022+05:30,2026-10-02T23:52:55.554022+05:30,2026-10-02T23:52:55.554022+05:30,FULLY_EVALUABLE,REJECTED,False,NONE,False,True,QUALITY_GATE,FAIL_ROCE
e6ec2c47977443cd852a61a9489ba276,QUALITY_COMPOUNDER,Quality Compounder,FROZEN_V2_PROD_1.0,OSWALPUMPS,NSE_EQ|OSWALPUMPS,NSE,EQUITY,CERTIFIED_CLEAN_886,604,2026-10-02T23:52:26.304460+05:30,2026-10-02T23:52:55.566078+05:30,2026-10-02T23:52:55.566078+05:30,2026-10-02T23:52:55.566078+05:30,DATA_FAILURE,BLOCKED,False,NONE,True,True,DATA_GATE,DATA_INSUFFICIENT_QUALITY
e6ec2c47977443cd852a61a9489ba276,QUALITY_COMPOUNDER,Quality Compounder,FROZEN_V2_PROD_1.0,PACEDIGITK,NSE_EQ|PACEDIGITK,NSE,EQUITY,CERTIFIED_CLEAN_886,605,2026-10-02T23:52:26.304460+05:30,2026-10-02T23:52:55.578250+05:30,2026-10-02T23:52:55.578250+05:30,2026-10-02T23:52:55.578250+05:30,DATA_FAILURE,BLOCKED,False,NONE,True,True,DATA_GATE,DATA_INSUFFICIENT_QUALITY
e6ec2c47977443cd852a61a9489ba276,QUALITY_COMPOUNDER,Quality Compounder,FROZEN_V2_PROD_1.0,PAGEIND,NSE_EQ|PAGEIND,NSE,EQUITY,CERTIFIED_CLEAN_886,606,2026-10-02T23:52:26.304460+05:30,2026-10-02T23:52:55.742819+05:30,2026-10-02T23:52:55.742819+05:30,2026-10-02T23:52:55.742819+05:30,FULLY_EVALUABLE,ALERT_BUY,True,BUY,False,False,NONE,PASS
e6ec2c47977443cd852a61a9489ba276,QUALITY_COMPOUNDER,Quality Compounder,FROZEN_V2_PROD_1.0,PANAMAPET,NSE_EQ|PANAMAPET,NSE,EQUITY,CERTIFIED_CLEAN_886,607,2026-10-02T23:52:26.304460+05:30,2026-10-02T23:52:55.780406+05:30,2026-10-02T23:52:55.780406+05:30,2026-10-02T23:52:55.780406+05:30,FULLY_EVALUABLE,REJECTED,False,NONE,False,True,QUALITY_GATE,FAIL_PAT_CAGR
e6ec2c47977443cd852a61a9489ba276,QUALITY_COMPOUNDER,Quality Compounder,FROZEN_V2_PROD_1.0,PARADEEP,NSE_EQ|PARADEEP,NSE,EQUITY,CERTIFIED_CLEAN_886,608,2026-10-02T23:52:26.304460+05:30,2026-10-02T23:52:55.812879+05:30,2026-10-02T23:52:55.812879+05:30,2026-10-02T23:52:55.812879+05:30,FULLY_EVALUABLE,REJECTED,False,NONE,False,True,QUALITY_GATE,FAIL_ROCE
e6ec2c47977443cd852a61a9489ba276,QUALITY_COMPOUNDER,Quality Compounder,FROZEN_V2_PROD_1.0,PARAGMILK,NSE_EQ|PARAGMILK,NSE,EQUITY,CERTIFIED_CLEAN_886,609,2026-10-02T23:52:26.304460+05:30,2026-10-02T23:52:55.841320+05:30,2026-10-02T23:52:55.841320+05:30,2026-10-02T23:52:55.841320+05:30,DATA_FAILURE,BLOCKED,False,NONE,True,True,DATA_GATE,DATA_INSUFFICIENT_QUALITY
e6ec2c47977443cd852a61a9489ba276,QUALITY_COMPOUNDER,Quality Compounder,FROZEN_V2_PROD_1.0,PARAS,NSE_EQ|PARAS,NSE,EQUITY,CERTIFIED_CLEAN_886,610,2026-10-02T23:52:26.304460+05:30,2026-10-02T23:52:55.856318+05:30,2026-10-02T23:52:55.856318+05:30,2026-10-02T23:52:55.856318+05:30,FULLY_EVALUABLE,REJECTED,False,NONE,False,True,QUALITY_GATE,FAIL_ROCE
e6ec2c47977443cd852a61a9489ba276,QUALITY_COMPOUNDER,Quality Compounder,FROZEN_V2_PROD_1.0,PATANJALI,NSE_EQ|PATANJALI,NSE,EQUITY,CERTIFIED_CLEAN_886,611,2026-10-02T23:52:26.304460+05:30,2026-10-02T23:52:56.155969+05:30,2026-10-02T23:52:56.155969+05:30,2026-10-02T23:52:56.155969+05:30,DATA_FAILURE,BLOCKED,False,NONE,True,True,DATA_GATE,FAIL_ROCE
e6ec2c47977443cd852a61a9489ba276,QUALITY_COMPOUNDER,Quality Compounder,FROZEN_V2_PROD_1.0,PAUSHAKLTD,NSE_EQ|PAUSHAKLTD,NSE,EQUITY,CERTIFIED_CLEAN_886,612,2026-10-02T23:52:26.304460+05:30,2026-10-02T23:52:56.169582+05:30,2026-10-02T23:52:56.169582+05:30,2026-10-02T23:52:56.169582+05:30,FULLY_EVALUABLE,REJECTED,False,NONE,False,True,QUALITY_GATE,FAIL_ROCE
e6ec2c47977443cd852a61a9489ba276,QUALITY_COMPOUNDER,Quality Compounder,FROZEN_V2_PROD_1.0,PENIND,NSE_EQ|PENIND,NSE,EQUITY,CERTIFIED_CLEAN_886,613,2026-10-02T23:52:26.304460+05:30,2026-10-02T23:52:56.181709+05:30,2026-10-02T23:52:56.181709+05:30,2026-10-02T23:52:56.181709+05:30,FULLY_EVALUABLE,REJECTED,False,NONE,False,True,QUALITY_GATE,FAIL_ROCE
e6ec2c47977443cd852a61a9489ba276,QUALITY_COMPOUNDER,Quality Compounder,FROZEN_V2_PROD_1.0,PERSISTENT,NSE_EQ|PERSISTENT,NSE,EQUITY,CERTIFIED_CLEAN_886,614,2026-10-02T23:52:26.304460+05:30,2026-10-02T23:52:56.494313+05:30,2026-10-02T23:52:56.494313+05:30,2026-10-02T23:52:56.494313+05:30,FULLY_EVALUABLE,ALERT_BUY,True,BUY,False,False,NONE,PASS
e6ec2c47977443cd852a61a9489ba276,QUALITY_COMPOUNDER,Quality Compounder,FROZEN_V2_PROD_1.0,PETRONET,NSE_EQ|PETRONET,NSE,EQUITY,CERTIFIED_CLEAN_886,615,2026-10-02T23:52:26.304460+05:30,2026-10-02T23:52:56.512686+05:30,2026-10-02T23:52:56.512686+05:30,2026-10-02T23:52:56.512686+05:30,FULLY_EVALUABLE,REJECTED,False,NONE,False,True,QUALITY_GATE,FAIL_PAT_CAGR
e6ec2c47977443cd852a61a9489ba276,QUALITY_COMPOUNDER,Quality Compounder,FROZEN_V2_PROD_1.0,PFC,NSE_EQ|PFC,NSE,EQUITY,CERTIFIED_CLEAN_886,616,2026-10-02T23:52:26.304460+05:30,2026-10-02T23:52:56.527324+05:30,2026-10-02T23:52:56.527324+05:30,2026-10-02T23:52:56.527324+05:30,FULLY_EVALUABLE,REJECTED,False,NONE,False,True,QUALITY_GATE,METRIC_NOT_APPLICABLE_FINANCIAL
e6ec2c47977443cd852a61a9489ba276,QUALITY_COMPOUNDER,Quality Compounder,FROZEN_V2_PROD_1.0,PFIZER,NSE_EQ|PFIZER,NSE,EQUITY,CERTIFIED_CLEAN_886,617,2026-10-02T23:52:26.304460+05:30,2026-10-02T23:52:56.543845+05:30,2026-10-02T23:52:56.543845+05:30,2026-10-02T23:52:56.543845+05:30,DATA_FAILURE,BLOCKED,False,NONE,True,True,DATA_GATE,FAIL_SALES_CAGR
e6ec2c47977443cd852a61a9489ba276,QUALITY_COMPOUNDER,Quality Compounder,FROZEN_V2_PROD_1.0,PFOCUS,NSE_EQ|PFOCUS,NSE,EQUITY,CERTIFIED_CLEAN_886,618,2026-10-02T23:52:26.304460+05:30,2026-10-02T23:52:56.567975+05:30,2026-10-02T23:52:56.567975+05:30,2026-10-02T23:52:56.567975+05:30,DATA_FAILURE,BLOCKED,False,NONE,True,True,DATA_GATE,DATA_INSUFFICIENT_QUALITY
e6ec2c47977443cd852a61a9489ba276,QUALITY_COMPOUNDER,Quality Compounder,FROZEN_V2_PROD_1.0,PGHH,NSE_EQ|PGHH,NSE,EQUITY,CERTIFIED_CLEAN_886,619,2026-10-02T23:52:26.304460+05:30,2026-10-02T23:52:56.579705+05:30,2026-10-02T23:52:56.579705+05:30,2026-10-02T23:52:56.579705+05:30,FULLY_EVALUABLE,REJECTED,False,NONE,False,True,QUALITY_GATE,FAIL_SALES_CAGR
e6ec2c47977443cd852a61a9489ba276,QUALITY_COMPOUNDER,Quality Compounder,FROZEN_V2_PROD_1.0,PGHL,NSE_EQ|PGHL,NSE,EQUITY,CERTIFIED_CLEAN_886,620,2026-10-02T23:52:26.304460+05:30,2026-10-02T23:52:56.590375+05:30,2026-10-02T23:52:56.590375+05:30,2026-10-02T23:52:56.590375+05:30,FULLY_EVALUABLE,REJECTED,False,NONE,False,True,QUALITY_GATE,FAIL_SALES_CAGR
e6ec2c47977443cd852a61a9489ba276,QUALITY_COMPOUNDER,Quality Compounder,FROZEN_V2_PROD_1.0,PGIL,NSE_EQ|PGIL,NSE,EQUITY,CERTIFIED_CLEAN_886,621,2026-10-02T23:52:26.304460+05:30,2026-10-02T23:52:56.604946+05:30,2026-10-02T23:52:56.604946+05:30,2026-10-02T23:52:56.604946+05:30,FULLY_EVALUABLE,REJECTED,False,NONE,False,True,QUALITY_GATE,FAIL_DEBT
e6ec2c47977443cd852a61a9489ba276,QUALITY_COMPOUNDER,Quality Compounder,FROZEN_V2_PROD_1.0,PHOENIXLTD,NSE_EQ|PHOENIXLTD,NSE,EQUITY,CERTIFIED_CLEAN_886,622,2026-10-02T23:52:26.304460+05:30,2026-10-02T23:52:56.616623+05:30,2026-10-02T23:52:56.616623+05:30,2026-10-02T23:52:56.616623+05:30,FULLY_EVALUABLE,REJECTED,False,NONE,False,True,QUALITY_GATE,FAIL_ROCE
e6ec2c47977443cd852a61a9489ba276,QUALITY_COMPOUNDER,Quality Compounder,FROZEN_V2_PROD_1.0,PICCADIL,NSE_EQ|PICCADIL,NSE,EQUITY,CERTIFIED_CLEAN_886,623,2026-10-02T23:52:26.304460+05:30,2026-10-02T23:52:56.625896+05:30,2026-10-02T23:52:56.625896+05:30,2026-10-02T23:52:56.625896+05:30,FULLY_EVALUABLE,REJECTED,False,NONE,False,True,QUALITY_GATE,FAIL_CFO_PAT
e6ec2c47977443cd852a61a9489ba276,QUALITY_COMPOUNDER,Quality Compounder,FROZEN_V2_PROD_1.0,PIDILITIND,NSE_EQ|PIDILITIND,NSE,EQUITY,CERTIFIED_CLEAN_886,624,2026-10-02T23:52:26.304460+05:30,2026-10-02T23:52:56.640291+05:30,2026-10-02T23:52:56.640291+05:30,2026-10-02T23:52:56.640291+05:30,FULLY_EVALUABLE,REJECTED,False,NONE,False,True,VALUATION_GATE,FAIL_VALUATION
e6ec2c47977443cd852a61a9489ba276,QUALITY_COMPOUNDER,Quality Compounder,FROZEN_V2_PROD_1.0,PIIND,NSE_EQ|PIIND,NSE,EQUITY,CERTIFIED_CLEAN_886,625,2026-10-02T23:52:26.304460+05:30,2026-10-02T23:52:56.650723+05:30,2026-10-02T23:52:56.650723+05:30,2026-10-02T23:52:56.650723+05:30,FULLY_EVALUABLE,REJECTED,False,NONE,False,True,QUALITY_GATE,FAIL_SALES_CAGR
e6ec2c47977443cd852a61a9489ba276,QUALITY_COMPOUNDER,Quality Compounder,FROZEN_V2_PROD_1.0,PITTIENG,NSE_EQ|PITTIENG,NSE,EQUITY,CERTIFIED_CLEAN_886,626,2026-10-02T23:52:26.304460+05:30,2026-10-02T23:52:56.661829+05:30,2026-10-02T23:52:56.661829+05:30,2026-10-02T23:52:56.661829+05:30,FULLY_EVALUABLE,REJECTED,False,NONE,False,True,QUALITY_GATE,FAIL_DEBT
e6ec2c47977443cd852a61a9489ba276,QUALITY_COMPOUNDER,Quality Compounder,FROZEN_V2_PROD_1.0,PIXTRANS,NSE_EQ|PIXTRANS,NSE,EQUITY,CERTIFIED_CLEAN_886,627,2026-10-02T23:52:26.304460+05:30,2026-10-02T23:52:56.670836+05:30,2026-10-02T23:52:56.670836+05:30,2026-10-02T23:52:56.670836+05:30,FULLY_EVALUABLE,REJECTED,False,NONE,False,True,QUALITY_GATE,FAIL_SALES_CAGR
e6ec2c47977443cd852a61a9489ba276,QUALITY_COMPOUNDER,Quality Compounder,FROZEN_V2_PROD_1.0,PLATIND,NSE_EQ|PLATIND,NSE,EQUITY,CERTIFIED_CLEAN_886,628,2026-10-02T23:52:26.304460+05:30,2026-10-02T23:52:56.681148+05:30,2026-10-02T23:52:56.681148+05:30,2026-10-02T23:52:56.681148+05:30,FULLY_EVALUABLE,REJECTED,False,NONE,False,True,QUALITY_GATE,FAIL_LIQUIDITY
e6ec2c47977443cd852a61a9489ba276,QUALITY_COMPOUNDER,Quality Compounder,FROZEN_V2_PROD_1.0,PNBHOUSING,NSE_EQ|PNBHOUSING,NSE,EQUITY,CERTIFIED_CLEAN_886,629,2026-10-02T23:52:26.304460+05:30,2026-10-02T23:52:56.691986+05:30,2026-10-02T23:52:56.691986+05:30,2026-10-02T23:52:56.691986+05:30,FULLY_EVALUABLE,REJECTED,False,NONE,False,True,QUALITY_GATE,METRIC_NOT_APPLICABLE_FINANCIAL
e6ec2c47977443cd852a61a9489ba276,QUALITY_COMPOUNDER,Quality Compounder,FROZEN_V2_PROD_1.0,PNCINFRA,NSE_EQ|PNCINFRA,NSE,EQUITY,CERTIFIED_CLEAN_886,630,2026-10-02T23:52:26.304460+05:30,2026-10-02T23:52:56.703960+05:30,2026-10-02T23:52:56.703960+05:30,2026-10-02T23:52:56.703960+05:30,FULLY_EVALUABLE,REJECTED,False,NONE,False,True,QUALITY_GATE,FAIL_ROCE
e6ec2c47977443cd852a61a9489ba276,QUALITY_COMPOUNDER,Quality Compounder,FROZEN_V2_PROD_1.0,PNGJL,NSE_EQ|PNGJL,NSE,EQUITY,CERTIFIED_CLEAN_886,631,2026-10-02T23:52:26.304460+05:30,2026-10-02T23:52:56.715429+05:30,2026-10-02T23:52:56.715429+05:30,2026-10-02T23:52:56.715429+05:30,DATA_FAILURE,BLOCKED,False,NONE,True,True,DATA_GATE,DATA_INSUFFICIENT_QUALITY
e6ec2c47977443cd852a61a9489ba276,QUALITY_COMPOUNDER,Quality Compounder,FROZEN_V2_PROD_1.0,POKARNA,NSE_EQ|POKARNA,NSE,EQUITY,CERTIFIED_CLEAN_886,632,2026-10-02T23:52:26.304460+05:30,2026-10-02T23:52:56.725058+05:30,2026-10-02T23:52:56.725058+05:30,2026-10-02T23:52:56.725058+05:30,FULLY_EVALUABLE,REJECTED,False,NONE,False,True,QUALITY_GATE,FAIL_DEBT
e6ec2c47977443cd852a61a9489ba276,QUALITY_COMPOUNDER,Quality Compounder,FROZEN_V2_PROD_1.0,POLYCAB,NSE_EQ|POLYCAB,NSE,EQUITY,CERTIFIED_CLEAN_886,633,2026-10-02T23:52:26.304460+05:30,2026-10-02T23:52:56.736536+05:30,2026-10-02T23:52:56.736536+05:30,2026-10-02T23:52:56.736536+05:30,FULLY_EVALUABLE,REJECTED,False,NONE,False,True,VALUATION_GATE,FAIL_VALUATION
e6ec2c47977443cd852a61a9489ba276,QUALITY_COMPOUNDER,Quality Compounder,FROZEN_V2_PROD_1.0,POLYMED,NSE_EQ|POLYMED,NSE,EQUITY,CERTIFIED_CLEAN_886,634,2026-10-02T23:52:26.304460+05:30,2026-10-02T23:52:56.745337+05:30,2026-10-02T23:52:56.745337+05:30,2026-10-02T23:52:56.745337+05:30,FULLY_EVALUABLE,REJECTED,False,NONE,False,True,VALUATION_GATE,FAIL_VALUATION
e6ec2c47977443cd852a61a9489ba276,QUALITY_COMPOUNDER,Quality Compounder,FROZEN_V2_PROD_1.0,POWERGRID,NSE_EQ|POWERGRID,NSE,EQUITY,CERTIFIED_CLEAN_886,635,2026-10-02T23:52:26.304460+05:30,2026-10-02T23:52:56.755174+05:30,2026-10-02T23:52:56.755174+05:30,2026-10-02T23:52:56.755174+05:30,FULLY_EVALUABLE,REJECTED,False,NONE,False,True,QUALITY_GATE,FAIL_ROCE
e6ec2c47977443cd852a61a9489ba276,QUALITY_COMPOUNDER,Quality Compounder,FROZEN_V2_PROD_1.0,POWERINDIA,NSE_EQ|POWERINDIA,NSE,EQUITY,CERTIFIED_CLEAN_886,636,2026-10-02T23:52:26.304460+05:30,2026-10-02T23:52:56.763925+05:30,2026-10-02T23:52:56.763925+05:30,2026-10-02T23:52:56.763925+05:30,FULLY_EVALUABLE,REJECTED,False,NONE,False,True,VALUATION_GATE,FAIL_VALUATION
e6ec2c47977443cd852a61a9489ba276,QUALITY_COMPOUNDER,Quality Compounder,FROZEN_V2_PROD_1.0,POWERMECH,NSE_EQ|POWERMECH,NSE,EQUITY,CERTIFIED_CLEAN_886,637,2026-10-02T23:52:26.304460+05:30,2026-10-02T23:52:56.776512+05:30,2026-10-02T23:52:56.776512+05:30,2026-10-02T23:52:56.776512+05:30,DATA_FAILURE,BLOCKED,False,NONE,True,True,DATA_GATE,DATA_INSUFFICIENT_QUALITY
e6ec2c47977443cd852a61a9489ba276,QUALITY_COMPOUNDER,Quality Compounder,FROZEN_V2_PROD_1.0,PRAKASH,NSE_EQ|PRAKASH,NSE,EQUITY,CERTIFIED_CLEAN_886,638,2026-10-02T23:52:26.304460+05:30,2026-10-02T23:52:56.785948+05:30,2026-10-02T23:52:56.785948+05:30,2026-10-02T23:52:56.785948+05:30,FULLY_EVALUABLE,REJECTED,False,NONE,False,True,QUALITY_GATE,FAIL_ROCE
e6ec2c47977443cd852a61a9489ba276,QUALITY_COMPOUNDER,Quality Compounder,FROZEN_V2_PROD_1.0,PRECWIRE,NSE_EQ|PRECWIRE,NSE,EQUITY,CERTIFIED_CLEAN_886,639,2026-10-02T23:52:26.304460+05:30,2026-10-02T23:52:56.927482+05:30,2026-10-02T23:52:56.927482+05:30,2026-10-02T23:52:56.927482+05:30,FULLY_EVALUABLE,ALERT_BUY,True,BUY,False,False,NONE,PASS
e6ec2c47977443cd852a61a9489ba276,QUALITY_COMPOUNDER,Quality Compounder,FROZEN_V2_PROD_1.0,PREMEXPLN,NSE_EQ|PREMEXPLN,NSE,EQUITY,CERTIFIED_CLEAN_886,640,2026-10-02T23:52:26.304460+05:30,2026-10-02T23:52:56.941910+05:30,2026-10-02T23:52:56.941910+05:30,2026-10-02T23:52:56.941910+05:30,DATA_FAILURE,BLOCKED,False,NONE,True,True,DATA_GATE,DATA_INSUFFICIENT_QUALITY
e6ec2c47977443cd852a61a9489ba276,QUALITY_COMPOUNDER,Quality Compounder,FROZEN_V2_PROD_1.0,PREMIERENE,NSE_EQ|PREMIERENE,NSE,EQUITY,CERTIFIED_CLEAN_886,641,2026-10-02T23:52:26.304460+05:30,2026-10-02T23:52:56.953440+05:30,2026-10-02T23:52:56.953440+05:30,2026-10-02T23:52:56.953440+05:30,FULLY_EVALUABLE,REJECTED,False,NONE,False,True,QUALITY_GATE,FAIL_DEBT
e6ec2c47977443cd852a61a9489ba276,QUALITY_COMPOUNDER,Quality Compounder,FROZEN_V2_PROD_1.0,PRICOLLTD,NSE_EQ|PRICOLLTD,NSE,EQUITY,CERTIFIED_CLEAN_886,642,2026-10-02T23:52:26.304460+05:30,2026-10-02T23:52:56.994574+05:30,2026-10-02T23:52:56.994574+05:30,2026-10-02T23:52:56.994574+05:30,FULLY_EVALUABLE,REJECTED,False,NONE,False,True,VALUATION_GATE,FAIL_VALUATION
e6ec2c47977443cd852a61a9489ba276,QUALITY_COMPOUNDER,Quality Compounder,FROZEN_V2_PROD_1.0,PROTEAN,NSE_EQ|PROTEAN,NSE,EQUITY,CERTIFIED_CLEAN_886,643,2026-10-02T23:52:26.304460+05:30,2026-10-02T23:52:57.003498+05:30,2026-10-02T23:52:57.003498+05:30,2026-10-02T23:52:57.003498+05:30,FULLY_EVALUABLE,REJECTED,False,NONE,False,True,QUALITY_GATE,FAIL_PAT_CAGR
e6ec2c47977443cd852a61a9489ba276,QUALITY_COMPOUNDER,Quality Compounder,FROZEN_V2_PROD_1.0,PRSMJOHNSN,NSE_EQ|PRSMJOHNSN,NSE,EQUITY,CERTIFIED_CLEAN_886,644,2026-10-02T23:52:26.304460+05:30,2026-10-02T23:52:57.012474+05:30,2026-10-02T23:52:57.012474+05:30,2026-10-02T23:52:57.012474+05:30,FULLY_EVALUABLE,REJECTED,False,NONE,False,True,QUALITY_GATE,FAIL_ROCE
e6ec2c47977443cd852a61a9489ba276,QUALITY_COMPOUNDER,Quality Compounder,FROZEN_V2_PROD_1.0,PRUDENT,NSE_EQ|PRUDENT,NSE,EQUITY,CERTIFIED_CLEAN_886,645,2026-10-02T23:52:26.304460+05:30,2026-10-02T23:52:57.021774+05:30,2026-10-02T23:52:57.021774+05:30,2026-10-02T23:52:57.021774+05:30,FULLY_EVALUABLE,REJECTED,False,NONE,False,True,QUALITY_GATE,METRIC_NOT_APPLICABLE_FINANCIAL
e6ec2c47977443cd852a61a9489ba276,QUALITY_COMPOUNDER,Quality Compounder,FROZEN_V2_PROD_1.0,PTC,NSE_EQ|PTC,NSE,EQUITY,CERTIFIED_CLEAN_886,646,2026-10-02T23:52:26.304460+05:30,2026-10-02T23:52:57.031211+05:30,2026-10-02T23:52:57.031211+05:30,2026-10-02T23:52:57.031211+05:30,FULLY_EVALUABLE,REJECTED,False,NONE,False,True,QUALITY_GATE,FAIL_ROCE
e6ec2c47977443cd852a61a9489ba276,QUALITY_COMPOUNDER,Quality Compounder,FROZEN_V2_PROD_1.0,PUNJABCHEM,NSE_EQ|PUNJABCHEM,NSE,EQUITY,CERTIFIED_CLEAN_886,647,2026-10-02T23:52:26.304460+05:30,2026-10-02T23:52:57.040907+05:30,2026-10-02T23:52:57.040907+05:30,2026-10-02T23:52:57.040907+05:30,FULLY_EVALUABLE,REJECTED,False,NONE,False,True,QUALITY_GATE,FAIL_SALES_CAGR
e6ec2c47977443cd852a61a9489ba276,QUALITY_COMPOUNDER,Quality Compounder,FROZEN_V2_PROD_1.0,QPOWER,NSE_EQ|QPOWER,NSE,EQUITY,CERTIFIED_CLEAN_886,648,2026-10-02T23:52:26.304460+05:30,2026-10-02T23:52:57.050439+05:30,2026-10-02T23:52:57.050439+05:30,2026-10-02T23:52:57.050439+05:30,DATA_FAILURE,BLOCKED,False,NONE,True,True,DATA_GATE,DATA_INSUFFICIENT_QUALITY
e6ec2c47977443cd852a61a9489ba276,QUALITY_COMPOUNDER,Quality Compounder,FROZEN_V2_PROD_1.0,RACLGEAR,NSE_EQ|RACLGEAR,NSE,EQUITY,CERTIFIED_CLEAN_886,649,2026-10-02T23:52:26.304460+05:30,2026-10-02T23:52:57.060516+05:30,2026-10-02T23:52:57.060516+05:30,2026-10-02T23:52:57.060516+05:30,FULLY_EVALUABLE,REJECTED,False,NONE,False,True,QUALITY_GATE,FAIL_DEBT
e6ec2c47977443cd852a61a9489ba276,QUALITY_COMPOUNDER,Quality Compounder,FROZEN_V2_PROD_1.0,RADICO,NSE_EQ|RADICO,NSE,EQUITY,CERTIFIED_CLEAN_886,650,2026-10-02T23:52:26.304460+05:30,2026-10-02T23:52:57.075054+05:30,2026-10-02T23:52:57.075054+05:30,2026-10-02T23:52:57.075054+05:30,FULLY_EVALUABLE,REJECTED,False,NONE,False,True,VALUATION_GATE,FAIL_VALUATION
e6ec2c47977443cd852a61a9489ba276,QUALITY_COMPOUNDER,Quality Compounder,FROZEN_V2_PROD_1.0,RAILTEL,NSE_EQ|RAILTEL,NSE,EQUITY,CERTIFIED_CLEAN_886,651,2026-10-02T23:52:26.304460+05:30,2026-10-02T23:52:57.241174+05:30,2026-10-02T23:52:57.241174+05:30,2026-10-02T23:52:57.241174+05:30,FULLY_EVALUABLE,ALERT_BUY,True,BUY,False,False,NONE,PASS
e6ec2c47977443cd852a61a9489ba276,QUALITY_COMPOUNDER,Quality Compounder,FROZEN_V2_PROD_1.0,RALLIS,NSE_EQ|RALLIS,NSE,EQUITY,CERTIFIED_CLEAN_886,652,2026-10-02T23:52:26.304460+05:30,2026-10-02T23:52:57.254861+05:30,2026-10-02T23:52:57.254861+05:30,2026-10-02T23:52:57.254861+05:30,FULLY_EVALUABLE,REJECTED,False,NONE,False,True,QUALITY_GATE,FAIL_ROCE
e6ec2c47977443cd852a61a9489ba276,QUALITY_COMPOUNDER,Quality Compounder,FROZEN_V2_PROD_1.0,RAMCOCEM,NSE_EQ|RAMCOCEM,NSE,EQUITY,CERTIFIED_CLEAN_886,653,2026-10-02T23:52:26.304460+05:30,2026-10-02T23:52:57.266799+05:30,2026-10-02T23:52:57.266799+05:30,2026-10-02T23:52:57.266799+05:30,FULLY_EVALUABLE,REJECTED,False,NONE,False,True,QUALITY_GATE,FAIL_ROCE
e6ec2c47977443cd852a61a9489ba276,QUALITY_COMPOUNDER,Quality Compounder,FROZEN_V2_PROD_1.0,RAMCOSYS,NSE_EQ|RAMCOSYS,NSE,EQUITY,CERTIFIED_CLEAN_886,654,2026-10-02T23:52:26.304460+05:30,2026-10-02T23:52:57.281249+05:30,2026-10-02T23:52:57.281249+05:30,2026-10-02T23:52:57.281249+05:30,DATA_FAILURE,BLOCKED,False,NONE,True,True,DATA_GATE,DATA_INSUFFICIENT_QUALITY
e6ec2c47977443cd852a61a9489ba276,QUALITY_COMPOUNDER,Quality Compounder,FROZEN_V2_PROD_1.0,RAMKY,NSE_EQ|RAMKY,NSE,EQUITY,CERTIFIED_CLEAN_886,655,2026-10-02T23:52:26.304460+05:30,2026-10-02T23:52:57.295769+05:30,2026-10-02T23:52:57.295769+05:30,2026-10-02T23:52:57.295769+05:30,FULLY_EVALUABLE,REJECTED,False,NONE,False,True,VALUATION_GATE,FAIL_VALUATION
e6ec2c47977443cd852a61a9489ba276,QUALITY_COMPOUNDER,Quality Compounder,FROZEN_V2_PROD_1.0,RAMRAT,NSE_EQ|RAMRAT,NSE,EQUITY,CERTIFIED_CLEAN_886,656,2026-10-02T23:52:26.304460+05:30,2026-10-02T23:52:57.309256+05:30,2026-10-02T23:52:57.309256+05:30,2026-10-02T23:52:57.309256+05:30,FULLY_EVALUABLE,REJECTED,False,NONE,False,True,QUALITY_GATE,FAIL_DEBT
e6ec2c47977443cd852a61a9489ba276,QUALITY_COMPOUNDER,Quality Compounder,FROZEN_V2_PROD_1.0,RANEHOLDIN,NSE_EQ|RANEHOLDIN,NSE,EQUITY,CERTIFIED_CLEAN_886,657,2026-10-02T23:52:26.304460+05:30,2026-10-02T23:52:57.324068+05:30,2026-10-02T23:52:57.324068+05:30,2026-10-02T23:52:57.324068+05:30,DATA_FAILURE,BLOCKED,False,NONE,True,True,DATA_GATE,DATA_INSUFFICIENT_QUALITY
e6ec2c47977443cd852a61a9489ba276,QUALITY_COMPOUNDER,Quality Compounder,FROZEN_V2_PROD_1.0,RATEGAIN,NSE_EQ|RATEGAIN,NSE,EQUITY,CERTIFIED_CLEAN_886,658,2026-10-02T23:52:26.304460+05:30,2026-10-02T23:52:57.340536+05:30,2026-10-02T23:52:57.340536+05:30,2026-10-02T23:52:57.340536+05:30,DATA_FAILURE,BLOCKED,False,NONE,True,True,DATA_GATE,DATA_INSUFFICIENT_QUALITY
e6ec2c47977443cd852a61a9489ba276,QUALITY_COMPOUNDER,Quality Compounder,FROZEN_V2_PROD_1.0,RATNAMANI,NSE_EQ|RATNAMANI,NSE,EQUITY,CERTIFIED_CLEAN_886,659,2026-10-02T23:52:26.304460+05:30,2026-10-02T23:52:57.354134+05:30,2026-10-02T23:52:57.354134+05:30,2026-10-02T23:52:57.354134+05:30,FULLY_EVALUABLE,REJECTED,False,NONE,False,True,QUALITY_GATE,FAIL_CFO_PAT
e6ec2c47977443cd852a61a9489ba276,QUALITY_COMPOUNDER,Quality Compounder,FROZEN_V2_PROD_1.0,RATNAVEER,NSE_EQ|RATNAVEER,NSE,EQUITY,CERTIFIED_CLEAN_886,660,2026-10-02T23:52:26.304460+05:30,2026-10-02T23:52:57.367334+05:30,2026-10-02T23:52:57.367334+05:30,2026-10-02T23:52:57.367334+05:30,STRUCTURAL_INELIGIBLE,BLOCKED,False,NONE,True,True,DATA_GATE,DATA_INSUFFICIENT_QUALITY
e6ec2c47977443cd852a61a9489ba276,QUALITY_COMPOUNDER,Quality Compounder,FROZEN_V2_PROD_1.0,RCF,NSE_EQ|RCF,NSE,EQUITY,CERTIFIED_CLEAN_886,661,2026-10-02T23:52:26.304460+05:30,2026-10-02T23:52:57.377009+05:30,2026-10-02T23:52:57.377009+05:30,2026-10-02T23:52:57.377009+05:30,FULLY_EVALUABLE,REJECTED,False,NONE,False,True,QUALITY_GATE,FAIL_ROCE
e6ec2c47977443cd852a61a9489ba276,QUALITY_COMPOUNDER,Quality Compounder,FROZEN_V2_PROD_1.0,RECLTD,NSE_EQ|RECLTD,NSE,EQUITY,CERTIFIED_CLEAN_886,662,2026-10-02T23:52:26.304460+05:30,2026-10-02T23:52:57.387076+05:30,2026-10-02T23:52:57.387076+05:30,2026-10-02T23:52:57.387076+05:30,FULLY_EVALUABLE,REJECTED,False,NONE,False,True,QUALITY_GATE,METRIC_NOT_APPLICABLE_FINANCIAL
e6ec2c47977443cd852a61a9489ba276,QUALITY_COMPOUNDER,Quality Compounder,FROZEN_V2_PROD_1.0,REDINGTON,NSE_EQ|REDINGTON,NSE,EQUITY,CERTIFIED_CLEAN_886,663,2026-10-02T23:52:26.304460+05:30,2026-10-02T23:52:57.396608+05:30,2026-10-02T23:52:57.396608+05:30,2026-10-02T23:52:57.396608+05:30,FULLY_EVALUABLE,REJECTED,False,NONE,False,True,QUALITY_GATE,FAIL_CFO_PAT
e6ec2c47977443cd852a61a9489ba276,QUALITY_COMPOUNDER,Quality Compounder,FROZEN_V2_PROD_1.0,REDTAPE,NSE_EQ|REDTAPE,NSE,EQUITY,CERTIFIED_CLEAN_886,664,2026-10-02T23:52:26.304460+05:30,2026-10-02T23:52:57.408077+05:30,2026-10-02T23:52:57.408077+05:30,2026-10-02T23:52:57.408077+05:30,STRUCTURAL_INELIGIBLE,BLOCKED,False,NONE,True,True,DATA_GATE,DATA_INSUFFICIENT_QUALITY
e6ec2c47977443cd852a61a9489ba276,QUALITY_COMPOUNDER,Quality Compounder,FROZEN_V2_PROD_1.0,REFEX,NSE_EQ|REFEX,NSE,EQUITY,CERTIFIED_CLEAN_886,665,2026-10-02T23:52:26.304460+05:30,2026-10-02T23:52:57.418755+05:30,2026-10-02T23:52:57.418755+05:30,2026-10-02T23:52:57.418755+05:30,FULLY_EVALUABLE,REJECTED,False,NONE,False,True,QUALITY_GATE,FAIL_CFO_PAT
e6ec2c47977443cd852a61a9489ba276,QUALITY_COMPOUNDER,Quality Compounder,FROZEN_V2_PROD_1.0,RELAXO,NSE_EQ|RELAXO,NSE,EQUITY,CERTIFIED_CLEAN_886,666,2026-10-02T23:52:26.304460+05:30,2026-10-02T23:52:57.429421+05:30,2026-10-02T23:52:57.429421+05:30,2026-10-02T23:52:57.429421+05:30,FULLY_EVALUABLE,REJECTED,False,NONE,False,True,QUALITY_GATE,FAIL_ROCE
e6ec2c47977443cd852a61a9489ba276,QUALITY_COMPOUNDER,Quality Compounder,FROZEN_V2_PROD_1.0,RELIANCE,NSE_EQ|RELIANCE,NSE,EQUITY,CERTIFIED_CLEAN_886,667,2026-10-02T23:52:26.304460+05:30,2026-10-02T23:52:57.438669+05:30,2026-10-02T23:52:57.438669+05:30,2026-10-02T23:52:57.438669+05:30,FULLY_EVALUABLE,REJECTED,False,NONE,False,True,QUALITY_GATE,FAIL_ROCE
e6ec2c47977443cd852a61a9489ba276,QUALITY_COMPOUNDER,Quality Compounder,FROZEN_V2_PROD_1.0,RELTD,NSE_EQ|RELTD,NSE,EQUITY,CERTIFIED_CLEAN_886,668,2026-10-02T23:52:26.304460+05:30,2026-10-02T23:52:57.446750+05:30,2026-10-02T23:52:57.446750+05:30,2026-10-02T23:52:57.446750+05:30,FULLY_EVALUABLE,REJECTED,False,NONE,False,True,QUALITY_GATE,FAIL_ROCE
e6ec2c47977443cd852a61a9489ba276,QUALITY_COMPOUNDER,Quality Compounder,FROZEN_V2_PROD_1.0,REPCOHOME,NSE_EQ|REPCOHOME,NSE,EQUITY,CERTIFIED_CLEAN_886,669,2026-10-02T23:52:26.304460+05:30,2026-10-02T23:52:57.455779+05:30,2026-10-02T23:52:57.455779+05:30,2026-10-02T23:52:57.455779+05:30,FULLY_EVALUABLE,REJECTED,False,NONE,False,True,QUALITY_GATE,METRIC_NOT_APPLICABLE_FINANCIAL
e6ec2c47977443cd852a61a9489ba276,QUALITY_COMPOUNDER,Quality Compounder,FROZEN_V2_PROD_1.0,RESPONIND,NSE_EQ|RESPONIND,NSE,EQUITY,CERTIFIED_CLEAN_886,670,2026-10-02T23:52:26.304460+05:30,2026-10-02T23:52:57.464894+05:30,2026-10-02T23:52:57.464894+05:30,2026-10-02T23:52:57.464894+05:30,FULLY_EVALUABLE,REJECTED,False,NONE,False,True,QUALITY_GATE,FAIL_ROCE
e6ec2c47977443cd852a61a9489ba276,QUALITY_COMPOUNDER,Quality Compounder,FROZEN_V2_PROD_1.0,RISHABH,NSE_EQ|RISHABH,NSE,EQUITY,CERTIFIED_CLEAN_886,671,2026-10-02T23:52:26.304460+05:30,2026-10-02T23:52:57.473209+05:30,2026-10-02T23:52:57.473209+05:30,2026-10-02T23:52:57.473209+05:30,FULLY_EVALUABLE,REJECTED,False,NONE,False,True,QUALITY_GATE,FAIL_ROCE
e6ec2c47977443cd852a61a9489ba276,QUALITY_COMPOUNDER,Quality Compounder,FROZEN_V2_PROD_1.0,RITES,NSE_EQ|RITES,NSE,EQUITY,CERTIFIED_CLEAN_886,672,2026-10-02T23:52:26.304460+05:30,2026-10-02T23:52:57.482891+05:30,2026-10-02T23:52:57.482891+05:30,2026-10-02T23:52:57.482891+05:30,FULLY_EVALUABLE,REJECTED,False,NONE,False,True,QUALITY_GATE,FAIL_SALES_CAGR
e6ec2c47977443cd852a61a9489ba276,QUALITY_COMPOUNDER,Quality Compounder,FROZEN_V2_PROD_1.0,RML,NSE_EQ|RML,NSE,EQUITY,CERTIFIED_CLEAN_886,673,2026-10-02T23:52:26.304460+05:30,2026-10-02T23:52:57.495830+05:30,2026-10-02T23:52:57.495830+05:30,2026-10-02T23:52:57.495830+05:30,DATA_FAILURE,BLOCKED,False,NONE,True,True,DATA_GATE,DATA_INSUFFICIENT_QUALITY
e6ec2c47977443cd852a61a9489ba276,QUALITY_COMPOUNDER,Quality Compounder,FROZEN_V2_PROD_1.0,ROLEXRINGS,NSE_EQ|ROLEXRINGS,NSE,EQUITY,CERTIFIED_CLEAN_886,674,2026-10-02T23:52:26.304460+05:30,2026-10-02T23:52:57.505570+05:30,2026-10-02T23:52:57.505570+05:30,2026-10-02T23:52:57.505570+05:30,FULLY_EVALUABLE,REJECTED,False,NONE,False,True,VALUATION_GATE,FAIL_VALUATION
e6ec2c47977443cd852a61a9489ba276,QUALITY_COMPOUNDER,Quality Compounder,FROZEN_V2_PROD_1.0,ROSSARI,NSE_EQ|ROSSARI,NSE,EQUITY,CERTIFIED_CLEAN_886,675,2026-10-02T23:52:26.304460+05:30,2026-10-02T23:52:57.514092+05:30,2026-10-02T23:52:57.514092+05:30,2026-10-02T23:52:57.514092+05:30,FULLY_EVALUABLE,REJECTED,False,NONE,False,True,QUALITY_GATE,FAIL_CFO_PAT
e6ec2c47977443cd852a61a9489ba276,QUALITY_COMPOUNDER,Quality Compounder,FROZEN_V2_PROD_1.0,ROSSTECH,NSE_EQ|ROSSTECH,NSE,EQUITY,CERTIFIED_CLEAN_886,676,2026-10-02T23:52:26.304460+05:30,2026-10-02T23:52:57.525139+05:30,2026-10-02T23:52:57.525139+05:30,2026-10-02T23:52:57.525139+05:30,STRUCTURAL_INELIGIBLE,BLOCKED,False,NONE,True,True,DATA_GATE,DATA_INSUFFICIENT_QUALITY
e6ec2c47977443cd852a61a9489ba276,QUALITY_COMPOUNDER,Quality Compounder,FROZEN_V2_PROD_1.0,ROUTE,NSE_EQ|ROUTE,NSE,EQUITY,CERTIFIED_CLEAN_886,677,2026-10-02T23:52:26.304460+05:30,2026-10-02T23:52:57.699387+05:30,2026-10-02T23:52:57.699387+05:30,2026-10-02T23:52:57.699387+05:30,FULLY_EVALUABLE,ALERT_BUY,True,BUY,False,False,NONE,PASS
e6ec2c47977443cd852a61a9489ba276,QUALITY_COMPOUNDER,Quality Compounder,FROZEN_V2_PROD_1.0,RPEL,NSE_EQ|RPEL,NSE,EQUITY,CERTIFIED_CLEAN_886,678,2026-10-02T23:52:26.304460+05:30,2026-10-02T23:52:57.712363+05:30,2026-10-02T23:52:57.712363+05:30,2026-10-02T23:52:57.712363+05:30,FULLY_EVALUABLE,REJECTED,False,NONE,False,True,QUALITY_GATE,FAIL_CFO_PAT
e6ec2c47977443cd852a61a9489ba276,QUALITY_COMPOUNDER,Quality Compounder,FROZEN_V2_PROD_1.0,RPGLIFE,NSE_EQ|RPGLIFE,NSE,EQUITY,CERTIFIED_CLEAN_886,679,2026-10-02T23:52:26.304460+05:30,2026-10-02T23:52:57.724607+05:30,2026-10-02T23:52:57.724607+05:30,2026-10-02T23:52:57.724607+05:30,DATA_FAILURE,BLOCKED,False,NONE,True,True,DATA_GATE,DATA_INSUFFICIENT_QUALITY
e6ec2c47977443cd852a61a9489ba276,QUALITY_COMPOUNDER,Quality Compounder,FROZEN_V2_PROD_1.0,RPTECH,NSE_EQ|RPTECH,NSE,EQUITY,CERTIFIED_CLEAN_886,680,2026-10-02T23:52:26.304460+05:30,2026-10-02T23:52:57.735347+05:30,2026-10-02T23:52:57.735347+05:30,2026-10-02T23:52:57.735347+05:30,FULLY_EVALUABLE,REJECTED,False,NONE,False,True,QUALITY_GATE,FAIL_CFO_PAT
e6ec2c47977443cd852a61a9489ba276,QUALITY_COMPOUNDER,Quality Compounder,FROZEN_V2_PROD_1.0,RRKABEL,NSE_EQ|RRKABEL,NSE,EQUITY,CERTIFIED_CLEAN_886,681,2026-10-02T23:52:26.304460+05:30,2026-10-02T23:52:57.745250+05:30,2026-10-02T23:52:57.745250+05:30,2026-10-02T23:52:57.745250+05:30,FULLY_EVALUABLE,REJECTED,False,NONE,False,True,VALUATION_GATE,FAIL_VALUATION
e6ec2c47977443cd852a61a9489ba276,QUALITY_COMPOUNDER,Quality Compounder,FROZEN_V2_PROD_1.0,RSYSTEMS,NSE_EQ|RSYSTEMS,NSE,EQUITY,CERTIFIED_CLEAN_886,682,2026-10-02T23:52:26.304460+05:30,2026-10-02T23:52:57.758496+05:30,2026-10-02T23:52:57.758496+05:30,2026-10-02T23:52:57.758496+05:30,FULLY_EVALUABLE,REJECTED,False,NONE,False,True,QUALITY_GATE,FAIL_DEBT
e6ec2c47977443cd852a61a9489ba276,QUALITY_COMPOUNDER,Quality Compounder,FROZEN_V2_PROD_1.0,RUBICON,NSE_EQ|RUBICON,NSE,EQUITY,CERTIFIED_CLEAN_886,683,2026-10-02T23:52:26.304460+05:30,2026-10-02T23:52:57.767275+05:30,2026-10-02T23:52:57.767275+05:30,2026-10-02T23:52:57.767275+05:30,FULLY_EVALUABLE,REJECTED,False,NONE,False,True,QUALITY_GATE,FAIL_ROCE
e6ec2c47977443cd852a61a9489ba276,QUALITY_COMPOUNDER,Quality Compounder,FROZEN_V2_PROD_1.0,RVNL,NSE_EQ|RVNL,NSE,EQUITY,CERTIFIED_CLEAN_886,684,2026-10-02T23:52:26.304460+05:30,2026-10-02T23:52:57.776153+05:30,2026-10-02T23:52:57.776153+05:30,2026-10-02T23:52:57.776153+05:30,FULLY_EVALUABLE,REJECTED,False,NONE,False,True,QUALITY_GATE,FAIL_SALES_CAGR
e6ec2c47977443cd852a61a9489ba276,QUALITY_COMPOUNDER,Quality Compounder,FROZEN_V2_PROD_1.0,SAATVIKGL,NSE_EQ|SAATVIKGL,NSE,EQUITY,CERTIFIED_CLEAN_886,685,2026-10-02T23:52:26.304460+05:30,2026-10-02T23:52:57.786790+05:30,2026-10-02T23:52:57.786790+05:30,2026-10-02T23:52:57.786790+05:30,STRUCTURAL_INELIGIBLE,BLOCKED,False,NONE,True,True,DATA_GATE,DATA_INSUFFICIENT_QUALITY
e6ec2c47977443cd852a61a9489ba276,QUALITY_COMPOUNDER,Quality Compounder,FROZEN_V2_PROD_1.0,SAFARI,NSE_EQ|SAFARI,NSE,EQUITY,CERTIFIED_CLEAN_886,686,2026-10-02T23:52:26.304460+05:30,2026-10-02T23:52:57.799279+05:30,2026-10-02T23:52:57.799279+05:30,2026-10-02T23:52:57.799279+05:30,DATA_FAILURE,BLOCKED,False,NONE,True,True,DATA_GATE,DATA_INSUFFICIENT_QUALITY
e6ec2c47977443cd852a61a9489ba276,QUALITY_COMPOUNDER,Quality Compounder,FROZEN_V2_PROD_1.0,SAILIFE,NSE_EQ|SAILIFE,NSE,EQUITY,CERTIFIED_CLEAN_886,687,2026-10-02T23:52:26.304460+05:30,2026-10-02T23:52:57.809461+05:30,2026-10-02T23:52:57.809461+05:30,2026-10-02T23:52:57.809461+05:30,FULLY_EVALUABLE,REJECTED,False,NONE,False,True,QUALITY_GATE,FAIL_ROCE
e6ec2c47977443cd852a61a9489ba276,QUALITY_COMPOUNDER,Quality Compounder,FROZEN_V2_PROD_1.0,SAKAR,NSE_EQ|SAKAR,NSE,EQUITY,CERTIFIED_CLEAN_886,688,2026-10-02T23:52:26.304460+05:30,2026-10-02T23:52:57.821025+05:30,2026-10-02T23:52:57.821025+05:30,2026-10-02T23:52:57.821025+05:30,FULLY_EVALUABLE,REJECTED,False,NONE,False,True,QUALITY_GATE,FAIL_ROCE
e6ec2c47977443cd852a61a9489ba276,QUALITY_COMPOUNDER,Quality Compounder,FROZEN_V2_PROD_1.0,SAKSOFT,NSE_EQ|SAKSOFT,NSE,EQUITY,CERTIFIED_CLEAN_886,689,2026-10-02T23:52:26.304460+05:30,2026-10-02T23:52:57.964370+05:30,2026-10-02T23:52:57.964370+05:30,2026-10-02T23:52:57.964370+05:30,FULLY_EVALUABLE,ALERT_BUY,True,BUY,False,False,NONE,PASS
e6ec2c47977443cd852a61a9489ba276,QUALITY_COMPOUNDER,Quality Compounder,FROZEN_V2_PROD_1.0,SALZERELEC,NSE_EQ|SALZERELEC,NSE,EQUITY,CERTIFIED_CLEAN_886,690,2026-10-02T23:52:26.304460+05:30,2026-10-02T23:52:57.976689+05:30,2026-10-02T23:52:57.976689+05:30,2026-10-02T23:52:57.976689+05:30,FULLY_EVALUABLE,REJECTED,False,NONE,False,True,QUALITY_GATE,FAIL_UNIVERSE_MARKET_CAP
e6ec2c47977443cd852a61a9489ba276,QUALITY_COMPOUNDER,Quality Compounder,FROZEN_V2_PROD_1.0,SAMBHV,NSE_EQ|SAMBHV,NSE,EQUITY,CERTIFIED_CLEAN_886,691,2026-10-02T23:52:26.304460+05:30,2026-10-02T23:52:57.991626+05:30,2026-10-02T23:52:57.991626+05:30,2026-10-02T23:52:57.991626+05:30,STRUCTURAL_INELIGIBLE,BLOCKED,False,NONE,True,True,DATA_GATE,DATA_INSUFFICIENT_QUALITY
e6ec2c47977443cd852a61a9489ba276,QUALITY_COMPOUNDER,Quality Compounder,FROZEN_V2_PROD_1.0,SAMHI,NSE_EQ|SAMHI,NSE,EQUITY,CERTIFIED_CLEAN_886,692,2026-10-02T23:52:26.304460+05:30,2026-10-02T23:52:58.009172+05:30,2026-10-02T23:52:58.009172+05:30,2026-10-02T23:52:58.009172+05:30,DATA_FAILURE,BLOCKED,False,NONE,True,True,DATA_GATE,DATA_INSUFFICIENT_QUALITY
e6ec2c47977443cd852a61a9489ba276,QUALITY_COMPOUNDER,Quality Compounder,FROZEN_V2_PROD_1.0,SANDHAR,NSE_EQ|SANDHAR,NSE,EQUITY,CERTIFIED_CLEAN_886,693,2026-10-02T23:52:26.304460+05:30,2026-10-02T23:52:58.024123+05:30,2026-10-02T23:52:58.024123+05:30,2026-10-02T23:52:58.024123+05:30,FULLY_EVALUABLE,REJECTED,False,NONE,False,True,QUALITY_GATE,FAIL_ROCE
e6ec2c47977443cd852a61a9489ba276,QUALITY_COMPOUNDER,Quality Compounder,FROZEN_V2_PROD_1.0,SANDUMA,NSE_EQ|SANDUMA,NSE,EQUITY,CERTIFIED_CLEAN_886,694,2026-10-02T23:52:26.304460+05:30,2026-10-02T23:52:58.062106+05:30,2026-10-02T23:52:58.062106+05:30,2026-10-02T23:52:58.062106+05:30,DATA_FAILURE,BLOCKED,False,NONE,True,True,DATA_GATE,DATA_INSUFFICIENT_QUALITY
e6ec2c47977443cd852a61a9489ba276,QUALITY_COMPOUNDER,Quality Compounder,FROZEN_V2_PROD_1.0,SANGHVIMOV,NSE_EQ|SANGHVIMOV,NSE,EQUITY,CERTIFIED_CLEAN_886,695,2026-10-02T23:52:26.304460+05:30,2026-10-02T23:52:58.099247+05:30,2026-10-02T23:52:58.099247+05:30,2026-10-02T23:52:58.099247+05:30,DATA_FAILURE,BLOCKED,False,NONE,True,True,DATA_GATE,DATA_INSUFFICIENT_QUALITY
e6ec2c47977443cd852a61a9489ba276,QUALITY_COMPOUNDER,Quality Compounder,FROZEN_V2_PROD_1.0,SANOFICONR,NSE_EQ|SANOFICONR,NSE,EQUITY,CERTIFIED_CLEAN_886,696,2026-10-02T23:52:26.304460+05:30,2026-10-02T23:52:58.114718+05:30,2026-10-02T23:52:58.114718+05:30,2026-10-02T23:52:58.114718+05:30,STRUCTURAL_INELIGIBLE,BLOCKED,False,NONE,True,True,DATA_GATE,DATA_INSUFFICIENT_QUALITY
e6ec2c47977443cd852a61a9489ba276,QUALITY_COMPOUNDER,Quality Compounder,FROZEN_V2_PROD_1.0,SANSERA,NSE_EQ|SANSERA,NSE,EQUITY,CERTIFIED_CLEAN_886,697,2026-10-02T23:52:26.304460+05:30,2026-10-02T23:52:58.126204+05:30,2026-10-02T23:52:58.126204+05:30,2026-10-02T23:52:58.126204+05:30,FULLY_EVALUABLE,REJECTED,False,NONE,False,True,QUALITY_GATE,FAIL_ROCE
e6ec2c47977443cd852a61a9489ba276,QUALITY_COMPOUNDER,Quality Compounder,FROZEN_V2_PROD_1.0,SARDAEN,NSE_EQ|SARDAEN,NSE,EQUITY,CERTIFIED_CLEAN_886,698,2026-10-02T23:52:26.304460+05:30,2026-10-02T23:52:58.346223+05:30,2026-10-02T23:52:58.346223+05:30,2026-10-02T23:52:58.346223+05:30,FULLY_EVALUABLE,ALERT_BUY,True,BUY,False,False,NONE,PASS
e6ec2c47977443cd852a61a9489ba276,QUALITY_COMPOUNDER,Quality Compounder,FROZEN_V2_PROD_1.0,SAREGAMA,NSE_EQ|SAREGAMA,NSE,EQUITY,CERTIFIED_CLEAN_886,699,2026-10-02T23:52:26.304460+05:30,2026-10-02T23:52:58.378921+05:30,2026-10-02T23:52:58.378921+05:30,2026-10-02T23:52:58.378921+05:30,FULLY_EVALUABLE,REJECTED,False,NONE,False,True,QUALITY_GATE,FAIL_CFO_PAT
e6ec2c47977443cd852a61a9489ba276,QUALITY_COMPOUNDER,Quality Compounder,FROZEN_V2_PROD_1.0,SATIN,NSE_EQ|SATIN,NSE,EQUITY,CERTIFIED_CLEAN_886,700,2026-10-02T23:52:26.304460+05:30,2026-10-02T23:52:58.393811+05:30,2026-10-02T23:52:58.393811+05:30,2026-10-02T23:52:58.393811+05:30,FULLY_EVALUABLE,REJECTED,False,NONE,False,True,QUALITY_GATE,METRIC_NOT_APPLICABLE_FINANCIAL
e6ec2c47977443cd852a61a9489ba276,QUALITY_COMPOUNDER,Quality Compounder,FROZEN_V2_PROD_1.0,SBCL,NSE_EQ|SBCL,NSE,EQUITY,CERTIFIED_CLEAN_886,701,2026-10-02T23:52:26.304460+05:30,2026-10-02T23:52:58.406450+05:30,2026-10-02T23:52:58.406450+05:30,2026-10-02T23:52:58.406450+05:30,FULLY_EVALUABLE,REJECTED,False,NONE,False,True,QUALITY_GATE,FAIL_CFO_PAT
e6ec2c47977443cd852a61a9489ba276,QUALITY_COMPOUNDER,Quality Compounder,FROZEN_V2_PROD_1.0,SBICARD,NSE_EQ|SBICARD,NSE,EQUITY,CERTIFIED_CLEAN_886,702,2026-10-02T23:52:26.304460+05:30,2026-10-02T23:52:58.420609+05:30,2026-10-02T23:52:58.420609+05:30,2026-10-02T23:52:58.420609+05:30,FULLY_EVALUABLE,REJECTED,False,NONE,False,True,QUALITY_GATE,METRIC_NOT_APPLICABLE_FINANCIAL
e6ec2c47977443cd852a61a9489ba276,QUALITY_COMPOUNDER,Quality Compounder,FROZEN_V2_PROD_1.0,SBILIFE,NSE_EQ|SBILIFE,NSE,EQUITY,CERTIFIED_CLEAN_886,703,2026-10-02T23:52:26.304460+05:30,2026-10-02T23:52:58.433017+05:30,2026-10-02T23:52:58.433017+05:30,2026-10-02T23:52:58.433017+05:30,FULLY_EVALUABLE,REJECTED,False,NONE,False,True,QUALITY_GATE,METRIC_NOT_APPLICABLE_FINANCIAL
e6ec2c47977443cd852a61a9489ba276,QUALITY_COMPOUNDER,Quality Compounder,FROZEN_V2_PROD_1.0,SBIN,NSE_EQ|SBIN,NSE,EQUITY,CERTIFIED_CLEAN_886,704,2026-10-02T23:52:26.304460+05:30,2026-10-02T23:52:58.446113+05:30,2026-10-02T23:52:58.446113+05:30,2026-10-02T23:52:58.446113+05:30,FULLY_EVALUABLE,REJECTED,False,NONE,False,True,QUALITY_GATE,METRIC_NOT_APPLICABLE_FINANCIAL
e6ec2c47977443cd852a61a9489ba276,QUALITY_COMPOUNDER,Quality Compounder,FROZEN_V2_PROD_1.0,SCHAEFFLER,NSE_EQ|SCHAEFFLER,NSE,EQUITY,CERTIFIED_CLEAN_886,705,2026-10-02T23:52:26.304460+05:30,2026-10-02T23:52:58.466345+05:30,2026-10-02T23:52:58.466345+05:30,2026-10-02T23:52:58.466345+05:30,DATA_FAILURE,BLOCKED,False,NONE,True,True,DATA_GATE,DATA_INSUFFICIENT_QUALITY
e6ec2c47977443cd852a61a9489ba276,QUALITY_COMPOUNDER,Quality Compounder,FROZEN_V2_PROD_1.0,SCHNEIDER,NSE_EQ|SCHNEIDER,NSE,EQUITY,CERTIFIED_CLEAN_886,706,2026-10-02T23:52:26.304460+05:30,2026-10-02T23:52:58.482271+05:30,2026-10-02T23:52:58.482271+05:30,2026-10-02T23:52:58.482271+05:30,DATA_FAILURE,BLOCKED,False,NONE,True,True,DATA_GATE,DATA_INSUFFICIENT_QUALITY
e6ec2c47977443cd852a61a9489ba276,QUALITY_COMPOUNDER,Quality Compounder,FROZEN_V2_PROD_1.0,SCI,NSE_EQ|SCI,NSE,EQUITY,CERTIFIED_CLEAN_886,707,2026-10-02T23:52:26.304460+05:30,2026-10-02T23:52:58.494426+05:30,2026-10-02T23:52:58.494426+05:30,2026-10-02T23:52:58.494426+05:30,FULLY_EVALUABLE,REJECTED,False,NONE,False,True,QUALITY_GATE,FAIL_ROCE
e6ec2c47977443cd852a61a9489ba276,QUALITY_COMPOUNDER,Quality Compounder,FROZEN_V2_PROD_1.0,SEAMECLTD,NSE_EQ|SEAMECLTD,NSE,EQUITY,CERTIFIED_CLEAN_886,708,2026-10-02T23:52:26.304460+05:30,2026-10-02T23:52:58.506299+05:30,2026-10-02T23:52:58.506299+05:30,2026-10-02T23:52:58.506299+05:30,FULLY_EVALUABLE,REJECTED,False,NONE,False,True,QUALITY_GATE,FAIL_ROCE
e6ec2c47977443cd852a61a9489ba276,QUALITY_COMPOUNDER,Quality Compounder,FROZEN_V2_PROD_1.0,SENCO,NSE_EQ|SENCO,NSE,EQUITY,CERTIFIED_CLEAN_886,709,2026-10-02T23:52:26.304460+05:30,2026-10-02T23:52:58.520383+05:30,2026-10-02T23:52:58.520383+05:30,2026-10-02T23:52:58.520383+05:30,FULLY_EVALUABLE,REJECTED,False,NONE,False,True,QUALITY_GATE,FAIL_CFO_PAT
e6ec2c47977443cd852a61a9489ba276,QUALITY_COMPOUNDER,Quality Compounder,FROZEN_V2_PROD_1.0,SENORES,NSE_EQ|SENORES,NSE,EQUITY,CERTIFIED_CLEAN_886,710,2026-10-02T23:52:26.304460+05:30,2026-10-02T23:52:58.532616+05:30,2026-10-02T23:52:58.532616+05:30,2026-10-02T23:52:58.532616+05:30,DATA_FAILURE,BLOCKED,False,NONE,True,True,DATA_GATE,DATA_INSUFFICIENT_QUALITY
e6ec2c47977443cd852a61a9489ba276,QUALITY_COMPOUNDER,Quality Compounder,FROZEN_V2_PROD_1.0,SERVOTECH,NSE_EQ|SERVOTECH,NSE,EQUITY,CERTIFIED_CLEAN_886,711,2026-10-02T23:52:26.304460+05:30,2026-10-02T23:52:58.544663+05:30,2026-10-02T23:52:58.544663+05:30,2026-10-02T23:52:58.544663+05:30,FULLY_EVALUABLE,REJECTED,False,NONE,False,True,QUALITY_GATE,FAIL_ROCE
e6ec2c47977443cd852a61a9489ba276,QUALITY_COMPOUNDER,Quality Compounder,FROZEN_V2_PROD_1.0,SETL,NSE_EQ|SETL,NSE,EQUITY,CERTIFIED_CLEAN_886,712,2026-10-02T23:52:26.304460+05:30,2026-10-02T23:52:58.565878+05:30,2026-10-02T23:52:58.565878+05:30,2026-10-02T23:52:58.565878+05:30,DATA_FAILURE,BLOCKED,False,NONE,True,True,DATA_GATE,DATA_INSUFFICIENT_QUALITY
e6ec2c47977443cd852a61a9489ba276,QUALITY_COMPOUNDER,Quality Compounder,FROZEN_V2_PROD_1.0,SGFIN,NSE_EQ|SGFIN,NSE,EQUITY,CERTIFIED_CLEAN_886,713,2026-10-02T23:52:26.304460+05:30,2026-10-02T23:52:58.578682+05:30,2026-10-02T23:52:58.578682+05:30,2026-10-02T23:52:58.578682+05:30,FULLY_EVALUABLE,REJECTED,False,NONE,False,True,QUALITY_GATE,METRIC_NOT_APPLICABLE_FINANCIAL
e6ec2c47977443cd852a61a9489ba276,QUALITY_COMPOUNDER,Quality Compounder,FROZEN_V2_PROD_1.0,SHAILY,NSE_EQ|SHAILY,NSE,EQUITY,CERTIFIED_CLEAN_886,714,2026-10-02T23:52:26.304460+05:30,2026-10-02T23:52:58.590270+05:30,2026-10-02T23:52:58.590270+05:30,2026-10-02T23:52:58.590270+05:30,DATA_FAILURE,BLOCKED,False,NONE,True,True,DATA_GATE,DATA_INSUFFICIENT_QUALITY
e6ec2c47977443cd852a61a9489ba276,QUALITY_COMPOUNDER,Quality Compounder,FROZEN_V2_PROD_1.0,SHAKTIPUMP,NSE_EQ|SHAKTIPUMP,NSE,EQUITY,CERTIFIED_CLEAN_886,715,2026-10-02T23:52:26.304460+05:30,2026-10-02T23:52:58.602038+05:30,2026-10-02T23:52:58.602038+05:30,2026-10-02T23:52:58.602038+05:30,FULLY_EVALUABLE,REJECTED,False,NONE,False,True,QUALITY_GATE,FAIL_CFO_PAT
e6ec2c47977443cd852a61a9489ba276,QUALITY_COMPOUNDER,Quality Compounder,FROZEN_V2_PROD_1.0,SHANTIGEAR,NSE_EQ|SHANTIGEAR,NSE,EQUITY,CERTIFIED_CLEAN_886,716,2026-10-02T23:52:26.304460+05:30,2026-10-02T23:52:58.613097+05:30,2026-10-02T23:52:58.613097+05:30,2026-10-02T23:52:58.613097+05:30,FULLY_EVALUABLE,REJECTED,False,NONE,False,True,VALUATION_GATE,FAIL_VALUATION
e6ec2c47977443cd852a61a9489ba276,QUALITY_COMPOUNDER,Quality Compounder,FROZEN_V2_PROD_1.0,SHARDACROP,NSE_EQ|SHARDACROP,NSE,EQUITY,CERTIFIED_CLEAN_886,717,2026-10-02T23:52:26.304460+05:30,2026-10-02T23:52:58.775696+05:30,2026-10-02T23:52:58.775696+05:30,2026-10-02T23:52:58.775696+05:30,FULLY_EVALUABLE,ALERT_BUY,True,BUY,False,False,NONE,PASS
e6ec2c47977443cd852a61a9489ba276,QUALITY_COMPOUNDER,Quality Compounder,FROZEN_V2_PROD_1.0,SHARDAMOTR,NSE_EQ|SHARDAMOTR,NSE,EQUITY,CERTIFIED_CLEAN_886,718,2026-10-02T23:52:26.304460+05:30,2026-10-02T23:52:58.787834+05:30,2026-10-02T23:52:58.787834+05:30,2026-10-02T23:52:58.787834+05:30,FULLY_EVALUABLE,REJECTED,False,NONE,False,True,QUALITY_GATE,FAIL_CFO_PAT
e6ec2c47977443cd852a61a9489ba276,QUALITY_COMPOUNDER,Quality Compounder,FROZEN_V2_PROD_1.0,SHAREINDIA,NSE_EQ|SHAREINDIA,NSE,EQUITY,CERTIFIED_CLEAN_886,719,2026-10-02T23:52:26.304460+05:30,2026-10-02T23:52:58.817193+05:30,2026-10-02T23:52:58.817193+05:30,2026-10-02T23:52:58.817193+05:30,FULLY_EVALUABLE,REJECTED,False,NONE,False,True,QUALITY_GATE,METRIC_NOT_APPLICABLE_FINANCIAL
e6ec2c47977443cd852a61a9489ba276,QUALITY_COMPOUNDER,Quality Compounder,FROZEN_V2_PROD_1.0,SHILCTECH,NSE_EQ|SHILCTECH,NSE,EQUITY,CERTIFIED_CLEAN_886,720,2026-10-02T23:52:26.304460+05:30,2026-10-02T23:52:58.829297+05:30,2026-10-02T23:52:58.829297+05:30,2026-10-02T23:52:58.829297+05:30,FULLY_EVALUABLE,REJECTED,False,NONE,False,True,QUALITY_GATE,FAIL_CFO_PAT
e6ec2c47977443cd852a61a9489ba276,QUALITY_COMPOUNDER,Quality Compounder,FROZEN_V2_PROD_1.0,SHILPAMED,NSE_EQ|SHILPAMED,NSE,EQUITY,CERTIFIED_CLEAN_886,721,2026-10-02T23:52:26.304460+05:30,2026-10-02T23:52:58.838173+05:30,2026-10-02T23:52:58.838173+05:30,2026-10-02T23:52:58.838173+05:30,FULLY_EVALUABLE,REJECTED,False,NONE,False,True,QUALITY_GATE,FAIL_ROCE
e6ec2c47977443cd852a61a9489ba276,QUALITY_COMPOUNDER,Quality Compounder,FROZEN_V2_PROD_1.0,SHREEJISPG,NSE_EQ|SHREEJISPG,NSE,EQUITY,CERTIFIED_CLEAN_886,722,2026-10-02T23:52:26.304460+05:30,2026-10-02T23:52:58.850950+05:30,2026-10-02T23:52:58.850950+05:30,2026-10-02T23:52:58.850950+05:30,DATA_FAILURE,BLOCKED,False,NONE,True,True,DATA_GATE,DATA_INSUFFICIENT_QUALITY
e6ec2c47977443cd852a61a9489ba276,QUALITY_COMPOUNDER,Quality Compounder,FROZEN_V2_PROD_1.0,SHREEPUSHK,NSE_EQ|SHREEPUSHK,NSE,EQUITY,CERTIFIED_CLEAN_886,723,2026-10-02T23:52:26.304460+05:30,2026-10-02T23:52:58.862906+05:30,2026-10-02T23:52:58.862906+05:30,2026-10-02T23:52:58.862906+05:30,FULLY_EVALUABLE,REJECTED,False,NONE,False,True,QUALITY_GATE,FAIL_ROCE
e6ec2c47977443cd852a61a9489ba276,QUALITY_COMPOUNDER,Quality Compounder,FROZEN_V2_PROD_1.0,SHREMINVIT,NSE_EQ|SHREMINVIT,NSE,EQUITY,CERTIFIED_CLEAN_886,724,2026-10-02T23:52:26.304460+05:30,2026-10-02T23:52:58.873705+05:30,2026-10-02T23:52:58.873705+05:30,2026-10-02T23:52:58.873705+05:30,DATA_FAILURE,BLOCKED,False,NONE,True,True,DATA_GATE,FAIL_LIQUIDITY
e6ec2c47977443cd852a61a9489ba276,QUALITY_COMPOUNDER,Quality Compounder,FROZEN_V2_PROD_1.0,SHRINGARMS,NSE_EQ|SHRINGARMS,NSE,EQUITY,CERTIFIED_CLEAN_886,725,2026-10-02T23:52:26.304460+05:30,2026-10-02T23:52:58.882234+05:30,2026-10-02T23:52:58.882234+05:30,2026-10-02T23:52:58.882234+05:30,FULLY_EVALUABLE,REJECTED,False,NONE,False,True,QUALITY_GATE,FAIL_CFO_PAT
e6ec2c47977443cd852a61a9489ba276,QUALITY_COMPOUNDER,Quality Compounder,FROZEN_V2_PROD_1.0,SHRIPISTON,NSE_EQ|SHRIPISTON,NSE,EQUITY,CERTIFIED_CLEAN_886,726,2026-10-02T23:52:26.304460+05:30,2026-10-02T23:52:58.892176+05:30,2026-10-02T23:52:58.892176+05:30,2026-10-02T23:52:58.892176+05:30,FULLY_EVALUABLE,REJECTED,False,NONE,False,True,QUALITY_GATE,FAIL_DEBT
e6ec2c47977443cd852a61a9489ba276,QUALITY_COMPOUNDER,Quality Compounder,FROZEN_V2_PROD_1.0,SHRIRAMFIN,NSE_EQ|SHRIRAMFIN,NSE,EQUITY,CERTIFIED_CLEAN_886,727,2026-10-02T23:52:26.304460+05:30,2026-10-02T23:52:58.906138+05:30,2026-10-02T23:52:58.906138+05:30,2026-10-02T23:52:58.906138+05:30,FULLY_EVALUABLE,REJECTED,False,NONE,False,True,QUALITY_GATE,METRIC_NOT_APPLICABLE_FINANCIAL
e6ec2c47977443cd852a61a9489ba276,QUALITY_COMPOUNDER,Quality Compounder,FROZEN_V2_PROD_1.0,SHYAMMETL,NSE_EQ|SHYAMMETL,NSE,EQUITY,CERTIFIED_CLEAN_886,728,2026-10-02T23:52:26.304460+05:30,2026-10-02T23:52:58.915090+05:30,2026-10-02T23:52:58.915090+05:30,2026-10-02T23:52:58.915090+05:30,FULLY_EVALUABLE,REJECTED,False,NONE,False,True,QUALITY_GATE,FAIL_PAT_CAGR
e6ec2c47977443cd852a61a9489ba276,QUALITY_COMPOUNDER,Quality Compounder,FROZEN_V2_PROD_1.0,SIGMAADV,NSE_EQ|SIGMAADV,NSE,EQUITY,CERTIFIED_CLEAN_886,729,2026-10-02T23:52:26.304460+05:30,2026-10-02T23:52:58.924341+05:30,2026-10-02T23:52:58.924341+05:30,2026-10-02T23:52:58.924341+05:30,FULLY_EVALUABLE,REJECTED,False,NONE,False,True,QUALITY_GATE,FAIL_ROCE
e6ec2c47977443cd852a61a9489ba276,QUALITY_COMPOUNDER,Quality Compounder,FROZEN_V2_PROD_1.0,SIGNATURE,NSE_EQ|SIGNATURE,NSE,EQUITY,CERTIFIED_CLEAN_886,730,2026-10-02T23:52:26.304460+05:30,2026-10-02T23:52:58.937078+05:30,2026-10-02T23:52:58.937078+05:30,2026-10-02T23:52:58.937078+05:30,DATA_FAILURE,BLOCKED,False,NONE,True,True,DATA_GATE,DATA_INSUFFICIENT_QUALITY
e6ec2c47977443cd852a61a9489ba276,QUALITY_COMPOUNDER,Quality Compounder,FROZEN_V2_PROD_1.0,SIGNPOST,NSE_EQ|SIGNPOST,NSE,EQUITY,CERTIFIED_CLEAN_886,731,2026-10-02T23:52:26.304460+05:30,2026-10-02T23:52:58.949227+05:30,2026-10-02T23:52:58.949227+05:30,2026-10-02T23:52:58.949227+05:30,STRUCTURAL_INELIGIBLE,BLOCKED,False,NONE,True,True,DATA_GATE,DATA_INSUFFICIENT_QUALITY
e6ec2c47977443cd852a61a9489ba276,QUALITY_COMPOUNDER,Quality Compounder,FROZEN_V2_PROD_1.0,SIKA,NSE_EQ|SIKA,NSE,EQUITY,CERTIFIED_CLEAN_886,732,2026-10-02T23:52:26.304460+05:30,2026-10-02T23:52:58.963984+05:30,2026-10-02T23:52:58.963984+05:30,2026-10-02T23:52:58.963984+05:30,FULLY_EVALUABLE,REJECTED,False,NONE,False,True,VALUATION_GATE,FAIL_VALUATION
e6ec2c47977443cd852a61a9489ba276,QUALITY_COMPOUNDER,Quality Compounder,FROZEN_V2_PROD_1.0,SIRCA,NSE_EQ|SIRCA,NSE,EQUITY,CERTIFIED_CLEAN_886,733,2026-10-02T23:52:26.304460+05:30,2026-10-02T23:52:58.975821+05:30,2026-10-02T23:52:58.975821+05:30,2026-10-02T23:52:58.975821+05:30,FULLY_EVALUABLE,REJECTED,False,NONE,False,True,QUALITY_GATE,FAIL_CFO_PAT
e6ec2c47977443cd852a61a9489ba276,QUALITY_COMPOUNDER,Quality Compounder,FROZEN_V2_PROD_1.0,SIYSIL,NSE_EQ|SIYSIL,NSE,EQUITY,CERTIFIED_CLEAN_886,734,2026-10-02T23:52:26.304460+05:30,2026-10-02T23:52:58.991302+05:30,2026-10-02T23:52:58.991302+05:30,2026-10-02T23:52:58.991302+05:30,FULLY_EVALUABLE,REJECTED,False,NONE,False,True,QUALITY_GATE,FAIL_CFO_PAT
e6ec2c47977443cd852a61a9489ba276,QUALITY_COMPOUNDER,Quality Compounder,FROZEN_V2_PROD_1.0,SJS,NSE_EQ|SJS,NSE,EQUITY,CERTIFIED_CLEAN_886,735,2026-10-02T23:52:26.304460+05:30,2026-10-02T23:52:59.004226+05:30,2026-10-02T23:52:59.004226+05:30,2026-10-02T23:52:59.004226+05:30,DATA_FAILURE,BLOCKED,False,NONE,True,True,DATA_GATE,DATA_INSUFFICIENT_QUALITY
e6ec2c47977443cd852a61a9489ba276,QUALITY_COMPOUNDER,Quality Compounder,FROZEN_V2_PROD_1.0,SKIPPER,NSE_EQ|SKIPPER,NSE,EQUITY,CERTIFIED_CLEAN_886,736,2026-10-02T23:52:26.304460+05:30,2026-10-02T23:52:59.016910+05:30,2026-10-02T23:52:59.016910+05:30,2026-10-02T23:52:59.016910+05:30,FULLY_EVALUABLE,REJECTED,False,NONE,False,True,QUALITY_GATE,FAIL_DEBT
e6ec2c47977443cd852a61a9489ba276,QUALITY_COMPOUNDER,Quality Compounder,FROZEN_V2_PROD_1.0,SKMEGGPROD,NSE_EQ|SKMEGGPROD,NSE,EQUITY,CERTIFIED_CLEAN_886,737,2026-10-02T23:52:26.304460+05:30,2026-10-02T23:52:59.030903+05:30,2026-10-02T23:52:59.030903+05:30,2026-10-02T23:52:59.030903+05:30,FULLY_EVALUABLE,REJECTED,False,NONE,False,True,VALUATION_GATE,FAIL_VALUATION
e6ec2c47977443cd852a61a9489ba276,QUALITY_COMPOUNDER,Quality Compounder,FROZEN_V2_PROD_1.0,SMLMAH,NSE_EQ|SMLMAH,NSE,EQUITY,CERTIFIED_CLEAN_886,738,2026-10-02T23:52:26.304460+05:30,2026-10-02T23:52:59.045507+05:30,2026-10-02T23:52:59.045507+05:30,2026-10-02T23:52:59.045507+05:30,DATA_FAILURE,BLOCKED,False,NONE,True,True,DATA_GATE,DATA_INSUFFICIENT_QUALITY
e6ec2c47977443cd852a61a9489ba276,QUALITY_COMPOUNDER,Quality Compounder,FROZEN_V2_PROD_1.0,SMSPHARMA,NSE_EQ|SMSPHARMA,NSE,EQUITY,CERTIFIED_CLEAN_886,739,2026-10-02T23:52:26.304460+05:30,2026-10-02T23:52:59.063469+05:30,2026-10-02T23:52:59.063469+05:30,2026-10-02T23:52:59.063469+05:30,FULLY_EVALUABLE,REJECTED,False,NONE,False,True,QUALITY_GATE,FAIL_ROCE
e6ec2c47977443cd852a61a9489ba276,QUALITY_COMPOUNDER,Quality Compounder,FROZEN_V2_PROD_1.0,SOLARINDS,NSE_EQ|SOLARINDS,NSE,EQUITY,CERTIFIED_CLEAN_886,740,2026-10-02T23:52:26.304460+05:30,2026-10-02T23:52:59.077708+05:30,2026-10-02T23:52:59.077708+05:30,2026-10-02T23:52:59.077708+05:30,FULLY_EVALUABLE,REJECTED,False,NONE,False,True,VALUATION_GATE,FAIL_VALUATION
e6ec2c47977443cd852a61a9489ba276,QUALITY_COMPOUNDER,Quality Compounder,FROZEN_V2_PROD_1.0,SOLARWORLD,NSE_EQ|SOLARWORLD,NSE,EQUITY,CERTIFIED_CLEAN_886,741,2026-10-02T23:52:26.304460+05:30,2026-10-02T23:52:59.092790+05:30,2026-10-02T23:52:59.092790+05:30,2026-10-02T23:52:59.092790+05:30,DATA_FAILURE,BLOCKED,False,NONE,True,True,DATA_GATE,DATA_INSUFFICIENT_QUALITY
e6ec2c47977443cd852a61a9489ba276,QUALITY_COMPOUNDER,Quality Compounder,FROZEN_V2_PROD_1.0,SOLEX,NSE_EQ|SOLEX,NSE,EQUITY,CERTIFIED_CLEAN_886,742,2026-10-02T23:52:26.304460+05:30,2026-10-02T23:52:59.105716+05:30,2026-10-02T23:52:59.105716+05:30,2026-10-02T23:52:59.105716+05:30,DATA_FAILURE,BLOCKED,False,NONE,True,True,DATA_GATE,FAIL_UNIVERSE_MARKET_CAP
e6ec2c47977443cd852a61a9489ba276,QUALITY_COMPOUNDER,Quality Compounder,FROZEN_V2_PROD_1.0,SOMANYCERA,NSE_EQ|SOMANYCERA,NSE,EQUITY,CERTIFIED_CLEAN_886,743,2026-10-02T23:52:26.304460+05:30,2026-10-02T23:52:59.116766+05:30,2026-10-02T23:52:59.116766+05:30,2026-10-02T23:52:59.116766+05:30,FULLY_EVALUABLE,REJECTED,False,NONE,False,True,QUALITY_GATE,FAIL_ROCE
e6ec2c47977443cd852a61a9489ba276,QUALITY_COMPOUNDER,Quality Compounder,FROZEN_V2_PROD_1.0,SONACOMS,NSE_EQ|SONACOMS,NSE,EQUITY,CERTIFIED_CLEAN_886,744,2026-10-02T23:52:26.304460+05:30,2026-10-02T23:52:59.127695+05:30,2026-10-02T23:52:59.127695+05:30,2026-10-02T23:52:59.127695+05:30,FULLY_EVALUABLE,REJECTED,False,NONE,False,True,VALUATION_GATE,FAIL_VALUATION
e6ec2c47977443cd852a61a9489ba276,QUALITY_COMPOUNDER,Quality Compounder,FROZEN_V2_PROD_1.0,SONATSOFTW,NSE_EQ|SONATSOFTW,NSE,EQUITY,CERTIFIED_CLEAN_886,745,2026-10-02T23:52:26.304460+05:30,2026-10-02T23:52:59.281149+05:30,2026-10-02T23:52:59.281149+05:30,2026-10-02T23:52:59.281149+05:30,FULLY_EVALUABLE,ALERT_BUY,True,BUY,False,False,NONE,PASS
e6ec2c47977443cd852a61a9489ba276,QUALITY_COMPOUNDER,Quality Compounder,FROZEN_V2_PROD_1.0,SOTL,NSE_EQ|SOTL,NSE,EQUITY,CERTIFIED_CLEAN_886,746,2026-10-02T23:52:26.304460+05:30,2026-10-02T23:52:59.295333+05:30,2026-10-02T23:52:59.295333+05:30,2026-10-02T23:52:59.295333+05:30,FULLY_EVALUABLE,REJECTED,False,NONE,False,True,QUALITY_GATE,FAIL_PAT_CAGR
e6ec2c47977443cd852a61a9489ba276,QUALITY_COMPOUNDER,Quality Compounder,FROZEN_V2_PROD_1.0,SPAL,NSE_EQ|SPAL,NSE,EQUITY,CERTIFIED_CLEAN_886,747,2026-10-02T23:52:26.304460+05:30,2026-10-02T23:52:59.310754+05:30,2026-10-02T23:52:59.310754+05:30,2026-10-02T23:52:59.310754+05:30,FULLY_EVALUABLE,REJECTED,False,NONE,False,True,QUALITY_GATE,FAIL_ROCE
e6ec2c47977443cd852a61a9489ba276,QUALITY_COMPOUNDER,Quality Compounder,FROZEN_V2_PROD_1.0,SPARC,NSE_EQ|SPARC,NSE,EQUITY,CERTIFIED_CLEAN_886,748,2026-10-02T23:52:26.304460+05:30,2026-10-02T23:52:59.325407+05:30,2026-10-02T23:52:59.325407+05:30,2026-10-02T23:52:59.325407+05:30,DATA_FAILURE,BLOCKED,False,NONE,True,True,DATA_GATE,DATA_INSUFFICIENT_QUALITY
e6ec2c47977443cd852a61a9489ba276,QUALITY_COMPOUNDER,Quality Compounder,FROZEN_V2_PROD_1.0,SPECTRUM,NSE_EQ|SPECTRUM,NSE,EQUITY,CERTIFIED_CLEAN_886,749,2026-10-02T23:52:26.304460+05:30,2026-10-02T23:52:59.338607+05:30,2026-10-02T23:52:59.338607+05:30,2026-10-02T23:52:59.338607+05:30,FULLY_EVALUABLE,REJECTED,False,NONE,False,True,QUALITY_GATE,FAIL_ROCE
e6ec2c47977443cd852a61a9489ba276,QUALITY_COMPOUNDER,Quality Compounder,FROZEN_V2_PROD_1.0,SPMLINFRA,NSE_EQ|SPMLINFRA,NSE,EQUITY,CERTIFIED_CLEAN_886,750,2026-10-02T23:52:26.304460+05:30,2026-10-02T23:52:59.368816+05:30,2026-10-02T23:52:59.368816+05:30,2026-10-02T23:52:59.368816+05:30,DATA_FAILURE,BLOCKED,False,NONE,True,True,DATA_GATE,DATA_INSUFFICIENT_QUALITY
e6ec2c47977443cd852a61a9489ba276,QUALITY_COMPOUNDER,Quality Compounder,FROZEN_V2_PROD_1.0,SPORTKING,NSE_EQ|SPORTKING,NSE,EQUITY,CERTIFIED_CLEAN_886,751,2026-10-02T23:52:26.304460+05:30,2026-10-02T23:52:59.383647+05:30,2026-10-02T23:52:59.383647+05:30,2026-10-02T23:52:59.383647+05:30,FULLY_EVALUABLE,REJECTED,False,NONE,False,True,QUALITY_GATE,FAIL_PAT_CAGR
e6ec2c47977443cd852a61a9489ba276,QUALITY_COMPOUNDER,Quality Compounder,FROZEN_V2_PROD_1.0,SRF,NSE_EQ|SRF,NSE,EQUITY,CERTIFIED_CLEAN_886,752,2026-10-02T23:52:26.304460+05:30,2026-10-02T23:52:59.398864+05:30,2026-10-02T23:52:59.398864+05:30,2026-10-02T23:52:59.398864+05:30,FULLY_EVALUABLE,REJECTED,False,NONE,False,True,QUALITY_GATE,FAIL_PAT_CAGR
e6ec2c47977443cd852a61a9489ba276,QUALITY_COMPOUNDER,Quality Compounder,FROZEN_V2_PROD_1.0,SRM,NSE_EQ|SRM,NSE,EQUITY,CERTIFIED_CLEAN_886,753,2026-10-02T23:52:26.304460+05:30,2026-10-02T23:52:59.413790+05:30,2026-10-02T23:52:59.413790+05:30,2026-10-02T23:52:59.413790+05:30,FULLY_EVALUABLE,REJECTED,False,NONE,False,True,QUALITY_GATE,FAIL_UNIVERSE_MARKET_CAP
e6ec2c47977443cd852a61a9489ba276,QUALITY_COMPOUNDER,Quality Compounder,FROZEN_V2_PROD_1.0,SSWL,NSE_EQ|SSWL,NSE,EQUITY,CERTIFIED_CLEAN_886,754,2026-10-02T23:52:26.304460+05:30,2026-10-02T23:52:59.430932+05:30,2026-10-02T23:52:59.430932+05:30,2026-10-02T23:52:59.430932+05:30,DATA_FAILURE,BLOCKED,False,NONE,True,True,DATA_GATE,DATA_INSUFFICIENT_QUALITY
e6ec2c47977443cd852a61a9489ba276,QUALITY_COMPOUNDER,Quality Compounder,FROZEN_V2_PROD_1.0,STALLION,NSE_EQ|STALLION,NSE,EQUITY,CERTIFIED_CLEAN_886,755,2026-10-02T23:52:26.304460+05:30,2026-10-02T23:52:59.446466+05:30,2026-10-02T23:52:59.446466+05:30,2026-10-02T23:52:59.446466+05:30,FULLY_EVALUABLE,REJECTED,False,NONE,False,True,QUALITY_GATE,FAIL_CFO_PAT
e6ec2c47977443cd852a61a9489ba276,QUALITY_COMPOUNDER,Quality Compounder,FROZEN_V2_PROD_1.0,STARCEMENT,NSE_EQ|STARCEMENT,NSE,EQUITY,CERTIFIED_CLEAN_886,756,2026-10-02T23:52:26.304460+05:30,2026-10-02T23:52:59.462751+05:30,2026-10-02T23:52:59.462751+05:30,2026-10-02T23:52:59.462751+05:30,FULLY_EVALUABLE,REJECTED,False,NONE,False,True,QUALITY_GATE,FAIL_ROCE
e6ec2c47977443cd852a61a9489ba276,QUALITY_COMPOUNDER,Quality Compounder,FROZEN_V2_PROD_1.0,STEELCAS,NSE_EQ|STEELCAS,NSE,EQUITY,CERTIFIED_CLEAN_886,757,2026-10-02T23:52:26.304460+05:30,2026-10-02T23:52:59.473927+05:30,2026-10-02T23:52:59.473927+05:30,2026-10-02T23:52:59.473927+05:30,FULLY_EVALUABLE,REJECTED,False,NONE,False,True,VALUATION_GATE,FAIL_VALUATION
e6ec2c47977443cd852a61a9489ba276,QUALITY_COMPOUNDER,Quality Compounder,FROZEN_V2_PROD_1.0,STOVEKRAFT,NSE_EQ|STOVEKRAFT,NSE,EQUITY,CERTIFIED_CLEAN_886,758,2026-10-02T23:52:26.304460+05:30,2026-10-02T23:52:59.487576+05:30,2026-10-02T23:52:59.487576+05:30,2026-10-02T23:52:59.487576+05:30,FULLY_EVALUABLE,REJECTED,False,NONE,False,True,QUALITY_GATE,FAIL_ROCE
e6ec2c47977443cd852a61a9489ba276,QUALITY_COMPOUNDER,Quality Compounder,FROZEN_V2_PROD_1.0,STYLAMIND,NSE_EQ|STYLAMIND,NSE,EQUITY,CERTIFIED_CLEAN_886,759,2026-10-02T23:52:26.304460+05:30,2026-10-02T23:52:59.500749+05:30,2026-10-02T23:52:59.500749+05:30,2026-10-02T23:52:59.500749+05:30,FULLY_EVALUABLE,REJECTED,False,NONE,False,True,VALUATION_GATE,FAIL_VALUATION
e6ec2c47977443cd852a61a9489ba276,QUALITY_COMPOUNDER,Quality Compounder,FROZEN_V2_PROD_1.0,STYLEBAAZA,NSE_EQ|STYLEBAAZA,NSE,EQUITY,CERTIFIED_CLEAN_886,760,2026-10-02T23:52:26.304460+05:30,2026-10-02T23:52:59.514263+05:30,2026-10-02T23:52:59.514263+05:30,2026-10-02T23:52:59.514263+05:30,STRUCTURAL_INELIGIBLE,BLOCKED,False,NONE,True,True,DATA_GATE,DATA_INSUFFICIENT_QUALITY
e6ec2c47977443cd852a61a9489ba276,QUALITY_COMPOUNDER,Quality Compounder,FROZEN_V2_PROD_1.0,STYRENIX,NSE_EQ|STYRENIX,NSE,EQUITY,CERTIFIED_CLEAN_886,761,2026-10-02T23:52:26.304460+05:30,2026-10-02T23:52:59.529072+05:30,2026-10-02T23:52:59.529072+05:30,2026-10-02T23:52:59.529072+05:30,DATA_FAILURE,BLOCKED,False,NONE,True,True,DATA_GATE,DATA_INSUFFICIENT_QUALITY
e6ec2c47977443cd852a61a9489ba276,QUALITY_COMPOUNDER,Quality Compounder,FROZEN_V2_PROD_1.0,SUBROS,NSE_EQ|SUBROS,NSE,EQUITY,CERTIFIED_CLEAN_886,762,2026-10-02T23:52:26.304460+05:30,2026-10-02T23:52:59.543769+05:30,2026-10-02T23:52:59.543769+05:30,2026-10-02T23:52:59.543769+05:30,FULLY_EVALUABLE,REJECTED,False,NONE,False,True,QUALITY_GATE,FAIL_ROCE
e6ec2c47977443cd852a61a9489ba276,QUALITY_COMPOUNDER,Quality Compounder,FROZEN_V2_PROD_1.0,SUDEEPPHRM,NSE_EQ|SUDEEPPHRM,NSE,EQUITY,CERTIFIED_CLEAN_886,763,2026-10-02T23:52:26.304460+05:30,2026-10-02T23:52:59.561194+05:30,2026-10-02T23:52:59.561194+05:30,2026-10-02T23:52:59.561194+05:30,FULLY_EVALUABLE,REJECTED,False,NONE,False,True,QUALITY_GATE,FAIL_CFO_PAT
e6ec2c47977443cd852a61a9489ba276,QUALITY_COMPOUNDER,Quality Compounder,FROZEN_V2_PROD_1.0,SUMICHEM,NSE_EQ|SUMICHEM,NSE,EQUITY,CERTIFIED_CLEAN_886,764,2026-10-02T23:52:26.304460+05:30,2026-10-02T23:52:59.570855+05:30,2026-10-02T23:52:59.570855+05:30,2026-10-02T23:52:59.570855+05:30,FULLY_EVALUABLE,REJECTED,False,NONE,False,True,QUALITY_GATE,FAIL_SALES_CAGR
e6ec2c47977443cd852a61a9489ba276,QUALITY_COMPOUNDER,Quality Compounder,FROZEN_V2_PROD_1.0,SUNCLAY,NSE_EQ|SUNCLAY,NSE,EQUITY,CERTIFIED_CLEAN_886,765,2026-10-02T23:52:26.304460+05:30,2026-10-02T23:52:59.583289+05:30,2026-10-02T23:52:59.583289+05:30,2026-10-02T23:52:59.583289+05:30,DATA_FAILURE,BLOCKED,False,NONE,True,True,DATA_GATE,FAIL_LIQUIDITY
e6ec2c47977443cd852a61a9489ba276,QUALITY_COMPOUNDER,Quality Compounder,FROZEN_V2_PROD_1.0,SUNDARMFIN,NSE_EQ|SUNDARMFIN,NSE,EQUITY,CERTIFIED_CLEAN_886,766,2026-10-02T23:52:26.304460+05:30,2026-10-02T23:52:59.595236+05:30,2026-10-02T23:52:59.595236+05:30,2026-10-02T23:52:59.595236+05:30,FULLY_EVALUABLE,REJECTED,False,NONE,False,True,QUALITY_GATE,METRIC_NOT_APPLICABLE_FINANCIAL
e6ec2c47977443cd852a61a9489ba276,QUALITY_COMPOUNDER,Quality Compounder,FROZEN_V2_PROD_1.0,SUNDRMFAST,NSE_EQ|SUNDRMFAST,NSE,EQUITY,CERTIFIED_CLEAN_886,767,2026-10-02T23:52:26.304460+05:30,2026-10-02T23:52:59.607950+05:30,2026-10-02T23:52:59.607950+05:30,2026-10-02T23:52:59.607950+05:30,FULLY_EVALUABLE,REJECTED,False,NONE,False,True,VALUATION_GATE,FAIL_VALUATION
e6ec2c47977443cd852a61a9489ba276,QUALITY_COMPOUNDER,Quality Compounder,FROZEN_V2_PROD_1.0,SUNPHARMA,NSE_EQ|SUNPHARMA,NSE,EQUITY,CERTIFIED_CLEAN_886,768,2026-10-02T23:52:26.304460+05:30,2026-10-02T23:52:59.619700+05:30,2026-10-02T23:52:59.619700+05:30,2026-10-02T23:52:59.619700+05:30,FULLY_EVALUABLE,REJECTED,False,NONE,False,True,VALUATION_GATE,FAIL_VALUATION
e6ec2c47977443cd852a61a9489ba276,QUALITY_COMPOUNDER,Quality Compounder,FROZEN_V2_PROD_1.0,SUNTV,NSE_EQ|SUNTV,NSE,EQUITY,CERTIFIED_CLEAN_886,769,2026-10-02T23:52:26.304460+05:30,2026-10-02T23:52:59.630734+05:30,2026-10-02T23:52:59.630734+05:30,2026-10-02T23:52:59.630734+05:30,FULLY_EVALUABLE,REJECTED,False,NONE,False,True,QUALITY_GATE,FAIL_SALES_CAGR
e6ec2c47977443cd852a61a9489ba276,QUALITY_COMPOUNDER,Quality Compounder,FROZEN_V2_PROD_1.0,SUPRAJIT,NSE_EQ|SUPRAJIT,NSE,EQUITY,CERTIFIED_CLEAN_886,770,2026-10-02T23:52:26.304460+05:30,2026-10-02T23:52:59.642370+05:30,2026-10-02T23:52:59.642370+05:30,2026-10-02T23:52:59.642370+05:30,FULLY_EVALUABLE,REJECTED,False,NONE,False,True,QUALITY_GATE,FAIL_ROCE
e6ec2c47977443cd852a61a9489ba276,QUALITY_COMPOUNDER,Quality Compounder,FROZEN_V2_PROD_1.0,SUPREMEIND,NSE_EQ|SUPREMEIND,NSE,EQUITY,CERTIFIED_CLEAN_886,771,2026-10-02T23:52:26.304460+05:30,2026-10-02T23:52:59.654794+05:30,2026-10-02T23:52:59.654794+05:30,2026-10-02T23:52:59.654794+05:30,FULLY_EVALUABLE,REJECTED,False,NONE,False,True,QUALITY_GATE,FAIL_PAT_CAGR
e6ec2c47977443cd852a61a9489ba276,QUALITY_COMPOUNDER,Quality Compounder,FROZEN_V2_PROD_1.0,SUPRIYA,NSE_EQ|SUPRIYA,NSE,EQUITY,CERTIFIED_CLEAN_886,772,2026-10-02T23:52:26.304460+05:30,2026-10-02T23:52:59.664362+05:30,2026-10-02T23:52:59.664362+05:30,2026-10-02T23:52:59.664362+05:30,FULLY_EVALUABLE,REJECTED,False,NONE,False,True,QUALITY_GATE,FAIL_CFO_PAT
e6ec2c47977443cd852a61a9489ba276,QUALITY_COMPOUNDER,Quality Compounder,FROZEN_V2_PROD_1.0,SURAKSHA,NSE_EQ|SURAKSHA,NSE,EQUITY,CERTIFIED_CLEAN_886,773,2026-10-02T23:52:26.304460+05:30,2026-10-02T23:52:59.675626+05:30,2026-10-02T23:52:59.675626+05:30,2026-10-02T23:52:59.675626+05:30,FULLY_EVALUABLE,REJECTED,False,NONE,False,True,QUALITY_GATE,FAIL_DEBT
e6ec2c47977443cd852a61a9489ba276,QUALITY_COMPOUNDER,Quality Compounder,FROZEN_V2_PROD_1.0,SURYAROSNI,NSE_EQ|SURYAROSNI,NSE,EQUITY,CERTIFIED_CLEAN_886,774,2026-10-02T23:52:26.304460+05:30,2026-10-02T23:52:59.690621+05:30,2026-10-02T23:52:59.690621+05:30,2026-10-02T23:52:59.690621+05:30,FULLY_EVALUABLE,REJECTED,False,NONE,False,True,QUALITY_GATE,FAIL_SALES_CAGR
e6ec2c47977443cd852a61a9489ba276,QUALITY_COMPOUNDER,Quality Compounder,FROZEN_V2_PROD_1.0,SWARAJENG,NSE_EQ|SWARAJENG,NSE,EQUITY,CERTIFIED_CLEAN_886,775,2026-10-02T23:52:26.304460+05:30,2026-10-02T23:52:59.700209+05:30,2026-10-02T23:52:59.700209+05:30,2026-10-02T23:52:59.700209+05:30,FULLY_EVALUABLE,REJECTED,False,NONE,False,True,VALUATION_GATE,FAIL_VALUATION
e6ec2c47977443cd852a61a9489ba276,QUALITY_COMPOUNDER,Quality Compounder,FROZEN_V2_PROD_1.0,SYRMA,NSE_EQ|SYRMA,NSE,EQUITY,CERTIFIED_CLEAN_886,776,2026-10-02T23:52:26.304460+05:30,2026-10-02T23:52:59.711021+05:30,2026-10-02T23:52:59.711021+05:30,2026-10-02T23:52:59.711021+05:30,FULLY_EVALUABLE,REJECTED,False,NONE,False,True,QUALITY_GATE,FAIL_ROCE
e6ec2c47977443cd852a61a9489ba276,QUALITY_COMPOUNDER,Quality Compounder,FROZEN_V2_PROD_1.0,TAALTECH,NSE_EQ|TAALTECH,NSE,EQUITY,CERTIFIED_CLEAN_886,777,2026-10-02T23:52:26.304460+05:30,2026-10-02T23:52:59.720827+05:30,2026-10-02T23:52:59.720827+05:30,2026-10-02T23:52:59.720827+05:30,FULLY_EVALUABLE,REJECTED,False,NONE,False,True,QUALITY_GATE,FAIL_CFO_PAT
e6ec2c47977443cd852a61a9489ba276,QUALITY_COMPOUNDER,Quality Compounder,FROZEN_V2_PROD_1.0,TAJGVK,NSE_EQ|TAJGVK,NSE,EQUITY,CERTIFIED_CLEAN_886,778,2026-10-02T23:52:26.304460+05:30,2026-10-02T23:52:59.732094+05:30,2026-10-02T23:52:59.732094+05:30,2026-10-02T23:52:59.732094+05:30,DATA_FAILURE,BLOCKED,False,NONE,True,True,DATA_GATE,DATA_INSUFFICIENT_QUALITY
e6ec2c47977443cd852a61a9489ba276,QUALITY_COMPOUNDER,Quality Compounder,FROZEN_V2_PROD_1.0,TALBROAUTO,NSE_EQ|TALBROAUTO,NSE,EQUITY,CERTIFIED_CLEAN_886,779,2026-10-02T23:52:26.304460+05:30,2026-10-02T23:52:59.743739+05:30,2026-10-02T23:52:59.743739+05:30,2026-10-02T23:52:59.743739+05:30,FULLY_EVALUABLE,REJECTED,False,NONE,False,True,VALUATION_GATE,FAIL_VALUATION
e6ec2c47977443cd852a61a9489ba276,QUALITY_COMPOUNDER,Quality Compounder,FROZEN_V2_PROD_1.0,TANLA,NSE_EQ|TANLA,NSE,EQUITY,CERTIFIED_CLEAN_886,780,2026-10-02T23:52:26.304460+05:30,2026-10-02T23:52:59.759506+05:30,2026-10-02T23:52:59.759506+05:30,2026-10-02T23:52:59.759506+05:30,FULLY_EVALUABLE,REJECTED,False,NONE,False,True,QUALITY_GATE,FAIL_PAT_CAGR
e6ec2c47977443cd852a61a9489ba276,QUALITY_COMPOUNDER,Quality Compounder,FROZEN_V2_PROD_1.0,TARIL,NSE_EQ|TARIL,NSE,EQUITY,CERTIFIED_CLEAN_886,781,2026-10-02T23:52:26.304460+05:30,2026-10-02T23:52:59.781253+05:30,2026-10-02T23:52:59.781253+05:30,2026-10-02T23:52:59.781253+05:30,FULLY_EVALUABLE,REJECTED,False,NONE,False,True,QUALITY_GATE,FAIL_CFO_PAT
e6ec2c47977443cd852a61a9489ba276,QUALITY_COMPOUNDER,Quality Compounder,FROZEN_V2_PROD_1.0,TASTYBITE,NSE_EQ|TASTYBITE,NSE,EQUITY,CERTIFIED_CLEAN_886,782,2026-10-02T23:52:26.304460+05:30,2026-10-02T23:52:59.794183+05:30,2026-10-02T23:52:59.794183+05:30,2026-10-02T23:52:59.794183+05:30,FULLY_EVALUABLE,REJECTED,False,NONE,False,True,QUALITY_GATE,FAIL_ROCE
e6ec2c47977443cd852a61a9489ba276,QUALITY_COMPOUNDER,Quality Compounder,FROZEN_V2_PROD_1.0,TATACAP,NSE_EQ|TATACAP,NSE,EQUITY,CERTIFIED_CLEAN_886,783,2026-10-02T23:52:26.304460+05:30,2026-10-02T23:52:59.805549+05:30,2026-10-02T23:52:59.805549+05:30,2026-10-02T23:52:59.805549+05:30,FULLY_EVALUABLE,REJECTED,False,NONE,False,True,QUALITY_GATE,METRIC_NOT_APPLICABLE_FINANCIAL
e6ec2c47977443cd852a61a9489ba276,QUALITY_COMPOUNDER,Quality Compounder,FROZEN_V2_PROD_1.0,TATACOMM,NSE_EQ|TATACOMM,NSE,EQUITY,CERTIFIED_CLEAN_886,784,2026-10-02T23:52:26.304460+05:30,2026-10-02T23:52:59.815417+05:30,2026-10-02T23:52:59.815417+05:30,2026-10-02T23:52:59.815417+05:30,FULLY_EVALUABLE,REJECTED,False,NONE,False,True,QUALITY_GATE,FAIL_SALES_CAGR
e6ec2c47977443cd852a61a9489ba276,QUALITY_COMPOUNDER,Quality Compounder,FROZEN_V2_PROD_1.0,TATAELXSI,NSE_EQ|TATAELXSI,NSE,EQUITY,CERTIFIED_CLEAN_886,785,2026-10-02T23:52:26.304460+05:30,2026-10-02T23:52:59.963482+05:30,2026-10-02T23:52:59.963482+05:30,2026-10-02T23:52:59.963482+05:30,FULLY_EVALUABLE,ALERT_BUY,True,BUY,False,False,NONE,PASS
e6ec2c47977443cd852a61a9489ba276,QUALITY_COMPOUNDER,Quality Compounder,FROZEN_V2_PROD_1.0,TATAPOWER,NSE_EQ|TATAPOWER,NSE,EQUITY,CERTIFIED_CLEAN_886,786,2026-10-02T23:52:26.304460+05:30,2026-10-02T23:52:59.976206+05:30,2026-10-02T23:52:59.976206+05:30,2026-10-02T23:52:59.976206+05:30,FULLY_EVALUABLE,REJECTED,False,NONE,False,True,QUALITY_GATE,FAIL_ROCE
e6ec2c47977443cd852a61a9489ba276,QUALITY_COMPOUNDER,Quality Compounder,FROZEN_V2_PROD_1.0,TATASTEEL,NSE_EQ|TATASTEEL,NSE,EQUITY,CERTIFIED_CLEAN_886,787,2026-10-02T23:52:26.304460+05:30,2026-10-02T23:53:00.015518+05:30,2026-10-02T23:53:00.015518+05:30,2026-10-02T23:53:00.015518+05:30,FULLY_EVALUABLE,REJECTED,False,NONE,False,True,QUALITY_GATE,FAIL_ROCE
e6ec2c47977443cd852a61a9489ba276,QUALITY_COMPOUNDER,Quality Compounder,FROZEN_V2_PROD_1.0,TATATECH,NSE_EQ|TATATECH,NSE,EQUITY,CERTIFIED_CLEAN_886,788,2026-10-02T23:52:26.304460+05:30,2026-10-02T23:53:00.048797+05:30,2026-10-02T23:53:00.048797+05:30,2026-10-02T23:53:00.048797+05:30,FULLY_EVALUABLE,REJECTED,False,NONE,False,True,QUALITY_GATE,FAIL_CFO_PAT
e6ec2c47977443cd852a61a9489ba276,QUALITY_COMPOUNDER,Quality Compounder,FROZEN_V2_PROD_1.0,TBOTEK,NSE_EQ|TBOTEK,NSE,EQUITY,CERTIFIED_CLEAN_886,789,2026-10-02T23:52:26.304460+05:30,2026-10-02T23:53:00.069257+05:30,2026-10-02T23:53:00.069257+05:30,2026-10-02T23:53:00.069257+05:30,DATA_FAILURE,BLOCKED,False,NONE,True,True,DATA_GATE,DATA_INSUFFICIENT_QUALITY
e6ec2c47977443cd852a61a9489ba276,QUALITY_COMPOUNDER,Quality Compounder,FROZEN_V2_PROD_1.0,TBZ,NSE_EQ|TBZ,NSE,EQUITY,CERTIFIED_CLEAN_886,790,2026-10-02T23:52:26.304460+05:30,2026-10-02T23:53:00.093187+05:30,2026-10-02T23:53:00.093187+05:30,2026-10-02T23:53:00.093187+05:30,FULLY_EVALUABLE,REJECTED,False,NONE,False,True,QUALITY_GATE,FAIL_ROCE
e6ec2c47977443cd852a61a9489ba276,QUALITY_COMPOUNDER,Quality Compounder,FROZEN_V2_PROD_1.0,TCI,NSE_EQ|TCI,NSE,EQUITY,CERTIFIED_CLEAN_886,791,2026-10-02T23:52:26.304460+05:30,2026-10-02T23:53:00.110351+05:30,2026-10-02T23:53:00.110351+05:30,2026-10-02T23:53:00.110351+05:30,FULLY_EVALUABLE,REJECTED,False,NONE,False,True,VALUATION_GATE,FAIL_VALUATION
e6ec2c47977443cd852a61a9489ba276,QUALITY_COMPOUNDER,Quality Compounder,FROZEN_V2_PROD_1.0,TCIEXP,NSE_EQ|TCIEXP,NSE,EQUITY,CERTIFIED_CLEAN_886,792,2026-10-02T23:52:26.304460+05:30,2026-10-02T23:53:00.125117+05:30,2026-10-02T23:53:00.125117+05:30,2026-10-02T23:53:00.125117+05:30,DATA_FAILURE,BLOCKED,False,NONE,True,True,DATA_GATE,DATA_INSUFFICIENT_QUALITY
e6ec2c47977443cd852a61a9489ba276,QUALITY_COMPOUNDER,Quality Compounder,FROZEN_V2_PROD_1.0,TCPLPACK,NSE_EQ|TCPLPACK,NSE,EQUITY,CERTIFIED_CLEAN_886,793,2026-10-02T23:52:26.304460+05:30,2026-10-02T23:53:00.138047+05:30,2026-10-02T23:53:00.138047+05:30,2026-10-02T23:53:00.138047+05:30,FULLY_EVALUABLE,REJECTED,False,NONE,False,True,QUALITY_GATE,FAIL_DEBT
e6ec2c47977443cd852a61a9489ba276,QUALITY_COMPOUNDER,Quality Compounder,FROZEN_V2_PROD_1.0,TCS,NSE_EQ|TCS,NSE,EQUITY,CERTIFIED_CLEAN_886,794,2026-10-02T23:52:26.304460+05:30,2026-10-02T23:53:00.153667+05:30,2026-10-02T23:53:00.153667+05:30,2026-10-02T23:53:00.153667+05:30,FULLY_EVALUABLE,REJECTED,False,NONE,False,True,QUALITY_GATE,FAIL_PAT_CAGR
e6ec2c47977443cd852a61a9489ba276,QUALITY_COMPOUNDER,Quality Compounder,FROZEN_V2_PROD_1.0,TDPOWERSYS,NSE_EQ|TDPOWERSYS,NSE,EQUITY,CERTIFIED_CLEAN_886,795,2026-10-02T23:52:26.304460+05:30,2026-10-02T23:53:00.163900+05:30,2026-10-02T23:53:00.163900+05:30,2026-10-02T23:53:00.163900+05:30,FULLY_EVALUABLE,REJECTED,False,NONE,False,True,QUALITY_GATE,FAIL_CFO_PAT
e6ec2c47977443cd852a61a9489ba276,QUALITY_COMPOUNDER,Quality Compounder,FROZEN_V2_PROD_1.0,TEAMLEASE,NSE_EQ|TEAMLEASE,NSE,EQUITY,CERTIFIED_CLEAN_886,796,2026-10-02T23:52:26.304460+05:30,2026-10-02T23:53:00.175100+05:30,2026-10-02T23:53:00.175100+05:30,2026-10-02T23:53:00.175100+05:30,FULLY_EVALUABLE,REJECTED,False,NONE,False,True,QUALITY_GATE,FAIL_ROCE
e6ec2c47977443cd852a61a9489ba276,QUALITY_COMPOUNDER,Quality Compounder,FROZEN_V2_PROD_1.0,TECHM,NSE_EQ|TECHM,NSE,EQUITY,CERTIFIED_CLEAN_886,797,2026-10-02T23:52:26.304460+05:30,2026-10-02T23:53:00.187337+05:30,2026-10-02T23:53:00.187337+05:30,2026-10-02T23:53:00.187337+05:30,FULLY_EVALUABLE,REJECTED,False,NONE,False,True,QUALITY_GATE,FAIL_SALES_CAGR
e6ec2c47977443cd852a61a9489ba276,QUALITY_COMPOUNDER,Quality Compounder,FROZEN_V2_PROD_1.0,TECHNOE,NSE_EQ|TECHNOE,NSE,EQUITY,CERTIFIED_CLEAN_886,798,2026-10-02T23:52:26.304460+05:30,2026-10-02T23:53:00.198876+05:30,2026-10-02T23:53:00.198876+05:30,2026-10-02T23:53:00.198876+05:30,FULLY_EVALUABLE,REJECTED,False,NONE,False,True,QUALITY_GATE,FAIL_CFO_PAT
e6ec2c47977443cd852a61a9489ba276,QUALITY_COMPOUNDER,Quality Compounder,FROZEN_V2_PROD_1.0,TENNIND,NSE_EQ|TENNIND,NSE,EQUITY,CERTIFIED_CLEAN_886,799,2026-10-02T23:52:26.304460+05:30,2026-10-02T23:53:00.210786+05:30,2026-10-02T23:53:00.210786+05:30,2026-10-02T23:53:00.210786+05:30,STRUCTURAL_INELIGIBLE,BLOCKED,False,NONE,True,True,DATA_GATE,DATA_INSUFFICIENT_QUALITY
e6ec2c47977443cd852a61a9489ba276,QUALITY_COMPOUNDER,Quality Compounder,FROZEN_V2_PROD_1.0,THANGAMAYL,NSE_EQ|THANGAMAYL,NSE,EQUITY,CERTIFIED_CLEAN_886,800,2026-10-02T23:52:26.304460+05:30,2026-10-02T23:53:00.224694+05:30,2026-10-02T23:53:00.224694+05:30,2026-10-02T23:53:00.224694+05:30,FULLY_EVALUABLE,REJECTED,False,NONE,False,True,QUALITY_GATE,FAIL_CFO_PAT
e6ec2c47977443cd852a61a9489ba276,QUALITY_COMPOUNDER,Quality Compounder,FROZEN_V2_PROD_1.0,THEJO,NSE_EQ|THEJO,NSE,EQUITY,CERTIFIED_CLEAN_886,801,2026-10-02T23:52:26.304460+05:30,2026-10-02T23:53:00.237330+05:30,2026-10-02T23:53:00.237330+05:30,2026-10-02T23:53:00.237330+05:30,FULLY_EVALUABLE,REJECTED,False,NONE,False,True,QUALITY_GATE,FAIL_LIQUIDITY
e6ec2c47977443cd852a61a9489ba276,QUALITY_COMPOUNDER,Quality Compounder,FROZEN_V2_PROD_1.0,THELEELA,NSE_EQ|THELEELA,NSE,EQUITY,CERTIFIED_CLEAN_886,802,2026-10-02T23:52:26.304460+05:30,2026-10-02T23:53:00.252671+05:30,2026-10-02T23:53:00.252671+05:30,2026-10-02T23:53:00.252671+05:30,STRUCTURAL_INELIGIBLE,BLOCKED,False,NONE,True,True,DATA_GATE,DATA_INSUFFICIENT_QUALITY
e6ec2c47977443cd852a61a9489ba276,QUALITY_COMPOUNDER,Quality Compounder,FROZEN_V2_PROD_1.0,THERMAX,NSE_EQ|THERMAX,NSE,EQUITY,CERTIFIED_CLEAN_886,803,2026-10-02T23:52:26.304460+05:30,2026-10-02T23:53:00.268551+05:30,2026-10-02T23:53:00.268551+05:30,2026-10-02T23:53:00.268551+05:30,FULLY_EVALUABLE,REJECTED,False,NONE,False,True,QUALITY_GATE,FAIL_ROCE
e6ec2c47977443cd852a61a9489ba276,QUALITY_COMPOUNDER,Quality Compounder,FROZEN_V2_PROD_1.0,THYROCARE,NSE_EQ|THYROCARE,NSE,EQUITY,CERTIFIED_CLEAN_886,804,2026-10-02T23:52:26.304460+05:30,2026-10-02T23:53:00.281384+05:30,2026-10-02T23:53:00.281384+05:30,2026-10-02T23:53:00.281384+05:30,FULLY_EVALUABLE,REJECTED,False,NONE,False,True,QUALITY_GATE,FAIL_PAT_CAGR
e6ec2c47977443cd852a61a9489ba276,QUALITY_COMPOUNDER,Quality Compounder,FROZEN_V2_PROD_1.0,TIIL,NSE_EQ|TIIL,NSE,EQUITY,CERTIFIED_CLEAN_886,805,2026-10-02T23:52:26.304460+05:30,2026-10-02T23:53:00.296697+05:30,2026-10-02T23:53:00.296697+05:30,2026-10-02T23:53:00.296697+05:30,FULLY_EVALUABLE,REJECTED,False,NONE,False,True,QUALITY_GATE,FAIL_CFO_PAT
e6ec2c47977443cd852a61a9489ba276,QUALITY_COMPOUNDER,Quality Compounder,FROZEN_V2_PROD_1.0,TIINDIA,NSE_EQ|TIINDIA,NSE,EQUITY,CERTIFIED_CLEAN_886,806,2026-10-02T23:52:26.304460+05:30,2026-10-02T23:53:00.441741+05:30,2026-10-02T23:53:00.441741+05:30,2026-10-02T23:53:00.441741+05:30,FULLY_EVALUABLE,ALERT_BUY,True,BUY,False,False,NONE,PASS
e6ec2c47977443cd852a61a9489ba276,QUALITY_COMPOUNDER,Quality Compounder,FROZEN_V2_PROD_1.0,TIMETECHNO,NSE_EQ|TIMETECHNO,NSE,EQUITY,CERTIFIED_CLEAN_886,807,2026-10-02T23:52:26.304460+05:30,2026-10-02T23:53:00.453185+05:30,2026-10-02T23:53:00.453185+05:30,2026-10-02T23:53:00.453185+05:30,FULLY_EVALUABLE,REJECTED,False,NONE,False,True,VALUATION_GATE,FAIL_VALUATION
e6ec2c47977443cd852a61a9489ba276,QUALITY_COMPOUNDER,Quality Compounder,FROZEN_V2_PROD_1.0,TIMEX,NSE_EQ|TIMEX,NSE,EQUITY,CERTIFIED_CLEAN_886,808,2026-10-02T23:52:26.304460+05:30,2026-10-02T23:53:00.464349+05:30,2026-10-02T23:53:00.464349+05:30,2026-10-02T23:53:00.464349+05:30,DATA_FAILURE,BLOCKED,False,NONE,True,True,DATA_GATE,DATA_INSUFFICIENT_QUALITY
e6ec2c47977443cd852a61a9489ba276,QUALITY_COMPOUNDER,Quality Compounder,FROZEN_V2_PROD_1.0,TIMKEN,NSE_EQ|TIMKEN,NSE,EQUITY,CERTIFIED_CLEAN_886,809,2026-10-02T23:52:26.304460+05:30,2026-10-02T23:53:00.477515+05:30,2026-10-02T23:53:00.477515+05:30,2026-10-02T23:53:00.477515+05:30,DATA_FAILURE,BLOCKED,False,NONE,True,True,DATA_GATE,DATA_INSUFFICIENT_QUALITY
e6ec2c47977443cd852a61a9489ba276,QUALITY_COMPOUNDER,Quality Compounder,FROZEN_V2_PROD_1.0,TINNARUBR,NSE_EQ|TINNARUBR,NSE,EQUITY,CERTIFIED_CLEAN_886,810,2026-10-02T23:52:26.304460+05:30,2026-10-02T23:53:00.490068+05:30,2026-10-02T23:53:00.490068+05:30,2026-10-02T23:53:00.490068+05:30,DATA_FAILURE,BLOCKED,False,NONE,True,True,DATA_GATE,DATA_INSUFFICIENT_QUALITY
e6ec2c47977443cd852a61a9489ba276,QUALITY_COMPOUNDER,Quality Compounder,FROZEN_V2_PROD_1.0,TIPSMUSIC,NSE_EQ|TIPSMUSIC,NSE,EQUITY,CERTIFIED_CLEAN_886,811,2026-10-02T23:52:26.304460+05:30,2026-10-02T23:53:00.666902+05:30,2026-10-02T23:53:00.666902+05:30,2026-10-02T23:53:00.666902+05:30,FULLY_EVALUABLE,ALERT_BUY,True,BUY,False,False,NONE,PASS
e6ec2c47977443cd852a61a9489ba276,QUALITY_COMPOUNDER,Quality Compounder,FROZEN_V2_PROD_1.0,TITAN,NSE_EQ|TITAN,NSE,EQUITY,CERTIFIED_CLEAN_886,812,2026-10-02T23:52:26.304460+05:30,2026-10-02T23:53:00.681535+05:30,2026-10-02T23:53:00.681535+05:30,2026-10-02T23:53:00.681535+05:30,FULLY_EVALUABLE,REJECTED,False,NONE,False,True,QUALITY_GATE,FAIL_CFO_PAT
e6ec2c47977443cd852a61a9489ba276,QUALITY_COMPOUNDER,Quality Compounder,FROZEN_V2_PROD_1.0,TMB,NSE_EQ|TMB,NSE,EQUITY,CERTIFIED_CLEAN_886,813,2026-10-02T23:52:26.304460+05:30,2026-10-02T23:53:00.695684+05:30,2026-10-02T23:53:00.695684+05:30,2026-10-02T23:53:00.695684+05:30,FULLY_EVALUABLE,REJECTED,False,NONE,False,True,QUALITY_GATE,METRIC_NOT_APPLICABLE_FINANCIAL
e6ec2c47977443cd852a61a9489ba276,QUALITY_COMPOUNDER,Quality Compounder,FROZEN_V2_PROD_1.0,TNPL,NSE_EQ|TNPL,NSE,EQUITY,CERTIFIED_CLEAN_886,814,2026-10-02T23:52:26.304460+05:30,2026-10-02T23:53:00.710372+05:30,2026-10-02T23:53:00.710372+05:30,2026-10-02T23:53:00.710372+05:30,DATA_FAILURE,BLOCKED,False,NONE,True,True,DATA_GATE,DATA_INSUFFICIENT_QUALITY
e6ec2c47977443cd852a61a9489ba276,QUALITY_COMPOUNDER,Quality Compounder,FROZEN_V2_PROD_1.0,TORNTPHARM,NSE_EQ|TORNTPHARM,NSE,EQUITY,CERTIFIED_CLEAN_886,815,2026-10-02T23:52:26.304460+05:30,2026-10-02T23:53:00.722768+05:30,2026-10-02T23:53:00.722768+05:30,2026-10-02T23:53:00.722768+05:30,FULLY_EVALUABLE,REJECTED,False,NONE,False,True,QUALITY_GATE,FAIL_DEBT
e6ec2c47977443cd852a61a9489ba276,QUALITY_COMPOUNDER,Quality Compounder,FROZEN_V2_PROD_1.0,TORNTPOWER,NSE_EQ|TORNTPOWER,NSE,EQUITY,CERTIFIED_CLEAN_886,816,2026-10-02T23:52:26.304460+05:30,2026-10-02T23:53:00.737900+05:30,2026-10-02T23:53:00.737900+05:30,2026-10-02T23:53:00.737900+05:30,FULLY_EVALUABLE,REJECTED,False,NONE,False,True,QUALITY_GATE,FAIL_DEBT
e6ec2c47977443cd852a61a9489ba276,QUALITY_COMPOUNDER,Quality Compounder,FROZEN_V2_PROD_1.0,TRANSRAILL,NSE_EQ|TRANSRAILL,NSE,EQUITY,CERTIFIED_CLEAN_886,817,2026-10-02T23:52:26.304460+05:30,2026-10-02T23:53:00.828842+05:30,2026-10-02T23:53:00.828842+05:30,2026-10-02T23:53:00.828842+05:30,FULLY_EVALUABLE,ALERT_BUY,True,BUY,False,False,NONE,PASS
e6ec2c47977443cd852a61a9489ba276,QUALITY_COMPOUNDER,Quality Compounder,FROZEN_V2_PROD_1.0,TRAVELFOOD,NSE_EQ|TRAVELFOOD,NSE,EQUITY,CERTIFIED_CLEAN_886,818,2026-10-02T23:52:26.304460+05:30,2026-10-02T23:53:00.844299+05:30,2026-10-02T23:53:00.844299+05:30,2026-10-02T23:53:00.844299+05:30,DATA_FAILURE,BLOCKED,False,NONE,True,True,DATA_GATE,DATA_INSUFFICIENT_QUALITY
e6ec2c47977443cd852a61a9489ba276,QUALITY_COMPOUNDER,Quality Compounder,FROZEN_V2_PROD_1.0,TRENT,NSE_EQ|TRENT,NSE,EQUITY,CERTIFIED_CLEAN_886,819,2026-10-02T23:52:26.304460+05:30,2026-10-02T23:53:00.876015+05:30,2026-10-02T23:53:00.876015+05:30,2026-10-02T23:53:00.876015+05:30,DATA_FAILURE,BLOCKED,False,NONE,True,True,DATA_GATE,DATA_INSUFFICIENT_QUALITY
e6ec2c47977443cd852a61a9489ba276,QUALITY_COMPOUNDER,Quality Compounder,FROZEN_V2_PROD_1.0,TRITURBINE,NSE_EQ|TRITURBINE,NSE,EQUITY,CERTIFIED_CLEAN_886,820,2026-10-02T23:52:26.304460+05:30,2026-10-02T23:53:00.891692+05:30,2026-10-02T23:53:00.891692+05:30,2026-10-02T23:53:00.891692+05:30,FULLY_EVALUABLE,REJECTED,False,NONE,False,True,VALUATION_GATE,FAIL_VALUATION
e6ec2c47977443cd852a61a9489ba276,QUALITY_COMPOUNDER,Quality Compounder,FROZEN_V2_PROD_1.0,TRUALT,NSE_EQ|TRUALT,NSE,EQUITY,CERTIFIED_CLEAN_886,821,2026-10-02T23:52:26.304460+05:30,2026-10-02T23:53:00.911313+05:30,2026-10-02T23:53:00.911313+05:30,2026-10-02T23:53:00.911313+05:30,STRUCTURAL_INELIGIBLE,BLOCKED,False,NONE,True,True,DATA_GATE,DATA_INSUFFICIENT_QUALITY
e6ec2c47977443cd852a61a9489ba276,QUALITY_COMPOUNDER,Quality Compounder,FROZEN_V2_PROD_1.0,TSFINV,NSE_EQ|TSFINV,NSE,EQUITY,CERTIFIED_CLEAN_886,822,2026-10-02T23:52:26.304460+05:30,2026-10-02T23:53:00.925019+05:30,2026-10-02T23:53:00.925019+05:30,2026-10-02T23:53:00.925019+05:30,FULLY_EVALUABLE,REJECTED,False,NONE,False,True,QUALITY_GATE,METRIC_NOT_APPLICABLE_FINANCIAL
e6ec2c47977443cd852a61a9489ba276,QUALITY_COMPOUNDER,Quality Compounder,FROZEN_V2_PROD_1.0,TTKPRESTIG,NSE_EQ|TTKPRESTIG,NSE,EQUITY,CERTIFIED_CLEAN_886,823,2026-10-02T23:52:26.304460+05:30,2026-10-02T23:53:00.937684+05:30,2026-10-02T23:53:00.937684+05:30,2026-10-02T23:53:00.937684+05:30,FULLY_EVALUABLE,REJECTED,False,NONE,False,True,QUALITY_GATE,FAIL_SALES_CAGR
e6ec2c47977443cd852a61a9489ba276,QUALITY_COMPOUNDER,Quality Compounder,FROZEN_V2_PROD_1.0,TVSMOTOR,NSE_EQ|TVSMOTOR,NSE,EQUITY,CERTIFIED_CLEAN_886,824,2026-10-02T23:52:26.304460+05:30,2026-10-02T23:53:00.951180+05:30,2026-10-02T23:53:00.951180+05:30,2026-10-02T23:53:00.951180+05:30,FULLY_EVALUABLE,REJECTED,False,NONE,False,True,QUALITY_GATE,FAIL_ROCE
e6ec2c47977443cd852a61a9489ba276,QUALITY_COMPOUNDER,Quality Compounder,FROZEN_V2_PROD_1.0,UBL,NSE_EQ|UBL,NSE,EQUITY,CERTIFIED_CLEAN_886,825,2026-10-02T23:52:26.304460+05:30,2026-10-02T23:53:00.967389+05:30,2026-10-02T23:53:00.967389+05:30,2026-10-02T23:53:00.967389+05:30,FULLY_EVALUABLE,REJECTED,False,NONE,False,True,QUALITY_GATE,FAIL_ROCE
e6ec2c47977443cd852a61a9489ba276,QUALITY_COMPOUNDER,Quality Compounder,FROZEN_V2_PROD_1.0,UDS,NSE_EQ|UDS,NSE,EQUITY,CERTIFIED_CLEAN_886,826,2026-10-02T23:52:26.304460+05:30,2026-10-02T23:53:00.980246+05:30,2026-10-02T23:53:00.980246+05:30,2026-10-02T23:53:00.980246+05:30,FULLY_EVALUABLE,REJECTED,False,NONE,False,True,QUALITY_GATE,FAIL_ROCE
e6ec2c47977443cd852a61a9489ba276,QUALITY_COMPOUNDER,Quality Compounder,FROZEN_V2_PROD_1.0,ULTRACEMCO,NSE_EQ|ULTRACEMCO,NSE,EQUITY,CERTIFIED_CLEAN_886,827,2026-10-02T23:52:26.304460+05:30,2026-10-02T23:53:00.996360+05:30,2026-10-02T23:53:00.996360+05:30,2026-10-02T23:53:00.996360+05:30,FULLY_EVALUABLE,REJECTED,False,NONE,False,True,QUALITY_GATE,FAIL_ROCE
e6ec2c47977443cd852a61a9489ba276,QUALITY_COMPOUNDER,Quality Compounder,FROZEN_V2_PROD_1.0,ULTRAMAR,NSE_EQ|ULTRAMAR,NSE,EQUITY,CERTIFIED_CLEAN_886,828,2026-10-02T23:52:26.304460+05:30,2026-10-02T23:53:01.011559+05:30,2026-10-02T23:53:01.011559+05:30,2026-10-02T23:53:01.011559+05:30,FULLY_EVALUABLE,REJECTED,False,NONE,False,True,QUALITY_GATE,FAIL_ROCE
e6ec2c47977443cd852a61a9489ba276,QUALITY_COMPOUNDER,Quality Compounder,FROZEN_V2_PROD_1.0,UNICHEMLAB,NSE_EQ|UNICHEMLAB,NSE,EQUITY,CERTIFIED_CLEAN_886,829,2026-10-02T23:52:26.304460+05:30,2026-10-02T23:53:01.024927+05:30,2026-10-02T23:53:01.024927+05:30,2026-10-02T23:53:01.024927+05:30,FULLY_EVALUABLE,REJECTED,False,NONE,False,True,QUALITY_GATE,FAIL_ROCE
e6ec2c47977443cd852a61a9489ba276,QUALITY_COMPOUNDER,Quality Compounder,FROZEN_V2_PROD_1.0,UNIMECH,NSE_EQ|UNIMECH,NSE,EQUITY,CERTIFIED_CLEAN_886,830,2026-10-02T23:52:26.304460+05:30,2026-10-02T23:53:01.040313+05:30,2026-10-02T23:53:01.040313+05:30,2026-10-02T23:53:01.040313+05:30,DATA_FAILURE,BLOCKED,False,NONE,True,True,DATA_GATE,DATA_INSUFFICIENT_QUALITY
e6ec2c47977443cd852a61a9489ba276,QUALITY_COMPOUNDER,Quality Compounder,FROZEN_V2_PROD_1.0,UNIONBANK,NSE_EQ|UNIONBANK,NSE,EQUITY,CERTIFIED_CLEAN_886,831,2026-10-02T23:52:26.304460+05:30,2026-10-02T23:53:01.050857+05:30,2026-10-02T23:53:01.050857+05:30,2026-10-02T23:53:01.050857+05:30,FULLY_EVALUABLE,REJECTED,False,NONE,False,True,QUALITY_GATE,METRIC_NOT_APPLICABLE_FINANCIAL
e6ec2c47977443cd852a61a9489ba276,QUALITY_COMPOUNDER,Quality Compounder,FROZEN_V2_PROD_1.0,UNIPARTS,NSE_EQ|UNIPARTS,NSE,EQUITY,CERTIFIED_CLEAN_886,832,2026-10-02T23:52:26.304460+05:30,2026-10-02T23:53:01.061864+05:30,2026-10-02T23:53:01.061864+05:30,2026-10-02T23:53:01.061864+05:30,FULLY_EVALUABLE,REJECTED,False,NONE,False,True,QUALITY_GATE,FAIL_SALES_CAGR
e6ec2c47977443cd852a61a9489ba276,QUALITY_COMPOUNDER,Quality Compounder,FROZEN_V2_PROD_1.0,UNITDSPR,NSE_EQ|UNITDSPR,NSE,EQUITY,CERTIFIED_CLEAN_886,833,2026-10-02T23:52:26.304460+05:30,2026-10-02T23:53:01.074606+05:30,2026-10-02T23:53:01.074606+05:30,2026-10-02T23:53:01.074606+05:30,FULLY_EVALUABLE,REJECTED,False,NONE,False,True,QUALITY_GATE,FAIL_SALES_CAGR
e6ec2c47977443cd852a61a9489ba276,QUALITY_COMPOUNDER,Quality Compounder,FROZEN_V2_PROD_1.0,UNIVCABLES,NSE_EQ|UNIVCABLES,NSE,EQUITY,CERTIFIED_CLEAN_886,834,2026-10-02T23:52:26.304460+05:30,2026-10-02T23:53:01.088899+05:30,2026-10-02T23:53:01.088899+05:30,2026-10-02T23:53:01.088899+05:30,FULLY_EVALUABLE,REJECTED,False,NONE,False,True,QUALITY_GATE,FAIL_ROCE
e6ec2c47977443cd852a61a9489ba276,QUALITY_COMPOUNDER,Quality Compounder,FROZEN_V2_PROD_1.0,UNOMINDA,NSE_EQ|UNOMINDA,NSE,EQUITY,CERTIFIED_CLEAN_886,835,2026-10-02T23:52:26.304460+05:30,2026-10-02T23:53:01.103557+05:30,2026-10-02T23:53:01.103557+05:30,2026-10-02T23:53:01.103557+05:30,FULLY_EVALUABLE,REJECTED,False,NONE,False,True,VALUATION_GATE,FAIL_VALUATION
e6ec2c47977443cd852a61a9489ba276,QUALITY_COMPOUNDER,Quality Compounder,FROZEN_V2_PROD_1.0,USHAMART,NSE_EQ|USHAMART,NSE,EQUITY,CERTIFIED_CLEAN_886,836,2026-10-02T23:52:26.304460+05:30,2026-10-02T23:53:01.117922+05:30,2026-10-02T23:53:01.117922+05:30,2026-10-02T23:53:01.117922+05:30,FULLY_EVALUABLE,REJECTED,False,NONE,False,True,VALUATION_GATE,FAIL_VALUATION
e6ec2c47977443cd852a61a9489ba276,QUALITY_COMPOUNDER,Quality Compounder,FROZEN_V2_PROD_1.0,UTIAMC,NSE_EQ|UTIAMC,NSE,EQUITY,CERTIFIED_CLEAN_886,837,2026-10-02T23:52:26.304460+05:30,2026-10-02T23:53:01.129103+05:30,2026-10-02T23:53:01.129103+05:30,2026-10-02T23:53:01.129103+05:30,FULLY_EVALUABLE,REJECTED,False,NONE,False,True,QUALITY_GATE,METRIC_NOT_APPLICABLE_FINANCIAL
e6ec2c47977443cd852a61a9489ba276,QUALITY_COMPOUNDER,Quality Compounder,FROZEN_V2_PROD_1.0,UTLSOLAR,NSE_EQ|UTLSOLAR,NSE,EQUITY,CERTIFIED_CLEAN_886,838,2026-10-02T23:52:26.304460+05:30,2026-10-02T23:53:01.144293+05:30,2026-10-02T23:53:01.144293+05:30,2026-10-02T23:53:01.144293+05:30,STRUCTURAL_INELIGIBLE,BLOCKED,False,NONE,True,True,DATA_GATE,DATA_INSUFFICIENT_QUALITY
e6ec2c47977443cd852a61a9489ba276,QUALITY_COMPOUNDER,Quality Compounder,FROZEN_V2_PROD_1.0,V2RETAIL,NSE_EQ|V2RETAIL,NSE,EQUITY,CERTIFIED_CLEAN_886,839,2026-10-02T23:52:26.304460+05:30,2026-10-02T23:53:01.160200+05:30,2026-10-02T23:53:01.160200+05:30,2026-10-02T23:53:01.160200+05:30,DATA_FAILURE,BLOCKED,False,NONE,True,True,DATA_GATE,DATA_INSUFFICIENT_QUALITY
e6ec2c47977443cd852a61a9489ba276,QUALITY_COMPOUNDER,Quality Compounder,FROZEN_V2_PROD_1.0,VADILALIND,NSE_EQ|VADILALIND,NSE,EQUITY,CERTIFIED_CLEAN_886,840,2026-10-02T23:52:26.304460+05:30,2026-10-02T23:53:01.173189+05:30,2026-10-02T23:53:01.173189+05:30,2026-10-02T23:53:01.173189+05:30,FULLY_EVALUABLE,REJECTED,False,NONE,False,True,VALUATION_GATE,FAIL_VALUATION
e6ec2c47977443cd852a61a9489ba276,QUALITY_COMPOUNDER,Quality Compounder,FROZEN_V2_PROD_1.0,VAIBHAVGBL,NSE_EQ|VAIBHAVGBL,NSE,EQUITY,CERTIFIED_CLEAN_886,841,2026-10-02T23:52:26.304460+05:30,2026-10-02T23:53:01.187210+05:30,2026-10-02T23:53:01.187210+05:30,2026-10-02T23:53:01.187210+05:30,FULLY_EVALUABLE,REJECTED,False,NONE,False,True,QUALITY_GATE,FAIL_SALES_CAGR
e6ec2c47977443cd852a61a9489ba276,QUALITY_COMPOUNDER,Quality Compounder,FROZEN_V2_PROD_1.0,VARROC,NSE_EQ|VARROC,NSE,EQUITY,CERTIFIED_CLEAN_886,842,2026-10-02T23:52:26.304460+05:30,2026-10-02T23:53:01.201827+05:30,2026-10-02T23:53:01.201827+05:30,2026-10-02T23:53:01.201827+05:30,DATA_FAILURE,BLOCKED,False,NONE,True,True,DATA_GATE,DATA_INSUFFICIENT_QUALITY
e6ec2c47977443cd852a61a9489ba276,QUALITY_COMPOUNDER,Quality Compounder,FROZEN_V2_PROD_1.0,VBL,NSE_EQ|VBL,NSE,EQUITY,CERTIFIED_CLEAN_886,843,2026-10-02T23:52:26.304460+05:30,2026-10-02T23:53:01.372323+05:30,2026-10-02T23:53:01.372323+05:30,2026-10-02T23:53:01.372323+05:30,FULLY_EVALUABLE,ALERT_BUY,True,BUY,False,False,NONE,PASS
e6ec2c47977443cd852a61a9489ba276,QUALITY_COMPOUNDER,Quality Compounder,FROZEN_V2_PROD_1.0,VEEDOL,NSE_EQ|VEEDOL,NSE,EQUITY,CERTIFIED_CLEAN_886,844,2026-10-02T23:52:26.304460+05:30,2026-10-02T23:53:01.390751+05:30,2026-10-02T23:53:01.390751+05:30,2026-10-02T23:53:01.390751+05:30,FULLY_EVALUABLE,REJECTED,False,NONE,False,True,QUALITY_GATE,FAIL_LIQUIDITY
e6ec2c47977443cd852a61a9489ba276,QUALITY_COMPOUNDER,Quality Compounder,FROZEN_V2_PROD_1.0,VENKEYS,NSE_EQ|VENKEYS,NSE,EQUITY,CERTIFIED_CLEAN_886,845,2026-10-02T23:52:26.304460+05:30,2026-10-02T23:53:01.408374+05:30,2026-10-02T23:53:01.408374+05:30,2026-10-02T23:53:01.408374+05:30,FULLY_EVALUABLE,REJECTED,False,NONE,False,True,QUALITY_GATE,FAIL_ROCE
e6ec2c47977443cd852a61a9489ba276,QUALITY_COMPOUNDER,Quality Compounder,FROZEN_V2_PROD_1.0,VENTIVE,NSE_EQ|VENTIVE,NSE,EQUITY,CERTIFIED_CLEAN_886,846,2026-10-02T23:52:26.304460+05:30,2026-10-02T23:53:01.424880+05:30,2026-10-02T23:53:01.424880+05:30,2026-10-02T23:53:01.424880+05:30,STRUCTURAL_INELIGIBLE,BLOCKED,False,NONE,True,True,DATA_GATE,FAIL_LIQUIDITY
e6ec2c47977443cd852a61a9489ba276,QUALITY_COMPOUNDER,Quality Compounder,FROZEN_V2_PROD_1.0,VENUSPIPES,NSE_EQ|VENUSPIPES,NSE,EQUITY,CERTIFIED_CLEAN_886,847,2026-10-02T23:52:26.304460+05:30,2026-10-02T23:53:01.458775+05:30,2026-10-02T23:53:01.458775+05:30,2026-10-02T23:53:01.458775+05:30,FULLY_EVALUABLE,REJECTED,False,NONE,False,True,QUALITY_GATE,FAIL_CFO_PAT
e6ec2c47977443cd852a61a9489ba276,QUALITY_COMPOUNDER,Quality Compounder,FROZEN_V2_PROD_1.0,VENUSREM,NSE_EQ|VENUSREM,NSE,EQUITY,CERTIFIED_CLEAN_886,848,2026-10-02T23:52:26.304460+05:30,2026-10-02T23:53:01.471820+05:30,2026-10-02T23:53:01.471820+05:30,2026-10-02T23:53:01.471820+05:30,FULLY_EVALUABLE,REJECTED,False,NONE,False,True,QUALITY_GATE,FAIL_ROCE
e6ec2c47977443cd852a61a9489ba276,QUALITY_COMPOUNDER,Quality Compounder,FROZEN_V2_PROD_1.0,VERANDA,NSE_EQ|VERANDA,NSE,EQUITY,CERTIFIED_CLEAN_886,849,2026-10-02T23:52:26.304460+05:30,2026-10-02T23:53:01.488805+05:30,2026-10-02T23:53:01.488805+05:30,2026-10-02T23:53:01.488805+05:30,DATA_FAILURE,BLOCKED,False,NONE,True,True,DATA_GATE,DATA_INSUFFICIENT_QUALITY
e6ec2c47977443cd852a61a9489ba276,QUALITY_COMPOUNDER,Quality Compounder,FROZEN_V2_PROD_1.0,VERTIS,NSE_EQ|VERTIS,NSE,EQUITY,CERTIFIED_CLEAN_886,850,2026-10-02T23:52:26.304460+05:30,2026-10-02T23:53:01.512546+05:30,2026-10-02T23:53:01.512546+05:30,2026-10-02T23:53:01.512546+05:30,STRUCTURAL_INELIGIBLE,BLOCKED,False,NONE,True,True,DATA_GATE,DATA_INSUFFICIENT_QUALITY
e6ec2c47977443cd852a61a9489ba276,QUALITY_COMPOUNDER,Quality Compounder,FROZEN_V2_PROD_1.0,VESUVIUS,NSE_EQ|VESUVIUS,NSE,EQUITY,CERTIFIED_CLEAN_886,851,2026-10-02T23:52:26.304460+05:30,2026-10-02T23:53:01.523730+05:30,2026-10-02T23:53:01.523730+05:30,2026-10-02T23:53:01.523730+05:30,FULLY_EVALUABLE,REJECTED,False,NONE,False,True,QUALITY_GATE,FAIL_CFO_PAT
e6ec2c47977443cd852a61a9489ba276,QUALITY_COMPOUNDER,Quality Compounder,FROZEN_V2_PROD_1.0,VGUARD,NSE_EQ|VGUARD,NSE,EQUITY,CERTIFIED_CLEAN_886,852,2026-10-02T23:52:26.304460+05:30,2026-10-02T23:53:01.550775+05:30,2026-10-02T23:53:01.550775+05:30,2026-10-02T23:53:01.550775+05:30,FULLY_EVALUABLE,REJECTED,False,NONE,False,True,QUALITY_GATE,FAIL_PAT_CAGR
e6ec2c47977443cd852a61a9489ba276,QUALITY_COMPOUNDER,Quality Compounder,FROZEN_V2_PROD_1.0,VIDHIING,NSE_EQ|VIDHIING,NSE,EQUITY,CERTIFIED_CLEAN_886,853,2026-10-02T23:52:26.304460+05:30,2026-10-02T23:53:01.572832+05:30,2026-10-02T23:53:01.572832+05:30,2026-10-02T23:53:01.572832+05:30,FULLY_EVALUABLE,REJECTED,False,NONE,False,True,QUALITY_GATE,FAIL_LIQUIDITY
e6ec2c47977443cd852a61a9489ba276,QUALITY_COMPOUNDER,Quality Compounder,FROZEN_V2_PROD_1.0,VIJAYA,NSE_EQ|VIJAYA,NSE,EQUITY,CERTIFIED_CLEAN_886,854,2026-10-02T23:52:26.304460+05:30,2026-10-02T23:53:01.582201+05:30,2026-10-02T23:53:01.582201+05:30,2026-10-02T23:53:01.582201+05:30,FULLY_EVALUABLE,REJECTED,False,NONE,False,True,VALUATION_GATE,FAIL_VALUATION
e6ec2c47977443cd852a61a9489ba276,QUALITY_COMPOUNDER,Quality Compounder,FROZEN_V2_PROD_1.0,VIKRAMSOLR,NSE_EQ|VIKRAMSOLR,NSE,EQUITY,CERTIFIED_CLEAN_886,855,2026-10-02T23:52:26.304460+05:30,2026-10-02T23:53:01.652637+05:30,2026-10-02T23:53:01.652637+05:30,2026-10-02T23:53:01.652637+05:30,FULLY_EVALUABLE,ALERT_BUY,True,BUY,False,False,NONE,PASS
e6ec2c47977443cd852a61a9489ba276,QUALITY_COMPOUNDER,Quality Compounder,FROZEN_V2_PROD_1.0,VIMTALABS,NSE_EQ|VIMTALABS,NSE,EQUITY,CERTIFIED_CLEAN_886,856,2026-10-02T23:52:26.304460+05:30,2026-10-02T23:53:01.692336+05:30,2026-10-02T23:53:01.692336+05:30,2026-10-02T23:53:01.692336+05:30,DATA_FAILURE,BLOCKED,False,NONE,True,True,DATA_GATE,DATA_INSUFFICIENT_QUALITY
e6ec2c47977443cd852a61a9489ba276,QUALITY_COMPOUNDER,Quality Compounder,FROZEN_V2_PROD_1.0,VINATIORGA,NSE_EQ|VINATIORGA,NSE,EQUITY,CERTIFIED_CLEAN_886,857,2026-10-02T23:52:26.304460+05:30,2026-10-02T23:53:02.092061+05:30,2026-10-02T23:53:02.092061+05:30,2026-10-02T23:53:02.092061+05:30,FULLY_EVALUABLE,ALERT_BUY,True,BUY,False,False,NONE,PASS
e6ec2c47977443cd852a61a9489ba276,QUALITY_COMPOUNDER,Quality Compounder,FROZEN_V2_PROD_1.0,VINCOFE,NSE_EQ|VINCOFE,NSE,EQUITY,CERTIFIED_CLEAN_886,858,2026-10-02T23:52:26.304460+05:30,2026-10-02T23:53:02.112247+05:30,2026-10-02T23:53:02.112247+05:30,2026-10-02T23:53:02.112247+05:30,DATA_FAILURE,BLOCKED,False,NONE,True,True,DATA_GATE,DATA_INSUFFICIENT_QUALITY
e6ec2c47977443cd852a61a9489ba276,QUALITY_COMPOUNDER,Quality Compounder,FROZEN_V2_PROD_1.0,VINYAS,NSE_EQ|VINYAS,NSE,EQUITY,CERTIFIED_CLEAN_886,859,2026-10-02T23:52:26.304460+05:30,2026-10-02T23:53:02.129505+05:30,2026-10-02T23:53:02.129505+05:30,2026-10-02T23:53:02.129505+05:30,STRUCTURAL_INELIGIBLE,BLOCKED,False,NONE,True,True,DATA_GATE,FAIL_LIQUIDITY
e6ec2c47977443cd852a61a9489ba276,QUALITY_COMPOUNDER,Quality Compounder,FROZEN_V2_PROD_1.0,VISHNU,NSE_EQ|VISHNU,NSE,EQUITY,CERTIFIED_CLEAN_886,860,2026-10-02T23:52:26.304460+05:30,2026-10-02T23:53:02.141315+05:30,2026-10-02T23:53:02.141315+05:30,2026-10-02T23:53:02.141315+05:30,FULLY_EVALUABLE,REJECTED,False,NONE,False,True,VALUATION_GATE,FAIL_VALUATION
e6ec2c47977443cd852a61a9489ba276,QUALITY_COMPOUNDER,Quality Compounder,FROZEN_V2_PROD_1.0,VIYASH,NSE_EQ|VIYASH,NSE,EQUITY,CERTIFIED_CLEAN_886,861,2026-10-02T23:52:26.304460+05:30,2026-10-02T23:53:02.154748+05:30,2026-10-02T23:53:02.154748+05:30,2026-10-02T23:53:02.154748+05:30,FULLY_EVALUABLE,REJECTED,False,NONE,False,True,QUALITY_GATE,FAIL_ROCE
e6ec2c47977443cd852a61a9489ba276,QUALITY_COMPOUNDER,Quality Compounder,FROZEN_V2_PROD_1.0,VMARCIND,NSE_EQ|VMARCIND,NSE,EQUITY,CERTIFIED_CLEAN_886,862,2026-10-02T23:52:26.304460+05:30,2026-10-02T23:53:02.169426+05:30,2026-10-02T23:53:02.169426+05:30,2026-10-02T23:53:02.169426+05:30,DATA_FAILURE,BLOCKED,False,NONE,True,True,DATA_GATE,FAIL_UNIVERSE_MARKET_CAP
e6ec2c47977443cd852a61a9489ba276,QUALITY_COMPOUNDER,Quality Compounder,FROZEN_V2_PROD_1.0,VMART,NSE_EQ|VMART,NSE,EQUITY,CERTIFIED_CLEAN_886,863,2026-10-02T23:52:26.304460+05:30,2026-10-02T23:53:02.183467+05:30,2026-10-02T23:53:02.183467+05:30,2026-10-02T23:53:02.183467+05:30,DATA_FAILURE,BLOCKED,False,NONE,True,True,DATA_GATE,DATA_INSUFFICIENT_QUALITY
e6ec2c47977443cd852a61a9489ba276,QUALITY_COMPOUNDER,Quality Compounder,FROZEN_V2_PROD_1.0,VMM,NSE_EQ|VMM,NSE,EQUITY,CERTIFIED_CLEAN_886,864,2026-10-02T23:52:26.304460+05:30,2026-10-02T23:53:02.194195+05:30,2026-10-02T23:53:02.194195+05:30,2026-10-02T23:53:02.194195+05:30,FULLY_EVALUABLE,REJECTED,False,NONE,False,True,QUALITY_GATE,FAIL_ROCE
e6ec2c47977443cd852a61a9489ba276,QUALITY_COMPOUNDER,Quality Compounder,FROZEN_V2_PROD_1.0,VOLTAMP,NSE_EQ|VOLTAMP,NSE,EQUITY,CERTIFIED_CLEAN_886,865,2026-10-02T23:52:26.304460+05:30,2026-10-02T23:53:02.230666+05:30,2026-10-02T23:53:02.230666+05:30,2026-10-02T23:53:02.230666+05:30,FULLY_EVALUABLE,REJECTED,False,NONE,False,True,QUALITY_GATE,FAIL_CFO_PAT
e6ec2c47977443cd852a61a9489ba276,QUALITY_COMPOUNDER,Quality Compounder,FROZEN_V2_PROD_1.0,VSSL,NSE_EQ|VSSL,NSE,EQUITY,CERTIFIED_CLEAN_886,866,2026-10-02T23:52:26.304460+05:30,2026-10-02T23:53:02.247953+05:30,2026-10-02T23:53:02.247953+05:30,2026-10-02T23:53:02.247953+05:30,DATA_FAILURE,BLOCKED,False,NONE,True,True,DATA_GATE,DATA_INSUFFICIENT_QUALITY
e6ec2c47977443cd852a61a9489ba276,QUALITY_COMPOUNDER,Quality Compounder,FROZEN_V2_PROD_1.0,VSTIND,NSE_EQ|VSTIND,NSE,EQUITY,CERTIFIED_CLEAN_886,867,2026-10-02T23:52:26.304460+05:30,2026-10-02T23:53:02.266270+05:30,2026-10-02T23:53:02.266270+05:30,2026-10-02T23:53:02.266270+05:30,FULLY_EVALUABLE,REJECTED,False,NONE,False,True,QUALITY_GATE,FAIL_SALES_CAGR
e6ec2c47977443cd852a61a9489ba276,QUALITY_COMPOUNDER,Quality Compounder,FROZEN_V2_PROD_1.0,VSTTILLERS,NSE_EQ|VSTTILLERS,NSE,EQUITY,CERTIFIED_CLEAN_886,868,2026-10-02T23:52:26.304460+05:30,2026-10-02T23:53:02.283715+05:30,2026-10-02T23:53:02.283715+05:30,2026-10-02T23:53:02.283715+05:30,DATA_FAILURE,BLOCKED,False,NONE,True,True,DATA_GATE,DATA_INSUFFICIENT_QUALITY
e6ec2c47977443cd852a61a9489ba276,QUALITY_COMPOUNDER,Quality Compounder,FROZEN_V2_PROD_1.0,WAAREEENER,NSE_EQ|WAAREEENER,NSE,EQUITY,CERTIFIED_CLEAN_886,869,2026-10-02T23:52:26.304460+05:30,2026-10-02T23:53:02.397937+05:30,2026-10-02T23:53:02.397937+05:30,2026-10-02T23:53:02.397937+05:30,FULLY_EVALUABLE,ALERT_BUY,True,BUY,False,False,NONE,PASS
e6ec2c47977443cd852a61a9489ba276,QUALITY_COMPOUNDER,Quality Compounder,FROZEN_V2_PROD_1.0,WAAREEINDO,NSE_EQ|WAAREEINDO,NSE,EQUITY,CERTIFIED_CLEAN_886,870,2026-10-02T23:52:26.304460+05:30,2026-10-02T23:53:02.425795+05:30,2026-10-02T23:53:02.425795+05:30,2026-10-02T23:53:02.425795+05:30,DATA_FAILURE,BLOCKED,False,NONE,True,True,DATA_GATE,FAIL_UNIVERSE_MARKET_CAP
e6ec2c47977443cd852a61a9489ba276,QUALITY_COMPOUNDER,Quality Compounder,FROZEN_V2_PROD_1.0,WAAREERTL,NSE_EQ|WAAREERTL,NSE,EQUITY,CERTIFIED_CLEAN_886,871,2026-10-02T23:52:26.304460+05:30,2026-10-02T23:53:02.443748+05:30,2026-10-02T23:53:02.443748+05:30,2026-10-02T23:53:02.443748+05:30,DATA_FAILURE,BLOCKED,False,NONE,True,True,DATA_GATE,DATA_INSUFFICIENT_QUALITY
e6ec2c47977443cd852a61a9489ba276,QUALITY_COMPOUNDER,Quality Compounder,FROZEN_V2_PROD_1.0,WABAG,NSE_EQ|WABAG,NSE,EQUITY,CERTIFIED_CLEAN_886,872,2026-10-02T23:52:26.304460+05:30,2026-10-02T23:53:02.462281+05:30,2026-10-02T23:53:02.462281+05:30,2026-10-02T23:53:02.462281+05:30,FULLY_EVALUABLE,REJECTED,False,NONE,False,True,QUALITY_GATE,FAIL_SALES_CAGR
e6ec2c47977443cd852a61a9489ba276,QUALITY_COMPOUNDER,Quality Compounder,FROZEN_V2_PROD_1.0,WEBELSOLAR,NSE_EQ|WEBELSOLAR,NSE,EQUITY,CERTIFIED_CLEAN_886,873,2026-10-02T23:52:26.304460+05:30,2026-10-02T23:53:02.495901+05:30,2026-10-02T23:53:02.495901+05:30,2026-10-02T23:53:02.495901+05:30,DATA_FAILURE,BLOCKED,False,NONE,True,True,DATA_GATE,DATA_INSUFFICIENT_QUALITY
e6ec2c47977443cd852a61a9489ba276,QUALITY_COMPOUNDER,Quality Compounder,FROZEN_V2_PROD_1.0,WELCORP,NSE_EQ|WELCORP,NSE,EQUITY,CERTIFIED_CLEAN_886,874,2026-10-02T23:52:26.304460+05:30,2026-10-02T23:53:02.513047+05:30,2026-10-02T23:53:02.513047+05:30,2026-10-02T23:53:02.513047+05:30,FULLY_EVALUABLE,REJECTED,False,NONE,False,True,VALUATION_GATE,FAIL_VALUATION
e6ec2c47977443cd852a61a9489ba276,QUALITY_COMPOUNDER,Quality Compounder,FROZEN_V2_PROD_1.0,WELENT,NSE_EQ|WELENT,NSE,EQUITY,CERTIFIED_CLEAN_886,875,2026-10-02T23:52:26.304460+05:30,2026-10-02T23:53:02.526551+05:30,2026-10-02T23:53:02.526551+05:30,2026-10-02T23:53:02.526551+05:30,FULLY_EVALUABLE,REJECTED,False,NONE,False,True,QUALITY_GATE,FAIL_ROCE
e6ec2c47977443cd852a61a9489ba276,QUALITY_COMPOUNDER,Quality Compounder,FROZEN_V2_PROD_1.0,WHEELS,NSE_EQ|WHEELS,NSE,EQUITY,CERTIFIED_CLEAN_886,876,2026-10-02T23:52:26.304460+05:30,2026-10-02T23:53:02.540302+05:30,2026-10-02T23:53:02.540302+05:30,2026-10-02T23:53:02.540302+05:30,DATA_FAILURE,BLOCKED,False,NONE,True,True,DATA_GATE,DATA_INSUFFICIENT_QUALITY
e6ec2c47977443cd852a61a9489ba276,QUALITY_COMPOUNDER,Quality Compounder,FROZEN_V2_PROD_1.0,WINDLAS,NSE_EQ|WINDLAS,NSE,EQUITY,CERTIFIED_CLEAN_886,877,2026-10-02T23:52:26.304460+05:30,2026-10-02T23:53:02.555099+05:30,2026-10-02T23:53:02.555099+05:30,2026-10-02T23:53:02.555099+05:30,FULLY_EVALUABLE,REJECTED,False,NONE,False,True,VALUATION_GATE,FAIL_VALUATION
e6ec2c47977443cd852a61a9489ba276,QUALITY_COMPOUNDER,Quality Compounder,FROZEN_V2_PROD_1.0,WIPRO,NSE_EQ|WIPRO,NSE,EQUITY,CERTIFIED_CLEAN_886,878,2026-10-02T23:52:26.304460+05:30,2026-10-02T23:53:02.568455+05:30,2026-10-02T23:53:02.568455+05:30,2026-10-02T23:53:02.568455+05:30,FULLY_EVALUABLE,REJECTED,False,NONE,False,True,QUALITY_GATE,FAIL_SALES_CAGR
e6ec2c47977443cd852a61a9489ba276,QUALITY_COMPOUNDER,Quality Compounder,FROZEN_V2_PROD_1.0,WPIL,NSE_EQ|WPIL,NSE,EQUITY,CERTIFIED_CLEAN_886,879,2026-10-02T23:52:26.304460+05:30,2026-10-02T23:53:02.579029+05:30,2026-10-02T23:53:02.579029+05:30,2026-10-02T23:53:02.579029+05:30,FULLY_EVALUABLE,REJECTED,False,NONE,False,True,QUALITY_GATE,FAIL_CFO_PAT
e6ec2c47977443cd852a61a9489ba276,QUALITY_COMPOUNDER,Quality Compounder,FROZEN_V2_PROD_1.0,YATHARTH,NSE_EQ|YATHARTH,NSE,EQUITY,CERTIFIED_CLEAN_886,880,2026-10-02T23:52:26.304460+05:30,2026-10-02T23:53:02.591041+05:30,2026-10-02T23:53:02.591041+05:30,2026-10-02T23:53:02.591041+05:30,FULLY_EVALUABLE,REJECTED,False,NONE,False,True,VALUATION_GATE,FAIL_VALUATION
e6ec2c47977443cd852a61a9489ba276,QUALITY_COMPOUNDER,Quality Compounder,FROZEN_V2_PROD_1.0,ZAGGLE,NSE_EQ|ZAGGLE,NSE,EQUITY,CERTIFIED_CLEAN_886,881,2026-10-02T23:52:26.304460+05:30,2026-10-02T23:53:02.608791+05:30,2026-10-02T23:53:02.608791+05:30,2026-10-02T23:53:02.608791+05:30,STRUCTURAL_INELIGIBLE,BLOCKED,False,NONE,True,True,DATA_GATE,DATA_INSUFFICIENT_QUALITY
e6ec2c47977443cd852a61a9489ba276,QUALITY_COMPOUNDER,Quality Compounder,FROZEN_V2_PROD_1.0,ZENSARTECH,NSE_EQ|ZENSARTECH,NSE,EQUITY,CERTIFIED_CLEAN_886,882,2026-10-02T23:52:26.304460+05:30,2026-10-02T23:53:02.623218+05:30,2026-10-02T23:53:02.623218+05:30,2026-10-02T23:53:02.623218+05:30,FULLY_EVALUABLE,REJECTED,False,NONE,False,True,QUALITY_GATE,FAIL_SALES_CAGR
e6ec2c47977443cd852a61a9489ba276,QUALITY_COMPOUNDER,Quality Compounder,FROZEN_V2_PROD_1.0,ZENTEC,NSE_EQ|ZENTEC,NSE,EQUITY,CERTIFIED_CLEAN_886,883,2026-10-02T23:52:26.304460+05:30,2026-10-02T23:53:02.635190+05:30,2026-10-02T23:53:02.635190+05:30,2026-10-02T23:53:02.635190+05:30,FULLY_EVALUABLE,REJECTED,False,NONE,False,True,QUALITY_GATE,FAIL_CFO_PAT
e6ec2c47977443cd852a61a9489ba276,QUALITY_COMPOUNDER,Quality Compounder,FROZEN_V2_PROD_1.0,ZFCVINDIA,NSE_EQ|ZFCVINDIA,NSE,EQUITY,CERTIFIED_CLEAN_886,884,2026-10-02T23:52:26.304460+05:30,2026-10-02T23:53:02.648295+05:30,2026-10-02T23:53:02.648295+05:30,2026-10-02T23:53:02.648295+05:30,DATA_FAILURE,BLOCKED,False,NONE,True,True,DATA_GATE,DATA_INSUFFICIENT_QUALITY
e6ec2c47977443cd852a61a9489ba276,QUALITY_COMPOUNDER,Quality Compounder,FROZEN_V2_PROD_1.0,ZSARACOM,NSE_EQ|ZSARACOM,NSE,EQUITY,CERTIFIED_CLEAN_886,885,2026-10-02T23:52:26.304460+05:30,2026-10-02T23:53:02.660328+05:30,2026-10-02T23:53:02.660328+05:30,2026-10-02T23:53:02.660328+05:30,FULLY_EVALUABLE,REJECTED,False,NONE,False,True,QUALITY_GATE,METRIC_NOT_APPLICABLE_FINANCIAL
e6ec2c47977443cd852a61a9489ba276,QUALITY_COMPOUNDER,Quality Compounder,FROZEN_V2_PROD_1.0,ZYDUSLIFE,NSE_EQ|ZYDUSLIFE,NSE,EQUITY,CERTIFIED_CLEAN_886,886,2026-10-02T23:52:26.304460+05:30,2026-10-02T23:53:02.671470+05:30,2026-10-02T23:53:02.671470+05:30,2026-10-02T23:53:02.671470+05:30,FULLY_EVALUABLE,REJECTED,False,NONE,False,True,VALUATION_GATE,FAIL_VALUATION
