symbol,variant_id,scan_date,partition,regime,entry_price,stop_loss,target_1,signal_rr,score,thrust_atr,ext_pct,realized_rr,exit_reason,exit_date,holding_period_bars,max_favorable_excursion_r,max_adverse_excursion_r,r1_hit_before_sl,r1_5_hit_before_sl,r2_hit_before_sl,post_sl_recovered_entry,post_sl_recovered_t1,post_sl_max_recovery_r
ADANIENSOL,EOD_CHAMPION_V1,2025-10-29,DEV,BULL,967.55,921.74,1059.17,2.0,85.0,0.37,0.89,0.37,EXPIRED_POS,2025-11-27,20,1.8,0.49,1,1,0,0,0,0.0
ADANIENSOL,EOD_CHALL_B_SCORE80,2025-10-29,DEV,BULL,967.55,921.74,1059.17,2.0,85.0,0.37,0.89,0.37,EXPIRED_POS,2025-11-27,20,1.8,0.49,1,1,0,0,0,0.0
ADANIENSOL,EOD_CHALL_C_EXTENSION,2025-10-29,DEV,BULL,967.55,921.74,1059.17,2.0,85.0,0.37,0.89,0.37,EXPIRED_POS,2025-11-27,20,1.8,0.49,1,1,0,0,0,0.0
ADANIENSOL,EOD_CHALL_D_THRUST_030,2025-10-29,DEV,BULL,967.55,921.74,1059.17,2.0,85.0,0.37,0.89,0.37,EXPIRED_POS,2025-11-27,20,1.8,0.49,1,1,0,0,0,0.0
ADANIENSOL,EOD_CHALL_E_COMBINED,2025-10-29,DEV,BULL,967.55,921.74,1059.17,2.0,85.0,0.37,0.89,0.37,EXPIRED_POS,2025-11-27,20,1.8,0.49,1,1,0,0,0,0.0
ADANIENSOL,EOD_CHALL_F_CALIBRATED_SCORE,2025-10-29,DEV,BULL,967.55,921.74,1059.17,2.0,85.0,0.37,0.89,0.37,EXPIRED_POS,2025-11-27,20,1.8,0.49,1,1,0,0,0,0.0
ADANIENSOL,EOD_CHALL_G_SWEET_SPOT,2025-10-29,DEV,BULL,967.55,921.74,1059.17,2.0,85.0,0.37,0.89,0.37,EXPIRED_POS,2025-11-27,20,1.8,0.49,1,1,0,0,0,0.0
ADANIENSOL,EOD_CHALL_I_MONOTONIC_RUBRIC,2025-10-29,DEV,BULL,967.55,921.74,1059.17,2.0,90.0,0.37,0.89,0.37,EXPIRED_POS,2025-11-27,20,1.8,0.49,1,1,0,0,0,0.0
DATAMATICS,EOD_CHAMPION_V1,2025-10-29,DEV,BULL,969.7,911.58,1085.94,2.0,85.0,1.38,4.3,-1.0,SL_HIT,2025-11-03,3,0.69,1.16,0,0,0,0,0,-0.41
DATAMATICS,EOD_CHALL_A_THRUST,2025-10-29,DEV,BULL,969.7,911.58,1085.94,2.0,85.0,1.38,4.3,-1.0,SL_HIT,2025-11-03,3,0.69,1.16,0,0,0,0,0,-0.41
DATAMATICS,EOD_CHALL_B_SCORE80,2025-10-29,DEV,BULL,969.7,911.58,1085.94,2.0,85.0,1.38,4.3,-1.0,SL_HIT,2025-11-03,3,0.69,1.16,0,0,0,0,0,-0.41
DATAMATICS,EOD_CHALL_D_THRUST_030,2025-10-29,DEV,BULL,969.7,911.58,1085.94,2.0,85.0,1.38,4.3,-1.0,SL_HIT,2025-11-03,3,0.69,1.16,0,0,0,0,0,-0.41
DATAMATICS,EOD_CHALL_F_CALIBRATED_SCORE,2025-10-29,DEV,BULL,969.7,911.58,1085.94,2.0,70.0,1.38,4.3,-1.0,SL_HIT,2025-11-03,3,0.69,1.16,0,0,0,0,0,-0.41
GPPL,EOD_CHAMPION_V1,2025-10-29,DEV,BULL,161.02,153.54,175.98,2.0,100.0,0.29,0.68,2.0,T1_HIT,2025-11-07,6,2.2,0.58,1,1,1,0,0,0.0
GPPL,EOD_CHALL_B_SCORE80,2025-10-29,DEV,BULL,161.02,153.54,175.98,2.0,100.0,0.29,0.68,2.0,T1_HIT,2025-11-07,6,2.2,0.58,1,1,1,0,0,0.0
GPPL,EOD_CHALL_C_EXTENSION,2025-10-29,DEV,BULL,161.02,153.54,175.98,2.0,100.0,0.29,0.68,2.0,T1_HIT,2025-11-07,6,2.2,0.58,1,1,1,0,0,0.0
GPPL,EOD_CHALL_F_CALIBRATED_SCORE,2025-10-29,DEV,BULL,161.02,153.54,175.98,2.0,100.0,0.29,0.68,2.0,T1_HIT,2025-11-07,6,2.2,0.58,1,1,1,0,0,0.0
GPPL,EOD_CHALL_G_SWEET_SPOT,2025-10-29,DEV,BULL,161.02,153.54,175.98,2.0,100.0,0.29,0.68,2.0,T1_HIT,2025-11-07,6,2.2,0.58,1,1,1,0,0,0.0
GPPL,EOD_CHALL_I_MONOTONIC_RUBRIC,2025-10-29,DEV,BULL,161.02,153.54,175.98,2.0,100.0,0.29,0.68,2.0,T1_HIT,2025-11-07,6,2.2,0.58,1,1,1,0,0,0.0
HSCL,EOD_CHAMPION_V1,2025-10-29,DEV,BULL,485.09,461.04,533.19,2.0,85.0,0.62,1.56,-1.0,SL_HIT,2025-11-04,4,0.36,1.03,0,0,0,0,0,-0.86
HSCL,EOD_CHALL_A_THRUST,2025-10-29,DEV,BULL,485.09,461.04,533.19,2.0,85.0,0.62,1.56,-1.0,SL_HIT,2025-11-04,4,0.36,1.03,0,0,0,0,0,-0.86
HSCL,EOD_CHALL_B_SCORE80,2025-10-29,DEV,BULL,485.09,461.04,533.19,2.0,85.0,0.62,1.56,-1.0,SL_HIT,2025-11-04,4,0.36,1.03,0,0,0,0,0,-0.86
HSCL,EOD_CHALL_C_EXTENSION,2025-10-29,DEV,BULL,485.09,461.04,533.19,2.0,85.0,0.62,1.56,-1.0,SL_HIT,2025-11-04,4,0.36,1.03,0,0,0,0,0,-0.86
HSCL,EOD_CHALL_D_THRUST_030,2025-10-29,DEV,BULL,485.09,461.04,533.19,2.0,85.0,0.62,1.56,-1.0,SL_HIT,2025-11-04,4,0.36,1.03,0,0,0,0,0,-0.86
HSCL,EOD_CHALL_E_COMBINED,2025-10-29,DEV,BULL,485.09,461.04,533.19,2.0,85.0,0.62,1.56,-1.0,SL_HIT,2025-11-04,4,0.36,1.03,0,0,0,0,0,-0.86
HSCL,EOD_CHALL_F_CALIBRATED_SCORE,2025-10-29,DEV,BULL,485.09,461.04,533.19,2.0,85.0,0.62,1.56,-1.0,SL_HIT,2025-11-04,4,0.36,1.03,0,0,0,0,0,-0.86
HSCL,EOD_CHALL_G_SWEET_SPOT,2025-10-29,DEV,BULL,485.09,461.04,533.19,2.0,85.0,0.62,1.56,-1.0,SL_HIT,2025-11-04,4,0.36,1.03,0,0,0,0,0,-0.86
HSCL,EOD_CHALL_H_THRUST_CALIBRATED,2025-10-29,DEV,BULL,485.09,461.04,533.19,2.0,85.0,0.62,1.56,-1.0,SL_HIT,2025-11-04,4,0.36,1.03,0,0,0,0,0,-0.86
HSCL,EOD_CHALL_I_MONOTONIC_RUBRIC,2025-10-29,DEV,BULL,485.09,461.04,533.19,2.0,90.0,0.62,1.56,-1.0,SL_HIT,2025-11-04,4,0.36,1.03,0,0,0,0,0,-0.86
IOC,EOD_CHAMPION_V1,2025-10-29,DEV,BULL,156.27,150.01,168.79,2.0,85.0,1.72,3.56,0.11,EXPIRED_POS,2025-11-27,20,1.75,0.14,1,1,0,0,0,0.0
IOC,EOD_CHALL_A_THRUST,2025-10-29,DEV,BULL,156.27,150.01,168.79,2.0,85.0,1.72,3.56,0.11,EXPIRED_POS,2025-11-27,20,1.75,0.14,1,1,0,0,0,0.0
IOC,EOD_CHALL_B_SCORE80,2025-10-29,DEV,BULL,156.27,150.01,168.79,2.0,85.0,1.72,3.56,0.11,EXPIRED_POS,2025-11-27,20,1.75,0.14,1,1,0,0,0,0.0
IOC,EOD_CHALL_D_THRUST_030,2025-10-29,DEV,BULL,156.27,150.01,168.79,2.0,85.0,1.72,3.56,0.11,EXPIRED_POS,2025-11-27,20,1.75,0.14,1,1,0,0,0,0.0
IOC,EOD_CHALL_F_CALIBRATED_SCORE,2025-10-29,DEV,BULL,156.27,150.01,168.79,2.0,70.0,1.72,3.56,0.11,EXPIRED_POS,2025-11-27,20,1.75,0.14,1,1,0,0,0,0.0
KPIGREEN,EOD_CHAMPION_V1,2025-10-29,DEV,BULL,531.16,503.44,586.6,2.0,85.0,0.46,1.29,-1.0,SL_HIT,2025-11-07,6,0.38,1.39,0,0,0,0,0,-0.58
KPIGREEN,EOD_CHALL_B_SCORE80,2025-10-29,DEV,BULL,531.16,503.44,586.6,2.0,85.0,0.46,1.29,-1.0,SL_HIT,2025-11-07,6,0.38,1.39,0,0,0,0,0,-0.58
KPIGREEN,EOD_CHALL_C_EXTENSION,2025-10-29,DEV,BULL,531.16,503.44,586.6,2.0,85.0,0.46,1.29,-1.0,SL_HIT,2025-11-07,6,0.38,1.39,0,0,0,0,0,-0.58
KPIGREEN,EOD_CHALL_D_THRUST_030,2025-10-29,DEV,BULL,531.16,503.44,586.6,2.0,85.0,0.46,1.29,-1.0,SL_HIT,2025-11-07,6,0.38,1.39,0,0,0,0,0,-0.58
KPIGREEN,EOD_CHALL_E_COMBINED,2025-10-29,DEV,BULL,531.16,503.44,586.6,2.0,85.0,0.46,1.29,-1.0,SL_HIT,2025-11-07,6,0.38,1.39,0,0,0,0,0,-0.58
KPIGREEN,EOD_CHALL_F_CALIBRATED_SCORE,2025-10-29,DEV,BULL,531.16,503.44,586.6,2.0,85.0,0.46,1.29,-1.0,SL_HIT,2025-11-07,6,0.38,1.39,0,0,0,0,0,-0.58
KPIGREEN,EOD_CHALL_G_SWEET_SPOT,2025-10-29,DEV,BULL,531.16,503.44,586.6,2.0,85.0,0.46,1.29,-1.0,SL_HIT,2025-11-07,6,0.38,1.39,0,0,0,0,0,-0.58
KPIGREEN,EOD_CHALL_H_THRUST_CALIBRATED,2025-10-29,DEV,BULL,531.16,503.44,586.6,2.0,85.0,0.46,1.29,-1.0,SL_HIT,2025-11-07,6,0.38,1.39,0,0,0,0,0,-0.58
KPIGREEN,EOD_CHALL_I_MONOTONIC_RUBRIC,2025-10-29,DEV,BULL,531.16,503.44,586.6,2.0,90.0,0.46,1.29,-1.0,SL_HIT,2025-11-07,6,0.38,1.39,0,0,0,0,0,-0.58
MAYURUNIQ,EOD_CHAMPION_V1,2025-10-29,DEV,NEUTRAL,524.4,496.99,579.22,2.0,85.0,0.51,1.36,-1.0,SL_HIT,2025-11-20,15,1.48,1.07,1,0,0,0,0,-0.47
MAYURUNIQ,EOD_CHALL_A_THRUST,2025-10-29,DEV,NEUTRAL,524.4,496.99,579.22,2.0,85.0,0.51,1.36,-1.0,SL_HIT,2025-11-20,15,1.48,1.07,1,0,0,0,0,-0.47
MAYURUNIQ,EOD_CHALL_B_SCORE80,2025-10-29,DEV,NEUTRAL,524.4,496.99,579.22,2.0,85.0,0.51,1.36,-1.0,SL_HIT,2025-11-20,15,1.48,1.07,1,0,0,0,0,-0.47
MAYURUNIQ,EOD_CHALL_C_EXTENSION,2025-10-29,DEV,NEUTRAL,524.4,496.99,579.22,2.0,85.0,0.51,1.36,-1.0,SL_HIT,2025-11-20,15,1.48,1.07,1,0,0,0,0,-0.47
MAYURUNIQ,EOD_CHALL_D_THRUST_030,2025-10-29,DEV,NEUTRAL,524.4,496.99,579.22,2.0,85.0,0.51,1.36,-1.0,SL_HIT,2025-11-20,15,1.48,1.07,1,0,0,0,0,-0.47
MAYURUNIQ,EOD_CHALL_E_COMBINED,2025-10-29,DEV,NEUTRAL,524.4,496.99,579.22,2.0,85.0,0.51,1.36,-1.0,SL_HIT,2025-11-20,15,1.48,1.07,1,0,0,0,0,-0.47
MAYURUNIQ,EOD_CHALL_F_CALIBRATED_SCORE,2025-10-29,DEV,NEUTRAL,524.4,496.99,579.22,2.0,85.0,0.51,1.36,-1.0,SL_HIT,2025-11-20,15,1.48,1.07,1,0,0,0,0,-0.47
MAYURUNIQ,EOD_CHALL_G_SWEET_SPOT,2025-10-29,DEV,NEUTRAL,524.4,496.99,579.22,2.0,85.0,0.51,1.36,-1.0,SL_HIT,2025-11-20,15,1.48,1.07,1,0,0,0,0,-0.47
MAYURUNIQ,EOD_CHALL_H_THRUST_CALIBRATED,2025-10-29,DEV,NEUTRAL,524.4,496.99,579.22,2.0,85.0,0.51,1.36,-1.0,SL_HIT,2025-11-20,15,1.48,1.07,1,0,0,0,0,-0.47
MAYURUNIQ,EOD_CHALL_I_MONOTONIC_RUBRIC,2025-10-29,DEV,NEUTRAL,524.4,496.99,579.22,2.0,90.0,0.51,1.36,-1.0,SL_HIT,2025-11-20,15,1.48,1.07,1,0,0,0,0,-0.47
RECLTD,EOD_CHAMPION_V1,2025-10-29,DEV,BULL,377.25,363.24,405.27,2.0,90.0,0.01,0.02,-1.0,SL_HIT,2025-11-04,4,0.14,1.08,0,0,0,0,0,-0.9
RECLTD,EOD_CHALL_B_SCORE80,2025-10-29,DEV,BULL,377.25,363.24,405.27,2.0,90.0,0.01,0.02,-1.0,SL_HIT,2025-11-04,4,0.14,1.08,0,0,0,0,0,-0.9
RECLTD,EOD_CHALL_C_EXTENSION,2025-10-29,DEV,BULL,377.25,363.24,405.27,2.0,90.0,0.01,0.02,-1.0,SL_HIT,2025-11-04,4,0.14,1.08,0,0,0,0,0,-0.9
RECLTD,EOD_CHALL_F_CALIBRATED_SCORE,2025-10-29,DEV,BULL,377.25,363.24,405.27,2.0,90.0,0.01,0.02,-1.0,SL_HIT,2025-11-04,4,0.14,1.08,0,0,0,0,0,-0.9
RECLTD,EOD_CHALL_G_SWEET_SPOT,2025-10-29,DEV,BULL,377.25,363.24,405.27,2.0,90.0,0.01,0.02,-1.0,SL_HIT,2025-11-04,4,0.14,1.08,0,0,0,0,0,-0.9
RECLTD,EOD_CHALL_I_MONOTONIC_RUBRIC,2025-10-29,DEV,BULL,377.25,363.24,405.27,2.0,95.0,0.01,0.02,-1.0,SL_HIT,2025-11-04,4,0.14,1.08,0,0,0,0,0,-0.9
RRKABEL,EOD_CHAMPION_V1,2025-10-29,DEV,BULL,1417.85,1355.88,1541.79,2.0,75.0,0.15,0.39,-1.0,SL_HIT,2025-11-07,6,1.58,1.1,1,1,0,1,0,0.11
RRKABEL,EOD_CHALL_C_EXTENSION,2025-10-29,DEV,BULL,1417.85,1355.88,1541.79,2.0,75.0,0.15,0.39,-1.0,SL_HIT,2025-11-07,6,1.58,1.1,1,1,0,1,0,0.11
RRKABEL,EOD_CHALL_F_CALIBRATED_SCORE,2025-10-29,DEV,BULL,1417.85,1355.88,1541.79,2.0,75.0,0.15,0.39,-1.0,SL_HIT,2025-11-07,6,1.58,1.1,1,1,0,1,0,0.11
RRKABEL,EOD_CHALL_G_SWEET_SPOT,2025-10-29,DEV,BULL,1417.85,1355.88,1541.79,2.0,75.0,0.15,0.39,-1.0,SL_HIT,2025-11-07,6,1.58,1.1,1,1,0,1,0,0.11
RRKABEL,EOD_CHALL_I_MONOTONIC_RUBRIC,2025-10-29,DEV,BULL,1417.85,1355.88,1541.79,2.0,80.0,0.15,0.39,-1.0,SL_HIT,2025-11-07,6,1.58,1.1,1,1,0,1,0,0.11
SHRIRAMFIN,EOD_CHAMPION_V1,2025-10-29,DEV,BULL,729.85,698.85,791.85,2.0,100.0,0.52,1.12,2.0,T1_HIT,2025-11-04,4,2.41,0.37,1,1,1,0,0,0.0
SHRIRAMFIN,EOD_CHALL_A_THRUST,2025-10-29,DEV,BULL,729.85,698.85,791.85,2.0,100.0,0.52,1.12,2.0,T1_HIT,2025-11-04,4,2.41,0.37,1,1,1,0,0,0.0
SHRIRAMFIN,EOD_CHALL_B_SCORE80,2025-10-29,DEV,BULL,729.85,698.85,791.85,2.0,100.0,0.52,1.12,2.0,T1_HIT,2025-11-04,4,2.41,0.37,1,1,1,0,0,0.0
SHRIRAMFIN,EOD_CHALL_C_EXTENSION,2025-10-29,DEV,BULL,729.85,698.85,791.85,2.0,100.0,0.52,1.12,2.0,T1_HIT,2025-11-04,4,2.41,0.37,1,1,1,0,0,0.0
SHRIRAMFIN,EOD_CHALL_D_THRUST_030,2025-10-29,DEV,BULL,729.85,698.85,791.85,2.0,100.0,0.52,1.12,2.0,T1_HIT,2025-11-04,4,2.41,0.37,1,1,1,0,0,0.0
SHRIRAMFIN,EOD_CHALL_E_COMBINED,2025-10-29,DEV,BULL,729.85,698.85,791.85,2.0,100.0,0.52,1.12,2.0,T1_HIT,2025-11-04,4,2.41,0.37,1,1,1,0,0,0.0
SHRIRAMFIN,EOD_CHALL_F_CALIBRATED_SCORE,2025-10-29,DEV,BULL,729.85,698.85,791.85,2.0,100.0,0.52,1.12,2.0,T1_HIT,2025-11-04,4,2.41,0.37,1,1,1,0,0,0.0
SHRIRAMFIN,EOD_CHALL_G_SWEET_SPOT,2025-10-29,DEV,BULL,729.85,698.85,791.85,2.0,100.0,0.52,1.12,2.0,T1_HIT,2025-11-04,4,2.41,0.37,1,1,1,0,0,0.0
SHRIRAMFIN,EOD_CHALL_H_THRUST_CALIBRATED,2025-10-29,DEV,BULL,729.85,698.85,791.85,2.0,100.0,0.52,1.12,2.0,T1_HIT,2025-11-04,4,2.41,0.37,1,1,1,0,0,0.0
SHRIRAMFIN,EOD_CHALL_I_MONOTONIC_RUBRIC,2025-10-29,DEV,BULL,729.85,698.85,791.85,2.0,100.0,0.52,1.12,2.0,T1_HIT,2025-11-04,4,2.41,0.37,1,1,1,0,0,0.0
SKMEGGPROD,EOD_CHAMPION_V1,2025-10-29,DEV,BULL,193.35,179.76,220.53,2.0,85.0,0.79,3.26,2.0,T1_HIT,2025-11-03,3,2.88,0.0,1,1,1,0,0,0.0
SKMEGGPROD,EOD_CHALL_A_THRUST,2025-10-29,DEV,BULL,193.35,179.76,220.53,2.0,85.0,0.79,3.26,2.0,T1_HIT,2025-11-03,3,2.88,0.0,1,1,1,0,0,0.0
SKMEGGPROD,EOD_CHALL_B_SCORE80,2025-10-29,DEV,BULL,193.35,179.76,220.53,2.0,85.0,0.79,3.26,2.0,T1_HIT,2025-11-03,3,2.88,0.0,1,1,1,0,0,0.0
SKMEGGPROD,EOD_CHALL_D_THRUST_030,2025-10-29,DEV,BULL,193.35,179.76,220.53,2.0,85.0,0.79,3.26,2.0,T1_HIT,2025-11-03,3,2.88,0.0,1,1,1,0,0,0.0
SKMEGGPROD,EOD_CHALL_F_CALIBRATED_SCORE,2025-10-29,DEV,BULL,193.35,179.76,220.53,2.0,70.0,0.79,3.26,2.0,T1_HIT,2025-11-03,3,2.88,0.0,1,1,1,0,0,0.0
UNITDSPR,EOD_CHAMPION_V1,2025-10-29,DEV,BULL,1370.6,1319.32,1473.16,2.0,100.0,0.43,0.81,1.13,EXPIRED_POS,2025-11-27,20,1.94,0.22,1,1,0,0,0,0.0
UNITDSPR,EOD_CHALL_B_SCORE80,2025-10-29,DEV,BULL,1370.6,1319.32,1473.16,2.0,100.0,0.43,0.81,1.13,EXPIRED_POS,2025-11-27,20,1.94,0.22,1,1,0,0,0,0.0
UNITDSPR,EOD_CHALL_C_EXTENSION,2025-10-29,DEV,BULL,1370.6,1319.32,1473.16,2.0,100.0,0.43,0.81,1.13,EXPIRED_POS,2025-11-27,20,1.94,0.22,1,1,0,0,0,0.0
UNITDSPR,EOD_CHALL_D_THRUST_030,2025-10-29,DEV,BULL,1370.6,1319.32,1473.16,2.0,100.0,0.43,0.81,1.13,EXPIRED_POS,2025-11-27,20,1.94,0.22,1,1,0,0,0,0.0
UNITDSPR,EOD_CHALL_E_COMBINED,2025-10-29,DEV,BULL,1370.6,1319.32,1473.16,2.0,100.0,0.43,0.81,1.13,EXPIRED_POS,2025-11-27,20,1.94,0.22,1,1,0,0,0,0.0
UNITDSPR,EOD_CHALL_F_CALIBRATED_SCORE,2025-10-29,DEV,BULL,1370.6,1319.32,1473.16,2.0,100.0,0.43,0.81,1.13,EXPIRED_POS,2025-11-27,20,1.94,0.22,1,1,0,0,0,0.0
UNITDSPR,EOD_CHALL_G_SWEET_SPOT,2025-10-29,DEV,BULL,1370.6,1319.32,1473.16,2.0,100.0,0.43,0.81,1.13,EXPIRED_POS,2025-11-27,20,1.94,0.22,1,1,0,0,0,0.0
UNITDSPR,EOD_CHALL_H_THRUST_CALIBRATED,2025-10-29,DEV,BULL,1370.6,1319.32,1473.16,2.0,100.0,0.43,0.81,1.13,EXPIRED_POS,2025-11-27,20,1.94,0.22,1,1,0,0,0,0.0
UNITDSPR,EOD_CHALL_I_MONOTONIC_RUBRIC,2025-10-29,DEV,BULL,1370.6,1319.32,1473.16,2.0,100.0,0.43,0.81,1.13,EXPIRED_POS,2025-11-27,20,1.94,0.22,1,1,0,0,0,0.0
^CNXENERGY,EOD_CHAMPION_V1,2025-10-29,DEV,BULL,36347.95,35697.88,37648.09,2.0,70.0,1.41,1.27,-1.0,SL_HIT,2025-11-07,6,0.26,1.32,0,0,0,1,0,0.27
^CNXENERGY,EOD_CHALL_A_THRUST,2025-10-29,DEV,BULL,36347.95,35697.88,37648.09,2.0,70.0,1.41,1.27,-1.0,SL_HIT,2025-11-07,6,0.26,1.32,0,0,0,1,0,0.27
^CNXENERGY,EOD_CHALL_C_EXTENSION,2025-10-29,DEV,BULL,36347.95,35697.88,37648.09,2.0,70.0,1.41,1.27,-1.0,SL_HIT,2025-11-07,6,0.26,1.32,0,0,0,1,0,0.27
^CNXENERGY,EOD_CHALL_D_THRUST_030,2025-10-29,DEV,BULL,36347.95,35697.88,37648.09,2.0,70.0,1.41,1.27,-1.0,SL_HIT,2025-11-07,6,0.26,1.32,0,0,0,1,0,0.27
^CNXENERGY,EOD_CHALL_F_CALIBRATED_SCORE,2025-10-29,DEV,BULL,36347.95,35697.88,37648.09,2.0,70.0,1.41,1.27,-1.0,SL_HIT,2025-11-07,6,0.26,1.32,0,0,0,1,0,0.27
^CNXENERGY,EOD_CHALL_G_SWEET_SPOT,2025-10-29,DEV,BULL,36347.95,35697.88,37648.09,2.0,70.0,1.41,1.27,-1.0,SL_HIT,2025-11-07,6,0.26,1.32,0,0,0,1,0,0.27
^CNXENERGY,EOD_CHALL_H_THRUST_CALIBRATED,2025-10-29,DEV,BULL,36347.95,35697.88,37648.09,2.0,70.0,1.41,1.27,-1.0,SL_HIT,2025-11-07,6,0.26,1.32,0,0,0,1,0,0.27
^CNXENERGY,EOD_CHALL_I_MONOTONIC_RUBRIC,2025-10-29,DEV,BULL,36347.95,35697.88,37648.09,2.0,75.0,1.41,1.27,-1.0,SL_HIT,2025-11-07,6,0.26,1.32,0,0,0,1,0,0.27
^CNXINFRA,EOD_CHAMPION_V1,2025-10-29,DEV,BULL,9661.85,9501.95,9981.65,2.0,85.0,1.08,0.9,-1.0,SL_HIT,2025-11-06,5,0.13,1.14,0,0,0,1,0,0.43
^CNXINFRA,EOD_CHALL_A_THRUST,2025-10-29,DEV,BULL,9661.85,9501.95,9981.65,2.0,85.0,1.08,0.9,-1.0,SL_HIT,2025-11-06,5,0.13,1.14,0,0,0,1,0,0.43
^CNXINFRA,EOD_CHALL_B_SCORE80,2025-10-29,DEV,BULL,9661.85,9501.95,9981.65,2.0,85.0,1.08,0.9,-1.0,SL_HIT,2025-11-06,5,0.13,1.14,0,0,0,1,0,0.43
^CNXINFRA,EOD_CHALL_C_EXTENSION,2025-10-29,DEV,BULL,9661.85,9501.95,9981.65,2.0,85.0,1.08,0.9,-1.0,SL_HIT,2025-11-06,5,0.13,1.14,0,0,0,1,0,0.43
^CNXINFRA,EOD_CHALL_D_THRUST_030,2025-10-29,DEV,BULL,9661.85,9501.95,9981.65,2.0,85.0,1.08,0.9,-1.0,SL_HIT,2025-11-06,5,0.13,1.14,0,0,0,1,0,0.43
^CNXINFRA,EOD_CHALL_E_COMBINED,2025-10-29,DEV,BULL,9661.85,9501.95,9981.65,2.0,85.0,1.08,0.9,-1.0,SL_HIT,2025-11-06,5,0.13,1.14,0,0,0,1,0,0.43
^CNXINFRA,EOD_CHALL_F_CALIBRATED_SCORE,2025-10-29,DEV,BULL,9661.85,9501.95,9981.65,2.0,85.0,1.08,0.9,-1.0,SL_HIT,2025-11-06,5,0.13,1.14,0,0,0,1,0,0.43
^CNXINFRA,EOD_CHALL_G_SWEET_SPOT,2025-10-29,DEV,BULL,9661.85,9501.95,9981.65,2.0,85.0,1.08,0.9,-1.0,SL_HIT,2025-11-06,5,0.13,1.14,0,0,0,1,0,0.43
^CNXINFRA,EOD_CHALL_H_THRUST_CALIBRATED,2025-10-29,DEV,BULL,9661.85,9501.95,9981.65,2.0,85.0,1.08,0.9,-1.0,SL_HIT,2025-11-06,5,0.13,1.14,0,0,0,1,0,0.43
^CNXINFRA,EOD_CHALL_I_MONOTONIC_RUBRIC,2025-10-29,DEV,BULL,9661.85,9501.95,9981.65,2.0,95.0,1.08,0.9,-1.0,SL_HIT,2025-11-06,5,0.13,1.14,0,0,0,1,0,0.43
BERGEPAINT,EOD_CHAMPION_V1,2025-11-13,DEV,BULL,577.9,553.86,625.98,2.0,75.0,0.71,1.49,-1.0,SL_HIT,2025-12-02,13,0.69,1.16,0,0,0,0,0,-0.68
BERGEPAINT,EOD_CHALL_A_THRUST,2025-11-13,DEV,BULL,577.9,553.86,625.98,2.0,75.0,0.71,1.49,-1.0,SL_HIT,2025-12-02,13,0.69,1.16,0,0,0,0,0,-0.68
BERGEPAINT,EOD_CHALL_C_EXTENSION,2025-11-13,DEV,BULL,577.9,553.86,625.98,2.0,75.0,0.71,1.49,-1.0,SL_HIT,2025-12-02,13,0.69,1.16,0,0,0,0,0,-0.68
BERGEPAINT,EOD_CHALL_D_THRUST_030,2025-11-13,DEV,BULL,577.9,553.86,625.98,2.0,75.0,0.71,1.49,-1.0,SL_HIT,2025-12-02,13,0.69,1.16,0,0,0,0,0,-0.68
BERGEPAINT,EOD_CHALL_E_COMBINED,2025-11-13,DEV,BULL,577.9,553.86,625.98,2.0,75.0,0.71,1.49,-1.0,SL_HIT,2025-12-02,13,0.69,1.16,0,0,0,0,0,-0.68
BERGEPAINT,EOD_CHALL_F_CALIBRATED_SCORE,2025-11-13,DEV,BULL,577.9,553.86,625.98,2.0,75.0,0.71,1.49,-1.0,SL_HIT,2025-12-02,13,0.69,1.16,0,0,0,0,0,-0.68
BERGEPAINT,EOD_CHALL_G_SWEET_SPOT,2025-11-13,DEV,BULL,577.9,553.86,625.98,2.0,75.0,0.71,1.49,-1.0,SL_HIT,2025-12-02,13,0.69,1.16,0,0,0,0,0,-0.68
BERGEPAINT,EOD_CHALL_H_THRUST_CALIBRATED,2025-11-13,DEV,BULL,577.9,553.86,625.98,2.0,75.0,0.71,1.49,-1.0,SL_HIT,2025-12-02,13,0.69,1.16,0,0,0,0,0,-0.68
BERGEPAINT,EOD_CHALL_I_MONOTONIC_RUBRIC,2025-11-13,DEV,BULL,577.9,553.86,625.98,2.0,80.0,0.71,1.49,-1.0,SL_HIT,2025-12-02,13,0.69,1.16,0,0,0,0,0,-0.68
ANURAS,EOD_CHAMPION_V1,2025-11-20,DEV,BULL,1179.2,1124.88,1287.84,2.0,70.0,1.99,4.8,2.0,T1_HIT,2025-12-09,13,2.4,0.13,1,1,1,0,0,0.0
ANURAS,EOD_CHALL_A_THRUST,2025-11-20,DEV,BULL,1179.2,1124.88,1287.84,2.0,70.0,1.99,4.8,2.0,T1_HIT,2025-12-09,13,2.4,0.13,1,1,1,0,0,0.0
ANURAS,EOD_CHALL_D_THRUST_030,2025-11-20,DEV,BULL,1179.2,1124.88,1287.84,2.0,70.0,1.99,4.8,2.0,T1_HIT,2025-12-09,13,2.4,0.13,1,1,1,0,0,0.0
ANURAS,EOD_CHALL_G_SWEET_SPOT,2025-11-20,DEV,BULL,1179.2,1124.88,1287.84,2.0,70.0,1.99,4.8,2.0,T1_HIT,2025-12-09,13,2.4,0.13,1,1,1,0,0,0.0
EICHERMOT,EOD_CHAMPION_V1,2025-11-20,DEV,BULL,7125.5,6833.85,7708.8,2.0,100.0,0.17,0.36,-0.07,EXPIRED_NEG,2025-12-18,20,0.7,0.58,0,0,0,0,0,0.0
EICHERMOT,EOD_CHALL_B_SCORE80,2025-11-20,DEV,BULL,7125.5,6833.85,7708.8,2.0,100.0,0.17,0.36,-0.07,EXPIRED_NEG,2025-12-18,20,0.7,0.58,0,0,0,0,0,0.0
EICHERMOT,EOD_CHALL_C_EXTENSION,2025-11-20,DEV,BULL,7125.5,6833.85,7708.8,2.0,100.0,0.17,0.36,-0.07,EXPIRED_NEG,2025-12-18,20,0.7,0.58,0,0,0,0,0,0.0
EICHERMOT,EOD_CHALL_F_CALIBRATED_SCORE,2025-11-20,DEV,BULL,7125.5,6833.85,7708.8,2.0,100.0,0.17,0.36,-0.07,EXPIRED_NEG,2025-12-18,20,0.7,0.58,0,0,0,0,0,0.0
EICHERMOT,EOD_CHALL_G_SWEET_SPOT,2025-11-20,DEV,BULL,7125.5,6833.85,7708.8,2.0,100.0,0.17,0.36,-0.07,EXPIRED_NEG,2025-12-18,20,0.7,0.58,0,0,0,0,0,0.0
EICHERMOT,EOD_CHALL_I_MONOTONIC_RUBRIC,2025-11-20,DEV,BULL,7125.5,6833.85,7708.8,2.0,100.0,0.17,0.36,-0.07,EXPIRED_NEG,2025-12-18,20,0.7,0.58,0,0,0,0,0,0.0
M&MFIN,EOD_CHAMPION_V1,2025-11-20,DEV,BULL,338.97,321.22,374.47,2.0,85.0,1.44,3.93,2.0,T1_HIT,2025-12-01,7,2.23,0.33,1,1,1,0,0,0.0
M&MFIN,EOD_CHALL_A_THRUST,2025-11-20,DEV,BULL,338.97,321.22,374.47,2.0,85.0,1.44,3.93,2.0,T1_HIT,2025-12-01,7,2.23,0.33,1,1,1,0,0,0.0
M&MFIN,EOD_CHALL_B_SCORE80,2025-11-20,DEV,BULL,338.97,321.22,374.47,2.0,85.0,1.44,3.93,2.0,T1_HIT,2025-12-01,7,2.23,0.33,1,1,1,0,0,0.0
M&MFIN,EOD_CHALL_D_THRUST_030,2025-11-20,DEV,BULL,338.97,321.22,374.47,2.0,85.0,1.44,3.93,2.0,T1_HIT,2025-12-01,7,2.23,0.33,1,1,1,0,0,0.0
M&MFIN,EOD_CHALL_F_CALIBRATED_SCORE,2025-11-20,DEV,BULL,338.97,321.22,374.47,2.0,70.0,1.44,3.93,2.0,T1_HIT,2025-12-01,7,2.23,0.33,1,1,1,0,0,0.0
RELIANCE,EOD_CHAMPION_V1,2025-11-20,DEV,BULL,1541.97,1501.88,1622.15,2.0,85.0,1.06,1.39,-0.12,EXPIRED_NEG,2025-12-18,20,0.8,0.78,0,0,0,0,0,0.0
RELIANCE,EOD_CHALL_A_THRUST,2025-11-20,DEV,BULL,1541.97,1501.88,1622.15,2.0,85.0,1.06,1.39,-0.12,EXPIRED_NEG,2025-12-18,20,0.8,0.78,0,0,0,0,0,0.0
RELIANCE,EOD_CHALL_B_SCORE80,2025-11-20,DEV,BULL,1541.97,1501.88,1622.15,2.0,85.0,1.06,1.39,-0.12,EXPIRED_NEG,2025-12-18,20,0.8,0.78,0,0,0,0,0,0.0
RELIANCE,EOD_CHALL_C_EXTENSION,2025-11-20,DEV,BULL,1541.97,1501.88,1622.15,2.0,85.0,1.06,1.39,-0.12,EXPIRED_NEG,2025-12-18,20,0.8,0.78,0,0,0,0,0,0.0
RELIANCE,EOD_CHALL_D_THRUST_030,2025-11-20,DEV,BULL,1541.97,1501.88,1622.15,2.0,85.0,1.06,1.39,-0.12,EXPIRED_NEG,2025-12-18,20,0.8,0.78,0,0,0,0,0,0.0
RELIANCE,EOD_CHALL_E_COMBINED,2025-11-20,DEV,BULL,1541.97,1501.88,1622.15,2.0,85.0,1.06,1.39,-0.12,EXPIRED_NEG,2025-12-18,20,0.8,0.78,0,0,0,0,0,0.0
RELIANCE,EOD_CHALL_F_CALIBRATED_SCORE,2025-11-20,DEV,BULL,1541.97,1501.88,1622.15,2.0,85.0,1.06,1.39,-0.12,EXPIRED_NEG,2025-12-18,20,0.8,0.78,0,0,0,0,0,0.0
RELIANCE,EOD_CHALL_G_SWEET_SPOT,2025-11-20,DEV,BULL,1541.97,1501.88,1622.15,2.0,85.0,1.06,1.39,-0.12,EXPIRED_NEG,2025-12-18,20,0.8,0.78,0,0,0,0,0,0.0
RELIANCE,EOD_CHALL_H_THRUST_CALIBRATED,2025-11-20,DEV,BULL,1541.97,1501.88,1622.15,2.0,85.0,1.06,1.39,-0.12,EXPIRED_NEG,2025-12-18,20,0.8,0.78,0,0,0,0,0,0.0
RELIANCE,EOD_CHALL_I_MONOTONIC_RUBRIC,2025-11-20,DEV,BULL,1541.97,1501.88,1622.15,2.0,90.0,1.06,1.39,-0.12,EXPIRED_NEG,2025-12-18,20,0.8,0.78,0,0,0,0,0,0.0
JAMNAAUTO,EOD_CHAMPION_V1,2025-11-27,DEV,BULL,114.25,107.05,128.65,2.0,70.0,0.76,2.47,2.0,T1_HIT,2025-12-16,13,2.19,0.11,1,1,1,0,0,0.0
JAMNAAUTO,EOD_CHALL_A_THRUST,2025-11-27,DEV,BULL,114.25,107.05,128.65,2.0,70.0,0.76,2.47,2.0,T1_HIT,2025-12-16,13,2.19,0.11,1,1,1,0,0,0.0
JAMNAAUTO,EOD_CHALL_C_EXTENSION,2025-11-27,DEV,BULL,114.25,107.05,128.65,2.0,70.0,0.76,2.47,2.0,T1_HIT,2025-12-16,13,2.19,0.11,1,1,1,0,0,0.0
JAMNAAUTO,EOD_CHALL_D_THRUST_030,2025-11-27,DEV,BULL,114.25,107.05,128.65,2.0,70.0,0.76,2.47,2.0,T1_HIT,2025-12-16,13,2.19,0.11,1,1,1,0,0,0.0
JAMNAAUTO,EOD_CHALL_F_CALIBRATED_SCORE,2025-11-27,DEV,BULL,114.25,107.05,128.65,2.0,70.0,0.76,2.47,2.0,T1_HIT,2025-12-16,13,2.19,0.11,1,1,1,0,0,0.0
JAMNAAUTO,EOD_CHALL_G_SWEET_SPOT,2025-11-27,DEV,BULL,114.25,107.05,128.65,2.0,70.0,0.76,2.47,2.0,T1_HIT,2025-12-16,13,2.19,0.11,1,1,1,0,0,0.0
JAMNAAUTO,EOD_CHALL_H_THRUST_CALIBRATED,2025-11-27,DEV,BULL,114.25,107.05,128.65,2.0,70.0,0.76,2.47,2.0,T1_HIT,2025-12-16,13,2.19,0.11,1,1,1,0,0,0.0
HINDCOPPER,EOD_CHAMPION_V1,2025-12-04,DEV,BULL,365.16,350.17,395.14,2.0,100.0,0.03,0.11,-1.0,SL_HIT,2025-12-09,3,0.84,1.08,0,0,0,1,1,12.0
HINDCOPPER,EOD_CHALL_B_SCORE80,2025-12-04,DEV,BULL,365.16,350.17,395.14,2.0,100.0,0.03,0.11,-1.0,SL_HIT,2025-12-09,3,0.84,1.08,0,0,0,1,1,12.0
HINDCOPPER,EOD_CHALL_C_EXTENSION,2025-12-04,DEV,BULL,365.16,350.17,395.14,2.0,100.0,0.03,0.11,-1.0,SL_HIT,2025-12-09,3,0.84,1.08,0,0,0,1,1,12.0
HINDCOPPER,EOD_CHALL_F_CALIBRATED_SCORE,2025-12-04,DEV,BULL,365.16,350.17,395.14,2.0,100.0,0.03,0.11,-1.0,SL_HIT,2025-12-09,3,0.84,1.08,0,0,0,1,1,12.0
HINDCOPPER,EOD_CHALL_G_SWEET_SPOT,2025-12-04,DEV,BULL,365.16,350.17,395.14,2.0,100.0,0.03,0.11,-1.0,SL_HIT,2025-12-09,3,0.84,1.08,0,0,0,1,1,12.0
HINDCOPPER,EOD_CHALL_I_MONOTONIC_RUBRIC,2025-12-04,DEV,BULL,365.16,350.17,395.14,2.0,100.0,0.03,0.11,-1.0,SL_HIT,2025-12-09,3,0.84,1.08,0,0,0,1,1,12.0
LTTS,EOD_CHAMPION_V1,2025-12-04,DEV,BULL,4632.86,4400.88,5096.82,2.0,70.0,1.31,3.38,-1.0,SL_HIT,2025-12-09,3,0.15,1.09,0,0,0,1,0,0.15
LTTS,EOD_CHALL_A_THRUST,2025-12-04,DEV,BULL,4632.86,4400.88,5096.82,2.0,70.0,1.31,3.38,-1.0,SL_HIT,2025-12-09,3,0.15,1.09,0,0,0,1,0,0.15
LTTS,EOD_CHALL_D_THRUST_030,2025-12-04,DEV,BULL,4632.86,4400.88,5096.82,2.0,70.0,1.31,3.38,-1.0,SL_HIT,2025-12-09,3,0.15,1.09,0,0,0,1,0,0.15
LTTS,EOD_CHALL_G_SWEET_SPOT,2025-12-04,DEV,BULL,4632.86,4400.88,5096.82,2.0,70.0,1.31,3.38,-1.0,SL_HIT,2025-12-09,3,0.15,1.09,0,0,0,1,0,0.15
MANORAMA,EOD_CHAMPION_V1,2025-12-04,DEV,NEUTRAL,1370.6,1302.62,1506.56,2.0,85.0,0.33,1.01,-1.0,SL_HIT,2025-12-08,2,0.08,1.01,0,0,0,1,0,0.36
MANORAMA,EOD_CHALL_B_SCORE80,2025-12-04,DEV,NEUTRAL,1370.6,1302.62,1506.56,2.0,85.0,0.33,1.01,-1.0,SL_HIT,2025-12-08,2,0.08,1.01,0,0,0,1,0,0.36
MANORAMA,EOD_CHALL_C_EXTENSION,2025-12-04,DEV,NEUTRAL,1370.6,1302.62,1506.56,2.0,85.0,0.33,1.01,-1.0,SL_HIT,2025-12-08,2,0.08,1.01,0,0,0,1,0,0.36
MANORAMA,EOD_CHALL_D_THRUST_030,2025-12-04,DEV,NEUTRAL,1370.6,1302.62,1506.56,2.0,85.0,0.33,1.01,-1.0,SL_HIT,2025-12-08,2,0.08,1.01,0,0,0,1,0,0.36
MANORAMA,EOD_CHALL_E_COMBINED,2025-12-04,DEV,NEUTRAL,1370.6,1302.62,1506.56,2.0,85.0,0.33,1.01,-1.0,SL_HIT,2025-12-08,2,0.08,1.01,0,0,0,1,0,0.36
MANORAMA,EOD_CHALL_F_CALIBRATED_SCORE,2025-12-04,DEV,NEUTRAL,1370.6,1302.62,1506.56,2.0,85.0,0.33,1.01,-1.0,SL_HIT,2025-12-08,2,0.08,1.01,0,0,0,1,0,0.36
MANORAMA,EOD_CHALL_G_SWEET_SPOT,2025-12-04,DEV,NEUTRAL,1370.6,1302.62,1506.56,2.0,85.0,0.33,1.01,-1.0,SL_HIT,2025-12-08,2,0.08,1.01,0,0,0,1,0,0.36
MANORAMA,EOD_CHALL_I_MONOTONIC_RUBRIC,2025-12-04,DEV,NEUTRAL,1370.6,1302.62,1506.56,2.0,85.0,0.33,1.01,-1.0,SL_HIT,2025-12-08,2,0.08,1.01,0,0,0,1,0,0.36
PETRONET,EOD_CHAMPION_V1,2025-12-04,DEV,BULL,277.75,268.94,295.37,2.0,85.0,0.91,1.46,-1.0,SL_HIT,2025-12-08,2,0.0,1.31,0,0,0,1,0,1.25
PETRONET,EOD_CHALL_A_THRUST,2025-12-04,DEV,BULL,277.75,268.94,295.37,2.0,85.0,0.91,1.46,-1.0,SL_HIT,2025-12-08,2,0.0,1.31,0,0,0,1,0,1.25
PETRONET,EOD_CHALL_B_SCORE80,2025-12-04,DEV,BULL,277.75,268.94,295.37,2.0,85.0,0.91,1.46,-1.0,SL_HIT,2025-12-08,2,0.0,1.31,0,0,0,1,0,1.25
PETRONET,EOD_CHALL_C_EXTENSION,2025-12-04,DEV,BULL,277.75,268.94,295.37,2.0,85.0,0.91,1.46,-1.0,SL_HIT,2025-12-08,2,0.0,1.31,0,0,0,1,0,1.25
PETRONET,EOD_CHALL_D_THRUST_030,2025-12-04,DEV,BULL,277.75,268.94,295.37,2.0,85.0,0.91,1.46,-1.0,SL_HIT,2025-12-08,2,0.0,1.31,0,0,0,1,0,1.25
PETRONET,EOD_CHALL_E_COMBINED,2025-12-04,DEV,BULL,277.75,268.94,295.37,2.0,85.0,0.91,1.46,-1.0,SL_HIT,2025-12-08,2,0.0,1.31,0,0,0,1,0,1.25
PETRONET,EOD_CHALL_F_CALIBRATED_SCORE,2025-12-04,DEV,BULL,277.75,268.94,295.37,2.0,85.0,0.91,1.46,-1.0,SL_HIT,2025-12-08,2,0.0,1.31,0,0,0,1,0,1.25
PETRONET,EOD_CHALL_G_SWEET_SPOT,2025-12-04,DEV,BULL,277.75,268.94,295.37,2.0,85.0,0.91,1.46,-1.0,SL_HIT,2025-12-08,2,0.0,1.31,0,0,0,1,0,1.25
PETRONET,EOD_CHALL_H_THRUST_CALIBRATED,2025-12-04,DEV,BULL,277.75,268.94,295.37,2.0,85.0,0.91,1.46,-1.0,SL_HIT,2025-12-08,2,0.0,1.31,0,0,0,1,0,1.25
PETRONET,EOD_CHALL_I_MONOTONIC_RUBRIC,2025-12-04,DEV,BULL,277.75,268.94,295.37,2.0,90.0,0.91,1.46,-1.0,SL_HIT,2025-12-08,2,0.0,1.31,0,0,0,1,0,1.25
WELENT,EOD_CHAMPION_V1,2025-12-04,DEV,BULL,2606.4,2574.43,2670.34,2.0,85.0,1.08,0.67,2.0,T1_HIT,2025-12-05,2,2.84,0.0,1,1,1,0,0,0.0
WELENT,EOD_CHALL_A_THRUST,2025-12-04,DEV,BULL,2606.4,2574.43,2670.34,2.0,85.0,1.08,0.67,2.0,T1_HIT,2025-12-05,2,2.84,0.0,1,1,1,0,0,0.0
WELENT,EOD_CHALL_B_SCORE80,2025-12-04,DEV,BULL,2606.4,2574.43,2670.34,2.0,85.0,1.08,0.67,2.0,T1_HIT,2025-12-05,2,2.84,0.0,1,1,1,0,0,0.0
WELENT,EOD_CHALL_C_EXTENSION,2025-12-04,DEV,BULL,2606.4,2574.43,2670.34,2.0,85.0,1.08,0.67,2.0,T1_HIT,2025-12-05,2,2.84,0.0,1,1,1,0,0,0.0
WELENT,EOD_CHALL_D_THRUST_030,2025-12-04,DEV,BULL,2606.4,2574.43,2670.34,2.0,85.0,1.08,0.67,2.0,T1_HIT,2025-12-05,2,2.84,0.0,1,1,1,0,0,0.0
WELENT,EOD_CHALL_E_COMBINED,2025-12-04,DEV,BULL,2606.4,2574.43,2670.34,2.0,85.0,1.08,0.67,2.0,T1_HIT,2025-12-05,2,2.84,0.0,1,1,1,0,0,0.0
WELENT,EOD_CHALL_F_CALIBRATED_SCORE,2025-12-04,DEV,BULL,2606.4,2574.43,2670.34,2.0,85.0,1.08,0.67,2.0,T1_HIT,2025-12-05,2,2.84,0.0,1,1,1,0,0,0.0
WELENT,EOD_CHALL_G_SWEET_SPOT,2025-12-04,DEV,BULL,2606.4,2574.43,2670.34,2.0,85.0,1.08,0.67,2.0,T1_HIT,2025-12-05,2,2.84,0.0,1,1,1,0,0,0.0
WELENT,EOD_CHALL_H_THRUST_CALIBRATED,2025-12-04,DEV,BULL,2606.4,2574.43,2670.34,2.0,85.0,1.08,0.67,2.0,T1_HIT,2025-12-05,2,2.84,0.0,1,1,1,0,0,0.0
WELENT,EOD_CHALL_I_MONOTONIC_RUBRIC,2025-12-04,DEV,BULL,2606.4,2574.43,2670.34,2.0,95.0,1.08,0.67,2.0,T1_HIT,2025-12-05,2,2.84,0.0,1,1,1,0,0,0.0
RAINBOW,EOD_CHAMPION_V1,2025-12-11,DEV,NEUTRAL,1376.46,1317.69,1494.0,2.0,85.0,0.38,0.82,-1.0,SL_HIT,2025-12-17,4,0.14,1.18,0,0,0,0,0,-0.05
RAINBOW,EOD_CHALL_B_SCORE80,2025-12-11,DEV,NEUTRAL,1376.46,1317.69,1494.0,2.0,85.0,0.38,0.82,-1.0,SL_HIT,2025-12-17,4,0.14,1.18,0,0,0,0,0,-0.05
RAINBOW,EOD_CHALL_C_EXTENSION,2025-12-11,DEV,NEUTRAL,1376.46,1317.69,1494.0,2.0,85.0,0.38,0.82,-1.0,SL_HIT,2025-12-17,4,0.14,1.18,0,0,0,0,0,-0.05
RAINBOW,EOD_CHALL_D_THRUST_030,2025-12-11,DEV,NEUTRAL,1376.46,1317.69,1494.0,2.0,85.0,0.38,0.82,-1.0,SL_HIT,2025-12-17,4,0.14,1.18,0,0,0,0,0,-0.05
RAINBOW,EOD_CHALL_E_COMBINED,2025-12-11,DEV,NEUTRAL,1376.46,1317.69,1494.0,2.0,85.0,0.38,0.82,-1.0,SL_HIT,2025-12-17,4,0.14,1.18,0,0,0,0,0,-0.05
RAINBOW,EOD_CHALL_F_CALIBRATED_SCORE,2025-12-11,DEV,NEUTRAL,1376.46,1317.69,1494.0,2.0,85.0,0.38,0.82,-1.0,SL_HIT,2025-12-17,4,0.14,1.18,0,0,0,0,0,-0.05
RAINBOW,EOD_CHALL_G_SWEET_SPOT,2025-12-11,DEV,NEUTRAL,1376.46,1317.69,1494.0,2.0,85.0,0.38,0.82,-1.0,SL_HIT,2025-12-17,4,0.14,1.18,0,0,0,0,0,-0.05
RAINBOW,EOD_CHALL_I_MONOTONIC_RUBRIC,2025-12-11,DEV,NEUTRAL,1376.46,1317.69,1494.0,2.0,90.0,0.38,0.82,-1.0,SL_HIT,2025-12-17,4,0.14,1.18,0,0,0,0,0,-0.05
CRAFTSMAN,EOD_CHAMPION_V1,2025-12-26,DEV,BULL,7370.51,6987.72,8136.09,2.0,100.0,0.78,2.07,-1.0,SL_HIT,2025-12-29,1,0.41,1.07,0,0,0,1,0,1.8
CRAFTSMAN,EOD_CHALL_A_THRUST,2025-12-26,DEV,BULL,7370.51,6987.72,8136.09,2.0,100.0,0.78,2.07,-1.0,SL_HIT,2025-12-29,1,0.41,1.07,0,0,0,1,0,1.8
CRAFTSMAN,EOD_CHALL_B_SCORE80,2025-12-26,DEV,BULL,7370.51,6987.72,8136.09,2.0,100.0,0.78,2.07,-1.0,SL_HIT,2025-12-29,1,0.41,1.07,0,0,0,1,0,1.8
CRAFTSMAN,EOD_CHALL_C_EXTENSION,2025-12-26,DEV,BULL,7370.51,6987.72,8136.09,2.0,100.0,0.78,2.07,-1.0,SL_HIT,2025-12-29,1,0.41,1.07,0,0,0,1,0,1.8
CRAFTSMAN,EOD_CHALL_D_THRUST_030,2025-12-26,DEV,BULL,7370.51,6987.72,8136.09,2.0,100.0,0.78,2.07,-1.0,SL_HIT,2025-12-29,1,0.41,1.07,0,0,0,1,0,1.8
CRAFTSMAN,EOD_CHALL_E_COMBINED,2025-12-26,DEV,BULL,7370.51,6987.72,8136.09,2.0,100.0,0.78,2.07,-1.0,SL_HIT,2025-12-29,1,0.41,1.07,0,0,0,1,0,1.8
CRAFTSMAN,EOD_CHALL_F_CALIBRATED_SCORE,2025-12-26,DEV,BULL,7370.51,6987.72,8136.09,2.0,100.0,0.78,2.07,-1.0,SL_HIT,2025-12-29,1,0.41,1.07,0,0,0,1,0,1.8
CRAFTSMAN,EOD_CHALL_G_SWEET_SPOT,2025-12-26,DEV,BULL,7370.51,6987.72,8136.09,2.0,100.0,0.78,2.07,-1.0,SL_HIT,2025-12-29,1,0.41,1.07,0,0,0,1,0,1.8
CRAFTSMAN,EOD_CHALL_H_THRUST_CALIBRATED,2025-12-26,DEV,BULL,7370.51,6987.72,8136.09,2.0,100.0,0.78,2.07,-1.0,SL_HIT,2025-12-29,1,0.41,1.07,0,0,0,1,0,1.8
CRAFTSMAN,EOD_CHALL_I_MONOTONIC_RUBRIC,2025-12-26,DEV,BULL,7370.51,6987.72,8136.09,2.0,90.0,0.78,2.07,-1.0,SL_HIT,2025-12-29,1,0.41,1.07,0,0,0,1,0,1.8
IRCTC,EOD_CHAMPION_V1,2025-12-26,DEV,NEUTRAL,701.57,682.33,740.05,2.0,70.0,1.14,1.59,-1.0,SL_HIT,2025-12-30,2,0.29,1.4,0,0,0,0,0,-0.2
IRCTC,EOD_CHALL_A_THRUST,2025-12-26,DEV,NEUTRAL,701.57,682.33,740.05,2.0,70.0,1.14,1.59,-1.0,SL_HIT,2025-12-30,2,0.29,1.4,0,0,0,0,0,-0.2
IRCTC,EOD_CHALL_C_EXTENSION,2025-12-26,DEV,NEUTRAL,701.57,682.33,740.05,2.0,70.0,1.14,1.59,-1.0,SL_HIT,2025-12-30,2,0.29,1.4,0,0,0,0,0,-0.2
IRCTC,EOD_CHALL_D_THRUST_030,2025-12-26,DEV,NEUTRAL,701.57,682.33,740.05,2.0,70.0,1.14,1.59,-1.0,SL_HIT,2025-12-30,2,0.29,1.4,0,0,0,0,0,-0.2
IRCTC,EOD_CHALL_F_CALIBRATED_SCORE,2025-12-26,DEV,NEUTRAL,701.57,682.33,740.05,2.0,70.0,1.14,1.59,-1.0,SL_HIT,2025-12-30,2,0.29,1.4,0,0,0,0,0,-0.2
IRCTC,EOD_CHALL_G_SWEET_SPOT,2025-12-26,DEV,NEUTRAL,701.57,682.33,740.05,2.0,70.0,1.14,1.59,-1.0,SL_HIT,2025-12-30,2,0.29,1.4,0,0,0,0,0,-0.2
IRCTC,EOD_CHALL_H_THRUST_CALIBRATED,2025-12-26,DEV,NEUTRAL,701.57,682.33,740.05,2.0,70.0,1.14,1.59,-1.0,SL_HIT,2025-12-30,2,0.29,1.4,0,0,0,0,0,-0.2
IRCTC,EOD_CHALL_I_MONOTONIC_RUBRIC,2025-12-26,DEV,NEUTRAL,701.57,682.33,740.05,2.0,75.0,1.14,1.59,-1.0,SL_HIT,2025-12-30,2,0.29,1.4,0,0,0,0,0,-0.2
POCL,EOD_CHAMPION_V1,2025-12-26,DEV,BULL,580.6,548.7,644.4,2.0,75.0,0.51,1.58,-1.0,SL_HIT,2026-01-12,11,1.59,1.63,1,1,0,1,0,0.58
POCL,EOD_CHALL_A_THRUST,2025-12-26,DEV,BULL,580.6,548.7,644.4,2.0,75.0,0.51,1.58,-1.0,SL_HIT,2026-01-12,11,1.59,1.63,1,1,0,1,0,0.58
POCL,EOD_CHALL_C_EXTENSION,2025-12-26,DEV,BULL,580.6,548.7,644.4,2.0,75.0,0.51,1.58,-1.0,SL_HIT,2026-01-12,11,1.59,1.63,1,1,0,1,0,0.58
POCL,EOD_CHALL_D_THRUST_030,2025-12-26,DEV,BULL,580.6,548.7,644.4,2.0,75.0,0.51,1.58,-1.0,SL_HIT,2026-01-12,11,1.59,1.63,1,1,0,1,0,0.58
POCL,EOD_CHALL_E_COMBINED,2025-12-26,DEV,BULL,580.6,548.7,644.4,2.0,75.0,0.51,1.58,-1.0,SL_HIT,2026-01-12,11,1.59,1.63,1,1,0,1,0,0.58
POCL,EOD_CHALL_F_CALIBRATED_SCORE,2025-12-26,DEV,BULL,580.6,548.7,644.4,2.0,75.0,0.51,1.58,-1.0,SL_HIT,2026-01-12,11,1.59,1.63,1,1,0,1,0,0.58
POCL,EOD_CHALL_G_SWEET_SPOT,2025-12-26,DEV,BULL,580.6,548.7,644.4,2.0,75.0,0.51,1.58,-1.0,SL_HIT,2026-01-12,11,1.59,1.63,1,1,0,1,0,0.58
POCL,EOD_CHALL_H_THRUST_CALIBRATED,2025-12-26,DEV,BULL,580.6,548.7,644.4,2.0,75.0,0.51,1.58,-1.0,SL_HIT,2026-01-12,11,1.59,1.63,1,1,0,1,0,0.58
POCL,EOD_CHALL_I_MONOTONIC_RUBRIC,2025-12-26,DEV,BULL,580.6,548.7,644.4,2.0,80.0,0.51,1.58,-1.0,SL_HIT,2026-01-12,11,1.59,1.63,1,1,0,1,0,0.58
TAJGVK,EOD_CHAMPION_V1,2025-12-26,DEV,BULL,429.8,405.84,477.72,2.0,85.0,0.9,2.58,-1.0,SL_HIT,2026-01-12,11,0.35,1.41,0,0,0,0,0,-0.45
TAJGVK,EOD_CHALL_A_THRUST,2025-12-26,DEV,BULL,429.8,405.84,477.72,2.0,85.0,0.9,2.58,-1.0,SL_HIT,2026-01-12,11,0.35,1.41,0,0,0,0,0,-0.45
TAJGVK,EOD_CHALL_B_SCORE80,2025-12-26,DEV,BULL,429.8,405.84,477.72,2.0,85.0,0.9,2.58,-1.0,SL_HIT,2026-01-12,11,0.35,1.41,0,0,0,0,0,-0.45
TAJGVK,EOD_CHALL_D_THRUST_030,2025-12-26,DEV,BULL,429.8,405.84,477.72,2.0,85.0,0.9,2.58,-1.0,SL_HIT,2026-01-12,11,0.35,1.41,0,0,0,0,0,-0.45
TAJGVK,EOD_CHALL_F_CALIBRATED_SCORE,2025-12-26,DEV,BULL,429.8,405.84,477.72,2.0,70.0,0.9,2.58,-1.0,SL_HIT,2026-01-12,11,0.35,1.41,0,0,0,0,0,-0.45
TAJGVK,EOD_CHALL_I_MONOTONIC_RUBRIC,2025-12-26,DEV,BULL,429.8,405.84,477.72,2.0,75.0,0.9,2.58,-1.0,SL_HIT,2026-01-12,11,0.35,1.41,0,0,0,0,0,-0.45
TITAGARH,EOD_CHAMPION_V1,2025-12-26,DEV,BULL,897.75,842.32,1008.61,2.0,85.0,1.04,3.33,-1.0,SL_HIT,2026-01-08,9,0.49,1.42,0,0,0,0,0,-1.15
TITAGARH,EOD_CHALL_A_THRUST,2025-12-26,DEV,BULL,897.75,842.32,1008.61,2.0,85.0,1.04,3.33,-1.0,SL_HIT,2026-01-08,9,0.49,1.42,0,0,0,0,0,-1.15
TITAGARH,EOD_CHALL_B_SCORE80,2025-12-26,DEV,BULL,897.75,842.32,1008.61,2.0,85.0,1.04,3.33,-1.0,SL_HIT,2026-01-08,9,0.49,1.42,0,0,0,0,0,-1.15
TITAGARH,EOD_CHALL_D_THRUST_030,2025-12-26,DEV,BULL,897.75,842.32,1008.61,2.0,85.0,1.04,3.33,-1.0,SL_HIT,2026-01-08,9,0.49,1.42,0,0,0,0,0,-1.15
TITAGARH,EOD_CHALL_F_CALIBRATED_SCORE,2025-12-26,DEV,BULL,897.75,842.32,1008.61,2.0,70.0,1.04,3.33,-1.0,SL_HIT,2026-01-08,9,0.49,1.42,0,0,0,0,0,-1.15
AETHER,EOD_CHAMPION_V1,2026-01-02,VAL,BULL,944.1,879.39,1073.52,2.0,75.0,0.95,3.36,1.45,EXPIRED_POS,2026-02-02,20,1.63,0.14,1,1,0,0,0,0.0
AETHER,EOD_CHALL_A_THRUST,2026-01-02,VAL,BULL,944.1,879.39,1073.52,2.0,75.0,0.95,3.36,1.45,EXPIRED_POS,2026-02-02,20,1.63,0.14,1,1,0,0,0,0.0
AETHER,EOD_CHALL_D_THRUST_030,2026-01-02,VAL,BULL,944.1,879.39,1073.52,2.0,75.0,0.95,3.36,1.45,EXPIRED_POS,2026-02-02,20,1.63,0.14,1,1,0,0,0,0.0
AETHER,EOD_CHALL_G_SWEET_SPOT,2026-01-02,VAL,BULL,944.1,879.39,1073.52,2.0,75.0,0.95,3.36,1.45,EXPIRED_POS,2026-02-02,20,1.63,0.14,1,1,0,0,0,0.0
BLACKBUCK,EOD_CHAMPION_V1,2026-01-02,VAL,BULL,699.1,660.0,777.3,2.0,85.0,0.51,1.69,-1.0,SL_HIT,2026-01-09,5,0.21,1.45,0,0,0,0,0,-0.72
BLACKBUCK,EOD_CHALL_A_THRUST,2026-01-02,VAL,BULL,699.1,660.0,777.3,2.0,85.0,0.51,1.69,-1.0,SL_HIT,2026-01-09,5,0.21,1.45,0,0,0,0,0,-0.72
BLACKBUCK,EOD_CHALL_B_SCORE80,2026-01-02,VAL,BULL,699.1,660.0,777.3,2.0,85.0,0.51,1.69,-1.0,SL_HIT,2026-01-09,5,0.21,1.45,0,0,0,0,0,-0.72
BLACKBUCK,EOD_CHALL_C_EXTENSION,2026-01-02,VAL,BULL,699.1,660.0,777.3,2.0,85.0,0.51,1.69,-1.0,SL_HIT,2026-01-09,5,0.21,1.45,0,0,0,0,0,-0.72
BLACKBUCK,EOD_CHALL_D_THRUST_030,2026-01-02,VAL,BULL,699.1,660.0,777.3,2.0,85.0,0.51,1.69,-1.0,SL_HIT,2026-01-09,5,0.21,1.45,0,0,0,0,0,-0.72
BLACKBUCK,EOD_CHALL_E_COMBINED,2026-01-02,VAL,BULL,699.1,660.0,777.3,2.0,85.0,0.51,1.69,-1.0,SL_HIT,2026-01-09,5,0.21,1.45,0,0,0,0,0,-0.72
BLACKBUCK,EOD_CHALL_F_CALIBRATED_SCORE,2026-01-02,VAL,BULL,699.1,660.0,777.3,2.0,85.0,0.51,1.69,-1.0,SL_HIT,2026-01-09,5,0.21,1.45,0,0,0,0,0,-0.72
BLACKBUCK,EOD_CHALL_G_SWEET_SPOT,2026-01-02,VAL,BULL,699.1,660.0,777.3,2.0,85.0,0.51,1.69,-1.0,SL_HIT,2026-01-09,5,0.21,1.45,0,0,0,0,0,-0.72
BLACKBUCK,EOD_CHALL_H_THRUST_CALIBRATED,2026-01-02,VAL,BULL,699.1,660.0,777.3,2.0,85.0,0.51,1.69,-1.0,SL_HIT,2026-01-09,5,0.21,1.45,0,0,0,0,0,-0.72
BLACKBUCK,EOD_CHALL_I_MONOTONIC_RUBRIC,2026-01-02,VAL,BULL,699.1,660.0,777.3,2.0,90.0,0.51,1.69,-1.0,SL_HIT,2026-01-09,5,0.21,1.45,0,0,0,0,0,-0.72
DABUR,EOD_CHAMPION_V1,2026-01-02,VAL,BULL,515.91,499.36,549.01,2.0,85.0,1.4,2.29,-1.0,SL_HIT,2026-01-06,2,0.68,1.27,0,0,0,1,0,0.62
DABUR,EOD_CHALL_A_THRUST,2026-01-02,VAL,BULL,515.91,499.36,549.01,2.0,85.0,1.4,2.29,-1.0,SL_HIT,2026-01-06,2,0.68,1.27,0,0,0,1,0,0.62
DABUR,EOD_CHALL_B_SCORE80,2026-01-02,VAL,BULL,515.91,499.36,549.01,2.0,85.0,1.4,2.29,-1.0,SL_HIT,2026-01-06,2,0.68,1.27,0,0,0,1,0,0.62
DABUR,EOD_CHALL_C_EXTENSION,2026-01-02,VAL,BULL,515.91,499.36,549.01,2.0,85.0,1.4,2.29,-1.0,SL_HIT,2026-01-06,2,0.68,1.27,0,0,0,1,0,0.62
DABUR,EOD_CHALL_D_THRUST_030,2026-01-02,VAL,BULL,515.91,499.36,549.01,2.0,85.0,1.4,2.29,-1.0,SL_HIT,2026-01-06,2,0.68,1.27,0,0,0,1,0,0.62
DABUR,EOD_CHALL_E_COMBINED,2026-01-02,VAL,BULL,515.91,499.36,549.01,2.0,85.0,1.4,2.29,-1.0,SL_HIT,2026-01-06,2,0.68,1.27,0,0,0,1,0,0.62
DABUR,EOD_CHALL_F_CALIBRATED_SCORE,2026-01-02,VAL,BULL,515.91,499.36,549.01,2.0,85.0,1.4,2.29,-1.0,SL_HIT,2026-01-06,2,0.68,1.27,0,0,0,1,0,0.62
DABUR,EOD_CHALL_H_THRUST_CALIBRATED,2026-01-02,VAL,BULL,515.91,499.36,549.01,2.0,85.0,1.4,2.29,-1.0,SL_HIT,2026-01-06,2,0.68,1.27,0,0,0,1,0,0.62
DABUR,EOD_CHALL_I_MONOTONIC_RUBRIC,2026-01-02,VAL,BULL,515.91,499.36,549.01,2.0,75.0,1.4,2.29,-1.0,SL_HIT,2026-01-06,2,0.68,1.27,0,0,0,1,0,0.62
EDELWEISS,EOD_CHAMPION_V1,2026-01-02,VAL,BULL,113.92,109.34,123.08,2.0,75.0,0.01,0.02,-1.0,SL_HIT,2026-01-08,4,0.59,1.3,0,0,0,0,0,-0.59
EDELWEISS,EOD_CHALL_C_EXTENSION,2026-01-02,VAL,BULL,113.92,109.34,123.08,2.0,75.0,0.01,0.02,-1.0,SL_HIT,2026-01-08,4,0.59,1.3,0,0,0,0,0,-0.59
EDELWEISS,EOD_CHALL_F_CALIBRATED_SCORE,2026-01-02,VAL,BULL,113.92,109.34,123.08,2.0,75.0,0.01,0.02,-1.0,SL_HIT,2026-01-08,4,0.59,1.3,0,0,0,0,0,-0.59
EDELWEISS,EOD_CHALL_G_SWEET_SPOT,2026-01-02,VAL,BULL,113.92,109.34,123.08,2.0,75.0,0.01,0.02,-1.0,SL_HIT,2026-01-08,4,0.59,1.3,0,0,0,0,0,-0.59
EDELWEISS,EOD_CHALL_I_MONOTONIC_RUBRIC,2026-01-02,VAL,BULL,113.92,109.34,123.08,2.0,80.0,0.01,0.02,-1.0,SL_HIT,2026-01-08,4,0.59,1.3,0,0,0,0,0,-0.59
GUJENERGY,EOD_CHAMPION_V1,2026-01-02,VAL,BULL,436.3,416.45,476.0,2.0,85.0,1.47,3.45,-1.0,SL_HIT,2026-01-12,6,0.38,1.37,0,0,0,0,0,-0.22
GUJENERGY,EOD_CHALL_A_THRUST,2026-01-02,VAL,BULL,436.3,416.45,476.0,2.0,85.0,1.47,3.45,-1.0,SL_HIT,2026-01-12,6,0.38,1.37,0,0,0,0,0,-0.22
GUJENERGY,EOD_CHALL_B_SCORE80,2026-01-02,VAL,BULL,436.3,416.45,476.0,2.0,85.0,1.47,3.45,-1.0,SL_HIT,2026-01-12,6,0.38,1.37,0,0,0,0,0,-0.22
GUJENERGY,EOD_CHALL_D_THRUST_030,2026-01-02,VAL,BULL,436.3,416.45,476.0,2.0,85.0,1.47,3.45,-1.0,SL_HIT,2026-01-12,6,0.38,1.37,0,0,0,0,0,-0.22
GUJENERGY,EOD_CHALL_F_CALIBRATED_SCORE,2026-01-02,VAL,BULL,436.3,416.45,476.0,2.0,70.0,1.47,3.45,-1.0,SL_HIT,2026-01-12,6,0.38,1.37,0,0,0,0,0,-0.22
HUDCO,EOD_CHAMPION_V1,2026-01-02,VAL,BULL,228.43,218.98,247.33,2.0,85.0,0.06,0.14,-1.0,SL_HIT,2026-01-08,4,0.1,1.65,0,0,0,0,0,-1.04
HUDCO,EOD_CHALL_B_SCORE80,2026-01-02,VAL,BULL,228.43,218.98,247.33,2.0,85.0,0.06,0.14,-1.0,SL_HIT,2026-01-08,4,0.1,1.65,0,0,0,0,0,-1.04
HUDCO,EOD_CHALL_C_EXTENSION,2026-01-02,VAL,BULL,228.43,218.98,247.33,2.0,85.0,0.06,0.14,-1.0,SL_HIT,2026-01-08,4,0.1,1.65,0,0,0,0,0,-1.04
HUDCO,EOD_CHALL_F_CALIBRATED_SCORE,2026-01-02,VAL,BULL,228.43,218.98,247.33,2.0,85.0,0.06,0.14,-1.0,SL_HIT,2026-01-08,4,0.1,1.65,0,0,0,0,0,-1.04
HUDCO,EOD_CHALL_G_SWEET_SPOT,2026-01-02,VAL,BULL,228.43,218.98,247.33,2.0,85.0,0.06,0.14,-1.0,SL_HIT,2026-01-08,4,0.1,1.65,0,0,0,0,0,-1.04
HUDCO,EOD_CHALL_I_MONOTONIC_RUBRIC,2026-01-02,VAL,BULL,228.43,218.98,247.33,2.0,90.0,0.06,0.14,-1.0,SL_HIT,2026-01-08,4,0.1,1.65,0,0,0,0,0,-1.04
IREDA,EOD_CHAMPION_V1,2026-01-02,VAL,NEUTRAL,145.87,138.12,161.37,2.0,85.0,0.86,2.33,-1.0,SL_HIT,2026-01-09,5,0.36,1.42,0,0,0,0,0,-0.47
IREDA,EOD_CHALL_A_THRUST,2026-01-02,VAL,NEUTRAL,145.87,138.12,161.37,2.0,85.0,0.86,2.33,-1.0,SL_HIT,2026-01-09,5,0.36,1.42,0,0,0,0,0,-0.47
IREDA,EOD_CHALL_B_SCORE80,2026-01-02,VAL,NEUTRAL,145.87,138.12,161.37,2.0,85.0,0.86,2.33,-1.0,SL_HIT,2026-01-09,5,0.36,1.42,0,0,0,0,0,-0.47
IREDA,EOD_CHALL_C_EXTENSION,2026-01-02,VAL,NEUTRAL,145.87,138.12,161.37,2.0,85.0,0.86,2.33,-1.0,SL_HIT,2026-01-09,5,0.36,1.42,0,0,0,0,0,-0.47
IREDA,EOD_CHALL_D_THRUST_030,2026-01-02,VAL,NEUTRAL,145.87,138.12,161.37,2.0,85.0,0.86,2.33,-1.0,SL_HIT,2026-01-09,5,0.36,1.42,0,0,0,0,0,-0.47
IREDA,EOD_CHALL_E_COMBINED,2026-01-02,VAL,NEUTRAL,145.87,138.12,161.37,2.0,85.0,0.86,2.33,-1.0,SL_HIT,2026-01-09,5,0.36,1.42,0,0,0,0,0,-0.47
IREDA,EOD_CHALL_F_CALIBRATED_SCORE,2026-01-02,VAL,NEUTRAL,145.87,138.12,161.37,2.0,85.0,0.86,2.33,-1.0,SL_HIT,2026-01-09,5,0.36,1.42,0,0,0,0,0,-0.47
IREDA,EOD_CHALL_H_THRUST_CALIBRATED,2026-01-02,VAL,NEUTRAL,145.87,138.12,161.37,2.0,85.0,0.86,2.33,-1.0,SL_HIT,2026-01-09,5,0.36,1.42,0,0,0,0,0,-0.47
IREDA,EOD_CHALL_I_MONOTONIC_RUBRIC,2026-01-02,VAL,NEUTRAL,145.87,138.12,161.37,2.0,75.0,0.86,2.33,-1.0,SL_HIT,2026-01-09,5,0.36,1.42,0,0,0,0,0,-0.47
JAMNAAUTO,EOD_CHAMPION_V1,2026-01-02,VAL,BULL,132.57,124.79,148.13,2.0,100.0,0.64,1.98,-1.0,SL_HIT,2026-01-12,6,0.76,1.28,0,0,0,1,0,0.29
JAMNAAUTO,EOD_CHALL_A_THRUST,2026-01-02,VAL,BULL,132.57,124.79,148.13,2.0,100.0,0.64,1.98,-1.0,SL_HIT,2026-01-12,6,0.76,1.28,0,0,0,1,0,0.29
JAMNAAUTO,EOD_CHALL_B_SCORE80,2026-01-02,VAL,BULL,132.57,124.79,148.13,2.0,100.0,0.64,1.98,-1.0,SL_HIT,2026-01-12,6,0.76,1.28,0,0,0,1,0,0.29
JAMNAAUTO,EOD_CHALL_C_EXTENSION,2026-01-02,VAL,BULL,132.57,124.79,148.13,2.0,100.0,0.64,1.98,-1.0,SL_HIT,2026-01-12,6,0.76,1.28,0,0,0,1,0,0.29
JAMNAAUTO,EOD_CHALL_D_THRUST_030,2026-01-02,VAL,BULL,132.57,124.79,148.13,2.0,100.0,0.64,1.98,-1.0,SL_HIT,2026-01-12,6,0.76,1.28,0,0,0,1,0,0.29
JAMNAAUTO,EOD_CHALL_E_COMBINED,2026-01-02,VAL,BULL,132.57,124.79,148.13,2.0,100.0,0.64,1.98,-1.0,SL_HIT,2026-01-12,6,0.76,1.28,0,0,0,1,0,0.29
JAMNAAUTO,EOD_CHALL_F_CALIBRATED_SCORE,2026-01-02,VAL,BULL,132.57,124.79,148.13,2.0,100.0,0.64,1.98,-1.0,SL_HIT,2026-01-12,6,0.76,1.28,0,0,0,1,0,0.29
JAMNAAUTO,EOD_CHALL_G_SWEET_SPOT,2026-01-02,VAL,BULL,132.57,124.79,148.13,2.0,100.0,0.64,1.98,-1.0,SL_HIT,2026-01-12,6,0.76,1.28,0,0,0,1,0,0.29
JAMNAAUTO,EOD_CHALL_H_THRUST_CALIBRATED,2026-01-02,VAL,BULL,132.57,124.79,148.13,2.0,100.0,0.64,1.98,-1.0,SL_HIT,2026-01-12,6,0.76,1.28,0,0,0,1,0,0.29
JAMNAAUTO,EOD_CHALL_I_MONOTONIC_RUBRIC,2026-01-02,VAL,BULL,132.57,124.79,148.13,2.0,100.0,0.64,1.98,-1.0,SL_HIT,2026-01-12,6,0.76,1.28,0,0,0,1,0,0.29
LUMAXTECH,EOD_CHAMPION_V1,2026-01-02,VAL,BULL,1655.4,1584.0,1798.2,2.0,75.0,0.08,0.33,-1.0,SL_HIT,2026-01-08,4,0.67,1.47,0,0,0,0,0,-0.63
LUMAXTECH,EOD_CHALL_C_EXTENSION,2026-01-02,VAL,BULL,1655.4,1584.0,1798.2,2.0,75.0,0.08,0.33,-1.0,SL_HIT,2026-01-08,4,0.67,1.47,0,0,0,0,0,-0.63
LUMAXTECH,EOD_CHALL_F_CALIBRATED_SCORE,2026-01-02,VAL,BULL,1655.4,1584.0,1798.2,2.0,75.0,0.08,0.33,-1.0,SL_HIT,2026-01-08,4,0.67,1.47,0,0,0,0,0,-0.63
LUMAXTECH,EOD_CHALL_G_SWEET_SPOT,2026-01-02,VAL,BULL,1655.4,1584.0,1798.2,2.0,75.0,0.08,0.33,-1.0,SL_HIT,2026-01-08,4,0.67,1.47,0,0,0,0,0,-0.63
LUMAXTECH,EOD_CHALL_I_MONOTONIC_RUBRIC,2026-01-02,VAL,BULL,1655.4,1584.0,1798.2,2.0,80.0,0.08,0.33,-1.0,SL_HIT,2026-01-08,4,0.67,1.47,0,0,0,0,0,-0.63
NATIONALUM,EOD_CHAMPION_V1,2026-01-02,VAL,BULL,324.6,307.28,359.24,2.0,85.0,1.19,3.27,2.0,T1_HIT,2026-01-14,8,2.5,0.14,1,1,1,0,0,0.0
NATIONALUM,EOD_CHALL_A_THRUST,2026-01-02,VAL,BULL,324.6,307.28,359.24,2.0,85.0,1.19,3.27,2.0,T1_HIT,2026-01-14,8,2.5,0.14,1,1,1,0,0,0.0
NATIONALUM,EOD_CHALL_B_SCORE80,2026-01-02,VAL,BULL,324.6,307.28,359.24,2.0,85.0,1.19,3.27,2.0,T1_HIT,2026-01-14,8,2.5,0.14,1,1,1,0,0,0.0
NATIONALUM,EOD_CHALL_D_THRUST_030,2026-01-02,VAL,BULL,324.6,307.28,359.24,2.0,85.0,1.19,3.27,2.0,T1_HIT,2026-01-14,8,2.5,0.14,1,1,1,0,0,0.0
NATIONALUM,EOD_CHALL_F_CALIBRATED_SCORE,2026-01-02,VAL,BULL,324.6,307.28,359.24,2.0,70.0,1.19,3.27,2.0,T1_HIT,2026-01-14,8,2.5,0.14,1,1,1,0,0,0.0
NLCINDIA,EOD_CHAMPION_V1,2026-01-02,VAL,BULL,268.18,251.2,302.14,2.0,85.0,1.16,3.82,-1.0,SL_HIT,2026-01-09,5,0.28,1.21,0,0,0,0,0,-0.07
NLCINDIA,EOD_CHALL_A_THRUST,2026-01-02,VAL,BULL,268.18,251.2,302.14,2.0,85.0,1.16,3.82,-1.0,SL_HIT,2026-01-09,5,0.28,1.21,0,0,0,0,0,-0.07
NLCINDIA,EOD_CHALL_B_SCORE80,2026-01-02,VAL,BULL,268.18,251.2,302.14,2.0,85.0,1.16,3.82,-1.0,SL_HIT,2026-01-09,5,0.28,1.21,0,0,0,0,0,-0.07
NLCINDIA,EOD_CHALL_D_THRUST_030,2026-01-02,VAL,BULL,268.18,251.2,302.14,2.0,85.0,1.16,3.82,-1.0,SL_HIT,2026-01-09,5,0.28,1.21,0,0,0,0,0,-0.07
NLCINDIA,EOD_CHALL_F_CALIBRATED_SCORE,2026-01-02,VAL,BULL,268.18,251.2,302.14,2.0,70.0,1.16,3.82,-1.0,SL_HIT,2026-01-09,5,0.28,1.21,0,0,0,0,0,-0.07
PFC,EOD_CHAMPION_V1,2026-01-02,VAL,NEUTRAL,369.35,354.94,398.17,2.0,70.0,1.64,3.3,-1.0,SL_HIT,2026-01-09,5,0.38,1.25,0,0,0,1,0,1.03
PFC,EOD_CHALL_A_THRUST,2026-01-02,VAL,NEUTRAL,369.35,354.94,398.17,2.0,70.0,1.64,3.3,-1.0,SL_HIT,2026-01-09,5,0.38,1.25,0,0,0,1,0,1.03
PFC,EOD_CHALL_D_THRUST_030,2026-01-02,VAL,NEUTRAL,369.35,354.94,398.17,2.0,70.0,1.64,3.3,-1.0,SL_HIT,2026-01-09,5,0.38,1.25,0,0,0,1,0,1.03
PFC,EOD_CHALL_G_SWEET_SPOT,2026-01-02,VAL,NEUTRAL,369.35,354.94,398.17,2.0,70.0,1.64,3.3,-1.0,SL_HIT,2026-01-09,5,0.38,1.25,0,0,0,1,0,1.03
RECLTD,EOD_CHAMPION_V1,2026-01-02,VAL,BULL,372.46,357.44,402.5,2.0,60.0,1.57,3.27,-1.0,SL_HIT,2026-01-09,5,0.47,1.22,0,0,0,1,0,0.27
RECLTD,EOD_CHALL_A_THRUST,2026-01-02,VAL,BULL,372.46,357.44,402.5,2.0,60.0,1.57,3.27,-1.0,SL_HIT,2026-01-09,5,0.47,1.22,0,0,0,1,0,0.27
RECLTD,EOD_CHALL_D_THRUST_030,2026-01-02,VAL,BULL,372.46,357.44,402.5,2.0,60.0,1.57,3.27,-1.0,SL_HIT,2026-01-09,5,0.47,1.22,0,0,0,1,0,0.27
SANDUMA,EOD_CHAMPION_V1,2026-01-02,VAL,BULL,264.71,243.17,307.79,2.0,70.0,0.92,4.5,-1.0,SL_HIT,2026-01-08,4,0.38,1.29,0,0,0,0,0,-1.04
SANDUMA,EOD_CHALL_A_THRUST,2026-01-02,VAL,BULL,264.71,243.17,307.79,2.0,70.0,0.92,4.5,-1.0,SL_HIT,2026-01-08,4,0.38,1.29,0,0,0,0,0,-1.04
SANDUMA,EOD_CHALL_D_THRUST_030,2026-01-02,VAL,BULL,264.71,243.17,307.79,2.0,70.0,0.92,4.5,-1.0,SL_HIT,2026-01-08,4,0.38,1.29,0,0,0,0,0,-1.04
SANDUMA,EOD_CHALL_G_SWEET_SPOT,2026-01-02,VAL,BULL,264.71,243.17,307.79,2.0,70.0,0.92,4.5,-1.0,SL_HIT,2026-01-08,4,0.38,1.29,0,0,0,0,0,-1.04
SANSERA,EOD_CHAMPION_V1,2026-01-02,VAL,BULL,1871.0,1755.08,2102.84,2.0,60.0,1.31,4.25,-1.0,SL_HIT,2026-01-20,12,0.75,1.09,0,0,0,0,0,-0.71
SANSERA,EOD_CHALL_A_THRUST,2026-01-02,VAL,BULL,1871.0,1755.08,2102.84,2.0,60.0,1.31,4.25,-1.0,SL_HIT,2026-01-20,12,0.75,1.09,0,0,0,0,0,-0.71
SANSERA,EOD_CHALL_D_THRUST_030,2026-01-02,VAL,BULL,1871.0,1755.08,2102.84,2.0,60.0,1.31,4.25,-1.0,SL_HIT,2026-01-20,12,0.75,1.09,0,0,0,0,0,-0.71
TARIL,EOD_CHAMPION_V1,2026-01-02,VAL,BEAR,336.4,302.3,404.6,2.0,70.0,1.31,7.13,-1.0,SL_HIT,2026-01-08,4,0.01,1.54,0,0,0,0,0,-1.02
TARIL,EOD_CHALL_A_THRUST,2026-01-02,VAL,BEAR,336.4,302.3,404.6,2.0,70.0,1.31,7.13,-1.0,SL_HIT,2026-01-08,4,0.01,1.54,0,0,0,0,0,-1.02
TARIL,EOD_CHALL_D_THRUST_030,2026-01-02,VAL,BEAR,336.4,302.3,404.6,2.0,70.0,1.31,7.13,-1.0,SL_HIT,2026-01-08,4,0.01,1.54,0,0,0,0,0,-1.02
TARIL,EOD_CHALL_G_SWEET_SPOT,2026-01-02,VAL,BEAR,336.4,302.3,404.6,2.0,70.0,1.31,7.13,-1.0,SL_HIT,2026-01-08,4,0.01,1.54,0,0,0,0,0,-1.02
UNOMINDA,EOD_CHAMPION_V1,2026-01-02,VAL,BULL,1318.19,1260.98,1432.61,2.0,100.0,0.52,1.14,-1.0,SL_HIT,2026-01-08,4,0.59,1.05,0,0,0,0,0,-0.78
UNOMINDA,EOD_CHALL_A_THRUST,2026-01-02,VAL,BULL,1318.19,1260.98,1432.61,2.0,100.0,0.52,1.14,-1.0,SL_HIT,2026-01-08,4,0.59,1.05,0,0,0,0,0,-0.78
UNOMINDA,EOD_CHALL_B_SCORE80,2026-01-02,VAL,BULL,1318.19,1260.98,1432.61,2.0,100.0,0.52,1.14,-1.0,SL_HIT,2026-01-08,4,0.59,1.05,0,0,0,0,0,-0.78
UNOMINDA,EOD_CHALL_C_EXTENSION,2026-01-02,VAL,BULL,1318.19,1260.98,1432.61,2.0,100.0,0.52,1.14,-1.0,SL_HIT,2026-01-08,4,0.59,1.05,0,0,0,0,0,-0.78
UNOMINDA,EOD_CHALL_D_THRUST_030,2026-01-02,VAL,BULL,1318.19,1260.98,1432.61,2.0,100.0,0.52,1.14,-1.0,SL_HIT,2026-01-08,4,0.59,1.05,0,0,0,0,0,-0.78
UNOMINDA,EOD_CHALL_E_COMBINED,2026-01-02,VAL,BULL,1318.19,1260.98,1432.61,2.0,100.0,0.52,1.14,-1.0,SL_HIT,2026-01-08,4,0.59,1.05,0,0,0,0,0,-0.78
UNOMINDA,EOD_CHALL_F_CALIBRATED_SCORE,2026-01-02,VAL,BULL,1318.19,1260.98,1432.61,2.0,100.0,0.52,1.14,-1.0,SL_HIT,2026-01-08,4,0.59,1.05,0,0,0,0,0,-0.78
UNOMINDA,EOD_CHALL_G_SWEET_SPOT,2026-01-02,VAL,BULL,1318.19,1260.98,1432.61,2.0,100.0,0.52,1.14,-1.0,SL_HIT,2026-01-08,4,0.59,1.05,0,0,0,0,0,-0.78
UNOMINDA,EOD_CHALL_H_THRUST_CALIBRATED,2026-01-02,VAL,BULL,1318.19,1260.98,1432.61,2.0,100.0,0.52,1.14,-1.0,SL_HIT,2026-01-08,4,0.59,1.05,0,0,0,0,0,-0.78
UNOMINDA,EOD_CHALL_I_MONOTONIC_RUBRIC,2026-01-02,VAL,BULL,1318.19,1260.98,1432.61,2.0,100.0,0.52,1.14,-1.0,SL_HIT,2026-01-08,4,0.59,1.05,0,0,0,0,0,-0.78
^NSEBANK,EOD_CHAMPION_V1,2026-01-02,VAL,BULL,60150.95,59312.02,61828.81,2.0,100.0,0.82,0.58,-1.0,SL_HIT,2026-01-09,5,0.34,1.19,0,0,0,1,0,1.92
^NSEBANK,EOD_CHALL_A_THRUST,2026-01-02,VAL,BULL,60150.95,59312.02,61828.81,2.0,100.0,0.82,0.58,-1.0,SL_HIT,2026-01-09,5,0.34,1.19,0,0,0,1,0,1.92
^NSEBANK,EOD_CHALL_B_SCORE80,2026-01-02,VAL,BULL,60150.95,59312.02,61828.81,2.0,100.0,0.82,0.58,-1.0,SL_HIT,2026-01-09,5,0.34,1.19,0,0,0,1,0,1.92
^NSEBANK,EOD_CHALL_C_EXTENSION,2026-01-02,VAL,BULL,60150.95,59312.02,61828.81,2.0,100.0,0.82,0.58,-1.0,SL_HIT,2026-01-09,5,0.34,1.19,0,0,0,1,0,1.92
^NSEBANK,EOD_CHALL_D_THRUST_030,2026-01-02,VAL,BULL,60150.95,59312.02,61828.81,2.0,100.0,0.82,0.58,-1.0,SL_HIT,2026-01-09,5,0.34,1.19,0,0,0,1,0,1.92
^NSEBANK,EOD_CHALL_E_COMBINED,2026-01-02,VAL,BULL,60150.95,59312.02,61828.81,2.0,100.0,0.82,0.58,-1.0,SL_HIT,2026-01-09,5,0.34,1.19,0,0,0,1,0,1.92
^NSEBANK,EOD_CHALL_F_CALIBRATED_SCORE,2026-01-02,VAL,BULL,60150.95,59312.02,61828.81,2.0,100.0,0.82,0.58,-1.0,SL_HIT,2026-01-09,5,0.34,1.19,0,0,0,1,0,1.92
^NSEBANK,EOD_CHALL_G_SWEET_SPOT,2026-01-02,VAL,BULL,60150.95,59312.02,61828.81,2.0,100.0,0.82,0.58,-1.0,SL_HIT,2026-01-09,5,0.34,1.19,0,0,0,1,0,1.92
^NSEBANK,EOD_CHALL_H_THRUST_CALIBRATED,2026-01-02,VAL,BULL,60150.95,59312.02,61828.81,2.0,100.0,0.82,0.58,-1.0,SL_HIT,2026-01-09,5,0.34,1.19,0,0,0,1,0,1.92
^NSEBANK,EOD_CHALL_I_MONOTONIC_RUBRIC,2026-01-02,VAL,BULL,60150.95,59312.02,61828.81,2.0,100.0,0.82,0.58,-1.0,SL_HIT,2026-01-09,5,0.34,1.19,0,0,0,1,0,1.92
IPCALAB,EOD_CHAMPION_V1,2026-01-09,VAL,BULL,1575.0,1488.0,1749.0,2.0,75.0,0.55,1.61,-1.0,SL_HIT,2026-01-16,4,0.0,1.07,0,0,0,0,0,-0.67
IPCALAB,EOD_CHALL_A_THRUST,2026-01-09,VAL,BULL,1575.0,1488.0,1749.0,2.0,75.0,0.55,1.61,-1.0,SL_HIT,2026-01-16,4,0.0,1.07,0,0,0,0,0,-0.67
IPCALAB,EOD_CHALL_C_EXTENSION,2026-01-09,VAL,BULL,1575.0,1488.0,1749.0,2.0,75.0,0.55,1.61,-1.0,SL_HIT,2026-01-16,4,0.0,1.07,0,0,0,0,0,-0.67
IPCALAB,EOD_CHALL_D_THRUST_030,2026-01-09,VAL,BULL,1575.0,1488.0,1749.0,2.0,75.0,0.55,1.61,-1.0,SL_HIT,2026-01-16,4,0.0,1.07,0,0,0,0,0,-0.67
IPCALAB,EOD_CHALL_E_COMBINED,2026-01-09,VAL,BULL,1575.0,1488.0,1749.0,2.0,75.0,0.55,1.61,-1.0,SL_HIT,2026-01-16,4,0.0,1.07,0,0,0,0,0,-0.67
IPCALAB,EOD_CHALL_F_CALIBRATED_SCORE,2026-01-09,VAL,BULL,1575.0,1488.0,1749.0,2.0,75.0,0.55,1.61,-1.0,SL_HIT,2026-01-16,4,0.0,1.07,0,0,0,0,0,-0.67
IPCALAB,EOD_CHALL_G_SWEET_SPOT,2026-01-09,VAL,BULL,1575.0,1488.0,1749.0,2.0,75.0,0.55,1.61,-1.0,SL_HIT,2026-01-16,4,0.0,1.07,0,0,0,0,0,-0.67
IPCALAB,EOD_CHALL_H_THRUST_CALIBRATED,2026-01-09,VAL,BULL,1575.0,1488.0,1749.0,2.0,75.0,0.55,1.61,-1.0,SL_HIT,2026-01-16,4,0.0,1.07,0,0,0,0,0,-0.67
IPCALAB,EOD_CHALL_I_MONOTONIC_RUBRIC,2026-01-09,VAL,BULL,1575.0,1488.0,1749.0,2.0,80.0,0.55,1.61,-1.0,SL_HIT,2026-01-16,4,0.0,1.07,0,0,0,0,0,-0.67
LTM,EOD_CHAMPION_V1,2026-01-16,VAL,BULL,6224.58,5987.66,6698.42,2.0,85.0,0.0,0.0,-1.0,SL_HIT,2026-01-20,2,0.51,1.65,0,0,0,0,0,-0.14
LTM,EOD_CHALL_B_SCORE80,2026-01-16,VAL,BULL,6224.58,5987.66,6698.42,2.0,85.0,0.0,0.0,-1.0,SL_HIT,2026-01-20,2,0.51,1.65,0,0,0,0,0,-0.14
LTM,EOD_CHALL_C_EXTENSION,2026-01-16,VAL,BULL,6224.58,5987.66,6698.42,2.0,85.0,0.0,0.0,-1.0,SL_HIT,2026-01-20,2,0.51,1.65,0,0,0,0,0,-0.14
LTM,EOD_CHALL_F_CALIBRATED_SCORE,2026-01-16,VAL,BULL,6224.58,5987.66,6698.42,2.0,85.0,0.0,0.0,-1.0,SL_HIT,2026-01-20,2,0.51,1.65,0,0,0,0,0,-0.14
LTM,EOD_CHALL_G_SWEET_SPOT,2026-01-16,VAL,BULL,6224.58,5987.66,6698.42,2.0,85.0,0.0,0.0,-1.0,SL_HIT,2026-01-20,2,0.51,1.65,0,0,0,0,0,-0.14
LTM,EOD_CHALL_I_MONOTONIC_RUBRIC,2026-01-16,VAL,BULL,6224.58,5987.66,6698.42,2.0,90.0,0.0,0.0,-1.0,SL_HIT,2026-01-20,2,0.51,1.65,0,0,0,0,0,-0.14
OFSS,EOD_CHAMPION_V1,2026-01-16,VAL,NEUTRAL,7737.82,7441.9,8329.66,2.0,100.0,0.19,0.37,-1.0,SL_HIT,2026-01-21,3,0.21,1.38,0,0,0,1,0,0.43
OFSS,EOD_CHALL_B_SCORE80,2026-01-16,VAL,NEUTRAL,7737.82,7441.9,8329.66,2.0,100.0,0.19,0.37,-1.0,SL_HIT,2026-01-21,3,0.21,1.38,0,0,0,1,0,0.43
OFSS,EOD_CHALL_C_EXTENSION,2026-01-16,VAL,NEUTRAL,7737.82,7441.9,8329.66,2.0,100.0,0.19,0.37,-1.0,SL_HIT,2026-01-21,3,0.21,1.38,0,0,0,1,0,0.43
OFSS,EOD_CHALL_F_CALIBRATED_SCORE,2026-01-16,VAL,NEUTRAL,7737.82,7441.9,8329.66,2.0,100.0,0.19,0.37,-1.0,SL_HIT,2026-01-21,3,0.21,1.38,0,0,0,1,0,0.43
OFSS,EOD_CHALL_G_SWEET_SPOT,2026-01-16,VAL,NEUTRAL,7737.82,7441.9,8329.66,2.0,100.0,0.19,0.37,-1.0,SL_HIT,2026-01-21,3,0.21,1.38,0,0,0,1,0,0.43
OFSS,EOD_CHALL_I_MONOTONIC_RUBRIC,2026-01-16,VAL,NEUTRAL,7737.82,7441.9,8329.66,2.0,100.0,0.19,0.37,-1.0,SL_HIT,2026-01-21,3,0.21,1.38,0,0,0,1,0,0.43
TECHM,EOD_CHAMPION_V1,2026-01-16,VAL,BULL,1628.19,1568.9,1746.77,2.0,100.0,0.68,1.25,2.0,T1_HIT,2026-02-03,11,3.02,0.17,1,1,1,0,0,0.0
TECHM,EOD_CHALL_A_THRUST,2026-01-16,VAL,BULL,1628.19,1568.9,1746.77,2.0,100.0,0.68,1.25,2.0,T1_HIT,2026-02-03,11,3.02,0.17,1,1,1,0,0,0.0
TECHM,EOD_CHALL_B_SCORE80,2026-01-16,VAL,BULL,1628.19,1568.9,1746.77,2.0,100.0,0.68,1.25,2.0,T1_HIT,2026-02-03,11,3.02,0.17,1,1,1,0,0,0.0
TECHM,EOD_CHALL_C_EXTENSION,2026-01-16,VAL,BULL,1628.19,1568.9,1746.77,2.0,100.0,0.68,1.25,2.0,T1_HIT,2026-02-03,11,3.02,0.17,1,1,1,0,0,0.0
TECHM,EOD_CHALL_D_THRUST_030,2026-01-16,VAL,BULL,1628.19,1568.9,1746.77,2.0,100.0,0.68,1.25,2.0,T1_HIT,2026-02-03,11,3.02,0.17,1,1,1,0,0,0.0
TECHM,EOD_CHALL_E_COMBINED,2026-01-16,VAL,BULL,1628.19,1568.9,1746.77,2.0,100.0,0.68,1.25,2.0,T1_HIT,2026-02-03,11,3.02,0.17,1,1,1,0,0,0.0
TECHM,EOD_CHALL_F_CALIBRATED_SCORE,2026-01-16,VAL,BULL,1628.19,1568.9,1746.77,2.0,100.0,0.68,1.25,2.0,T1_HIT,2026-02-03,11,3.02,0.17,1,1,1,0,0,0.0
TECHM,EOD_CHALL_G_SWEET_SPOT,2026-01-16,VAL,BULL,1628.19,1568.9,1746.77,2.0,100.0,0.68,1.25,2.0,T1_HIT,2026-02-03,11,3.02,0.17,1,1,1,0,0,0.0
TECHM,EOD_CHALL_H_THRUST_CALIBRATED,2026-01-16,VAL,BULL,1628.19,1568.9,1746.77,2.0,100.0,0.68,1.25,2.0,T1_HIT,2026-02-03,11,3.02,0.17,1,1,1,0,0,0.0
TECHM,EOD_CHALL_I_MONOTONIC_RUBRIC,2026-01-16,VAL,BULL,1628.19,1568.9,1746.77,2.0,100.0,0.68,1.25,2.0,T1_HIT,2026-02-03,11,3.02,0.17,1,1,1,0,0,0.0
AETHER,EOD_CHAMPION_V1,2026-02-02,VAL,BULL,1038.0,980.88,1152.24,2.0,85.0,0.47,1.59,-1.0,SL_HIT,2026-02-09,5,0.8,1.03,0,0,0,0,0,-0.32
AETHER,EOD_CHALL_B_SCORE80,2026-02-02,VAL,BULL,1038.0,980.88,1152.24,2.0,85.0,0.47,1.59,-1.0,SL_HIT,2026-02-09,5,0.8,1.03,0,0,0,0,0,-0.32
AETHER,EOD_CHALL_C_EXTENSION,2026-02-02,VAL,BULL,1038.0,980.88,1152.24,2.0,85.0,0.47,1.59,-1.0,SL_HIT,2026-02-09,5,0.8,1.03,0,0,0,0,0,-0.32
AETHER,EOD_CHALL_D_THRUST_030,2026-02-02,VAL,BULL,1038.0,980.88,1152.24,2.0,85.0,0.47,1.59,-1.0,SL_HIT,2026-02-09,5,0.8,1.03,0,0,0,0,0,-0.32
AETHER,EOD_CHALL_E_COMBINED,2026-02-02,VAL,BULL,1038.0,980.88,1152.24,2.0,85.0,0.47,1.59,-1.0,SL_HIT,2026-02-09,5,0.8,1.03,0,0,0,0,0,-0.32
AETHER,EOD_CHALL_F_CALIBRATED_SCORE,2026-02-02,VAL,BULL,1038.0,980.88,1152.24,2.0,85.0,0.47,1.59,-1.0,SL_HIT,2026-02-09,5,0.8,1.03,0,0,0,0,0,-0.32
AETHER,EOD_CHALL_G_SWEET_SPOT,2026-02-02,VAL,BULL,1038.0,980.88,1152.24,2.0,85.0,0.47,1.59,-1.0,SL_HIT,2026-02-09,5,0.8,1.03,0,0,0,0,0,-0.32
AETHER,EOD_CHALL_H_THRUST_CALIBRATED,2026-02-02,VAL,BULL,1038.0,980.88,1152.24,2.0,85.0,0.47,1.59,-1.0,SL_HIT,2026-02-09,5,0.8,1.03,0,0,0,0,0,-0.32
AETHER,EOD_CHALL_I_MONOTONIC_RUBRIC,2026-02-02,VAL,BULL,1038.0,980.88,1152.24,2.0,90.0,0.47,1.59,-1.0,SL_HIT,2026-02-09,5,0.8,1.03,0,0,0,0,0,-0.32
AKUMS,EOD_CHAMPION_V1,2026-02-09,VAL,BULL,465.0,440.09,514.82,2.0,100.0,0.74,2.01,1.33,EXPIRED_POS,2026-03-10,20,1.55,0.76,1,1,0,0,0,0.0
AKUMS,EOD_CHALL_A_THRUST,2026-02-09,VAL,BULL,465.0,440.09,514.82,2.0,100.0,0.74,2.01,1.33,EXPIRED_POS,2026-03-10,20,1.55,0.76,1,1,0,0,0,0.0
AKUMS,EOD_CHALL_B_SCORE80,2026-02-09,VAL,BULL,465.0,440.09,514.82,2.0,100.0,0.74,2.01,1.33,EXPIRED_POS,2026-03-10,20,1.55,0.76,1,1,0,0,0,0.0
AKUMS,EOD_CHALL_C_EXTENSION,2026-02-09,VAL,BULL,465.0,440.09,514.82,2.0,100.0,0.74,2.01,1.33,EXPIRED_POS,2026-03-10,20,1.55,0.76,1,1,0,0,0,0.0
AKUMS,EOD_CHALL_D_THRUST_030,2026-02-09,VAL,BULL,465.0,440.09,514.82,2.0,100.0,0.74,2.01,1.33,EXPIRED_POS,2026-03-10,20,1.55,0.76,1,1,0,0,0,0.0
AKUMS,EOD_CHALL_E_COMBINED,2026-02-09,VAL,BULL,465.0,440.09,514.82,2.0,100.0,0.74,2.01,1.33,EXPIRED_POS,2026-03-10,20,1.55,0.76,1,1,0,0,0,0.0
AKUMS,EOD_CHALL_F_CALIBRATED_SCORE,2026-02-09,VAL,BULL,465.0,440.09,514.82,2.0,100.0,0.74,2.01,1.33,EXPIRED_POS,2026-03-10,20,1.55,0.76,1,1,0,0,0,0.0
AKUMS,EOD_CHALL_G_SWEET_SPOT,2026-02-09,VAL,BULL,465.0,440.09,514.82,2.0,100.0,0.74,2.01,1.33,EXPIRED_POS,2026-03-10,20,1.55,0.76,1,1,0,0,0,0.0
AKUMS,EOD_CHALL_H_THRUST_CALIBRATED,2026-02-09,VAL,BULL,465.0,440.09,514.82,2.0,100.0,0.74,2.01,1.33,EXPIRED_POS,2026-03-10,20,1.55,0.76,1,1,0,0,0,0.0
AKUMS,EOD_CHALL_I_MONOTONIC_RUBRIC,2026-02-09,VAL,BULL,465.0,440.09,514.82,2.0,90.0,0.74,2.01,1.33,EXPIRED_POS,2026-03-10,20,1.55,0.76,1,1,0,0,0,0.0
BAYERCROP,EOD_CHAMPION_V1,2026-02-09,VAL,NEUTRAL,4637.0,4461.77,4987.46,2.0,85.0,1.37,2.66,-1.0,SL_HIT,2026-03-05,17,1.88,1.17,1,1,0,0,0,-0.07
BAYERCROP,EOD_CHALL_A_THRUST,2026-02-09,VAL,NEUTRAL,4637.0,4461.77,4987.46,2.0,85.0,1.37,2.66,-1.0,SL_HIT,2026-03-05,17,1.88,1.17,1,1,0,0,0,-0.07
BAYERCROP,EOD_CHALL_B_SCORE80,2026-02-09,VAL,NEUTRAL,4637.0,4461.77,4987.46,2.0,85.0,1.37,2.66,-1.0,SL_HIT,2026-03-05,17,1.88,1.17,1,1,0,0,0,-0.07
BAYERCROP,EOD_CHALL_D_THRUST_030,2026-02-09,VAL,NEUTRAL,4637.0,4461.77,4987.46,2.0,85.0,1.37,2.66,-1.0,SL_HIT,2026-03-05,17,1.88,1.17,1,1,0,0,0,-0.07
BAYERCROP,EOD_CHALL_F_CALIBRATED_SCORE,2026-02-09,VAL,NEUTRAL,4637.0,4461.77,4987.46,2.0,70.0,1.37,2.66,-1.0,SL_HIT,2026-03-05,17,1.88,1.17,1,1,0,0,0,-0.07
BAYERCROP,EOD_CHALL_I_MONOTONIC_RUBRIC,2026-02-09,VAL,NEUTRAL,4637.0,4461.77,4987.46,2.0,75.0,1.37,2.66,-1.0,SL_HIT,2026-03-05,17,1.88,1.17,1,1,0,0,0,-0.07
CROMPTON,EOD_CHAMPION_V1,2026-02-09,VAL,NEUTRAL,259.8,245.73,287.94,2.0,100.0,0.49,1.49,-1.12,SL_HIT,2026-03-02,15,0.83,1.15,0,0,0,0,0,-0.79
CROMPTON,EOD_CHALL_B_SCORE80,2026-02-09,VAL,NEUTRAL,259.8,245.73,287.94,2.0,100.0,0.49,1.49,-1.12,SL_HIT,2026-03-02,15,0.83,1.15,0,0,0,0,0,-0.79
CROMPTON,EOD_CHALL_C_EXTENSION,2026-02-09,VAL,NEUTRAL,259.8,245.73,287.94,2.0,100.0,0.49,1.49,-1.12,SL_HIT,2026-03-02,15,0.83,1.15,0,0,0,0,0,-0.79
CROMPTON,EOD_CHALL_D_THRUST_030,2026-02-09,VAL,NEUTRAL,259.8,245.73,287.94,2.0,100.0,0.49,1.49,-1.12,SL_HIT,2026-03-02,15,0.83,1.15,0,0,0,0,0,-0.79
CROMPTON,EOD_CHALL_E_COMBINED,2026-02-09,VAL,NEUTRAL,259.8,245.73,287.94,2.0,100.0,0.49,1.49,-1.12,SL_HIT,2026-03-02,15,0.83,1.15,0,0,0,0,0,-0.79
CROMPTON,EOD_CHALL_F_CALIBRATED_SCORE,2026-02-09,VAL,NEUTRAL,259.8,245.73,287.94,2.0,100.0,0.49,1.49,-1.12,SL_HIT,2026-03-02,15,0.83,1.15,0,0,0,0,0,-0.79
CROMPTON,EOD_CHALL_G_SWEET_SPOT,2026-02-09,VAL,NEUTRAL,259.8,245.73,287.94,2.0,100.0,0.49,1.49,-1.12,SL_HIT,2026-03-02,15,0.83,1.15,0,0,0,0,0,-0.79
CROMPTON,EOD_CHALL_H_THRUST_CALIBRATED,2026-02-09,VAL,NEUTRAL,259.8,245.73,287.94,2.0,100.0,0.49,1.49,-1.12,SL_HIT,2026-03-02,15,0.83,1.15,0,0,0,0,0,-0.79
CROMPTON,EOD_CHALL_I_MONOTONIC_RUBRIC,2026-02-09,VAL,NEUTRAL,259.8,245.73,287.94,2.0,100.0,0.49,1.49,-1.12,SL_HIT,2026-03-02,15,0.83,1.15,0,0,0,0,0,-0.79
IMFA,EOD_CHAMPION_V1,2026-02-09,VAL,BULL,1451.5,1329.6,1695.3,2.0,60.0,0.91,4.8,-1.0,SL_HIT,2026-02-19,8,0.21,1.17,0,0,0,0,0,-1.06
IMFA,EOD_CHALL_A_THRUST,2026-02-09,VAL,BULL,1451.5,1329.6,1695.3,2.0,60.0,0.91,4.8,-1.0,SL_HIT,2026-02-19,8,0.21,1.17,0,0,0,0,0,-1.06
IMFA,EOD_CHALL_D_THRUST_030,2026-02-09,VAL,BULL,1451.5,1329.6,1695.3,2.0,60.0,0.91,4.8,-1.0,SL_HIT,2026-02-19,8,0.21,1.17,0,0,0,0,0,-1.06
JAMNAAUTO,EOD_CHAMPION_V1,2026-02-09,VAL,BULL,135.14,129.41,146.6,2.0,85.0,0.06,0.25,2.0,T1_HIT,2026-02-13,4,2.23,0.98,1,1,1,0,0,0.0
JAMNAAUTO,EOD_CHALL_B_SCORE80,2026-02-09,VAL,BULL,135.14,129.41,146.6,2.0,85.0,0.06,0.25,2.0,T1_HIT,2026-02-13,4,2.23,0.98,1,1,1,0,0,0.0
JAMNAAUTO,EOD_CHALL_C_EXTENSION,2026-02-09,VAL,BULL,135.14,129.41,146.6,2.0,85.0,0.06,0.25,2.0,T1_HIT,2026-02-13,4,2.23,0.98,1,1,1,0,0,0.0
JAMNAAUTO,EOD_CHALL_F_CALIBRATED_SCORE,2026-02-09,VAL,BULL,135.14,129.41,146.6,2.0,85.0,0.06,0.25,2.0,T1_HIT,2026-02-13,4,2.23,0.98,1,1,1,0,0,0.0
JAMNAAUTO,EOD_CHALL_G_SWEET_SPOT,2026-02-09,VAL,BULL,135.14,129.41,146.6,2.0,85.0,0.06,0.25,2.0,T1_HIT,2026-02-13,4,2.23,0.98,1,1,1,0,0,0.0
JAMNAAUTO,EOD_CHALL_I_MONOTONIC_RUBRIC,2026-02-09,VAL,BULL,135.14,129.41,146.6,2.0,90.0,0.06,0.25,2.0,T1_HIT,2026-02-13,4,2.23,0.98,1,1,1,0,0,0.0
JGCHEM,EOD_CHAMPION_V1,2026-02-09,VAL,BEAR,364.75,333.0,428.25,2.0,85.0,1.19,5.45,-0.16,EXPIRED_NEG,2026-03-10,20,1.61,0.7,1,1,0,0,0,0.0
JGCHEM,EOD_CHALL_A_THRUST,2026-02-09,VAL,BEAR,364.75,333.0,428.25,2.0,85.0,1.19,5.45,-0.16,EXPIRED_NEG,2026-03-10,20,1.61,0.7,1,1,0,0,0,0.0
JGCHEM,EOD_CHALL_B_SCORE80,2026-02-09,VAL,BEAR,364.75,333.0,428.25,2.0,85.0,1.19,5.45,-0.16,EXPIRED_NEG,2026-03-10,20,1.61,0.7,1,1,0,0,0,0.0
JGCHEM,EOD_CHALL_D_THRUST_030,2026-02-09,VAL,BEAR,364.75,333.0,428.25,2.0,85.0,1.19,5.45,-0.16,EXPIRED_NEG,2026-03-10,20,1.61,0.7,1,1,0,0,0,0.0
JGCHEM,EOD_CHALL_F_CALIBRATED_SCORE,2026-02-09,VAL,BEAR,364.75,333.0,428.25,2.0,70.0,1.19,5.45,-0.16,EXPIRED_NEG,2026-03-10,20,1.61,0.7,1,1,0,0,0,0.0
KAYNES,EOD_CHAMPION_V1,2026-02-09,VAL,BEAR,3943.7,3652.8,4525.5,2.0,100.0,0.81,3.65,-1.0,SL_HIT,2026-03-04,16,0.8,1.13,0,0,0,0,0,-0.3
KAYNES,EOD_CHALL_A_THRUST,2026-02-09,VAL,BEAR,3943.7,3652.8,4525.5,2.0,100.0,0.81,3.65,-1.0,SL_HIT,2026-03-04,16,0.8,1.13,0,0,0,0,0,-0.3
KAYNES,EOD_CHALL_B_SCORE80,2026-02-09,VAL,BEAR,3943.7,3652.8,4525.5,2.0,100.0,0.81,3.65,-1.0,SL_HIT,2026-03-04,16,0.8,1.13,0,0,0,0,0,-0.3
KAYNES,EOD_CHALL_D_THRUST_030,2026-02-09,VAL,BEAR,3943.7,3652.8,4525.5,2.0,100.0,0.81,3.65,-1.0,SL_HIT,2026-03-04,16,0.8,1.13,0,0,0,0,0,-0.3
KAYNES,EOD_CHALL_F_CALIBRATED_SCORE,2026-02-09,VAL,BEAR,3943.7,3652.8,4525.5,2.0,85.0,0.81,3.65,-1.0,SL_HIT,2026-03-04,16,0.8,1.13,0,0,0,0,0,-0.3
KAYNES,EOD_CHALL_G_SWEET_SPOT,2026-02-09,VAL,BEAR,3943.7,3652.8,4525.5,2.0,100.0,0.81,3.65,-1.0,SL_HIT,2026-03-04,16,0.8,1.13,0,0,0,0,0,-0.3
KAYNES,EOD_CHALL_I_MONOTONIC_RUBRIC,2026-02-09,VAL,BEAR,3943.7,3652.8,4525.5,2.0,80.0,0.81,3.65,-1.0,SL_HIT,2026-03-04,16,0.8,1.13,0,0,0,0,0,-0.3
NAVINFLUOR,EOD_CHAMPION_V1,2026-02-09,VAL,BULL,6590.07,6206.61,7356.99,2.0,70.0,0.6,1.93,-1.0,SL_HIT,2026-02-16,5,0.96,1.01,0,0,0,1,0,0.18
NAVINFLUOR,EOD_CHALL_A_THRUST,2026-02-09,VAL,BULL,6590.07,6206.61,7356.99,2.0,70.0,0.6,1.93,-1.0,SL_HIT,2026-02-16,5,0.96,1.01,0,0,0,1,0,0.18
NAVINFLUOR,EOD_CHALL_C_EXTENSION,2026-02-09,VAL,BULL,6590.07,6206.61,7356.99,2.0,70.0,0.6,1.93,-1.0,SL_HIT,2026-02-16,5,0.96,1.01,0,0,0,1,0,0.18
NAVINFLUOR,EOD_CHALL_D_THRUST_030,2026-02-09,VAL,BULL,6590.07,6206.61,7356.99,2.0,70.0,0.6,1.93,-1.0,SL_HIT,2026-02-16,5,0.96,1.01,0,0,0,1,0,0.18
NAVINFLUOR,EOD_CHALL_F_CALIBRATED_SCORE,2026-02-09,VAL,BULL,6590.07,6206.61,7356.99,2.0,70.0,0.6,1.93,-1.0,SL_HIT,2026-02-16,5,0.96,1.01,0,0,0,1,0,0.18
NAVINFLUOR,EOD_CHALL_G_SWEET_SPOT,2026-02-09,VAL,BULL,6590.07,6206.61,7356.99,2.0,70.0,0.6,1.93,-1.0,SL_HIT,2026-02-16,5,0.96,1.01,0,0,0,1,0,0.18
NAVINFLUOR,EOD_CHALL_H_THRUST_CALIBRATED,2026-02-09,VAL,BULL,6590.07,6206.61,7356.99,2.0,70.0,0.6,1.93,-1.0,SL_HIT,2026-02-16,5,0.96,1.01,0,0,0,1,0,0.18
NAVINFLUOR,EOD_CHALL_I_MONOTONIC_RUBRIC,2026-02-09,VAL,BULL,6590.07,6206.61,7356.99,2.0,75.0,0.6,1.93,-1.0,SL_HIT,2026-02-16,5,0.96,1.01,0,0,0,1,0,0.18
SKYGOLD,EOD_CHAMPION_V1,2026-02-09,VAL,BULL,349.65,325.68,397.59,2.0,85.0,0.74,3.07,-1.0,SL_HIT,2026-02-10,1,0.2,1.02,0,0,0,1,0,1.58
SKYGOLD,EOD_CHALL_A_THRUST,2026-02-09,VAL,BULL,349.65,325.68,397.59,2.0,85.0,0.74,3.07,-1.0,SL_HIT,2026-02-10,1,0.2,1.02,0,0,0,1,0,1.58
SKYGOLD,EOD_CHALL_B_SCORE80,2026-02-09,VAL,BULL,349.65,325.68,397.59,2.0,85.0,0.74,3.07,-1.0,SL_HIT,2026-02-10,1,0.2,1.02,0,0,0,1,0,1.58
SKYGOLD,EOD_CHALL_D_THRUST_030,2026-02-09,VAL,BULL,349.65,325.68,397.59,2.0,85.0,0.74,3.07,-1.0,SL_HIT,2026-02-10,1,0.2,1.02,0,0,0,1,0,1.58
SKYGOLD,EOD_CHALL_F_CALIBRATED_SCORE,2026-02-09,VAL,BULL,349.65,325.68,397.59,2.0,70.0,0.74,3.07,-1.0,SL_HIT,2026-02-10,1,0.2,1.02,0,0,0,1,0,1.58
AZAD,EOD_CHAMPION_V1,2026-02-23,VAL,BEAR,1035.7,1021.89,1063.32,2.0,100.0,1.01,0.68,2.0,T1_HIT,2026-03-05,9,3.23,0.63,1,1,1,0,0,0.0
AZAD,EOD_CHALL_A_THRUST,2026-02-23,VAL,BEAR,1035.7,1021.89,1063.32,2.0,100.0,1.01,0.68,2.0,T1_HIT,2026-03-05,9,3.23,0.63,1,1,1,0,0,0.0
AZAD,EOD_CHALL_B_SCORE80,2026-02-23,VAL,BEAR,1035.7,1021.89,1063.32,2.0,100.0,1.01,0.68,2.0,T1_HIT,2026-03-05,9,3.23,0.63,1,1,1,0,0,0.0
AZAD,EOD_CHALL_C_EXTENSION,2026-02-23,VAL,BEAR,1035.7,1021.89,1063.32,2.0,100.0,1.01,0.68,2.0,T1_HIT,2026-03-05,9,3.23,0.63,1,1,1,0,0,0.0
AZAD,EOD_CHALL_D_THRUST_030,2026-02-23,VAL,BEAR,1035.7,1021.89,1063.32,2.0,100.0,1.01,0.68,2.0,T1_HIT,2026-03-05,9,3.23,0.63,1,1,1,0,0,0.0
AZAD,EOD_CHALL_E_COMBINED,2026-02-23,VAL,BEAR,1035.7,1021.89,1063.32,2.0,100.0,1.01,0.68,2.0,T1_HIT,2026-03-05,9,3.23,0.63,1,1,1,0,0,0.0
AZAD,EOD_CHALL_F_CALIBRATED_SCORE,2026-02-23,VAL,BEAR,1035.7,1021.89,1063.32,2.0,100.0,1.01,0.68,2.0,T1_HIT,2026-03-05,9,3.23,0.63,1,1,1,0,0,0.0
AZAD,EOD_CHALL_G_SWEET_SPOT,2026-02-23,VAL,BEAR,1035.7,1021.89,1063.32,2.0,100.0,1.01,0.68,2.0,T1_HIT,2026-03-05,9,3.23,0.63,1,1,1,0,0,0.0
AZAD,EOD_CHALL_H_THRUST_CALIBRATED,2026-02-23,VAL,BEAR,1035.7,1021.89,1063.32,2.0,100.0,1.01,0.68,2.0,T1_HIT,2026-03-05,9,3.23,0.63,1,1,1,0,0,0.0
AZAD,EOD_CHALL_I_MONOTONIC_RUBRIC,2026-02-23,VAL,BEAR,1035.7,1021.89,1063.32,2.0,100.0,1.01,0.68,2.0,T1_HIT,2026-03-05,9,3.23,0.63,1,1,1,0,0,0.0
INDIANB,EOD_CHAMPION_V1,2026-02-23,VAL,BULL,962.25,910.16,1066.43,2.0,70.0,1.14,3.18,-1.0,SL_HIT,2026-03-04,6,0.32,1.26,0,0,0,0,0,-0.48
INDIANB,EOD_CHALL_A_THRUST,2026-02-23,VAL,BULL,962.25,910.16,1066.43,2.0,70.0,1.14,3.18,-1.0,SL_HIT,2026-03-04,6,0.32,1.26,0,0,0,0,0,-0.48
INDIANB,EOD_CHALL_D_THRUST_030,2026-02-23,VAL,BULL,962.25,910.16,1066.43,2.0,70.0,1.14,3.18,-1.0,SL_HIT,2026-03-04,6,0.32,1.26,0,0,0,0,0,-0.48
INDIANB,EOD_CHALL_G_SWEET_SPOT,2026-02-23,VAL,BULL,962.25,910.16,1066.43,2.0,70.0,1.14,3.18,-1.0,SL_HIT,2026-03-04,6,0.32,1.26,0,0,0,0,0,-0.48
KPIL,EOD_CHAMPION_V1,2026-02-23,VAL,NEUTRAL,1177.57,1118.56,1295.59,2.0,70.0,0.32,1.06,-1.0,SL_HIT,2026-03-04,6,1.05,1.27,1,0,0,0,0,-0.4
KPIL,EOD_CHALL_C_EXTENSION,2026-02-23,VAL,NEUTRAL,1177.57,1118.56,1295.59,2.0,70.0,0.32,1.06,-1.0,SL_HIT,2026-03-04,6,1.05,1.27,1,0,0,0,0,-0.4
KPIL,EOD_CHALL_D_THRUST_030,2026-02-23,VAL,NEUTRAL,1177.57,1118.56,1295.59,2.0,70.0,0.32,1.06,-1.0,SL_HIT,2026-03-04,6,1.05,1.27,1,0,0,0,0,-0.4
KPIL,EOD_CHALL_F_CALIBRATED_SCORE,2026-02-23,VAL,NEUTRAL,1177.57,1118.56,1295.59,2.0,70.0,0.32,1.06,-1.0,SL_HIT,2026-03-04,6,1.05,1.27,1,0,0,0,0,-0.4
KPIL,EOD_CHALL_G_SWEET_SPOT,2026-02-23,VAL,NEUTRAL,1177.57,1118.56,1295.59,2.0,70.0,0.32,1.06,-1.0,SL_HIT,2026-03-04,6,1.05,1.27,1,0,0,0,0,-0.4
KPIL,EOD_CHALL_I_MONOTONIC_RUBRIC,2026-02-23,VAL,NEUTRAL,1177.57,1118.56,1295.59,2.0,70.0,0.32,1.06,-1.0,SL_HIT,2026-03-04,6,1.05,1.27,1,0,0,0,0,-0.4
PRIVISCL,EOD_CHAMPION_V1,2026-02-23,VAL,BULL,2994.8,2826.42,3331.56,2.0,85.0,0.95,2.74,-1.0,SL_HIT,2026-03-04,6,0.32,1.07,0,0,0,1,0,0.04
PRIVISCL,EOD_CHALL_A_THRUST,2026-02-23,VAL,BULL,2994.8,2826.42,3331.56,2.0,85.0,0.95,2.74,-1.0,SL_HIT,2026-03-04,6,0.32,1.07,0,0,0,1,0,0.04
PRIVISCL,EOD_CHALL_B_SCORE80,2026-02-23,VAL,BULL,2994.8,2826.42,3331.56,2.0,85.0,0.95,2.74,-1.0,SL_HIT,2026-03-04,6,0.32,1.07,0,0,0,1,0,0.04
PRIVISCL,EOD_CHALL_D_THRUST_030,2026-02-23,VAL,BULL,2994.8,2826.42,3331.56,2.0,85.0,0.95,2.74,-1.0,SL_HIT,2026-03-04,6,0.32,1.07,0,0,0,1,0,0.04
PRIVISCL,EOD_CHALL_F_CALIBRATED_SCORE,2026-02-23,VAL,BULL,2994.8,2826.42,3331.56,2.0,70.0,0.95,2.74,-1.0,SL_HIT,2026-03-04,6,0.32,1.07,0,0,0,1,0,0.04
PRIVISCL,EOD_CHALL_I_MONOTONIC_RUBRIC,2026-02-23,VAL,BULL,2994.8,2826.42,3331.56,2.0,75.0,0.95,2.74,-1.0,SL_HIT,2026-03-04,6,0.32,1.07,0,0,0,1,0,0.04
KEI,EOD_CHAMPION_V1,2026-03-02,VAL,BULL,5206.0,4906.73,5804.54,2.0,70.0,0.64,1.88,-1.0,SL_HIT,2026-03-05,2,0.0,1.15,0,0,0,0,0,-0.69
KEI,EOD_CHALL_A_THRUST,2026-03-02,VAL,BULL,5206.0,4906.73,5804.54,2.0,70.0,0.64,1.88,-1.0,SL_HIT,2026-03-05,2,0.0,1.15,0,0,0,0,0,-0.69
KEI,EOD_CHALL_C_EXTENSION,2026-03-02,VAL,BULL,5206.0,4906.73,5804.54,2.0,70.0,0.64,1.88,-1.0,SL_HIT,2026-03-05,2,0.0,1.15,0,0,0,0,0,-0.69
KEI,EOD_CHALL_D_THRUST_030,2026-03-02,VAL,BULL,5206.0,4906.73,5804.54,2.0,70.0,0.64,1.88,-1.0,SL_HIT,2026-03-05,2,0.0,1.15,0,0,0,0,0,-0.69
KEI,EOD_CHALL_F_CALIBRATED_SCORE,2026-03-02,VAL,BULL,5206.0,4906.73,5804.54,2.0,70.0,0.64,1.88,-1.0,SL_HIT,2026-03-05,2,0.0,1.15,0,0,0,0,0,-0.69
KEI,EOD_CHALL_G_SWEET_SPOT,2026-03-02,VAL,BULL,5206.0,4906.73,5804.54,2.0,70.0,0.64,1.88,-1.0,SL_HIT,2026-03-05,2,0.0,1.15,0,0,0,0,0,-0.69
KEI,EOD_CHALL_H_THRUST_CALIBRATED,2026-03-02,VAL,BULL,5206.0,4906.73,5804.54,2.0,70.0,0.64,1.88,-1.0,SL_HIT,2026-03-05,2,0.0,1.15,0,0,0,0,0,-0.69
KEI,EOD_CHALL_I_MONOTONIC_RUBRIC,2026-03-02,VAL,BULL,5206.0,4906.73,5804.54,2.0,75.0,0.64,1.88,-1.0,SL_HIT,2026-03-05,2,0.0,1.15,0,0,0,0,0,-0.69
EMCURE,EOD_CHAMPION_V1,2026-03-10,VAL,BULL,1567.8,1502.59,1698.22,2.0,70.0,0.05,0.17,-1.0,SL_HIT,2026-03-13,3,0.22,2.07,0,0,0,1,0,1.59
EMCURE,EOD_CHALL_C_EXTENSION,2026-03-10,VAL,BULL,1567.8,1502.59,1698.22,2.0,70.0,0.05,0.17,-1.0,SL_HIT,2026-03-13,3,0.22,2.07,0,0,0,1,0,1.59
EMCURE,EOD_CHALL_F_CALIBRATED_SCORE,2026-03-10,VAL,BULL,1567.8,1502.59,1698.22,2.0,70.0,0.05,0.17,-1.0,SL_HIT,2026-03-13,3,0.22,2.07,0,0,0,1,0,1.59
EMCURE,EOD_CHALL_G_SWEET_SPOT,2026-03-10,VAL,BULL,1567.8,1502.59,1698.22,2.0,70.0,0.05,0.17,-1.0,SL_HIT,2026-03-13,3,0.22,2.07,0,0,0,1,0,1.59
EMCURE,EOD_CHALL_I_MONOTONIC_RUBRIC,2026-03-10,VAL,BULL,1567.8,1502.59,1698.22,2.0,75.0,0.05,0.17,-1.0,SL_HIT,2026-03-13,3,0.22,2.07,0,0,0,1,0,1.59
SHAILY,EOD_CHAMPION_V1,2026-03-17,VAL,BULL,2279.9,2091.94,2655.82,2.0,70.0,1.53,6.74,-1.0,SL_HIT,2026-03-30,8,1.2,1.14,1,0,0,0,0,-0.31
SHAILY,EOD_CHALL_A_THRUST,2026-03-17,VAL,BULL,2279.9,2091.94,2655.82,2.0,70.0,1.53,6.74,-1.0,SL_HIT,2026-03-30,8,1.2,1.14,1,0,0,0,0,-0.31
SHAILY,EOD_CHALL_D_THRUST_030,2026-03-17,VAL,BULL,2279.9,2091.94,2655.82,2.0,70.0,1.53,6.74,-1.0,SL_HIT,2026-03-30,8,1.2,1.14,1,0,0,0,0,-0.31
SHAILY,EOD_CHALL_G_SWEET_SPOT,2026-03-17,VAL,BULL,2279.9,2091.94,2655.82,2.0,70.0,1.53,6.74,-1.0,SL_HIT,2026-03-30,8,1.2,1.14,1,0,0,0,0,-0.31
COFORGE,EOD_CHAMPION_V1,2026-04-02,VAL,BEAR,1213.4,1148.93,1342.34,2.0,85.0,0.34,1.39,-1.0,SL_HIT,2026-04-24,14,1.88,1.2,1,1,0,1,0,0.26
COFORGE,EOD_CHALL_B_SCORE80,2026-04-02,VAL,BEAR,1213.4,1148.93,1342.34,2.0,85.0,0.34,1.39,-1.0,SL_HIT,2026-04-24,14,1.88,1.2,1,1,0,1,0,0.26
COFORGE,EOD_CHALL_C_EXTENSION,2026-04-02,VAL,BEAR,1213.4,1148.93,1342.34,2.0,85.0,0.34,1.39,-1.0,SL_HIT,2026-04-24,14,1.88,1.2,1,1,0,1,0,0.26
COFORGE,EOD_CHALL_D_THRUST_030,2026-04-02,VAL,BEAR,1213.4,1148.93,1342.34,2.0,85.0,0.34,1.39,-1.0,SL_HIT,2026-04-24,14,1.88,1.2,1,1,0,1,0,0.26
COFORGE,EOD_CHALL_E_COMBINED,2026-04-02,VAL,BEAR,1213.4,1148.93,1342.34,2.0,85.0,0.34,1.39,-1.0,SL_HIT,2026-04-24,14,1.88,1.2,1,1,0,1,0,0.26
COFORGE,EOD_CHALL_F_CALIBRATED_SCORE,2026-04-02,VAL,BEAR,1213.4,1148.93,1342.34,2.0,85.0,0.34,1.39,-1.0,SL_HIT,2026-04-24,14,1.88,1.2,1,1,0,1,0,0.26
COFORGE,EOD_CHALL_G_SWEET_SPOT,2026-04-02,VAL,BEAR,1213.4,1148.93,1342.34,2.0,85.0,0.34,1.39,-1.0,SL_HIT,2026-04-24,14,1.88,1.2,1,1,0,1,0,0.26
COFORGE,EOD_CHALL_I_MONOTONIC_RUBRIC,2026-04-02,VAL,BEAR,1213.4,1148.93,1342.34,2.0,85.0,0.34,1.39,-1.0,SL_HIT,2026-04-24,14,1.88,1.2,1,1,0,1,0,0.26
KRISHANA,EOD_CHAMPION_V1,2026-04-02,VAL,BULL,107.76,99.55,124.18,2.0,85.0,1.47,5.93,2.0,T1_HIT,2026-04-15,7,2.14,0.0,1,1,1,0,0,0.0
KRISHANA,EOD_CHALL_A_THRUST,2026-04-02,VAL,BULL,107.76,99.55,124.18,2.0,85.0,1.47,5.93,2.0,T1_HIT,2026-04-15,7,2.14,0.0,1,1,1,0,0,0.0
KRISHANA,EOD_CHALL_B_SCORE80,2026-04-02,VAL,BULL,107.76,99.55,124.18,2.0,85.0,1.47,5.93,2.0,T1_HIT,2026-04-15,7,2.14,0.0,1,1,1,0,0,0.0
KRISHANA,EOD_CHALL_D_THRUST_030,2026-04-02,VAL,BULL,107.76,99.55,124.18,2.0,85.0,1.47,5.93,2.0,T1_HIT,2026-04-15,7,2.14,0.0,1,1,1,0,0,0.0
KRISHANA,EOD_CHALL_F_CALIBRATED_SCORE,2026-04-02,VAL,BULL,107.76,99.55,124.18,2.0,70.0,1.47,5.93,2.0,T1_HIT,2026-04-15,7,2.14,0.0,1,1,1,0,0,0.0
PAGEIND,EOD_CHAMPION_V1,2026-04-02,VAL,BEAR,33812.07,32090.34,37255.53,2.0,75.0,0.57,1.48,2.0,T1_HIT,2026-04-17,9,2.51,0.12,1,1,1,0,0,0.0
PAGEIND,EOD_CHALL_A_THRUST,2026-04-02,VAL,BEAR,33812.07,32090.34,37255.53,2.0,75.0,0.57,1.48,2.0,T1_HIT,2026-04-17,9,2.51,0.12,1,1,1,0,0,0.0
PAGEIND,EOD_CHALL_C_EXTENSION,2026-04-02,VAL,BEAR,33812.07,32090.34,37255.53,2.0,75.0,0.57,1.48,2.0,T1_HIT,2026-04-17,9,2.51,0.12,1,1,1,0,0,0.0
PAGEIND,EOD_CHALL_D_THRUST_030,2026-04-02,VAL,BEAR,33812.07,32090.34,37255.53,2.0,75.0,0.57,1.48,2.0,T1_HIT,2026-04-17,9,2.51,0.12,1,1,1,0,0,0.0
PAGEIND,EOD_CHALL_E_COMBINED,2026-04-02,VAL,BEAR,33812.07,32090.34,37255.53,2.0,75.0,0.57,1.48,2.0,T1_HIT,2026-04-17,9,2.51,0.12,1,1,1,0,0,0.0
PAGEIND,EOD_CHALL_F_CALIBRATED_SCORE,2026-04-02,VAL,BEAR,33812.07,32090.34,37255.53,2.0,75.0,0.57,1.48,2.0,T1_HIT,2026-04-17,9,2.51,0.12,1,1,1,0,0,0.0
PAGEIND,EOD_CHALL_G_SWEET_SPOT,2026-04-02,VAL,BEAR,33812.07,32090.34,37255.53,2.0,75.0,0.57,1.48,2.0,T1_HIT,2026-04-17,9,2.51,0.12,1,1,1,0,0,0.0
PAGEIND,EOD_CHALL_H_THRUST_CALIBRATED,2026-04-02,VAL,BEAR,33812.07,32090.34,37255.53,2.0,75.0,0.57,1.48,2.0,T1_HIT,2026-04-17,9,2.51,0.12,1,1,1,0,0,0.0
PAGEIND,EOD_CHALL_I_MONOTONIC_RUBRIC,2026-04-02,VAL,BEAR,33812.07,32090.34,37255.53,2.0,80.0,0.57,1.48,2.0,T1_HIT,2026-04-17,9,2.51,0.12,1,1,1,0,0,0.0
SANGHVIMOV,EOD_CHAMPION_V1,2026-04-02,VAL,BEAR,286.67,261.12,337.77,2.0,55.0,0.88,5.39,1.38,EXPIRED_POS,2026-05-04,20,1.62,0.53,1,1,0,0,0,0.0
SANGHVIMOV,EOD_CHALL_A_THRUST,2026-04-02,VAL,BEAR,286.67,261.12,337.77,2.0,55.0,0.88,5.39,1.38,EXPIRED_POS,2026-05-04,20,1.62,0.53,1,1,0,0,0,0.0
SANGHVIMOV,EOD_CHALL_D_THRUST_030,2026-04-02,VAL,BEAR,286.67,261.12,337.77,2.0,55.0,0.88,5.39,1.38,EXPIRED_POS,2026-05-04,20,1.62,0.53,1,1,0,0,0,0.0
TRIVENI,EOD_CHAMPION_V1,2026-04-02,VAL,BULL,3036.78,2989.17,3132.0,2.0,85.0,0.26,0.21,-1.0,SL_HIT,2026-04-03,2,0.38,1.11,0,0,0,1,1,2.06
TRIVENI,EOD_CHALL_B_SCORE80,2026-04-02,VAL,BULL,3036.78,2989.17,3132.0,2.0,85.0,0.26,0.21,-1.0,SL_HIT,2026-04-03,2,0.38,1.11,0,0,0,1,1,2.06
TRIVENI,EOD_CHALL_C_EXTENSION,2026-04-02,VAL,BULL,3036.78,2989.17,3132.0,2.0,85.0,0.26,0.21,-1.0,SL_HIT,2026-04-03,2,0.38,1.11,0,0,0,1,1,2.06
TRIVENI,EOD_CHALL_F_CALIBRATED_SCORE,2026-04-02,VAL,BULL,3036.78,2989.17,3132.0,2.0,85.0,0.26,0.21,-1.0,SL_HIT,2026-04-03,2,0.38,1.11,0,0,0,1,1,2.06
TRIVENI,EOD_CHALL_G_SWEET_SPOT,2026-04-02,VAL,BULL,3036.78,2989.17,3132.0,2.0,85.0,0.26,0.21,-1.0,SL_HIT,2026-04-03,2,0.38,1.11,0,0,0,1,1,2.06
TRIVENI,EOD_CHALL_I_MONOTONIC_RUBRIC,2026-04-02,VAL,BULL,3036.78,2989.17,3132.0,2.0,90.0,0.26,0.21,-1.0,SL_HIT,2026-04-03,2,0.38,1.11,0,0,0,1,1,2.06
ABB,EOD_CHAMPION_V1,2026-04-10,VAL,BULL,6831.56,6443.85,7606.98,2.0,55.0,1.12,3.27,2.0,T1_HIT,2026-04-22,7,2.47,0.44,1,1,1,0,0,0.0
ABB,EOD_CHALL_A_THRUST,2026-04-10,VAL,BULL,6831.56,6443.85,7606.98,2.0,55.0,1.12,3.27,2.0,T1_HIT,2026-04-22,7,2.47,0.44,1,1,1,0,0,0.0
ABB,EOD_CHALL_D_THRUST_030,2026-04-10,VAL,BULL,6831.56,6443.85,7606.98,2.0,55.0,1.12,3.27,2.0,T1_HIT,2026-04-22,7,2.47,0.44,1,1,1,0,0,0.0
ACE,EOD_CHAMPION_V1,2026-04-10,VAL,BEAR,909.35,865.92,996.21,2.0,75.0,0.22,0.81,-1.0,SL_HIT,2026-05-08,19,1.32,1.47,1,0,0,1,0,0.86
ACE,EOD_CHALL_C_EXTENSION,2026-04-10,VAL,BEAR,909.35,865.92,996.21,2.0,75.0,0.22,0.81,-1.0,SL_HIT,2026-05-08,19,1.32,1.47,1,0,0,1,0,0.86
ACE,EOD_CHALL_F_CALIBRATED_SCORE,2026-04-10,VAL,BEAR,909.35,865.92,996.21,2.0,75.0,0.22,0.81,-1.0,SL_HIT,2026-05-08,19,1.32,1.47,1,0,0,1,0,0.86
ACE,EOD_CHALL_G_SWEET_SPOT,2026-04-10,VAL,BEAR,909.35,865.92,996.21,2.0,75.0,0.22,0.81,-1.0,SL_HIT,2026-05-08,19,1.32,1.47,1,0,0,1,0,0.86
ACE,EOD_CHALL_I_MONOTONIC_RUBRIC,2026-04-10,VAL,BEAR,909.35,865.92,996.21,2.0,80.0,0.22,0.81,-1.0,SL_HIT,2026-05-08,19,1.32,1.47,1,0,0,1,0,0.86
ADANIENSOL,EOD_CHAMPION_V1,2026-04-10,VAL,BULL,1157.9,1071.0,1331.7,2.0,70.0,1.68,6.72,2.0,T1_HIT,2026-04-22,7,2.59,0.5,1,1,1,0,0,0.0
ADANIENSOL,EOD_CHALL_A_THRUST,2026-04-10,VAL,BULL,1157.9,1071.0,1331.7,2.0,70.0,1.68,6.72,2.0,T1_HIT,2026-04-22,7,2.59,0.5,1,1,1,0,0,0.0
ADANIENSOL,EOD_CHALL_D_THRUST_030,2026-04-10,VAL,BULL,1157.9,1071.0,1331.7,2.0,70.0,1.68,6.72,2.0,T1_HIT,2026-04-22,7,2.59,0.5,1,1,1,0,0,0.0
ADANIENSOL,EOD_CHALL_G_SWEET_SPOT,2026-04-10,VAL,BULL,1157.9,1071.0,1331.7,2.0,70.0,1.68,6.72,2.0,T1_HIT,2026-04-22,7,2.59,0.5,1,1,1,0,0,0.0
ASIANPAINT,EOD_CHAMPION_V1,2026-04-10,VAL,BEAR,2340.39,2226.84,2567.49,2.0,100.0,0.42,1.02,2.0,T1_HIT,2026-05-08,19,2.15,0.86,1,1,1,0,0,0.0
ASIANPAINT,EOD_CHALL_B_SCORE80,2026-04-10,VAL,BEAR,2340.39,2226.84,2567.49,2.0,100.0,0.42,1.02,2.0,T1_HIT,2026-05-08,19,2.15,0.86,1,1,1,0,0,0.0
ASIANPAINT,EOD_CHALL_C_EXTENSION,2026-04-10,VAL,BEAR,2340.39,2226.84,2567.49,2.0,100.0,0.42,1.02,2.0,T1_HIT,2026-05-08,19,2.15,0.86,1,1,1,0,0,0.0
ASIANPAINT,EOD_CHALL_D_THRUST_030,2026-04-10,VAL,BEAR,2340.39,2226.84,2567.49,2.0,100.0,0.42,1.02,2.0,T1_HIT,2026-05-08,19,2.15,0.86,1,1,1,0,0,0.0
ASIANPAINT,EOD_CHALL_E_COMBINED,2026-04-10,VAL,BEAR,2340.39,2226.84,2567.49,2.0,100.0,0.42,1.02,2.0,T1_HIT,2026-05-08,19,2.15,0.86,1,1,1,0,0,0.0
ASIANPAINT,EOD_CHALL_F_CALIBRATED_SCORE,2026-04-10,VAL,BEAR,2340.39,2226.84,2567.49,2.0,100.0,0.42,1.02,2.0,T1_HIT,2026-05-08,19,2.15,0.86,1,1,1,0,0,0.0
ASIANPAINT,EOD_CHALL_G_SWEET_SPOT,2026-04-10,VAL,BEAR,2340.39,2226.84,2567.49,2.0,100.0,0.42,1.02,2.0,T1_HIT,2026-05-08,19,2.15,0.86,1,1,1,0,0,0.0
ASIANPAINT,EOD_CHALL_H_THRUST_CALIBRATED,2026-04-10,VAL,BEAR,2340.39,2226.84,2567.49,2.0,100.0,0.42,1.02,2.0,T1_HIT,2026-05-08,19,2.15,0.86,1,1,1,0,0,0.0
ASIANPAINT,EOD_CHALL_I_MONOTONIC_RUBRIC,2026-04-10,VAL,BEAR,2340.39,2226.84,2567.49,2.0,100.0,0.42,1.02,2.0,T1_HIT,2026-05-08,19,2.15,0.86,1,1,1,0,0,0.0
AVANTIFEED,EOD_CHAMPION_V1,2026-04-10,VAL,BULL,1459.1,1315.02,1747.26,2.0,70.0,1.89,10.3,-1.0,SL_HIT,2026-05-04,15,0.93,1.07,0,0,0,1,0,0.08
AVANTIFEED,EOD_CHALL_A_THRUST,2026-04-10,VAL,BULL,1459.1,1315.02,1747.26,2.0,70.0,1.89,10.3,-1.0,SL_HIT,2026-05-04,15,0.93,1.07,0,0,0,1,0,0.08
AVANTIFEED,EOD_CHALL_D_THRUST_030,2026-04-10,VAL,BULL,1459.1,1315.02,1747.26,2.0,70.0,1.89,10.3,-1.0,SL_HIT,2026-05-04,15,0.93,1.07,0,0,0,1,0,0.08
AVANTIFEED,EOD_CHALL_G_SWEET_SPOT,2026-04-10,VAL,BULL,1459.1,1315.02,1747.26,2.0,70.0,1.89,10.3,-1.0,SL_HIT,2026-05-04,15,0.93,1.07,0,0,0,1,0,0.08
EXIDEIND,EOD_CHAMPION_V1,2026-04-10,VAL,BEAR,322.95,306.36,356.13,2.0,85.0,0.4,1.2,2.0,T1_HIT,2026-04-22,7,2.16,0.7,1,1,1,0,0,0.0
EXIDEIND,EOD_CHALL_B_SCORE80,2026-04-10,VAL,BEAR,322.95,306.36,356.13,2.0,85.0,0.4,1.2,2.0,T1_HIT,2026-04-22,7,2.16,0.7,1,1,1,0,0,0.0
EXIDEIND,EOD_CHALL_C_EXTENSION,2026-04-10,VAL,BEAR,322.95,306.36,356.13,2.0,85.0,0.4,1.2,2.0,T1_HIT,2026-04-22,7,2.16,0.7,1,1,1,0,0,0.0
EXIDEIND,EOD_CHALL_D_THRUST_030,2026-04-10,VAL,BEAR,322.95,306.36,356.13,2.0,85.0,0.4,1.2,2.0,T1_HIT,2026-04-22,7,2.16,0.7,1,1,1,0,0,0.0
EXIDEIND,EOD_CHALL_E_COMBINED,2026-04-10,VAL,BEAR,322.95,306.36,356.13,2.0,85.0,0.4,1.2,2.0,T1_HIT,2026-04-22,7,2.16,0.7,1,1,1,0,0,0.0
EXIDEIND,EOD_CHALL_F_CALIBRATED_SCORE,2026-04-10,VAL,BEAR,322.95,306.36,356.13,2.0,85.0,0.4,1.2,2.0,T1_HIT,2026-04-22,7,2.16,0.7,1,1,1,0,0,0.0
EXIDEIND,EOD_CHALL_G_SWEET_SPOT,2026-04-10,VAL,BEAR,322.95,306.36,356.13,2.0,85.0,0.4,1.2,2.0,T1_HIT,2026-04-22,7,2.16,0.7,1,1,1,0,0,0.0
EXIDEIND,EOD_CHALL_I_MONOTONIC_RUBRIC,2026-04-10,VAL,BEAR,322.95,306.36,356.13,2.0,85.0,0.4,1.2,2.0,T1_HIT,2026-04-22,7,2.16,0.7,1,1,1,0,0,0.0
INFOBEAN,EOD_CHAMPION_V1,2026-04-10,VAL,BULL,185.12,163.23,228.9,2.0,70.0,2.1,14.18,-0.8,EXPIRED_NEG,2026-05-11,20,0.94,0.94,0,0,0,0,0,0.0
INFOBEAN,EOD_CHALL_A_THRUST,2026-04-10,VAL,BULL,185.12,163.23,228.9,2.0,70.0,2.1,14.18,-0.8,EXPIRED_NEG,2026-05-11,20,0.94,0.94,0,0,0,0,0,0.0
INFOBEAN,EOD_CHALL_D_THRUST_030,2026-04-10,VAL,BULL,185.12,163.23,228.9,2.0,70.0,2.1,14.18,-0.8,EXPIRED_NEG,2026-05-11,20,0.94,0.94,0,0,0,0,0,0.0
INFOBEAN,EOD_CHALL_G_SWEET_SPOT,2026-04-10,VAL,BULL,185.12,163.23,228.9,2.0,70.0,2.1,14.18,-0.8,EXPIRED_NEG,2026-05-11,20,0.94,0.94,0,0,0,0,0,0.0
LUMAXTECH,EOD_CHAMPION_V1,2026-04-10,VAL,BULL,1823.3,1689.6,2090.7,2.0,70.0,0.75,3.6,-1.0,SL_HIT,2026-04-28,11,0.56,1.22,0,0,0,0,0,-0.43
LUMAXTECH,EOD_CHALL_A_THRUST,2026-04-10,VAL,BULL,1823.3,1689.6,2090.7,2.0,70.0,0.75,3.6,-1.0,SL_HIT,2026-04-28,11,0.56,1.22,0,0,0,0,0,-0.43
LUMAXTECH,EOD_CHALL_D_THRUST_030,2026-04-10,VAL,BULL,1823.3,1689.6,2090.7,2.0,70.0,0.75,3.6,-1.0,SL_HIT,2026-04-28,11,0.56,1.22,0,0,0,0,0,-0.43
LUMAXTECH,EOD_CHALL_G_SWEET_SPOT,2026-04-10,VAL,BULL,1823.3,1689.6,2090.7,2.0,70.0,0.75,3.6,-1.0,SL_HIT,2026-04-28,11,0.56,1.22,0,0,0,0,0,-0.43
NAM-INDIA,EOD_CHAMPION_V1,2026-04-10,VAL,BULL,944.93,879.34,1076.11,2.0,70.0,1.01,3.62,2.0,T1_HIT,2026-05-06,17,2.19,0.63,1,1,1,0,0,0.0
NAM-INDIA,EOD_CHALL_A_THRUST,2026-04-10,VAL,BULL,944.93,879.34,1076.11,2.0,70.0,1.01,3.62,2.0,T1_HIT,2026-05-06,17,2.19,0.63,1,1,1,0,0,0.0
NAM-INDIA,EOD_CHALL_D_THRUST_030,2026-04-10,VAL,BULL,944.93,879.34,1076.11,2.0,70.0,1.01,3.62,2.0,T1_HIT,2026-05-06,17,2.19,0.63,1,1,1,0,0,0.0
NAM-INDIA,EOD_CHALL_G_SWEET_SPOT,2026-04-10,VAL,BULL,944.93,879.34,1076.11,2.0,70.0,1.01,3.62,2.0,T1_HIT,2026-05-06,17,2.19,0.63,1,1,1,0,0,0.0
POWERINDIA,EOD_CHAMPION_V1,2026-04-10,VAL,BULL,28425.0,26603.5,32068.0,2.0,75.0,1.02,3.36,2.0,T1_HIT,2026-04-24,9,2.12,0.41,1,1,1,0,0,0.0
POWERINDIA,EOD_CHALL_A_THRUST,2026-04-10,VAL,BULL,28425.0,26603.5,32068.0,2.0,75.0,1.02,3.36,2.0,T1_HIT,2026-04-24,9,2.12,0.41,1,1,1,0,0,0.0
POWERINDIA,EOD_CHALL_D_THRUST_030,2026-04-10,VAL,BULL,28425.0,26603.5,32068.0,2.0,75.0,1.02,3.36,2.0,T1_HIT,2026-04-24,9,2.12,0.41,1,1,1,0,0,0.0
POWERINDIA,EOD_CHALL_G_SWEET_SPOT,2026-04-10,VAL,BULL,28425.0,26603.5,32068.0,2.0,75.0,1.02,3.36,2.0,T1_HIT,2026-04-24,9,2.12,0.41,1,1,1,0,0,0.0
SCHNEIDER,EOD_CHAMPION_V1,2026-04-10,VAL,BULL,1010.1,954.62,1121.06,2.0,75.0,0.38,1.58,2.0,T1_HIT,2026-04-23,8,2.67,0.61,1,1,1,0,0,0.0
SCHNEIDER,EOD_CHALL_C_EXTENSION,2026-04-10,VAL,BULL,1010.1,954.62,1121.06,2.0,75.0,0.38,1.58,2.0,T1_HIT,2026-04-23,8,2.67,0.61,1,1,1,0,0,0.0
SCHNEIDER,EOD_CHALL_D_THRUST_030,2026-04-10,VAL,BULL,1010.1,954.62,1121.06,2.0,75.0,0.38,1.58,2.0,T1_HIT,2026-04-23,8,2.67,0.61,1,1,1,0,0,0.0
SCHNEIDER,EOD_CHALL_E_COMBINED,2026-04-10,VAL,BULL,1010.1,954.62,1121.06,2.0,75.0,0.38,1.58,2.0,T1_HIT,2026-04-23,8,2.67,0.61,1,1,1,0,0,0.0
SCHNEIDER,EOD_CHALL_F_CALIBRATED_SCORE,2026-04-10,VAL,BULL,1010.1,954.62,1121.06,2.0,75.0,0.38,1.58,2.0,T1_HIT,2026-04-23,8,2.67,0.61,1,1,1,0,0,0.0
SCHNEIDER,EOD_CHALL_G_SWEET_SPOT,2026-04-10,VAL,BULL,1010.1,954.62,1121.06,2.0,75.0,0.38,1.58,2.0,T1_HIT,2026-04-23,8,2.67,0.61,1,1,1,0,0,0.0
SCHNEIDER,EOD_CHALL_I_MONOTONIC_RUBRIC,2026-04-10,VAL,BULL,1010.1,954.62,1121.06,2.0,75.0,0.38,1.58,2.0,T1_HIT,2026-04-23,8,2.67,0.61,1,1,1,0,0,0.0
SONACOMS,EOD_CHAMPION_V1,2026-04-10,VAL,BULL,552.64,520.2,617.52,2.0,70.0,0.54,1.99,1.21,EXPIRED_POS,2026-05-11,20,1.84,0.41,1,1,0,0,0,0.0
SONACOMS,EOD_CHALL_A_THRUST,2026-04-10,VAL,BULL,552.64,520.2,617.52,2.0,70.0,0.54,1.99,1.21,EXPIRED_POS,2026-05-11,20,1.84,0.41,1,1,0,0,0,0.0
SONACOMS,EOD_CHALL_C_EXTENSION,2026-04-10,VAL,BULL,552.64,520.2,617.52,2.0,70.0,0.54,1.99,1.21,EXPIRED_POS,2026-05-11,20,1.84,0.41,1,1,0,0,0,0.0
SONACOMS,EOD_CHALL_D_THRUST_030,2026-04-10,VAL,BULL,552.64,520.2,617.52,2.0,70.0,0.54,1.99,1.21,EXPIRED_POS,2026-05-11,20,1.84,0.41,1,1,0,0,0,0.0
SONACOMS,EOD_CHALL_F_CALIBRATED_SCORE,2026-04-10,VAL,BULL,552.64,520.2,617.52,2.0,70.0,0.54,1.99,1.21,EXPIRED_POS,2026-05-11,20,1.84,0.41,1,1,0,0,0,0.0
SONACOMS,EOD_CHALL_G_SWEET_SPOT,2026-04-10,VAL,BULL,552.64,520.2,617.52,2.0,70.0,0.54,1.99,1.21,EXPIRED_POS,2026-05-11,20,1.84,0.41,1,1,0,0,0,0.0
SONACOMS,EOD_CHALL_H_THRUST_CALIBRATED,2026-04-10,VAL,BULL,552.64,520.2,617.52,2.0,70.0,0.54,1.99,1.21,EXPIRED_POS,2026-05-11,20,1.84,0.41,1,1,0,0,0,0.0
SONACOMS,EOD_CHALL_I_MONOTONIC_RUBRIC,2026-04-10,VAL,BULL,552.64,520.2,617.52,2.0,75.0,0.54,1.99,1.21,EXPIRED_POS,2026-05-11,20,1.84,0.41,1,1,0,0,0,0.0
TATAINVEST,EOD_CHAMPION_V1,2026-04-10,VAL,BEAR,662.23,625.0,736.69,2.0,70.0,0.51,1.72,2.0,T1_HIT,2026-04-21,6,2.01,0.57,1,1,1,0,0,0.0
TATAINVEST,EOD_CHALL_A_THRUST,2026-04-10,VAL,BEAR,662.23,625.0,736.69,2.0,70.0,0.51,1.72,2.0,T1_HIT,2026-04-21,6,2.01,0.57,1,1,1,0,0,0.0
TATAINVEST,EOD_CHALL_C_EXTENSION,2026-04-10,VAL,BEAR,662.23,625.0,736.69,2.0,70.0,0.51,1.72,2.0,T1_HIT,2026-04-21,6,2.01,0.57,1,1,1,0,0,0.0
TATAINVEST,EOD_CHALL_D_THRUST_030,2026-04-10,VAL,BEAR,662.23,625.0,736.69,2.0,70.0,0.51,1.72,2.0,T1_HIT,2026-04-21,6,2.01,0.57,1,1,1,0,0,0.0
TATAINVEST,EOD_CHALL_F_CALIBRATED_SCORE,2026-04-10,VAL,BEAR,662.23,625.0,736.69,2.0,70.0,0.51,1.72,2.0,T1_HIT,2026-04-21,6,2.01,0.57,1,1,1,0,0,0.0
TATAINVEST,EOD_CHALL_G_SWEET_SPOT,2026-04-10,VAL,BEAR,662.23,625.0,736.69,2.0,70.0,0.51,1.72,2.0,T1_HIT,2026-04-21,6,2.01,0.57,1,1,1,0,0,0.0
TATAINVEST,EOD_CHALL_H_THRUST_CALIBRATED,2026-04-10,VAL,BEAR,662.23,625.0,736.69,2.0,70.0,0.51,1.72,2.0,T1_HIT,2026-04-21,6,2.01,0.57,1,1,1,0,0,0.0
TATAINVEST,EOD_CHALL_I_MONOTONIC_RUBRIC,2026-04-10,VAL,BEAR,662.23,625.0,736.69,2.0,75.0,0.51,1.72,2.0,T1_HIT,2026-04-21,6,2.01,0.57,1,1,1,0,0,0.0
VIMTALABS,EOD_CHAMPION_V1,2026-04-10,VAL,BEAR,461.45,439.98,504.39,2.0,85.0,0.15,0.68,2.0,T1_HIT,2026-05-06,17,2.82,0.97,1,1,1,0,0,0.0
VIMTALABS,EOD_CHALL_B_SCORE80,2026-04-10,VAL,BEAR,461.45,439.98,504.39,2.0,85.0,0.15,0.68,2.0,T1_HIT,2026-05-06,17,2.82,0.97,1,1,1,0,0,0.0
VIMTALABS,EOD_CHALL_C_EXTENSION,2026-04-10,VAL,BEAR,461.45,439.98,504.39,2.0,85.0,0.15,0.68,2.0,T1_HIT,2026-05-06,17,2.82,0.97,1,1,1,0,0,0.0
VIMTALABS,EOD_CHALL_F_CALIBRATED_SCORE,2026-04-10,VAL,BEAR,461.45,439.98,504.39,2.0,85.0,0.15,0.68,2.0,T1_HIT,2026-05-06,17,2.82,0.97,1,1,1,0,0,0.0
VIMTALABS,EOD_CHALL_G_SWEET_SPOT,2026-04-10,VAL,BEAR,461.45,439.98,504.39,2.0,85.0,0.15,0.68,2.0,T1_HIT,2026-05-06,17,2.82,0.97,1,1,1,0,0,0.0
VIMTALABS,EOD_CHALL_I_MONOTONIC_RUBRIC,2026-04-10,VAL,BEAR,461.45,439.98,504.39,2.0,90.0,0.15,0.68,2.0,T1_HIT,2026-05-06,17,2.82,0.97,1,1,1,0,0,0.0
YATHARTH,EOD_CHAMPION_V1,2026-04-10,VAL,BULL,753.75,701.79,857.67,2.0,45.0,1.34,4.85,2.0,T1_HIT,2026-05-07,18,2.04,0.75,1,1,1,0,0,0.0
YATHARTH,EOD_CHALL_A_THRUST,2026-04-10,VAL,BULL,753.75,701.79,857.67,2.0,45.0,1.34,4.85,2.0,T1_HIT,2026-05-07,18,2.04,0.75,1,1,1,0,0,0.0
YATHARTH,EOD_CHALL_D_THRUST_030,2026-04-10,VAL,BULL,753.75,701.79,857.67,2.0,45.0,1.34,4.85,2.0,T1_HIT,2026-05-07,18,2.04,0.75,1,1,1,0,0,0.0
BALRAMCHIN,EOD_CHAMPION_V1,2026-04-20,VAL,BULL,515.7,493.44,560.22,2.0,85.0,0.09,0.33,2.0,T1_HIT,2026-05-13,17,2.08,0.71,1,1,1,0,0,0.0
BALRAMCHIN,EOD_CHALL_B_SCORE80,2026-04-20,VAL,BULL,515.7,493.44,560.22,2.0,85.0,0.09,0.33,2.0,T1_HIT,2026-05-13,17,2.08,0.71,1,1,1,0,0,0.0
BALRAMCHIN,EOD_CHALL_C_EXTENSION,2026-04-20,VAL,BULL,515.7,493.44,560.22,2.0,85.0,0.09,0.33,2.0,T1_HIT,2026-05-13,17,2.08,0.71,1,1,1,0,0,0.0
BALRAMCHIN,EOD_CHALL_F_CALIBRATED_SCORE,2026-04-20,VAL,BULL,515.7,493.44,560.22,2.0,85.0,0.09,0.33,2.0,T1_HIT,2026-05-13,17,2.08,0.71,1,1,1,0,0,0.0
BALRAMCHIN,EOD_CHALL_G_SWEET_SPOT,2026-04-20,VAL,BULL,515.7,493.44,560.22,2.0,85.0,0.09,0.33,2.0,T1_HIT,2026-05-13,17,2.08,0.71,1,1,1,0,0,0.0
BALRAMCHIN,EOD_CHALL_I_MONOTONIC_RUBRIC,2026-04-20,VAL,BULL,515.7,493.44,560.22,2.0,90.0,0.09,0.33,2.0,T1_HIT,2026-05-13,17,2.08,0.71,1,1,1,0,0,0.0
CGPOWER,EOD_CHAMPION_V1,2026-04-20,VAL,BULL,795.7,750.1,886.9,2.0,60.0,0.84,2.47,0.29,EXPIRED_POS,2026-05-18,20,2.0,0.04,1,1,0,0,0,0.0
CGPOWER,EOD_CHALL_A_THRUST,2026-04-20,VAL,BULL,795.7,750.1,886.9,2.0,60.0,0.84,2.47,0.29,EXPIRED_POS,2026-05-18,20,2.0,0.04,1,1,0,0,0,0.0
CGPOWER,EOD_CHALL_C_EXTENSION,2026-04-20,VAL,BULL,795.7,750.1,886.9,2.0,60.0,0.84,2.47,0.29,EXPIRED_POS,2026-05-18,20,2.0,0.04,1,1,0,0,0,0.0
CGPOWER,EOD_CHALL_D_THRUST_030,2026-04-20,VAL,BULL,795.7,750.1,886.9,2.0,60.0,0.84,2.47,0.29,EXPIRED_POS,2026-05-18,20,2.0,0.04,1,1,0,0,0,0.0
CGPOWER,EOD_CHALL_H_THRUST_CALIBRATED,2026-04-20,VAL,BULL,795.7,750.1,886.9,2.0,60.0,0.84,2.47,0.29,EXPIRED_POS,2026-05-18,20,2.0,0.04,1,1,0,0,0,0.0
CORONA,EOD_CHAMPION_V1,2026-04-20,VAL,BULL,1689.05,1591.51,1884.13,2.0,85.0,0.51,1.88,-3.32,SL_HIT,2026-04-21,1,0.0,3.32,0,0,0,1,1,2.56
CORONA,EOD_CHALL_A_THRUST,2026-04-20,VAL,BULL,1689.05,1591.51,1884.13,2.0,85.0,0.51,1.88,-3.32,SL_HIT,2026-04-21,1,0.0,3.32,0,0,0,1,1,2.56
CORONA,EOD_CHALL_B_SCORE80,2026-04-20,VAL,BULL,1689.05,1591.51,1884.13,2.0,85.0,0.51,1.88,-3.32,SL_HIT,2026-04-21,1,0.0,3.32,0,0,0,1,1,2.56
CORONA,EOD_CHALL_C_EXTENSION,2026-04-20,VAL,BULL,1689.05,1591.51,1884.13,2.0,85.0,0.51,1.88,-3.32,SL_HIT,2026-04-21,1,0.0,3.32,0,0,0,1,1,2.56
CORONA,EOD_CHALL_D_THRUST_030,2026-04-20,VAL,BULL,1689.05,1591.51,1884.13,2.0,85.0,0.51,1.88,-3.32,SL_HIT,2026-04-21,1,0.0,3.32,0,0,0,1,1,2.56
CORONA,EOD_CHALL_E_COMBINED,2026-04-20,VAL,BULL,1689.05,1591.51,1884.13,2.0,85.0,0.51,1.88,-3.32,SL_HIT,2026-04-21,1,0.0,3.32,0,0,0,1,1,2.56
CORONA,EOD_CHALL_F_CALIBRATED_SCORE,2026-04-20,VAL,BULL,1689.05,1591.51,1884.13,2.0,85.0,0.51,1.88,-3.32,SL_HIT,2026-04-21,1,0.0,3.32,0,0,0,1,1,2.56
CORONA,EOD_CHALL_G_SWEET_SPOT,2026-04-20,VAL,BULL,1689.05,1591.51,1884.13,2.0,85.0,0.51,1.88,-3.32,SL_HIT,2026-04-21,1,0.0,3.32,0,0,0,1,1,2.56
CORONA,EOD_CHALL_H_THRUST_CALIBRATED,2026-04-20,VAL,BULL,1689.05,1591.51,1884.13,2.0,85.0,0.51,1.88,-3.32,SL_HIT,2026-04-21,1,0.0,3.32,0,0,0,1,1,2.56
CORONA,EOD_CHALL_I_MONOTONIC_RUBRIC,2026-04-20,VAL,BULL,1689.05,1591.51,1884.13,2.0,90.0,0.51,1.88,-3.32,SL_HIT,2026-04-21,1,0.0,3.32,0,0,0,1,1,2.56
ELECON,EOD_CHAMPION_V1,2026-04-20,VAL,BEAR,434.31,416.89,469.15,2.0,70.0,0.0,0.01,2.0,T1_HIT,2026-04-21,1,2.72,0.0,1,1,1,0,0,0.0
ELECON,EOD_CHALL_C_EXTENSION,2026-04-20,VAL,BEAR,434.31,416.89,469.15,2.0,70.0,0.0,0.01,2.0,T1_HIT,2026-04-21,1,2.72,0.0,1,1,1,0,0,0.0
ELECON,EOD_CHALL_F_CALIBRATED_SCORE,2026-04-20,VAL,BEAR,434.31,416.89,469.15,2.0,70.0,0.0,0.01,2.0,T1_HIT,2026-04-21,1,2.72,0.0,1,1,1,0,0,0.0
ELECON,EOD_CHALL_G_SWEET_SPOT,2026-04-20,VAL,BEAR,434.31,416.89,469.15,2.0,70.0,0.0,0.01,2.0,T1_HIT,2026-04-21,1,2.72,0.0,1,1,1,0,0,0.0
ELECON,EOD_CHALL_I_MONOTONIC_RUBRIC,2026-04-20,VAL,BEAR,434.31,416.89,469.15,2.0,75.0,0.0,0.01,2.0,T1_HIT,2026-04-21,1,2.72,0.0,1,1,1,0,0,0.0
ENRIN,EOD_CHAMPION_V1,2026-04-20,VAL,BULL,3138.4,2943.57,3528.06,2.0,60.0,0.85,2.7,-0.4,EXPIRED_NEG,2026-05-18,20,1.18,0.64,1,0,0,0,0,0.0
ENRIN,EOD_CHALL_A_THRUST,2026-04-20,VAL,BULL,3138.4,2943.57,3528.06,2.0,60.0,0.85,2.7,-0.4,EXPIRED_NEG,2026-05-18,20,1.18,0.64,1,0,0,0,0,0.0
ENRIN,EOD_CHALL_D_THRUST_030,2026-04-20,VAL,BULL,3138.4,2943.57,3528.06,2.0,60.0,0.85,2.7,-0.4,EXPIRED_NEG,2026-05-18,20,1.18,0.64,1,0,0,0,0,0.0
SCHNEIDER,EOD_CHAMPION_V1,2026-04-20,VAL,BULL,1087.85,1005.89,1251.77,2.0,70.0,0.94,3.82,2.0,T1_HIT,2026-05-04,10,2.66,0.78,1,1,1,0,0,0.0
SCHNEIDER,EOD_CHALL_A_THRUST,2026-04-20,VAL,BULL,1087.85,1005.89,1251.77,2.0,70.0,0.94,3.82,2.0,T1_HIT,2026-05-04,10,2.66,0.78,1,1,1,0,0,0.0
SCHNEIDER,EOD_CHALL_D_THRUST_030,2026-04-20,VAL,BULL,1087.85,1005.89,1251.77,2.0,70.0,0.94,3.82,2.0,T1_HIT,2026-05-04,10,2.66,0.78,1,1,1,0,0,0.0
SCHNEIDER,EOD_CHALL_G_SWEET_SPOT,2026-04-20,VAL,BULL,1087.85,1005.89,1251.77,2.0,70.0,0.94,3.82,2.0,T1_HIT,2026-05-04,10,2.66,0.78,1,1,1,0,0,0.0
SIGNPOST,EOD_CHAMPION_V1,2026-04-20,VAL,BULL,270.41,246.3,318.63,2.0,55.0,1.23,5.81,0.13,EXPIRED_POS,2026-05-19,20,1.64,0.66,1,1,0,0,0,0.0
SIGNPOST,EOD_CHALL_A_THRUST,2026-04-20,VAL,BULL,270.41,246.3,318.63,2.0,55.0,1.23,5.81,0.13,EXPIRED_POS,2026-05-19,20,1.64,0.66,1,1,0,0,0,0.0
SIGNPOST,EOD_CHALL_D_THRUST_030,2026-04-20,VAL,BULL,270.41,246.3,318.63,2.0,55.0,1.23,5.81,0.13,EXPIRED_POS,2026-05-19,20,1.64,0.66,1,1,0,0,0,0.0
UNOMINDA,EOD_CHAMPION_V1,2026-04-20,VAL,BEAR,1127.65,1071.43,1240.09,2.0,85.0,0.32,1.04,-1.0,SL_HIT,2026-05-05,11,0.63,1.12,0,0,0,1,0,1.07
UNOMINDA,EOD_CHALL_B_SCORE80,2026-04-20,VAL,BEAR,1127.65,1071.43,1240.09,2.0,85.0,0.32,1.04,-1.0,SL_HIT,2026-05-05,11,0.63,1.12,0,0,0,1,0,1.07
UNOMINDA,EOD_CHALL_C_EXTENSION,2026-04-20,VAL,BEAR,1127.65,1071.43,1240.09,2.0,85.0,0.32,1.04,-1.0,SL_HIT,2026-05-05,11,0.63,1.12,0,0,0,1,0,1.07
UNOMINDA,EOD_CHALL_D_THRUST_030,2026-04-20,VAL,BEAR,1127.65,1071.43,1240.09,2.0,85.0,0.32,1.04,-1.0,SL_HIT,2026-05-05,11,0.63,1.12,0,0,0,1,0,1.07
UNOMINDA,EOD_CHALL_E_COMBINED,2026-04-20,VAL,BEAR,1127.65,1071.43,1240.09,2.0,85.0,0.32,1.04,-1.0,SL_HIT,2026-05-05,11,0.63,1.12,0,0,0,1,0,1.07
UNOMINDA,EOD_CHALL_F_CALIBRATED_SCORE,2026-04-20,VAL,BEAR,1127.65,1071.43,1240.09,2.0,85.0,0.32,1.04,-1.0,SL_HIT,2026-05-05,11,0.63,1.12,0,0,0,1,0,1.07
UNOMINDA,EOD_CHALL_G_SWEET_SPOT,2026-04-20,VAL,BEAR,1127.65,1071.43,1240.09,2.0,85.0,0.32,1.04,-1.0,SL_HIT,2026-05-05,11,0.63,1.12,0,0,0,1,0,1.07
UNOMINDA,EOD_CHALL_I_MONOTONIC_RUBRIC,2026-04-20,VAL,BEAR,1127.65,1071.43,1240.09,2.0,85.0,0.32,1.04,-1.0,SL_HIT,2026-05-05,11,0.63,1.12,0,0,0,1,0,1.07
HINDZINC,EOD_CHAMPION_V1,2026-04-27,VAL,BULL,616.73,582.99,684.21,2.0,55.0,1.17,3.31,0.53,EXPIRED_POS,2026-05-25,20,1.82,0.99,1,1,0,0,0,0.0
HINDZINC,EOD_CHALL_A_THRUST,2026-04-27,VAL,BULL,616.73,582.99,684.21,2.0,55.0,1.17,3.31,0.53,EXPIRED_POS,2026-05-25,20,1.82,0.99,1,1,0,0,0,0.0
HINDZINC,EOD_CHALL_D_THRUST_030,2026-04-27,VAL,BULL,616.73,582.99,684.21,2.0,55.0,1.17,3.31,0.53,EXPIRED_POS,2026-05-25,20,1.82,0.99,1,1,0,0,0,0.0
SHYAMMETL,EOD_CHAMPION_V1,2026-04-27,VAL,BULL,886.15,844.8,968.85,2.0,70.0,0.19,0.7,-1.0,SL_HIT,2026-05-12,11,1.18,1.37,1,0,0,1,1,2.22
SHYAMMETL,EOD_CHALL_C_EXTENSION,2026-04-27,VAL,BULL,886.15,844.8,968.85,2.0,70.0,0.19,0.7,-1.0,SL_HIT,2026-05-12,11,1.18,1.37,1,0,0,1,1,2.22
SHYAMMETL,EOD_CHALL_F_CALIBRATED_SCORE,2026-04-27,VAL,BULL,886.15,844.8,968.85,2.0,70.0,0.19,0.7,-1.0,SL_HIT,2026-05-12,11,1.18,1.37,1,0,0,1,1,2.22
SHYAMMETL,EOD_CHALL_G_SWEET_SPOT,2026-04-27,VAL,BULL,886.15,844.8,968.85,2.0,70.0,0.19,0.7,-1.0,SL_HIT,2026-05-12,11,1.18,1.37,1,0,0,1,1,2.22
SHYAMMETL,EOD_CHALL_I_MONOTONIC_RUBRIC,2026-04-27,VAL,BULL,886.15,844.8,968.85,2.0,75.0,0.19,0.7,-1.0,SL_HIT,2026-05-12,11,1.18,1.37,1,0,0,1,1,2.22
^CNXPHARMA,EOD_CHAMPION_V1,2026-04-27,VAL,BULL,23171.85,22381.73,24752.09,2.0,85.0,0.02,0.03,2.0,T1_HIT,2026-05-15,13,2.12,0.15,1,1,1,0,0,0.0
^CNXPHARMA,EOD_CHALL_B_SCORE80,2026-04-27,VAL,BULL,23171.85,22381.73,24752.09,2.0,85.0,0.02,0.03,2.0,T1_HIT,2026-05-15,13,2.12,0.15,1,1,1,0,0,0.0
^CNXPHARMA,EOD_CHALL_C_EXTENSION,2026-04-27,VAL,BULL,23171.85,22381.73,24752.09,2.0,85.0,0.02,0.03,2.0,T1_HIT,2026-05-15,13,2.12,0.15,1,1,1,0,0,0.0
^CNXPHARMA,EOD_CHALL_F_CALIBRATED_SCORE,2026-04-27,VAL,BULL,23171.85,22381.73,24752.09,2.0,85.0,0.02,0.03,2.0,T1_HIT,2026-05-15,13,2.12,0.15,1,1,1,0,0,0.0
^CNXPHARMA,EOD_CHALL_G_SWEET_SPOT,2026-04-27,VAL,BULL,23171.85,22381.73,24752.09,2.0,85.0,0.02,0.03,2.0,T1_HIT,2026-05-15,13,2.12,0.15,1,1,1,0,0,0.0
^CNXPHARMA,EOD_CHALL_I_MONOTONIC_RUBRIC,2026-04-27,VAL,BULL,23171.85,22381.73,24752.09,2.0,90.0,0.02,0.03,2.0,T1_HIT,2026-05-15,13,2.12,0.15,1,1,1,0,0,0.0
AARTIDRUGS,EOD_CHAMPION_V1,2026-05-04,VAL,BEAR,395.85,373.15,441.25,2.0,85.0,0.93,2.74,-1.0,SL_HIT,2026-05-12,6,0.29,1.12,0,0,0,1,0,0.5
AARTIDRUGS,EOD_CHALL_A_THRUST,2026-05-04,VAL,BEAR,395.85,373.15,441.25,2.0,85.0,0.93,2.74,-1.0,SL_HIT,2026-05-12,6,0.29,1.12,0,0,0,1,0,0.5
AARTIDRUGS,EOD_CHALL_B_SCORE80,2026-05-04,VAL,BEAR,395.85,373.15,441.25,2.0,85.0,0.93,2.74,-1.0,SL_HIT,2026-05-12,6,0.29,1.12,0,0,0,1,0,0.5
AARTIDRUGS,EOD_CHALL_D_THRUST_030,2026-05-04,VAL,BEAR,395.85,373.15,441.25,2.0,85.0,0.93,2.74,-1.0,SL_HIT,2026-05-12,6,0.29,1.12,0,0,0,1,0,0.5
AARTIDRUGS,EOD_CHALL_F_CALIBRATED_SCORE,2026-05-04,VAL,BEAR,395.85,373.15,441.25,2.0,70.0,0.93,2.74,-1.0,SL_HIT,2026-05-12,6,0.29,1.12,0,0,0,1,0,0.5
AARTIDRUGS,EOD_CHALL_I_MONOTONIC_RUBRIC,2026-05-04,VAL,BEAR,395.85,373.15,441.25,2.0,75.0,0.93,2.74,-1.0,SL_HIT,2026-05-12,6,0.29,1.12,0,0,0,1,0,0.5
AETHER,EOD_CHAMPION_V1,2026-05-04,VAL,BULL,1252.0,1174.46,1407.08,2.0,85.0,0.61,2.34,-1.0,SL_HIT,2026-05-12,6,0.28,1.33,0,0,0,0,0,-0.91
AETHER,EOD_CHALL_A_THRUST,2026-05-04,VAL,BULL,1252.0,1174.46,1407.08,2.0,85.0,0.61,2.34,-1.0,SL_HIT,2026-05-12,6,0.28,1.33,0,0,0,0,0,-0.91
AETHER,EOD_CHALL_B_SCORE80,2026-05-04,VAL,BULL,1252.0,1174.46,1407.08,2.0,85.0,0.61,2.34,-1.0,SL_HIT,2026-05-12,6,0.28,1.33,0,0,0,0,0,-0.91
AETHER,EOD_CHALL_C_EXTENSION,2026-05-04,VAL,BULL,1252.0,1174.46,1407.08,2.0,85.0,0.61,2.34,-1.0,SL_HIT,2026-05-12,6,0.28,1.33,0,0,0,0,0,-0.91
AETHER,EOD_CHALL_D_THRUST_030,2026-05-04,VAL,BULL,1252.0,1174.46,1407.08,2.0,85.0,0.61,2.34,-1.0,SL_HIT,2026-05-12,6,0.28,1.33,0,0,0,0,0,-0.91
AETHER,EOD_CHALL_E_COMBINED,2026-05-04,VAL,BULL,1252.0,1174.46,1407.08,2.0,85.0,0.61,2.34,-1.0,SL_HIT,2026-05-12,6,0.28,1.33,0,0,0,0,0,-0.91
AETHER,EOD_CHALL_F_CALIBRATED_SCORE,2026-05-04,VAL,BULL,1252.0,1174.46,1407.08,2.0,85.0,0.61,2.34,-1.0,SL_HIT,2026-05-12,6,0.28,1.33,0,0,0,0,0,-0.91
AETHER,EOD_CHALL_H_THRUST_CALIBRATED,2026-05-04,VAL,BULL,1252.0,1174.46,1407.08,2.0,85.0,0.61,2.34,-1.0,SL_HIT,2026-05-12,6,0.28,1.33,0,0,0,0,0,-0.91
AETHER,EOD_CHALL_I_MONOTONIC_RUBRIC,2026-05-04,VAL,BULL,1252.0,1174.46,1407.08,2.0,75.0,0.61,2.34,-1.0,SL_HIT,2026-05-12,6,0.28,1.33,0,0,0,0,0,-0.91
CGCL,EOD_CHAMPION_V1,2026-05-04,VAL,BULL,194.85,183.9,216.75,2.0,70.0,0.55,1.72,-1.0,SL_HIT,2026-05-13,7,0.92,1.14,0,0,0,1,0,0.86
CGCL,EOD_CHALL_A_THRUST,2026-05-04,VAL,BULL,194.85,183.9,216.75,2.0,70.0,0.55,1.72,-1.0,SL_HIT,2026-05-13,7,0.92,1.14,0,0,0,1,0,0.86
CGCL,EOD_CHALL_C_EXTENSION,2026-05-04,VAL,BULL,194.85,183.9,216.75,2.0,70.0,0.55,1.72,-1.0,SL_HIT,2026-05-13,7,0.92,1.14,0,0,0,1,0,0.86
CGCL,EOD_CHALL_D_THRUST_030,2026-05-04,VAL,BULL,194.85,183.9,216.75,2.0,70.0,0.55,1.72,-1.0,SL_HIT,2026-05-13,7,0.92,1.14,0,0,0,1,0,0.86
CGCL,EOD_CHALL_F_CALIBRATED_SCORE,2026-05-04,VAL,BULL,194.85,183.9,216.75,2.0,70.0,0.55,1.72,-1.0,SL_HIT,2026-05-13,7,0.92,1.14,0,0,0,1,0,0.86
CGCL,EOD_CHALL_G_SWEET_SPOT,2026-05-04,VAL,BULL,194.85,183.9,216.75,2.0,70.0,0.55,1.72,-1.0,SL_HIT,2026-05-13,7,0.92,1.14,0,0,0,1,0,0.86
CGCL,EOD_CHALL_H_THRUST_CALIBRATED,2026-05-04,VAL,BULL,194.85,183.9,216.75,2.0,70.0,0.55,1.72,-1.0,SL_HIT,2026-05-13,7,0.92,1.14,0,0,0,1,0,0.86
CGCL,EOD_CHALL_I_MONOTONIC_RUBRIC,2026-05-04,VAL,BULL,194.85,183.9,216.75,2.0,75.0,0.55,1.72,-1.0,SL_HIT,2026-05-13,7,0.92,1.14,0,0,0,1,0,0.86
CHOLAFIN,EOD_CHAMPION_V1,2026-05-04,VAL,NEUTRAL,1638.86,1551.04,1814.5,2.0,85.0,0.77,2.11,-1.0,SL_HIT,2026-05-13,7,1.08,1.02,1,0,0,0,0,-0.11
CHOLAFIN,EOD_CHALL_A_THRUST,2026-05-04,VAL,NEUTRAL,1638.86,1551.04,1814.5,2.0,85.0,0.77,2.11,-1.0,SL_HIT,2026-05-13,7,1.08,1.02,1,0,0,0,0,-0.11
CHOLAFIN,EOD_CHALL_B_SCORE80,2026-05-04,VAL,NEUTRAL,1638.86,1551.04,1814.5,2.0,85.0,0.77,2.11,-1.0,SL_HIT,2026-05-13,7,1.08,1.02,1,0,0,0,0,-0.11
CHOLAFIN,EOD_CHALL_C_EXTENSION,2026-05-04,VAL,NEUTRAL,1638.86,1551.04,1814.5,2.0,85.0,0.77,2.11,-1.0,SL_HIT,2026-05-13,7,1.08,1.02,1,0,0,0,0,-0.11
CHOLAFIN,EOD_CHALL_D_THRUST_030,2026-05-04,VAL,NEUTRAL,1638.86,1551.04,1814.5,2.0,85.0,0.77,2.11,-1.0,SL_HIT,2026-05-13,7,1.08,1.02,1,0,0,0,0,-0.11
CHOLAFIN,EOD_CHALL_E_COMBINED,2026-05-04,VAL,NEUTRAL,1638.86,1551.04,1814.5,2.0,85.0,0.77,2.11,-1.0,SL_HIT,2026-05-13,7,1.08,1.02,1,0,0,0,0,-0.11
CHOLAFIN,EOD_CHALL_F_CALIBRATED_SCORE,2026-05-04,VAL,NEUTRAL,1638.86,1551.04,1814.5,2.0,85.0,0.77,2.11,-1.0,SL_HIT,2026-05-13,7,1.08,1.02,1,0,0,0,0,-0.11
CHOLAFIN,EOD_CHALL_H_THRUST_CALIBRATED,2026-05-04,VAL,NEUTRAL,1638.86,1551.04,1814.5,2.0,85.0,0.77,2.11,-1.0,SL_HIT,2026-05-13,7,1.08,1.02,1,0,0,0,0,-0.11
CHOLAFIN,EOD_CHALL_I_MONOTONIC_RUBRIC,2026-05-04,VAL,NEUTRAL,1638.86,1551.04,1814.5,2.0,75.0,0.77,2.11,-1.0,SL_HIT,2026-05-13,7,1.08,1.02,1,0,0,0,0,-0.11
FLUOROCHEM,EOD_CHAMPION_V1,2026-05-04,VAL,BULL,3750.8,3539.75,4172.9,2.0,55.0,1.2,3.5,-0.66,EXPIRED_NEG,2026-06-01,20,0.6,0.95,0,0,0,0,0,0.0
FLUOROCHEM,EOD_CHALL_A_THRUST,2026-05-04,VAL,BULL,3750.8,3539.75,4172.9,2.0,55.0,1.2,3.5,-0.66,EXPIRED_NEG,2026-06-01,20,0.6,0.95,0,0,0,0,0,0.0
FLUOROCHEM,EOD_CHALL_D_THRUST_030,2026-05-04,VAL,BULL,3750.8,3539.75,4172.9,2.0,55.0,1.2,3.5,-0.66,EXPIRED_NEG,2026-06-01,20,0.6,0.95,0,0,0,0,0,0.0
KMEW,EOD_CHAMPION_V1,2026-05-04,VAL,BULL,2036.2,1863.09,2382.42,2.0,70.0,1.8,8.31,-1.0,SL_HIT,2026-06-01,20,1.44,1.88,1,0,0,0,0,0.0
KMEW,EOD_CHALL_A_THRUST,2026-05-04,VAL,BULL,2036.2,1863.09,2382.42,2.0,70.0,1.8,8.31,-1.0,SL_HIT,2026-06-01,20,1.44,1.88,1,0,0,0,0,0.0
KMEW,EOD_CHALL_D_THRUST_030,2026-05-04,VAL,BULL,2036.2,1863.09,2382.42,2.0,70.0,1.8,8.31,-1.0,SL_HIT,2026-06-01,20,1.44,1.88,1,0,0,0,0,0.0
KMEW,EOD_CHALL_G_SWEET_SPOT,2026-05-04,VAL,BULL,2036.2,1863.09,2382.42,2.0,70.0,1.8,8.31,-1.0,SL_HIT,2026-06-01,20,1.44,1.88,1,0,0,0,0,0.0
LAURUSLABS,EOD_CHAMPION_V1,2026-05-04,VAL,BULL,1165.24,1106.58,1282.56,2.0,100.0,0.73,1.88,2.0,T1_HIT,2026-05-12,6,2.11,0.15,1,1,1,0,0,0.0
LAURUSLABS,EOD_CHALL_A_THRUST,2026-05-04,VAL,BULL,1165.24,1106.58,1282.56,2.0,100.0,0.73,1.88,2.0,T1_HIT,2026-05-12,6,2.11,0.15,1,1,1,0,0,0.0
LAURUSLABS,EOD_CHALL_B_SCORE80,2026-05-04,VAL,BULL,1165.24,1106.58,1282.56,2.0,100.0,0.73,1.88,2.0,T1_HIT,2026-05-12,6,2.11,0.15,1,1,1,0,0,0.0
LAURUSLABS,EOD_CHALL_C_EXTENSION,2026-05-04,VAL,BULL,1165.24,1106.58,1282.56,2.0,100.0,0.73,1.88,2.0,T1_HIT,2026-05-12,6,2.11,0.15,1,1,1,0,0,0.0
LAURUSLABS,EOD_CHALL_D_THRUST_030,2026-05-04,VAL,BULL,1165.24,1106.58,1282.56,2.0,100.0,0.73,1.88,2.0,T1_HIT,2026-05-12,6,2.11,0.15,1,1,1,0,0,0.0
LAURUSLABS,EOD_CHALL_E_COMBINED,2026-05-04,VAL,BULL,1165.24,1106.58,1282.56,2.0,100.0,0.73,1.88,2.0,T1_HIT,2026-05-12,6,2.11,0.15,1,1,1,0,0,0.0
LAURUSLABS,EOD_CHALL_F_CALIBRATED_SCORE,2026-05-04,VAL,BULL,1165.24,1106.58,1282.56,2.0,100.0,0.73,1.88,2.0,T1_HIT,2026-05-12,6,2.11,0.15,1,1,1,0,0,0.0
LAURUSLABS,EOD_CHALL_G_SWEET_SPOT,2026-05-04,VAL,BULL,1165.24,1106.58,1282.56,2.0,100.0,0.73,1.88,2.0,T1_HIT,2026-05-12,6,2.11,0.15,1,1,1,0,0,0.0
LAURUSLABS,EOD_CHALL_H_THRUST_CALIBRATED,2026-05-04,VAL,BULL,1165.24,1106.58,1282.56,2.0,100.0,0.73,1.88,2.0,T1_HIT,2026-05-12,6,2.11,0.15,1,1,1,0,0,0.0
LAURUSLABS,EOD_CHALL_I_MONOTONIC_RUBRIC,2026-05-04,VAL,BULL,1165.24,1106.58,1282.56,2.0,100.0,0.73,1.88,2.0,T1_HIT,2026-05-12,6,2.11,0.15,1,1,1,0,0,0.0
MOTILALOFS,EOD_CHAMPION_V1,2026-05-04,VAL,NEUTRAL,836.6,802.08,905.64,2.0,70.0,0.04,0.13,2.0,T1_HIT,2026-05-27,17,2.1,0.45,1,1,1,0,0,0.0
MOTILALOFS,EOD_CHALL_C_EXTENSION,2026-05-04,VAL,NEUTRAL,836.6,802.08,905.64,2.0,70.0,0.04,0.13,2.0,T1_HIT,2026-05-27,17,2.1,0.45,1,1,1,0,0,0.0
MOTILALOFS,EOD_CHALL_F_CALIBRATED_SCORE,2026-05-04,VAL,NEUTRAL,836.6,802.08,905.64,2.0,70.0,0.04,0.13,2.0,T1_HIT,2026-05-27,17,2.1,0.45,1,1,1,0,0,0.0
MOTILALOFS,EOD_CHALL_G_SWEET_SPOT,2026-05-04,VAL,NEUTRAL,836.6,802.08,905.64,2.0,70.0,0.04,0.13,2.0,T1_HIT,2026-05-27,17,2.1,0.45,1,1,1,0,0,0.0
MOTILALOFS,EOD_CHALL_I_MONOTONIC_RUBRIC,2026-05-04,VAL,NEUTRAL,836.6,802.08,905.64,2.0,75.0,0.04,0.13,2.0,T1_HIT,2026-05-27,17,2.1,0.45,1,1,1,0,0,0.0
PCBL,EOD_CHAMPION_V1,2026-05-04,VAL,NEUTRAL,305.24,286.63,342.46,2.0,85.0,0.68,2.23,-1.0,SL_HIT,2026-05-12,6,0.19,1.75,0,0,0,0,0,-0.31
PCBL,EOD_CHALL_A_THRUST,2026-05-04,VAL,NEUTRAL,305.24,286.63,342.46,2.0,85.0,0.68,2.23,-1.0,SL_HIT,2026-05-12,6,0.19,1.75,0,0,0,0,0,-0.31
PCBL,EOD_CHALL_B_SCORE80,2026-05-04,VAL,NEUTRAL,305.24,286.63,342.46,2.0,85.0,0.68,2.23,-1.0,SL_HIT,2026-05-12,6,0.19,1.75,0,0,0,0,0,-0.31
PCBL,EOD_CHALL_C_EXTENSION,2026-05-04,VAL,NEUTRAL,305.24,286.63,342.46,2.0,85.0,0.68,2.23,-1.0,SL_HIT,2026-05-12,6,0.19,1.75,0,0,0,0,0,-0.31
PCBL,EOD_CHALL_D_THRUST_030,2026-05-04,VAL,NEUTRAL,305.24,286.63,342.46,2.0,85.0,0.68,2.23,-1.0,SL_HIT,2026-05-12,6,0.19,1.75,0,0,0,0,0,-0.31
PCBL,EOD_CHALL_E_COMBINED,2026-05-04,VAL,NEUTRAL,305.24,286.63,342.46,2.0,85.0,0.68,2.23,-1.0,SL_HIT,2026-05-12,6,0.19,1.75,0,0,0,0,0,-0.31
PCBL,EOD_CHALL_F_CALIBRATED_SCORE,2026-05-04,VAL,NEUTRAL,305.24,286.63,342.46,2.0,85.0,0.68,2.23,-1.0,SL_HIT,2026-05-12,6,0.19,1.75,0,0,0,0,0,-0.31
PCBL,EOD_CHALL_H_THRUST_CALIBRATED,2026-05-04,VAL,NEUTRAL,305.24,286.63,342.46,2.0,85.0,0.68,2.23,-1.0,SL_HIT,2026-05-12,6,0.19,1.75,0,0,0,0,0,-0.31
PCBL,EOD_CHALL_I_MONOTONIC_RUBRIC,2026-05-04,VAL,NEUTRAL,305.24,286.63,342.46,2.0,75.0,0.68,2.23,-1.0,SL_HIT,2026-05-12,6,0.19,1.75,0,0,0,0,0,-0.31
TINNARUBR,EOD_CHAMPION_V1,2026-05-04,VAL,NEUTRAL,775.2,719.95,885.7,2.0,70.0,0.78,3.37,-1.0,SL_HIT,2026-05-15,9,1.89,1.27,1,1,0,1,0,1.8
TINNARUBR,EOD_CHALL_A_THRUST,2026-05-04,VAL,NEUTRAL,775.2,719.95,885.7,2.0,70.0,0.78,3.37,-1.0,SL_HIT,2026-05-15,9,1.89,1.27,1,1,0,1,0,1.8
TINNARUBR,EOD_CHALL_D_THRUST_030,2026-05-04,VAL,NEUTRAL,775.2,719.95,885.7,2.0,70.0,0.78,3.37,-1.0,SL_HIT,2026-05-15,9,1.89,1.27,1,1,0,1,0,1.8
TINNARUBR,EOD_CHALL_G_SWEET_SPOT,2026-05-04,VAL,NEUTRAL,775.2,719.95,885.7,2.0,70.0,0.78,3.37,-1.0,SL_HIT,2026-05-15,9,1.89,1.27,1,1,0,1,0,1.8
FORTIS,EOD_CHAMPION_V1,2026-05-11,VAL,BULL,974.15,928.03,1066.39,2.0,70.0,0.32,0.77,-1.0,SL_HIT,2026-05-29,14,0.4,1.17,0,0,0,1,0,0.66
FORTIS,EOD_CHALL_C_EXTENSION,2026-05-11,VAL,BULL,974.15,928.03,1066.39,2.0,70.0,0.32,0.77,-1.0,SL_HIT,2026-05-29,14,0.4,1.17,0,0,0,1,0,0.66
FORTIS,EOD_CHALL_D_THRUST_030,2026-05-11,VAL,BULL,974.15,928.03,1066.39,2.0,70.0,0.32,0.77,-1.0,SL_HIT,2026-05-29,14,0.4,1.17,0,0,0,1,0,0.66
FORTIS,EOD_CHALL_F_CALIBRATED_SCORE,2026-05-11,VAL,BULL,974.15,928.03,1066.39,2.0,70.0,0.32,0.77,-1.0,SL_HIT,2026-05-29,14,0.4,1.17,0,0,0,1,0,0.66
FORTIS,EOD_CHALL_G_SWEET_SPOT,2026-05-11,VAL,BULL,974.15,928.03,1066.39,2.0,70.0,0.32,0.77,-1.0,SL_HIT,2026-05-29,14,0.4,1.17,0,0,0,1,0,0.66
FORTIS,EOD_CHALL_I_MONOTONIC_RUBRIC,2026-05-11,VAL,BULL,974.15,928.03,1066.39,2.0,75.0,0.32,0.77,-1.0,SL_HIT,2026-05-29,14,0.4,1.17,0,0,0,1,0,0.66
GREAVESCOT,EOD_CHAMPION_V1,2026-05-11,VAL,NEUTRAL,175.64,166.44,194.04,2.0,85.0,0.39,1.3,-1.0,SL_HIT,2026-05-12,1,0.1,1.07,0,0,0,1,1,2.03
GREAVESCOT,EOD_CHALL_B_SCORE80,2026-05-11,VAL,NEUTRAL,175.64,166.44,194.04,2.0,85.0,0.39,1.3,-1.0,SL_HIT,2026-05-12,1,0.1,1.07,0,0,0,1,1,2.03
GREAVESCOT,EOD_CHALL_C_EXTENSION,2026-05-11,VAL,NEUTRAL,175.64,166.44,194.04,2.0,85.0,0.39,1.3,-1.0,SL_HIT,2026-05-12,1,0.1,1.07,0,0,0,1,1,2.03
GREAVESCOT,EOD_CHALL_D_THRUST_030,2026-05-11,VAL,NEUTRAL,175.64,166.44,194.04,2.0,85.0,0.39,1.3,-1.0,SL_HIT,2026-05-12,1,0.1,1.07,0,0,0,1,1,2.03
GREAVESCOT,EOD_CHALL_E_COMBINED,2026-05-11,VAL,NEUTRAL,175.64,166.44,194.04,2.0,85.0,0.39,1.3,-1.0,SL_HIT,2026-05-12,1,0.1,1.07,0,0,0,1,1,2.03
GREAVESCOT,EOD_CHALL_F_CALIBRATED_SCORE,2026-05-11,VAL,NEUTRAL,175.64,166.44,194.04,2.0,85.0,0.39,1.3,-1.0,SL_HIT,2026-05-12,1,0.1,1.07,0,0,0,1,1,2.03
GREAVESCOT,EOD_CHALL_G_SWEET_SPOT,2026-05-11,VAL,NEUTRAL,175.64,166.44,194.04,2.0,85.0,0.39,1.3,-1.0,SL_HIT,2026-05-12,1,0.1,1.07,0,0,0,1,1,2.03
GREAVESCOT,EOD_CHALL_I_MONOTONIC_RUBRIC,2026-05-11,VAL,NEUTRAL,175.64,166.44,194.04,2.0,85.0,0.39,1.3,-1.0,SL_HIT,2026-05-12,1,0.1,1.07,0,0,0,1,1,2.03
HEXT,EOD_CHAMPION_V1,2026-05-11,VAL,BEAR,502.25,476.75,553.25,2.0,70.0,0.37,1.13,-1.0,SL_HIT,2026-05-14,3,0.11,1.27,0,0,0,1,0,1.97
HEXT,EOD_CHALL_C_EXTENSION,2026-05-11,VAL,BEAR,502.25,476.75,553.25,2.0,70.0,0.37,1.13,-1.0,SL_HIT,2026-05-14,3,0.11,1.27,0,0,0,1,0,1.97
HEXT,EOD_CHALL_D_THRUST_030,2026-05-11,VAL,BEAR,502.25,476.75,553.25,2.0,70.0,0.37,1.13,-1.0,SL_HIT,2026-05-14,3,0.11,1.27,0,0,0,1,0,1.97
HEXT,EOD_CHALL_F_CALIBRATED_SCORE,2026-05-11,VAL,BEAR,502.25,476.75,553.25,2.0,70.0,0.37,1.13,-1.0,SL_HIT,2026-05-14,3,0.11,1.27,0,0,0,1,0,1.97
HEXT,EOD_CHALL_G_SWEET_SPOT,2026-05-11,VAL,BEAR,502.25,476.75,553.25,2.0,70.0,0.37,1.13,-1.0,SL_HIT,2026-05-14,3,0.11,1.27,0,0,0,1,0,1.97
HEXT,EOD_CHALL_I_MONOTONIC_RUBRIC,2026-05-11,VAL,BEAR,502.25,476.75,553.25,2.0,70.0,0.37,1.13,-1.0,SL_HIT,2026-05-14,3,0.11,1.27,0,0,0,1,0,1.97
JSLL,EOD_CHAMPION_V1,2026-05-11,VAL,BULL,773.7,738.05,845.0,2.0,70.0,0.18,0.64,-1.0,SL_HIT,2026-05-12,1,0.08,1.2,0,0,0,0,0,-0.61
JSLL,EOD_CHALL_C_EXTENSION,2026-05-11,VAL,BULL,773.7,738.05,845.0,2.0,70.0,0.18,0.64,-1.0,SL_HIT,2026-05-12,1,0.08,1.2,0,0,0,0,0,-0.61
JSLL,EOD_CHALL_F_CALIBRATED_SCORE,2026-05-11,VAL,BULL,773.7,738.05,845.0,2.0,70.0,0.18,0.64,-1.0,SL_HIT,2026-05-12,1,0.08,1.2,0,0,0,0,0,-0.61
JSLL,EOD_CHALL_G_SWEET_SPOT,2026-05-11,VAL,BULL,773.7,738.05,845.0,2.0,70.0,0.18,0.64,-1.0,SL_HIT,2026-05-12,1,0.08,1.2,0,0,0,0,0,-0.61
JSLL,EOD_CHALL_I_MONOTONIC_RUBRIC,2026-05-11,VAL,BULL,773.7,738.05,845.0,2.0,75.0,0.18,0.64,-1.0,SL_HIT,2026-05-12,1,0.08,1.2,0,0,0,0,0,-0.61
NH,EOD_CHAMPION_V1,2026-05-11,VAL,BULL,1882.23,1804.64,2037.41,2.0,85.0,0.05,0.13,-1.0,SL_HIT,2026-05-14,3,0.1,1.06,0,0,0,1,0,1.49
NH,EOD_CHALL_B_SCORE80,2026-05-11,VAL,BULL,1882.23,1804.64,2037.41,2.0,85.0,0.05,0.13,-1.0,SL_HIT,2026-05-14,3,0.1,1.06,0,0,0,1,0,1.49
NH,EOD_CHALL_C_EXTENSION,2026-05-11,VAL,BULL,1882.23,1804.64,2037.41,2.0,85.0,0.05,0.13,-1.0,SL_HIT,2026-05-14,3,0.1,1.06,0,0,0,1,0,1.49
NH,EOD_CHALL_F_CALIBRATED_SCORE,2026-05-11,VAL,BULL,1882.23,1804.64,2037.41,2.0,85.0,0.05,0.13,-1.0,SL_HIT,2026-05-14,3,0.1,1.06,0,0,0,1,0,1.49
NH,EOD_CHALL_G_SWEET_SPOT,2026-05-11,VAL,BULL,1882.23,1804.64,2037.41,2.0,85.0,0.05,0.13,-1.0,SL_HIT,2026-05-14,3,0.1,1.06,0,0,0,1,0,1.49
NH,EOD_CHALL_I_MONOTONIC_RUBRIC,2026-05-11,VAL,BULL,1882.23,1804.64,2037.41,2.0,90.0,0.05,0.13,-1.0,SL_HIT,2026-05-14,3,0.1,1.06,0,0,0,1,0,1.49
TORNTPHARM,EOD_CHAMPION_V1,2026-05-11,VAL,BULL,4508.14,4334.15,4856.12,2.0,55.0,0.92,1.81,-1.0,SL_HIT,2026-05-13,2,0.0,1.45,0,0,0,1,0,1.12
TORNTPHARM,EOD_CHALL_A_THRUST,2026-05-11,VAL,BULL,4508.14,4334.15,4856.12,2.0,55.0,0.92,1.81,-1.0,SL_HIT,2026-05-13,2,0.0,1.45,0,0,0,1,0,1.12
TORNTPHARM,EOD_CHALL_C_EXTENSION,2026-05-11,VAL,BULL,4508.14,4334.15,4856.12,2.0,55.0,0.92,1.81,-1.0,SL_HIT,2026-05-13,2,0.0,1.45,0,0,0,1,0,1.12
TORNTPHARM,EOD_CHALL_D_THRUST_030,2026-05-11,VAL,BULL,4508.14,4334.15,4856.12,2.0,55.0,0.92,1.81,-1.0,SL_HIT,2026-05-13,2,0.0,1.45,0,0,0,1,0,1.12
TORNTPHARM,EOD_CHALL_H_THRUST_CALIBRATED,2026-05-11,VAL,BULL,4508.14,4334.15,4856.12,2.0,55.0,0.92,1.81,-1.0,SL_HIT,2026-05-13,2,0.0,1.45,0,0,0,1,0,1.12
SOLARINDS,EOD_CHAMPION_V1,2026-05-18,VAL,BULL,18019.0,17009.1,20038.8,2.0,45.0,1.09,3.15,-0.73,EXPIRED_NEG,2026-06-15,20,0.85,0.95,0,0,0,0,0,0.0
SOLARINDS,EOD_CHALL_A_THRUST,2026-05-18,VAL,BULL,18019.0,17009.1,20038.8,2.0,45.0,1.09,3.15,-0.73,EXPIRED_NEG,2026-06-15,20,0.85,0.95,0,0,0,0,0,0.0
SOLARINDS,EOD_CHALL_D_THRUST_030,2026-05-18,VAL,BULL,18019.0,17009.1,20038.8,2.0,45.0,1.09,3.15,-0.73,EXPIRED_NEG,2026-06-15,20,0.85,0.95,0,0,0,0,0,0.0
DEEPINDS,EOD_CHAMPION_V1,2026-06-01,HOLDOUT,BULL,503.95,475.39,561.07,2.0,85.0,0.38,1.77,-1.0,SL_HIT,2026-06-25,18,1.38,1.15,1,0,0,0,0,-0.92
DEEPINDS,EOD_CHALL_B_SCORE80,2026-06-01,HOLDOUT,BULL,503.95,475.39,561.07,2.0,85.0,0.38,1.77,-1.0,SL_HIT,2026-06-25,18,1.38,1.15,1,0,0,0,0,-0.92
DEEPINDS,EOD_CHALL_C_EXTENSION,2026-06-01,HOLDOUT,BULL,503.95,475.39,561.07,2.0,85.0,0.38,1.77,-1.0,SL_HIT,2026-06-25,18,1.38,1.15,1,0,0,0,0,-0.92
DEEPINDS,EOD_CHALL_D_THRUST_030,2026-06-01,HOLDOUT,BULL,503.95,475.39,561.07,2.0,85.0,0.38,1.77,-1.0,SL_HIT,2026-06-25,18,1.38,1.15,1,0,0,0,0,-0.92
DEEPINDS,EOD_CHALL_E_COMBINED,2026-06-01,HOLDOUT,BULL,503.95,475.39,561.07,2.0,85.0,0.38,1.77,-1.0,SL_HIT,2026-06-25,18,1.38,1.15,1,0,0,0,0,-0.92
DEEPINDS,EOD_CHALL_F_CALIBRATED_SCORE,2026-06-01,HOLDOUT,BULL,503.95,475.39,561.07,2.0,85.0,0.38,1.77,-1.0,SL_HIT,2026-06-25,18,1.38,1.15,1,0,0,0,0,-0.92
DEEPINDS,EOD_CHALL_G_SWEET_SPOT,2026-06-01,HOLDOUT,BULL,503.95,475.39,561.07,2.0,85.0,0.38,1.77,-1.0,SL_HIT,2026-06-25,18,1.38,1.15,1,0,0,0,0,-0.92
DEEPINDS,EOD_CHALL_I_MONOTONIC_RUBRIC,2026-06-01,HOLDOUT,BULL,503.95,475.39,561.07,2.0,85.0,0.38,1.77,-1.0,SL_HIT,2026-06-25,18,1.38,1.15,1,0,0,0,0,-0.92
SHAILY,EOD_CHAMPION_V1,2026-06-01,HOLDOUT,BULL,3144.8,2899.1,3636.2,2.0,60.0,0.83,4.14,-1.0,SL_HIT,2026-06-11,8,0.36,1.01,0,0,0,0,0,-0.39
SHAILY,EOD_CHALL_A_THRUST,2026-06-01,HOLDOUT,BULL,3144.8,2899.1,3636.2,2.0,60.0,0.83,4.14,-1.0,SL_HIT,2026-06-11,8,0.36,1.01,0,0,0,0,0,-0.39
SHAILY,EOD_CHALL_D_THRUST_030,2026-06-01,HOLDOUT,BULL,3144.8,2899.1,3636.2,2.0,60.0,0.83,4.14,-1.0,SL_HIT,2026-06-11,8,0.36,1.01,0,0,0,0,0,-0.39
THYROCARE,EOD_CHAMPION_V1,2026-06-08,HOLDOUT,BULL,534.39,502.26,598.65,2.0,70.0,0.6,2.14,0.34,EXPIRED_POS,2026-07-06,20,1.26,0.74,1,0,0,0,0,0.0
THYROCARE,EOD_CHALL_A_THRUST,2026-06-08,HOLDOUT,BULL,534.39,502.26,598.65,2.0,70.0,0.6,2.14,0.34,EXPIRED_POS,2026-07-06,20,1.26,0.74,1,0,0,0,0,0.0
THYROCARE,EOD_CHALL_C_EXTENSION,2026-06-08,HOLDOUT,BULL,534.39,502.26,598.65,2.0,70.0,0.6,2.14,0.34,EXPIRED_POS,2026-07-06,20,1.26,0.74,1,0,0,0,0,0.0
THYROCARE,EOD_CHALL_D_THRUST_030,2026-06-08,HOLDOUT,BULL,534.39,502.26,598.65,2.0,70.0,0.6,2.14,0.34,EXPIRED_POS,2026-07-06,20,1.26,0.74,1,0,0,0,0,0.0
THYROCARE,EOD_CHALL_F_CALIBRATED_SCORE,2026-06-08,HOLDOUT,BULL,534.39,502.26,598.65,2.0,70.0,0.6,2.14,0.34,EXPIRED_POS,2026-07-06,20,1.26,0.74,1,0,0,0,0,0.0
THYROCARE,EOD_CHALL_G_SWEET_SPOT,2026-06-08,HOLDOUT,BULL,534.39,502.26,598.65,2.0,70.0,0.6,2.14,0.34,EXPIRED_POS,2026-07-06,20,1.26,0.74,1,0,0,0,0,0.0
THYROCARE,EOD_CHALL_H_THRUST_CALIBRATED,2026-06-08,HOLDOUT,BULL,534.39,502.26,598.65,2.0,70.0,0.6,2.14,0.34,EXPIRED_POS,2026-07-06,20,1.26,0.74,1,0,0,0,0,0.0
AADHARHFC,EOD_CHAMPION_V1,2026-06-15,HOLDOUT,NEUTRAL,488.95,466.94,532.97,2.0,85.0,0.19,0.52,2.0,T1_HIT,2026-06-25,8,2.41,0.33,1,1,1,0,0,0.0
AADHARHFC,EOD_CHALL_B_SCORE80,2026-06-15,HOLDOUT,NEUTRAL,488.95,466.94,532.97,2.0,85.0,0.19,0.52,2.0,T1_HIT,2026-06-25,8,2.41,0.33,1,1,1,0,0,0.0
AADHARHFC,EOD_CHALL_C_EXTENSION,2026-06-15,HOLDOUT,NEUTRAL,488.95,466.94,532.97,2.0,85.0,0.19,0.52,2.0,T1_HIT,2026-06-25,8,2.41,0.33,1,1,1,0,0,0.0
AADHARHFC,EOD_CHALL_F_CALIBRATED_SCORE,2026-06-15,HOLDOUT,NEUTRAL,488.95,466.94,532.97,2.0,85.0,0.19,0.52,2.0,T1_HIT,2026-06-25,8,2.41,0.33,1,1,1,0,0,0.0
AADHARHFC,EOD_CHALL_G_SWEET_SPOT,2026-06-15,HOLDOUT,NEUTRAL,488.95,466.94,532.97,2.0,85.0,0.19,0.52,2.0,T1_HIT,2026-06-25,8,2.41,0.33,1,1,1,0,0,0.0
AADHARHFC,EOD_CHALL_I_MONOTONIC_RUBRIC,2026-06-15,HOLDOUT,NEUTRAL,488.95,466.94,532.97,2.0,90.0,0.19,0.52,2.0,T1_HIT,2026-06-25,8,2.41,0.33,1,1,1,0,0,0.0
ABSLAMC,EOD_CHAMPION_V1,2026-06-15,HOLDOUT,BULL,1118.08,1048.63,1256.98,2.0,85.0,0.68,2.36,0.39,EXPIRED_POS,2026-07-13,20,1.11,0.78,1,0,0,0,0,0.0
ABSLAMC,EOD_CHALL_A_THRUST,2026-06-15,HOLDOUT,BULL,1118.08,1048.63,1256.98,2.0,85.0,0.68,2.36,0.39,EXPIRED_POS,2026-07-13,20,1.11,0.78,1,0,0,0,0,0.0
ABSLAMC,EOD_CHALL_B_SCORE80,2026-06-15,HOLDOUT,BULL,1118.08,1048.63,1256.98,2.0,85.0,0.68,2.36,0.39,EXPIRED_POS,2026-07-13,20,1.11,0.78,1,0,0,0,0,0.0
ABSLAMC,EOD_CHALL_C_EXTENSION,2026-06-15,HOLDOUT,BULL,1118.08,1048.63,1256.98,2.0,85.0,0.68,2.36,0.39,EXPIRED_POS,2026-07-13,20,1.11,0.78,1,0,0,0,0,0.0
ABSLAMC,EOD_CHALL_D_THRUST_030,2026-06-15,HOLDOUT,BULL,1118.08,1048.63,1256.98,2.0,85.0,0.68,2.36,0.39,EXPIRED_POS,2026-07-13,20,1.11,0.78,1,0,0,0,0,0.0
ABSLAMC,EOD_CHALL_E_COMBINED,2026-06-15,HOLDOUT,BULL,1118.08,1048.63,1256.98,2.0,85.0,0.68,2.36,0.39,EXPIRED_POS,2026-07-13,20,1.11,0.78,1,0,0,0,0,0.0
ABSLAMC,EOD_CHALL_F_CALIBRATED_SCORE,2026-06-15,HOLDOUT,BULL,1118.08,1048.63,1256.98,2.0,85.0,0.68,2.36,0.39,EXPIRED_POS,2026-07-13,20,1.11,0.78,1,0,0,0,0,0.0
ABSLAMC,EOD_CHALL_H_THRUST_CALIBRATED,2026-06-15,HOLDOUT,BULL,1118.08,1048.63,1256.98,2.0,85.0,0.68,2.36,0.39,EXPIRED_POS,2026-07-13,20,1.11,0.78,1,0,0,0,0,0.0
ABSLAMC,EOD_CHALL_I_MONOTONIC_RUBRIC,2026-06-15,HOLDOUT,BULL,1118.08,1048.63,1256.98,2.0,75.0,0.68,2.36,0.39,EXPIRED_POS,2026-07-13,20,1.11,0.78,1,0,0,0,0,0.0
AEROFLEX,EOD_CHAMPION_V1,2026-06-15,HOLDOUT,BULL,477.55,431.01,570.63,2.0,70.0,1.1,6.36,-1.0,SL_HIT,2026-07-07,16,0.94,1.39,0,0,0,0,0,-0.97
AEROFLEX,EOD_CHALL_A_THRUST,2026-06-15,HOLDOUT,BULL,477.55,431.01,570.63,2.0,70.0,1.1,6.36,-1.0,SL_HIT,2026-07-07,16,0.94,1.39,0,0,0,0,0,-0.97
AEROFLEX,EOD_CHALL_D_THRUST_030,2026-06-15,HOLDOUT,BULL,477.55,431.01,570.63,2.0,70.0,1.1,6.36,-1.0,SL_HIT,2026-07-07,16,0.94,1.39,0,0,0,0,0,-0.97
AEROFLEX,EOD_CHALL_G_SWEET_SPOT,2026-06-15,HOLDOUT,BULL,477.55,431.01,570.63,2.0,70.0,1.1,6.36,-1.0,SL_HIT,2026-07-07,16,0.94,1.39,0,0,0,0,0,-0.97
AVL,EOD_CHAMPION_V1,2026-06-15,HOLDOUT,BULL,567.4,539.9,622.4,2.0,85.0,0.25,0.89,2.0,T1_HIT,2026-06-19,4,2.53,0.01,1,1,1,0,0,0.0
AVL,EOD_CHALL_B_SCORE80,2026-06-15,HOLDOUT,BULL,567.4,539.9,622.4,2.0,85.0,0.25,0.89,2.0,T1_HIT,2026-06-19,4,2.53,0.01,1,1,1,0,0,0.0
AVL,EOD_CHALL_C_EXTENSION,2026-06-15,HOLDOUT,BULL,567.4,539.9,622.4,2.0,85.0,0.25,0.89,2.0,T1_HIT,2026-06-19,4,2.53,0.01,1,1,1,0,0,0.0
AVL,EOD_CHALL_F_CALIBRATED_SCORE,2026-06-15,HOLDOUT,BULL,567.4,539.9,622.4,2.0,85.0,0.25,0.89,2.0,T1_HIT,2026-06-19,4,2.53,0.01,1,1,1,0,0,0.0
AVL,EOD_CHALL_G_SWEET_SPOT,2026-06-15,HOLDOUT,BULL,567.4,539.9,622.4,2.0,85.0,0.25,0.89,2.0,T1_HIT,2026-06-19,4,2.53,0.01,1,1,1,0,0,0.0
AVL,EOD_CHALL_I_MONOTONIC_RUBRIC,2026-06-15,HOLDOUT,BULL,567.4,539.9,622.4,2.0,90.0,0.25,0.89,2.0,T1_HIT,2026-06-19,4,2.53,0.01,1,1,1,0,0,0.0
CEATLTD,EOD_CHAMPION_V1,2026-06-15,HOLDOUT,NEUTRAL,3455.3,3298.19,3769.52,2.0,70.0,1.09,2.54,2.0,T1_HIT,2026-07-02,13,2.38,0.49,1,1,1,0,0,0.0
CEATLTD,EOD_CHALL_A_THRUST,2026-06-15,HOLDOUT,NEUTRAL,3455.3,3298.19,3769.52,2.0,70.0,1.09,2.54,2.0,T1_HIT,2026-07-02,13,2.38,0.49,1,1,1,0,0,0.0
CEATLTD,EOD_CHALL_D_THRUST_030,2026-06-15,HOLDOUT,NEUTRAL,3455.3,3298.19,3769.52,2.0,70.0,1.09,2.54,2.0,T1_HIT,2026-07-02,13,2.38,0.49,1,1,1,0,0,0.0
CEATLTD,EOD_CHALL_G_SWEET_SPOT,2026-06-15,HOLDOUT,NEUTRAL,3455.3,3298.19,3769.52,2.0,70.0,1.09,2.54,2.0,T1_HIT,2026-07-02,13,2.38,0.49,1,1,1,0,0,0.0
CHOICEIN,EOD_CHAMPION_V1,2026-06-15,HOLDOUT,BEAR,702.25,671.79,763.17,2.0,85.0,0.41,0.9,2.0,T1_HIT,2026-07-01,12,2.09,0.0,1,1,1,0,0,0.0
CHOICEIN,EOD_CHALL_B_SCORE80,2026-06-15,HOLDOUT,BEAR,702.25,671.79,763.17,2.0,85.0,0.41,0.9,2.0,T1_HIT,2026-07-01,12,2.09,0.0,1,1,1,0,0,0.0
CHOICEIN,EOD_CHALL_C_EXTENSION,2026-06-15,HOLDOUT,BEAR,702.25,671.79,763.17,2.0,85.0,0.41,0.9,2.0,T1_HIT,2026-07-01,12,2.09,0.0,1,1,1,0,0,0.0
CHOICEIN,EOD_CHALL_D_THRUST_030,2026-06-15,HOLDOUT,BEAR,702.25,671.79,763.17,2.0,85.0,0.41,0.9,2.0,T1_HIT,2026-07-01,12,2.09,0.0,1,1,1,0,0,0.0
CHOICEIN,EOD_CHALL_E_COMBINED,2026-06-15,HOLDOUT,BEAR,702.25,671.79,763.17,2.0,85.0,0.41,0.9,2.0,T1_HIT,2026-07-01,12,2.09,0.0,1,1,1,0,0,0.0
CHOICEIN,EOD_CHALL_F_CALIBRATED_SCORE,2026-06-15,HOLDOUT,BEAR,702.25,671.79,763.17,2.0,85.0,0.41,0.9,2.0,T1_HIT,2026-07-01,12,2.09,0.0,1,1,1,0,0,0.0
CHOICEIN,EOD_CHALL_G_SWEET_SPOT,2026-06-15,HOLDOUT,BEAR,702.25,671.79,763.17,2.0,85.0,0.41,0.9,2.0,T1_HIT,2026-07-01,12,2.09,0.0,1,1,1,0,0,0.0
CHOICEIN,EOD_CHALL_H_THRUST_CALIBRATED,2026-06-15,HOLDOUT,BEAR,702.25,671.79,763.17,2.0,85.0,0.41,0.9,2.0,T1_HIT,2026-07-01,12,2.09,0.0,1,1,1,0,0,0.0
CHOICEIN,EOD_CHALL_I_MONOTONIC_RUBRIC,2026-06-15,HOLDOUT,BEAR,702.25,671.79,763.17,2.0,95.0,0.41,0.9,2.0,T1_HIT,2026-07-01,12,2.09,0.0,1,1,1,0,0,0.0
CHOLAFIN,EOD_CHAMPION_V1,2026-06-15,HOLDOUT,BULL,1652.95,1564.09,1830.67,2.0,60.0,0.51,1.45,2.0,T1_HIT,2026-07-06,15,2.3,0.04,1,1,1,0,0,0.0
CHOLAFIN,EOD_CHALL_A_THRUST,2026-06-15,HOLDOUT,BULL,1652.95,1564.09,1830.67,2.0,60.0,0.51,1.45,2.0,T1_HIT,2026-07-06,15,2.3,0.04,1,1,1,0,0,0.0
CHOLAFIN,EOD_CHALL_C_EXTENSION,2026-06-15,HOLDOUT,BULL,1652.95,1564.09,1830.67,2.0,60.0,0.51,1.45,2.0,T1_HIT,2026-07-06,15,2.3,0.04,1,1,1,0,0,0.0
CHOLAFIN,EOD_CHALL_D_THRUST_030,2026-06-15,HOLDOUT,BULL,1652.95,1564.09,1830.67,2.0,60.0,0.51,1.45,2.0,T1_HIT,2026-07-06,15,2.3,0.04,1,1,1,0,0,0.0
CHOLAFIN,EOD_CHALL_H_THRUST_CALIBRATED,2026-06-15,HOLDOUT,BULL,1652.95,1564.09,1830.67,2.0,60.0,0.51,1.45,2.0,T1_HIT,2026-07-06,15,2.3,0.04,1,1,1,0,0,0.0
CRAFTSMAN,EOD_CHAMPION_V1,2026-06-15,HOLDOUT,BULL,9325.62,8917.12,10142.62,2.0,85.0,0.12,0.4,-0.01,EXPIRED_NEG,2026-07-13,20,1.47,0.93,1,0,0,0,0,0.0
CRAFTSMAN,EOD_CHALL_B_SCORE80,2026-06-15,HOLDOUT,BULL,9325.62,8917.12,10142.62,2.0,85.0,0.12,0.4,-0.01,EXPIRED_NEG,2026-07-13,20,1.47,0.93,1,0,0,0,0,0.0
CRAFTSMAN,EOD_CHALL_C_EXTENSION,2026-06-15,HOLDOUT,BULL,9325.62,8917.12,10142.62,2.0,85.0,0.12,0.4,-0.01,EXPIRED_NEG,2026-07-13,20,1.47,0.93,1,0,0,0,0,0.0
CRAFTSMAN,EOD_CHALL_F_CALIBRATED_SCORE,2026-06-15,HOLDOUT,BULL,9325.62,8917.12,10142.62,2.0,85.0,0.12,0.4,-0.01,EXPIRED_NEG,2026-07-13,20,1.47,0.93,1,0,0,0,0,0.0
CRAFTSMAN,EOD_CHALL_G_SWEET_SPOT,2026-06-15,HOLDOUT,BULL,9325.62,8917.12,10142.62,2.0,85.0,0.12,0.4,-0.01,EXPIRED_NEG,2026-07-13,20,1.47,0.93,1,0,0,0,0,0.0
CRAFTSMAN,EOD_CHALL_I_MONOTONIC_RUBRIC,2026-06-15,HOLDOUT,BULL,9325.62,8917.12,10142.62,2.0,90.0,0.12,0.4,-0.01,EXPIRED_NEG,2026-07-13,20,1.47,0.93,1,0,0,0,0,0.0
DIACABS,EOD_CHAMPION_V1,2026-06-15,HOLDOUT,BULL,215.34,203.9,238.22,2.0,85.0,0.28,1.38,-1.0,SL_HIT,2026-06-17,2,0.32,1.17,0,0,0,1,1,3.19
DIACABS,EOD_CHALL_B_SCORE80,2026-06-15,HOLDOUT,BULL,215.34,203.9,238.22,2.0,85.0,0.28,1.38,-1.0,SL_HIT,2026-06-17,2,0.32,1.17,0,0,0,1,1,3.19
DIACABS,EOD_CHALL_C_EXTENSION,2026-06-15,HOLDOUT,BULL,215.34,203.9,238.22,2.0,85.0,0.28,1.38,-1.0,SL_HIT,2026-06-17,2,0.32,1.17,0,0,0,1,1,3.19
DIACABS,EOD_CHALL_F_CALIBRATED_SCORE,2026-06-15,HOLDOUT,BULL,215.34,203.9,238.22,2.0,85.0,0.28,1.38,-1.0,SL_HIT,2026-06-17,2,0.32,1.17,0,0,0,1,1,3.19
DIACABS,EOD_CHALL_G_SWEET_SPOT,2026-06-15,HOLDOUT,BULL,215.34,203.9,238.22,2.0,85.0,0.28,1.38,-1.0,SL_HIT,2026-06-17,2,0.32,1.17,0,0,0,1,1,3.19
DIACABS,EOD_CHALL_I_MONOTONIC_RUBRIC,2026-06-15,HOLDOUT,BULL,215.34,203.9,238.22,2.0,85.0,0.28,1.38,-1.0,SL_HIT,2026-06-17,2,0.32,1.17,0,0,0,1,1,3.19
DIVGIITTS,EOD_CHAMPION_V1,2026-06-15,HOLDOUT,BULL,869.2,816.0,975.6,2.0,85.0,0.5,2.26,2.0,T1_HIT,2026-06-30,11,2.74,0.87,1,1,1,0,0,0.0
DIVGIITTS,EOD_CHALL_B_SCORE80,2026-06-15,HOLDOUT,BULL,869.2,816.0,975.6,2.0,85.0,0.5,2.26,2.0,T1_HIT,2026-06-30,11,2.74,0.87,1,1,1,0,0,0.0
DIVGIITTS,EOD_CHALL_C_EXTENSION,2026-06-15,HOLDOUT,BULL,869.2,816.0,975.6,2.0,85.0,0.5,2.26,2.0,T1_HIT,2026-06-30,11,2.74,0.87,1,1,1,0,0,0.0
DIVGIITTS,EOD_CHALL_D_THRUST_030,2026-06-15,HOLDOUT,BULL,869.2,816.0,975.6,2.0,85.0,0.5,2.26,2.0,T1_HIT,2026-06-30,11,2.74,0.87,1,1,1,0,0,0.0
DIVGIITTS,EOD_CHALL_E_COMBINED,2026-06-15,HOLDOUT,BULL,869.2,816.0,975.6,2.0,85.0,0.5,2.26,2.0,T1_HIT,2026-06-30,11,2.74,0.87,1,1,1,0,0,0.0
DIVGIITTS,EOD_CHALL_F_CALIBRATED_SCORE,2026-06-15,HOLDOUT,BULL,869.2,816.0,975.6,2.0,85.0,0.5,2.26,2.0,T1_HIT,2026-06-30,11,2.74,0.87,1,1,1,0,0,0.0
DIVGIITTS,EOD_CHALL_H_THRUST_CALIBRATED,2026-06-15,HOLDOUT,BULL,869.2,816.0,975.6,2.0,85.0,0.5,2.26,2.0,T1_HIT,2026-06-30,11,2.74,0.87,1,1,1,0,0,0.0
DIVGIITTS,EOD_CHALL_I_MONOTONIC_RUBRIC,2026-06-15,HOLDOUT,BULL,869.2,816.0,975.6,2.0,75.0,0.5,2.26,2.0,T1_HIT,2026-06-30,11,2.74,0.87,1,1,1,0,0,0.0
ELECON,EOD_CHAMPION_V1,2026-06-15,HOLDOUT,BULL,560.35,529.44,622.17,2.0,85.0,0.43,1.6,-1.0,SL_HIT,2026-06-19,4,0.51,1.17,0,0,0,0,0,-0.12
ELECON,EOD_CHALL_B_SCORE80,2026-06-15,HOLDOUT,BULL,560.35,529.44,622.17,2.0,85.0,0.43,1.6,-1.0,SL_HIT,2026-06-19,4,0.51,1.17,0,0,0,0,0,-0.12
ELECON,EOD_CHALL_C_EXTENSION,2026-06-15,HOLDOUT,BULL,560.35,529.44,622.17,2.0,85.0,0.43,1.6,-1.0,SL_HIT,2026-06-19,4,0.51,1.17,0,0,0,0,0,-0.12
ELECON,EOD_CHALL_D_THRUST_030,2026-06-15,HOLDOUT,BULL,560.35,529.44,622.17,2.0,85.0,0.43,1.6,-1.0,SL_HIT,2026-06-19,4,0.51,1.17,0,0,0,0,0,-0.12
ELECON,EOD_CHALL_E_COMBINED,2026-06-15,HOLDOUT,BULL,560.35,529.44,622.17,2.0,85.0,0.43,1.6,-1.0,SL_HIT,2026-06-19,4,0.51,1.17,0,0,0,0,0,-0.12
ELECON,EOD_CHALL_F_CALIBRATED_SCORE,2026-06-15,HOLDOUT,BULL,560.35,529.44,622.17,2.0,85.0,0.43,1.6,-1.0,SL_HIT,2026-06-19,4,0.51,1.17,0,0,0,0,0,-0.12
ELECON,EOD_CHALL_G_SWEET_SPOT,2026-06-15,HOLDOUT,BULL,560.35,529.44,622.17,2.0,85.0,0.43,1.6,-1.0,SL_HIT,2026-06-19,4,0.51,1.17,0,0,0,0,0,-0.12
ELECON,EOD_CHALL_H_THRUST_CALIBRATED,2026-06-15,HOLDOUT,BULL,560.35,529.44,622.17,2.0,85.0,0.43,1.6,-1.0,SL_HIT,2026-06-19,4,0.51,1.17,0,0,0,0,0,-0.12
ELECON,EOD_CHALL_I_MONOTONIC_RUBRIC,2026-06-15,HOLDOUT,BULL,560.35,529.44,622.17,2.0,90.0,0.43,1.6,-1.0,SL_HIT,2026-06-19,4,0.51,1.17,0,0,0,0,0,-0.12
INDIAMART,EOD_CHAMPION_V1,2026-06-15,HOLDOUT,BEAR,1991.2,1924.0,2125.6,2.0,85.0,0.05,0.08,-1.0,SL_HIT,2026-06-29,10,1.84,1.31,1,1,0,0,0,-0.42
INDIAMART,EOD_CHALL_B_SCORE80,2026-06-15,HOLDOUT,BEAR,1991.2,1924.0,2125.6,2.0,85.0,0.05,0.08,-1.0,SL_HIT,2026-06-29,10,1.84,1.31,1,1,0,0,0,-0.42
INDIAMART,EOD_CHALL_C_EXTENSION,2026-06-15,HOLDOUT,BEAR,1991.2,1924.0,2125.6,2.0,85.0,0.05,0.08,-1.0,SL_HIT,2026-06-29,10,1.84,1.31,1,1,0,0,0,-0.42
INDIAMART,EOD_CHALL_F_CALIBRATED_SCORE,2026-06-15,HOLDOUT,BEAR,1991.2,1924.0,2125.6,2.0,85.0,0.05,0.08,-1.0,SL_HIT,2026-06-29,10,1.84,1.31,1,1,0,0,0,-0.42
INDIAMART,EOD_CHALL_G_SWEET_SPOT,2026-06-15,HOLDOUT,BEAR,1991.2,1924.0,2125.6,2.0,85.0,0.05,0.08,-1.0,SL_HIT,2026-06-29,10,1.84,1.31,1,1,0,0,0,-0.42
INDIAMART,EOD_CHALL_I_MONOTONIC_RUBRIC,2026-06-15,HOLDOUT,BEAR,1991.2,1924.0,2125.6,2.0,90.0,0.05,0.08,-1.0,SL_HIT,2026-06-29,10,1.84,1.31,1,1,0,0,0,-0.42
KALYANKJIL,EOD_CHAMPION_V1,2026-06-15,HOLDOUT,BEAR,383.0,359.28,430.44,2.0,100.0,0.7,2.34,-1.0,SL_HIT,2026-07-07,16,0.52,1.46,0,0,0,1,1,6.28
KALYANKJIL,EOD_CHALL_A_THRUST,2026-06-15,HOLDOUT,BEAR,383.0,359.28,430.44,2.0,100.0,0.7,2.34,-1.0,SL_HIT,2026-07-07,16,0.52,1.46,0,0,0,1,1,6.28
KALYANKJIL,EOD_CHALL_B_SCORE80,2026-06-15,HOLDOUT,BEAR,383.0,359.28,430.44,2.0,100.0,0.7,2.34,-1.0,SL_HIT,2026-07-07,16,0.52,1.46,0,0,0,1,1,6.28
KALYANKJIL,EOD_CHALL_C_EXTENSION,2026-06-15,HOLDOUT,BEAR,383.0,359.28,430.44,2.0,100.0,0.7,2.34,-1.0,SL_HIT,2026-07-07,16,0.52,1.46,0,0,0,1,1,6.28
KALYANKJIL,EOD_CHALL_D_THRUST_030,2026-06-15,HOLDOUT,BEAR,383.0,359.28,430.44,2.0,100.0,0.7,2.34,-1.0,SL_HIT,2026-07-07,16,0.52,1.46,0,0,0,1,1,6.28
KALYANKJIL,EOD_CHALL_E_COMBINED,2026-06-15,HOLDOUT,BEAR,383.0,359.28,430.44,2.0,100.0,0.7,2.34,-1.0,SL_HIT,2026-07-07,16,0.52,1.46,0,0,0,1,1,6.28
KALYANKJIL,EOD_CHALL_F_CALIBRATED_SCORE,2026-06-15,HOLDOUT,BEAR,383.0,359.28,430.44,2.0,100.0,0.7,2.34,-1.0,SL_HIT,2026-07-07,16,0.52,1.46,0,0,0,1,1,6.28
KALYANKJIL,EOD_CHALL_G_SWEET_SPOT,2026-06-15,HOLDOUT,BEAR,383.0,359.28,430.44,2.0,100.0,0.7,2.34,-1.0,SL_HIT,2026-07-07,16,0.52,1.46,0,0,0,1,1,6.28
KALYANKJIL,EOD_CHALL_H_THRUST_CALIBRATED,2026-06-15,HOLDOUT,BEAR,383.0,359.28,430.44,2.0,100.0,0.7,2.34,-1.0,SL_HIT,2026-07-07,16,0.52,1.46,0,0,0,1,1,6.28
KALYANKJIL,EOD_CHALL_I_MONOTONIC_RUBRIC,2026-06-15,HOLDOUT,BEAR,383.0,359.28,430.44,2.0,90.0,0.7,2.34,-1.0,SL_HIT,2026-07-07,16,0.52,1.46,0,0,0,1,1,6.28
MOTILALOFS,EOD_CHAMPION_V1,2026-06-15,HOLDOUT,BULL,939.45,884.92,1048.51,2.0,85.0,1.12,3.35,0.8,EXPIRED_POS,2026-07-13,20,0.92,0.66,0,0,0,0,0,0.0
MOTILALOFS,EOD_CHALL_A_THRUST,2026-06-15,HOLDOUT,BULL,939.45,884.92,1048.51,2.0,85.0,1.12,3.35,0.8,EXPIRED_POS,2026-07-13,20,0.92,0.66,0,0,0,0,0,0.0
MOTILALOFS,EOD_CHALL_B_SCORE80,2026-06-15,HOLDOUT,BULL,939.45,884.92,1048.51,2.0,85.0,1.12,3.35,0.8,EXPIRED_POS,2026-07-13,20,0.92,0.66,0,0,0,0,0,0.0
MOTILALOFS,EOD_CHALL_D_THRUST_030,2026-06-15,HOLDOUT,BULL,939.45,884.92,1048.51,2.0,85.0,1.12,3.35,0.8,EXPIRED_POS,2026-07-13,20,0.92,0.66,0,0,0,0,0,0.0
MOTILALOFS,EOD_CHALL_F_CALIBRATED_SCORE,2026-06-15,HOLDOUT,BULL,939.45,884.92,1048.51,2.0,70.0,1.12,3.35,0.8,EXPIRED_POS,2026-07-13,20,0.92,0.66,0,0,0,0,0,0.0
PRESTIGE,EOD_CHAMPION_V1,2026-06-15,HOLDOUT,NEUTRAL,1470.65,1375.45,1661.05,2.0,100.0,0.81,2.68,2.0,T1_HIT,2026-07-02,13,2.2,0.12,1,1,1,0,0,0.0
PRESTIGE,EOD_CHALL_A_THRUST,2026-06-15,HOLDOUT,NEUTRAL,1470.65,1375.45,1661.05,2.0,100.0,0.81,2.68,2.0,T1_HIT,2026-07-02,13,2.2,0.12,1,1,1,0,0,0.0
PRESTIGE,EOD_CHALL_B_SCORE80,2026-06-15,HOLDOUT,NEUTRAL,1470.65,1375.45,1661.05,2.0,100.0,0.81,2.68,2.0,T1_HIT,2026-07-02,13,2.2,0.12,1,1,1,0,0,0.0
PRESTIGE,EOD_CHALL_D_THRUST_030,2026-06-15,HOLDOUT,NEUTRAL,1470.65,1375.45,1661.05,2.0,100.0,0.81,2.68,2.0,T1_HIT,2026-07-02,13,2.2,0.12,1,1,1,0,0,0.0
PRESTIGE,EOD_CHALL_F_CALIBRATED_SCORE,2026-06-15,HOLDOUT,NEUTRAL,1470.65,1375.45,1661.05,2.0,85.0,0.81,2.68,2.0,T1_HIT,2026-07-02,13,2.2,0.12,1,1,1,0,0,0.0
PRESTIGE,EOD_CHALL_G_SWEET_SPOT,2026-06-15,HOLDOUT,NEUTRAL,1470.65,1375.45,1661.05,2.0,100.0,0.81,2.68,2.0,T1_HIT,2026-07-02,13,2.2,0.12,1,1,1,0,0,0.0
PRESTIGE,EOD_CHALL_I_MONOTONIC_RUBRIC,2026-06-15,HOLDOUT,NEUTRAL,1470.65,1375.45,1661.05,2.0,90.0,0.81,2.68,2.0,T1_HIT,2026-07-02,13,2.2,0.12,1,1,1,0,0,0.0
RAINBOW,EOD_CHAMPION_V1,2026-06-15,HOLDOUT,BULL,1415.27,1345.58,1554.65,2.0,100.0,0.68,1.69,0.93,EXPIRED_POS,2026-07-13,20,1.33,0.41,1,0,0,0,0,0.0
RAINBOW,EOD_CHALL_A_THRUST,2026-06-15,HOLDOUT,BULL,1415.27,1345.58,1554.65,2.0,100.0,0.68,1.69,0.93,EXPIRED_POS,2026-07-13,20,1.33,0.41,1,0,0,0,0,0.0
RAINBOW,EOD_CHALL_B_SCORE80,2026-06-15,HOLDOUT,BULL,1415.27,1345.58,1554.65,2.0,100.0,0.68,1.69,0.93,EXPIRED_POS,2026-07-13,20,1.33,0.41,1,0,0,0,0,0.0
RAINBOW,EOD_CHALL_C_EXTENSION,2026-06-15,HOLDOUT,BULL,1415.27,1345.58,1554.65,2.0,100.0,0.68,1.69,0.93,EXPIRED_POS,2026-07-13,20,1.33,0.41,1,0,0,0,0,0.0
RAINBOW,EOD_CHALL_D_THRUST_030,2026-06-15,HOLDOUT,BULL,1415.27,1345.58,1554.65,2.0,100.0,0.68,1.69,0.93,EXPIRED_POS,2026-07-13,20,1.33,0.41,1,0,0,0,0,0.0
RAINBOW,EOD_CHALL_E_COMBINED,2026-06-15,HOLDOUT,BULL,1415.27,1345.58,1554.65,2.0,100.0,0.68,1.69,0.93,EXPIRED_POS,2026-07-13,20,1.33,0.41,1,0,0,0,0,0.0
RAINBOW,EOD_CHALL_F_CALIBRATED_SCORE,2026-06-15,HOLDOUT,BULL,1415.27,1345.58,1554.65,2.0,100.0,0.68,1.69,0.93,EXPIRED_POS,2026-07-13,20,1.33,0.41,1,0,0,0,0,0.0
RAINBOW,EOD_CHALL_G_SWEET_SPOT,2026-06-15,HOLDOUT,BULL,1415.27,1345.58,1554.65,2.0,100.0,0.68,1.69,0.93,EXPIRED_POS,2026-07-13,20,1.33,0.41,1,0,0,0,0,0.0
RAINBOW,EOD_CHALL_H_THRUST_CALIBRATED,2026-06-15,HOLDOUT,BULL,1415.27,1345.58,1554.65,2.0,100.0,0.68,1.69,0.93,EXPIRED_POS,2026-07-13,20,1.33,0.41,1,0,0,0,0,0.0
RAINBOW,EOD_CHALL_I_MONOTONIC_RUBRIC,2026-06-15,HOLDOUT,BULL,1415.27,1345.58,1554.65,2.0,100.0,0.68,1.69,0.93,EXPIRED_POS,2026-07-13,20,1.33,0.41,1,0,0,0,0,0.0
SANGHVIMOV,EOD_CHAMPION_V1,2026-06-15,HOLDOUT,BULL,420.85,383.52,495.51,2.0,85.0,1.14,5.34,0.42,EXPIRED_POS,2026-07-13,20,1.4,0.4,1,0,0,0,0,0.0
SANGHVIMOV,EOD_CHALL_A_THRUST,2026-06-15,HOLDOUT,BULL,420.85,383.52,495.51,2.0,85.0,1.14,5.34,0.42,EXPIRED_POS,2026-07-13,20,1.4,0.4,1,0,0,0,0,0.0
SANGHVIMOV,EOD_CHALL_B_SCORE80,2026-06-15,HOLDOUT,BULL,420.85,383.52,495.51,2.0,85.0,1.14,5.34,0.42,EXPIRED_POS,2026-07-13,20,1.4,0.4,1,0,0,0,0,0.0
SANGHVIMOV,EOD_CHALL_D_THRUST_030,2026-06-15,HOLDOUT,BULL,420.85,383.52,495.51,2.0,85.0,1.14,5.34,0.42,EXPIRED_POS,2026-07-13,20,1.4,0.4,1,0,0,0,0,0.0
SANGHVIMOV,EOD_CHALL_F_CALIBRATED_SCORE,2026-06-15,HOLDOUT,BULL,420.85,383.52,495.51,2.0,70.0,1.14,5.34,0.42,EXPIRED_POS,2026-07-13,20,1.4,0.4,1,0,0,0,0,0.0
SHRIPISTON,EOD_CHAMPION_V1,2026-06-15,HOLDOUT,BULL,3737.41,3515.71,4180.81,2.0,75.0,0.94,2.86,2.0,T1_HIT,2026-06-30,11,2.14,0.32,1,1,1,0,0,0.0
SHRIPISTON,EOD_CHALL_A_THRUST,2026-06-15,HOLDOUT,BULL,3737.41,3515.71,4180.81,2.0,75.0,0.94,2.86,2.0,T1_HIT,2026-06-30,11,2.14,0.32,1,1,1,0,0,0.0
SHRIPISTON,EOD_CHALL_D_THRUST_030,2026-06-15,HOLDOUT,BULL,3737.41,3515.71,4180.81,2.0,75.0,0.94,2.86,2.0,T1_HIT,2026-06-30,11,2.14,0.32,1,1,1,0,0,0.0
SHRIPISTON,EOD_CHALL_G_SWEET_SPOT,2026-06-15,HOLDOUT,BULL,3737.41,3515.71,4180.81,2.0,75.0,0.94,2.86,2.0,T1_HIT,2026-06-30,11,2.14,0.32,1,1,1,0,0,0.0
TATACAP,EOD_CHAMPION_V1,2026-06-15,HOLDOUT,BULL,340.7,325.82,370.46,2.0,70.0,1.75,3.97,2.0,T1_HIT,2026-06-19,4,2.64,0.5,1,1,1,0,0,0.0
TATACAP,EOD_CHALL_A_THRUST,2026-06-15,HOLDOUT,BULL,340.7,325.82,370.46,2.0,70.0,1.75,3.97,2.0,T1_HIT,2026-06-19,4,2.64,0.5,1,1,1,0,0,0.0
TATACAP,EOD_CHALL_D_THRUST_030,2026-06-15,HOLDOUT,BULL,340.7,325.82,370.46,2.0,70.0,1.75,3.97,2.0,T1_HIT,2026-06-19,4,2.64,0.5,1,1,1,0,0,0.0
TATACAP,EOD_CHALL_G_SWEET_SPOT,2026-06-15,HOLDOUT,BULL,340.7,325.82,370.46,2.0,70.0,1.75,3.97,2.0,T1_HIT,2026-06-19,4,2.64,0.5,1,1,1,0,0,0.0
ACE,EOD_CHAMPION_V1,2026-06-22,HOLDOUT,BULL,1011.7,954.69,1125.72,2.0,70.0,0.94,2.72,-0.35,EXPIRED_NEG,2026-07-20,20,0.62,0.87,0,0,0,0,0,0.0
ACE,EOD_CHALL_A_THRUST,2026-06-22,HOLDOUT,BULL,1011.7,954.69,1125.72,2.0,70.0,0.94,2.72,-0.35,EXPIRED_NEG,2026-07-20,20,0.62,0.87,0,0,0,0,0,0.0
ACE,EOD_CHALL_D_THRUST_030,2026-06-22,HOLDOUT,BULL,1011.7,954.69,1125.72,2.0,70.0,0.94,2.72,-0.35,EXPIRED_NEG,2026-07-20,20,0.62,0.87,0,0,0,0,0,0.0
ACE,EOD_CHALL_G_SWEET_SPOT,2026-06-22,HOLDOUT,BULL,1011.7,954.69,1125.72,2.0,70.0,0.94,2.72,-0.35,EXPIRED_NEG,2026-07-20,20,0.62,0.87,0,0,0,0,0,0.0
AETHER,EOD_CHAMPION_V1,2026-06-22,HOLDOUT,BULL,1226.8,1146.05,1388.3,2.0,100.0,0.77,2.76,2.0,T1_HIT,2026-06-29,5,2.05,0.12,1,1,1,0,0,0.0
AETHER,EOD_CHALL_A_THRUST,2026-06-22,HOLDOUT,BULL,1226.8,1146.05,1388.3,2.0,100.0,0.77,2.76,2.0,T1_HIT,2026-06-29,5,2.05,0.12,1,1,1,0,0,0.0
AETHER,EOD_CHALL_B_SCORE80,2026-06-22,HOLDOUT,BULL,1226.8,1146.05,1388.3,2.0,100.0,0.77,2.76,2.0,T1_HIT,2026-06-29,5,2.05,0.12,1,1,1,0,0,0.0
AETHER,EOD_CHALL_D_THRUST_030,2026-06-22,HOLDOUT,BULL,1226.8,1146.05,1388.3,2.0,100.0,0.77,2.76,2.0,T1_HIT,2026-06-29,5,2.05,0.12,1,1,1,0,0,0.0
AETHER,EOD_CHALL_F_CALIBRATED_SCORE,2026-06-22,HOLDOUT,BULL,1226.8,1146.05,1388.3,2.0,85.0,0.77,2.76,2.0,T1_HIT,2026-06-29,5,2.05,0.12,1,1,1,0,0,0.0
AETHER,EOD_CHALL_G_SWEET_SPOT,2026-06-22,HOLDOUT,BULL,1226.8,1146.05,1388.3,2.0,100.0,0.77,2.76,2.0,T1_HIT,2026-06-29,5,2.05,0.12,1,1,1,0,0,0.0
AETHER,EOD_CHALL_I_MONOTONIC_RUBRIC,2026-06-22,HOLDOUT,BULL,1226.8,1146.05,1388.3,2.0,90.0,0.77,2.76,2.0,T1_HIT,2026-06-29,5,2.05,0.12,1,1,1,0,0,0.0
HAPPYFORGE,EOD_CHAMPION_V1,2026-06-22,HOLDOUT,BULL,1550.9,1454.13,1744.44,2.0,70.0,1.42,4.63,0.59,EXPIRED_POS,2026-07-20,20,0.85,0.87,0,0,0,0,0,0.0
HAPPYFORGE,EOD_CHALL_A_THRUST,2026-06-22,HOLDOUT,BULL,1550.9,1454.13,1744.44,2.0,70.0,1.42,4.63,0.59,EXPIRED_POS,2026-07-20,20,0.85,0.87,0,0,0,0,0,0.0
HAPPYFORGE,EOD_CHALL_D_THRUST_030,2026-06-22,HOLDOUT,BULL,1550.9,1454.13,1744.44,2.0,70.0,1.42,4.63,0.59,EXPIRED_POS,2026-07-20,20,0.85,0.87,0,0,0,0,0,0.0
HAPPYFORGE,EOD_CHALL_G_SWEET_SPOT,2026-06-22,HOLDOUT,BULL,1550.9,1454.13,1744.44,2.0,70.0,1.42,4.63,0.59,EXPIRED_POS,2026-07-20,20,0.85,0.87,0,0,0,0,0,0.0
KSB,EOD_CHAMPION_V1,2026-06-22,HOLDOUT,BULL,947.8,893.38,1056.64,2.0,45.0,1.43,4.27,-1.0,SL_HIT,2026-07-17,19,0.48,1.07,0,0,0,0,0,-0.22
KSB,EOD_CHALL_A_THRUST,2026-06-22,HOLDOUT,BULL,947.8,893.38,1056.64,2.0,45.0,1.43,4.27,-1.0,SL_HIT,2026-07-17,19,0.48,1.07,0,0,0,0,0,-0.22
KSB,EOD_CHALL_D_THRUST_030,2026-06-22,HOLDOUT,BULL,947.8,893.38,1056.64,2.0,45.0,1.43,4.27,-1.0,SL_HIT,2026-07-17,19,0.48,1.07,0,0,0,0,0,-0.22
MANKIND,EOD_CHAMPION_V1,2026-06-22,HOLDOUT,BULL,2538.3,2422.94,2769.02,2.0,90.0,0.49,1.13,0.24,EXPIRED_POS,2026-07-20,20,0.87,0.7,0,0,0,0,0,0.0
MANKIND,EOD_CHALL_B_SCORE80,2026-06-22,HOLDOUT,BULL,2538.3,2422.94,2769.02,2.0,90.0,0.49,1.13,0.24,EXPIRED_POS,2026-07-20,20,0.87,0.7,0,0,0,0,0,0.0
MANKIND,EOD_CHALL_C_EXTENSION,2026-06-22,HOLDOUT,BULL,2538.3,2422.94,2769.02,2.0,90.0,0.49,1.13,0.24,EXPIRED_POS,2026-07-20,20,0.87,0.7,0,0,0,0,0,0.0
MANKIND,EOD_CHALL_D_THRUST_030,2026-06-22,HOLDOUT,BULL,2538.3,2422.94,2769.02,2.0,90.0,0.49,1.13,0.24,EXPIRED_POS,2026-07-20,20,0.87,0.7,0,0,0,0,0,0.0
MANKIND,EOD_CHALL_E_COMBINED,2026-06-22,HOLDOUT,BULL,2538.3,2422.94,2769.02,2.0,90.0,0.49,1.13,0.24,EXPIRED_POS,2026-07-20,20,0.87,0.7,0,0,0,0,0,0.0
MANKIND,EOD_CHALL_F_CALIBRATED_SCORE,2026-06-22,HOLDOUT,BULL,2538.3,2422.94,2769.02,2.0,90.0,0.49,1.13,0.24,EXPIRED_POS,2026-07-20,20,0.87,0.7,0,0,0,0,0,0.0
MANKIND,EOD_CHALL_G_SWEET_SPOT,2026-06-22,HOLDOUT,BULL,2538.3,2422.94,2769.02,2.0,90.0,0.49,1.13,0.24,EXPIRED_POS,2026-07-20,20,0.87,0.7,0,0,0,0,0,0.0
MANKIND,EOD_CHALL_H_THRUST_CALIBRATED,2026-06-22,HOLDOUT,BULL,2538.3,2422.94,2769.02,2.0,90.0,0.49,1.13,0.24,EXPIRED_POS,2026-07-20,20,0.87,0.7,0,0,0,0,0,0.0
MANKIND,EOD_CHALL_I_MONOTONIC_RUBRIC,2026-06-22,HOLDOUT,BULL,2538.3,2422.94,2769.02,2.0,95.0,0.49,1.13,0.24,EXPIRED_POS,2026-07-20,20,0.87,0.7,0,0,0,0,0,0.0
MEDANTA,EOD_CHAMPION_V1,2026-06-22,HOLDOUT,BULL,1288.1,1232.64,1399.02,2.0,85.0,0.12,0.32,0.78,EXPIRED_POS,2026-07-20,20,1.47,0.06,1,0,0,0,0,0.0
MEDANTA,EOD_CHALL_B_SCORE80,2026-06-22,HOLDOUT,BULL,1288.1,1232.64,1399.02,2.0,85.0,0.12,0.32,0.78,EXPIRED_POS,2026-07-20,20,1.47,0.06,1,0,0,0,0,0.0
MEDANTA,EOD_CHALL_C_EXTENSION,2026-06-22,HOLDOUT,BULL,1288.1,1232.64,1399.02,2.0,85.0,0.12,0.32,0.78,EXPIRED_POS,2026-07-20,20,1.47,0.06,1,0,0,0,0,0.0
MEDANTA,EOD_CHALL_F_CALIBRATED_SCORE,2026-06-22,HOLDOUT,BULL,1288.1,1232.64,1399.02,2.0,85.0,0.12,0.32,0.78,EXPIRED_POS,2026-07-20,20,1.47,0.06,1,0,0,0,0,0.0
MEDANTA,EOD_CHALL_G_SWEET_SPOT,2026-06-22,HOLDOUT,BULL,1288.1,1232.64,1399.02,2.0,85.0,0.12,0.32,0.78,EXPIRED_POS,2026-07-20,20,1.47,0.06,1,0,0,0,0,0.0
MEDANTA,EOD_CHALL_I_MONOTONIC_RUBRIC,2026-06-22,HOLDOUT,BULL,1288.1,1232.64,1399.02,2.0,90.0,0.12,0.32,0.78,EXPIRED_POS,2026-07-20,20,1.47,0.06,1,0,0,0,0,0.0
MODEFENCE.NS,EOD_CHAMPION_V1,2026-06-22,HOLDOUT,BULL,106.92,102.19,116.38,2.0,85.0,0.2,0.44,-1.0,SL_HIT,2026-06-29,5,0.23,1.23,0,0,0,1,0,0.0
MODEFENCE.NS,EOD_CHALL_B_SCORE80,2026-06-22,HOLDOUT,BULL,106.92,102.19,116.38,2.0,85.0,0.2,0.44,-1.0,SL_HIT,2026-06-29,5,0.23,1.23,0,0,0,1,0,0.0
MODEFENCE.NS,EOD_CHALL_C_EXTENSION,2026-06-22,HOLDOUT,BULL,106.92,102.19,116.38,2.0,85.0,0.2,0.44,-1.0,SL_HIT,2026-06-29,5,0.23,1.23,0,0,0,1,0,0.0
MODEFENCE.NS,EOD_CHALL_F_CALIBRATED_SCORE,2026-06-22,HOLDOUT,BULL,106.92,102.19,116.38,2.0,85.0,0.2,0.44,-1.0,SL_HIT,2026-06-29,5,0.23,1.23,0,0,0,1,0,0.0
MODEFENCE.NS,EOD_CHALL_G_SWEET_SPOT,2026-06-22,HOLDOUT,BULL,106.92,102.19,116.38,2.0,85.0,0.2,0.44,-1.0,SL_HIT,2026-06-29,5,0.23,1.23,0,0,0,1,0,0.0
MODEFENCE.NS,EOD_CHALL_I_MONOTONIC_RUBRIC,2026-06-22,HOLDOUT,BULL,106.92,102.19,116.38,2.0,90.0,0.2,0.44,-1.0,SL_HIT,2026-06-29,5,0.23,1.23,0,0,0,1,0,0.0
PRIVISCL,EOD_CHAMPION_V1,2026-06-22,HOLDOUT,BULL,3655.8,3457.32,4052.76,2.0,70.0,1.28,3.59,0.1,EXPIRED_POS,2026-07-20,20,0.52,0.76,0,0,0,0,0,0.0
PRIVISCL,EOD_CHALL_A_THRUST,2026-06-22,HOLDOUT,BULL,3655.8,3457.32,4052.76,2.0,70.0,1.28,3.59,0.1,EXPIRED_POS,2026-07-20,20,0.52,0.76,0,0,0,0,0,0.0
PRIVISCL,EOD_CHALL_D_THRUST_030,2026-06-22,HOLDOUT,BULL,3655.8,3457.32,4052.76,2.0,70.0,1.28,3.59,0.1,EXPIRED_POS,2026-07-20,20,0.52,0.76,0,0,0,0,0,0.0
PRIVISCL,EOD_CHALL_G_SWEET_SPOT,2026-06-22,HOLDOUT,BULL,3655.8,3457.32,4052.76,2.0,70.0,1.28,3.59,0.1,EXPIRED_POS,2026-07-20,20,0.52,0.76,0,0,0,0,0,0.0
RECLTD,EOD_CHAMPION_V1,2026-06-22,HOLDOUT,BULL,369.85,353.82,401.91,2.0,85.0,0.62,1.37,-1.0,SL_HIT,2026-07-08,12,0.16,1.46,0,0,0,0,0,-0.32
RECLTD,EOD_CHALL_A_THRUST,2026-06-22,HOLDOUT,BULL,369.85,353.82,401.91,2.0,85.0,0.62,1.37,-1.0,SL_HIT,2026-07-08,12,0.16,1.46,0,0,0,0,0,-0.32
RECLTD,EOD_CHALL_B_SCORE80,2026-06-22,HOLDOUT,BULL,369.85,353.82,401.91,2.0,85.0,0.62,1.37,-1.0,SL_HIT,2026-07-08,12,0.16,1.46,0,0,0,0,0,-0.32
RECLTD,EOD_CHALL_C_EXTENSION,2026-06-22,HOLDOUT,BULL,369.85,353.82,401.91,2.0,85.0,0.62,1.37,-1.0,SL_HIT,2026-07-08,12,0.16,1.46,0,0,0,0,0,-0.32
RECLTD,EOD_CHALL_D_THRUST_030,2026-06-22,HOLDOUT,BULL,369.85,353.82,401.91,2.0,85.0,0.62,1.37,-1.0,SL_HIT,2026-07-08,12,0.16,1.46,0,0,0,0,0,-0.32
RECLTD,EOD_CHALL_E_COMBINED,2026-06-22,HOLDOUT,BULL,369.85,353.82,401.91,2.0,85.0,0.62,1.37,-1.0,SL_HIT,2026-07-08,12,0.16,1.46,0,0,0,0,0,-0.32
RECLTD,EOD_CHALL_F_CALIBRATED_SCORE,2026-06-22,HOLDOUT,BULL,369.85,353.82,401.91,2.0,85.0,0.62,1.37,-1.0,SL_HIT,2026-07-08,12,0.16,1.46,0,0,0,0,0,-0.32
RECLTD,EOD_CHALL_G_SWEET_SPOT,2026-06-22,HOLDOUT,BULL,369.85,353.82,401.91,2.0,85.0,0.62,1.37,-1.0,SL_HIT,2026-07-08,12,0.16,1.46,0,0,0,0,0,-0.32
RECLTD,EOD_CHALL_H_THRUST_CALIBRATED,2026-06-22,HOLDOUT,BULL,369.85,353.82,401.91,2.0,85.0,0.62,1.37,-1.0,SL_HIT,2026-07-08,12,0.16,1.46,0,0,0,0,0,-0.32
RECLTD,EOD_CHALL_I_MONOTONIC_RUBRIC,2026-06-22,HOLDOUT,BULL,369.85,353.82,401.91,2.0,90.0,0.62,1.37,-1.0,SL_HIT,2026-07-08,12,0.16,1.46,0,0,0,0,0,-0.32
RELIGARE,EOD_CHAMPION_V1,2026-06-22,HOLDOUT,BULL,265.53,251.14,294.31,2.0,60.0,0.95,2.64,-0.59,EXPIRED_NEG,2026-07-20,20,1.01,0.93,1,0,0,0,0,0.0
RELIGARE,EOD_CHALL_A_THRUST,2026-06-22,HOLDOUT,BULL,265.53,251.14,294.31,2.0,60.0,0.95,2.64,-0.59,EXPIRED_NEG,2026-07-20,20,1.01,0.93,1,0,0,0,0,0.0
RELIGARE,EOD_CHALL_D_THRUST_030,2026-06-22,HOLDOUT,BULL,265.53,251.14,294.31,2.0,60.0,0.95,2.64,-0.59,EXPIRED_NEG,2026-07-20,20,1.01,0.93,1,0,0,0,0,0.0
SANSTAR,EOD_CHAMPION_V1,2026-06-22,HOLDOUT,BULL,124.27,117.11,138.59,2.0,100.0,0.39,1.87,-1.0,SL_HIT,2026-07-03,9,1.85,1.07,1,1,0,0,0,-0.06
SANSTAR,EOD_CHALL_B_SCORE80,2026-06-22,HOLDOUT,BULL,124.27,117.11,138.59,2.0,100.0,0.39,1.87,-1.0,SL_HIT,2026-07-03,9,1.85,1.07,1,1,0,0,0,-0.06
SANSTAR,EOD_CHALL_C_EXTENSION,2026-06-22,HOLDOUT,BULL,124.27,117.11,138.59,2.0,100.0,0.39,1.87,-1.0,SL_HIT,2026-07-03,9,1.85,1.07,1,1,0,0,0,-0.06
SANSTAR,EOD_CHALL_D_THRUST_030,2026-06-22,HOLDOUT,BULL,124.27,117.11,138.59,2.0,100.0,0.39,1.87,-1.0,SL_HIT,2026-07-03,9,1.85,1.07,1,1,0,0,0,-0.06
SANSTAR,EOD_CHALL_E_COMBINED,2026-06-22,HOLDOUT,BULL,124.27,117.11,138.59,2.0,100.0,0.39,1.87,-1.0,SL_HIT,2026-07-03,9,1.85,1.07,1,1,0,0,0,-0.06
SANSTAR,EOD_CHALL_F_CALIBRATED_SCORE,2026-06-22,HOLDOUT,BULL,124.27,117.11,138.59,2.0,100.0,0.39,1.87,-1.0,SL_HIT,2026-07-03,9,1.85,1.07,1,1,0,0,0,-0.06
SANSTAR,EOD_CHALL_G_SWEET_SPOT,2026-06-22,HOLDOUT,BULL,124.27,117.11,138.59,2.0,100.0,0.39,1.87,-1.0,SL_HIT,2026-07-03,9,1.85,1.07,1,1,0,0,0,-0.06
SANSTAR,EOD_CHALL_I_MONOTONIC_RUBRIC,2026-06-22,HOLDOUT,BULL,124.27,117.11,138.59,2.0,100.0,0.39,1.87,-1.0,SL_HIT,2026-07-03,9,1.85,1.07,1,1,0,0,0,-0.06
TTKPRESTIG,EOD_CHAMPION_V1,2026-06-22,HOLDOUT,NEUTRAL,557.88,526.82,620.0,2.0,85.0,0.51,1.66,2.0,T1_HIT,2026-06-30,6,2.23,0.46,1,1,1,0,0,0.0
TTKPRESTIG,EOD_CHALL_A_THRUST,2026-06-22,HOLDOUT,NEUTRAL,557.88,526.82,620.0,2.0,85.0,0.51,1.66,2.0,T1_HIT,2026-06-30,6,2.23,0.46,1,1,1,0,0,0.0
TTKPRESTIG,EOD_CHALL_B_SCORE80,2026-06-22,HOLDOUT,NEUTRAL,557.88,526.82,620.0,2.0,85.0,0.51,1.66,2.0,T1_HIT,2026-06-30,6,2.23,0.46,1,1,1,0,0,0.0
TTKPRESTIG,EOD_CHALL_C_EXTENSION,2026-06-22,HOLDOUT,NEUTRAL,557.88,526.82,620.0,2.0,85.0,0.51,1.66,2.0,T1_HIT,2026-06-30,6,2.23,0.46,1,1,1,0,0,0.0
TTKPRESTIG,EOD_CHALL_D_THRUST_030,2026-06-22,HOLDOUT,NEUTRAL,557.88,526.82,620.0,2.0,85.0,0.51,1.66,2.0,T1_HIT,2026-06-30,6,2.23,0.46,1,1,1,0,0,0.0
TTKPRESTIG,EOD_CHALL_E_COMBINED,2026-06-22,HOLDOUT,NEUTRAL,557.88,526.82,620.0,2.0,85.0,0.51,1.66,2.0,T1_HIT,2026-06-30,6,2.23,0.46,1,1,1,0,0,0.0
TTKPRESTIG,EOD_CHALL_F_CALIBRATED_SCORE,2026-06-22,HOLDOUT,NEUTRAL,557.88,526.82,620.0,2.0,85.0,0.51,1.66,2.0,T1_HIT,2026-06-30,6,2.23,0.46,1,1,1,0,0,0.0
TTKPRESTIG,EOD_CHALL_G_SWEET_SPOT,2026-06-22,HOLDOUT,NEUTRAL,557.88,526.82,620.0,2.0,85.0,0.51,1.66,2.0,T1_HIT,2026-06-30,6,2.23,0.46,1,1,1,0,0,0.0
TTKPRESTIG,EOD_CHALL_H_THRUST_CALIBRATED,2026-06-22,HOLDOUT,NEUTRAL,557.88,526.82,620.0,2.0,85.0,0.51,1.66,2.0,T1_HIT,2026-06-30,6,2.23,0.46,1,1,1,0,0,0.0
TTKPRESTIG,EOD_CHALL_I_MONOTONIC_RUBRIC,2026-06-22,HOLDOUT,NEUTRAL,557.88,526.82,620.0,2.0,90.0,0.51,1.66,2.0,T1_HIT,2026-06-30,6,2.23,0.46,1,1,1,0,0,0.0
VENUSPIPES,EOD_CHAMPION_V1,2026-06-22,HOLDOUT,BULL,1673.5,1555.18,1910.14,2.0,60.0,1.6,5.98,0.24,EXPIRED_POS,2026-07-20,20,1.7,0.24,1,1,0,0,0,0.0
VENUSPIPES,EOD_CHALL_A_THRUST,2026-06-22,HOLDOUT,BULL,1673.5,1555.18,1910.14,2.0,60.0,1.6,5.98,0.24,EXPIRED_POS,2026-07-20,20,1.7,0.24,1,1,0,0,0,0.0
VENUSPIPES,EOD_CHALL_D_THRUST_030,2026-06-22,HOLDOUT,BULL,1673.5,1555.18,1910.14,2.0,60.0,1.6,5.98,0.24,EXPIRED_POS,2026-07-20,20,1.7,0.24,1,1,0,0,0,0.0
ZYDUSWELL,EOD_CHAMPION_V1,2026-06-22,HOLDOUT,BULL,535.48,513.01,580.42,2.0,100.0,0.06,0.21,-1.0,SL_HIT,2026-06-25,3,0.38,1.5,0,0,0,1,1,3.4
ZYDUSWELL,EOD_CHALL_B_SCORE80,2026-06-22,HOLDOUT,BULL,535.48,513.01,580.42,2.0,100.0,0.06,0.21,-1.0,SL_HIT,2026-06-25,3,0.38,1.5,0,0,0,1,1,3.4
ZYDUSWELL,EOD_CHALL_C_EXTENSION,2026-06-22,HOLDOUT,BULL,535.48,513.01,580.42,2.0,100.0,0.06,0.21,-1.0,SL_HIT,2026-06-25,3,0.38,1.5,0,0,0,1,1,3.4
ZYDUSWELL,EOD_CHALL_F_CALIBRATED_SCORE,2026-06-22,HOLDOUT,BULL,535.48,513.01,580.42,2.0,100.0,0.06,0.21,-1.0,SL_HIT,2026-06-25,3,0.38,1.5,0,0,0,1,1,3.4
ZYDUSWELL,EOD_CHALL_G_SWEET_SPOT,2026-06-22,HOLDOUT,BULL,535.48,513.01,580.42,2.0,100.0,0.06,0.21,-1.0,SL_HIT,2026-06-25,3,0.38,1.5,0,0,0,1,1,3.4
ZYDUSWELL,EOD_CHALL_I_MONOTONIC_RUBRIC,2026-06-22,HOLDOUT,BULL,535.48,513.01,580.42,2.0,100.0,0.06,0.21,-1.0,SL_HIT,2026-06-25,3,0.38,1.5,0,0,0,1,1,3.4
AYE,EOD_CHAMPION_V1,2026-06-29,HOLDOUT,BULL,176.6,166.08,197.64,2.0,85.0,0.37,2.08,-1.0,SL_HIT,2026-07-07,6,0.78,1.38,0,0,0,1,0,1.97
AYE,EOD_CHALL_B_SCORE80,2026-06-29,HOLDOUT,BULL,176.6,166.08,197.64,2.0,85.0,0.37,2.08,-1.0,SL_HIT,2026-07-07,6,0.78,1.38,0,0,0,1,0,1.97
AYE,EOD_CHALL_C_EXTENSION,2026-06-29,HOLDOUT,BULL,176.6,166.08,197.64,2.0,85.0,0.37,2.08,-1.0,SL_HIT,2026-07-07,6,0.78,1.38,0,0,0,1,0,1.97
AYE,EOD_CHALL_D_THRUST_030,2026-06-29,HOLDOUT,BULL,176.6,166.08,197.64,2.0,85.0,0.37,2.08,-1.0,SL_HIT,2026-07-07,6,0.78,1.38,0,0,0,1,0,1.97
AYE,EOD_CHALL_E_COMBINED,2026-06-29,HOLDOUT,BULL,176.6,166.08,197.64,2.0,85.0,0.37,2.08,-1.0,SL_HIT,2026-07-07,6,0.78,1.38,0,0,0,1,0,1.97
AYE,EOD_CHALL_F_CALIBRATED_SCORE,2026-06-29,HOLDOUT,BULL,176.6,166.08,197.64,2.0,85.0,0.37,2.08,-1.0,SL_HIT,2026-07-07,6,0.78,1.38,0,0,0,1,0,1.97
AYE,EOD_CHALL_I_MONOTONIC_RUBRIC,2026-06-29,HOLDOUT,BULL,176.6,166.08,197.64,2.0,70.0,0.37,2.08,-1.0,SL_HIT,2026-07-07,6,0.78,1.38,0,0,0,1,0,1.97
HONASA,EOD_CHAMPION_V1,2026-06-29,HOLDOUT,BULL,446.45,420.82,497.71,2.0,100.0,0.55,1.85,0.25,EXPIRED_POS,2026-07-27,20,1.75,0.25,1,1,0,0,0,0.0
HONASA,EOD_CHALL_A_THRUST,2026-06-29,HOLDOUT,BULL,446.45,420.82,497.71,2.0,100.0,0.55,1.85,0.25,EXPIRED_POS,2026-07-27,20,1.75,0.25,1,1,0,0,0,0.0
HONASA,EOD_CHALL_B_SCORE80,2026-06-29,HOLDOUT,BULL,446.45,420.82,497.71,2.0,100.0,0.55,1.85,0.25,EXPIRED_POS,2026-07-27,20,1.75,0.25,1,1,0,0,0,0.0
HONASA,EOD_CHALL_C_EXTENSION,2026-06-29,HOLDOUT,BULL,446.45,420.82,497.71,2.0,100.0,0.55,1.85,0.25,EXPIRED_POS,2026-07-27,20,1.75,0.25,1,1,0,0,0,0.0
HONASA,EOD_CHALL_D_THRUST_030,2026-06-29,HOLDOUT,BULL,446.45,420.82,497.71,2.0,100.0,0.55,1.85,0.25,EXPIRED_POS,2026-07-27,20,1.75,0.25,1,1,0,0,0,0.0
HONASA,EOD_CHALL_E_COMBINED,2026-06-29,HOLDOUT,BULL,446.45,420.82,497.71,2.0,100.0,0.55,1.85,0.25,EXPIRED_POS,2026-07-27,20,1.75,0.25,1,1,0,0,0,0.0
HONASA,EOD_CHALL_F_CALIBRATED_SCORE,2026-06-29,HOLDOUT,BULL,446.45,420.82,497.71,2.0,100.0,0.55,1.85,0.25,EXPIRED_POS,2026-07-27,20,1.75,0.25,1,1,0,0,0,0.0
HONASA,EOD_CHALL_G_SWEET_SPOT,2026-06-29,HOLDOUT,BULL,446.45,420.82,497.71,2.0,100.0,0.55,1.85,0.25,EXPIRED_POS,2026-07-27,20,1.75,0.25,1,1,0,0,0,0.0
HONASA,EOD_CHALL_H_THRUST_CALIBRATED,2026-06-29,HOLDOUT,BULL,446.45,420.82,497.71,2.0,100.0,0.55,1.85,0.25,EXPIRED_POS,2026-07-27,20,1.75,0.25,1,1,0,0,0,0.0
HONASA,EOD_CHALL_I_MONOTONIC_RUBRIC,2026-06-29,HOLDOUT,BULL,446.45,420.82,497.71,2.0,100.0,0.55,1.85,0.25,EXPIRED_POS,2026-07-27,20,1.75,0.25,1,1,0,0,0,0.0
LUPIN,EOD_CHAMPION_V1,2026-06-29,HOLDOUT,BULL,2391.96,2315.02,2545.84,2.0,70.0,0.37,0.6,0.23,EXPIRED_POS,2026-07-27,20,1.71,0.68,1,1,0,0,0,0.0
LUPIN,EOD_CHALL_C_EXTENSION,2026-06-29,HOLDOUT,BULL,2391.96,2315.02,2545.84,2.0,70.0,0.37,0.6,0.23,EXPIRED_POS,2026-07-27,20,1.71,0.68,1,1,0,0,0,0.0
LUPIN,EOD_CHALL_D_THRUST_030,2026-06-29,HOLDOUT,BULL,2391.96,2315.02,2545.84,2.0,70.0,0.37,0.6,0.23,EXPIRED_POS,2026-07-27,20,1.71,0.68,1,1,0,0,0,0.0
LUPIN,EOD_CHALL_F_CALIBRATED_SCORE,2026-06-29,HOLDOUT,BULL,2391.96,2315.02,2545.84,2.0,70.0,0.37,0.6,0.23,EXPIRED_POS,2026-07-27,20,1.71,0.68,1,1,0,0,0,0.0
LUPIN,EOD_CHALL_G_SWEET_SPOT,2026-06-29,HOLDOUT,BULL,2391.96,2315.02,2545.84,2.0,70.0,0.37,0.6,0.23,EXPIRED_POS,2026-07-27,20,1.71,0.68,1,1,0,0,0,0.0
LUPIN,EOD_CHALL_I_MONOTONIC_RUBRIC,2026-06-29,HOLDOUT,BULL,2391.96,2315.02,2545.84,2.0,75.0,0.37,0.6,0.23,EXPIRED_POS,2026-07-27,20,1.71,0.68,1,1,0,0,0,0.0
MARICO,EOD_CHAMPION_V1,2026-06-29,HOLDOUT,BULL,839.95,808.18,903.49,2.0,85.0,0.44,0.84,0.47,EXPIRED_POS,2026-07-27,20,1.04,0.35,1,0,0,0,0,0.0
MARICO,EOD_CHALL_B_SCORE80,2026-06-29,HOLDOUT,BULL,839.95,808.18,903.49,2.0,85.0,0.44,0.84,0.47,EXPIRED_POS,2026-07-27,20,1.04,0.35,1,0,0,0,0,0.0
MARICO,EOD_CHALL_C_EXTENSION,2026-06-29,HOLDOUT,BULL,839.95,808.18,903.49,2.0,85.0,0.44,0.84,0.47,EXPIRED_POS,2026-07-27,20,1.04,0.35,1,0,0,0,0,0.0
MARICO,EOD_CHALL_D_THRUST_030,2026-06-29,HOLDOUT,BULL,839.95,808.18,903.49,2.0,85.0,0.44,0.84,0.47,EXPIRED_POS,2026-07-27,20,1.04,0.35,1,0,0,0,0,0.0
MARICO,EOD_CHALL_E_COMBINED,2026-06-29,HOLDOUT,BULL,839.95,808.18,903.49,2.0,85.0,0.44,0.84,0.47,EXPIRED_POS,2026-07-27,20,1.04,0.35,1,0,0,0,0,0.0
MARICO,EOD_CHALL_F_CALIBRATED_SCORE,2026-06-29,HOLDOUT,BULL,839.95,808.18,903.49,2.0,85.0,0.44,0.84,0.47,EXPIRED_POS,2026-07-27,20,1.04,0.35,1,0,0,0,0,0.0
MARICO,EOD_CHALL_G_SWEET_SPOT,2026-06-29,HOLDOUT,BULL,839.95,808.18,903.49,2.0,85.0,0.44,0.84,0.47,EXPIRED_POS,2026-07-27,20,1.04,0.35,1,0,0,0,0,0.0
MARICO,EOD_CHALL_H_THRUST_CALIBRATED,2026-06-29,HOLDOUT,BULL,839.95,808.18,903.49,2.0,85.0,0.44,0.84,0.47,EXPIRED_POS,2026-07-27,20,1.04,0.35,1,0,0,0,0,0.0
MARICO,EOD_CHALL_I_MONOTONIC_RUBRIC,2026-06-29,HOLDOUT,BULL,839.95,808.18,903.49,2.0,95.0,0.44,0.84,0.47,EXPIRED_POS,2026-07-27,20,1.04,0.35,1,0,0,0,0,0.0
TTKPRESTIG,EOD_CHAMPION_V1,2026-06-29,HOLDOUT,BULL,589.39,554.79,658.59,2.0,55.0,1.33,4.06,2.0,T1_HIT,2026-07-13,10,2.09,0.48,1,1,1,0,0,0.0
TTKPRESTIG,EOD_CHALL_A_THRUST,2026-06-29,HOLDOUT,BULL,589.39,554.79,658.59,2.0,55.0,1.33,4.06,2.0,T1_HIT,2026-07-13,10,2.09,0.48,1,1,1,0,0,0.0
TTKPRESTIG,EOD_CHALL_D_THRUST_030,2026-06-29,HOLDOUT,BULL,589.39,554.79,658.59,2.0,55.0,1.33,4.06,2.0,T1_HIT,2026-07-13,10,2.09,0.48,1,1,1,0,0,0.0
WELCORP,EOD_CHAMPION_V1,2026-06-29,HOLDOUT,BULL,1505.8,1420.71,1675.98,2.0,70.0,1.2,3.51,-1.0,SL_HIT,2026-07-03,4,0.39,1.14,0,0,0,1,1,2.27
WELCORP,EOD_CHALL_A_THRUST,2026-06-29,HOLDOUT,BULL,1505.8,1420.71,1675.98,2.0,70.0,1.2,3.51,-1.0,SL_HIT,2026-07-03,4,0.39,1.14,0,0,0,1,1,2.27
WELCORP,EOD_CHALL_D_THRUST_030,2026-06-29,HOLDOUT,BULL,1505.8,1420.71,1675.98,2.0,70.0,1.2,3.51,-1.0,SL_HIT,2026-07-03,4,0.39,1.14,0,0,0,1,1,2.27
WELCORP,EOD_CHALL_G_SWEET_SPOT,2026-06-29,HOLDOUT,BULL,1505.8,1420.71,1675.98,2.0,70.0,1.2,3.51,-1.0,SL_HIT,2026-07-03,4,0.39,1.14,0,0,0,1,1,2.27
ZYDUSWELL,EOD_CHAMPION_V1,2026-06-29,HOLDOUT,BULL,568.31,527.69,649.55,2.0,85.0,1.2,4.49,-0.22,EXPIRED_NEG,2026-07-27,20,1.07,0.6,1,0,0,0,0,0.0
ZYDUSWELL,EOD_CHALL_A_THRUST,2026-06-29,HOLDOUT,BULL,568.31,527.69,649.55,2.0,85.0,1.2,4.49,-0.22,EXPIRED_NEG,2026-07-27,20,1.07,0.6,1,0,0,0,0,0.0
ZYDUSWELL,EOD_CHALL_B_SCORE80,2026-06-29,HOLDOUT,BULL,568.31,527.69,649.55,2.0,85.0,1.2,4.49,-0.22,EXPIRED_NEG,2026-07-27,20,1.07,0.6,1,0,0,0,0,0.0
ZYDUSWELL,EOD_CHALL_D_THRUST_030,2026-06-29,HOLDOUT,BULL,568.31,527.69,649.55,2.0,85.0,1.2,4.49,-0.22,EXPIRED_NEG,2026-07-27,20,1.07,0.6,1,0,0,0,0,0.0
ZYDUSWELL,EOD_CHALL_F_CALIBRATED_SCORE,2026-06-29,HOLDOUT,BULL,568.31,527.69,649.55,2.0,70.0,1.2,4.49,-0.22,EXPIRED_NEG,2026-07-27,20,1.07,0.6,1,0,0,0,0,0.0
ABBOTINDIA,EOD_CHAMPION_V1,2026-07-06,HOLDOUT,NEUTRAL,26860.0,25883.5,28813.0,2.0,100.0,0.18,0.34,2.0,T1_HIT,2026-07-21,11,2.02,0.75,1,1,1,0,0,0.0
ABBOTINDIA,EOD_CHALL_B_SCORE80,2026-07-06,HOLDOUT,NEUTRAL,26860.0,25883.5,28813.0,2.0,100.0,0.18,0.34,2.0,T1_HIT,2026-07-21,11,2.02,0.75,1,1,1,0,0,0.0
ABBOTINDIA,EOD_CHALL_C_EXTENSION,2026-07-06,HOLDOUT,NEUTRAL,26860.0,25883.5,28813.0,2.0,100.0,0.18,0.34,2.0,T1_HIT,2026-07-21,11,2.02,0.75,1,1,1,0,0,0.0
ABBOTINDIA,EOD_CHALL_F_CALIBRATED_SCORE,2026-07-06,HOLDOUT,NEUTRAL,26860.0,25883.5,28813.0,2.0,100.0,0.18,0.34,2.0,T1_HIT,2026-07-21,11,2.02,0.75,1,1,1,0,0,0.0
ABBOTINDIA,EOD_CHALL_G_SWEET_SPOT,2026-07-06,HOLDOUT,NEUTRAL,26860.0,25883.5,28813.0,2.0,100.0,0.18,0.34,2.0,T1_HIT,2026-07-21,11,2.02,0.75,1,1,1,0,0,0.0
ABBOTINDIA,EOD_CHALL_I_MONOTONIC_RUBRIC,2026-07-06,HOLDOUT,NEUTRAL,26860.0,25883.5,28813.0,2.0,100.0,0.18,0.34,2.0,T1_HIT,2026-07-21,11,2.02,0.75,1,1,1,0,0,0.0
CONSUMBEES.NS,EOD_CHAMPION_V1,2026-07-06,HOLDOUT,NEUTRAL,131.94,128.09,139.64,2.0,85.0,0.12,0.18,0.85,EXPIRED_POS,2026-08-03,20,1.04,0.91,1,0,0,0,0,0.0
CONSUMBEES.NS,EOD_CHALL_B_SCORE80,2026-07-06,HOLDOUT,NEUTRAL,131.94,128.09,139.64,2.0,85.0,0.12,0.18,0.85,EXPIRED_POS,2026-08-03,20,1.04,0.91,1,0,0,0,0,0.0
CONSUMBEES.NS,EOD_CHALL_C_EXTENSION,2026-07-06,HOLDOUT,NEUTRAL,131.94,128.09,139.64,2.0,85.0,0.12,0.18,0.85,EXPIRED_POS,2026-08-03,20,1.04,0.91,1,0,0,0,0,0.0
CONSUMBEES.NS,EOD_CHALL_F_CALIBRATED_SCORE,2026-07-06,HOLDOUT,NEUTRAL,131.94,128.09,139.64,2.0,85.0,0.12,0.18,0.85,EXPIRED_POS,2026-08-03,20,1.04,0.91,1,0,0,0,0,0.0
CONSUMBEES.NS,EOD_CHALL_G_SWEET_SPOT,2026-07-06,HOLDOUT,NEUTRAL,131.94,128.09,139.64,2.0,85.0,0.12,0.18,0.85,EXPIRED_POS,2026-08-03,20,1.04,0.91,1,0,0,0,0,0.0
CONSUMBEES.NS,EOD_CHALL_I_MONOTONIC_RUBRIC,2026-07-06,HOLDOUT,NEUTRAL,131.94,128.09,139.64,2.0,90.0,0.12,0.18,0.85,EXPIRED_POS,2026-08-03,20,1.04,0.91,1,0,0,0,0,0.0
DIXON,EOD_CHAMPION_V1,2026-07-06,HOLDOUT,BULL,13304.0,12556.1,14799.8,2.0,85.0,1.0,2.89,0.79,EXPIRED_POS,2026-08-03,20,1.85,0.61,1,1,0,0,0,0.0
DIXON,EOD_CHALL_A_THRUST,2026-07-06,HOLDOUT,BULL,13304.0,12556.1,14799.8,2.0,85.0,1.0,2.89,0.79,EXPIRED_POS,2026-08-03,20,1.85,0.61,1,1,0,0,0,0.0
DIXON,EOD_CHALL_B_SCORE80,2026-07-06,HOLDOUT,BULL,13304.0,12556.1,14799.8,2.0,85.0,1.0,2.89,0.79,EXPIRED_POS,2026-08-03,20,1.85,0.61,1,1,0,0,0,0.0
DIXON,EOD_CHALL_D_THRUST_030,2026-07-06,HOLDOUT,BULL,13304.0,12556.1,14799.8,2.0,85.0,1.0,2.89,0.79,EXPIRED_POS,2026-08-03,20,1.85,0.61,1,1,0,0,0,0.0
DIXON,EOD_CHALL_F_CALIBRATED_SCORE,2026-07-06,HOLDOUT,BULL,13304.0,12556.1,14799.8,2.0,70.0,1.0,2.89,0.79,EXPIRED_POS,2026-08-03,20,1.85,0.61,1,1,0,0,0,0.0
DIXON,EOD_CHALL_I_MONOTONIC_RUBRIC,2026-07-06,HOLDOUT,BULL,13304.0,12556.1,14799.8,2.0,75.0,1.0,2.89,0.79,EXPIRED_POS,2026-08-03,20,1.85,0.61,1,1,0,0,0,0.0
GODREJPROP,EOD_CHAMPION_V1,2026-07-06,HOLDOUT,BULL,2036.56,1947.06,2215.56,2.0,70.0,0.97,2.19,0.59,EXPIRED_POS,2026-08-03,20,1.6,0.9,1,1,0,0,0,0.0
GODREJPROP,EOD_CHALL_A_THRUST,2026-07-06,HOLDOUT,BULL,2036.56,1947.06,2215.56,2.0,70.0,0.97,2.19,0.59,EXPIRED_POS,2026-08-03,20,1.6,0.9,1,1,0,0,0,0.0
GODREJPROP,EOD_CHALL_C_EXTENSION,2026-07-06,HOLDOUT,BULL,2036.56,1947.06,2215.56,2.0,70.0,0.97,2.19,0.59,EXPIRED_POS,2026-08-03,20,1.6,0.9,1,1,0,0,0,0.0
GODREJPROP,EOD_CHALL_D_THRUST_030,2026-07-06,HOLDOUT,BULL,2036.56,1947.06,2215.56,2.0,70.0,0.97,2.19,0.59,EXPIRED_POS,2026-08-03,20,1.6,0.9,1,1,0,0,0,0.0
GODREJPROP,EOD_CHALL_F_CALIBRATED_SCORE,2026-07-06,HOLDOUT,BULL,2036.56,1947.06,2215.56,2.0,70.0,0.97,2.19,0.59,EXPIRED_POS,2026-08-03,20,1.6,0.9,1,1,0,0,0,0.0
GODREJPROP,EOD_CHALL_G_SWEET_SPOT,2026-07-06,HOLDOUT,BULL,2036.56,1947.06,2215.56,2.0,70.0,0.97,2.19,0.59,EXPIRED_POS,2026-08-03,20,1.6,0.9,1,1,0,0,0,0.0
GODREJPROP,EOD_CHALL_H_THRUST_CALIBRATED,2026-07-06,HOLDOUT,BULL,2036.56,1947.06,2215.56,2.0,70.0,0.97,2.19,0.59,EXPIRED_POS,2026-08-03,20,1.6,0.9,1,1,0,0,0,0.0
HDFCBANK,EOD_CHAMPION_V1,2026-07-06,HOLDOUT,BEAR,829.85,802.69,884.17,2.0,70.0,1.68,2.83,-1.47,SL_HIT,2026-07-20,10,0.48,2.04,0,0,0,0,0,-2.11
HDFCBANK,EOD_CHALL_A_THRUST,2026-07-06,HOLDOUT,BEAR,829.85,802.69,884.17,2.0,70.0,1.68,2.83,-1.47,SL_HIT,2026-07-20,10,0.48,2.04,0,0,0,0,0,-2.11
HDFCBANK,EOD_CHALL_D_THRUST_030,2026-07-06,HOLDOUT,BEAR,829.85,802.69,884.17,2.0,70.0,1.68,2.83,-1.47,SL_HIT,2026-07-20,10,0.48,2.04,0,0,0,0,0,-2.11
HDFCBANK,EOD_CHALL_G_SWEET_SPOT,2026-07-06,HOLDOUT,BEAR,829.85,802.69,884.17,2.0,70.0,1.68,2.83,-1.47,SL_HIT,2026-07-20,10,0.48,2.04,0,0,0,0,0,-2.11
LODHA,EOD_CHAMPION_V1,2026-07-06,HOLDOUT,BULL,1095.9,1038.37,1210.96,2.0,60.0,1.18,3.19,2.0,T1_HIT,2026-07-09,3,2.16,0.18,1,1,1,0,0,0.0
LODHA,EOD_CHALL_A_THRUST,2026-07-06,HOLDOUT,BULL,1095.9,1038.37,1210.96,2.0,60.0,1.18,3.19,2.0,T1_HIT,2026-07-09,3,2.16,0.18,1,1,1,0,0,0.0
LODHA,EOD_CHALL_D_THRUST_030,2026-07-06,HOLDOUT,BULL,1095.9,1038.37,1210.96,2.0,60.0,1.18,3.19,2.0,T1_HIT,2026-07-09,3,2.16,0.18,1,1,1,0,0,0.0
MANAPPURAM,EOD_CHAMPION_V1,2026-07-06,HOLDOUT,BULL,345.11,325.43,384.47,2.0,70.0,1.07,3.16,-1.04,SL_HIT,2026-07-14,6,0.0,1.18,0,0,0,1,0,1.8
MANAPPURAM,EOD_CHALL_A_THRUST,2026-07-06,HOLDOUT,BULL,345.11,325.43,384.47,2.0,70.0,1.07,3.16,-1.04,SL_HIT,2026-07-14,6,0.0,1.18,0,0,0,1,0,1.8
MANAPPURAM,EOD_CHALL_D_THRUST_030,2026-07-06,HOLDOUT,BULL,345.11,325.43,384.47,2.0,70.0,1.07,3.16,-1.04,SL_HIT,2026-07-14,6,0.0,1.18,0,0,0,1,0,1.8
MANAPPURAM,EOD_CHALL_G_SWEET_SPOT,2026-07-06,HOLDOUT,BULL,345.11,325.43,384.47,2.0,70.0,1.07,3.16,-1.04,SL_HIT,2026-07-14,6,0.0,1.18,0,0,0,1,0,1.8
METROPOLIS,EOD_CHAMPION_V1,2026-07-06,HOLDOUT,BULL,573.55,540.96,638.73,2.0,85.0,0.52,1.78,-1.0,SL_HIT,2026-07-17,9,0.36,1.03,0,0,0,1,0,1.09
METROPOLIS,EOD_CHALL_A_THRUST,2026-07-06,HOLDOUT,BULL,573.55,540.96,638.73,2.0,85.0,0.52,1.78,-1.0,SL_HIT,2026-07-17,9,0.36,1.03,0,0,0,1,0,1.09
METROPOLIS,EOD_CHALL_B_SCORE80,2026-07-06,HOLDOUT,BULL,573.55,540.96,638.73,2.0,85.0,0.52,1.78,-1.0,SL_HIT,2026-07-17,9,0.36,1.03,0,0,0,1,0,1.09
METROPOLIS,EOD_CHALL_C_EXTENSION,2026-07-06,HOLDOUT,BULL,573.55,540.96,638.73,2.0,85.0,0.52,1.78,-1.0,SL_HIT,2026-07-17,9,0.36,1.03,0,0,0,1,0,1.09
METROPOLIS,EOD_CHALL_D_THRUST_030,2026-07-06,HOLDOUT,BULL,573.55,540.96,638.73,2.0,85.0,0.52,1.78,-1.0,SL_HIT,2026-07-17,9,0.36,1.03,0,0,0,1,0,1.09
METROPOLIS,EOD_CHALL_E_COMBINED,2026-07-06,HOLDOUT,BULL,573.55,540.96,638.73,2.0,85.0,0.52,1.78,-1.0,SL_HIT,2026-07-17,9,0.36,1.03,0,0,0,1,0,1.09
METROPOLIS,EOD_CHALL_F_CALIBRATED_SCORE,2026-07-06,HOLDOUT,BULL,573.55,540.96,638.73,2.0,85.0,0.52,1.78,-1.0,SL_HIT,2026-07-17,9,0.36,1.03,0,0,0,1,0,1.09
METROPOLIS,EOD_CHALL_G_SWEET_SPOT,2026-07-06,HOLDOUT,BULL,573.55,540.96,638.73,2.0,85.0,0.52,1.78,-1.0,SL_HIT,2026-07-17,9,0.36,1.03,0,0,0,1,0,1.09
METROPOLIS,EOD_CHALL_H_THRUST_CALIBRATED,2026-07-06,HOLDOUT,BULL,573.55,540.96,638.73,2.0,85.0,0.52,1.78,-1.0,SL_HIT,2026-07-17,9,0.36,1.03,0,0,0,1,0,1.09
METROPOLIS,EOD_CHALL_I_MONOTONIC_RUBRIC,2026-07-06,HOLDOUT,BULL,573.55,540.96,638.73,2.0,90.0,0.52,1.78,-1.0,SL_HIT,2026-07-17,9,0.36,1.03,0,0,0,1,0,1.09
RADICO,EOD_CHAMPION_V1,2026-07-06,HOLDOUT,BULL,4106.7,3932.73,4454.64,2.0,70.0,1.38,3.02,2.0,T1_HIT,2026-07-30,18,2.23,0.55,1,1,1,0,0,0.0
RADICO,EOD_CHALL_A_THRUST,2026-07-06,HOLDOUT,BULL,4106.7,3932.73,4454.64,2.0,70.0,1.38,3.02,2.0,T1_HIT,2026-07-30,18,2.23,0.55,1,1,1,0,0,0.0
RADICO,EOD_CHALL_D_THRUST_030,2026-07-06,HOLDOUT,BULL,4106.7,3932.73,4454.64,2.0,70.0,1.38,3.02,2.0,T1_HIT,2026-07-30,18,2.23,0.55,1,1,1,0,0,0.0
RADICO,EOD_CHALL_G_SWEET_SPOT,2026-07-06,HOLDOUT,BULL,4106.7,3932.73,4454.64,2.0,70.0,1.38,3.02,2.0,T1_HIT,2026-07-30,18,2.23,0.55,1,1,1,0,0,0.0
WELCORP,EOD_CHAMPION_V1,2026-07-06,HOLDOUT,BULL,1543.6,1477.44,1675.92,2.0,70.0,0.09,0.3,2.0,T1_HIT,2026-07-14,6,2.29,0.36,1,1,1,0,0,0.0
WELCORP,EOD_CHALL_C_EXTENSION,2026-07-06,HOLDOUT,BULL,1543.6,1477.44,1675.92,2.0,70.0,0.09,0.3,2.0,T1_HIT,2026-07-14,6,2.29,0.36,1,1,1,0,0,0.0
WELCORP,EOD_CHALL_F_CALIBRATED_SCORE,2026-07-06,HOLDOUT,BULL,1543.6,1477.44,1675.92,2.0,70.0,0.09,0.3,2.0,T1_HIT,2026-07-14,6,2.29,0.36,1,1,1,0,0,0.0
WELCORP,EOD_CHALL_G_SWEET_SPOT,2026-07-06,HOLDOUT,BULL,1543.6,1477.44,1675.92,2.0,70.0,0.09,0.3,2.0,T1_HIT,2026-07-14,6,2.29,0.36,1,1,1,0,0,0.0
WELCORP,EOD_CHALL_I_MONOTONIC_RUBRIC,2026-07-06,HOLDOUT,BULL,1543.6,1477.44,1675.92,2.0,75.0,0.09,0.3,2.0,T1_HIT,2026-07-14,6,2.29,0.36,1,1,1,0,0,0.0
ARE&M,EOD_CHAMPION_V1,2026-07-13,HOLDOUT,BULL,903.63,859.38,992.13,2.0,90.0,0.56,1.4,-1.0,SL_HIT,2026-07-28,11,0.47,1.01,0,0,0,1,0,1.21
ARE&M,EOD_CHALL_A_THRUST,2026-07-13,HOLDOUT,BULL,903.63,859.38,992.13,2.0,90.0,0.56,1.4,-1.0,SL_HIT,2026-07-28,11,0.47,1.01,0,0,0,1,0,1.21
ARE&M,EOD_CHALL_B_SCORE80,2026-07-13,HOLDOUT,BULL,903.63,859.38,992.13,2.0,90.0,0.56,1.4,-1.0,SL_HIT,2026-07-28,11,0.47,1.01,0,0,0,1,0,1.21
ARE&M,EOD_CHALL_C_EXTENSION,2026-07-13,HOLDOUT,BULL,903.63,859.38,992.13,2.0,90.0,0.56,1.4,-1.0,SL_HIT,2026-07-28,11,0.47,1.01,0,0,0,1,0,1.21
ARE&M,EOD_CHALL_D_THRUST_030,2026-07-13,HOLDOUT,BULL,903.63,859.38,992.13,2.0,90.0,0.56,1.4,-1.0,SL_HIT,2026-07-28,11,0.47,1.01,0,0,0,1,0,1.21
ARE&M,EOD_CHALL_E_COMBINED,2026-07-13,HOLDOUT,BULL,903.63,859.38,992.13,2.0,90.0,0.56,1.4,-1.0,SL_HIT,2026-07-28,11,0.47,1.01,0,0,0,1,0,1.21
ARE&M,EOD_CHALL_F_CALIBRATED_SCORE,2026-07-13,HOLDOUT,BULL,903.63,859.38,992.13,2.0,90.0,0.56,1.4,-1.0,SL_HIT,2026-07-28,11,0.47,1.01,0,0,0,1,0,1.21
ARE&M,EOD_CHALL_G_SWEET_SPOT,2026-07-13,HOLDOUT,BULL,903.63,859.38,992.13,2.0,90.0,0.56,1.4,-1.0,SL_HIT,2026-07-28,11,0.47,1.01,0,0,0,1,0,1.21
ARE&M,EOD_CHALL_H_THRUST_CALIBRATED,2026-07-13,HOLDOUT,BULL,903.63,859.38,992.13,2.0,90.0,0.56,1.4,-1.0,SL_HIT,2026-07-28,11,0.47,1.01,0,0,0,1,0,1.21
ARE&M,EOD_CHALL_I_MONOTONIC_RUBRIC,2026-07-13,HOLDOUT,BULL,903.63,859.38,992.13,2.0,95.0,0.56,1.4,-1.0,SL_HIT,2026-07-28,11,0.47,1.01,0,0,0,1,0,1.21
BAJAJ-AUTO,EOD_CHAMPION_V1,2026-07-13,HOLDOUT,BULL,10381.0,9988.4,11166.2,2.0,100.0,0.42,0.81,2.0,T1_HIT,2026-07-23,8,2.42,0.6,1,1,1,0,0,0.0
BAJAJ-AUTO,EOD_CHALL_B_SCORE80,2026-07-13,HOLDOUT,BULL,10381.0,9988.4,11166.2,2.0,100.0,0.42,0.81,2.0,T1_HIT,2026-07-23,8,2.42,0.6,1,1,1,0,0,0.0
BAJAJ-AUTO,EOD_CHALL_C_EXTENSION,2026-07-13,HOLDOUT,BULL,10381.0,9988.4,11166.2,2.0,100.0,0.42,0.81,2.0,T1_HIT,2026-07-23,8,2.42,0.6,1,1,1,0,0,0.0
BAJAJ-AUTO,EOD_CHALL_D_THRUST_030,2026-07-13,HOLDOUT,BULL,10381.0,9988.4,11166.2,2.0,100.0,0.42,0.81,2.0,T1_HIT,2026-07-23,8,2.42,0.6,1,1,1,0,0,0.0
BAJAJ-AUTO,EOD_CHALL_E_COMBINED,2026-07-13,HOLDOUT,BULL,10381.0,9988.4,11166.2,2.0,100.0,0.42,0.81,2.0,T1_HIT,2026-07-23,8,2.42,0.6,1,1,1,0,0,0.0
BAJAJ-AUTO,EOD_CHALL_F_CALIBRATED_SCORE,2026-07-13,HOLDOUT,BULL,10381.0,9988.4,11166.2,2.0,100.0,0.42,0.81,2.0,T1_HIT,2026-07-23,8,2.42,0.6,1,1,1,0,0,0.0
BAJAJ-AUTO,EOD_CHALL_G_SWEET_SPOT,2026-07-13,HOLDOUT,BULL,10381.0,9988.4,11166.2,2.0,100.0,0.42,0.81,2.0,T1_HIT,2026-07-23,8,2.42,0.6,1,1,1,0,0,0.0
BAJAJ-AUTO,EOD_CHALL_H_THRUST_CALIBRATED,2026-07-13,HOLDOUT,BULL,10381.0,9988.4,11166.2,2.0,100.0,0.42,0.81,2.0,T1_HIT,2026-07-23,8,2.42,0.6,1,1,1,0,0,0.0
BAJAJ-AUTO,EOD_CHALL_I_MONOTONIC_RUBRIC,2026-07-13,HOLDOUT,BULL,10381.0,9988.4,11166.2,2.0,100.0,0.42,0.81,2.0,T1_HIT,2026-07-23,8,2.42,0.6,1,1,1,0,0,0.0
GODREJPROP,EOD_CHAMPION_V1,2026-07-13,HOLDOUT,BULL,2152.2,2048.54,2359.52,2.0,75.0,0.47,1.15,-1.0,SL_HIT,2026-07-23,8,0.06,1.28,0,0,0,1,0,0.27
GODREJPROP,EOD_CHALL_C_EXTENSION,2026-07-13,HOLDOUT,BULL,2152.2,2048.54,2359.52,2.0,75.0,0.47,1.15,-1.0,SL_HIT,2026-07-23,8,0.06,1.28,0,0,0,1,0,0.27
GODREJPROP,EOD_CHALL_D_THRUST_030,2026-07-13,HOLDOUT,BULL,2152.2,2048.54,2359.52,2.0,75.0,0.47,1.15,-1.0,SL_HIT,2026-07-23,8,0.06,1.28,0,0,0,1,0,0.27
GODREJPROP,EOD_CHALL_E_COMBINED,2026-07-13,HOLDOUT,BULL,2152.2,2048.54,2359.52,2.0,75.0,0.47,1.15,-1.0,SL_HIT,2026-07-23,8,0.06,1.28,0,0,0,1,0,0.27
GODREJPROP,EOD_CHALL_F_CALIBRATED_SCORE,2026-07-13,HOLDOUT,BULL,2152.2,2048.54,2359.52,2.0,75.0,0.47,1.15,-1.0,SL_HIT,2026-07-23,8,0.06,1.28,0,0,0,1,0,0.27
GODREJPROP,EOD_CHALL_G_SWEET_SPOT,2026-07-13,HOLDOUT,BULL,2152.2,2048.54,2359.52,2.0,75.0,0.47,1.15,-1.0,SL_HIT,2026-07-23,8,0.06,1.28,0,0,0,1,0,0.27
GODREJPROP,EOD_CHALL_H_THRUST_CALIBRATED,2026-07-13,HOLDOUT,BULL,2152.2,2048.54,2359.52,2.0,75.0,0.47,1.15,-1.0,SL_HIT,2026-07-23,8,0.06,1.28,0,0,0,1,0,0.27
GODREJPROP,EOD_CHALL_I_MONOTONIC_RUBRIC,2026-07-13,HOLDOUT,BULL,2152.2,2048.54,2359.52,2.0,80.0,0.47,1.15,-1.0,SL_HIT,2026-07-23,8,0.06,1.28,0,0,0,1,0,0.27
HCLTECH,EOD_CHAMPION_V1,2026-07-13,HOLDOUT,BEAR,1208.86,1143.66,1339.26,2.0,55.0,0.9,2.49,-1.0,SL_HIT,2026-07-15,2,0.0,1.16,0,0,0,1,1,2.58
HCLTECH,EOD_CHALL_A_THRUST,2026-07-13,HOLDOUT,BEAR,1208.86,1143.66,1339.26,2.0,55.0,0.9,2.49,-1.0,SL_HIT,2026-07-15,2,0.0,1.16,0,0,0,1,1,2.58
HCLTECH,EOD_CHALL_C_EXTENSION,2026-07-13,HOLDOUT,BEAR,1208.86,1143.66,1339.26,2.0,55.0,0.9,2.49,-1.0,SL_HIT,2026-07-15,2,0.0,1.16,0,0,0,1,1,2.58
HCLTECH,EOD_CHALL_D_THRUST_030,2026-07-13,HOLDOUT,BEAR,1208.86,1143.66,1339.26,2.0,55.0,0.9,2.49,-1.0,SL_HIT,2026-07-15,2,0.0,1.16,0,0,0,1,1,2.58
HCLTECH,EOD_CHALL_H_THRUST_CALIBRATED,2026-07-13,HOLDOUT,BEAR,1208.86,1143.66,1339.26,2.0,55.0,0.9,2.49,-1.0,SL_HIT,2026-07-15,2,0.0,1.16,0,0,0,1,1,2.58
HEG,EOD_CHAMPION_V1,2026-07-13,HOLDOUT,BULL,572.17,539.73,637.05,2.0,90.0,0.59,1.77,2.0,T1_HIT,2026-07-23,8,3.2,0.33,1,1,1,0,0,0.0
HEG,EOD_CHALL_A_THRUST,2026-07-13,HOLDOUT,BULL,572.17,539.73,637.05,2.0,90.0,0.59,1.77,2.0,T1_HIT,2026-07-23,8,3.2,0.33,1,1,1,0,0,0.0
HEG,EOD_CHALL_B_SCORE80,2026-07-13,HOLDOUT,BULL,572.17,539.73,637.05,2.0,90.0,0.59,1.77,2.0,T1_HIT,2026-07-23,8,3.2,0.33,1,1,1,0,0,0.0
HEG,EOD_CHALL_C_EXTENSION,2026-07-13,HOLDOUT,BULL,572.17,539.73,637.05,2.0,90.0,0.59,1.77,2.0,T1_HIT,2026-07-23,8,3.2,0.33,1,1,1,0,0,0.0
HEG,EOD_CHALL_D_THRUST_030,2026-07-13,HOLDOUT,BULL,572.17,539.73,637.05,2.0,90.0,0.59,1.77,2.0,T1_HIT,2026-07-23,8,3.2,0.33,1,1,1,0,0,0.0
HEG,EOD_CHALL_E_COMBINED,2026-07-13,HOLDOUT,BULL,572.17,539.73,637.05,2.0,90.0,0.59,1.77,2.0,T1_HIT,2026-07-23,8,3.2,0.33,1,1,1,0,0,0.0
HEG,EOD_CHALL_F_CALIBRATED_SCORE,2026-07-13,HOLDOUT,BULL,572.17,539.73,637.05,2.0,90.0,0.59,1.77,2.0,T1_HIT,2026-07-23,8,3.2,0.33,1,1,1,0,0,0.0
HEG,EOD_CHALL_G_SWEET_SPOT,2026-07-13,HOLDOUT,BULL,572.17,539.73,637.05,2.0,90.0,0.59,1.77,2.0,T1_HIT,2026-07-23,8,3.2,0.33,1,1,1,0,0,0.0
HEG,EOD_CHALL_H_THRUST_CALIBRATED,2026-07-13,HOLDOUT,BULL,572.17,539.73,637.05,2.0,90.0,0.59,1.77,2.0,T1_HIT,2026-07-23,8,3.2,0.33,1,1,1,0,0,0.0
HEG,EOD_CHALL_I_MONOTONIC_RUBRIC,2026-07-13,HOLDOUT,BULL,572.17,539.73,637.05,2.0,95.0,0.59,1.77,2.0,T1_HIT,2026-07-23,8,3.2,0.33,1,1,1,0,0,0.0
JSWINFRA,EOD_CHAMPION_V1,2026-07-13,HOLDOUT,BULL,351.2,330.05,393.5,2.0,70.0,0.73,2.26,-1.0,SL_HIT,2026-07-22,7,0.01,1.14,0,0,0,0,0,-0.35
JSWINFRA,EOD_CHALL_A_THRUST,2026-07-13,HOLDOUT,BULL,351.2,330.05,393.5,2.0,70.0,0.73,2.26,-1.0,SL_HIT,2026-07-22,7,0.01,1.14,0,0,0,0,0,-0.35
JSWINFRA,EOD_CHALL_C_EXTENSION,2026-07-13,HOLDOUT,BULL,351.2,330.05,393.5,2.0,70.0,0.73,2.26,-1.0,SL_HIT,2026-07-22,7,0.01,1.14,0,0,0,0,0,-0.35
JSWINFRA,EOD_CHALL_D_THRUST_030,2026-07-13,HOLDOUT,BULL,351.2,330.05,393.5,2.0,70.0,0.73,2.26,-1.0,SL_HIT,2026-07-22,7,0.01,1.14,0,0,0,0,0,-0.35
JSWINFRA,EOD_CHALL_F_CALIBRATED_SCORE,2026-07-13,HOLDOUT,BULL,351.2,330.05,393.5,2.0,70.0,0.73,2.26,-1.0,SL_HIT,2026-07-22,7,0.01,1.14,0,0,0,0,0,-0.35
JSWINFRA,EOD_CHALL_G_SWEET_SPOT,2026-07-13,HOLDOUT,BULL,351.2,330.05,393.5,2.0,70.0,0.73,2.26,-1.0,SL_HIT,2026-07-22,7,0.01,1.14,0,0,0,0,0,-0.35
JSWINFRA,EOD_CHALL_H_THRUST_CALIBRATED,2026-07-13,HOLDOUT,BULL,351.2,330.05,393.5,2.0,70.0,0.73,2.26,-1.0,SL_HIT,2026-07-22,7,0.01,1.14,0,0,0,0,0,-0.35
SHYAMMETL,EOD_CHAMPION_V1,2026-07-13,HOLDOUT,BULL,1029.35,978.83,1130.39,2.0,85.0,1.05,2.64,-0.52,EXPIRED_NEG,2026-08-10,20,1.2,0.93,1,0,0,0,0,0.0
SHYAMMETL,EOD_CHALL_A_THRUST,2026-07-13,HOLDOUT,BULL,1029.35,978.83,1130.39,2.0,85.0,1.05,2.64,-0.52,EXPIRED_NEG,2026-08-10,20,1.2,0.93,1,0,0,0,0,0.0
SHYAMMETL,EOD_CHALL_B_SCORE80,2026-07-13,HOLDOUT,BULL,1029.35,978.83,1130.39,2.0,85.0,1.05,2.64,-0.52,EXPIRED_NEG,2026-08-10,20,1.2,0.93,1,0,0,0,0,0.0
SHYAMMETL,EOD_CHALL_D_THRUST_030,2026-07-13,HOLDOUT,BULL,1029.35,978.83,1130.39,2.0,85.0,1.05,2.64,-0.52,EXPIRED_NEG,2026-08-10,20,1.2,0.93,1,0,0,0,0,0.0
SHYAMMETL,EOD_CHALL_F_CALIBRATED_SCORE,2026-07-13,HOLDOUT,BULL,1029.35,978.83,1130.39,2.0,70.0,1.05,2.64,-0.52,EXPIRED_NEG,2026-08-10,20,1.2,0.93,1,0,0,0,0,0.0
SHYAMMETL,EOD_CHALL_I_MONOTONIC_RUBRIC,2026-07-13,HOLDOUT,BULL,1029.35,978.83,1130.39,2.0,75.0,1.05,2.64,-0.52,EXPIRED_NEG,2026-08-10,20,1.2,0.93,1,0,0,0,0,0.0
TANLA,EOD_CHAMPION_V1,2026-07-13,HOLDOUT,BULL,569.55,538.24,632.17,2.0,85.0,0.67,1.89,2.0,T1_HIT,2026-07-23,8,2.76,0.86,1,1,1,0,0,0.0
TANLA,EOD_CHALL_A_THRUST,2026-07-13,HOLDOUT,BULL,569.55,538.24,632.17,2.0,85.0,0.67,1.89,2.0,T1_HIT,2026-07-23,8,2.76,0.86,1,1,1,0,0,0.0
TANLA,EOD_CHALL_B_SCORE80,2026-07-13,HOLDOUT,BULL,569.55,538.24,632.17,2.0,85.0,0.67,1.89,2.0,T1_HIT,2026-07-23,8,2.76,0.86,1,1,1,0,0,0.0
TANLA,EOD_CHALL_C_EXTENSION,2026-07-13,HOLDOUT,BULL,569.55,538.24,632.17,2.0,85.0,0.67,1.89,2.0,T1_HIT,2026-07-23,8,2.76,0.86,1,1,1,0,0,0.0
TANLA,EOD_CHALL_D_THRUST_030,2026-07-13,HOLDOUT,BULL,569.55,538.24,632.17,2.0,85.0,0.67,1.89,2.0,T1_HIT,2026-07-23,8,2.76,0.86,1,1,1,0,0,0.0
TANLA,EOD_CHALL_E_COMBINED,2026-07-13,HOLDOUT,BULL,569.55,538.24,632.17,2.0,85.0,0.67,1.89,2.0,T1_HIT,2026-07-23,8,2.76,0.86,1,1,1,0,0,0.0
TANLA,EOD_CHALL_F_CALIBRATED_SCORE,2026-07-13,HOLDOUT,BULL,569.55,538.24,632.17,2.0,85.0,0.67,1.89,2.0,T1_HIT,2026-07-23,8,2.76,0.86,1,1,1,0,0,0.0
TANLA,EOD_CHALL_G_SWEET_SPOT,2026-07-13,HOLDOUT,BULL,569.55,538.24,632.17,2.0,85.0,0.67,1.89,2.0,T1_HIT,2026-07-23,8,2.76,0.86,1,1,1,0,0,0.0
TANLA,EOD_CHALL_H_THRUST_CALIBRATED,2026-07-13,HOLDOUT,BULL,569.55,538.24,632.17,2.0,85.0,0.67,1.89,2.0,T1_HIT,2026-07-23,8,2.76,0.86,1,1,1,0,0,0.0
TANLA,EOD_CHALL_I_MONOTONIC_RUBRIC,2026-07-13,HOLDOUT,BULL,569.55,538.24,632.17,2.0,90.0,0.67,1.89,2.0,T1_HIT,2026-07-23,8,2.76,0.86,1,1,1,0,0,0.0
UTLSOLAR,EOD_CHAMPION_V1,2026-07-13,HOLDOUT,BULL,401.1,372.81,457.68,2.0,60.0,1.3,4.81,-1.0,SL_HIT,2026-07-15,2,0.05,1.31,0,0,0,1,0,0.84
UTLSOLAR,EOD_CHALL_A_THRUST,2026-07-13,HOLDOUT,BULL,401.1,372.81,457.68,2.0,60.0,1.3,4.81,-1.0,SL_HIT,2026-07-15,2,0.05,1.31,0,0,0,1,0,0.84
UTLSOLAR,EOD_CHALL_D_THRUST_030,2026-07-13,HOLDOUT,BULL,401.1,372.81,457.68,2.0,60.0,1.3,4.81,-1.0,SL_HIT,2026-07-15,2,0.05,1.31,0,0,0,1,0,0.84
COLPAL,EOD_CHAMPION_V1,2026-07-20,HOLDOUT,NEUTRAL,2113.1,2031.16,2276.98,2.0,100.0,0.65,1.27,-1.0,SL_HIT,2026-08-04,11,1.22,1.26,1,0,0,0,0,-0.87
COLPAL,EOD_CHALL_A_THRUST,2026-07-20,HOLDOUT,NEUTRAL,2113.1,2031.16,2276.98,2.0,100.0,0.65,1.27,-1.0,SL_HIT,2026-08-04,11,1.22,1.26,1,0,0,0,0,-0.87
COLPAL,EOD_CHALL_B_SCORE80,2026-07-20,HOLDOUT,NEUTRAL,2113.1,2031.16,2276.98,2.0,100.0,0.65,1.27,-1.0,SL_HIT,2026-08-04,11,1.22,1.26,1,0,0,0,0,-0.87
COLPAL,EOD_CHALL_C_EXTENSION,2026-07-20,HOLDOUT,NEUTRAL,2113.1,2031.16,2276.98,2.0,100.0,0.65,1.27,-1.0,SL_HIT,2026-08-04,11,1.22,1.26,1,0,0,0,0,-0.87
COLPAL,EOD_CHALL_D_THRUST_030,2026-07-20,HOLDOUT,NEUTRAL,2113.1,2031.16,2276.98,2.0,100.0,0.65,1.27,-1.0,SL_HIT,2026-08-04,11,1.22,1.26,1,0,0,0,0,-0.87
COLPAL,EOD_CHALL_E_COMBINED,2026-07-20,HOLDOUT,NEUTRAL,2113.1,2031.16,2276.98,2.0,100.0,0.65,1.27,-1.0,SL_HIT,2026-08-04,11,1.22,1.26,1,0,0,0,0,-0.87
COLPAL,EOD_CHALL_F_CALIBRATED_SCORE,2026-07-20,HOLDOUT,NEUTRAL,2113.1,2031.16,2276.98,2.0,100.0,0.65,1.27,-1.0,SL_HIT,2026-08-04,11,1.22,1.26,1,0,0,0,0,-0.87
COLPAL,EOD_CHALL_G_SWEET_SPOT,2026-07-20,HOLDOUT,NEUTRAL,2113.1,2031.16,2276.98,2.0,100.0,0.65,1.27,-1.0,SL_HIT,2026-08-04,11,1.22,1.26,1,0,0,0,0,-0.87
COLPAL,EOD_CHALL_H_THRUST_CALIBRATED,2026-07-20,HOLDOUT,NEUTRAL,2113.1,2031.16,2276.98,2.0,100.0,0.65,1.27,-1.0,SL_HIT,2026-08-04,11,1.22,1.26,1,0,0,0,0,-0.87
COLPAL,EOD_CHALL_I_MONOTONIC_RUBRIC,2026-07-20,HOLDOUT,NEUTRAL,2113.1,2031.16,2276.98,2.0,100.0,0.65,1.27,-1.0,SL_HIT,2026-08-04,11,1.22,1.26,1,0,0,0,0,-0.87
FLUOROCHEM,EOD_CHAMPION_V1,2026-07-20,HOLDOUT,BULL,4316.2,4088.47,4771.66,2.0,85.0,1.28,3.51,2.0,T1_HIT,2026-08-13,18,2.82,0.0,1,1,1,0,0,0.0
FLUOROCHEM,EOD_CHALL_A_THRUST,2026-07-20,HOLDOUT,BULL,4316.2,4088.47,4771.66,2.0,85.0,1.28,3.51,2.0,T1_HIT,2026-08-13,18,2.82,0.0,1,1,1,0,0,0.0
FLUOROCHEM,EOD_CHALL_B_SCORE80,2026-07-20,HOLDOUT,BULL,4316.2,4088.47,4771.66,2.0,85.0,1.28,3.51,2.0,T1_HIT,2026-08-13,18,2.82,0.0,1,1,1,0,0,0.0
FLUOROCHEM,EOD_CHALL_D_THRUST_030,2026-07-20,HOLDOUT,BULL,4316.2,4088.47,4771.66,2.0,85.0,1.28,3.51,2.0,T1_HIT,2026-08-13,18,2.82,0.0,1,1,1,0,0,0.0
FLUOROCHEM,EOD_CHALL_F_CALIBRATED_SCORE,2026-07-20,HOLDOUT,BULL,4316.2,4088.47,4771.66,2.0,70.0,1.28,3.51,2.0,T1_HIT,2026-08-13,18,2.82,0.0,1,1,1,0,0,0.0
NAVINFLUOR,EOD_CHAMPION_V1,2026-07-20,HOLDOUT,BULL,7861.5,7497.6,8589.3,2.0,100.0,0.25,0.66,-1.0,SL_HIT,2026-07-28,6,0.2,1.05,0,0,0,1,1,2.51
NAVINFLUOR,EOD_CHALL_B_SCORE80,2026-07-20,HOLDOUT,BULL,7861.5,7497.6,8589.3,2.0,100.0,0.25,0.66,-1.0,SL_HIT,2026-07-28,6,0.2,1.05,0,0,0,1,1,2.51
NAVINFLUOR,EOD_CHALL_C_EXTENSION,2026-07-20,HOLDOUT,BULL,7861.5,7497.6,8589.3,2.0,100.0,0.25,0.66,-1.0,SL_HIT,2026-07-28,6,0.2,1.05,0,0,0,1,1,2.51
NAVINFLUOR,EOD_CHALL_F_CALIBRATED_SCORE,2026-07-20,HOLDOUT,BULL,7861.5,7497.6,8589.3,2.0,100.0,0.25,0.66,-1.0,SL_HIT,2026-07-28,6,0.2,1.05,0,0,0,1,1,2.51
NAVINFLUOR,EOD_CHALL_G_SWEET_SPOT,2026-07-20,HOLDOUT,BULL,7861.5,7497.6,8589.3,2.0,100.0,0.25,0.66,-1.0,SL_HIT,2026-07-28,6,0.2,1.05,0,0,0,1,1,2.51
NAVINFLUOR,EOD_CHALL_I_MONOTONIC_RUBRIC,2026-07-20,HOLDOUT,BULL,7861.5,7497.6,8589.3,2.0,100.0,0.25,0.66,-1.0,SL_HIT,2026-07-28,6,0.2,1.05,0,0,0,1,1,2.51
OIL,EOD_CHAMPION_V1,2026-07-20,HOLDOUT,BULL,453.55,435.36,489.93,2.0,70.0,1.24,2.54,1.16,EXPIRED_POS,2026-08-17,20,1.67,1.0,1,1,0,0,0,0.0
OIL,EOD_CHALL_A_THRUST,2026-07-20,HOLDOUT,BULL,453.55,435.36,489.93,2.0,70.0,1.24,2.54,1.16,EXPIRED_POS,2026-08-17,20,1.67,1.0,1,1,0,0,0,0.0
OIL,EOD_CHALL_D_THRUST_030,2026-07-20,HOLDOUT,BULL,453.55,435.36,489.93,2.0,70.0,1.24,2.54,1.16,EXPIRED_POS,2026-08-17,20,1.67,1.0,1,1,0,0,0,0.0
OIL,EOD_CHALL_G_SWEET_SPOT,2026-07-20,HOLDOUT,BULL,453.55,435.36,489.93,2.0,70.0,1.24,2.54,1.16,EXPIRED_POS,2026-08-17,20,1.67,1.0,1,1,0,0,0,0.0
STYLAMIND,EOD_CHAMPION_V1,2026-07-20,HOLDOUT,BULL,3414.3,3273.7,3695.5,2.0,60.0,0.03,0.12,2.0,T1_HIT,2026-07-22,2,5.23,0.9,1,1,1,0,0,0.0
STYLAMIND,EOD_CHALL_C_EXTENSION,2026-07-20,HOLDOUT,BULL,3414.3,3273.7,3695.5,2.0,60.0,0.03,0.12,2.0,T1_HIT,2026-07-22,2,5.23,0.9,1,1,1,0,0,0.0
APCOTEXIND,EOD_CHAMPION_V1,2026-07-27,HOLDOUT,BULL,588.5,556.56,652.38,2.0,70.0,0.41,1.51,2.0,T1_HIT,2026-07-29,2,3.78,0.67,1,1,1,0,0,0.0
APCOTEXIND,EOD_CHALL_C_EXTENSION,2026-07-27,HOLDOUT,BULL,588.5,556.56,652.38,2.0,70.0,0.41,1.51,2.0,T1_HIT,2026-07-29,2,3.78,0.67,1,1,1,0,0,0.0
APCOTEXIND,EOD_CHALL_D_THRUST_030,2026-07-27,HOLDOUT,BULL,588.5,556.56,652.38,2.0,70.0,0.41,1.51,2.0,T1_HIT,2026-07-29,2,3.78,0.67,1,1,1,0,0,0.0
APCOTEXIND,EOD_CHALL_F_CALIBRATED_SCORE,2026-07-27,HOLDOUT,BULL,588.5,556.56,652.38,2.0,70.0,0.41,1.51,2.0,T1_HIT,2026-07-29,2,3.78,0.67,1,1,1,0,0,0.0
APCOTEXIND,EOD_CHALL_G_SWEET_SPOT,2026-07-27,HOLDOUT,BULL,588.5,556.56,652.38,2.0,70.0,0.41,1.51,2.0,T1_HIT,2026-07-29,2,3.78,0.67,1,1,1,0,0,0.0
APCOTEXIND,EOD_CHALL_H_THRUST_CALIBRATED,2026-07-27,HOLDOUT,BULL,588.5,556.56,652.38,2.0,70.0,0.41,1.51,2.0,T1_HIT,2026-07-29,2,3.78,0.67,1,1,1,0,0,0.0
APCOTEXIND,EOD_CHALL_I_MONOTONIC_RUBRIC,2026-07-27,HOLDOUT,BULL,588.5,556.56,652.38,2.0,75.0,0.41,1.51,2.0,T1_HIT,2026-07-29,2,3.78,0.67,1,1,1,0,0,0.0
CONCOR,EOD_CHAMPION_V1,2026-07-27,HOLDOUT,BULL,508.94,481.46,563.9,2.0,85.0,0.76,2.1,0.27,EXPIRED_POS,2026-08-24,20,1.26,0.39,1,0,0,0,0,0.0
CONCOR,EOD_CHALL_A_THRUST,2026-07-27,HOLDOUT,BULL,508.94,481.46,563.9,2.0,85.0,0.76,2.1,0.27,EXPIRED_POS,2026-08-24,20,1.26,0.39,1,0,0,0,0,0.0
CONCOR,EOD_CHALL_B_SCORE80,2026-07-27,HOLDOUT,BULL,508.94,481.46,563.9,2.0,85.0,0.76,2.1,0.27,EXPIRED_POS,2026-08-24,20,1.26,0.39,1,0,0,0,0,0.0
CONCOR,EOD_CHALL_C_EXTENSION,2026-07-27,HOLDOUT,BULL,508.94,481.46,563.9,2.0,85.0,0.76,2.1,0.27,EXPIRED_POS,2026-08-24,20,1.26,0.39,1,0,0,0,0,0.0
CONCOR,EOD_CHALL_D_THRUST_030,2026-07-27,HOLDOUT,BULL,508.94,481.46,563.9,2.0,85.0,0.76,2.1,0.27,EXPIRED_POS,2026-08-24,20,1.26,0.39,1,0,0,0,0,0.0
CONCOR,EOD_CHALL_E_COMBINED,2026-07-27,HOLDOUT,BULL,508.94,481.46,563.9,2.0,85.0,0.76,2.1,0.27,EXPIRED_POS,2026-08-24,20,1.26,0.39,1,0,0,0,0,0.0
CONCOR,EOD_CHALL_F_CALIBRATED_SCORE,2026-07-27,HOLDOUT,BULL,508.94,481.46,563.9,2.0,85.0,0.76,2.1,0.27,EXPIRED_POS,2026-08-24,20,1.26,0.39,1,0,0,0,0,0.0
CONCOR,EOD_CHALL_H_THRUST_CALIBRATED,2026-07-27,HOLDOUT,BULL,508.94,481.46,563.9,2.0,85.0,0.76,2.1,0.27,EXPIRED_POS,2026-08-24,20,1.26,0.39,1,0,0,0,0,0.0
CONCOR,EOD_CHALL_I_MONOTONIC_RUBRIC,2026-07-27,HOLDOUT,BULL,508.94,481.46,563.9,2.0,75.0,0.76,2.1,0.27,EXPIRED_POS,2026-08-24,20,1.26,0.39,1,0,0,0,0,0.0
KFINTECH,EOD_CHAMPION_V1,2026-07-27,HOLDOUT,NEUTRAL,949.25,887.66,1072.43,2.0,85.0,1.03,3.45,0.34,EXPIRED_POS,2026-08-24,20,0.7,0.61,0,0,0,0,0,0.0
KFINTECH,EOD_CHALL_A_THRUST,2026-07-27,HOLDOUT,NEUTRAL,949.25,887.66,1072.43,2.0,85.0,1.03,3.45,0.34,EXPIRED_POS,2026-08-24,20,0.7,0.61,0,0,0,0,0,0.0
KFINTECH,EOD_CHALL_B_SCORE80,2026-07-27,HOLDOUT,NEUTRAL,949.25,887.66,1072.43,2.0,85.0,1.03,3.45,0.34,EXPIRED_POS,2026-08-24,20,0.7,0.61,0,0,0,0,0,0.0
KFINTECH,EOD_CHALL_D_THRUST_030,2026-07-27,HOLDOUT,NEUTRAL,949.25,887.66,1072.43,2.0,85.0,1.03,3.45,0.34,EXPIRED_POS,2026-08-24,20,0.7,0.61,0,0,0,0,0,0.0
KFINTECH,EOD_CHALL_F_CALIBRATED_SCORE,2026-07-27,HOLDOUT,NEUTRAL,949.25,887.66,1072.43,2.0,70.0,1.03,3.45,0.34,EXPIRED_POS,2026-08-24,20,0.7,0.61,0,0,0,0,0,0.0
LLOYDSME,EOD_CHAMPION_V1,2026-07-27,HOLDOUT,BULL,2014.9,1888.44,2267.82,2.0,55.0,1.03,3.33,-1.0,SL_HIT,2026-08-12,12,0.87,1.09,0,0,0,0,0,-0.54
LLOYDSME,EOD_CHALL_A_THRUST,2026-07-27,HOLDOUT,BULL,2014.9,1888.44,2267.82,2.0,55.0,1.03,3.33,-1.0,SL_HIT,2026-08-12,12,0.87,1.09,0,0,0,0,0,-0.54
LLOYDSME,EOD_CHALL_D_THRUST_030,2026-07-27,HOLDOUT,BULL,2014.9,1888.44,2267.82,2.0,55.0,1.03,3.33,-1.0,SL_HIT,2026-08-12,12,0.87,1.09,0,0,0,0,0,-0.54
PRICOLLTD,EOD_CHAMPION_V1,2026-07-27,HOLDOUT,BULL,665.35,631.16,733.73,2.0,70.0,1.54,4.12,2.0,T1_HIT,2026-08-03,5,2.18,0.33,1,1,1,0,0,0.0
PRICOLLTD,EOD_CHALL_A_THRUST,2026-07-27,HOLDOUT,BULL,665.35,631.16,733.73,2.0,70.0,1.54,4.12,2.0,T1_HIT,2026-08-03,5,2.18,0.33,1,1,1,0,0,0.0
PRICOLLTD,EOD_CHALL_D_THRUST_030,2026-07-27,HOLDOUT,BULL,665.35,631.16,733.73,2.0,70.0,1.54,4.12,2.0,T1_HIT,2026-08-03,5,2.18,0.33,1,1,1,0,0,0.0
PRICOLLTD,EOD_CHALL_G_SWEET_SPOT,2026-07-27,HOLDOUT,BULL,665.35,631.16,733.73,2.0,70.0,1.54,4.12,2.0,T1_HIT,2026-08-03,5,2.18,0.33,1,1,1,0,0,0.0
PVRINOX,EOD_CHAMPION_V1,2026-07-27,HOLDOUT,BULL,1123.2,1062.39,1244.82,2.0,45.0,1.75,4.97,2.0,T1_HIT,2026-08-24,20,2.06,0.27,1,1,1,0,0,0.0
PVRINOX,EOD_CHALL_A_THRUST,2026-07-27,HOLDOUT,BULL,1123.2,1062.39,1244.82,2.0,45.0,1.75,4.97,2.0,T1_HIT,2026-08-24,20,2.06,0.27,1,1,1,0,0,0.0
PVRINOX,EOD_CHALL_D_THRUST_030,2026-07-27,HOLDOUT,BULL,1123.2,1062.39,1244.82,2.0,45.0,1.75,4.97,2.0,T1_HIT,2026-08-24,20,2.06,0.27,1,1,1,0,0,0.0
SUNPHARMA,EOD_CHAMPION_V1,2026-07-27,HOLDOUT,BULL,1973.7,1911.42,2098.26,2.0,85.0,0.23,0.37,-1.0,SL_HIT,2026-08-17,15,1.18,1.5,1,0,0,0,0,-0.81
SUNPHARMA,EOD_CHALL_B_SCORE80,2026-07-27,HOLDOUT,BULL,1973.7,1911.42,2098.26,2.0,85.0,0.23,0.37,-1.0,SL_HIT,2026-08-17,15,1.18,1.5,1,0,0,0,0,-0.81
SUNPHARMA,EOD_CHALL_C_EXTENSION,2026-07-27,HOLDOUT,BULL,1973.7,1911.42,2098.26,2.0,85.0,0.23,0.37,-1.0,SL_HIT,2026-08-17,15,1.18,1.5,1,0,0,0,0,-0.81
SUNPHARMA,EOD_CHALL_F_CALIBRATED_SCORE,2026-07-27,HOLDOUT,BULL,1973.7,1911.42,2098.26,2.0,85.0,0.23,0.37,-1.0,SL_HIT,2026-08-17,15,1.18,1.5,1,0,0,0,0,-0.81
SUNPHARMA,EOD_CHALL_G_SWEET_SPOT,2026-07-27,HOLDOUT,BULL,1973.7,1911.42,2098.26,2.0,85.0,0.23,0.37,-1.0,SL_HIT,2026-08-17,15,1.18,1.5,1,0,0,0,0,-0.81
SUNPHARMA,EOD_CHALL_I_MONOTONIC_RUBRIC,2026-07-27,HOLDOUT,BULL,1973.7,1911.42,2098.26,2.0,90.0,0.23,0.37,-1.0,SL_HIT,2026-08-17,15,1.18,1.5,1,0,0,0,0,-0.81
ALIVUS,EOD_CHAMPION_V1,2026-08-03,HOLDOUT,BULL,1214.4,1146.14,1350.92,2.0,85.0,0.53,1.72,2.0,T1_HIT,2026-08-04,1,2.1,0.19,1,1,1,0,0,0.0
ALIVUS,EOD_CHALL_A_THRUST,2026-08-03,HOLDOUT,BULL,1214.4,1146.14,1350.92,2.0,85.0,0.53,1.72,2.0,T1_HIT,2026-08-04,1,2.1,0.19,1,1,1,0,0,0.0
ALIVUS,EOD_CHALL_B_SCORE80,2026-08-03,HOLDOUT,BULL,1214.4,1146.14,1350.92,2.0,85.0,0.53,1.72,2.0,T1_HIT,2026-08-04,1,2.1,0.19,1,1,1,0,0,0.0
ALIVUS,EOD_CHALL_C_EXTENSION,2026-08-03,HOLDOUT,BULL,1214.4,1146.14,1350.92,2.0,85.0,0.53,1.72,2.0,T1_HIT,2026-08-04,1,2.1,0.19,1,1,1,0,0,0.0
ALIVUS,EOD_CHALL_D_THRUST_030,2026-08-03,HOLDOUT,BULL,1214.4,1146.14,1350.92,2.0,85.0,0.53,1.72,2.0,T1_HIT,2026-08-04,1,2.1,0.19,1,1,1,0,0,0.0
ALIVUS,EOD_CHALL_E_COMBINED,2026-08-03,HOLDOUT,BULL,1214.4,1146.14,1350.92,2.0,85.0,0.53,1.72,2.0,T1_HIT,2026-08-04,1,2.1,0.19,1,1,1,0,0,0.0
ALIVUS,EOD_CHALL_F_CALIBRATED_SCORE,2026-08-03,HOLDOUT,BULL,1214.4,1146.14,1350.92,2.0,85.0,0.53,1.72,2.0,T1_HIT,2026-08-04,1,2.1,0.19,1,1,1,0,0,0.0
ALIVUS,EOD_CHALL_G_SWEET_SPOT,2026-08-03,HOLDOUT,BULL,1214.4,1146.14,1350.92,2.0,85.0,0.53,1.72,2.0,T1_HIT,2026-08-04,1,2.1,0.19,1,1,1,0,0,0.0
ALIVUS,EOD_CHALL_H_THRUST_CALIBRATED,2026-08-03,HOLDOUT,BULL,1214.4,1146.14,1350.92,2.0,85.0,0.53,1.72,2.0,T1_HIT,2026-08-04,1,2.1,0.19,1,1,1,0,0,0.0
ALIVUS,EOD_CHALL_I_MONOTONIC_RUBRIC,2026-08-03,HOLDOUT,BULL,1214.4,1146.14,1350.92,2.0,90.0,0.53,1.72,2.0,T1_HIT,2026-08-04,1,2.1,0.19,1,1,1,0,0,0.0
APLAPOLLO,EOD_CHAMPION_V1,2026-08-03,HOLDOUT,NEUTRAL,1941.5,1859.71,2105.08,2.0,100.0,0.82,1.76,2.0,T1_HIT,2026-08-17,10,2.07,0.44,1,1,1,0,0,0.0
APLAPOLLO,EOD_CHALL_A_THRUST,2026-08-03,HOLDOUT,NEUTRAL,1941.5,1859.71,2105.08,2.0,100.0,0.82,1.76,2.0,T1_HIT,2026-08-17,10,2.07,0.44,1,1,1,0,0,0.0
APLAPOLLO,EOD_CHALL_B_SCORE80,2026-08-03,HOLDOUT,NEUTRAL,1941.5,1859.71,2105.08,2.0,100.0,0.82,1.76,2.0,T1_HIT,2026-08-17,10,2.07,0.44,1,1,1,0,0,0.0
APLAPOLLO,EOD_CHALL_C_EXTENSION,2026-08-03,HOLDOUT,NEUTRAL,1941.5,1859.71,2105.08,2.0,100.0,0.82,1.76,2.0,T1_HIT,2026-08-17,10,2.07,0.44,1,1,1,0,0,0.0
APLAPOLLO,EOD_CHALL_D_THRUST_030,2026-08-03,HOLDOUT,NEUTRAL,1941.5,1859.71,2105.08,2.0,100.0,0.82,1.76,2.0,T1_HIT,2026-08-17,10,2.07,0.44,1,1,1,0,0,0.0
APLAPOLLO,EOD_CHALL_E_COMBINED,2026-08-03,HOLDOUT,NEUTRAL,1941.5,1859.71,2105.08,2.0,100.0,0.82,1.76,2.0,T1_HIT,2026-08-17,10,2.07,0.44,1,1,1,0,0,0.0
APLAPOLLO,EOD_CHALL_F_CALIBRATED_SCORE,2026-08-03,HOLDOUT,NEUTRAL,1941.5,1859.71,2105.08,2.0,100.0,0.82,1.76,2.0,T1_HIT,2026-08-17,10,2.07,0.44,1,1,1,0,0,0.0
APLAPOLLO,EOD_CHALL_G_SWEET_SPOT,2026-08-03,HOLDOUT,NEUTRAL,1941.5,1859.71,2105.08,2.0,100.0,0.82,1.76,2.0,T1_HIT,2026-08-17,10,2.07,0.44,1,1,1,0,0,0.0
APLAPOLLO,EOD_CHALL_H_THRUST_CALIBRATED,2026-08-03,HOLDOUT,NEUTRAL,1941.5,1859.71,2105.08,2.0,100.0,0.82,1.76,2.0,T1_HIT,2026-08-17,10,2.07,0.44,1,1,1,0,0,0.0
APLAPOLLO,EOD_CHALL_I_MONOTONIC_RUBRIC,2026-08-03,HOLDOUT,NEUTRAL,1941.5,1859.71,2105.08,2.0,100.0,0.82,1.76,2.0,T1_HIT,2026-08-17,10,2.07,0.44,1,1,1,0,0,0.0
ATULAUTO,EOD_CHAMPION_V1,2026-08-03,HOLDOUT,BULL,563.35,529.34,631.37,2.0,45.0,1.44,4.53,-1.0,SL_HIT,2026-08-10,5,0.98,1.71,0,0,0,0,0,-1.37
ATULAUTO,EOD_CHALL_A_THRUST,2026-08-03,HOLDOUT,BULL,563.35,529.34,631.37,2.0,45.0,1.44,4.53,-1.0,SL_HIT,2026-08-10,5,0.98,1.71,0,0,0,0,0,-1.37
ATULAUTO,EOD_CHALL_D_THRUST_030,2026-08-03,HOLDOUT,BULL,563.35,529.34,631.37,2.0,45.0,1.44,4.53,-1.0,SL_HIT,2026-08-10,5,0.98,1.71,0,0,0,0,0,-1.37
IRCTC,EOD_CHAMPION_V1,2026-08-03,HOLDOUT,BEAR,513.5,495.92,548.66,2.0,85.0,0.3,0.51,-1.0,SL_HIT,2026-08-14,9,0.77,1.04,0,0,0,0,0,-0.61
IRCTC,EOD_CHALL_B_SCORE80,2026-08-03,HOLDOUT,BEAR,513.5,495.92,548.66,2.0,85.0,0.3,0.51,-1.0,SL_HIT,2026-08-14,9,0.77,1.04,0,0,0,0,0,-0.61
IRCTC,EOD_CHALL_C_EXTENSION,2026-08-03,HOLDOUT,BEAR,513.5,495.92,548.66,2.0,85.0,0.3,0.51,-1.0,SL_HIT,2026-08-14,9,0.77,1.04,0,0,0,0,0,-0.61
IRCTC,EOD_CHALL_F_CALIBRATED_SCORE,2026-08-03,HOLDOUT,BEAR,513.5,495.92,548.66,2.0,85.0,0.3,0.51,-1.0,SL_HIT,2026-08-14,9,0.77,1.04,0,0,0,0,0,-0.61
IRCTC,EOD_CHALL_G_SWEET_SPOT,2026-08-03,HOLDOUT,BEAR,513.5,495.92,548.66,2.0,85.0,0.3,0.51,-1.0,SL_HIT,2026-08-14,9,0.77,1.04,0,0,0,0,0,-0.61
IRCTC,EOD_CHALL_I_MONOTONIC_RUBRIC,2026-08-03,HOLDOUT,BEAR,513.5,495.92,548.66,2.0,90.0,0.3,0.51,-1.0,SL_HIT,2026-08-14,9,0.77,1.04,0,0,0,0,0,-0.61
JAMNAAUTO,EOD_CHAMPION_V1,2026-08-03,HOLDOUT,BULL,140.86,134.97,152.64,2.0,100.0,0.06,0.19,-1.0,SL_HIT,2026-08-10,5,1.37,3.29,1,0,0,0,0,-2.02
JAMNAAUTO,EOD_CHALL_B_SCORE80,2026-08-03,HOLDOUT,BULL,140.86,134.97,152.64,2.0,100.0,0.06,0.19,-1.0,SL_HIT,2026-08-10,5,1.37,3.29,1,0,0,0,0,-2.02
JAMNAAUTO,EOD_CHALL_C_EXTENSION,2026-08-03,HOLDOUT,BULL,140.86,134.97,152.64,2.0,100.0,0.06,0.19,-1.0,SL_HIT,2026-08-10,5,1.37,3.29,1,0,0,0,0,-2.02
JAMNAAUTO,EOD_CHALL_F_CALIBRATED_SCORE,2026-08-03,HOLDOUT,BULL,140.86,134.97,152.64,2.0,100.0,0.06,0.19,-1.0,SL_HIT,2026-08-10,5,1.37,3.29,1,0,0,0,0,-2.02
JAMNAAUTO,EOD_CHALL_G_SWEET_SPOT,2026-08-03,HOLDOUT,BULL,140.86,134.97,152.64,2.0,100.0,0.06,0.19,-1.0,SL_HIT,2026-08-10,5,1.37,3.29,1,0,0,0,0,-2.02
JAMNAAUTO,EOD_CHALL_I_MONOTONIC_RUBRIC,2026-08-03,HOLDOUT,BULL,140.86,134.97,152.64,2.0,100.0,0.06,0.19,-1.0,SL_HIT,2026-08-10,5,1.37,3.29,1,0,0,0,0,-2.02
JUBLFOOD,EOD_CHAMPION_V1,2026-08-03,HOLDOUT,BEAR,470.0,445.08,519.84,2.0,85.0,1.12,3.05,2.0,T1_HIT,2026-08-14,9,2.05,0.34,1,1,1,0,0,0.0
JUBLFOOD,EOD_CHALL_A_THRUST,2026-08-03,HOLDOUT,BEAR,470.0,445.08,519.84,2.0,85.0,1.12,3.05,2.0,T1_HIT,2026-08-14,9,2.05,0.34,1,1,1,0,0,0.0
JUBLFOOD,EOD_CHALL_B_SCORE80,2026-08-03,HOLDOUT,BEAR,470.0,445.08,519.84,2.0,85.0,1.12,3.05,2.0,T1_HIT,2026-08-14,9,2.05,0.34,1,1,1,0,0,0.0
JUBLFOOD,EOD_CHALL_D_THRUST_030,2026-08-03,HOLDOUT,BEAR,470.0,445.08,519.84,2.0,85.0,1.12,3.05,2.0,T1_HIT,2026-08-14,9,2.05,0.34,1,1,1,0,0,0.0
JUBLFOOD,EOD_CHALL_F_CALIBRATED_SCORE,2026-08-03,HOLDOUT,BEAR,470.0,445.08,519.84,2.0,70.0,1.12,3.05,2.0,T1_HIT,2026-08-14,9,2.05,0.34,1,1,1,0,0,0.0
KDDL,EOD_CHAMPION_V1,2026-08-03,HOLDOUT,BULL,3463.2,3254.4,3880.8,2.0,100.0,0.61,2.16,2.0,T1_HIT,2026-08-05,2,3.32,0.0,1,1,1,0,0,0.0
KDDL,EOD_CHALL_A_THRUST,2026-08-03,HOLDOUT,BULL,3463.2,3254.4,3880.8,2.0,100.0,0.61,2.16,2.0,T1_HIT,2026-08-05,2,3.32,0.0,1,1,1,0,0,0.0
KDDL,EOD_CHALL_B_SCORE80,2026-08-03,HOLDOUT,BULL,3463.2,3254.4,3880.8,2.0,100.0,0.61,2.16,2.0,T1_HIT,2026-08-05,2,3.32,0.0,1,1,1,0,0,0.0
KDDL,EOD_CHALL_C_EXTENSION,2026-08-03,HOLDOUT,BULL,3463.2,3254.4,3880.8,2.0,100.0,0.61,2.16,2.0,T1_HIT,2026-08-05,2,3.32,0.0,1,1,1,0,0,0.0
KDDL,EOD_CHALL_D_THRUST_030,2026-08-03,HOLDOUT,BULL,3463.2,3254.4,3880.8,2.0,100.0,0.61,2.16,2.0,T1_HIT,2026-08-05,2,3.32,0.0,1,1,1,0,0,0.0
KDDL,EOD_CHALL_E_COMBINED,2026-08-03,HOLDOUT,BULL,3463.2,3254.4,3880.8,2.0,100.0,0.61,2.16,2.0,T1_HIT,2026-08-05,2,3.32,0.0,1,1,1,0,0,0.0
KDDL,EOD_CHALL_F_CALIBRATED_SCORE,2026-08-03,HOLDOUT,BULL,3463.2,3254.4,3880.8,2.0,100.0,0.61,2.16,2.0,T1_HIT,2026-08-05,2,3.32,0.0,1,1,1,0,0,0.0
KDDL,EOD_CHALL_G_SWEET_SPOT,2026-08-03,HOLDOUT,BULL,3463.2,3254.4,3880.8,2.0,100.0,0.61,2.16,2.0,T1_HIT,2026-08-05,2,3.32,0.0,1,1,1,0,0,0.0
KDDL,EOD_CHALL_H_THRUST_CALIBRATED,2026-08-03,HOLDOUT,BULL,3463.2,3254.4,3880.8,2.0,100.0,0.61,2.16,2.0,T1_HIT,2026-08-05,2,3.32,0.0,1,1,1,0,0,0.0
KDDL,EOD_CHALL_I_MONOTONIC_RUBRIC,2026-08-03,HOLDOUT,BULL,3463.2,3254.4,3880.8,2.0,90.0,0.61,2.16,2.0,T1_HIT,2026-08-05,2,3.32,0.0,1,1,1,0,0,0.0
MINDACORP,EOD_CHAMPION_V1,2026-08-03,HOLDOUT,BULL,726.78,685.39,809.56,2.0,85.0,0.61,1.8,-0.34,EXPIRED_NEG,2026-08-31,20,1.02,1.0,1,0,0,0,0,0.0
MINDACORP,EOD_CHALL_A_THRUST,2026-08-03,HOLDOUT,BULL,726.78,685.39,809.56,2.0,85.0,0.61,1.8,-0.34,EXPIRED_NEG,2026-08-31,20,1.02,1.0,1,0,0,0,0,0.0
MINDACORP,EOD_CHALL_B_SCORE80,2026-08-03,HOLDOUT,BULL,726.78,685.39,809.56,2.0,85.0,0.61,1.8,-0.34,EXPIRED_NEG,2026-08-31,20,1.02,1.0,1,0,0,0,0,0.0
MINDACORP,EOD_CHALL_C_EXTENSION,2026-08-03,HOLDOUT,BULL,726.78,685.39,809.56,2.0,85.0,0.61,1.8,-0.34,EXPIRED_NEG,2026-08-31,20,1.02,1.0,1,0,0,0,0,0.0
MINDACORP,EOD_CHALL_D_THRUST_030,2026-08-03,HOLDOUT,BULL,726.78,685.39,809.56,2.0,85.0,0.61,1.8,-0.34,EXPIRED_NEG,2026-08-31,20,1.02,1.0,1,0,0,0,0,0.0
MINDACORP,EOD_CHALL_E_COMBINED,2026-08-03,HOLDOUT,BULL,726.78,685.39,809.56,2.0,85.0,0.61,1.8,-0.34,EXPIRED_NEG,2026-08-31,20,1.02,1.0,1,0,0,0,0,0.0
MINDACORP,EOD_CHALL_F_CALIBRATED_SCORE,2026-08-03,HOLDOUT,BULL,726.78,685.39,809.56,2.0,85.0,0.61,1.8,-0.34,EXPIRED_NEG,2026-08-31,20,1.02,1.0,1,0,0,0,0,0.0
MINDACORP,EOD_CHALL_G_SWEET_SPOT,2026-08-03,HOLDOUT,BULL,726.78,685.39,809.56,2.0,85.0,0.61,1.8,-0.34,EXPIRED_NEG,2026-08-31,20,1.02,1.0,1,0,0,0,0,0.0
MINDACORP,EOD_CHALL_H_THRUST_CALIBRATED,2026-08-03,HOLDOUT,BULL,726.78,685.39,809.56,2.0,85.0,0.61,1.8,-0.34,EXPIRED_NEG,2026-08-31,20,1.02,1.0,1,0,0,0,0,0.0
MINDACORP,EOD_CHALL_I_MONOTONIC_RUBRIC,2026-08-03,HOLDOUT,BULL,726.78,685.39,809.56,2.0,90.0,0.61,1.8,-0.34,EXPIRED_NEG,2026-08-31,20,1.02,1.0,1,0,0,0,0,0.0
NATIONALUM,EOD_CHAMPION_V1,2026-08-03,HOLDOUT,BULL,369.0,353.76,399.48,2.0,100.0,0.05,0.14,2.0,T1_HIT,2026-08-12,7,3.49,0.12,1,1,1,0,0,0.0
NATIONALUM,EOD_CHALL_B_SCORE80,2026-08-03,HOLDOUT,BULL,369.0,353.76,399.48,2.0,100.0,0.05,0.14,2.0,T1_HIT,2026-08-12,7,3.49,0.12,1,1,1,0,0,0.0
NATIONALUM,EOD_CHALL_C_EXTENSION,2026-08-03,HOLDOUT,BULL,369.0,353.76,399.48,2.0,100.0,0.05,0.14,2.0,T1_HIT,2026-08-12,7,3.49,0.12,1,1,1,0,0,0.0
NATIONALUM,EOD_CHALL_F_CALIBRATED_SCORE,2026-08-03,HOLDOUT,BULL,369.0,353.76,399.48,2.0,100.0,0.05,0.14,2.0,T1_HIT,2026-08-12,7,3.49,0.12,1,1,1,0,0,0.0
NATIONALUM,EOD_CHALL_G_SWEET_SPOT,2026-08-03,HOLDOUT,BULL,369.0,353.76,399.48,2.0,100.0,0.05,0.14,2.0,T1_HIT,2026-08-12,7,3.49,0.12,1,1,1,0,0,0.0
NATIONALUM,EOD_CHALL_I_MONOTONIC_RUBRIC,2026-08-03,HOLDOUT,BULL,369.0,353.76,399.48,2.0,100.0,0.05,0.14,2.0,T1_HIT,2026-08-12,7,3.49,0.12,1,1,1,0,0,0.0
SONATSOFTW,EOD_CHAMPION_V1,2026-08-03,HOLDOUT,BULL,344.53,314.36,404.87,2.0,70.0,1.22,5.62,-1.0,SL_HIT,2026-08-10,5,0.45,1.03,0,0,0,0,0,-0.36
SONATSOFTW,EOD_CHALL_A_THRUST,2026-08-03,HOLDOUT,BULL,344.53,314.36,404.87,2.0,70.0,1.22,5.62,-1.0,SL_HIT,2026-08-10,5,0.45,1.03,0,0,0,0,0,-0.36
SONATSOFTW,EOD_CHALL_D_THRUST_030,2026-08-03,HOLDOUT,BULL,344.53,314.36,404.87,2.0,70.0,1.22,5.62,-1.0,SL_HIT,2026-08-10,5,0.45,1.03,0,0,0,0,0,-0.36
SONATSOFTW,EOD_CHALL_G_SWEET_SPOT,2026-08-03,HOLDOUT,BULL,344.53,314.36,404.87,2.0,70.0,1.22,5.62,-1.0,SL_HIT,2026-08-10,5,0.45,1.03,0,0,0,0,0,-0.36
TATAMOTORS,EOD_CHAMPION_V1,2026-08-03,HOLDOUT,BULL,452.5,430.18,497.14,2.0,85.0,1.06,2.69,-5.47,SL_HIT,2026-08-18,11,1.51,5.81,1,1,0,0,0,-5.73
TATAMOTORS,EOD_CHALL_A_THRUST,2026-08-03,HOLDOUT,BULL,452.5,430.18,497.14,2.0,85.0,1.06,2.69,-5.47,SL_HIT,2026-08-18,11,1.51,5.81,1,1,0,0,0,-5.73
TATAMOTORS,EOD_CHALL_B_SCORE80,2026-08-03,HOLDOUT,BULL,452.5,430.18,497.14,2.0,85.0,1.06,2.69,-5.47,SL_HIT,2026-08-18,11,1.51,5.81,1,1,0,0,0,-5.73
TATAMOTORS,EOD_CHALL_D_THRUST_030,2026-08-03,HOLDOUT,BULL,452.5,430.18,497.14,2.0,85.0,1.06,2.69,-5.47,SL_HIT,2026-08-18,11,1.51,5.81,1,1,0,0,0,-5.73
TATAMOTORS,EOD_CHALL_F_CALIBRATED_SCORE,2026-08-03,HOLDOUT,BULL,452.5,430.18,497.14,2.0,70.0,1.06,2.69,-5.47,SL_HIT,2026-08-18,11,1.51,5.81,1,1,0,0,0,-5.73
TATAMOTORS,EOD_CHALL_I_MONOTONIC_RUBRIC,2026-08-03,HOLDOUT,BULL,452.5,430.18,497.14,2.0,75.0,1.06,2.69,-5.47,SL_HIT,2026-08-18,11,1.51,5.81,1,1,0,0,0,-5.73
SUMICHEM,EOD_CHAMPION_V1,2026-08-10,HOLDOUT,BULL,561.25,529.82,624.11,2.0,85.0,0.48,1.69,-1.0,SL_HIT,2026-08-24,10,0.34,1.27,0,0,0,0,0,-0.89
SUMICHEM,EOD_CHALL_B_SCORE80,2026-08-10,HOLDOUT,BULL,561.25,529.82,624.11,2.0,85.0,0.48,1.69,-1.0,SL_HIT,2026-08-24,10,0.34,1.27,0,0,0,0,0,-0.89
SUMICHEM,EOD_CHALL_C_EXTENSION,2026-08-10,HOLDOUT,BULL,561.25,529.82,624.11,2.0,85.0,0.48,1.69,-1.0,SL_HIT,2026-08-24,10,0.34,1.27,0,0,0,0,0,-0.89
SUMICHEM,EOD_CHALL_D_THRUST_030,2026-08-10,HOLDOUT,BULL,561.25,529.82,624.11,2.0,85.0,0.48,1.69,-1.0,SL_HIT,2026-08-24,10,0.34,1.27,0,0,0,0,0,-0.89
SUMICHEM,EOD_CHALL_E_COMBINED,2026-08-10,HOLDOUT,BULL,561.25,529.82,624.11,2.0,85.0,0.48,1.69,-1.0,SL_HIT,2026-08-24,10,0.34,1.27,0,0,0,0,0,-0.89
SUMICHEM,EOD_CHALL_F_CALIBRATED_SCORE,2026-08-10,HOLDOUT,BULL,561.25,529.82,624.11,2.0,85.0,0.48,1.69,-1.0,SL_HIT,2026-08-24,10,0.34,1.27,0,0,0,0,0,-0.89
SUMICHEM,EOD_CHALL_G_SWEET_SPOT,2026-08-10,HOLDOUT,BULL,561.25,529.82,624.11,2.0,85.0,0.48,1.69,-1.0,SL_HIT,2026-08-24,10,0.34,1.27,0,0,0,0,0,-0.89
SUMICHEM,EOD_CHALL_H_THRUST_CALIBRATED,2026-08-10,HOLDOUT,BULL,561.25,529.82,624.11,2.0,85.0,0.48,1.69,-1.0,SL_HIT,2026-08-24,10,0.34,1.27,0,0,0,0,0,-0.89
SUMICHEM,EOD_CHALL_I_MONOTONIC_RUBRIC,2026-08-10,HOLDOUT,BULL,561.25,529.82,624.11,2.0,90.0,0.48,1.69,-1.0,SL_HIT,2026-08-24,10,0.34,1.27,0,0,0,0,0,-0.89
SYRMA,EOD_CHAMPION_V1,2026-08-10,HOLDOUT,BULL,1514.85,1407.84,1728.87,2.0,85.0,0.88,3.3,-1.0,SL_HIT,2026-08-31,15,0.25,1.14,0,0,0,0,0,-0.43
SYRMA,EOD_CHALL_A_THRUST,2026-08-10,HOLDOUT,BULL,1514.85,1407.84,1728.87,2.0,85.0,0.88,3.3,-1.0,SL_HIT,2026-08-31,15,0.25,1.14,0,0,0,0,0,-0.43
SYRMA,EOD_CHALL_B_SCORE80,2026-08-10,HOLDOUT,BULL,1514.85,1407.84,1728.87,2.0,85.0,0.88,3.3,-1.0,SL_HIT,2026-08-31,15,0.25,1.14,0,0,0,0,0,-0.43
SYRMA,EOD_CHALL_D_THRUST_030,2026-08-10,HOLDOUT,BULL,1514.85,1407.84,1728.87,2.0,85.0,0.88,3.3,-1.0,SL_HIT,2026-08-31,15,0.25,1.14,0,0,0,0,0,-0.43
SYRMA,EOD_CHALL_F_CALIBRATED_SCORE,2026-08-10,HOLDOUT,BULL,1514.85,1407.84,1728.87,2.0,70.0,0.88,3.3,-1.0,SL_HIT,2026-08-31,15,0.25,1.14,0,0,0,0,0,-0.43
VMARCIND,EOD_CHAMPION_V1,2026-08-10,HOLDOUT,BEAR,369.55,335.97,436.71,2.0,85.0,1.76,8.69,-1.0,SL_HIT,2026-08-13,3,0.34,1.12,0,0,0,1,0,1.09
VMARCIND,EOD_CHALL_A_THRUST,2026-08-10,HOLDOUT,BEAR,369.55,335.97,436.71,2.0,85.0,1.76,8.69,-1.0,SL_HIT,2026-08-13,3,0.34,1.12,0,0,0,1,0,1.09
VMARCIND,EOD_CHALL_B_SCORE80,2026-08-10,HOLDOUT,BEAR,369.55,335.97,436.71,2.0,85.0,1.76,8.69,-1.0,SL_HIT,2026-08-13,3,0.34,1.12,0,0,0,1,0,1.09
VMARCIND,EOD_CHALL_D_THRUST_030,2026-08-10,HOLDOUT,BEAR,369.55,335.97,436.71,2.0,85.0,1.76,8.69,-1.0,SL_HIT,2026-08-13,3,0.34,1.12,0,0,0,1,0,1.09
VMARCIND,EOD_CHALL_F_CALIBRATED_SCORE,2026-08-10,HOLDOUT,BEAR,369.55,335.97,436.71,2.0,70.0,1.76,8.69,-1.0,SL_HIT,2026-08-13,3,0.34,1.12,0,0,0,1,0,1.09
AVALON,EOD_CHAMPION_V1,2026-08-17,HOLDOUT,BULL,2059.4,1923.84,2330.52,2.0,70.0,0.61,2.76,2.0,T1_HIT,2026-08-20,3,2.15,0.03,1,1,1,0,0,0.0
AVALON,EOD_CHALL_A_THRUST,2026-08-17,HOLDOUT,BULL,2059.4,1923.84,2330.52,2.0,70.0,0.61,2.76,2.0,T1_HIT,2026-08-20,3,2.15,0.03,1,1,1,0,0,0.0
AVALON,EOD_CHALL_D_THRUST_030,2026-08-17,HOLDOUT,BULL,2059.4,1923.84,2330.52,2.0,70.0,0.61,2.76,2.0,T1_HIT,2026-08-20,3,2.15,0.03,1,1,1,0,0,0.0
AVALON,EOD_CHALL_G_SWEET_SPOT,2026-08-17,HOLDOUT,BULL,2059.4,1923.84,2330.52,2.0,70.0,0.61,2.76,2.0,T1_HIT,2026-08-20,3,2.15,0.03,1,1,1,0,0,0.0
ELGIEQUIP,EOD_CHAMPION_V1,2026-08-17,HOLDOUT,BULL,624.2,594.24,684.12,2.0,75.0,0.32,0.84,0.59,EXPIRED_POS,2026-09-04,14,0.71,0.93,0,0,0,0,0,0.0
ELGIEQUIP,EOD_CHALL_C_EXTENSION,2026-08-17,HOLDOUT,BULL,624.2,594.24,684.12,2.0,75.0,0.32,0.84,0.59,EXPIRED_POS,2026-09-04,14,0.71,0.93,0,0,0,0,0,0.0
ELGIEQUIP,EOD_CHALL_D_THRUST_030,2026-08-17,HOLDOUT,BULL,624.2,594.24,684.12,2.0,75.0,0.32,0.84,0.59,EXPIRED_POS,2026-09-04,14,0.71,0.93,0,0,0,0,0,0.0
ELGIEQUIP,EOD_CHALL_E_COMBINED,2026-08-17,HOLDOUT,BULL,624.2,594.24,684.12,2.0,75.0,0.32,0.84,0.59,EXPIRED_POS,2026-09-04,14,0.71,0.93,0,0,0,0,0,0.0
ELGIEQUIP,EOD_CHALL_F_CALIBRATED_SCORE,2026-08-17,HOLDOUT,BULL,624.2,594.24,684.12,2.0,75.0,0.32,0.84,0.59,EXPIRED_POS,2026-09-04,14,0.71,0.93,0,0,0,0,0,0.0
ELGIEQUIP,EOD_CHALL_G_SWEET_SPOT,2026-08-17,HOLDOUT,BULL,624.2,594.24,684.12,2.0,75.0,0.32,0.84,0.59,EXPIRED_POS,2026-09-04,14,0.71,0.93,0,0,0,0,0,0.0
ELGIEQUIP,EOD_CHALL_I_MONOTONIC_RUBRIC,2026-08-17,HOLDOUT,BULL,624.2,594.24,684.12,2.0,80.0,0.32,0.84,0.59,EXPIRED_POS,2026-09-04,14,0.71,0.93,0,0,0,0,0,0.0
JYOTHYLAB,EOD_CHAMPION_V1,2026-08-17,HOLDOUT,BEAR,213.93,202.18,237.43,2.0,85.0,0.87,2.45,-1.0,SL_HIT,2026-08-31,10,0.25,1.13,0,0,0,0,0,-0.42
JYOTHYLAB,EOD_CHALL_A_THRUST,2026-08-17,HOLDOUT,BEAR,213.93,202.18,237.43,2.0,85.0,0.87,2.45,-1.0,SL_HIT,2026-08-31,10,0.25,1.13,0,0,0,0,0,-0.42
JYOTHYLAB,EOD_CHALL_B_SCORE80,2026-08-17,HOLDOUT,BEAR,213.93,202.18,237.43,2.0,85.0,0.87,2.45,-1.0,SL_HIT,2026-08-31,10,0.25,1.13,0,0,0,0,0,-0.42
JYOTHYLAB,EOD_CHALL_C_EXTENSION,2026-08-17,HOLDOUT,BEAR,213.93,202.18,237.43,2.0,85.0,0.87,2.45,-1.0,SL_HIT,2026-08-31,10,0.25,1.13,0,0,0,0,0,-0.42
JYOTHYLAB,EOD_CHALL_D_THRUST_030,2026-08-17,HOLDOUT,BEAR,213.93,202.18,237.43,2.0,85.0,0.87,2.45,-1.0,SL_HIT,2026-08-31,10,0.25,1.13,0,0,0,0,0,-0.42
JYOTHYLAB,EOD_CHALL_E_COMBINED,2026-08-17,HOLDOUT,BEAR,213.93,202.18,237.43,2.0,85.0,0.87,2.45,-1.0,SL_HIT,2026-08-31,10,0.25,1.13,0,0,0,0,0,-0.42
JYOTHYLAB,EOD_CHALL_F_CALIBRATED_SCORE,2026-08-17,HOLDOUT,BEAR,213.93,202.18,237.43,2.0,85.0,0.87,2.45,-1.0,SL_HIT,2026-08-31,10,0.25,1.13,0,0,0,0,0,-0.42
JYOTHYLAB,EOD_CHALL_H_THRUST_CALIBRATED,2026-08-17,HOLDOUT,BEAR,213.93,202.18,237.43,2.0,85.0,0.87,2.45,-1.0,SL_HIT,2026-08-31,10,0.25,1.13,0,0,0,0,0,-0.42
JYOTHYLAB,EOD_CHALL_I_MONOTONIC_RUBRIC,2026-08-17,HOLDOUT,BEAR,213.93,202.18,237.43,2.0,75.0,0.87,2.45,-1.0,SL_HIT,2026-08-31,10,0.25,1.13,0,0,0,0,0,-0.42
NRBBEARING,EOD_CHAMPION_V1,2026-08-17,HOLDOUT,BULL,484.05,463.68,524.79,2.0,85.0,0.05,0.22,-1.0,SL_HIT,2026-08-31,10,0.97,1.24,0,0,0,0,0,-0.52
NRBBEARING,EOD_CHALL_B_SCORE80,2026-08-17,HOLDOUT,BULL,484.05,463.68,524.79,2.0,85.0,0.05,0.22,-1.0,SL_HIT,2026-08-31,10,0.97,1.24,0,0,0,0,0,-0.52
NRBBEARING,EOD_CHALL_C_EXTENSION,2026-08-17,HOLDOUT,BULL,484.05,463.68,524.79,2.0,85.0,0.05,0.22,-1.0,SL_HIT,2026-08-31,10,0.97,1.24,0,0,0,0,0,-0.52
NRBBEARING,EOD_CHALL_F_CALIBRATED_SCORE,2026-08-17,HOLDOUT,BULL,484.05,463.68,524.79,2.0,85.0,0.05,0.22,-1.0,SL_HIT,2026-08-31,10,0.97,1.24,0,0,0,0,0,-0.52
NRBBEARING,EOD_CHALL_G_SWEET_SPOT,2026-08-17,HOLDOUT,BULL,484.05,463.68,524.79,2.0,85.0,0.05,0.22,-1.0,SL_HIT,2026-08-31,10,0.97,1.24,0,0,0,0,0,-0.52
NRBBEARING,EOD_CHALL_I_MONOTONIC_RUBRIC,2026-08-17,HOLDOUT,BULL,484.05,463.68,524.79,2.0,90.0,0.05,0.22,-1.0,SL_HIT,2026-08-31,10,0.97,1.24,0,0,0,0,0,-0.52
RISHABH,EOD_CHAMPION_V1,2026-08-17,HOLDOUT,BULL,694.6,660.48,762.84,2.0,100.0,0.24,0.96,-1.0,SL_HIT,2026-08-18,1,0.27,1.26,0,0,0,1,0,1.03
RISHABH,EOD_CHALL_B_SCORE80,2026-08-17,HOLDOUT,BULL,694.6,660.48,762.84,2.0,100.0,0.24,0.96,-1.0,SL_HIT,2026-08-18,1,0.27,1.26,0,0,0,1,0,1.03
RISHABH,EOD_CHALL_C_EXTENSION,2026-08-17,HOLDOUT,BULL,694.6,660.48,762.84,2.0,100.0,0.24,0.96,-1.0,SL_HIT,2026-08-18,1,0.27,1.26,0,0,0,1,0,1.03
RISHABH,EOD_CHALL_F_CALIBRATED_SCORE,2026-08-17,HOLDOUT,BULL,694.6,660.48,762.84,2.0,100.0,0.24,0.96,-1.0,SL_HIT,2026-08-18,1,0.27,1.26,0,0,0,1,0,1.03
RISHABH,EOD_CHALL_G_SWEET_SPOT,2026-08-17,HOLDOUT,BULL,694.6,660.48,762.84,2.0,100.0,0.24,0.96,-1.0,SL_HIT,2026-08-18,1,0.27,1.26,0,0,0,1,0,1.03
RISHABH,EOD_CHALL_I_MONOTONIC_RUBRIC,2026-08-17,HOLDOUT,BULL,694.6,660.48,762.84,2.0,100.0,0.24,0.96,-1.0,SL_HIT,2026-08-18,1,0.27,1.26,0,0,0,1,0,1.03
UTLSOLAR,EOD_CHAMPION_V1,2026-08-17,HOLDOUT,BULL,464.4,428.42,536.36,2.0,75.0,1.8,7.49,-0.49,EXPIRED_NEG,2026-08-25,6,0.83,0.56,0,0,0,0,0,0.0
UTLSOLAR,EOD_CHALL_A_THRUST,2026-08-17,HOLDOUT,BULL,464.4,428.42,536.36,2.0,75.0,1.8,7.49,-0.49,EXPIRED_NEG,2026-08-25,6,0.83,0.56,0,0,0,0,0,0.0
UTLSOLAR,EOD_CHALL_D_THRUST_030,2026-08-17,HOLDOUT,BULL,464.4,428.42,536.36,2.0,75.0,1.8,7.49,-0.49,EXPIRED_NEG,2026-08-25,6,0.83,0.56,0,0,0,0,0,0.0
UTLSOLAR,EOD_CHALL_G_SWEET_SPOT,2026-08-17,HOLDOUT,BULL,464.4,428.42,536.36,2.0,75.0,1.8,7.49,-0.49,EXPIRED_NEG,2026-08-25,6,0.83,0.56,0,0,0,0,0,0.0
DLF,EOD_CHAMPION_V1,2026-08-24,HOLDOUT,BULL,689.0,660.05,746.9,2.0,100.0,0.3,0.64,-1.0,SL_HIT,2026-09-02,7,0.07,1.3,0,0,0,1,0,0.03
DLF,EOD_CHALL_B_SCORE80,2026-08-24,HOLDOUT,BULL,689.0,660.05,746.9,2.0,100.0,0.3,0.64,-1.0,SL_HIT,2026-09-02,7,0.07,1.3,0,0,0,1,0,0.03
DLF,EOD_CHALL_C_EXTENSION,2026-08-24,HOLDOUT,BULL,689.0,660.05,746.9,2.0,100.0,0.3,0.64,-1.0,SL_HIT,2026-09-02,7,0.07,1.3,0,0,0,1,0,0.03
DLF,EOD_CHALL_D_THRUST_030,2026-08-24,HOLDOUT,BULL,689.0,660.05,746.9,2.0,100.0,0.3,0.64,-1.0,SL_HIT,2026-09-02,7,0.07,1.3,0,0,0,1,0,0.03
DLF,EOD_CHALL_E_COMBINED,2026-08-24,HOLDOUT,BULL,689.0,660.05,746.9,2.0,100.0,0.3,0.64,-1.0,SL_HIT,2026-09-02,7,0.07,1.3,0,0,0,1,0,0.03
DLF,EOD_CHALL_F_CALIBRATED_SCORE,2026-08-24,HOLDOUT,BULL,689.0,660.05,746.9,2.0,100.0,0.3,0.64,-1.0,SL_HIT,2026-09-02,7,0.07,1.3,0,0,0,1,0,0.03
DLF,EOD_CHALL_G_SWEET_SPOT,2026-08-24,HOLDOUT,BULL,689.0,660.05,746.9,2.0,100.0,0.3,0.64,-1.0,SL_HIT,2026-09-02,7,0.07,1.3,0,0,0,1,0,0.03
DLF,EOD_CHALL_I_MONOTONIC_RUBRIC,2026-08-24,HOLDOUT,BULL,689.0,660.05,746.9,2.0,100.0,0.3,0.64,-1.0,SL_HIT,2026-09-02,7,0.07,1.3,0,0,0,1,0,0.03
MUTHOOTFIN,EOD_CHAMPION_V1,2026-08-24,HOLDOUT,BEAR,3209.0,3057.61,3511.78,2.0,75.0,0.85,2.04,-1.06,SL_HIT,2026-08-31,5,0.25,1.53,0,0,0,0,0,-1.32
MUTHOOTFIN,EOD_CHALL_A_THRUST,2026-08-24,HOLDOUT,BEAR,3209.0,3057.61,3511.78,2.0,75.0,0.85,2.04,-1.06,SL_HIT,2026-08-31,5,0.25,1.53,0,0,0,0,0,-1.32
MUTHOOTFIN,EOD_CHALL_C_EXTENSION,2026-08-24,HOLDOUT,BEAR,3209.0,3057.61,3511.78,2.0,75.0,0.85,2.04,-1.06,SL_HIT,2026-08-31,5,0.25,1.53,0,0,0,0,0,-1.32
MUTHOOTFIN,EOD_CHALL_D_THRUST_030,2026-08-24,HOLDOUT,BEAR,3209.0,3057.61,3511.78,2.0,75.0,0.85,2.04,-1.06,SL_HIT,2026-08-31,5,0.25,1.53,0,0,0,0,0,-1.32
MUTHOOTFIN,EOD_CHALL_E_COMBINED,2026-08-24,HOLDOUT,BEAR,3209.0,3057.61,3511.78,2.0,75.0,0.85,2.04,-1.06,SL_HIT,2026-08-31,5,0.25,1.53,0,0,0,0,0,-1.32
MUTHOOTFIN,EOD_CHALL_F_CALIBRATED_SCORE,2026-08-24,HOLDOUT,BEAR,3209.0,3057.61,3511.78,2.0,75.0,0.85,2.04,-1.06,SL_HIT,2026-08-31,5,0.25,1.53,0,0,0,0,0,-1.32
MUTHOOTFIN,EOD_CHALL_G_SWEET_SPOT,2026-08-24,HOLDOUT,BEAR,3209.0,3057.61,3511.78,2.0,75.0,0.85,2.04,-1.06,SL_HIT,2026-08-31,5,0.25,1.53,0,0,0,0,0,-1.32
MUTHOOTFIN,EOD_CHALL_H_THRUST_CALIBRATED,2026-08-24,HOLDOUT,BEAR,3209.0,3057.61,3511.78,2.0,75.0,0.85,2.04,-1.06,SL_HIT,2026-08-31,5,0.25,1.53,0,0,0,0,0,-1.32
CRISIL,EOD_CHAMPION_V1,2026-08-31,HOLDOUT,BULL,4821.8,4603.68,5258.04,2.0,75.0,0.24,0.55,-0.09,EXPIRED_NEG,2026-09-04,4,0.23,0.69,0,0,0,0,0,0.0
CRISIL,EOD_CHALL_C_EXTENSION,2026-08-31,HOLDOUT,BULL,4821.8,4603.68,5258.04,2.0,75.0,0.24,0.55,-0.09,EXPIRED_NEG,2026-09-04,4,0.23,0.69,0,0,0,0,0,0.0
CRISIL,EOD_CHALL_F_CALIBRATED_SCORE,2026-08-31,HOLDOUT,BULL,4821.8,4603.68,5258.04,2.0,75.0,0.24,0.55,-0.09,EXPIRED_NEG,2026-09-04,4,0.23,0.69,0,0,0,0,0,0.0
CRISIL,EOD_CHALL_G_SWEET_SPOT,2026-08-31,HOLDOUT,BULL,4821.8,4603.68,5258.04,2.0,75.0,0.24,0.55,-0.09,EXPIRED_NEG,2026-09-04,4,0.23,0.69,0,0,0,0,0,0.0
CRISIL,EOD_CHALL_I_MONOTONIC_RUBRIC,2026-08-31,HOLDOUT,BULL,4821.8,4603.68,5258.04,2.0,80.0,0.24,0.55,-0.09,EXPIRED_NEG,2026-09-04,4,0.23,0.69,0,0,0,0,0,0.0
TIMEX,EOD_CHAMPION_V1,2026-08-31,HOLDOUT,BULL,679.45,630.72,776.91,2.0,70.0,0.9,3.42,-0.2,EXPIRED_NEG,2026-09-04,4,0.13,0.82,0,0,0,0,0,0.0
TIMEX,EOD_CHALL_A_THRUST,2026-08-31,HOLDOUT,BULL,679.45,630.72,776.91,2.0,70.0,0.9,3.42,-0.2,EXPIRED_NEG,2026-09-04,4,0.13,0.82,0,0,0,0,0,0.0
TIMEX,EOD_CHALL_D_THRUST_030,2026-08-31,HOLDOUT,BULL,679.45,630.72,776.91,2.0,70.0,0.9,3.42,-0.2,EXPIRED_NEG,2026-09-04,4,0.13,0.82,0,0,0,0,0,0.0
TIMEX,EOD_CHALL_G_SWEET_SPOT,2026-08-31,HOLDOUT,BULL,679.45,630.72,776.91,2.0,70.0,0.9,3.42,-0.2,EXPIRED_NEG,2026-09-04,4,0.13,0.82,0,0,0,0,0,0.0
