symbol,variant_id,scan_date,partition,regime,entry_price,stop_loss,target_1,realized_rr,hit_sl,hit_t1
360ONE,MBAG_V1_CHAMP_BASE60_T3R,2025-12-15,DEV,BULL,1166.0059205081297,1141.6,1239.22,-1.0,1,0
3MINDIA,MBAG_V1_CHAMP_BASE60_T3R,2025-08-29,DEV,BULL,1361.7027020171774,1332.87,1448.2,2.06,0,0
3MINDIA,MBAG_V1_CHAMP_BASE60_T3R,2025-10-27,DEV,BULL,1574.9429817280857,1542.53,1672.18,-1.0,1,0
AADHARHFC,MBAG_V1_CHAMP_BASE60_T3R,2026-05-05,VAL,BULL,517.4500122070312,482.0,623.8,-1.0,1,0
AADHARHFC,MBAG_V2A_CONVEX_CAT_90D_T4R,2026-05-05,VAL,BULL,517.4500122070312,489.09,630.89,-1.0,1,0
AADHARHFC,MBAG_V3C_90D_MULTI_REGIME_T4R,2026-05-05,VAL,BULL,517.4500122070312,489.09,630.89,-1.0,1,0
AADHARHFC,MBAG_V3D_60D_CONVEX_RUNNER_T5R,2026-05-05,VAL,BULL,517.4500122070312,494.76,630.9,-1.0,1,0
AADHARHFC,MBAG_V1_CHAMP_BASE60_T3R,2026-07-03,HOLDOUT,BULL,555.5999755859375,511.18,688.86,-1.0,1,0
AADHARHFC,MBAG_V2A_CONVEX_CAT_90D_T4R,2026-07-03,HOLDOUT,BULL,555.5999755859375,520.06,697.76,-1.0,1,0
AADHARHFC,MBAG_V3C_90D_MULTI_REGIME_T4R,2026-07-03,HOLDOUT,BULL,555.5999755859375,520.06,697.76,-1.0,1,0
AADHARHFC,MBAG_V3D_60D_CONVEX_RUNNER_T5R,2026-07-03,HOLDOUT,BULL,555.5999755859375,527.17,697.75,-1.0,1,0
AARTIDRUGS,MBAG_V3A_40D_MICRO_SURGE_T3_5R,2026-05-04,VAL,BEAR,395.8500061035156,375.95,465.5,-1.0,1,0
AARTIPHARM,MBAG_V3A_40D_MICRO_SURGE_T3_5R,2026-01-14,VAL,NEUTRAL,790.1751708984375,752.21,923.05,-1.0,1,0
AARTIPHARM,MBAG_V3A_40D_MICRO_SURGE_T3_5R,2026-04-30,VAL,NEUTRAL,740.25,695.69,896.21,-1.0,1,0
AARTIPHARM,MBAG_V1_CHAMP_BASE60_T3R,2026-05-04,VAL,BULL,806.0999755859375,739.45,1006.05,-1.0,1,0
AARTIPHARM,MBAG_V3A_40D_MICRO_SURGE_T3_5R,2026-05-04,VAL,BULL,806.0999755859375,758.11,974.06,-1.0,1,0
AARTIPHARM,MBAG_V3B_60D_VOLUME_ANOMALY_T4R,2026-05-04,VAL,BULL,806.0999755859375,758.11,998.06,-1.0,1,0
AARTIPHARM,MBAG_V3D_60D_CONVEX_RUNNER_T5R,2026-05-04,VAL,BULL,806.0999755859375,763.44,1019.4,-1.0,1,0
ABB,MBAG_V1_CHAMP_BASE60_T3R,2026-01-29,VAL,BULL,5451.703125,5056.44,6637.49,1.66,0,0
ABB,MBAG_V2A_CONVEX_CAT_90D_T4R,2026-01-29,VAL,BULL,5451.703125,5135.5,6716.52,2.89,0,0
ABB,MBAG_V2B_EXPANSION_120D_T5R,2026-01-29,VAL,BULL,5451.703125,5167.12,6874.62,1.64,0,0
ABB,MBAG_V3A_40D_MICRO_SURGE_T3_5R,2026-01-29,VAL,BULL,5451.703125,5167.12,6447.74,2.06,0,0
ABB,MBAG_V3B_60D_VOLUME_ANOMALY_T4R,2026-01-29,VAL,BULL,5451.703125,5167.12,6590.04,3.21,0,0
ABB,MBAG_V3C_90D_MULTI_REGIME_T4R,2026-01-29,VAL,BULL,5451.703125,5135.5,6716.52,2.89,0,0
ABB,MBAG_V3D_60D_CONVEX_RUNNER_T5R,2026-01-29,VAL,BULL,5451.703125,5198.74,6716.52,3.24,0,0
ABB,MBAG_V1_CHAMP_BASE60_T3R,2026-01-30,VAL,BULL,5555.77734375,5151.45,6768.76,1.22,0,0
ABB,MBAG_V3C_90D_MULTI_REGIME_T4R,2026-01-30,VAL,BULL,5555.77734375,5232.31,6849.65,1.97,0,0
ABB,MBAG_V1_CHAMP_BASE60_T3R,2026-02-03,VAL,BULL,5645.41064453125,5232.81,6883.21,0.39,0,0
ABB,MBAG_V1_CHAMP_BASE60_T3R,2026-02-20,VAL,BULL,5962.61328125,5532.76,7252.17,0.13,0,0
ABB,MBAG_V2A_CONVEX_CAT_90D_T4R,2026-02-20,VAL,BULL,5962.61328125,5618.73,7338.15,1.82,0,0
ABB,MBAG_V2B_EXPANSION_120D_T5R,2026-02-20,VAL,BULL,5962.61328125,5653.12,7510.08,5.0,0,1
ABB,MBAG_V3A_40D_MICRO_SURGE_T3_5R,2026-02-20,VAL,BULL,5962.61328125,5653.12,7045.84,0.24,0,0
ABB,MBAG_V3B_60D_VOLUME_ANOMALY_T4R,2026-02-20,VAL,BULL,5962.61328125,5653.12,7200.59,2.02,0,0
ABB,MBAG_V3C_90D_MULTI_REGIME_T4R,2026-02-20,VAL,BULL,5962.61328125,5618.73,7338.15,1.82,0,0
ABB,MBAG_V3D_60D_CONVEX_RUNNER_T5R,2026-02-20,VAL,BULL,5962.61328125,5687.51,7338.13,3.77,0,0
ABB,MBAG_V1_CHAMP_BASE60_T3R,2026-04-08,VAL,BULL,6538.25927734375,6085.65,7896.09,1.44,0,0
ABB,MBAG_V1_CHAMP_BASE60_T3R,2026-04-10,VAL,BULL,6831.5595703125,6351.29,8272.37,-1.0,1,0
ABB,MBAG_V3C_90D_MULTI_REGIME_T4R,2026-04-10,VAL,BULL,6831.5595703125,6447.35,8368.4,-1.0,1,0
ABB,MBAG_V1_CHAMP_BASE60_T3R,2026-04-22,VAL,BULL,7556.09619140625,6967.61,9321.55,-1.0,1,0
ABB,MBAG_V2A_CONVEX_CAT_90D_T4R,2026-04-22,VAL,BULL,7556.09619140625,7085.31,9439.24,-1.0,1,0
ABB,MBAG_V2B_EXPANSION_120D_T5R,2026-04-22,VAL,BULL,7556.09619140625,7132.39,9674.63,-1.0,1,0
ABB,MBAG_V3A_40D_MICRO_SURGE_T3_5R,2026-04-22,VAL,BULL,7556.09619140625,7132.39,9039.07,-1.0,1,0
ABB,MBAG_V3B_60D_VOLUME_ANOMALY_T4R,2026-04-22,VAL,BULL,7556.09619140625,7132.39,9250.92,-1.0,1,0
ABB,MBAG_V3C_90D_MULTI_REGIME_T4R,2026-04-22,VAL,BULL,7556.09619140625,7085.31,9439.24,-1.0,1,0
ABB,MBAG_V3D_60D_CONVEX_RUNNER_T5R,2026-04-22,VAL,BULL,7556.09619140625,7179.47,9439.23,-1.0,1,0
ABBOTINDIA,MBAG_V3A_40D_MICRO_SURGE_T3_5R,2026-05-11,VAL,NEUTRAL,27795.0,26906.57,30904.5,-1.0,1,0
ABDL,MBAG_V1_CHAMP_BASE60_T3R,2026-02-18,VAL,NEUTRAL,1690.8770627465851,1651.17,1810.0,0.84,0,0
ABLBL,MBAG_V1_CHAMP_BASE60_T3R,2026-05-07,VAL,NEUTRAL,117.58560943603516,109.52,141.78,-1.0,1,0
ABLBL,MBAG_V3A_40D_MICRO_SURGE_T3_5R,2026-05-07,VAL,NEUTRAL,117.58560943603516,111.78,137.91,-1.0,1,0
ABLBL,MBAG_V3B_60D_VOLUME_ANOMALY_T4R,2026-05-07,VAL,NEUTRAL,117.58560943603516,111.78,140.81,-1.0,1,0
ABLBL,MBAG_V3D_60D_CONVEX_RUNNER_T5R,2026-05-07,VAL,NEUTRAL,117.58560943603516,112.42,143.41,-1.0,1,0
ABSLAMC,MBAG_V3A_40D_MICRO_SURGE_T3_5R,2025-12-30,DEV,BULL,808.4900512695312,764.59,962.14,-1.0,1,0
ABSLAMC,MBAG_V1_CHAMP_BASE60_T3R,2026-02-12,VAL,BULL,850.0974731445312,785.14,1044.97,0.92,0,0
ABSLAMC,MBAG_V1_CHAMP_BASE60_T3R,2026-02-18,VAL,BULL,884.6807861328125,821.29,1074.85,0.41,0,0
ABSLAMC,MBAG_V3C_90D_MULTI_REGIME_T4R,2026-02-18,VAL,BULL,884.6807861328125,833.97,1087.52,-1.0,1,0
ABSLAMC,MBAG_V1_CHAMP_BASE60_T3R,2026-03-10,VAL,BULL,951.896484375,849.24,1259.87,-1.0,1,0
ABSLAMC,MBAG_V2A_CONVEX_CAT_90D_T4R,2026-03-10,VAL,BULL,951.896484375,869.77,1280.4,-1.0,1,0
ABSLAMC,MBAG_V2B_EXPANSION_120D_T5R,2026-03-10,VAL,BULL,951.896484375,877.98,1321.48,-1.0,1,0
ABSLAMC,MBAG_V3A_40D_MICRO_SURGE_T3_5R,2026-03-10,VAL,BULL,951.896484375,877.98,1210.6,-1.0,1,0
ABSLAMC,MBAG_V3B_60D_VOLUME_ANOMALY_T4R,2026-03-10,VAL,BULL,951.896484375,877.98,1247.56,-1.0,1,0
ABSLAMC,MBAG_V3C_90D_MULTI_REGIME_T4R,2026-03-10,VAL,BULL,951.896484375,869.77,1280.4,-1.0,1,0
ABSLAMC,MBAG_V3D_60D_CONVEX_RUNNER_T5R,2026-03-10,VAL,BULL,951.896484375,886.19,1280.43,-1.0,1,0
ABSLAMC,MBAG_V1_CHAMP_BASE60_T3R,2026-06-15,HOLDOUT,BULL,1118.08203125,1020.0,1412.33,0.27,0,0
ABSLAMC,MBAG_V2A_CONVEX_CAT_90D_T4R,2026-06-15,HOLDOUT,BULL,1118.08203125,1039.62,1431.93,-1.0,1,0
ABSLAMC,MBAG_V2B_EXPANSION_120D_T5R,2026-06-15,HOLDOUT,BULL,1118.08203125,1047.47,1471.14,-1.0,1,0
ABSLAMC,MBAG_V3A_40D_MICRO_SURGE_T3_5R,2026-06-15,HOLDOUT,BULL,1118.08203125,1047.47,1365.22,-0.38,0,0
ABSLAMC,MBAG_V3B_60D_VOLUME_ANOMALY_T4R,2026-06-15,HOLDOUT,BULL,1118.08203125,1047.47,1400.53,-1.0,1,0
ABSLAMC,MBAG_V3C_90D_MULTI_REGIME_T4R,2026-06-15,HOLDOUT,BULL,1118.08203125,1039.62,1431.93,-1.0,1,0
ABSLAMC,MBAG_V3D_60D_CONVEX_RUNNER_T5R,2026-06-15,HOLDOUT,BULL,1118.08203125,1055.31,1431.94,-1.0,1,0
ACC,MBAG_V1_CHAMP_BASE60_T3R,2025-08-28,DEV,BULL,2208.9681188205186,2161.37,2351.76,3.0,0,1
ACC,MBAG_V1_CHAMP_BASE60_T3R,2025-10-15,DEV,BULL,2571.9106811207953,2517.19,2736.07,3.0,0,1
ACC,MBAG_V1_CHAMP_BASE60_T3R,2025-10-20,DEV,BULL,2678.0978691218124,2623.22,2842.73,3.0,0,1
ACC,MBAG_V1_CHAMP_BASE60_T3R,2025-12-19,DEV,BULL,3252.5882245253483,3178.2,3475.75,-1.0,1,0
ACC,MBAG_V1_CHAMP_BASE60_T3R,2026-02-25,VAL,BULL,3356.031598610132,3285.6,3567.33,3.0,0,1
ACC,MBAG_V1_CHAMP_BASE60_T3R,2026-03-05,VAL,BULL,3443.6479216186576,3367.65,3671.64,3.0,0,1
ACE,MBAG_V3A_40D_MICRO_SURGE_T3_5R,2026-04-22,VAL,NEUTRAL,934.4000244140625,881.29,1120.29,-1.0,1,0
ACE,MBAG_V1_CHAMP_BASE60_T3R,2026-06-18,HOLDOUT,BULL,976.4500122070312,901.16,1202.32,0.36,0,0
ACE,MBAG_V2A_CONVEX_CAT_90D_T4R,2026-06-18,HOLDOUT,BULL,976.4500122070312,916.21,1217.41,1.34,0,0
ACE,MBAG_V3A_40D_MICRO_SURGE_T3_5R,2026-06-18,HOLDOUT,BULL,976.4500122070312,922.24,1166.19,0.05,0,0
ACE,MBAG_V3C_90D_MULTI_REGIME_T4R,2026-06-18,HOLDOUT,BULL,976.4500122070312,916.21,1217.41,1.34,0,0
ACE,MBAG_V3D_60D_CONVEX_RUNNER_T5R,2026-06-18,HOLDOUT,BULL,976.4500122070312,928.26,1217.4,2.85,0,0
ACE,MBAG_V1_CHAMP_BASE60_T3R,2026-06-22,HOLDOUT,BULL,1011.7000122070312,933.92,1245.04,-0.26,0,0
ACE,MBAG_V2A_CONVEX_CAT_90D_T4R,2026-06-22,HOLDOUT,BULL,1011.7000122070312,949.48,1260.58,1.51,0,0
ACE,MBAG_V2B_EXPANSION_120D_T5R,2026-06-22,HOLDOUT,BULL,1011.7000122070312,955.7,1291.7,1.82,0,0
ACE,MBAG_V3A_40D_MICRO_SURGE_T3_5R,2026-06-22,HOLDOUT,BULL,1011.7000122070312,955.7,1207.7,0.89,0,0
ACE,MBAG_V3B_60D_VOLUME_ANOMALY_T4R,2026-06-22,HOLDOUT,BULL,1011.7000122070312,955.7,1235.7,1.67,0,0
ACE,MBAG_V3C_90D_MULTI_REGIME_T4R,2026-06-22,HOLDOUT,BULL,1011.7000122070312,949.48,1260.58,1.51,0,0
ACE,MBAG_V3D_60D_CONVEX_RUNNER_T5R,2026-06-22,HOLDOUT,BULL,1011.7000122070312,961.92,1260.6,-1.0,1,0
ACI,MBAG_V1_CHAMP_BASE60_T3R,2026-06-24,HOLDOUT,BULL,1918.821971990373,1880.21,2034.66,-1.0,1,0
ACMESOLAR,MBAG_V1_CHAMP_BASE60_T3R,2026-03-13,VAL,NEUTRAL,255.61000061035156,230.64,330.52,1.28,0,0
ACMESOLAR,MBAG_V3A_40D_MICRO_SURGE_T3_5R,2026-03-13,VAL,NEUTRAL,255.61000061035156,237.63,318.54,-1.0,1,0
ACMESOLAR,MBAG_V3B_60D_VOLUME_ANOMALY_T4R,2026-03-13,VAL,NEUTRAL,255.61000061035156,237.63,327.53,-1.0,1,0
ACMESOLAR,MBAG_V3D_60D_CONVEX_RUNNER_T5R,2026-03-13,VAL,NEUTRAL,255.61000061035156,239.63,335.51,-1.0,1,0
ACMESOLAR,MBAG_V1_CHAMP_BASE60_T3R,2026-06-02,HOLDOUT,BULL,334.75,304.12,426.64,1.5,0,0
ACMESOLAR,MBAG_V2A_CONVEX_CAT_90D_T4R,2026-06-02,HOLDOUT,BULL,334.75,310.24,432.79,2.03,0,0
ACMESOLAR,MBAG_V2B_EXPANSION_120D_T5R,2026-06-02,HOLDOUT,BULL,334.75,312.69,445.05,0.94,0,0
ACMESOLAR,MBAG_V3A_40D_MICRO_SURGE_T3_5R,2026-06-02,HOLDOUT,BULL,334.75,312.69,411.96,1.47,0,0
ACMESOLAR,MBAG_V3B_60D_VOLUME_ANOMALY_T4R,2026-06-02,HOLDOUT,BULL,334.75,312.69,422.99,2.26,0,0
ACMESOLAR,MBAG_V3C_90D_MULTI_REGIME_T4R,2026-06-02,HOLDOUT,BULL,334.75,310.24,432.79,2.03,0,0
ACMESOLAR,MBAG_V3D_60D_CONVEX_RUNNER_T5R,2026-06-02,HOLDOUT,BULL,334.75,315.14,432.8,1.96,0,0
ACMESOLAR,MBAG_V1_CHAMP_BASE60_T3R,2026-06-04,HOLDOUT,BULL,345.8500061035156,312.31,446.47,1.41,0,0
ACMESOLAR,MBAG_V1_CHAMP_BASE60_T3R,2026-06-05,HOLDOUT,BULL,356.6499938964844,321.12,463.24,0.75,0,0
ACMESOLAR,MBAG_V2A_CONVEX_CAT_90D_T4R,2026-06-05,HOLDOUT,BULL,356.6499938964844,328.23,470.33,-1.0,1,0
ACMESOLAR,MBAG_V3A_40D_MICRO_SURGE_T3_5R,2026-06-05,HOLDOUT,BULL,356.6499938964844,331.07,446.18,-1.0,1,0
ACMESOLAR,MBAG_V3C_90D_MULTI_REGIME_T4R,2026-06-05,HOLDOUT,BULL,356.6499938964844,328.23,470.33,-1.0,1,0
ACMESOLAR,MBAG_V3D_60D_CONVEX_RUNNER_T5R,2026-06-05,HOLDOUT,BULL,356.6499938964844,333.91,470.35,-1.0,1,0
ACUTAAS,MBAG_V1_CHAMP_BASE60_T3R,2025-07-24,DEV,BULL,2364.2757439492007,2313.88,2515.46,-1.0,1,0
ACUTAAS,MBAG_V1_CHAMP_BASE60_T3R,2025-08-27,DEV,BULL,2453.8178158153232,2404.37,2602.16,3.0,0,1
ACUTAAS,MBAG_V1_CHAMP_BASE60_T3R,2025-10-27,DEV,BULL,2650.1377993894007,2589.74,2831.33,-1.0,1,0
ACUTAAS,MBAG_V1_CHAMP_BASE60_T3R,2026-03-09,VAL,BULL,2846.5083700016917,2782.66,3038.05,-1.0,1,0
ACUTAAS,MBAG_V1_CHAMP_BASE60_T3R,2026-04-22,VAL,BULL,2979.480127393347,2917.57,3165.21,-1.0,1,0
ADANIENSOL,MBAG_V1_CHAMP_BASE60_T3R,2025-10-29,DEV,BULL,967.5499877929688,910.04,1140.08,0.29,0,0
ADANIENSOL,MBAG_V3A_40D_MICRO_SURGE_T3_5R,2025-10-29,DEV,BULL,967.5499877929688,926.14,1112.48,0.1,0,0
ADANIENSOL,MBAG_V3B_60D_VOLUME_ANOMALY_T4R,2025-10-29,DEV,BULL,967.5499877929688,926.14,1133.19,0.77,0,0
ADANIENSOL,MBAG_V3D_60D_CONVEX_RUNNER_T5R,2025-10-29,DEV,BULL,967.5499877929688,930.74,1151.6,0.24,0,0
ADANIENSOL,MBAG_V1_CHAMP_BASE60_T3R,2026-04-08,VAL,BULL,1073.300048828125,970.3,1382.3,3.0,0,1
ADANIENSOL,MBAG_V2A_CONVEX_CAT_90D_T4R,2026-04-08,VAL,BULL,1073.300048828125,990.9,1402.9,4.0,0,1
ADANIENSOL,MBAG_V3C_90D_MULTI_REGIME_T4R,2026-04-08,VAL,BULL,1073.300048828125,990.9,1402.9,4.0,0,1
ADANIENSOL,MBAG_V3D_60D_CONVEX_RUNNER_T5R,2026-04-08,VAL,BULL,1073.300048828125,1007.38,1402.9,5.0,0,1
ADANIENSOL,MBAG_V1_CHAMP_BASE60_T3R,2026-04-10,VAL,BULL,1157.9000244140625,1049.03,1484.51,1.68,0,0
ADANIENSOL,MBAG_V2A_CONVEX_CAT_90D_T4R,2026-04-10,VAL,BULL,1157.9000244140625,1070.8,1506.3,2.83,0,0
ADANIENSOL,MBAG_V2B_EXPANSION_120D_T5R,2026-04-10,VAL,BULL,1157.9000244140625,1079.51,1549.85,5.0,0,1
ADANIENSOL,MBAG_V3A_40D_MICRO_SURGE_T3_5R,2026-04-10,VAL,BULL,1157.9000244140625,1079.51,1432.27,3.5,0,1
ADANIENSOL,MBAG_V3B_60D_VOLUME_ANOMALY_T4R,2026-04-10,VAL,BULL,1157.9000244140625,1079.51,1471.46,3.14,0,0
ADANIENSOL,MBAG_V3C_90D_MULTI_REGIME_T4R,2026-04-10,VAL,BULL,1157.9000244140625,1070.8,1506.3,2.83,0,0
ADANIENSOL,MBAG_V3D_60D_CONVEX_RUNNER_T5R,2026-04-10,VAL,BULL,1157.9000244140625,1088.22,1506.3,5.0,0,1
ADANIENSOL,MBAG_V1_CHAMP_BASE60_T3R,2026-04-13,VAL,BULL,1175.300048828125,1058.17,1526.69,0.93,0,0
ADANIENSOL,MBAG_V1_CHAMP_BASE60_T3R,2026-04-17,VAL,BULL,1259.800048828125,1142.81,1610.77,0.37,0,0
ADANIENSOL,MBAG_V1_CHAMP_BASE60_T3R,2026-04-22,VAL,BULL,1368.0999755859375,1232.48,1774.96,-0.16,0,0
ADANIENSOL,MBAG_V2A_CONVEX_CAT_90D_T4R,2026-04-22,VAL,BULL,1368.0999755859375,1259.61,1802.06,-1.0,1,0
ADANIENSOL,MBAG_V3C_90D_MULTI_REGIME_T4R,2026-04-22,VAL,BULL,1368.0999755859375,1259.61,1802.06,-1.0,1,0
ADANIENSOL,MBAG_V3D_60D_CONVEX_RUNNER_T5R,2026-04-22,VAL,BULL,1368.0999755859375,1281.31,1802.05,-1.0,1,0
ADANIENSOL,MBAG_V1_CHAMP_BASE60_T3R,2026-04-24,VAL,BULL,1411.949951171875,1255.86,1880.22,-1.0,1,0
ADANIENSOL,MBAG_V2A_CONVEX_CAT_90D_T4R,2026-04-24,VAL,BULL,1411.949951171875,1287.08,1911.43,-1.0,1,0
ADANIENSOL,MBAG_V3A_40D_MICRO_SURGE_T3_5R,2026-04-24,VAL,BULL,1411.949951171875,1299.57,1805.28,-1.0,1,0
ADANIENSOL,MBAG_V3C_90D_MULTI_REGIME_T4R,2026-04-24,VAL,BULL,1411.949951171875,1287.08,1911.43,-1.0,1,0
ADANIENSOL,MBAG_V3D_60D_CONVEX_RUNNER_T5R,2026-04-24,VAL,BULL,1411.949951171875,1312.05,1911.45,-1.0,1,0
ADANIENSOL,MBAG_V1_CHAMP_BASE60_T3R,2026-04-27,VAL,BULL,1435.800048828125,1279.47,1904.79,-1.0,1,0
ADANIENSOL,MBAG_V1_CHAMP_BASE60_T3R,2026-05-27,VAL,BULL,1540.0999755859375,1368.64,2054.48,-0.26,0,0
ADANIENSOL,MBAG_V3C_90D_MULTI_REGIME_T4R,2026-05-27,VAL,BULL,1540.0999755859375,1402.93,2088.78,0.84,0,0
ADANIENSOL,MBAG_V1_CHAMP_BASE60_T3R,2026-07-06,HOLDOUT,BULL,1622.800048828125,1503.19,1981.63,0.2,0,0
ADANIENSOL,MBAG_V2A_CONVEX_CAT_90D_T4R,2026-07-06,HOLDOUT,BULL,1622.800048828125,1527.11,2005.56,-0.35,0,0
ADANIENSOL,MBAG_V3C_90D_MULTI_REGIME_T4R,2026-07-06,HOLDOUT,BULL,1622.800048828125,1527.11,2005.56,-0.35,0,0
ADANIENSOL,MBAG_V3D_60D_CONVEX_RUNNER_T5R,2026-07-06,HOLDOUT,BULL,1622.800048828125,1546.25,2005.55,-1.0,1,0
ADANIENSOL,MBAG_V1_CHAMP_BASE60_T3R,2026-07-07,HOLDOUT,BULL,1651.0,1527.54,2021.38,-0.04,0,0
ADANIENT,MBAG_V3A_40D_MICRO_SURGE_T3_5R,2025-09-22,DEV,BULL,2628.324951171875,2537.68,2945.58,-1.0,1,0
ADANIENT,MBAG_V3A_40D_MICRO_SURGE_T3_5R,2025-09-23,DEV,BULL,2675.203857421875,2575.3,3024.87,-1.0,1,0
ADANIENT,MBAG_V1_CHAMP_BASE60_T3R,2026-04-28,VAL,BULL,2411.32177734375,2218.28,2990.45,2.88,0,0
ADANIENT,MBAG_V1_CHAMP_BASE60_T3R,2026-05-04,VAL,BULL,2484.589111328125,2309.99,3008.39,3.0,0,1
ADANIENT,MBAG_V2A_CONVEX_CAT_90D_T4R,2026-05-04,VAL,BULL,2484.589111328125,2344.91,3043.31,4.0,0,1
ADANIENT,MBAG_V3C_90D_MULTI_REGIME_T4R,2026-05-04,VAL,BULL,2484.589111328125,2344.91,3043.31,4.0,0,1
ADANIENT,MBAG_V3D_60D_CONVEX_RUNNER_T5R,2026-05-04,VAL,BULL,2484.589111328125,2372.84,3043.33,5.0,0,1
ADANIENT,MBAG_V1_CHAMP_BASE60_T3R,2026-05-14,VAL,BULL,2711.6875,2506.85,3326.2,0.96,0,0
ADANIENT,MBAG_V2A_CONVEX_CAT_90D_T4R,2026-05-14,VAL,BULL,2711.6875,2547.82,3367.16,1.99,0,0
ADANIENT,MBAG_V2B_EXPANSION_120D_T5R,2026-05-14,VAL,BULL,2711.6875,2564.2,3449.13,2.52,0,0
ADANIENT,MBAG_V3A_40D_MICRO_SURGE_T3_5R,2026-05-14,VAL,BULL,2711.6875,2564.2,3227.89,2.05,0,0
ADANIENT,MBAG_V3B_60D_VOLUME_ANOMALY_T4R,2026-05-14,VAL,BULL,2711.6875,2564.2,3301.64,2.21,0,0
ADANIENT,MBAG_V3C_90D_MULTI_REGIME_T4R,2026-05-14,VAL,BULL,2711.6875,2547.82,3367.16,1.99,0,0
ADANIENT,MBAG_V3D_60D_CONVEX_RUNNER_T5R,2026-05-14,VAL,BULL,2711.6875,2580.59,3367.17,3.55,0,0
ADANIENT,MBAG_V1_CHAMP_BASE60_T3R,2026-05-26,VAL,BULL,2967.972900390625,2737.7,3658.79,-0.02,0,0
ADANIENT,MBAG_V1_CHAMP_BASE60_T3R,2026-06-05,HOLDOUT,BULL,3046.837646484375,2847.44,3645.03,0.83,0,0
ADANIENT,MBAG_V3C_90D_MULTI_REGIME_T4R,2026-06-05,HOLDOUT,BULL,3046.837646484375,2887.32,3684.91,-1.0,1,0
ADANIENT,MBAG_V1_CHAMP_BASE60_T3R,2026-07-01,HOLDOUT,BULL,3143.60009765625,2952.05,3718.25,-0.62,0,0
ADANIENT,MBAG_V1_CHAMP_BASE60_T3R,2026-07-02,HOLDOUT,BULL,3177.5,2986.5,3750.5,-1.0,1,0
ADANIGREEN,MBAG_V1_CHAMP_BASE60_T3R,2026-04-08,VAL,BULL,1029.6500244140625,931.47,1324.19,3.0,0,1
ADANIGREEN,MBAG_V3A_40D_MICRO_SURGE_T3_5R,2026-04-08,VAL,BULL,1029.6500244140625,958.96,1277.07,3.5,0,1
ADANIGREEN,MBAG_V3B_60D_VOLUME_ANOMALY_T4R,2026-04-08,VAL,BULL,1029.6500244140625,958.96,1312.41,4.0,0,1
ADANIGREEN,MBAG_V3D_60D_CONVEX_RUNNER_T5R,2026-04-08,VAL,BULL,1029.6500244140625,966.82,1343.8,5.0,0,1
ADANIPORTS,MBAG_V1_CHAMP_BASE60_T3R,2025-11-12,DEV,BULL,1500.575927734375,1425.45,1725.95,-0.12,0,0
ADANIPORTS,MBAG_V3A_40D_MICRO_SURGE_T3_5R,2026-02-03,VAL,BULL,1524.3756103515625,1448.36,1790.43,-1.0,1,0
ADANIPORTS,MBAG_V1_CHAMP_BASE60_T3R,2026-02-04,VAL,BULL,1561.3199462890625,1447.23,1903.59,-1.0,1,0
ADANIPORTS,MBAG_V2A_CONVEX_CAT_90D_T4R,2026-02-04,VAL,BULL,1561.3199462890625,1470.05,1926.4,-1.0,1,0
ADANIPORTS,MBAG_V3A_40D_MICRO_SURGE_T3_5R,2026-02-04,VAL,BULL,1561.3199462890625,1479.17,1848.84,-1.0,1,0
ADANIPORTS,MBAG_V3C_90D_MULTI_REGIME_T4R,2026-02-04,VAL,BULL,1561.3199462890625,1470.05,1926.4,-1.0,1,0
ADANIPORTS,MBAG_V3D_60D_CONVEX_RUNNER_T5R,2026-02-04,VAL,BULL,1561.3199462890625,1488.3,1926.42,-1.0,1,0
ADANIPORTS,MBAG_V1_CHAMP_BASE60_T3R,2026-05-04,VAL,BULL,1735.2867431640625,1636.67,2031.14,0.41,0,0
ADANIPORTS,MBAG_V3C_90D_MULTI_REGIME_T4R,2026-05-04,VAL,BULL,1735.2867431640625,1656.39,2050.87,0.88,0,0
ADANIPOWER,MBAG_V1_CHAMP_BASE60_T3R,2026-03-02,VAL,BULL,2579.5838440009875,2527.95,2734.49,-1.0,1,0
ADFFOODS,MBAG_V3A_40D_MICRO_SURGE_T3_5R,2026-02-04,VAL,BULL,225.52000427246094,209.38,282.01,-1.0,1,0
ADFFOODS,MBAG_V1_CHAMP_BASE60_T3R,2026-02-05,VAL,BULL,227.72999572753906,202.28,304.08,-1.0,1,0
ADFFOODS,MBAG_V3A_40D_MICRO_SURGE_T3_5R,2026-02-05,VAL,BULL,227.72999572753906,209.41,291.85,-1.0,1,0
ADFFOODS,MBAG_V3B_60D_VOLUME_ANOMALY_T4R,2026-02-05,VAL,BULL,227.72999572753906,209.41,301.01,-1.0,1,0
ADFFOODS,MBAG_V3D_60D_CONVEX_RUNNER_T5R,2026-02-05,VAL,BULL,227.72999572753906,211.44,309.18,-1.0,1,0
ADFFOODS,MBAG_V2A_CONVEX_CAT_90D_T4R,2026-04-23,VAL,BULL,249.0800018310547,224.47,347.52,1.61,0,0
ADFFOODS,MBAG_V2B_EXPANSION_120D_T5R,2026-04-23,VAL,BULL,249.0800018310547,226.93,359.83,2.55,0,0
ADFFOODS,MBAG_V3A_40D_MICRO_SURGE_T3_5R,2026-04-23,VAL,BULL,249.0800018310547,226.93,326.61,0.96,0,0
ADFFOODS,MBAG_V3B_60D_VOLUME_ANOMALY_T4R,2026-04-23,VAL,BULL,249.0800018310547,226.93,337.68,1.79,0,0
ADFFOODS,MBAG_V3C_90D_MULTI_REGIME_T4R,2026-04-23,VAL,BULL,249.0800018310547,224.47,347.52,1.61,0,0
ADFFOODS,MBAG_V3D_60D_CONVEX_RUNNER_T5R,2026-04-23,VAL,BULL,249.0800018310547,229.39,347.53,1.25,0,0
ADFFOODS,MBAG_V2A_CONVEX_CAT_90D_T4R,2026-04-24,VAL,BULL,260.1499938964844,233.54,366.59,0.85,0,0
ADFFOODS,MBAG_V2B_EXPANSION_120D_T5R,2026-04-24,VAL,BULL,260.1499938964844,236.2,379.9,1.95,0,0
ADFFOODS,MBAG_V3A_40D_MICRO_SURGE_T3_5R,2026-04-24,VAL,BULL,260.1499938964844,236.2,343.97,0.19,0,0
ADFFOODS,MBAG_V3B_60D_VOLUME_ANOMALY_T4R,2026-04-24,VAL,BULL,260.1499938964844,236.2,355.95,0.95,0,0
ADFFOODS,MBAG_V3C_90D_MULTI_REGIME_T4R,2026-04-24,VAL,BULL,260.1499938964844,233.54,366.59,0.85,0,0
ADFFOODS,MBAG_V3D_60D_CONVEX_RUNNER_T5R,2026-04-24,VAL,BULL,260.1499938964844,238.86,366.6,1.08,0,0
ADVAIT,MBAG_V2A_CONVEX_CAT_90D_T4R,2026-06-04,HOLDOUT,BULL,2215.39990234375,1984.21,3140.16,-0.45,0,0
ADVAIT,MBAG_V3A_40D_MICRO_SURGE_T3_5R,2026-06-04,HOLDOUT,BULL,2215.39990234375,2007.33,2943.64,-0.11,0,0
ADVAIT,MBAG_V3B_60D_VOLUME_ANOMALY_T4R,2026-06-04,HOLDOUT,BULL,2215.39990234375,2007.33,3047.68,-0.5,0,0
ADVAIT,MBAG_V3C_90D_MULTI_REGIME_T4R,2026-06-04,HOLDOUT,BULL,2215.39990234375,1984.21,3140.16,-0.45,0,0
ADVAIT,MBAG_V3D_60D_CONVEX_RUNNER_T5R,2026-06-04,HOLDOUT,BULL,2215.39990234375,2030.45,3140.15,0.13,0,0
ADVAIT,MBAG_V2A_CONVEX_CAT_90D_T4R,2026-06-09,HOLDOUT,BULL,2346.199951171875,2088.47,3377.12,-1.0,1,0
ADVAIT,MBAG_V3A_40D_MICRO_SURGE_T3_5R,2026-06-09,HOLDOUT,BULL,2346.199951171875,2114.24,3158.06,-1.0,1,0
ADVAIT,MBAG_V3B_60D_VOLUME_ANOMALY_T4R,2026-06-09,HOLDOUT,BULL,2346.199951171875,2114.24,3274.04,-1.0,1,0
ADVAIT,MBAG_V3C_90D_MULTI_REGIME_T4R,2026-06-09,HOLDOUT,BULL,2346.199951171875,2088.47,3377.12,-1.0,1,0
ADVAIT,MBAG_V3D_60D_CONVEX_RUNNER_T5R,2026-06-09,HOLDOUT,BULL,2346.199951171875,2140.02,3377.1,-1.0,1,0
ADVENZYMES,MBAG_V1_CHAMP_BASE60_T3R,2026-04-27,VAL,BULL,329.1299743652344,299.93,416.73,3.0,0,1
ADVENZYMES,MBAG_V2A_CONVEX_CAT_90D_T4R,2026-04-27,VAL,BULL,329.1299743652344,305.77,422.57,1.77,0,0
ADVENZYMES,MBAG_V3A_40D_MICRO_SURGE_T3_5R,2026-04-27,VAL,BULL,329.1299743652344,308.11,402.7,3.5,0,1
ADVENZYMES,MBAG_V3B_60D_VOLUME_ANOMALY_T4R,2026-04-27,VAL,BULL,329.1299743652344,308.11,413.21,4.0,0,1
ADVENZYMES,MBAG_V3C_90D_MULTI_REGIME_T4R,2026-04-27,VAL,BULL,329.1299743652344,305.77,422.57,1.77,0,0
ADVENZYMES,MBAG_V3D_60D_CONVEX_RUNNER_T5R,2026-04-27,VAL,BULL,329.1299743652344,310.44,422.58,1.96,0,0
ADVENZYMES,MBAG_V1_CHAMP_BASE60_T3R,2026-04-28,VAL,BULL,340.5307922363281,310.11,431.79,1.14,0,0
ADVENZYMES,MBAG_V2A_CONVEX_CAT_90D_T4R,2026-04-28,VAL,BULL,340.5307922363281,316.19,437.89,1.23,0,0
ADVENZYMES,MBAG_V3A_40D_MICRO_SURGE_T3_5R,2026-04-28,VAL,BULL,340.5307922363281,318.63,417.18,3.5,0,1
ADVENZYMES,MBAG_V3B_60D_VOLUME_ANOMALY_T4R,2026-04-28,VAL,BULL,340.5307922363281,318.63,428.13,1.37,0,0
ADVENZYMES,MBAG_V3C_90D_MULTI_REGIME_T4R,2026-04-28,VAL,BULL,340.5307922363281,316.19,437.89,1.23,0,0
ADVENZYMES,MBAG_V3D_60D_CONVEX_RUNNER_T5R,2026-04-28,VAL,BULL,340.5307922363281,321.06,437.88,1.36,0,0
ADVENZYMES,MBAG_V1_CHAMP_BASE60_T3R,2026-04-30,VAL,BULL,346.206298828125,316.32,435.87,0.8,0,0
ADVENZYMES,MBAG_V1_CHAMP_BASE60_T3R,2026-05-11,VAL,BULL,388.7228698730469,351.87,499.28,-0.5,0,0
ADVENZYMES,MBAG_V2A_CONVEX_CAT_90D_T4R,2026-05-11,VAL,BULL,388.7228698730469,359.24,506.65,-1.0,1,0
ADVENZYMES,MBAG_V2B_EXPANSION_120D_T5R,2026-05-11,VAL,BULL,388.7228698730469,362.19,521.39,-1.0,1,0
ADVENZYMES,MBAG_V3A_40D_MICRO_SURGE_T3_5R,2026-05-11,VAL,BULL,388.7228698730469,362.19,481.59,-1.0,1,0
ADVENZYMES,MBAG_V3B_60D_VOLUME_ANOMALY_T4R,2026-05-11,VAL,BULL,388.7228698730469,362.19,494.85,-1.0,1,0
ADVENZYMES,MBAG_V3C_90D_MULTI_REGIME_T4R,2026-05-11,VAL,BULL,388.7228698730469,359.24,506.65,-1.0,1,0
ADVENZYMES,MBAG_V3D_60D_CONVEX_RUNNER_T5R,2026-05-11,VAL,BULL,388.7228698730469,365.14,506.64,-1.0,1,0
AEGISVOPAK,MBAG_V1_CHAMP_BASE60_T3R,2025-10-06,DEV,BULL,1234.9092934304801,1207.61,1316.81,3.0,0,1
AEGISVOPAK,MBAG_V1_CHAMP_BASE60_T3R,2025-10-07,DEV,BULL,1245.5797231729052,1218.78,1325.98,3.0,0,1
AEGISVOPAK,MBAG_V1_CHAMP_BASE60_T3R,2025-10-08,DEV,BULL,1261.9822375151562,1235.03,1342.84,3.0,0,1
AEGISVOPAK,MBAG_V1_CHAMP_BASE60_T3R,2025-12-17,DEV,BULL,1427.5618292279853,1396.56,1520.57,-1.0,1,0
AEROFLEX,MBAG_V2A_CONVEX_CAT_90D_T4R,2026-02-18,VAL,BULL,226.50485229492188,204.56,314.28,0.86,0,0
AEROFLEX,MBAG_V3A_40D_MICRO_SURGE_T3_5R,2026-02-18,VAL,BULL,226.50485229492188,206.75,295.65,0.7,0,0
AEROFLEX,MBAG_V3B_60D_VOLUME_ANOMALY_T4R,2026-02-18,VAL,BULL,226.50485229492188,206.75,305.52,0.96,0,0
AEROFLEX,MBAG_V3C_90D_MULTI_REGIME_T4R,2026-02-18,VAL,BULL,226.50485229492188,204.56,314.28,0.86,0,0
AEROFLEX,MBAG_V3D_60D_CONVEX_RUNNER_T5R,2026-02-18,VAL,BULL,226.50485229492188,208.95,314.28,-1.0,1,0
AEROFLEX,MBAG_V1_CHAMP_BASE60_T3R,2026-03-16,VAL,BULL,246.67568969726562,217.8,333.3,2.23,0,0
AEROFLEX,MBAG_V3C_90D_MULTI_REGIME_T4R,2026-03-16,VAL,BULL,246.67568969726562,223.58,339.06,-1.0,1,0
AEROFLEX,MBAG_V2A_CONVEX_CAT_90D_T4R,2026-04-17,VAL,BULL,310.9346618652344,279.83,435.35,-1.0,1,0
AEROFLEX,MBAG_V3C_90D_MULTI_REGIME_T4R,2026-04-17,VAL,BULL,310.9346618652344,279.83,435.35,-1.0,1,0
AEROFLEX,MBAG_V3D_60D_CONVEX_RUNNER_T5R,2026-04-17,VAL,BULL,310.9346618652344,286.05,435.36,-1.0,1,0
AEROFLEX,MBAG_V2A_CONVEX_CAT_90D_T4R,2026-05-06,VAL,BULL,344.3728942871094,308.25,488.86,4.0,0,1
AEROFLEX,MBAG_V2B_EXPANSION_120D_T5R,2026-05-06,VAL,BULL,344.3728942871094,311.86,506.94,5.0,0,1
AEROFLEX,MBAG_V3A_40D_MICRO_SURGE_T3_5R,2026-05-06,VAL,BULL,344.3728942871094,311.86,458.17,3.5,0,1
AEROFLEX,MBAG_V3B_60D_VOLUME_ANOMALY_T4R,2026-05-06,VAL,BULL,344.3728942871094,311.86,474.42,4.0,0,1
AEROFLEX,MBAG_V3C_90D_MULTI_REGIME_T4R,2026-05-06,VAL,BULL,344.3728942871094,308.25,488.86,4.0,0,1
AEROFLEX,MBAG_V3D_60D_CONVEX_RUNNER_T5R,2026-05-06,VAL,BULL,344.3728942871094,315.48,488.84,5.0,0,1
AEROFLEX,MBAG_V2A_CONVEX_CAT_90D_T4R,2026-05-07,VAL,BULL,413.20751953125,371.97,578.16,-1.0,1,0
AEROFLEX,MBAG_V2B_EXPANSION_120D_T5R,2026-05-07,VAL,BULL,413.20751953125,376.09,598.8,-1.0,1,0
AEROFLEX,MBAG_V3A_40D_MICRO_SURGE_T3_5R,2026-05-07,VAL,BULL,413.20751953125,376.09,543.12,-1.0,1,0
AEROFLEX,MBAG_V3B_60D_VOLUME_ANOMALY_T4R,2026-05-07,VAL,BULL,413.20751953125,376.09,561.68,-1.0,1,0
AEROFLEX,MBAG_V3C_90D_MULTI_REGIME_T4R,2026-05-07,VAL,BULL,413.20751953125,371.97,578.16,-1.0,1,0
AEROFLEX,MBAG_V3D_60D_CONVEX_RUNNER_T5R,2026-05-07,VAL,BULL,413.20751953125,380.22,578.15,-1.0,1,0
AEROFLEX,MBAG_V2A_CONVEX_CAT_90D_T4R,2026-05-08,VAL,BULL,438.9330749511719,391.13,630.15,-1.0,1,0
AEROFLEX,MBAG_V2B_EXPANSION_120D_T5R,2026-05-08,VAL,BULL,438.9330749511719,395.91,654.05,-1.0,1,0
AEROFLEX,MBAG_V3A_40D_MICRO_SURGE_T3_5R,2026-05-08,VAL,BULL,438.9330749511719,395.91,589.51,-1.0,1,0
AEROFLEX,MBAG_V3B_60D_VOLUME_ANOMALY_T4R,2026-05-08,VAL,BULL,438.9330749511719,395.91,611.03,-1.0,1,0
AEROFLEX,MBAG_V3C_90D_MULTI_REGIME_T4R,2026-05-08,VAL,BULL,438.9330749511719,391.13,630.15,-1.0,1,0
AEROFLEX,MBAG_V3D_60D_CONVEX_RUNNER_T5R,2026-05-08,VAL,BULL,438.9330749511719,400.69,630.15,-1.0,1,0
AEROFLEX,MBAG_V2A_CONVEX_CAT_90D_T4R,2026-06-15,HOLDOUT,BULL,477.54638671875,422.83,696.41,-1.0,1,0
AEROFLEX,MBAG_V3A_40D_MICRO_SURGE_T3_5R,2026-06-15,HOLDOUT,BULL,477.54638671875,428.31,649.87,-1.0,1,0
AEROFLEX,MBAG_V3C_90D_MULTI_REGIME_T4R,2026-06-15,HOLDOUT,BULL,477.54638671875,422.83,696.41,-1.0,1,0
AEROFLEX,MBAG_V3D_60D_CONVEX_RUNNER_T5R,2026-06-15,HOLDOUT,BULL,477.54638671875,433.78,696.38,-1.0,1,0
AETHER,MBAG_V1_CHAMP_BASE60_T3R,2025-11-14,DEV,BULL,838.9000244140625,778.76,1019.32,0.43,0,0
AETHER,MBAG_V3A_40D_MICRO_SURGE_T3_5R,2025-11-14,DEV,BULL,838.9000244140625,795.6,990.45,-0.02,0,0
AETHER,MBAG_V3B_60D_VOLUME_ANOMALY_T4R,2025-11-14,DEV,BULL,838.9000244140625,795.6,1012.1,-0.14,0,0
AETHER,MBAG_V3D_60D_CONVEX_RUNNER_T5R,2025-11-14,DEV,BULL,838.9000244140625,800.41,1031.35,2.8,0,0
AETHER,MBAG_V1_CHAMP_BASE60_T3R,2026-01-02,VAL,BULL,944.0999755859375,870.48,1164.96,1.28,0,0
AETHER,MBAG_V2A_CONVEX_CAT_90D_T4R,2026-01-02,VAL,BULL,944.0999755859375,885.21,1179.66,0.37,0,0
AETHER,MBAG_V3A_40D_MICRO_SURGE_T3_5R,2026-01-02,VAL,BULL,944.0999755859375,891.1,1129.6,0.84,0,0
AETHER,MBAG_V3B_60D_VOLUME_ANOMALY_T4R,2026-01-02,VAL,BULL,944.0999755859375,891.1,1156.1,0.41,0,0
AETHER,MBAG_V3C_90D_MULTI_REGIME_T4R,2026-01-02,VAL,BULL,944.0999755859375,885.21,1179.66,0.37,0,0
AETHER,MBAG_V3D_60D_CONVEX_RUNNER_T5R,2026-01-02,VAL,BULL,944.0999755859375,896.99,1179.65,0.51,0,0
AETHER,MBAG_V1_CHAMP_BASE60_T3R,2026-01-06,VAL,BULL,997.75,915.89,1243.33,0.46,0,0
AETHER,MBAG_V2A_CONVEX_CAT_90D_T4R,2026-01-06,VAL,BULL,997.75,932.26,1259.71,-0.09,0,0
AETHER,MBAG_V3A_40D_MICRO_SURGE_T3_5R,2026-01-06,VAL,BULL,997.75,938.81,1204.04,-0.28,0,0
AETHER,MBAG_V3B_60D_VOLUME_ANOMALY_T4R,2026-01-06,VAL,BULL,997.75,938.81,1233.51,-0.1,0,0
AETHER,MBAG_V3C_90D_MULTI_REGIME_T4R,2026-01-06,VAL,BULL,997.75,932.26,1259.71,-0.09,0,0
AETHER,MBAG_V3D_60D_CONVEX_RUNNER_T5R,2026-01-06,VAL,BULL,997.75,945.36,1259.7,-1.0,1,0
AETHER,MBAG_V1_CHAMP_BASE60_T3R,2026-02-02,VAL,BULL,1038.0,960.64,1270.08,-1.0,1,0
AETHER,MBAG_V2A_CONVEX_CAT_90D_T4R,2026-02-02,VAL,BULL,1038.0,976.11,1285.56,-1.0,1,0
AETHER,MBAG_V3A_40D_MICRO_SURGE_T3_5R,2026-02-02,VAL,BULL,1038.0,982.3,1232.95,-1.0,1,0
AETHER,MBAG_V3C_90D_MULTI_REGIME_T4R,2026-02-02,VAL,BULL,1038.0,976.11,1285.56,-1.0,1,0
AETHER,MBAG_V3D_60D_CONVEX_RUNNER_T5R,2026-02-02,VAL,BULL,1038.0,988.49,1285.55,-1.0,1,0
AETHER,MBAG_V1_CHAMP_BASE60_T3R,2026-03-20,VAL,BULL,1155.550048828125,1018.32,1567.24,0.19,0,0
AETHER,MBAG_V2A_CONVEX_CAT_90D_T4R,2026-03-20,VAL,BULL,1155.550048828125,1045.76,1594.71,0.54,0,0
AETHER,MBAG_V2B_EXPANSION_120D_T5R,2026-03-20,VAL,BULL,1155.550048828125,1056.74,1649.6,-1.0,1,0
AETHER,MBAG_V3A_40D_MICRO_SURGE_T3_5R,2026-03-20,VAL,BULL,1155.550048828125,1056.74,1501.39,0.16,0,0
AETHER,MBAG_V3B_60D_VOLUME_ANOMALY_T4R,2026-03-20,VAL,BULL,1155.550048828125,1056.74,1550.79,0.6,0,0
AETHER,MBAG_V3C_90D_MULTI_REGIME_T4R,2026-03-20,VAL,BULL,1155.550048828125,1045.76,1594.71,0.54,0,0
AETHER,MBAG_V3D_60D_CONVEX_RUNNER_T5R,2026-03-20,VAL,BULL,1155.550048828125,1067.72,1594.7,-1.0,1,0
AETHER,MBAG_V2A_CONVEX_CAT_90D_T4R,2026-03-24,VAL,BULL,1224.6500244140625,1085.83,1779.93,-1.0,1,0
AETHER,MBAG_V2B_EXPANSION_120D_T5R,2026-03-24,VAL,BULL,1224.6500244140625,1099.71,1849.35,-1.0,1,0
AETHER,MBAG_V3A_40D_MICRO_SURGE_T3_5R,2026-03-24,VAL,BULL,1224.6500244140625,1099.71,1661.94,-1.0,1,0
AETHER,MBAG_V3B_60D_VOLUME_ANOMALY_T4R,2026-03-24,VAL,BULL,1224.6500244140625,1099.71,1724.41,-1.0,1,0
AETHER,MBAG_V3C_90D_MULTI_REGIME_T4R,2026-03-24,VAL,BULL,1224.6500244140625,1085.83,1779.93,-1.0,1,0
AETHER,MBAG_V3D_60D_CONVEX_RUNNER_T5R,2026-03-24,VAL,BULL,1224.6500244140625,1113.59,1779.95,-1.0,1,0
AETHER,MBAG_V1_CHAMP_BASE60_T3R,2026-05-04,VAL,BULL,1252.0,1138.93,1591.21,-1.0,1,0
AETHER,MBAG_V2A_CONVEX_CAT_90D_T4R,2026-05-04,VAL,BULL,1252.0,1161.54,1613.84,-1.0,1,0
AETHER,MBAG_V2B_EXPANSION_120D_T5R,2026-05-04,VAL,BULL,1252.0,1170.59,1659.05,-1.0,1,0
AETHER,MBAG_V3A_40D_MICRO_SURGE_T3_5R,2026-05-04,VAL,BULL,1252.0,1170.59,1536.94,-1.0,1,0
AETHER,MBAG_V3B_60D_VOLUME_ANOMALY_T4R,2026-05-04,VAL,BULL,1252.0,1170.59,1577.64,-1.0,1,0
AETHER,MBAG_V3C_90D_MULTI_REGIME_T4R,2026-05-04,VAL,BULL,1252.0,1161.54,1613.84,-1.0,1,0
AETHER,MBAG_V3D_60D_CONVEX_RUNNER_T5R,2026-05-04,VAL,BULL,1252.0,1179.63,1613.85,-1.0,1,0
AETHER,MBAG_V1_CHAMP_BASE60_T3R,2026-06-24,HOLDOUT,BULL,1357.199951171875,1234.24,1726.08,0.86,0,0
AETHER,MBAG_V2A_CONVEX_CAT_90D_T4R,2026-06-24,HOLDOUT,BULL,1357.199951171875,1258.83,1750.68,2.36,0,0
AETHER,MBAG_V2B_EXPANSION_120D_T5R,2026-06-24,HOLDOUT,BULL,1357.199951171875,1268.67,1799.85,3.2,0,0
AETHER,MBAG_V3A_40D_MICRO_SURGE_T3_5R,2026-06-24,HOLDOUT,BULL,1357.199951171875,1268.67,1667.05,1.51,0,0
AETHER,MBAG_V3B_60D_VOLUME_ANOMALY_T4R,2026-06-24,HOLDOUT,BULL,1357.199951171875,1268.67,1711.32,2.62,0,0
AETHER,MBAG_V3C_90D_MULTI_REGIME_T4R,2026-06-24,HOLDOUT,BULL,1357.199951171875,1258.83,1750.68,2.36,0,0
AETHER,MBAG_V3D_60D_CONVEX_RUNNER_T5R,2026-06-24,HOLDOUT,BULL,1357.199951171875,1278.5,1750.7,3.25,0,0
AETHER,MBAG_V1_CHAMP_BASE60_T3R,2026-07-08,HOLDOUT,BULL,1413.4000244140625,1263.54,1862.98,1.17,0,0
AETHER,MBAG_V3C_90D_MULTI_REGIME_T4R,2026-07-08,HOLDOUT,BULL,1413.4000244140625,1293.51,1892.96,1.89,0,0
AETHER,MBAG_V1_CHAMP_BASE60_T3R,2026-07-09,HOLDOUT,BULL,1485.800048828125,1327.37,1961.09,0.62,0,0
AETHER,MBAG_V2A_CONVEX_CAT_90D_T4R,2026-07-09,HOLDOUT,BULL,1485.800048828125,1359.06,1992.76,1.17,0,0
AETHER,MBAG_V2B_EXPANSION_120D_T5R,2026-07-09,HOLDOUT,BULL,1485.800048828125,1371.73,2056.15,1.48,0,0
AETHER,MBAG_V3A_40D_MICRO_SURGE_T3_5R,2026-07-09,HOLDOUT,BULL,1485.800048828125,1371.73,1885.05,0.83,0,0
AETHER,MBAG_V3B_60D_VOLUME_ANOMALY_T4R,2026-07-09,HOLDOUT,BULL,1485.800048828125,1371.73,1942.08,1.3,0,0
AETHER,MBAG_V3C_90D_MULTI_REGIME_T4R,2026-07-09,HOLDOUT,BULL,1485.800048828125,1359.06,1992.76,1.17,0,0
AETHER,MBAG_V3D_60D_CONVEX_RUNNER_T5R,2026-07-09,HOLDOUT,BULL,1485.800048828125,1384.41,1992.75,1.89,0,0
AFCONS,MBAG_V1_CHAMP_BASE60_T3R,2026-02-18,VAL,BULL,751.4940336800452,734.2,803.38,3.0,0,1
AFCONS,MBAG_V1_CHAMP_BASE60_T3R,2026-02-26,VAL,BULL,785.2454097296364,768.94,834.16,3.0,0,1
AFFLE,MBAG_V3A_40D_MICRO_SURGE_T3_5R,2026-05-11,VAL,NEUTRAL,1637.5,1545.34,1960.06,-1.0,1,0
AGARWALEYE,MBAG_V1_CHAMP_BASE60_T3R,2025-12-19,DEV,BULL,1525.462637583924,1493.35,1621.8,1.12,0,0
AGIIL,MBAG_V2A_CONVEX_CAT_90D_T4R,2026-04-08,VAL,BULL,339.75,299.86,499.31,1.02,0,0
AGIIL,MBAG_V2B_EXPANSION_120D_T5R,2026-04-08,VAL,BULL,339.75,303.85,519.25,1.28,0,0
AGIIL,MBAG_V3A_40D_MICRO_SURGE_T3_5R,2026-04-08,VAL,BULL,339.75,303.85,465.4,1.46,0,0
AGIIL,MBAG_V3B_60D_VOLUME_ANOMALY_T4R,2026-04-08,VAL,BULL,339.75,303.85,483.35,1.14,0,0
AGIIL,MBAG_V3C_90D_MULTI_REGIME_T4R,2026-04-08,VAL,BULL,339.75,299.86,499.31,1.02,0,0
AGIIL,MBAG_V3D_60D_CONVEX_RUNNER_T5R,2026-04-08,VAL,BULL,339.75,307.84,499.3,0.79,0,0
AGIIL,MBAG_V2B_EXPANSION_120D_T5R,2026-04-09,VAL,BULL,361.70001220703125,321.3,563.7,0.38,0,0
AGIIL,MBAG_V3A_40D_MICRO_SURGE_T3_5R,2026-04-09,VAL,BULL,361.70001220703125,321.3,503.1,1.42,0,0
AGIIL,MBAG_V3B_60D_VOLUME_ANOMALY_T4R,2026-04-09,VAL,BULL,361.70001220703125,321.3,523.3,0.53,0,0
AGIIL,MBAG_V3D_60D_CONVEX_RUNNER_T5R,2026-04-09,VAL,BULL,361.70001220703125,325.79,541.25,0.0,0,0
AGIIL,MBAG_V3C_90D_MULTI_REGIME_T4R,2026-05-04,VAL,BULL,407.25,359.01,600.21,-1.0,1,0
AIAENG,MBAG_V1_CHAMP_BASE60_T3R,2026-05-26,VAL,BULL,4143.39990234375,3830.22,5082.94,2.37,0,0
AIAENG,MBAG_V3A_40D_MICRO_SURGE_T3_5R,2026-05-26,VAL,BULL,4143.39990234375,3917.91,4932.61,3.5,0,1
AIAENG,MBAG_V3B_60D_VOLUME_ANOMALY_T4R,2026-05-26,VAL,BULL,4143.39990234375,3917.91,5045.36,4.0,0,1
AIAENG,MBAG_V3D_60D_CONVEX_RUNNER_T5R,2026-05-26,VAL,BULL,4143.39990234375,3942.97,5145.55,5.0,0,1
AIAENG,MBAG_V1_CHAMP_BASE60_T3R,2026-05-27,VAL,BULL,4428.10009765625,4067.8,5509.0,1.19,0,0
AIAENG,MBAG_V2A_CONVEX_CAT_90D_T4R,2026-05-27,VAL,BULL,4428.10009765625,4139.86,5581.06,0.83,0,0
AIAENG,MBAG_V2B_EXPANSION_120D_T5R,2026-05-27,VAL,BULL,4428.10009765625,4168.68,5725.2,0.76,0,0
AIAENG,MBAG_V3A_40D_MICRO_SURGE_T3_5R,2026-05-27,VAL,BULL,4428.10009765625,4168.68,5336.07,2.19,0,0
AIAENG,MBAG_V3B_60D_VOLUME_ANOMALY_T4R,2026-05-27,VAL,BULL,4428.10009765625,4168.68,5465.78,0.92,0,0
AIAENG,MBAG_V3C_90D_MULTI_REGIME_T4R,2026-05-27,VAL,BULL,4428.10009765625,4139.86,5581.06,0.83,0,0
AIAENG,MBAG_V3D_60D_CONVEX_RUNNER_T5R,2026-05-27,VAL,BULL,4428.10009765625,4197.51,5581.05,1.74,0,0
AIAENG,MBAG_V1_CHAMP_BASE60_T3R,2026-05-29,VAL,BULL,4503.60009765625,4145.65,5577.45,0.91,0,0
AIAENG,MBAG_V2A_CONVEX_CAT_90D_T4R,2026-05-29,VAL,BULL,4503.60009765625,4217.24,5649.04,0.63,0,0
AIAENG,MBAG_V3C_90D_MULTI_REGIME_T4R,2026-05-29,VAL,BULL,4503.60009765625,4217.24,5649.04,0.63,0,0
AIAENG,MBAG_V3D_60D_CONVEX_RUNNER_T5R,2026-05-29,VAL,BULL,4503.60009765625,4274.51,5649.05,0.63,0,0
AIAENG,MBAG_V1_CHAMP_BASE60_T3R,2026-06-23,HOLDOUT,BULL,4886.10009765625,4509.53,6015.81,-0.54,0,0
AIAENG,MBAG_V1_CHAMP_BASE60_T3R,2026-06-30,HOLDOUT,BULL,5081.39990234375,4706.28,6206.76,-1.0,1,0
AIAENG,MBAG_V3C_90D_MULTI_REGIME_T4R,2026-06-30,HOLDOUT,BULL,5081.39990234375,4781.3,6281.8,-1.0,1,0
AIIL,MBAG_V1_CHAMP_BASE60_T3R,2025-12-15,DEV,BULL,1476.924195148374,1445.41,1571.47,-1.0,1,0
AJANTPHARM,MBAG_V1_CHAMP_BASE60_T3R,2025-12-22,DEV,BULL,2700.800048828125,2555.25,3137.45,0.08,0,0
AJANTPHARM,MBAG_V3A_40D_MICRO_SURGE_T3_5R,2025-12-22,DEV,BULL,2700.800048828125,2596.0,3067.6,-0.06,0,0
AJANTPHARM,MBAG_V3D_60D_CONVEX_RUNNER_T5R,2025-12-22,DEV,BULL,2700.800048828125,2607.65,3166.55,2.03,0,0
AJANTPHARM,MBAG_V1_CHAMP_BASE60_T3R,2026-01-01,VAL,BULL,2938.39990234375,2751.1,3500.3,-1.0,1,0
AJANTPHARM,MBAG_V2A_CONVEX_CAT_90D_T4R,2026-01-01,VAL,BULL,2938.39990234375,2788.56,3537.76,-1.0,1,0
AJANTPHARM,MBAG_V3A_40D_MICRO_SURGE_T3_5R,2026-01-01,VAL,BULL,2938.39990234375,2803.54,3410.41,-1.0,1,0
AJANTPHARM,MBAG_V3B_60D_VOLUME_ANOMALY_T4R,2026-01-01,VAL,BULL,2938.39990234375,2803.54,3477.84,-1.0,1,0
AJANTPHARM,MBAG_V3C_90D_MULTI_REGIME_T4R,2026-01-01,VAL,BULL,2938.39990234375,2788.56,3537.76,-1.0,1,0
AJANTPHARM,MBAG_V3D_60D_CONVEX_RUNNER_T5R,2026-01-01,VAL,BULL,2938.39990234375,2818.53,3537.75,-1.0,1,0
AJANTPHARM,MBAG_V1_CHAMP_BASE60_T3R,2026-02-25,VAL,BULL,3021.300048828125,2882.32,3438.24,-1.0,1,0
AJANTPHARM,MBAG_V1_CHAMP_BASE60_T3R,2026-03-12,VAL,BULL,3119.5,2910.73,3745.81,-1.0,1,0
AJANTPHARM,MBAG_V2A_CONVEX_CAT_90D_T4R,2026-03-12,VAL,BULL,3119.5,2952.49,3787.54,-1.0,1,0
AJANTPHARM,MBAG_V2B_EXPANSION_120D_T5R,2026-03-12,VAL,BULL,3119.5,2969.19,3871.05,-1.0,1,0
AJANTPHARM,MBAG_V3A_40D_MICRO_SURGE_T3_5R,2026-03-12,VAL,BULL,3119.5,2969.19,3645.58,-1.0,1,0
AJANTPHARM,MBAG_V3B_60D_VOLUME_ANOMALY_T4R,2026-03-12,VAL,BULL,3119.5,2969.19,3720.74,-1.0,1,0
AJANTPHARM,MBAG_V3C_90D_MULTI_REGIME_T4R,2026-03-12,VAL,BULL,3119.5,2952.49,3787.54,-1.0,1,0
AJANTPHARM,MBAG_V3D_60D_CONVEX_RUNNER_T5R,2026-03-12,VAL,BULL,3119.5,2985.89,3787.55,-1.0,1,0
AJANTPHARM,MBAG_V1_CHAMP_BASE60_T3R,2026-05-14,VAL,BULL,3259.199951171875,3053.93,3875.01,-1.0,1,0
AJANTPHARM,MBAG_V2A_CONVEX_CAT_90D_T4R,2026-05-14,VAL,BULL,3259.199951171875,3094.99,3916.04,-1.0,1,0
AJANTPHARM,MBAG_V3A_40D_MICRO_SURGE_T3_5R,2026-05-14,VAL,BULL,3259.199951171875,3111.41,3776.46,-1.0,1,0
AJANTPHARM,MBAG_V3C_90D_MULTI_REGIME_T4R,2026-05-14,VAL,BULL,3259.199951171875,3094.99,3916.04,-1.0,1,0
AJANTPHARM,MBAG_V3D_60D_CONVEX_RUNNER_T5R,2026-05-14,VAL,BULL,3259.199951171875,3127.83,3916.05,-1.0,1,0
AJANTPHARM,MBAG_V1_CHAMP_BASE60_T3R,2026-06-29,HOLDOUT,BULL,3384.199951171875,3138.7,4120.7,-0.12,0,0
AJANTPHARM,MBAG_V2A_CONVEX_CAT_90D_T4R,2026-06-29,HOLDOUT,BULL,3384.199951171875,3187.8,4169.8,0.62,0,0
AJANTPHARM,MBAG_V2B_EXPANSION_120D_T5R,2026-06-29,HOLDOUT,BULL,3384.199951171875,3207.44,4268.0,1.11,0,0
AJANTPHARM,MBAG_V3A_40D_MICRO_SURGE_T3_5R,2026-06-29,HOLDOUT,BULL,3384.199951171875,3207.44,4002.86,0.55,0,0
AJANTPHARM,MBAG_V3B_60D_VOLUME_ANOMALY_T4R,2026-06-29,HOLDOUT,BULL,3384.199951171875,3207.44,4091.24,0.69,0,0
AJANTPHARM,MBAG_V3C_90D_MULTI_REGIME_T4R,2026-06-29,HOLDOUT,BULL,3384.199951171875,3187.8,4169.8,0.62,0,0
AJANTPHARM,MBAG_V3D_60D_CONVEX_RUNNER_T5R,2026-06-29,HOLDOUT,BULL,3384.199951171875,3227.08,4169.8,2.13,0,0
AKUMS,MBAG_V1_CHAMP_BASE60_T3R,2026-04-13,VAL,BULL,521.9320678710938,470.53,676.14,0.31,0,0
AKUMS,MBAG_V2A_CONVEX_CAT_90D_T4R,2026-04-13,VAL,BULL,521.9320678710938,480.81,686.42,0.26,0,0
AKUMS,MBAG_V3C_90D_MULTI_REGIME_T4R,2026-04-13,VAL,BULL,521.9320678710938,480.81,686.42,0.26,0,0
AKUMS,MBAG_V3D_60D_CONVEX_RUNNER_T5R,2026-04-13,VAL,BULL,521.9320678710938,489.04,686.39,0.49,0,0
AKUMS,MBAG_V1_CHAMP_BASE60_T3R,2026-04-15,VAL,BULL,542.733642578125,490.0,700.93,-0.33,0,0
AKUMS,MBAG_V2A_CONVEX_CAT_90D_T4R,2026-04-15,VAL,BULL,542.733642578125,500.55,711.47,-1.0,1,0
AKUMS,MBAG_V2B_EXPANSION_120D_T5R,2026-04-15,VAL,BULL,542.733642578125,504.77,732.55,-1.0,1,0
AKUMS,MBAG_V3A_40D_MICRO_SURGE_T3_5R,2026-04-15,VAL,BULL,542.733642578125,504.77,675.61,-1.0,1,0
AKUMS,MBAG_V3B_60D_VOLUME_ANOMALY_T4R,2026-04-15,VAL,BULL,542.733642578125,504.77,694.59,-1.0,1,0
AKUMS,MBAG_V3C_90D_MULTI_REGIME_T4R,2026-04-15,VAL,BULL,542.733642578125,500.55,711.47,-1.0,1,0
AKUMS,MBAG_V3D_60D_CONVEX_RUNNER_T5R,2026-04-15,VAL,BULL,542.733642578125,508.98,711.5,-1.0,1,0
AKUMS,MBAG_V1_CHAMP_BASE60_T3R,2026-05-04,VAL,BULL,556.5184936523438,509.62,697.21,-1.0,1,0
AKUMS,MBAG_V1_CHAMP_BASE60_T3R,2026-06-10,HOLDOUT,BULL,589.3134155273438,540.07,737.04,1.18,0,0
AKUMS,MBAG_V2A_CONVEX_CAT_90D_T4R,2026-06-10,HOLDOUT,BULL,589.3134155273438,549.92,746.89,2.72,0,0
AKUMS,MBAG_V2B_EXPANSION_120D_T5R,2026-06-10,HOLDOUT,BULL,589.3134155273438,553.86,766.58,2.17,0,0
AKUMS,MBAG_V3A_40D_MICRO_SURGE_T3_5R,2026-06-10,HOLDOUT,BULL,589.3134155273438,553.86,713.4,3.5,0,1
AKUMS,MBAG_V3B_60D_VOLUME_ANOMALY_T4R,2026-06-10,HOLDOUT,BULL,589.3134155273438,553.86,731.13,3.02,0,0
AKUMS,MBAG_V3C_90D_MULTI_REGIME_T4R,2026-06-10,HOLDOUT,BULL,589.3134155273438,549.92,746.89,2.72,0,0
AKUMS,MBAG_V3D_60D_CONVEX_RUNNER_T5R,2026-06-10,HOLDOUT,BULL,589.3134155273438,557.8,746.88,2.39,0,0
AKUMS,MBAG_V1_CHAMP_BASE60_T3R,2026-06-11,HOLDOUT,BULL,606.2333984375,552.61,767.1,0.97,0,0
AKUMS,MBAG_V2A_CONVEX_CAT_90D_T4R,2026-06-11,HOLDOUT,BULL,606.2333984375,563.34,777.81,2.09,0,0
AKUMS,MBAG_V2B_EXPANSION_120D_T5R,2026-06-11,HOLDOUT,BULL,606.2333984375,567.63,799.25,1.46,0,0
AKUMS,MBAG_V3A_40D_MICRO_SURGE_T3_5R,2026-06-11,HOLDOUT,BULL,606.2333984375,567.63,741.35,1.99,0,0
AKUMS,MBAG_V3B_60D_VOLUME_ANOMALY_T4R,2026-06-11,HOLDOUT,BULL,606.2333984375,567.63,760.65,2.32,0,0
AKUMS,MBAG_V3C_90D_MULTI_REGIME_T4R,2026-06-11,HOLDOUT,BULL,606.2333984375,563.34,777.81,2.09,0,0
AKUMS,MBAG_V3D_60D_CONVEX_RUNNER_T5R,2026-06-11,HOLDOUT,BULL,606.2333984375,571.92,777.8,1.58,0,0
AKUMS,MBAG_V1_CHAMP_BASE60_T3R,2026-06-12,HOLDOUT,BULL,619.968505859375,565.98,781.93,1.52,0,0
AKUMS,MBAG_V2A_CONVEX_CAT_90D_T4R,2026-06-12,HOLDOUT,BULL,619.968505859375,576.78,792.72,1.56,0,0
AKUMS,MBAG_V3C_90D_MULTI_REGIME_T4R,2026-06-12,HOLDOUT,BULL,619.968505859375,576.78,792.72,1.56,0,0
AKUMS,MBAG_V3D_60D_CONVEX_RUNNER_T5R,2026-06-12,HOLDOUT,BULL,619.968505859375,585.42,792.71,-1.0,1,0
AKUMS,MBAG_V1_CHAMP_BASE60_T3R,2026-07-07,HOLDOUT,BULL,649.8499755859375,605.44,783.08,0.4,0,0
AKUMS,MBAG_V3C_90D_MULTI_REGIME_T4R,2026-07-07,HOLDOUT,BULL,649.8499755859375,614.33,791.93,2.65,0,0
AKUMS,MBAG_V1_CHAMP_BASE60_T3R,2026-07-10,HOLDOUT,BULL,701.9500122070312,646.56,868.12,-0.08,0,0
AKUMS,MBAG_V2A_CONVEX_CAT_90D_T4R,2026-07-10,HOLDOUT,BULL,701.9500122070312,657.64,879.19,-1.0,1,0
AKUMS,MBAG_V2B_EXPANSION_120D_T5R,2026-07-10,HOLDOUT,BULL,701.9500122070312,662.07,901.35,-1.0,1,0
AKUMS,MBAG_V3A_40D_MICRO_SURGE_T3_5R,2026-07-10,HOLDOUT,BULL,701.9500122070312,662.07,841.53,-1.0,1,0
AKUMS,MBAG_V3B_60D_VOLUME_ANOMALY_T4R,2026-07-10,HOLDOUT,BULL,701.9500122070312,662.07,861.47,-1.0,1,0
AKUMS,MBAG_V3C_90D_MULTI_REGIME_T4R,2026-07-10,HOLDOUT,BULL,701.9500122070312,657.64,879.19,-1.0,1,0
AKUMS,MBAG_V3D_60D_CONVEX_RUNNER_T5R,2026-07-10,HOLDOUT,BULL,701.9500122070312,666.5,879.2,-1.0,1,0
ALIVUS,MBAG_V1_CHAMP_BASE60_T3R,2026-03-25,VAL,BULL,984.75,901.21,1235.37,0.27,0,0
ALIVUS,MBAG_V1_CHAMP_BASE60_T3R,2026-05-06,VAL,BULL,1125.0,1027.92,1416.24,-1.0,1,0
ALIVUS,MBAG_V3C_90D_MULTI_REGIME_T4R,2026-05-06,VAL,BULL,1125.0,1047.34,1435.64,-1.0,1,0
ALIVUS,MBAG_V1_CHAMP_BASE60_T3R,2026-06-30,HOLDOUT,BULL,1156.5,1085.36,1369.92,-0.73,0,0
ALIVUS,MBAG_V2A_CONVEX_CAT_90D_T4R,2026-06-30,HOLDOUT,BULL,1156.5,1099.59,1384.14,-1.0,1,0
ALIVUS,MBAG_V2B_EXPANSION_120D_T5R,2026-06-30,HOLDOUT,BULL,1156.5,1105.28,1412.6,-1.0,1,0
ALIVUS,MBAG_V3A_40D_MICRO_SURGE_T3_5R,2026-06-30,HOLDOUT,BULL,1156.5,1105.28,1335.77,-1.0,1,0
ALIVUS,MBAG_V3B_60D_VOLUME_ANOMALY_T4R,2026-06-30,HOLDOUT,BULL,1156.5,1105.28,1361.38,-1.0,1,0
ALIVUS,MBAG_V3C_90D_MULTI_REGIME_T4R,2026-06-30,HOLDOUT,BULL,1156.5,1099.59,1384.14,-1.0,1,0
ALIVUS,MBAG_V3D_60D_CONVEX_RUNNER_T5R,2026-06-30,HOLDOUT,BULL,1156.5,1110.97,1384.15,-1.0,1,0
ALKEM,MBAG_V1_CHAMP_BASE60_T3R,2025-11-04,DEV,BULL,5618.70458984375,5370.0,6364.82,-0.07,0,0
ALKEM,MBAG_V3D_60D_CONVEX_RUNNER_T5R,2025-11-04,DEV,BULL,5618.70458984375,5459.53,6414.58,-1.0,1,0
ALKYLAMINE,MBAG_V1_CHAMP_BASE60_T3R,2025-09-09,DEV,BULL,2346.782934559367,2295.22,2501.47,-1.0,1,0
ALKYLAMINE,MBAG_V1_CHAMP_BASE60_T3R,2026-01-29,VAL,BULL,2750.69214344538,2691.4,2928.57,-1.0,1,0
ALKYLAMINE,MBAG_V1_CHAMP_BASE60_T3R,2026-02-02,VAL,BULL,2793.580776717966,2729.77,2985.01,-1.0,1,0
AMBER,MBAG_V1_CHAMP_BASE60_T3R,2025-09-05,DEV,BULL,1121.998595041422,1099.31,1190.06,-1.0,1,0
AMBER,MBAG_V1_CHAMP_BASE60_T3R,2026-06-09,HOLDOUT,BULL,1195.305001780102,1166.96,1280.34,-1.0,1,0
ANANTRAJ,MBAG_V1_CHAMP_BASE60_T3R,2026-01-15,VAL,BULL,907.3434417116366,887.91,965.64,3.0,0,1
ANANTRAJ,MBAG_V1_CHAMP_BASE60_T3R,2026-01-20,VAL,BULL,933.7374141645289,913.47,994.54,3.0,0,1
ANANTRAJ,MBAG_V1_CHAMP_BASE60_T3R,2026-01-28,VAL,BULL,950.7118496548205,929.56,1014.17,3.0,0,1
ANANTRAJ,MBAG_V1_CHAMP_BASE60_T3R,2026-01-29,VAL,BULL,959.4938363336131,938.43,1022.69,3.0,0,1
ANANTRAJ,MBAG_V1_CHAMP_BASE60_T3R,2026-02-11,VAL,BULL,985.1196293608532,965.16,1045.0,-1.0,1,0
ANANTRAJ,MBAG_V1_CHAMP_BASE60_T3R,2026-02-25,VAL,BULL,1034.0521524325766,1013.1,1096.91,-1.0,1,0
ANGELONE,MBAG_V1_CHAMP_BASE60_T3R,2026-04-09,VAL,BULL,280.93115234375,253.93,361.93,1.63,0,0
ANGELONE,MBAG_V2A_CONVEX_CAT_90D_T4R,2026-04-09,VAL,BULL,280.93115234375,259.33,367.34,2.66,0,0
ANGELONE,MBAG_V3A_40D_MICRO_SURGE_T3_5R,2026-04-09,VAL,BULL,280.93115234375,261.49,348.98,1.28,0,0
ANGELONE,MBAG_V3B_60D_VOLUME_ANOMALY_T4R,2026-04-09,VAL,BULL,280.93115234375,261.49,358.7,2.95,0,0
ANGELONE,MBAG_V3C_90D_MULTI_REGIME_T4R,2026-04-09,VAL,BULL,280.93115234375,259.33,367.34,2.66,0,0
ANGELONE,MBAG_V3D_60D_CONVEX_RUNNER_T5R,2026-04-09,VAL,BULL,280.93115234375,263.65,367.34,3.2,0,0
ANGELONE,MBAG_V1_CHAMP_BASE60_T3R,2026-04-15,VAL,BULL,296.84197998046875,270.6,375.57,0.01,0,0
ANGELONE,MBAG_V3C_90D_MULTI_REGIME_T4R,2026-04-15,VAL,BULL,296.84197998046875,275.85,380.81,1.86,0,0
ANGELONE,MBAG_V1_CHAMP_BASE60_T3R,2026-04-17,VAL,BULL,321.4757995605469,291.38,411.76,-1.0,1,0
ANGELONE,MBAG_V2A_CONVEX_CAT_90D_T4R,2026-04-17,VAL,BULL,321.4757995605469,297.4,417.78,-1.0,1,0
ANGELONE,MBAG_V2B_EXPANSION_120D_T5R,2026-04-17,VAL,BULL,321.4757995605469,299.8,429.85,-1.0,1,0
ANGELONE,MBAG_V3A_40D_MICRO_SURGE_T3_5R,2026-04-17,VAL,BULL,321.4757995605469,299.8,397.34,-1.0,1,0
ANGELONE,MBAG_V3B_60D_VOLUME_ANOMALY_T4R,2026-04-17,VAL,BULL,321.4757995605469,299.8,408.18,-1.0,1,0
ANGELONE,MBAG_V3C_90D_MULTI_REGIME_T4R,2026-04-17,VAL,BULL,321.4757995605469,297.4,417.78,-1.0,1,0
ANGELONE,MBAG_V3D_60D_CONVEX_RUNNER_T5R,2026-04-17,VAL,BULL,321.4757995605469,302.21,417.8,-1.0,1,0
ANGELONE,MBAG_V1_CHAMP_BASE60_T3R,2026-05-21,VAL,BULL,338.6028137207031,307.84,430.89,0.43,0,0
ANGELONE,MBAG_V2A_CONVEX_CAT_90D_T4R,2026-05-21,VAL,BULL,338.6028137207031,313.99,437.05,0.26,0,0
ANGELONE,MBAG_V2B_EXPANSION_120D_T5R,2026-05-21,VAL,BULL,338.6028137207031,316.45,449.37,-0.22,0,0
ANGELONE,MBAG_V3A_40D_MICRO_SURGE_T3_5R,2026-05-21,VAL,BULL,338.6028137207031,316.45,416.14,-0.2,0,0
ANGELONE,MBAG_V3B_60D_VOLUME_ANOMALY_T4R,2026-05-21,VAL,BULL,338.6028137207031,316.45,427.21,0.29,0,0
ANGELONE,MBAG_V3C_90D_MULTI_REGIME_T4R,2026-05-21,VAL,BULL,338.6028137207031,313.99,437.05,0.26,0,0
ANGELONE,MBAG_V3D_60D_CONVEX_RUNNER_T5R,2026-05-21,VAL,BULL,338.6028137207031,318.92,437.02,-1.0,1,0
ANGELONE,MBAG_V1_CHAMP_BASE60_T3R,2026-06-15,HOLDOUT,BULL,351.21380615234375,320.21,444.23,-0.39,0,0
ANUP,MBAG_V1_CHAMP_BASE60_T3R,2026-06-19,HOLDOUT,BULL,2231.517333984375,1991.38,2951.93,-0.33,0,0
ANUP,MBAG_V2A_CONVEX_CAT_90D_T4R,2026-06-19,HOLDOUT,BULL,2231.517333984375,2039.41,2999.95,-1.0,1,0
ANUP,MBAG_V3A_40D_MICRO_SURGE_T3_5R,2026-06-19,HOLDOUT,BULL,2231.517333984375,2058.62,2836.66,-1.0,1,0
ANUP,MBAG_V3C_90D_MULTI_REGIME_T4R,2026-06-19,HOLDOUT,BULL,2231.517333984375,2039.41,2999.95,-1.0,1,0
ANUP,MBAG_V3D_60D_CONVEX_RUNNER_T5R,2026-06-19,HOLDOUT,BULL,2231.517333984375,2077.83,2999.95,-1.0,1,0
ANUP,MBAG_V1_CHAMP_BASE60_T3R,2026-06-22,HOLDOUT,BULL,2322.030029296875,2072.84,3069.6,-0.69,0,0
ANUP,MBAG_V2A_CONVEX_CAT_90D_T4R,2026-06-22,HOLDOUT,BULL,2322.030029296875,2122.68,3119.43,-1.0,1,0
ANUP,MBAG_V3C_90D_MULTI_REGIME_T4R,2026-06-22,HOLDOUT,BULL,2322.030029296875,2122.68,3119.43,-1.0,1,0
ANUP,MBAG_V3D_60D_CONVEX_RUNNER_T5R,2026-06-22,HOLDOUT,BULL,2322.030029296875,2162.55,3119.43,-1.0,1,0
ANURAS,MBAG_V1_CHAMP_BASE60_T3R,2025-11-20,DEV,BULL,1179.199951171875,1104.2,1404.2,1.88,0,0
ANURAS,MBAG_V3A_40D_MICRO_SURGE_T3_5R,2025-11-20,DEV,BULL,1179.199951171875,1125.2,1368.2,2.62,0,0
ANURAS,MBAG_V3D_60D_CONVEX_RUNNER_T5R,2025-11-20,DEV,BULL,1179.199951171875,1131.2,1419.2,2.72,0,0
ANURAS,MBAG_V1_CHAMP_BASE60_T3R,2025-11-21,DEV,BULL,1246.800048828125,1163.94,1495.38,1.05,0,0
ANURAS,MBAG_V3A_40D_MICRO_SURGE_T3_5R,2025-11-21,DEV,BULL,1246.800048828125,1187.14,1455.61,-1.0,1,0
ANURAS,MBAG_V3B_60D_VOLUME_ANOMALY_T4R,2025-11-21,DEV,BULL,1246.800048828125,1187.14,1485.44,-1.0,1,0
ANURAS,MBAG_V3D_60D_CONVEX_RUNNER_T5R,2025-11-21,DEV,BULL,1246.800048828125,1193.77,1511.95,-1.0,1,0
APARINDS,MBAG_V3A_40D_MICRO_SURGE_T3_5R,2025-10-28,DEV,BULL,9107.5,8653.71,10695.77,-1.0,1,0
APARINDS,MBAG_V3A_40D_MICRO_SURGE_T3_5R,2025-10-29,DEV,BULL,9462.0,8947.84,11261.56,-1.0,1,0
APARINDS,MBAG_V1_CHAMP_BASE60_T3R,2026-02-03,VAL,BULL,9759.0,8917.93,12282.21,0.31,0,0
APARINDS,MBAG_V2A_CONVEX_CAT_90D_T4R,2026-02-03,VAL,BULL,9759.0,9086.14,12450.44,-1.0,1,0
APARINDS,MBAG_V2B_EXPANSION_120D_T5R,2026-02-03,VAL,BULL,9759.0,9153.43,12786.85,-1.0,1,0
APARINDS,MBAG_V3A_40D_MICRO_SURGE_T3_5R,2026-02-03,VAL,BULL,9759.0,9153.43,11878.5,-0.82,0,0
APARINDS,MBAG_V3B_60D_VOLUME_ANOMALY_T4R,2026-02-03,VAL,BULL,9759.0,9153.43,12181.28,-1.0,1,0
APARINDS,MBAG_V3C_90D_MULTI_REGIME_T4R,2026-02-03,VAL,BULL,9759.0,9086.14,12450.44,-1.0,1,0
APARINDS,MBAG_V3D_60D_CONVEX_RUNNER_T5R,2026-02-03,VAL,BULL,9759.0,9220.71,12450.45,-1.0,1,0
APARINDS,MBAG_V1_CHAMP_BASE60_T3R,2026-02-18,VAL,BULL,10182.0,9344.05,12695.85,-1.0,1,0
APARINDS,MBAG_V2A_CONVEX_CAT_90D_T4R,2026-02-18,VAL,BULL,10182.0,9511.64,12863.44,-1.0,1,0
APARINDS,MBAG_V2B_EXPANSION_120D_T5R,2026-02-18,VAL,BULL,10182.0,9578.68,13198.6,-1.0,1,0
APARINDS,MBAG_V3A_40D_MICRO_SURGE_T3_5R,2026-02-18,VAL,BULL,10182.0,9578.68,12293.62,-1.0,1,0
APARINDS,MBAG_V3B_60D_VOLUME_ANOMALY_T4R,2026-02-18,VAL,BULL,10182.0,9578.68,12595.28,-1.0,1,0
APARINDS,MBAG_V3C_90D_MULTI_REGIME_T4R,2026-02-18,VAL,BULL,10182.0,9511.64,12863.44,-1.0,1,0
APARINDS,MBAG_V3D_60D_CONVEX_RUNNER_T5R,2026-02-18,VAL,BULL,10182.0,9645.71,12863.45,-1.0,1,0
APARINDS,MBAG_V1_CHAMP_BASE60_T3R,2026-02-20,VAL,BULL,10519.0,9622.21,13209.37,-1.0,1,0
APARINDS,MBAG_V1_CHAMP_BASE60_T3R,2026-02-27,VAL,BULL,11180.5,10065.59,14525.23,-1.0,1,0
APARINDS,MBAG_V2A_CONVEX_CAT_90D_T4R,2026-02-27,VAL,BULL,11180.5,10288.57,14748.22,-1.0,1,0
APARINDS,MBAG_V2B_EXPANSION_120D_T5R,2026-02-27,VAL,BULL,11180.5,10377.76,15194.2,-1.0,1,0
APARINDS,MBAG_V3A_40D_MICRO_SURGE_T3_5R,2026-02-27,VAL,BULL,11180.5,10377.76,13990.09,-1.0,1,0
APARINDS,MBAG_V3B_60D_VOLUME_ANOMALY_T4R,2026-02-27,VAL,BULL,11180.5,10377.76,14391.46,-1.0,1,0
APARINDS,MBAG_V3C_90D_MULTI_REGIME_T4R,2026-02-27,VAL,BULL,11180.5,10288.57,14748.22,-1.0,1,0
APARINDS,MBAG_V3D_60D_CONVEX_RUNNER_T5R,2026-02-27,VAL,BULL,11180.5,10466.96,14748.2,-1.0,1,0
APARINDS,MBAG_V1_CHAMP_BASE60_T3R,2026-05-27,VAL,BULL,13426.0,12177.07,17172.79,2.59,0,0
APARINDS,MBAG_V2A_CONVEX_CAT_90D_T4R,2026-05-27,VAL,BULL,13426.0,12426.86,17422.56,0.02,0,0
APARINDS,MBAG_V2B_EXPANSION_120D_T5R,2026-05-27,VAL,BULL,13426.0,12526.77,17922.15,-1.0,1,0
APARINDS,MBAG_V3A_40D_MICRO_SURGE_T3_5R,2026-05-27,VAL,BULL,13426.0,12526.77,16573.3,-1.0,1,0
APARINDS,MBAG_V3B_60D_VOLUME_ANOMALY_T4R,2026-05-27,VAL,BULL,13426.0,12526.77,17022.92,-1.0,1,0
APARINDS,MBAG_V3C_90D_MULTI_REGIME_T4R,2026-05-27,VAL,BULL,13426.0,12426.86,17422.56,0.02,0,0
APARINDS,MBAG_V3D_60D_CONVEX_RUNNER_T5R,2026-05-27,VAL,BULL,13426.0,12626.69,17422.55,-1.0,1,0
APARINDS,MBAG_V1_CHAMP_BASE60_T3R,2026-06-11,HOLDOUT,BULL,14551.0,13011.36,19169.92,-0.31,0,0
APARINDS,MBAG_V2A_CONVEX_CAT_90D_T4R,2026-06-11,HOLDOUT,BULL,14551.0,13319.29,19477.84,-0.92,0,0
APARINDS,MBAG_V2B_EXPANSION_120D_T5R,2026-06-11,HOLDOUT,BULL,14551.0,13442.46,20093.7,-1.0,1,0
APARINDS,MBAG_V3A_40D_MICRO_SURGE_T3_5R,2026-06-11,HOLDOUT,BULL,14551.0,13442.46,18430.89,-1.0,1,0
APARINDS,MBAG_V3B_60D_VOLUME_ANOMALY_T4R,2026-06-11,HOLDOUT,BULL,14551.0,13442.46,18985.16,-1.0,1,0
APARINDS,MBAG_V3C_90D_MULTI_REGIME_T4R,2026-06-11,HOLDOUT,BULL,14551.0,13319.29,19477.84,-0.92,0,0
APARINDS,MBAG_V3D_60D_CONVEX_RUNNER_T5R,2026-06-11,HOLDOUT,BULL,14551.0,13565.63,19477.85,-1.0,1,0
APARINDS,MBAG_V1_CHAMP_BASE60_T3R,2026-06-12,HOLDOUT,BULL,15221.0,13692.07,19807.79,-1.0,1,0
APARINDS,MBAG_V3C_90D_MULTI_REGIME_T4R,2026-06-12,HOLDOUT,BULL,15221.0,13997.86,20113.56,-1.0,1,0
APARINDS,MBAG_V1_CHAMP_BASE60_T3R,2026-06-15,HOLDOUT,BULL,15986.0,14371.18,20830.46,-1.0,1,0
APCOTEXIND,MBAG_V1_CHAMP_BASE60_T3R,2026-04-21,VAL,BULL,396.3276062011719,358.05,511.16,3.0,0,1
APCOTEXIND,MBAG_V1_CHAMP_BASE60_T3R,2026-05-05,VAL,BULL,410.1800231933594,379.01,503.69,3.0,0,1
APCOTEXIND,MBAG_V2A_CONVEX_CAT_90D_T4R,2026-05-05,VAL,BULL,410.1800231933594,385.25,509.9,4.0,0,1
APCOTEXIND,MBAG_V3C_90D_MULTI_REGIME_T4R,2026-05-05,VAL,BULL,410.1800231933594,385.25,509.9,4.0,0,1
APCOTEXIND,MBAG_V3D_60D_CONVEX_RUNNER_T5R,2026-05-05,VAL,BULL,410.1800231933594,390.23,509.93,5.0,0,1
APCOTEXIND,MBAG_V1_CHAMP_BASE60_T3R,2026-05-06,VAL,BULL,421.6577453613281,389.85,517.08,3.0,0,1
APCOTEXIND,MBAG_V2A_CONVEX_CAT_90D_T4R,2026-05-06,VAL,BULL,421.6577453613281,396.21,523.45,4.0,0,1
APCOTEXIND,MBAG_V2B_EXPANSION_120D_T5R,2026-05-06,VAL,BULL,421.6577453613281,398.76,536.15,5.0,0,1
APCOTEXIND,MBAG_V3A_40D_MICRO_SURGE_T3_5R,2026-05-06,VAL,BULL,421.6577453613281,398.76,501.8,3.5,0,1
APCOTEXIND,MBAG_V3B_60D_VOLUME_ANOMALY_T4R,2026-05-06,VAL,BULL,421.6577453613281,398.76,513.25,4.0,0,1
APCOTEXIND,MBAG_V3C_90D_MULTI_REGIME_T4R,2026-05-06,VAL,BULL,421.6577453613281,396.21,523.45,4.0,0,1
APCOTEXIND,MBAG_V3D_60D_CONVEX_RUNNER_T5R,2026-05-06,VAL,BULL,421.6577453613281,401.3,523.45,5.0,0,1
APCOTEXIND,MBAG_V1_CHAMP_BASE60_T3R,2026-05-07,VAL,BULL,505.95965576171875,471.12,610.48,-1.0,1,0
APCOTEXIND,MBAG_V2A_CONVEX_CAT_90D_T4R,2026-05-07,VAL,BULL,505.95965576171875,478.09,617.44,-1.0,1,0
APCOTEXIND,MBAG_V2B_EXPANSION_120D_T5R,2026-05-07,VAL,BULL,505.95965576171875,480.87,631.41,-1.0,1,0
APCOTEXIND,MBAG_V3A_40D_MICRO_SURGE_T3_5R,2026-05-07,VAL,BULL,505.95965576171875,480.87,593.77,-1.0,1,0
APCOTEXIND,MBAG_V3B_60D_VOLUME_ANOMALY_T4R,2026-05-07,VAL,BULL,505.95965576171875,480.87,606.32,-1.0,1,0
APCOTEXIND,MBAG_V3C_90D_MULTI_REGIME_T4R,2026-05-07,VAL,BULL,505.95965576171875,478.09,617.44,-1.0,1,0
APCOTEXIND,MBAG_V3D_60D_CONVEX_RUNNER_T5R,2026-05-07,VAL,BULL,505.95965576171875,483.66,617.46,-1.0,1,0
APLAPOLLO,MBAG_V1_CHAMP_BASE60_T3R,2025-10-29,DEV,BULL,1804.800048828125,1720.98,2056.26,-1.0,1,0
APLAPOLLO,MBAG_V3A_40D_MICRO_SURGE_T3_5R,2025-10-29,DEV,BULL,1804.800048828125,1744.45,2016.03,-1.0,1,0
APLAPOLLO,MBAG_V3B_60D_VOLUME_ANOMALY_T4R,2025-10-29,DEV,BULL,1804.800048828125,1744.45,2046.2,-1.0,1,0
APLAPOLLO,MBAG_V3D_60D_CONVEX_RUNNER_T5R,2025-10-29,DEV,BULL,1804.800048828125,1751.15,2073.05,-1.0,1,0
APLAPOLLO,MBAG_V1_CHAMP_BASE60_T3R,2026-01-01,VAL,BULL,1970.0,1876.16,2251.52,-1.0,1,0
APLAPOLLO,MBAG_V2A_CONVEX_CAT_90D_T4R,2026-01-01,VAL,BULL,1970.0,1894.93,2270.28,-1.0,1,0
APLAPOLLO,MBAG_V3A_40D_MICRO_SURGE_T3_5R,2026-01-01,VAL,BULL,1970.0,1902.44,2206.46,-1.0,1,0
APLAPOLLO,MBAG_V3B_60D_VOLUME_ANOMALY_T4R,2026-01-01,VAL,BULL,1970.0,1902.44,2240.24,-1.0,1,0
APLAPOLLO,MBAG_V3C_90D_MULTI_REGIME_T4R,2026-01-01,VAL,BULL,1970.0,1894.93,2270.28,-1.0,1,0
APLAPOLLO,MBAG_V3D_60D_CONVEX_RUNNER_T5R,2026-01-01,VAL,BULL,1970.0,1909.94,2270.3,-1.0,1,0
APLAPOLLO,MBAG_V1_CHAMP_BASE60_T3R,2026-01-23,VAL,BULL,2000.0999755859375,1886.92,2339.64,1.69,0,0
APLAPOLLO,MBAG_V2A_CONVEX_CAT_90D_T4R,2026-01-23,VAL,BULL,2000.0999755859375,1909.56,2362.26,1.11,0,0
APLAPOLLO,MBAG_V2B_EXPANSION_120D_T5R,2026-01-23,VAL,BULL,2000.0999755859375,1918.61,2407.55,-1.0,1,0
APLAPOLLO,MBAG_V3A_40D_MICRO_SURGE_T3_5R,2026-01-23,VAL,BULL,2000.0999755859375,1918.61,2285.31,3.5,0,1
APLAPOLLO,MBAG_V3B_60D_VOLUME_ANOMALY_T4R,2026-01-23,VAL,BULL,2000.0999755859375,1918.61,2326.06,1.23,0,0
APLAPOLLO,MBAG_V3C_90D_MULTI_REGIME_T4R,2026-01-23,VAL,BULL,2000.0999755859375,1909.56,2362.26,1.11,0,0
APLAPOLLO,MBAG_V3D_60D_CONVEX_RUNNER_T5R,2026-01-23,VAL,BULL,2000.0999755859375,1927.67,2362.25,-1.0,1,0
APLAPOLLO,MBAG_V1_CHAMP_BASE60_T3R,2026-02-06,VAL,BULL,2198.0,2037.71,2678.87,-0.62,0,0
APLLTD,MBAG_V1_CHAMP_BASE60_T3R,2026-06-30,HOLDOUT,NEUTRAL,822.75,773.5,970.5,-0.32,0,0
APLLTD,MBAG_V2A_CONVEX_CAT_90D_T4R,2026-06-30,HOLDOUT,NEUTRAL,822.75,783.35,980.35,-1.0,1,0
APLLTD,MBAG_V3A_40D_MICRO_SURGE_T3_5R,2026-06-30,HOLDOUT,NEUTRAL,822.75,787.29,946.86,-1.0,1,0
APLLTD,MBAG_V3B_60D_VOLUME_ANOMALY_T4R,2026-06-30,HOLDOUT,NEUTRAL,822.75,787.29,964.59,-1.0,1,0
APLLTD,MBAG_V3C_90D_MULTI_REGIME_T4R,2026-06-30,HOLDOUT,NEUTRAL,822.75,783.35,980.35,-1.0,1,0
APLLTD,MBAG_V3D_60D_CONVEX_RUNNER_T5R,2026-06-30,HOLDOUT,NEUTRAL,822.75,791.23,980.35,-1.0,1,0
APOLLO,MBAG_V1_CHAMP_BASE60_T3R,2026-04-17,VAL,BULL,282.8999938964844,249.61,382.77,0.35,0,0
APOLLO,MBAG_V2A_CONVEX_CAT_90D_T4R,2026-04-17,VAL,BULL,282.8999938964844,256.27,389.42,4.0,0,1
APOLLO,MBAG_V3A_40D_MICRO_SURGE_T3_5R,2026-04-17,VAL,BULL,282.8999938964844,258.93,366.79,3.5,0,1
APOLLO,MBAG_V3B_60D_VOLUME_ANOMALY_T4R,2026-04-17,VAL,BULL,282.8999938964844,258.93,378.78,4.0,0,1
APOLLO,MBAG_V3C_90D_MULTI_REGIME_T4R,2026-04-17,VAL,BULL,282.8999938964844,256.27,389.42,4.0,0,1
APOLLO,MBAG_V3D_60D_CONVEX_RUNNER_T5R,2026-04-17,VAL,BULL,282.8999938964844,261.6,389.4,5.0,0,1
APOLLO,MBAG_V2A_CONVEX_CAT_90D_T4R,2026-04-20,VAL,BULL,289.2900085449219,260.86,403.01,4.0,0,1
APOLLO,MBAG_V3A_40D_MICRO_SURGE_T3_5R,2026-04-20,VAL,BULL,289.2900085449219,263.7,378.86,3.5,0,1
APOLLO,MBAG_V3B_60D_VOLUME_ANOMALY_T4R,2026-04-20,VAL,BULL,289.2900085449219,263.7,391.65,4.0,0,1
APOLLO,MBAG_V3C_90D_MULTI_REGIME_T4R,2026-04-20,VAL,BULL,289.2900085449219,260.86,403.01,4.0,0,1
APOLLO,MBAG_V3D_60D_CONVEX_RUNNER_T5R,2026-04-20,VAL,BULL,289.2900085449219,266.54,403.04,5.0,0,1
APOLLO,MBAG_V2A_CONVEX_CAT_90D_T4R,2026-05-19,VAL,BULL,340.70001220703125,305.65,480.9,2.4,0,0
APOLLO,MBAG_V2B_EXPANSION_120D_T5R,2026-05-19,VAL,BULL,340.70001220703125,309.15,498.45,2.07,0,0
APOLLO,MBAG_V3A_40D_MICRO_SURGE_T3_5R,2026-05-19,VAL,BULL,340.70001220703125,309.15,451.13,2.1,0,0
APOLLO,MBAG_V3B_60D_VOLUME_ANOMALY_T4R,2026-05-19,VAL,BULL,340.70001220703125,309.15,466.9,2.66,0,0
APOLLO,MBAG_V3C_90D_MULTI_REGIME_T4R,2026-05-19,VAL,BULL,340.70001220703125,305.65,480.9,2.4,0,0
APOLLO,MBAG_V3D_60D_CONVEX_RUNNER_T5R,2026-05-19,VAL,BULL,340.70001220703125,312.66,480.9,2.16,0,0
APOLLO,MBAG_V2A_CONVEX_CAT_90D_T4R,2026-05-25,VAL,BULL,408.20001220703125,360.85,597.6,0.33,0,0
APOLLO,MBAG_V2B_EXPANSION_120D_T5R,2026-05-25,VAL,BULL,408.20001220703125,365.59,621.25,-0.36,0,0
APOLLO,MBAG_V3A_40D_MICRO_SURGE_T3_5R,2026-05-25,VAL,BULL,408.20001220703125,365.59,557.34,-0.02,0,0
APOLLO,MBAG_V3B_60D_VOLUME_ANOMALY_T4R,2026-05-25,VAL,BULL,408.20001220703125,365.59,578.64,0.37,0,0
APOLLO,MBAG_V3C_90D_MULTI_REGIME_T4R,2026-05-25,VAL,BULL,408.20001220703125,360.85,597.6,0.33,0,0
APOLLO,MBAG_V3D_60D_CONVEX_RUNNER_T5R,2026-05-25,VAL,BULL,408.20001220703125,370.32,597.6,-0.14,0,0
APOLLOHOSP,MBAG_V1_CHAMP_BASE60_T3R,2026-02-11,VAL,NEUTRAL,7497.046875,7145.28,8552.35,0.22,0,0
APOLLOHOSP,MBAG_V3A_40D_MICRO_SURGE_T3_5R,2026-02-11,VAL,NEUTRAL,7497.046875,7243.78,8383.48,-1.0,1,0
APOLLOHOSP,MBAG_V3B_60D_VOLUME_ANOMALY_T4R,2026-02-11,VAL,NEUTRAL,7497.046875,7243.78,8510.11,-1.0,1,0
APOLLOHOSP,MBAG_V3D_60D_CONVEX_RUNNER_T5R,2026-02-11,VAL,NEUTRAL,7497.046875,7271.92,8622.68,-1.0,1,0
APOLLOHOSP,MBAG_V1_CHAMP_BASE60_T3R,2026-05-08,VAL,BULL,8097.0,7760.75,9105.75,0.62,0,0
APOLLOHOSP,MBAG_V2A_CONVEX_CAT_90D_T4R,2026-05-08,VAL,BULL,8097.0,7828.0,9173.0,-1.0,1,0
APOLLOHOSP,MBAG_V3A_40D_MICRO_SURGE_T3_5R,2026-05-08,VAL,BULL,8097.0,7854.9,8944.35,-1.0,1,0
APOLLOHOSP,MBAG_V3C_90D_MULTI_REGIME_T4R,2026-05-08,VAL,BULL,8097.0,7828.0,9173.0,-1.0,1,0
APOLLOHOSP,MBAG_V3D_60D_CONVEX_RUNNER_T5R,2026-05-08,VAL,BULL,8097.0,7881.8,9173.0,-1.0,1,0
APOLLOHOSP,MBAG_V1_CHAMP_BASE60_T3R,2026-05-21,VAL,BULL,8308.5,7912.61,9496.17,-1.0,1,0
APOLLOHOSP,MBAG_V2A_CONVEX_CAT_90D_T4R,2026-05-21,VAL,BULL,8308.5,7991.79,9575.34,-1.0,1,0
APOLLOHOSP,MBAG_V2B_EXPANSION_120D_T5R,2026-05-21,VAL,BULL,8308.5,8023.46,9733.7,-1.0,1,0
APOLLOHOSP,MBAG_V3A_40D_MICRO_SURGE_T3_5R,2026-05-21,VAL,BULL,8308.5,8023.46,9306.14,-1.0,1,0
APOLLOHOSP,MBAG_V3B_60D_VOLUME_ANOMALY_T4R,2026-05-21,VAL,BULL,8308.5,8023.46,9448.66,-1.0,1,0
APOLLOHOSP,MBAG_V3C_90D_MULTI_REGIME_T4R,2026-05-21,VAL,BULL,8308.5,7991.79,9575.34,-1.0,1,0
APOLLOHOSP,MBAG_V3D_60D_CONVEX_RUNNER_T5R,2026-05-21,VAL,BULL,8308.5,8055.13,9575.35,-1.0,1,0
APOLLOHOSP,MBAG_V1_CHAMP_BASE60_T3R,2026-06-09,HOLDOUT,BULL,8524.0,8091.86,9820.42,0.72,0,0
APOLLOTYRE,MBAG_V1_CHAMP_BASE60_T3R,2025-11-14,DEV,BULL,1037.0932433889197,1013.84,1106.85,1.01,0,0
APTUS,MBAG_V3A_40D_MICRO_SURGE_T3_5R,2026-05-07,VAL,NEUTRAL,272.5013427734375,257.25,325.88,-1.0,1,0
ARE&M,MBAG_V3A_40D_MICRO_SURGE_T3_5R,2026-04-22,VAL,NEUTRAL,893.3463134765625,837.48,1088.88,-1.0,1,0
ARVIND,MBAG_V1_CHAMP_BASE60_T3R,2025-11-13,DEV,BULL,344.20001220703125,313.81,435.37,-0.62,0,0
ARVIND,MBAG_V1_CHAMP_BASE60_T3R,2025-11-19,DEV,BULL,356.95001220703125,324.24,455.08,-1.0,1,0
ARVIND,MBAG_V1_CHAMP_BASE60_T3R,2026-05-07,VAL,BULL,447.8999938964844,411.93,555.81,1.48,0,0
ARVIND,MBAG_V2A_CONVEX_CAT_90D_T4R,2026-05-07,VAL,BULL,447.8999938964844,419.12,563.02,2.18,0,0
ARVIND,MBAG_V2B_EXPANSION_120D_T5R,2026-05-07,VAL,BULL,447.8999938964844,422.0,577.4,5.0,0,1
ARVIND,MBAG_V3A_40D_MICRO_SURGE_T3_5R,2026-05-07,VAL,BULL,447.8999938964844,422.0,538.55,1.75,0,0
ARVIND,MBAG_V3B_60D_VOLUME_ANOMALY_T4R,2026-05-07,VAL,BULL,447.8999938964844,422.0,551.5,2.42,0,0
ARVIND,MBAG_V3C_90D_MULTI_REGIME_T4R,2026-05-07,VAL,BULL,447.8999938964844,419.12,563.02,2.18,0,0
ARVIND,MBAG_V3D_60D_CONVEX_RUNNER_T5R,2026-05-07,VAL,BULL,447.8999938964844,424.88,563.0,5.0,0,1
ARVIND,MBAG_V1_CHAMP_BASE60_T3R,2026-05-18,VAL,BULL,472.6000061035156,421.87,624.79,0.51,0,0
ARVIND,MBAG_V2A_CONVEX_CAT_90D_T4R,2026-05-18,VAL,BULL,472.6000061035156,432.01,634.96,1.89,0,0
ARVIND,MBAG_V2B_EXPANSION_120D_T5R,2026-05-18,VAL,BULL,472.6000061035156,436.07,655.25,1.96,0,0
ARVIND,MBAG_V3A_40D_MICRO_SURGE_T3_5R,2026-05-18,VAL,BULL,472.6000061035156,436.07,600.46,0.98,0,0
ARVIND,MBAG_V3B_60D_VOLUME_ANOMALY_T4R,2026-05-18,VAL,BULL,472.6000061035156,436.07,618.72,2.11,0,0
ARVIND,MBAG_V3C_90D_MULTI_REGIME_T4R,2026-05-18,VAL,BULL,472.6000061035156,432.01,634.96,1.89,0,0
ARVIND,MBAG_V3D_60D_CONVEX_RUNNER_T5R,2026-05-18,VAL,BULL,472.6000061035156,440.13,634.95,2.28,0,0
ARVIND,MBAG_V1_CHAMP_BASE60_T3R,2026-06-24,HOLDOUT,BULL,556.0999755859375,508.16,699.92,-0.7,0,0
ARVIND,MBAG_V2A_CONVEX_CAT_90D_T4R,2026-06-24,HOLDOUT,BULL,556.0999755859375,517.75,709.5,-1.0,1,0
ARVIND,MBAG_V2B_EXPANSION_120D_T5R,2026-06-24,HOLDOUT,BULL,556.0999755859375,521.58,728.7,-1.0,1,0
ARVIND,MBAG_V3A_40D_MICRO_SURGE_T3_5R,2026-06-24,HOLDOUT,BULL,556.0999755859375,521.58,676.92,-1.0,1,0
ARVIND,MBAG_V3B_60D_VOLUME_ANOMALY_T4R,2026-06-24,HOLDOUT,BULL,556.0999755859375,521.58,694.18,-1.0,1,0
ARVIND,MBAG_V3C_90D_MULTI_REGIME_T4R,2026-06-24,HOLDOUT,BULL,556.0999755859375,517.75,709.5,-1.0,1,0
ARVIND,MBAG_V3D_60D_CONVEX_RUNNER_T5R,2026-06-24,HOLDOUT,BULL,556.0999755859375,525.42,709.5,-1.0,1,0
ARVIND,MBAG_V1_CHAMP_BASE60_T3R,2026-06-30,HOLDOUT,BULL,587.0999755859375,532.91,749.67,-1.0,1,0
ARVIND,MBAG_V2A_CONVEX_CAT_90D_T4R,2026-06-30,HOLDOUT,BULL,587.0999755859375,543.75,760.5,-1.0,1,0
ARVIND,MBAG_V2B_EXPANSION_120D_T5R,2026-06-30,HOLDOUT,BULL,587.0999755859375,548.08,782.2,-1.0,1,0
ARVIND,MBAG_V3A_40D_MICRO_SURGE_T3_5R,2026-06-30,HOLDOUT,BULL,587.0999755859375,548.08,723.67,-1.0,1,0
ARVIND,MBAG_V3B_60D_VOLUME_ANOMALY_T4R,2026-06-30,HOLDOUT,BULL,587.0999755859375,548.08,743.18,-1.0,1,0
ARVIND,MBAG_V3C_90D_MULTI_REGIME_T4R,2026-06-30,HOLDOUT,BULL,587.0999755859375,543.75,760.5,-1.0,1,0
ARVIND,MBAG_V3D_60D_CONVEX_RUNNER_T5R,2026-06-30,HOLDOUT,BULL,587.0999755859375,552.42,760.5,-1.0,1,0
ARVINDFASN,MBAG_V1_CHAMP_BASE60_T3R,2025-12-22,DEV,BULL,940.3893672984706,920.84,999.04,3.0,0,1
ARVINDFASN,MBAG_V1_CHAMP_BASE60_T3R,2025-12-25,DEV,BULL,978.0522613615874,956.89,1041.54,3.0,0,1
ARVINDFASN,MBAG_V1_CHAMP_BASE60_T3R,2025-12-29,DEV,BULL,987.1620515380775,965.55,1052.0,3.0,0,1
ARVINDFASN,MBAG_V1_CHAMP_BASE60_T3R,2026-01-07,VAL,BULL,1017.0249505986249,993.62,1087.24,3.0,0,1
ARVINDFASN,MBAG_V1_CHAMP_BASE60_T3R,2026-01-12,VAL,BULL,1035.1731086195339,1010.82,1108.23,2.73,0,0
ARVINDFASN,MBAG_V1_CHAMP_BASE60_T3R,2026-01-13,VAL,BULL,1038.1987232701483,1014.47,1109.38,3.0,0,1
ARVINDFASN,MBAG_V1_CHAMP_BASE60_T3R,2026-02-09,VAL,BULL,1101.558269342754,1078.85,1169.68,3.0,0,1
ARVINDFASN,MBAG_V1_CHAMP_BASE60_T3R,2026-02-10,VAL,BULL,1121.5213163928158,1096.72,1195.93,3.0,0,1
ASAHIINDIA,MBAG_V1_CHAMP_BASE60_T3R,2025-11-24,DEV,BULL,1052.6500244140625,971.36,1296.52,-1.0,1,0
ASAHIINDIA,MBAG_V3A_40D_MICRO_SURGE_T3_5R,2025-11-24,DEV,BULL,1052.6500244140625,994.12,1257.51,-1.0,1,0
ASAHIINDIA,MBAG_V3B_60D_VOLUME_ANOMALY_T4R,2025-11-24,DEV,BULL,1052.6500244140625,994.12,1286.77,-1.0,1,0
ASAHIINDIA,MBAG_V3D_60D_CONVEX_RUNNER_T5R,2025-11-24,DEV,BULL,1052.6500244140625,1000.63,1312.75,-1.0,1,0
ASAHIINDIA,MBAG_V3A_40D_MICRO_SURGE_T3_5R,2026-05-26,VAL,NEUTRAL,891.5999755859375,847.59,1045.63,-1.0,1,0
ASAHIINDIA,MBAG_V3A_40D_MICRO_SURGE_T3_5R,2026-05-27,VAL,NEUTRAL,918.5499877929688,869.01,1091.94,-1.0,1,0
ASHAPURMIN,MBAG_V1_CHAMP_BASE60_T3R,2025-10-29,DEV,BULL,2762.7466587056733,2704.59,2937.22,-1.0,1,0
ASHAPURMIN,MBAG_V1_CHAMP_BASE60_T3R,2025-12-03,DEV,BULL,2965.0976880884577,2901.16,3156.91,-1.0,1,0
ASHOKA,MBAG_V1_CHAMP_BASE60_T3R,2025-10-31,DEV,BULL,205.66000366210938,193.85,241.09,-1.0,1,0
ASHOKA,MBAG_V3A_40D_MICRO_SURGE_T3_5R,2025-10-31,DEV,BULL,205.66000366210938,197.16,235.41,-1.0,1,0
ASHOKA,MBAG_V3B_60D_VOLUME_ANOMALY_T4R,2025-10-31,DEV,BULL,205.66000366210938,197.16,239.66,-1.0,1,0
ASHOKA,MBAG_V3D_60D_CONVEX_RUNNER_T5R,2025-10-31,DEV,BULL,205.66000366210938,198.1,243.46,-1.0,1,0
ASHOKA,MBAG_V1_CHAMP_BASE60_T3R,2025-11-03,DEV,BULL,211.58999633789062,199.07,249.15,-1.0,1,0
ASHOKA,MBAG_V3A_40D_MICRO_SURGE_T3_5R,2025-11-03,DEV,BULL,211.58999633789062,202.58,243.12,-1.0,1,0
ASHOKA,MBAG_V3B_60D_VOLUME_ANOMALY_T4R,2025-11-03,DEV,BULL,211.58999633789062,202.58,247.63,-1.0,1,0
ASHOKA,MBAG_V3D_60D_CONVEX_RUNNER_T5R,2025-11-03,DEV,BULL,211.58999633789062,203.58,251.64,-1.0,1,0
ASHOKLEY,MBAG_V1_CHAMP_BASE60_T3R,2026-03-05,VAL,BULL,1340.669221637724,1313.65,1421.73,-1.0,1,0
ASHOKLEY,MBAG_V1_CHAMP_BASE60_T3R,2026-03-19,VAL,BULL,1360.3167330243036,1331.75,1446.02,-1.0,1,0
ASIANPAINT,MBAG_V1_CHAMP_BASE60_T3R,2025-11-06,DEV,BULL,2576.490478515625,2469.37,2897.85,3.0,0,1
ASIANPAINT,MBAG_V3A_40D_MICRO_SURGE_T3_5R,2025-11-06,DEV,BULL,2576.490478515625,2499.37,2846.41,3.5,0,1
ASIANPAINT,MBAG_V3B_60D_VOLUME_ANOMALY_T4R,2025-11-06,DEV,BULL,2576.490478515625,2499.37,2884.97,4.0,0,1
ASIANPAINT,MBAG_V3D_60D_CONVEX_RUNNER_T5R,2025-11-06,DEV,BULL,2576.490478515625,2507.94,2919.24,5.0,0,1
ASIANPAINT,MBAG_V1_CHAMP_BASE60_T3R,2025-11-10,DEV,BULL,2623.508544921875,2531.82,2898.57,3.0,0,1
ASIANPAINT,MBAG_V1_CHAMP_BASE60_T3R,2025-11-12,DEV,BULL,2741.697265625,2622.35,3099.74,0.32,0,0
ASIANPAINT,MBAG_V3A_40D_MICRO_SURGE_T3_5R,2025-11-12,DEV,BULL,2741.697265625,2655.77,3042.44,0.23,0,0
ASIANPAINT,MBAG_V3B_60D_VOLUME_ANOMALY_T4R,2025-11-12,DEV,BULL,2741.697265625,2655.77,3085.41,0.23,0,0
ASIANPAINT,MBAG_V3D_60D_CONVEX_RUNNER_T5R,2025-11-12,DEV,BULL,2741.697265625,2665.31,3123.63,-0.18,0,0
ASIANPAINT,MBAG_V1_CHAMP_BASE60_T3R,2025-11-13,DEV,BULL,2850.184814453125,2729.44,3212.42,-0.78,0,0
ASIANPAINT,MBAG_V3A_40D_MICRO_SURGE_T3_5R,2025-11-13,DEV,BULL,2850.184814453125,2763.25,3154.46,-1.0,1,0
ASIANPAINT,MBAG_V3B_60D_VOLUME_ANOMALY_T4R,2025-11-13,DEV,BULL,2850.184814453125,2763.25,3197.92,-1.0,1,0
ASIANPAINT,MBAG_V3D_60D_CONVEX_RUNNER_T5R,2025-11-13,DEV,BULL,2850.184814453125,2772.91,3236.56,-1.0,1,0
ASIANPAINT,MBAG_V1_CHAMP_BASE60_T3R,2025-11-14,DEV,BULL,2876.9111328125,2751.31,3253.71,-1.0,1,0
ASIANPAINT,MBAG_V1_CHAMP_BASE60_T3R,2026-05-08,VAL,BULL,2577.537109375,2441.79,2984.78,0.63,0,0
ASIANPAINT,MBAG_V3D_60D_CONVEX_RUNNER_T5R,2026-05-08,VAL,BULL,2577.537109375,2490.66,3011.92,-1.0,1,0
ASIANPAINT,MBAG_V1_CHAMP_BASE60_T3R,2026-05-13,VAL,BULL,2595.085205078125,2454.91,3015.61,0.69,0,0
ASIANPAINT,MBAG_V3A_40D_MICRO_SURGE_T3_5R,2026-05-13,VAL,BULL,2595.085205078125,2494.16,2948.32,1.18,0,0
ASIANPAINT,MBAG_V3B_60D_VOLUME_ANOMALY_T4R,2026-05-13,VAL,BULL,2595.085205078125,2494.16,2998.79,0.72,0,0
ASIANPAINT,MBAG_V3D_60D_CONVEX_RUNNER_T5R,2026-05-13,VAL,BULL,2595.085205078125,2505.37,3043.66,1.35,0,0
ASKAUTOLTD,MBAG_V1_CHAMP_BASE60_T3R,2025-12-05,DEV,BULL,2189.5560100726047,2138.08,2343.98,-1.0,1,0
ASKAUTOLTD,MBAG_V1_CHAMP_BASE60_T3R,2025-12-19,DEV,BULL,2330.7162295085413,2281.15,2479.41,-1.0,1,0
ASKAUTOLTD,MBAG_V1_CHAMP_BASE60_T3R,2025-12-22,DEV,BULL,2346.964461073464,2298.19,2493.29,-1.0,1,0
ASTRAL,MBAG_V1_CHAMP_BASE60_T3R,2025-11-06,DEV,BULL,1562.1451416015625,1510.91,1715.85,-1.0,1,0
ASTRAL,MBAG_V2A_CONVEX_CAT_90D_T4R,2025-11-06,DEV,BULL,1562.1451416015625,1521.16,1726.09,-1.0,1,0
ASTRAL,MBAG_V2B_EXPANSION_120D_T5R,2025-11-06,DEV,BULL,1562.1451416015625,1525.26,1746.57,-1.0,1,0
ASTRAL,MBAG_V3A_40D_MICRO_SURGE_T3_5R,2025-11-06,DEV,BULL,1562.1451416015625,1525.26,1691.24,-1.0,1,0
ASTRAL,MBAG_V3B_60D_VOLUME_ANOMALY_T4R,2025-11-06,DEV,BULL,1562.1451416015625,1525.26,1709.69,-1.0,1,0
ASTRAL,MBAG_V3C_90D_MULTI_REGIME_T4R,2025-11-06,DEV,BULL,1562.1451416015625,1521.16,1726.09,-1.0,1,0
ASTRAL,MBAG_V3D_60D_CONVEX_RUNNER_T5R,2025-11-06,DEV,BULL,1562.1451416015625,1529.36,1726.07,-1.0,1,0
ASTRAL,MBAG_V1_CHAMP_BASE60_T3R,2026-03-11,VAL,BULL,1743.5577392578125,1660.27,1993.42,-1.0,1,0
ASTRAL,MBAG_V2A_CONVEX_CAT_90D_T4R,2026-03-11,VAL,BULL,1743.5577392578125,1676.93,2010.07,-1.0,1,0
ASTRAL,MBAG_V3A_40D_MICRO_SURGE_T3_5R,2026-03-11,VAL,BULL,1743.5577392578125,1683.59,1953.44,-1.0,1,0
ASTRAL,MBAG_V3C_90D_MULTI_REGIME_T4R,2026-03-11,VAL,BULL,1743.5577392578125,1676.93,2010.07,-1.0,1,0
ASTRAL,MBAG_V3D_60D_CONVEX_RUNNER_T5R,2026-03-11,VAL,BULL,1743.5577392578125,1690.25,2010.1,-1.0,1,0
ATGL,MBAG_V3A_40D_MICRO_SURGE_T3_5R,2026-03-11,VAL,NEUTRAL,566.7020874023438,536.92,670.94,-1.0,1,0
ATGL,MBAG_V3A_40D_MICRO_SURGE_T3_5R,2026-03-12,VAL,BULL,607.3878784179688,571.57,732.75,-1.0,1,0
ATGL,MBAG_V1_CHAMP_BASE60_T3R,2026-04-28,VAL,BULL,653.6217041015625,578.34,879.47,0.79,0,0
ATGL,MBAG_V2A_CONVEX_CAT_90D_T4R,2026-04-28,VAL,BULL,653.6217041015625,593.4,894.51,-1.0,1,0
ATGL,MBAG_V2B_EXPANSION_120D_T5R,2026-04-28,VAL,BULL,653.6217041015625,599.42,924.63,-1.0,1,0
ATGL,MBAG_V3A_40D_MICRO_SURGE_T3_5R,2026-04-28,VAL,BULL,653.6217041015625,599.42,843.33,-1.0,1,0
ATGL,MBAG_V3B_60D_VOLUME_ANOMALY_T4R,2026-04-28,VAL,BULL,653.6217041015625,599.42,870.43,-1.0,1,0
ATGL,MBAG_V3C_90D_MULTI_REGIME_T4R,2026-04-28,VAL,BULL,653.6217041015625,593.4,894.51,-1.0,1,0
ATGL,MBAG_V3D_60D_CONVEX_RUNNER_T5R,2026-04-28,VAL,BULL,653.6217041015625,605.44,894.53,-1.0,1,0
ATGL,MBAG_V1_CHAMP_BASE60_T3R,2026-05-26,VAL,BULL,712.8510131835938,642.57,923.69,0.05,0,0
ATGL,MBAG_V2A_CONVEX_CAT_90D_T4R,2026-05-26,VAL,BULL,712.8510131835938,656.63,937.74,-0.03,0,0
ATGL,MBAG_V2B_EXPANSION_120D_T5R,2026-05-26,VAL,BULL,712.8510131835938,662.25,965.86,-0.25,0,0
ATGL,MBAG_V3A_40D_MICRO_SURGE_T3_5R,2026-05-26,VAL,BULL,712.8510131835938,662.25,889.95,0.37,0,0
ATGL,MBAG_V3B_60D_VOLUME_ANOMALY_T4R,2026-05-26,VAL,BULL,712.8510131835938,662.25,915.26,-0.03,0,0
ATGL,MBAG_V3C_90D_MULTI_REGIME_T4R,2026-05-26,VAL,BULL,712.8510131835938,656.63,937.74,-0.03,0,0
ATGL,MBAG_V3D_60D_CONVEX_RUNNER_T5R,2026-05-26,VAL,BULL,712.8510131835938,667.87,937.76,0.19,0,0
ATGL,MBAG_V1_CHAMP_BASE60_T3R,2026-05-27,VAL,BULL,808.2677001953125,720.24,1072.35,-1.0,1,0
ATGL,MBAG_V2A_CONVEX_CAT_90D_T4R,2026-05-27,VAL,BULL,808.2677001953125,737.84,1089.98,-1.0,1,0
ATGL,MBAG_V2B_EXPANSION_120D_T5R,2026-05-27,VAL,BULL,808.2677001953125,744.88,1125.21,-1.0,1,0
ATGL,MBAG_V3A_40D_MICRO_SURGE_T3_5R,2026-05-27,VAL,BULL,808.2677001953125,744.88,1030.12,-1.0,1,0
ATGL,MBAG_V3B_60D_VOLUME_ANOMALY_T4R,2026-05-27,VAL,BULL,808.2677001953125,744.88,1061.82,-1.0,1,0
ATGL,MBAG_V3C_90D_MULTI_REGIME_T4R,2026-05-27,VAL,BULL,808.2677001953125,737.84,1089.98,-1.0,1,0
ATGL,MBAG_V3D_60D_CONVEX_RUNNER_T5R,2026-05-27,VAL,BULL,808.2677001953125,751.93,1089.96,-1.0,1,0
ATHERENERG,MBAG_V1_CHAMP_BASE60_T3R,2025-09-15,DEV,BULL,921.2246445187989,901.29,981.03,-1.0,1,0
ATHERENERG,MBAG_V1_CHAMP_BASE60_T3R,2025-10-23,DEV,BULL,964.4419929533391,944.96,1022.89,1.32,0,0
ATULAUTO,MBAG_V1_CHAMP_BASE60_T3R,2026-02-10,VAL,BULL,518.1500244140625,460.82,690.14,-1.0,1,0
ATULAUTO,MBAG_V3A_40D_MICRO_SURGE_T3_5R,2026-02-10,VAL,BULL,518.1500244140625,476.87,662.63,-1.0,1,0
ATULAUTO,MBAG_V3B_60D_VOLUME_ANOMALY_T4R,2026-02-10,VAL,BULL,518.1500244140625,476.87,683.27,-1.0,1,0
ATULAUTO,MBAG_V3D_60D_CONVEX_RUNNER_T5R,2026-02-10,VAL,BULL,518.1500244140625,481.46,701.6,-1.0,1,0
AUBANK,MBAG_V1_CHAMP_BASE60_T3R,2025-10-20,DEV,BULL,865.2000122070312,814.59,1017.03,1.19,0,0
AUBANK,MBAG_V3A_40D_MICRO_SURGE_T3_5R,2025-10-20,DEV,BULL,865.2000122070312,828.76,992.74,2.43,0,0
AUBANK,MBAG_V3B_60D_VOLUME_ANOMALY_T4R,2025-10-20,DEV,BULL,865.2000122070312,828.76,1010.96,2.29,0,0
AUBANK,MBAG_V3D_60D_CONVEX_RUNNER_T5R,2025-10-20,DEV,BULL,865.2000122070312,832.81,1027.15,3.97,0,0
AUBANK,MBAG_V1_CHAMP_BASE60_T3R,2025-12-10,DEV,BULL,993.7000122070312,948.21,1130.17,-0.04,0,0
AUBANK,MBAG_V2A_CONVEX_CAT_90D_T4R,2025-12-10,DEV,BULL,993.7000122070312,957.31,1139.26,0.19,0,0
AUBANK,MBAG_V3A_40D_MICRO_SURGE_T3_5R,2025-12-10,DEV,BULL,993.7000122070312,960.95,1108.33,-1.0,1,0
AUBANK,MBAG_V3B_60D_VOLUME_ANOMALY_T4R,2025-12-10,DEV,BULL,993.7000122070312,960.95,1124.7,-1.0,1,0
AUBANK,MBAG_V3C_90D_MULTI_REGIME_T4R,2025-12-10,DEV,BULL,993.7000122070312,957.31,1139.26,0.19,0,0
AUBANK,MBAG_V3D_60D_CONVEX_RUNNER_T5R,2025-12-10,DEV,BULL,993.7000122070312,964.59,1139.25,-1.0,1,0
AUBANK,MBAG_V1_CHAMP_BASE60_T3R,2026-04-23,VAL,BULL,1056.25,984.31,1272.07,-1.0,1,0
AUBANK,MBAG_V2A_CONVEX_CAT_90D_T4R,2026-04-23,VAL,BULL,1056.25,998.7,1286.45,-1.0,1,0
AUBANK,MBAG_V3C_90D_MULTI_REGIME_T4R,2026-04-23,VAL,BULL,1056.25,998.7,1286.45,-1.0,1,0
AUBANK,MBAG_V3D_60D_CONVEX_RUNNER_T5R,2026-04-23,VAL,BULL,1056.25,1010.21,1286.45,-1.0,1,0
AUBANK,MBAG_V1_CHAMP_BASE60_T3R,2026-04-24,VAL,BULL,1065.6500244140625,995.09,1277.33,-1.0,1,0
AUBANK,MBAG_V3A_40D_MICRO_SURGE_T3_5R,2026-06-24,HOLDOUT,BULL,1067.199951171875,1017.24,1242.06,-1.0,1,0
AUROPHARMA,MBAG_V1_CHAMP_BASE60_T3R,2025-09-11,DEV,BULL,1109.199951171875,1065.72,1239.64,-1.0,1,0
AUROPHARMA,MBAG_V2A_CONVEX_CAT_90D_T4R,2025-09-11,DEV,BULL,1109.199951171875,1074.42,1248.32,-1.0,1,0
AUROPHARMA,MBAG_V2B_EXPANSION_120D_T5R,2025-09-11,DEV,BULL,1109.199951171875,1077.9,1265.7,-1.0,1,0
AUROPHARMA,MBAG_V3A_40D_MICRO_SURGE_T3_5R,2025-09-11,DEV,BULL,1109.199951171875,1077.9,1218.75,-1.0,1,0
AUROPHARMA,MBAG_V3B_60D_VOLUME_ANOMALY_T4R,2025-09-11,DEV,BULL,1109.199951171875,1077.9,1234.4,-1.0,1,0
AUROPHARMA,MBAG_V3C_90D_MULTI_REGIME_T4R,2025-09-11,DEV,BULL,1109.199951171875,1074.42,1248.32,-1.0,1,0
AUROPHARMA,MBAG_V3D_60D_CONVEX_RUNNER_T5R,2025-09-11,DEV,BULL,1109.199951171875,1081.37,1248.35,-1.0,1,0
AUROPHARMA,MBAG_V1_CHAMP_BASE60_T3R,2025-11-03,DEV,BULL,1158.5999755859375,1112.66,1296.42,-1.0,1,0
AUROPHARMA,MBAG_V2A_CONVEX_CAT_90D_T4R,2025-11-03,DEV,BULL,1158.5999755859375,1121.84,1305.64,-1.0,1,0
AUROPHARMA,MBAG_V3A_40D_MICRO_SURGE_T3_5R,2025-11-03,DEV,BULL,1158.5999755859375,1125.52,1274.38,-1.0,1,0
AUROPHARMA,MBAG_V3C_90D_MULTI_REGIME_T4R,2025-11-03,DEV,BULL,1158.5999755859375,1121.84,1305.64,-1.0,1,0
AUROPHARMA,MBAG_V3D_60D_CONVEX_RUNNER_T5R,2025-11-03,DEV,BULL,1158.5999755859375,1129.2,1305.6,-1.0,1,0
AUROPHARMA,MBAG_V1_CHAMP_BASE60_T3R,2026-04-01,VAL,BULL,1342.0999755859375,1291.84,1492.88,-1.0,1,0
AUROPHARMA,MBAG_V1_CHAMP_BASE60_T3R,2026-05-06,VAL,BULL,1484.0,1429.0,1649.0,-1.0,1,0
AUROPHARMA,MBAG_V3C_90D_MULTI_REGIME_T4R,2026-05-06,VAL,BULL,1484.0,1440.0,1660.0,-1.0,1,0
AVALON,MBAG_V3A_40D_MICRO_SURGE_T3_5R,2026-02-04,VAL,BULL,1030.300048828125,956.17,1289.76,-1.0,1,0
AVALON,MBAG_V3A_40D_MICRO_SURGE_T3_5R,2026-04-16,VAL,BULL,1101.949951171875,1007.88,1431.19,3.5,0,1
AVALON,MBAG_V1_CHAMP_BASE60_T3R,2026-05-07,VAL,BULL,1255.5,1113.46,1681.62,2.69,0,0
AVALON,MBAG_V2A_CONVEX_CAT_90D_T4R,2026-05-07,VAL,BULL,1255.5,1141.86,1710.06,4.0,0,1
AVALON,MBAG_V2B_EXPANSION_120D_T5R,2026-05-07,VAL,BULL,1255.5,1153.23,1766.85,5.0,0,1
AVALON,MBAG_V3A_40D_MICRO_SURGE_T3_5R,2026-05-07,VAL,BULL,1255.5,1153.23,1613.44,3.5,0,1
AVALON,MBAG_V3B_60D_VOLUME_ANOMALY_T4R,2026-05-07,VAL,BULL,1255.5,1153.23,1664.58,4.0,0,1
AVALON,MBAG_V3C_90D_MULTI_REGIME_T4R,2026-05-07,VAL,BULL,1255.5,1141.86,1710.06,4.0,0,1
AVALON,MBAG_V3D_60D_CONVEX_RUNNER_T5R,2026-05-07,VAL,BULL,1255.5,1164.59,1710.05,5.0,0,1
AVALON,MBAG_V1_CHAMP_BASE60_T3R,2026-05-08,VAL,BULL,1387.0,1228.55,1862.35,1.39,0,0
AVALON,MBAG_V2A_CONVEX_CAT_90D_T4R,2026-05-08,VAL,BULL,1387.0,1260.24,1894.04,-1.0,1,0
AVALON,MBAG_V2B_EXPANSION_120D_T5R,2026-05-08,VAL,BULL,1387.0,1272.92,1957.4,-1.0,1,0
AVALON,MBAG_V3A_40D_MICRO_SURGE_T3_5R,2026-05-08,VAL,BULL,1387.0,1272.92,1786.28,-1.0,1,0
AVALON,MBAG_V3B_60D_VOLUME_ANOMALY_T4R,2026-05-08,VAL,BULL,1387.0,1272.92,1843.32,-1.0,1,0
AVALON,MBAG_V3C_90D_MULTI_REGIME_T4R,2026-05-08,VAL,BULL,1387.0,1260.24,1894.04,-1.0,1,0
AVALON,MBAG_V3D_60D_CONVEX_RUNNER_T5R,2026-05-08,VAL,BULL,1387.0,1285.59,1894.05,-1.0,1,0
AVALON,MBAG_V2A_CONVEX_CAT_90D_T4R,2026-05-20,VAL,BULL,1464.4000244140625,1291.87,2154.52,1.92,0,0
AVALON,MBAG_V2B_EXPANSION_120D_T5R,2026-05-20,VAL,BULL,1464.4000244140625,1309.12,2240.8,-1.0,1,0
AVALON,MBAG_V3A_40D_MICRO_SURGE_T3_5R,2026-05-20,VAL,BULL,1464.4000244140625,1309.12,2007.88,-1.0,1,0
AVALON,MBAG_V3B_60D_VOLUME_ANOMALY_T4R,2026-05-20,VAL,BULL,1464.4000244140625,1309.12,2085.52,-1.0,1,0
AVALON,MBAG_V3C_90D_MULTI_REGIME_T4R,2026-05-20,VAL,BULL,1464.4000244140625,1291.87,2154.52,1.92,0,0
AVALON,MBAG_V3D_60D_CONVEX_RUNNER_T5R,2026-05-20,VAL,BULL,1464.4000244140625,1326.38,2154.5,-1.0,1,0
AVANTIFEED,MBAG_V1_CHAMP_BASE60_T3R,2025-11-19,DEV,BULL,841.6500244140625,775.3,1040.7,0.19,0,0
AVANTIFEED,MBAG_V3A_40D_MICRO_SURGE_T3_5R,2025-11-19,DEV,BULL,841.6500244140625,793.88,1008.85,-1.0,1,0
AVANTIFEED,MBAG_V3B_60D_VOLUME_ANOMALY_T4R,2025-11-19,DEV,BULL,841.6500244140625,793.88,1032.73,-1.0,1,0
AVANTIFEED,MBAG_V3D_60D_CONVEX_RUNNER_T5R,2025-11-19,DEV,BULL,841.6500244140625,799.19,1053.95,-1.0,1,0
AVANTIFEED,MBAG_V1_CHAMP_BASE60_T3R,2025-11-21,DEV,BULL,861.2000122070312,787.66,1081.82,-1.0,1,0
AVANTIFEED,MBAG_V3A_40D_MICRO_SURGE_T3_5R,2025-11-21,DEV,BULL,861.2000122070312,808.25,1046.53,-1.0,1,0
AVANTIFEED,MBAG_V3D_60D_CONVEX_RUNNER_T5R,2025-11-21,DEV,BULL,861.2000122070312,814.13,1096.55,-1.0,1,0
AVANTIFEED,MBAG_V1_CHAMP_BASE60_T3R,2026-01-01,VAL,BULL,878.5,812.97,1075.09,-1.0,1,0
AVANTIFEED,MBAG_V2A_CONVEX_CAT_90D_T4R,2026-01-01,VAL,BULL,878.5,826.08,1088.18,-1.0,1,0
AVANTIFEED,MBAG_V3A_40D_MICRO_SURGE_T3_5R,2026-01-01,VAL,BULL,878.5,831.32,1043.63,-1.0,1,0
AVANTIFEED,MBAG_V3C_90D_MULTI_REGIME_T4R,2026-01-01,VAL,BULL,878.5,826.08,1088.18,-1.0,1,0
AVANTIFEED,MBAG_V3D_60D_CONVEX_RUNNER_T5R,2026-01-01,VAL,BULL,878.5,836.56,1088.2,-1.0,1,0
AVANTIFEED,MBAG_V1_CHAMP_BASE60_T3R,2026-02-04,VAL,BULL,1071.699951171875,959.61,1407.97,3.0,0,1
AVANTIFEED,MBAG_V2A_CONVEX_CAT_90D_T4R,2026-02-04,VAL,BULL,1071.699951171875,982.03,1430.38,4.0,0,1
AVANTIFEED,MBAG_V2B_EXPANSION_120D_T5R,2026-02-04,VAL,BULL,1071.699951171875,991.0,1475.2,5.0,0,1
AVANTIFEED,MBAG_V3A_40D_MICRO_SURGE_T3_5R,2026-02-04,VAL,BULL,1071.699951171875,991.0,1354.15,3.5,0,1
AVANTIFEED,MBAG_V3B_60D_VOLUME_ANOMALY_T4R,2026-02-04,VAL,BULL,1071.699951171875,991.0,1394.5,4.0,0,1
AVANTIFEED,MBAG_V3C_90D_MULTI_REGIME_T4R,2026-02-04,VAL,BULL,1071.699951171875,982.03,1430.38,4.0,0,1
AVANTIFEED,MBAG_V3D_60D_CONVEX_RUNNER_T5R,2026-02-04,VAL,BULL,1071.699951171875,999.96,1430.4,5.0,0,1
AVANTIFEED,MBAG_V2A_CONVEX_CAT_90D_T4R,2026-02-12,VAL,BULL,1414.75,1258.4,2040.15,-1.0,1,0
AVANTIFEED,MBAG_V2B_EXPANSION_120D_T5R,2026-02-12,VAL,BULL,1414.75,1274.03,2118.35,-1.0,1,0
AVANTIFEED,MBAG_V3A_40D_MICRO_SURGE_T3_5R,2026-02-12,VAL,BULL,1414.75,1274.03,1907.27,-1.0,1,0
AVANTIFEED,MBAG_V3B_60D_VOLUME_ANOMALY_T4R,2026-02-12,VAL,BULL,1414.75,1274.03,1977.63,-1.0,1,0
AVANTIFEED,MBAG_V3C_90D_MULTI_REGIME_T4R,2026-02-12,VAL,BULL,1414.75,1258.4,2040.15,-1.0,1,0
AVANTIFEED,MBAG_V3D_60D_CONVEX_RUNNER_T5R,2026-02-12,VAL,BULL,1414.75,1289.67,2040.15,-1.0,1,0
AVL,MBAG_V1_CHAMP_BASE60_T3R,2026-06-16,HOLDOUT,BULL,590.9000244140625,532.42,766.34,0.76,0,0
AVL,MBAG_V2A_CONVEX_CAT_90D_T4R,2026-06-16,HOLDOUT,BULL,590.9000244140625,544.11,778.06,0.67,0,0
AVL,MBAG_V2B_EXPANSION_120D_T5R,2026-06-16,HOLDOUT,BULL,590.9000244140625,548.79,801.45,0.6,0,0
AVL,MBAG_V3A_40D_MICRO_SURGE_T3_5R,2026-06-16,HOLDOUT,BULL,590.9000244140625,548.79,738.29,1.21,0,0
AVL,MBAG_V3B_60D_VOLUME_ANOMALY_T4R,2026-06-16,HOLDOUT,BULL,590.9000244140625,548.79,759.34,0.75,0,0
AVL,MBAG_V3C_90D_MULTI_REGIME_T4R,2026-06-16,HOLDOUT,BULL,590.9000244140625,544.11,778.06,0.67,0,0
AVL,MBAG_V3D_60D_CONVEX_RUNNER_T5R,2026-06-16,HOLDOUT,BULL,590.9000244140625,553.47,778.05,1.16,0,0
AVL,MBAG_V1_CHAMP_BASE60_T3R,2026-06-17,HOLDOUT,BULL,607.5,543.38,799.86,0.36,0,0
AVL,MBAG_V2A_CONVEX_CAT_90D_T4R,2026-06-17,HOLDOUT,BULL,607.5,556.21,812.66,0.37,0,0
AVL,MBAG_V2B_EXPANSION_120D_T5R,2026-06-17,HOLDOUT,BULL,607.5,561.34,838.3,0.21,0,0
AVL,MBAG_V3A_40D_MICRO_SURGE_T3_5R,2026-06-17,HOLDOUT,BULL,607.5,561.34,769.06,0.6,0,0
AVL,MBAG_V3B_60D_VOLUME_ANOMALY_T4R,2026-06-17,HOLDOUT,BULL,607.5,561.34,792.14,0.41,0,0
AVL,MBAG_V3C_90D_MULTI_REGIME_T4R,2026-06-17,HOLDOUT,BULL,607.5,556.21,812.66,0.37,0,0
AVL,MBAG_V3D_60D_CONVEX_RUNNER_T5R,2026-06-17,HOLDOUT,BULL,607.5,566.47,812.65,0.46,0,0
AVL,MBAG_V1_CHAMP_BASE60_T3R,2026-06-18,HOLDOUT,BULL,617.4500122070312,554.34,806.78,0.27,0,0
AVL,MBAG_V1_CHAMP_BASE60_T3R,2026-06-19,HOLDOUT,BULL,629.9000244140625,565.63,822.71,0.07,0,0
AVL,MBAG_V2A_CONVEX_CAT_90D_T4R,2026-06-19,HOLDOUT,BULL,629.9000244140625,578.49,835.54,0.16,0,0
AVL,MBAG_V3A_40D_MICRO_SURGE_T3_5R,2026-06-19,HOLDOUT,BULL,629.9000244140625,583.63,791.85,-0.41,0,0
AVL,MBAG_V3C_90D_MULTI_REGIME_T4R,2026-06-19,HOLDOUT,BULL,629.9000244140625,578.49,835.54,0.16,0,0
AVL,MBAG_V3D_60D_CONVEX_RUNNER_T5R,2026-06-19,HOLDOUT,BULL,629.9000244140625,588.77,835.55,-0.28,0,0
AVL,MBAG_V1_CHAMP_BASE60_T3R,2026-06-25,HOLDOUT,BULL,660.5,590.31,871.07,-0.58,0,0
AVL,MBAG_V2A_CONVEX_CAT_90D_T4R,2026-06-25,HOLDOUT,BULL,660.5,604.35,885.1,-1.0,1,0
AVL,MBAG_V2B_EXPANSION_120D_T5R,2026-06-25,HOLDOUT,BULL,660.5,609.96,913.2,-1.0,1,0
AVL,MBAG_V3A_40D_MICRO_SURGE_T3_5R,2026-06-25,HOLDOUT,BULL,660.5,609.96,837.39,-1.0,1,0
AVL,MBAG_V3B_60D_VOLUME_ANOMALY_T4R,2026-06-25,HOLDOUT,BULL,660.5,609.96,862.66,-1.0,1,0
AVL,MBAG_V3C_90D_MULTI_REGIME_T4R,2026-06-25,HOLDOUT,BULL,660.5,604.35,885.1,-1.0,1,0
AVL,MBAG_V3D_60D_CONVEX_RUNNER_T5R,2026-06-25,HOLDOUT,BULL,660.5,615.58,885.1,-1.0,1,0
AXISBANK,MBAG_V3A_40D_MICRO_SURGE_T3_5R,2025-09-23,DEV,BULL,1169.8978271484375,1140.2,1273.84,-1.0,1,0
AXISBANK,MBAG_V1_CHAMP_BASE60_T3R,2025-10-06,DEV,BULL,1211.865478515625,1158.16,1372.98,0.26,0,0
AXISBANK,MBAG_V3A_40D_MICRO_SURGE_T3_5R,2025-10-06,DEV,BULL,1211.865478515625,1173.2,1347.19,-1.0,1,0
AXISBANK,MBAG_V3D_60D_CONVEX_RUNNER_T5R,2025-10-06,DEV,BULL,1211.865478515625,1177.49,1383.74,-1.0,1,0
AXISBANK,MBAG_V1_CHAMP_BASE60_T3R,2025-10-23,DEV,BULL,1257.8299560546875,1195.52,1444.76,0.27,0,0
AXISBANK,MBAG_V1_CHAMP_BASE60_T3R,2026-01-30,VAL,BULL,1369.343994140625,1286.07,1619.17,0.16,0,0
AXISBANK,MBAG_V3C_90D_MULTI_REGIME_T4R,2026-01-30,VAL,BULL,1369.343994140625,1302.72,1635.84,-1.0,1,0
AXISCADES,MBAG_V1_CHAMP_BASE60_T3R,2026-04-17,VAL,BULL,1885.5,1672.13,2525.61,0.81,0,0
AXISCADES,MBAG_V2A_CONVEX_CAT_90D_T4R,2026-04-17,VAL,BULL,1885.5,1714.8,2568.3,-0.13,0,0
AXISCADES,MBAG_V3C_90D_MULTI_REGIME_T4R,2026-04-17,VAL,BULL,1885.5,1714.8,2568.3,-0.13,0,0
AXISCADES,MBAG_V3D_60D_CONVEX_RUNNER_T5R,2026-04-17,VAL,BULL,1885.5,1748.94,2568.3,-1.0,1,0
AYE,MBAG_V3A_40D_MICRO_SURGE_T3_5R,2026-06-02,HOLDOUT,BULL,163.97999572753906,146.54,225.02,-1.0,1,0
AYE,MBAG_V3D_60D_CONVEX_RUNNER_T5R,2026-06-02,HOLDOUT,BULL,163.97999572753906,148.48,241.48,-1.0,1,0
AYE,MBAG_V1_CHAMP_BASE60_T3R,2026-06-29,HOLDOUT,BULL,176.60000610351562,156.13,238.01,-0.48,0,0
AYE,MBAG_V3C_90D_MULTI_REGIME_T4R,2026-06-29,HOLDOUT,BULL,176.60000610351562,160.23,242.08,-1.0,1,0
BAJAJ-AUTO,MBAG_V1_CHAMP_BASE60_T3R,2025-12-30,DEV,BULL,9153.1845703125,8795.72,10225.58,0.42,0,0
BAJAJ-AUTO,MBAG_V1_CHAMP_BASE60_T3R,2026-05-07,VAL,BULL,10457.82421875,9897.32,12139.34,-0.17,0,0
BAJAJ-AUTO,MBAG_V2A_CONVEX_CAT_90D_T4R,2026-05-07,VAL,BULL,10457.82421875,10009.42,12251.44,-1.0,1,0
BAJAJ-AUTO,MBAG_V2B_EXPANSION_120D_T5R,2026-05-07,VAL,BULL,10457.82421875,10054.26,12475.65,-1.0,1,0
BAJAJ-AUTO,MBAG_V3A_40D_MICRO_SURGE_T3_5R,2026-05-07,VAL,BULL,10457.82421875,10054.26,11870.3,-1.0,1,0
BAJAJ-AUTO,MBAG_V3B_60D_VOLUME_ANOMALY_T4R,2026-05-07,VAL,BULL,10457.82421875,10054.26,12072.08,-1.0,1,0
BAJAJ-AUTO,MBAG_V3C_90D_MULTI_REGIME_T4R,2026-05-07,VAL,BULL,10457.82421875,10009.42,12251.44,-1.0,1,0
BAJAJ-AUTO,MBAG_V3D_60D_CONVEX_RUNNER_T5R,2026-05-07,VAL,BULL,10457.82421875,10099.1,12251.45,-1.0,1,0
BAJAJCON,MBAG_V3A_40D_MICRO_SURGE_T3_5R,2026-01-22,VAL,BULL,296.8999938964844,276.78,367.32,3.5,0,1
BAJAJCON,MBAG_V3A_40D_MICRO_SURGE_T3_5R,2026-01-23,VAL,BULL,305.79998779296875,285.12,378.18,3.5,0,1
BAJAJCON,MBAG_V1_CHAMP_BASE60_T3R,2026-04-10,VAL,BULL,432.25,380.96,586.12,2.09,0,0
BAJAJCON,MBAG_V2A_CONVEX_CAT_90D_T4R,2026-04-10,VAL,BULL,432.25,391.21,596.41,3.16,0,0
BAJAJCON,MBAG_V2B_EXPANSION_120D_T5R,2026-04-10,VAL,BULL,432.25,395.32,616.9,3.87,0,0
BAJAJCON,MBAG_V3A_40D_MICRO_SURGE_T3_5R,2026-04-10,VAL,BULL,432.25,395.32,561.5,2.41,0,0
BAJAJCON,MBAG_V3B_60D_VOLUME_ANOMALY_T4R,2026-04-10,VAL,BULL,432.25,395.32,579.97,4.0,0,1
BAJAJCON,MBAG_V3C_90D_MULTI_REGIME_T4R,2026-04-10,VAL,BULL,432.25,391.21,596.41,3.16,0,0
BAJAJCON,MBAG_V3D_60D_CONVEX_RUNNER_T5R,2026-04-10,VAL,BULL,432.25,399.42,596.4,3.86,0,0
BAJAJCON,MBAG_V2A_CONVEX_CAT_90D_T4R,2026-04-17,VAL,BULL,469.95001220703125,421.62,663.27,1.71,0,0
BAJAJCON,MBAG_V2B_EXPANSION_120D_T5R,2026-04-17,VAL,BULL,469.95001220703125,426.45,687.45,2.8,0,0
BAJAJCON,MBAG_V3A_40D_MICRO_SURGE_T3_5R,2026-04-17,VAL,BULL,469.95001220703125,426.45,622.2,2.34,0,0
BAJAJCON,MBAG_V3B_60D_VOLUME_ANOMALY_T4R,2026-04-17,VAL,BULL,469.95001220703125,426.45,643.95,1.9,0,0
BAJAJCON,MBAG_V3C_90D_MULTI_REGIME_T4R,2026-04-17,VAL,BULL,469.95001220703125,421.62,663.27,1.71,0,0
BAJAJCON,MBAG_V3D_60D_CONVEX_RUNNER_T5R,2026-04-17,VAL,BULL,469.95001220703125,431.29,663.25,2.12,0,0
BAJAJCON,MBAG_V1_CHAMP_BASE60_T3R,2026-07-09,HOLDOUT,BULL,643.5499877929688,588.83,807.71,-1.0,1,0
BAJAJCON,MBAG_V1_CHAMP_BASE60_T3R,2026-07-10,HOLDOUT,BULL,670.25,610.77,848.69,-1.0,1,0
BAJAJCON,MBAG_V2A_CONVEX_CAT_90D_T4R,2026-07-10,HOLDOUT,BULL,670.25,622.66,860.61,-1.0,1,0
BAJAJCON,MBAG_V2B_EXPANSION_120D_T5R,2026-07-10,HOLDOUT,BULL,670.25,627.42,884.4,-1.0,1,0
BAJAJCON,MBAG_V3A_40D_MICRO_SURGE_T3_5R,2026-07-10,HOLDOUT,BULL,670.25,627.42,820.16,-1.0,1,0
BAJAJCON,MBAG_V3B_60D_VOLUME_ANOMALY_T4R,2026-07-10,HOLDOUT,BULL,670.25,627.42,841.57,-1.0,1,0
BAJAJCON,MBAG_V3C_90D_MULTI_REGIME_T4R,2026-07-10,HOLDOUT,BULL,670.25,622.66,860.61,-1.0,1,0
BAJAJCON,MBAG_V3D_60D_CONVEX_RUNNER_T5R,2026-07-10,HOLDOUT,BULL,670.25,632.18,860.6,-1.0,1,0
BAJAJELEC,MBAG_V1_CHAMP_BASE60_T3R,2025-08-21,DEV,BULL,1817.2334958909635,1780.74,1926.71,-1.0,1,0
BAJAJELEC,MBAG_V1_CHAMP_BASE60_T3R,2026-02-03,VAL,BULL,1979.6270975564846,1936.19,2109.94,-1.0,1,0
BALAMINES,MBAG_V1_CHAMP_BASE60_T3R,2026-04-24,VAL,BULL,2503.382436785525,2452.88,2654.89,-1.0,1,0
BALKRISIND,MBAG_V1_CHAMP_BASE60_T3R,2025-12-02,DEV,BULL,2432.893798828125,2328.8,2745.18,-1.0,1,0
BALKRISIND,MBAG_V3C_90D_MULTI_REGIME_T4R,2025-12-02,DEV,BULL,2432.893798828125,2349.62,2765.99,-1.0,1,0
BALKRISIND,MBAG_V1_CHAMP_BASE60_T3R,2026-02-03,VAL,BULL,2562.9833984375,2412.91,3013.2,-1.0,1,0
BALKRISIND,MBAG_V2A_CONVEX_CAT_90D_T4R,2026-02-03,VAL,BULL,2562.9833984375,2442.92,3043.24,-1.0,1,0
BALKRISIND,MBAG_V2B_EXPANSION_120D_T5R,2026-02-03,VAL,BULL,2562.9833984375,2454.93,3103.25,-1.0,1,0
BALKRISIND,MBAG_V3A_40D_MICRO_SURGE_T3_5R,2026-02-03,VAL,BULL,2562.9833984375,2454.93,2941.17,-1.0,1,0
BALKRISIND,MBAG_V3B_60D_VOLUME_ANOMALY_T4R,2026-02-03,VAL,BULL,2562.9833984375,2454.93,2995.2,-1.0,1,0
BALKRISIND,MBAG_V3C_90D_MULTI_REGIME_T4R,2026-02-03,VAL,BULL,2562.9833984375,2442.92,3043.24,-1.0,1,0
BALKRISIND,MBAG_V3D_60D_CONVEX_RUNNER_T5R,2026-02-03,VAL,BULL,2562.9833984375,2466.94,3043.2,-1.0,1,0
BALKRISIND,MBAG_V1_CHAMP_BASE60_T3R,2026-07-30,HOLDOUT,BULL,2303.197265625,2212.31,2575.86,-1.0,1,0
BALKRISIND,MBAG_V3A_40D_MICRO_SURGE_T3_5R,2026-07-30,HOLDOUT,BULL,2303.197265625,2237.76,2532.23,-1.0,1,0
BALKRISIND,MBAG_V3B_60D_VOLUME_ANOMALY_T4R,2026-07-30,HOLDOUT,BULL,2303.197265625,2237.76,2564.95,-1.0,1,0
BALKRISIND,MBAG_V3D_60D_CONVEX_RUNNER_T5R,2026-07-30,HOLDOUT,BULL,2303.197265625,2245.03,2594.03,-1.0,1,0
BALKRISIND,MBAG_V1_CHAMP_BASE60_T3R,2026-07-31,HOLDOUT,BULL,2469.530029296875,2355.54,2811.5,-1.0,1,0
BALKRISIND,MBAG_V2A_CONVEX_CAT_90D_T4R,2026-07-31,HOLDOUT,BULL,2469.530029296875,2378.33,2834.33,-1.0,1,0
BALKRISIND,MBAG_V3A_40D_MICRO_SURGE_T3_5R,2026-07-31,HOLDOUT,BULL,2469.530029296875,2387.45,2756.81,-1.0,1,0
BALKRISIND,MBAG_V3C_90D_MULTI_REGIME_T4R,2026-07-31,HOLDOUT,BULL,2469.530029296875,2378.33,2834.33,-1.0,1,0
BALKRISIND,MBAG_V3D_60D_CONVEX_RUNNER_T5R,2026-07-31,HOLDOUT,BULL,2469.530029296875,2396.57,2834.33,-1.0,1,0
BALRAMCHIN,MBAG_V3A_40D_MICRO_SURGE_T3_5R,2026-02-10,VAL,NEUTRAL,467.0,440.93,558.24,0.34,0,0
BALRAMCHIN,MBAG_V1_CHAMP_BASE60_T3R,2026-03-04,VAL,BULL,491.70001220703125,454.82,602.34,-1.0,1,0
BALRAMCHIN,MBAG_V2A_CONVEX_CAT_90D_T4R,2026-03-04,VAL,BULL,491.70001220703125,462.19,609.74,-1.0,1,0
BALRAMCHIN,MBAG_V3A_40D_MICRO_SURGE_T3_5R,2026-03-04,VAL,BULL,491.70001220703125,465.14,584.66,-1.0,1,0
BALRAMCHIN,MBAG_V3B_60D_VOLUME_ANOMALY_T4R,2026-03-04,VAL,BULL,491.70001220703125,465.14,597.94,-1.0,1,0
BALRAMCHIN,MBAG_V3C_90D_MULTI_REGIME_T4R,2026-03-04,VAL,BULL,491.70001220703125,462.19,609.74,-1.0,1,0
BALRAMCHIN,MBAG_V3D_60D_CONVEX_RUNNER_T5R,2026-03-04,VAL,BULL,491.70001220703125,468.09,609.75,-1.0,1,0
BALRAMCHIN,MBAG_V1_CHAMP_BASE60_T3R,2026-04-22,VAL,BULL,541.5499877929688,500.23,665.51,-1.0,1,0
BALRAMCHIN,MBAG_V2A_CONVEX_CAT_90D_T4R,2026-04-22,VAL,BULL,541.5499877929688,508.49,673.79,-1.0,1,0
BALRAMCHIN,MBAG_V3A_40D_MICRO_SURGE_T3_5R,2026-04-22,VAL,BULL,541.5499877929688,511.8,645.67,-1.0,1,0
BALRAMCHIN,MBAG_V3C_90D_MULTI_REGIME_T4R,2026-04-22,VAL,BULL,541.5499877929688,508.49,673.79,-1.0,1,0
BALRAMCHIN,MBAG_V3D_60D_CONVEX_RUNNER_T5R,2026-04-22,VAL,BULL,541.5499877929688,515.1,673.8,-1.0,1,0
BALUFORGE,MBAG_V3A_40D_MICRO_SURGE_T3_5R,2026-04-29,VAL,BEAR,513.4000244140625,481.82,623.93,-1.0,1,0
BALUFORGE,MBAG_V1_CHAMP_BASE60_T3R,2026-04-30,VAL,NEUTRAL,541.4000244140625,493.52,685.04,-1.0,1,0
BALUFORGE,MBAG_V3A_40D_MICRO_SURGE_T3_5R,2026-04-30,VAL,NEUTRAL,541.4000244140625,506.92,662.08,-1.0,1,0
BALUFORGE,MBAG_V3B_60D_VOLUME_ANOMALY_T4R,2026-04-30,VAL,NEUTRAL,541.4000244140625,506.92,679.32,-1.0,1,0
BALUFORGE,MBAG_V3D_60D_CONVEX_RUNNER_T5R,2026-04-30,VAL,NEUTRAL,541.4000244140625,510.75,694.65,-1.0,1,0
BALUFORGE,MBAG_V1_CHAMP_BASE60_T3R,2026-05-04,VAL,NEUTRAL,561.0999755859375,514.68,700.36,-1.0,1,0
BANCOINDIA,MBAG_V1_CHAMP_BASE60_T3R,2026-05-29,VAL,NEUTRAL,656.25,606.36,805.92,0.05,0,0
BANCOINDIA,MBAG_V3A_40D_MICRO_SURGE_T3_5R,2026-05-29,VAL,NEUTRAL,656.25,620.33,781.97,0.91,0,0
BANCOINDIA,MBAG_V3B_60D_VOLUME_ANOMALY_T4R,2026-05-29,VAL,NEUTRAL,656.25,620.33,799.93,0.71,0,0
BANCOINDIA,MBAG_V3D_60D_CONVEX_RUNNER_T5R,2026-05-29,VAL,NEUTRAL,656.25,624.32,815.9,-1.0,1,0
BANCOINDIA,MBAG_V1_CHAMP_BASE60_T3R,2026-06-12,HOLDOUT,BULL,689.5499877929688,621.26,894.42,-0.11,0,0
BANCOINDIA,MBAG_V3D_60D_CONVEX_RUNNER_T5R,2026-06-12,HOLDOUT,BULL,689.5499877929688,645.85,908.05,-1.0,1,0
BANKBEES.NS,MBAG_V1_CHAMP_BASE60_T3R,2025-11-26,DEV,BULL,614.219970703125,601.75,651.63,-0.32,0,0
BANKINDIA,MBAG_V1_CHAMP_BASE60_T3R,2026-05-29,VAL,BULL,861.4016669382119,842.52,918.05,-1.0,1,0
BANKINDIA,MBAG_V1_CHAMP_BASE60_T3R,2026-07-03,HOLDOUT,BULL,879.3527510688333,861.4,933.21,3.0,0,1
BANKINDIA,MBAG_V1_CHAMP_BASE60_T3R,2026-07-06,HOLDOUT,BULL,890.5050809479188,871.55,947.37,-1.0,1,0
BANKINDIA,MBAG_V1_CHAMP_BASE60_T3R,2026-07-09,HOLDOUT,BULL,912.2550661042436,893.14,969.6,-1.0,1,0
BANKINDIA,MBAG_V1_CHAMP_BASE60_T3R,2026-07-10,HOLDOUT,BULL,917.5552611643714,899.19,972.65,-1.0,1,0
BATAINDIA,MBAG_V1_CHAMP_BASE60_T3R,2025-11-07,DEV,BULL,1971.1859507203615,1930.38,2093.6,-1.0,1,0
BATAINDIA,MBAG_V1_CHAMP_BASE60_T3R,2025-12-01,DEV,BULL,2018.1517352704875,1976.71,2142.48,-1.0,1,0
BATAINDIA,MBAG_V1_CHAMP_BASE60_T3R,2025-12-03,DEV,BULL,2032.7039845199208,1988.49,2165.35,-1.0,1,0
BATAINDIA,MBAG_V1_CHAMP_BASE60_T3R,2026-02-03,VAL,BULL,2061.324277026217,2008.09,2221.03,-1.0,1,0
BATAINDIA,MBAG_V2A_CONVEX_CAT_90D_T4R,2026-02-03,VAL,BULL,2061.324277026217,2018.74,2231.66,-1.0,1,0
BATAINDIA,MBAG_V3C_90D_MULTI_REGIME_T4R,2026-02-03,VAL,BULL,2061.324277026217,2018.74,2231.66,-1.0,1,0
BATAINDIA,MBAG_V1_CHAMP_BASE60_T3R,2026-03-13,VAL,BULL,2171.519714894494,2123.53,2315.49,-1.0,1,0
BATAINDIA,MBAG_V1_CHAMP_BASE60_T3R,2026-03-26,VAL,BULL,2219.139087091515,2167.04,2375.44,-1.0,1,0
BAYERCROP,MBAG_V3A_40D_MICRO_SURGE_T3_5R,2026-02-10,VAL,NEUTRAL,4696.39990234375,4516.61,5325.66,-1.0,1,0
BBTC,MBAG_V1_CHAMP_BASE60_T3R,2025-09-30,DEV,BULL,1320.8037610263093,1291.78,1407.88,-1.0,1,0
BBTC,MBAG_V1_CHAMP_BASE60_T3R,2025-12-11,DEV,BULL,1440.5730777438,1410.48,1530.85,-1.0,1,0
BECTORFOOD,MBAG_V1_CHAMP_BASE60_T3R,2025-08-29,DEV,NEUTRAL,1528.885107943258,1496.93,1624.75,-1.0,1,0
BECTORFOOD,MBAG_V1_CHAMP_BASE60_T3R,2025-09-01,DEV,NEUTRAL,1537.4534558623159,1504.37,1636.7,-1.0,1,0
BECTORFOOD,MBAG_V1_CHAMP_BASE60_T3R,2025-10-08,DEV,BULL,1666.4614601760686,1632.73,1767.66,-1.0,1,0
BECTORFOOD,MBAG_V1_CHAMP_BASE60_T3R,2025-11-13,DEV,BULL,1682.6372842951332,1647.36,1788.47,3.0,0,1
BECTORFOOD,MBAG_V1_CHAMP_BASE60_T3R,2025-11-21,DEV,BULL,1749.3062661571928,1711.6,1862.43,3.0,0,1
BECTORFOOD,MBAG_V1_CHAMP_BASE60_T3R,2025-11-25,DEV,BULL,1780.2640180470864,1741.32,1897.1,3.0,0,1
BECTORFOOD,MBAG_V1_CHAMP_BASE60_T3R,2025-12-01,DEV,BULL,1904.1408888007545,1864.22,2023.9,3.0,0,1
BECTORFOOD,MBAG_V1_CHAMP_BASE60_T3R,2026-03-17,VAL,BULL,2249.8057568582253,2204.18,2386.68,-1.0,1,0
BECTORFOOD,MBAG_V1_CHAMP_BASE60_T3R,2026-05-08,VAL,BULL,2364.4210952310445,2314.93,2512.89,-1.0,1,0
BELRISE,MBAG_V1_CHAMP_BASE60_T3R,2026-01-21,VAL,BULL,1069.2269961304378,1045.78,1139.57,-1.0,1,0
BEML,MBAG_V1_CHAMP_BASE60_T3R,2025-07-29,DEV,BULL,1788.00764297377,1747.18,1910.49,-1.0,1,0
BEML,MBAG_V1_CHAMP_BASE60_T3R,2025-07-31,DEV,BULL,1798.0232609158436,1760.76,1909.81,-1.0,1,0
BEML,MBAG_V1_CHAMP_BASE60_T3R,2026-03-04,VAL,BULL,2126.558414565063,2082.1,2259.93,-1.0,1,0
BERGEPAINT,MBAG_V1_CHAMP_BASE60_T3R,2025-11-13,DEV,BULL,577.9000244140625,546.89,670.93,-1.0,1,0
BERGEPAINT,MBAG_V3A_40D_MICRO_SURGE_T3_5R,2025-11-13,DEV,BULL,577.9000244140625,555.57,656.06,-1.0,1,0
BERGEPAINT,MBAG_V3B_60D_VOLUME_ANOMALY_T4R,2025-11-13,DEV,BULL,577.9000244140625,555.57,667.22,-1.0,1,0
BERGEPAINT,MBAG_V3D_60D_CONVEX_RUNNER_T5R,2025-11-13,DEV,BULL,577.9000244140625,558.05,677.15,-1.0,1,0
BERGEPAINT,MBAG_V1_CHAMP_BASE60_T3R,2026-05-08,VAL,NEUTRAL,515.75,485.29,607.13,-1.0,1,0
BERGEPAINT,MBAG_V3A_40D_MICRO_SURGE_T3_5R,2026-05-08,VAL,NEUTRAL,515.75,493.82,592.5,-1.0,1,0
BERGEPAINT,MBAG_V3B_60D_VOLUME_ANOMALY_T4R,2026-05-08,VAL,NEUTRAL,515.75,493.82,603.47,-1.0,1,0
BERGEPAINT,MBAG_V3D_60D_CONVEX_RUNNER_T5R,2026-05-08,VAL,NEUTRAL,515.75,496.25,613.25,-1.0,1,0
BERGEPAINT,MBAG_V1_CHAMP_BASE60_T3R,2026-05-14,VAL,BULL,533.9000244140625,492.58,657.86,-1.0,1,0
BERGEPAINT,MBAG_V3A_40D_MICRO_SURGE_T3_5R,2026-05-14,VAL,BULL,533.9000244140625,504.15,638.03,-1.0,1,0
BERGEPAINT,MBAG_V3B_60D_VOLUME_ANOMALY_T4R,2026-05-14,VAL,BULL,533.9000244140625,504.15,652.9,-1.0,1,0
BERGEPAINT,MBAG_V3D_60D_CONVEX_RUNNER_T5R,2026-05-14,VAL,BULL,533.9000244140625,507.45,666.15,-1.0,1,0
BERGEPAINT,MBAG_V1_CHAMP_BASE60_T3R,2026-06-19,HOLDOUT,BULL,550.7000122070312,505.41,686.57,-1.0,1,0
BERGEPAINT,MBAG_V2A_CONVEX_CAT_90D_T4R,2026-06-19,HOLDOUT,BULL,550.7000122070312,514.47,695.62,-1.0,1,0
BERGEPAINT,MBAG_V3A_40D_MICRO_SURGE_T3_5R,2026-06-19,HOLDOUT,BULL,550.7000122070312,518.09,664.84,-1.0,1,0
BERGEPAINT,MBAG_V3B_60D_VOLUME_ANOMALY_T4R,2026-06-19,HOLDOUT,BULL,550.7000122070312,518.09,681.14,-1.0,1,0
BERGEPAINT,MBAG_V3C_90D_MULTI_REGIME_T4R,2026-06-19,HOLDOUT,BULL,550.7000122070312,514.47,695.62,-1.0,1,0
BERGEPAINT,MBAG_V3D_60D_CONVEX_RUNNER_T5R,2026-06-19,HOLDOUT,BULL,550.7000122070312,521.72,695.6,-1.0,1,0
BHARATFORG,MBAG_V1_CHAMP_BASE60_T3R,2025-10-23,DEV,BULL,1294.68701171875,1221.67,1513.74,1.5,0,0
BHARATFORG,MBAG_V3A_40D_MICRO_SURGE_T3_5R,2025-10-23,DEV,BULL,1294.68701171875,1242.12,1478.67,2.53,0,0
BHARATFORG,MBAG_V3B_60D_VOLUME_ANOMALY_T4R,2025-10-23,DEV,BULL,1294.68701171875,1242.12,1504.96,2.01,0,0
BHARATFORG,MBAG_V3D_60D_CONVEX_RUNNER_T5R,2025-10-23,DEV,BULL,1294.68701171875,1247.96,1528.32,2.7,0,0
BHARATFORG,MBAG_V1_CHAMP_BASE60_T3R,2025-11-11,DEV,BULL,1396.262451171875,1310.62,1653.19,-0.22,0,0
BHARATFORG,MBAG_V3A_40D_MICRO_SURGE_T3_5R,2025-11-11,DEV,BULL,1396.262451171875,1334.6,1612.08,0.25,0,0
BHARATFORG,MBAG_V3B_60D_VOLUME_ANOMALY_T4R,2025-11-11,DEV,BULL,1396.262451171875,1334.6,1642.91,0.94,0,0
BHARATFORG,MBAG_V3D_60D_CONVEX_RUNNER_T5R,2025-11-11,DEV,BULL,1396.262451171875,1341.45,1670.32,1.24,0,0
BHARATFORG,MBAG_V1_CHAMP_BASE60_T3R,2025-11-19,DEV,BULL,1440.1787109375,1349.91,1710.98,-1.0,1,0
BHARATFORG,MBAG_V1_CHAMP_BASE60_T3R,2026-02-11,VAL,BULL,1669.42041015625,1545.78,2040.34,0.85,0,0
BHARATFORG,MBAG_V2A_CONVEX_CAT_90D_T4R,2026-02-11,VAL,BULL,1669.42041015625,1570.51,2065.06,0.51,0,0
BHARATFORG,MBAG_V3C_90D_MULTI_REGIME_T4R,2026-02-11,VAL,BULL,1669.42041015625,1570.51,2065.06,0.51,0,0
BHARATFORG,MBAG_V3D_60D_CONVEX_RUNNER_T5R,2026-02-11,VAL,BULL,1669.42041015625,1590.29,2065.07,-0.04,0,0
BHARATFORG,MBAG_V1_CHAMP_BASE60_T3R,2026-02-12,VAL,BULL,1719.5108642578125,1582.37,2130.93,-0.36,0,0
BHARATFORG,MBAG_V2A_CONVEX_CAT_90D_T4R,2026-02-12,VAL,BULL,1719.5108642578125,1609.8,2158.35,-0.46,0,0
BHARATFORG,MBAG_V2B_EXPANSION_120D_T5R,2026-02-12,VAL,BULL,1719.5108642578125,1620.77,2213.22,-1.0,1,0
BHARATFORG,MBAG_V3A_40D_MICRO_SURGE_T3_5R,2026-02-12,VAL,BULL,1719.5108642578125,1620.77,2065.1,-0.13,0,0
BHARATFORG,MBAG_V3B_60D_VOLUME_ANOMALY_T4R,2026-02-12,VAL,BULL,1719.5108642578125,1620.77,2114.47,-0.51,0,0
BHARATFORG,MBAG_V3C_90D_MULTI_REGIME_T4R,2026-02-12,VAL,BULL,1719.5108642578125,1609.8,2158.35,-0.46,0,0
BHARATFORG,MBAG_V3D_60D_CONVEX_RUNNER_T5R,2026-02-12,VAL,BULL,1719.5108642578125,1631.74,2158.37,-1.0,1,0
BHARATFORG,MBAG_V1_CHAMP_BASE60_T3R,2026-05-07,VAL,BULL,1986.871826171875,1839.89,2427.82,-1.0,1,0
BHARATFORG,MBAG_V2A_CONVEX_CAT_90D_T4R,2026-05-07,VAL,BULL,1986.871826171875,1869.29,2457.2,-1.0,1,0
BHARATFORG,MBAG_V2B_EXPANSION_120D_T5R,2026-05-07,VAL,BULL,1986.871826171875,1881.04,2516.03,-1.0,1,0
BHARATFORG,MBAG_V3A_40D_MICRO_SURGE_T3_5R,2026-05-07,VAL,BULL,1986.871826171875,1881.04,2357.28,-1.0,1,0
BHARATFORG,MBAG_V3B_60D_VOLUME_ANOMALY_T4R,2026-05-07,VAL,BULL,1986.871826171875,1881.04,2410.2,-1.0,1,0
BHARATFORG,MBAG_V3C_90D_MULTI_REGIME_T4R,2026-05-07,VAL,BULL,1986.871826171875,1869.29,2457.2,-1.0,1,0
BHARATFORG,MBAG_V3D_60D_CONVEX_RUNNER_T5R,2026-05-07,VAL,BULL,1986.871826171875,1892.8,2457.23,-1.0,1,0
BHARATFORG,MBAG_V1_CHAMP_BASE60_T3R,2026-06-22,HOLDOUT,BULL,2097.4365234375,1962.08,2503.51,0.82,0,0
BHARATFORG,MBAG_V1_CHAMP_BASE60_T3R,2026-06-23,HOLDOUT,BULL,2145.789794921875,2010.49,2551.69,0.41,0,0
BHARATFORG,MBAG_V1_CHAMP_BASE60_T3R,2026-06-29,HOLDOUT,BULL,2164.333251953125,2018.12,2602.97,0.12,0,0
BHARATFORG,MBAG_V2A_CONVEX_CAT_90D_T4R,2026-06-29,HOLDOUT,BULL,2164.333251953125,2047.36,2632.23,-0.61,0,0
BHARATFORG,MBAG_V2B_EXPANSION_120D_T5R,2026-06-29,HOLDOUT,BULL,2164.333251953125,2059.06,2690.7,-1.0,1,0
BHARATFORG,MBAG_V3A_40D_MICRO_SURGE_T3_5R,2026-06-29,HOLDOUT,BULL,2164.333251953125,2059.06,2532.79,-1.0,1,0
BHARATFORG,MBAG_V3B_60D_VOLUME_ANOMALY_T4R,2026-06-29,HOLDOUT,BULL,2164.333251953125,2059.06,2585.43,-1.0,1,0
BHARATFORG,MBAG_V3C_90D_MULTI_REGIME_T4R,2026-06-29,HOLDOUT,BULL,2164.333251953125,2047.36,2632.23,-0.61,0,0
BHARATFORG,MBAG_V3D_60D_CONVEX_RUNNER_T5R,2026-06-29,HOLDOUT,BULL,2164.333251953125,2070.75,2632.25,-1.0,1,0
BHARTIARTL,MBAG_V1_CHAMP_BASE60_T3R,2025-10-20,DEV,BULL,2051.5,1972.71,2287.87,1.37,0,0
BHARTIARTL,MBAG_V1_CHAMP_BASE60_T3R,2025-11-04,DEV,BULL,2113.300048828125,2023.8,2381.8,-1.0,1,0
BHARTIARTL,MBAG_V3A_40D_MICRO_SURGE_T3_5R,2025-11-04,DEV,BULL,2113.300048828125,2048.86,2338.84,-1.0,1,0
BHARTIARTL,MBAG_V3D_60D_CONVEX_RUNNER_T5R,2025-11-04,DEV,BULL,2113.300048828125,2056.02,2399.7,-1.0,1,0
BIKAJI,MBAG_V1_CHAMP_BASE60_T3R,2025-11-13,DEV,BULL,818.7725533924842,801.68,870.05,0.02,0,0
BIKAJI,MBAG_V1_CHAMP_BASE60_T3R,2026-02-24,VAL,BULL,874.336969885873,855.43,931.06,-1.0,1,0
BIRLACORPN,MBAG_V1_CHAMP_BASE60_T3R,2025-08-12,DEV,BULL,2243.911586029752,2197.96,2381.77,0.38,0,0
BIRLACORPN,MBAG_V1_CHAMP_BASE60_T3R,2026-07-01,HOLDOUT,BULL,2191.028938699932,2145.11,2328.79,-1.0,1,0
BLSE,MBAG_V1_CHAMP_BASE60_T3R,2026-04-27,VAL,BULL,192.22999572753906,174.71,244.79,1.13,0,0
BLSE,MBAG_V1_CHAMP_BASE60_T3R,2026-04-30,VAL,BULL,197.57000732421875,177.52,257.72,1.12,0,0
BLSE,MBAG_V3A_40D_MICRO_SURGE_T3_5R,2026-04-30,VAL,BULL,197.57000732421875,183.13,248.11,1.91,0,0
BLSE,MBAG_V3B_60D_VOLUME_ANOMALY_T4R,2026-04-30,VAL,BULL,197.57000732421875,183.13,255.33,1.91,0,0
BLSE,MBAG_V3D_60D_CONVEX_RUNNER_T5R,2026-04-30,VAL,BULL,197.57000732421875,184.74,261.72,2.15,0,0
BLSE,MBAG_V1_CHAMP_BASE60_T3R,2026-05-26,VAL,BULL,218.8800048828125,196.69,285.45,0.28,0,0
BLSE,MBAG_V2A_CONVEX_CAT_90D_T4R,2026-05-26,VAL,BULL,218.8800048828125,201.13,289.88,2.72,0,0
BLSE,MBAG_V3A_40D_MICRO_SURGE_T3_5R,2026-05-26,VAL,BULL,218.8800048828125,202.91,274.78,0.9,0,0
BLSE,MBAG_V3B_60D_VOLUME_ANOMALY_T4R,2026-05-26,VAL,BULL,218.8800048828125,202.91,282.76,4.0,0,1
BLSE,MBAG_V3C_90D_MULTI_REGIME_T4R,2026-05-26,VAL,BULL,218.8800048828125,201.13,289.88,2.72,0,0
BLSE,MBAG_V3D_60D_CONVEX_RUNNER_T5R,2026-05-26,VAL,BULL,218.8800048828125,204.68,289.88,3.69,0,0
BLSE,MBAG_V1_CHAMP_BASE60_T3R,2026-07-01,HOLDOUT,BULL,255.4199981689453,234.89,317.01,2.11,0,0
BLSE,MBAG_V2A_CONVEX_CAT_90D_T4R,2026-07-01,HOLDOUT,BULL,255.4199981689453,238.99,321.14,4.0,0,1
BLSE,MBAG_V2B_EXPANSION_120D_T5R,2026-07-01,HOLDOUT,BULL,255.4199981689453,240.64,329.32,4.35,0,0
BLSE,MBAG_V3A_40D_MICRO_SURGE_T3_5R,2026-07-01,HOLDOUT,BULL,255.4199981689453,240.64,307.15,3.5,0,1
BLSE,MBAG_V3B_60D_VOLUME_ANOMALY_T4R,2026-07-01,HOLDOUT,BULL,255.4199981689453,240.64,314.54,4.0,0,1
BLSE,MBAG_V3C_90D_MULTI_REGIME_T4R,2026-07-01,HOLDOUT,BULL,255.4199981689453,238.99,321.14,4.0,0,1
BLSE,MBAG_V3D_60D_CONVEX_RUNNER_T5R,2026-07-01,HOLDOUT,BULL,255.4199981689453,242.28,321.12,5.0,0,1
BLSE,MBAG_V1_CHAMP_BASE60_T3R,2026-07-03,HOLDOUT,BULL,265.1099853515625,241.83,334.95,1.53,0,0
BLSE,MBAG_V2A_CONVEX_CAT_90D_T4R,2026-07-03,HOLDOUT,BULL,265.1099853515625,246.49,339.59,2.64,0,0
BLSE,MBAG_V2B_EXPANSION_120D_T5R,2026-07-03,HOLDOUT,BULL,265.1099853515625,248.35,348.91,3.65,0,0
BLSE,MBAG_V3A_40D_MICRO_SURGE_T3_5R,2026-07-03,HOLDOUT,BULL,265.1099853515625,248.35,323.77,3.5,0,1
BLSE,MBAG_V3B_60D_VOLUME_ANOMALY_T4R,2026-07-03,HOLDOUT,BULL,265.1099853515625,248.35,332.15,2.93,0,0
BLSE,MBAG_V3C_90D_MULTI_REGIME_T4R,2026-07-03,HOLDOUT,BULL,265.1099853515625,246.49,339.59,2.64,0,0
BLSE,MBAG_V3D_60D_CONVEX_RUNNER_T5R,2026-07-03,HOLDOUT,BULL,265.1099853515625,250.21,339.61,3.74,0,0
BLUEJET,MBAG_V3A_40D_MICRO_SURGE_T3_5R,2026-04-27,VAL,BEAR,443.6499938964844,412.21,553.69,-1.0,1,0
BLUEJET,MBAG_V1_CHAMP_BASE60_T3R,2026-05-04,VAL,BEAR,475.8500061035156,433.91,601.67,-1.0,1,0
BLUEJET,MBAG_V1_CHAMP_BASE60_T3R,2026-07-07,HOLDOUT,BULL,579.1500244140625,526.16,738.12,0.05,0,0
BLUEJET,MBAG_V2A_CONVEX_CAT_90D_T4R,2026-07-07,HOLDOUT,BULL,579.1500244140625,536.76,748.71,0.66,0,0
BLUEJET,MBAG_V2B_EXPANSION_120D_T5R,2026-07-07,HOLDOUT,BULL,579.1500244140625,541.0,769.9,0.22,0,0
BLUEJET,MBAG_V3A_40D_MICRO_SURGE_T3_5R,2026-07-07,HOLDOUT,BULL,579.1500244140625,541.0,712.68,0.3,0,0
BLUEJET,MBAG_V3B_60D_VOLUME_ANOMALY_T4R,2026-07-07,HOLDOUT,BULL,579.1500244140625,541.0,731.75,0.74,0,0
BLUEJET,MBAG_V3C_90D_MULTI_REGIME_T4R,2026-07-07,HOLDOUT,BULL,579.1500244140625,536.76,748.71,0.66,0,0
BLUEJET,MBAG_V3D_60D_CONVEX_RUNNER_T5R,2026-07-07,HOLDOUT,BULL,579.1500244140625,545.24,748.7,0.27,0,0
BLUEJET,MBAG_V1_CHAMP_BASE60_T3R,2026-07-10,HOLDOUT,BULL,624.0499877929688,564.79,801.83,-1.0,1,0
BLUEJET,MBAG_V2A_CONVEX_CAT_90D_T4R,2026-07-10,HOLDOUT,BULL,624.0499877929688,576.64,813.69,-1.0,1,0
BLUEJET,MBAG_V2B_EXPANSION_120D_T5R,2026-07-10,HOLDOUT,BULL,624.0499877929688,581.38,837.4,-1.0,1,0
BLUEJET,MBAG_V3A_40D_MICRO_SURGE_T3_5R,2026-07-10,HOLDOUT,BULL,624.0499877929688,581.38,773.39,-1.0,1,0
BLUEJET,MBAG_V3B_60D_VOLUME_ANOMALY_T4R,2026-07-10,HOLDOUT,BULL,624.0499877929688,581.38,794.73,-1.0,1,0
BLUEJET,MBAG_V3C_90D_MULTI_REGIME_T4R,2026-07-10,HOLDOUT,BULL,624.0499877929688,576.64,813.69,-1.0,1,0
BLUEJET,MBAG_V3D_60D_CONVEX_RUNNER_T5R,2026-07-10,HOLDOUT,BULL,624.0499877929688,586.12,813.7,-1.0,1,0
BLUESTARCO,MBAG_V1_CHAMP_BASE60_T3R,2026-04-07,VAL,BULL,1823.03566268725,1785.79,1934.77,-1.0,1,0
BORORENEW,MBAG_V1_CHAMP_BASE60_T3R,2026-05-06,VAL,NEUTRAL,544.8499755859375,504.16,666.92,-1.0,1,0
BORORENEW,MBAG_V3D_60D_CONVEX_RUNNER_T5R,2026-05-06,VAL,NEUTRAL,544.8499755859375,518.81,675.05,-1.0,1,0
BORORENEW,MBAG_V1_CHAMP_BASE60_T3R,2026-05-07,VAL,BULL,565.5499877929688,524.83,687.71,-1.0,1,0
BORORENEW,MBAG_V2A_CONVEX_CAT_90D_T4R,2026-05-07,VAL,BULL,565.5499877929688,532.97,695.87,-1.0,1,0
BORORENEW,MBAG_V3A_40D_MICRO_SURGE_T3_5R,2026-05-07,VAL,BULL,565.5499877929688,536.23,668.17,-1.0,1,0
BORORENEW,MBAG_V3B_60D_VOLUME_ANOMALY_T4R,2026-05-07,VAL,BULL,565.5499877929688,536.23,682.83,-1.0,1,0
BORORENEW,MBAG_V3C_90D_MULTI_REGIME_T4R,2026-05-07,VAL,BULL,565.5499877929688,532.97,695.87,-1.0,1,0
BORORENEW,MBAG_V3D_60D_CONVEX_RUNNER_T5R,2026-05-07,VAL,BULL,565.5499877929688,539.49,695.85,-1.0,1,0
BOSCHLTD,MBAG_V3A_40D_MICRO_SURGE_T3_5R,2026-01-02,VAL,BULL,39420.0,38044.29,44234.98,-1.0,1,0
BOSCHLTD,MBAG_V1_CHAMP_BASE60_T3R,2026-06-12,HOLDOUT,BULL,39060.0,36563.57,46549.29,1.1,0,0
BPCL,MBAG_V1_CHAMP_BASE60_T3R,2025-10-30,DEV,BULL,340.70025634765625,321.73,397.61,0.45,0,0
BPCL,MBAG_V1_CHAMP_BASE60_T3R,2025-11-03,DEV,BULL,349.94183349609375,330.67,407.76,-0.05,0,0
BPCL,MBAG_V3A_40D_MICRO_SURGE_T3_5R,2025-11-03,DEV,BULL,349.94183349609375,336.07,398.49,-0.33,0,0
BPCL,MBAG_V3D_60D_CONVEX_RUNNER_T5R,2025-11-03,DEV,BULL,349.94183349609375,337.61,411.6,0.8,0,0
BPCL,MBAG_V1_CHAMP_BASE60_T3R,2025-12-31,DEV,BULL,373.46502685546875,353.77,432.55,-1.0,1,0
BPCL,MBAG_V2A_CONVEX_CAT_90D_T4R,2025-12-31,DEV,BULL,373.46502685546875,357.71,436.49,-1.0,1,0
BPCL,MBAG_V3C_90D_MULTI_REGIME_T4R,2025-12-31,DEV,BULL,373.46502685546875,357.71,436.49,-1.0,1,0
BPCL,MBAG_V3D_60D_CONVEX_RUNNER_T5R,2025-12-31,DEV,BULL,373.46502685546875,360.86,436.49,-1.0,1,0
BRIGADE,MBAG_V1_CHAMP_BASE60_T3R,2025-08-28,DEV,BULL,1864.884835463533,1825.17,1984.03,-1.0,1,0
BRIGADE,MBAG_V1_CHAMP_BASE60_T3R,2026-02-17,VAL,BULL,2373.557378737388,2318.31,2539.3,-1.0,1,0
BRIGADE,MBAG_V1_CHAMP_BASE60_T3R,2026-05-04,VAL,BULL,2645.0669373036067,2591.63,2805.38,3.0,0,1
BRIGADE,MBAG_V1_CHAMP_BASE60_T3R,2026-05-06,VAL,BULL,2677.251168607529,2623.44,2838.68,-1.0,1,0
BRIGADE,MBAG_V1_CHAMP_BASE60_T3R,2026-07-06,HOLDOUT,BULL,2811.8960089990846,2752.11,2991.25,-1.0,1,0
BSE,MBAG_V1_CHAMP_BASE60_T3R,2025-11-07,DEV,BULL,2671.262451171875,2465.73,3287.86,0.67,0,0
BSE,MBAG_V3A_40D_MICRO_SURGE_T3_5R,2025-11-07,DEV,BULL,2671.262451171875,2523.28,3189.2,0.38,0,0
BSE,MBAG_V3B_60D_VOLUME_ANOMALY_T4R,2025-11-07,DEV,BULL,2671.262451171875,2523.28,3263.19,0.04,0,0
BSE,MBAG_V3D_60D_CONVEX_RUNNER_T5R,2025-11-07,DEV,BULL,2671.262451171875,2539.72,3328.97,-0.38,0,0
BSE,MBAG_V1_CHAMP_BASE60_T3R,2025-11-12,DEV,BULL,2768.107177734375,2548.19,3427.86,-0.88,0,0
BSE,MBAG_V3A_40D_MICRO_SURGE_T3_5R,2025-11-12,DEV,BULL,2768.107177734375,2609.76,3322.32,-1.0,1,0
BSE,MBAG_V3B_60D_VOLUME_ANOMALY_T4R,2025-11-12,DEV,BULL,2768.107177734375,2609.76,3401.5,-1.0,1,0
BSE,MBAG_V3D_60D_CONVEX_RUNNER_T5R,2025-11-12,DEV,BULL,2768.107177734375,2627.36,3471.84,-1.0,1,0
BSE,MBAG_V1_CHAMP_BASE60_T3R,2026-02-10,VAL,BULL,3165.859375,2922.86,3894.86,-1.0,1,0
BSE,MBAG_V2A_CONVEX_CAT_90D_T4R,2026-02-10,VAL,BULL,3165.859375,2971.46,3943.46,-1.0,1,0
BSE,MBAG_V2B_EXPANSION_120D_T5R,2026-02-10,VAL,BULL,3165.859375,2990.9,4040.66,-1.0,1,0
BSE,MBAG_V3A_40D_MICRO_SURGE_T3_5R,2026-02-10,VAL,BULL,3165.859375,2990.9,3778.22,-1.0,1,0
BSE,MBAG_V3B_60D_VOLUME_ANOMALY_T4R,2026-02-10,VAL,BULL,3165.859375,2990.9,3865.7,-1.0,1,0
BSE,MBAG_V3C_90D_MULTI_REGIME_T4R,2026-02-10,VAL,BULL,3165.859375,2971.46,3943.46,-1.0,1,0
BSE,MBAG_V3D_60D_CONVEX_RUNNER_T5R,2026-02-10,VAL,BULL,3165.859375,3010.34,3943.46,-1.0,1,0
BSE,MBAG_V1_CHAMP_BASE60_T3R,2026-04-09,VAL,BULL,3248.8408203125,2975.08,4070.12,2.37,0,0
BSE,MBAG_V1_CHAMP_BASE60_T3R,2026-05-14,VAL,BULL,4026.990966796875,3784.97,4753.05,-1.0,1,0
BSE,MBAG_V1_CHAMP_BASE60_T3R,2026-05-19,VAL,BULL,4179.7880859375,3895.07,5033.94,-1.0,1,0
BSE,MBAG_V3C_90D_MULTI_REGIME_T4R,2026-05-19,VAL,BULL,4179.7880859375,3952.02,5090.86,-1.0,1,0
BSOFT,MBAG_V1_CHAMP_BASE60_T3R,2025-10-03,DEV,NEUTRAL,1014.3992947944361,989.89,1087.93,-1.0,1,0
CAMPUS,MBAG_V1_CHAMP_BASE60_T3R,2026-02-10,VAL,BULL,280.5769348144531,255.69,355.24,-1.0,1,0
CAMPUS,MBAG_V3A_40D_MICRO_SURGE_T3_5R,2026-02-10,VAL,BULL,280.5769348144531,262.66,343.29,-1.0,1,0
CAMPUS,MBAG_V3B_60D_VOLUME_ANOMALY_T4R,2026-02-10,VAL,BULL,280.5769348144531,262.66,352.24,-1.0,1,0
CAMPUS,MBAG_V3D_60D_CONVEX_RUNNER_T5R,2026-02-10,VAL,BULL,280.5769348144531,264.65,360.21,-1.0,1,0
CAMS,MBAG_V1_CHAMP_BASE60_T3R,2026-04-17,VAL,NEUTRAL,746.2817993164062,694.28,902.29,0.65,0,0
CAMS,MBAG_V1_CHAMP_BASE60_T3R,2026-04-23,VAL,BULL,766.4273681640625,713.84,924.19,-1.0,1,0
CAMS,MBAG_V3D_60D_CONVEX_RUNNER_T5R,2026-04-23,VAL,BULL,766.4273681640625,732.77,934.71,-1.0,1,0
CAMS,MBAG_V1_CHAMP_BASE60_T3R,2026-05-05,VAL,BULL,793.2881469726562,735.45,966.8,-0.43,0,0
CAMS,MBAG_V2A_CONVEX_CAT_90D_T4R,2026-05-05,VAL,BULL,793.2881469726562,747.02,978.36,-1.0,1,0
CAMS,MBAG_V3A_40D_MICRO_SURGE_T3_5R,2026-05-05,VAL,BULL,793.2881469726562,751.65,939.02,-1.0,1,0
CAMS,MBAG_V3B_60D_VOLUME_ANOMALY_T4R,2026-05-05,VAL,BULL,793.2881469726562,751.65,959.84,-1.0,1,0
CAMS,MBAG_V3C_90D_MULTI_REGIME_T4R,2026-05-05,VAL,BULL,793.2881469726562,747.02,978.36,-1.0,1,0
CAMS,MBAG_V3D_60D_CONVEX_RUNNER_T5R,2026-05-05,VAL,BULL,793.2881469726562,756.27,978.38,-1.0,1,0
CAMS,MBAG_V1_CHAMP_BASE60_T3R,2026-05-06,VAL,BULL,811.6429443359375,751.33,992.58,-1.0,1,0
CANBK,MBAG_V1_CHAMP_BASE60_T3R,2025-10-30,DEV,BULL,128.646240234375,121.15,151.13,2.41,0,0
CANBK,MBAG_V3A_40D_MICRO_SURGE_T3_5R,2025-10-30,DEV,BULL,128.646240234375,123.25,147.53,3.5,0,1
CANBK,MBAG_V3B_60D_VOLUME_ANOMALY_T4R,2025-10-30,DEV,BULL,128.646240234375,123.25,150.23,2.46,0,0
CANBK,MBAG_V3D_60D_CONVEX_RUNNER_T5R,2025-10-30,DEV,BULL,128.646240234375,123.85,152.63,3.17,0,0
CANBK,MBAG_V1_CHAMP_BASE60_T3R,2025-10-31,DEV,BULL,132.61532592773438,124.23,157.77,1.56,0,0
CANBK,MBAG_V3A_40D_MICRO_SURGE_T3_5R,2025-10-31,DEV,BULL,132.61532592773438,126.58,153.74,0.94,0,0
CANBK,MBAG_V3D_60D_CONVEX_RUNNER_T5R,2025-10-31,DEV,BULL,132.61532592773438,127.25,159.44,2.4,0,0
CANBK,MBAG_V1_CHAMP_BASE60_T3R,2025-11-03,DEV,BULL,135.1419677734375,126.39,161.4,1.37,0,0
CANFINHOME,MBAG_V1_CHAMP_BASE60_T3R,2025-10-20,DEV,BULL,824.452880859375,774.68,973.77,1.03,0,0
CANFINHOME,MBAG_V3A_40D_MICRO_SURGE_T3_5R,2025-10-20,DEV,BULL,824.452880859375,788.61,949.9,1.41,0,0
CANFINHOME,MBAG_V3B_60D_VOLUME_ANOMALY_T4R,2025-10-20,DEV,BULL,824.452880859375,788.61,967.82,1.43,0,0
CANFINHOME,MBAG_V3D_60D_CONVEX_RUNNER_T5R,2025-10-20,DEV,BULL,824.452880859375,792.6,983.72,1.97,0,0
CAPLIPOINT,MBAG_V3A_40D_MICRO_SURGE_T3_5R,2026-05-06,VAL,NEUTRAL,1837.659912109375,1755.83,2124.06,3.5,0,1
CAPLIPOINT,MBAG_V1_CHAMP_BASE60_T3R,2026-05-14,VAL,BULL,2019.799072265625,1855.57,2512.49,1.89,0,0
CAPLIPOINT,MBAG_V2A_CONVEX_CAT_90D_T4R,2026-05-14,VAL,BULL,2019.799072265625,1888.42,2545.32,4.0,0,1
CAPLIPOINT,MBAG_V2B_EXPANSION_120D_T5R,2026-05-14,VAL,BULL,2019.799072265625,1901.55,2611.04,5.0,0,1
CAPLIPOINT,MBAG_V3A_40D_MICRO_SURGE_T3_5R,2026-05-14,VAL,BULL,2019.799072265625,1901.55,2433.67,3.5,0,1
CAPLIPOINT,MBAG_V3B_60D_VOLUME_ANOMALY_T4R,2026-05-14,VAL,BULL,2019.799072265625,1901.55,2492.8,4.0,0,1
CAPLIPOINT,MBAG_V3C_90D_MULTI_REGIME_T4R,2026-05-14,VAL,BULL,2019.799072265625,1888.42,2545.32,4.0,0,1
CAPLIPOINT,MBAG_V3D_60D_CONVEX_RUNNER_T5R,2026-05-14,VAL,BULL,2019.799072265625,1914.69,2545.34,5.0,0,1
CAPLIPOINT,MBAG_V1_CHAMP_BASE60_T3R,2026-06-08,HOLDOUT,BULL,2111.0,1959.8,2564.6,3.0,0,1
CAPLIPOINT,MBAG_V2A_CONVEX_CAT_90D_T4R,2026-06-08,HOLDOUT,BULL,2111.0,1990.04,2594.84,4.0,0,1
CAPLIPOINT,MBAG_V3A_40D_MICRO_SURGE_T3_5R,2026-06-08,HOLDOUT,BULL,2111.0,2002.13,2492.04,3.5,0,1
CAPLIPOINT,MBAG_V3C_90D_MULTI_REGIME_T4R,2026-06-08,HOLDOUT,BULL,2111.0,1990.04,2594.84,4.0,0,1
CAPLIPOINT,MBAG_V3D_60D_CONVEX_RUNNER_T5R,2026-06-08,HOLDOUT,BULL,2111.0,2014.23,2594.85,5.0,0,1
CAPLIPOINT,MBAG_V1_CHAMP_BASE60_T3R,2026-06-09,HOLDOUT,BULL,2255.199951171875,2084.98,2765.86,1.83,0,0
CAPLIPOINT,MBAG_V2A_CONVEX_CAT_90D_T4R,2026-06-09,HOLDOUT,BULL,2255.199951171875,2119.02,2799.92,2.59,0,0
CAPLIPOINT,MBAG_V3C_90D_MULTI_REGIME_T4R,2026-06-09,HOLDOUT,BULL,2255.199951171875,2119.02,2799.92,2.59,0,0
CAPLIPOINT,MBAG_V3D_60D_CONVEX_RUNNER_T5R,2026-06-09,HOLDOUT,BULL,2255.199951171875,2146.26,2799.9,3.06,0,0
CAPLIPOINT,MBAG_V1_CHAMP_BASE60_T3R,2026-06-10,HOLDOUT,BULL,2309.39990234375,2118.34,2882.58,1.15,0,0
CAPLIPOINT,MBAG_V2A_CONVEX_CAT_90D_T4R,2026-06-10,HOLDOUT,BULL,2309.39990234375,2156.55,2920.8,1.12,0,0
CAPLIPOINT,MBAG_V2B_EXPANSION_120D_T5R,2026-06-10,HOLDOUT,BULL,2309.39990234375,2171.83,2997.25,1.69,0,0
CAPLIPOINT,MBAG_V3A_40D_MICRO_SURGE_T3_5R,2026-06-10,HOLDOUT,BULL,2309.39990234375,2171.83,2790.89,2.46,0,0
CAPLIPOINT,MBAG_V3B_60D_VOLUME_ANOMALY_T4R,2026-06-10,HOLDOUT,BULL,2309.39990234375,2171.83,2859.68,1.24,0,0
CAPLIPOINT,MBAG_V3C_90D_MULTI_REGIME_T4R,2026-06-10,HOLDOUT,BULL,2309.39990234375,2156.55,2920.8,1.12,0,0
CAPLIPOINT,MBAG_V3D_60D_CONVEX_RUNNER_T5R,2026-06-10,HOLDOUT,BULL,2309.39990234375,2187.12,2920.8,2.48,0,0
CAPLIPOINT,MBAG_V1_CHAMP_BASE60_T3R,2026-06-19,HOLDOUT,BULL,2503.5,2258.02,3239.94,0.45,0,0
CAPLIPOINT,MBAG_V3C_90D_MULTI_REGIME_T4R,2026-06-19,HOLDOUT,BULL,2503.5,2307.11,3289.06,0.07,0,0
CAPLIPOINT,MBAG_V1_CHAMP_BASE60_T3R,2026-06-30,HOLDOUT,BULL,2626.0,2404.39,3290.83,-0.17,0,0
CARYSIL,MBAG_V3A_40D_MICRO_SURGE_T3_5R,2026-02-04,VAL,BULL,1020.0999755859375,949.51,1267.16,-1.0,1,0
CARYSIL,MBAG_V1_CHAMP_BASE60_T3R,2026-05-20,VAL,BULL,1022.2999877929688,922.28,1322.36,1.65,0,0
CARYSIL,MBAG_V3A_40D_MICRO_SURGE_T3_5R,2026-05-20,VAL,BULL,1022.2999877929688,950.29,1274.33,2.45,0,0
CARYSIL,MBAG_V3B_60D_VOLUME_ANOMALY_T4R,2026-05-20,VAL,BULL,1022.2999877929688,950.29,1310.34,2.08,0,0
CARYSIL,MBAG_V3D_60D_CONVEX_RUNNER_T5R,2026-05-20,VAL,BULL,1022.2999877929688,958.29,1342.35,1.19,0,0
CARYSIL,MBAG_V1_CHAMP_BASE60_T3R,2026-05-25,VAL,BULL,1116.550048828125,993.87,1484.59,0.61,0,0
CARYSIL,MBAG_V2A_CONVEX_CAT_90D_T4R,2026-05-25,VAL,BULL,1116.550048828125,1018.41,1509.11,0.31,0,0
CARYSIL,MBAG_V3A_40D_MICRO_SURGE_T3_5R,2026-05-25,VAL,BULL,1116.550048828125,1028.22,1425.71,0.81,0,0
CARYSIL,MBAG_V3C_90D_MULTI_REGIME_T4R,2026-05-25,VAL,BULL,1116.550048828125,1018.41,1509.11,0.31,0,0
CARYSIL,MBAG_V3D_60D_CONVEX_RUNNER_T5R,2026-05-25,VAL,BULL,1116.550048828125,1038.04,1509.1,0.85,0,0
CARYSIL,MBAG_V2A_CONVEX_CAT_90D_T4R,2026-06-10,HOLDOUT,BULL,1191.9000244140625,1073.47,1665.62,-0.35,0,0
CARYSIL,MBAG_V2B_EXPANSION_120D_T5R,2026-06-10,HOLDOUT,BULL,1191.9000244140625,1085.31,1724.85,-1.0,1,0
CARYSIL,MBAG_V3A_40D_MICRO_SURGE_T3_5R,2026-06-10,HOLDOUT,BULL,1191.9000244140625,1085.31,1564.97,-1.0,1,0
CARYSIL,MBAG_V3B_60D_VOLUME_ANOMALY_T4R,2026-06-10,HOLDOUT,BULL,1191.9000244140625,1085.31,1618.26,-1.0,1,0
CARYSIL,MBAG_V3C_90D_MULTI_REGIME_T4R,2026-06-10,HOLDOUT,BULL,1191.9000244140625,1073.47,1665.62,-0.35,0,0
CARYSIL,MBAG_V3D_60D_CONVEX_RUNNER_T5R,2026-06-10,HOLDOUT,BULL,1191.9000244140625,1097.16,1665.6,-1.0,1,0
CCL,MBAG_V1_CHAMP_BASE60_T3R,2025-11-06,DEV,BULL,970.4786987304688,911.19,1148.34,0.06,0,0
CCL,MBAG_V3A_40D_MICRO_SURGE_T3_5R,2025-11-06,DEV,BULL,970.4786987304688,927.79,1119.89,-1.0,1,0
CCL,MBAG_V3B_60D_VOLUME_ANOMALY_T4R,2025-11-06,DEV,BULL,970.4786987304688,927.79,1141.23,-1.0,1,0
CCL,MBAG_V3D_60D_CONVEX_RUNNER_T5R,2025-11-06,DEV,BULL,970.4786987304688,932.54,1160.17,-1.0,1,0
CCL,MBAG_V1_CHAMP_BASE60_T3R,2025-11-07,DEV,BULL,1022.3885498046875,952.43,1232.26,-1.0,1,0
CCL,MBAG_V3A_40D_MICRO_SURGE_T3_5R,2025-11-07,DEV,BULL,1022.3885498046875,972.02,1198.68,-1.0,1,0
CCL,MBAG_V3B_60D_VOLUME_ANOMALY_T4R,2025-11-07,DEV,BULL,1022.3885498046875,972.02,1223.86,-1.0,1,0
CCL,MBAG_V3D_60D_CONVEX_RUNNER_T5R,2025-11-07,DEV,BULL,1022.3885498046875,977.61,1246.28,-1.0,1,0
CCL,MBAG_V1_CHAMP_BASE60_T3R,2025-11-10,DEV,BULL,1065.5718994140625,989.12,1294.93,-1.0,1,0
CCL,MBAG_V3A_40D_MICRO_SURGE_T3_5R,2025-11-10,DEV,BULL,1065.5718994140625,1010.52,1258.25,-1.0,1,0
CCL,MBAG_V3D_60D_CONVEX_RUNNER_T5R,2025-11-10,DEV,BULL,1065.5718994140625,1016.64,1310.23,-1.0,1,0
CCL,MBAG_V1_CHAMP_BASE60_T3R,2026-03-20,VAL,BULL,1087.5999755859375,995.62,1363.54,0.04,0,0
CCL,MBAG_V2A_CONVEX_CAT_90D_T4R,2026-03-20,VAL,BULL,1087.5999755859375,1014.01,1381.96,1.63,0,0
CCL,MBAG_V3C_90D_MULTI_REGIME_T4R,2026-03-20,VAL,BULL,1087.5999755859375,1014.01,1381.96,1.63,0,0
CCL,MBAG_V3D_60D_CONVEX_RUNNER_T5R,2026-03-20,VAL,BULL,1087.5999755859375,1028.73,1381.95,-1.0,1,0
CCL,MBAG_V1_CHAMP_BASE60_T3R,2026-04-06,VAL,BULL,1116.9000244140625,1017.95,1413.75,0.6,0,0
CCL,MBAG_V1_CHAMP_BASE60_T3R,2026-04-07,VAL,BULL,1146.0999755859375,1044.22,1451.74,0.32,0,0
CCL,MBAG_V2A_CONVEX_CAT_90D_T4R,2026-04-07,VAL,BULL,1146.0999755859375,1064.6,1472.1,-1.0,1,0
CCL,MBAG_V2B_EXPANSION_120D_T5R,2026-04-07,VAL,BULL,1146.0999755859375,1072.75,1512.85,-1.0,1,0
CCL,MBAG_V3A_40D_MICRO_SURGE_T3_5R,2026-04-07,VAL,BULL,1146.0999755859375,1072.75,1402.82,-1.0,1,0
CCL,MBAG_V3B_60D_VOLUME_ANOMALY_T4R,2026-04-07,VAL,BULL,1146.0999755859375,1072.75,1439.5,-1.0,1,0
CCL,MBAG_V3C_90D_MULTI_REGIME_T4R,2026-04-07,VAL,BULL,1146.0999755859375,1064.6,1472.1,-1.0,1,0
CCL,MBAG_V3D_60D_CONVEX_RUNNER_T5R,2026-04-07,VAL,BULL,1146.0999755859375,1080.9,1472.1,-1.0,1,0
CDSL,MBAG_V3A_40D_MICRO_SURGE_T3_5R,2026-06-18,HOLDOUT,NEUTRAL,1338.1932373046875,1280.49,1540.15,-0.26,0,0
CDSL,MBAG_V1_CHAMP_BASE60_T3R,2026-07-10,HOLDOUT,BULL,1418.95654296875,1338.46,1660.45,-1.0,1,0
CDSL,MBAG_V2A_CONVEX_CAT_90D_T4R,2026-07-10,HOLDOUT,BULL,1418.95654296875,1354.56,1676.54,-1.0,1,0
CDSL,MBAG_V3A_40D_MICRO_SURGE_T3_5R,2026-07-10,HOLDOUT,BULL,1418.95654296875,1361.0,1621.8,-1.0,1,0
CDSL,MBAG_V3B_60D_VOLUME_ANOMALY_T4R,2026-07-10,HOLDOUT,BULL,1418.95654296875,1361.0,1650.78,-1.0,1,0
CDSL,MBAG_V3C_90D_MULTI_REGIME_T4R,2026-07-10,HOLDOUT,BULL,1418.95654296875,1354.56,1676.54,-1.0,1,0
CDSL,MBAG_V3D_60D_CONVEX_RUNNER_T5R,2026-07-10,HOLDOUT,BULL,1418.95654296875,1367.44,1676.54,-1.0,1,0
CEATLTD,MBAG_V1_CHAMP_BASE60_T3R,2025-10-20,DEV,BULL,4203.89990234375,3878.88,5178.96,-1.0,1,0
CEATLTD,MBAG_V3A_40D_MICRO_SURGE_T3_5R,2025-10-20,DEV,BULL,4203.89990234375,3969.89,5022.93,-1.0,1,0
CEATLTD,MBAG_V3B_60D_VOLUME_ANOMALY_T4R,2025-10-20,DEV,BULL,4203.89990234375,3969.89,5139.94,-1.0,1,0
CEATLTD,MBAG_V3D_60D_CONVEX_RUNNER_T5R,2025-10-20,DEV,BULL,4203.89990234375,3995.89,5243.95,-1.0,1,0
CEATLTD,MBAG_V1_CHAMP_BASE60_T3R,2025-10-21,DEV,BULL,4289.7001953125,3941.24,5335.08,-1.0,1,0
CEATLTD,MBAG_V3A_40D_MICRO_SURGE_T3_5R,2025-10-21,DEV,BULL,4289.7001953125,4038.81,5167.82,-1.0,1,0
CEATLTD,MBAG_V3B_60D_VOLUME_ANOMALY_T4R,2025-10-21,DEV,BULL,4289.7001953125,4038.81,5293.26,-1.0,1,0
CEATLTD,MBAG_V3D_60D_CONVEX_RUNNER_T5R,2025-10-21,DEV,BULL,4289.7001953125,4066.68,5404.8,-1.0,1,0
CEATLTD,MBAG_V3A_40D_MICRO_SURGE_T3_5R,2026-07-01,HOLDOUT,NEUTRAL,3634.800048828125,3475.02,4194.03,-1.0,1,0
CEATLTD,MBAG_V3A_40D_MICRO_SURGE_T3_5R,2026-07-02,HOLDOUT,BULL,3805.800048828125,3644.02,4372.03,-1.0,1,0
CEATLTD,MBAG_V3A_40D_MICRO_SURGE_T3_5R,2026-07-07,HOLDOUT,BULL,3915.0,3737.47,4536.36,-1.0,1,0
CEMPRO,MBAG_V1_CHAMP_BASE60_T3R,2026-01-01,VAL,BULL,935.79925310814,916.18,994.66,-1.0,1,0
CENTURYPLY,MBAG_V3A_40D_MICRO_SURGE_T3_5R,2025-12-11,DEV,BULL,839.9000244140625,791.87,1008.01,-1.0,1,0
CENTURYPLY,MBAG_V3A_40D_MICRO_SURGE_T3_5R,2026-04-29,VAL,BULL,823.0499877929688,779.38,975.89,-1.0,1,0
CERA,MBAG_V1_CHAMP_BASE60_T3R,2026-03-18,VAL,BULL,2286.661816741926,2238.38,2431.51,-1.0,1,0
CERA,MBAG_V1_CHAMP_BASE60_T3R,2026-04-16,VAL,BULL,2381.132662070314,2329.0,2537.53,-0.14,0,0
CERA,MBAG_V1_CHAMP_BASE60_T3R,2026-06-04,HOLDOUT,BULL,2577.959116249226,2521.04,2748.72,3.0,0,1
CERA,MBAG_V1_CHAMP_BASE60_T3R,2026-07-06,HOLDOUT,BULL,2831.3023534904805,2774.05,3003.06,3.0,0,1
CESC,MBAG_V3A_40D_MICRO_SURGE_T3_5R,2025-10-20,DEV,BULL,173.3093719482422,164.37,204.6,0.01,0,0
CESC,MBAG_V1_CHAMP_BASE60_T3R,2025-10-24,DEV,BULL,178.64999389648438,166.67,214.59,-1.0,1,0
CESC,MBAG_V3A_40D_MICRO_SURGE_T3_5R,2025-10-24,DEV,BULL,178.64999389648438,170.02,208.85,-1.0,1,0
CESC,MBAG_V3D_60D_CONVEX_RUNNER_T5R,2025-10-24,DEV,BULL,178.64999389648438,170.98,217.0,-1.0,1,0
CESC,MBAG_V1_CHAMP_BASE60_T3R,2026-04-16,VAL,BULL,170.47999572753906,159.36,203.84,3.0,0,1
CESC,MBAG_V3A_40D_MICRO_SURGE_T3_5R,2026-04-16,VAL,BULL,170.47999572753906,162.48,198.48,3.5,0,1
CESC,MBAG_V3B_60D_VOLUME_ANOMALY_T4R,2026-04-16,VAL,BULL,170.47999572753906,162.48,202.48,4.0,0,1
CESC,MBAG_V3D_60D_CONVEX_RUNNER_T5R,2026-04-16,VAL,BULL,170.47999572753906,163.36,206.08,1.03,0,0
CESC,MBAG_V1_CHAMP_BASE60_T3R,2026-04-20,VAL,BULL,179.4199981689453,166.72,217.52,-0.24,0,0
CESC,MBAG_V2A_CONVEX_CAT_90D_T4R,2026-04-20,VAL,BULL,179.4199981689453,169.26,220.06,-0.11,0,0
CESC,MBAG_V3A_40D_MICRO_SURGE_T3_5R,2026-04-20,VAL,BULL,179.4199981689453,170.28,211.41,0.68,0,0
CESC,MBAG_V3B_60D_VOLUME_ANOMALY_T4R,2026-04-20,VAL,BULL,179.4199981689453,170.28,215.98,-0.12,0,0
CESC,MBAG_V3C_90D_MULTI_REGIME_T4R,2026-04-20,VAL,BULL,179.4199981689453,169.26,220.06,-0.11,0,0
CESC,MBAG_V3D_60D_CONVEX_RUNNER_T5R,2026-04-20,VAL,BULL,179.4199981689453,171.29,220.07,-0.61,0,0
CESC,MBAG_V1_CHAMP_BASE60_T3R,2026-04-27,VAL,BULL,188.00999450683594,173.73,230.85,-0.17,0,0
CESC,MBAG_V2A_CONVEX_CAT_90D_T4R,2026-04-27,VAL,BULL,188.00999450683594,176.59,233.69,-1.0,1,0
CESC,MBAG_V2B_EXPANSION_120D_T5R,2026-04-27,VAL,BULL,188.00999450683594,177.73,239.41,-1.0,1,0
CESC,MBAG_V3A_40D_MICRO_SURGE_T3_5R,2026-04-27,VAL,BULL,188.00999450683594,177.73,223.99,-1.0,1,0
CESC,MBAG_V3B_60D_VOLUME_ANOMALY_T4R,2026-04-27,VAL,BULL,188.00999450683594,177.73,229.13,-1.0,1,0
CESC,MBAG_V3C_90D_MULTI_REGIME_T4R,2026-04-27,VAL,BULL,188.00999450683594,176.59,233.69,-1.0,1,0
CESC,MBAG_V3D_60D_CONVEX_RUNNER_T5R,2026-04-27,VAL,BULL,188.00999450683594,178.87,233.71,-1.0,1,0
CESC,MBAG_V1_CHAMP_BASE60_T3R,2026-05-04,VAL,BULL,198.72000122070312,181.44,250.56,-1.0,1,0
CESC,MBAG_V2A_CONVEX_CAT_90D_T4R,2026-05-04,VAL,BULL,198.72000122070312,184.89,254.04,-1.0,1,0
CESC,MBAG_V2B_EXPANSION_120D_T5R,2026-05-04,VAL,BULL,198.72000122070312,186.28,260.92,-1.0,1,0
CESC,MBAG_V3A_40D_MICRO_SURGE_T3_5R,2026-05-04,VAL,BULL,198.72000122070312,186.28,242.26,-1.0,1,0
CESC,MBAG_V3B_60D_VOLUME_ANOMALY_T4R,2026-05-04,VAL,BULL,198.72000122070312,186.28,248.48,-1.0,1,0
CESC,MBAG_V3C_90D_MULTI_REGIME_T4R,2026-05-04,VAL,BULL,198.72000122070312,184.89,254.04,-1.0,1,0
CESC,MBAG_V3D_60D_CONVEX_RUNNER_T5R,2026-05-04,VAL,BULL,198.72000122070312,187.66,254.02,-1.0,1,0
CGCL,MBAG_V1_CHAMP_BASE60_T3R,2025-10-23,DEV,BULL,199.55999755859375,188.03,234.15,-0.77,0,0
CGCL,MBAG_V3A_40D_MICRO_SURGE_T3_5R,2025-10-23,DEV,BULL,199.55999755859375,191.26,228.61,-1.0,1,0
CGCL,MBAG_V3B_60D_VOLUME_ANOMALY_T4R,2025-10-23,DEV,BULL,199.55999755859375,191.26,232.76,-1.0,1,0
CGCL,MBAG_V3D_60D_CONVEX_RUNNER_T5R,2025-10-23,DEV,BULL,199.55999755859375,192.18,236.46,-1.0,1,0
CGCL,MBAG_V1_CHAMP_BASE60_T3R,2025-10-24,DEV,BULL,204.9600067138672,193.06,240.66,-1.0,1,0
CGCL,MBAG_V3A_40D_MICRO_SURGE_T3_5R,2025-10-24,DEV,BULL,204.9600067138672,196.39,234.96,-1.0,1,0
CGCL,MBAG_V3B_60D_VOLUME_ANOMALY_T4R,2025-10-24,DEV,BULL,204.9600067138672,196.39,239.24,-1.0,1,0
CGCL,MBAG_V3D_60D_CONVEX_RUNNER_T5R,2025-10-24,DEV,BULL,204.9600067138672,197.34,243.06,-1.0,1,0
CGCL,MBAG_V1_CHAMP_BASE60_T3R,2026-05-04,VAL,BULL,194.85000610351562,180.17,238.89,0.22,0,0
CGCL,MBAG_V2A_CONVEX_CAT_90D_T4R,2026-05-04,VAL,BULL,194.85000610351562,183.11,241.81,-1.0,1,0
CGCL,MBAG_V3A_40D_MICRO_SURGE_T3_5R,2026-05-04,VAL,BULL,194.85000610351562,184.28,231.85,-1.0,1,0
CGCL,MBAG_V3B_60D_VOLUME_ANOMALY_T4R,2026-05-04,VAL,BULL,194.85000610351562,184.28,237.13,-1.0,1,0
CGCL,MBAG_V3C_90D_MULTI_REGIME_T4R,2026-05-04,VAL,BULL,194.85000610351562,183.11,241.81,-1.0,1,0
CGCL,MBAG_V3D_60D_CONVEX_RUNNER_T5R,2026-05-04,VAL,BULL,194.85000610351562,185.46,241.8,-1.0,1,0
CGCL,MBAG_V1_CHAMP_BASE60_T3R,2026-05-06,VAL,BULL,200.52000427246094,185.5,245.58,-1.0,1,0
CGCL,MBAG_V2A_CONVEX_CAT_90D_T4R,2026-05-06,VAL,BULL,200.52000427246094,188.51,248.56,-1.0,1,0
CGCL,MBAG_V3A_40D_MICRO_SURGE_T3_5R,2026-05-06,VAL,BULL,200.52000427246094,189.71,238.36,-1.0,1,0
CGCL,MBAG_V3C_90D_MULTI_REGIME_T4R,2026-05-06,VAL,BULL,200.52000427246094,188.51,248.56,-1.0,1,0
CGCL,MBAG_V3D_60D_CONVEX_RUNNER_T5R,2026-05-06,VAL,BULL,200.52000427246094,190.91,248.57,-1.0,1,0
CGCL,MBAG_V1_CHAMP_BASE60_T3R,2026-06-15,HOLDOUT,BULL,214.17999267578125,198.1,262.42,3.0,0,1
CGCL,MBAG_V1_CHAMP_BASE60_T3R,2026-06-30,HOLDOUT,BULL,227.66000366210938,210.81,278.21,0.03,0,0
CGCL,MBAG_V2A_CONVEX_CAT_90D_T4R,2026-06-30,HOLDOUT,BULL,227.66000366210938,214.18,281.58,0.58,0,0
CGCL,MBAG_V2B_EXPANSION_120D_T5R,2026-06-30,HOLDOUT,BULL,227.66000366210938,215.53,288.31,0.98,0,0
CGCL,MBAG_V3A_40D_MICRO_SURGE_T3_5R,2026-06-30,HOLDOUT,BULL,227.66000366210938,215.53,270.12,0.08,0,0
CGCL,MBAG_V3B_60D_VOLUME_ANOMALY_T4R,2026-06-30,HOLDOUT,BULL,227.66000366210938,215.53,276.18,0.64,0,0
CGCL,MBAG_V3C_90D_MULTI_REGIME_T4R,2026-06-30,HOLDOUT,BULL,227.66000366210938,214.18,281.58,0.58,0,0
CGCL,MBAG_V3D_60D_CONVEX_RUNNER_T5R,2026-06-30,HOLDOUT,BULL,227.66000366210938,216.88,281.56,-0.2,0,0
CGCL,MBAG_V1_CHAMP_BASE60_T3R,2026-07-09,HOLDOUT,BULL,252.63999938964844,233.18,311.02,-1.0,1,0
CGPOWER,MBAG_V1_CHAMP_BASE60_T3R,2026-04-20,VAL,BULL,795.7000122070312,738.55,967.15,0.23,0,0
CGPOWER,MBAG_V3C_90D_MULTI_REGIME_T4R,2026-04-20,VAL,BULL,795.7000122070312,749.98,978.58,2.16,0,0
CGPOWER,MBAG_V1_CHAMP_BASE60_T3R,2026-05-07,VAL,BULL,859.0999755859375,793.08,1057.16,1.19,0,0
CGPOWER,MBAG_V2A_CONVEX_CAT_90D_T4R,2026-05-07,VAL,BULL,859.0999755859375,806.29,1070.34,-1.0,1,0
CGPOWER,MBAG_V2B_EXPANSION_120D_T5R,2026-05-07,VAL,BULL,859.0999755859375,811.57,1096.75,-1.0,1,0
CGPOWER,MBAG_V3A_40D_MICRO_SURGE_T3_5R,2026-05-07,VAL,BULL,859.0999755859375,811.57,1025.45,-1.0,1,0
CGPOWER,MBAG_V3B_60D_VOLUME_ANOMALY_T4R,2026-05-07,VAL,BULL,859.0999755859375,811.57,1049.22,-1.0,1,0
CGPOWER,MBAG_V3C_90D_MULTI_REGIME_T4R,2026-05-07,VAL,BULL,859.0999755859375,806.29,1070.34,-1.0,1,0
CGPOWER,MBAG_V3D_60D_CONVEX_RUNNER_T5R,2026-05-07,VAL,BULL,859.0999755859375,816.85,1070.35,-1.0,1,0
CGPOWER,MBAG_V1_CHAMP_BASE60_T3R,2026-05-27,VAL,BULL,934.7999877929688,867.32,1137.24,-0.23,0,0
CGPOWER,MBAG_V2A_CONVEX_CAT_90D_T4R,2026-05-27,VAL,BULL,934.7999877929688,880.81,1150.76,-0.49,0,0
CGPOWER,MBAG_V3A_40D_MICRO_SURGE_T3_5R,2026-05-27,VAL,BULL,934.7999877929688,886.21,1104.86,-1.0,1,0
CGPOWER,MBAG_V3C_90D_MULTI_REGIME_T4R,2026-05-27,VAL,BULL,934.7999877929688,880.81,1150.76,-0.49,0,0
CGPOWER,MBAG_V3D_60D_CONVEX_RUNNER_T5R,2026-05-27,VAL,BULL,934.7999877929688,891.61,1150.75,-1.0,1,0
CHAMBLFERT,MBAG_V1_CHAMP_BASE60_T3R,2026-02-11,VAL,BULL,2841.655895399112,2778.96,3029.74,3.0,0,1
CHEMICAL.NS,MBAG_V1_CHAMP_BASE60_T3R,2025-08-05,DEV,BULL,2439.660828693628,2387.01,2597.61,-1.0,1,0
CHEMICAL.NS,MBAG_V1_CHAMP_BASE60_T3R,2026-02-19,VAL,BULL,2392.7084569365043,2343.51,2540.3,3.0,0,1
CHEMICAL.NS,MBAG_V1_CHAMP_BASE60_T3R,2026-02-23,VAL,BULL,2455.144373471387,2404.24,2607.86,3.0,0,1
CHEMICAL.NS,MBAG_V1_CHAMP_BASE60_T3R,2026-05-04,VAL,BULL,2884.7454480161477,2826.11,3060.65,-1.0,1,0
CHOICEIN,MBAG_V1_CHAMP_BASE60_T3R,2026-06-29,HOLDOUT,NEUTRAL,745.2000122070312,700.91,878.07,1.24,0,0
CHOICEIN,MBAG_V3A_40D_MICRO_SURGE_T3_5R,2026-06-29,HOLDOUT,NEUTRAL,745.2000122070312,713.31,856.82,2.6,0,0
CHOICEIN,MBAG_V3B_60D_VOLUME_ANOMALY_T4R,2026-06-29,HOLDOUT,NEUTRAL,745.2000122070312,713.31,872.76,3.12,0,0
CHOICEIN,MBAG_V3D_60D_CONVEX_RUNNER_T5R,2026-06-29,HOLDOUT,NEUTRAL,745.2000122070312,716.86,886.9,2.07,0,0
CHOICEIN,MBAG_V1_CHAMP_BASE60_T3R,2026-07-02,HOLDOUT,BULL,780.2000122070312,739.43,902.51,0.45,0,0
CHOICEIN,MBAG_V1_CHAMP_BASE60_T3R,2026-07-03,HOLDOUT,BULL,800.0499877929688,761.01,917.17,0.59,0,0
CHOICEIN,MBAG_V1_CHAMP_BASE60_T3R,2026-07-09,HOLDOUT,BULL,830.4500122070312,782.38,974.66,0.06,0,0
CHOICEIN,MBAG_V2A_CONVEX_CAT_90D_T4R,2026-07-09,HOLDOUT,BULL,830.4500122070312,791.99,984.29,-1.0,1,0
CHOICEIN,MBAG_V3A_40D_MICRO_SURGE_T3_5R,2026-07-09,HOLDOUT,BULL,830.4500122070312,795.84,951.59,-1.0,1,0
CHOICEIN,MBAG_V3B_60D_VOLUME_ANOMALY_T4R,2026-07-09,HOLDOUT,BULL,830.4500122070312,795.84,968.89,-1.0,1,0
CHOICEIN,MBAG_V3C_90D_MULTI_REGIME_T4R,2026-07-09,HOLDOUT,BULL,830.4500122070312,791.99,984.29,-1.0,1,0
CHOICEIN,MBAG_V3D_60D_CONVEX_RUNNER_T5R,2026-07-09,HOLDOUT,BULL,830.4500122070312,799.68,984.3,-1.0,1,0
CHOLAFIN,MBAG_V1_CHAMP_BASE60_T3R,2026-07-06,HOLDOUT,BULL,1849.7734375,1761.75,2113.84,-1.0,1,0
CIEINDIA,MBAG_V1_CHAMP_BASE60_T3R,2026-02-10,VAL,BULL,449.7343444824219,417.5,546.44,0.45,0,0
CIEINDIA,MBAG_V3A_40D_MICRO_SURGE_T3_5R,2026-02-10,VAL,BULL,449.7343444824219,426.53,530.95,-1.0,1,0
CIEINDIA,MBAG_V3B_60D_VOLUME_ANOMALY_T4R,2026-02-10,VAL,BULL,449.7343444824219,426.53,542.55,-1.0,1,0
CIEINDIA,MBAG_V3D_60D_CONVEX_RUNNER_T5R,2026-02-10,VAL,BULL,449.7343444824219,429.11,552.86,-1.0,1,0
CIEINDIA,MBAG_V1_CHAMP_BASE60_T3R,2026-02-23,VAL,BULL,486.8013916015625,441.79,621.84,-1.0,1,0
CIEINDIA,MBAG_V2A_CONVEX_CAT_90D_T4R,2026-02-23,VAL,BULL,486.8013916015625,450.79,630.85,-1.0,1,0
CIEINDIA,MBAG_V2B_EXPANSION_120D_T5R,2026-02-23,VAL,BULL,486.8013916015625,454.39,648.86,-1.0,1,0
CIEINDIA,MBAG_V3A_40D_MICRO_SURGE_T3_5R,2026-02-23,VAL,BULL,486.8013916015625,454.39,600.24,-1.0,1,0
CIEINDIA,MBAG_V3B_60D_VOLUME_ANOMALY_T4R,2026-02-23,VAL,BULL,486.8013916015625,454.39,616.45,-1.0,1,0
CIEINDIA,MBAG_V3C_90D_MULTI_REGIME_T4R,2026-02-23,VAL,BULL,486.8013916015625,450.79,630.85,-1.0,1,0
CIEINDIA,MBAG_V3D_60D_CONVEX_RUNNER_T5R,2026-02-23,VAL,BULL,486.8013916015625,457.99,630.86,-1.0,1,0
CIPLA,MBAG_V3A_40D_MICRO_SURGE_T3_5R,2025-07-25,DEV,BULL,1518.2564697265625,1474.59,1671.09,-1.0,1,0
CIPLA,MBAG_V1_CHAMP_BASE60_T3R,2025-07-28,DEV,BULL,1557.3892822265625,1492.66,1751.58,-1.0,1,0
CIPLA,MBAG_V2A_CONVEX_CAT_90D_T4R,2025-07-28,DEV,BULL,1557.3892822265625,1505.6,1764.55,-1.0,1,0
CIPLA,MBAG_V3A_40D_MICRO_SURGE_T3_5R,2025-07-28,DEV,BULL,1557.3892822265625,1510.78,1720.52,-1.0,1,0
CIPLA,MBAG_V3C_90D_MULTI_REGIME_T4R,2025-07-28,DEV,BULL,1557.3892822265625,1505.6,1764.55,-1.0,1,0
CIPLA,MBAG_V3D_60D_CONVEX_RUNNER_T5R,2025-07-28,DEV,BULL,1557.3892822265625,1515.96,1764.54,-1.0,1,0
CIPLA,MBAG_V1_CHAMP_BASE60_T3R,2025-10-20,DEV,BULL,1623.8656005859375,1555.56,1828.78,-1.0,1,0
CIPLA,MBAG_V2A_CONVEX_CAT_90D_T4R,2025-10-20,DEV,BULL,1623.8656005859375,1569.22,1842.45,-1.0,1,0
CIPLA,MBAG_V3A_40D_MICRO_SURGE_T3_5R,2025-10-20,DEV,BULL,1623.8656005859375,1574.69,1795.98,-1.0,1,0
CIPLA,MBAG_V3C_90D_MULTI_REGIME_T4R,2025-10-20,DEV,BULL,1623.8656005859375,1569.22,1842.45,-1.0,1,0
CIPLA,MBAG_V3D_60D_CONVEX_RUNNER_T5R,2025-10-20,DEV,BULL,1623.8656005859375,1580.15,1842.44,-1.0,1,0
CIPLA,MBAG_V1_CHAMP_BASE60_T3R,2026-05-14,VAL,NEUTRAL,1423.3468017578125,1343.29,1663.52,-1.0,1,0
CIPLA,MBAG_V3A_40D_MICRO_SURGE_T3_5R,2026-05-14,VAL,NEUTRAL,1423.3468017578125,1365.71,1625.08,-1.0,1,0
CIPLA,MBAG_V3B_60D_VOLUME_ANOMALY_T4R,2026-05-14,VAL,NEUTRAL,1423.3468017578125,1365.71,1653.89,-1.0,1,0
CIPLA,MBAG_V3D_60D_CONVEX_RUNNER_T5R,2026-05-14,VAL,NEUTRAL,1423.3468017578125,1372.11,1679.53,-1.0,1,0
CIPLA,MBAG_V1_CHAMP_BASE60_T3R,2026-06-23,HOLDOUT,NEUTRAL,1433.0999755859375,1364.33,1639.41,-0.01,0,0
CIPLA,MBAG_V2A_CONVEX_CAT_90D_T4R,2026-06-23,HOLDOUT,NEUTRAL,1433.0999755859375,1378.08,1653.18,-1.0,1,0
CIPLA,MBAG_V3A_40D_MICRO_SURGE_T3_5R,2026-06-23,HOLDOUT,NEUTRAL,1433.0999755859375,1383.58,1606.42,-1.0,1,0
CIPLA,MBAG_V3B_60D_VOLUME_ANOMALY_T4R,2026-06-23,HOLDOUT,NEUTRAL,1433.0999755859375,1383.58,1631.18,-1.0,1,0
CIPLA,MBAG_V3C_90D_MULTI_REGIME_T4R,2026-06-23,HOLDOUT,NEUTRAL,1433.0999755859375,1378.08,1653.18,-1.0,1,0
CIPLA,MBAG_V3D_60D_CONVEX_RUNNER_T5R,2026-06-23,HOLDOUT,NEUTRAL,1433.0999755859375,1389.09,1653.15,-1.0,1,0
CLEAN,MBAG_V3A_40D_MICRO_SURGE_T3_5R,2026-04-23,VAL,BEAR,800.7000122070312,749.46,980.04,-1.0,1,0
CMSINFO,MBAG_V1_CHAMP_BASE60_T3R,2025-09-02,DEV,BULL,992.1468537146916,970.71,1056.46,3.0,0,1
CMSINFO,MBAG_V1_CHAMP_BASE60_T3R,2025-09-04,DEV,BULL,1008.8344517652705,987.61,1072.51,3.0,0,1
CMSINFO,MBAG_V1_CHAMP_BASE60_T3R,2025-09-08,DEV,BULL,1022.0524686054017,1001.61,1083.38,3.0,0,1
CMSINFO,MBAG_V1_CHAMP_BASE60_T3R,2025-10-06,DEV,BULL,1082.5914628571377,1059.22,1152.71,3.0,0,1
CMSINFO,MBAG_V1_CHAMP_BASE60_T3R,2025-10-14,DEV,BULL,1120.1287444014197,1096.31,1191.58,0.16,0,0
CMSINFO,MBAG_V1_CHAMP_BASE60_T3R,2025-10-28,DEV,BULL,1153.4022539716525,1126.87,1233.0,-1.0,1,0
CMSINFO,MBAG_V1_CHAMP_BASE60_T3R,2026-03-12,VAL,BULL,1303.7081269446242,1276.54,1385.21,2.56,0,0
CMSINFO,MBAG_V1_CHAMP_BASE60_T3R,2026-04-09,VAL,BULL,1373.1578454644148,1344.85,1458.08,-1.0,1,0
COALINDIA,MBAG_V1_CHAMP_BASE60_T3R,2025-12-23,DEV,BULL,395.1759338378906,381.67,435.69,3.0,0,1
COALINDIA,MBAG_V2A_CONVEX_CAT_90D_T4R,2025-12-23,DEV,BULL,395.1759338378906,384.37,438.4,4.0,0,1
COALINDIA,MBAG_V3A_40D_MICRO_SURGE_T3_5R,2025-12-23,DEV,BULL,395.1759338378906,385.45,429.22,3.5,0,1
COALINDIA,MBAG_V3B_60D_VOLUME_ANOMALY_T4R,2025-12-23,DEV,BULL,395.1759338378906,385.45,434.08,4.0,0,1
COALINDIA,MBAG_V3C_90D_MULTI_REGIME_T4R,2025-12-23,DEV,BULL,395.1759338378906,384.37,438.4,4.0,0,1
COALINDIA,MBAG_V3D_60D_CONVEX_RUNNER_T5R,2025-12-23,DEV,BULL,395.1759338378906,386.53,438.41,5.0,0,1
COALINDIA,MBAG_V1_CHAMP_BASE60_T3R,2026-01-02,VAL,BULL,422.317138671875,403.02,480.21,-0.23,0,0
COALINDIA,MBAG_V2A_CONVEX_CAT_90D_T4R,2026-01-02,VAL,BULL,422.317138671875,406.88,484.07,-1.0,1,0
COALINDIA,MBAG_V3A_40D_MICRO_SURGE_T3_5R,2026-01-02,VAL,BULL,422.317138671875,408.42,470.96,-1.0,1,0
COALINDIA,MBAG_V3B_60D_VOLUME_ANOMALY_T4R,2026-01-02,VAL,BULL,422.317138671875,408.42,477.91,-1.0,1,0
COALINDIA,MBAG_V3C_90D_MULTI_REGIME_T4R,2026-01-02,VAL,BULL,422.317138671875,406.88,484.07,-1.0,1,0
COALINDIA,MBAG_V3D_60D_CONVEX_RUNNER_T5R,2026-01-02,VAL,BULL,422.317138671875,409.97,484.05,-1.0,1,0
COALINDIA,MBAG_V1_CHAMP_BASE60_T3R,2026-01-28,VAL,BULL,438.25640869140625,411.45,518.68,-1.0,1,0
COALINDIA,MBAG_V1_CHAMP_BASE60_T3R,2026-01-29,VAL,BULL,449.80377197265625,421.51,534.69,-1.0,1,0
COALINDIA,MBAG_V1_CHAMP_BASE60_T3R,2026-03-12,VAL,BULL,470.1000061035156,438.44,565.08,-1.0,1,0
COALINDIA,MBAG_V2A_CONVEX_CAT_90D_T4R,2026-03-12,VAL,BULL,470.1000061035156,444.77,571.42,-1.0,1,0
COALINDIA,MBAG_V2B_EXPANSION_120D_T5R,2026-03-12,VAL,BULL,470.1000061035156,447.3,584.1,-1.0,1,0
COALINDIA,MBAG_V3A_40D_MICRO_SURGE_T3_5R,2026-03-12,VAL,BULL,470.1000061035156,447.3,549.9,-1.0,1,0
COALINDIA,MBAG_V3B_60D_VOLUME_ANOMALY_T4R,2026-03-12,VAL,BULL,470.1000061035156,447.3,561.3,-1.0,1,0
COALINDIA,MBAG_V3C_90D_MULTI_REGIME_T4R,2026-03-12,VAL,BULL,470.1000061035156,444.77,571.42,-1.0,1,0
COALINDIA,MBAG_V3D_60D_CONVEX_RUNNER_T5R,2026-03-12,VAL,BULL,470.1000061035156,449.84,571.4,-1.0,1,0
COCHINSHIP,MBAG_V1_CHAMP_BASE60_T3R,2026-04-24,VAL,BULL,1664.699951171875,1519.93,2099.01,-1.0,1,0
COCHINSHIP,MBAG_V3A_40D_MICRO_SURGE_T3_5R,2026-04-24,VAL,BULL,1664.699951171875,1560.47,2029.5,-1.0,1,0
COCHINSHIP,MBAG_V3B_60D_VOLUME_ANOMALY_T4R,2026-04-24,VAL,BULL,1664.699951171875,1560.47,2081.62,-1.0,1,0
COCHINSHIP,MBAG_V3D_60D_CONVEX_RUNNER_T5R,2026-04-24,VAL,BULL,1664.699951171875,1572.05,2127.95,-1.0,1,0
COCHINSHIP,MBAG_V1_CHAMP_BASE60_T3R,2026-04-29,VAL,BULL,1773.800048828125,1627.41,2212.97,-1.0,1,0
COCHINSHIP,MBAG_V2A_CONVEX_CAT_90D_T4R,2026-04-29,VAL,BULL,1773.800048828125,1656.69,2242.24,-1.0,1,0
COCHINSHIP,MBAG_V3C_90D_MULTI_REGIME_T4R,2026-04-29,VAL,BULL,1773.800048828125,1656.69,2242.24,-1.0,1,0
COCHINSHIP,MBAG_V3D_60D_CONVEX_RUNNER_T5R,2026-04-29,VAL,BULL,1773.800048828125,1680.11,2242.25,-1.0,1,0
COFORGE,MBAG_V1_CHAMP_BASE60_T3R,2025-12-04,DEV,BULL,1961.51318359375,1853.41,2285.82,-1.0,1,0
COFORGE,MBAG_V2A_CONVEX_CAT_90D_T4R,2025-12-04,DEV,BULL,1961.51318359375,1875.03,2307.45,-1.0,1,0
COFORGE,MBAG_V3C_90D_MULTI_REGIME_T4R,2025-12-04,DEV,BULL,1961.51318359375,1875.03,2307.45,-1.0,1,0
COFORGE,MBAG_V3D_60D_CONVEX_RUNNER_T5R,2025-12-04,DEV,BULL,1961.51318359375,1892.33,2307.43,-1.0,1,0
COFORGE,MBAG_V3A_40D_MICRO_SURGE_T3_5R,2026-05-08,VAL,BEAR,1368.0999755859375,1290.03,1641.34,-1.0,1,0
COFORGE,MBAG_V1_CHAMP_BASE60_T3R,2026-06-02,HOLDOUT,NEUTRAL,1519.5,1391.27,1904.19,-1.0,1,0
COHANCE,MBAG_V1_CHAMP_BASE60_T3R,2025-10-23,DEV,BULL,1814.6468022125953,1773.83,1937.1,3.0,0,1
COHANCE,MBAG_V1_CHAMP_BASE60_T3R,2025-10-28,DEV,BULL,1880.9862525431756,1842.51,1996.42,0.75,0,0
COLPAL,MBAG_V1_CHAMP_BASE60_T3R,2026-02-25,VAL,BULL,2243.947265625,2137.52,2563.23,-1.0,1,0
COLPAL,MBAG_V3A_40D_MICRO_SURGE_T3_5R,2026-02-25,VAL,BULL,2243.947265625,2167.32,2512.14,-1.0,1,0
COLPAL,MBAG_V3D_60D_CONVEX_RUNNER_T5R,2026-02-25,VAL,BULL,2243.947265625,2175.84,2584.48,-1.0,1,0
CONCORDBIO,MBAG_V1_CHAMP_BASE60_T3R,2025-08-18,DEV,BULL,1845.8307720348153,1807.74,1960.1,3.0,0,1
CONCORDBIO,MBAG_V1_CHAMP_BASE60_T3R,2025-09-12,DEV,BULL,2075.007521289046,2029.93,2210.24,3.0,0,1
CONCORDBIO,MBAG_V1_CHAMP_BASE60_T3R,2025-09-22,DEV,BULL,2134.3267810378197,2090.94,2264.49,2.38,0,0
CPPLUS,MBAG_V1_CHAMP_BASE60_T3R,2026-04-30,VAL,BULL,995.3213355390931,971.46,1066.91,0.27,0,0
CPPLUS,MBAG_V1_CHAMP_BASE60_T3R,2026-05-01,VAL,BULL,998.3150546014795,975.29,1067.39,0.59,0,0
CPPLUS,MBAG_V1_CHAMP_BASE60_T3R,2026-05-06,VAL,BULL,1013.866636683543,991.34,1081.45,-1.0,1,0
CRAFTSMAN,MBAG_V3A_40D_MICRO_SURGE_T3_5R,2025-11-11,DEV,BULL,7166.75439453125,6768.99,8558.93,-1.0,1,0
CRAFTSMAN,MBAG_V1_CHAMP_BASE60_T3R,2025-12-26,DEV,BULL,7370.505859375,6875.4,8855.82,-1.0,1,0
CRAFTSMAN,MBAG_V2A_CONVEX_CAT_90D_T4R,2025-12-26,DEV,BULL,7370.505859375,6974.42,8954.85,-1.0,1,0
CRAFTSMAN,MBAG_V3A_40D_MICRO_SURGE_T3_5R,2025-12-26,DEV,BULL,7370.505859375,7014.03,8618.17,-1.0,1,0
CRAFTSMAN,MBAG_V3B_60D_VOLUME_ANOMALY_T4R,2025-12-26,DEV,BULL,7370.505859375,7014.03,8796.41,-1.0,1,0
CRAFTSMAN,MBAG_V3C_90D_MULTI_REGIME_T4R,2025-12-26,DEV,BULL,7370.505859375,6974.42,8954.85,-1.0,1,0
CRAFTSMAN,MBAG_V3D_60D_CONVEX_RUNNER_T5R,2025-12-26,DEV,BULL,7370.505859375,7053.64,8954.84,-1.0,1,0
CRAFTSMAN,MBAG_V1_CHAMP_BASE60_T3R,2025-12-31,DEV,BULL,7680.1279296875,7041.53,9595.92,-0.58,0,0
CRAFTSMAN,MBAG_V2A_CONVEX_CAT_90D_T4R,2025-12-31,DEV,BULL,7680.1279296875,7169.25,9723.64,-1.0,1,0
CRAFTSMAN,MBAG_V3A_40D_MICRO_SURGE_T3_5R,2025-12-31,DEV,BULL,7680.1279296875,7220.34,9289.39,-1.0,1,0
CRAFTSMAN,MBAG_V3B_60D_VOLUME_ANOMALY_T4R,2025-12-31,DEV,BULL,7680.1279296875,7220.34,9519.28,-1.0,1,0
CRAFTSMAN,MBAG_V3C_90D_MULTI_REGIME_T4R,2025-12-31,DEV,BULL,7680.1279296875,7169.25,9723.64,-1.0,1,0
CRAFTSMAN,MBAG_V3D_60D_CONVEX_RUNNER_T5R,2025-12-31,DEV,BULL,7680.1279296875,7271.43,9723.62,-1.0,1,0
CRAFTSMAN,MBAG_V1_CHAMP_BASE60_T3R,2026-05-07,VAL,BULL,8626.4736328125,7969.06,10598.71,0.82,0,0
CRAFTSMAN,MBAG_V2A_CONVEX_CAT_90D_T4R,2026-05-07,VAL,BULL,8626.4736328125,8100.54,10730.21,1.64,0,0
CRAFTSMAN,MBAG_V2B_EXPANSION_120D_T5R,2026-05-07,VAL,BULL,8626.4736328125,8153.14,10993.14,1.35,0,0
CRAFTSMAN,MBAG_V3A_40D_MICRO_SURGE_T3_5R,2026-05-07,VAL,BULL,8626.4736328125,8153.14,10283.14,0.33,0,0
CRAFTSMAN,MBAG_V3B_60D_VOLUME_ANOMALY_T4R,2026-05-07,VAL,BULL,8626.4736328125,8153.14,10519.81,1.82,0,0
CRAFTSMAN,MBAG_V3C_90D_MULTI_REGIME_T4R,2026-05-07,VAL,BULL,8626.4736328125,8100.54,10730.21,1.64,0,0
CRAFTSMAN,MBAG_V3D_60D_CONVEX_RUNNER_T5R,2026-05-07,VAL,BULL,8626.4736328125,8205.73,10730.19,1.46,0,0
CRAFTSMAN,MBAG_V1_CHAMP_BASE60_T3R,2026-05-08,VAL,BULL,8970.5537109375,8160.02,11402.15,0.1,0,0
CRAFTSMAN,MBAG_V2A_CONVEX_CAT_90D_T4R,2026-05-08,VAL,BULL,8970.5537109375,8322.13,11564.25,-1.0,1,0
CRAFTSMAN,MBAG_V2B_EXPANSION_120D_T5R,2026-05-08,VAL,BULL,8970.5537109375,8386.97,11888.47,-1.0,1,0
CRAFTSMAN,MBAG_V3A_40D_MICRO_SURGE_T3_5R,2026-05-08,VAL,BULL,8970.5537109375,8386.97,11013.1,-1.0,1,0
CRAFTSMAN,MBAG_V3B_60D_VOLUME_ANOMALY_T4R,2026-05-08,VAL,BULL,8970.5537109375,8386.97,11304.89,-1.0,1,0
CRAFTSMAN,MBAG_V3C_90D_MULTI_REGIME_T4R,2026-05-08,VAL,BULL,8970.5537109375,8322.13,11564.25,-1.0,1,0
CRAFTSMAN,MBAG_V3D_60D_CONVEX_RUNNER_T5R,2026-05-08,VAL,BULL,8970.5537109375,8451.82,11564.22,-1.0,1,0
CRAFTSMAN,MBAG_V1_CHAMP_BASE60_T3R,2026-06-19,HOLDOUT,BULL,9794.5478515625,9007.38,12156.05,-1.0,1,0
CRAFTSMAN,MBAG_V2A_CONVEX_CAT_90D_T4R,2026-06-19,HOLDOUT,BULL,9794.5478515625,9164.82,12313.46,-1.0,1,0
CRAFTSMAN,MBAG_V2B_EXPANSION_120D_T5R,2026-06-19,HOLDOUT,BULL,9794.5478515625,9227.79,12628.34,-1.0,1,0
CRAFTSMAN,MBAG_V3A_40D_MICRO_SURGE_T3_5R,2026-06-19,HOLDOUT,BULL,9794.5478515625,9227.79,11778.2,-1.0,1,0
CRAFTSMAN,MBAG_V3B_60D_VOLUME_ANOMALY_T4R,2026-06-19,HOLDOUT,BULL,9794.5478515625,9227.79,12061.58,-1.0,1,0
CRAFTSMAN,MBAG_V3C_90D_MULTI_REGIME_T4R,2026-06-19,HOLDOUT,BULL,9794.5478515625,9164.82,12313.46,-1.0,1,0
CRAFTSMAN,MBAG_V3D_60D_CONVEX_RUNNER_T5R,2026-06-19,HOLDOUT,BULL,9794.5478515625,9290.76,12313.49,-1.0,1,0
CRAMC,MBAG_V1_CHAMP_BASE60_T3R,2026-03-17,VAL,BULL,1470.1961820389545,1440.28,1559.94,3.0,0,1
CREDITACC,MBAG_V1_CHAMP_BASE60_T3R,2026-01-19,VAL,BULL,2252.2638293179934,2199.24,2411.34,-1.0,1,0
CREDITACC,MBAG_V1_CHAMP_BASE60_T3R,2026-01-20,VAL,BULL,2303.2056507003226,2250.56,2461.14,-1.0,1,0
CROMPTON,MBAG_V3A_40D_MICRO_SURGE_T3_5R,2026-04-28,VAL,NEUTRAL,266.42584228515625,250.41,322.48,0.24,0,0
CROMPTON,MBAG_V1_CHAMP_BASE60_T3R,2026-04-29,VAL,BULL,272.73004150390625,250.05,340.77,0.53,0,0
CROMPTON,MBAG_V2A_CONVEX_CAT_90D_T4R,2026-04-29,VAL,BULL,272.73004150390625,254.58,345.33,-1.0,1,0
CROMPTON,MBAG_V3A_40D_MICRO_SURGE_T3_5R,2026-04-29,VAL,BULL,272.73004150390625,256.4,329.89,-0.2,0,0
CROMPTON,MBAG_V3B_60D_VOLUME_ANOMALY_T4R,2026-04-29,VAL,BULL,272.73004150390625,256.4,338.05,-1.0,1,0
CROMPTON,MBAG_V3C_90D_MULTI_REGIME_T4R,2026-04-29,VAL,BULL,272.73004150390625,254.58,345.33,-1.0,1,0
CROMPTON,MBAG_V3D_60D_CONVEX_RUNNER_T5R,2026-04-29,VAL,BULL,272.73004150390625,258.21,345.33,-1.0,1,0
CROMPTON,MBAG_V1_CHAMP_BASE60_T3R,2026-05-06,VAL,BULL,280.6744689941406,259.82,343.24,-0.54,0,0
CROMPTON,MBAG_V1_CHAMP_BASE60_T3R,2026-05-08,VAL,BULL,289.8145446777344,268.31,354.33,-1.0,1,0
CROMPTON,MBAG_V1_CHAMP_BASE60_T3R,2026-05-15,VAL,BULL,298.3617858886719,272.64,375.53,-1.0,1,0
CROMPTON,MBAG_V2A_CONVEX_CAT_90D_T4R,2026-05-15,VAL,BULL,298.3617858886719,277.79,380.65,-1.0,1,0
CROMPTON,MBAG_V2B_EXPANSION_120D_T5R,2026-05-15,VAL,BULL,298.3617858886719,279.85,390.92,-1.0,1,0
CROMPTON,MBAG_V3A_40D_MICRO_SURGE_T3_5R,2026-05-15,VAL,BULL,298.3617858886719,279.85,363.15,-1.0,1,0
CROMPTON,MBAG_V3B_60D_VOLUME_ANOMALY_T4R,2026-05-15,VAL,BULL,298.3617858886719,279.85,372.41,-1.0,1,0
CROMPTON,MBAG_V3C_90D_MULTI_REGIME_T4R,2026-05-15,VAL,BULL,298.3617858886719,277.79,380.65,-1.0,1,0
CROMPTON,MBAG_V3D_60D_CONVEX_RUNNER_T5R,2026-05-15,VAL,BULL,298.3617858886719,281.9,380.67,-1.0,1,0
CSBBANK,MBAG_V3A_40D_MICRO_SURGE_T3_5R,2025-10-20,DEV,BULL,423.75,397.66,515.06,0.01,0,0
CSBBANK,MBAG_V1_CHAMP_BASE60_T3R,2025-12-31,DEV,BULL,459.1000061035156,426.2,557.8,3.0,0,1
CSBBANK,MBAG_V2A_CONVEX_CAT_90D_T4R,2025-12-31,DEV,BULL,459.1000061035156,432.78,564.38,4.0,0,1
CSBBANK,MBAG_V3A_40D_MICRO_SURGE_T3_5R,2025-12-31,DEV,BULL,459.1000061035156,435.41,542.02,3.5,0,1
CSBBANK,MBAG_V3B_60D_VOLUME_ANOMALY_T4R,2025-12-31,DEV,BULL,459.1000061035156,435.41,553.86,4.0,0,1
CSBBANK,MBAG_V3C_90D_MULTI_REGIME_T4R,2025-12-31,DEV,BULL,459.1000061035156,432.78,564.38,4.0,0,1
CSBBANK,MBAG_V3D_60D_CONVEX_RUNNER_T5R,2025-12-31,DEV,BULL,459.1000061035156,438.04,564.4,5.0,0,1
CSBBANK,MBAG_V1_CHAMP_BASE60_T3R,2026-01-01,VAL,BULL,483.8999938964844,445.55,598.95,-1.0,1,0
CSBBANK,MBAG_V2A_CONVEX_CAT_90D_T4R,2026-01-01,VAL,BULL,483.8999938964844,453.22,606.62,-1.0,1,0
CSBBANK,MBAG_V3A_40D_MICRO_SURGE_T3_5R,2026-01-01,VAL,BULL,483.8999938964844,456.29,580.53,-1.0,1,0
CSBBANK,MBAG_V3B_60D_VOLUME_ANOMALY_T4R,2026-01-01,VAL,BULL,483.8999938964844,456.29,594.34,-1.0,1,0
CSBBANK,MBAG_V3C_90D_MULTI_REGIME_T4R,2026-01-01,VAL,BULL,483.8999938964844,453.22,606.62,-1.0,1,0
CSBBANK,MBAG_V3D_60D_CONVEX_RUNNER_T5R,2026-01-01,VAL,BULL,483.8999938964844,459.36,606.6,-1.0,1,0
CSBBANK,MBAG_V1_CHAMP_BASE60_T3R,2026-01-05,VAL,BULL,557.4500122070312,504.54,716.18,-1.0,1,0
CSBBANK,MBAG_V2A_CONVEX_CAT_90D_T4R,2026-01-05,VAL,BULL,557.4500122070312,515.12,726.77,-1.0,1,0
CSBBANK,MBAG_V3A_40D_MICRO_SURGE_T3_5R,2026-01-05,VAL,BULL,557.4500122070312,519.35,690.8,-1.0,1,0
CSBBANK,MBAG_V3B_60D_VOLUME_ANOMALY_T4R,2026-01-05,VAL,BULL,557.4500122070312,519.35,709.85,-1.0,1,0
CSBBANK,MBAG_V3C_90D_MULTI_REGIME_T4R,2026-01-05,VAL,BULL,557.4500122070312,515.12,726.77,-1.0,1,0
CSBBANK,MBAG_V3D_60D_CONVEX_RUNNER_T5R,2026-01-05,VAL,BULL,557.4500122070312,523.59,726.75,-1.0,1,0
CUB,MBAG_V1_CHAMP_BASE60_T3R,2025-10-20,DEV,BULL,169.77749633789062,157.7,206.01,3.0,0,1
CUB,MBAG_V3A_40D_MICRO_SURGE_T3_5R,2025-10-20,DEV,BULL,169.77749633789062,161.08,200.22,3.5,0,1
CUB,MBAG_V3D_60D_CONVEX_RUNNER_T5R,2025-10-20,DEV,BULL,169.77749633789062,162.05,208.41,5.0,0,1
CUB,MBAG_V1_CHAMP_BASE60_T3R,2025-10-28,DEV,BULL,179.45249938964844,165.15,222.36,2.06,0,0
CUB,MBAG_V3A_40D_MICRO_SURGE_T3_5R,2025-10-28,DEV,BULL,179.45249938964844,169.16,215.48,-1.0,1,0
CUB,MBAG_V3D_60D_CONVEX_RUNNER_T5R,2025-10-28,DEV,BULL,179.45249938964844,170.3,225.21,-1.0,1,0
CUB,MBAG_V1_CHAMP_BASE60_T3R,2025-11-04,DEV,BULL,193.9875030517578,176.59,246.18,0.66,0,0
CUB,MBAG_V3A_40D_MICRO_SURGE_T3_5R,2025-11-04,DEV,BULL,193.9875030517578,181.46,237.83,0.37,0,0
CUB,MBAG_V3B_60D_VOLUME_ANOMALY_T4R,2025-11-04,DEV,BULL,193.9875030517578,181.46,244.1,0.99,0,0
CUB,MBAG_V3D_60D_CONVEX_RUNNER_T5R,2025-11-04,DEV,BULL,193.9875030517578,182.85,249.68,2.52,0,0
CUB,MBAG_V1_CHAMP_BASE60_T3R,2025-11-17,DEV,BULL,208.4550018310547,187.65,270.87,-0.13,0,0
CUB,MBAG_V3D_60D_CONVEX_RUNNER_T5R,2025-11-17,DEV,BULL,208.4550018310547,195.14,275.03,-1.0,1,0
CUMMINSIND,MBAG_V1_CHAMP_BASE60_T3R,2025-10-24,DEV,BULL,4130.00927734375,3941.07,4696.83,0.61,0,0
CUMMINSIND,MBAG_V3A_40D_MICRO_SURGE_T3_5R,2025-10-24,DEV,BULL,4130.00927734375,3993.97,4606.15,2.62,0,0
CUMMINSIND,MBAG_V3B_60D_VOLUME_ANOMALY_T4R,2025-10-24,DEV,BULL,4130.00927734375,3993.97,4674.17,2.06,0,0
CUMMINSIND,MBAG_V3D_60D_CONVEX_RUNNER_T5R,2025-10-24,DEV,BULL,4130.00927734375,4009.09,4734.61,2.91,0,0
CUMMINSIND,MBAG_V1_CHAMP_BASE60_T3R,2025-10-27,DEV,BULL,4256.67724609375,4053.21,4867.08,-0.0,0,0
CUMMINSIND,MBAG_V3D_60D_CONVEX_RUNNER_T5R,2025-10-27,DEV,BULL,4256.67724609375,4126.46,4907.76,1.39,0,0
CUMMINSIND,MBAG_V1_CHAMP_BASE60_T3R,2026-02-18,VAL,BULL,4686.92529296875,4311.44,5813.38,-0.58,0,0
CUMMINSIND,MBAG_V3C_90D_MULTI_REGIME_T4R,2026-02-18,VAL,BULL,4686.92529296875,4386.53,5888.51,-1.0,1,0
CUMMINSIND,MBAG_V1_CHAMP_BASE60_T3R,2026-02-23,VAL,BULL,4844.12158203125,4473.65,5955.54,-1.0,1,0
CUMMINSIND,MBAG_V2A_CONVEX_CAT_90D_T4R,2026-02-23,VAL,BULL,4844.12158203125,4547.75,6029.61,-1.0,1,0
CUMMINSIND,MBAG_V3A_40D_MICRO_SURGE_T3_5R,2026-02-23,VAL,BULL,4844.12158203125,4577.38,5777.72,-1.0,1,0
CUMMINSIND,MBAG_V3C_90D_MULTI_REGIME_T4R,2026-02-23,VAL,BULL,4844.12158203125,4547.75,6029.61,-1.0,1,0
CUMMINSIND,MBAG_V3D_60D_CONVEX_RUNNER_T5R,2026-02-23,VAL,BULL,4844.12158203125,4607.02,6029.63,-1.0,1,0
CUMMINSIND,MBAG_V1_CHAMP_BASE60_T3R,2026-05-27,VAL,BULL,5977.91748046875,5574.3,7188.77,-1.0,1,0
CUMMINSIND,MBAG_V2A_CONVEX_CAT_90D_T4R,2026-05-27,VAL,BULL,5977.91748046875,5655.02,7269.51,-1.0,1,0
CUMMINSIND,MBAG_V2B_EXPANSION_120D_T5R,2026-05-27,VAL,BULL,5977.91748046875,5687.31,7430.95,-1.0,1,0
CUMMINSIND,MBAG_V3A_40D_MICRO_SURGE_T3_5R,2026-05-27,VAL,BULL,5977.91748046875,5687.31,6995.04,-1.0,1,0
CUMMINSIND,MBAG_V3B_60D_VOLUME_ANOMALY_T4R,2026-05-27,VAL,BULL,5977.91748046875,5687.31,7140.35,-1.0,1,0
CUMMINSIND,MBAG_V3C_90D_MULTI_REGIME_T4R,2026-05-27,VAL,BULL,5977.91748046875,5655.02,7269.51,-1.0,1,0
CUMMINSIND,MBAG_V3D_60D_CONVEX_RUNNER_T5R,2026-05-27,VAL,BULL,5977.91748046875,5719.6,7269.5,-1.0,1,0
CUPID,MBAG_V1_CHAMP_BASE60_T3R,2025-10-24,DEV,BULL,2150.612701772794,2101.91,2296.72,-1.0,1,0
CUPID,MBAG_V1_CHAMP_BASE60_T3R,2025-11-21,DEV,BULL,2195.0193179962284,2150.89,2327.41,1.94,0,0
DABUR,MBAG_V3A_40D_MICRO_SURGE_T3_5R,2026-05-08,VAL,NEUTRAL,481.4540100097656,461.47,551.4,-1.0,1,0
DALBHARAT,MBAG_V1_CHAMP_BASE60_T3R,2025-08-13,DEV,BULL,2100.898891638734,2057.8,2230.2,0.82,0,0
DALBHARAT,MBAG_V1_CHAMP_BASE60_T3R,2025-08-20,DEV,BULL,2182.476505990643,2138.33,2314.92,-1.0,1,0
DATAMATICS,MBAG_V3A_40D_MICRO_SURGE_T3_5R,2026-05-06,VAL,BEAR,779.0,735.92,929.78,-1.0,1,0
DATAMATICS,MBAG_V3A_40D_MICRO_SURGE_T3_5R,2026-05-07,VAL,NEUTRAL,823.0999755859375,776.42,986.48,-1.0,1,0
DATAMATICS,MBAG_V1_CHAMP_BASE60_T3R,2026-06-02,HOLDOUT,BULL,834.75,740.22,1118.34,-0.28,0,0
DATAMATICS,MBAG_V1_CHAMP_BASE60_T3R,2026-07-10,HOLDOUT,BULL,900.4500122070312,823.19,1132.23,-1.0,1,0
DATAMATICS,MBAG_V2A_CONVEX_CAT_90D_T4R,2026-07-10,HOLDOUT,BULL,900.4500122070312,838.64,1147.69,-1.0,1,0
DATAMATICS,MBAG_V2B_EXPANSION_120D_T5R,2026-07-10,HOLDOUT,BULL,900.4500122070312,844.82,1178.6,-1.0,1,0
DATAMATICS,MBAG_V3A_40D_MICRO_SURGE_T3_5R,2026-07-10,HOLDOUT,BULL,900.4500122070312,844.82,1095.16,-1.0,1,0
DATAMATICS,MBAG_V3B_60D_VOLUME_ANOMALY_T4R,2026-07-10,HOLDOUT,BULL,900.4500122070312,844.82,1122.97,-1.0,1,0
DATAMATICS,MBAG_V3C_90D_MULTI_REGIME_T4R,2026-07-10,HOLDOUT,BULL,900.4500122070312,838.64,1147.69,-1.0,1,0
DATAMATICS,MBAG_V3D_60D_CONVEX_RUNNER_T5R,2026-07-10,HOLDOUT,BULL,900.4500122070312,851.0,1147.7,-1.0,1,0
DBL,MBAG_V1_CHAMP_BASE60_T3R,2025-09-23,DEV,BULL,1528.4964001718904,1488.37,1648.88,-1.0,1,0
DBL,MBAG_V2A_CONVEX_CAT_90D_T4R,2025-09-23,DEV,BULL,1528.4964001718904,1496.4,1656.88,-1.0,1,0
DBL,MBAG_V3C_90D_MULTI_REGIME_T4R,2025-09-23,DEV,BULL,1528.4964001718904,1496.4,1656.88,-1.0,1,0
DBL,MBAG_V1_CHAMP_BASE60_T3R,2025-09-24,DEV,BULL,1549.242215560065,1502.19,1690.4,-1.0,1,0
DBL,MBAG_V2A_CONVEX_CAT_90D_T4R,2025-09-24,DEV,BULL,1549.242215560065,1511.6,1699.81,-1.0,1,0
DBL,MBAG_V3C_90D_MULTI_REGIME_T4R,2025-09-24,DEV,BULL,1549.242215560065,1511.6,1699.81,-1.0,1,0
DBL,MBAG_V1_CHAMP_BASE60_T3R,2025-09-26,DEV,BULL,1583.0491010298836,1534.68,1728.16,-1.0,1,0
DBL,MBAG_V1_CHAMP_BASE60_T3R,2025-10-01,DEV,BULL,1641.191336781675,1590.0,1794.77,-1.0,1,0
DBL,MBAG_V2A_CONVEX_CAT_90D_T4R,2025-10-01,DEV,BULL,1641.191336781675,1600.24,1805.0,-1.0,1,0
DBL,MBAG_V3C_90D_MULTI_REGIME_T4R,2025-10-01,DEV,BULL,1641.191336781675,1600.24,1805.0,-1.0,1,0
DBL,MBAG_V1_CHAMP_BASE60_T3R,2025-10-06,DEV,BULL,1679.7843505096816,1638.62,1803.28,-1.0,1,0
DBL,MBAG_V1_CHAMP_BASE60_T3R,2025-10-08,DEV,BULL,1694.2028568556525,1650.33,1825.82,-1.0,1,0
DBL,MBAG_V2A_CONVEX_CAT_90D_T4R,2025-10-08,DEV,BULL,1694.2028568556525,1659.1,1834.61,-1.0,1,0
DBL,MBAG_V3C_90D_MULTI_REGIME_T4R,2025-10-08,DEV,BULL,1694.2028568556525,1659.1,1834.61,-1.0,1,0
DBL,MBAG_V1_CHAMP_BASE60_T3R,2025-10-09,DEV,BULL,1707.8426845890924,1665.82,1833.91,-1.0,1,0
DBL,MBAG_V1_CHAMP_BASE60_T3R,2025-10-17,DEV,BULL,1728.2410691482226,1689.24,1845.24,-1.0,1,0
DBL,MBAG_V1_CHAMP_BASE60_T3R,2025-12-16,DEV,BULL,1760.987954736036,1722.55,1876.3,-1.0,1,0
DBL,MBAG_V1_CHAMP_BASE60_T3R,2025-12-17,DEV,BULL,1769.610847199157,1727.61,1895.61,-1.0,1,0
DBL,MBAG_V1_CHAMP_BASE60_T3R,2026-03-13,VAL,BULL,2120.1165850768507,2069.55,2271.82,-1.0,1,0
DBREALTY,MBAG_V1_CHAMP_BASE60_T3R,2025-10-15,DEV,BULL,1836.4152869844947,1798.24,1950.94,3.0,0,1
DCBBANK,MBAG_V1_CHAMP_BASE60_T3R,2026-01-27,VAL,BULL,197.9601287841797,180.88,249.2,-1.0,1,0
DCBBANK,MBAG_V2A_CONVEX_CAT_90D_T4R,2026-01-27,VAL,BULL,197.9601287841797,184.3,252.6,-1.0,1,0
DCBBANK,MBAG_V3A_40D_MICRO_SURGE_T3_5R,2026-01-27,VAL,BULL,197.9601287841797,185.66,241.01,-1.0,1,0
DCBBANK,MBAG_V3B_60D_VOLUME_ANOMALY_T4R,2026-01-27,VAL,BULL,197.9601287841797,185.66,247.16,-1.0,1,0
DCBBANK,MBAG_V3C_90D_MULTI_REGIME_T4R,2026-01-27,VAL,BULL,197.9601287841797,184.3,252.6,-1.0,1,0
DCBBANK,MBAG_V3D_60D_CONVEX_RUNNER_T5R,2026-01-27,VAL,BULL,197.9601287841797,187.03,252.61,-1.0,1,0
DCBBANK,MBAG_V3A_40D_MICRO_SURGE_T3_5R,2026-07-02,HOLDOUT,BULL,193.49000549316406,185.4,221.81,-1.0,1,0
DCMSHRIRAM,MBAG_V3A_40D_MICRO_SURGE_T3_5R,2026-04-16,VAL,NEUTRAL,1180.510986328125,1096.32,1475.18,-1.0,1,0
DCMSHRIRAM,MBAG_V1_CHAMP_BASE60_T3R,2026-05-06,VAL,BULL,1296.8685302734375,1187.8,1624.07,-1.0,1,0
DCMSHRIRAM,MBAG_V2A_CONVEX_CAT_90D_T4R,2026-05-06,VAL,BULL,1296.8685302734375,1209.61,1645.9,-1.0,1,0
DCMSHRIRAM,MBAG_V3A_40D_MICRO_SURGE_T3_5R,2026-05-06,VAL,BULL,1296.8685302734375,1218.34,1571.72,-1.0,1,0
DCMSHRIRAM,MBAG_V3B_60D_VOLUME_ANOMALY_T4R,2026-05-06,VAL,BULL,1296.8685302734375,1218.34,1610.98,-1.0,1,0
DCMSHRIRAM,MBAG_V3C_90D_MULTI_REGIME_T4R,2026-05-06,VAL,BULL,1296.8685302734375,1209.61,1645.9,-1.0,1,0
DCMSHRIRAM,MBAG_V3D_60D_CONVEX_RUNNER_T5R,2026-05-06,VAL,BULL,1296.8685302734375,1227.07,1645.86,-1.0,1,0
DEEPAKFERT,MBAG_V3A_40D_MICRO_SURGE_T3_5R,2026-04-15,VAL,NEUTRAL,1212.1500244140625,1107.51,1578.39,1.01,0,0
DEEPAKFERT,MBAG_V1_CHAMP_BASE60_T3R,2026-05-21,VAL,BULL,1383.699951171875,1248.68,1788.76,1.05,0,0
DEEPAKFERT,MBAG_V3C_90D_MULTI_REGIME_T4R,2026-05-21,VAL,BULL,1383.699951171875,1275.69,1815.74,2.6,0,0
DEEPAKFERT,MBAG_V1_CHAMP_BASE60_T3R,2026-05-22,VAL,BULL,1473.9000244140625,1329.94,1905.78,0.62,0,0
DEEPAKFERT,MBAG_V2A_CONVEX_CAT_90D_T4R,2026-05-22,VAL,BULL,1473.9000244140625,1358.73,1934.58,-1.0,1,0
DEEPAKFERT,MBAG_V2B_EXPANSION_120D_T5R,2026-05-22,VAL,BULL,1473.9000244140625,1370.25,1992.15,-1.0,1,0
DEEPAKFERT,MBAG_V3A_40D_MICRO_SURGE_T3_5R,2026-05-22,VAL,BULL,1473.9000244140625,1370.25,1836.68,-1.0,1,0
DEEPAKFERT,MBAG_V3B_60D_VOLUME_ANOMALY_T4R,2026-05-22,VAL,BULL,1473.9000244140625,1370.25,1888.5,-1.0,1,0
DEEPAKFERT,MBAG_V3C_90D_MULTI_REGIME_T4R,2026-05-22,VAL,BULL,1473.9000244140625,1358.73,1934.58,-1.0,1,0
DEEPAKFERT,MBAG_V3D_60D_CONVEX_RUNNER_T5R,2026-05-22,VAL,BULL,1473.9000244140625,1381.76,1934.6,-1.0,1,0
DEEPAKNTR,MBAG_V1_CHAMP_BASE60_T3R,2025-10-07,DEV,BULL,1781.605209305991,1740.73,1904.23,-1.0,1,0
DEEPAKNTR,MBAG_V1_CHAMP_BASE60_T3R,2025-10-09,DEV,BULL,1835.322879384672,1796.91,1950.56,-1.0,1,0
DEEPINDS,MBAG_V2A_CONVEX_CAT_90D_T4R,2026-06-02,HOLDOUT,BULL,518.7999877929688,468.97,718.12,-1.0,1,0
DEEPINDS,MBAG_V2B_EXPANSION_120D_T5R,2026-06-02,HOLDOUT,BULL,518.7999877929688,473.95,743.05,-1.0,1,0
DEEPINDS,MBAG_V3A_40D_MICRO_SURGE_T3_5R,2026-06-02,HOLDOUT,BULL,518.7999877929688,473.95,675.77,-1.0,1,0
DEEPINDS,MBAG_V3B_60D_VOLUME_ANOMALY_T4R,2026-06-02,HOLDOUT,BULL,518.7999877929688,473.95,698.2,-1.0,1,0
DEEPINDS,MBAG_V3C_90D_MULTI_REGIME_T4R,2026-06-02,HOLDOUT,BULL,518.7999877929688,468.97,718.12,-1.0,1,0
DEEPINDS,MBAG_V3D_60D_CONVEX_RUNNER_T5R,2026-06-02,HOLDOUT,BULL,518.7999877929688,478.94,718.1,-1.0,1,0
DELHIVERY,MBAG_V1_CHAMP_BASE60_T3R,2025-08-12,DEV,BULL,802.45750324135,785.85,852.28,-1.0,1,0
DELHIVERY,MBAG_V1_CHAMP_BASE60_T3R,2025-08-14,DEV,BULL,827.4508606665565,810.49,878.33,-1.0,1,0
DELHIVERY,MBAG_V1_CHAMP_BASE60_T3R,2026-02-03,VAL,BULL,858.7538519974057,841.39,910.85,1.95,0,0
DELHIVERY,MBAG_V1_CHAMP_BASE60_T3R,2026-02-27,VAL,BULL,906.5155228453875,887.55,963.41,3.0,0,1
DELHIVERY,MBAG_V1_CHAMP_BASE60_T3R,2026-03-18,VAL,BULL,964.8274136460315,945.39,1023.14,-1.0,1,0
DELHIVERY,MBAG_V1_CHAMP_BASE60_T3R,2026-03-19,VAL,BULL,972.146541717802,952.47,1031.18,-1.0,1,0
DIACABS,MBAG_V1_CHAMP_BASE60_T3R,2026-04-16,VAL,BULL,148.27999877929688,131.59,198.35,2.62,0,0
DIACABS,MBAG_V3D_60D_CONVEX_RUNNER_T5R,2026-04-16,VAL,BULL,148.27999877929688,137.6,201.68,5.0,0,1
DIACABS,MBAG_V1_CHAMP_BASE60_T3R,2026-04-20,VAL,BULL,160.75999450683594,142.11,216.71,1.67,0,0
DIACABS,MBAG_V2A_CONVEX_CAT_90D_T4R,2026-04-20,VAL,BULL,160.75999450683594,145.84,220.44,1.49,0,0
DIACABS,MBAG_V3A_40D_MICRO_SURGE_T3_5R,2026-04-20,VAL,BULL,160.75999450683594,147.33,207.76,2.67,0,0
DIACABS,MBAG_V3B_60D_VOLUME_ANOMALY_T4R,2026-04-20,VAL,BULL,160.75999450683594,147.33,214.48,1.66,0,0
DIACABS,MBAG_V3C_90D_MULTI_REGIME_T4R,2026-04-20,VAL,BULL,160.75999450683594,145.84,220.44,1.49,0,0
DIACABS,MBAG_V3D_60D_CONVEX_RUNNER_T5R,2026-04-20,VAL,BULL,160.75999450683594,148.83,220.41,3.14,0,0
DIACABS,MBAG_V1_CHAMP_BASE60_T3R,2026-05-06,VAL,BULL,177.1300048828125,157.45,236.17,0.59,0,0
DIACABS,MBAG_V2A_CONVEX_CAT_90D_T4R,2026-05-06,VAL,BULL,177.1300048828125,161.39,240.09,1.74,0,0
DIACABS,MBAG_V3A_40D_MICRO_SURGE_T3_5R,2026-05-06,VAL,BULL,177.1300048828125,162.96,226.73,1.4,0,0
DIACABS,MBAG_V3C_90D_MULTI_REGIME_T4R,2026-05-06,VAL,BULL,177.1300048828125,161.39,240.09,1.74,0,0
DIACABS,MBAG_V3D_60D_CONVEX_RUNNER_T5R,2026-05-06,VAL,BULL,177.1300048828125,164.54,240.08,2.17,0,0
DIACABS,MBAG_V2A_CONVEX_CAT_90D_T4R,2026-05-14,VAL,BULL,191.99000549316406,172.53,269.83,0.73,0,0
DIACABS,MBAG_V2B_EXPANSION_120D_T5R,2026-05-14,VAL,BULL,191.99000549316406,174.47,279.59,2.69,0,0
DIACABS,MBAG_V3A_40D_MICRO_SURGE_T3_5R,2026-05-14,VAL,BULL,191.99000549316406,174.47,253.31,0.59,0,0
DIACABS,MBAG_V3B_60D_VOLUME_ANOMALY_T4R,2026-05-14,VAL,BULL,191.99000549316406,174.47,262.07,0.82,0,0
DIACABS,MBAG_V3C_90D_MULTI_REGIME_T4R,2026-05-14,VAL,BULL,191.99000549316406,172.53,269.83,0.73,0,0
DIACABS,MBAG_V3D_60D_CONVEX_RUNNER_T5R,2026-05-14,VAL,BULL,191.99000549316406,176.42,269.84,1.18,0,0
DIACABS,MBAG_V2A_CONVEX_CAT_90D_T4R,2026-05-15,VAL,BULL,196.4499969482422,176.21,277.41,0.49,0,0
DIACABS,MBAG_V2B_EXPANSION_120D_T5R,2026-05-15,VAL,BULL,196.4499969482422,178.24,287.5,1.79,0,0
DIACABS,MBAG_V3A_40D_MICRO_SURGE_T3_5R,2026-05-15,VAL,BULL,196.4499969482422,178.24,260.18,0.7,0,0
DIACABS,MBAG_V3B_60D_VOLUME_ANOMALY_T4R,2026-05-15,VAL,BULL,196.4499969482422,178.24,269.29,0.54,0,0
DIACABS,MBAG_V3C_90D_MULTI_REGIME_T4R,2026-05-15,VAL,BULL,196.4499969482422,176.21,277.41,0.49,0,0
DIACABS,MBAG_V3D_60D_CONVEX_RUNNER_T5R,2026-05-15,VAL,BULL,196.4499969482422,180.26,277.4,0.15,0,0
DIACABS,MBAG_V2A_CONVEX_CAT_90D_T4R,2026-05-26,VAL,BULL,206.64999389648438,184.0,297.25,-1.0,1,0
DIACABS,MBAG_V2B_EXPANSION_120D_T5R,2026-05-26,VAL,BULL,206.64999389648438,186.26,308.6,-1.0,1,0
DIACABS,MBAG_V3A_40D_MICRO_SURGE_T3_5R,2026-05-26,VAL,BULL,206.64999389648438,186.26,278.01,-1.0,1,0
DIACABS,MBAG_V3B_60D_VOLUME_ANOMALY_T4R,2026-05-26,VAL,BULL,206.64999389648438,186.26,288.21,-1.0,1,0
DIACABS,MBAG_V3C_90D_MULTI_REGIME_T4R,2026-05-26,VAL,BULL,206.64999389648438,184.0,297.25,-1.0,1,0
DIACABS,MBAG_V3D_60D_CONVEX_RUNNER_T5R,2026-05-26,VAL,BULL,206.64999389648438,188.53,297.25,-1.0,1,0
DIVGIITTS,MBAG_V1_CHAMP_BASE60_T3R,2026-02-13,VAL,BULL,744.5499877929688,678.01,944.17,-1.0,1,0
DIVGIITTS,MBAG_V2A_CONVEX_CAT_90D_T4R,2026-02-13,VAL,BULL,744.5499877929688,691.32,957.47,-1.0,1,0
DIVGIITTS,MBAG_V3A_40D_MICRO_SURGE_T3_5R,2026-02-13,VAL,BULL,744.5499877929688,696.64,912.23,-1.0,1,0
DIVGIITTS,MBAG_V3B_60D_VOLUME_ANOMALY_T4R,2026-02-13,VAL,BULL,744.5499877929688,696.64,936.19,-1.0,1,0
DIVGIITTS,MBAG_V3C_90D_MULTI_REGIME_T4R,2026-02-13,VAL,BULL,744.5499877929688,691.32,957.47,-1.0,1,0
DIVGIITTS,MBAG_V3D_60D_CONVEX_RUNNER_T5R,2026-02-13,VAL,BULL,744.5499877929688,701.97,957.45,-1.0,1,0
DIVGIITTS,MBAG_V1_CHAMP_BASE60_T3R,2026-02-16,VAL,BULL,762.2000122070312,686.9,988.1,-1.0,1,0
DIVGIITTS,MBAG_V2A_CONVEX_CAT_90D_T4R,2026-02-16,VAL,BULL,762.2000122070312,701.96,1003.16,-1.0,1,0
DIVGIITTS,MBAG_V3A_40D_MICRO_SURGE_T3_5R,2026-02-16,VAL,BULL,762.2000122070312,707.98,951.97,-1.0,1,0
DIVGIITTS,MBAG_V3B_60D_VOLUME_ANOMALY_T4R,2026-02-16,VAL,BULL,762.2000122070312,707.98,979.08,-1.0,1,0
DIVGIITTS,MBAG_V3C_90D_MULTI_REGIME_T4R,2026-02-16,VAL,BULL,762.2000122070312,701.96,1003.16,-1.0,1,0
DIVGIITTS,MBAG_V3D_60D_CONVEX_RUNNER_T5R,2026-02-16,VAL,BULL,762.2000122070312,714.01,1003.15,-1.0,1,0
DIVGIITTS,MBAG_V1_CHAMP_BASE60_T3R,2026-06-15,HOLDOUT,BULL,869.2000122070312,774.64,1152.88,0.95,0,0
DIVGIITTS,MBAG_V2A_CONVEX_CAT_90D_T4R,2026-06-15,HOLDOUT,BULL,869.2000122070312,793.55,1171.8,1.23,0,0
DIVGIITTS,MBAG_V2B_EXPANSION_120D_T5R,2026-06-15,HOLDOUT,BULL,869.2000122070312,801.12,1209.6,2.75,0,0
DIVGIITTS,MBAG_V3A_40D_MICRO_SURGE_T3_5R,2026-06-15,HOLDOUT,BULL,869.2000122070312,801.12,1107.48,0.66,0,0
DIVGIITTS,MBAG_V3B_60D_VOLUME_ANOMALY_T4R,2026-06-15,HOLDOUT,BULL,869.2000122070312,801.12,1141.52,1.37,0,0
DIVGIITTS,MBAG_V3C_90D_MULTI_REGIME_T4R,2026-06-15,HOLDOUT,BULL,869.2000122070312,793.55,1171.8,1.23,0,0
DIVGIITTS,MBAG_V3D_60D_CONVEX_RUNNER_T5R,2026-06-15,HOLDOUT,BULL,869.2000122070312,808.68,1171.8,1.76,0,0
DIVGIITTS,MBAG_V1_CHAMP_BASE60_T3R,2026-06-30,HOLDOUT,BULL,987.5499877929688,889.19,1282.63,-0.29,0,0
DIVGIITTS,MBAG_V2A_CONVEX_CAT_90D_T4R,2026-06-30,HOLDOUT,BULL,987.5499877929688,908.86,1302.31,-1.0,1,0
DIVGIITTS,MBAG_V2B_EXPANSION_120D_T5R,2026-06-30,HOLDOUT,BULL,987.5499877929688,916.73,1341.65,-1.0,1,0
DIVGIITTS,MBAG_V3A_40D_MICRO_SURGE_T3_5R,2026-06-30,HOLDOUT,BULL,987.5499877929688,916.73,1235.42,-1.0,1,0
DIVGIITTS,MBAG_V3B_60D_VOLUME_ANOMALY_T4R,2026-06-30,HOLDOUT,BULL,987.5499877929688,916.73,1270.83,-1.0,1,0
DIVGIITTS,MBAG_V3C_90D_MULTI_REGIME_T4R,2026-06-30,HOLDOUT,BULL,987.5499877929688,908.86,1302.31,-1.0,1,0
DIVGIITTS,MBAG_V3D_60D_CONVEX_RUNNER_T5R,2026-06-30,HOLDOUT,BULL,987.5499877929688,924.6,1302.3,-1.0,1,0
DIVISLAB,MBAG_V1_CHAMP_BASE60_T3R,2026-05-13,VAL,BULL,6796.0,6461.54,7799.38,-1.0,1,0
DIVISLAB,MBAG_V3C_90D_MULTI_REGIME_T4R,2026-05-13,VAL,BULL,6796.0,6528.43,7866.28,-1.0,1,0
DIXON,MBAG_V1_CHAMP_BASE60_T3R,2026-05-22,VAL,BEAR,11722.0,10533.96,15286.12,0.67,0,0
DIXON,MBAG_V1_CHAMP_BASE60_T3R,2026-06-15,HOLDOUT,BEAR,11957.0,11190.75,14255.75,2.0,0,0
DIXON,MBAG_V1_CHAMP_BASE60_T3R,2026-06-16,HOLDOUT,BEAR,12235.0,11435.89,14632.33,1.41,0,0
DIXON,MBAG_V2A_CONVEX_CAT_90D_T4R,2026-06-16,HOLDOUT,BEAR,12235.0,11595.71,14792.16,2.61,0,0
DIXON,MBAG_V3C_90D_MULTI_REGIME_T4R,2026-06-16,HOLDOUT,BEAR,12235.0,11595.71,14792.16,2.61,0,0
DIXON,MBAG_V3D_60D_CONVEX_RUNNER_T5R,2026-06-16,HOLDOUT,BEAR,12235.0,11723.57,14792.15,-1.0,1,0
DIXON,MBAG_V1_CHAMP_BASE60_T3R,2026-06-17,HOLDOUT,NEUTRAL,12833.0,11933.36,15531.92,-1.0,1,0
DIXON,MBAG_V2A_CONVEX_CAT_90D_T4R,2026-06-17,HOLDOUT,NEUTRAL,12833.0,12113.29,15711.84,-1.0,1,0
DIXON,MBAG_V3A_40D_MICRO_SURGE_T3_5R,2026-06-17,HOLDOUT,NEUTRAL,12833.0,12185.26,15100.09,-1.0,1,0
DIXON,MBAG_V3B_60D_VOLUME_ANOMALY_T4R,2026-06-17,HOLDOUT,NEUTRAL,12833.0,12185.26,15423.96,-1.0,1,0
DIXON,MBAG_V3C_90D_MULTI_REGIME_T4R,2026-06-17,HOLDOUT,NEUTRAL,12833.0,12113.29,15711.84,-1.0,1,0
DIXON,MBAG_V3D_60D_CONVEX_RUNNER_T5R,2026-06-17,HOLDOUT,NEUTRAL,12833.0,12257.23,15711.85,-1.0,1,0
DIXON,MBAG_V1_CHAMP_BASE60_T3R,2026-07-06,HOLDOUT,BULL,13304.0,12340.25,16195.25,0.61,0,0
DIXON,MBAG_V2A_CONVEX_CAT_90D_T4R,2026-07-06,HOLDOUT,BULL,13304.0,12533.0,16388.0,0.94,0,0
DIXON,MBAG_V3A_40D_MICRO_SURGE_T3_5R,2026-07-06,HOLDOUT,BULL,13304.0,12610.1,15732.65,1.17,0,0
DIXON,MBAG_V3C_90D_MULTI_REGIME_T4R,2026-07-06,HOLDOUT,BULL,13304.0,12533.0,16388.0,0.94,0,0
DIXON,MBAG_V3D_60D_CONVEX_RUNNER_T5R,2026-07-06,HOLDOUT,BULL,13304.0,12687.2,16388.0,2.05,0,0
DLF,MBAG_V1_CHAMP_BASE60_T3R,2026-06-18,HOLDOUT,NEUTRAL,632.7557983398438,588.9,764.32,0.17,0,0
DLF,MBAG_V3A_40D_MICRO_SURGE_T3_5R,2026-06-18,HOLDOUT,NEUTRAL,632.7557983398438,601.18,743.27,-1.0,1,0
DLF,MBAG_V3D_60D_CONVEX_RUNNER_T5R,2026-06-18,HOLDOUT,NEUTRAL,632.7557983398438,604.69,773.08,-1.0,1,0
DLF,MBAG_V1_CHAMP_BASE60_T3R,2026-07-03,HOLDOUT,BULL,667.5193481445312,626.03,791.99,-1.0,1,0
DLF,MBAG_V1_CHAMP_BASE60_T3R,2026-07-10,HOLDOUT,BULL,677.2471923828125,625.68,831.95,-1.0,1,0
DLF,MBAG_V2A_CONVEX_CAT_90D_T4R,2026-07-10,HOLDOUT,BULL,677.2471923828125,635.99,842.28,-1.0,1,0
DLF,MBAG_V3C_90D_MULTI_REGIME_T4R,2026-07-10,HOLDOUT,BULL,677.2471923828125,635.99,842.28,-1.0,1,0
DLF,MBAG_V3D_60D_CONVEX_RUNNER_T5R,2026-07-10,HOLDOUT,BULL,677.2471923828125,644.24,842.28,-1.0,1,0
DMART,MBAG_V1_CHAMP_BASE60_T3R,2025-08-22,DEV,BULL,2992.1503622559508,2931.96,3172.72,1.56,0,0
DMART,MBAG_V1_CHAMP_BASE60_T3R,2026-04-29,VAL,BULL,4264.416599422987,4172.7,4539.57,-1.0,1,0
DOMS,MBAG_V1_CHAMP_BASE60_T3R,2026-01-02,VAL,BULL,2673.89990234375,2529.63,3106.71,-1.0,1,0
DOMS,MBAG_V3A_40D_MICRO_SURGE_T3_5R,2026-01-02,VAL,BULL,2673.89990234375,2570.03,3037.44,-1.0,1,0
DOMS,MBAG_V3B_60D_VOLUME_ANOMALY_T4R,2026-01-02,VAL,BULL,2673.89990234375,2570.03,3089.38,-1.0,1,0
DOMS,MBAG_V3D_60D_CONVEX_RUNNER_T5R,2026-01-02,VAL,BULL,2673.89990234375,2581.57,3135.55,-1.0,1,0
DYNAMATECH,MBAG_V1_CHAMP_BASE60_T3R,2026-02-17,VAL,BULL,10114.1923828125,9027.41,13374.54,-1.0,1,0
DYNAMATECH,MBAG_V2A_CONVEX_CAT_90D_T4R,2026-02-17,VAL,BULL,10114.1923828125,9244.77,13591.88,-1.0,1,0
DYNAMATECH,MBAG_V3A_40D_MICRO_SURGE_T3_5R,2026-02-17,VAL,BULL,10114.1923828125,9331.71,12852.88,-1.0,1,0
DYNAMATECH,MBAG_V3C_90D_MULTI_REGIME_T4R,2026-02-17,VAL,BULL,10114.1923828125,9244.77,13591.88,-1.0,1,0
DYNAMATECH,MBAG_V3D_60D_CONVEX_RUNNER_T5R,2026-02-17,VAL,BULL,10114.1923828125,9418.65,13591.9,-1.0,1,0
DYNAMATECH,MBAG_V1_CHAMP_BASE60_T3R,2026-04-22,VAL,BULL,11537.796875,10390.35,14980.14,-1.0,1,0
DYNAMATECH,MBAG_V2A_CONVEX_CAT_90D_T4R,2026-04-22,VAL,BULL,11537.796875,10619.84,15209.62,-1.0,1,0
DYNAMATECH,MBAG_V2B_EXPANSION_120D_T5R,2026-04-22,VAL,BULL,11537.796875,10711.63,15668.63,-1.0,1,0
DYNAMATECH,MBAG_V3A_40D_MICRO_SURGE_T3_5R,2026-04-22,VAL,BULL,11537.796875,10711.63,14429.38,-1.0,1,0
DYNAMATECH,MBAG_V3B_60D_VOLUME_ANOMALY_T4R,2026-04-22,VAL,BULL,11537.796875,10711.63,14842.46,-1.0,1,0
DYNAMATECH,MBAG_V3C_90D_MULTI_REGIME_T4R,2026-04-22,VAL,BULL,11537.796875,10619.84,15209.62,-1.0,1,0
DYNAMATECH,MBAG_V3D_60D_CONVEX_RUNNER_T5R,2026-04-22,VAL,BULL,11537.796875,10803.43,15209.63,-1.0,1,0
DYNAMATECH,MBAG_V1_CHAMP_BASE60_T3R,2026-04-27,VAL,BULL,12413.5537109375,11077.41,16421.98,-1.0,1,0
DYNAMATECH,MBAG_V2A_CONVEX_CAT_90D_T4R,2026-04-27,VAL,BULL,12413.5537109375,11344.64,16689.21,-1.0,1,0
DYNAMATECH,MBAG_V3A_40D_MICRO_SURGE_T3_5R,2026-04-27,VAL,BULL,12413.5537109375,11451.53,15780.64,-1.0,1,0
DYNAMATECH,MBAG_V3C_90D_MULTI_REGIME_T4R,2026-04-27,VAL,BULL,12413.5537109375,11344.64,16689.21,-1.0,1,0
DYNAMATECH,MBAG_V3D_60D_CONVEX_RUNNER_T5R,2026-04-27,VAL,BULL,12413.5537109375,11558.42,16689.22,-1.0,1,0
ECLERX,MBAG_V1_CHAMP_BASE60_T3R,2025-10-27,DEV,BULL,2393.64990234375,2190.81,3002.17,-1.0,1,0
ECLERX,MBAG_V3A_40D_MICRO_SURGE_T3_5R,2025-10-27,DEV,BULL,2393.64990234375,2247.61,2904.79,-1.0,1,0
ECLERX,MBAG_V3B_60D_VOLUME_ANOMALY_T4R,2025-10-27,DEV,BULL,2393.64990234375,2247.61,2977.81,-1.0,1,0
ECLERX,MBAG_V3D_60D_CONVEX_RUNNER_T5R,2025-10-27,DEV,BULL,2393.64990234375,2263.83,3042.75,-1.0,1,0
ECLERX,MBAG_V1_CHAMP_BASE60_T3R,2025-12-03,DEV,BULL,2455.699951171875,2268.84,3016.28,-1.0,1,0
ECLERX,MBAG_V2A_CONVEX_CAT_90D_T4R,2025-12-03,DEV,BULL,2455.699951171875,2306.21,3053.66,-1.0,1,0
ECLERX,MBAG_V3A_40D_MICRO_SURGE_T3_5R,2025-12-03,DEV,BULL,2455.699951171875,2321.16,2926.59,-1.0,1,0
ECLERX,MBAG_V3B_60D_VOLUME_ANOMALY_T4R,2025-12-03,DEV,BULL,2455.699951171875,2321.16,2993.86,-1.0,1,0
ECLERX,MBAG_V3C_90D_MULTI_REGIME_T4R,2025-12-03,DEV,BULL,2455.699951171875,2306.21,3053.66,-1.0,1,0
ECLERX,MBAG_V3D_60D_CONVEX_RUNNER_T5R,2025-12-03,DEV,BULL,2455.699951171875,2336.11,3053.65,-1.0,1,0
EDELWEISS,MBAG_V1_CHAMP_BASE60_T3R,2026-02-10,VAL,BULL,121.47000122070312,110.25,155.13,-1.0,1,0
EDELWEISS,MBAG_V3A_40D_MICRO_SURGE_T3_5R,2026-02-10,VAL,BULL,121.47000122070312,113.39,149.75,-1.0,1,0
EDELWEISS,MBAG_V3B_60D_VOLUME_ANOMALY_T4R,2026-02-10,VAL,BULL,121.47000122070312,113.39,153.79,-1.0,1,0
EDELWEISS,MBAG_V3D_60D_CONVEX_RUNNER_T5R,2026-02-10,VAL,BULL,121.47000122070312,114.29,157.37,-1.0,1,0
EDELWEISS,MBAG_V1_CHAMP_BASE60_T3R,2026-02-11,VAL,BULL,125.16000366210938,113.5,160.14,-1.0,1,0
EDELWEISS,MBAG_V2A_CONVEX_CAT_90D_T4R,2026-02-11,VAL,BULL,125.16000366210938,115.83,162.48,-1.0,1,0
EDELWEISS,MBAG_V2B_EXPANSION_120D_T5R,2026-02-11,VAL,BULL,125.16000366210938,116.76,167.16,-1.0,1,0
EDELWEISS,MBAG_V3A_40D_MICRO_SURGE_T3_5R,2026-02-11,VAL,BULL,125.16000366210938,116.76,154.56,-1.0,1,0
EDELWEISS,MBAG_V3B_60D_VOLUME_ANOMALY_T4R,2026-02-11,VAL,BULL,125.16000366210938,116.76,158.76,-1.0,1,0
EDELWEISS,MBAG_V3C_90D_MULTI_REGIME_T4R,2026-02-11,VAL,BULL,125.16000366210938,115.83,162.48,-1.0,1,0
EDELWEISS,MBAG_V3D_60D_CONVEX_RUNNER_T5R,2026-02-11,VAL,BULL,125.16000366210938,117.69,162.51,-1.0,1,0
EDELWEISS,MBAG_V1_CHAMP_BASE60_T3R,2026-06-22,HOLDOUT,BULL,130.27999877929688,118.31,166.19,-1.0,1,0
EDELWEISS,MBAG_V3A_40D_MICRO_SURGE_T3_5R,2026-06-22,HOLDOUT,BULL,130.27999877929688,121.66,160.45,-1.0,1,0
EDELWEISS,MBAG_V3B_60D_VOLUME_ANOMALY_T4R,2026-06-22,HOLDOUT,BULL,130.27999877929688,121.66,164.76,-1.0,1,0
EDELWEISS,MBAG_V3D_60D_CONVEX_RUNNER_T5R,2026-06-22,HOLDOUT,BULL,130.27999877929688,122.62,168.58,-1.0,1,0
EICHERMOT,MBAG_V1_CHAMP_BASE60_T3R,2025-11-20,DEV,BULL,7125.5,6746.21,8263.37,-0.05,0,0
EICHERMOT,MBAG_V1_CHAMP_BASE60_T3R,2025-11-24,DEV,BULL,7258.5,6879.93,8394.21,0.09,0,0
EICHERMOT,MBAG_V3A_40D_MICRO_SURGE_T3_5R,2025-11-24,DEV,BULL,7258.5,6985.93,8212.49,-1.0,1,0
EICHERMOT,MBAG_V3D_60D_CONVEX_RUNNER_T5R,2025-11-24,DEV,BULL,7258.5,7016.21,8469.95,-1.0,1,0
EICHERMOT,MBAG_V1_CHAMP_BASE60_T3R,2026-02-11,VAL,BULL,7771.0,7285.11,9228.67,-1.0,1,0
EICHERMOT,MBAG_V2A_CONVEX_CAT_90D_T4R,2026-02-11,VAL,BULL,7771.0,7382.29,9325.84,-1.0,1,0
EICHERMOT,MBAG_V2B_EXPANSION_120D_T5R,2026-02-11,VAL,BULL,7771.0,7421.16,9520.2,-1.0,1,0
EICHERMOT,MBAG_V3A_40D_MICRO_SURGE_T3_5R,2026-02-11,VAL,BULL,7771.0,7421.16,8995.44,-1.0,1,0
EICHERMOT,MBAG_V3B_60D_VOLUME_ANOMALY_T4R,2026-02-11,VAL,BULL,7771.0,7421.16,9170.36,-1.0,1,0
EICHERMOT,MBAG_V3C_90D_MULTI_REGIME_T4R,2026-02-11,VAL,BULL,7771.0,7382.29,9325.84,-1.0,1,0
EICHERMOT,MBAG_V3D_60D_CONVEX_RUNNER_T5R,2026-02-11,VAL,BULL,7771.0,7460.03,9325.85,-1.0,1,0
EICHERMOT,MBAG_V1_CHAMP_BASE60_T3R,2026-02-12,VAL,BULL,7943.0,7473.36,9351.92,-1.0,1,0
EICHERMOT,MBAG_V2A_CONVEX_CAT_90D_T4R,2026-02-12,VAL,BULL,7943.0,7567.29,9445.84,-1.0,1,0
EICHERMOT,MBAG_V3C_90D_MULTI_REGIME_T4R,2026-02-12,VAL,BULL,7943.0,7567.29,9445.84,-1.0,1,0
EICHERMOT,MBAG_V3D_60D_CONVEX_RUNNER_T5R,2026-02-12,VAL,BULL,7943.0,7642.43,9445.85,-1.0,1,0
EICHERMOT,MBAG_V1_CHAMP_BASE60_T3R,2026-02-13,VAL,BULL,8065.0,7579.73,9520.81,-1.0,1,0
EIDPARRY,MBAG_V1_CHAMP_BASE60_T3R,2025-10-10,DEV,BULL,2129.570305287422,2086.78,2257.94,1.9,0,0
EIDPARRY,MBAG_V1_CHAMP_BASE60_T3R,2026-02-26,VAL,BULL,2650.7095316157083,2595.32,2816.88,3.0,0,1
EIDPARRY,MBAG_V1_CHAMP_BASE60_T3R,2026-03-02,VAL,BULL,2672.9201291586564,2618.12,2837.32,3.0,0,1
EIDPARRY,MBAG_V1_CHAMP_BASE60_T3R,2026-03-05,VAL,BULL,2733.866949540858,2673.43,2915.18,-1.0,1,0
EIDPARRY,MBAG_V1_CHAMP_BASE60_T3R,2026-04-27,VAL,BULL,3252.028076397283,3185.71,3450.98,3.0,0,1
EIEL,MBAG_V1_CHAMP_BASE60_T3R,2026-03-23,VAL,BULL,1465.0958190018803,1434.46,1557.0,-1.0,1,0
ELECON,MBAG_V3A_40D_MICRO_SURGE_T3_5R,2026-04-21,VAL,NEUTRAL,470.2106018066406,431.93,604.19,1.4,0,0
ELECON,MBAG_V1_CHAMP_BASE60_T3R,2026-04-22,VAL,BULL,502.66815185546875,444.37,677.56,-0.31,0,0
ELECON,MBAG_V3A_40D_MICRO_SURGE_T3_5R,2026-04-22,VAL,BULL,502.66815185546875,460.69,649.59,0.68,0,0
ELECON,MBAG_V3D_60D_CONVEX_RUNNER_T5R,2026-04-22,VAL,BULL,502.66815185546875,465.36,689.21,0.5,0,0
ELECON,MBAG_V1_CHAMP_BASE60_T3R,2026-04-23,VAL,BULL,511.2935791015625,452.08,688.93,-0.14,0,0
ELECON,MBAG_V1_CHAMP_BASE60_T3R,2026-05-06,VAL,BULL,556.0661010742188,489.35,756.21,-1.0,1,0
ELECON,MBAG_V2A_CONVEX_CAT_90D_T4R,2026-05-06,VAL,BULL,556.0661010742188,502.69,769.57,-1.0,1,0
ELECON,MBAG_V2B_EXPANSION_120D_T5R,2026-05-06,VAL,BULL,556.0661010742188,508.03,796.25,-1.0,1,0
ELECON,MBAG_V3A_40D_MICRO_SURGE_T3_5R,2026-05-06,VAL,BULL,556.0661010742188,508.03,724.19,-1.0,1,0
ELECON,MBAG_V3B_60D_VOLUME_ANOMALY_T4R,2026-05-06,VAL,BULL,556.0661010742188,508.03,748.21,-1.0,1,0
ELECON,MBAG_V3C_90D_MULTI_REGIME_T4R,2026-05-06,VAL,BULL,556.0661010742188,502.69,769.57,-1.0,1,0
ELECON,MBAG_V3D_60D_CONVEX_RUNNER_T5R,2026-05-06,VAL,BULL,556.0661010742188,513.36,769.6,-1.0,1,0
ELECTCAST,MBAG_V1_CHAMP_BASE60_T3R,2026-05-04,VAL,BULL,87.52517700195312,78.98,113.16,-1.0,1,0
ELECTCAST,MBAG_V1_CHAMP_BASE60_T3R,2026-05-05,VAL,BULL,92.13748168945312,82.96,119.67,-1.0,1,0
ELECTCAST,MBAG_V2A_CONVEX_CAT_90D_T4R,2026-05-05,VAL,BULL,92.13748168945312,84.8,121.49,-1.0,1,0
ELECTCAST,MBAG_V2B_EXPANSION_120D_T5R,2026-05-05,VAL,BULL,92.13748168945312,85.53,125.17,-1.0,1,0
ELECTCAST,MBAG_V3A_40D_MICRO_SURGE_T3_5R,2026-05-05,VAL,BULL,92.13748168945312,85.53,115.26,-1.0,1,0
ELECTCAST,MBAG_V3B_60D_VOLUME_ANOMALY_T4R,2026-05-05,VAL,BULL,92.13748168945312,85.53,118.57,-1.0,1,0
ELECTCAST,MBAG_V3C_90D_MULTI_REGIME_T4R,2026-05-05,VAL,BULL,92.13748168945312,84.8,121.49,-1.0,1,0
ELECTCAST,MBAG_V3D_60D_CONVEX_RUNNER_T5R,2026-05-05,VAL,BULL,92.13748168945312,86.27,121.47,-1.0,1,0
ELGIEQUIP,MBAG_V1_CHAMP_BASE60_T3R,2025-11-17,DEV,BULL,512.3106079101562,478.63,613.35,-1.0,1,0
ELGIEQUIP,MBAG_V3A_40D_MICRO_SURGE_T3_5R,2025-11-17,DEV,BULL,512.3106079101562,488.06,597.19,-1.0,1,0
ELGIEQUIP,MBAG_V3B_60D_VOLUME_ANOMALY_T4R,2025-11-17,DEV,BULL,512.3106079101562,488.06,609.31,-1.0,1,0
ELGIEQUIP,MBAG_V3D_60D_CONVEX_RUNNER_T5R,2025-11-17,DEV,BULL,512.3106079101562,490.75,620.11,-1.0,1,0
ELGIEQUIP,MBAG_V3A_40D_MICRO_SURGE_T3_5R,2026-02-12,VAL,BULL,509.8719482421875,482.63,605.22,-1.0,1,0
ELGIEQUIP,MBAG_V1_CHAMP_BASE60_T3R,2026-02-18,VAL,BULL,534.755859375,487.09,677.75,-1.0,1,0
ELGIEQUIP,MBAG_V3C_90D_MULTI_REGIME_T4R,2026-02-18,VAL,BULL,534.755859375,496.62,687.3,-1.0,1,0
ELGIEQUIP,MBAG_V1_CHAMP_BASE60_T3R,2026-05-27,VAL,BULL,575.2172241210938,528.44,715.55,0.67,0,0
ELGIEQUIP,MBAG_V2A_CONVEX_CAT_90D_T4R,2026-05-27,VAL,BULL,575.2172241210938,537.8,724.89,-0.06,0,0
ELGIEQUIP,MBAG_V2B_EXPANSION_120D_T5R,2026-05-27,VAL,BULL,575.2172241210938,541.54,743.6,0.24,0,0
ELGIEQUIP,MBAG_V3A_40D_MICRO_SURGE_T3_5R,2026-05-27,VAL,BULL,575.2172241210938,541.54,693.09,0.83,0,0
ELGIEQUIP,MBAG_V3B_60D_VOLUME_ANOMALY_T4R,2026-05-27,VAL,BULL,575.2172241210938,541.54,709.93,-0.07,0,0
ELGIEQUIP,MBAG_V3C_90D_MULTI_REGIME_T4R,2026-05-27,VAL,BULL,575.2172241210938,537.8,724.89,-0.06,0,0
ELGIEQUIP,MBAG_V3D_60D_CONVEX_RUNNER_T5R,2026-05-27,VAL,BULL,575.2172241210938,545.28,724.9,-0.23,0,0
ELLEN,MBAG_V1_CHAMP_BASE60_T3R,2025-12-26,DEV,BULL,1376.5745721085975,1348.4,1461.1,-1.0,1,0
ELLEN,MBAG_V1_CHAMP_BASE60_T3R,2026-02-13,VAL,BULL,1428.878483603682,1398.61,1519.68,-1.0,1,0
ELLEN,MBAG_V1_CHAMP_BASE60_T3R,2026-03-19,VAL,BULL,1450.7533168286845,1420.59,1541.24,3.0,0,1
ELLEN,MBAG_V1_CHAMP_BASE60_T3R,2026-04-09,VAL,BULL,1535.718460796638,1502.21,1636.24,3.0,0,1
ELLEN,MBAG_V1_CHAMP_BASE60_T3R,2026-04-23,VAL,BULL,1584.5301950586247,1550.24,1687.4,-1.0,1,0
ELLEN,MBAG_V1_CHAMP_BASE60_T3R,2026-04-24,VAL,BULL,1600.654054106254,1566.6,1702.82,-1.0,1,0
ELLEN,MBAG_V1_CHAMP_BASE60_T3R,2026-05-01,VAL,BULL,1620.5135878809915,1587.93,1718.26,3.0,0,1
ELLEN,MBAG_V1_CHAMP_BASE60_T3R,2026-06-24,HOLDOUT,BULL,1821.254717265483,1780.03,1944.93,3.0,0,1
ELLEN,MBAG_V1_CHAMP_BASE60_T3R,2026-07-02,HOLDOUT,BULL,1876.274756476155,1833.93,2003.31,2.59,0,0
ELLEN,MBAG_V1_CHAMP_BASE60_T3R,2026-07-03,HOLDOUT,BULL,1886.1286160520701,1844.36,2011.43,2.61,0,0
EMBDL,MBAG_V1_CHAMP_BASE60_T3R,2026-06-22,HOLDOUT,BULL,1535.005863434216,1503.38,1629.88,3.0,0,1
EMBDL,MBAG_V1_CHAMP_BASE60_T3R,2026-07-03,HOLDOUT,BULL,1632.4879364768744,1598.21,1735.32,-1.0,1,0
EMCURE,MBAG_V1_CHAMP_BASE60_T3R,2026-01-05,VAL,BULL,1489.5,1380.23,1817.31,0.15,0,0
EMCURE,MBAG_V3A_40D_MICRO_SURGE_T3_5R,2026-01-05,VAL,BULL,1489.5,1410.83,1764.85,-1.0,1,0
EMCURE,MBAG_V3B_60D_VOLUME_ANOMALY_T4R,2026-01-05,VAL,BULL,1489.5,1410.83,1804.18,-1.0,1,0
EMCURE,MBAG_V3D_60D_CONVEX_RUNNER_T5R,2026-01-05,VAL,BULL,1489.5,1419.57,1839.15,-1.0,1,0
EMCURE,MBAG_V1_CHAMP_BASE60_T3R,2026-01-06,VAL,BULL,1528.0,1409.8,1882.6,0.06,0,0
EMCURE,MBAG_V2A_CONVEX_CAT_90D_T4R,2026-01-06,VAL,BULL,1528.0,1433.44,1906.24,-1.0,1,0
EMCURE,MBAG_V3C_90D_MULTI_REGIME_T4R,2026-01-06,VAL,BULL,1528.0,1433.44,1906.24,-1.0,1,0
EMCURE,MBAG_V3D_60D_CONVEX_RUNNER_T5R,2026-01-06,VAL,BULL,1528.0,1452.35,1906.25,-1.0,1,0
EMCURE,MBAG_V1_CHAMP_BASE60_T3R,2026-03-27,VAL,BULL,1652.699951171875,1480.15,2170.35,-1.0,1,0
EMCURE,MBAG_V2A_CONVEX_CAT_90D_T4R,2026-03-27,VAL,BULL,1652.699951171875,1514.66,2204.86,-1.0,1,0
EMCURE,MBAG_V3A_40D_MICRO_SURGE_T3_5R,2026-03-27,VAL,BULL,1652.699951171875,1528.46,2087.54,-1.0,1,0
EMCURE,MBAG_V3C_90D_MULTI_REGIME_T4R,2026-03-27,VAL,BULL,1652.699951171875,1514.66,2204.86,-1.0,1,0
EMCURE,MBAG_V3D_60D_CONVEX_RUNNER_T5R,2026-03-27,VAL,BULL,1652.699951171875,1542.27,2204.85,-1.0,1,0
EMCURE,MBAG_V1_CHAMP_BASE60_T3R,2026-04-29,VAL,BULL,1729.9000244140625,1556.99,2248.63,-0.03,0,0
EMCURE,MBAG_V2A_CONVEX_CAT_90D_T4R,2026-04-29,VAL,BULL,1729.9000244140625,1591.57,2283.22,0.01,0,0
EMCURE,MBAG_V2B_EXPANSION_120D_T5R,2026-04-29,VAL,BULL,1729.9000244140625,1605.4,2352.4,0.89,0,0
EMCURE,MBAG_V3A_40D_MICRO_SURGE_T3_5R,2026-04-29,VAL,BULL,1729.9000244140625,1605.4,2165.65,-0.23,0,0
EMCURE,MBAG_V3B_60D_VOLUME_ANOMALY_T4R,2026-04-29,VAL,BULL,1729.9000244140625,1605.4,2227.9,0.01,0,0
EMCURE,MBAG_V3C_90D_MULTI_REGIME_T4R,2026-04-29,VAL,BULL,1729.9000244140625,1591.57,2283.22,0.01,0,0
EMCURE,MBAG_V3D_60D_CONVEX_RUNNER_T5R,2026-04-29,VAL,BULL,1729.9000244140625,1619.24,2283.2,-0.04,0,0
EMIL,MBAG_V1_CHAMP_BASE60_T3R,2026-06-01,HOLDOUT,BULL,954.4743649190937,934.07,1015.69,3.0,0,1
EMMVEE,MBAG_V1_CHAMP_BASE60_T3R,2025-12-01,DEV,BULL,1660.2596840894093,1625.01,1766.01,3.0,0,1
EMMVEE,MBAG_V1_CHAMP_BASE60_T3R,2025-12-04,DEV,BULL,1694.7912907637358,1659.92,1799.41,3.0,0,1
ENDURANCE,MBAG_V3A_40D_MICRO_SURGE_T3_5R,2026-02-24,VAL,NEUTRAL,2685.0,2532.26,3219.59,-1.0,1,0
ENDURANCE,MBAG_V3A_40D_MICRO_SURGE_T3_5R,2026-05-07,VAL,NEUTRAL,2536.199951171875,2394.55,3031.97,-0.4,0,0
ENDURANCE,MBAG_V3A_40D_MICRO_SURGE_T3_5R,2026-05-11,VAL,NEUTRAL,2628.89990234375,2470.71,3182.56,-1.0,1,0
ENDURANCE,MBAG_V1_CHAMP_BASE60_T3R,2026-05-22,VAL,BULL,2721.800048828125,2457.96,3513.32,-0.38,0,0
ENDURANCE,MBAG_V2A_CONVEX_CAT_90D_T4R,2026-05-22,VAL,BULL,2721.800048828125,2510.73,3566.08,-1.0,1,0
ENDURANCE,MBAG_V3C_90D_MULTI_REGIME_T4R,2026-05-22,VAL,BULL,2721.800048828125,2510.73,3566.08,-1.0,1,0
ENDURANCE,MBAG_V3D_60D_CONVEX_RUNNER_T5R,2026-05-22,VAL,BULL,2721.800048828125,2552.94,3566.1,-1.0,1,0
ENGINERSIN,MBAG_V1_CHAMP_BASE60_T3R,2026-03-04,VAL,BULL,931.0928772931065,909.58,995.63,-1.0,1,0
ENRIN,MBAG_V1_CHAMP_BASE60_T3R,2026-04-20,VAL,BULL,3138.39990234375,2884.9,3898.9,-0.31,0,0
ENRIN,MBAG_V3A_40D_MICRO_SURGE_T3_5R,2026-04-20,VAL,BULL,3138.39990234375,2955.88,3777.22,2.31,0,0
ENRIN,MBAG_V3D_60D_CONVEX_RUNNER_T5R,2026-04-20,VAL,BULL,3138.39990234375,2976.16,3949.6,5.0,0,1
ENRIN,MBAG_V1_CHAMP_BASE60_T3R,2026-04-21,VAL,BULL,3208.199951171875,2963.75,3941.55,-0.18,0,0
ENRIN,MBAG_V2A_CONVEX_CAT_90D_T4R,2026-04-21,VAL,BULL,3208.199951171875,3012.64,3990.44,2.12,0,0
ENRIN,MBAG_V3A_40D_MICRO_SURGE_T3_5R,2026-04-21,VAL,BULL,3208.199951171875,3032.2,3824.2,-1.0,1,0
ENRIN,MBAG_V3C_90D_MULTI_REGIME_T4R,2026-04-21,VAL,BULL,3208.199951171875,3012.64,3990.44,2.12,0,0
ENRIN,MBAG_V3D_60D_CONVEX_RUNNER_T5R,2026-04-21,VAL,BULL,3208.199951171875,3051.75,3990.45,-1.0,1,0
ENRIN,MBAG_V1_CHAMP_BASE60_T3R,2026-04-29,VAL,BULL,3310.0,3032.11,4143.67,-1.0,1,0
ENRIN,MBAG_V3C_90D_MULTI_REGIME_T4R,2026-04-29,VAL,BULL,3310.0,3087.69,4199.24,-1.0,1,0
ENRIN,MBAG_V1_CHAMP_BASE60_T3R,2026-05-20,VAL,BULL,3459.60009765625,3165.01,4343.37,1.11,0,0
ENRIN,MBAG_V2A_CONVEX_CAT_90D_T4R,2026-05-20,VAL,BULL,3459.60009765625,3223.93,4402.28,0.76,0,0
ENRIN,MBAG_V2B_EXPANSION_120D_T5R,2026-05-20,VAL,BULL,3459.60009765625,3247.5,4520.1,0.18,0,0
ENRIN,MBAG_V3A_40D_MICRO_SURGE_T3_5R,2026-05-20,VAL,BULL,3459.60009765625,3247.5,4201.95,1.25,0,0
ENRIN,MBAG_V3B_60D_VOLUME_ANOMALY_T4R,2026-05-20,VAL,BULL,3459.60009765625,3247.5,4308.0,0.85,0,0
ENRIN,MBAG_V3C_90D_MULTI_REGIME_T4R,2026-05-20,VAL,BULL,3459.60009765625,3223.93,4402.28,0.76,0,0
ENRIN,MBAG_V3D_60D_CONVEX_RUNNER_T5R,2026-05-20,VAL,BULL,3459.60009765625,3271.06,4402.3,-1.0,1,0
ENRIN,MBAG_V1_CHAMP_BASE60_T3R,2026-05-21,VAL,BULL,3574.5,3243.37,4567.89,0.63,0,0
ENRIN,MBAG_V2A_CONVEX_CAT_90D_T4R,2026-05-21,VAL,BULL,3574.5,3309.6,4634.1,-0.09,0,0
ENRIN,MBAG_V2B_EXPANSION_120D_T5R,2026-05-21,VAL,BULL,3574.5,3336.09,4766.55,-1.0,1,0
ENRIN,MBAG_V3A_40D_MICRO_SURGE_T3_5R,2026-05-21,VAL,BULL,3574.5,3336.09,4408.93,0.47,0,0
ENRIN,MBAG_V3B_60D_VOLUME_ANOMALY_T4R,2026-05-21,VAL,BULL,3574.5,3336.09,4528.14,-0.1,0,0
ENRIN,MBAG_V3C_90D_MULTI_REGIME_T4R,2026-05-21,VAL,BULL,3574.5,3309.6,4634.1,-0.09,0,0
ENRIN,MBAG_V3D_60D_CONVEX_RUNNER_T5R,2026-05-21,VAL,BULL,3574.5,3362.58,4634.1,-1.0,1,0
ENRIN,MBAG_V1_CHAMP_BASE60_T3R,2026-05-27,VAL,BULL,3766.10009765625,3358.67,4988.39,-0.1,0,0
ENRIN,MBAG_V2A_CONVEX_CAT_90D_T4R,2026-05-27,VAL,BULL,3766.10009765625,3440.16,5069.86,-1.0,1,0
ENRIN,MBAG_V2B_EXPANSION_120D_T5R,2026-05-27,VAL,BULL,3766.10009765625,3472.75,5232.85,-1.0,1,0
ENRIN,MBAG_V3A_40D_MICRO_SURGE_T3_5R,2026-05-27,VAL,BULL,3766.10009765625,3472.75,4792.83,-1.0,1,0
ENRIN,MBAG_V3B_60D_VOLUME_ANOMALY_T4R,2026-05-27,VAL,BULL,3766.10009765625,3472.75,4939.5,-1.0,1,0
ENRIN,MBAG_V3C_90D_MULTI_REGIME_T4R,2026-05-27,VAL,BULL,3766.10009765625,3440.16,5069.86,-1.0,1,0
ENRIN,MBAG_V3D_60D_CONVEX_RUNNER_T5R,2026-05-27,VAL,BULL,3766.10009765625,3505.35,5069.85,-1.0,1,0
ENRIN,MBAG_V1_CHAMP_BASE60_T3R,2026-05-29,VAL,BULL,3872.10009765625,3477.14,5056.98,-1.0,1,0
ENRIN,MBAG_V2A_CONVEX_CAT_90D_T4R,2026-05-29,VAL,BULL,3872.10009765625,3556.13,5135.98,-1.0,1,0
ENRIN,MBAG_V2B_EXPANSION_120D_T5R,2026-05-29,VAL,BULL,3872.10009765625,3587.73,5293.95,-1.0,1,0
ENRIN,MBAG_V3A_40D_MICRO_SURGE_T3_5R,2026-05-29,VAL,BULL,3872.10009765625,3587.73,4867.4,-1.0,1,0
ENRIN,MBAG_V3B_60D_VOLUME_ANOMALY_T4R,2026-05-29,VAL,BULL,3872.10009765625,3587.73,5009.58,-1.0,1,0
ENRIN,MBAG_V3C_90D_MULTI_REGIME_T4R,2026-05-29,VAL,BULL,3872.10009765625,3556.13,5135.98,-1.0,1,0
ENRIN,MBAG_V3D_60D_CONVEX_RUNNER_T5R,2026-05-29,VAL,BULL,3872.10009765625,3619.32,5136.0,-1.0,1,0
ENTERO,MBAG_V1_CHAMP_BASE60_T3R,2025-08-18,DEV,BULL,2904.726558078181,2845.48,3082.47,3.0,0,1
EPL,MBAG_V1_CHAMP_BASE60_T3R,2026-01-29,VAL,BULL,1611.159491567876,1576.82,1714.18,3.0,0,1
EPL,MBAG_V1_CHAMP_BASE60_T3R,2026-01-30,VAL,BULL,1619.4145634260194,1584.8,1723.26,3.0,0,1
ESCORTS,MBAG_V1_CHAMP_BASE60_T3R,2026-01-05,VAL,BULL,3898.107421875,3680.66,4550.45,-1.0,1,0
ETERNAL,MBAG_V1_CHAMP_BASE60_T3R,2025-10-15,DEV,BULL,3108.130337089327,3045.44,3296.2,-1.0,1,0
ETHOSLTD,MBAG_V1_CHAMP_BASE60_T3R,2025-09-11,DEV,BULL,1517.9424807849402,1485.84,1614.25,3.0,0,1
EXIDEIND,MBAG_V1_CHAMP_BASE60_T3R,2026-04-22,VAL,NEUTRAL,352.8590393066406,325.29,435.57,-0.54,0,0
EXIDEIND,MBAG_V3A_40D_MICRO_SURGE_T3_5R,2026-04-22,VAL,NEUTRAL,352.8590393066406,333.01,422.33,-1.0,1,0
EXIDEIND,MBAG_V3B_60D_VOLUME_ANOMALY_T4R,2026-04-22,VAL,NEUTRAL,352.8590393066406,333.01,432.26,-1.0,1,0
EXIDEIND,MBAG_V3D_60D_CONVEX_RUNNER_T5R,2026-04-22,VAL,NEUTRAL,352.8590393066406,335.21,441.1,-1.0,1,0
EXIDEIND,MBAG_V1_CHAMP_BASE60_T3R,2026-05-27,VAL,BULL,392.27020263671875,366.58,469.34,0.21,0,0
EXIDEIND,MBAG_V2A_CONVEX_CAT_90D_T4R,2026-05-27,VAL,BULL,392.27020263671875,371.72,474.47,1.42,0,0
EXIDEIND,MBAG_V2B_EXPANSION_120D_T5R,2026-05-27,VAL,BULL,392.27020263671875,373.77,484.77,3.0,0,0
EXIDEIND,MBAG_V3A_40D_MICRO_SURGE_T3_5R,2026-05-27,VAL,BULL,392.27020263671875,373.77,457.02,-0.2,0,0
EXIDEIND,MBAG_V3B_60D_VOLUME_ANOMALY_T4R,2026-05-27,VAL,BULL,392.27020263671875,373.77,466.27,1.57,0,0
EXIDEIND,MBAG_V3C_90D_MULTI_REGIME_T4R,2026-05-27,VAL,BULL,392.27020263671875,371.72,474.47,1.42,0,0
EXIDEIND,MBAG_V3D_60D_CONVEX_RUNNER_T5R,2026-05-27,VAL,BULL,392.27020263671875,375.83,474.47,1.64,0,0
EXIDEIND,MBAG_V1_CHAMP_BASE60_T3R,2026-06-02,HOLDOUT,BULL,404.3125,376.29,488.38,-1.0,1,0
EXIDEIND,MBAG_V1_CHAMP_BASE60_T3R,2026-07-02,HOLDOUT,BULL,417.3500061035156,389.56,500.72,1.27,0,0
EXIDEIND,MBAG_V2A_CONVEX_CAT_90D_T4R,2026-07-02,HOLDOUT,BULL,417.3500061035156,395.12,506.27,3.07,0,0
EXIDEIND,MBAG_V2B_EXPANSION_120D_T5R,2026-07-02,HOLDOUT,BULL,417.3500061035156,397.34,517.4,1.36,0,0
EXIDEIND,MBAG_V3A_40D_MICRO_SURGE_T3_5R,2026-07-02,HOLDOUT,BULL,417.3500061035156,397.34,487.39,2.84,0,0
EXIDEIND,MBAG_V3B_60D_VOLUME_ANOMALY_T4R,2026-07-02,HOLDOUT,BULL,417.3500061035156,397.34,497.39,3.41,0,0
EXIDEIND,MBAG_V3C_90D_MULTI_REGIME_T4R,2026-07-02,HOLDOUT,BULL,417.3500061035156,395.12,506.27,3.07,0,0
EXIDEIND,MBAG_V3D_60D_CONVEX_RUNNER_T5R,2026-07-02,HOLDOUT,BULL,417.3500061035156,399.57,506.25,2.63,0,0
EXPLEOSOL,MBAG_V3A_40D_MICRO_SURGE_T3_5R,2026-05-11,VAL,NEUTRAL,771.6897583007812,716.36,965.34,-1.0,1,0
FDC,MBAG_V1_CHAMP_BASE60_T3R,2026-05-26,VAL,NEUTRAL,403.1499938964844,363.8,521.2,0.23,0,0
FDC,MBAG_V2A_CONVEX_CAT_90D_T4R,2026-05-26,VAL,NEUTRAL,403.1499938964844,371.67,529.07,0.73,0,0
FDC,MBAG_V3A_40D_MICRO_SURGE_T3_5R,2026-05-26,VAL,NEUTRAL,403.1499938964844,374.82,502.3,-1.0,1,0
FDC,MBAG_V3B_60D_VOLUME_ANOMALY_T4R,2026-05-26,VAL,NEUTRAL,403.1499938964844,374.82,516.47,-1.0,1,0
FDC,MBAG_V3C_90D_MULTI_REGIME_T4R,2026-05-26,VAL,NEUTRAL,403.1499938964844,371.67,529.07,0.73,0,0
FDC,MBAG_V3D_60D_CONVEX_RUNNER_T5R,2026-05-26,VAL,NEUTRAL,403.1499938964844,377.97,529.05,-1.0,1,0
FDC,MBAG_V1_CHAMP_BASE60_T3R,2026-05-27,VAL,BULL,429.54998779296875,385.64,561.28,-1.0,1,0
FDC,MBAG_V2A_CONVEX_CAT_90D_T4R,2026-05-27,VAL,BULL,429.54998779296875,394.42,570.07,-1.0,1,0
FDC,MBAG_V2B_EXPANSION_120D_T5R,2026-05-27,VAL,BULL,429.54998779296875,397.93,587.65,-1.0,1,0
FDC,MBAG_V3A_40D_MICRO_SURGE_T3_5R,2026-05-27,VAL,BULL,429.54998779296875,397.93,540.22,-1.0,1,0
FDC,MBAG_V3B_60D_VOLUME_ANOMALY_T4R,2026-05-27,VAL,BULL,429.54998779296875,397.93,556.03,-1.0,1,0
FDC,MBAG_V3C_90D_MULTI_REGIME_T4R,2026-05-27,VAL,BULL,429.54998779296875,394.42,570.07,-1.0,1,0
FDC,MBAG_V3D_60D_CONVEX_RUNNER_T5R,2026-05-27,VAL,BULL,429.54998779296875,401.45,570.05,-1.0,1,0
FEDFINA,MBAG_V1_CHAMP_BASE60_T3R,2026-04-09,VAL,BULL,2371.6346857915987,2313.91,2544.81,-1.0,1,0
FIEMIND,MBAG_V1_CHAMP_BASE60_T3R,2025-10-28,DEV,BEAR,1418.8760551242913,1388.73,1509.31,1.94,0,0
FIEMIND,MBAG_V1_CHAMP_BASE60_T3R,2025-12-09,DEV,BULL,1526.9137295861115,1493.06,1628.47,3.0,0,1
FINCABLES,MBAG_V1_CHAMP_BASE60_T3R,2026-01-30,VAL,BULL,1546.534243345649,1514.78,1641.8,3.0,0,1
FINCABLES,MBAG_V1_CHAMP_BASE60_T3R,2026-02-10,VAL,BULL,1603.9390092824726,1571.74,1700.54,3.0,0,1
FINPIPE,MBAG_V1_CHAMP_BASE60_T3R,2026-02-12,VAL,BULL,191.33999633789062,176.42,236.1,-1.0,1,0
FINPIPE,MBAG_V3A_40D_MICRO_SURGE_T3_5R,2026-02-12,VAL,BULL,191.33999633789062,180.6,228.93,-1.0,1,0
FINPIPE,MBAG_V3B_60D_VOLUME_ANOMALY_T4R,2026-02-12,VAL,BULL,191.33999633789062,180.6,234.3,-1.0,1,0
FINPIPE,MBAG_V3D_60D_CONVEX_RUNNER_T5R,2026-02-12,VAL,BULL,191.33999633789062,181.79,239.09,-1.0,1,0
FINPIPE,MBAG_V3A_40D_MICRO_SURGE_T3_5R,2026-05-27,VAL,BULL,191.92999267578125,181.27,229.24,-1.0,1,0
FIVESTAR,MBAG_V3A_40D_MICRO_SURGE_T3_5R,2025-10-29,DEV,BULL,605.0499877929688,572.5,718.97,-1.0,1,0
FIVESTAR,MBAG_V1_CHAMP_BASE60_T3R,2025-10-30,DEV,BULL,642.75,590.26,800.22,-1.0,1,0
FIVESTAR,MBAG_V3A_40D_MICRO_SURGE_T3_5R,2025-10-30,DEV,BULL,642.75,604.96,775.01,-1.0,1,0
FIVESTAR,MBAG_V3B_60D_VOLUME_ANOMALY_T4R,2025-10-30,DEV,BULL,642.75,604.96,793.91,-1.0,1,0
FIVESTAR,MBAG_V3D_60D_CONVEX_RUNNER_T5R,2025-10-30,DEV,BULL,642.75,609.16,810.7,-1.0,1,0
FIVESTAR,MBAG_V3A_40D_MICRO_SURGE_T3_5R,2026-04-21,VAL,NEUTRAL,505.3999938964844,467.31,638.71,-1.0,1,0
FLUOROCHEM,MBAG_V1_CHAMP_BASE60_T3R,2026-04-30,VAL,BULL,3602.0,3342.13,4381.61,0.31,0,0
FLUOROCHEM,MBAG_V3A_40D_MICRO_SURGE_T3_5R,2026-04-30,VAL,BULL,3602.0,3414.89,4256.88,-0.04,0,0
FLUOROCHEM,MBAG_V3B_60D_VOLUME_ANOMALY_T4R,2026-04-30,VAL,BULL,3602.0,3414.89,4350.44,0.42,0,0
FLUOROCHEM,MBAG_V3D_60D_CONVEX_RUNNER_T5R,2026-04-30,VAL,BULL,3602.0,3435.68,4433.6,1.42,0,0
FLUOROCHEM,MBAG_V1_CHAMP_BASE60_T3R,2026-05-04,VAL,BULL,3750.800048828125,3504.46,4489.82,-0.56,0,0
FLUOROCHEM,MBAG_V2A_CONVEX_CAT_90D_T4R,2026-05-04,VAL,BULL,3750.800048828125,3553.73,4539.08,-1.0,1,0
FLUOROCHEM,MBAG_V2B_EXPANSION_120D_T5R,2026-05-04,VAL,BULL,3750.800048828125,3573.44,4637.6,-1.0,1,0
FLUOROCHEM,MBAG_V3A_40D_MICRO_SURGE_T3_5R,2026-05-04,VAL,BULL,3750.800048828125,3573.44,4371.56,-1.0,1,0
FLUOROCHEM,MBAG_V3B_60D_VOLUME_ANOMALY_T4R,2026-05-04,VAL,BULL,3750.800048828125,3573.44,4460.24,-1.0,1,0
FLUOROCHEM,MBAG_V3C_90D_MULTI_REGIME_T4R,2026-05-04,VAL,BULL,3750.800048828125,3553.73,4539.08,-1.0,1,0
FLUOROCHEM,MBAG_V3D_60D_CONVEX_RUNNER_T5R,2026-05-04,VAL,BULL,3750.800048828125,3593.14,4539.1,-1.0,1,0
FLUOROCHEM,MBAG_V1_CHAMP_BASE60_T3R,2026-06-30,HOLDOUT,BULL,3964.0,3710.36,4724.92,2.06,0,0
FORCEMOT,MBAG_V1_CHAMP_BASE60_T3R,2025-12-30,DEV,BULL,19845.0,18410.18,24149.46,-1.0,1,0
FORCEMOT,MBAG_V3A_40D_MICRO_SURGE_T3_5R,2025-12-30,DEV,BULL,19845.0,18811.93,23460.74,-1.0,1,0
FORCEMOT,MBAG_V3B_60D_VOLUME_ANOMALY_T4R,2025-12-30,DEV,BULL,19845.0,18811.93,23977.28,-1.0,1,0
FORCEMOT,MBAG_V3D_60D_CONVEX_RUNNER_T5R,2025-12-30,DEV,BULL,19845.0,18926.71,24436.45,-1.0,1,0
FORCEMOT,MBAG_V1_CHAMP_BASE60_T3R,2025-12-31,DEV,BULL,20566.0,19017.79,25210.63,-1.0,1,0
FORCEMOT,MBAG_V3A_40D_MICRO_SURGE_T3_5R,2025-12-31,DEV,BULL,20566.0,19451.29,24467.48,-1.0,1,0
FORCEMOT,MBAG_V3B_60D_VOLUME_ANOMALY_T4R,2025-12-31,DEV,BULL,20566.0,19451.29,25024.84,-1.0,1,0
FORCEMOT,MBAG_V3D_60D_CONVEX_RUNNER_T5R,2025-12-31,DEV,BULL,20566.0,19575.14,25520.3,-1.0,1,0
FORCEMOT,MBAG_V1_CHAMP_BASE60_T3R,2026-01-02,VAL,BULL,21230.0,19514.11,26377.67,-1.0,1,0
FORCEMOT,MBAG_V3A_40D_MICRO_SURGE_T3_5R,2026-01-02,VAL,BULL,21230.0,19994.56,25554.04,-1.0,1,0
FORCEMOT,MBAG_V3B_60D_VOLUME_ANOMALY_T4R,2026-01-02,VAL,BULL,21230.0,19994.56,26171.76,-1.0,1,0
FORCEMOT,MBAG_V3D_60D_CONVEX_RUNNER_T5R,2026-01-02,VAL,BULL,21230.0,20131.83,26720.85,-1.0,1,0
FORCEMOT,MBAG_V1_CHAMP_BASE60_T3R,2026-02-10,VAL,BULL,23623.0,21012.29,31455.13,-1.0,1,0
FORCEMOT,MBAG_V3C_90D_MULTI_REGIME_T4R,2026-02-10,VAL,BULL,23623.0,21534.43,31977.28,-1.0,1,0
FORCEMOT,MBAG_V1_CHAMP_BASE60_T3R,2026-02-11,VAL,BULL,24927.0,22254.32,32945.04,-1.0,1,0
FORCEMOT,MBAG_V2A_CONVEX_CAT_90D_T4R,2026-02-11,VAL,BULL,24927.0,22788.86,33479.56,-1.0,1,0
FORCEMOT,MBAG_V2B_EXPANSION_120D_T5R,2026-02-11,VAL,BULL,24927.0,23002.67,34548.65,-1.0,1,0
FORCEMOT,MBAG_V3A_40D_MICRO_SURGE_T3_5R,2026-02-11,VAL,BULL,24927.0,23002.67,31662.16,-1.0,1,0
FORCEMOT,MBAG_V3B_60D_VOLUME_ANOMALY_T4R,2026-02-11,VAL,BULL,24927.0,23002.67,32624.32,-1.0,1,0
FORCEMOT,MBAG_V3C_90D_MULTI_REGIME_T4R,2026-02-11,VAL,BULL,24927.0,22788.86,33479.56,-1.0,1,0
FORCEMOT,MBAG_V3D_60D_CONVEX_RUNNER_T5R,2026-02-11,VAL,BULL,24927.0,23216.49,33479.55,-1.0,1,0
FORCEMOT,MBAG_V1_CHAMP_BASE60_T3R,2026-02-17,VAL,BULL,25776.0,22929.21,34316.37,-1.0,1,0
FORTIS,MBAG_V1_CHAMP_BASE60_T3R,2026-02-26,VAL,BULL,963.6500244140625,906.44,1135.28,-1.0,1,0
FSL,MBAG_V3A_40D_MICRO_SURGE_T3_5R,2026-05-08,VAL,BEAR,274.260009765625,253.44,347.13,-1.0,1,0
GABRIEL,MBAG_V1_CHAMP_BASE60_T3R,2026-05-05,VAL,BULL,1081.800048828125,987.13,1365.81,-0.05,0,0
GABRIEL,MBAG_V3A_40D_MICRO_SURGE_T3_5R,2026-05-05,VAL,BULL,1081.800048828125,1013.64,1320.36,-1.0,1,0
GABRIEL,MBAG_V3B_60D_VOLUME_ANOMALY_T4R,2026-05-05,VAL,BULL,1081.800048828125,1013.64,1354.44,-1.0,1,0
GABRIEL,MBAG_V3D_60D_CONVEX_RUNNER_T5R,2026-05-05,VAL,BULL,1081.800048828125,1021.21,1384.75,-1.0,1,0
GABRIEL,MBAG_V1_CHAMP_BASE60_T3R,2026-05-07,VAL,BULL,1126.5999755859375,1025.92,1428.64,-1.0,1,0
GABRIEL,MBAG_V1_CHAMP_BASE60_T3R,2026-06-19,HOLDOUT,BULL,1197.4000244140625,1074.15,1567.15,1.13,0,0
GABRIEL,MBAG_V2A_CONVEX_CAT_90D_T4R,2026-06-19,HOLDOUT,BULL,1197.4000244140625,1098.8,1591.8,2.45,0,0
GABRIEL,MBAG_V2B_EXPANSION_120D_T5R,2026-06-19,HOLDOUT,BULL,1197.4000244140625,1108.66,1641.1,2.95,0,0
GABRIEL,MBAG_V3A_40D_MICRO_SURGE_T3_5R,2026-06-19,HOLDOUT,BULL,1197.4000244140625,1108.66,1507.99,3.5,0,1
GABRIEL,MBAG_V3B_60D_VOLUME_ANOMALY_T4R,2026-06-19,HOLDOUT,BULL,1197.4000244140625,1108.66,1552.36,2.72,0,0
GABRIEL,MBAG_V3C_90D_MULTI_REGIME_T4R,2026-06-19,HOLDOUT,BULL,1197.4000244140625,1098.8,1591.8,2.45,0,0
GABRIEL,MBAG_V3D_60D_CONVEX_RUNNER_T5R,2026-06-19,HOLDOUT,BULL,1197.4000244140625,1118.52,1591.8,5.0,0,1
GABRIEL,MBAG_V1_CHAMP_BASE60_T3R,2026-06-22,HOLDOUT,BULL,1241.9000244140625,1117.15,1616.15,1.25,0,0
GABRIEL,MBAG_V1_CHAMP_BASE60_T3R,2026-06-29,HOLDOUT,BULL,1275.199951171875,1149.11,1653.47,1.27,0,0
GAEL,MBAG_V1_CHAMP_BASE60_T3R,2025-08-14,DEV,BULL,1130.5164546144529,1105.23,1206.38,3.0,0,1
GAEL,MBAG_V1_CHAMP_BASE60_T3R,2025-10-14,DEV,BULL,1398.427913536228,1367.76,1490.43,-1.0,1,0
GAEL,MBAG_V1_CHAMP_BASE60_T3R,2026-06-08,HOLDOUT,BULL,1552.8316782861546,1520.55,1649.68,-1.0,1,0
GAIL,MBAG_V1_CHAMP_BASE60_T3R,2026-05-04,VAL,NEUTRAL,1258.1499014037972,1232.9,1333.9,3.0,0,1
GALAPREC,MBAG_V3A_40D_MICRO_SURGE_T3_5R,2025-12-19,DEV,NEUTRAL,794.2000122070312,751.08,945.12,-1.0,1,0
GALAPREC,MBAG_V3A_40D_MICRO_SURGE_T3_5R,2026-05-05,VAL,BULL,818.3499755859375,771.7,981.62,1.83,0,0
GALAPREC,MBAG_V1_CHAMP_BASE60_T3R,2026-05-08,VAL,BULL,857.0,785.73,1070.81,0.75,0,0
GALAPREC,MBAG_V3A_40D_MICRO_SURGE_T3_5R,2026-05-08,VAL,BULL,857.0,805.69,1036.58,1.4,0,0
GALAPREC,MBAG_V3B_60D_VOLUME_ANOMALY_T4R,2026-05-08,VAL,BULL,857.0,805.69,1062.24,4.0,0,1
GALAPREC,MBAG_V3D_60D_CONVEX_RUNNER_T5R,2026-05-08,VAL,BULL,857.0,811.39,1085.05,-1.0,1,0
GALAPREC,MBAG_V2A_CONVEX_CAT_90D_T4R,2026-05-26,VAL,BULL,930.2000122070312,838.63,1296.48,3.06,0,0
GALAPREC,MBAG_V2B_EXPANSION_120D_T5R,2026-05-26,VAL,BULL,930.2000122070312,847.79,1342.25,3.29,0,0
GALAPREC,MBAG_V3A_40D_MICRO_SURGE_T3_5R,2026-05-26,VAL,BULL,930.2000122070312,847.79,1218.64,2.15,0,0
GALAPREC,MBAG_V3B_60D_VOLUME_ANOMALY_T4R,2026-05-26,VAL,BULL,930.2000122070312,847.79,1259.84,4.0,0,1
GALAPREC,MBAG_V3C_90D_MULTI_REGIME_T4R,2026-05-26,VAL,BULL,930.2000122070312,838.63,1296.48,3.06,0,0
GALAPREC,MBAG_V3D_60D_CONVEX_RUNNER_T5R,2026-05-26,VAL,BULL,930.2000122070312,856.94,1296.5,2.86,0,0
GALAPREC,MBAG_V1_CHAMP_BASE60_T3R,2026-06-15,HOLDOUT,BULL,1034.050048828125,926.8,1355.8,1.14,0,0
GALAPREC,MBAG_V2A_CONVEX_CAT_90D_T4R,2026-06-15,HOLDOUT,BULL,1034.050048828125,948.25,1377.25,1.52,0,0
GALAPREC,MBAG_V2B_EXPANSION_120D_T5R,2026-06-15,HOLDOUT,BULL,1034.050048828125,956.83,1420.15,-0.48,0,0
GALAPREC,MBAG_V3A_40D_MICRO_SURGE_T3_5R,2026-06-15,HOLDOUT,BULL,1034.050048828125,956.83,1304.32,2.34,0,0
GALAPREC,MBAG_V3B_60D_VOLUME_ANOMALY_T4R,2026-06-15,HOLDOUT,BULL,1034.050048828125,956.83,1342.93,1.69,0,0
GALAPREC,MBAG_V3C_90D_MULTI_REGIME_T4R,2026-06-15,HOLDOUT,BULL,1034.050048828125,948.25,1377.25,1.52,0,0
GALAPREC,MBAG_V3D_60D_CONVEX_RUNNER_T5R,2026-06-15,HOLDOUT,BULL,1034.050048828125,965.41,1377.25,0.82,0,0
GALAPREC,MBAG_V1_CHAMP_BASE60_T3R,2026-06-22,HOLDOUT,BULL,1173.0999755859375,1038.12,1578.04,0.31,0,0
GALAPREC,MBAG_V2A_CONVEX_CAT_90D_T4R,2026-06-22,HOLDOUT,BULL,1173.0999755859375,1065.11,1605.06,-1.0,1,0
GALAPREC,MBAG_V2B_EXPANSION_120D_T5R,2026-06-22,HOLDOUT,BULL,1173.0999755859375,1075.91,1659.05,-1.0,1,0
GALAPREC,MBAG_V3A_40D_MICRO_SURGE_T3_5R,2026-06-22,HOLDOUT,BULL,1173.0999755859375,1075.91,1513.26,-1.0,1,0
GALAPREC,MBAG_V3B_60D_VOLUME_ANOMALY_T4R,2026-06-22,HOLDOUT,BULL,1173.0999755859375,1075.91,1561.86,-1.0,1,0
GALAPREC,MBAG_V3C_90D_MULTI_REGIME_T4R,2026-06-22,HOLDOUT,BULL,1173.0999755859375,1065.11,1605.06,-1.0,1,0
GALAPREC,MBAG_V3D_60D_CONVEX_RUNNER_T5R,2026-06-22,HOLDOUT,BULL,1173.0999755859375,1086.71,1605.05,-1.0,1,0
GALLANTT,MBAG_V1_CHAMP_BASE60_T3R,2025-09-09,DEV,BULL,1498.6074744022428,1468.16,1589.95,3.0,0,1
GALLANTT,MBAG_V1_CHAMP_BASE60_T3R,2025-09-23,DEV,BULL,1570.1702482093494,1535.8,1673.28,0.97,0,0
GALLANTT,MBAG_V1_CHAMP_BASE60_T3R,2026-04-09,VAL,BULL,2174.9700880427667,2130.17,2309.37,-1.0,1,0
GARFIBRES,MBAG_V3A_40D_MICRO_SURGE_T3_5R,2026-02-03,VAL,NEUTRAL,744.0999755859375,693.02,922.88,-1.0,1,0
GARFIBRES,MBAG_V3A_40D_MICRO_SURGE_T3_5R,2026-05-06,VAL,BEAR,666.7000122070312,633.88,781.57,-1.0,1,0
GARFIBRES,MBAG_V1_CHAMP_BASE60_T3R,2026-06-19,HOLDOUT,BULL,796.4000244140625,726.78,1005.26,-1.0,1,0
GARFIBRES,MBAG_V2A_CONVEX_CAT_90D_T4R,2026-06-19,HOLDOUT,BULL,796.4000244140625,740.7,1019.2,-1.0,1,0
GARFIBRES,MBAG_V2B_EXPANSION_120D_T5R,2026-06-19,HOLDOUT,BULL,796.4000244140625,746.27,1047.05,-1.0,1,0
GARFIBRES,MBAG_V3A_40D_MICRO_SURGE_T3_5R,2026-06-19,HOLDOUT,BULL,796.4000244140625,746.27,971.86,-1.0,1,0
GARFIBRES,MBAG_V3B_60D_VOLUME_ANOMALY_T4R,2026-06-19,HOLDOUT,BULL,796.4000244140625,746.27,996.92,-1.0,1,0
GARFIBRES,MBAG_V3C_90D_MULTI_REGIME_T4R,2026-06-19,HOLDOUT,BULL,796.4000244140625,740.7,1019.2,-1.0,1,0
GARFIBRES,MBAG_V3D_60D_CONVEX_RUNNER_T5R,2026-06-19,HOLDOUT,BULL,796.4000244140625,751.84,1019.2,-1.0,1,0
GARUDA,MBAG_V3A_40D_MICRO_SURGE_T3_5R,2026-05-05,VAL,BULL,196.6199951171875,185.26,236.38,-1.0,1,0
GENUSPOWER,MBAG_V1_CHAMP_BASE60_T3R,2026-04-15,VAL,NEUTRAL,296.6700134277344,261.72,401.52,0.48,0,0
GENUSPOWER,MBAG_V3A_40D_MICRO_SURGE_T3_5R,2026-04-15,VAL,NEUTRAL,296.6700134277344,271.51,384.73,0.53,0,0
GENUSPOWER,MBAG_V3B_60D_VOLUME_ANOMALY_T4R,2026-04-15,VAL,NEUTRAL,296.6700134277344,271.51,397.31,0.87,0,0
GENUSPOWER,MBAG_V3D_60D_CONVEX_RUNNER_T5R,2026-04-15,VAL,NEUTRAL,296.6700134277344,274.3,408.52,0.75,0,0
GENUSPOWER,MBAG_V1_CHAMP_BASE60_T3R,2026-04-28,VAL,BULL,311.760009765625,279.73,407.85,0.44,0,0
GENUSPOWER,MBAG_V2A_CONVEX_CAT_90D_T4R,2026-04-28,VAL,BULL,311.760009765625,286.14,414.24,-0.31,0,0
GENUSPOWER,MBAG_V3A_40D_MICRO_SURGE_T3_5R,2026-04-28,VAL,BULL,311.760009765625,288.7,392.47,-0.1,0,0
GENUSPOWER,MBAG_V3B_60D_VOLUME_ANOMALY_T4R,2026-04-28,VAL,BULL,311.760009765625,288.7,404.0,-0.35,0,0
GENUSPOWER,MBAG_V3C_90D_MULTI_REGIME_T4R,2026-04-28,VAL,BULL,311.760009765625,286.14,414.24,-0.31,0,0
GENUSPOWER,MBAG_V3D_60D_CONVEX_RUNNER_T5R,2026-04-28,VAL,BULL,311.760009765625,291.26,414.26,0.84,0,0
GENUSPOWER,MBAG_V1_CHAMP_BASE60_T3R,2026-05-06,VAL,BULL,335.04998779296875,306.65,420.25,-1.0,1,0
GENUSPOWER,MBAG_V2A_CONVEX_CAT_90D_T4R,2026-05-06,VAL,BULL,335.04998779296875,312.33,425.93,-1.0,1,0
GENUSPOWER,MBAG_V3C_90D_MULTI_REGIME_T4R,2026-05-06,VAL,BULL,335.04998779296875,312.33,425.93,-1.0,1,0
GENUSPOWER,MBAG_V3D_60D_CONVEX_RUNNER_T5R,2026-05-06,VAL,BULL,335.04998779296875,316.87,425.95,-1.0,1,0
GENUSPOWER,MBAG_V1_CHAMP_BASE60_T3R,2026-06-23,HOLDOUT,BULL,345.54998779296875,315.4,436.0,-1.0,1,0
GENUSPOWER,MBAG_V2A_CONVEX_CAT_90D_T4R,2026-06-23,HOLDOUT,BULL,345.54998779296875,321.43,442.03,-1.0,1,0
GENUSPOWER,MBAG_V2B_EXPANSION_120D_T5R,2026-06-23,HOLDOUT,BULL,345.54998779296875,323.84,454.1,-1.0,1,0
GENUSPOWER,MBAG_V3A_40D_MICRO_SURGE_T3_5R,2026-06-23,HOLDOUT,BULL,345.54998779296875,323.84,421.53,-1.0,1,0
GENUSPOWER,MBAG_V3B_60D_VOLUME_ANOMALY_T4R,2026-06-23,HOLDOUT,BULL,345.54998779296875,323.84,432.39,-1.0,1,0
GENUSPOWER,MBAG_V3C_90D_MULTI_REGIME_T4R,2026-06-23,HOLDOUT,BULL,345.54998779296875,321.43,442.03,-1.0,1,0
GENUSPOWER,MBAG_V3D_60D_CONVEX_RUNNER_T5R,2026-06-23,HOLDOUT,BULL,345.54998779296875,326.25,442.05,-1.0,1,0
GESHIP,MBAG_V1_CHAMP_BASE60_T3R,2025-10-31,DEV,BULL,1077.3590087890625,1007.64,1286.52,0.46,0,0
GESHIP,MBAG_V3A_40D_MICRO_SURGE_T3_5R,2025-10-31,DEV,BULL,1077.3590087890625,1027.16,1253.06,-1.0,1,0
GESHIP,MBAG_V3B_60D_VOLUME_ANOMALY_T4R,2025-10-31,DEV,BULL,1077.3590087890625,1027.16,1278.16,-1.0,1,0
GESHIP,MBAG_V3D_60D_CONVEX_RUNNER_T5R,2025-10-31,DEV,BULL,1077.3590087890625,1032.74,1300.45,-1.0,1,0
GESHIP,MBAG_V1_CHAMP_BASE60_T3R,2025-11-12,DEV,BULL,1135.5576171875,1037.41,1430.0,-0.66,0,0
GESHIP,MBAG_V3A_40D_MICRO_SURGE_T3_5R,2025-11-12,DEV,BULL,1135.5576171875,1064.89,1382.89,-1.0,1,0
GESHIP,MBAG_V3B_60D_VOLUME_ANOMALY_T4R,2025-11-12,DEV,BULL,1135.5576171875,1064.89,1418.23,-1.0,1,0
GESHIP,MBAG_V3D_60D_CONVEX_RUNNER_T5R,2025-11-12,DEV,BULL,1135.5576171875,1072.75,1449.6,-1.0,1,0
GESHIP,MBAG_V1_CHAMP_BASE60_T3R,2026-01-28,VAL,BULL,1157.0501708984375,1077.39,1396.03,2.27,0,0
GESHIP,MBAG_V2A_CONVEX_CAT_90D_T4R,2026-01-28,VAL,BULL,1157.0501708984375,1093.32,1411.97,4.0,0,1
GESHIP,MBAG_V2B_EXPANSION_120D_T5R,2026-01-28,VAL,BULL,1157.0501708984375,1099.69,1443.85,5.0,0,1
GESHIP,MBAG_V3A_40D_MICRO_SURGE_T3_5R,2026-01-28,VAL,BULL,1157.0501708984375,1099.69,1357.81,3.5,0,1
GESHIP,MBAG_V3B_60D_VOLUME_ANOMALY_T4R,2026-01-28,VAL,BULL,1157.0501708984375,1099.69,1386.49,4.0,0,1
GESHIP,MBAG_V3C_90D_MULTI_REGIME_T4R,2026-01-28,VAL,BULL,1157.0501708984375,1093.32,1411.97,4.0,0,1
GESHIP,MBAG_V3D_60D_CONVEX_RUNNER_T5R,2026-01-28,VAL,BULL,1157.0501708984375,1106.07,1411.95,5.0,0,1
GESHIP,MBAG_V1_CHAMP_BASE60_T3R,2026-02-05,VAL,BULL,1257.4669189453125,1156.05,1561.72,1.46,0,0
GESHIP,MBAG_V1_CHAMP_BASE60_T3R,2026-02-10,VAL,BULL,1333.544677734375,1229.97,1644.27,0.81,0,0
GESHIP,MBAG_V1_CHAMP_BASE60_T3R,2026-03-05,VAL,BULL,1379.92626953125,1272.43,1702.42,0.32,0,0
GESHIP,MBAG_V2A_CONVEX_CAT_90D_T4R,2026-03-05,VAL,BULL,1379.92626953125,1293.93,1723.91,0.69,0,0
GESHIP,MBAG_V2B_EXPANSION_120D_T5R,2026-03-05,VAL,BULL,1379.92626953125,1302.53,1766.91,2.38,0,0
GESHIP,MBAG_V3A_40D_MICRO_SURGE_T3_5R,2026-03-05,VAL,BULL,1379.92626953125,1302.53,1650.81,0.14,0,0
GESHIP,MBAG_V3B_60D_VOLUME_ANOMALY_T4R,2026-03-05,VAL,BULL,1379.92626953125,1302.53,1689.51,0.77,0,0
GESHIP,MBAG_V3C_90D_MULTI_REGIME_T4R,2026-03-05,VAL,BULL,1379.92626953125,1293.93,1723.91,0.69,0,0
GESHIP,MBAG_V3D_60D_CONVEX_RUNNER_T5R,2026-03-05,VAL,BULL,1379.92626953125,1311.13,1723.91,-1.0,1,0
GESHIP,MBAG_V1_CHAMP_BASE60_T3R,2026-03-12,VAL,BULL,1476.3641357421875,1346.93,1864.67,-1.0,1,0
GESHIP,MBAG_V2A_CONVEX_CAT_90D_T4R,2026-03-12,VAL,BULL,1476.3641357421875,1372.82,1890.54,-1.0,1,0
GESHIP,MBAG_V3C_90D_MULTI_REGIME_T4R,2026-03-12,VAL,BULL,1476.3641357421875,1372.82,1890.54,-1.0,1,0
GESHIP,MBAG_V3D_60D_CONVEX_RUNNER_T5R,2026-03-12,VAL,BULL,1476.3641357421875,1393.53,1890.53,-1.0,1,0
GESHIP,MBAG_V1_CHAMP_BASE60_T3R,2026-04-29,VAL,BULL,1543.999755859375,1418.26,1921.22,-0.26,0,0
GESHIP,MBAG_V2A_CONVEX_CAT_90D_T4R,2026-04-29,VAL,BULL,1543.999755859375,1443.4,1946.4,-1.0,1,0
GESHIP,MBAG_V2B_EXPANSION_120D_T5R,2026-04-29,VAL,BULL,1543.999755859375,1453.46,1996.7,-1.0,1,0
GESHIP,MBAG_V3A_40D_MICRO_SURGE_T3_5R,2026-04-29,VAL,BULL,1543.999755859375,1453.46,1860.89,-1.0,1,0
GESHIP,MBAG_V3B_60D_VOLUME_ANOMALY_T4R,2026-04-29,VAL,BULL,1543.999755859375,1453.46,1906.16,-1.0,1,0
GESHIP,MBAG_V3C_90D_MULTI_REGIME_T4R,2026-04-29,VAL,BULL,1543.999755859375,1443.4,1946.4,-1.0,1,0
GESHIP,MBAG_V3D_60D_CONVEX_RUNNER_T5R,2026-04-29,VAL,BULL,1543.999755859375,1463.52,1946.4,-1.0,1,0
GESHIP,MBAG_V1_CHAMP_BASE60_T3R,2026-05-18,VAL,BULL,1684.9322509765625,1498.39,2244.56,-1.0,1,0
GESHIP,MBAG_V2A_CONVEX_CAT_90D_T4R,2026-05-18,VAL,BULL,1684.9322509765625,1535.7,2281.86,-1.0,1,0
GESHIP,MBAG_V2B_EXPANSION_120D_T5R,2026-05-18,VAL,BULL,1684.9322509765625,1550.62,2356.49,-1.0,1,0
GESHIP,MBAG_V3A_40D_MICRO_SURGE_T3_5R,2026-05-18,VAL,BULL,1684.9322509765625,1550.62,2155.03,-1.0,1,0
GESHIP,MBAG_V3B_60D_VOLUME_ANOMALY_T4R,2026-05-18,VAL,BULL,1684.9322509765625,1550.62,2222.18,-1.0,1,0
GESHIP,MBAG_V3C_90D_MULTI_REGIME_T4R,2026-05-18,VAL,BULL,1684.9322509765625,1535.7,2281.86,-1.0,1,0
GESHIP,MBAG_V3D_60D_CONVEX_RUNNER_T5R,2026-05-18,VAL,BULL,1684.9322509765625,1565.55,2281.84,-1.0,1,0
GICRE,MBAG_V3A_40D_MICRO_SURGE_T3_5R,2026-02-10,VAL,BULL,398.3500061035156,377.38,471.75,-1.0,1,0
GILLETTE,MBAG_V3A_40D_MICRO_SURGE_T3_5R,2026-01-30,VAL,NEUTRAL,8620.537109375,8223.14,10011.43,-1.0,1,0
GIPCL,MBAG_V1_CHAMP_BASE60_T3R,2026-05-29,VAL,BULL,165.1699981689453,153.25,200.93,-0.47,0,0
GIPCL,MBAG_V2A_CONVEX_CAT_90D_T4R,2026-05-29,VAL,BULL,165.1699981689453,155.63,203.33,-1.0,1,0
GIPCL,MBAG_V2B_EXPANSION_120D_T5R,2026-05-29,VAL,BULL,165.1699981689453,156.59,208.07,-1.0,1,0
GIPCL,MBAG_V3A_40D_MICRO_SURGE_T3_5R,2026-05-29,VAL,BULL,165.1699981689453,156.59,195.2,-1.0,1,0
GIPCL,MBAG_V3B_60D_VOLUME_ANOMALY_T4R,2026-05-29,VAL,BULL,165.1699981689453,156.59,199.49,-1.0,1,0
GIPCL,MBAG_V3C_90D_MULTI_REGIME_T4R,2026-05-29,VAL,BULL,165.1699981689453,155.63,203.33,-1.0,1,0
GIPCL,MBAG_V3D_60D_CONVEX_RUNNER_T5R,2026-05-29,VAL,BULL,165.1699981689453,157.54,203.32,-1.0,1,0
GIPCL,MBAG_V1_CHAMP_BASE60_T3R,2026-06-02,HOLDOUT,BULL,173.75999450683594,159.72,215.88,-1.0,1,0
GIPCL,MBAG_V2A_CONVEX_CAT_90D_T4R,2026-06-02,HOLDOUT,BULL,173.75999450683594,162.53,218.68,-1.0,1,0
GIPCL,MBAG_V2B_EXPANSION_120D_T5R,2026-06-02,HOLDOUT,BULL,173.75999450683594,163.65,224.31,-1.0,1,0
GIPCL,MBAG_V3A_40D_MICRO_SURGE_T3_5R,2026-06-02,HOLDOUT,BULL,173.75999450683594,163.65,209.14,-1.0,1,0
GIPCL,MBAG_V3B_60D_VOLUME_ANOMALY_T4R,2026-06-02,HOLDOUT,BULL,173.75999450683594,163.65,214.2,-1.0,1,0
GIPCL,MBAG_V3C_90D_MULTI_REGIME_T4R,2026-06-02,HOLDOUT,BULL,173.75999450683594,162.53,218.68,-1.0,1,0
GIPCL,MBAG_V3D_60D_CONVEX_RUNNER_T5R,2026-06-02,HOLDOUT,BULL,173.75999450683594,164.78,218.66,-1.0,1,0
GLAND,MBAG_V1_CHAMP_BASE60_T3R,2026-05-08,VAL,BULL,1904.4000244140625,1775.1,2292.3,3.0,0,1
GLAND,MBAG_V1_CHAMP_BASE60_T3R,2026-05-18,VAL,BULL,2156.60009765625,1985.21,2670.77,0.33,0,0
GLAND,MBAG_V2A_CONVEX_CAT_90D_T4R,2026-05-18,VAL,BULL,2156.60009765625,2019.49,2705.04,1.58,0,0
GLAND,MBAG_V2B_EXPANSION_120D_T5R,2026-05-18,VAL,BULL,2156.60009765625,2033.2,2773.6,2.47,0,0
GLAND,MBAG_V3A_40D_MICRO_SURGE_T3_5R,2026-05-18,VAL,BULL,2156.60009765625,2033.2,2588.5,0.24,0,0
GLAND,MBAG_V3B_60D_VOLUME_ANOMALY_T4R,2026-05-18,VAL,BULL,2156.60009765625,2033.2,2650.2,1.75,0,0
GLAND,MBAG_V3C_90D_MULTI_REGIME_T4R,2026-05-18,VAL,BULL,2156.60009765625,2019.49,2705.04,1.58,0,0
GLAND,MBAG_V3D_60D_CONVEX_RUNNER_T5R,2026-05-18,VAL,BULL,2156.60009765625,2046.91,2705.05,2.8,0,0
GLAND,MBAG_V1_CHAMP_BASE60_T3R,2026-05-19,VAL,BULL,2251.10009765625,2062.89,2815.73,-0.38,0,0
GLAND,MBAG_V2A_CONVEX_CAT_90D_T4R,2026-05-19,VAL,BULL,2251.10009765625,2100.53,2853.38,1.62,0,0
GLAND,MBAG_V2B_EXPANSION_120D_T5R,2026-05-19,VAL,BULL,2251.10009765625,2115.59,2928.65,1.75,0,0
GLAND,MBAG_V3A_40D_MICRO_SURGE_T3_5R,2026-05-19,VAL,BULL,2251.10009765625,2115.59,2725.39,0.35,0,0
GLAND,MBAG_V3B_60D_VOLUME_ANOMALY_T4R,2026-05-19,VAL,BULL,2251.10009765625,2115.59,2793.14,1.8,0,0
GLAND,MBAG_V3C_90D_MULTI_REGIME_T4R,2026-05-19,VAL,BULL,2251.10009765625,2100.53,2853.38,1.62,0,0
GLAND,MBAG_V3D_60D_CONVEX_RUNNER_T5R,2026-05-19,VAL,BULL,2251.10009765625,2130.64,2853.4,2.48,0,0
GLAND,MBAG_V1_CHAMP_BASE60_T3R,2026-06-30,HOLDOUT,BULL,2495.0,2289.55,3111.35,-0.41,0,0
GLAND,MBAG_V2A_CONVEX_CAT_90D_T4R,2026-06-30,HOLDOUT,BULL,2495.0,2330.64,3152.44,2.61,0,0
GLAND,MBAG_V2B_EXPANSION_120D_T5R,2026-06-30,HOLDOUT,BULL,2495.0,2347.08,3234.6,-1.0,1,0
GLAND,MBAG_V3A_40D_MICRO_SURGE_T3_5R,2026-06-30,HOLDOUT,BULL,2495.0,2347.08,3012.72,-1.0,1,0
GLAND,MBAG_V3B_60D_VOLUME_ANOMALY_T4R,2026-06-30,HOLDOUT,BULL,2495.0,2347.08,3086.68,-1.0,1,0
GLAND,MBAG_V3C_90D_MULTI_REGIME_T4R,2026-06-30,HOLDOUT,BULL,2495.0,2330.64,3152.44,2.61,0,0
GLAND,MBAG_V3D_60D_CONVEX_RUNNER_T5R,2026-06-30,HOLDOUT,BULL,2495.0,2363.51,3152.45,-1.0,1,0
GLENMARK,MBAG_V1_CHAMP_BASE60_T3R,2026-01-07,VAL,BULL,2113.10009765625,2006.24,2433.68,-1.0,1,0
GLENMARK,MBAG_V3A_40D_MICRO_SURGE_T3_5R,2026-01-07,VAL,BULL,2113.10009765625,2036.16,2382.39,-1.0,1,0
GLENMARK,MBAG_V3D_60D_CONVEX_RUNNER_T5R,2026-01-07,VAL,BULL,2113.10009765625,2044.71,2455.05,-1.0,1,0
GLENMARK,MBAG_V1_CHAMP_BASE60_T3R,2026-03-10,VAL,BULL,2225.800048828125,2083.64,2652.28,-1.0,1,0
GLENMARK,MBAG_V2A_CONVEX_CAT_90D_T4R,2026-03-10,VAL,BULL,2225.800048828125,2112.07,2680.72,-1.0,1,0
GLENMARK,MBAG_V2B_EXPANSION_120D_T5R,2026-03-10,VAL,BULL,2225.800048828125,2123.44,2737.6,-1.0,1,0
GLENMARK,MBAG_V3A_40D_MICRO_SURGE_T3_5R,2026-03-10,VAL,BULL,2225.800048828125,2123.44,2584.06,-1.0,1,0
GLENMARK,MBAG_V3B_60D_VOLUME_ANOMALY_T4R,2026-03-10,VAL,BULL,2225.800048828125,2123.44,2635.24,-1.0,1,0
GLENMARK,MBAG_V3C_90D_MULTI_REGIME_T4R,2026-03-10,VAL,BULL,2225.800048828125,2112.07,2680.72,-1.0,1,0
GLENMARK,MBAG_V3D_60D_CONVEX_RUNNER_T5R,2026-03-10,VAL,BULL,2225.800048828125,2134.82,2680.7,-1.0,1,0
GLENMARK,MBAG_V1_CHAMP_BASE60_T3R,2026-03-11,VAL,BULL,2272.699951171875,2124.4,2717.6,-1.0,1,0
GLENMARK,MBAG_V1_CHAMP_BASE60_T3R,2026-04-23,VAL,BULL,2335.0,2171.11,2826.67,0.35,0,0
GLENMARK,MBAG_V2A_CONVEX_CAT_90D_T4R,2026-04-23,VAL,BULL,2335.0,2203.89,2859.44,-1.0,1,0
GLENMARK,MBAG_V2B_EXPANSION_120D_T5R,2026-04-23,VAL,BULL,2335.0,2217.0,2925.0,-1.0,1,0
GLENMARK,MBAG_V3A_40D_MICRO_SURGE_T3_5R,2026-04-23,VAL,BULL,2335.0,2217.0,2748.0,0.42,0,0
GLENMARK,MBAG_V3B_60D_VOLUME_ANOMALY_T4R,2026-04-23,VAL,BULL,2335.0,2217.0,2807.0,-1.0,1,0
GLENMARK,MBAG_V3C_90D_MULTI_REGIME_T4R,2026-04-23,VAL,BULL,2335.0,2203.89,2859.44,-1.0,1,0
GLENMARK,MBAG_V3D_60D_CONVEX_RUNNER_T5R,2026-04-23,VAL,BULL,2335.0,2230.11,2859.45,-1.0,1,0
GLENMARK,MBAG_V1_CHAMP_BASE60_T3R,2026-04-28,VAL,BULL,2403.699951171875,2246.79,2874.43,-1.0,1,0
GLENMARK,MBAG_V2A_CONVEX_CAT_90D_T4R,2026-04-28,VAL,BULL,2403.699951171875,2278.17,2905.82,-1.0,1,0
GLENMARK,MBAG_V3C_90D_MULTI_REGIME_T4R,2026-04-28,VAL,BULL,2403.699951171875,2278.17,2905.82,-1.0,1,0
GLENMARK,MBAG_V3D_60D_CONVEX_RUNNER_T5R,2026-04-28,VAL,BULL,2403.699951171875,2303.28,2905.8,-1.0,1,0
GMDCLTD,MBAG_V1_CHAMP_BASE60_T3R,2026-04-16,VAL,BULL,746.75,675.77,959.69,-1.0,1,0
GMDCLTD,MBAG_V2A_CONVEX_CAT_90D_T4R,2026-04-16,VAL,BULL,746.75,689.96,973.91,-1.0,1,0
GMDCLTD,MBAG_V2B_EXPANSION_120D_T5R,2026-04-16,VAL,BULL,746.75,695.64,1002.3,-1.0,1,0
GMDCLTD,MBAG_V3A_40D_MICRO_SURGE_T3_5R,2026-04-16,VAL,BULL,746.75,695.64,925.64,-1.0,1,0
GMDCLTD,MBAG_V3B_60D_VOLUME_ANOMALY_T4R,2026-04-16,VAL,BULL,746.75,695.64,951.19,-1.0,1,0
GMDCLTD,MBAG_V3C_90D_MULTI_REGIME_T4R,2026-04-16,VAL,BULL,746.75,689.96,973.91,-1.0,1,0
GMDCLTD,MBAG_V3D_60D_CONVEX_RUNNER_T5R,2026-04-16,VAL,BULL,746.75,701.32,973.9,-1.0,1,0
GMMPFAUDLR,MBAG_V1_CHAMP_BASE60_T3R,2025-11-11,DEV,BULL,1538.1187122884107,1505.71,1635.34,-1.0,1,0
GMMPFAUDLR,MBAG_V1_CHAMP_BASE60_T3R,2026-04-13,VAL,BULL,1823.953962419011,1784.16,1943.34,-1.0,1,0
GMMPFAUDLR,MBAG_V1_CHAMP_BASE60_T3R,2026-04-23,VAL,BULL,1863.2168105577343,1824.08,1980.63,0.31,0,0
GMRAIRPORT,MBAG_V1_CHAMP_BASE60_T3R,2026-01-01,VAL,BULL,677.8460831878725,663.48,720.94,-1.0,1,0
GMRAIRPORT,MBAG_V1_CHAMP_BASE60_T3R,2026-02-24,VAL,BULL,745.7352155960093,730.65,790.99,3.0,0,1
GMRP&UI,MBAG_V3A_40D_MICRO_SURGE_T3_5R,2026-05-14,VAL,NEUTRAL,113.44999694824219,107.02,135.95,-1.0,1,0
GNA,MBAG_V1_CHAMP_BASE60_T3R,2026-01-05,VAL,BULL,342.34619140625,311.89,433.71,2.26,0,0
GNA,MBAG_V2A_CONVEX_CAT_90D_T4R,2026-01-05,VAL,BULL,342.34619140625,317.98,439.81,4.0,0,1
GNA,MBAG_V3A_40D_MICRO_SURGE_T3_5R,2026-01-05,VAL,BULL,342.34619140625,320.41,419.12,3.5,0,1
GNA,MBAG_V3B_60D_VOLUME_ANOMALY_T4R,2026-01-05,VAL,BULL,342.34619140625,320.41,430.09,4.0,0,1
GNA,MBAG_V3C_90D_MULTI_REGIME_T4R,2026-01-05,VAL,BULL,342.34619140625,317.98,439.81,4.0,0,1
GNA,MBAG_V3D_60D_CONVEX_RUNNER_T5R,2026-01-05,VAL,BULL,342.34619140625,322.85,439.83,-1.0,1,0
GNA,MBAG_V1_CHAMP_BASE60_T3R,2026-01-06,VAL,BULL,372.7284240722656,337.8,477.51,-1.0,1,0
GNA,MBAG_V2A_CONVEX_CAT_90D_T4R,2026-01-06,VAL,BULL,372.7284240722656,344.79,484.48,-1.0,1,0
GNA,MBAG_V3A_40D_MICRO_SURGE_T3_5R,2026-01-06,VAL,BULL,372.7284240722656,347.58,460.75,-1.0,1,0
GNA,MBAG_V3B_60D_VOLUME_ANOMALY_T4R,2026-01-06,VAL,BULL,372.7284240722656,347.58,473.32,-1.0,1,0
GNA,MBAG_V3C_90D_MULTI_REGIME_T4R,2026-01-06,VAL,BULL,372.7284240722656,344.79,484.48,-1.0,1,0
GNA,MBAG_V3D_60D_CONVEX_RUNNER_T5R,2026-01-06,VAL,BULL,372.7284240722656,350.37,484.52,-1.0,1,0
GNA,MBAG_V1_CHAMP_BASE60_T3R,2026-01-07,VAL,BULL,381.66436767578125,343.33,496.67,-1.0,1,0
GNA,MBAG_V2A_CONVEX_CAT_90D_T4R,2026-01-07,VAL,BULL,381.66436767578125,351.0,504.32,-1.0,1,0
GNA,MBAG_V3A_40D_MICRO_SURGE_T3_5R,2026-01-07,VAL,BULL,381.66436767578125,354.07,478.24,-1.0,1,0
GNA,MBAG_V3B_60D_VOLUME_ANOMALY_T4R,2026-01-07,VAL,BULL,381.66436767578125,354.07,492.04,-1.0,1,0
GNA,MBAG_V3C_90D_MULTI_REGIME_T4R,2026-01-07,VAL,BULL,381.66436767578125,351.0,504.32,-1.0,1,0
GNA,MBAG_V3D_60D_CONVEX_RUNNER_T5R,2026-01-07,VAL,BULL,381.66436767578125,357.13,504.34,-1.0,1,0
GNA,MBAG_V1_CHAMP_BASE60_T3R,2026-02-03,VAL,BULL,411.15301513671875,362.3,557.71,-0.03,0,0
GNA,MBAG_V2A_CONVEX_CAT_90D_T4R,2026-02-03,VAL,BULL,411.15301513671875,372.07,567.49,-0.46,0,0
GNA,MBAG_V2B_EXPANSION_120D_T5R,2026-02-03,VAL,BULL,411.15301513671875,375.98,587.02,-1.0,1,0
GNA,MBAG_V3A_40D_MICRO_SURGE_T3_5R,2026-02-03,VAL,BULL,411.15301513671875,375.98,534.26,0.2,0,0
GNA,MBAG_V3B_60D_VOLUME_ANOMALY_T4R,2026-02-03,VAL,BULL,411.15301513671875,375.98,551.85,-1.0,1,0
GNA,MBAG_V3C_90D_MULTI_REGIME_T4R,2026-02-03,VAL,BULL,411.15301513671875,372.07,567.49,-0.46,0,0
GNA,MBAG_V3D_60D_CONVEX_RUNNER_T5R,2026-02-03,VAL,BULL,411.15301513671875,379.89,567.47,-1.0,1,0
GNA,MBAG_V2A_CONVEX_CAT_90D_T4R,2026-02-06,VAL,BULL,436.27294921875,393.28,608.24,-1.0,1,0
GNA,MBAG_V2B_EXPANSION_120D_T5R,2026-02-06,VAL,BULL,436.27294921875,397.58,629.74,-1.0,1,0
GNA,MBAG_V3A_40D_MICRO_SURGE_T3_5R,2026-02-06,VAL,BULL,436.27294921875,397.58,571.7,-1.0,1,0
GNA,MBAG_V3B_60D_VOLUME_ANOMALY_T4R,2026-02-06,VAL,BULL,436.27294921875,397.58,591.04,-1.0,1,0
GNA,MBAG_V3C_90D_MULTI_REGIME_T4R,2026-02-06,VAL,BULL,436.27294921875,393.28,608.24,-1.0,1,0
GNA,MBAG_V3D_60D_CONVEX_RUNNER_T5R,2026-02-06,VAL,BULL,436.27294921875,401.88,608.24,-1.0,1,0
GNFC,MBAG_V3A_40D_MICRO_SURGE_T3_5R,2026-04-17,VAL,BULL,489.70001220703125,459.6,595.05,0.56,0,0
GNFC,MBAG_V1_CHAMP_BASE60_T3R,2026-05-06,VAL,BULL,498.3500061035156,467.75,590.15,0.15,0,0
GNFC,MBAG_V3A_40D_MICRO_SURGE_T3_5R,2026-05-06,VAL,BULL,498.3500061035156,476.32,575.46,-1.0,1,0
GNFC,MBAG_V3B_60D_VOLUME_ANOMALY_T4R,2026-05-06,VAL,BULL,498.3500061035156,476.32,586.47,-1.0,1,0
GNFC,MBAG_V3D_60D_CONVEX_RUNNER_T5R,2026-05-06,VAL,BULL,498.3500061035156,478.77,596.25,-1.0,1,0
GNFC,MBAG_V1_CHAMP_BASE60_T3R,2026-05-14,VAL,BULL,519.9500122070312,488.05,615.65,-1.0,1,0
GNFC,MBAG_V2A_CONVEX_CAT_90D_T4R,2026-05-14,VAL,BULL,519.9500122070312,494.43,622.03,-1.0,1,0
GNFC,MBAG_V2B_EXPANSION_120D_T5R,2026-05-14,VAL,BULL,519.9500122070312,496.98,634.8,-1.0,1,0
GNFC,MBAG_V3A_40D_MICRO_SURGE_T3_5R,2026-05-14,VAL,BULL,519.9500122070312,496.98,600.35,-1.0,1,0
GNFC,MBAG_V3B_60D_VOLUME_ANOMALY_T4R,2026-05-14,VAL,BULL,519.9500122070312,496.98,611.83,-1.0,1,0
GNFC,MBAG_V3C_90D_MULTI_REGIME_T4R,2026-05-14,VAL,BULL,519.9500122070312,494.43,622.03,-1.0,1,0
GNFC,MBAG_V3D_60D_CONVEX_RUNNER_T5R,2026-05-14,VAL,BULL,519.9500122070312,499.53,622.05,-1.0,1,0
GNFC,MBAG_V1_CHAMP_BASE60_T3R,2026-05-19,VAL,BULL,545.9500122070312,506.9,663.1,-1.0,1,0
GNFC,MBAG_V2A_CONVEX_CAT_90D_T4R,2026-05-19,VAL,BULL,545.9500122070312,514.71,670.91,-1.0,1,0
GNFC,MBAG_V2B_EXPANSION_120D_T5R,2026-05-19,VAL,BULL,545.9500122070312,517.83,686.55,-1.0,1,0
GNFC,MBAG_V3A_40D_MICRO_SURGE_T3_5R,2026-05-19,VAL,BULL,545.9500122070312,517.83,644.37,-1.0,1,0
GNFC,MBAG_V3B_60D_VOLUME_ANOMALY_T4R,2026-05-19,VAL,BULL,545.9500122070312,517.83,658.43,-1.0,1,0
GNFC,MBAG_V3C_90D_MULTI_REGIME_T4R,2026-05-19,VAL,BULL,545.9500122070312,514.71,670.91,-1.0,1,0
GNFC,MBAG_V3D_60D_CONVEX_RUNNER_T5R,2026-05-19,VAL,BULL,545.9500122070312,520.96,670.9,-1.0,1,0
GNFC,MBAG_V1_CHAMP_BASE60_T3R,2026-06-17,HOLDOUT,BULL,559.25,519.81,677.57,-1.0,1,0
GNFC,MBAG_V2A_CONVEX_CAT_90D_T4R,2026-06-17,HOLDOUT,BULL,559.25,527.7,685.45,-1.0,1,0
GNFC,MBAG_V2B_EXPANSION_120D_T5R,2026-06-17,HOLDOUT,BULL,559.25,530.85,701.25,-1.0,1,0
GNFC,MBAG_V3A_40D_MICRO_SURGE_T3_5R,2026-06-17,HOLDOUT,BULL,559.25,530.85,658.65,-1.0,1,0
GNFC,MBAG_V3B_60D_VOLUME_ANOMALY_T4R,2026-06-17,HOLDOUT,BULL,559.25,530.85,672.85,-1.0,1,0
GNFC,MBAG_V3C_90D_MULTI_REGIME_T4R,2026-06-17,HOLDOUT,BULL,559.25,527.7,685.45,-1.0,1,0
GNFC,MBAG_V3D_60D_CONVEX_RUNNER_T5R,2026-06-17,HOLDOUT,BULL,559.25,534.01,685.45,-1.0,1,0
GNFC,MBAG_V1_CHAMP_BASE60_T3R,2026-06-22,HOLDOUT,BULL,581.5,534.79,721.63,-1.0,1,0
GNFC,MBAG_V2A_CONVEX_CAT_90D_T4R,2026-06-22,HOLDOUT,BULL,581.5,544.14,730.94,-1.0,1,0
GNFC,MBAG_V2B_EXPANSION_120D_T5R,2026-06-22,HOLDOUT,BULL,581.5,547.87,749.65,-1.0,1,0
GNFC,MBAG_V3A_40D_MICRO_SURGE_T3_5R,2026-06-22,HOLDOUT,BULL,581.5,547.87,699.2,-1.0,1,0
GNFC,MBAG_V3B_60D_VOLUME_ANOMALY_T4R,2026-06-22,HOLDOUT,BULL,581.5,547.87,716.02,-1.0,1,0
GNFC,MBAG_V3C_90D_MULTI_REGIME_T4R,2026-06-22,HOLDOUT,BULL,581.5,544.14,730.94,-1.0,1,0
GNFC,MBAG_V3D_60D_CONVEX_RUNNER_T5R,2026-06-22,HOLDOUT,BULL,581.5,551.61,730.95,-1.0,1,0
GODFRYPHLP,MBAG_V3A_40D_MICRO_SURGE_T3_5R,2026-04-29,VAL,BEAR,2275.300048828125,2140.48,2747.17,-0.21,0,0
GODREJAGRO,MBAG_V1_CHAMP_BASE60_T3R,2025-09-12,DEV,BULL,1131.4387274109502,1107.53,1203.16,-1.0,1,0
GODREJAGRO,MBAG_V1_CHAMP_BASE60_T3R,2025-11-04,DEV,BULL,1167.1157782506748,1142.52,1240.9,2.23,0,0
GODREJAGRO,MBAG_V1_CHAMP_BASE60_T3R,2025-12-18,DEV,BULL,1243.0630665324402,1217.88,1318.61,-1.0,1,0
GODREJCP,MBAG_V1_CHAMP_BASE60_T3R,2025-12-30,DEV,BULL,1200.98388671875,1150.62,1352.08,-1.0,1,0
GODREJCP,MBAG_V1_CHAMP_BASE60_T3R,2025-12-31,DEV,BULL,1210.891357421875,1158.01,1369.54,-1.0,1,0
GODREJCP,MBAG_V3A_40D_MICRO_SURGE_T3_5R,2026-07-06,HOLDOUT,NEUTRAL,1100.5999755859375,1059.56,1244.24,-1.0,1,0
GODREJIND,MBAG_V1_CHAMP_BASE60_T3R,2026-01-19,VAL,BULL,2140.475510611466,2096.1,2273.6,-1.0,1,0
GODREJIND,MBAG_V1_CHAMP_BASE60_T3R,2026-03-16,VAL,BULL,2205.0857077890464,2152.61,2362.51,-1.0,1,0
GODREJPROP,MBAG_V1_CHAMP_BASE60_T3R,2026-05-04,VAL,NEUTRAL,1890.6611328125,1766.26,2263.86,-1.0,1,0
GODREJPROP,MBAG_V3A_40D_MICRO_SURGE_T3_5R,2026-05-04,VAL,NEUTRAL,1890.6611328125,1801.09,2204.16,-1.0,1,0
GODREJPROP,MBAG_V3B_60D_VOLUME_ANOMALY_T4R,2026-05-04,VAL,NEUTRAL,1890.6611328125,1801.09,2248.95,-1.0,1,0
GODREJPROP,MBAG_V3D_60D_CONVEX_RUNNER_T5R,2026-05-04,VAL,NEUTRAL,1890.6611328125,1811.05,2288.72,-1.0,1,0
GODREJPROP,MBAG_V1_CHAMP_BASE60_T3R,2026-07-01,HOLDOUT,BULL,1950.1734619140625,1832.08,2304.45,1.74,0,0
GODREJPROP,MBAG_V1_CHAMP_BASE60_T3R,2026-07-03,HOLDOUT,BULL,1986.79638671875,1879.85,2307.64,1.11,0,0
GODREJPROP,MBAG_V1_CHAMP_BASE60_T3R,2026-07-06,HOLDOUT,BULL,2036.555908203125,1926.8,2365.82,0.48,0,0
GODREJPROP,MBAG_V2A_CONVEX_CAT_90D_T4R,2026-07-06,HOLDOUT,BULL,2036.555908203125,1948.75,2387.78,0.2,0,0
GODREJPROP,MBAG_V3C_90D_MULTI_REGIME_T4R,2026-07-06,HOLDOUT,BULL,2036.555908203125,1948.75,2387.78,0.2,0,0
GODREJPROP,MBAG_V3D_60D_CONVEX_RUNNER_T5R,2026-07-06,HOLDOUT,BULL,2036.555908203125,1966.31,2387.79,-1.0,1,0
GODREJPROP,MBAG_V1_CHAMP_BASE60_T3R,2026-07-10,HOLDOUT,BULL,2122.7392578125,1980.68,2548.92,-1.0,1,0
GOKEX,MBAG_V1_CHAMP_BASE60_T3R,2026-01-02,VAL,BULL,2213.0259391718137,2167.62,2349.24,-1.0,1,0
GOKEX,MBAG_V1_CHAMP_BASE60_T3R,2026-01-20,VAL,BULL,2253.2392490074603,2201.89,2407.29,-1.0,1,0
GOKEX,MBAG_V1_CHAMP_BASE60_T3R,2026-05-04,VAL,BULL,2405.8415447585753,2355.72,2556.21,3.0,0,1
GOKEX,MBAG_V1_CHAMP_BASE60_T3R,2026-05-08,VAL,BULL,2452.1086354517743,2402.37,2601.32,3.0,0,1
GOKULAGRO,MBAG_V1_CHAMP_BASE60_T3R,2025-08-07,DEV,BULL,1383.9151075635727,1353.24,1475.94,-1.0,1,0
GOKULAGRO,MBAG_V1_CHAMP_BASE60_T3R,2025-10-24,DEV,BULL,1561.2898287887454,1528.31,1660.23,3.0,0,1
GOLDIAM,MBAG_V3A_40D_MICRO_SURGE_T3_5R,2026-02-09,VAL,BULL,404.3923034667969,366.27,537.82,-1.0,1,0
GPIL,MBAG_V1_CHAMP_BASE60_T3R,2025-10-29,DEV,BULL,278.44000244140625,257.06,342.58,-1.0,1,0
GPIL,MBAG_V3A_40D_MICRO_SURGE_T3_5R,2025-10-29,DEV,BULL,278.44000244140625,263.05,332.31,-1.0,1,0
GPIL,MBAG_V3B_60D_VOLUME_ANOMALY_T4R,2025-10-29,DEV,BULL,278.44000244140625,263.05,340.0,-1.0,1,0
GPIL,MBAG_V3D_60D_CONVEX_RUNNER_T5R,2025-10-29,DEV,BULL,278.44000244140625,264.76,346.84,-1.0,1,0
GPIL,MBAG_V1_CHAMP_BASE60_T3R,2026-04-07,VAL,BULL,284.8500061035156,257.81,365.97,0.73,0,0
GPIL,MBAG_V3C_90D_MULTI_REGIME_T4R,2026-04-07,VAL,BULL,284.8500061035156,263.22,371.37,0.97,0,0
GPIL,MBAG_V1_CHAMP_BASE60_T3R,2026-04-15,VAL,BULL,303.3500061035156,276.09,385.13,-0.49,0,0
GPIL,MBAG_V2A_CONVEX_CAT_90D_T4R,2026-04-15,VAL,BULL,303.3500061035156,281.54,390.59,-1.0,1,0
GPIL,MBAG_V3A_40D_MICRO_SURGE_T3_5R,2026-04-15,VAL,BULL,303.3500061035156,283.72,372.06,-1.0,1,0
GPIL,MBAG_V3C_90D_MULTI_REGIME_T4R,2026-04-15,VAL,BULL,303.3500061035156,281.54,390.59,-1.0,1,0
GPIL,MBAG_V3D_60D_CONVEX_RUNNER_T5R,2026-04-15,VAL,BULL,303.3500061035156,285.9,390.6,-1.0,1,0
GPPL,MBAG_V1_CHAMP_BASE60_T3R,2025-10-29,DEV,BULL,161.0216522216797,151.58,189.35,1.47,0,0
GPPL,MBAG_V3A_40D_MICRO_SURGE_T3_5R,2025-10-29,DEV,BULL,161.0216522216797,154.22,184.83,3.5,0,1
GPPL,MBAG_V3B_60D_VOLUME_ANOMALY_T4R,2025-10-29,DEV,BULL,161.0216522216797,154.22,188.23,4.0,0,1
GPPL,MBAG_V3D_60D_CONVEX_RUNNER_T5R,2025-10-29,DEV,BULL,161.0216522216797,154.98,191.23,5.0,0,1
GPPL,MBAG_V1_CHAMP_BASE60_T3R,2025-10-30,DEV,BULL,163.94122314453125,153.87,194.15,1.47,0,0
GPPL,MBAG_V3A_40D_MICRO_SURGE_T3_5R,2025-10-30,DEV,BULL,163.94122314453125,156.69,189.32,-1.0,1,0
GPPL,MBAG_V3B_60D_VOLUME_ANOMALY_T4R,2025-10-30,DEV,BULL,163.94122314453125,156.69,192.95,-1.0,1,0
GPPL,MBAG_V3D_60D_CONVEX_RUNNER_T5R,2025-10-30,DEV,BULL,163.94122314453125,157.49,196.2,-1.0,1,0
GPPL,MBAG_V1_CHAMP_BASE60_T3R,2025-11-07,DEV,BULL,174.20330810546875,162.68,208.77,0.7,0,0
GPPL,MBAG_V3A_40D_MICRO_SURGE_T3_5R,2025-11-07,DEV,BULL,174.20330810546875,165.91,203.23,1.7,0,0
GPPL,MBAG_V3B_60D_VOLUME_ANOMALY_T4R,2025-11-07,DEV,BULL,174.20330810546875,165.91,207.38,2.34,0,0
GPPL,MBAG_V3D_60D_CONVEX_RUNNER_T5R,2025-11-07,DEV,BULL,174.20330810546875,166.83,211.07,1.59,0,0
GRANULES,MBAG_V1_CHAMP_BASE60_T3R,2025-12-23,DEV,BULL,614.7999877929688,573.72,738.04,-1.0,1,0
GRANULES,MBAG_V2A_CONVEX_CAT_90D_T4R,2025-12-23,DEV,BULL,614.7999877929688,581.94,746.24,-1.0,1,0
GRANULES,MBAG_V3A_40D_MICRO_SURGE_T3_5R,2025-12-23,DEV,BULL,614.7999877929688,585.22,718.33,-1.0,1,0
GRANULES,MBAG_V3B_60D_VOLUME_ANOMALY_T4R,2025-12-23,DEV,BULL,614.7999877929688,585.22,733.12,-1.0,1,0
GRANULES,MBAG_V3C_90D_MULTI_REGIME_T4R,2025-12-23,DEV,BULL,614.7999877929688,581.94,746.24,-1.0,1,0
GRANULES,MBAG_V3D_60D_CONVEX_RUNNER_T5R,2025-12-23,DEV,BULL,614.7999877929688,588.51,746.25,-1.0,1,0
GRANULES,MBAG_V1_CHAMP_BASE60_T3R,2026-03-25,VAL,BULL,629.0499877929688,575.39,790.03,1.42,0,0
GRANULES,MBAG_V2A_CONVEX_CAT_90D_T4R,2026-03-25,VAL,BULL,629.0499877929688,586.12,800.77,2.33,0,0
GRANULES,MBAG_V2B_EXPANSION_120D_T5R,2026-03-25,VAL,BULL,629.0499877929688,590.41,822.25,3.3,0,0
GRANULES,MBAG_V3A_40D_MICRO_SURGE_T3_5R,2026-03-25,VAL,BULL,629.0499877929688,590.41,764.29,2.14,0,0
GRANULES,MBAG_V3B_60D_VOLUME_ANOMALY_T4R,2026-03-25,VAL,BULL,629.0499877929688,590.41,783.61,2.59,0,0
GRANULES,MBAG_V3C_90D_MULTI_REGIME_T4R,2026-03-25,VAL,BULL,629.0499877929688,586.12,800.77,2.33,0,0
GRANULES,MBAG_V3D_60D_CONVEX_RUNNER_T5R,2026-03-25,VAL,BULL,629.0499877929688,594.71,800.75,4.0,0,0
GRANULES,MBAG_V1_CHAMP_BASE60_T3R,2026-04-20,VAL,BULL,664.4500122070312,612.32,820.84,1.29,0,0
GRANULES,MBAG_V2A_CONVEX_CAT_90D_T4R,2026-04-20,VAL,BULL,664.4500122070312,622.74,831.29,2.75,0,0
GRANULES,MBAG_V2B_EXPANSION_120D_T5R,2026-04-20,VAL,BULL,664.4500122070312,626.91,852.15,2.24,0,0
GRANULES,MBAG_V3A_40D_MICRO_SURGE_T3_5R,2026-04-20,VAL,BULL,664.4500122070312,626.91,795.84,2.5,0,0
GRANULES,MBAG_V3B_60D_VOLUME_ANOMALY_T4R,2026-04-20,VAL,BULL,664.4500122070312,626.91,814.61,3.05,0,0
GRANULES,MBAG_V3C_90D_MULTI_REGIME_T4R,2026-04-20,VAL,BULL,664.4500122070312,622.74,831.29,2.75,0,0
GRANULES,MBAG_V3D_60D_CONVEX_RUNNER_T5R,2026-04-20,VAL,BULL,664.4500122070312,631.08,831.3,3.05,0,0
GRANULES,MBAG_V1_CHAMP_BASE60_T3R,2026-05-06,VAL,BULL,736.0,678.37,908.89,1.0,0,0
GRANULES,MBAG_V2A_CONVEX_CAT_90D_T4R,2026-05-06,VAL,BULL,736.0,689.89,920.44,0.12,0,0
GRANULES,MBAG_V2B_EXPANSION_120D_T5R,2026-05-06,VAL,BULL,736.0,694.5,943.5,1.82,0,0
GRANULES,MBAG_V3A_40D_MICRO_SURGE_T3_5R,2026-05-06,VAL,BULL,736.0,694.5,881.25,0.6,0,0
GRANULES,MBAG_V3B_60D_VOLUME_ANOMALY_T4R,2026-05-06,VAL,BULL,736.0,694.5,902.0,0.13,0,0
GRANULES,MBAG_V3C_90D_MULTI_REGIME_T4R,2026-05-06,VAL,BULL,736.0,689.89,920.44,0.12,0,0
GRANULES,MBAG_V3D_60D_CONVEX_RUNNER_T5R,2026-05-06,VAL,BULL,736.0,699.11,920.45,0.94,0,0
GRANULES,MBAG_V1_CHAMP_BASE60_T3R,2026-05-27,VAL,BULL,782.5999755859375,726.94,949.58,-0.21,0,0
GRANULES,MBAG_V2A_CONVEX_CAT_90D_T4R,2026-05-27,VAL,BULL,782.5999755859375,738.07,960.72,-1.0,1,0
GRANULES,MBAG_V2B_EXPANSION_120D_T5R,2026-05-27,VAL,BULL,782.5999755859375,742.52,983.0,-1.0,1,0
GRANULES,MBAG_V3A_40D_MICRO_SURGE_T3_5R,2026-05-27,VAL,BULL,782.5999755859375,742.52,922.88,-1.0,1,0
GRANULES,MBAG_V3B_60D_VOLUME_ANOMALY_T4R,2026-05-27,VAL,BULL,782.5999755859375,742.52,942.92,-1.0,1,0
GRANULES,MBAG_V3C_90D_MULTI_REGIME_T4R,2026-05-27,VAL,BULL,782.5999755859375,738.07,960.72,-1.0,1,0
GRANULES,MBAG_V3D_60D_CONVEX_RUNNER_T5R,2026-05-27,VAL,BULL,782.5999755859375,746.98,960.7,-1.0,1,0
GRASIM,MBAG_V1_CHAMP_BASE60_T3R,2025-10-27,DEV,BULL,2923.89990234375,2802.79,3287.23,-1.0,1,0
GRASIM,MBAG_V1_CHAMP_BASE60_T3R,2026-05-21,VAL,BULL,3154.5,2975.64,3691.08,-0.05,0,0
GRASIM,MBAG_V2A_CONVEX_CAT_90D_T4R,2026-05-21,VAL,BULL,3154.5,3011.41,3726.86,0.03,0,0
GRASIM,MBAG_V2B_EXPANSION_120D_T5R,2026-05-21,VAL,BULL,3154.5,3025.72,3798.4,-0.71,0,0
GRASIM,MBAG_V3A_40D_MICRO_SURGE_T3_5R,2026-05-21,VAL,BULL,3154.5,3025.72,3605.23,-0.29,0,0
GRASIM,MBAG_V3B_60D_VOLUME_ANOMALY_T4R,2026-05-21,VAL,BULL,3154.5,3025.72,3669.62,0.04,0,0
GRASIM,MBAG_V3C_90D_MULTI_REGIME_T4R,2026-05-21,VAL,BULL,3154.5,3011.41,3726.86,0.03,0,0
GRASIM,MBAG_V3D_60D_CONVEX_RUNNER_T5R,2026-05-21,VAL,BULL,3154.5,3040.03,3726.85,-1.0,1,0
GRAVITA,MBAG_V1_CHAMP_BASE60_T3R,2025-11-24,DEV,BULL,1831.9000244140625,1691.61,2252.77,0.09,0,0
GRAVITA,MBAG_V3A_40D_MICRO_SURGE_T3_5R,2025-11-24,DEV,BULL,1831.9000244140625,1730.89,2185.44,-1.0,1,0
GRAVITA,MBAG_V3B_60D_VOLUME_ANOMALY_T4R,2025-11-24,DEV,BULL,1831.9000244140625,1730.89,2235.94,-1.0,1,0
GRAVITA,MBAG_V3D_60D_CONVEX_RUNNER_T5R,2025-11-24,DEV,BULL,1831.9000244140625,1742.12,2280.8,-1.0,1,0
GRAVITA,MBAG_V1_CHAMP_BASE60_T3R,2026-05-06,VAL,BULL,1794.5,1662.61,2190.17,-1.0,1,0
GRAVITA,MBAG_V3D_60D_CONVEX_RUNNER_T5R,2026-05-06,VAL,BULL,1794.5,1710.09,2216.55,-1.0,1,0
GRAVITA,MBAG_V1_CHAMP_BASE60_T3R,2026-07-10,HOLDOUT,BULL,1854.5999755859375,1694.3,2335.5,-1.0,1,0
GRAVITA,MBAG_V3C_90D_MULTI_REGIME_T4R,2026-07-10,HOLDOUT,BULL,1854.5999755859375,1726.36,2367.56,-1.0,1,0
GREAVESCOT,MBAG_V1_CHAMP_BASE60_T3R,2026-05-11,VAL,NEUTRAL,175.6402587890625,160.25,221.81,-1.0,1,0
GREAVESCOT,MBAG_V3A_40D_MICRO_SURGE_T3_5R,2026-05-11,VAL,NEUTRAL,175.6402587890625,164.56,214.42,-1.0,1,0
GREAVESCOT,MBAG_V3B_60D_VOLUME_ANOMALY_T4R,2026-05-11,VAL,NEUTRAL,175.6402587890625,164.56,219.96,-1.0,1,0
GREAVESCOT,MBAG_V3D_60D_CONVEX_RUNNER_T5R,2026-05-11,VAL,NEUTRAL,175.6402587890625,165.79,224.89,-1.0,1,0
GREAVESCOT,MBAG_V1_CHAMP_BASE60_T3R,2026-05-26,VAL,NEUTRAL,180.03424072265625,161.55,235.49,1.29,0,0
GREAVESCOT,MBAG_V2A_CONVEX_CAT_90D_T4R,2026-05-26,VAL,NEUTRAL,180.03424072265625,165.24,239.21,2.71,0,0
GREAVESCOT,MBAG_V3A_40D_MICRO_SURGE_T3_5R,2026-05-26,VAL,NEUTRAL,180.03424072265625,166.72,226.63,2.87,0,0
GREAVESCOT,MBAG_V3B_60D_VOLUME_ANOMALY_T4R,2026-05-26,VAL,NEUTRAL,180.03424072265625,166.72,233.29,4.0,0,1
GREAVESCOT,MBAG_V3C_90D_MULTI_REGIME_T4R,2026-05-26,VAL,NEUTRAL,180.03424072265625,165.24,239.21,2.71,0,0
GREAVESCOT,MBAG_V3D_60D_CONVEX_RUNNER_T5R,2026-05-26,VAL,NEUTRAL,180.03424072265625,168.2,239.21,5.0,0,1
GREAVESCOT,MBAG_V1_CHAMP_BASE60_T3R,2026-05-27,VAL,NEUTRAL,182.46432495117188,164.93,235.07,1.7,0,0
GREAVESCOT,MBAG_V3C_90D_MULTI_REGIME_T4R,2026-05-27,VAL,NEUTRAL,182.46432495117188,168.44,238.56,2.87,0,0
GREAVESCOT,MBAG_V1_CHAMP_BASE60_T3R,2026-06-05,HOLDOUT,BULL,190.6373291015625,174.17,240.04,-1.0,1,0
GREAVESCOT,MBAG_V2A_CONVEX_CAT_90D_T4R,2026-06-05,HOLDOUT,BULL,190.6373291015625,177.46,243.35,-1.0,1,0
GREAVESCOT,MBAG_V3A_40D_MICRO_SURGE_T3_5R,2026-06-05,HOLDOUT,BULL,190.6373291015625,178.78,232.14,-1.0,1,0
GREAVESCOT,MBAG_V3B_60D_VOLUME_ANOMALY_T4R,2026-06-05,HOLDOUT,BULL,190.6373291015625,178.78,238.07,-1.0,1,0
GREAVESCOT,MBAG_V3C_90D_MULTI_REGIME_T4R,2026-06-05,HOLDOUT,BULL,190.6373291015625,177.46,243.35,-1.0,1,0
GREAVESCOT,MBAG_V3D_60D_CONVEX_RUNNER_T5R,2026-06-05,HOLDOUT,BULL,190.6373291015625,180.1,243.32,-1.0,1,0
GREAVESCOT,MBAG_V1_CHAMP_BASE60_T3R,2026-06-19,HOLDOUT,BULL,196.92578125,178.35,252.65,3.0,0,1
GREAVESCOT,MBAG_V1_CHAMP_BASE60_T3R,2026-06-22,HOLDOUT,BULL,210.82188415527344,189.8,273.89,1.57,0,0
GREAVESCOT,MBAG_V2A_CONVEX_CAT_90D_T4R,2026-06-22,HOLDOUT,BULL,210.82188415527344,194.01,278.07,1.3,0,0
GREAVESCOT,MBAG_V2B_EXPANSION_120D_T5R,2026-06-22,HOLDOUT,BULL,210.82188415527344,195.69,286.48,-1.0,1,0
GREAVESCOT,MBAG_V3A_40D_MICRO_SURGE_T3_5R,2026-06-22,HOLDOUT,BULL,210.82188415527344,195.69,263.78,3.5,0,1
GREAVESCOT,MBAG_V3B_60D_VOLUME_ANOMALY_T4R,2026-06-22,HOLDOUT,BULL,210.82188415527344,195.69,271.35,1.44,0,0
GREAVESCOT,MBAG_V3C_90D_MULTI_REGIME_T4R,2026-06-22,HOLDOUT,BULL,210.82188415527344,194.01,278.07,1.3,0,0
GREAVESCOT,MBAG_V3D_60D_CONVEX_RUNNER_T5R,2026-06-22,HOLDOUT,BULL,210.82188415527344,197.37,278.08,-1.0,1,0
GREAVESCOT,MBAG_V1_CHAMP_BASE60_T3R,2026-06-30,HOLDOUT,BULL,218.19146728515625,197.02,281.71,0.97,0,0
GREAVESCOT,MBAG_V2A_CONVEX_CAT_90D_T4R,2026-06-30,HOLDOUT,BULL,218.19146728515625,201.25,285.96,-1.0,1,0
GREAVESCOT,MBAG_V3C_90D_MULTI_REGIME_T4R,2026-06-30,HOLDOUT,BULL,218.19146728515625,201.25,285.96,-1.0,1,0
GREAVESCOT,MBAG_V3D_60D_CONVEX_RUNNER_T5R,2026-06-30,HOLDOUT,BULL,218.19146728515625,204.64,285.95,-1.0,1,0
GREAVESCOT,MBAG_V1_CHAMP_BASE60_T3R,2026-07-02,HOLDOUT,BULL,229.15162658691406,206.31,297.68,0.12,0,0
GREAVESCOT,MBAG_V2A_CONVEX_CAT_90D_T4R,2026-07-02,HOLDOUT,BULL,229.15162658691406,210.88,302.24,-1.0,1,0
GREAVESCOT,MBAG_V2B_EXPANSION_120D_T5R,2026-07-02,HOLDOUT,BULL,229.15162658691406,212.71,311.36,-1.0,1,0
GREAVESCOT,MBAG_V3A_40D_MICRO_SURGE_T3_5R,2026-07-02,HOLDOUT,BULL,229.15162658691406,212.71,286.7,-1.0,1,0
GREAVESCOT,MBAG_V3B_60D_VOLUME_ANOMALY_T4R,2026-07-02,HOLDOUT,BULL,229.15162658691406,212.71,294.92,-1.0,1,0
GREAVESCOT,MBAG_V3C_90D_MULTI_REGIME_T4R,2026-07-02,HOLDOUT,BULL,229.15162658691406,210.88,302.24,-1.0,1,0
GREAVESCOT,MBAG_V3D_60D_CONVEX_RUNNER_T5R,2026-07-02,HOLDOUT,BULL,229.15162658691406,214.53,302.26,-1.0,1,0
GREAVESCOT,MBAG_V1_CHAMP_BASE60_T3R,2026-07-10,HOLDOUT,BULL,261.4568176269531,233.42,345.57,-1.0,1,0
GREAVESCOT,MBAG_V2A_CONVEX_CAT_90D_T4R,2026-07-10,HOLDOUT,BULL,261.4568176269531,239.03,351.16,-1.0,1,0
GREAVESCOT,MBAG_V2B_EXPANSION_120D_T5R,2026-07-10,HOLDOUT,BULL,261.4568176269531,241.27,362.39,-1.0,1,0
GREAVESCOT,MBAG_V3A_40D_MICRO_SURGE_T3_5R,2026-07-10,HOLDOUT,BULL,261.4568176269531,241.27,332.11,-1.0,1,0
GREAVESCOT,MBAG_V3B_60D_VOLUME_ANOMALY_T4R,2026-07-10,HOLDOUT,BULL,261.4568176269531,241.27,342.2,-1.0,1,0
GREAVESCOT,MBAG_V3C_90D_MULTI_REGIME_T4R,2026-07-10,HOLDOUT,BULL,261.4568176269531,239.03,351.16,-1.0,1,0
GREAVESCOT,MBAG_V3D_60D_CONVEX_RUNNER_T5R,2026-07-10,HOLDOUT,BULL,261.4568176269531,243.51,351.19,-1.0,1,0
GRINDWELL,MBAG_V1_CHAMP_BASE60_T3R,2026-02-04,VAL,BULL,1655.684326171875,1538.19,2008.17,-0.84,0,0
GRINDWELL,MBAG_V3A_40D_MICRO_SURGE_T3_5R,2026-02-04,VAL,BULL,1655.684326171875,1571.09,1951.76,-1.0,1,0
GRINDWELL,MBAG_V3B_60D_VOLUME_ANOMALY_T4R,2026-02-04,VAL,BULL,1655.684326171875,1571.09,1994.06,-1.0,1,0
GRINDWELL,MBAG_V3D_60D_CONVEX_RUNNER_T5R,2026-02-04,VAL,BULL,1655.684326171875,1580.49,2031.66,-1.0,1,0
GRINDWELL,MBAG_V1_CHAMP_BASE60_T3R,2026-02-10,VAL,BULL,1682.2322998046875,1552.71,2070.8,-1.0,1,0
GRINDWELL,MBAG_V3D_60D_CONVEX_RUNNER_T5R,2026-02-10,VAL,BULL,1682.2322998046875,1599.34,2096.69,-1.0,1,0
GRINDWELL,MBAG_V1_CHAMP_BASE60_T3R,2026-05-11,VAL,BULL,1781.5892333984375,1629.96,2236.48,1.03,0,0
GRINDWELL,MBAG_V2A_CONVEX_CAT_90D_T4R,2026-05-11,VAL,BULL,1781.5892333984375,1660.28,2266.83,2.55,0,0
GRINDWELL,MBAG_V2B_EXPANSION_120D_T5R,2026-05-11,VAL,BULL,1781.5892333984375,1672.41,2327.49,2.58,0,0
GRINDWELL,MBAG_V3A_40D_MICRO_SURGE_T3_5R,2026-05-11,VAL,BULL,1781.5892333984375,1672.41,2163.72,2.04,0,0
GRINDWELL,MBAG_V3B_60D_VOLUME_ANOMALY_T4R,2026-05-11,VAL,BULL,1781.5892333984375,1672.41,2218.31,2.83,0,0
GRINDWELL,MBAG_V3C_90D_MULTI_REGIME_T4R,2026-05-11,VAL,BULL,1781.5892333984375,1660.28,2266.83,2.55,0,0
GRINDWELL,MBAG_V3D_60D_CONVEX_RUNNER_T5R,2026-05-11,VAL,BULL,1781.5892333984375,1684.54,2266.84,5.0,0,1
GRINDWELL,MBAG_V1_CHAMP_BASE60_T3R,2026-06-25,HOLDOUT,BULL,2207.05078125,2021.33,2764.21,-1.0,1,0
GRINDWELL,MBAG_V2A_CONVEX_CAT_90D_T4R,2026-06-25,HOLDOUT,BULL,2207.05078125,2058.48,2801.33,-1.0,1,0
GRINDWELL,MBAG_V3A_40D_MICRO_SURGE_T3_5R,2026-06-25,HOLDOUT,BULL,2207.05078125,2073.33,2675.07,-1.0,1,0
GRINDWELL,MBAG_V3C_90D_MULTI_REGIME_T4R,2026-06-25,HOLDOUT,BULL,2207.05078125,2058.48,2801.33,-1.0,1,0
GRINDWELL,MBAG_V3D_60D_CONVEX_RUNNER_T5R,2026-06-25,HOLDOUT,BULL,2207.05078125,2088.19,2801.35,-1.0,1,0
GRWRHITECH,MBAG_V1_CHAMP_BASE60_T3R,2026-04-08,VAL,BULL,2147.448115575501,2103.48,2279.35,-1.0,1,0
GRWRHITECH,MBAG_V1_CHAMP_BASE60_T3R,2026-05-08,VAL,BULL,2221.406661997127,2175.03,2360.54,-1.0,1,0
GSFC,MBAG_V1_CHAMP_BASE60_T3R,2025-08-15,DEV,BULL,792.9894476683742,777.07,840.75,1.41,0,0
GSFC,MBAG_V1_CHAMP_BASE60_T3R,2025-08-18,DEV,BULL,797.2130749002553,781.25,845.1,0.88,0,0
GUJENERGY,MBAG_V3A_40D_MICRO_SURGE_T3_5R,2026-01-02,VAL,BULL,436.29998779296875,416.92,504.13,-1.0,1,0
GVT&D,MBAG_V1_CHAMP_BASE60_T3R,2026-02-03,VAL,BULL,3456.39990234375,3129.47,4437.19,0.69,0,0
GVT&D,MBAG_V1_CHAMP_BASE60_T3R,2026-04-23,VAL,BULL,4496.39990234375,4088.06,5721.42,0.73,0,0
GVT&D,MBAG_V2A_CONVEX_CAT_90D_T4R,2026-04-23,VAL,BULL,4496.39990234375,4169.73,5803.08,1.81,0,0
GVT&D,MBAG_V2B_EXPANSION_120D_T5R,2026-04-23,VAL,BULL,4496.39990234375,4202.4,5966.4,2.56,0,0
GVT&D,MBAG_V3A_40D_MICRO_SURGE_T3_5R,2026-04-23,VAL,BULL,4496.39990234375,4202.4,5525.4,2.05,0,0
GVT&D,MBAG_V3B_60D_VOLUME_ANOMALY_T4R,2026-04-23,VAL,BULL,4496.39990234375,4202.4,5672.4,2.01,0,0
GVT&D,MBAG_V3C_90D_MULTI_REGIME_T4R,2026-04-23,VAL,BULL,4496.39990234375,4169.73,5803.08,1.81,0,0
GVT&D,MBAG_V3D_60D_CONVEX_RUNNER_T5R,2026-04-23,VAL,BULL,4496.39990234375,4235.06,5803.1,-1.0,1,0
GVT&D,MBAG_V1_CHAMP_BASE60_T3R,2026-05-27,VAL,BULL,5097.7001953125,4531.5,6796.3,-0.08,0,0
HAL,MBAG_V3A_40D_MICRO_SURGE_T3_5R,2026-05-04,VAL,BULL,4559.5,4398.46,5123.14,-1.0,1,0
HAL,MBAG_V1_CHAMP_BASE60_T3R,2026-05-07,VAL,BULL,4782.10009765625,4537.49,5515.93,-1.0,1,0
HAPPYFORGE,MBAG_V1_CHAMP_BASE60_T3R,2025-10-21,DEV,BULL,1011.6570434570312,943.46,1216.25,0.39,0,0
HAPPYFORGE,MBAG_V3A_40D_MICRO_SURGE_T3_5R,2025-10-21,DEV,BULL,1011.6570434570312,962.56,1183.5,0.51,0,0
HAPPYFORGE,MBAG_V3B_60D_VOLUME_ANOMALY_T4R,2025-10-21,DEV,BULL,1011.6570434570312,962.56,1208.05,0.58,0,0
HAPPYFORGE,MBAG_V3D_60D_CONVEX_RUNNER_T5R,2025-10-21,DEV,BULL,1011.6570434570312,968.01,1229.89,1.31,0,0
HAPPYFORGE,MBAG_V1_CHAMP_BASE60_T3R,2025-12-23,DEV,BULL,1095.147216796875,1015.17,1335.08,-1.0,1,0
HAPPYFORGE,MBAG_V2A_CONVEX_CAT_90D_T4R,2025-12-23,DEV,BULL,1095.147216796875,1031.17,1351.06,-1.0,1,0
HAPPYFORGE,MBAG_V3A_40D_MICRO_SURGE_T3_5R,2025-12-23,DEV,BULL,1095.147216796875,1037.56,1296.7,-1.0,1,0
HAPPYFORGE,MBAG_V3C_90D_MULTI_REGIME_T4R,2025-12-23,DEV,BULL,1095.147216796875,1031.17,1351.06,-1.0,1,0
HAPPYFORGE,MBAG_V3D_60D_CONVEX_RUNNER_T5R,2025-12-23,DEV,BULL,1095.147216796875,1043.96,1351.08,-1.0,1,0
HAPPYFORGE,MBAG_V1_CHAMP_BASE60_T3R,2025-12-30,DEV,BULL,1120.283935546875,1038.9,1364.44,-1.0,1,0
HAPPYFORGE,MBAG_V1_CHAMP_BASE60_T3R,2025-12-31,DEV,BULL,1146.21875,1062.06,1398.7,-1.0,1,0
HAPPYFORGE,MBAG_V2A_CONVEX_CAT_90D_T4R,2025-12-31,DEV,BULL,1146.21875,1078.89,1415.53,-1.0,1,0
HAPPYFORGE,MBAG_V3A_40D_MICRO_SURGE_T3_5R,2025-12-31,DEV,BULL,1146.21875,1085.62,1358.31,-1.0,1,0
HAPPYFORGE,MBAG_V3C_90D_MULTI_REGIME_T4R,2025-12-31,DEV,BULL,1146.21875,1078.89,1415.53,-1.0,1,0
HAPPYFORGE,MBAG_V3D_60D_CONVEX_RUNNER_T5R,2025-12-31,DEV,BULL,1146.21875,1092.35,1415.56,-1.0,1,0
HAPPYFORGE,MBAG_V1_CHAMP_BASE60_T3R,2026-02-12,VAL,BULL,1283.3740234375,1163.57,1642.79,-0.58,0,0
HAPPYFORGE,MBAG_V2A_CONVEX_CAT_90D_T4R,2026-02-12,VAL,BULL,1283.3740234375,1187.53,1666.75,-1.0,1,0
HAPPYFORGE,MBAG_V2B_EXPANSION_120D_T5R,2026-02-12,VAL,BULL,1283.3740234375,1197.11,1714.69,-1.0,1,0
HAPPYFORGE,MBAG_V3A_40D_MICRO_SURGE_T3_5R,2026-02-12,VAL,BULL,1283.3740234375,1197.11,1585.3,-1.0,1,0
HAPPYFORGE,MBAG_V3B_60D_VOLUME_ANOMALY_T4R,2026-02-12,VAL,BULL,1283.3740234375,1197.11,1628.43,-1.0,1,0
HAPPYFORGE,MBAG_V3C_90D_MULTI_REGIME_T4R,2026-02-12,VAL,BULL,1283.3740234375,1187.53,1666.75,-1.0,1,0
HAPPYFORGE,MBAG_V3D_60D_CONVEX_RUNNER_T5R,2026-02-12,VAL,BULL,1283.3740234375,1206.7,1666.74,-1.0,1,0
HAPPYFORGE,MBAG_V1_CHAMP_BASE60_T3R,2026-02-13,VAL,BULL,1296.5408935546875,1169.65,1677.21,-0.28,0,0
HAPPYFORGE,MBAG_V2A_CONVEX_CAT_90D_T4R,2026-02-13,VAL,BULL,1296.5408935546875,1195.02,1702.62,-1.0,1,0
HAPPYFORGE,MBAG_V2B_EXPANSION_120D_T5R,2026-02-13,VAL,BULL,1296.5408935546875,1205.18,1753.35,-1.0,1,0
HAPPYFORGE,MBAG_V3A_40D_MICRO_SURGE_T3_5R,2026-02-13,VAL,BULL,1296.5408935546875,1205.18,1616.3,-1.0,1,0
HAPPYFORGE,MBAG_V3B_60D_VOLUME_ANOMALY_T4R,2026-02-13,VAL,BULL,1296.5408935546875,1205.18,1661.98,-1.0,1,0
HAPPYFORGE,MBAG_V3C_90D_MULTI_REGIME_T4R,2026-02-13,VAL,BULL,1296.5408935546875,1195.02,1702.62,-1.0,1,0
HAPPYFORGE,MBAG_V3D_60D_CONVEX_RUNNER_T5R,2026-02-13,VAL,BULL,1296.5408935546875,1215.33,1702.6,-1.0,1,0
HAPPYFORGE,MBAG_V1_CHAMP_BASE60_T3R,2026-02-20,VAL,BULL,1344.121337890625,1207.71,1753.36,-1.0,1,0
HAPPYFORGE,MBAG_V2A_CONVEX_CAT_90D_T4R,2026-02-20,VAL,BULL,1344.121337890625,1235.0,1780.61,-1.0,1,0
HAPPYFORGE,MBAG_V3C_90D_MULTI_REGIME_T4R,2026-02-20,VAL,BULL,1344.121337890625,1235.0,1780.61,-1.0,1,0
HAPPYFORGE,MBAG_V3D_60D_CONVEX_RUNNER_T5R,2026-02-20,VAL,BULL,1344.121337890625,1256.82,1780.63,-1.0,1,0
HAPPYFORGE,MBAG_V1_CHAMP_BASE60_T3R,2026-05-07,VAL,BULL,1408.6590576171875,1282.89,1785.97,-0.2,0,0
HAPPYFORGE,MBAG_V2A_CONVEX_CAT_90D_T4R,2026-05-07,VAL,BULL,1408.6590576171875,1308.04,1811.14,0.41,0,0
HAPPYFORGE,MBAG_V2B_EXPANSION_120D_T5R,2026-05-07,VAL,BULL,1408.6590576171875,1318.1,1861.45,1.43,0,0
HAPPYFORGE,MBAG_V3A_40D_MICRO_SURGE_T3_5R,2026-05-07,VAL,BULL,1408.6590576171875,1318.1,1725.62,-0.7,0,0
HAPPYFORGE,MBAG_V3B_60D_VOLUME_ANOMALY_T4R,2026-05-07,VAL,BULL,1408.6590576171875,1318.1,1770.9,0.46,0,0
HAPPYFORGE,MBAG_V3C_90D_MULTI_REGIME_T4R,2026-05-07,VAL,BULL,1408.6590576171875,1308.04,1811.14,0.41,0,0
HAPPYFORGE,MBAG_V3D_60D_CONVEX_RUNNER_T5R,2026-05-07,VAL,BULL,1408.6590576171875,1328.16,1811.15,-1.0,1,0
HAPPYFORGE,MBAG_V1_CHAMP_BASE60_T3R,2026-06-22,HOLDOUT,BULL,1550.901611328125,1420.96,1940.73,0.44,0,0
HAPPYFORGE,MBAG_V2A_CONVEX_CAT_90D_T4R,2026-06-22,HOLDOUT,BULL,1550.901611328125,1446.95,1966.71,1.43,0,0
HAPPYFORGE,MBAG_V2B_EXPANSION_120D_T5R,2026-06-22,HOLDOUT,BULL,1550.901611328125,1457.34,2018.71,5.0,0,1
HAPPYFORGE,MBAG_V3A_40D_MICRO_SURGE_T3_5R,2026-06-22,HOLDOUT,BULL,1550.901611328125,1457.34,1878.37,1.07,0,0
HAPPYFORGE,MBAG_V3B_60D_VOLUME_ANOMALY_T4R,2026-06-22,HOLDOUT,BULL,1550.901611328125,1457.34,1925.15,1.59,0,0
HAPPYFORGE,MBAG_V3C_90D_MULTI_REGIME_T4R,2026-06-22,HOLDOUT,BULL,1550.901611328125,1446.95,1966.71,1.43,0,0
HAPPYFORGE,MBAG_V3D_60D_CONVEX_RUNNER_T5R,2026-06-22,HOLDOUT,BULL,1550.901611328125,1467.74,1966.71,-1.0,1,0
HAVELLS,MBAG_V3A_40D_MICRO_SURGE_T3_5R,2026-01-06,VAL,NEUTRAL,1489.6953125,1446.69,1640.21,-1.0,1,0
HBLENGINE,MBAG_V1_CHAMP_BASE60_T3R,2025-10-27,DEV,BULL,989.8953247070312,905.82,1242.12,-1.0,1,0
HBLENGINE,MBAG_V3A_40D_MICRO_SURGE_T3_5R,2025-10-27,DEV,BULL,989.8953247070312,929.36,1201.77,-1.0,1,0
HBLENGINE,MBAG_V3B_60D_VOLUME_ANOMALY_T4R,2025-10-27,DEV,BULL,989.8953247070312,929.36,1232.04,-1.0,1,0
HBLENGINE,MBAG_V3D_60D_CONVEX_RUNNER_T5R,2025-10-27,DEV,BULL,989.8953247070312,936.09,1258.92,-1.0,1,0
HBLENGINE,MBAG_V1_CHAMP_BASE60_T3R,2025-11-10,DEV,BULL,1095.9715576171875,1012.4,1346.69,-1.0,1,0
HBLENGINE,MBAG_V3A_40D_MICRO_SURGE_T3_5R,2025-11-10,DEV,BULL,1095.9715576171875,1035.8,1306.57,-1.0,1,0
HBLENGINE,MBAG_V3B_60D_VOLUME_ANOMALY_T4R,2025-11-10,DEV,BULL,1095.9715576171875,1035.8,1336.66,-1.0,1,0
HBLENGINE,MBAG_V3D_60D_CONVEX_RUNNER_T5R,2025-11-10,DEV,BULL,1095.9715576171875,1042.49,1363.38,-1.0,1,0
HBLENGINE,MBAG_V1_CHAMP_BASE60_T3R,2026-04-22,VAL,NEUTRAL,816.4000244140625,744.16,1033.12,-1.0,1,0
HBLENGINE,MBAG_V3A_40D_MICRO_SURGE_T3_5R,2026-04-22,VAL,NEUTRAL,816.4000244140625,764.39,998.44,-1.0,1,0
HBLENGINE,MBAG_V3D_60D_CONVEX_RUNNER_T5R,2026-04-22,VAL,NEUTRAL,816.4000244140625,770.17,1047.55,-1.0,1,0
HBLENGINE,MBAG_V1_CHAMP_BASE60_T3R,2026-05-06,VAL,BULL,854.6500244140625,790.86,1046.02,-1.0,1,0
HBLENGINE,MBAG_V3A_40D_MICRO_SURGE_T3_5R,2026-05-06,VAL,BULL,854.6500244140625,808.72,1015.41,-1.0,1,0
HBLENGINE,MBAG_V3B_60D_VOLUME_ANOMALY_T4R,2026-05-06,VAL,BULL,854.6500244140625,808.72,1038.37,-1.0,1,0
HBLENGINE,MBAG_V3D_60D_CONVEX_RUNNER_T5R,2026-05-06,VAL,BULL,854.6500244140625,813.83,1058.75,-1.0,1,0
HCLTECH,MBAG_V1_CHAMP_BASE60_T3R,2025-10-23,DEV,BULL,1469.5164794921875,1402.47,1670.66,1.21,0,0
HCLTECH,MBAG_V1_CHAMP_BASE60_T3R,2025-11-19,DEV,BULL,1603.2666015625,1537.16,1801.59,-1.0,1,0
HCLTECH,MBAG_V3A_40D_MICRO_SURGE_T3_5R,2025-11-19,DEV,BULL,1603.2666015625,1555.67,1769.85,-1.0,1,0
HCLTECH,MBAG_V3B_60D_VOLUME_ANOMALY_T4R,2025-11-19,DEV,BULL,1603.2666015625,1555.67,1793.65,-1.0,1,0
HCLTECH,MBAG_V3D_60D_CONVEX_RUNNER_T5R,2025-11-19,DEV,BULL,1603.2666015625,1560.96,1814.8,-1.0,1,0
HDBFS,MBAG_V1_CHAMP_BASE60_T3R,2025-08-19,DEV,BULL,1914.8974308960676,1873.08,2040.35,-1.0,1,0
HDBFS,MBAG_V1_CHAMP_BASE60_T3R,2025-09-24,DEV,BULL,2070.925177604221,2028.42,2198.44,-1.0,1,0
HDBFS,MBAG_V1_CHAMP_BASE60_T3R,2025-12-10,DEV,BULL,2414.300040763074,2359.86,2577.62,-1.0,1,0
HDBFS,MBAG_V1_CHAMP_BASE60_T3R,2026-03-27,VAL,BULL,2593.804529984939,2538.45,2759.87,3.0,0,1
HDFCBANK,MBAG_V1_CHAMP_BASE60_T3R,2026-07-06,HOLDOUT,BEAR,829.8499755859375,797.97,925.49,-1.0,1,0
HEG,MBAG_V1_CHAMP_BASE60_T3R,2025-12-31,DEV,BULL,620.34375,564.02,789.32,-1.0,1,0
HEG,MBAG_V2A_CONVEX_CAT_90D_T4R,2025-12-31,DEV,BULL,620.34375,575.28,800.6,-1.0,1,0
HEG,MBAG_V3A_40D_MICRO_SURGE_T3_5R,2025-12-31,DEV,BULL,620.34375,579.79,762.28,-1.0,1,0
HEG,MBAG_V3B_60D_VOLUME_ANOMALY_T4R,2025-12-31,DEV,BULL,620.34375,579.79,782.56,-1.0,1,0
HEG,MBAG_V3C_90D_MULTI_REGIME_T4R,2025-12-31,DEV,BULL,620.34375,575.28,800.6,-1.0,1,0
HEG,MBAG_V3D_60D_CONVEX_RUNNER_T5R,2025-12-31,DEV,BULL,620.34375,584.3,800.56,-1.0,1,0
HEG,MBAG_V1_CHAMP_BASE60_T3R,2026-04-16,VAL,BULL,623.326904296875,555.45,826.96,-0.13,0,0
HEMIPROP,MBAG_V1_CHAMP_BASE60_T3R,2025-09-24,DEV,BULL,2252.788710591385,2204.41,2397.92,-1.0,1,0
HEMIPROP,MBAG_V1_CHAMP_BASE60_T3R,2026-01-28,VAL,BULL,2713.102105258532,2658.78,2876.07,-1.0,1,0
HEMIPROP,MBAG_V1_CHAMP_BASE60_T3R,2026-02-12,VAL,BULL,2753.639811302044,2697.71,2921.43,3.0,0,1
HERITGFOOD,MBAG_V1_CHAMP_BASE60_T3R,2026-03-30,VAL,BULL,1849.5803018275499,1810.3,1967.42,-1.0,1,0
HERITGFOOD,MBAG_V1_CHAMP_BASE60_T3R,2026-06-16,HOLDOUT,BULL,2154.9413591510142,2106.83,2299.28,-1.0,1,0
HEROMOTOCO,MBAG_V1_CHAMP_BASE60_T3R,2025-11-17,DEV,BULL,5687.6396484375,5377.87,6616.95,0.51,0,0
HEROMOTOCO,MBAG_V3A_40D_MICRO_SURGE_T3_5R,2025-11-17,DEV,BULL,5687.6396484375,5464.61,6468.24,-1.0,1,0
HEROMOTOCO,MBAG_V3B_60D_VOLUME_ANOMALY_T4R,2025-11-17,DEV,BULL,5687.6396484375,5464.61,6579.76,-1.0,1,0
HEROMOTOCO,MBAG_V3D_60D_CONVEX_RUNNER_T5R,2025-11-17,DEV,BULL,5687.6396484375,5489.39,6678.89,-1.0,1,0
HEROMOTOCO,MBAG_V1_CHAMP_BASE60_T3R,2025-11-20,DEV,BULL,5884.796875,5575.29,6813.32,-1.0,1,0
HEXT,MBAG_V3A_40D_MICRO_SURGE_T3_5R,2025-12-04,DEV,BULL,773.9248657226562,730.14,927.17,-1.0,1,0
HEXT,MBAG_V3A_40D_MICRO_SURGE_T3_5R,2026-05-19,VAL,BEAR,510.54998779296875,480.5,615.72,-1.0,1,0
HEXT,MBAG_V1_CHAMP_BASE60_T3R,2026-06-02,HOLDOUT,BEAR,549.6500244140625,503.36,688.52,-1.0,1,0
HEXT,MBAG_V3A_40D_MICRO_SURGE_T3_5R,2026-06-02,HOLDOUT,BEAR,549.6500244140625,516.32,666.31,-1.0,1,0
HEXT,MBAG_V3D_60D_CONVEX_RUNNER_T5R,2026-06-02,HOLDOUT,BEAR,549.6500244140625,520.03,697.75,-1.0,1,0
HFCL,MBAG_V1_CHAMP_BASE60_T3R,2025-10-15,DEV,BULL,1007.0927907887497,984.36,1075.29,-1.0,1,0
HINDALCO,MBAG_V1_CHAMP_BASE60_T3R,2025-10-24,DEV,BULL,820.17138671875,785.0,925.69,-1.0,1,0
HINDALCO,MBAG_V3A_40D_MICRO_SURGE_T3_5R,2025-10-24,DEV,BULL,820.17138671875,794.85,908.8,-1.0,1,0
HINDALCO,MBAG_V3B_60D_VOLUME_ANOMALY_T4R,2025-10-24,DEV,BULL,820.17138671875,794.85,921.46,-1.0,1,0
HINDALCO,MBAG_V3D_60D_CONVEX_RUNNER_T5R,2025-10-24,DEV,BULL,820.17138671875,797.66,932.73,-1.0,1,0
HINDALCO,MBAG_V1_CHAMP_BASE60_T3R,2026-01-06,VAL,BULL,937.3600463867188,891.94,1073.62,-1.0,1,0
HINDALCO,MBAG_V3C_90D_MULTI_REGIME_T4R,2026-01-06,VAL,BULL,937.3600463867188,901.02,1082.72,-1.0,1,0
HINDALCO,MBAG_V1_CHAMP_BASE60_T3R,2026-01-28,VAL,BULL,993.0197143554688,936.05,1163.93,-1.0,1,0
HINDALCO,MBAG_V2A_CONVEX_CAT_90D_T4R,2026-01-28,VAL,BULL,993.0197143554688,947.44,1175.34,-1.0,1,0
HINDALCO,MBAG_V3C_90D_MULTI_REGIME_T4R,2026-01-28,VAL,BULL,993.0197143554688,947.44,1175.34,-1.0,1,0
HINDALCO,MBAG_V3D_60D_CONVEX_RUNNER_T5R,2026-01-28,VAL,BULL,993.0197143554688,956.56,1175.32,-1.0,1,0
HINDALCO,MBAG_V1_CHAMP_BASE60_T3R,2026-01-29,VAL,BULL,1018.735595703125,964.31,1182.01,-1.0,1,0
HINDALCO,MBAG_V2A_CONVEX_CAT_90D_T4R,2026-01-29,VAL,BULL,1018.735595703125,975.2,1192.88,-1.0,1,0
HINDALCO,MBAG_V3A_40D_MICRO_SURGE_T3_5R,2026-01-29,VAL,BULL,1018.735595703125,979.55,1155.89,-1.0,1,0
HINDALCO,MBAG_V3C_90D_MULTI_REGIME_T4R,2026-01-29,VAL,BULL,1018.735595703125,975.2,1192.88,-1.0,1,0
HINDALCO,MBAG_V3D_60D_CONVEX_RUNNER_T5R,2026-01-29,VAL,BULL,1018.735595703125,983.91,1192.86,-1.0,1,0
HINDALCO,MBAG_V1_CHAMP_BASE60_T3R,2026-05-27,VAL,BULL,1143.7333984375,1072.48,1357.49,-1.0,1,0
HINDCOPPER,MBAG_V1_CHAMP_BASE60_T3R,2025-12-04,DEV,BULL,365.1645202636719,338.31,445.73,3.0,0,1
HINDCOPPER,MBAG_V2A_CONVEX_CAT_90D_T4R,2025-12-04,DEV,BULL,365.1645202636719,343.68,451.1,4.0,0,1
HINDCOPPER,MBAG_V3A_40D_MICRO_SURGE_T3_5R,2025-12-04,DEV,BULL,365.1645202636719,345.83,432.84,3.5,0,1
HINDCOPPER,MBAG_V3B_60D_VOLUME_ANOMALY_T4R,2025-12-04,DEV,BULL,365.1645202636719,345.83,442.5,4.0,0,1
HINDCOPPER,MBAG_V3C_90D_MULTI_REGIME_T4R,2025-12-04,DEV,BULL,365.1645202636719,343.68,451.1,4.0,0,1
HINDCOPPER,MBAG_V3D_60D_CONVEX_RUNNER_T5R,2025-12-04,DEV,BULL,365.1645202636719,347.97,451.14,5.0,0,1
HINDCOPPER,MBAG_V1_CHAMP_BASE60_T3R,2025-12-05,DEV,BULL,371.2547607421875,342.77,456.71,3.0,0,1
HINDCOPPER,MBAG_V2A_CONVEX_CAT_90D_T4R,2025-12-05,DEV,BULL,371.2547607421875,348.47,462.39,4.0,0,1
HINDCOPPER,MBAG_V3A_40D_MICRO_SURGE_T3_5R,2025-12-05,DEV,BULL,371.2547607421875,350.75,443.02,-1.0,1,0
HINDCOPPER,MBAG_V3B_60D_VOLUME_ANOMALY_T4R,2025-12-05,DEV,BULL,371.2547607421875,350.75,453.27,-1.0,1,0
HINDCOPPER,MBAG_V3C_90D_MULTI_REGIME_T4R,2025-12-05,DEV,BULL,371.2547607421875,348.47,462.39,4.0,0,1
HINDCOPPER,MBAG_V3D_60D_CONVEX_RUNNER_T5R,2025-12-05,DEV,BULL,371.2547607421875,353.03,462.38,-1.0,1,0
HINDCOPPER,MBAG_V1_CHAMP_BASE60_T3R,2025-12-12,DEV,BULL,381.6880187988281,347.08,485.51,3.0,0,1
HINDCOPPER,MBAG_V2A_CONVEX_CAT_90D_T4R,2025-12-12,DEV,BULL,381.6880187988281,354.0,492.44,4.0,0,1
HINDCOPPER,MBAG_V3A_40D_MICRO_SURGE_T3_5R,2025-12-12,DEV,BULL,381.6880187988281,356.77,468.9,3.5,0,1
HINDCOPPER,MBAG_V3B_60D_VOLUME_ANOMALY_T4R,2025-12-12,DEV,BULL,381.6880187988281,356.77,481.36,4.0,0,1
HINDCOPPER,MBAG_V3C_90D_MULTI_REGIME_T4R,2025-12-12,DEV,BULL,381.6880187988281,354.0,492.44,4.0,0,1
HINDCOPPER,MBAG_V3D_60D_CONVEX_RUNNER_T5R,2025-12-12,DEV,BULL,381.6880187988281,359.54,492.43,5.0,0,1
HINDCOPPER,MBAG_V1_CHAMP_BASE60_T3R,2025-12-22,DEV,BULL,402.7542419433594,362.9,522.32,3.0,0,1
HINDCOPPER,MBAG_V1_CHAMP_BASE60_T3R,2025-12-24,DEV,BULL,435.8511962890625,395.21,557.77,3.0,0,1
HINDCOPPER,MBAG_V2A_CONVEX_CAT_90D_T4R,2025-12-24,DEV,BULL,435.8511962890625,403.34,565.9,4.0,0,1
HINDCOPPER,MBAG_V3A_40D_MICRO_SURGE_T3_5R,2025-12-24,DEV,BULL,435.8511962890625,406.59,538.27,3.5,0,1
HINDCOPPER,MBAG_V3C_90D_MULTI_REGIME_T4R,2025-12-24,DEV,BULL,435.8511962890625,403.34,565.9,4.0,0,1
HINDCOPPER,MBAG_V3D_60D_CONVEX_RUNNER_T5R,2025-12-24,DEV,BULL,435.8511962890625,409.84,565.91,5.0,0,1
HINDCOPPER,MBAG_V1_CHAMP_BASE60_T3R,2025-12-26,DEV,BULL,474.83868408203125,430.65,607.4,1.36,0,0
HINDCOPPER,MBAG_V2A_CONVEX_CAT_90D_T4R,2025-12-26,DEV,BULL,474.83868408203125,439.49,616.23,4.0,0,1
HINDCOPPER,MBAG_V3A_40D_MICRO_SURGE_T3_5R,2025-12-26,DEV,BULL,474.83868408203125,443.02,586.2,3.5,0,1
HINDCOPPER,MBAG_V3B_60D_VOLUME_ANOMALY_T4R,2025-12-26,DEV,BULL,474.83868408203125,443.02,602.11,4.0,0,1
HINDCOPPER,MBAG_V3C_90D_MULTI_REGIME_T4R,2025-12-26,DEV,BULL,474.83868408203125,439.49,616.23,4.0,0,1
HINDCOPPER,MBAG_V3D_60D_CONVEX_RUNNER_T5R,2025-12-26,DEV,BULL,474.83868408203125,446.56,616.23,5.0,0,1
HINDCOPPER,MBAG_V1_CHAMP_BASE60_T3R,2026-01-28,VAL,BULL,632.3861083984375,564.0,837.54,-1.0,1,0
HINDCOPPER,MBAG_V2A_CONVEX_CAT_90D_T4R,2026-01-28,VAL,BULL,632.3861083984375,577.68,851.21,-1.0,1,0
HINDCOPPER,MBAG_V2B_EXPANSION_120D_T5R,2026-01-28,VAL,BULL,632.3861083984375,583.15,878.57,-1.0,1,0
HINDCOPPER,MBAG_V3A_40D_MICRO_SURGE_T3_5R,2026-01-28,VAL,BULL,632.3861083984375,583.15,804.71,-1.0,1,0
HINDCOPPER,MBAG_V3B_60D_VOLUME_ANOMALY_T4R,2026-01-28,VAL,BULL,632.3861083984375,583.15,829.33,-1.0,1,0
HINDCOPPER,MBAG_V3C_90D_MULTI_REGIME_T4R,2026-01-28,VAL,BULL,632.3861083984375,577.68,851.21,-1.0,1,0
HINDCOPPER,MBAG_V3D_60D_CONVEX_RUNNER_T5R,2026-01-28,VAL,BULL,632.3861083984375,588.62,851.22,-1.0,1,0
HINDCOPPER,MBAG_V1_CHAMP_BASE60_T3R,2026-01-29,VAL,BULL,758.8333740234375,677.49,1002.86,-1.0,1,0
HINDCOPPER,MBAG_V2A_CONVEX_CAT_90D_T4R,2026-01-29,VAL,BULL,758.8333740234375,693.76,1019.13,-1.0,1,0
HINDCOPPER,MBAG_V2B_EXPANSION_120D_T5R,2026-01-29,VAL,BULL,758.8333740234375,700.27,1051.65,-1.0,1,0
HINDCOPPER,MBAG_V3A_40D_MICRO_SURGE_T3_5R,2026-01-29,VAL,BULL,758.8333740234375,700.27,963.81,-1.0,1,0
HINDCOPPER,MBAG_V3B_60D_VOLUME_ANOMALY_T4R,2026-01-29,VAL,BULL,758.8333740234375,700.27,993.09,-1.0,1,0
HINDCOPPER,MBAG_V3C_90D_MULTI_REGIME_T4R,2026-01-29,VAL,BULL,758.8333740234375,693.76,1019.13,-1.0,1,0
HINDCOPPER,MBAG_V3D_60D_CONVEX_RUNNER_T5R,2026-01-29,VAL,BULL,758.8333740234375,706.77,1019.15,-1.0,1,0
HINDCOPPER,MBAG_V3A_40D_MICRO_SURGE_T3_5R,2026-05-13,VAL,BULL,595.2999877929688,564.81,702.01,-1.0,1,0
HINDPETRO,MBAG_V1_CHAMP_BASE60_T3R,2025-10-29,DEV,BULL,464.0150146484375,433.85,554.51,-0.02,0,0
HINDPETRO,MBAG_V1_CHAMP_BASE60_T3R,2025-12-31,DEV,BULL,499.04998779296875,472.07,579.99,-1.0,1,0
HINDPETRO,MBAG_V2A_CONVEX_CAT_90D_T4R,2025-12-31,DEV,BULL,499.04998779296875,477.46,585.41,-1.0,1,0
HINDPETRO,MBAG_V3A_40D_MICRO_SURGE_T3_5R,2025-12-31,DEV,BULL,499.04998779296875,479.62,567.05,-1.0,1,0
HINDPETRO,MBAG_V3B_60D_VOLUME_ANOMALY_T4R,2025-12-31,DEV,BULL,499.04998779296875,479.62,576.77,-1.0,1,0
HINDPETRO,MBAG_V3C_90D_MULTI_REGIME_T4R,2025-12-31,DEV,BULL,499.04998779296875,477.46,585.41,-1.0,1,0
HINDPETRO,MBAG_V3D_60D_CONVEX_RUNNER_T5R,2025-12-31,DEV,BULL,499.04998779296875,481.78,585.4,-1.0,1,0
HINDWAREAP,MBAG_V3A_40D_MICRO_SURGE_T3_5R,2026-05-07,VAL,BEAR,244.6199951171875,224.55,314.86,-1.0,1,0
HINDZINC,MBAG_V1_CHAMP_BASE60_T3R,2025-12-12,DEV,BULL,551.572265625,519.01,649.26,2.01,0,0
HINDZINC,MBAG_V2A_CONVEX_CAT_90D_T4R,2025-12-12,DEV,BULL,551.572265625,525.52,655.78,4.0,0,1
HINDZINC,MBAG_V3A_40D_MICRO_SURGE_T3_5R,2025-12-12,DEV,BULL,551.572265625,528.12,633.66,3.5,0,1
HINDZINC,MBAG_V3B_60D_VOLUME_ANOMALY_T4R,2025-12-12,DEV,BULL,551.572265625,528.12,645.38,4.0,0,1
HINDZINC,MBAG_V3C_90D_MULTI_REGIME_T4R,2025-12-12,DEV,BULL,551.572265625,525.52,655.78,4.0,0,1
HINDZINC,MBAG_V3D_60D_CONVEX_RUNNER_T5R,2025-12-12,DEV,BULL,551.572265625,530.73,655.78,5.0,0,1
HINDZINC,MBAG_V1_CHAMP_BASE60_T3R,2025-12-15,DEV,BULL,557.857421875,523.85,659.88,1.78,0,0
HINDZINC,MBAG_V2A_CONVEX_CAT_90D_T4R,2025-12-15,DEV,BULL,557.857421875,530.65,666.69,4.0,0,1
HINDZINC,MBAG_V3A_40D_MICRO_SURGE_T3_5R,2025-12-15,DEV,BULL,557.857421875,533.37,643.56,3.5,0,1
HINDZINC,MBAG_V3B_60D_VOLUME_ANOMALY_T4R,2025-12-15,DEV,BULL,557.857421875,533.37,655.81,4.0,0,1
HINDZINC,MBAG_V3C_90D_MULTI_REGIME_T4R,2025-12-15,DEV,BULL,557.857421875,530.65,666.69,4.0,0,1
HINDZINC,MBAG_V3D_60D_CONVEX_RUNNER_T5R,2025-12-15,DEV,BULL,557.857421875,536.1,666.64,5.0,0,1
HINDZINC,MBAG_V1_CHAMP_BASE60_T3R,2026-01-20,VAL,BULL,668.5352172851562,618.27,819.33,-1.0,1,0
HINDZINC,MBAG_V2A_CONVEX_CAT_90D_T4R,2026-01-20,VAL,BULL,668.5352172851562,628.33,829.36,-1.0,1,0
HINDZINC,MBAG_V2B_EXPANSION_120D_T5R,2026-01-20,VAL,BULL,668.5352172851562,632.35,849.46,-1.0,1,0
HINDZINC,MBAG_V3A_40D_MICRO_SURGE_T3_5R,2026-01-20,VAL,BULL,668.5352172851562,632.35,795.18,-1.0,1,0
HINDZINC,MBAG_V3B_60D_VOLUME_ANOMALY_T4R,2026-01-20,VAL,BULL,668.5352172851562,632.35,813.28,-1.0,1,0
HINDZINC,MBAG_V3C_90D_MULTI_REGIME_T4R,2026-01-20,VAL,BULL,668.5352172851562,628.33,829.36,-1.0,1,0
HINDZINC,MBAG_V3D_60D_CONVEX_RUNNER_T5R,2026-01-20,VAL,BULL,668.5352172851562,636.37,829.36,-1.0,1,0
HINDZINC,MBAG_V1_CHAMP_BASE60_T3R,2026-01-21,VAL,BULL,685.0338134765625,633.29,840.27,-1.0,1,0
HINDZINC,MBAG_V3C_90D_MULTI_REGIME_T4R,2026-01-21,VAL,BULL,685.0338134765625,643.64,850.61,-1.0,1,0
HINDZINC,MBAG_V3A_40D_MICRO_SURGE_T3_5R,2026-04-27,VAL,BULL,616.7317504882812,584.25,730.42,-1.0,1,0
HINDZINC,MBAG_V1_CHAMP_BASE60_T3R,2026-05-06,VAL,BULL,634.5999755859375,591.22,764.74,-0.55,0,0
HINDZINC,MBAG_V1_CHAMP_BASE60_T3R,2026-05-13,VAL,BULL,667.0999755859375,624.74,794.18,-1.0,1,0
HOMEFIRST,MBAG_V3A_40D_MICRO_SURGE_T3_5R,2026-01-27,VAL,BULL,1245.8775634765625,1168.86,1515.44,-1.0,1,0
HONASA,MBAG_V1_CHAMP_BASE60_T3R,2026-04-09,VAL,BULL,332.3500061035156,298.38,434.26,0.79,0,0
HONASA,MBAG_V2A_CONVEX_CAT_90D_T4R,2026-04-09,VAL,BULL,332.3500061035156,305.17,441.07,1.91,0,0
HONASA,MBAG_V2B_EXPANSION_120D_T5R,2026-04-09,VAL,BULL,332.3500061035156,307.89,454.65,3.42,0,0
HONASA,MBAG_V3A_40D_MICRO_SURGE_T3_5R,2026-04-09,VAL,BULL,332.3500061035156,307.89,417.96,0.89,0,0
HONASA,MBAG_V3B_60D_VOLUME_ANOMALY_T4R,2026-04-09,VAL,BULL,332.3500061035156,307.89,430.19,2.13,0,0
HONASA,MBAG_V3C_90D_MULTI_REGIME_T4R,2026-04-09,VAL,BULL,332.3500061035156,305.17,441.07,1.91,0,0
HONASA,MBAG_V3D_60D_CONVEX_RUNNER_T5R,2026-04-09,VAL,BULL,332.3500061035156,310.61,441.05,3.41,0,0
HONASA,MBAG_V1_CHAMP_BASE60_T3R,2026-06-29,HOLDOUT,BULL,446.45001220703125,408.16,561.32,0.16,0,0
HONASA,MBAG_V2A_CONVEX_CAT_90D_T4R,2026-06-29,HOLDOUT,BULL,446.45001220703125,415.82,568.97,1.0,0,0
HONASA,MBAG_V2B_EXPANSION_120D_T5R,2026-06-29,HOLDOUT,BULL,446.45001220703125,418.88,584.3,1.5,0,0
HONASA,MBAG_V3A_40D_MICRO_SURGE_T3_5R,2026-06-29,HOLDOUT,BULL,446.45001220703125,418.88,542.95,0.43,0,0
HONASA,MBAG_V3B_60D_VOLUME_ANOMALY_T4R,2026-06-29,HOLDOUT,BULL,446.45001220703125,418.88,556.73,1.11,0,0
HONASA,MBAG_V3C_90D_MULTI_REGIME_T4R,2026-06-29,HOLDOUT,BULL,446.45001220703125,415.82,568.97,1.0,0,0
HONASA,MBAG_V3D_60D_CONVEX_RUNNER_T5R,2026-06-29,HOLDOUT,BULL,446.45001220703125,421.95,568.95,1.44,0,0
HONASA,MBAG_V1_CHAMP_BASE60_T3R,2026-06-30,HOLDOUT,BULL,457.8999938964844,417.41,579.37,-0.14,0,0
HONAUT,MBAG_V1_CHAMP_BASE60_T3R,2025-10-06,DEV,BULL,924.0034876395682,903.7,984.91,3.0,0,1
HONAUT,MBAG_V1_CHAMP_BASE60_T3R,2025-10-07,DEV,BULL,930.2070644858857,909.93,991.04,3.0,0,1
HONAUT,MBAG_V1_CHAMP_BASE60_T3R,2025-10-08,DEV,BULL,946.8181001196468,926.59,1007.5,3.0,0,1
HONAUT,MBAG_V1_CHAMP_BASE60_T3R,2026-06-10,HOLDOUT,BULL,976.391965740534,956.85,1035.02,-1.0,1,0
HONAUT,MBAG_V1_CHAMP_BASE60_T3R,2026-06-12,HOLDOUT,BULL,985.645671803985,964.15,1050.13,-1.0,1,0
HSCL,MBAG_V1_CHAMP_BASE60_T3R,2026-04-21,VAL,BULL,505.86376953125,459.6,644.66,3.0,0,1
HSCL,MBAG_V3C_90D_MULTI_REGIME_T4R,2026-04-21,VAL,BULL,505.86376953125,468.85,653.92,2.74,0,0
HSCL,MBAG_V1_CHAMP_BASE60_T3R,2026-04-24,VAL,BULL,565.383056640625,515.79,714.16,0.44,0,0
HSCL,MBAG_V2A_CONVEX_CAT_90D_T4R,2026-04-24,VAL,BULL,565.383056640625,525.71,724.08,3.02,0,0
HSCL,MBAG_V2B_EXPANSION_120D_T5R,2026-04-24,VAL,BULL,565.383056640625,529.68,743.9,2.96,0,0
HSCL,MBAG_V3A_40D_MICRO_SURGE_T3_5R,2026-04-24,VAL,BULL,565.383056640625,529.68,690.34,1.15,0,0
HSCL,MBAG_V3B_60D_VOLUME_ANOMALY_T4R,2026-04-24,VAL,BULL,565.383056640625,529.68,708.2,3.35,0,0
HSCL,MBAG_V3C_90D_MULTI_REGIME_T4R,2026-04-24,VAL,BULL,565.383056640625,525.71,724.08,3.02,0,0
HSCL,MBAG_V3D_60D_CONVEX_RUNNER_T5R,2026-04-24,VAL,BULL,565.383056640625,533.64,724.1,3.63,0,0
HSCL,MBAG_V1_CHAMP_BASE60_T3R,2026-06-05,HOLDOUT,BULL,685.0499877929688,610.74,907.98,-0.06,0,0
HSCL,MBAG_V2A_CONVEX_CAT_90D_T4R,2026-06-05,HOLDOUT,BULL,685.0499877929688,625.6,922.85,0.95,0,0
HSCL,MBAG_V3A_40D_MICRO_SURGE_T3_5R,2026-06-05,HOLDOUT,BULL,685.0499877929688,631.55,872.3,-1.0,1,0
HSCL,MBAG_V3C_90D_MULTI_REGIME_T4R,2026-06-05,HOLDOUT,BULL,685.0499877929688,625.6,922.85,0.95,0,0
HSCL,MBAG_V3D_60D_CONVEX_RUNNER_T5R,2026-06-05,HOLDOUT,BULL,685.0499877929688,637.49,922.85,-1.0,1,0
HUDCO,MBAG_V1_CHAMP_BASE60_T3R,2025-11-18,DEV,BULL,239.79080200195312,220.34,298.14,-1.0,1,0
HUDCO,MBAG_V3A_40D_MICRO_SURGE_T3_5R,2025-11-18,DEV,BULL,239.79080200195312,225.79,288.79,-1.0,1,0
HUDCO,MBAG_V3B_60D_VOLUME_ANOMALY_T4R,2025-11-18,DEV,BULL,239.79080200195312,225.79,295.79,-1.0,1,0
HUDCO,MBAG_V3D_60D_CONVEX_RUNNER_T5R,2025-11-18,DEV,BULL,239.79080200195312,227.34,302.04,-1.0,1,0
HUDCO,MBAG_V1_CHAMP_BASE60_T3R,2026-04-24,VAL,NEUTRAL,211.3699951171875,194.91,260.75,-0.37,0,0
HUDCO,MBAG_V3A_40D_MICRO_SURGE_T3_5R,2026-04-24,VAL,NEUTRAL,211.3699951171875,199.52,252.84,-1.0,1,0
HUDCO,MBAG_V3B_60D_VOLUME_ANOMALY_T4R,2026-04-24,VAL,NEUTRAL,211.3699951171875,199.52,258.77,-1.0,1,0
HUDCO,MBAG_V3D_60D_CONVEX_RUNNER_T5R,2026-04-24,VAL,NEUTRAL,211.3699951171875,200.84,264.02,-1.0,1,0
ICICIPRULI,MBAG_V1_CHAMP_BASE60_T3R,2026-03-11,VAL,BULL,1306.4930849541038,1276.83,1395.48,-1.0,1,0
ICICIPRULI,MBAG_V1_CHAMP_BASE60_T3R,2026-03-16,VAL,BULL,1329.4621846993437,1300.89,1415.18,-1.0,1,0
ICICIPRULI,MBAG_V1_CHAMP_BASE60_T3R,2026-06-17,HOLDOUT,BULL,1326.0772432367733,1298.47,1408.9,-1.0,1,0
ICIL,MBAG_V3A_40D_MICRO_SURGE_T3_5R,2026-02-04,VAL,BULL,325.5993347167969,296.75,426.57,-1.0,1,0
ICIL,MBAG_V3A_40D_MICRO_SURGE_T3_5R,2026-05-04,VAL,BULL,294.233642578125,271.92,372.33,1.18,0,0
ICIL,MBAG_V3A_40D_MICRO_SURGE_T3_5R,2026-05-08,VAL,BULL,304.7917785644531,284.86,374.55,-1.0,1,0
ICIL,MBAG_V1_CHAMP_BASE60_T3R,2026-06-01,HOLDOUT,BULL,333.42828369140625,303.43,423.42,3.0,0,1
ICIL,MBAG_V3A_40D_MICRO_SURGE_T3_5R,2026-06-01,HOLDOUT,BULL,333.42828369140625,311.83,409.02,3.5,0,1
ICIL,MBAG_V3B_60D_VOLUME_ANOMALY_T4R,2026-06-01,HOLDOUT,BULL,333.42828369140625,311.83,419.82,4.0,0,1
ICIL,MBAG_V3D_60D_CONVEX_RUNNER_T5R,2026-06-01,HOLDOUT,BULL,333.42828369140625,314.23,429.42,-1.0,1,0
ICIL,MBAG_V2A_CONVEX_CAT_90D_T4R,2026-06-18,HOLDOUT,BULL,404.24755859375,362.57,570.96,-0.08,0,0
ICIL,MBAG_V2B_EXPANSION_120D_T5R,2026-06-18,HOLDOUT,BULL,404.24755859375,366.74,591.79,-0.39,0,0
ICIL,MBAG_V3A_40D_MICRO_SURGE_T3_5R,2026-06-18,HOLDOUT,BULL,404.24755859375,366.74,535.52,-0.19,0,0
ICIL,MBAG_V3B_60D_VOLUME_ANOMALY_T4R,2026-06-18,HOLDOUT,BULL,404.24755859375,366.74,554.28,-0.09,0,0
ICIL,MBAG_V3C_90D_MULTI_REGIME_T4R,2026-06-18,HOLDOUT,BULL,404.24755859375,362.57,570.96,-0.08,0,0
ICIL,MBAG_V3D_60D_CONVEX_RUNNER_T5R,2026-06-18,HOLDOUT,BULL,404.24755859375,370.91,570.94,0.47,0,0
ICIL,MBAG_V2A_CONVEX_CAT_90D_T4R,2026-06-24,HOLDOUT,BULL,432.1867980957031,390.04,600.77,-1.0,1,0
ICIL,MBAG_V2B_EXPANSION_120D_T5R,2026-06-24,HOLDOUT,BULL,432.1867980957031,394.25,621.87,-1.0,1,0
ICIL,MBAG_V3A_40D_MICRO_SURGE_T3_5R,2026-06-24,HOLDOUT,BULL,432.1867980957031,394.25,564.97,-1.0,1,0
ICIL,MBAG_V3B_60D_VOLUME_ANOMALY_T4R,2026-06-24,HOLDOUT,BULL,432.1867980957031,394.25,583.93,-1.0,1,0
ICIL,MBAG_V3C_90D_MULTI_REGIME_T4R,2026-06-24,HOLDOUT,BULL,432.1867980957031,390.04,600.77,-1.0,1,0
ICIL,MBAG_V3D_60D_CONVEX_RUNNER_T5R,2026-06-24,HOLDOUT,BULL,432.1867980957031,398.47,600.77,-1.0,1,0
IDBI,MBAG_V1_CHAMP_BASE60_T3R,2025-09-15,DEV,BULL,1543.497195100726,1509.36,1645.91,3.0,0,1
IDBI,MBAG_V1_CHAMP_BASE60_T3R,2025-09-22,DEV,BULL,1658.463481660766,1622.83,1765.36,2.31,0,0
IDBI,MBAG_V1_CHAMP_BASE60_T3R,2025-11-25,DEV,BULL,1813.1239908484727,1772.58,1934.76,0.81,0,0
IDBI,MBAG_V1_CHAMP_BASE60_T3R,2025-11-26,DEV,BULL,1837.905578034153,1797.49,1959.15,0.01,0,0
IDBI,MBAG_V1_CHAMP_BASE60_T3R,2025-11-27,DEV,BULL,1870.4380526594264,1829.18,1994.21,-1.0,1,0
IDBI,MBAG_V1_CHAMP_BASE60_T3R,2026-06-10,HOLDOUT,BULL,2288.584804627224,2235.22,2448.68,3.0,0,1
IDEA,MBAG_V1_CHAMP_BASE60_T3R,2026-06-10,HOLDOUT,BULL,961.990664099516,940.67,1025.95,3.0,0,1
IDEA,MBAG_V1_CHAMP_BASE60_T3R,2026-06-11,HOLDOUT,BULL,976.8723405885798,955.87,1039.88,3.0,0,1
IDEA,MBAG_V1_CHAMP_BASE60_T3R,2026-07-13,HOLDOUT,BULL,1060.3209614014609,1038.84,1124.76,-1.0,1,0
IDFCFIRSTB,MBAG_V1_CHAMP_BASE60_T3R,2025-12-15,DEV,BULL,83.62433624267578,79.13,97.11,-0.2,0,0
IDFCFIRSTB,MBAG_V3D_60D_CONVEX_RUNNER_T5R,2025-12-15,DEV,BULL,83.62433624267578,80.75,98.0,-1.0,1,0
IDFCFIRSTB,MBAG_V1_CHAMP_BASE60_T3R,2025-12-19,DEV,BULL,84.43196105957031,79.91,98.0,-0.34,0,0
IDFCFIRSTB,MBAG_V3A_40D_MICRO_SURGE_T3_5R,2025-12-19,DEV,BULL,84.43196105957031,81.17,95.85,-1.0,1,0
IDFCFIRSTB,MBAG_V3B_60D_VOLUME_ANOMALY_T4R,2025-12-19,DEV,BULL,84.43196105957031,81.17,97.48,-1.0,1,0
IDFCFIRSTB,MBAG_V3D_60D_CONVEX_RUNNER_T5R,2025-12-19,DEV,BULL,84.43196105957031,81.54,98.89,-1.0,1,0
IDFCFIRSTB,MBAG_V1_CHAMP_BASE60_T3R,2026-06-09,HOLDOUT,NEUTRAL,73.47415924072266,69.59,85.13,1.73,0,0
IDFCFIRSTB,MBAG_V1_CHAMP_BASE60_T3R,2026-06-12,HOLDOUT,BULL,76.27592468261719,71.75,89.85,0.95,0,0
IEX,MBAG_V1_CHAMP_BASE60_T3R,2026-01-07,VAL,BULL,150.55966186523438,139.07,185.03,-1.0,1,0
IEX,MBAG_V2A_CONVEX_CAT_90D_T4R,2026-01-07,VAL,BULL,150.55966186523438,141.37,187.32,-1.0,1,0
IEX,MBAG_V3A_40D_MICRO_SURGE_T3_5R,2026-01-07,VAL,BULL,150.55966186523438,142.29,179.5,-1.0,1,0
IEX,MBAG_V3B_60D_VOLUME_ANOMALY_T4R,2026-01-07,VAL,BULL,150.55966186523438,142.29,183.64,-1.0,1,0
IEX,MBAG_V3C_90D_MULTI_REGIME_T4R,2026-01-07,VAL,BULL,150.55966186523438,141.37,187.32,-1.0,1,0
IEX,MBAG_V3D_60D_CONVEX_RUNNER_T5R,2026-01-07,VAL,BULL,150.55966186523438,143.2,187.36,-1.0,1,0
IFCI,MBAG_V1_CHAMP_BASE60_T3R,2025-09-24,DEV,BULL,1388.3263002013916,1359.86,1473.73,-1.0,1,0
IGIL,MBAG_V1_CHAMP_BASE60_T3R,2026-04-16,VAL,BULL,368.95001220703125,339.08,458.56,-1.0,1,0
IGIL,MBAG_V2A_CONVEX_CAT_90D_T4R,2026-04-16,VAL,BULL,368.95001220703125,345.05,464.55,-1.0,1,0
IGIL,MBAG_V3A_40D_MICRO_SURGE_T3_5R,2026-04-16,VAL,BULL,368.95001220703125,347.44,444.24,-1.0,1,0
IGIL,MBAG_V3C_90D_MULTI_REGIME_T4R,2026-04-16,VAL,BULL,368.95001220703125,345.05,464.55,-1.0,1,0
IGIL,MBAG_V3D_60D_CONVEX_RUNNER_T5R,2026-04-16,VAL,BULL,368.95001220703125,349.83,464.55,-1.0,1,0
IIFL,MBAG_V1_CHAMP_BASE60_T3R,2025-10-30,DEV,BULL,537.6716918945312,499.96,650.81,0.98,0,0
IIFL,MBAG_V3A_40D_MICRO_SURGE_T3_5R,2025-10-30,DEV,BULL,537.6716918945312,510.52,632.7,1.01,0,0
IIFL,MBAG_V3B_60D_VOLUME_ANOMALY_T4R,2025-10-30,DEV,BULL,537.6716918945312,510.52,646.28,1.44,0,0
IIFL,MBAG_V3D_60D_CONVEX_RUNNER_T5R,2025-10-30,DEV,BULL,537.6716918945312,513.54,658.33,-1.0,1,0
IIFL,MBAG_V1_CHAMP_BASE60_T3R,2025-12-24,DEV,BULL,597.7273559570312,556.3,722.01,-1.0,1,0
IIFL,MBAG_V2A_CONVEX_CAT_90D_T4R,2025-12-24,DEV,BULL,597.7273559570312,564.59,730.28,-1.0,1,0
IIFL,MBAG_V3A_40D_MICRO_SURGE_T3_5R,2025-12-24,DEV,BULL,597.7273559570312,567.9,702.12,-1.0,1,0
IIFL,MBAG_V3B_60D_VOLUME_ANOMALY_T4R,2025-12-24,DEV,BULL,597.7273559570312,567.9,717.04,-1.0,1,0
IIFL,MBAG_V3C_90D_MULTI_REGIME_T4R,2025-12-24,DEV,BULL,597.7273559570312,564.59,730.28,-1.0,1,0
IIFL,MBAG_V3D_60D_CONVEX_RUNNER_T5R,2025-12-24,DEV,BULL,597.7273559570312,571.21,730.31,-1.0,1,0
IIFL,MBAG_V1_CHAMP_BASE60_T3R,2026-01-02,VAL,BULL,636.6890258789062,596.32,757.8,-1.0,1,0
IIFL,MBAG_V3C_90D_MULTI_REGIME_T4R,2026-01-02,VAL,BULL,636.6890258789062,604.39,765.89,-1.0,1,0
IIFL,MBAG_V1_CHAMP_BASE60_T3R,2026-01-06,VAL,BULL,660.2645874023438,616.82,790.6,-1.0,1,0
IIFL,MBAG_V2A_CONVEX_CAT_90D_T4R,2026-01-06,VAL,BULL,660.2645874023438,625.51,799.28,-1.0,1,0
IIFL,MBAG_V3A_40D_MICRO_SURGE_T3_5R,2026-01-06,VAL,BULL,660.2645874023438,628.98,769.76,-1.0,1,0
IIFL,MBAG_V3B_60D_VOLUME_ANOMALY_T4R,2026-01-06,VAL,BULL,660.2645874023438,628.98,785.4,-1.0,1,0
IIFL,MBAG_V3C_90D_MULTI_REGIME_T4R,2026-01-06,VAL,BULL,660.2645874023438,625.51,799.28,-1.0,1,0
IIFL,MBAG_V3D_60D_CONVEX_RUNNER_T5R,2026-01-06,VAL,BULL,660.2645874023438,632.46,799.29,-1.0,1,0
IIFL,MBAG_V1_CHAMP_BASE60_T3R,2026-06-04,HOLDOUT,BULL,530.2999877929688,487.29,659.33,-1.0,1,0
IIFLCAPS,MBAG_V1_CHAMP_BASE60_T3R,2025-10-23,DEV,BULL,355.4895324707031,324.82,447.5,-1.0,1,0
IIFLCAPS,MBAG_V1_CHAMP_BASE60_T3R,2025-10-27,DEV,BULL,379.0699462890625,345.05,481.13,-1.0,1,0
IIFLCAPS,MBAG_V3A_40D_MICRO_SURGE_T3_5R,2025-10-27,DEV,BULL,379.0699462890625,354.57,464.82,-1.0,1,0
IIFLCAPS,MBAG_V3B_60D_VOLUME_ANOMALY_T4R,2025-10-27,DEV,BULL,379.0699462890625,354.57,477.07,-1.0,1,0
IIFLCAPS,MBAG_V3D_60D_CONVEX_RUNNER_T5R,2025-10-27,DEV,BULL,379.0699462890625,357.3,487.92,-1.0,1,0
IIFLCAPS,MBAG_V3A_40D_MICRO_SURGE_T3_5R,2025-12-30,DEV,BULL,346.9689025878906,324.19,426.7,-1.0,1,0
IIFLCAPS,MBAG_V3A_40D_MICRO_SURGE_T3_5R,2025-12-31,DEV,BULL,359.8984680175781,334.31,449.46,-1.0,1,0
IIFLCAPS,MBAG_V1_CHAMP_BASE60_T3R,2026-01-05,VAL,BULL,385.3613586425781,343.88,509.81,-1.0,1,0
IIFLCAPS,MBAG_V1_CHAMP_BASE60_T3R,2026-05-07,VAL,BULL,350.45001220703125,317.64,448.88,-0.37,0,0
IIFLCAPS,MBAG_V3A_40D_MICRO_SURGE_T3_5R,2026-05-07,VAL,BULL,350.45001220703125,326.83,433.12,-0.35,0,0
IIFLCAPS,MBAG_V3B_60D_VOLUME_ANOMALY_T4R,2026-05-07,VAL,BULL,350.45001220703125,326.83,444.93,-0.09,0,0
IIFLCAPS,MBAG_V3D_60D_CONVEX_RUNNER_T5R,2026-05-07,VAL,BULL,350.45001220703125,329.45,455.45,-0.45,0,0
IKS,MBAG_V1_CHAMP_BASE60_T3R,2025-12-22,DEV,BULL,1740.0,1616.09,2111.73,-1.0,1,0
IKS,MBAG_V3A_40D_MICRO_SURGE_T3_5R,2025-12-22,DEV,BULL,1740.0,1650.78,2052.27,-1.0,1,0
IKS,MBAG_V3D_60D_CONVEX_RUNNER_T5R,2025-12-22,DEV,BULL,1740.0,1660.7,2136.5,-1.0,1,0
IKS,MBAG_V3A_40D_MICRO_SURGE_T3_5R,2026-04-30,VAL,BULL,1654.699951171875,1533.48,2078.97,-1.0,1,0
IKS,MBAG_V1_CHAMP_BASE60_T3R,2026-07-01,HOLDOUT,BULL,1800.199951171875,1682.47,2153.39,0.16,0,0
IKS,MBAG_V2A_CONVEX_CAT_90D_T4R,2026-07-01,HOLDOUT,BULL,1800.199951171875,1706.01,2176.96,-1.0,1,0
IKS,MBAG_V2B_EXPANSION_120D_T5R,2026-07-01,HOLDOUT,BULL,1800.199951171875,1715.43,2224.05,-1.0,1,0
IKS,MBAG_V3A_40D_MICRO_SURGE_T3_5R,2026-07-01,HOLDOUT,BULL,1800.199951171875,1715.43,2096.89,0.91,0,0
IKS,MBAG_V3B_60D_VOLUME_ANOMALY_T4R,2026-07-01,HOLDOUT,BULL,1800.199951171875,1715.43,2139.28,-1.0,1,0
IKS,MBAG_V3C_90D_MULTI_REGIME_T4R,2026-07-01,HOLDOUT,BULL,1800.199951171875,1706.01,2176.96,-1.0,1,0
IKS,MBAG_V3D_60D_CONVEX_RUNNER_T5R,2026-07-01,HOLDOUT,BULL,1800.199951171875,1724.85,2176.95,-1.0,1,0
IKS,MBAG_V1_CHAMP_BASE60_T3R,2026-07-02,HOLDOUT,BULL,1837.5,1717.09,2198.73,-0.46,0,0
IKS,MBAG_V2A_CONVEX_CAT_90D_T4R,2026-07-02,HOLDOUT,BULL,1837.5,1741.17,2222.82,-1.0,1,0
IKS,MBAG_V2B_EXPANSION_120D_T5R,2026-07-02,HOLDOUT,BULL,1837.5,1750.8,2271.0,-1.0,1,0
IKS,MBAG_V3A_40D_MICRO_SURGE_T3_5R,2026-07-02,HOLDOUT,BULL,1837.5,1750.8,2140.95,-1.0,1,0
IKS,MBAG_V3B_60D_VOLUME_ANOMALY_T4R,2026-07-02,HOLDOUT,BULL,1837.5,1750.8,2184.3,-1.0,1,0
IKS,MBAG_V3C_90D_MULTI_REGIME_T4R,2026-07-02,HOLDOUT,BULL,1837.5,1741.17,2222.82,-1.0,1,0
IKS,MBAG_V3D_60D_CONVEX_RUNNER_T5R,2026-07-02,HOLDOUT,BULL,1837.5,1760.44,2222.8,-1.0,1,0
IKS,MBAG_V1_CHAMP_BASE60_T3R,2026-07-03,HOLDOUT,BULL,1861.199951171875,1739.57,2226.09,-1.0,1,0
IMFA,MBAG_V3A_40D_MICRO_SURGE_T3_5R,2025-11-10,DEV,BULL,1317.5,1200.28,1727.77,1.13,0,0
IMFA,MBAG_V3B_60D_VOLUME_ANOMALY_T4R,2025-11-10,DEV,BULL,1317.5,1200.28,1786.38,0.84,0,0
IMFA,MBAG_V3D_60D_CONVEX_RUNNER_T5R,2025-11-10,DEV,BULL,1317.5,1213.3,1838.5,1.52,0,0
IMFA,MBAG_V1_CHAMP_BASE60_T3R,2026-04-16,VAL,BULL,1551.800048828125,1384.55,2053.55,-1.0,1,0
IMFA,MBAG_V2A_CONVEX_CAT_90D_T4R,2026-04-16,VAL,BULL,1551.800048828125,1418.0,2087.0,-1.0,1,0
IMFA,MBAG_V2B_EXPANSION_120D_T5R,2026-04-16,VAL,BULL,1551.800048828125,1431.38,2153.9,-1.0,1,0
IMFA,MBAG_V3A_40D_MICRO_SURGE_T3_5R,2026-04-16,VAL,BULL,1551.800048828125,1431.38,1973.27,-1.0,1,0
IMFA,MBAG_V3B_60D_VOLUME_ANOMALY_T4R,2026-04-16,VAL,BULL,1551.800048828125,1431.38,2033.48,-1.0,1,0
IMFA,MBAG_V3C_90D_MULTI_REGIME_T4R,2026-04-16,VAL,BULL,1551.800048828125,1418.0,2087.0,-1.0,1,0
IMFA,MBAG_V3D_60D_CONVEX_RUNNER_T5R,2026-04-16,VAL,BULL,1551.800048828125,1444.76,2087.0,-1.0,1,0
IMFA,MBAG_V1_CHAMP_BASE60_T3R,2026-04-28,VAL,BULL,1631.9000244140625,1461.51,2143.07,-1.0,1,0
IMFA,MBAG_V2A_CONVEX_CAT_90D_T4R,2026-04-28,VAL,BULL,1631.9000244140625,1495.59,2177.14,-1.0,1,0
IMFA,MBAG_V2B_EXPANSION_120D_T5R,2026-04-28,VAL,BULL,1631.9000244140625,1509.22,2245.3,-1.0,1,0
IMFA,MBAG_V3A_40D_MICRO_SURGE_T3_5R,2026-04-28,VAL,BULL,1631.9000244140625,1509.22,2061.28,-1.0,1,0
IMFA,MBAG_V3B_60D_VOLUME_ANOMALY_T4R,2026-04-28,VAL,BULL,1631.9000244140625,1509.22,2122.62,-1.0,1,0
IMFA,MBAG_V3C_90D_MULTI_REGIME_T4R,2026-04-28,VAL,BULL,1631.9000244140625,1495.59,2177.14,-1.0,1,0
IMFA,MBAG_V3D_60D_CONVEX_RUNNER_T5R,2026-04-28,VAL,BULL,1631.9000244140625,1522.85,2177.15,-1.0,1,0
INDIACEM,MBAG_V1_CHAMP_BASE60_T3R,2026-05-14,VAL,BULL,1135.4617317149987,1109.12,1214.49,-1.0,1,0
INDIAGLYCO,MBAG_V1_CHAMP_BASE60_T3R,2025-11-20,DEV,BULL,1145.9073486328125,1025.76,1506.35,-1.0,1,0
INDIAGLYCO,MBAG_V3A_40D_MICRO_SURGE_T3_5R,2025-11-20,DEV,BULL,1145.9073486328125,1059.4,1448.68,-1.0,1,0
INDIAGLYCO,MBAG_V3B_60D_VOLUME_ANOMALY_T4R,2025-11-20,DEV,BULL,1145.9073486328125,1059.4,1491.94,-1.0,1,0
INDIAGLYCO,MBAG_V3D_60D_CONVEX_RUNNER_T5R,2025-11-20,DEV,BULL,1145.9073486328125,1069.01,1530.39,-1.0,1,0
INDIAGLYCO,MBAG_V1_CHAMP_BASE60_T3R,2026-04-29,VAL,BULL,1030.800048828125,951.84,1267.68,-0.38,0,0
INDIAGLYCO,MBAG_V3A_40D_MICRO_SURGE_T3_5R,2026-04-29,VAL,BULL,1030.800048828125,973.95,1229.78,-1.0,1,0
INDIAGLYCO,MBAG_V3B_60D_VOLUME_ANOMALY_T4R,2026-04-29,VAL,BULL,1030.800048828125,973.95,1258.2,-1.0,1,0
INDIAGLYCO,MBAG_V3D_60D_CONVEX_RUNNER_T5R,2026-04-29,VAL,BULL,1030.800048828125,980.27,1283.45,-1.0,1,0
INDIAGLYCO,MBAG_V1_CHAMP_BASE60_T3R,2026-04-30,VAL,BULL,1042.050048828125,959.13,1290.81,-0.5,0,0
INDIAGLYCO,MBAG_V3A_40D_MICRO_SURGE_T3_5R,2026-04-30,VAL,BULL,1042.050048828125,982.35,1251.0,-1.0,1,0
INDIAGLYCO,MBAG_V3B_60D_VOLUME_ANOMALY_T4R,2026-04-30,VAL,BULL,1042.050048828125,982.35,1280.85,-1.0,1,0
INDIAGLYCO,MBAG_V3D_60D_CONVEX_RUNNER_T5R,2026-04-30,VAL,BULL,1042.050048828125,988.98,1307.4,-1.0,1,0
INDIAGLYCO,MBAG_V1_CHAMP_BASE60_T3R,2026-05-06,VAL,BULL,1092.9000244140625,1003.83,1360.11,-1.0,1,0
INDIAGLYCO,MBAG_V2A_CONVEX_CAT_90D_T4R,2026-05-06,VAL,BULL,1092.9000244140625,1021.64,1377.94,-1.0,1,0
INDIAGLYCO,MBAG_V3A_40D_MICRO_SURGE_T3_5R,2026-05-06,VAL,BULL,1092.9000244140625,1028.77,1317.36,-1.0,1,0
INDIAGLYCO,MBAG_V3B_60D_VOLUME_ANOMALY_T4R,2026-05-06,VAL,BULL,1092.9000244140625,1028.77,1349.42,-1.0,1,0
INDIAGLYCO,MBAG_V3C_90D_MULTI_REGIME_T4R,2026-05-06,VAL,BULL,1092.9000244140625,1021.64,1377.94,-1.0,1,0
INDIAGLYCO,MBAG_V3D_60D_CONVEX_RUNNER_T5R,2026-05-06,VAL,BULL,1092.9000244140625,1035.89,1377.95,-1.0,1,0
INDIAGLYCO,MBAG_V1_CHAMP_BASE60_T3R,2026-05-07,VAL,BULL,1140.300048828125,1046.26,1422.42,-1.0,1,0
INDIAGLYCO,MBAG_V1_CHAMP_BASE60_T3R,2026-05-08,VAL,BULL,1150.4000244140625,1054.64,1437.68,-1.0,1,0
INDIANB,MBAG_V1_CHAMP_BASE60_T3R,2025-10-28,DEV,BULL,835.1099243164062,779.53,1001.85,0.6,0,0
INDIANB,MBAG_V1_CHAMP_BASE60_T3R,2025-11-03,DEV,BULL,861.9873046875,803.4,1037.75,-0.35,0,0
INDIANB,MBAG_V3D_60D_CONVEX_RUNNER_T5R,2025-11-03,DEV,BULL,861.9873046875,824.49,1049.47,-1.0,1,0
INDIANB,MBAG_V1_CHAMP_BASE60_T3R,2026-01-22,VAL,BULL,878.0452880859375,816.64,1062.26,-1.0,1,0
INDIANB,MBAG_V2A_CONVEX_CAT_90D_T4R,2026-01-22,VAL,BULL,878.0452880859375,828.92,1074.55,-1.0,1,0
INDIANB,MBAG_V3A_40D_MICRO_SURGE_T3_5R,2026-01-22,VAL,BULL,878.0452880859375,833.83,1032.8,-1.0,1,0
INDIANB,MBAG_V3C_90D_MULTI_REGIME_T4R,2026-01-22,VAL,BULL,878.0452880859375,828.92,1074.55,-1.0,1,0
INDIANB,MBAG_V3D_60D_CONVEX_RUNNER_T5R,2026-01-22,VAL,BULL,878.0452880859375,838.75,1074.52,-1.0,1,0
INDIANB,MBAG_V1_CHAMP_BASE60_T3R,2026-02-23,VAL,BULL,962.25146484375,900.08,1148.77,-1.0,1,0
INDIANB,MBAG_V2A_CONVEX_CAT_90D_T4R,2026-02-23,VAL,BULL,962.25146484375,912.52,1161.18,-1.0,1,0
INDIANB,MBAG_V3C_90D_MULTI_REGIME_T4R,2026-02-23,VAL,BULL,962.25146484375,912.52,1161.18,-1.0,1,0
INDIANB,MBAG_V3D_60D_CONVEX_RUNNER_T5R,2026-02-23,VAL,BULL,962.25146484375,922.46,1161.21,-1.0,1,0
INDIASHLTR,MBAG_V1_CHAMP_BASE60_T3R,2025-12-11,DEV,BULL,2078.711628078792,2035.24,2209.13,-1.0,1,0
INDIASHLTR,MBAG_V1_CHAMP_BASE60_T3R,2026-01-19,VAL,BULL,2301.938733369483,2254.86,2443.17,3.0,0,1
INDIASHLTR,MBAG_V1_CHAMP_BASE60_T3R,2026-03-17,VAL,BULL,2694.3599866345467,2634.02,2875.38,3.0,0,1
INDIASHLTR,MBAG_V1_CHAMP_BASE60_T3R,2026-05-21,VAL,BULL,3120.750731197023,3048.97,3336.09,-1.0,1,0
INDIGOPNTS,MBAG_V3A_40D_MICRO_SURGE_T3_5R,2026-05-07,VAL,BEAR,924.7000122070312,876.21,1094.42,0.57,0,0
INDIGOPNTS,MBAG_V3A_40D_MICRO_SURGE_T3_5R,2026-05-08,VAL,BEAR,974.1500244140625,920.39,1162.31,-1.0,1,0
INDIGOPNTS,MBAG_V1_CHAMP_BASE60_T3R,2026-07-02,HOLDOUT,BULL,1077.0999755859375,997.22,1316.74,0.05,0,0
INDIGOPNTS,MBAG_V2A_CONVEX_CAT_90D_T4R,2026-07-02,HOLDOUT,BULL,1077.0999755859375,1013.19,1332.74,0.83,0,0
INDIGOPNTS,MBAG_V3A_40D_MICRO_SURGE_T3_5R,2026-07-02,HOLDOUT,BULL,1077.0999755859375,1019.58,1278.42,0.9,0,0
INDIGOPNTS,MBAG_V3B_60D_VOLUME_ANOMALY_T4R,2026-07-02,HOLDOUT,BULL,1077.0999755859375,1019.58,1307.18,0.93,0,0
INDIGOPNTS,MBAG_V3C_90D_MULTI_REGIME_T4R,2026-07-02,HOLDOUT,BULL,1077.0999755859375,1013.19,1332.74,0.83,0,0
INDIGOPNTS,MBAG_V3D_60D_CONVEX_RUNNER_T5R,2026-07-02,HOLDOUT,BULL,1077.0999755859375,1025.97,1332.75,-1.0,1,0
INDOBORAX,MBAG_V1_CHAMP_BASE60_T3R,2025-12-15,DEV,BULL,260.6692199707031,230.72,350.52,-1.0,1,0
INDOBORAX,MBAG_V3A_40D_MICRO_SURGE_T3_5R,2025-12-15,DEV,BULL,260.6692199707031,239.1,336.16,-1.0,1,0
INDOBORAX,MBAG_V3B_60D_VOLUME_ANOMALY_T4R,2025-12-15,DEV,BULL,260.6692199707031,239.1,346.95,-1.0,1,0
INDOBORAX,MBAG_V3D_60D_CONVEX_RUNNER_T5R,2025-12-15,DEV,BULL,260.6692199707031,241.5,356.52,-1.0,1,0
INDOBORAX,MBAG_V1_CHAMP_BASE60_T3R,2026-04-29,VAL,BULL,257.72613525390625,239.53,312.31,3.0,0,1
INDOBORAX,MBAG_V3A_40D_MICRO_SURGE_T3_5R,2026-04-29,VAL,BULL,257.72613525390625,244.63,303.56,-1.0,1,0
INDOBORAX,MBAG_V3B_60D_VOLUME_ANOMALY_T4R,2026-04-29,VAL,BULL,257.72613525390625,244.63,310.11,-1.0,1,0
INDOBORAX,MBAG_V3D_60D_CONVEX_RUNNER_T5R,2026-04-29,VAL,BULL,257.72613525390625,246.08,315.96,-1.0,1,0
INDOBORAX,MBAG_V1_CHAMP_BASE60_T3R,2026-05-21,VAL,BULL,297.37982177734375,262.87,400.91,0.94,0,0
INDOBORAX,MBAG_V2A_CONVEX_CAT_90D_T4R,2026-05-21,VAL,BULL,297.37982177734375,269.77,407.82,2.23,0,0
INDOBORAX,MBAG_V2B_EXPANSION_120D_T5R,2026-05-21,VAL,BULL,297.37982177734375,272.53,421.63,5.0,0,1
INDOBORAX,MBAG_V3A_40D_MICRO_SURGE_T3_5R,2026-05-21,VAL,BULL,297.37982177734375,272.53,384.35,3.5,0,1
INDOBORAX,MBAG_V3B_60D_VOLUME_ANOMALY_T4R,2026-05-21,VAL,BULL,297.37982177734375,272.53,396.78,2.48,0,0
INDOBORAX,MBAG_V3C_90D_MULTI_REGIME_T4R,2026-05-21,VAL,BULL,297.37982177734375,269.77,407.82,2.23,0,0
INDOBORAX,MBAG_V3D_60D_CONVEX_RUNNER_T5R,2026-05-21,VAL,BULL,297.37982177734375,275.29,407.83,5.0,0,1
INDOBORAX,MBAG_V2A_CONVEX_CAT_90D_T4R,2026-07-09,HOLDOUT,BULL,397.59136962890625,358.71,553.12,2.59,0,0
INDOBORAX,MBAG_V2B_EXPANSION_120D_T5R,2026-07-09,HOLDOUT,BULL,397.59136962890625,362.6,572.55,-1.0,1,0
INDOBORAX,MBAG_V3A_40D_MICRO_SURGE_T3_5R,2026-07-09,HOLDOUT,BULL,397.59136962890625,362.6,520.06,-1.0,1,0
INDOBORAX,MBAG_V3B_60D_VOLUME_ANOMALY_T4R,2026-07-09,HOLDOUT,BULL,397.59136962890625,362.6,537.56,-1.0,1,0
INDOBORAX,MBAG_V3C_90D_MULTI_REGIME_T4R,2026-07-09,HOLDOUT,BULL,397.59136962890625,358.71,553.12,2.59,0,0
INDOBORAX,MBAG_V3D_60D_CONVEX_RUNNER_T5R,2026-07-09,HOLDOUT,BULL,397.59136962890625,366.49,553.1,-1.0,1,0
INDUSTOWER,MBAG_V3A_40D_MICRO_SURGE_T3_5R,2025-10-27,DEV,BULL,371.29998779296875,356.07,424.6,2.01,0,0
INDUSTOWER,MBAG_V3A_40D_MICRO_SURGE_T3_5R,2025-10-28,DEV,BULL,385.8999938964844,370.43,440.04,-1.0,1,0
INDUSTOWER,MBAG_V1_CHAMP_BASE60_T3R,2025-11-04,DEV,BULL,392.54998779296875,367.35,468.15,0.48,0,0
INDUSTOWER,MBAG_V3A_40D_MICRO_SURGE_T3_5R,2025-11-04,DEV,BULL,392.54998779296875,374.41,456.04,0.64,0,0
INDUSTOWER,MBAG_V3B_60D_VOLUME_ANOMALY_T4R,2025-11-04,DEV,BULL,392.54998779296875,374.41,465.11,0.81,0,0
INDUSTOWER,MBAG_V3D_60D_CONVEX_RUNNER_T5R,2025-11-04,DEV,BULL,392.54998779296875,376.42,473.2,1.94,0,0
INDUSTOWER,MBAG_V1_CHAMP_BASE60_T3R,2025-11-06,DEV,BULL,398.29998779296875,371.03,480.11,0.14,0,0
INDUSTOWER,MBAG_V1_CHAMP_BASE60_T3R,2025-12-05,DEV,BULL,415.70001220703125,393.66,481.82,0.84,0,0
INDUSTOWER,MBAG_V3C_90D_MULTI_REGIME_T4R,2025-12-05,DEV,BULL,415.70001220703125,398.06,486.26,-1.0,1,0
INDUSTOWER,MBAG_V1_CHAMP_BASE60_T3R,2026-01-01,VAL,BULL,435.79998779296875,409.8,513.8,-1.0,1,0
INDUSTOWER,MBAG_V2A_CONVEX_CAT_90D_T4R,2026-01-01,VAL,BULL,435.79998779296875,415.0,519.0,-1.0,1,0
INDUSTOWER,MBAG_V3A_40D_MICRO_SURGE_T3_5R,2026-01-01,VAL,BULL,435.79998779296875,417.08,501.32,-1.0,1,0
INDUSTOWER,MBAG_V3B_60D_VOLUME_ANOMALY_T4R,2026-01-01,VAL,BULL,435.79998779296875,417.08,510.68,-1.0,1,0
INDUSTOWER,MBAG_V3C_90D_MULTI_REGIME_T4R,2026-01-01,VAL,BULL,435.79998779296875,415.0,519.0,-1.0,1,0
INDUSTOWER,MBAG_V3D_60D_CONVEX_RUNNER_T5R,2026-01-01,VAL,BULL,435.79998779296875,419.16,519.0,-1.0,1,0
INDUSTOWER,MBAG_V1_CHAMP_BASE60_T3R,2026-01-02,VAL,BULL,442.04998779296875,414.97,523.29,-1.0,1,0
INDUSTOWER,MBAG_V1_CHAMP_BASE60_T3R,2026-02-10,VAL,BULL,459.1499938964844,425.69,559.53,-0.61,0,0
INFOBEAN,MBAG_V3A_40D_MICRO_SURGE_T3_5R,2025-10-29,DEV,BULL,163.46249389648438,152.45,202.01,-1.0,1,0
INFOBEAN,MBAG_V3A_40D_MICRO_SURGE_T3_5R,2025-12-05,DEV,BULL,170.60000610351562,155.79,222.44,-1.0,1,0
INFOBEAN,MBAG_V3B_60D_VOLUME_ANOMALY_T4R,2025-12-05,DEV,BULL,170.60000610351562,155.79,229.84,-1.0,1,0
INFOBEAN,MBAG_V3D_60D_CONVEX_RUNNER_T5R,2025-12-05,DEV,BULL,170.60000610351562,157.44,236.4,-1.0,1,0
INFOBEAN,MBAG_V2A_CONVEX_CAT_90D_T4R,2025-12-15,DEV,BULL,189.78750610351562,167.79,277.78,1.46,0,0
INFOBEAN,MBAG_V3A_40D_MICRO_SURGE_T3_5R,2025-12-15,DEV,BULL,189.78750610351562,169.99,259.08,1.27,0,0
INFOBEAN,MBAG_V3B_60D_VOLUME_ANOMALY_T4R,2025-12-15,DEV,BULL,189.78750610351562,169.99,268.98,1.62,0,0
INFOBEAN,MBAG_V3C_90D_MULTI_REGIME_T4R,2025-12-15,DEV,BULL,189.78750610351562,167.79,277.78,1.46,0,0
INFOBEAN,MBAG_V3D_60D_CONVEX_RUNNER_T5R,2025-12-15,DEV,BULL,189.78750610351562,172.19,277.78,1.53,0,0
INFOBEAN,MBAG_V2A_CONVEX_CAT_90D_T4R,2025-12-16,DEV,BULL,194.46249389648438,171.55,286.11,0.81,0,0
INFOBEAN,MBAG_V3A_40D_MICRO_SURGE_T3_5R,2025-12-16,DEV,BULL,194.46249389648438,173.84,266.64,0.77,0,0
INFOBEAN,MBAG_V3C_90D_MULTI_REGIME_T4R,2025-12-16,DEV,BULL,194.46249389648438,171.55,286.11,0.81,0,0
INFOBEAN,MBAG_V3D_60D_CONVEX_RUNNER_T5R,2025-12-16,DEV,BULL,194.46249389648438,176.13,286.12,0.85,0,0
INFOBEAN,MBAG_V3D_60D_CONVEX_RUNNER_T5R,2025-12-22,DEV,BULL,200.47500610351562,177.7,314.35,0.9,0,0
INFOBEAN,MBAG_V2A_CONVEX_CAT_90D_T4R,2026-01-02,VAL,BULL,226.4250030517578,199.51,334.09,-1.0,1,0
INFOBEAN,MBAG_V3A_40D_MICRO_SURGE_T3_5R,2026-01-02,VAL,BULL,226.4250030517578,202.21,311.18,-1.0,1,0
INFOBEAN,MBAG_V3B_60D_VOLUME_ANOMALY_T4R,2026-01-02,VAL,BULL,226.4250030517578,202.21,323.29,-1.0,1,0
INFOBEAN,MBAG_V3C_90D_MULTI_REGIME_T4R,2026-01-02,VAL,BULL,226.4250030517578,199.51,334.09,-1.0,1,0
INFOBEAN,MBAG_V3D_60D_CONVEX_RUNNER_T5R,2026-01-02,VAL,BULL,226.4250030517578,204.9,334.05,-1.0,1,0
INFOBEAN,MBAG_V3A_40D_MICRO_SURGE_T3_5R,2026-01-06,VAL,BULL,234.60000610351562,209.23,323.4,-1.0,1,0
INFOBEAN,MBAG_V3B_60D_VOLUME_ANOMALY_T4R,2026-01-06,VAL,BULL,234.60000610351562,209.23,336.08,-1.0,1,0
INFOBEAN,MBAG_V3D_60D_CONVEX_RUNNER_T5R,2026-01-06,VAL,BULL,234.60000610351562,212.05,347.35,-1.0,1,0
INFOBEAN,MBAG_V2A_CONVEX_CAT_90D_T4R,2026-01-07,VAL,BULL,251.22500610351562,221.29,370.97,-1.0,1,0
INFOBEAN,MBAG_V3A_40D_MICRO_SURGE_T3_5R,2026-01-07,VAL,BULL,251.22500610351562,224.29,345.5,-1.0,1,0
INFOBEAN,MBAG_V3B_60D_VOLUME_ANOMALY_T4R,2026-01-07,VAL,BULL,251.22500610351562,224.29,358.97,-1.0,1,0
INFOBEAN,MBAG_V3C_90D_MULTI_REGIME_T4R,2026-01-07,VAL,BULL,251.22500610351562,221.29,370.97,-1.0,1,0
INFOBEAN,MBAG_V3D_60D_CONVEX_RUNNER_T5R,2026-01-07,VAL,BULL,251.22500610351562,227.28,370.95,-1.0,1,0
INFY,MBAG_V1_CHAMP_BASE60_T3R,2025-11-12,DEV,BULL,1518.8333740234375,1463.16,1685.85,-1.0,1,0
INFY,MBAG_V1_CHAMP_BASE60_T3R,2025-12-22,DEV,BULL,1653.8125,1590.54,1843.63,-1.0,1,0
INFY,MBAG_V2A_CONVEX_CAT_90D_T4R,2025-12-22,DEV,BULL,1653.8125,1603.19,1856.3,-1.0,1,0
INFY,MBAG_V3A_40D_MICRO_SURGE_T3_5R,2025-12-22,DEV,BULL,1653.8125,1608.26,1813.25,-1.0,1,0
INFY,MBAG_V3B_60D_VOLUME_ANOMALY_T4R,2025-12-22,DEV,BULL,1653.8125,1608.26,1836.02,-1.0,1,0
INFY,MBAG_V3C_90D_MULTI_REGIME_T4R,2025-12-22,DEV,BULL,1653.8125,1603.19,1856.3,-1.0,1,0
INFY,MBAG_V3D_60D_CONVEX_RUNNER_T5R,2025-12-22,DEV,BULL,1653.8125,1613.32,1856.28,-1.0,1,0
INOXGREEN,MBAG_V1_CHAMP_BASE60_T3R,2026-05-04,VAL,NEUTRAL,188.97999572753906,171.68,240.88,-1.0,1,0
INOXWIND,MBAG_V1_CHAMP_BASE60_T3R,2026-01-06,VAL,BULL,2523.470821133466,2471.27,2680.07,3.0,0,1
INOXWIND,MBAG_V1_CHAMP_BASE60_T3R,2026-03-10,VAL,BULL,2753.9991756138124,2698.9,2919.3,3.0,0,1
INTELLECT,MBAG_V1_CHAMP_BASE60_T3R,2025-10-31,DEV,BULL,1133.5,1023.99,1462.03,-0.23,0,0
INTELLECT,MBAG_V3A_40D_MICRO_SURGE_T3_5R,2025-10-31,DEV,BULL,1133.5,1054.65,1409.47,-1.0,1,0
INTELLECT,MBAG_V3B_60D_VOLUME_ANOMALY_T4R,2025-10-31,DEV,BULL,1133.5,1054.65,1448.9,-1.0,1,0
INTELLECT,MBAG_V3D_60D_CONVEX_RUNNER_T5R,2025-10-31,DEV,BULL,1133.5,1063.41,1483.95,-1.0,1,0
INTELLECT,MBAG_V1_CHAMP_BASE60_T3R,2025-11-03,DEV,BULL,1198.0,1072.13,1575.61,-1.0,1,0
INTELLECT,MBAG_V3A_40D_MICRO_SURGE_T3_5R,2025-11-03,DEV,BULL,1198.0,1107.38,1515.17,-1.0,1,0
INTELLECT,MBAG_V3B_60D_VOLUME_ANOMALY_T4R,2025-11-03,DEV,BULL,1198.0,1107.38,1560.48,-1.0,1,0
INTELLECT,MBAG_V3D_60D_CONVEX_RUNNER_T5R,2025-11-03,DEV,BULL,1198.0,1117.45,1600.75,-1.0,1,0
INTELLECT,MBAG_V3A_40D_MICRO_SURGE_T3_5R,2026-04-28,VAL,BEAR,753.9500122070312,703.95,928.95,-1.0,1,0
INTELLECT,MBAG_V3A_40D_MICRO_SURGE_T3_5R,2026-05-06,VAL,BEAR,784.4000244140625,736.91,950.62,-1.0,1,0
INTELLECT,MBAG_V1_CHAMP_BASE60_T3R,2026-05-08,VAL,BEAR,806.7999877929688,732.14,1030.78,-1.0,1,0
INTELLECT,MBAG_V3A_40D_MICRO_SURGE_T3_5R,2026-05-08,VAL,BEAR,806.7999877929688,753.04,994.96,-1.0,1,0
INTELLECT,MBAG_V3B_60D_VOLUME_ANOMALY_T4R,2026-05-08,VAL,BEAR,806.7999877929688,753.04,1021.84,-1.0,1,0
INTELLECT,MBAG_V3D_60D_CONVEX_RUNNER_T5R,2026-05-08,VAL,BEAR,806.7999877929688,759.02,1045.7,-1.0,1,0
IOC,MBAG_V1_CHAMP_BASE60_T3R,2025-10-29,DEV,BULL,156.27047729492188,148.01,181.05,0.08,0,0
IOC,MBAG_V3A_40D_MICRO_SURGE_T3_5R,2025-10-29,DEV,BULL,156.27047729492188,150.32,177.1,-0.05,0,0
IOC,MBAG_V3B_60D_VOLUME_ANOMALY_T4R,2025-10-29,DEV,BULL,156.27047729492188,150.32,180.07,-0.22,0,0
IOC,MBAG_V3D_60D_CONVEX_RUNNER_T5R,2025-10-29,DEV,BULL,156.27047729492188,150.98,182.72,0.66,0,0
IOC,MBAG_V1_CHAMP_BASE60_T3R,2026-02-04,VAL,BULL,170.62872314453125,160.99,199.54,-0.13,0,0
IOC,MBAG_V2A_CONVEX_CAT_90D_T4R,2026-02-04,VAL,BULL,170.62872314453125,162.91,201.5,-1.0,1,0
IOC,MBAG_V3A_40D_MICRO_SURGE_T3_5R,2026-02-04,VAL,BULL,170.62872314453125,163.69,194.91,-1.0,1,0
IOC,MBAG_V3C_90D_MULTI_REGIME_T4R,2026-02-04,VAL,BULL,170.62872314453125,162.91,201.5,-1.0,1,0
IOC,MBAG_V3D_60D_CONVEX_RUNNER_T5R,2026-02-04,VAL,BULL,170.62872314453125,164.46,201.47,-1.0,1,0
IOC,MBAG_V1_CHAMP_BASE60_T3R,2026-02-05,VAL,BULL,173.5814971923828,162.97,205.42,-0.66,0,0
IOC,MBAG_V2A_CONVEX_CAT_90D_T4R,2026-02-05,VAL,BULL,173.5814971923828,165.09,207.55,-1.0,1,0
IOC,MBAG_V2B_EXPANSION_120D_T5R,2026-02-05,VAL,BULL,173.5814971923828,165.94,211.79,-1.0,1,0
IOC,MBAG_V3A_40D_MICRO_SURGE_T3_5R,2026-02-05,VAL,BULL,173.5814971923828,165.94,200.33,-1.0,1,0
IOC,MBAG_V3B_60D_VOLUME_ANOMALY_T4R,2026-02-05,VAL,BULL,173.5814971923828,165.94,204.15,-1.0,1,0
IOC,MBAG_V3C_90D_MULTI_REGIME_T4R,2026-02-05,VAL,BULL,173.5814971923828,165.09,207.55,-1.0,1,0
IOC,MBAG_V3D_60D_CONVEX_RUNNER_T5R,2026-02-05,VAL,BULL,173.5814971923828,166.79,207.54,-1.0,1,0
IOC,MBAG_V1_CHAMP_BASE60_T3R,2026-02-11,VAL,BULL,179.05250549316406,167.39,214.04,-1.0,1,0
IONEXCHANG,MBAG_V1_CHAMP_BASE60_T3R,2025-10-27,DEV,BULL,760.0822554817428,743.87,808.72,3.0,0,1
IONEXCHANG,MBAG_V1_CHAMP_BASE60_T3R,2025-11-18,DEV,BULL,784.0893125628276,768.01,832.33,3.0,0,1
IPCALAB,MBAG_V1_CHAMP_BASE60_T3R,2026-01-09,VAL,BULL,1575.0,1453.96,1938.12,-1.0,1,0
IPCALAB,MBAG_V2A_CONVEX_CAT_90D_T4R,2026-01-09,VAL,BULL,1575.0,1478.17,1962.32,-1.0,1,0
IPCALAB,MBAG_V3A_40D_MICRO_SURGE_T3_5R,2026-01-09,VAL,BULL,1575.0,1487.85,1880.03,-1.0,1,0
IPCALAB,MBAG_V3B_60D_VOLUME_ANOMALY_T4R,2026-01-09,VAL,BULL,1575.0,1487.85,1923.6,-1.0,1,0
IPCALAB,MBAG_V3C_90D_MULTI_REGIME_T4R,2026-01-09,VAL,BULL,1575.0,1478.17,1962.32,-1.0,1,0
IPCALAB,MBAG_V3D_60D_CONVEX_RUNNER_T5R,2026-01-09,VAL,BULL,1575.0,1497.54,1962.3,-1.0,1,0
IPCALAB,MBAG_V1_CHAMP_BASE60_T3R,2026-06-30,HOLDOUT,BULL,1701.0,1592.91,2025.27,0.76,0,0
IPCALAB,MBAG_V2A_CONVEX_CAT_90D_T4R,2026-06-30,HOLDOUT,BULL,1701.0,1614.53,2046.88,0.55,0,0
IPCALAB,MBAG_V2B_EXPANSION_120D_T5R,2026-06-30,HOLDOUT,BULL,1701.0,1623.18,2090.1,2.95,0,0
IPCALAB,MBAG_V3A_40D_MICRO_SURGE_T3_5R,2026-06-30,HOLDOUT,BULL,1701.0,1623.18,1973.37,-0.16,0,0
IPCALAB,MBAG_V3B_60D_VOLUME_ANOMALY_T4R,2026-06-30,HOLDOUT,BULL,1701.0,1623.18,2012.28,0.61,0,0
IPCALAB,MBAG_V3C_90D_MULTI_REGIME_T4R,2026-06-30,HOLDOUT,BULL,1701.0,1614.53,2046.88,0.55,0,0
IPCALAB,MBAG_V3D_60D_CONVEX_RUNNER_T5R,2026-06-30,HOLDOUT,BULL,1701.0,1631.82,2046.9,2.62,0,0
IPCALAB,MBAG_V1_CHAMP_BASE60_T3R,2026-07-03,HOLDOUT,BULL,1778.9000244140625,1664.86,2121.02,-0.33,0,0
IPCALAB,MBAG_V2A_CONVEX_CAT_90D_T4R,2026-07-03,HOLDOUT,BULL,1778.9000244140625,1687.67,2143.82,-1.0,1,0
IPCALAB,MBAG_V3A_40D_MICRO_SURGE_T3_5R,2026-07-03,HOLDOUT,BULL,1778.9000244140625,1696.79,2066.29,-1.0,1,0
IPCALAB,MBAG_V3C_90D_MULTI_REGIME_T4R,2026-07-03,HOLDOUT,BULL,1778.9000244140625,1687.67,2143.82,-1.0,1,0
IPCALAB,MBAG_V3D_60D_CONVEX_RUNNER_T5R,2026-07-03,HOLDOUT,BULL,1778.9000244140625,1705.92,2143.8,-1.0,1,0
IRB,MBAG_V1_CHAMP_BASE60_T3R,2026-05-12,VAL,BULL,2833.3097278980367,2775.09,3007.97,-1.0,1,0
IRB,MBAG_V1_CHAMP_BASE60_T3R,2026-05-29,VAL,BULL,2913.9725276730314,2854.05,3093.74,3.0,0,1
IRCON,MBAG_V1_CHAMP_BASE60_T3R,2025-09-17,DEV,BULL,809.8287022693407,791.35,865.26,-1.0,1,0
IRCON,MBAG_V1_CHAMP_BASE60_T3R,2026-05-18,VAL,BULL,810.2473635426289,793.75,859.74,3.0,0,1
IREDA,MBAG_V1_CHAMP_BASE60_T3R,2026-04-22,VAL,BULL,140.4499969482422,128.96,174.92,-1.0,1,0
IREDA,MBAG_V3A_40D_MICRO_SURGE_T3_5R,2026-04-22,VAL,BULL,140.4499969482422,132.17,169.43,-1.0,1,0
IREDA,MBAG_V3B_60D_VOLUME_ANOMALY_T4R,2026-04-22,VAL,BULL,140.4499969482422,132.17,173.57,-1.0,1,0
IREDA,MBAG_V3D_60D_CONVEX_RUNNER_T5R,2026-04-22,VAL,BULL,140.4499969482422,133.09,177.25,-1.0,1,0
IRFC,MBAG_V1_CHAMP_BASE60_T3R,2025-12-22,DEV,BULL,2497.2304109307056,2437.75,2675.67,-1.0,1,0
IRFC,MBAG_V1_CHAMP_BASE60_T3R,2026-03-11,VAL,BULL,2921.2704646644875,2862.18,3098.54,3.0,0,1
IRFC,MBAG_V1_CHAMP_BASE60_T3R,2026-05-13,VAL,BULL,3281.4906759448236,3202.1,3519.66,-1.0,1,0
IRFC,MBAG_V1_CHAMP_BASE60_T3R,2026-05-22,VAL,BULL,3393.401226669789,3318.98,3616.66,-1.0,1,0
IRFC,MBAG_V1_CHAMP_BASE60_T3R,2026-05-27,VAL,BULL,3427.7544270840986,3356.56,3641.34,-1.0,1,0
ITCHOTELS,MBAG_V1_CHAMP_BASE60_T3R,2025-10-08,DEV,BULL,1639.4349188000085,1601.53,1753.15,-1.0,1,0
ITCHOTELS,MBAG_V1_CHAMP_BASE60_T3R,2025-10-24,DEV,BULL,1698.983203916517,1660.09,1815.66,3.0,0,1
ITCHOTELS,MBAG_V1_CHAMP_BASE60_T3R,2026-03-27,VAL,BULL,2038.8952722383792,1997.53,2162.99,-1.0,1,0
ITDC,MBAG_V3A_40D_MICRO_SURGE_T3_5R,2026-04-10,VAL,BULL,610.4000244140625,553.4,809.9,-1.0,1,0
ITDC,MBAG_V3B_60D_VOLUME_ANOMALY_T4R,2026-04-10,VAL,BULL,610.4000244140625,553.4,838.4,-1.0,1,0
ITDC,MBAG_V3D_60D_CONVEX_RUNNER_T5R,2026-04-10,VAL,BULL,610.4000244140625,559.73,863.75,-1.0,1,0
ITI,MBAG_V1_CHAMP_BASE60_T3R,2025-11-26,DEV,BULL,1594.3179858093674,1557.58,1704.53,-1.0,1,0
ITI,MBAG_V1_CHAMP_BASE60_T3R,2026-03-26,VAL,BULL,1634.5099380943927,1600.91,1735.31,-1.0,1,0
IXIGO,MBAG_V1_CHAMP_BASE60_T3R,2025-12-12,DEV,BULL,1906.7042669375137,1866.26,2028.04,-1.0,1,0
J&KBANK,MBAG_V1_CHAMP_BASE60_T3R,2026-02-24,VAL,BULL,110.05000305175781,103.17,130.69,1.17,0,0
J&KBANK,MBAG_V2A_CONVEX_CAT_90D_T4R,2026-02-24,VAL,BULL,110.05000305175781,104.55,132.05,2.51,0,0
J&KBANK,MBAG_V2B_EXPANSION_120D_T5R,2026-02-24,VAL,BULL,110.05000305175781,105.1,134.8,5.0,0,1
J&KBANK,MBAG_V3A_40D_MICRO_SURGE_T3_5R,2026-02-24,VAL,BULL,110.05000305175781,105.1,127.38,3.5,0,1
J&KBANK,MBAG_V3B_60D_VOLUME_ANOMALY_T4R,2026-02-24,VAL,BULL,110.05000305175781,105.1,129.85,2.79,0,0
J&KBANK,MBAG_V3C_90D_MULTI_REGIME_T4R,2026-02-24,VAL,BULL,110.05000305175781,104.55,132.05,2.51,0,0
J&KBANK,MBAG_V3D_60D_CONVEX_RUNNER_T5R,2026-02-24,VAL,BULL,110.05000305175781,105.65,132.05,5.0,0,1
J&KBANK,MBAG_V1_CHAMP_BASE60_T3R,2026-02-26,VAL,BULL,121.2300033569336,112.72,146.76,-1.0,1,0
J&KBANK,MBAG_V2A_CONVEX_CAT_90D_T4R,2026-02-26,VAL,BULL,121.2300033569336,114.42,148.47,-1.0,1,0
J&KBANK,MBAG_V2B_EXPANSION_120D_T5R,2026-02-26,VAL,BULL,121.2300033569336,115.1,151.88,-1.0,1,0
J&KBANK,MBAG_V3A_40D_MICRO_SURGE_T3_5R,2026-02-26,VAL,BULL,121.2300033569336,115.1,142.69,-1.0,1,0
J&KBANK,MBAG_V3B_60D_VOLUME_ANOMALY_T4R,2026-02-26,VAL,BULL,121.2300033569336,115.1,145.75,-1.0,1,0
J&KBANK,MBAG_V3C_90D_MULTI_REGIME_T4R,2026-02-26,VAL,BULL,121.2300033569336,114.42,148.47,-1.0,1,0
J&KBANK,MBAG_V3D_60D_CONVEX_RUNNER_T5R,2026-02-26,VAL,BULL,121.2300033569336,115.78,148.48,-1.0,1,0
J&KBANK,MBAG_V1_CHAMP_BASE60_T3R,2026-03-11,VAL,BULL,125.41000366210938,111.95,165.79,-1.0,1,0
J&KBANK,MBAG_V1_CHAMP_BASE60_T3R,2026-05-07,VAL,BULL,139.6300048828125,127.38,176.38,-1.0,1,0
J&KBANK,MBAG_V2A_CONVEX_CAT_90D_T4R,2026-05-07,VAL,BULL,139.6300048828125,129.83,178.83,-1.0,1,0
J&KBANK,MBAG_V3A_40D_MICRO_SURGE_T3_5R,2026-05-07,VAL,BULL,139.6300048828125,130.81,170.5,-1.0,1,0
J&KBANK,MBAG_V3C_90D_MULTI_REGIME_T4R,2026-05-07,VAL,BULL,139.6300048828125,129.83,178.83,-1.0,1,0
J&KBANK,MBAG_V3D_60D_CONVEX_RUNNER_T5R,2026-05-07,VAL,BULL,139.6300048828125,131.79,178.83,-1.0,1,0
J&KBANK,MBAG_V1_CHAMP_BASE60_T3R,2026-06-03,HOLDOUT,BULL,148.64999389648438,137.67,181.59,0.69,0,0
J&KBANK,MBAG_V2A_CONVEX_CAT_90D_T4R,2026-06-03,HOLDOUT,BULL,148.64999389648438,139.86,183.81,4.0,0,1
J&KBANK,MBAG_V2B_EXPANSION_120D_T5R,2026-06-03,HOLDOUT,BULL,148.64999389648438,140.74,188.2,5.0,0,1
J&KBANK,MBAG_V3A_40D_MICRO_SURGE_T3_5R,2026-06-03,HOLDOUT,BULL,148.64999389648438,140.74,176.33,2.19,0,0
J&KBANK,MBAG_V3B_60D_VOLUME_ANOMALY_T4R,2026-06-03,HOLDOUT,BULL,148.64999389648438,140.74,180.29,4.0,0,1
J&KBANK,MBAG_V3C_90D_MULTI_REGIME_T4R,2026-06-03,HOLDOUT,BULL,148.64999389648438,139.86,183.81,4.0,0,1
J&KBANK,MBAG_V3D_60D_CONVEX_RUNNER_T5R,2026-06-03,HOLDOUT,BULL,148.64999389648438,141.62,183.8,5.0,0,1
J&KBANK,MBAG_V1_CHAMP_BASE60_T3R,2026-06-09,HOLDOUT,BULL,156.97999572753906,145.59,191.15,0.59,0,0
J&KBANK,MBAG_V2A_CONVEX_CAT_90D_T4R,2026-06-09,HOLDOUT,BULL,156.97999572753906,147.87,193.42,4.0,0,1
J&KBANK,MBAG_V2B_EXPANSION_120D_T5R,2026-06-09,HOLDOUT,BULL,156.97999572753906,148.78,197.98,5.0,0,1
J&KBANK,MBAG_V3A_40D_MICRO_SURGE_T3_5R,2026-06-09,HOLDOUT,BULL,156.97999572753906,148.78,185.68,3.5,0,1
J&KBANK,MBAG_V3B_60D_VOLUME_ANOMALY_T4R,2026-06-09,HOLDOUT,BULL,156.97999572753906,148.78,189.78,4.0,0,1
J&KBANK,MBAG_V3C_90D_MULTI_REGIME_T4R,2026-06-09,HOLDOUT,BULL,156.97999572753906,147.87,193.42,4.0,0,1
J&KBANK,MBAG_V3D_60D_CONVEX_RUNNER_T5R,2026-06-09,HOLDOUT,BULL,156.97999572753906,149.69,193.43,5.0,0,1
JAIBALAJI,MBAG_V1_CHAMP_BASE60_T3R,2026-04-27,VAL,NEUTRAL,78.16000366210938,69.44,104.32,-0.6,0,0
JAIBALAJI,MBAG_V3D_60D_CONVEX_RUNNER_T5R,2026-04-27,VAL,NEUTRAL,78.16000366210938,72.58,106.06,-1.0,1,0
JAIBALAJI,MBAG_V1_CHAMP_BASE60_T3R,2026-04-28,VAL,BULL,81.41999816894531,72.23,108.99,-1.0,1,0
JAIBALAJI,MBAG_V2A_CONVEX_CAT_90D_T4R,2026-04-28,VAL,BULL,81.41999816894531,74.07,110.82,-1.0,1,0
JAIBALAJI,MBAG_V3A_40D_MICRO_SURGE_T3_5R,2026-04-28,VAL,BULL,81.41999816894531,74.8,104.59,-1.0,1,0
JAIBALAJI,MBAG_V3B_60D_VOLUME_ANOMALY_T4R,2026-04-28,VAL,BULL,81.41999816894531,74.8,107.9,-1.0,1,0
JAIBALAJI,MBAG_V3C_90D_MULTI_REGIME_T4R,2026-04-28,VAL,BULL,81.41999816894531,74.07,110.82,-1.0,1,0
JAIBALAJI,MBAG_V3D_60D_CONVEX_RUNNER_T5R,2026-04-28,VAL,BULL,81.41999816894531,75.54,110.82,-1.0,1,0
JAIBALAJI,MBAG_V1_CHAMP_BASE60_T3R,2026-05-11,VAL,BULL,86.18000030517578,77.46,112.34,-1.0,1,0
JAMNAAUTO,MBAG_V1_CHAMP_BASE60_T3R,2025-11-27,DEV,BULL,114.25,103.68,145.96,1.1,0,0
JAMNAAUTO,MBAG_V3A_40D_MICRO_SURGE_T3_5R,2025-11-27,DEV,BULL,114.25,106.64,140.88,2.41,0,0
JAMNAAUTO,MBAG_V3B_60D_VOLUME_ANOMALY_T4R,2025-11-27,DEV,BULL,114.25,106.64,144.69,1.87,0,0
JAMNAAUTO,MBAG_V3D_60D_CONVEX_RUNNER_T5R,2025-11-27,DEV,BULL,114.25,107.49,148.05,2.02,0,0
JAMNAAUTO,MBAG_V1_CHAMP_BASE60_T3R,2025-12-02,DEV,BULL,122.37999725341797,110.97,156.61,0.37,0,0
JAMNAAUTO,MBAG_V3A_40D_MICRO_SURGE_T3_5R,2025-12-02,DEV,BULL,122.37999725341797,114.16,151.15,1.19,0,0
JAMNAAUTO,MBAG_V3B_60D_VOLUME_ANOMALY_T4R,2025-12-02,DEV,BULL,122.37999725341797,114.16,155.26,0.52,0,0
JAMNAAUTO,MBAG_V3D_60D_CONVEX_RUNNER_T5R,2025-12-02,DEV,BULL,122.37999725341797,115.08,158.88,-1.0,1,0
JAMNAAUTO,MBAG_V1_CHAMP_BASE60_T3R,2026-01-02,VAL,BULL,132.57000732421875,123.64,159.36,-1.0,1,0
JAMNAAUTO,MBAG_V2A_CONVEX_CAT_90D_T4R,2026-01-02,VAL,BULL,132.57000732421875,125.43,161.13,-1.0,1,0
JAMNAAUTO,MBAG_V3A_40D_MICRO_SURGE_T3_5R,2026-01-02,VAL,BULL,132.57000732421875,126.14,155.08,-1.0,1,0
JAMNAAUTO,MBAG_V3B_60D_VOLUME_ANOMALY_T4R,2026-01-02,VAL,BULL,132.57000732421875,126.14,158.29,-1.0,1,0
JAMNAAUTO,MBAG_V3C_90D_MULTI_REGIME_T4R,2026-01-02,VAL,BULL,132.57000732421875,125.43,161.13,-1.0,1,0
JAMNAAUTO,MBAG_V3D_60D_CONVEX_RUNNER_T5R,2026-01-02,VAL,BULL,132.57000732421875,126.86,161.12,-1.0,1,0
JAMNAAUTO,MBAG_V1_CHAMP_BASE60_T3R,2026-07-02,HOLDOUT,BULL,139.4600067138672,130.46,166.46,-1.0,1,0
JAMNAAUTO,MBAG_V3A_40D_MICRO_SURGE_T3_5R,2026-07-02,HOLDOUT,BULL,139.4600067138672,132.98,162.14,-1.0,1,0
JAMNAAUTO,MBAG_V3B_60D_VOLUME_ANOMALY_T4R,2026-07-02,HOLDOUT,BULL,139.4600067138672,132.98,165.38,-1.0,1,0
JAMNAAUTO,MBAG_V3D_60D_CONVEX_RUNNER_T5R,2026-07-02,HOLDOUT,BULL,139.4600067138672,133.7,168.26,-1.0,1,0
JAYKAY,MBAG_V1_CHAMP_BASE60_T3R,2026-04-28,VAL,BULL,185.16000366210938,162.98,251.7,-1.0,1,0
JAYKAY,MBAG_V3A_40D_MICRO_SURGE_T3_5R,2026-04-28,VAL,BULL,185.16000366210938,169.19,241.06,-1.0,1,0
JAYKAY,MBAG_V3B_60D_VOLUME_ANOMALY_T4R,2026-04-28,VAL,BULL,185.16000366210938,169.19,249.04,-1.0,1,0
JAYKAY,MBAG_V3D_60D_CONVEX_RUNNER_T5R,2026-04-28,VAL,BULL,185.16000366210938,170.96,256.16,-1.0,1,0
JAYKAY,MBAG_V2A_CONVEX_CAT_90D_T4R,2026-05-25,VAL,BULL,197.7100067138672,175.05,288.35,-1.0,1,0
JAYKAY,MBAG_V3A_40D_MICRO_SURGE_T3_5R,2026-05-25,VAL,BULL,197.7100067138672,177.32,269.08,-1.0,1,0
JAYKAY,MBAG_V3B_60D_VOLUME_ANOMALY_T4R,2026-05-25,VAL,BULL,197.7100067138672,177.32,279.27,-1.0,1,0
JAYKAY,MBAG_V3C_90D_MULTI_REGIME_T4R,2026-05-25,VAL,BULL,197.7100067138672,175.05,288.35,-1.0,1,0
JAYKAY,MBAG_V3D_60D_CONVEX_RUNNER_T5R,2026-05-25,VAL,BULL,197.7100067138672,179.58,288.36,-1.0,1,0
JAYKAY,MBAG_V2A_CONVEX_CAT_90D_T4R,2026-05-27,VAL,BULL,213.94000244140625,190.45,307.9,-1.0,1,0
JAYKAY,MBAG_V3C_90D_MULTI_REGIME_T4R,2026-05-27,VAL,BULL,213.94000244140625,190.45,307.9,-1.0,1,0
JAYKAY,MBAG_V3D_60D_CONVEX_RUNNER_T5R,2026-05-27,VAL,BULL,213.94000244140625,195.15,307.89,-1.0,1,0
JAYNECOIND,MBAG_V1_CHAMP_BASE60_T3R,2025-09-22,DEV,BULL,849.7085363232015,832.02,902.77,3.0,0,1
JAYNECOIND,MBAG_V1_CHAMP_BASE60_T3R,2025-09-29,DEV,BULL,896.7346917611877,877.47,954.53,3.0,0,1
JAYNECOIND,MBAG_V1_CHAMP_BASE60_T3R,2025-10-14,DEV,BULL,960.1932144047868,940.48,1019.33,3.0,0,1
JAYNECOIND,MBAG_V1_CHAMP_BASE60_T3R,2025-11-04,DEV,BULL,1045.6515055492393,1024.28,1109.77,3.0,0,1
JAYNECOIND,MBAG_V1_CHAMP_BASE60_T3R,2025-11-06,DEV,BULL,1083.9109931383723,1060.56,1153.96,3.0,0,1
JAYNECOIND,MBAG_V1_CHAMP_BASE60_T3R,2025-11-19,DEV,BULL,1156.6598630530275,1131.82,1231.18,1.46,0,0
JAYNECOIND,MBAG_V1_CHAMP_BASE60_T3R,2025-12-05,DEV,BULL,1217.1671052816118,1191.27,1294.86,-1.0,1,0
JBCHEPHARM,MBAG_V1_CHAMP_BASE60_T3R,2025-11-10,DEV,BULL,1793.7249755859375,1730.62,1983.04,-1.0,1,0
JBMA,MBAG_V1_CHAMP_BASE60_T3R,2025-12-09,DEV,BULL,1722.7740520199357,1687.15,1829.65,3.0,0,1
JBMA,MBAG_V1_CHAMP_BASE60_T3R,2025-12-15,DEV,BULL,1783.639563579998,1743.8,1903.16,3.0,0,1
JBMA,MBAG_V1_CHAMP_BASE60_T3R,2026-01-15,VAL,BULL,1988.37310738303,1944.18,2120.95,3.0,0,1
JBMA,MBAG_V1_CHAMP_BASE60_T3R,2026-01-21,VAL,BULL,2090.807534349112,2048.37,2218.12,-1.0,1,0
JBMA,MBAG_V1_CHAMP_BASE60_T3R,2026-02-12,VAL,BULL,2314.645094837031,2266.35,2459.53,-1.0,1,0
JGCHEM,MBAG_V3A_40D_MICRO_SURGE_T3_5R,2026-02-11,VAL,BULL,401.95001220703125,367.94,520.99,-1.0,1,0
JGCHEM,MBAG_V1_CHAMP_BASE60_T3R,2026-05-29,VAL,BULL,436.20001220703125,392.38,567.66,-0.44,0,0
JGCHEM,MBAG_V2A_CONVEX_CAT_90D_T4R,2026-05-29,VAL,BULL,436.20001220703125,401.14,576.44,0.57,0,0
JGCHEM,MBAG_V2B_EXPANSION_120D_T5R,2026-05-29,VAL,BULL,436.20001220703125,404.65,593.95,2.19,0,0
JGCHEM,MBAG_V3A_40D_MICRO_SURGE_T3_5R,2026-05-29,VAL,BULL,436.20001220703125,404.65,546.63,-0.44,0,0
JGCHEM,MBAG_V3B_60D_VOLUME_ANOMALY_T4R,2026-05-29,VAL,BULL,436.20001220703125,404.65,562.4,0.64,0,0
JGCHEM,MBAG_V3C_90D_MULTI_REGIME_T4R,2026-05-29,VAL,BULL,436.20001220703125,401.14,576.44,0.57,0,0
JGCHEM,MBAG_V3D_60D_CONVEX_RUNNER_T5R,2026-05-29,VAL,BULL,436.20001220703125,408.15,576.45,-1.0,1,0
JGCHEM,MBAG_V1_CHAMP_BASE60_T3R,2026-07-10,HOLDOUT,BULL,456.3500061035156,423.15,555.95,3.0,0,1
JGCHEM,MBAG_V2A_CONVEX_CAT_90D_T4R,2026-07-10,HOLDOUT,BULL,456.3500061035156,429.79,562.59,4.0,0,1
JGCHEM,MBAG_V3A_40D_MICRO_SURGE_T3_5R,2026-07-10,HOLDOUT,BULL,456.3500061035156,432.45,540.0,3.5,0,1
JGCHEM,MBAG_V3C_90D_MULTI_REGIME_T4R,2026-07-10,HOLDOUT,BULL,456.3500061035156,429.79,562.59,4.0,0,1
JGCHEM,MBAG_V3D_60D_CONVEX_RUNNER_T5R,2026-07-10,HOLDOUT,BULL,456.3500061035156,435.1,562.6,5.0,0,1
JINDALSAW,MBAG_V1_CHAMP_BASE60_T3R,2025-11-21,DEV,BULL,2565.3729591294837,2511.77,2726.18,-1.0,1,0
JINDALSTEL,MBAG_V1_CHAMP_BASE60_T3R,2025-12-18,DEV,BULL,2134.1666542013013,2088.53,2271.08,1.45,0,0
JINDALSTEL,MBAG_V1_CHAMP_BASE60_T3R,2025-12-19,DEV,BULL,2163.8522875457043,2117.38,2303.27,-1.0,1,0
JINDALSTEL,MBAG_V1_CHAMP_BASE60_T3R,2025-12-22,DEV,BULL,2186.025719731871,2136.92,2333.34,-1.0,1,0
JKPAPER,MBAG_V1_CHAMP_BASE60_T3R,2025-11-04,DEV,BULL,1706.260593364166,1668.04,1820.92,-1.0,1,0
JKPAPER,MBAG_V1_CHAMP_BASE60_T3R,2025-12-18,DEV,BULL,1901.5396584742748,1858.81,2029.73,-1.0,1,0
JKTYRE,MBAG_V1_CHAMP_BASE60_T3R,2025-10-20,DEV,BULL,418.45001220703125,393.5,493.3,1.13,0,0
JKTYRE,MBAG_V3A_40D_MICRO_SURGE_T3_5R,2025-10-20,DEV,BULL,418.45001220703125,400.49,481.31,2.09,0,0
JKTYRE,MBAG_V3B_60D_VOLUME_ANOMALY_T4R,2025-10-20,DEV,BULL,418.45001220703125,400.49,490.29,2.56,0,0
JKTYRE,MBAG_V3D_60D_CONVEX_RUNNER_T5R,2025-10-20,DEV,BULL,418.45001220703125,402.48,498.3,1.66,0,0
JKTYRE,MBAG_V1_CHAMP_BASE60_T3R,2025-11-04,DEV,BULL,453.29998779296875,416.29,564.33,0.3,0,0
JKTYRE,MBAG_V3A_40D_MICRO_SURGE_T3_5R,2025-11-04,DEV,BULL,453.29998779296875,426.65,546.57,-0.31,0,0
JKTYRE,MBAG_V3B_60D_VOLUME_ANOMALY_T4R,2025-11-04,DEV,BULL,453.29998779296875,426.65,559.9,0.43,0,0
JKTYRE,MBAG_V3D_60D_CONVEX_RUNNER_T5R,2025-11-04,DEV,BULL,453.29998779296875,429.61,571.75,2.33,0,0
JKTYRE,MBAG_V1_CHAMP_BASE60_T3R,2025-12-19,DEV,BULL,485.75,448.82,596.54,0.57,0,0
JKTYRE,MBAG_V2A_CONVEX_CAT_90D_T4R,2025-12-19,DEV,BULL,485.75,456.21,603.91,1.64,0,0
JKTYRE,MBAG_V3A_40D_MICRO_SURGE_T3_5R,2025-12-19,DEV,BULL,485.75,459.16,578.81,0.93,0,0
JKTYRE,MBAG_V3B_60D_VOLUME_ANOMALY_T4R,2025-12-19,DEV,BULL,485.75,459.16,592.11,1.82,0,0
JKTYRE,MBAG_V3C_90D_MULTI_REGIME_T4R,2025-12-19,DEV,BULL,485.75,456.21,603.91,1.64,0,0
JKTYRE,MBAG_V3D_60D_CONVEX_RUNNER_T5R,2025-12-19,DEV,BULL,485.75,462.12,603.9,3.64,0,0
JKTYRE,MBAG_V1_CHAMP_BASE60_T3R,2025-12-23,DEV,BULL,510.29998779296875,469.46,632.82,0.02,0,0
JKTYRE,MBAG_V2A_CONVEX_CAT_90D_T4R,2025-12-23,DEV,BULL,510.29998779296875,477.63,640.98,0.79,0,0
JKTYRE,MBAG_V3A_40D_MICRO_SURGE_T3_5R,2025-12-23,DEV,BULL,510.29998779296875,480.9,613.2,-0.21,0,0
JKTYRE,MBAG_V3B_60D_VOLUME_ANOMALY_T4R,2025-12-23,DEV,BULL,510.29998779296875,480.9,627.9,0.88,0,0
JKTYRE,MBAG_V3C_90D_MULTI_REGIME_T4R,2025-12-23,DEV,BULL,510.29998779296875,477.63,640.98,0.79,0,0
JKTYRE,MBAG_V3D_60D_CONVEX_RUNNER_T5R,2025-12-23,DEV,BULL,510.29998779296875,484.16,641.0,-1.0,1,0
JKTYRE,MBAG_V1_CHAMP_BASE60_T3R,2026-02-04,VAL,BULL,546.5,503.29,676.13,-1.0,1,0
JKTYRE,MBAG_V1_CHAMP_BASE60_T3R,2026-02-09,VAL,BULL,555.8499755859375,502.15,716.95,-1.0,1,0
JKTYRE,MBAG_V2A_CONVEX_CAT_90D_T4R,2026-02-09,VAL,BULL,555.8499755859375,512.89,727.69,-1.0,1,0
JKTYRE,MBAG_V2B_EXPANSION_120D_T5R,2026-02-09,VAL,BULL,555.8499755859375,517.19,749.15,-1.0,1,0
JKTYRE,MBAG_V3A_40D_MICRO_SURGE_T3_5R,2026-02-09,VAL,BULL,555.8499755859375,517.19,691.16,-1.0,1,0
JKTYRE,MBAG_V3B_60D_VOLUME_ANOMALY_T4R,2026-02-09,VAL,BULL,555.8499755859375,517.19,710.49,-1.0,1,0
JKTYRE,MBAG_V3C_90D_MULTI_REGIME_T4R,2026-02-09,VAL,BULL,555.8499755859375,512.89,727.69,-1.0,1,0
JKTYRE,MBAG_V3D_60D_CONVEX_RUNNER_T5R,2026-02-09,VAL,BULL,555.8499755859375,521.48,727.7,-1.0,1,0
JKTYRE,MBAG_V1_CHAMP_BASE60_T3R,2026-02-11,VAL,BULL,604.9000244140625,547.49,777.13,-1.0,1,0
JKTYRE,MBAG_V2A_CONVEX_CAT_90D_T4R,2026-02-11,VAL,BULL,604.9000244140625,558.97,788.62,-1.0,1,0
JKTYRE,MBAG_V2B_EXPANSION_120D_T5R,2026-02-11,VAL,BULL,604.9000244140625,563.56,811.6,-1.0,1,0
JKTYRE,MBAG_V3A_40D_MICRO_SURGE_T3_5R,2026-02-11,VAL,BULL,604.9000244140625,563.56,749.59,-1.0,1,0
JKTYRE,MBAG_V3B_60D_VOLUME_ANOMALY_T4R,2026-02-11,VAL,BULL,604.9000244140625,563.56,770.26,-1.0,1,0
JKTYRE,MBAG_V3C_90D_MULTI_REGIME_T4R,2026-02-11,VAL,BULL,604.9000244140625,558.97,788.62,-1.0,1,0
JKTYRE,MBAG_V3D_60D_CONVEX_RUNNER_T5R,2026-02-11,VAL,BULL,604.9000244140625,568.16,788.6,-1.0,1,0
JLHL,MBAG_V1_CHAMP_BASE60_T3R,2025-09-09,DEV,BULL,1752.770543965739,1712.43,1873.79,-1.0,1,0
JPPOWER,MBAG_V1_CHAMP_BASE60_T3R,2025-09-08,DEV,BULL,1967.9087007931419,1926.67,2091.62,-1.0,1,0
JPPOWER,MBAG_V1_CHAMP_BASE60_T3R,2026-06-09,HOLDOUT,BULL,2264.2303265803516,2218.23,2402.23,3.0,0,1
JPPOWER,MBAG_V1_CHAMP_BASE60_T3R,2026-06-12,HOLDOUT,BULL,2303.0278406645393,2253.64,2451.19,3.0,0,1
JSL,MBAG_V1_CHAMP_BASE60_T3R,2025-12-30,DEV,BULL,834.9666137695312,783.48,989.43,-1.0,1,0
JSL,MBAG_V2A_CONVEX_CAT_90D_T4R,2025-12-30,DEV,BULL,834.9666137695312,793.77,999.75,-1.0,1,0
JSL,MBAG_V3A_40D_MICRO_SURGE_T3_5R,2025-12-30,DEV,BULL,834.9666137695312,797.89,964.73,-1.0,1,0
JSL,MBAG_V3B_60D_VOLUME_ANOMALY_T4R,2025-12-30,DEV,BULL,834.9666137695312,797.89,983.27,-1.0,1,0
JSL,MBAG_V3C_90D_MULTI_REGIME_T4R,2025-12-30,DEV,BULL,834.9666137695312,793.77,999.75,-1.0,1,0
JSL,MBAG_V3D_60D_CONVEX_RUNNER_T5R,2025-12-30,DEV,BULL,834.9666137695312,802.01,999.75,-1.0,1,0
JSLL,MBAG_V3A_40D_MICRO_SURGE_T3_5R,2026-05-05,VAL,BULL,719.2000122070312,675.22,873.13,-1.0,1,0
JSWCEMENT,MBAG_V1_CHAMP_BASE60_T3R,2025-12-04,DEV,BULL,1915.555875668488,1877.2,2030.62,-1.0,1,0
JSWCEMENT,MBAG_V1_CHAMP_BASE60_T3R,2026-03-12,VAL,BULL,2213.556841539312,2168.62,2348.37,-1.0,1,0
JSWCEMENT,MBAG_V1_CHAMP_BASE60_T3R,2026-03-13,VAL,BULL,2218.0831914142345,2171.39,2358.16,-1.0,1,0
JSWCEMENT,MBAG_V1_CHAMP_BASE60_T3R,2026-03-16,VAL,BULL,2259.43395139544,2211.41,2403.51,-1.0,1,0
JSWENERGY,MBAG_V1_CHAMP_BASE60_T3R,2025-10-03,DEV,BULL,983.4535381140219,963.43,1043.52,-1.0,1,0
JSWENERGY,MBAG_V1_CHAMP_BASE60_T3R,2026-06-22,HOLDOUT,BULL,1061.299954920793,1036.46,1135.82,-1.0,1,0
JSWINFRA,MBAG_V1_CHAMP_BASE60_T3R,2026-06-18,HOLDOUT,BULL,307.95001220703125,284.28,378.96,1.32,0,0
JSWINFRA,MBAG_V2A_CONVEX_CAT_90D_T4R,2026-06-18,HOLDOUT,BULL,307.95001220703125,289.02,383.67,0.59,0,0
JSWINFRA,MBAG_V2B_EXPANSION_120D_T5R,2026-06-18,HOLDOUT,BULL,307.95001220703125,290.91,393.15,1.96,0,0
JSWINFRA,MBAG_V3A_40D_MICRO_SURGE_T3_5R,2026-06-18,HOLDOUT,BULL,307.95001220703125,290.91,367.59,0.97,0,0
JSWINFRA,MBAG_V3B_60D_VOLUME_ANOMALY_T4R,2026-06-18,HOLDOUT,BULL,307.95001220703125,290.91,376.11,0.65,0,0
JSWINFRA,MBAG_V3C_90D_MULTI_REGIME_T4R,2026-06-18,HOLDOUT,BULL,307.95001220703125,289.02,383.67,0.59,0,0
JSWINFRA,MBAG_V3D_60D_CONVEX_RUNNER_T5R,2026-06-18,HOLDOUT,BULL,307.95001220703125,292.8,383.7,1.29,0,0
JSWINFRA,MBAG_V1_CHAMP_BASE60_T3R,2026-06-23,HOLDOUT,BULL,314.95001220703125,290.4,388.6,1.21,0,0
JSWINFRA,MBAG_V2A_CONVEX_CAT_90D_T4R,2026-06-23,HOLDOUT,BULL,314.95001220703125,295.31,393.51,0.73,0,0
JSWINFRA,MBAG_V2B_EXPANSION_120D_T5R,2026-06-23,HOLDOUT,BULL,314.95001220703125,297.27,403.35,0.77,0,0
JSWINFRA,MBAG_V3A_40D_MICRO_SURGE_T3_5R,2026-06-23,HOLDOUT,BULL,314.95001220703125,297.27,376.83,0.18,0,0
JSWINFRA,MBAG_V3B_60D_VOLUME_ANOMALY_T4R,2026-06-23,HOLDOUT,BULL,314.95001220703125,297.27,385.67,0.81,0,0
JSWINFRA,MBAG_V3C_90D_MULTI_REGIME_T4R,2026-06-23,HOLDOUT,BULL,314.95001220703125,295.31,393.51,0.73,0,0
JSWINFRA,MBAG_V3D_60D_CONVEX_RUNNER_T5R,2026-06-23,HOLDOUT,BULL,314.95001220703125,299.24,393.5,1.71,0,0
JSWINFRA,MBAG_V1_CHAMP_BASE60_T3R,2026-06-24,HOLDOUT,BULL,338.3999938964844,310.54,421.98,-0.3,0,0
JSWINFRA,MBAG_V2A_CONVEX_CAT_90D_T4R,2026-06-24,HOLDOUT,BULL,338.3999938964844,316.11,427.56,-1.0,1,0
JSWINFRA,MBAG_V2B_EXPANSION_120D_T5R,2026-06-24,HOLDOUT,BULL,338.3999938964844,318.34,438.7,-1.0,1,0
JSWINFRA,MBAG_V3A_40D_MICRO_SURGE_T3_5R,2026-06-24,HOLDOUT,BULL,338.3999938964844,318.34,408.61,-1.0,1,0
JSWINFRA,MBAG_V3B_60D_VOLUME_ANOMALY_T4R,2026-06-24,HOLDOUT,BULL,338.3999938964844,318.34,418.64,-1.0,1,0
JSWINFRA,MBAG_V3C_90D_MULTI_REGIME_T4R,2026-06-24,HOLDOUT,BULL,338.3999938964844,316.11,427.56,-1.0,1,0
JSWINFRA,MBAG_V3D_60D_CONVEX_RUNNER_T5R,2026-06-24,HOLDOUT,BULL,338.3999938964844,320.57,427.55,-1.0,1,0
JSWSTEEL,MBAG_V1_CHAMP_BASE60_T3R,2025-08-18,DEV,BULL,1073.6331787109375,1013.96,1252.65,0.59,0,0
JSWSTEEL,MBAG_V3C_90D_MULTI_REGIME_T4R,2025-08-18,DEV,BULL,1073.6331787109375,1025.89,1264.61,-1.0,1,0
JSWSTEEL,MBAG_V1_CHAMP_BASE60_T3R,2025-09-08,DEV,BULL,1095.10986328125,1048.01,1236.41,1.17,0,0
JSWSTEEL,MBAG_V3C_90D_MULTI_REGIME_T4R,2025-09-08,DEV,BULL,1095.10986328125,1057.43,1245.83,1.35,0,0
JSWSTEEL,MBAG_V1_CHAMP_BASE60_T3R,2025-09-23,DEV,BULL,1131.8985595703125,1089.2,1259.99,-0.0,0,0
JSWSTEEL,MBAG_V1_CHAMP_BASE60_T3R,2025-09-24,DEV,BULL,1142.537353515625,1096.69,1280.08,-0.17,0,0
JSWSTEEL,MBAG_V1_CHAMP_BASE60_T3R,2025-10-28,DEV,BULL,1177.4368896484375,1120.98,1346.81,-1.0,1,0
JSWSTEEL,MBAG_V2A_CONVEX_CAT_90D_T4R,2025-10-28,DEV,BULL,1177.4368896484375,1132.27,1358.1,-1.0,1,0
JSWSTEEL,MBAG_V3A_40D_MICRO_SURGE_T3_5R,2025-10-28,DEV,BULL,1177.4368896484375,1136.78,1319.74,-1.0,1,0
JSWSTEEL,MBAG_V3C_90D_MULTI_REGIME_T4R,2025-10-28,DEV,BULL,1177.4368896484375,1132.27,1358.1,-1.0,1,0
JSWSTEEL,MBAG_V3D_60D_CONVEX_RUNNER_T5R,2025-10-28,DEV,BULL,1177.4368896484375,1141.3,1358.12,-1.0,1,0
JSWSTEEL,MBAG_V1_CHAMP_BASE60_T3R,2025-10-29,DEV,BULL,1201.0015869140625,1141.27,1380.2,-1.0,1,0
JSWSTEEL,MBAG_V2A_CONVEX_CAT_90D_T4R,2025-10-29,DEV,BULL,1201.0015869140625,1153.22,1392.13,-1.0,1,0
JSWSTEEL,MBAG_V3A_40D_MICRO_SURGE_T3_5R,2025-10-29,DEV,BULL,1201.0015869140625,1158.0,1351.51,-1.0,1,0
JSWSTEEL,MBAG_V3C_90D_MULTI_REGIME_T4R,2025-10-29,DEV,BULL,1201.0015869140625,1153.22,1392.13,-1.0,1,0
JSWSTEEL,MBAG_V3D_60D_CONVEX_RUNNER_T5R,2025-10-29,DEV,BULL,1201.0015869140625,1162.78,1392.11,-1.0,1,0
JSWSTEEL,MBAG_V1_CHAMP_BASE60_T3R,2026-01-27,VAL,BULL,1215.0211181640625,1150.66,1408.1,0.5,0,0
JSWSTEEL,MBAG_V3D_60D_CONVEX_RUNNER_T5R,2026-01-27,VAL,BULL,1215.0211181640625,1173.83,1420.98,-1.0,1,0
JSWSTEEL,MBAG_V1_CHAMP_BASE60_T3R,2026-01-29,VAL,BULL,1230.4324951171875,1167.72,1418.57,-1.0,1,0
JSWSTEEL,MBAG_V1_CHAMP_BASE60_T3R,2026-02-25,VAL,BULL,1267.7183837890625,1212.52,1433.31,-1.0,1,0
JUBLINGREA,MBAG_V1_CHAMP_BASE60_T3R,2026-04-22,VAL,BULL,696.6046752929688,625.79,909.05,0.51,0,0
JUBLINGREA,MBAG_V3A_40D_MICRO_SURGE_T3_5R,2026-04-22,VAL,BULL,696.6046752929688,645.62,875.05,-0.36,0,0
JUBLINGREA,MBAG_V3B_60D_VOLUME_ANOMALY_T4R,2026-04-22,VAL,BULL,696.6046752929688,645.62,900.54,-1.0,1,0
JUBLINGREA,MBAG_V3D_60D_CONVEX_RUNNER_T5R,2026-04-22,VAL,BULL,696.6046752929688,651.28,923.23,-1.0,1,0
JUBLPHARMA,MBAG_V1_CHAMP_BASE60_T3R,2025-11-06,DEV,BULL,1827.68232115746,1788.8,1944.33,3.0,0,1
JUBLPHARMA,MBAG_V1_CHAMP_BASE60_T3R,2025-12-09,DEV,BULL,2196.7112207471737,2148.54,2341.22,3.0,0,1
JUSTDIAL,MBAG_V1_CHAMP_BASE60_T3R,2025-09-09,DEV,BULL,1253.7486044401276,1226.91,1334.26,-1.0,1,0
JUSTDIAL,MBAG_V1_CHAMP_BASE60_T3R,2025-09-10,DEV,BULL,1276.3755717621352,1249.69,1356.43,-1.0,1,0
JWL,MBAG_V1_CHAMP_BASE60_T3R,2025-07-25,DEV,BULL,2816.8850899048143,2758.52,2991.98,-0.53,0,0
JWL,MBAG_V1_CHAMP_BASE60_T3R,2025-09-26,DEV,BULL,3191.780361426515,3126.93,3386.33,-1.0,1,0
JWL,MBAG_V1_CHAMP_BASE60_T3R,2025-10-01,DEV,BULL,3261.382849852691,3195.27,3459.72,-1.0,1,0
JWL,MBAG_V1_CHAMP_BASE60_T3R,2026-06-17,HOLDOUT,BULL,3258.1596259987527,3188.6,3466.84,-1.0,1,0
JYOTICNC,MBAG_V1_CHAMP_BASE60_T3R,2025-10-03,DEV,BULL,1515.9404547834408,1453.73,1702.57,-1.0,1,0
JYOTICNC,MBAG_V3A_40D_MICRO_SURGE_T3_5R,2025-10-03,DEV,BULL,1515.9404547834408,1471.15,1672.71,-1.0,1,0
JYOTICNC,MBAG_V3D_60D_CONVEX_RUNNER_T5R,2025-10-03,DEV,BULL,1515.9404547834408,1476.13,1714.99,-1.0,1,0
JYOTICNC,MBAG_V1_CHAMP_BASE60_T3R,2025-10-17,DEV,BULL,1585.9492903006158,1522.5,1776.3,-1.0,1,0
JYOTICNC,MBAG_V3C_90D_MULTI_REGIME_T4R,2025-10-17,DEV,BULL,1585.9492903006158,1535.19,1788.99,-1.0,1,0
JYOTICNC,MBAG_V1_CHAMP_BASE60_T3R,2025-10-27,DEV,BULL,1606.5469681429538,1568.61,1720.36,-1.0,1,0
JYOTICNC,MBAG_V1_CHAMP_BASE60_T3R,2025-10-28,DEV,BULL,1636.369169361339,1596.67,1755.47,-1.0,1,0
JYOTICNC,MBAG_V1_CHAMP_BASE60_T3R,2025-10-31,DEV,BULL,1644.4128922593359,1598.57,1781.94,-1.0,1,0
JYOTICNC,MBAG_V2A_CONVEX_CAT_90D_T4R,2025-10-31,DEV,BULL,1644.4128922593359,1607.74,1791.1,-1.0,1,0
JYOTICNC,MBAG_V3A_40D_MICRO_SURGE_T3_5R,2025-10-31,DEV,BULL,1644.4128922593359,1611.4,1759.96,-1.0,1,0
JYOTICNC,MBAG_V3C_90D_MULTI_REGIME_T4R,2025-10-31,DEV,BULL,1644.4128922593359,1607.74,1791.1,-1.0,1,0
JYOTICNC,MBAG_V1_CHAMP_BASE60_T3R,2025-11-05,DEV,BULL,1671.1032094462112,1616.71,1834.28,-1.0,1,0
JYOTICNC,MBAG_V3C_90D_MULTI_REGIME_T4R,2025-11-05,DEV,BULL,1671.1032094462112,1627.59,1845.16,-1.0,1,0
JYOTICNC,MBAG_V1_CHAMP_BASE60_T3R,2025-12-02,DEV,BULL,1684.9591639437579,1629.79,1850.47,-1.0,1,0
JYOTICNC,MBAG_V2A_CONVEX_CAT_90D_T4R,2025-12-02,DEV,BULL,1684.9591639437579,1640.82,1861.52,-1.0,1,0
JYOTICNC,MBAG_V3C_90D_MULTI_REGIME_T4R,2025-12-02,DEV,BULL,1684.9591639437579,1640.82,1861.52,-1.0,1,0
JYOTICNC,MBAG_V3D_60D_CONVEX_RUNNER_T5R,2025-12-02,DEV,BULL,1684.9591639437579,1649.65,1861.5,-1.0,1,0
JYOTICNC,MBAG_V1_CHAMP_BASE60_T3R,2025-12-16,DEV,BULL,1722.9879999012303,1656.37,1922.84,-1.0,1,0
JYOTICNC,MBAG_V3C_90D_MULTI_REGIME_T4R,2025-12-16,DEV,BULL,1722.9879999012303,1669.7,1936.14,-1.0,1,0
JYOTICNC,MBAG_V1_CHAMP_BASE60_T3R,2026-01-05,VAL,BULL,1734.0254306644908,1682.67,1888.09,-1.0,1,0
JYOTICNC,MBAG_V2A_CONVEX_CAT_90D_T4R,2026-01-05,VAL,BULL,1734.0254306644908,1692.94,1898.37,-1.0,1,0
JYOTICNC,MBAG_V2B_EXPANSION_120D_T5R,2026-01-05,VAL,BULL,1734.0254306644908,1697.05,1918.9,-1.0,1,0
JYOTICNC,MBAG_V3A_40D_MICRO_SURGE_T3_5R,2026-01-05,VAL,BULL,1734.0254306644908,1697.05,1863.44,-1.0,1,0
JYOTICNC,MBAG_V3B_60D_VOLUME_ANOMALY_T4R,2026-01-05,VAL,BULL,1734.0254306644908,1697.05,1881.93,-1.0,1,0
JYOTICNC,MBAG_V3C_90D_MULTI_REGIME_T4R,2026-01-05,VAL,BULL,1734.0254306644908,1692.94,1898.37,-1.0,1,0
JYOTICNC,MBAG_V1_CHAMP_BASE60_T3R,2026-01-22,VAL,BULL,1738.9994370754057,1679.97,1916.09,-1.0,1,0
JYOTICNC,MBAG_V2A_CONVEX_CAT_90D_T4R,2026-01-22,VAL,BULL,1738.9994370754057,1691.77,1927.92,-1.0,1,0
JYOTICNC,MBAG_V2B_EXPANSION_120D_T5R,2026-01-22,VAL,BULL,1738.9994370754057,1696.5,1951.5,-1.0,1,0
JYOTICNC,MBAG_V3A_40D_MICRO_SURGE_T3_5R,2026-01-22,VAL,BULL,1738.9994370754057,1696.5,1887.75,-1.0,1,0
JYOTICNC,MBAG_V3B_60D_VOLUME_ANOMALY_T4R,2026-01-22,VAL,BULL,1738.9994370754057,1696.5,1909.0,-1.0,1,0
JYOTICNC,MBAG_V3C_90D_MULTI_REGIME_T4R,2026-01-22,VAL,BULL,1738.9994370754057,1691.77,1927.92,-1.0,1,0
JYOTICNC,MBAG_V3D_60D_CONVEX_RUNNER_T5R,2026-01-22,VAL,BULL,1738.9994370754057,1701.22,1927.9,-1.0,1,0
JYOTICNC,MBAG_V1_CHAMP_BASE60_T3R,2026-02-16,VAL,BULL,1765.5041029667534,1702.06,1955.84,-1.0,1,0
JYOTICNC,MBAG_V3C_90D_MULTI_REGIME_T4R,2026-02-16,VAL,BULL,1765.5041029667534,1714.75,1968.52,-1.0,1,0
JYOTICNC,MBAG_V1_CHAMP_BASE60_T3R,2026-02-26,VAL,BULL,1794.980300728623,1748.29,1935.05,-1.0,1,0
JYOTICNC,MBAG_V3C_90D_MULTI_REGIME_T4R,2026-02-26,VAL,BULL,1794.980300728623,1757.63,1944.38,-1.0,1,0
JYOTICNC,MBAG_V1_CHAMP_BASE60_T3R,2026-05-21,VAL,BULL,1708.6927237269217,1660.22,1854.11,-1.0,1,0
KAJARIACER,MBAG_V1_CHAMP_BASE60_T3R,2026-04-08,VAL,NEUTRAL,1058.949951171875,944.89,1401.13,0.35,0,0
KAJARIACER,MBAG_V1_CHAMP_BASE60_T3R,2026-04-09,VAL,NEUTRAL,1094.4000244140625,978.37,1442.49,0.08,0,0
KALYANKJIL,MBAG_V3A_40D_MICRO_SURGE_T3_5R,2026-01-07,VAL,BULL,520.75,499.5,595.12,-1.0,1,0
KALYANKJIL,MBAG_V3A_40D_MICRO_SURGE_T3_5R,2026-04-08,VAL,BEAR,445.54998779296875,415.73,549.92,-1.0,1,0
KALYANKJIL,MBAG_V3A_40D_MICRO_SURGE_T3_5R,2026-07-09,HOLDOUT,BULL,443.0,413.36,546.74,3.5,0,1
KALYANKJIL,MBAG_V1_CHAMP_BASE60_T3R,2026-07-10,HOLDOUT,BULL,476.1499938964844,429.74,615.38,3.0,0,1
KALYANKJIL,MBAG_V2A_CONVEX_CAT_90D_T4R,2026-07-10,HOLDOUT,BULL,476.1499938964844,439.02,624.67,4.0,0,1
KALYANKJIL,MBAG_V3A_40D_MICRO_SURGE_T3_5R,2026-07-10,HOLDOUT,BULL,476.1499938964844,442.73,593.12,3.5,0,1
KALYANKJIL,MBAG_V3B_60D_VOLUME_ANOMALY_T4R,2026-07-10,HOLDOUT,BULL,476.1499938964844,442.73,609.83,4.0,0,1
KALYANKJIL,MBAG_V3C_90D_MULTI_REGIME_T4R,2026-07-10,HOLDOUT,BULL,476.1499938964844,439.02,624.67,4.0,0,1
KALYANKJIL,MBAG_V3D_60D_CONVEX_RUNNER_T5R,2026-07-10,HOLDOUT,BULL,476.1499938964844,446.45,624.65,5.0,0,1
KANSAINER,MBAG_V1_CHAMP_BASE60_T3R,2025-09-05,DEV,BULL,1057.682898944964,1034.11,1128.4,3.0,0,1
KANSAINER,MBAG_V1_CHAMP_BASE60_T3R,2025-10-07,DEV,BULL,1173.0706986001214,1148.18,1247.74,-1.0,1,0
KANSAINER,MBAG_V1_CHAMP_BASE60_T3R,2025-10-08,DEV,BULL,1181.0788491681824,1157.25,1252.57,-1.0,1,0
KANSAINER,MBAG_V1_CHAMP_BASE60_T3R,2026-05-05,VAL,BULL,1225.6713081641526,1200.64,1300.77,-1.0,1,0
KARURVYSYA,MBAG_V1_CHAMP_BASE60_T3R,2025-10-20,DEV,BULL,241.30999755859375,224.44,291.92,0.73,0,0
KARURVYSYA,MBAG_V3A_40D_MICRO_SURGE_T3_5R,2025-10-20,DEV,BULL,241.30999755859375,229.16,283.83,0.87,0,0
KARURVYSYA,MBAG_V3B_60D_VOLUME_ANOMALY_T4R,2025-10-20,DEV,BULL,241.30999755859375,229.16,289.91,0.66,0,0
KARURVYSYA,MBAG_V3D_60D_CONVEX_RUNNER_T5R,2025-10-20,DEV,BULL,241.30999755859375,230.51,295.31,-0.02,0,0
KARURVYSYA,MBAG_V1_CHAMP_BASE60_T3R,2025-12-26,DEV,BULL,262.80999755859375,247.43,308.95,0.17,0,0
KARURVYSYA,MBAG_V2A_CONVEX_CAT_90D_T4R,2025-12-26,DEV,BULL,262.80999755859375,250.51,312.01,4.0,0,1
KARURVYSYA,MBAG_V3A_40D_MICRO_SURGE_T3_5R,2025-12-26,DEV,BULL,262.80999755859375,251.74,301.55,-1.0,1,0
KARURVYSYA,MBAG_V3B_60D_VOLUME_ANOMALY_T4R,2025-12-26,DEV,BULL,262.80999755859375,251.74,307.09,-1.0,1,0
KARURVYSYA,MBAG_V3C_90D_MULTI_REGIME_T4R,2025-12-26,DEV,BULL,262.80999755859375,250.51,312.01,4.0,0,1
KARURVYSYA,MBAG_V3D_60D_CONVEX_RUNNER_T5R,2025-12-26,DEV,BULL,262.80999755859375,252.97,312.01,-1.0,1,0
KARURVYSYA,MBAG_V1_CHAMP_BASE60_T3R,2026-01-27,VAL,BULL,292.54998779296875,267.76,366.92,1.75,0,0
KARURVYSYA,MBAG_V2A_CONVEX_CAT_90D_T4R,2026-01-27,VAL,BULL,292.54998779296875,272.72,371.87,0.63,0,0
KARURVYSYA,MBAG_V2B_EXPANSION_120D_T5R,2026-01-27,VAL,BULL,292.54998779296875,274.7,381.8,-1.0,1,0
KARURVYSYA,MBAG_V3A_40D_MICRO_SURGE_T3_5R,2026-01-27,VAL,BULL,292.54998779296875,274.7,355.02,0.98,0,0
KARURVYSYA,MBAG_V3B_60D_VOLUME_ANOMALY_T4R,2026-01-27,VAL,BULL,292.54998779296875,274.7,363.95,0.69,0,0
KARURVYSYA,MBAG_V3C_90D_MULTI_REGIME_T4R,2026-01-27,VAL,BULL,292.54998779296875,272.72,371.87,0.63,0,0
KARURVYSYA,MBAG_V3D_60D_CONVEX_RUNNER_T5R,2026-01-27,VAL,BULL,292.54998779296875,276.69,371.85,-1.0,1,0
KARURVYSYA,MBAG_V1_CHAMP_BASE60_T3R,2026-02-24,VAL,BULL,336.04998779296875,312.73,406.01,-1.0,1,0
KARURVYSYA,MBAG_V3C_90D_MULTI_REGIME_T4R,2026-02-24,VAL,BULL,336.04998779296875,317.39,410.69,-1.0,1,0
KDDL,MBAG_V3A_40D_MICRO_SURGE_T3_5R,2026-04-22,VAL,BULL,2551.39990234375,2356.4,3233.9,-1.0,1,0
KDDL,MBAG_V1_CHAMP_BASE60_T3R,2026-05-20,VAL,BULL,2614.199951171875,2343.63,3425.91,1.07,0,0
KDDL,MBAG_V2A_CONVEX_CAT_90D_T4R,2026-05-20,VAL,BULL,2614.199951171875,2397.74,3480.04,3.19,0,0
KDDL,MBAG_V2B_EXPANSION_120D_T5R,2026-05-20,VAL,BULL,2614.199951171875,2419.39,3588.25,3.15,0,0
KDDL,MBAG_V3A_40D_MICRO_SURGE_T3_5R,2026-05-20,VAL,BULL,2614.199951171875,2419.39,3296.03,3.5,0,1
KDDL,MBAG_V3B_60D_VOLUME_ANOMALY_T4R,2026-05-20,VAL,BULL,2614.199951171875,2419.39,3393.44,4.0,0,1
KDDL,MBAG_V3C_90D_MULTI_REGIME_T4R,2026-05-20,VAL,BULL,2614.199951171875,2397.74,3480.04,3.19,0,0
KDDL,MBAG_V3D_60D_CONVEX_RUNNER_T5R,2026-05-20,VAL,BULL,2614.199951171875,2441.03,3480.05,2.56,0,0
KDDL,MBAG_V1_CHAMP_BASE60_T3R,2026-05-21,VAL,BULL,2883.699951171875,2606.61,3714.97,0.09,0,0
KDDL,MBAG_V2A_CONVEX_CAT_90D_T4R,2026-05-21,VAL,BULL,2883.699951171875,2662.03,3770.38,1.79,0,0
KDDL,MBAG_V2B_EXPANSION_120D_T5R,2026-05-21,VAL,BULL,2883.699951171875,2684.2,3881.2,-1.0,1,0
KDDL,MBAG_V3A_40D_MICRO_SURGE_T3_5R,2026-05-21,VAL,BULL,2883.699951171875,2684.2,3581.95,-1.0,1,0
KDDL,MBAG_V3B_60D_VOLUME_ANOMALY_T4R,2026-05-21,VAL,BULL,2883.699951171875,2684.2,3681.7,-1.0,1,0
KDDL,MBAG_V3C_90D_MULTI_REGIME_T4R,2026-05-21,VAL,BULL,2883.699951171875,2662.03,3770.38,1.79,0,0
KDDL,MBAG_V3D_60D_CONVEX_RUNNER_T5R,2026-05-21,VAL,BULL,2883.699951171875,2706.36,3770.4,-1.0,1,0
KDDL,MBAG_V1_CHAMP_BASE60_T3R,2026-06-22,HOLDOUT,BULL,3164.39990234375,2831.44,4163.28,0.08,0,0
KDDL,MBAG_V2A_CONVEX_CAT_90D_T4R,2026-06-22,HOLDOUT,BULL,3164.39990234375,2898.03,4229.88,1.12,0,0
KDDL,MBAG_V2B_EXPANSION_120D_T5R,2026-06-22,HOLDOUT,BULL,3164.39990234375,2924.67,4363.05,3.84,0,0
KDDL,MBAG_V3A_40D_MICRO_SURGE_T3_5R,2026-06-22,HOLDOUT,BULL,3164.39990234375,2924.67,4003.45,-0.19,0,0
KDDL,MBAG_V3B_60D_VOLUME_ANOMALY_T4R,2026-06-22,HOLDOUT,BULL,3164.39990234375,2924.67,4123.32,1.25,0,0
KDDL,MBAG_V3C_90D_MULTI_REGIME_T4R,2026-06-22,HOLDOUT,BULL,3164.39990234375,2898.03,4229.88,1.12,0,0
KDDL,MBAG_V3D_60D_CONVEX_RUNNER_T5R,2026-06-22,HOLDOUT,BULL,3164.39990234375,2951.3,4229.9,3.15,0,0
KEC,MBAG_V1_CHAMP_BASE60_T3R,2025-07-30,DEV,BULL,1008.5437364651666,984.29,1081.3,-1.0,1,0
KEC,MBAG_V1_CHAMP_BASE60_T3R,2025-09-03,DEV,BULL,1107.2500508575072,1083.99,1177.03,-1.0,1,0
KEC,MBAG_V1_CHAMP_BASE60_T3R,2025-09-04,DEV,BULL,1119.0538594548705,1096.57,1186.51,-1.0,1,0
KEC,MBAG_V1_CHAMP_BASE60_T3R,2025-09-05,DEV,BULL,1132.2129087963174,1108.7,1202.75,-1.0,1,0
KEC,MBAG_V1_CHAMP_BASE60_T3R,2025-10-31,DEV,BULL,1189.6533277306332,1163.12,1269.25,3.0,0,1
KEC,MBAG_V1_CHAMP_BASE60_T3R,2025-11-21,DEV,BULL,1293.301397417269,1265.44,1376.89,-1.0,1,0
KEI,MBAG_V3A_40D_MICRO_SURGE_T3_5R,2025-12-22,DEV,BULL,4436.34716796875,4236.85,5134.59,-1.0,1,0
KEI,MBAG_V1_CHAMP_BASE60_T3R,2026-03-02,VAL,BULL,5206.0,4832.21,6327.37,-1.0,1,0
KEI,MBAG_V2A_CONVEX_CAT_90D_T4R,2026-03-02,VAL,BULL,5206.0,4906.97,6402.12,-1.0,1,0
KEI,MBAG_V2B_EXPANSION_120D_T5R,2026-03-02,VAL,BULL,5206.0,4936.87,6551.65,-1.0,1,0
KEI,MBAG_V3A_40D_MICRO_SURGE_T3_5R,2026-03-02,VAL,BULL,5206.0,4936.87,6147.96,-1.0,1,0
KEI,MBAG_V3B_60D_VOLUME_ANOMALY_T4R,2026-03-02,VAL,BULL,5206.0,4936.87,6282.52,-1.0,1,0
KEI,MBAG_V3C_90D_MULTI_REGIME_T4R,2026-03-02,VAL,BULL,5206.0,4906.97,6402.12,-1.0,1,0
KEI,MBAG_V3D_60D_CONVEX_RUNNER_T5R,2026-03-02,VAL,BULL,5206.0,4966.78,6402.1,-1.0,1,0
KEI,MBAG_V1_CHAMP_BASE60_T3R,2026-06-17,HOLDOUT,BULL,5643.5,5205.68,6956.96,-1.0,1,0
KERNEX,MBAG_V1_CHAMP_BASE60_T3R,2026-05-07,VAL,BULL,1518.5,1379.53,1935.41,-1.0,1,0
KERNEX,MBAG_V2A_CONVEX_CAT_90D_T4R,2026-05-07,VAL,BULL,1518.5,1407.32,1963.22,-1.0,1,0
KERNEX,MBAG_V2B_EXPANSION_120D_T5R,2026-05-07,VAL,BULL,1518.5,1418.44,2018.8,-1.0,1,0
KERNEX,MBAG_V3A_40D_MICRO_SURGE_T3_5R,2026-05-07,VAL,BULL,1518.5,1418.44,1868.71,-1.0,1,0
KERNEX,MBAG_V3B_60D_VOLUME_ANOMALY_T4R,2026-05-07,VAL,BULL,1518.5,1418.44,1918.74,-1.0,1,0
KERNEX,MBAG_V3C_90D_MULTI_REGIME_T4R,2026-05-07,VAL,BULL,1518.5,1407.32,1963.22,-1.0,1,0
KERNEX,MBAG_V3D_60D_CONVEX_RUNNER_T5R,2026-05-07,VAL,BULL,1518.5,1429.56,1963.2,-1.0,1,0
KERNEX,MBAG_V1_CHAMP_BASE60_T3R,2026-05-08,VAL,BULL,1583.800048828125,1435.56,2028.52,-1.0,1,0
KERNEX,MBAG_V2A_CONVEX_CAT_90D_T4R,2026-05-08,VAL,BULL,1583.800048828125,1465.21,2058.16,-1.0,1,0
KERNEX,MBAG_V2B_EXPANSION_120D_T5R,2026-05-08,VAL,BULL,1583.800048828125,1477.07,2117.45,-1.0,1,0
KERNEX,MBAG_V3A_40D_MICRO_SURGE_T3_5R,2026-05-08,VAL,BULL,1583.800048828125,1477.07,1957.36,-1.0,1,0
KERNEX,MBAG_V3B_60D_VOLUME_ANOMALY_T4R,2026-05-08,VAL,BULL,1583.800048828125,1477.07,2010.72,-1.0,1,0
KERNEX,MBAG_V3C_90D_MULTI_REGIME_T4R,2026-05-08,VAL,BULL,1583.800048828125,1465.21,2058.16,-1.0,1,0
KERNEX,MBAG_V3D_60D_CONVEX_RUNNER_T5R,2026-05-08,VAL,BULL,1583.800048828125,1488.93,2058.15,-1.0,1,0
KERNEX,MBAG_V1_CHAMP_BASE60_T3R,2026-05-29,VAL,BULL,1689.9000244140625,1490.92,2286.84,1.74,0,0
KERNEX,MBAG_V2A_CONVEX_CAT_90D_T4R,2026-05-29,VAL,BULL,1689.9000244140625,1530.71,2326.66,4.0,0,1
KERNEX,MBAG_V2B_EXPANSION_120D_T5R,2026-05-29,VAL,BULL,1689.9000244140625,1546.63,2406.25,5.0,0,1
KERNEX,MBAG_V3A_40D_MICRO_SURGE_T3_5R,2026-05-29,VAL,BULL,1689.9000244140625,1546.63,2191.35,3.5,0,1
KERNEX,MBAG_V3B_60D_VOLUME_ANOMALY_T4R,2026-05-29,VAL,BULL,1689.9000244140625,1546.63,2262.98,4.0,0,1
KERNEX,MBAG_V3C_90D_MULTI_REGIME_T4R,2026-05-29,VAL,BULL,1689.9000244140625,1530.71,2326.66,4.0,0,1
KERNEX,MBAG_V3D_60D_CONVEX_RUNNER_T5R,2026-05-29,VAL,BULL,1689.9000244140625,1562.55,2326.65,5.0,0,1
KERNEX,MBAG_V1_CHAMP_BASE60_T3R,2026-06-01,HOLDOUT,BULL,1836.699951171875,1631.84,2451.28,1.07,0,0
KERNEX,MBAG_V2A_CONVEX_CAT_90D_T4R,2026-06-01,HOLDOUT,BULL,1836.699951171875,1672.81,2492.26,2.42,0,0
KERNEX,MBAG_V2B_EXPANSION_120D_T5R,2026-06-01,HOLDOUT,BULL,1836.699951171875,1689.2,2574.2,3.28,0,0
KERNEX,MBAG_V3A_40D_MICRO_SURGE_T3_5R,2026-06-01,HOLDOUT,BULL,1836.699951171875,1689.2,2352.95,3.5,0,1
KERNEX,MBAG_V3B_60D_VOLUME_ANOMALY_T4R,2026-06-01,HOLDOUT,BULL,1836.699951171875,1689.2,2426.7,4.0,0,1
KERNEX,MBAG_V3C_90D_MULTI_REGIME_T4R,2026-06-01,HOLDOUT,BULL,1836.699951171875,1672.81,2492.26,2.42,0,0
KERNEX,MBAG_V3D_60D_CONVEX_RUNNER_T5R,2026-06-01,HOLDOUT,BULL,1836.699951171875,1705.59,2492.25,2.16,0,0
KERNEX,MBAG_V1_CHAMP_BASE60_T3R,2026-07-01,HOLDOUT,BULL,2293.60009765625,2073.17,2954.89,-1.0,1,0
KERNEX,MBAG_V1_CHAMP_BASE60_T3R,2026-07-02,HOLDOUT,BULL,2389.10009765625,2153.53,3095.81,-1.0,1,0
KIMS,MBAG_V1_CHAMP_BASE60_T3R,2025-12-24,DEV,BULL,3799.5306962252857,3717.77,4044.81,3.0,0,1
KIRLOSBROS,MBAG_V1_CHAMP_BASE60_T3R,2026-04-13,VAL,NEUTRAL,1757.199951171875,1548.52,2383.24,-0.37,0,0
KIRLOSBROS,MBAG_V3A_40D_MICRO_SURGE_T3_5R,2026-04-13,VAL,NEUTRAL,1757.199951171875,1606.95,2283.07,-1.0,1,0
KIRLOSBROS,MBAG_V3B_60D_VOLUME_ANOMALY_T4R,2026-04-13,VAL,NEUTRAL,1757.199951171875,1606.95,2358.2,-1.0,1,0
KIRLOSBROS,MBAG_V3D_60D_CONVEX_RUNNER_T5R,2026-04-13,VAL,NEUTRAL,1757.199951171875,1623.65,2424.95,-1.0,1,0
KIRLOSBROS,MBAG_V3A_40D_MICRO_SURGE_T3_5R,2026-06-16,HOLDOUT,BULL,1816.699951171875,1708.44,2195.61,0.87,0,0
KIRLOSBROS,MBAG_V1_CHAMP_BASE60_T3R,2026-06-18,HOLDOUT,BULL,1903.199951171875,1751.54,2358.18,-0.21,0,0
KIRLOSBROS,MBAG_V2A_CONVEX_CAT_90D_T4R,2026-06-18,HOLDOUT,BULL,1903.199951171875,1781.87,2388.52,-0.25,0,0
KIRLOSBROS,MBAG_V3C_90D_MULTI_REGIME_T4R,2026-06-18,HOLDOUT,BULL,1903.199951171875,1781.87,2388.52,-0.25,0,0
KIRLOSBROS,MBAG_V3D_60D_CONVEX_RUNNER_T5R,2026-06-18,HOLDOUT,BULL,1903.199951171875,1806.14,2388.5,-1.0,1,0
KIRLOSBROS,MBAG_V1_CHAMP_BASE60_T3R,2026-06-19,HOLDOUT,BULL,1933.5999755859375,1779.26,2396.62,-0.42,0,0
KIRLOSBROS,MBAG_V3C_90D_MULTI_REGIME_T4R,2026-06-19,HOLDOUT,BULL,1933.5999755859375,1810.13,2427.48,-1.0,1,0
KIRLOSBROS,MBAG_V1_CHAMP_BASE60_T3R,2026-06-22,HOLDOUT,BULL,2073.300048828125,1889.07,2625.99,-1.0,1,0
KIRLOSBROS,MBAG_V2A_CONVEX_CAT_90D_T4R,2026-06-22,HOLDOUT,BULL,2073.300048828125,1925.91,2662.86,-1.0,1,0
KIRLOSBROS,MBAG_V2B_EXPANSION_120D_T5R,2026-06-22,HOLDOUT,BULL,2073.300048828125,1940.65,2736.55,-1.0,1,0
KIRLOSBROS,MBAG_V3A_40D_MICRO_SURGE_T3_5R,2026-06-22,HOLDOUT,BULL,2073.300048828125,1940.65,2537.58,-1.0,1,0
KIRLOSBROS,MBAG_V3B_60D_VOLUME_ANOMALY_T4R,2026-06-22,HOLDOUT,BULL,2073.300048828125,1940.65,2603.9,-1.0,1,0
KIRLOSBROS,MBAG_V3C_90D_MULTI_REGIME_T4R,2026-06-22,HOLDOUT,BULL,2073.300048828125,1925.91,2662.86,-1.0,1,0
KIRLOSBROS,MBAG_V3D_60D_CONVEX_RUNNER_T5R,2026-06-22,HOLDOUT,BULL,2073.300048828125,1955.39,2662.85,-1.0,1,0
KIRLOSENG,MBAG_V1_CHAMP_BASE60_T3R,2025-12-16,DEV,BULL,1222.358642578125,1082.31,1642.5,-0.43,0,0
KIRLOSENG,MBAG_V3A_40D_MICRO_SURGE_T3_5R,2025-12-16,DEV,BULL,1222.358642578125,1121.53,1575.26,-1.0,1,0
KIRLOSENG,MBAG_V3B_60D_VOLUME_ANOMALY_T4R,2025-12-16,DEV,BULL,1222.358642578125,1121.53,1625.67,-1.0,1,0
KIRLOSENG,MBAG_V3D_60D_CONVEX_RUNNER_T5R,2025-12-16,DEV,BULL,1222.358642578125,1132.73,1670.5,-1.0,1,0
KIRLOSENG,MBAG_V1_CHAMP_BASE60_T3R,2025-12-17,DEV,BULL,1276.448974609375,1128.81,1719.37,-1.0,1,0
KIRLOSENG,MBAG_V3A_40D_MICRO_SURGE_T3_5R,2025-12-17,DEV,BULL,1276.448974609375,1170.15,1648.5,-1.0,1,0
KIRLOSENG,MBAG_V3B_60D_VOLUME_ANOMALY_T4R,2025-12-17,DEV,BULL,1276.448974609375,1170.15,1701.64,-1.0,1,0
KIRLOSENG,MBAG_V3D_60D_CONVEX_RUNNER_T5R,2025-12-17,DEV,BULL,1276.448974609375,1181.96,1748.89,-1.0,1,0
KIRLOSENG,MBAG_V1_CHAMP_BASE60_T3R,2026-03-06,VAL,BULL,1507.3131103515625,1365.03,1934.16,-1.0,1,0
KIRLOSENG,MBAG_V1_CHAMP_BASE60_T3R,2026-04-15,VAL,BULL,1593.630615234375,1423.76,2103.24,0.02,0,0
KIRLOSENG,MBAG_V2A_CONVEX_CAT_90D_T4R,2026-04-15,VAL,BULL,1593.630615234375,1457.73,2137.23,1.71,0,0
KIRLOSENG,MBAG_V2B_EXPANSION_120D_T5R,2026-04-15,VAL,BULL,1593.630615234375,1471.32,2205.18,1.8,0,0
KIRLOSENG,MBAG_V3A_40D_MICRO_SURGE_T3_5R,2026-04-15,VAL,BULL,1593.630615234375,1471.32,2021.72,0.54,0,0
KIRLOSENG,MBAG_V3B_60D_VOLUME_ANOMALY_T4R,2026-04-15,VAL,BULL,1593.630615234375,1471.32,2082.87,1.9,0,0
KIRLOSENG,MBAG_V3C_90D_MULTI_REGIME_T4R,2026-04-15,VAL,BULL,1593.630615234375,1457.73,2137.23,1.71,0,0
KIRLOSENG,MBAG_V3D_60D_CONVEX_RUNNER_T5R,2026-04-15,VAL,BULL,1593.630615234375,1484.91,2137.23,2.68,0,0
KIRLOSENG,MBAG_V1_CHAMP_BASE60_T3R,2026-05-29,VAL,BULL,1923.9322509765625,1713.61,2554.9,3.0,0,1
KIRLOSENG,MBAG_V2A_CONVEX_CAT_90D_T4R,2026-05-29,VAL,BULL,1923.9322509765625,1755.67,2596.98,4.0,0,1
KIRLOSENG,MBAG_V3A_40D_MICRO_SURGE_T3_5R,2026-05-29,VAL,BULL,1923.9322509765625,1772.5,2453.95,3.5,0,1
KIRLOSENG,MBAG_V3C_90D_MULTI_REGIME_T4R,2026-05-29,VAL,BULL,1923.9322509765625,1755.67,2596.98,4.0,0,1
KIRLOSENG,MBAG_V3D_60D_CONVEX_RUNNER_T5R,2026-05-29,VAL,BULL,1923.9322509765625,1789.33,2596.94,-1.0,1,0
KIRLOSENG,MBAG_V1_CHAMP_BASE60_T3R,2026-06-22,HOLDOUT,BULL,2384.758056640625,2182.44,2991.71,-0.83,0,0
KIRLOSENG,MBAG_V2A_CONVEX_CAT_90D_T4R,2026-06-22,HOLDOUT,BULL,2384.758056640625,2222.9,3032.19,-1.0,1,0
KIRLOSENG,MBAG_V2B_EXPANSION_120D_T5R,2026-06-22,HOLDOUT,BULL,2384.758056640625,2239.09,3113.1,-1.0,1,0
KIRLOSENG,MBAG_V3A_40D_MICRO_SURGE_T3_5R,2026-06-22,HOLDOUT,BULL,2384.758056640625,2239.09,2894.6,-1.0,1,0
KIRLOSENG,MBAG_V3B_60D_VOLUME_ANOMALY_T4R,2026-06-22,HOLDOUT,BULL,2384.758056640625,2239.09,2967.43,-1.0,1,0
KIRLOSENG,MBAG_V3C_90D_MULTI_REGIME_T4R,2026-06-22,HOLDOUT,BULL,2384.758056640625,2222.9,3032.19,-1.0,1,0
KIRLOSENG,MBAG_V3D_60D_CONVEX_RUNNER_T5R,2026-06-22,HOLDOUT,BULL,2384.758056640625,2255.27,3032.2,-1.0,1,0
KIRLOSENG,MBAG_V1_CHAMP_BASE60_T3R,2026-06-23,HOLDOUT,BULL,2499.115966796875,2255.56,3229.78,-1.0,1,0
KIRLOSENG,MBAG_V2A_CONVEX_CAT_90D_T4R,2026-06-23,HOLDOUT,BULL,2499.115966796875,2304.27,3278.5,-1.0,1,0
KIRLOSENG,MBAG_V2B_EXPANSION_120D_T5R,2026-06-23,HOLDOUT,BULL,2499.115966796875,2323.76,3375.9,-1.0,1,0
KIRLOSENG,MBAG_V3A_40D_MICRO_SURGE_T3_5R,2026-06-23,HOLDOUT,BULL,2499.115966796875,2323.76,3112.86,-1.0,1,0
KIRLOSENG,MBAG_V3B_60D_VOLUME_ANOMALY_T4R,2026-06-23,HOLDOUT,BULL,2499.115966796875,2323.76,3200.54,-1.0,1,0
KIRLOSENG,MBAG_V3C_90D_MULTI_REGIME_T4R,2026-06-23,HOLDOUT,BULL,2499.115966796875,2304.27,3278.5,-1.0,1,0
KIRLOSENG,MBAG_V3D_60D_CONVEX_RUNNER_T5R,2026-06-23,HOLDOUT,BULL,2499.115966796875,2343.24,3278.5,-1.0,1,0
KIRLPNU,MBAG_V1_CHAMP_BASE60_T3R,2026-04-13,VAL,BULL,1232.6517333984375,1116.36,1581.53,3.0,0,1
KIRLPNU,MBAG_V2A_CONVEX_CAT_90D_T4R,2026-04-13,VAL,BULL,1232.6517333984375,1139.62,1604.78,4.0,0,1
KIRLPNU,MBAG_V3A_40D_MICRO_SURGE_T3_5R,2026-04-13,VAL,BULL,1232.6517333984375,1148.92,1525.71,3.5,0,1
KIRLPNU,MBAG_V3C_90D_MULTI_REGIME_T4R,2026-04-13,VAL,BULL,1232.6517333984375,1139.62,1604.78,4.0,0,1
KIRLPNU,MBAG_V3D_60D_CONVEX_RUNNER_T5R,2026-04-13,VAL,BULL,1232.6517333984375,1158.23,1604.76,5.0,0,1
KIRLPNU,MBAG_V1_CHAMP_BASE60_T3R,2026-04-20,VAL,BULL,1357.579345703125,1229.54,1741.7,1.69,0,0
KIRLPNU,MBAG_V2A_CONVEX_CAT_90D_T4R,2026-04-20,VAL,BULL,1357.579345703125,1255.15,1767.3,2.09,0,0
KIRLPNU,MBAG_V2B_EXPANSION_120D_T5R,2026-04-20,VAL,BULL,1357.579345703125,1265.39,1818.53,3.05,0,0
KIRLPNU,MBAG_V3A_40D_MICRO_SURGE_T3_5R,2026-04-20,VAL,BULL,1357.579345703125,1265.39,1680.24,3.5,0,1
KIRLPNU,MBAG_V3B_60D_VOLUME_ANOMALY_T4R,2026-04-20,VAL,BULL,1357.579345703125,1265.39,1726.34,2.32,0,0
KIRLPNU,MBAG_V3C_90D_MULTI_REGIME_T4R,2026-04-20,VAL,BULL,1357.579345703125,1255.15,1767.3,2.09,0,0
KIRLPNU,MBAG_V3D_60D_CONVEX_RUNNER_T5R,2026-04-20,VAL,BULL,1357.579345703125,1275.63,1767.33,3.42,0,0
KIRLPNU,MBAG_V1_CHAMP_BASE60_T3R,2026-04-27,VAL,BULL,1441.6939697265625,1305.66,1849.8,1.56,0,0
KIRLPNU,MBAG_V2A_CONVEX_CAT_90D_T4R,2026-04-27,VAL,BULL,1441.6939697265625,1332.86,1877.03,1.8,0,0
KIRLPNU,MBAG_V2B_EXPANSION_120D_T5R,2026-04-27,VAL,BULL,1441.6939697265625,1343.75,1931.41,5.0,0,1
KIRLPNU,MBAG_V3A_40D_MICRO_SURGE_T3_5R,2026-04-27,VAL,BULL,1441.6939697265625,1343.75,1784.5,1.32,0,0
KIRLPNU,MBAG_V3B_60D_VOLUME_ANOMALY_T4R,2026-04-27,VAL,BULL,1441.6939697265625,1343.75,1833.47,2.0,0,0
KIRLPNU,MBAG_V3C_90D_MULTI_REGIME_T4R,2026-04-27,VAL,BULL,1441.6939697265625,1332.86,1877.03,1.8,0,0
KIRLPNU,MBAG_V3D_60D_CONVEX_RUNNER_T5R,2026-04-27,VAL,BULL,1441.6939697265625,1354.63,1877.01,2.26,0,0
KIRLPNU,MBAG_V1_CHAMP_BASE60_T3R,2026-04-28,VAL,BULL,1518.2430419921875,1374.56,1949.29,0.82,0,0
KIRLPNU,MBAG_V2A_CONVEX_CAT_90D_T4R,2026-04-28,VAL,BULL,1518.2430419921875,1403.3,1978.02,0.87,0,0
KIRLPNU,MBAG_V2B_EXPANSION_120D_T5R,2026-04-28,VAL,BULL,1518.2430419921875,1414.79,2035.51,5.0,0,1
KIRLPNU,MBAG_V3A_40D_MICRO_SURGE_T3_5R,2026-04-28,VAL,BULL,1518.2430419921875,1414.79,1880.33,0.52,0,0
KIRLPNU,MBAG_V3B_60D_VOLUME_ANOMALY_T4R,2026-04-28,VAL,BULL,1518.2430419921875,1414.79,1932.06,0.97,0,0
KIRLPNU,MBAG_V3C_90D_MULTI_REGIME_T4R,2026-04-28,VAL,BULL,1518.2430419921875,1403.3,1978.02,0.87,0,0
KIRLPNU,MBAG_V3D_60D_CONVEX_RUNNER_T5R,2026-04-28,VAL,BULL,1518.2430419921875,1426.29,1978.01,3.33,0,0
KIRLPNU,MBAG_V1_CHAMP_BASE60_T3R,2026-05-04,VAL,BULL,1555.8707275390625,1407.12,2002.12,-0.06,0,0
KIRLPNU,MBAG_V1_CHAMP_BASE60_T3R,2026-06-17,HOLDOUT,BULL,1824.0418701171875,1634.23,2393.48,-0.33,0,0
KIRLPNU,MBAG_V2A_CONVEX_CAT_90D_T4R,2026-06-17,HOLDOUT,BULL,1824.0418701171875,1672.19,2431.45,-1.0,1,0
KIRLPNU,MBAG_V2B_EXPANSION_120D_T5R,2026-06-17,HOLDOUT,BULL,1824.0418701171875,1687.38,2507.35,-1.0,1,0
KIRLPNU,MBAG_V3A_40D_MICRO_SURGE_T3_5R,2026-06-17,HOLDOUT,BULL,1824.0418701171875,1687.38,2302.36,-1.0,1,0
KIRLPNU,MBAG_V3B_60D_VOLUME_ANOMALY_T4R,2026-06-17,HOLDOUT,BULL,1824.0418701171875,1687.38,2370.69,-1.0,1,0
KIRLPNU,MBAG_V3C_90D_MULTI_REGIME_T4R,2026-06-17,HOLDOUT,BULL,1824.0418701171875,1672.19,2431.45,-1.0,1,0
KIRLPNU,MBAG_V3D_60D_CONVEX_RUNNER_T5R,2026-06-17,HOLDOUT,BULL,1824.0418701171875,1702.56,2431.45,-1.0,1,0
KIRLPNU,MBAG_V1_CHAMP_BASE60_T3R,2026-06-19,HOLDOUT,BULL,1941.10546875,1736.88,2553.78,-1.0,1,0
KIRLPNU,MBAG_V2A_CONVEX_CAT_90D_T4R,2026-06-19,HOLDOUT,BULL,1941.10546875,1777.73,2594.61,-1.0,1,0
KIRLPNU,MBAG_V2B_EXPANSION_120D_T5R,2026-06-19,HOLDOUT,BULL,1941.10546875,1794.06,2676.33,-1.0,1,0
KIRLPNU,MBAG_V3A_40D_MICRO_SURGE_T3_5R,2026-06-19,HOLDOUT,BULL,1941.10546875,1794.06,2455.76,-1.0,1,0
KIRLPNU,MBAG_V3B_60D_VOLUME_ANOMALY_T4R,2026-06-19,HOLDOUT,BULL,1941.10546875,1794.06,2529.29,-1.0,1,0
KIRLPNU,MBAG_V3C_90D_MULTI_REGIME_T4R,2026-06-19,HOLDOUT,BULL,1941.10546875,1777.73,2594.61,-1.0,1,0
KIRLPNU,MBAG_V3D_60D_CONVEX_RUNNER_T5R,2026-06-19,HOLDOUT,BULL,1941.10546875,1810.4,2594.63,-1.0,1,0
KIRLPNU,MBAG_V1_CHAMP_BASE60_T3R,2026-06-22,HOLDOUT,BULL,2081.9599609375,1860.21,2747.21,-1.0,1,0
KIRLPNU,MBAG_V2A_CONVEX_CAT_90D_T4R,2026-06-22,HOLDOUT,BULL,2081.9599609375,1904.56,2791.56,-1.0,1,0
KIRLPNU,MBAG_V2B_EXPANSION_120D_T5R,2026-06-22,HOLDOUT,BULL,2081.9599609375,1922.3,2880.26,-1.0,1,0
KIRLPNU,MBAG_V3A_40D_MICRO_SURGE_T3_5R,2026-06-22,HOLDOUT,BULL,2081.9599609375,1922.3,2640.77,-1.0,1,0
KIRLPNU,MBAG_V3B_60D_VOLUME_ANOMALY_T4R,2026-06-22,HOLDOUT,BULL,2081.9599609375,1922.3,2720.6,-1.0,1,0
KIRLPNU,MBAG_V3C_90D_MULTI_REGIME_T4R,2026-06-22,HOLDOUT,BULL,2081.9599609375,1904.56,2791.56,-1.0,1,0
KIRLPNU,MBAG_V3D_60D_CONVEX_RUNNER_T5R,2026-06-22,HOLDOUT,BULL,2081.9599609375,1940.04,2791.56,-1.0,1,0
KITEX,MBAG_V1_CHAMP_BASE60_T3R,2025-10-09,DEV,BULL,2121.0455393480624,2072.06,2268.0,-1.0,1,0
KITEX,MBAG_V1_CHAMP_BASE60_T3R,2026-05-22,VAL,BULL,2000.755510724424,1958.42,2127.76,-1.0,1,0
KMEW,MBAG_V3A_40D_MICRO_SURGE_T3_5R,2025-12-08,DEV,BULL,1578.449951171875,1419.34,2135.33,1.63,0,0
KMEW,MBAG_V3D_60D_CONVEX_RUNNER_T5R,2025-12-08,DEV,BULL,1578.449951171875,1437.02,2285.6,0.91,0,0
KMEW,MBAG_V3D_60D_CONVEX_RUNNER_T5R,2025-12-15,DEV,BULL,1791.5,1639.49,2551.55,-1.0,1,0
KMEW,MBAG_V1_CHAMP_BASE60_T3R,2026-05-04,VAL,BULL,2036.199951171875,1818.4,2689.6,-1.0,1,0
KMEW,MBAG_V2A_CONVEX_CAT_90D_T4R,2026-05-04,VAL,BULL,2036.199951171875,1861.96,2733.16,-1.0,1,0
KMEW,MBAG_V2B_EXPANSION_120D_T5R,2026-05-04,VAL,BULL,2036.199951171875,1879.38,2820.3,-1.0,1,0
KMEW,MBAG_V3A_40D_MICRO_SURGE_T3_5R,2026-05-04,VAL,BULL,2036.199951171875,1879.38,2585.07,-1.0,1,0
KMEW,MBAG_V3B_60D_VOLUME_ANOMALY_T4R,2026-05-04,VAL,BULL,2036.199951171875,1879.38,2663.48,-1.0,1,0
KMEW,MBAG_V3C_90D_MULTI_REGIME_T4R,2026-05-04,VAL,BULL,2036.199951171875,1861.96,2733.16,-1.0,1,0
KMEW,MBAG_V3D_60D_CONVEX_RUNNER_T5R,2026-05-04,VAL,BULL,2036.199951171875,1896.81,2733.15,-1.0,1,0
KMEW,MBAG_V1_CHAMP_BASE60_T3R,2026-05-05,VAL,BULL,2209.699951171875,1966.24,2940.08,-1.0,1,0
KMEW,MBAG_V2A_CONVEX_CAT_90D_T4R,2026-05-05,VAL,BULL,2209.699951171875,2014.93,2988.78,-1.0,1,0
KMEW,MBAG_V2B_EXPANSION_120D_T5R,2026-05-05,VAL,BULL,2209.699951171875,2034.41,3086.15,-1.0,1,0
KMEW,MBAG_V3A_40D_MICRO_SURGE_T3_5R,2026-05-05,VAL,BULL,2209.699951171875,2034.41,2823.21,-1.0,1,0
KMEW,MBAG_V3B_60D_VOLUME_ANOMALY_T4R,2026-05-05,VAL,BULL,2209.699951171875,2034.41,2910.86,-1.0,1,0
KMEW,MBAG_V3C_90D_MULTI_REGIME_T4R,2026-05-05,VAL,BULL,2209.699951171875,2014.93,2988.78,-1.0,1,0
KMEW,MBAG_V3D_60D_CONVEX_RUNNER_T5R,2026-05-05,VAL,BULL,2209.699951171875,2053.88,2988.8,-1.0,1,0
KMEW,MBAG_V2A_CONVEX_CAT_90D_T4R,2026-06-22,HOLDOUT,BULL,2337.0,2106.54,3258.84,-1.0,1,0
KMEW,MBAG_V2B_EXPANSION_120D_T5R,2026-06-22,HOLDOUT,BULL,2337.0,2129.59,3374.05,-1.0,1,0
KMEW,MBAG_V3A_40D_MICRO_SURGE_T3_5R,2026-06-22,HOLDOUT,BULL,2337.0,2129.59,3062.93,-1.0,1,0
KMEW,MBAG_V3B_60D_VOLUME_ANOMALY_T4R,2026-06-22,HOLDOUT,BULL,2337.0,2129.59,3166.64,-1.0,1,0
KMEW,MBAG_V3C_90D_MULTI_REGIME_T4R,2026-06-22,HOLDOUT,BULL,2337.0,2106.54,3258.84,-1.0,1,0
KMEW,MBAG_V3D_60D_CONVEX_RUNNER_T5R,2026-06-22,HOLDOUT,BULL,2337.0,2152.63,3258.85,-1.0,1,0
KNRCON,MBAG_V1_CHAMP_BASE60_T3R,2025-09-16,DEV,BULL,2145.9860003335466,2100.74,2281.72,3.0,0,1
KOTAKBANK,MBAG_V1_CHAMP_BASE60_T3R,2025-10-16,DEV,BULL,440.3197937011719,420.99,498.31,-1.0,1,0
KPGEL,MBAG_V1_CHAMP_BASE60_T3R,2026-05-05,VAL,NEUTRAL,459.25,420.27,576.19,-1.0,1,0
KPGEL,MBAG_V1_CHAMP_BASE60_T3R,2026-05-06,VAL,BULL,481.8500061035156,439.64,608.48,-1.0,1,0
KPGEL,MBAG_V2A_CONVEX_CAT_90D_T4R,2026-05-06,VAL,BULL,481.8500061035156,448.08,616.93,-1.0,1,0
KPGEL,MBAG_V3A_40D_MICRO_SURGE_T3_5R,2026-05-06,VAL,BULL,481.8500061035156,451.46,588.22,-1.0,1,0
KPGEL,MBAG_V3B_60D_VOLUME_ANOMALY_T4R,2026-05-06,VAL,BULL,481.8500061035156,451.46,603.41,-1.0,1,0
KPGEL,MBAG_V3C_90D_MULTI_REGIME_T4R,2026-05-06,VAL,BULL,481.8500061035156,448.08,616.93,-1.0,1,0
KPGEL,MBAG_V3D_60D_CONVEX_RUNNER_T5R,2026-05-06,VAL,BULL,481.8500061035156,454.83,616.95,-1.0,1,0
KPIGREEN,MBAG_V1_CHAMP_BASE60_T3R,2026-05-06,VAL,BULL,482.3500061035156,439.03,612.31,-1.0,1,0
KPIGREEN,MBAG_V3A_40D_MICRO_SURGE_T3_5R,2026-05-06,VAL,BULL,482.3500061035156,451.16,591.52,-1.0,1,0
KPIGREEN,MBAG_V3B_60D_VOLUME_ANOMALY_T4R,2026-05-06,VAL,BULL,482.3500061035156,451.16,607.11,-1.0,1,0
KPIGREEN,MBAG_V3D_60D_CONVEX_RUNNER_T5R,2026-05-06,VAL,BULL,482.3500061035156,454.62,621.0,-1.0,1,0
KPIL,MBAG_V1_CHAMP_BASE60_T3R,2026-02-27,VAL,BULL,1230.2451171875,1141.81,1495.55,-1.0,1,0
KPIL,MBAG_V1_CHAMP_BASE60_T3R,2026-05-04,VAL,BULL,1281.43505859375,1205.65,1508.79,-1.0,1,0
KPIL,MBAG_V2A_CONVEX_CAT_90D_T4R,2026-05-04,VAL,BULL,1281.43505859375,1220.81,1523.94,-1.0,1,0
KPIL,MBAG_V3A_40D_MICRO_SURGE_T3_5R,2026-05-04,VAL,BULL,1281.43505859375,1226.87,1472.41,-1.0,1,0
KPIL,MBAG_V3C_90D_MULTI_REGIME_T4R,2026-05-04,VAL,BULL,1281.43505859375,1220.81,1523.94,-1.0,1,0
KPIL,MBAG_V3D_60D_CONVEX_RUNNER_T5R,2026-05-04,VAL,BULL,1281.43505859375,1232.93,1523.96,-1.0,1,0
KPIL,MBAG_V1_CHAMP_BASE60_T3R,2026-06-16,HOLDOUT,BULL,1354.846923828125,1243.22,1689.73,-0.5,0,0
KPIL,MBAG_V2A_CONVEX_CAT_90D_T4R,2026-06-16,HOLDOUT,BULL,1354.846923828125,1265.55,1712.03,-1.0,1,0
KPIL,MBAG_V2B_EXPANSION_120D_T5R,2026-06-16,HOLDOUT,BULL,1354.846923828125,1274.48,1756.68,-1.0,1,0
KPIL,MBAG_V3A_40D_MICRO_SURGE_T3_5R,2026-06-16,HOLDOUT,BULL,1354.846923828125,1274.48,1636.13,-0.16,0,0
KPIL,MBAG_V3B_60D_VOLUME_ANOMALY_T4R,2026-06-16,HOLDOUT,BULL,1354.846923828125,1274.48,1676.31,-1.0,1,0
KPIL,MBAG_V3C_90D_MULTI_REGIME_T4R,2026-06-16,HOLDOUT,BULL,1354.846923828125,1265.55,1712.03,-1.0,1,0
KPIL,MBAG_V3D_60D_CONVEX_RUNNER_T5R,2026-06-16,HOLDOUT,BULL,1354.846923828125,1283.41,1712.03,-1.0,1,0
KPIL,MBAG_V1_CHAMP_BASE60_T3R,2026-06-22,HOLDOUT,BULL,1428.2589111328125,1308.01,1789.01,-1.0,1,0
KPRMILL,MBAG_V1_CHAMP_BASE60_T3R,2026-06-01,HOLDOUT,BULL,989.8750610351562,919.39,1201.33,3.0,0,1
KPRMILL,MBAG_V3A_40D_MICRO_SURGE_T3_5R,2026-06-01,HOLDOUT,BULL,989.8750610351562,939.12,1167.52,3.5,0,1
KPRMILL,MBAG_V3B_60D_VOLUME_ANOMALY_T4R,2026-06-01,HOLDOUT,BULL,989.8750610351562,939.12,1192.9,4.0,0,1
KPRMILL,MBAG_V3D_60D_CONVEX_RUNNER_T5R,2026-06-01,HOLDOUT,BULL,989.8750610351562,944.76,1215.45,5.0,0,1
KPRMILL,MBAG_V1_CHAMP_BASE60_T3R,2026-06-03,HOLDOUT,BULL,1083.4195556640625,996.65,1343.73,1.22,0,0
KPRMILL,MBAG_V2A_CONVEX_CAT_90D_T4R,2026-06-03,HOLDOUT,BULL,1083.4195556640625,1014.01,1361.06,0.78,0,0
KPRMILL,MBAG_V2B_EXPANSION_120D_T5R,2026-06-03,HOLDOUT,BULL,1083.4195556640625,1020.95,1395.77,-1.0,1,0
KPRMILL,MBAG_V3A_40D_MICRO_SURGE_T3_5R,2026-06-03,HOLDOUT,BULL,1083.4195556640625,1020.95,1302.06,-1.0,1,0
KPRMILL,MBAG_V3B_60D_VOLUME_ANOMALY_T4R,2026-06-03,HOLDOUT,BULL,1083.4195556640625,1020.95,1333.3,-1.0,1,0
KPRMILL,MBAG_V3C_90D_MULTI_REGIME_T4R,2026-06-03,HOLDOUT,BULL,1083.4195556640625,1014.01,1361.06,0.78,0,0
KPRMILL,MBAG_V3D_60D_CONVEX_RUNNER_T5R,2026-06-03,HOLDOUT,BULL,1083.4195556640625,1027.89,1361.07,-1.0,1,0
KPRMILL,MBAG_V1_CHAMP_BASE60_T3R,2026-06-18,HOLDOUT,BULL,1183.7989501953125,1055.72,1568.04,-0.43,0,0
KPRMILL,MBAG_V2A_CONVEX_CAT_90D_T4R,2026-06-18,HOLDOUT,BULL,1183.7989501953125,1081.34,1593.63,-1.0,1,0
KPRMILL,MBAG_V2B_EXPANSION_120D_T5R,2026-06-18,HOLDOUT,BULL,1183.7989501953125,1091.58,1644.89,-1.0,1,0
KPRMILL,MBAG_V3A_40D_MICRO_SURGE_T3_5R,2026-06-18,HOLDOUT,BULL,1183.7989501953125,1091.58,1506.57,-1.0,1,0
KPRMILL,MBAG_V3B_60D_VOLUME_ANOMALY_T4R,2026-06-18,HOLDOUT,BULL,1183.7989501953125,1091.58,1552.67,-1.0,1,0
KPRMILL,MBAG_V3C_90D_MULTI_REGIME_T4R,2026-06-18,HOLDOUT,BULL,1183.7989501953125,1081.34,1593.63,-1.0,1,0
KPRMILL,MBAG_V3D_60D_CONVEX_RUNNER_T5R,2026-06-18,HOLDOUT,BULL,1183.7989501953125,1101.83,1593.64,-1.0,1,0
KPRMILL,MBAG_V1_CHAMP_BASE60_T3R,2026-06-24,HOLDOUT,BULL,1215.7786865234375,1075.47,1636.7,-1.0,1,0
KPRMILL,MBAG_V2A_CONVEX_CAT_90D_T4R,2026-06-24,HOLDOUT,BULL,1215.7786865234375,1103.53,1664.77,-1.0,1,0
KPRMILL,MBAG_V2B_EXPANSION_120D_T5R,2026-06-24,HOLDOUT,BULL,1215.7786865234375,1114.76,1720.87,-1.0,1,0
KPRMILL,MBAG_V3A_40D_MICRO_SURGE_T3_5R,2026-06-24,HOLDOUT,BULL,1215.7786865234375,1114.76,1569.34,-1.0,1,0
KPRMILL,MBAG_V3B_60D_VOLUME_ANOMALY_T4R,2026-06-24,HOLDOUT,BULL,1215.7786865234375,1114.76,1619.85,-1.0,1,0
KPRMILL,MBAG_V3C_90D_MULTI_REGIME_T4R,2026-06-24,HOLDOUT,BULL,1215.7786865234375,1103.53,1664.77,-1.0,1,0
KPRMILL,MBAG_V3D_60D_CONVEX_RUNNER_T5R,2026-06-24,HOLDOUT,BULL,1215.7786865234375,1125.98,1664.77,-1.0,1,0
KRBL,MBAG_V3A_40D_MICRO_SURGE_T3_5R,2025-11-14,DEV,BULL,429.3500061035156,406.46,509.47,-1.0,1,0
KRISHANA,MBAG_V1_CHAMP_BASE60_T3R,2026-04-02,VAL,BULL,107.76077270507812,96.57,141.33,1.28,0,0
KRISHANA,MBAG_V3A_40D_MICRO_SURGE_T3_5R,2026-04-02,VAL,BULL,107.76077270507812,99.71,135.94,3.5,0,1
KRISHANA,MBAG_V3B_60D_VOLUME_ANOMALY_T4R,2026-04-02,VAL,BULL,107.76077270507812,99.71,139.96,4.0,0,1
KRISHANA,MBAG_V3D_60D_CONVEX_RUNNER_T5R,2026-04-02,VAL,BULL,107.76077270507812,100.6,143.56,5.0,0,1
KRISHANA,MBAG_V1_CHAMP_BASE60_T3R,2026-04-06,VAL,BULL,110.79853820800781,99.48,144.75,1.4,0,0
KRISHANA,MBAG_V2A_CONVEX_CAT_90D_T4R,2026-04-06,VAL,BULL,110.79853820800781,101.75,146.99,2.81,0,0
KRISHANA,MBAG_V3A_40D_MICRO_SURGE_T3_5R,2026-04-06,VAL,BULL,110.79853820800781,102.65,139.32,3.5,0,1
KRISHANA,MBAG_V3B_60D_VOLUME_ANOMALY_T4R,2026-04-06,VAL,BULL,110.79853820800781,102.65,143.39,3.12,0,0
KRISHANA,MBAG_V3C_90D_MULTI_REGIME_T4R,2026-04-06,VAL,BULL,110.79853820800781,101.75,146.99,2.81,0,0
KRISHANA,MBAG_V3D_60D_CONVEX_RUNNER_T5R,2026-04-06,VAL,BULL,110.79853820800781,103.56,146.99,3.26,0,0
KRISHANA,MBAG_V1_CHAMP_BASE60_T3R,2026-04-07,VAL,BULL,114.46585083007812,103.26,148.08,1.63,0,0
KRISHANA,MBAG_V2A_CONVEX_CAT_90D_T4R,2026-04-07,VAL,BULL,114.46585083007812,105.5,150.33,2.49,0,0
KRISHANA,MBAG_V3A_40D_MICRO_SURGE_T3_5R,2026-04-07,VAL,BULL,114.46585083007812,106.39,142.73,2.59,0,0
KRISHANA,MBAG_V3B_60D_VOLUME_ANOMALY_T4R,2026-04-07,VAL,BULL,114.46585083007812,106.39,146.77,2.76,0,0
KRISHANA,MBAG_V3C_90D_MULTI_REGIME_T4R,2026-04-07,VAL,BULL,114.46585083007812,105.5,150.33,2.49,0,0
KRISHANA,MBAG_V3D_60D_CONVEX_RUNNER_T5R,2026-04-07,VAL,BULL,114.46585083007812,107.29,150.35,3.02,0,0
KRISHANA,MBAG_V1_CHAMP_BASE60_T3R,2026-04-08,VAL,BULL,119.7020034790039,108.29,153.94,1.43,0,0
KRISHANA,MBAG_V2A_CONVEX_CAT_90D_T4R,2026-04-08,VAL,BULL,119.7020034790039,110.57,156.23,2.27,0,0
KRISHANA,MBAG_V3A_40D_MICRO_SURGE_T3_5R,2026-04-08,VAL,BULL,119.7020034790039,111.49,148.44,-1.0,1,0
KRISHANA,MBAG_V3B_60D_VOLUME_ANOMALY_T4R,2026-04-08,VAL,BULL,119.7020034790039,111.49,152.55,-1.0,1,0
KRISHANA,MBAG_V3C_90D_MULTI_REGIME_T4R,2026-04-08,VAL,BULL,119.7020034790039,110.57,156.23,2.27,0,0
KRISHANA,MBAG_V3D_60D_CONVEX_RUNNER_T5R,2026-04-08,VAL,BULL,119.7020034790039,112.4,156.21,-1.0,1,0
KRISHANA,MBAG_V1_CHAMP_BASE60_T3R,2026-04-16,VAL,BULL,127.94593048095703,112.74,173.56,0.64,0,0
KRISHANA,MBAG_V2A_CONVEX_CAT_90D_T4R,2026-04-16,VAL,BULL,127.94593048095703,115.78,176.61,0.67,0,0
KRISHANA,MBAG_V2B_EXPANSION_120D_T5R,2026-04-16,VAL,BULL,127.94593048095703,117.0,182.68,-1.0,1,0
KRISHANA,MBAG_V3A_40D_MICRO_SURGE_T3_5R,2026-04-16,VAL,BULL,127.94593048095703,117.0,166.26,-1.0,1,0
KRISHANA,MBAG_V3B_60D_VOLUME_ANOMALY_T4R,2026-04-16,VAL,BULL,127.94593048095703,117.0,171.73,-1.0,1,0
KRISHANA,MBAG_V3C_90D_MULTI_REGIME_T4R,2026-04-16,VAL,BULL,127.94593048095703,115.78,176.61,0.67,0,0
KRISHANA,MBAG_V3D_60D_CONVEX_RUNNER_T5R,2026-04-16,VAL,BULL,127.94593048095703,118.22,176.58,-1.0,1,0
KRISHANA,MBAG_V2A_CONVEX_CAT_90D_T4R,2026-04-27,VAL,BULL,137.26907348632812,123.93,190.63,-1.0,1,0
KRISHANA,MBAG_V2B_EXPANSION_120D_T5R,2026-04-27,VAL,BULL,137.26907348632812,125.26,197.31,-1.0,1,0
KRISHANA,MBAG_V3A_40D_MICRO_SURGE_T3_5R,2026-04-27,VAL,BULL,137.26907348632812,125.26,179.3,-1.0,1,0
KRISHANA,MBAG_V3B_60D_VOLUME_ANOMALY_T4R,2026-04-27,VAL,BULL,137.26907348632812,125.26,185.31,-1.0,1,0
KRISHANA,MBAG_V3C_90D_MULTI_REGIME_T4R,2026-04-27,VAL,BULL,137.26907348632812,123.93,190.63,-1.0,1,0
KRISHANA,MBAG_V3D_60D_CONVEX_RUNNER_T5R,2026-04-27,VAL,BULL,137.26907348632812,126.6,190.61,-1.0,1,0
KRISHANA,MBAG_V1_CHAMP_BASE60_T3R,2026-06-24,HOLDOUT,BULL,146.7899932861328,135.77,179.85,-1.0,1,0
KRISHANA,MBAG_V2A_CONVEX_CAT_90D_T4R,2026-06-24,HOLDOUT,BULL,146.7899932861328,137.97,182.07,-1.0,1,0
KRISHANA,MBAG_V2B_EXPANSION_120D_T5R,2026-06-24,HOLDOUT,BULL,146.7899932861328,138.85,186.49,-1.0,1,0
KRISHANA,MBAG_V3A_40D_MICRO_SURGE_T3_5R,2026-06-24,HOLDOUT,BULL,146.7899932861328,138.85,174.58,-1.0,1,0
KRISHANA,MBAG_V3B_60D_VOLUME_ANOMALY_T4R,2026-06-24,HOLDOUT,BULL,146.7899932861328,138.85,178.55,-1.0,1,0
KRISHANA,MBAG_V3C_90D_MULTI_REGIME_T4R,2026-06-24,HOLDOUT,BULL,146.7899932861328,137.97,182.07,-1.0,1,0
KRISHANA,MBAG_V3D_60D_CONVEX_RUNNER_T5R,2026-06-24,HOLDOUT,BULL,146.7899932861328,139.74,182.04,-1.0,1,0
KRISHNADEF,MBAG_V2A_CONVEX_CAT_90D_T4R,2026-01-06,VAL,BULL,928.0499877929688,835.64,1297.69,2.48,0,0
KRISHNADEF,MBAG_V2B_EXPANSION_120D_T5R,2026-01-06,VAL,BULL,928.0499877929688,844.88,1343.9,2.4,0,0
KRISHNADEF,MBAG_V3A_40D_MICRO_SURGE_T3_5R,2026-01-06,VAL,BULL,928.0499877929688,844.88,1219.14,0.7,0,0
KRISHNADEF,MBAG_V3B_60D_VOLUME_ANOMALY_T4R,2026-01-06,VAL,BULL,928.0499877929688,844.88,1260.73,2.76,0,0
KRISHNADEF,MBAG_V3C_90D_MULTI_REGIME_T4R,2026-01-06,VAL,BULL,928.0499877929688,835.64,1297.69,2.48,0,0
KRISHNADEF,MBAG_V3D_60D_CONVEX_RUNNER_T5R,2026-01-06,VAL,BULL,928.0499877929688,854.12,1297.7,-1.0,1,0
KRISHNADEF,MBAG_V3D_60D_CONVEX_RUNNER_T5R,2026-01-30,VAL,BULL,1069.25,944.92,1690.9,-1.0,1,0
KRN,MBAG_V1_CHAMP_BASE60_T3R,2026-02-20,VAL,BULL,879.0999755859375,776.38,1187.26,-0.3,0,0
KRN,MBAG_V2A_CONVEX_CAT_90D_T4R,2026-02-20,VAL,BULL,879.0999755859375,796.92,1207.82,1.04,0,0
KRN,MBAG_V3A_40D_MICRO_SURGE_T3_5R,2026-02-20,VAL,BULL,879.0999755859375,805.14,1137.96,0.16,0,0
KRN,MBAG_V3B_60D_VOLUME_ANOMALY_T4R,2026-02-20,VAL,BULL,879.0999755859375,805.14,1174.94,1.15,0,0
KRN,MBAG_V3C_90D_MULTI_REGIME_T4R,2026-02-20,VAL,BULL,879.0999755859375,796.92,1207.82,1.04,0,0
KRN,MBAG_V3D_60D_CONVEX_RUNNER_T5R,2026-02-20,VAL,BULL,879.0999755859375,813.36,1207.8,5.0,0,1
KRN,MBAG_V1_CHAMP_BASE60_T3R,2026-02-23,VAL,BULL,921.0,812.04,1247.88,-0.22,0,0
KRN,MBAG_V2A_CONVEX_CAT_90D_T4R,2026-02-23,VAL,BULL,921.0,833.83,1269.68,-1.0,1,0
KRN,MBAG_V2B_EXPANSION_120D_T5R,2026-02-23,VAL,BULL,921.0,842.55,1313.25,-1.0,1,0
KRN,MBAG_V3A_40D_MICRO_SURGE_T3_5R,2026-02-23,VAL,BULL,921.0,842.55,1195.58,-1.0,1,0
KRN,MBAG_V3B_60D_VOLUME_ANOMALY_T4R,2026-02-23,VAL,BULL,921.0,842.55,1234.8,-1.0,1,0
KRN,MBAG_V3C_90D_MULTI_REGIME_T4R,2026-02-23,VAL,BULL,921.0,833.83,1269.68,-1.0,1,0
KRN,MBAG_V3D_60D_CONVEX_RUNNER_T5R,2026-02-23,VAL,BULL,921.0,851.26,1269.7,-1.0,1,0
KRN,MBAG_V2A_CONVEX_CAT_90D_T4R,2026-02-24,VAL,BULL,946.25,855.15,1310.65,-1.0,1,0
KRN,MBAG_V2B_EXPANSION_120D_T5R,2026-02-24,VAL,BULL,946.25,864.26,1356.2,-1.0,1,0
KRN,MBAG_V3A_40D_MICRO_SURGE_T3_5R,2026-02-24,VAL,BULL,946.25,864.26,1233.22,-1.0,1,0
KRN,MBAG_V3B_60D_VOLUME_ANOMALY_T4R,2026-02-24,VAL,BULL,946.25,864.26,1274.21,-1.0,1,0
KRN,MBAG_V3C_90D_MULTI_REGIME_T4R,2026-02-24,VAL,BULL,946.25,855.15,1310.65,-1.0,1,0
KRN,MBAG_V3D_60D_CONVEX_RUNNER_T5R,2026-02-24,VAL,BULL,946.25,873.37,1310.65,-1.0,1,0
KRN,MBAG_V2A_CONVEX_CAT_90D_T4R,2026-02-25,VAL,BULL,999.6500244140625,902.61,1387.81,-1.0,1,0
KRN,MBAG_V2B_EXPANSION_120D_T5R,2026-02-25,VAL,BULL,999.6500244140625,912.32,1436.3,-1.0,1,0
KRN,MBAG_V3A_40D_MICRO_SURGE_T3_5R,2026-02-25,VAL,BULL,999.6500244140625,912.32,1305.31,-1.0,1,0
KRN,MBAG_V3B_60D_VOLUME_ANOMALY_T4R,2026-02-25,VAL,BULL,999.6500244140625,912.32,1348.97,-1.0,1,0
KRN,MBAG_V3C_90D_MULTI_REGIME_T4R,2026-02-25,VAL,BULL,999.6500244140625,902.61,1387.81,-1.0,1,0
KRN,MBAG_V3D_60D_CONVEX_RUNNER_T5R,2026-02-25,VAL,BULL,999.6500244140625,922.02,1387.8,-1.0,1,0
KRN,MBAG_V1_CHAMP_BASE60_T3R,2026-04-13,VAL,BULL,1050.050048828125,941.43,1375.91,3.0,0,1
KRN,MBAG_V2A_CONVEX_CAT_90D_T4R,2026-04-13,VAL,BULL,1050.050048828125,963.16,1397.61,4.0,0,1
KRN,MBAG_V2B_EXPANSION_120D_T5R,2026-04-13,VAL,BULL,1050.050048828125,971.85,1441.05,2.33,0,0
KRN,MBAG_V3A_40D_MICRO_SURGE_T3_5R,2026-04-13,VAL,BULL,1050.050048828125,971.85,1323.75,3.5,0,1
KRN,MBAG_V3B_60D_VOLUME_ANOMALY_T4R,2026-04-13,VAL,BULL,1050.050048828125,971.85,1362.85,4.0,0,1
KRN,MBAG_V3C_90D_MULTI_REGIME_T4R,2026-04-13,VAL,BULL,1050.050048828125,963.16,1397.61,4.0,0,1
KRN,MBAG_V3D_60D_CONVEX_RUNNER_T5R,2026-04-13,VAL,BULL,1050.050048828125,980.54,1397.6,5.0,0,1
KRN,MBAG_V1_CHAMP_BASE60_T3R,2026-04-15,VAL,BULL,1122.949951171875,1012.41,1454.57,0.16,0,0
KRN,MBAG_V2A_CONVEX_CAT_90D_T4R,2026-04-15,VAL,BULL,1122.949951171875,1034.51,1476.71,-1.0,1,0
KRN,MBAG_V2B_EXPANSION_120D_T5R,2026-04-15,VAL,BULL,1122.949951171875,1043.36,1520.9,-1.0,1,0
KRN,MBAG_V3A_40D_MICRO_SURGE_T3_5R,2026-04-15,VAL,BULL,1122.949951171875,1043.36,1401.51,3.5,0,1
KRN,MBAG_V3B_60D_VOLUME_ANOMALY_T4R,2026-04-15,VAL,BULL,1122.949951171875,1043.36,1441.31,-1.0,1,0
KRN,MBAG_V3C_90D_MULTI_REGIME_T4R,2026-04-15,VAL,BULL,1122.949951171875,1034.51,1476.71,-1.0,1,0
KRN,MBAG_V3D_60D_CONVEX_RUNNER_T5R,2026-04-15,VAL,BULL,1122.949951171875,1052.2,1476.7,-1.0,1,0
KRN,MBAG_V1_CHAMP_BASE60_T3R,2026-04-16,VAL,BULL,1205.4000244140625,1087.73,1558.41,-0.19,0,0
KRN,MBAG_V2A_CONVEX_CAT_90D_T4R,2026-04-16,VAL,BULL,1205.4000244140625,1111.26,1581.96,-1.0,1,0
KRN,MBAG_V2B_EXPANSION_120D_T5R,2026-04-16,VAL,BULL,1205.4000244140625,1120.68,1629.0,-1.0,1,0
KRN,MBAG_V3A_40D_MICRO_SURGE_T3_5R,2026-04-16,VAL,BULL,1205.4000244140625,1120.68,1501.92,-1.0,1,0
KRN,MBAG_V3B_60D_VOLUME_ANOMALY_T4R,2026-04-16,VAL,BULL,1205.4000244140625,1120.68,1544.28,-1.0,1,0
KRN,MBAG_V3C_90D_MULTI_REGIME_T4R,2026-04-16,VAL,BULL,1205.4000244140625,1111.26,1581.96,-1.0,1,0
KRN,MBAG_V3D_60D_CONVEX_RUNNER_T5R,2026-04-16,VAL,BULL,1205.4000244140625,1130.09,1581.95,-1.0,1,0
KRN,MBAG_V1_CHAMP_BASE60_T3R,2026-04-17,VAL,BULL,1269.9000244140625,1145.56,1642.92,-1.0,1,0
KRN,MBAG_V2A_CONVEX_CAT_90D_T4R,2026-04-17,VAL,BULL,1269.9000244140625,1170.43,1667.78,-1.0,1,0
KRN,MBAG_V3A_40D_MICRO_SURGE_T3_5R,2026-04-17,VAL,BULL,1269.9000244140625,1180.38,1583.22,-1.0,1,0
KRN,MBAG_V3C_90D_MULTI_REGIME_T4R,2026-04-17,VAL,BULL,1269.9000244140625,1170.43,1667.78,-1.0,1,0
KRN,MBAG_V3D_60D_CONVEX_RUNNER_T5R,2026-04-17,VAL,BULL,1269.9000244140625,1190.32,1667.8,-1.0,1,0
KSB,MBAG_V3A_40D_MICRO_SURGE_T3_5R,2026-02-26,VAL,NEUTRAL,779.4999389648438,737.16,927.69,-1.0,1,0
KSB,MBAG_V1_CHAMP_BASE60_T3R,2026-04-13,VAL,BULL,903.5870971679688,817.62,1161.49,-0.58,0,0
KSB,MBAG_V3C_90D_MULTI_REGIME_T4R,2026-04-13,VAL,BULL,903.5870971679688,834.81,1178.7,-1.0,1,0
KSB,MBAG_V1_CHAMP_BASE60_T3R,2026-04-15,VAL,BULL,936.723388671875,854.3,1183.99,-1.0,1,0
KSB,MBAG_V2A_CONVEX_CAT_90D_T4R,2026-04-15,VAL,BULL,936.723388671875,870.78,1200.5,-1.0,1,0
KSB,MBAG_V2B_EXPANSION_120D_T5R,2026-04-15,VAL,BULL,936.723388671875,877.38,1233.44,-1.0,1,0
KSB,MBAG_V3A_40D_MICRO_SURGE_T3_5R,2026-04-15,VAL,BULL,936.723388671875,877.38,1144.43,-1.0,1,0
KSB,MBAG_V3B_60D_VOLUME_ANOMALY_T4R,2026-04-15,VAL,BULL,936.723388671875,877.38,1174.1,-1.0,1,0
KSB,MBAG_V3C_90D_MULTI_REGIME_T4R,2026-04-15,VAL,BULL,936.723388671875,870.78,1200.5,-1.0,1,0
KSB,MBAG_V3D_60D_CONVEX_RUNNER_T5R,2026-04-15,VAL,BULL,936.723388671875,883.97,1200.49,-1.0,1,0
KSB,MBAG_V1_CHAMP_BASE60_T3R,2026-04-20,VAL,BULL,977.1239013671875,888.37,1243.39,-1.0,1,0
KSB,MBAG_V2A_CONVEX_CAT_90D_T4R,2026-04-20,VAL,BULL,977.1239013671875,906.12,1261.14,-1.0,1,0
KSB,MBAG_V3C_90D_MULTI_REGIME_T4R,2026-04-20,VAL,BULL,977.1239013671875,906.12,1261.14,-1.0,1,0
KSB,MBAG_V3D_60D_CONVEX_RUNNER_T5R,2026-04-20,VAL,BULL,977.1239013671875,920.32,1261.14,-1.0,1,0
KSCL,MBAG_V1_CHAMP_BASE60_T3R,2025-09-19,DEV,BULL,1392.5387147345239,1361.57,1485.44,3.0,0,1
KSCL,MBAG_V1_CHAMP_BASE60_T3R,2025-10-01,DEV,BULL,1476.9264495867426,1445.77,1570.4,3.0,0,1
KSCL,MBAG_V1_CHAMP_BASE60_T3R,2025-11-03,DEV,BULL,1602.7516905184725,1567.97,1707.1,2.28,0,0
LALPATHLAB,MBAG_V1_CHAMP_BASE60_T3R,2026-05-04,VAL,BULL,1569.608642578125,1440.67,1956.42,0.03,0,0
LALPATHLAB,MBAG_V2A_CONVEX_CAT_90D_T4R,2026-05-04,VAL,BULL,1569.608642578125,1466.46,1982.2,0.41,0,0
LALPATHLAB,MBAG_V3A_40D_MICRO_SURGE_T3_5R,2026-05-04,VAL,BULL,1569.608642578125,1476.77,1894.54,-0.3,0,0
LALPATHLAB,MBAG_V3B_60D_VOLUME_ANOMALY_T4R,2026-05-04,VAL,BULL,1569.608642578125,1476.77,1940.96,0.46,0,0
LALPATHLAB,MBAG_V3C_90D_MULTI_REGIME_T4R,2026-05-04,VAL,BULL,1569.608642578125,1466.46,1982.2,0.41,0,0
LALPATHLAB,MBAG_V3D_60D_CONVEX_RUNNER_T5R,2026-05-04,VAL,BULL,1569.608642578125,1487.09,1982.2,1.19,0,0
LANDMARK,MBAG_V3A_40D_MICRO_SURGE_T3_5R,2026-06-18,HOLDOUT,BEAR,447.6000061035156,415.07,561.46,3.5,0,1
LATENTVIEW,MBAG_V1_CHAMP_BASE60_T3R,2025-10-31,DEV,BULL,448.3500061035156,414.44,550.08,1.03,0,0
LATENTVIEW,MBAG_V3A_40D_MICRO_SURGE_T3_5R,2025-10-31,DEV,BULL,448.3500061035156,423.93,533.82,2.01,0,0
LATENTVIEW,MBAG_V3B_60D_VOLUME_ANOMALY_T4R,2025-10-31,DEV,BULL,448.3500061035156,423.93,546.03,1.72,0,0
LATENTVIEW,MBAG_V3D_60D_CONVEX_RUNNER_T5R,2025-10-31,DEV,BULL,448.3500061035156,426.65,556.85,1.63,0,0
LATENTVIEW,MBAG_V1_CHAMP_BASE60_T3R,2025-11-03,DEV,BULL,474.8999938964844,437.74,586.38,-1.0,1,0
LATENTVIEW,MBAG_V3A_40D_MICRO_SURGE_T3_5R,2025-11-03,DEV,BULL,474.8999938964844,448.14,568.56,-1.0,1,0
LATENTVIEW,MBAG_V3B_60D_VOLUME_ANOMALY_T4R,2025-11-03,DEV,BULL,474.8999938964844,448.14,581.94,-1.0,1,0
LATENTVIEW,MBAG_V3D_60D_CONVEX_RUNNER_T5R,2025-11-03,DEV,BULL,474.8999938964844,451.12,593.8,-1.0,1,0
LATENTVIEW,MBAG_V1_CHAMP_BASE60_T3R,2025-11-11,DEV,BULL,485.45001220703125,434.66,637.82,0.33,0,0
LATENTVIEW,MBAG_V3A_40D_MICRO_SURGE_T3_5R,2025-11-11,DEV,BULL,485.45001220703125,448.88,613.45,-0.03,0,0
LATENTVIEW,MBAG_V3B_60D_VOLUME_ANOMALY_T4R,2025-11-11,DEV,BULL,485.45001220703125,448.88,631.73,-0.54,0,0
LATENTVIEW,MBAG_V3D_60D_CONVEX_RUNNER_T5R,2025-11-11,DEV,BULL,485.45001220703125,452.95,647.95,-1.0,1,0
LATENTVIEW,MBAG_V3A_40D_MICRO_SURGE_T3_5R,2026-05-19,VAL,BEAR,325.25,300.31,412.54,-1.0,1,0
LAURUSLABS,MBAG_V1_CHAMP_BASE60_T3R,2025-12-19,DEV,BULL,1044.160400390625,986.47,1217.23,0.3,0,0
LAURUSLABS,MBAG_V3C_90D_MULTI_REGIME_T4R,2025-12-19,DEV,BULL,1044.160400390625,998.01,1228.76,-1.0,1,0
LAURUSLABS,MBAG_V1_CHAMP_BASE60_T3R,2026-05-04,VAL,BULL,1165.2398681640625,1089.45,1392.61,3.0,0,1
LAURUSLABS,MBAG_V2A_CONVEX_CAT_90D_T4R,2026-05-04,VAL,BULL,1165.2398681640625,1104.61,1407.76,4.0,0,1
LAURUSLABS,MBAG_V2B_EXPANSION_120D_T5R,2026-05-04,VAL,BULL,1165.2398681640625,1110.67,1438.09,5.0,0,1
LAURUSLABS,MBAG_V3A_40D_MICRO_SURGE_T3_5R,2026-05-04,VAL,BULL,1165.2398681640625,1110.67,1356.23,3.5,0,1
LAURUSLABS,MBAG_V3B_60D_VOLUME_ANOMALY_T4R,2026-05-04,VAL,BULL,1165.2398681640625,1110.67,1383.52,4.0,0,1
LAURUSLABS,MBAG_V3C_90D_MULTI_REGIME_T4R,2026-05-04,VAL,BULL,1165.2398681640625,1104.61,1407.76,4.0,0,1
LAURUSLABS,MBAG_V3D_60D_CONVEX_RUNNER_T5R,2026-05-04,VAL,BULL,1165.2398681640625,1116.73,1407.79,5.0,0,1
LAURUSLABS,MBAG_V1_CHAMP_BASE60_T3R,2026-05-06,VAL,BULL,1176.4287109375,1100.46,1404.33,2.87,0,0
LAURUSLABS,MBAG_V3C_90D_MULTI_REGIME_T4R,2026-05-06,VAL,BULL,1176.4287109375,1115.65,1419.54,4.0,0,1
LAURUSLABS,MBAG_V1_CHAMP_BASE60_T3R,2026-06-23,HOLDOUT,BULL,1481.0,1376.02,1795.94,1.07,0,0
LAURUSLABS,MBAG_V2A_CONVEX_CAT_90D_T4R,2026-06-23,HOLDOUT,BULL,1481.0,1397.01,1816.96,4.0,0,1
LAURUSLABS,MBAG_V3C_90D_MULTI_REGIME_T4R,2026-06-23,HOLDOUT,BULL,1481.0,1397.01,1816.96,4.0,0,1
LAURUSLABS,MBAG_V3D_60D_CONVEX_RUNNER_T5R,2026-06-23,HOLDOUT,BULL,1481.0,1413.81,1816.95,5.0,0,1
LAURUSLABS,MBAG_V1_CHAMP_BASE60_T3R,2026-06-29,HOLDOUT,BULL,1500.300048828125,1398.48,1805.76,2.09,0,0
LAURUSLABS,MBAG_V2A_CONVEX_CAT_90D_T4R,2026-06-29,HOLDOUT,BULL,1500.300048828125,1418.84,1826.14,4.0,0,1
LAURUSLABS,MBAG_V2B_EXPANSION_120D_T5R,2026-06-29,HOLDOUT,BULL,1500.300048828125,1426.99,1866.85,5.0,0,1
LAURUSLABS,MBAG_V3A_40D_MICRO_SURGE_T3_5R,2026-06-29,HOLDOUT,BULL,1500.300048828125,1426.99,1756.89,3.5,0,1
LAURUSLABS,MBAG_V3B_60D_VOLUME_ANOMALY_T4R,2026-06-29,HOLDOUT,BULL,1500.300048828125,1426.99,1793.54,4.0,0,1
LAURUSLABS,MBAG_V3C_90D_MULTI_REGIME_T4R,2026-06-29,HOLDOUT,BULL,1500.300048828125,1418.84,1826.14,4.0,0,1
LAURUSLABS,MBAG_V3D_60D_CONVEX_RUNNER_T5R,2026-06-29,HOLDOUT,BULL,1500.300048828125,1435.13,1826.15,5.0,0,1
LEMONTREE,MBAG_V1_CHAMP_BASE60_T3R,2025-09-23,DEV,BULL,1838.7355167450748,1799.94,1955.12,-1.0,1,0
LEMONTREE,MBAG_V1_CHAMP_BASE60_T3R,2025-09-24,DEV,BULL,1848.5079826038236,1809.23,1966.34,-1.0,1,0
LEMONTREE,MBAG_V1_CHAMP_BASE60_T3R,2026-01-21,VAL,BULL,2058.376419378275,2011.75,2198.26,3.0,0,1
LEMONTREE,MBAG_V1_CHAMP_BASE60_T3R,2026-02-04,VAL,BULL,2189.6352071767715,2140.4,2337.34,3.0,0,1
LEMONTREE,MBAG_V1_CHAMP_BASE60_T3R,2026-03-27,VAL,BULL,2501.0751927033616,2449.24,2656.58,-1.0,1,0
LENSKART,MBAG_V1_CHAMP_BASE60_T3R,2026-06-25,HOLDOUT,NEUTRAL,1728.1295097221325,1692.47,1835.11,-1.0,1,0
LGEINDIA,MBAG_V1_CHAMP_BASE60_T3R,2026-03-16,VAL,BULL,772.5992600123889,757.12,819.04,-1.0,1,0
LICHSGFIN,MBAG_V1_CHAMP_BASE60_T3R,2026-04-21,VAL,BULL,565.1500244140625,533.76,659.32,-1.0,1,0
LICHSGFIN,MBAG_V2A_CONVEX_CAT_90D_T4R,2026-04-21,VAL,BULL,565.1500244140625,540.04,665.59,-1.0,1,0
LICHSGFIN,MBAG_V3A_40D_MICRO_SURGE_T3_5R,2026-04-21,VAL,BULL,565.1500244140625,542.55,644.25,-1.0,1,0
LICHSGFIN,MBAG_V3B_60D_VOLUME_ANOMALY_T4R,2026-04-21,VAL,BULL,565.1500244140625,542.55,655.55,-1.0,1,0
LICHSGFIN,MBAG_V3C_90D_MULTI_REGIME_T4R,2026-04-21,VAL,BULL,565.1500244140625,540.04,665.59,-1.0,1,0
LICHSGFIN,MBAG_V3D_60D_CONVEX_RUNNER_T5R,2026-04-21,VAL,BULL,565.1500244140625,545.06,665.6,-1.0,1,0
LICHSGFIN,MBAG_V1_CHAMP_BASE60_T3R,2026-05-06,VAL,BULL,582.1500244140625,545.87,690.99,-1.0,1,0
LICHSGFIN,MBAG_V2A_CONVEX_CAT_90D_T4R,2026-05-06,VAL,BULL,582.1500244140625,553.13,698.23,-1.0,1,0
LICHSGFIN,MBAG_V2B_EXPANSION_120D_T5R,2026-05-06,VAL,BULL,582.1500244140625,556.03,712.75,-1.0,1,0
LICHSGFIN,MBAG_V3A_40D_MICRO_SURGE_T3_5R,2026-05-06,VAL,BULL,582.1500244140625,556.03,673.57,-1.0,1,0
LICHSGFIN,MBAG_V3B_60D_VOLUME_ANOMALY_T4R,2026-05-06,VAL,BULL,582.1500244140625,556.03,686.63,-1.0,1,0
LICHSGFIN,MBAG_V3C_90D_MULTI_REGIME_T4R,2026-05-06,VAL,BULL,582.1500244140625,553.13,698.23,-1.0,1,0
LICHSGFIN,MBAG_V3D_60D_CONVEX_RUNNER_T5R,2026-05-06,VAL,BULL,582.1500244140625,558.93,698.25,-1.0,1,0
LICI,MBAG_V1_CHAMP_BASE60_T3R,2025-07-28,DEV,BULL,1255.321014189181,1229.8,1331.88,1.66,0,0
LICI,MBAG_V1_CHAMP_BASE60_T3R,2026-01-19,VAL,BULL,1452.9238778153158,1420.89,1549.03,-1.0,1,0
LINDEINDIA,MBAG_V1_CHAMP_BASE60_T3R,2026-03-12,VAL,BULL,7189.5,6598.61,8962.17,-1.0,1,0
LINDEINDIA,MBAG_V2A_CONVEX_CAT_90D_T4R,2026-03-12,VAL,BULL,7189.5,6716.79,9080.34,-1.0,1,0
LINDEINDIA,MBAG_V3A_40D_MICRO_SURGE_T3_5R,2026-03-12,VAL,BULL,7189.5,6764.06,8678.54,-1.0,1,0
LINDEINDIA,MBAG_V3C_90D_MULTI_REGIME_T4R,2026-03-12,VAL,BULL,7189.5,6716.79,9080.34,-1.0,1,0
LINDEINDIA,MBAG_V3D_60D_CONVEX_RUNNER_T5R,2026-03-12,VAL,BULL,7189.5,6811.33,9080.35,-1.0,1,0
LINDEINDIA,MBAG_V1_CHAMP_BASE60_T3R,2026-03-17,VAL,BULL,7327.0,6665.39,9311.83,-1.0,1,0
LINDEINDIA,MBAG_V1_CHAMP_BASE60_T3R,2026-05-07,VAL,BULL,7847.5,7317.05,9438.85,-1.0,1,0
LINDEINDIA,MBAG_V2A_CONVEX_CAT_90D_T4R,2026-05-07,VAL,BULL,7847.5,7423.14,9544.94,-1.0,1,0
LINDEINDIA,MBAG_V2B_EXPANSION_120D_T5R,2026-05-07,VAL,BULL,7847.5,7465.58,9757.1,-1.0,1,0
LINDEINDIA,MBAG_V3A_40D_MICRO_SURGE_T3_5R,2026-05-07,VAL,BULL,7847.5,7465.58,9184.22,-1.0,1,0
LINDEINDIA,MBAG_V3B_60D_VOLUME_ANOMALY_T4R,2026-05-07,VAL,BULL,7847.5,7465.58,9375.18,-1.0,1,0
LINDEINDIA,MBAG_V3C_90D_MULTI_REGIME_T4R,2026-05-07,VAL,BULL,7847.5,7423.14,9544.94,-1.0,1,0
LINDEINDIA,MBAG_V3D_60D_CONVEX_RUNNER_T5R,2026-05-07,VAL,BULL,7847.5,7508.01,9544.95,-1.0,1,0
LLOYDSENGG,MBAG_V1_CHAMP_BASE60_T3R,2025-08-29,DEV,BULL,1859.7681422396627,1819.71,1979.94,3.0,0,1
LLOYDSENGG,MBAG_V1_CHAMP_BASE60_T3R,2025-09-02,DEV,BULL,1898.9197533623276,1857.62,2022.82,1.78,0,0
LLOYDSENT,MBAG_V1_CHAMP_BASE60_T3R,2025-12-01,DEV,BULL,1572.6806792362781,1539.88,1671.08,-1.0,1,0
LLOYDSENT,MBAG_V1_CHAMP_BASE60_T3R,2026-01-07,VAL,BULL,1676.0432807735158,1640.01,1784.14,3.0,0,1
LLOYDSENT,MBAG_V1_CHAMP_BASE60_T3R,2026-01-09,VAL,BULL,1698.9816046850044,1662.01,1809.9,3.0,0,1
LLOYDSENT,MBAG_V1_CHAMP_BASE60_T3R,2026-04-30,VAL,BULL,1751.8080467795917,1712.12,1870.87,-1.0,1,0
LLOYDSENT,MBAG_V1_CHAMP_BASE60_T3R,2026-06-12,HOLDOUT,BULL,1767.021882596625,1728.67,1882.08,1.84,0,0
LLOYDSME,MBAG_V1_CHAMP_BASE60_T3R,2026-04-17,VAL,BULL,1622.3304443359375,1482.97,2040.41,0.79,0,0
LLOYDSME,MBAG_V3C_90D_MULTI_REGIME_T4R,2026-04-17,VAL,BULL,1622.3304443359375,1510.84,2068.29,1.6,0,0
LODHA,MBAG_V1_CHAMP_BASE60_T3R,2026-07-02,HOLDOUT,NEUTRAL,1006.2000122070312,941.41,1200.57,3.0,0,1
LODHA,MBAG_V1_CHAMP_BASE60_T3R,2026-07-03,HOLDOUT,BULL,1057.0,988.33,1263.01,3.0,0,1
LODHA,MBAG_V3A_40D_MICRO_SURGE_T3_5R,2026-07-03,HOLDOUT,BULL,1057.0,1007.56,1230.04,3.5,0,1
LODHA,MBAG_V3B_60D_VOLUME_ANOMALY_T4R,2026-07-03,HOLDOUT,BULL,1057.0,1007.56,1254.76,4.0,0,1
LODHA,MBAG_V3D_60D_CONVEX_RUNNER_T5R,2026-07-03,HOLDOUT,BULL,1057.0,1013.05,1276.75,5.0,0,1
LODHA,MBAG_V1_CHAMP_BASE60_T3R,2026-07-06,HOLDOUT,BULL,1095.9000244140625,1022.56,1315.92,3.0,0,1
LODHA,MBAG_V2A_CONVEX_CAT_90D_T4R,2026-07-06,HOLDOUT,BULL,1095.9000244140625,1037.23,1330.58,4.0,0,1
LODHA,MBAG_V3A_40D_MICRO_SURGE_T3_5R,2026-07-06,HOLDOUT,BULL,1095.9000244140625,1043.1,1280.7,3.5,0,1
LODHA,MBAG_V3C_90D_MULTI_REGIME_T4R,2026-07-06,HOLDOUT,BULL,1095.9000244140625,1037.23,1330.58,4.0,0,1
LODHA,MBAG_V3D_60D_CONVEX_RUNNER_T5R,2026-07-06,HOLDOUT,BULL,1095.9000244140625,1048.96,1330.6,5.0,0,1
LODHA,MBAG_V1_CHAMP_BASE60_T3R,2026-07-08,HOLDOUT,BULL,1115.0999755859375,1033.38,1360.26,1.6,0,0
LODHA,MBAG_V2A_CONVEX_CAT_90D_T4R,2026-07-08,HOLDOUT,BULL,1115.0999755859375,1049.72,1376.62,1.45,0,0
LODHA,MBAG_V2B_EXPANSION_120D_T5R,2026-07-08,HOLDOUT,BULL,1115.0999755859375,1056.26,1409.3,1.64,0,0
LODHA,MBAG_V3A_40D_MICRO_SURGE_T3_5R,2026-07-08,HOLDOUT,BULL,1115.0999755859375,1056.26,1321.04,3.5,0,1
LODHA,MBAG_V3B_60D_VOLUME_ANOMALY_T4R,2026-07-08,HOLDOUT,BULL,1115.0999755859375,1056.26,1350.46,1.61,0,0
LODHA,MBAG_V3C_90D_MULTI_REGIME_T4R,2026-07-08,HOLDOUT,BULL,1115.0999755859375,1049.72,1376.62,1.45,0,0
LODHA,MBAG_V3D_60D_CONVEX_RUNNER_T5R,2026-07-08,HOLDOUT,BULL,1115.0999755859375,1062.8,1376.6,2.93,0,0
LODHA,MBAG_V1_CHAMP_BASE60_T3R,2026-07-09,HOLDOUT,BULL,1192.1500244140625,1092.21,1491.97,0.18,0,0
LODHA,MBAG_V3C_90D_MULTI_REGIME_T4R,2026-07-09,HOLDOUT,BULL,1192.1500244140625,1112.2,1511.95,0.6,0,0
LODHA,MBAG_V1_CHAMP_BASE60_T3R,2026-07-10,HOLDOUT,BULL,1220.75,1107.57,1560.29,-0.02,0,0
LOTUSDEV,MBAG_V1_CHAMP_BASE60_T3R,2026-06-25,HOLDOUT,NEUTRAL,150.69000244140625,137.93,188.97,-1.0,1,0
LOTUSDEV,MBAG_V3A_40D_MICRO_SURGE_T3_5R,2026-06-25,HOLDOUT,NEUTRAL,150.69000244140625,141.5,182.86,-1.0,1,0
LOTUSDEV,MBAG_V3B_60D_VOLUME_ANOMALY_T4R,2026-06-25,HOLDOUT,NEUTRAL,150.69000244140625,141.5,187.45,-1.0,1,0
LOTUSDEV,MBAG_V3D_60D_CONVEX_RUNNER_T5R,2026-06-25,HOLDOUT,NEUTRAL,150.69000244140625,142.52,191.54,-1.0,1,0
LT,MBAG_V1_CHAMP_BASE60_T3R,2025-09-26,DEV,BULL,3693.425048828125,3559.31,4095.77,1.8,0,0
LT,MBAG_V3A_40D_MICRO_SURGE_T3_5R,2025-09-26,DEV,BULL,3693.425048828125,3596.86,4031.4,-1.0,1,0
LT,MBAG_V3B_60D_VOLUME_ANOMALY_T4R,2025-09-26,DEV,BULL,3693.425048828125,3596.86,4079.69,-1.0,1,0
LT,MBAG_V3D_60D_CONVEX_RUNNER_T5R,2025-09-26,DEV,BULL,3693.425048828125,3607.59,4122.6,-1.0,1,0
LT,MBAG_V1_CHAMP_BASE60_T3R,2025-10-28,DEV,BULL,3934.37158203125,3805.43,4321.2,-1.0,1,0
LT,MBAG_V3C_90D_MULTI_REGIME_T4R,2025-10-28,DEV,BULL,3934.37158203125,3831.22,4346.98,-1.0,1,0
LT,MBAG_V1_CHAMP_BASE60_T3R,2026-06-15,HOLDOUT,BULL,4169.7998046875,3994.71,4695.07,-1.0,1,0
LTF,MBAG_V1_CHAMP_BASE60_T3R,2025-11-26,DEV,BULL,2668.8821346261398,2608.02,2851.47,3.0,0,1
LTF,MBAG_V1_CHAMP_BASE60_T3R,2026-03-11,VAL,BULL,3103.3826986005456,3036.22,3304.87,-1.0,1,0
LTF,MBAG_V1_CHAMP_BASE60_T3R,2026-06-05,HOLDOUT,BULL,3453.5872038908833,3378.41,3679.12,-1.0,1,0
LTFOODS,MBAG_V1_CHAMP_BASE60_T3R,2026-04-29,VAL,BULL,642.6607426652118,627.76,687.36,-1.0,1,0
LTM,MBAG_V1_CHAMP_BASE60_T3R,2025-11-12,DEV,BULL,5815.5634765625,5549.27,6614.44,1.21,0,0
LTM,MBAG_V1_CHAMP_BASE60_T3R,2025-11-19,DEV,BULL,5893.025390625,5612.06,6735.92,0.99,0,0
LTM,MBAG_V3A_40D_MICRO_SURGE_T3_5R,2025-11-19,DEV,BULL,5893.025390625,5690.73,6601.06,0.93,0,0
LTM,MBAG_V3B_60D_VOLUME_ANOMALY_T4R,2025-11-19,DEV,BULL,5893.025390625,5690.73,6702.21,0.68,0,0
LTM,MBAG_V3D_60D_CONVEX_RUNNER_T5R,2025-11-19,DEV,BULL,5893.025390625,5713.21,6792.1,0.25,0,0
LTM,MBAG_V1_CHAMP_BASE60_T3R,2025-12-04,DEV,BULL,6183.13720703125,5889.84,7063.03,-0.67,0,0
LTM,MBAG_V1_CHAMP_BASE60_T3R,2026-01-19,VAL,BULL,6322.2724609375,6024.21,7216.46,-1.0,1,0
LTM,MBAG_V2A_CONVEX_CAT_90D_T4R,2026-01-19,VAL,BULL,6322.2724609375,6083.83,7276.04,-1.0,1,0
LTM,MBAG_V3A_40D_MICRO_SURGE_T3_5R,2026-01-19,VAL,BULL,6322.2724609375,6107.67,7073.38,-1.0,1,0
LTM,MBAG_V3C_90D_MULTI_REGIME_T4R,2026-01-19,VAL,BULL,6322.2724609375,6083.83,7276.04,-1.0,1,0
LTM,MBAG_V3D_60D_CONVEX_RUNNER_T5R,2026-01-19,VAL,BULL,6322.2724609375,6131.51,7276.08,-1.0,1,0
LTTS,MBAG_V3A_40D_MICRO_SURGE_T3_5R,2025-11-19,DEV,BULL,4390.4921875,4235.32,4933.59,-1.0,1,0
LTTS,MBAG_V1_CHAMP_BASE60_T3R,2025-12-04,DEV,BULL,4632.859375,4297.48,5639.0,-0.82,0,0
LTTS,MBAG_V2A_CONVEX_CAT_90D_T4R,2025-12-04,DEV,BULL,4632.859375,4364.56,5706.06,-1.0,1,0
LTTS,MBAG_V3A_40D_MICRO_SURGE_T3_5R,2025-12-04,DEV,BULL,4632.859375,4391.39,5478.0,-1.0,1,0
LTTS,MBAG_V3B_60D_VOLUME_ANOMALY_T4R,2025-12-04,DEV,BULL,4632.859375,4391.39,5598.74,-1.0,1,0
LTTS,MBAG_V3C_90D_MULTI_REGIME_T4R,2025-12-04,DEV,BULL,4632.859375,4364.56,5706.06,-1.0,1,0
LTTS,MBAG_V3D_60D_CONVEX_RUNNER_T5R,2025-12-04,DEV,BULL,4632.859375,4418.22,5706.06,-1.0,1,0
LUMAXTECH,MBAG_V1_CHAMP_BASE60_T3R,2025-11-10,DEV,BULL,1386.300048828125,1260.0,1765.2,0.8,0,0
LUMAXTECH,MBAG_V3A_40D_MICRO_SURGE_T3_5R,2025-11-10,DEV,BULL,1386.300048828125,1295.36,1704.59,2.08,0,0
LUMAXTECH,MBAG_V3B_60D_VOLUME_ANOMALY_T4R,2025-11-10,DEV,BULL,1386.300048828125,1295.36,1750.06,2.18,0,0
LUMAXTECH,MBAG_V3D_60D_CONVEX_RUNNER_T5R,2025-11-10,DEV,BULL,1386.300048828125,1305.47,1790.45,1.65,0,0
LUMAXTECH,MBAG_V1_CHAMP_BASE60_T3R,2025-11-11,DEV,BULL,1429.5,1292.86,1839.42,0.6,0,0
LUMAXTECH,MBAG_V3A_40D_MICRO_SURGE_T3_5R,2025-11-11,DEV,BULL,1429.5,1331.12,1773.83,-1.0,1,0
LUMAXTECH,MBAG_V3B_60D_VOLUME_ANOMALY_T4R,2025-11-11,DEV,BULL,1429.5,1331.12,1823.02,-1.0,1,0
LUMAXTECH,MBAG_V3D_60D_CONVEX_RUNNER_T5R,2025-11-11,DEV,BULL,1429.5,1342.05,1866.75,-1.0,1,0
LUMAXTECH,MBAG_V1_CHAMP_BASE60_T3R,2026-01-02,VAL,BULL,1655.4000244140625,1484.1,2169.3,-1.0,1,0
LUMAXTECH,MBAG_V2A_CONVEX_CAT_90D_T4R,2026-02-11,VAL,BULL,1732.4000244140625,1550.43,2460.28,-1.0,1,0
LUMAXTECH,MBAG_V2B_EXPANSION_120D_T5R,2026-02-11,VAL,BULL,1732.4000244140625,1568.63,2551.25,-1.0,1,0
LUMAXTECH,MBAG_V3A_40D_MICRO_SURGE_T3_5R,2026-02-11,VAL,BULL,1732.4000244140625,1568.63,2305.6,-1.0,1,0
LUMAXTECH,MBAG_V3B_60D_VOLUME_ANOMALY_T4R,2026-02-11,VAL,BULL,1732.4000244140625,1568.63,2387.48,-1.0,1,0
LUMAXTECH,MBAG_V3C_90D_MULTI_REGIME_T4R,2026-02-11,VAL,BULL,1732.4000244140625,1550.43,2460.28,-1.0,1,0
LUMAXTECH,MBAG_V3D_60D_CONVEX_RUNNER_T5R,2026-02-11,VAL,BULL,1732.4000244140625,1586.82,2460.3,-1.0,1,0
LUMAXTECH,MBAG_V2A_CONVEX_CAT_90D_T4R,2026-02-12,VAL,BULL,1784.199951171875,1591.57,2554.72,-1.0,1,0
LUMAXTECH,MBAG_V2B_EXPANSION_120D_T5R,2026-02-12,VAL,BULL,1784.199951171875,1610.83,2651.05,-1.0,1,0
LUMAXTECH,MBAG_V3A_40D_MICRO_SURGE_T3_5R,2026-02-12,VAL,BULL,1784.199951171875,1610.83,2390.99,-1.0,1,0
LUMAXTECH,MBAG_V3B_60D_VOLUME_ANOMALY_T4R,2026-02-12,VAL,BULL,1784.199951171875,1610.83,2477.68,-1.0,1,0
LUMAXTECH,MBAG_V3C_90D_MULTI_REGIME_T4R,2026-02-12,VAL,BULL,1784.199951171875,1591.57,2554.72,-1.0,1,0
LUMAXTECH,MBAG_V3D_60D_CONVEX_RUNNER_T5R,2026-02-12,VAL,BULL,1784.199951171875,1630.1,2554.7,-1.0,1,0
LUPIN,MBAG_V1_CHAMP_BASE60_T3R,2026-01-06,VAL,BULL,2134.22509765625,2049.98,2386.96,0.54,0,0
LUPIN,MBAG_V2A_CONVEX_CAT_90D_T4R,2026-01-06,VAL,BULL,2134.22509765625,2066.83,2403.81,-1.0,1,0
LUPIN,MBAG_V3A_40D_MICRO_SURGE_T3_5R,2026-01-06,VAL,BULL,2134.22509765625,2073.57,2346.52,-1.0,1,0
LUPIN,MBAG_V3B_60D_VOLUME_ANOMALY_T4R,2026-01-06,VAL,BULL,2134.22509765625,2073.57,2376.85,-1.0,1,0
LUPIN,MBAG_V3C_90D_MULTI_REGIME_T4R,2026-01-06,VAL,BULL,2134.22509765625,2066.83,2403.81,-1.0,1,0
LUPIN,MBAG_V3D_60D_CONVEX_RUNNER_T5R,2026-01-06,VAL,BULL,2134.22509765625,2080.31,2403.8,-1.0,1,0
LUPIN,MBAG_V1_CHAMP_BASE60_T3R,2026-01-07,VAL,BULL,2198.3603515625,2105.62,2476.58,-1.0,1,0
LUPIN,MBAG_V3C_90D_MULTI_REGIME_T4R,2026-01-07,VAL,BULL,2198.3603515625,2124.17,2495.12,-1.0,1,0
LUPIN,MBAG_V1_CHAMP_BASE60_T3R,2026-05-06,VAL,BULL,2425.314453125,2301.92,2795.5,-1.0,1,0
LUPIN,MBAG_V2A_CONVEX_CAT_90D_T4R,2026-05-06,VAL,BULL,2425.314453125,2326.6,2820.17,-1.0,1,0
LUPIN,MBAG_V3A_40D_MICRO_SURGE_T3_5R,2026-05-06,VAL,BULL,2425.314453125,2336.47,2736.27,-1.0,1,0
LUPIN,MBAG_V3C_90D_MULTI_REGIME_T4R,2026-05-06,VAL,BULL,2425.314453125,2326.6,2820.17,-1.0,1,0
LUPIN,MBAG_V3D_60D_CONVEX_RUNNER_T5R,2026-05-06,VAL,BULL,2425.314453125,2346.34,2820.19,-1.0,1,0
LXCHEM,MBAG_V1_CHAMP_BASE60_T3R,2025-08-14,DEV,BULL,1329.9344227713998,1300.37,1418.63,2.64,0,0
LXCHEM,MBAG_V1_CHAMP_BASE60_T3R,2025-08-15,DEV,BULL,1347.708403195339,1317.6,1438.03,2.24,0,0
LXCHEM,MBAG_V1_CHAMP_BASE60_T3R,2025-08-18,DEV,BULL,1358.3318176972375,1326.7,1453.23,0.99,0,0
LXCHEM,MBAG_V1_CHAMP_BASE60_T3R,2026-06-15,HOLDOUT,BULL,1477.550764814399,1445.29,1574.33,-1.0,1,0
M&MFIN,MBAG_V1_CHAMP_BASE60_T3R,2025-10-29,DEV,BULL,310.46490478515625,290.15,371.41,2.22,0,0
M&MFIN,MBAG_V3A_40D_MICRO_SURGE_T3_5R,2025-10-29,DEV,BULL,310.46490478515625,295.84,361.65,3.5,0,1
M&MFIN,MBAG_V3B_60D_VOLUME_ANOMALY_T4R,2025-10-29,DEV,BULL,310.46490478515625,295.84,368.96,4.0,0,1
M&MFIN,MBAG_V3D_60D_CONVEX_RUNNER_T5R,2025-10-29,DEV,BULL,310.46490478515625,297.47,375.44,-1.0,1,0
M&MFIN,MBAG_V1_CHAMP_BASE60_T3R,2025-11-19,DEV,BULL,322.592041015625,301.02,387.31,0.99,0,0
M&MFIN,MBAG_V1_CHAMP_BASE60_T3R,2025-11-20,DEV,BULL,338.9734802246094,316.46,406.51,0.81,0,0
M&MFIN,MBAG_V3A_40D_MICRO_SURGE_T3_5R,2025-11-20,DEV,BULL,338.9734802246094,322.77,395.69,3.5,0,1
M&MFIN,MBAG_V3B_60D_VOLUME_ANOMALY_T4R,2025-11-20,DEV,BULL,338.9734802246094,322.77,403.79,3.4,0,0
M&MFIN,MBAG_V3D_60D_CONVEX_RUNNER_T5R,2025-11-20,DEV,BULL,338.9734802246094,324.57,410.99,0.13,0,0
M&MFIN,MBAG_V1_CHAMP_BASE60_T3R,2025-11-24,DEV,BULL,349.6825256347656,323.56,428.05,1.38,0,0
M&MFIN,MBAG_V3A_40D_MICRO_SURGE_T3_5R,2025-11-24,DEV,BULL,349.6825256347656,330.87,415.53,2.44,0,0
M&MFIN,MBAG_V3D_60D_CONVEX_RUNNER_T5R,2025-11-24,DEV,BULL,349.6825256347656,332.96,433.3,-1.0,1,0
M&MFIN,MBAG_V1_CHAMP_BASE60_T3R,2025-11-28,DEV,BULL,363.6678771972656,334.75,450.42,-1.0,1,0
MAHABANK,MBAG_V1_CHAMP_BASE60_T3R,2025-12-31,DEV,BULL,60.20273208618164,57.36,68.73,1.56,0,0
MAHABANK,MBAG_V2A_CONVEX_CAT_90D_T4R,2025-12-31,DEV,BULL,60.20273208618164,57.93,69.29,1.94,0,0
MAHABANK,MBAG_V3A_40D_MICRO_SURGE_T3_5R,2025-12-31,DEV,BULL,60.20273208618164,58.15,67.39,1.84,0,0
MAHABANK,MBAG_V3C_90D_MULTI_REGIME_T4R,2025-12-31,DEV,BULL,60.20273208618164,57.93,69.29,1.94,0,0
MAHABANK,MBAG_V3D_60D_CONVEX_RUNNER_T5R,2025-12-31,DEV,BULL,60.20273208618164,58.38,69.32,3.72,0,0
MAHABANK,MBAG_V1_CHAMP_BASE60_T3R,2026-01-01,VAL,BULL,61.73569869995117,58.68,70.9,0.84,0,0
MAHABANK,MBAG_V3C_90D_MULTI_REGIME_T4R,2026-01-01,VAL,BULL,61.73569869995117,59.29,71.52,-1.0,1,0
MAHABANK,MBAG_V1_CHAMP_BASE60_T3R,2026-02-18,VAL,BULL,67.95384979248047,63.29,81.95,-1.0,1,0
MAHABANK,MBAG_V3C_90D_MULTI_REGIME_T4R,2026-02-18,VAL,BULL,67.95384979248047,64.22,82.89,-1.0,1,0
MAHABANK,MBAG_V1_CHAMP_BASE60_T3R,2026-02-24,VAL,BULL,70.78075408935547,66.08,84.88,-1.0,1,0
MAHABANK,MBAG_V2A_CONVEX_CAT_90D_T4R,2026-02-24,VAL,BULL,70.78075408935547,67.02,85.82,-1.0,1,0
MAHABANK,MBAG_V2B_EXPANSION_120D_T5R,2026-02-24,VAL,BULL,70.78075408935547,67.4,87.68,-1.0,1,0
MAHABANK,MBAG_V3A_40D_MICRO_SURGE_T3_5R,2026-02-24,VAL,BULL,70.78075408935547,67.4,82.61,-1.0,1,0
MAHABANK,MBAG_V3B_60D_VOLUME_ANOMALY_T4R,2026-02-24,VAL,BULL,70.78075408935547,67.4,84.3,-1.0,1,0
MAHABANK,MBAG_V3C_90D_MULTI_REGIME_T4R,2026-02-24,VAL,BULL,70.78075408935547,67.02,85.82,-1.0,1,0
MAHABANK,MBAG_V3D_60D_CONVEX_RUNNER_T5R,2026-02-24,VAL,BULL,70.78075408935547,67.77,85.83,-1.0,1,0
MAHABANK,MBAG_V1_CHAMP_BASE60_T3R,2026-02-25,VAL,BULL,72.96741485595703,67.95,88.02,-1.0,1,0
MAHABANK,MBAG_V2A_CONVEX_CAT_90D_T4R,2026-02-25,VAL,BULL,72.96741485595703,68.96,89.0,-1.0,1,0
MAHABANK,MBAG_V2B_EXPANSION_120D_T5R,2026-02-25,VAL,BULL,72.96741485595703,69.36,91.0,-1.0,1,0
MAHABANK,MBAG_V3A_40D_MICRO_SURGE_T3_5R,2026-02-25,VAL,BULL,72.96741485595703,69.36,85.59,-1.0,1,0
MAHABANK,MBAG_V3B_60D_VOLUME_ANOMALY_T4R,2026-02-25,VAL,BULL,72.96741485595703,69.36,87.4,-1.0,1,0
MAHABANK,MBAG_V3C_90D_MULTI_REGIME_T4R,2026-02-25,VAL,BULL,72.96741485595703,68.96,89.0,-1.0,1,0
MAHABANK,MBAG_V3D_60D_CONVEX_RUNNER_T5R,2026-02-25,VAL,BULL,72.96741485595703,69.76,89.0,-1.0,1,0
MAHABANK,MBAG_V1_CHAMP_BASE60_T3R,2026-02-26,VAL,BULL,74.51383209228516,69.21,90.43,-1.0,1,0
MAHABANK,MBAG_V3C_90D_MULTI_REGIME_T4R,2026-02-26,VAL,BULL,74.51383209228516,70.27,91.49,-1.0,1,0
MAHABANK,MBAG_V1_CHAMP_BASE60_T3R,2026-04-21,VAL,BULL,78.97579956054688,72.59,98.13,-0.28,0,0
MAHABANK,MBAG_V2A_CONVEX_CAT_90D_T4R,2026-04-21,VAL,BULL,78.97579956054688,73.87,99.4,-0.25,0,0
MAHABANK,MBAG_V2B_EXPANSION_120D_T5R,2026-04-21,VAL,BULL,78.97579956054688,74.38,101.95,2.0,0,0
MAHABANK,MBAG_V3A_40D_MICRO_SURGE_T3_5R,2026-04-21,VAL,BULL,78.97579956054688,74.38,95.06,0.0,0,0
MAHABANK,MBAG_V3B_60D_VOLUME_ANOMALY_T4R,2026-04-21,VAL,BULL,78.97579956054688,74.38,97.36,-0.27,0,0
MAHABANK,MBAG_V3C_90D_MULTI_REGIME_T4R,2026-04-21,VAL,BULL,78.97579956054688,73.87,99.4,-0.25,0,0
MAHABANK,MBAG_V3D_60D_CONVEX_RUNNER_T5R,2026-04-21,VAL,BULL,78.97579956054688,74.89,99.4,-1.0,1,0
MAHABANK,MBAG_V1_CHAMP_BASE60_T3R,2026-06-12,HOLDOUT,BULL,87.30000305175781,81.86,103.62,-1.0,1,0
MAHABANK,MBAG_V2A_CONVEX_CAT_90D_T4R,2026-06-12,HOLDOUT,BULL,87.30000305175781,82.95,104.7,-1.0,1,0
MAHABANK,MBAG_V2B_EXPANSION_120D_T5R,2026-06-12,HOLDOUT,BULL,87.30000305175781,83.38,106.9,-1.0,1,0
MAHABANK,MBAG_V3A_40D_MICRO_SURGE_T3_5R,2026-06-12,HOLDOUT,BULL,87.30000305175781,83.38,101.02,-1.0,1,0
MAHABANK,MBAG_V3B_60D_VOLUME_ANOMALY_T4R,2026-06-12,HOLDOUT,BULL,87.30000305175781,83.38,102.98,-1.0,1,0
MAHABANK,MBAG_V3C_90D_MULTI_REGIME_T4R,2026-06-12,HOLDOUT,BULL,87.30000305175781,82.95,104.7,-1.0,1,0
MAHABANK,MBAG_V3D_60D_CONVEX_RUNNER_T5R,2026-06-12,HOLDOUT,BULL,87.30000305175781,83.82,104.7,-1.0,1,0
MAHABANK,MBAG_V1_CHAMP_BASE60_T3R,2026-06-15,HOLDOUT,BULL,89.12000274658203,83.51,105.95,-1.0,1,0
MAHABANK,MBAG_V2A_CONVEX_CAT_90D_T4R,2026-06-15,HOLDOUT,BULL,89.12000274658203,84.63,107.08,-1.0,1,0
MAHABANK,MBAG_V3A_40D_MICRO_SURGE_T3_5R,2026-06-15,HOLDOUT,BULL,89.12000274658203,85.08,103.26,-1.0,1,0
MAHABANK,MBAG_V3C_90D_MULTI_REGIME_T4R,2026-06-15,HOLDOUT,BULL,89.12000274658203,84.63,107.08,-1.0,1,0
MAHABANK,MBAG_V3D_60D_CONVEX_RUNNER_T5R,2026-06-15,HOLDOUT,BULL,89.12000274658203,85.53,107.07,-1.0,1,0
MAHABANK,MBAG_V1_CHAMP_BASE60_T3R,2026-06-29,HOLDOUT,BULL,93.8499984741211,87.63,112.51,-1.0,1,0
MAHABANK,MBAG_V2A_CONVEX_CAT_90D_T4R,2026-06-29,HOLDOUT,BULL,93.8499984741211,88.87,113.77,-1.0,1,0
MAHABANK,MBAG_V2B_EXPANSION_120D_T5R,2026-06-29,HOLDOUT,BULL,93.8499984741211,89.37,116.25,-1.0,1,0
MAHABANK,MBAG_V3A_40D_MICRO_SURGE_T3_5R,2026-06-29,HOLDOUT,BULL,93.8499984741211,89.37,109.53,-1.0,1,0
MAHABANK,MBAG_V3B_60D_VOLUME_ANOMALY_T4R,2026-06-29,HOLDOUT,BULL,93.8499984741211,89.37,111.77,-1.0,1,0
MAHABANK,MBAG_V3C_90D_MULTI_REGIME_T4R,2026-06-29,HOLDOUT,BULL,93.8499984741211,88.87,113.77,-1.0,1,0
MAHABANK,MBAG_V3D_60D_CONVEX_RUNNER_T5R,2026-06-29,HOLDOUT,BULL,93.8499984741211,89.87,113.75,-1.0,1,0
MAHSCOOTER,MBAG_V1_CHAMP_BASE60_T3R,2025-09-02,DEV,NEUTRAL,1784.235681280665,1747.6,1894.14,-1.0,1,0
MAHSCOOTER,MBAG_V1_CHAMP_BASE60_T3R,2025-12-29,DEV,BULL,1952.7400598067795,1910.45,2079.61,0.65,0,0
MAHSCOOTER,MBAG_V1_CHAMP_BASE60_T3R,2026-01-05,VAL,BULL,2008.1450406927079,1966.29,2133.71,-1.0,1,0
MAHSEAMLES,MBAG_V3A_40D_MICRO_SURGE_T3_5R,2026-02-26,VAL,NEUTRAL,568.9500122070312,545.1,652.43,-1.0,1,0
MANAPPURAM,MBAG_V1_CHAMP_BASE60_T3R,2025-12-24,DEV,BULL,312.6212158203125,293.37,370.37,-1.0,1,0
MANAPPURAM,MBAG_V3A_40D_MICRO_SURGE_T3_5R,2025-12-24,DEV,BULL,312.6212158203125,298.76,361.14,-1.0,1,0
MANAPPURAM,MBAG_V3B_60D_VOLUME_ANOMALY_T4R,2025-12-24,DEV,BULL,312.6212158203125,298.76,368.07,-1.0,1,0
MANAPPURAM,MBAG_V3D_60D_CONVEX_RUNNER_T5R,2025-12-24,DEV,BULL,312.6212158203125,300.3,374.23,-1.0,1,0
MANAPPURAM,MBAG_V1_CHAMP_BASE60_T3R,2026-01-07,VAL,BULL,317.9383850097656,295.79,384.38,-1.0,1,0
MANAPPURAM,MBAG_V3C_90D_MULTI_REGIME_T4R,2026-01-07,VAL,BULL,317.9383850097656,300.22,388.81,-1.0,1,0
MANAPPURAM,MBAG_V1_CHAMP_BASE60_T3R,2026-07-06,HOLDOUT,BULL,345.1083068847656,320.6,418.63,-1.0,1,0
MANAPPURAM,MBAG_V2A_CONVEX_CAT_90D_T4R,2026-07-06,HOLDOUT,BULL,345.1083068847656,325.5,423.54,-1.0,1,0
MANAPPURAM,MBAG_V2B_EXPANSION_120D_T5R,2026-07-06,HOLDOUT,BULL,345.1083068847656,327.46,433.35,-1.0,1,0
MANAPPURAM,MBAG_V3A_40D_MICRO_SURGE_T3_5R,2026-07-06,HOLDOUT,BULL,345.1083068847656,327.46,406.88,-1.0,1,0
MANAPPURAM,MBAG_V3B_60D_VOLUME_ANOMALY_T4R,2026-07-06,HOLDOUT,BULL,345.1083068847656,327.46,415.7,-1.0,1,0
MANAPPURAM,MBAG_V3C_90D_MULTI_REGIME_T4R,2026-07-06,HOLDOUT,BULL,345.1083068847656,325.5,423.54,-1.0,1,0
MANAPPURAM,MBAG_V3D_60D_CONVEX_RUNNER_T5R,2026-07-06,HOLDOUT,BULL,345.1083068847656,329.42,423.55,-1.0,1,0
MANKIND,MBAG_V3A_40D_MICRO_SURGE_T3_5R,2026-01-07,VAL,NEUTRAL,2311.800048828125,2226.22,2611.33,-1.0,1,0
MANKIND,MBAG_V1_CHAMP_BASE60_T3R,2026-04-23,VAL,NEUTRAL,2292.89990234375,2138.88,2754.96,1.21,0,0
MANKIND,MBAG_V1_CHAMP_BASE60_T3R,2026-05-06,VAL,BULL,2361.0,2210.57,2812.29,0.06,0,0
MANKIND,MBAG_V3C_90D_MULTI_REGIME_T4R,2026-05-06,VAL,BULL,2361.0,2240.66,2842.36,0.03,0,0
MANKIND,MBAG_V1_CHAMP_BASE60_T3R,2026-05-08,VAL,BULL,2430.800048828125,2273.25,2903.45,-0.6,0,0
MANKIND,MBAG_V2A_CONVEX_CAT_90D_T4R,2026-05-08,VAL,BULL,2430.800048828125,2304.76,2934.96,-1.0,1,0
MANKIND,MBAG_V3A_40D_MICRO_SURGE_T3_5R,2026-05-08,VAL,BULL,2430.800048828125,2317.36,2827.84,-1.0,1,0
MANKIND,MBAG_V3C_90D_MULTI_REGIME_T4R,2026-05-08,VAL,BULL,2430.800048828125,2304.76,2934.96,-1.0,1,0
MANKIND,MBAG_V3D_60D_CONVEX_RUNNER_T5R,2026-05-08,VAL,BULL,2430.800048828125,2329.97,2934.95,-1.0,1,0
MANKIND,MBAG_V1_CHAMP_BASE60_T3R,2026-05-20,VAL,BULL,2583.89990234375,2386.33,3176.61,-1.0,1,0
MANKIND,MBAG_V2A_CONVEX_CAT_90D_T4R,2026-05-20,VAL,BULL,2583.89990234375,2425.84,3216.14,-1.0,1,0
MANKIND,MBAG_V2B_EXPANSION_120D_T5R,2026-05-20,VAL,BULL,2583.89990234375,2441.65,3295.15,-1.0,1,0
MANKIND,MBAG_V3A_40D_MICRO_SURGE_T3_5R,2026-05-20,VAL,BULL,2583.89990234375,2441.65,3081.77,-1.0,1,0
MANKIND,MBAG_V3B_60D_VOLUME_ANOMALY_T4R,2026-05-20,VAL,BULL,2583.89990234375,2441.65,3152.9,-1.0,1,0
MANKIND,MBAG_V3C_90D_MULTI_REGIME_T4R,2026-05-20,VAL,BULL,2583.89990234375,2425.84,3216.14,-1.0,1,0
MANKIND,MBAG_V3D_60D_CONVEX_RUNNER_T5R,2026-05-20,VAL,BULL,2583.89990234375,2457.45,3216.15,-1.0,1,0
MANORAMA,MBAG_V1_CHAMP_BASE60_T3R,2026-05-04,VAL,BULL,1530.199951171875,1413.4,1880.6,-1.0,1,0
MANORAMA,MBAG_V3C_90D_MULTI_REGIME_T4R,2026-05-04,VAL,BULL,1530.199951171875,1436.76,1903.96,-1.0,1,0
MANORAMA,MBAG_V1_CHAMP_BASE60_T3R,2026-05-05,VAL,BULL,1594.5,1465.55,1981.35,-1.0,1,0
MANORAMA,MBAG_V2A_CONVEX_CAT_90D_T4R,2026-05-05,VAL,BULL,1594.5,1491.34,2007.14,-1.0,1,0
MANORAMA,MBAG_V2B_EXPANSION_120D_T5R,2026-05-05,VAL,BULL,1594.5,1501.66,2058.7,-1.0,1,0
MANORAMA,MBAG_V3A_40D_MICRO_SURGE_T3_5R,2026-05-05,VAL,BULL,1594.5,1501.66,1919.44,-1.0,1,0
MANORAMA,MBAG_V3B_60D_VOLUME_ANOMALY_T4R,2026-05-05,VAL,BULL,1594.5,1501.66,1965.86,-1.0,1,0
MANORAMA,MBAG_V3C_90D_MULTI_REGIME_T4R,2026-05-05,VAL,BULL,1594.5,1491.34,2007.14,-1.0,1,0
MANORAMA,MBAG_V3D_60D_CONVEX_RUNNER_T5R,2026-05-05,VAL,BULL,1594.5,1511.97,2007.15,-1.0,1,0
MANORAMA,MBAG_V1_CHAMP_BASE60_T3R,2026-06-30,HOLDOUT,BULL,1655.300048828125,1527.23,2039.51,-1.0,1,0
MANORAMA,MBAG_V2A_CONVEX_CAT_90D_T4R,2026-06-30,HOLDOUT,BULL,1655.300048828125,1552.84,2065.14,-1.0,1,0
MANORAMA,MBAG_V2B_EXPANSION_120D_T5R,2026-06-30,HOLDOUT,BULL,1655.300048828125,1563.09,2116.35,-1.0,1,0
MANORAMA,MBAG_V3A_40D_MICRO_SURGE_T3_5R,2026-06-30,HOLDOUT,BULL,1655.300048828125,1563.09,1978.04,-1.0,1,0
MANORAMA,MBAG_V3B_60D_VOLUME_ANOMALY_T4R,2026-06-30,HOLDOUT,BULL,1655.300048828125,1563.09,2024.14,-1.0,1,0
MANORAMA,MBAG_V3C_90D_MULTI_REGIME_T4R,2026-06-30,HOLDOUT,BULL,1655.300048828125,1552.84,2065.14,-1.0,1,0
MANORAMA,MBAG_V3D_60D_CONVEX_RUNNER_T5R,2026-06-30,HOLDOUT,BULL,1655.300048828125,1573.33,2065.15,-1.0,1,0
MANYAVAR,MBAG_V1_CHAMP_BASE60_T3R,2025-08-12,DEV,BULL,2840.1005564278476,2782.84,3011.88,-1.0,1,0
MANYAVAR,MBAG_V1_CHAMP_BASE60_T3R,2025-11-27,DEV,BULL,3105.7787373636374,3035.21,3317.48,2.05,0,0
MANYAVAR,MBAG_V1_CHAMP_BASE60_T3R,2026-06-15,HOLDOUT,BULL,4413.304711749628,4320.4,4692.02,3.0,0,1
MANYAVAR,MBAG_V1_CHAMP_BASE60_T3R,2026-06-23,HOLDOUT,BULL,4628.884808983722,4527.33,4933.55,1.75,0,0
MANYAVAR,MBAG_V1_CHAMP_BASE60_T3R,2026-07-10,HOLDOUT,BULL,4783.494360034763,4684.83,5079.49,-0.14,0,0
MAPMYINDIA,MBAG_V3A_40D_MICRO_SURGE_T3_5R,2026-05-11,VAL,BEAR,1077.0,1006.21,1324.76,-1.0,1,0
MAPMYINDIA,MBAG_V3A_40D_MICRO_SURGE_T3_5R,2026-07-09,HOLDOUT,BEAR,1069.199951171875,984.26,1366.49,-1.0,1,0
MARICO,MBAG_V1_CHAMP_BASE60_T3R,2025-11-17,DEV,BULL,760.7000122070312,731.9,847.1,-1.0,1,0
MARICO,MBAG_V3A_40D_MICRO_SURGE_T3_5R,2025-11-17,DEV,BULL,760.7000122070312,739.96,833.29,-1.0,1,0
MARICO,MBAG_V3B_60D_VOLUME_ANOMALY_T4R,2025-11-17,DEV,BULL,760.7000122070312,739.96,843.66,-1.0,1,0
MARICO,MBAG_V3D_60D_CONVEX_RUNNER_T5R,2025-11-17,DEV,BULL,760.7000122070312,742.27,852.85,-1.0,1,0
MARICO,MBAG_V1_CHAMP_BASE60_T3R,2026-01-05,VAL,BULL,773.0499877929688,740.69,870.13,-1.0,1,0
MARICO,MBAG_V3C_90D_MULTI_REGIME_T4R,2026-01-05,VAL,BULL,773.0499877929688,747.16,876.61,-1.0,1,0
MARICO,MBAG_V3A_40D_MICRO_SURGE_T3_5R,2026-05-05,VAL,BULL,807.2000122070312,777.92,909.68,0.2,0,0
MARKSANS,MBAG_V3A_40D_MICRO_SURGE_T3_5R,2025-11-03,DEV,BULL,190.3800048828125,180.55,224.79,-1.0,1,0
MARKSANS,MBAG_V1_CHAMP_BASE60_T3R,2026-04-23,VAL,BULL,193.25,177.55,240.35,1.46,0,0
MARKSANS,MBAG_V3A_40D_MICRO_SURGE_T3_5R,2026-04-23,VAL,BULL,193.25,181.94,232.84,-1.0,1,0
MARKSANS,MBAG_V3B_60D_VOLUME_ANOMALY_T4R,2026-04-23,VAL,BULL,193.25,181.94,238.49,-1.0,1,0
MARKSANS,MBAG_V3D_60D_CONVEX_RUNNER_T5R,2026-04-23,VAL,BULL,193.25,183.2,243.5,-1.0,1,0
MARKSANS,MBAG_V1_CHAMP_BASE60_T3R,2026-05-06,VAL,BULL,196.1999969482422,178.3,249.9,3.0,0,1
MARKSANS,MBAG_V2A_CONVEX_CAT_90D_T4R,2026-05-06,VAL,BULL,196.1999969482422,181.88,253.48,4.0,0,1
MARKSANS,MBAG_V3A_40D_MICRO_SURGE_T3_5R,2026-05-06,VAL,BULL,196.1999969482422,183.31,241.31,3.5,0,1
MARKSANS,MBAG_V3B_60D_VOLUME_ANOMALY_T4R,2026-05-06,VAL,BULL,196.1999969482422,183.31,247.76,4.0,0,1
MARKSANS,MBAG_V3C_90D_MULTI_REGIME_T4R,2026-05-06,VAL,BULL,196.1999969482422,181.88,253.48,4.0,0,1
MARKSANS,MBAG_V3D_60D_CONVEX_RUNNER_T5R,2026-05-06,VAL,BULL,196.1999969482422,184.75,253.45,5.0,0,1
MARKSANS,MBAG_V1_CHAMP_BASE60_T3R,2026-05-18,VAL,BULL,217.6199951171875,195.63,283.59,1.46,0,0
MARKSANS,MBAG_V2A_CONVEX_CAT_90D_T4R,2026-05-18,VAL,BULL,217.6199951171875,200.02,288.02,2.6,0,0
MARKSANS,MBAG_V2B_EXPANSION_120D_T5R,2026-05-18,VAL,BULL,217.6199951171875,201.78,296.82,3.26,0,0
MARKSANS,MBAG_V3A_40D_MICRO_SURGE_T3_5R,2026-05-18,VAL,BULL,217.6199951171875,201.78,273.06,2.43,0,0
MARKSANS,MBAG_V3B_60D_VOLUME_ANOMALY_T4R,2026-05-18,VAL,BULL,217.6199951171875,201.78,280.98,2.89,0,0
MARKSANS,MBAG_V3C_90D_MULTI_REGIME_T4R,2026-05-18,VAL,BULL,217.6199951171875,200.02,288.02,2.6,0,0
MARKSANS,MBAG_V3D_60D_CONVEX_RUNNER_T5R,2026-05-18,VAL,BULL,217.6199951171875,203.54,288.02,2.99,0,0
MARKSANS,MBAG_V1_CHAMP_BASE60_T3R,2026-05-26,VAL,BULL,254.7899932861328,225.59,342.39,0.38,0,0
MARKSANS,MBAG_V2A_CONVEX_CAT_90D_T4R,2026-05-26,VAL,BULL,254.7899932861328,231.43,348.23,-1.0,1,0
MARKSANS,MBAG_V2B_EXPANSION_120D_T5R,2026-05-26,VAL,BULL,254.7899932861328,233.76,359.94,-1.0,1,0
MARKSANS,MBAG_V3A_40D_MICRO_SURGE_T3_5R,2026-05-26,VAL,BULL,254.7899932861328,233.76,328.39,-1.0,1,0
MARKSANS,MBAG_V3B_60D_VOLUME_ANOMALY_T4R,2026-05-26,VAL,BULL,254.7899932861328,233.76,338.91,-1.0,1,0
MARKSANS,MBAG_V3C_90D_MULTI_REGIME_T4R,2026-05-26,VAL,BULL,254.7899932861328,231.43,348.23,-1.0,1,0
MARKSANS,MBAG_V3D_60D_CONVEX_RUNNER_T5R,2026-05-26,VAL,BULL,254.7899932861328,236.1,348.24,-1.0,1,0
MARUTI,MBAG_V1_CHAMP_BASE60_T3R,2025-08-18,DEV,BULL,14068.0,13433.2,15972.4,2.37,0,0
MARUTI,MBAG_V2A_CONVEX_CAT_90D_T4R,2025-08-18,DEV,BULL,14068.0,13560.16,16099.36,4.0,0,1
MARUTI,MBAG_V2B_EXPANSION_120D_T5R,2025-08-18,DEV,BULL,14068.0,13610.94,16353.3,5.0,0,1
MARUTI,MBAG_V3A_40D_MICRO_SURGE_T3_5R,2025-08-18,DEV,BULL,14068.0,13610.94,15667.71,3.5,0,1
MARUTI,MBAG_V3B_60D_VOLUME_ANOMALY_T4R,2025-08-18,DEV,BULL,14068.0,13610.94,15896.24,4.0,0,1
MARUTI,MBAG_V3C_90D_MULTI_REGIME_T4R,2025-08-18,DEV,BULL,14068.0,13560.16,16099.36,4.0,0,1
MARUTI,MBAG_V3D_60D_CONVEX_RUNNER_T5R,2025-08-18,DEV,BULL,14068.0,13661.73,16099.35,5.0,0,1
MARUTI,MBAG_V1_CHAMP_BASE60_T3R,2025-08-19,DEV,BULL,14250.0,13605.46,16183.62,2.41,0,0
MARUTI,MBAG_V2A_CONVEX_CAT_90D_T4R,2025-08-19,DEV,BULL,14250.0,13734.37,16312.52,4.0,0,1
MARUTI,MBAG_V3A_40D_MICRO_SURGE_T3_5R,2025-08-19,DEV,BULL,14250.0,13785.93,15874.24,3.5,0,1
MARUTI,MBAG_V3C_90D_MULTI_REGIME_T4R,2025-08-19,DEV,BULL,14250.0,13734.37,16312.52,4.0,0,1
MARUTI,MBAG_V3D_60D_CONVEX_RUNNER_T5R,2025-08-19,DEV,BULL,14250.0,13837.49,16312.55,5.0,0,1
MARUTI,MBAG_V1_CHAMP_BASE60_T3R,2025-08-26,DEV,BULL,14714.0,14113.64,16515.08,2.56,0,0
MARUTI,MBAG_V2A_CONVEX_CAT_90D_T4R,2025-08-26,DEV,BULL,14714.0,14233.71,16635.16,2.65,0,0
MARUTI,MBAG_V3C_90D_MULTI_REGIME_T4R,2025-08-26,DEV,BULL,14714.0,14233.71,16635.16,2.65,0,0
MARUTI,MBAG_V3D_60D_CONVEX_RUNNER_T5R,2025-08-26,DEV,BULL,14714.0,14329.77,16635.15,4.12,0,0
MARUTI,MBAG_V3A_40D_MICRO_SURGE_T3_5R,2026-06-30,HOLDOUT,BEAR,13974.65234375,13434.11,15866.55,-1.0,1,0
MARUTI,MBAG_V1_CHAMP_BASE60_T3R,2026-07-01,HOLDOUT,NEUTRAL,14251.8681640625,13460.89,16624.8,-1.0,1,0
MARUTI,MBAG_V3A_40D_MICRO_SURGE_T3_5R,2026-07-01,HOLDOUT,NEUTRAL,14251.8681640625,13682.37,16245.11,-1.0,1,0
MARUTI,MBAG_V3B_60D_VOLUME_ANOMALY_T4R,2026-07-01,HOLDOUT,NEUTRAL,14251.8681640625,13682.37,16529.86,-1.0,1,0
MARUTI,MBAG_V3D_60D_CONVEX_RUNNER_T5R,2026-07-01,HOLDOUT,NEUTRAL,14251.8681640625,13745.65,16782.96,-1.0,1,0
MAXHEALTH,MBAG_V1_CHAMP_BASE60_T3R,2026-06-25,HOLDOUT,BULL,1121.357177734375,1049.49,1336.96,-0.52,0,0
MAXHEALTH,MBAG_V1_CHAMP_BASE60_T3R,2026-06-29,HOLDOUT,BULL,1147.860107421875,1080.51,1349.91,-1.0,1,0
MAYURUNIQ,MBAG_V1_CHAMP_BASE60_T3R,2025-11-11,DEV,BULL,554.9500122070312,513.33,679.81,-1.0,1,0
MAYURUNIQ,MBAG_V1_CHAMP_BASE60_T3R,2026-02-03,VAL,BULL,578.4500122070312,534.13,711.41,-1.0,1,0
MAYURUNIQ,MBAG_V2A_CONVEX_CAT_90D_T4R,2026-02-03,VAL,BULL,578.4500122070312,542.99,720.29,-1.0,1,0
MAYURUNIQ,MBAG_V2B_EXPANSION_120D_T5R,2026-02-03,VAL,BULL,578.4500122070312,546.54,738.0,-1.0,1,0
MAYURUNIQ,MBAG_V3A_40D_MICRO_SURGE_T3_5R,2026-02-03,VAL,BULL,578.4500122070312,546.54,690.14,-1.0,1,0
MAYURUNIQ,MBAG_V3B_60D_VOLUME_ANOMALY_T4R,2026-02-03,VAL,BULL,578.4500122070312,546.54,706.09,-1.0,1,0
MAYURUNIQ,MBAG_V3C_90D_MULTI_REGIME_T4R,2026-02-03,VAL,BULL,578.4500122070312,542.99,720.29,-1.0,1,0
MAYURUNIQ,MBAG_V3D_60D_CONVEX_RUNNER_T5R,2026-02-03,VAL,BULL,578.4500122070312,550.08,720.3,-1.0,1,0
MAYURUNIQ,MBAG_V1_CHAMP_BASE60_T3R,2026-05-07,VAL,BULL,605.0999755859375,559.79,741.03,3.0,0,1
MAYURUNIQ,MBAG_V3A_40D_MICRO_SURGE_T3_5R,2026-05-07,VAL,BULL,605.0999755859375,572.47,719.3,3.5,0,1
MAYURUNIQ,MBAG_V3B_60D_VOLUME_ANOMALY_T4R,2026-05-07,VAL,BULL,605.0999755859375,572.47,735.62,4.0,0,1
MAYURUNIQ,MBAG_V3D_60D_CONVEX_RUNNER_T5R,2026-05-07,VAL,BULL,605.0999755859375,576.1,750.1,5.0,0,1
MAYURUNIQ,MBAG_V1_CHAMP_BASE60_T3R,2026-05-08,VAL,BULL,629.4000244140625,579.44,779.28,3.0,0,1
MAYURUNIQ,MBAG_V2A_CONVEX_CAT_90D_T4R,2026-05-08,VAL,BULL,629.4000244140625,589.43,789.28,4.0,0,1
MAYURUNIQ,MBAG_V2B_EXPANSION_120D_T5R,2026-05-08,VAL,BULL,629.4000244140625,593.43,809.25,-1.0,1,0
MAYURUNIQ,MBAG_V3A_40D_MICRO_SURGE_T3_5R,2026-05-08,VAL,BULL,629.4000244140625,593.43,755.3,-1.0,1,0
MAYURUNIQ,MBAG_V3B_60D_VOLUME_ANOMALY_T4R,2026-05-08,VAL,BULL,629.4000244140625,593.43,773.28,-1.0,1,0
MAYURUNIQ,MBAG_V3C_90D_MULTI_REGIME_T4R,2026-05-08,VAL,BULL,629.4000244140625,589.43,789.28,4.0,0,1
MAYURUNIQ,MBAG_V3D_60D_CONVEX_RUNNER_T5R,2026-05-08,VAL,BULL,629.4000244140625,597.42,789.3,-1.0,1,0
MAYURUNIQ,MBAG_V1_CHAMP_BASE60_T3R,2026-05-20,VAL,BULL,692.25,616.25,920.25,1.77,0,0
MAYURUNIQ,MBAG_V2A_CONVEX_CAT_90D_T4R,2026-05-20,VAL,BULL,692.25,631.45,935.45,2.62,0,0
MAYURUNIQ,MBAG_V2B_EXPANSION_120D_T5R,2026-05-20,VAL,BULL,692.25,637.53,965.85,2.19,0,0
MAYURUNIQ,MBAG_V3A_40D_MICRO_SURGE_T3_5R,2026-05-20,VAL,BULL,692.25,637.53,883.77,2.03,0,0
MAYURUNIQ,MBAG_V3B_60D_VOLUME_ANOMALY_T4R,2026-05-20,VAL,BULL,692.25,637.53,911.13,2.91,0,0
MAYURUNIQ,MBAG_V3C_90D_MULTI_REGIME_T4R,2026-05-20,VAL,BULL,692.25,631.45,935.45,2.62,0,0
MAYURUNIQ,MBAG_V3D_60D_CONVEX_RUNNER_T5R,2026-05-20,VAL,BULL,692.25,643.61,935.45,3.31,0,0
MAYURUNIQ,MBAG_V1_CHAMP_BASE60_T3R,2026-06-30,HOLDOUT,BULL,860.7999877929688,789.43,1074.91,-1.0,1,0
MAYURUNIQ,MBAG_V3C_90D_MULTI_REGIME_T4R,2026-06-30,HOLDOUT,BULL,860.7999877929688,803.71,1089.16,-1.0,1,0
MAZDOCK,MBAG_V1_CHAMP_BASE60_T3R,2025-08-19,DEV,BULL,2320.87523911111,2264.46,2490.12,1.66,0,0
MAZDOCK,MBAG_V1_CHAMP_BASE60_T3R,2025-09-02,DEV,BULL,2460.881947913845,2409.5,2615.03,-1.0,1,0
MAZDOCK,MBAG_V1_CHAMP_BASE60_T3R,2026-02-10,VAL,BULL,3121.2131793409976,3051.54,3330.23,3.0,0,1
MBAPL,MBAG_V3A_40D_MICRO_SURGE_T3_5R,2025-12-29,DEV,BULL,84.99480438232422,81.34,97.79,-1.0,1,0
MBAPL,MBAG_V3A_40D_MICRO_SURGE_T3_5R,2026-01-07,VAL,BULL,89.26102447509766,85.36,102.91,-1.0,1,0
MBAPL,MBAG_V1_CHAMP_BASE60_T3R,2026-02-09,VAL,BULL,90.43000030517578,83.28,111.88,0.3,0,0
MBAPL,MBAG_V3A_40D_MICRO_SURGE_T3_5R,2026-02-09,VAL,BULL,90.43000030517578,85.29,108.42,-0.11,0,0
MBAPL,MBAG_V3B_60D_VOLUME_ANOMALY_T4R,2026-02-09,VAL,BULL,90.43000030517578,85.29,110.99,0.06,0,0
MBAPL,MBAG_V3D_60D_CONVEX_RUNNER_T5R,2026-02-09,VAL,BULL,90.43000030517578,85.86,113.28,3.46,0,0
MBAPL,MBAG_V1_CHAMP_BASE60_T3R,2026-02-10,VAL,BULL,92.81788635253906,85.44,114.95,-0.01,0,0
MBAPL,MBAG_V3A_40D_MICRO_SURGE_T3_5R,2026-02-10,VAL,BULL,92.81788635253906,87.5,111.43,-0.57,0,0
MBAPL,MBAG_V3B_60D_VOLUME_ANOMALY_T4R,2026-02-10,VAL,BULL,92.81788635253906,87.5,114.09,-1.0,1,0
MBAPL,MBAG_V3D_60D_CONVEX_RUNNER_T5R,2026-02-10,VAL,BULL,92.81788635253906,88.09,116.46,-1.0,1,0
MBAPL,MBAG_V1_CHAMP_BASE60_T3R,2026-02-16,VAL,BULL,96.03504180908203,88.73,117.95,-1.0,1,0
MBAPL,MBAG_V1_CHAMP_BASE60_T3R,2026-04-01,VAL,BULL,100.87075805664062,91.49,129.01,0.45,0,0
MBAPL,MBAG_V3C_90D_MULTI_REGIME_T4R,2026-04-01,VAL,BULL,100.87075805664062,93.37,130.87,0.81,0,0
MBAPL,MBAG_V1_CHAMP_BASE60_T3R,2026-04-02,VAL,BULL,106.25598907470703,95.51,138.49,0.31,0,0
MBAPL,MBAG_V1_CHAMP_BASE60_T3R,2026-05-05,VAL,BULL,112.67031860351562,102.58,142.94,-0.41,0,0
MBAPL,MBAG_V1_CHAMP_BASE60_T3R,2026-07-01,HOLDOUT,BULL,118.6500015258789,108.93,147.81,3.0,0,1
MBAPL,MBAG_V2A_CONVEX_CAT_90D_T4R,2026-07-01,HOLDOUT,BULL,118.6500015258789,110.87,149.77,-1.0,1,0
MBAPL,MBAG_V2B_EXPANSION_120D_T5R,2026-07-01,HOLDOUT,BULL,118.6500015258789,111.65,153.65,-1.0,1,0
MBAPL,MBAG_V3A_40D_MICRO_SURGE_T3_5R,2026-07-01,HOLDOUT,BULL,118.6500015258789,111.65,143.15,-1.0,1,0
MBAPL,MBAG_V3B_60D_VOLUME_ANOMALY_T4R,2026-07-01,HOLDOUT,BULL,118.6500015258789,111.65,146.65,-1.0,1,0
MBAPL,MBAG_V3C_90D_MULTI_REGIME_T4R,2026-07-01,HOLDOUT,BULL,118.6500015258789,110.87,149.77,-1.0,1,0
MBAPL,MBAG_V3D_60D_CONVEX_RUNNER_T5R,2026-07-01,HOLDOUT,BULL,118.6500015258789,112.43,149.75,-1.0,1,0
MBAPL,MBAG_V1_CHAMP_BASE60_T3R,2026-07-02,HOLDOUT,BULL,120.86000061035156,111.01,150.41,-1.0,1,0
MBAPL,MBAG_V3C_90D_MULTI_REGIME_T4R,2026-07-02,HOLDOUT,BULL,120.86000061035156,112.98,152.38,-1.0,1,0
MBAPL,MBAG_V3C_90D_MULTI_REGIME_T4R,2026-07-09,HOLDOUT,BULL,129.85000610351562,115.85,185.85,2.4,0,0
MCX,MBAG_V1_CHAMP_BASE60_T3R,2025-11-26,DEV,BULL,2056.60009765625,1923.65,2455.45,0.82,0,0
MCX,MBAG_V1_CHAMP_BASE60_T3R,2026-01-14,VAL,BULL,2417.0,2232.57,2970.29,-1.0,1,0
MCX,MBAG_V2A_CONVEX_CAT_90D_T4R,2026-01-14,VAL,BULL,2417.0,2269.46,3007.16,-1.0,1,0
MCX,MBAG_V3C_90D_MULTI_REGIME_T4R,2026-01-14,VAL,BULL,2417.0,2269.46,3007.16,-1.0,1,0
MCX,MBAG_V3D_60D_CONVEX_RUNNER_T5R,2026-01-14,VAL,BULL,2417.0,2298.97,3007.15,-1.0,1,0
MCX,MBAG_V1_CHAMP_BASE60_T3R,2026-01-28,VAL,BULL,2593.0,2344.07,3339.79,-1.0,1,0
MCX,MBAG_V2A_CONVEX_CAT_90D_T4R,2026-01-28,VAL,BULL,2593.0,2393.86,3389.56,-1.0,1,0
MCX,MBAG_V3A_40D_MICRO_SURGE_T3_5R,2026-01-28,VAL,BULL,2593.0,2413.77,3220.3,-1.0,1,0
MCX,MBAG_V3C_90D_MULTI_REGIME_T4R,2026-01-28,VAL,BULL,2593.0,2393.86,3389.56,-1.0,1,0
MCX,MBAG_V3D_60D_CONVEX_RUNNER_T5R,2026-01-28,VAL,BULL,2593.0,2433.69,3389.55,-1.0,1,0
MCX,MBAG_V1_CHAMP_BASE60_T3R,2026-01-29,VAL,BULL,2686.0,2443.68,3412.96,-1.0,1,0
MCX,MBAG_V1_CHAMP_BASE60_T3R,2026-05-11,VAL,BULL,3187.89990234375,2969.11,3844.27,-1.0,1,0
MCX,MBAG_V2A_CONVEX_CAT_90D_T4R,2026-05-11,VAL,BULL,3187.89990234375,3012.87,3888.02,-1.0,1,0
MCX,MBAG_V3A_40D_MICRO_SURGE_T3_5R,2026-05-11,VAL,BULL,3187.89990234375,3030.37,3739.25,-1.0,1,0
MCX,MBAG_V3C_90D_MULTI_REGIME_T4R,2026-05-11,VAL,BULL,3187.89990234375,3012.87,3888.02,-1.0,1,0
MCX,MBAG_V3D_60D_CONVEX_RUNNER_T5R,2026-05-11,VAL,BULL,3187.89990234375,3047.88,3888.0,-1.0,1,0
MEDANTA,MBAG_V1_CHAMP_BASE60_T3R,2026-05-11,VAL,NEUTRAL,1239.199951171875,1142.64,1528.88,-0.3,0,0
MEDANTA,MBAG_V1_CHAMP_BASE60_T3R,2026-06-22,HOLDOUT,BULL,1288.0999755859375,1202.08,1546.16,0.5,0,0
MEDANTA,MBAG_V1_CHAMP_BASE60_T3R,2026-06-23,HOLDOUT,BULL,1302.800048828125,1212.44,1573.88,0.44,0,0
MEDANTA,MBAG_V2A_CONVEX_CAT_90D_T4R,2026-06-23,HOLDOUT,BULL,1302.800048828125,1230.51,1591.96,1.82,0,0
MEDANTA,MBAG_V3A_40D_MICRO_SURGE_T3_5R,2026-06-23,HOLDOUT,BULL,1302.800048828125,1237.74,1530.51,1.51,0,0
MEDANTA,MBAG_V3C_90D_MULTI_REGIME_T4R,2026-06-23,HOLDOUT,BULL,1302.800048828125,1230.51,1591.96,1.82,0,0
MEDANTA,MBAG_V3D_60D_CONVEX_RUNNER_T5R,2026-06-23,HOLDOUT,BULL,1302.800048828125,1244.97,1591.95,2.37,0,0
MEDPLUS,MBAG_V1_CHAMP_BASE60_T3R,2026-02-03,VAL,BULL,862.4000244140625,799.03,1052.51,-0.75,0,0
MEDPLUS,MBAG_V1_CHAMP_BASE60_T3R,2026-02-04,VAL,BULL,882.3499755859375,815.24,1083.68,-1.0,1,0
MEDPLUS,MBAG_V1_CHAMP_BASE60_T3R,2026-02-10,VAL,BULL,894.5999755859375,821.08,1115.16,-1.0,1,0
MEDPLUS,MBAG_V2A_CONVEX_CAT_90D_T4R,2026-02-10,VAL,BULL,894.5999755859375,835.79,1129.84,-1.0,1,0
MEDPLUS,MBAG_V3C_90D_MULTI_REGIME_T4R,2026-02-10,VAL,BULL,894.5999755859375,835.79,1129.84,-1.0,1,0
MEDPLUS,MBAG_V3D_60D_CONVEX_RUNNER_T5R,2026-02-10,VAL,BULL,894.5999755859375,847.55,1129.85,-1.0,1,0
MEDPLUS,MBAG_V1_CHAMP_BASE60_T3R,2026-05-15,VAL,BULL,951.0,880.52,1162.44,-1.0,1,0
MEDPLUS,MBAG_V2A_CONVEX_CAT_90D_T4R,2026-05-15,VAL,BULL,951.0,894.61,1176.56,-1.0,1,0
MEDPLUS,MBAG_V2B_EXPANSION_120D_T5R,2026-05-15,VAL,BULL,951.0,900.25,1204.75,-1.0,1,0
MEDPLUS,MBAG_V3A_40D_MICRO_SURGE_T3_5R,2026-05-15,VAL,BULL,951.0,900.25,1128.62,-1.0,1,0
MEDPLUS,MBAG_V3B_60D_VOLUME_ANOMALY_T4R,2026-05-15,VAL,BULL,951.0,900.25,1154.0,-1.0,1,0
MEDPLUS,MBAG_V3C_90D_MULTI_REGIME_T4R,2026-05-15,VAL,BULL,951.0,894.61,1176.56,-1.0,1,0
MEDPLUS,MBAG_V3D_60D_CONVEX_RUNNER_T5R,2026-05-15,VAL,BULL,951.0,905.89,1176.55,-1.0,1,0
MEESHO,MBAG_V1_CHAMP_BASE60_T3R,2025-09-24,DEV,NEUTRAL,1463.5096537374557,1431.85,1558.49,-1.0,1,0
MEESHO,MBAG_V1_CHAMP_BASE60_T3R,2026-03-06,VAL,BULL,1735.9008390433978,1696.64,1853.68,-1.0,1,0
MEESHO,MBAG_V1_CHAMP_BASE60_T3R,2026-04-21,VAL,BULL,1820.849399437362,1778.1,1949.1,-0.29,0,0
METROPOLIS,MBAG_V3A_40D_MICRO_SURGE_T3_5R,2026-01-05,VAL,BULL,511.6147155761719,488.05,594.09,-1.0,1,0
METROPOLIS,MBAG_V3A_40D_MICRO_SURGE_T3_5R,2026-05-05,VAL,BULL,505.3021545410156,480.72,591.34,3.5,0,1
METROPOLIS,MBAG_V1_CHAMP_BASE60_T3R,2026-05-08,VAL,BULL,548.4170532226562,505.91,675.94,-1.0,1,0
METROPOLIS,MBAG_V2A_CONVEX_CAT_90D_T4R,2026-05-08,VAL,BULL,548.4170532226562,514.41,684.45,-1.0,1,0
METROPOLIS,MBAG_V2B_EXPANSION_120D_T5R,2026-05-08,VAL,BULL,548.4170532226562,517.81,701.45,-1.0,1,0
METROPOLIS,MBAG_V3A_40D_MICRO_SURGE_T3_5R,2026-05-08,VAL,BULL,548.4170532226562,517.81,655.54,-1.0,1,0
METROPOLIS,MBAG_V3B_60D_VOLUME_ANOMALY_T4R,2026-05-08,VAL,BULL,548.4170532226562,517.81,670.85,-1.0,1,0
METROPOLIS,MBAG_V3C_90D_MULTI_REGIME_T4R,2026-05-08,VAL,BULL,548.4170532226562,514.41,684.45,-1.0,1,0
METROPOLIS,MBAG_V3D_60D_CONVEX_RUNNER_T5R,2026-05-08,VAL,BULL,548.4170532226562,521.21,684.45,-1.0,1,0
MFSL,MBAG_V1_CHAMP_BASE60_T3R,2025-08-22,DEV,BULL,1256.047570203096,1230.63,1332.3,3.0,0,1
MFSL,MBAG_V1_CHAMP_BASE60_T3R,2025-09-01,DEV,BULL,1345.9736330020241,1317.09,1432.62,1.24,0,0
MGL,MBAG_V1_CHAMP_BASE60_T3R,2025-11-17,DEV,BULL,1530.1226054127062,1499.17,1622.98,-1.0,1,0
MIDHANI,MBAG_V3A_40D_MICRO_SURGE_T3_5R,2026-01-29,VAL,BULL,386.4727783203125,357.33,488.47,-1.0,1,0
MIDHANI,MBAG_V3A_40D_MICRO_SURGE_T3_5R,2026-04-20,VAL,BULL,378.54998779296875,349.21,481.24,1.3,0,0
MIDHANI,MBAG_V1_CHAMP_BASE60_T3R,2026-05-07,VAL,BULL,413.70001220703125,377.15,523.35,0.81,0,0
MIDHANI,MBAG_V2A_CONVEX_CAT_90D_T4R,2026-05-07,VAL,BULL,413.70001220703125,384.46,530.66,-1.0,1,0
MIDHANI,MBAG_V3A_40D_MICRO_SURGE_T3_5R,2026-05-07,VAL,BULL,413.70001220703125,387.38,505.82,-1.0,1,0
MIDHANI,MBAG_V3C_90D_MULTI_REGIME_T4R,2026-05-07,VAL,BULL,413.70001220703125,384.46,530.66,-1.0,1,0
MIDHANI,MBAG_V3D_60D_CONVEX_RUNNER_T5R,2026-05-07,VAL,BULL,413.70001220703125,390.31,530.65,-1.0,1,0
MIDHANI,MBAG_V1_CHAMP_BASE60_T3R,2026-05-08,VAL,BULL,421.25,384.42,531.74,-1.0,1,0
MIDHANI,MBAG_V2A_CONVEX_CAT_90D_T4R,2026-05-08,VAL,BULL,421.25,391.79,539.09,-1.0,1,0
MIDHANI,MBAG_V3A_40D_MICRO_SURGE_T3_5R,2026-05-08,VAL,BULL,421.25,394.73,514.07,-1.0,1,0
MIDHANI,MBAG_V3C_90D_MULTI_REGIME_T4R,2026-05-08,VAL,BULL,421.25,391.79,539.09,-1.0,1,0
MIDHANI,MBAG_V3D_60D_CONVEX_RUNNER_T5R,2026-05-08,VAL,BULL,421.25,397.68,539.1,-1.0,1,0
MIDHANI,MBAG_V1_CHAMP_BASE60_T3R,2026-06-09,HOLDOUT,BULL,450.3500061035156,401.27,597.59,-0.72,0,0
MIDHANI,MBAG_V3C_90D_MULTI_REGIME_T4R,2026-06-09,HOLDOUT,BULL,450.3500061035156,411.09,607.39,-1.0,1,0
MINDACORP,MBAG_V3A_40D_MICRO_SURGE_T3_5R,2026-05-22,VAL,BULL,574.6500244140625,537.71,703.94,2.59,0,0
MINDACORP,MBAG_V1_CHAMP_BASE60_T3R,2026-05-27,VAL,BULL,623.8499755859375,561.58,810.66,0.72,0,0
MINDACORP,MBAG_V2A_CONVEX_CAT_90D_T4R,2026-05-27,VAL,BULL,623.8499755859375,574.04,823.09,1.19,0,0
MINDACORP,MBAG_V2B_EXPANSION_120D_T5R,2026-05-27,VAL,BULL,623.8499755859375,579.02,848.0,1.04,0,0
MINDACORP,MBAG_V3A_40D_MICRO_SURGE_T3_5R,2026-05-27,VAL,BULL,623.8499755859375,579.02,780.75,1.91,0,0
MINDACORP,MBAG_V3B_60D_VOLUME_ANOMALY_T4R,2026-05-27,VAL,BULL,623.8499755859375,579.02,803.17,1.33,0,0
MINDACORP,MBAG_V3C_90D_MULTI_REGIME_T4R,2026-05-27,VAL,BULL,623.8499755859375,574.04,823.09,1.19,0,0
MINDACORP,MBAG_V3D_60D_CONVEX_RUNNER_T5R,2026-05-27,VAL,BULL,623.8499755859375,584.0,823.1,1.29,0,0
MINDACORP,MBAG_V1_CHAMP_BASE60_T3R,2026-06-04,HOLDOUT,BULL,645.2999877929688,580.76,838.92,0.99,0,0
MINDACORP,MBAG_V2A_CONVEX_CAT_90D_T4R,2026-06-04,HOLDOUT,BULL,645.2999877929688,593.67,851.82,0.73,0,0
MINDACORP,MBAG_V3C_90D_MULTI_REGIME_T4R,2026-06-04,HOLDOUT,BULL,645.2999877929688,593.67,851.82,0.73,0,0
MINDACORP,MBAG_V3D_60D_CONVEX_RUNNER_T5R,2026-06-04,HOLDOUT,BULL,645.2999877929688,604.0,851.8,0.28,0,0
MINDACORP,MBAG_V1_CHAMP_BASE60_T3R,2026-06-30,HOLDOUT,BULL,696.7999877929688,644.19,854.63,-0.27,0,0
MMTC,MBAG_V1_CHAMP_BASE60_T3R,2025-08-12,DEV,BULL,1877.2374945152542,1836.48,1999.51,-1.0,1,0
MMTC,MBAG_V1_CHAMP_BASE60_T3R,2025-09-24,DEV,BULL,1963.4117973684283,1921.58,2088.91,-1.0,1,0
MMTC,MBAG_V1_CHAMP_BASE60_T3R,2026-02-02,VAL,BULL,2616.5627892846787,2557.42,2793.99,-1.0,1,0
MMTC,MBAG_V1_CHAMP_BASE60_T3R,2026-02-03,VAL,BULL,2647.002381392229,2584.1,2835.71,-1.0,1,0
MMTC,MBAG_V1_CHAMP_BASE60_T3R,2026-06-16,HOLDOUT,BULL,3021.3597973376177,2951.66,3230.46,3.0,0,1
MODEFENCE.NS,MBAG_V1_CHAMP_BASE60_T3R,2026-03-06,VAL,BULL,93.76000213623047,86.87,114.43,-1.0,1,0
MODEFENCE.NS,MBAG_V2A_CONVEX_CAT_90D_T4R,2026-03-06,VAL,BULL,93.76000213623047,88.25,115.8,-1.0,1,0
MODEFENCE.NS,MBAG_V2B_EXPANSION_120D_T5R,2026-03-06,VAL,BULL,93.76000213623047,88.8,118.56,-1.0,1,0
MODEFENCE.NS,MBAG_V3A_40D_MICRO_SURGE_T3_5R,2026-03-06,VAL,BULL,93.76000213623047,88.8,111.12,-1.0,1,0
MODEFENCE.NS,MBAG_V3B_60D_VOLUME_ANOMALY_T4R,2026-03-06,VAL,BULL,93.76000213623047,88.8,113.6,-1.0,1,0
MODEFENCE.NS,MBAG_V3C_90D_MULTI_REGIME_T4R,2026-03-06,VAL,BULL,93.76000213623047,88.25,115.8,-1.0,1,0
MODEFENCE.NS,MBAG_V3D_60D_CONVEX_RUNNER_T5R,2026-03-06,VAL,BULL,93.76000213623047,89.35,115.81,-1.0,1,0
MODEFENCE.NS,MBAG_V1_CHAMP_BASE60_T3R,2026-05-07,VAL,BULL,103.56999969482422,97.63,121.39,-1.0,1,0
MODEFENCE.NS,MBAG_V1_CHAMP_BASE60_T3R,2026-06-22,HOLDOUT,BULL,106.91999816894531,100.56,126.0,-1.0,1,0
MODISONLTD,MBAG_V1_CHAMP_BASE60_T3R,2026-04-28,VAL,BULL,168.8156280517578,153.02,216.2,-1.0,1,0
MODISONLTD,MBAG_V2A_CONVEX_CAT_90D_T4R,2026-04-28,VAL,BULL,168.8156280517578,156.18,219.36,-1.0,1,0
MODISONLTD,MBAG_V2B_EXPANSION_120D_T5R,2026-04-28,VAL,BULL,168.8156280517578,157.45,225.64,-1.0,1,0
MODISONLTD,MBAG_V3A_40D_MICRO_SURGE_T3_5R,2026-04-28,VAL,BULL,168.8156280517578,157.45,208.6,-1.0,1,0
MODISONLTD,MBAG_V3B_60D_VOLUME_ANOMALY_T4R,2026-04-28,VAL,BULL,168.8156280517578,157.45,214.28,-1.0,1,0
MODISONLTD,MBAG_V3C_90D_MULTI_REGIME_T4R,2026-04-28,VAL,BULL,168.8156280517578,156.18,219.36,-1.0,1,0
MODISONLTD,MBAG_V3D_60D_CONVEX_RUNNER_T5R,2026-04-28,VAL,BULL,168.8156280517578,158.71,219.34,-1.0,1,0
MODISONLTD,MBAG_V1_CHAMP_BASE60_T3R,2026-05-25,VAL,BULL,207.16392517089844,184.78,274.32,3.0,0,1
MODISONLTD,MBAG_V2A_CONVEX_CAT_90D_T4R,2026-05-25,VAL,BULL,207.16392517089844,189.26,278.78,4.0,0,1
MODISONLTD,MBAG_V2B_EXPANSION_120D_T5R,2026-05-25,VAL,BULL,207.16392517089844,191.05,287.73,5.0,0,1
MODISONLTD,MBAG_V3A_40D_MICRO_SURGE_T3_5R,2026-05-25,VAL,BULL,207.16392517089844,191.05,263.56,3.5,0,1
MODISONLTD,MBAG_V3B_60D_VOLUME_ANOMALY_T4R,2026-05-25,VAL,BULL,207.16392517089844,191.05,271.62,4.0,0,1
MODISONLTD,MBAG_V3C_90D_MULTI_REGIME_T4R,2026-05-25,VAL,BULL,207.16392517089844,189.26,278.78,4.0,0,1
MODISONLTD,MBAG_V3D_60D_CONVEX_RUNNER_T5R,2026-05-25,VAL,BULL,207.16392517089844,192.84,278.78,5.0,0,1
MODISONLTD,MBAG_V1_CHAMP_BASE60_T3R,2026-05-26,VAL,BULL,248.5907745361328,225.25,318.61,3.0,0,1
MODISONLTD,MBAG_V2A_CONVEX_CAT_90D_T4R,2026-05-26,VAL,BULL,248.5907745361328,229.91,323.31,4.0,0,1
MODISONLTD,MBAG_V2B_EXPANSION_120D_T5R,2026-05-26,VAL,BULL,248.5907745361328,231.78,332.64,5.0,0,1
MODISONLTD,MBAG_V3A_40D_MICRO_SURGE_T3_5R,2026-05-26,VAL,BULL,248.5907745361328,231.78,307.43,3.5,0,1
MODISONLTD,MBAG_V3B_60D_VOLUME_ANOMALY_T4R,2026-05-26,VAL,BULL,248.5907745361328,231.78,315.83,4.0,0,1
MODISONLTD,MBAG_V3C_90D_MULTI_REGIME_T4R,2026-05-26,VAL,BULL,248.5907745361328,229.91,323.31,4.0,0,1
MODISONLTD,MBAG_V3D_60D_CONVEX_RUNNER_T5R,2026-05-26,VAL,BULL,248.5907745361328,233.65,323.29,5.0,0,1
MODISONLTD,MBAG_V1_CHAMP_BASE60_T3R,2026-05-27,VAL,BULL,271.9323425292969,246.58,347.99,3.0,0,1
MODISONLTD,MBAG_V2A_CONVEX_CAT_90D_T4R,2026-05-27,VAL,BULL,271.9323425292969,251.65,353.06,4.0,0,1
MODISONLTD,MBAG_V2B_EXPANSION_120D_T5R,2026-05-27,VAL,BULL,271.9323425292969,253.68,363.19,1.17,0,0
MODISONLTD,MBAG_V3A_40D_MICRO_SURGE_T3_5R,2026-05-27,VAL,BULL,271.9323425292969,253.68,335.82,3.5,0,1
MODISONLTD,MBAG_V3B_60D_VOLUME_ANOMALY_T4R,2026-05-27,VAL,BULL,271.9323425292969,253.68,344.94,4.0,0,1
MODISONLTD,MBAG_V3C_90D_MULTI_REGIME_T4R,2026-05-27,VAL,BULL,271.9323425292969,251.65,353.06,4.0,0,1
MODISONLTD,MBAG_V3D_60D_CONVEX_RUNNER_T5R,2026-05-27,VAL,BULL,271.9323425292969,255.71,353.04,5.0,0,1
MODISONLTD,MBAG_V1_CHAMP_BASE60_T3R,2026-05-29,VAL,BULL,281.72235107421875,253.84,365.37,1.3,0,0
MODISONLTD,MBAG_V2A_CONVEX_CAT_90D_T4R,2026-05-29,VAL,BULL,281.72235107421875,259.42,370.93,0.65,0,0
MODISONLTD,MBAG_V2B_EXPANSION_120D_T5R,2026-05-29,VAL,BULL,281.72235107421875,261.65,382.08,-0.27,0,0
MODISONLTD,MBAG_V3A_40D_MICRO_SURGE_T3_5R,2026-05-29,VAL,BULL,281.72235107421875,261.65,351.98,3.5,0,1
MODISONLTD,MBAG_V3B_60D_VOLUME_ANOMALY_T4R,2026-05-29,VAL,BULL,281.72235107421875,261.65,362.01,0.72,0,0
MODISONLTD,MBAG_V3C_90D_MULTI_REGIME_T4R,2026-05-29,VAL,BULL,281.72235107421875,259.42,370.93,0.65,0,0
MODISONLTD,MBAG_V3D_60D_CONVEX_RUNNER_T5R,2026-05-29,VAL,BULL,281.72235107421875,263.88,370.93,0.77,0,0
MOTILALOFS,MBAG_V1_CHAMP_BASE60_T3R,2026-05-04,VAL,NEUTRAL,836.5999755859375,774.38,1023.26,0.24,0,0
MOTILALOFS,MBAG_V1_CHAMP_BASE60_T3R,2026-05-06,VAL,BULL,881.7000122070312,816.66,1076.82,-0.4,0,0
MOTILALOFS,MBAG_V1_CHAMP_BASE60_T3R,2026-06-15,HOLDOUT,BULL,939.4500122070312,866.01,1159.77,0.59,0,0
MOTILALOFS,MBAG_V2A_CONVEX_CAT_90D_T4R,2026-06-15,HOLDOUT,BULL,939.4500122070312,880.7,1174.45,-1.0,1,0
MOTILALOFS,MBAG_V3A_40D_MICRO_SURGE_T3_5R,2026-06-15,HOLDOUT,BULL,939.4500122070312,886.58,1124.5,0.64,0,0
MOTILALOFS,MBAG_V3C_90D_MULTI_REGIME_T4R,2026-06-15,HOLDOUT,BULL,939.4500122070312,880.7,1174.45,-1.0,1,0
MOTILALOFS,MBAG_V3D_60D_CONVEX_RUNNER_T5R,2026-06-15,HOLDOUT,BULL,939.4500122070312,892.45,1174.45,-1.0,1,0
MRF,MBAG_V1_CHAMP_BASE60_T3R,2025-10-20,DEV,BULL,161406.875,152165.34,189131.48,-0.9,0,0
MRPL,MBAG_V1_CHAMP_BASE60_T3R,2025-10-27,DEV,BULL,1096.8140854969356,1074.72,1163.1,-1.0,1,0
MRPL,MBAG_V1_CHAMP_BASE60_T3R,2026-05-07,VAL,BULL,1140.8241168105317,1116.61,1213.47,-1.0,1,0
MSTCLTD,MBAG_V1_CHAMP_BASE60_T3R,2025-09-26,DEV,BULL,1515.6762417132898,1483.94,1610.88,-1.0,1,0
MSTCLTD,MBAG_V1_CHAMP_BASE60_T3R,2026-05-15,VAL,BULL,1437.6208781256041,1408.34,1525.46,-1.0,1,0
MSTCLTD,MBAG_V1_CHAMP_BASE60_T3R,2026-05-18,VAL,BULL,1448.0505952628648,1418.5,1536.7,-1.0,1,0
MSUMI,MBAG_V1_CHAMP_BASE60_T3R,2025-08-27,DEV,BULL,946.1964376056742,925.66,1007.81,-1.0,1,0
MSUMI,MBAG_V1_CHAMP_BASE60_T3R,2025-09-03,DEV,BULL,958.5460954823777,936.82,1023.72,1.75,0,0
MSUMI,MBAG_V1_CHAMP_BASE60_T3R,2025-09-09,DEV,BULL,965.5511865507661,944.18,1029.66,3.0,0,1
MUTHOOTFIN,MBAG_V1_CHAMP_BASE60_T3R,2025-11-14,DEV,BULL,3694.362548828125,3485.29,4321.58,0.53,0,0
MUTHOOTFIN,MBAG_V3A_40D_MICRO_SURGE_T3_5R,2025-11-14,DEV,BULL,3694.362548828125,3543.83,4221.23,0.37,0,0
MUTHOOTFIN,MBAG_V3B_60D_VOLUME_ANOMALY_T4R,2025-11-14,DEV,BULL,3694.362548828125,3543.83,4296.49,0.07,0,0
MUTHOOTFIN,MBAG_V3D_60D_CONVEX_RUNNER_T5R,2025-11-14,DEV,BULL,3694.362548828125,3560.56,4363.38,1.45,0,0
MUTHOOTFIN,MBAG_V1_CHAMP_BASE60_T3R,2026-01-05,VAL,BULL,3888.1240234375,3693.5,4472.0,-1.0,1,0
MUTHOOTFIN,MBAG_V3C_90D_MULTI_REGIME_T4R,2026-01-05,VAL,BULL,3888.1240234375,3732.43,4510.9,-1.0,1,0
MUTHOOTFIN,MBAG_V1_CHAMP_BASE60_T3R,2026-01-29,VAL,BULL,4057.392822265625,3837.68,4716.53,-1.0,1,0
NAM-INDIA,MBAG_V1_CHAMP_BASE60_T3R,2026-04-17,VAL,BULL,1004.08740234375,910.33,1285.36,0.9,0,0
NAM-INDIA,MBAG_V2A_CONVEX_CAT_90D_T4R,2026-04-17,VAL,BULL,1004.08740234375,929.08,1304.12,1.12,0,0
NAM-INDIA,MBAG_V3C_90D_MULTI_REGIME_T4R,2026-04-17,VAL,BULL,1004.08740234375,929.08,1304.12,1.12,0,0
NAM-INDIA,MBAG_V3D_60D_CONVEX_RUNNER_T5R,2026-04-17,VAL,BULL,1004.08740234375,944.08,1304.12,1.62,0,0
NAM-INDIA,MBAG_V1_CHAMP_BASE60_T3R,2026-04-21,VAL,BULL,1043.9521484375,946.52,1336.25,0.27,0,0
NAM-INDIA,MBAG_V1_CHAMP_BASE60_T3R,2026-06-04,HOLDOUT,BULL,1116.9056396484375,1025.39,1391.45,1.05,0,0
NAM-INDIA,MBAG_V2A_CONVEX_CAT_90D_T4R,2026-06-04,HOLDOUT,BULL,1116.9056396484375,1043.69,1409.77,-1.0,1,0
NAM-INDIA,MBAG_V3A_40D_MICRO_SURGE_T3_5R,2026-06-04,HOLDOUT,BULL,1116.9056396484375,1051.01,1347.54,-1.0,1,0
NAM-INDIA,MBAG_V3C_90D_MULTI_REGIME_T4R,2026-06-04,HOLDOUT,BULL,1116.9056396484375,1043.69,1409.77,-1.0,1,0
NAM-INDIA,MBAG_V3D_60D_CONVEX_RUNNER_T5R,2026-06-04,HOLDOUT,BULL,1116.9056396484375,1058.33,1409.78,-1.0,1,0
NATCOPHARM,MBAG_V1_CHAMP_BASE60_T3R,2025-11-26,DEV,BULL,925.8275756835938,854.3,1140.41,-0.16,0,0
NATCOPHARM,MBAG_V3A_40D_MICRO_SURGE_T3_5R,2025-11-26,DEV,BULL,925.8275756835938,874.33,1106.07,-1.0,1,0
NATCOPHARM,MBAG_V3B_60D_VOLUME_ANOMALY_T4R,2025-11-26,DEV,BULL,925.8275756835938,874.33,1131.82,-1.0,1,0
NATCOPHARM,MBAG_V3D_60D_CONVEX_RUNNER_T5R,2025-11-26,DEV,BULL,925.8275756835938,880.05,1154.72,-1.0,1,0
NATCOPHARM,MBAG_V1_CHAMP_BASE60_T3R,2026-02-25,VAL,BULL,978.2000122070312,891.32,1238.84,0.01,0,0
NATCOPHARM,MBAG_V2A_CONVEX_CAT_90D_T4R,2026-02-25,VAL,BULL,978.2000122070312,908.7,1256.2,1.63,0,0
NATCOPHARM,MBAG_V3C_90D_MULTI_REGIME_T4R,2026-02-25,VAL,BULL,978.2000122070312,908.7,1256.2,1.63,0,0
NATCOPHARM,MBAG_V3D_60D_CONVEX_RUNNER_T5R,2026-02-25,VAL,BULL,978.2000122070312,922.6,1256.2,1.67,0,0
NATCOPHARM,MBAG_V1_CHAMP_BASE60_T3R,2026-04-07,VAL,BULL,1082.4000244140625,984.43,1376.31,0.69,0,0
NATCOPHARM,MBAG_V2A_CONVEX_CAT_90D_T4R,2026-04-07,VAL,BULL,1082.4000244140625,1004.02,1395.92,0.94,0,0
NATCOPHARM,MBAG_V2B_EXPANSION_120D_T5R,2026-04-07,VAL,BULL,1082.4000244140625,1011.86,1435.1,-1.0,1,0
NATCOPHARM,MBAG_V3A_40D_MICRO_SURGE_T3_5R,2026-04-07,VAL,BULL,1082.4000244140625,1011.86,1329.29,1.27,0,0
NATCOPHARM,MBAG_V3B_60D_VOLUME_ANOMALY_T4R,2026-04-07,VAL,BULL,1082.4000244140625,1011.86,1364.56,1.05,0,0
NATCOPHARM,MBAG_V3C_90D_MULTI_REGIME_T4R,2026-04-07,VAL,BULL,1082.4000244140625,1004.02,1395.92,0.94,0,0
NATCOPHARM,MBAG_V3D_60D_CONVEX_RUNNER_T5R,2026-04-07,VAL,BULL,1082.4000244140625,1019.7,1395.9,1.49,0,0
NATCOPHARM,MBAG_V1_CHAMP_BASE60_T3R,2026-04-08,VAL,BULL,1112.449951171875,1015.82,1402.34,0.44,0,0
NATCOPHARM,MBAG_V3C_90D_MULTI_REGIME_T4R,2026-04-08,VAL,BULL,1112.449951171875,1035.14,1421.69,0.8,0,0
NATCOPHARM,MBAG_V1_CHAMP_BASE60_T3R,2026-05-06,VAL,BULL,1150.0999755859375,1069.14,1392.98,-1.0,1,0
NATCOPHARM,MBAG_V1_CHAMP_BASE60_T3R,2026-05-08,VAL,BULL,1174.699951171875,1092.91,1420.07,-1.0,1,0
NATCOPHARM,MBAG_V2A_CONVEX_CAT_90D_T4R,2026-05-08,VAL,BULL,1174.699951171875,1109.27,1436.42,-1.0,1,0
NATCOPHARM,MBAG_V3C_90D_MULTI_REGIME_T4R,2026-05-08,VAL,BULL,1174.699951171875,1109.27,1436.42,-1.0,1,0
NATCOPHARM,MBAG_V3D_60D_CONVEX_RUNNER_T5R,2026-05-08,VAL,BULL,1174.699951171875,1122.36,1436.4,-1.0,1,0
NATIONALUM,MBAG_V1_CHAMP_BASE60_T3R,2025-10-24,DEV,BULL,228.56979370117188,215.1,268.98,1.35,0,0
NATIONALUM,MBAG_V3A_40D_MICRO_SURGE_T3_5R,2025-10-24,DEV,BULL,228.56979370117188,218.87,262.52,3.5,0,1
NATIONALUM,MBAG_V3B_60D_VOLUME_ANOMALY_T4R,2025-10-24,DEV,BULL,228.56979370117188,218.87,267.37,4.0,0,1
NATIONALUM,MBAG_V3D_60D_CONVEX_RUNNER_T5R,2025-10-24,DEV,BULL,228.56979370117188,219.95,271.67,5.0,0,1
NATIONALUM,MBAG_V1_CHAMP_BASE60_T3R,2025-11-10,DEV,BULL,249.1516876220703,234.94,291.79,1.02,0,0
NATIONALUM,MBAG_V3A_40D_MICRO_SURGE_T3_5R,2025-11-10,DEV,BULL,249.1516876220703,238.92,284.96,2.42,0,0
NATIONALUM,MBAG_V3B_60D_VOLUME_ANOMALY_T4R,2025-11-10,DEV,BULL,249.1516876220703,238.92,290.08,3.53,0,0
NATIONALUM,MBAG_V3D_60D_CONVEX_RUNNER_T5R,2025-11-10,DEV,BULL,249.1516876220703,240.05,294.66,5.0,0,1
NATIONALUM,MBAG_V1_CHAMP_BASE60_T3R,2025-11-11,DEV,BULL,257.1869812011719,242.03,302.66,0.26,0,0
NATIONALUM,MBAG_V3A_40D_MICRO_SURGE_T3_5R,2025-11-11,DEV,BULL,257.1869812011719,246.28,295.36,-1.0,1,0
NATIONALUM,MBAG_V3B_60D_VOLUME_ANOMALY_T4R,2025-11-11,DEV,BULL,257.1869812011719,246.28,300.81,-1.0,1,0
NATIONALUM,MBAG_V3D_60D_CONVEX_RUNNER_T5R,2025-11-11,DEV,BULL,257.1869812011719,247.49,305.67,-1.0,1,0
NATIONALUM,MBAG_V1_CHAMP_BASE60_T3R,2025-12-12,DEV,BULL,273.3482666015625,257.79,320.02,3.0,0,1
NATIONALUM,MBAG_V2A_CONVEX_CAT_90D_T4R,2025-12-12,DEV,BULL,273.3482666015625,260.9,323.14,4.0,0,1
NATIONALUM,MBAG_V3A_40D_MICRO_SURGE_T3_5R,2025-12-12,DEV,BULL,273.3482666015625,262.15,312.54,3.5,0,1
NATIONALUM,MBAG_V3C_90D_MULTI_REGIME_T4R,2025-12-12,DEV,BULL,273.3482666015625,260.9,323.14,4.0,0,1
NATIONALUM,MBAG_V3D_60D_CONVEX_RUNNER_T5R,2025-12-12,DEV,BULL,273.3482666015625,263.39,323.14,5.0,0,1
NATIONALUM,MBAG_V1_CHAMP_BASE60_T3R,2025-12-22,DEV,BULL,285.28851318359375,268.3,336.25,3.0,0,1
NATIONALUM,MBAG_V3C_90D_MULTI_REGIME_T4R,2025-12-22,DEV,BULL,285.28851318359375,271.7,339.64,4.0,0,1
NATIONALUM,MBAG_V1_CHAMP_BASE60_T3R,2025-12-30,DEV,BULL,311.134521484375,289.4,376.34,3.0,0,1
NATIONALUM,MBAG_V2A_CONVEX_CAT_90D_T4R,2025-12-30,DEV,BULL,311.134521484375,293.75,380.67,4.0,0,1
NATIONALUM,MBAG_V3C_90D_MULTI_REGIME_T4R,2025-12-30,DEV,BULL,311.134521484375,293.75,380.67,4.0,0,1
NATIONALUM,MBAG_V3D_60D_CONVEX_RUNNER_T5R,2025-12-30,DEV,BULL,311.134521484375,297.22,380.71,5.0,0,1
NATIONALUM,MBAG_V1_CHAMP_BASE60_T3R,2026-01-02,VAL,BULL,324.5980224609375,302.57,390.68,3.0,0,1
NATIONALUM,MBAG_V1_CHAMP_BASE60_T3R,2026-01-06,VAL,BULL,340.71490478515625,315.58,416.12,3.0,0,1
NATIONALUM,MBAG_V2A_CONVEX_CAT_90D_T4R,2026-01-06,VAL,BULL,340.71490478515625,320.61,421.13,4.0,0,1
NATIONALUM,MBAG_V3A_40D_MICRO_SURGE_T3_5R,2026-01-06,VAL,BULL,340.71490478515625,322.62,404.05,3.5,0,1
NATIONALUM,MBAG_V3B_60D_VOLUME_ANOMALY_T4R,2026-01-06,VAL,BULL,340.71490478515625,322.62,413.09,4.0,0,1
NATIONALUM,MBAG_V3C_90D_MULTI_REGIME_T4R,2026-01-06,VAL,BULL,340.71490478515625,320.61,421.13,4.0,0,1
NATIONALUM,MBAG_V3D_60D_CONVEX_RUNNER_T5R,2026-01-06,VAL,BULL,340.71490478515625,324.63,421.14,-1.0,1,0
NATIONALUM,MBAG_V1_CHAMP_BASE60_T3R,2026-01-07,VAL,BULL,346.5130615234375,320.3,425.15,0.42,0,0
NATIONALUM,MBAG_V2A_CONVEX_CAT_90D_T4R,2026-01-07,VAL,BULL,346.5130615234375,325.55,430.37,-1.0,1,0
NATIONALUM,MBAG_V3C_90D_MULTI_REGIME_T4R,2026-01-07,VAL,BULL,346.5130615234375,325.55,430.37,-1.0,1,0
NATIONALUM,MBAG_V3D_60D_CONVEX_RUNNER_T5R,2026-01-07,VAL,BULL,346.5130615234375,329.74,430.38,-1.0,1,0
NATIONALUM,MBAG_V1_CHAMP_BASE60_T3R,2026-01-29,VAL,BULL,421.44677734375,388.85,519.24,-1.0,1,0
NATIONALUM,MBAG_V3C_90D_MULTI_REGIME_T4R,2026-01-29,VAL,BULL,421.44677734375,395.37,525.75,-1.0,1,0
NAUKRI,MBAG_V1_CHAMP_BASE60_T3R,2026-04-20,VAL,BULL,2231.111896291366,2176.13,2396.06,-1.0,1,0
NAVA,MBAG_V3A_40D_MICRO_SURGE_T3_5R,2026-01-06,VAL,NEUTRAL,605.5426635742188,573.79,716.68,-1.0,1,0
NAVA,MBAG_V1_CHAMP_BASE60_T3R,2026-04-17,VAL,BULL,696.5919799804688,630.47,894.96,-1.0,1,0
NAVA,MBAG_V2A_CONVEX_CAT_90D_T4R,2026-04-17,VAL,BULL,696.5919799804688,643.69,908.2,-1.0,1,0
NAVA,MBAG_V2B_EXPANSION_120D_T5R,2026-04-17,VAL,BULL,696.5919799804688,648.98,934.65,-1.0,1,0
NAVA,MBAG_V3A_40D_MICRO_SURGE_T3_5R,2026-04-17,VAL,BULL,696.5919799804688,648.98,863.23,-1.0,1,0
NAVA,MBAG_V3B_60D_VOLUME_ANOMALY_T4R,2026-04-17,VAL,BULL,696.5919799804688,648.98,887.04,-1.0,1,0
NAVA,MBAG_V3C_90D_MULTI_REGIME_T4R,2026-04-17,VAL,BULL,696.5919799804688,643.69,908.2,-1.0,1,0
NAVA,MBAG_V3D_60D_CONVEX_RUNNER_T5R,2026-04-17,VAL,BULL,696.5919799804688,654.27,908.2,-1.0,1,0
NAVINFLUOR,MBAG_V1_CHAMP_BASE60_T3R,2025-10-31,DEV,BULL,5674.494140625,5294.39,6814.81,0.18,0,0
NAVINFLUOR,MBAG_V3A_40D_MICRO_SURGE_T3_5R,2025-10-31,DEV,BULL,5674.494140625,5400.82,6632.35,-0.43,0,0
NAVINFLUOR,MBAG_V3B_60D_VOLUME_ANOMALY_T4R,2025-10-31,DEV,BULL,5674.494140625,5400.82,6769.19,1.69,0,0
NAVINFLUOR,MBAG_V3D_60D_CONVEX_RUNNER_T5R,2025-10-31,DEV,BULL,5674.494140625,5431.23,6890.81,0.83,0,0
NAVINFLUOR,MBAG_V1_CHAMP_BASE60_T3R,2025-11-03,DEV,BULL,5892.09912109375,5459.24,7190.68,-0.26,0,0
NAVINFLUOR,MBAG_V3A_40D_MICRO_SURGE_T3_5R,2025-11-03,DEV,BULL,5892.09912109375,5580.44,6982.91,-1.0,1,0
NAVINFLUOR,MBAG_V3B_60D_VOLUME_ANOMALY_T4R,2025-11-03,DEV,BULL,5892.09912109375,5580.44,7138.74,-1.0,1,0
NAVINFLUOR,MBAG_V3D_60D_CONVEX_RUNNER_T5R,2025-11-03,DEV,BULL,5892.09912109375,5615.07,7277.24,-1.0,1,0
NAVINFLUOR,MBAG_V1_CHAMP_BASE60_T3R,2026-02-09,VAL,BULL,6590.07177734375,6053.66,8199.31,-1.0,1,0
NAVINFLUOR,MBAG_V2A_CONVEX_CAT_90D_T4R,2026-02-09,VAL,BULL,6590.07177734375,6160.95,8306.56,-1.0,1,0
NAVINFLUOR,MBAG_V3C_90D_MULTI_REGIME_T4R,2026-02-09,VAL,BULL,6590.07177734375,6160.95,8306.56,-1.0,1,0
NAVINFLUOR,MBAG_V3D_60D_CONVEX_RUNNER_T5R,2026-02-09,VAL,BULL,6590.07177734375,6246.77,8306.58,-1.0,1,0
NAZARA,MBAG_V1_CHAMP_BASE60_T3R,2026-05-15,VAL,BULL,299.95001220703125,272.04,383.68,-1.0,1,0
NAZARA,MBAG_V2A_CONVEX_CAT_90D_T4R,2026-05-15,VAL,BULL,299.95001220703125,277.62,389.27,-1.0,1,0
NAZARA,MBAG_V2B_EXPANSION_120D_T5R,2026-05-15,VAL,BULL,299.95001220703125,279.86,400.4,-1.0,1,0
NAZARA,MBAG_V3A_40D_MICRO_SURGE_T3_5R,2026-05-15,VAL,BULL,299.95001220703125,279.86,370.27,-1.0,1,0
NAZARA,MBAG_V3B_60D_VOLUME_ANOMALY_T4R,2026-05-15,VAL,BULL,299.95001220703125,279.86,380.31,-1.0,1,0
NAZARA,MBAG_V3C_90D_MULTI_REGIME_T4R,2026-05-15,VAL,BULL,299.95001220703125,277.62,389.27,-1.0,1,0
NAZARA,MBAG_V3D_60D_CONVEX_RUNNER_T5R,2026-05-15,VAL,BULL,299.95001220703125,282.09,389.25,-1.0,1,0
NBCC,MBAG_V1_CHAMP_BASE60_T3R,2025-08-26,DEV,BULL,1045.58142494643,1020.35,1121.28,-1.0,1,0
NBCC,MBAG_V1_CHAMP_BASE60_T3R,2025-11-24,DEV,BULL,1096.0955732384875,1074.07,1162.17,-1.0,1,0
NEOGEN,MBAG_V1_CHAMP_BASE60_T3R,2026-02-26,VAL,BULL,1450.498291015625,1296.63,1912.1,-1.0,1,0
NEOGEN,MBAG_V3A_40D_MICRO_SURGE_T3_5R,2026-02-26,VAL,BULL,1450.498291015625,1339.71,1838.26,-1.0,1,0
NEOGEN,MBAG_V3B_60D_VOLUME_ANOMALY_T4R,2026-02-26,VAL,BULL,1450.498291015625,1339.71,1893.65,-1.0,1,0
NEOGEN,MBAG_V3D_60D_CONVEX_RUNNER_T5R,2026-02-26,VAL,BULL,1450.498291015625,1352.02,1942.89,-1.0,1,0
NEOGEN,MBAG_V2A_CONVEX_CAT_90D_T4R,2026-04-22,VAL,BULL,1657.7979736328125,1491.76,2321.95,1.46,0,0
NEOGEN,MBAG_V2B_EXPANSION_120D_T5R,2026-04-22,VAL,BULL,1657.7979736328125,1508.37,2404.94,1.84,0,0
NEOGEN,MBAG_V3A_40D_MICRO_SURGE_T3_5R,2026-04-22,VAL,BULL,1657.7979736328125,1508.37,2180.8,0.79,0,0
NEOGEN,MBAG_V3B_60D_VOLUME_ANOMALY_T4R,2026-04-22,VAL,BULL,1657.7979736328125,1508.37,2255.51,1.62,0,0
NEOGEN,MBAG_V3C_90D_MULTI_REGIME_T4R,2026-04-22,VAL,BULL,1657.7979736328125,1491.76,2321.95,1.46,0,0
NEOGEN,MBAG_V3D_60D_CONVEX_RUNNER_T5R,2026-04-22,VAL,BULL,1657.7979736328125,1524.97,2321.94,2.53,0,0
NEOGEN,MBAG_V1_CHAMP_BASE60_T3R,2026-06-10,HOLDOUT,BULL,1994.3353271484375,1769.59,2668.57,-0.2,0,0
NEOGEN,MBAG_V3C_90D_MULTI_REGIME_T4R,2026-06-10,HOLDOUT,BULL,1994.3353271484375,1814.54,2713.52,0.61,0,0
NESCO,MBAG_V1_CHAMP_BASE60_T3R,2025-12-16,DEV,BULL,684.445709224535,669.1,730.48,2.1,0,0
NESCO,MBAG_V1_CHAMP_BASE60_T3R,2026-07-01,HOLDOUT,BULL,748.179000040344,732.7,794.62,3.0,0,1
NESTLEIND,MBAG_V1_CHAMP_BASE60_T3R,2026-01-05,VAL,BULL,1301.2850341796875,1249.94,1455.32,-1.0,1,0
NESTLEIND,MBAG_V2A_CONVEX_CAT_90D_T4R,2026-01-05,VAL,BULL,1301.2850341796875,1260.21,1465.59,-1.0,1,0
NESTLEIND,MBAG_V3A_40D_MICRO_SURGE_T3_5R,2026-01-05,VAL,BULL,1301.2850341796875,1264.31,1430.7,-1.0,1,0
NESTLEIND,MBAG_V3C_90D_MULTI_REGIME_T4R,2026-01-05,VAL,BULL,1301.2850341796875,1260.21,1465.59,-1.0,1,0
NESTLEIND,MBAG_V3D_60D_CONVEX_RUNNER_T5R,2026-01-05,VAL,BULL,1301.2850341796875,1268.42,1465.61,-1.0,1,0
NESTLEIND,MBAG_V1_CHAMP_BASE60_T3R,2026-04-21,VAL,BULL,1373.2984619140625,1287.12,1631.83,0.59,0,0
NESTLEIND,MBAG_V2A_CONVEX_CAT_90D_T4R,2026-04-21,VAL,BULL,1373.2984619140625,1304.36,1649.05,0.27,0,0
NESTLEIND,MBAG_V2B_EXPANSION_120D_T5R,2026-04-21,VAL,BULL,1373.2984619140625,1311.25,1683.54,0.19,0,0
NESTLEIND,MBAG_V3A_40D_MICRO_SURGE_T3_5R,2026-04-21,VAL,BULL,1373.2984619140625,1311.25,1590.47,0.78,0,0
NESTLEIND,MBAG_V3B_60D_VOLUME_ANOMALY_T4R,2026-04-21,VAL,BULL,1373.2984619140625,1311.25,1621.49,0.3,0,0
NESTLEIND,MBAG_V3C_90D_MULTI_REGIME_T4R,2026-04-21,VAL,BULL,1373.2984619140625,1304.36,1649.05,0.27,0,0
NESTLEIND,MBAG_V3D_60D_CONVEX_RUNNER_T5R,2026-04-21,VAL,BULL,1373.2984619140625,1318.15,1649.04,0.55,0,0
NESTLEIND,MBAG_V1_CHAMP_BASE60_T3R,2026-04-28,VAL,BULL,1433.1109619140625,1346.05,1694.29,-0.13,0,0
NETWEB,MBAG_V1_CHAMP_BASE60_T3R,2026-02-27,VAL,BULL,3861.39990234375,3401.04,5242.48,-1.0,1,0
NETWEB,MBAG_V3A_40D_MICRO_SURGE_T3_5R,2026-02-27,VAL,BULL,3861.39990234375,3529.94,5021.51,-1.0,1,0
NETWEB,MBAG_V3B_60D_VOLUME_ANOMALY_T4R,2026-02-27,VAL,BULL,3861.39990234375,3529.94,5187.24,-1.0,1,0
NETWEB,MBAG_V3D_60D_CONVEX_RUNNER_T5R,2026-02-27,VAL,BULL,3861.39990234375,3566.77,5334.55,-1.0,1,0
NETWEB,MBAG_V1_CHAMP_BASE60_T3R,2026-04-22,VAL,BULL,4019.60009765625,3649.65,5129.45,-0.48,0,0
NETWEB,MBAG_V2A_CONVEX_CAT_90D_T4R,2026-04-22,VAL,BULL,4019.60009765625,3723.64,5203.44,-1.0,1,0
NETWEB,MBAG_V3C_90D_MULTI_REGIME_T4R,2026-04-22,VAL,BULL,4019.60009765625,3723.64,5203.44,-1.0,1,0
NETWEB,MBAG_V3D_60D_CONVEX_RUNNER_T5R,2026-04-22,VAL,BULL,4019.60009765625,3782.83,5203.45,-1.0,1,0
NETWEB,MBAG_V1_CHAMP_BASE60_T3R,2026-05-05,VAL,BULL,4178.10009765625,3710.8,5580.0,-1.0,1,0
NETWEB,MBAG_V3C_90D_MULTI_REGIME_T4R,2026-05-05,VAL,BULL,4178.10009765625,3804.26,5673.46,-1.0,1,0
NETWEB,MBAG_V1_CHAMP_BASE60_T3R,2026-05-06,VAL,BULL,4368.39990234375,3894.13,5791.21,-1.0,1,0
NETWEB,MBAG_V3C_90D_MULTI_REGIME_T4R,2026-05-06,VAL,BULL,4368.39990234375,3988.99,5886.04,-1.0,1,0
NETWEB,MBAG_V1_CHAMP_BASE60_T3R,2026-05-29,VAL,BULL,4670.7001953125,4155.83,6215.31,-1.0,1,0
NETWEB,MBAG_V2A_CONVEX_CAT_90D_T4R,2026-05-29,VAL,BULL,4670.7001953125,4258.8,6318.3,-1.0,1,0
NETWEB,MBAG_V2B_EXPANSION_120D_T5R,2026-05-29,VAL,BULL,4670.7001953125,4299.99,6524.25,-1.0,1,0
NETWEB,MBAG_V3A_40D_MICRO_SURGE_T3_5R,2026-05-29,VAL,BULL,4670.7001953125,4299.99,5968.19,-1.0,1,0
NETWEB,MBAG_V3B_60D_VOLUME_ANOMALY_T4R,2026-05-29,VAL,BULL,4670.7001953125,4299.99,6153.54,-1.0,1,0
NETWEB,MBAG_V3C_90D_MULTI_REGIME_T4R,2026-05-29,VAL,BULL,4670.7001953125,4258.8,6318.3,-1.0,1,0
NETWEB,MBAG_V3D_60D_CONVEX_RUNNER_T5R,2026-05-29,VAL,BULL,4670.7001953125,4341.18,6318.3,-1.0,1,0
NEULANDLAB,MBAG_V1_CHAMP_BASE60_T3R,2025-11-03,DEV,BULL,17159.0,16009.18,20608.46,-1.0,1,0
NEULANDLAB,MBAG_V3D_60D_CONVEX_RUNNER_T5R,2025-11-03,DEV,BULL,17159.0,16423.11,20838.45,-1.0,1,0
NEULANDLAB,MBAG_V1_CHAMP_BASE60_T3R,2025-11-04,DEV,BULL,17608.0,16399.61,21233.17,-1.0,1,0
NEULANDLAB,MBAG_V3A_40D_MICRO_SURGE_T3_5R,2025-11-04,DEV,BULL,17608.0,16737.96,20653.14,-1.0,1,0
NEULANDLAB,MBAG_V3D_60D_CONVEX_RUNNER_T5R,2025-11-04,DEV,BULL,17608.0,16834.63,21474.85,-1.0,1,0
NEULANDLAB,MBAG_V1_CHAMP_BASE60_T3R,2026-05-04,VAL,BULL,16124.0,14719.71,20336.87,0.76,0,0
NEULANDLAB,MBAG_V3A_40D_MICRO_SURGE_T3_5R,2026-05-04,VAL,BULL,16124.0,15112.91,19662.82,0.83,0,0
NEULANDLAB,MBAG_V3B_60D_VOLUME_ANOMALY_T4R,2026-05-04,VAL,BULL,16124.0,15112.91,20168.36,0.92,0,0
NEULANDLAB,MBAG_V3D_60D_CONVEX_RUNNER_T5R,2026-05-04,VAL,BULL,16124.0,15225.26,20617.7,1.22,0,0
NEULANDLAB,MBAG_V1_CHAMP_BASE60_T3R,2026-05-06,VAL,BULL,17032.0,15540.39,21506.83,-0.03,0,0
NEULANDLAB,MBAG_V2A_CONVEX_CAT_90D_T4R,2026-05-06,VAL,BULL,17032.0,15838.71,21805.16,-0.01,0,0
NEULANDLAB,MBAG_V3A_40D_MICRO_SURGE_T3_5R,2026-05-06,VAL,BULL,17032.0,15958.04,20790.86,-1.0,1,0
NEULANDLAB,MBAG_V3C_90D_MULTI_REGIME_T4R,2026-05-06,VAL,BULL,17032.0,15838.71,21805.16,-0.01,0,0
NEULANDLAB,MBAG_V3D_60D_CONVEX_RUNNER_T5R,2026-05-06,VAL,BULL,17032.0,16077.37,21805.15,-1.0,1,0
NEULANDLAB,MBAG_V1_CHAMP_BASE60_T3R,2026-05-08,VAL,BULL,17666.0,16162.96,22175.12,-1.0,1,0
NEULANDLAB,MBAG_V3C_90D_MULTI_REGIME_T4R,2026-05-08,VAL,BULL,17666.0,16463.57,22475.72,-1.0,1,0
NEULANDLAB,MBAG_V1_CHAMP_BASE60_T3R,2026-07-09,HOLDOUT,BULL,19542.0,18001.11,24164.67,1.3,0,0
NEULANDLAB,MBAG_V3C_90D_MULTI_REGIME_T4R,2026-07-09,HOLDOUT,BULL,19542.0,18309.29,24472.84,-1.0,1,0
NEWGEN,MBAG_V1_CHAMP_BASE60_T3R,2025-10-28,DEV,BULL,985.5170288085938,918.15,1187.62,-1.0,1,0
NEWGEN,MBAG_V3A_40D_MICRO_SURGE_T3_5R,2025-10-28,DEV,BULL,985.5170288085938,937.01,1155.29,-1.0,1,0
NEWGEN,MBAG_V3B_60D_VOLUME_ANOMALY_T4R,2025-10-28,DEV,BULL,985.5170288085938,937.01,1179.55,-1.0,1,0
NEWGEN,MBAG_V3D_60D_CONVEX_RUNNER_T5R,2025-10-28,DEV,BULL,985.5170288085938,942.4,1201.1,-1.0,1,0
NH,MBAG_V1_CHAMP_BASE60_T3R,2025-11-17,DEV,BULL,2003.7587890625,1844.17,2482.53,-1.0,1,0
NH,MBAG_V3A_40D_MICRO_SURGE_T3_5R,2025-11-17,DEV,BULL,2003.7587890625,1888.85,2405.94,-1.0,1,0
NH,MBAG_V3B_60D_VOLUME_ANOMALY_T4R,2025-11-17,DEV,BULL,2003.7587890625,1888.85,2463.39,-1.0,1,0
NH,MBAG_V3D_60D_CONVEX_RUNNER_T5R,2025-11-17,DEV,BULL,2003.7587890625,1901.62,2514.45,-1.0,1,0
NH,MBAG_V3A_40D_MICRO_SURGE_T3_5R,2026-05-06,VAL,NEUTRAL,1836.3299560546875,1759.69,2104.57,0.86,0,0
NH,MBAG_V1_CHAMP_BASE60_T3R,2026-05-25,VAL,BULL,1935.709716796875,1779.79,2403.47,-0.22,0,0
NH,MBAG_V3A_40D_MICRO_SURGE_T3_5R,2026-05-25,VAL,BULL,1935.709716796875,1823.45,2328.62,-0.33,0,0
NH,MBAG_V3B_60D_VOLUME_ANOMALY_T4R,2026-05-25,VAL,BULL,1935.709716796875,1823.45,2384.75,0.53,0,0
NH,MBAG_V3D_60D_CONVEX_RUNNER_T5R,2026-05-25,VAL,BULL,1935.709716796875,1835.92,2434.66,-1.0,1,0
NH,MBAG_V1_CHAMP_BASE60_T3R,2026-07-03,HOLDOUT,BULL,1998.370849609375,1880.56,2351.8,0.26,0,0
NH,MBAG_V2A_CONVEX_CAT_90D_T4R,2026-07-03,HOLDOUT,BULL,1998.370849609375,1904.12,2375.37,-1.0,1,0
NH,MBAG_V3A_40D_MICRO_SURGE_T3_5R,2026-07-03,HOLDOUT,BULL,1998.370849609375,1913.55,2295.24,-1.0,1,0
NH,MBAG_V3C_90D_MULTI_REGIME_T4R,2026-07-03,HOLDOUT,BULL,1998.370849609375,1904.12,2375.37,-1.0,1,0
NH,MBAG_V3D_60D_CONVEX_RUNNER_T5R,2026-07-03,HOLDOUT,BULL,1998.370849609375,1922.97,2375.38,-1.0,1,0
NHPC,MBAG_V1_CHAMP_BASE60_T3R,2025-12-05,DEV,BULL,2226.7003117302975,2178.25,2372.05,3.0,0,1
NHPC,MBAG_V1_CHAMP_BASE60_T3R,2025-12-09,DEV,BULL,2278.566311996959,2231.15,2420.82,3.0,0,1
NHPC,MBAG_V1_CHAMP_BASE60_T3R,2026-01-26,VAL,BULL,2564.846375675555,2510.21,2728.76,3.0,0,1
NHPC,MBAG_V1_CHAMP_BASE60_T3R,2026-05-04,VAL,BULL,2948.5051394258426,2885.32,3138.06,-1.0,1,0
NHPC,MBAG_V1_CHAMP_BASE60_T3R,2026-05-25,VAL,BULL,3041.274010954199,2975.48,3238.66,-1.0,1,0
NIACL,MBAG_V1_CHAMP_BASE60_T3R,2026-04-13,VAL,BULL,170.2676239013672,150.94,228.25,-0.62,0,0
NIACL,MBAG_V3A_40D_MICRO_SURGE_T3_5R,2026-04-13,VAL,BULL,170.2676239013672,156.36,218.94,-1.0,1,0
NIACL,MBAG_V3B_60D_VOLUME_ANOMALY_T4R,2026-04-13,VAL,BULL,170.2676239013672,156.36,225.9,-1.0,1,0
NIACL,MBAG_V3D_60D_CONVEX_RUNNER_T5R,2026-04-13,VAL,BULL,170.2676239013672,157.9,232.11,-1.0,1,0
NIACL,MBAG_V3A_40D_MICRO_SURGE_T3_5R,2026-06-18,HOLDOUT,BULL,177.21043395996094,165.1,219.6,-0.34,0,0
NIACL,MBAG_V1_CHAMP_BASE60_T3R,2026-06-19,HOLDOUT,BULL,200.65731811523438,179.99,262.66,-1.0,1,0
NIACL,MBAG_V2A_CONVEX_CAT_90D_T4R,2026-06-19,HOLDOUT,BULL,200.65731811523438,184.12,266.81,-1.0,1,0
NIACL,MBAG_V2B_EXPANSION_120D_T5R,2026-06-19,HOLDOUT,BULL,200.65731811523438,185.77,275.09,-1.0,1,0
NIACL,MBAG_V3A_40D_MICRO_SURGE_T3_5R,2026-06-19,HOLDOUT,BULL,200.65731811523438,185.77,252.76,-1.0,1,0
NIACL,MBAG_V3B_60D_VOLUME_ANOMALY_T4R,2026-06-19,HOLDOUT,BULL,200.65731811523438,185.77,260.21,-1.0,1,0
NIACL,MBAG_V3C_90D_MULTI_REGIME_T4R,2026-06-19,HOLDOUT,BULL,200.65731811523438,184.12,266.81,-1.0,1,0
NIACL,MBAG_V3D_60D_CONVEX_RUNNER_T5R,2026-06-19,HOLDOUT,BULL,200.65731811523438,187.43,266.79,-1.0,1,0
NIACL,MBAG_V1_CHAMP_BASE60_T3R,2026-06-22,HOLDOUT,BULL,210.37725830078125,189.28,273.67,-1.0,1,0
NIACL,MBAG_V2A_CONVEX_CAT_90D_T4R,2026-06-22,HOLDOUT,BULL,210.37725830078125,193.5,277.89,-1.0,1,0
NIACL,MBAG_V2B_EXPANSION_120D_T5R,2026-06-22,HOLDOUT,BULL,210.37725830078125,195.18,286.36,-1.0,1,0
NIACL,MBAG_V3A_40D_MICRO_SURGE_T3_5R,2026-06-22,HOLDOUT,BULL,210.37725830078125,195.18,263.57,-1.0,1,0
NIACL,MBAG_V3B_60D_VOLUME_ANOMALY_T4R,2026-06-22,HOLDOUT,BULL,210.37725830078125,195.18,271.17,-1.0,1,0
NIACL,MBAG_V3C_90D_MULTI_REGIME_T4R,2026-06-22,HOLDOUT,BULL,210.37725830078125,193.5,277.89,-1.0,1,0
NIACL,MBAG_V3D_60D_CONVEX_RUNNER_T5R,2026-06-22,HOLDOUT,BULL,210.37725830078125,196.87,277.91,-1.0,1,0
NIITMTS,MBAG_V3A_40D_MICRO_SURGE_T3_5R,2025-11-10,DEV,BULL,340.1000061035156,322.26,402.54,3.5,0,1
NIITMTS,MBAG_V1_CHAMP_BASE60_T3R,2025-11-20,DEV,BULL,357.20001220703125,324.3,455.9,1.36,0,0
NIITMTS,MBAG_V3A_40D_MICRO_SURGE_T3_5R,2025-11-20,DEV,BULL,357.20001220703125,333.51,440.12,3.5,0,1
NIITMTS,MBAG_V3D_60D_CONVEX_RUNNER_T5R,2025-11-20,DEV,BULL,357.20001220703125,336.14,462.5,2.03,0,0
NIITMTS,MBAG_V1_CHAMP_BASE60_T3R,2025-11-24,DEV,BULL,379.04998779296875,343.26,486.42,1.21,0,0
NIITMTS,MBAG_V1_CHAMP_BASE60_T3R,2025-12-19,DEV,BULL,420.8999938964844,373.36,563.52,-0.42,0,0
NIITMTS,MBAG_V3C_90D_MULTI_REGIME_T4R,2025-12-19,DEV,BULL,420.8999938964844,382.87,573.02,-1.0,1,0
NIVABUPA,MBAG_V1_CHAMP_BASE60_T3R,2026-01-08,VAL,NEUTRAL,79.5199966430664,76.2,89.48,-1.0,1,0
NIVABUPA,MBAG_V3A_40D_MICRO_SURGE_T3_5R,2026-01-08,VAL,NEUTRAL,79.5199966430664,77.13,87.88,-1.0,1,0
NIVABUPA,MBAG_V3B_60D_VOLUME_ANOMALY_T4R,2026-01-08,VAL,NEUTRAL,79.5199966430664,77.13,89.08,-1.0,1,0
NIVABUPA,MBAG_V3D_60D_CONVEX_RUNNER_T5R,2026-01-08,VAL,NEUTRAL,79.5199966430664,77.4,90.12,-1.0,1,0
NIVABUPA,MBAG_V1_CHAMP_BASE60_T3R,2026-04-21,VAL,BULL,80.68000030517578,73.95,100.87,0.12,0,0
NLCINDIA,MBAG_V3A_40D_MICRO_SURGE_T3_5R,2026-01-02,VAL,BULL,268.18023681640625,253.28,320.33,-1.0,1,0
NLCINDIA,MBAG_V1_CHAMP_BASE60_T3R,2026-04-01,VAL,BULL,283.20001220703125,251.84,377.28,1.07,0,0
NLCINDIA,MBAG_V1_CHAMP_BASE60_T3R,2026-04-16,VAL,BULL,297.75,270.71,378.87,3.0,0,1
NLCINDIA,MBAG_V2A_CONVEX_CAT_90D_T4R,2026-04-16,VAL,BULL,297.75,276.11,384.31,4.0,0,1
NLCINDIA,MBAG_V2B_EXPANSION_120D_T5R,2026-04-16,VAL,BULL,297.75,278.28,395.1,0.65,0,0
NLCINDIA,MBAG_V3A_40D_MICRO_SURGE_T3_5R,2026-04-16,VAL,BULL,297.75,278.28,365.9,3.5,0,1
NLCINDIA,MBAG_V3B_60D_VOLUME_ANOMALY_T4R,2026-04-16,VAL,BULL,297.75,278.28,375.63,4.0,0,1
NLCINDIA,MBAG_V3C_90D_MULTI_REGIME_T4R,2026-04-16,VAL,BULL,297.75,276.11,384.31,4.0,0,1
NLCINDIA,MBAG_V3D_60D_CONVEX_RUNNER_T5R,2026-04-16,VAL,BULL,297.75,280.44,384.3,5.0,0,1
NLCINDIA,MBAG_V1_CHAMP_BASE60_T3R,2026-05-14,VAL,BULL,370.8999938964844,333.12,484.24,-1.0,1,0
NLCINDIA,MBAG_V2A_CONVEX_CAT_90D_T4R,2026-05-14,VAL,BULL,370.8999938964844,340.68,491.78,-1.0,1,0
NLCINDIA,MBAG_V2B_EXPANSION_120D_T5R,2026-05-14,VAL,BULL,370.8999938964844,343.7,506.9,-1.0,1,0
NLCINDIA,MBAG_V3A_40D_MICRO_SURGE_T3_5R,2026-05-14,VAL,BULL,370.8999938964844,343.7,466.1,-1.0,1,0
NLCINDIA,MBAG_V3B_60D_VOLUME_ANOMALY_T4R,2026-05-14,VAL,BULL,370.8999938964844,343.7,479.7,-1.0,1,0
NLCINDIA,MBAG_V3C_90D_MULTI_REGIME_T4R,2026-05-14,VAL,BULL,370.8999938964844,340.68,491.78,-1.0,1,0
NLCINDIA,MBAG_V3D_60D_CONVEX_RUNNER_T5R,2026-05-14,VAL,BULL,370.8999938964844,346.72,491.8,-1.0,1,0
NMDC,MBAG_V1_CHAMP_BASE60_T3R,2025-08-01,DEV,BULL,1167.7141231945943,1144.29,1237.99,-1.0,1,0
NMDC,MBAG_V1_CHAMP_BASE60_T3R,2025-10-09,DEV,BULL,1284.506069322835,1258.22,1363.36,3.0,0,1
NMDC,MBAG_V1_CHAMP_BASE60_T3R,2025-10-15,DEV,BULL,1319.2568063867689,1290.14,1406.61,-0.35,0,0
NMDC,MBAG_V1_CHAMP_BASE60_T3R,2025-10-20,DEV,BULL,1334.2815218482865,1305.55,1420.48,-1.0,1,0
NMDC,MBAG_V1_CHAMP_BASE60_T3R,2025-10-23,DEV,BULL,1356.5734798787146,1327.84,1442.77,-1.0,1,0
NMDC,MBAG_V1_CHAMP_BASE60_T3R,2026-06-15,HOLDOUT,BULL,1706.10151147047,1667.42,1822.15,3.0,0,1
NORTHARC,MBAG_V3A_40D_MICRO_SURGE_T3_5R,2026-01-22,VAL,BULL,276.8699951171875,264.2,321.21,-1.0,1,0
NORTHARC,MBAG_V1_CHAMP_BASE60_T3R,2026-05-05,VAL,BULL,272.8999938964844,252.16,335.12,0.7,0,0
NORTHARC,MBAG_V3A_40D_MICRO_SURGE_T3_5R,2026-05-05,VAL,BULL,272.8999938964844,257.97,325.15,1.81,0,0
NORTHARC,MBAG_V3B_60D_VOLUME_ANOMALY_T4R,2026-05-05,VAL,BULL,272.8999938964844,257.97,332.62,1.73,0,0
NORTHARC,MBAG_V3D_60D_CONVEX_RUNNER_T5R,2026-05-05,VAL,BULL,272.8999938964844,259.63,339.25,1.36,0,0
NORTHARC,MBAG_V1_CHAMP_BASE60_T3R,2026-05-06,VAL,BULL,286.70001220703125,264.25,354.05,0.28,0,0
NORTHARC,MBAG_V2A_CONVEX_CAT_90D_T4R,2026-05-06,VAL,BULL,286.70001220703125,268.74,358.54,0.5,0,0
NORTHARC,MBAG_V2B_EXPANSION_120D_T5R,2026-05-06,VAL,BULL,286.70001220703125,270.53,367.55,-1.0,1,0
NORTHARC,MBAG_V3A_40D_MICRO_SURGE_T3_5R,2026-05-06,VAL,BULL,286.70001220703125,270.53,343.3,-1.0,1,0
NORTHARC,MBAG_V3B_60D_VOLUME_ANOMALY_T4R,2026-05-06,VAL,BULL,286.70001220703125,270.53,351.38,-1.0,1,0
NORTHARC,MBAG_V3C_90D_MULTI_REGIME_T4R,2026-05-06,VAL,BULL,286.70001220703125,268.74,358.54,0.5,0,0
NORTHARC,MBAG_V3D_60D_CONVEX_RUNNER_T5R,2026-05-06,VAL,BULL,286.70001220703125,272.33,358.55,-1.0,1,0
NORTHARC,MBAG_V1_CHAMP_BASE60_T3R,2026-05-11,VAL,BULL,310.75,284.14,390.58,-1.0,1,0
NORTHARC,MBAG_V2A_CONVEX_CAT_90D_T4R,2026-05-11,VAL,BULL,310.75,289.47,395.87,-1.0,1,0
NORTHARC,MBAG_V2B_EXPANSION_120D_T5R,2026-05-11,VAL,BULL,310.75,291.59,406.55,-1.0,1,0
NORTHARC,MBAG_V3A_40D_MICRO_SURGE_T3_5R,2026-05-11,VAL,BULL,310.75,291.59,377.81,-1.0,1,0
NORTHARC,MBAG_V3B_60D_VOLUME_ANOMALY_T4R,2026-05-11,VAL,BULL,310.75,291.59,387.39,-1.0,1,0
NORTHARC,MBAG_V3C_90D_MULTI_REGIME_T4R,2026-05-11,VAL,BULL,310.75,289.47,395.87,-1.0,1,0
NORTHARC,MBAG_V3D_60D_CONVEX_RUNNER_T5R,2026-05-11,VAL,BULL,310.75,293.72,395.9,-1.0,1,0
NRBBEARING,MBAG_V1_CHAMP_BASE60_T3R,2025-12-01,DEV,BULL,299.62896728515625,279.11,361.19,-1.0,1,0
NRBBEARING,MBAG_V3A_40D_MICRO_SURGE_T3_5R,2025-12-01,DEV,BULL,299.62896728515625,284.85,351.36,-1.0,1,0
NRBBEARING,MBAG_V3B_60D_VOLUME_ANOMALY_T4R,2025-12-01,DEV,BULL,299.62896728515625,284.85,358.74,-1.0,1,0
NRBBEARING,MBAG_V3D_60D_CONVEX_RUNNER_T5R,2025-12-01,DEV,BULL,299.62896728515625,286.5,365.27,-1.0,1,0
NRBBEARING,MBAG_V1_CHAMP_BASE60_T3R,2026-04-17,VAL,BULL,293.0518798828125,262.45,384.86,2.04,0,0
NRBBEARING,MBAG_V3A_40D_MICRO_SURGE_T3_5R,2026-04-17,VAL,BULL,293.0518798828125,271.02,370.16,3.5,0,1
NRBBEARING,MBAG_V3B_60D_VOLUME_ANOMALY_T4R,2026-04-17,VAL,BULL,293.0518798828125,271.02,381.18,4.0,0,1
NRBBEARING,MBAG_V3D_60D_CONVEX_RUNNER_T5R,2026-04-17,VAL,BULL,293.0518798828125,273.46,391.01,5.0,0,1
NRBBEARING,MBAG_V1_CHAMP_BASE60_T3R,2026-05-08,VAL,BULL,315.83575439453125,285.07,408.13,2.27,0,0
NRBBEARING,MBAG_V2A_CONVEX_CAT_90D_T4R,2026-05-08,VAL,BULL,315.83575439453125,291.22,414.3,4.0,0,1
NRBBEARING,MBAG_V2B_EXPANSION_120D_T5R,2026-05-08,VAL,BULL,315.83575439453125,293.68,426.61,5.0,0,1
NRBBEARING,MBAG_V3A_40D_MICRO_SURGE_T3_5R,2026-05-08,VAL,BULL,315.83575439453125,293.68,393.38,3.5,0,1
NRBBEARING,MBAG_V3B_60D_VOLUME_ANOMALY_T4R,2026-05-08,VAL,BULL,315.83575439453125,293.68,404.46,4.0,0,1
NRBBEARING,MBAG_V3C_90D_MULTI_REGIME_T4R,2026-05-08,VAL,BULL,315.83575439453125,291.22,414.3,4.0,0,1
NRBBEARING,MBAG_V3D_60D_CONVEX_RUNNER_T5R,2026-05-08,VAL,BULL,315.83575439453125,296.15,414.26,5.0,0,1
NRBBEARING,MBAG_V1_CHAMP_BASE60_T3R,2026-06-08,HOLDOUT,BULL,428.3500061035156,384.51,559.87,-0.21,0,0
NRBBEARING,MBAG_V2A_CONVEX_CAT_90D_T4R,2026-06-08,HOLDOUT,BULL,428.3500061035156,393.28,568.63,-0.67,0,0
NRBBEARING,MBAG_V2B_EXPANSION_120D_T5R,2026-06-08,HOLDOUT,BULL,428.3500061035156,396.79,586.15,-1.0,1,0
NRBBEARING,MBAG_V3A_40D_MICRO_SURGE_T3_5R,2026-06-08,HOLDOUT,BULL,428.3500061035156,396.79,538.81,-0.13,0,0
NRBBEARING,MBAG_V3B_60D_VOLUME_ANOMALY_T4R,2026-06-08,HOLDOUT,BULL,428.3500061035156,396.79,554.59,-0.75,0,0
NRBBEARING,MBAG_V3C_90D_MULTI_REGIME_T4R,2026-06-08,HOLDOUT,BULL,428.3500061035156,393.28,568.63,-0.67,0,0
NRBBEARING,MBAG_V3D_60D_CONVEX_RUNNER_T5R,2026-06-08,HOLDOUT,BULL,428.3500061035156,400.29,568.65,-1.0,1,0
NSLNISP,MBAG_V1_CHAMP_BASE60_T3R,2025-09-03,DEV,BULL,2390.708516448086,2339.28,2544.99,-1.0,1,0
NSLNISP,MBAG_V1_CHAMP_BASE60_T3R,2026-05-20,VAL,BULL,2670.521033623735,2608.81,2855.65,-1.0,1,0
NTPC,MBAG_V1_CHAMP_BASE60_T3R,2026-01-02,VAL,BULL,349.4616394042969,336.82,387.39,-1.0,1,0
NTPC,MBAG_V2A_CONVEX_CAT_90D_T4R,2026-01-02,VAL,BULL,349.4616394042969,339.35,389.91,-1.0,1,0
NTPC,MBAG_V3A_40D_MICRO_SURGE_T3_5R,2026-01-02,VAL,BULL,349.4616394042969,340.36,381.32,-1.0,1,0
NTPC,MBAG_V3B_60D_VOLUME_ANOMALY_T4R,2026-01-02,VAL,BULL,349.4616394042969,340.36,385.87,-1.0,1,0
NTPC,MBAG_V3C_90D_MULTI_REGIME_T4R,2026-01-02,VAL,BULL,349.4616394042969,339.35,389.91,-1.0,1,0
NTPC,MBAG_V3D_60D_CONVEX_RUNNER_T5R,2026-01-02,VAL,BULL,349.4616394042969,341.37,389.92,-1.0,1,0
NTPC,MBAG_V1_CHAMP_BASE60_T3R,2026-01-29,VAL,BULL,355.46630859375,335.83,414.38,-1.0,1,0
NTPC,MBAG_V3C_90D_MULTI_REGIME_T4R,2026-01-29,VAL,BULL,355.46630859375,339.76,418.29,-1.0,1,0
NTPC,MBAG_V1_CHAMP_BASE60_T3R,2026-02-20,VAL,BULL,372.95001220703125,355.93,424.01,-0.03,0,0
NTPC,MBAG_V1_CHAMP_BASE60_T3R,2026-02-24,VAL,BULL,382.75,367.0,430.0,-1.0,1,0
NTPC,MBAG_V1_CHAMP_BASE60_T3R,2026-03-12,VAL,BULL,390.54998779296875,366.37,463.09,-1.0,1,0
NTPC,MBAG_V2A_CONVEX_CAT_90D_T4R,2026-03-12,VAL,BULL,390.54998779296875,371.21,467.91,-1.0,1,0
NTPC,MBAG_V3C_90D_MULTI_REGIME_T4R,2026-03-12,VAL,BULL,390.54998779296875,371.21,467.91,-1.0,1,0
NTPC,MBAG_V3D_60D_CONVEX_RUNNER_T5R,2026-03-12,VAL,BULL,390.54998779296875,375.08,467.9,-1.0,1,0
NTPCGREEN,MBAG_V1_CHAMP_BASE60_T3R,2026-03-12,VAL,BULL,97.6500015258789,90.07,120.39,1.27,0,0
NTPCGREEN,MBAG_V3A_40D_MICRO_SURGE_T3_5R,2026-03-12,VAL,BULL,97.6500015258789,92.19,116.76,-1.0,1,0
NTPCGREEN,MBAG_V3B_60D_VOLUME_ANOMALY_T4R,2026-03-12,VAL,BULL,97.6500015258789,92.19,119.49,-1.0,1,0
NTPCGREEN,MBAG_V3D_60D_CONVEX_RUNNER_T5R,2026-03-12,VAL,BULL,97.6500015258789,92.8,121.9,-1.0,1,0
NTPCGREEN,MBAG_V1_CHAMP_BASE60_T3R,2026-04-27,VAL,BULL,118.86000061035156,108.47,150.03,-1.0,1,0
NTPCGREEN,MBAG_V3C_90D_MULTI_REGIME_T4R,2026-04-27,VAL,BULL,118.86000061035156,110.55,152.1,-1.0,1,0
NUVOCO,MBAG_V3A_40D_MICRO_SURGE_T3_5R,2026-05-07,VAL,BEAR,336.45001220703125,318.35,399.8,-1.0,1,0
NUVOCO,MBAG_V1_CHAMP_BASE60_T3R,2026-05-29,VAL,NEUTRAL,348.6499938964844,319.9,434.9,-1.0,1,0
NUVOCO,MBAG_V3A_40D_MICRO_SURGE_T3_5R,2026-05-29,VAL,NEUTRAL,348.6499938964844,327.95,421.1,-1.0,1,0
NUVOCO,MBAG_V3B_60D_VOLUME_ANOMALY_T4R,2026-05-29,VAL,NEUTRAL,348.6499938964844,327.95,431.45,-1.0,1,0
NUVOCO,MBAG_V3D_60D_CONVEX_RUNNER_T5R,2026-05-29,VAL,NEUTRAL,348.6499938964844,330.25,440.65,-1.0,1,0
NYKAA,MBAG_V1_CHAMP_BASE60_T3R,2025-11-17,DEV,BULL,268.739990234375,249.5,326.46,-1.0,1,0
NYKAA,MBAG_V1_CHAMP_BASE60_T3R,2026-02-06,VAL,BULL,276.989990234375,256.49,338.49,-1.0,1,0
NYKAA,MBAG_V2A_CONVEX_CAT_90D_T4R,2026-02-06,VAL,BULL,276.989990234375,260.59,342.59,-1.0,1,0
NYKAA,MBAG_V2B_EXPANSION_120D_T5R,2026-02-06,VAL,BULL,276.989990234375,262.23,350.79,-1.0,1,0
NYKAA,MBAG_V3A_40D_MICRO_SURGE_T3_5R,2026-02-06,VAL,BULL,276.989990234375,262.23,328.65,-1.0,1,0
NYKAA,MBAG_V3B_60D_VOLUME_ANOMALY_T4R,2026-02-06,VAL,BULL,276.989990234375,262.23,336.03,-1.0,1,0
NYKAA,MBAG_V3C_90D_MULTI_REGIME_T4R,2026-02-06,VAL,BULL,276.989990234375,260.59,342.59,-1.0,1,0
NYKAA,MBAG_V3D_60D_CONVEX_RUNNER_T5R,2026-02-06,VAL,BULL,276.989990234375,263.87,342.59,-1.0,1,0
NYKAA,MBAG_V1_CHAMP_BASE60_T3R,2026-06-18,HOLDOUT,BULL,298.1000061035156,277.92,358.64,1.33,0,0
NYKAA,MBAG_V2A_CONVEX_CAT_90D_T4R,2026-06-18,HOLDOUT,BULL,298.1000061035156,281.96,362.66,2.21,0,0
NYKAA,MBAG_V2B_EXPANSION_120D_T5R,2026-06-18,HOLDOUT,BULL,298.1000061035156,283.57,370.75,2.27,0,0
NYKAA,MBAG_V3A_40D_MICRO_SURGE_T3_5R,2026-06-18,HOLDOUT,BULL,298.1000061035156,283.57,348.96,1.84,0,0
NYKAA,MBAG_V3B_60D_VOLUME_ANOMALY_T4R,2026-06-18,HOLDOUT,BULL,298.1000061035156,283.57,356.22,2.45,0,0
NYKAA,MBAG_V3C_90D_MULTI_REGIME_T4R,2026-06-18,HOLDOUT,BULL,298.1000061035156,281.96,362.66,2.21,0,0
NYKAA,MBAG_V3D_60D_CONVEX_RUNNER_T5R,2026-06-18,HOLDOUT,BULL,298.1000061035156,285.19,362.65,2.62,0,0
OFSS,MBAG_V1_CHAMP_BASE60_T3R,2026-04-23,VAL,BULL,8546.6494140625,7907.46,10464.22,1.85,0,0
OFSS,MBAG_V2A_CONVEX_CAT_90D_T4R,2026-04-23,VAL,BULL,8546.6494140625,8035.3,10592.05,3.03,0,0
OFSS,MBAG_V2B_EXPANSION_120D_T5R,2026-04-23,VAL,BULL,8546.6494140625,8086.43,10847.75,1.85,0,0
OFSS,MBAG_V3A_40D_MICRO_SURGE_T3_5R,2026-04-23,VAL,BULL,8546.6494140625,8086.43,10157.42,3.5,0,1
OFSS,MBAG_V3B_60D_VOLUME_ANOMALY_T4R,2026-04-23,VAL,BULL,8546.6494140625,8086.43,10387.53,4.0,0,1
OFSS,MBAG_V3C_90D_MULTI_REGIME_T4R,2026-04-23,VAL,BULL,8546.6494140625,8035.3,10592.05,3.03,0,0
OFSS,MBAG_V3D_60D_CONVEX_RUNNER_T5R,2026-04-23,VAL,BULL,8546.6494140625,8137.57,10592.05,1.76,0,0
OFSS,MBAG_V1_CHAMP_BASE60_T3R,2026-04-24,VAL,BULL,8699.7626953125,8069.86,10589.47,1.31,0,0
OFSS,MBAG_V1_CHAMP_BASE60_T3R,2026-04-27,VAL,BULL,9099.3154296875,8405.36,11181.18,0.87,0,0
OFSS,MBAG_V2A_CONVEX_CAT_90D_T4R,2026-04-27,VAL,BULL,9099.3154296875,8544.15,11319.98,1.18,0,0
OFSS,MBAG_V3C_90D_MULTI_REGIME_T4R,2026-04-27,VAL,BULL,9099.3154296875,8544.15,11319.98,1.18,0,0
OFSS,MBAG_V3D_60D_CONVEX_RUNNER_T5R,2026-04-27,VAL,BULL,9099.3154296875,8655.18,11319.99,-1.0,1,0
OFSS,MBAG_V1_CHAMP_BASE60_T3R,2026-05-27,VAL,BULL,10299.5,9494.23,12715.31,-1.0,1,0
OFSS,MBAG_V3C_90D_MULTI_REGIME_T4R,2026-05-27,VAL,BULL,10299.5,9655.29,12876.34,-1.0,1,0
OFSS,MBAG_V1_CHAMP_BASE60_T3R,2026-06-25,HOLDOUT,BULL,10974.5,10127.71,13514.87,-1.0,1,0
OFSS,MBAG_V2A_CONVEX_CAT_90D_T4R,2026-06-25,HOLDOUT,BULL,10974.5,10297.07,13684.22,-1.0,1,0
OFSS,MBAG_V2B_EXPANSION_120D_T5R,2026-06-25,HOLDOUT,BULL,10974.5,10364.81,14022.95,-1.0,1,0
OFSS,MBAG_V3A_40D_MICRO_SURGE_T3_5R,2026-06-25,HOLDOUT,BULL,10974.5,10364.81,13108.42,-1.0,1,0
OFSS,MBAG_V3B_60D_VOLUME_ANOMALY_T4R,2026-06-25,HOLDOUT,BULL,10974.5,10364.81,13413.26,-1.0,1,0
OFSS,MBAG_V3C_90D_MULTI_REGIME_T4R,2026-06-25,HOLDOUT,BULL,10974.5,10297.07,13684.22,-1.0,1,0
OFSS,MBAG_V3D_60D_CONVEX_RUNNER_T5R,2026-06-25,HOLDOUT,BULL,10974.5,10432.56,13684.2,-1.0,1,0
OFSS,MBAG_V1_CHAMP_BASE60_T3R,2026-07-10,HOLDOUT,BULL,11651.0,10757.34,14331.98,-1.0,1,0
OIL,MBAG_V1_CHAMP_BASE60_T3R,2026-01-13,VAL,BULL,441.153076171875,412.66,526.63,1.08,0,0
OIL,MBAG_V2A_CONVEX_CAT_90D_T4R,2026-01-13,VAL,BULL,441.153076171875,418.36,532.33,1.28,0,0
OIL,MBAG_V3A_40D_MICRO_SURGE_T3_5R,2026-01-13,VAL,BULL,441.153076171875,420.64,512.95,-1.0,1,0
OIL,MBAG_V3B_60D_VOLUME_ANOMALY_T4R,2026-01-13,VAL,BULL,441.153076171875,420.64,523.21,-1.0,1,0
OIL,MBAG_V3C_90D_MULTI_REGIME_T4R,2026-01-13,VAL,BULL,441.153076171875,418.36,532.33,1.28,0,0
OIL,MBAG_V3D_60D_CONVEX_RUNNER_T5R,2026-01-13,VAL,BULL,441.153076171875,422.92,532.32,-1.0,1,0
OIL,MBAG_V1_CHAMP_BASE60_T3R,2026-01-14,VAL,BULL,451.1009216308594,420.41,543.17,-1.0,1,0
OIL,MBAG_V2A_CONVEX_CAT_90D_T4R,2026-01-14,VAL,BULL,451.1009216308594,426.55,549.3,-1.0,1,0
OIL,MBAG_V3A_40D_MICRO_SURGE_T3_5R,2026-01-14,VAL,BULL,451.1009216308594,429.0,528.45,-1.0,1,0
OIL,MBAG_V3B_60D_VOLUME_ANOMALY_T4R,2026-01-14,VAL,BULL,451.1009216308594,429.0,539.5,-1.0,1,0
OIL,MBAG_V3C_90D_MULTI_REGIME_T4R,2026-01-14,VAL,BULL,451.1009216308594,426.55,549.3,-1.0,1,0
OIL,MBAG_V3D_60D_CONVEX_RUNNER_T5R,2026-01-14,VAL,BULL,451.1009216308594,431.46,549.31,-1.0,1,0
OIL,MBAG_V1_CHAMP_BASE60_T3R,2026-01-28,VAL,BULL,483.1113586425781,446.42,593.19,-1.0,1,0
OIL,MBAG_V2A_CONVEX_CAT_90D_T4R,2026-01-28,VAL,BULL,483.1113586425781,453.76,600.52,-1.0,1,0
OIL,MBAG_V3A_40D_MICRO_SURGE_T3_5R,2026-01-28,VAL,BULL,483.1113586425781,456.7,575.55,-1.0,1,0
OIL,MBAG_V3B_60D_VOLUME_ANOMALY_T4R,2026-01-28,VAL,BULL,483.1113586425781,456.7,588.76,-1.0,1,0
OIL,MBAG_V3C_90D_MULTI_REGIME_T4R,2026-01-28,VAL,BULL,483.1113586425781,453.76,600.52,-1.0,1,0
OIL,MBAG_V3D_60D_CONVEX_RUNNER_T5R,2026-01-28,VAL,BULL,483.1113586425781,459.63,600.52,-1.0,1,0
OIL,MBAG_V1_CHAMP_BASE60_T3R,2026-01-29,VAL,BULL,506.99609375,467.59,625.21,-1.0,1,0
OIL,MBAG_V2A_CONVEX_CAT_90D_T4R,2026-01-29,VAL,BULL,506.99609375,475.47,633.1,-1.0,1,0
OIL,MBAG_V3A_40D_MICRO_SURGE_T3_5R,2026-01-29,VAL,BULL,506.99609375,478.62,606.31,-1.0,1,0
OIL,MBAG_V3B_60D_VOLUME_ANOMALY_T4R,2026-01-29,VAL,BULL,506.99609375,478.62,620.5,-1.0,1,0
OIL,MBAG_V3C_90D_MULTI_REGIME_T4R,2026-01-29,VAL,BULL,506.99609375,475.47,633.1,-1.0,1,0
OIL,MBAG_V3D_60D_CONVEX_RUNNER_T5R,2026-01-29,VAL,BULL,506.99609375,481.78,633.08,-1.0,1,0
OIL,MBAG_V1_CHAMP_BASE60_T3R,2026-05-13,VAL,BULL,507.1000061035156,469.6,619.6,-1.0,1,0
OLECTRA,MBAG_V1_CHAMP_BASE60_T3R,2026-04-28,VAL,NEUTRAL,1286.0,1164.13,1651.61,-0.46,0,0
OLECTRA,MBAG_V3C_90D_MULTI_REGIME_T4R,2026-04-28,VAL,NEUTRAL,1286.0,1188.51,1675.96,-1.0,1,0
OLECTRA,MBAG_V1_CHAMP_BASE60_T3R,2026-05-08,VAL,BULL,1340.699951171875,1226.57,1683.09,-1.0,1,0
OLECTRA,MBAG_V2A_CONVEX_CAT_90D_T4R,2026-05-08,VAL,BULL,1340.699951171875,1249.39,1705.94,-1.0,1,0
OLECTRA,MBAG_V3A_40D_MICRO_SURGE_T3_5R,2026-05-08,VAL,BULL,1340.699951171875,1258.52,1628.33,-1.0,1,0
OLECTRA,MBAG_V3B_60D_VOLUME_ANOMALY_T4R,2026-05-08,VAL,BULL,1340.699951171875,1258.52,1669.42,-1.0,1,0
OLECTRA,MBAG_V3C_90D_MULTI_REGIME_T4R,2026-05-08,VAL,BULL,1340.699951171875,1249.39,1705.94,-1.0,1,0
OLECTRA,MBAG_V3D_60D_CONVEX_RUNNER_T5R,2026-05-08,VAL,BULL,1340.699951171875,1267.65,1705.95,-1.0,1,0
OLECTRA,MBAG_V1_CHAMP_BASE60_T3R,2026-06-18,HOLDOUT,BULL,1446.5999755859375,1288.4,1921.2,-0.42,0,0
OLECTRA,MBAG_V2A_CONVEX_CAT_90D_T4R,2026-06-18,HOLDOUT,BULL,1446.5999755859375,1320.04,1952.84,-1.0,1,0
OLECTRA,MBAG_V2B_EXPANSION_120D_T5R,2026-06-18,HOLDOUT,BULL,1446.5999755859375,1332.7,2016.1,-1.0,1,0
OLECTRA,MBAG_V3A_40D_MICRO_SURGE_T3_5R,2026-06-18,HOLDOUT,BULL,1446.5999755859375,1332.7,1845.25,-1.0,1,0
OLECTRA,MBAG_V3B_60D_VOLUME_ANOMALY_T4R,2026-06-18,HOLDOUT,BULL,1446.5999755859375,1332.7,1902.2,-1.0,1,0
OLECTRA,MBAG_V3C_90D_MULTI_REGIME_T4R,2026-06-18,HOLDOUT,BULL,1446.5999755859375,1320.04,1952.84,-1.0,1,0
OLECTRA,MBAG_V3D_60D_CONVEX_RUNNER_T5R,2026-06-18,HOLDOUT,BULL,1446.5999755859375,1345.35,1952.85,-1.0,1,0
OLECTRA,MBAG_V1_CHAMP_BASE60_T3R,2026-06-19,HOLDOUT,BULL,1520.300048828125,1356.55,2011.55,-1.0,1,0
OLECTRA,MBAG_V2A_CONVEX_CAT_90D_T4R,2026-06-19,HOLDOUT,BULL,1520.300048828125,1389.3,2044.3,-1.0,1,0
OLECTRA,MBAG_V2B_EXPANSION_120D_T5R,2026-06-19,HOLDOUT,BULL,1520.300048828125,1402.4,2109.8,-1.0,1,0
OLECTRA,MBAG_V3A_40D_MICRO_SURGE_T3_5R,2026-06-19,HOLDOUT,BULL,1520.300048828125,1402.4,1932.95,-1.0,1,0
OLECTRA,MBAG_V3B_60D_VOLUME_ANOMALY_T4R,2026-06-19,HOLDOUT,BULL,1520.300048828125,1402.4,1991.9,-1.0,1,0
OLECTRA,MBAG_V3C_90D_MULTI_REGIME_T4R,2026-06-19,HOLDOUT,BULL,1520.300048828125,1389.3,2044.3,-1.0,1,0
OLECTRA,MBAG_V3D_60D_CONVEX_RUNNER_T5R,2026-06-19,HOLDOUT,BULL,1520.300048828125,1415.5,2044.3,-1.0,1,0
ONESOURCE,MBAG_V1_CHAMP_BASE60_T3R,2026-02-27,VAL,BULL,1521.4806418037022,1488.77,1619.61,3.0,0,1
ONESOURCE,MBAG_V1_CHAMP_BASE60_T3R,2026-03-03,VAL,BULL,1532.213304511046,1499.67,1629.84,3.0,0,1
ONESOURCE,MBAG_V1_CHAMP_BASE60_T3R,2026-03-16,VAL,BULL,1621.0262166701405,1588.44,1718.78,2.46,0,0
ONESOURCE,MBAG_V1_CHAMP_BASE60_T3R,2026-03-18,VAL,BULL,1639.4196423848393,1605.22,1742.02,1.7,0,0
ONESOURCE,MBAG_V1_CHAMP_BASE60_T3R,2026-03-25,VAL,BULL,1690.652337174479,1654.97,1797.7,-1.0,1,0
ONESOURCE,MBAG_V1_CHAMP_BASE60_T3R,2026-06-09,HOLDOUT,BULL,1936.6015942231568,1897.26,2054.63,-1.0,1,0
ONESOURCE,MBAG_V1_CHAMP_BASE60_T3R,2026-06-22,HOLDOUT,BULL,1982.1520364095413,1942.01,2102.58,-1.0,1,0
ONGC,MBAG_V1_CHAMP_BASE60_T3R,2025-10-24,DEV,BULL,243.14019775390625,233.43,272.27,-0.31,0,0
ONGC,MBAG_V1_CHAMP_BASE60_T3R,2026-01-28,VAL,BULL,262.4051513671875,247.0,308.62,-1.0,1,0
ONGC,MBAG_V2A_CONVEX_CAT_90D_T4R,2026-01-28,VAL,BULL,262.4051513671875,250.08,311.71,-1.0,1,0
ONGC,MBAG_V2B_EXPANSION_120D_T5R,2026-01-28,VAL,BULL,262.4051513671875,251.31,317.88,-1.0,1,0
ONGC,MBAG_V3A_40D_MICRO_SURGE_T3_5R,2026-01-28,VAL,BULL,262.4051513671875,251.31,301.24,-1.0,1,0
ONGC,MBAG_V3B_60D_VOLUME_ANOMALY_T4R,2026-01-28,VAL,BULL,262.4051513671875,251.31,306.79,-1.0,1,0
ONGC,MBAG_V3C_90D_MULTI_REGIME_T4R,2026-01-28,VAL,BULL,262.4051513671875,250.08,311.71,-1.0,1,0
ONGC,MBAG_V3D_60D_CONVEX_RUNNER_T5R,2026-01-28,VAL,BULL,262.4051513671875,252.55,311.68,-1.0,1,0
ONGC,MBAG_V1_CHAMP_BASE60_T3R,2026-01-29,VAL,BULL,269.0586242675781,253.5,315.73,-1.0,1,0
ONGC,MBAG_V2A_CONVEX_CAT_90D_T4R,2026-01-29,VAL,BULL,269.0586242675781,256.61,318.85,-1.0,1,0
ONGC,MBAG_V2B_EXPANSION_120D_T5R,2026-01-29,VAL,BULL,269.0586242675781,257.86,325.05,-1.0,1,0
ONGC,MBAG_V3A_40D_MICRO_SURGE_T3_5R,2026-01-29,VAL,BULL,269.0586242675781,257.86,308.25,-1.0,1,0
ONGC,MBAG_V3B_60D_VOLUME_ANOMALY_T4R,2026-01-29,VAL,BULL,269.0586242675781,257.86,313.85,-1.0,1,0
ONGC,MBAG_V3C_90D_MULTI_REGIME_T4R,2026-01-29,VAL,BULL,269.0586242675781,256.61,318.85,-1.0,1,0
ONGC,MBAG_V3D_60D_CONVEX_RUNNER_T5R,2026-01-29,VAL,BULL,269.0586242675781,259.1,318.85,-1.0,1,0
ONGC,MBAG_V1_CHAMP_BASE60_T3R,2026-02-19,VAL,BULL,274.6499938964844,257.25,326.85,-0.53,0,0
ONGC,MBAG_V1_CHAMP_BASE60_T3R,2026-04-28,VAL,BULL,301.29998779296875,285.66,348.22,-1.0,1,0
ONGC,MBAG_V2A_CONVEX_CAT_90D_T4R,2026-04-28,VAL,BULL,301.29998779296875,288.79,351.34,-1.0,1,0
ONGC,MBAG_V3A_40D_MICRO_SURGE_T3_5R,2026-04-28,VAL,BULL,301.29998779296875,290.04,340.71,-1.0,1,0
ONGC,MBAG_V3C_90D_MULTI_REGIME_T4R,2026-04-28,VAL,BULL,301.29998779296875,288.79,351.34,-1.0,1,0
ONGC,MBAG_V3D_60D_CONVEX_RUNNER_T5R,2026-04-28,VAL,BULL,301.29998779296875,291.29,351.35,-1.0,1,0
OPTIEMUS,MBAG_V1_CHAMP_BASE60_T3R,2025-12-11,DEV,BULL,729.4277201048691,714.39,774.54,-1.0,1,0
OPTIEMUS,MBAG_V1_CHAMP_BASE60_T3R,2026-03-19,VAL,BULL,804.9298052918255,787.98,855.78,-1.0,1,0
PAGEIND,MBAG_V1_CHAMP_BASE60_T3R,2026-04-15,VAL,NEUTRAL,36386.94921875,33857.61,43974.97,-0.16,0,0
PAGEIND,MBAG_V3D_60D_CONVEX_RUNNER_T5R,2026-04-15,VAL,NEUTRAL,36386.94921875,34768.17,44480.85,-1.0,1,0
PAGEIND,MBAG_V1_CHAMP_BASE60_T3R,2026-04-17,VAL,NEUTRAL,37826.29296875,35273.83,45483.68,-1.0,1,0
PAGEIND,MBAG_V2A_CONVEX_CAT_90D_T4R,2026-04-17,VAL,NEUTRAL,37826.29296875,35784.32,45994.18,-1.0,1,0
PAGEIND,MBAG_V3C_90D_MULTI_REGIME_T4R,2026-04-17,VAL,NEUTRAL,37826.29296875,35784.32,45994.18,-1.0,1,0
PAGEIND,MBAG_V3D_60D_CONVEX_RUNNER_T5R,2026-04-17,VAL,NEUTRAL,37826.29296875,36192.72,45994.16,-1.0,1,0
PAGEIND,MBAG_V1_CHAMP_BASE60_T3R,2026-05-19,VAL,NEUTRAL,38548.453125,36116.94,45842.99,0.21,0,0
PAGEIND,MBAG_V2A_CONVEX_CAT_90D_T4R,2026-05-19,VAL,NEUTRAL,38548.453125,36603.24,46329.31,-1.0,1,0
PAGEIND,MBAG_V3A_40D_MICRO_SURGE_T3_5R,2026-05-19,VAL,NEUTRAL,38548.453125,36797.76,44675.88,-1.0,1,0
PAGEIND,MBAG_V3B_60D_VOLUME_ANOMALY_T4R,2026-05-19,VAL,NEUTRAL,38548.453125,36797.76,45551.23,-1.0,1,0
PAGEIND,MBAG_V3C_90D_MULTI_REGIME_T4R,2026-05-19,VAL,NEUTRAL,38548.453125,36603.24,46329.31,-1.0,1,0
PAGEIND,MBAG_V3D_60D_CONVEX_RUNNER_T5R,2026-05-19,VAL,NEUTRAL,38548.453125,36992.29,46329.27,-1.0,1,0
PAGEIND,MBAG_V1_CHAMP_BASE60_T3R,2026-07-01,HOLDOUT,BULL,43610.0,41042.14,51313.58,-1.0,1,0
PAGEIND,MBAG_V2A_CONVEX_CAT_90D_T4R,2026-07-01,HOLDOUT,BULL,43610.0,41555.71,51827.16,-1.0,1,0
PAGEIND,MBAG_V2B_EXPANSION_120D_T5R,2026-07-01,HOLDOUT,BULL,43610.0,41761.14,52854.3,-1.0,1,0
PAGEIND,MBAG_V3A_40D_MICRO_SURGE_T3_5R,2026-07-01,HOLDOUT,BULL,43610.0,41761.14,50081.01,-1.0,1,0
PAGEIND,MBAG_V3B_60D_VOLUME_ANOMALY_T4R,2026-07-01,HOLDOUT,BULL,43610.0,41761.14,51005.44,-1.0,1,0
PAGEIND,MBAG_V3C_90D_MULTI_REGIME_T4R,2026-07-01,HOLDOUT,BULL,43610.0,41555.71,51827.16,-1.0,1,0
PAGEIND,MBAG_V3D_60D_CONVEX_RUNNER_T5R,2026-07-01,HOLDOUT,BULL,43610.0,41966.57,51827.15,-1.0,1,0
PANAMAPET,MBAG_V3A_40D_MICRO_SURGE_T3_5R,2026-05-06,VAL,BULL,292.0233459472656,274.63,352.9,3.5,0,1
PANAMAPET,MBAG_V1_CHAMP_BASE60_T3R,2026-05-20,VAL,BULL,320.6940002441406,286.6,422.98,1.5,0,0
PANAMAPET,MBAG_V2A_CONVEX_CAT_90D_T4R,2026-05-20,VAL,BULL,320.6940002441406,293.42,429.79,4.0,0,1
PANAMAPET,MBAG_V3A_40D_MICRO_SURGE_T3_5R,2026-05-20,VAL,BULL,320.6940002441406,296.14,406.63,-1.0,1,0
PANAMAPET,MBAG_V3B_60D_VOLUME_ANOMALY_T4R,2026-05-20,VAL,BULL,320.6940002441406,296.14,418.91,-1.0,1,0
PANAMAPET,MBAG_V3C_90D_MULTI_REGIME_T4R,2026-05-20,VAL,BULL,320.6940002441406,293.42,429.79,4.0,0,1
PANAMAPET,MBAG_V3D_60D_CONVEX_RUNNER_T5R,2026-05-20,VAL,BULL,320.6940002441406,298.87,429.81,-1.0,1,0
PANAMAPET,MBAG_V1_CHAMP_BASE60_T3R,2026-05-26,VAL,BULL,348.370849609375,310.99,460.51,-1.0,1,0
PANAMAPET,MBAG_V2A_CONVEX_CAT_90D_T4R,2026-05-26,VAL,BULL,348.370849609375,318.47,467.97,-1.0,1,0
PANAMAPET,MBAG_V3C_90D_MULTI_REGIME_T4R,2026-05-26,VAL,BULL,348.370849609375,318.47,467.97,-1.0,1,0
PANAMAPET,MBAG_V3D_60D_CONVEX_RUNNER_T5R,2026-05-26,VAL,BULL,348.370849609375,324.45,467.98,-1.0,1,0
PANAMAPET,MBAG_V2B_EXPANSION_120D_T5R,2026-06-10,HOLDOUT,BULL,379.1781311035156,334.44,602.87,1.64,0,0
PANAMAPET,MBAG_V3A_40D_MICRO_SURGE_T3_5R,2026-06-10,HOLDOUT,BULL,379.1781311035156,334.44,535.76,0.96,0,0
PANAMAPET,MBAG_V3B_60D_VOLUME_ANOMALY_T4R,2026-06-10,HOLDOUT,BULL,379.1781311035156,334.44,558.13,1.68,0,0
PANAMAPET,MBAG_V3D_60D_CONVEX_RUNNER_T5R,2026-06-10,HOLDOUT,BULL,379.1781311035156,339.41,578.02,1.65,0,0
PANAMAPET,MBAG_V2A_CONVEX_CAT_90D_T4R,2026-06-19,HOLDOUT,BULL,480.2459411621094,425.93,697.51,-1.0,1,0
PANAMAPET,MBAG_V2B_EXPANSION_120D_T5R,2026-06-19,HOLDOUT,BULL,480.2459411621094,431.36,724.68,-1.0,1,0
PANAMAPET,MBAG_V3A_40D_MICRO_SURGE_T3_5R,2026-06-19,HOLDOUT,BULL,480.2459411621094,431.36,651.35,-1.0,1,0
PANAMAPET,MBAG_V3B_60D_VOLUME_ANOMALY_T4R,2026-06-19,HOLDOUT,BULL,480.2459411621094,431.36,675.79,-1.0,1,0
PANAMAPET,MBAG_V3C_90D_MULTI_REGIME_T4R,2026-06-19,HOLDOUT,BULL,480.2459411621094,425.93,697.51,-1.0,1,0
PANAMAPET,MBAG_V3D_60D_CONVEX_RUNNER_T5R,2026-06-19,HOLDOUT,BULL,480.2459411621094,436.79,697.53,-1.0,1,0
PARADEEP,MBAG_V1_CHAMP_BASE60_T3R,2026-06-22,HOLDOUT,NEUTRAL,138.97000122070312,128.04,171.76,-0.07,0,0
PARADEEP,MBAG_V3C_90D_MULTI_REGIME_T4R,2026-06-22,HOLDOUT,NEUTRAL,138.97000122070312,130.22,173.97,0.68,0,0
PARADEEP,MBAG_V1_CHAMP_BASE60_T3R,2026-07-03,HOLDOUT,BULL,146.58999633789062,136.56,176.68,-1.0,1,0
PARADEEP,MBAG_V2A_CONVEX_CAT_90D_T4R,2026-07-03,HOLDOUT,BULL,146.58999633789062,138.57,178.67,-1.0,1,0
PARADEEP,MBAG_V3A_40D_MICRO_SURGE_T3_5R,2026-07-03,HOLDOUT,BULL,146.58999633789062,139.37,171.86,-1.0,1,0
PARADEEP,MBAG_V3B_60D_VOLUME_ANOMALY_T4R,2026-07-03,HOLDOUT,BULL,146.58999633789062,139.37,175.47,-1.0,1,0
PARADEEP,MBAG_V3C_90D_MULTI_REGIME_T4R,2026-07-03,HOLDOUT,BULL,146.58999633789062,138.57,178.67,-1.0,1,0
PARADEEP,MBAG_V3D_60D_CONVEX_RUNNER_T5R,2026-07-03,HOLDOUT,BULL,146.58999633789062,140.17,178.69,-1.0,1,0
PARAS,MBAG_V1_CHAMP_BASE60_T3R,2026-04-16,VAL,BULL,776.7000122070312,695.72,1019.64,0.08,0,0
PARAS,MBAG_V3C_90D_MULTI_REGIME_T4R,2026-04-16,VAL,BULL,776.7000122070312,711.91,1035.86,1.08,0,0
PARAS,MBAG_V1_CHAMP_BASE60_T3R,2026-04-17,VAL,BULL,809.1500244140625,724.95,1061.75,-0.66,0,0
PARAS,MBAG_V3C_90D_MULTI_REGIME_T4R,2026-04-17,VAL,BULL,809.1500244140625,741.79,1078.59,-1.0,1,0
PARAS,MBAG_V1_CHAMP_BASE60_T3R,2026-05-07,VAL,BULL,869.5,782.8,1129.6,-1.0,1,0
PARAS,MBAG_V2A_CONVEX_CAT_90D_T4R,2026-05-07,VAL,BULL,869.5,800.14,1146.94,-1.0,1,0
PARAS,MBAG_V2B_EXPANSION_120D_T5R,2026-05-07,VAL,BULL,869.5,807.08,1181.6,-1.0,1,0
PARAS,MBAG_V3A_40D_MICRO_SURGE_T3_5R,2026-05-07,VAL,BULL,869.5,807.08,1087.97,-1.0,1,0
PARAS,MBAG_V3B_60D_VOLUME_ANOMALY_T4R,2026-05-07,VAL,BULL,869.5,807.08,1119.18,-1.0,1,0
PARAS,MBAG_V3C_90D_MULTI_REGIME_T4R,2026-05-07,VAL,BULL,869.5,800.14,1146.94,-1.0,1,0
PARAS,MBAG_V3D_60D_CONVEX_RUNNER_T5R,2026-05-07,VAL,BULL,869.5,814.01,1146.95,-1.0,1,0
PARAS,MBAG_V1_CHAMP_BASE60_T3R,2026-06-04,HOLDOUT,BULL,893.7999877929688,790.76,1202.92,3.0,0,1
PARAS,MBAG_V2A_CONVEX_CAT_90D_T4R,2026-06-04,HOLDOUT,BULL,893.7999877929688,811.37,1223.52,4.0,0,1
PARAS,MBAG_V2B_EXPANSION_120D_T5R,2026-06-04,HOLDOUT,BULL,893.7999877929688,819.61,1264.75,5.0,0,1
PARAS,MBAG_V3A_40D_MICRO_SURGE_T3_5R,2026-06-04,HOLDOUT,BULL,893.7999877929688,819.61,1153.46,3.5,0,1
PARAS,MBAG_V3B_60D_VOLUME_ANOMALY_T4R,2026-06-04,HOLDOUT,BULL,893.7999877929688,819.61,1190.56,4.0,0,1
PARAS,MBAG_V3C_90D_MULTI_REGIME_T4R,2026-06-04,HOLDOUT,BULL,893.7999877929688,811.37,1223.52,4.0,0,1
PARAS,MBAG_V3D_60D_CONVEX_RUNNER_T5R,2026-06-04,HOLDOUT,BULL,893.7999877929688,827.86,1223.5,5.0,0,1
PARAS,MBAG_V1_CHAMP_BASE60_T3R,2026-06-05,HOLDOUT,BULL,960.1500244140625,846.19,1302.03,3.0,0,1
PARAS,MBAG_V2A_CONVEX_CAT_90D_T4R,2026-06-05,HOLDOUT,BULL,960.1500244140625,868.99,1324.79,4.0,0,1
PARAS,MBAG_V2B_EXPANSION_120D_T5R,2026-06-05,HOLDOUT,BULL,960.1500244140625,878.1,1370.4,5.0,0,1
PARAS,MBAG_V3A_40D_MICRO_SURGE_T3_5R,2026-06-05,HOLDOUT,BULL,960.1500244140625,878.1,1247.33,3.5,0,1
PARAS,MBAG_V3B_60D_VOLUME_ANOMALY_T4R,2026-06-05,HOLDOUT,BULL,960.1500244140625,878.1,1288.35,4.0,0,1
PARAS,MBAG_V3C_90D_MULTI_REGIME_T4R,2026-06-05,HOLDOUT,BULL,960.1500244140625,868.99,1324.79,4.0,0,1
PARAS,MBAG_V3D_60D_CONVEX_RUNNER_T5R,2026-06-05,HOLDOUT,BULL,960.1500244140625,887.22,1324.8,5.0,0,1
PARAS,MBAG_V2A_CONVEX_CAT_90D_T4R,2026-06-09,HOLDOUT,BULL,1039.1500244140625,938.18,1443.03,1.82,0,0
PARAS,MBAG_V2B_EXPANSION_120D_T5R,2026-06-09,HOLDOUT,BULL,1039.1500244140625,948.28,1493.5,2.87,0,0
PARAS,MBAG_V3A_40D_MICRO_SURGE_T3_5R,2026-06-09,HOLDOUT,BULL,1039.1500244140625,948.28,1357.2,3.5,0,1
PARAS,MBAG_V3B_60D_VOLUME_ANOMALY_T4R,2026-06-09,HOLDOUT,BULL,1039.1500244140625,948.28,1402.63,4.0,0,1
PARAS,MBAG_V3C_90D_MULTI_REGIME_T4R,2026-06-09,HOLDOUT,BULL,1039.1500244140625,938.18,1443.03,1.82,0,0
PARAS,MBAG_V3D_60D_CONVEX_RUNNER_T5R,2026-06-09,HOLDOUT,BULL,1039.1500244140625,958.37,1443.05,1.82,0,0
PARAS,MBAG_V2A_CONVEX_CAT_90D_T4R,2026-06-17,HOLDOUT,BULL,1285.6500244140625,1134.52,1890.17,-0.48,0,0
PARAS,MBAG_V2B_EXPANSION_120D_T5R,2026-06-17,HOLDOUT,BULL,1285.6500244140625,1149.63,1965.75,-0.04,0,0
PARAS,MBAG_V3A_40D_MICRO_SURGE_T3_5R,2026-06-17,HOLDOUT,BULL,1285.6500244140625,1149.63,1761.72,-0.46,0,0
PARAS,MBAG_V3B_60D_VOLUME_ANOMALY_T4R,2026-06-17,HOLDOUT,BULL,1285.6500244140625,1149.63,1829.73,-0.54,0,0
PARAS,MBAG_V3C_90D_MULTI_REGIME_T4R,2026-06-17,HOLDOUT,BULL,1285.6500244140625,1134.52,1890.17,-0.48,0,0
PARAS,MBAG_V3D_60D_CONVEX_RUNNER_T5R,2026-06-17,HOLDOUT,BULL,1285.6500244140625,1164.75,1890.15,-1.0,1,0
PARAS,MBAG_V2A_CONVEX_CAT_90D_T4R,2026-06-18,HOLDOUT,BULL,1310.300048828125,1154.51,1933.46,-1.0,1,0
PARAS,MBAG_V2B_EXPANSION_120D_T5R,2026-06-18,HOLDOUT,BULL,1310.300048828125,1170.09,2011.35,-1.0,1,0
PARAS,MBAG_V3A_40D_MICRO_SURGE_T3_5R,2026-06-18,HOLDOUT,BULL,1310.300048828125,1170.09,1801.04,-1.0,1,0
PARAS,MBAG_V3B_60D_VOLUME_ANOMALY_T4R,2026-06-18,HOLDOUT,BULL,1310.300048828125,1170.09,1871.14,-1.0,1,0
PARAS,MBAG_V3C_90D_MULTI_REGIME_T4R,2026-06-18,HOLDOUT,BULL,1310.300048828125,1154.51,1933.46,-1.0,1,0
PARAS,MBAG_V3D_60D_CONVEX_RUNNER_T5R,2026-06-18,HOLDOUT,BULL,1310.300048828125,1185.67,1933.45,-1.0,1,0
PARAS,MBAG_V2B_EXPANSION_120D_T5R,2026-06-19,HOLDOUT,BULL,1408.6500244140625,1255.73,2173.25,-1.0,1,0
PARAS,MBAG_V3A_40D_MICRO_SURGE_T3_5R,2026-06-19,HOLDOUT,BULL,1408.6500244140625,1255.73,1943.87,-1.0,1,0
PARAS,MBAG_V3B_60D_VOLUME_ANOMALY_T4R,2026-06-19,HOLDOUT,BULL,1408.6500244140625,1255.73,2020.33,-1.0,1,0
PARAS,MBAG_V3D_60D_CONVEX_RUNNER_T5R,2026-06-19,HOLDOUT,BULL,1408.6500244140625,1272.72,2088.3,-1.0,1,0
PARKHOSPS,MBAG_V1_CHAMP_BASE60_T3R,2026-07-09,HOLDOUT,BULL,2508.563129962184,2455.22,2668.59,-1.0,1,0
PATANJALI,MBAG_V1_CHAMP_BASE60_T3R,2026-02-19,VAL,BULL,2574.138269231741,2520.92,2733.79,-1.0,1,0
PATANJALI,MBAG_V1_CHAMP_BASE60_T3R,2026-04-21,VAL,BULL,2724.249346710173,2663.04,2907.88,-1.0,1,0
PAYTM,MBAG_V1_CHAMP_BASE60_T3R,2026-06-26,HOLDOUT,BULL,855.4765197571215,838.13,907.52,-1.0,1,0
PCBL,MBAG_V3A_40D_MICRO_SURGE_T3_5R,2026-05-04,VAL,NEUTRAL,305.23822021484375,287.52,367.25,-1.0,1,0
PCJEWELLER,MBAG_V1_CHAMP_BASE60_T3R,2026-05-12,VAL,BULL,1624.204291722947,1587.8,1733.42,-1.0,1,0
PERSISTENT,MBAG_V1_CHAMP_BASE60_T3R,2025-11-19,DEV,BULL,6293.4248046875,5993.36,7193.62,-1.0,1,0
PERSISTENT,MBAG_V3A_40D_MICRO_SURGE_T3_5R,2025-11-19,DEV,BULL,6293.4248046875,6077.38,7049.58,-1.0,1,0
PERSISTENT,MBAG_V3D_60D_CONVEX_RUNNER_T5R,2025-11-19,DEV,BULL,6293.4248046875,6101.38,7253.65,-1.0,1,0
PETRONET,MBAG_V1_CHAMP_BASE60_T3R,2026-01-06,VAL,BULL,291.93218994140625,278.82,331.27,-1.0,1,0
PETRONET,MBAG_V2A_CONVEX_CAT_90D_T4R,2026-01-06,VAL,BULL,291.93218994140625,281.45,333.86,-1.0,1,0
PETRONET,MBAG_V3A_40D_MICRO_SURGE_T3_5R,2026-01-06,VAL,BULL,291.93218994140625,282.49,324.98,-1.0,1,0
PETRONET,MBAG_V3C_90D_MULTI_REGIME_T4R,2026-01-06,VAL,BULL,291.93218994140625,281.45,333.86,-1.0,1,0
PETRONET,MBAG_V3D_60D_CONVEX_RUNNER_T5R,2026-01-06,VAL,BULL,291.93218994140625,283.54,333.89,-1.0,1,0
PETRONET,MBAG_V1_CHAMP_BASE60_T3R,2026-02-25,VAL,BULL,310.320068359375,292.83,362.79,-1.0,1,0
PETRONET,MBAG_V1_CHAMP_BASE60_T3R,2026-02-27,VAL,BULL,319.71173095703125,301.42,374.59,-1.0,1,0
PETRONET,MBAG_V2A_CONVEX_CAT_90D_T4R,2026-02-27,VAL,BULL,319.71173095703125,305.08,378.24,-1.0,1,0
PETRONET,MBAG_V2B_EXPANSION_120D_T5R,2026-02-27,VAL,BULL,319.71173095703125,306.54,385.57,-1.0,1,0
PETRONET,MBAG_V3A_40D_MICRO_SURGE_T3_5R,2026-02-27,VAL,BULL,319.71173095703125,306.54,365.81,-1.0,1,0
PETRONET,MBAG_V3B_60D_VOLUME_ANOMALY_T4R,2026-02-27,VAL,BULL,319.71173095703125,306.54,372.4,-1.0,1,0
PETRONET,MBAG_V3C_90D_MULTI_REGIME_T4R,2026-02-27,VAL,BULL,319.71173095703125,305.08,378.24,-1.0,1,0
PETRONET,MBAG_V3D_60D_CONVEX_RUNNER_T5R,2026-02-27,VAL,BULL,319.71173095703125,308.01,378.22,-1.0,1,0
PFC,MBAG_V1_CHAMP_BASE60_T3R,2026-02-04,VAL,BULL,407.31878662109375,378.51,493.75,0.11,0,0
PFC,MBAG_V3A_40D_MICRO_SURGE_T3_5R,2026-02-04,VAL,BULL,407.31878662109375,386.58,479.9,-1.0,1,0
PFC,MBAG_V3B_60D_VOLUME_ANOMALY_T4R,2026-02-04,VAL,BULL,407.31878662109375,386.58,490.27,-1.0,1,0
PFC,MBAG_V3D_60D_CONVEX_RUNNER_T5R,2026-02-04,VAL,BULL,407.31878662109375,388.88,499.51,-1.0,1,0
PFC,MBAG_V1_CHAMP_BASE60_T3R,2026-03-18,VAL,BULL,428.8472900390625,391.0,542.39,-1.0,1,0
PFC,MBAG_V3C_90D_MULTI_REGIME_T4R,2026-03-18,VAL,BULL,428.8472900390625,398.57,549.96,-1.0,1,0
PFC,MBAG_V1_CHAMP_BASE60_T3R,2026-04-16,VAL,BULL,458.8999938964844,423.08,566.36,-0.21,0,0
PFC,MBAG_V2A_CONVEX_CAT_90D_T4R,2026-04-16,VAL,BULL,458.8999938964844,430.24,573.54,-1.0,1,0
PFC,MBAG_V3C_90D_MULTI_REGIME_T4R,2026-04-16,VAL,BULL,458.8999938964844,430.24,573.54,-1.0,1,0
PFC,MBAG_V3D_60D_CONVEX_RUNNER_T5R,2026-04-16,VAL,BULL,458.8999938964844,435.97,573.55,-1.0,1,0
PGEL,MBAG_V1_CHAMP_BASE60_T3R,2025-10-23,DEV,BULL,1713.55642053513,1677.89,1820.56,-0.79,0,0
PGIL,MBAG_V1_CHAMP_BASE60_T3R,2026-06-22,HOLDOUT,BULL,1929.4917243237412,1887.87,2054.36,0.9,0,0
PGIL,MBAG_V1_CHAMP_BASE60_T3R,2026-06-30,HOLDOUT,BULL,1991.1162322111654,1950.05,2114.31,-1.0,1,0
PHOENIXLTD,MBAG_V1_CHAMP_BASE60_T3R,2025-11-03,DEV,BULL,1746.5,1633.23,2086.31,-0.14,0,0
PHOENIXLTD,MBAG_V3A_40D_MICRO_SURGE_T3_5R,2025-11-03,DEV,BULL,1746.5,1664.95,2031.92,-1.0,1,0
PHOENIXLTD,MBAG_V3B_60D_VOLUME_ANOMALY_T4R,2025-11-03,DEV,BULL,1746.5,1664.95,2072.7,-1.0,1,0
PHOENIXLTD,MBAG_V3D_60D_CONVEX_RUNNER_T5R,2025-11-03,DEV,BULL,1746.5,1674.01,2108.95,-1.0,1,0
PHOENIXLTD,MBAG_V1_CHAMP_BASE60_T3R,2025-12-15,DEV,BULL,1789.4000244140625,1692.85,2079.05,1.09,0,0
PHOENIXLTD,MBAG_V1_CHAMP_BASE60_T3R,2026-06-16,HOLDOUT,BULL,1868.199951171875,1740.72,2250.64,2.07,0,0
PHOENIXLTD,MBAG_V2A_CONVEX_CAT_90D_T4R,2026-06-16,HOLDOUT,BULL,1868.199951171875,1766.21,2276.16,1.52,0,0
PHOENIXLTD,MBAG_V3A_40D_MICRO_SURGE_T3_5R,2026-06-16,HOLDOUT,BULL,1868.199951171875,1776.41,2189.46,2.43,0,0
PHOENIXLTD,MBAG_V3C_90D_MULTI_REGIME_T4R,2026-06-16,HOLDOUT,BULL,1868.199951171875,1766.21,2276.16,1.52,0,0
PHOENIXLTD,MBAG_V3D_60D_CONVEX_RUNNER_T5R,2026-06-16,HOLDOUT,BULL,1868.199951171875,1786.61,2276.15,0.79,0,0
PHOENIXLTD,MBAG_V1_CHAMP_BASE60_T3R,2026-06-30,HOLDOUT,BULL,1948.5999755859375,1823.1,2325.1,0.59,0,0
PHOENIXLTD,MBAG_V2A_CONVEX_CAT_90D_T4R,2026-06-30,HOLDOUT,BULL,1948.5999755859375,1848.2,2350.2,-0.4,0,0
PHOENIXLTD,MBAG_V3C_90D_MULTI_REGIME_T4R,2026-06-30,HOLDOUT,BULL,1948.5999755859375,1848.2,2350.2,-0.4,0,0
PHOENIXLTD,MBAG_V3D_60D_CONVEX_RUNNER_T5R,2026-06-30,HOLDOUT,BULL,1948.5999755859375,1868.28,2350.2,-0.11,0,0
PHOENIXLTD,MBAG_V1_CHAMP_BASE60_T3R,2026-07-01,HOLDOUT,BULL,2018.5,1885.37,2417.89,-0.81,0,0
PHOENIXLTD,MBAG_V1_CHAMP_BASE60_T3R,2026-07-06,HOLDOUT,BULL,2105.800048828125,1975.62,2496.34,-1.0,1,0
PHOENIXLTD,MBAG_V2A_CONVEX_CAT_90D_T4R,2026-07-06,HOLDOUT,BULL,2105.800048828125,2001.66,2522.36,-1.0,1,0
PHOENIXLTD,MBAG_V2B_EXPANSION_120D_T5R,2026-07-06,HOLDOUT,BULL,2105.800048828125,2012.07,2574.45,-1.0,1,0
PHOENIXLTD,MBAG_V3A_40D_MICRO_SURGE_T3_5R,2026-07-06,HOLDOUT,BULL,2105.800048828125,2012.07,2433.86,-1.0,1,0
PHOENIXLTD,MBAG_V3B_60D_VOLUME_ANOMALY_T4R,2026-07-06,HOLDOUT,BULL,2105.800048828125,2012.07,2480.72,-1.0,1,0
PHOENIXLTD,MBAG_V3C_90D_MULTI_REGIME_T4R,2026-07-06,HOLDOUT,BULL,2105.800048828125,2001.66,2522.36,-1.0,1,0
PHOENIXLTD,MBAG_V3D_60D_CONVEX_RUNNER_T5R,2026-07-06,HOLDOUT,BULL,2105.800048828125,2022.49,2522.35,-1.0,1,0
PICCADIL,MBAG_V1_CHAMP_BASE60_T3R,2026-02-19,VAL,BULL,2966.9086476039656,2905.43,3151.34,-1.0,1,0
PICCADIL,MBAG_V1_CHAMP_BASE60_T3R,2026-06-11,HOLDOUT,BULL,3333.772169811075,3266.16,3536.61,-1.0,1,0
PICCADIL,MBAG_V1_CHAMP_BASE60_T3R,2026-07-06,HOLDOUT,BULL,3698.176496262799,3621.49,3928.24,-1.0,1,0
PIDILITIND,MBAG_V1_CHAMP_BASE60_T3R,2026-06-15,HOLDOUT,BULL,1559.768798828125,1492.72,1760.92,0.14,0,0
PIDILITIND,MBAG_V2A_CONVEX_CAT_90D_T4R,2026-06-15,HOLDOUT,BULL,1559.768798828125,1506.13,1774.32,0.96,0,0
PIDILITIND,MBAG_V3C_90D_MULTI_REGIME_T4R,2026-06-15,HOLDOUT,BULL,1559.768798828125,1506.13,1774.32,0.96,0,0
PIDILITIND,MBAG_V3D_60D_CONVEX_RUNNER_T5R,2026-06-15,HOLDOUT,BULL,1559.768798828125,1516.85,1774.36,1.93,0,0
PIIND,MBAG_V1_CHAMP_BASE60_T3R,2025-09-09,DEV,BULL,967.8840365981528,944.61,1037.71,-1.0,1,0
PIIND,MBAG_V1_CHAMP_BASE60_T3R,2026-01-19,VAL,BULL,982.1863826413177,959.82,1049.29,-1.0,1,0
PINELABS,MBAG_V1_CHAMP_BASE60_T3R,2025-08-19,DEV,BULL,1149.2587375645012,1124.67,1223.02,3.0,0,1
PINELABS,MBAG_V1_CHAMP_BASE60_T3R,2025-12-16,DEV,BULL,1374.3008288017097,1337.42,1484.94,1.9,0,0
PINELABS,MBAG_V1_CHAMP_BASE60_T3R,2025-12-23,DEV,BULL,1414.0075509090625,1380.89,1513.36,-1.0,1,0
PINELABS,MBAG_V1_CHAMP_BASE60_T3R,2026-01-12,VAL,BULL,1450.0949283691034,1417.82,1546.92,-1.0,1,0
PIRAMALFIN,MBAG_V1_CHAMP_BASE60_T3R,2026-04-28,VAL,BULL,638.5471543323882,624.3,681.29,-1.0,1,0
PIRAMALFIN,MBAG_V1_CHAMP_BASE60_T3R,2026-05-11,VAL,BULL,646.2898970827464,632.83,686.67,3.0,0,1
PIRAMALFIN,MBAG_V1_CHAMP_BASE60_T3R,2026-05-14,VAL,BULL,668.1617770079921,654.31,709.72,-1.0,1,0
PIRAMALFIN,MBAG_V1_CHAMP_BASE60_T3R,2026-07-09,HOLDOUT,BULL,730.8389526420568,715.38,777.22,-1.0,1,0
PNBHOUSING,MBAG_V1_CHAMP_BASE60_T3R,2025-12-24,DEV,BULL,958.8173217773438,884.96,1180.39,-1.0,1,0
PNBHOUSING,MBAG_V3A_40D_MICRO_SURGE_T3_5R,2025-12-24,DEV,BULL,958.8173217773438,905.64,1144.94,-1.0,1,0
PNBHOUSING,MBAG_V3B_60D_VOLUME_ANOMALY_T4R,2025-12-24,DEV,BULL,958.8173217773438,905.64,1171.53,-1.0,1,0
PNBHOUSING,MBAG_V3D_60D_CONVEX_RUNNER_T5R,2025-12-24,DEV,BULL,958.8173217773438,911.55,1195.15,-1.0,1,0
PNBHOUSING,MBAG_V1_CHAMP_BASE60_T3R,2026-01-01,VAL,BULL,978.9600830078125,907.91,1192.11,-1.0,1,0
PNBHOUSING,MBAG_V2A_CONVEX_CAT_90D_T4R,2026-01-01,VAL,BULL,978.9600830078125,922.12,1206.32,-1.0,1,0
PNBHOUSING,MBAG_V3A_40D_MICRO_SURGE_T3_5R,2026-01-01,VAL,BULL,978.9600830078125,927.8,1158.02,-1.0,1,0
PNBHOUSING,MBAG_V3B_60D_VOLUME_ANOMALY_T4R,2026-01-01,VAL,BULL,978.9600830078125,927.8,1183.6,-1.0,1,0
PNBHOUSING,MBAG_V3C_90D_MULTI_REGIME_T4R,2026-01-01,VAL,BULL,978.9600830078125,922.12,1206.32,-1.0,1,0
PNBHOUSING,MBAG_V3D_60D_CONVEX_RUNNER_T5R,2026-01-01,VAL,BULL,978.9600830078125,933.49,1206.31,-1.0,1,0
PNBHOUSING,MBAG_V1_CHAMP_BASE60_T3R,2026-04-21,VAL,BULL,971.5181884765625,888.81,1219.64,1.02,0,0
PNBHOUSING,MBAG_V3A_40D_MICRO_SURGE_T3_5R,2026-04-21,VAL,BULL,971.5181884765625,911.97,1179.94,1.89,0,0
PNBHOUSING,MBAG_V3B_60D_VOLUME_ANOMALY_T4R,2026-04-21,VAL,BULL,971.5181884765625,911.97,1209.71,0.29,0,0
PNBHOUSING,MBAG_V3D_60D_CONVEX_RUNNER_T5R,2026-04-21,VAL,BULL,971.5181884765625,918.58,1236.21,0.19,0,0
PNBHOUSING,MBAG_V1_CHAMP_BASE60_T3R,2026-07-07,HOLDOUT,BULL,1101.1068115234375,1037.28,1292.59,-1.0,1,0
PNBHOUSING,MBAG_V2A_CONVEX_CAT_90D_T4R,2026-07-07,HOLDOUT,BULL,1101.1068115234375,1050.05,1305.33,-1.0,1,0
PNBHOUSING,MBAG_V2B_EXPANSION_120D_T5R,2026-07-07,HOLDOUT,BULL,1101.1068115234375,1055.15,1330.89,-1.0,1,0
PNBHOUSING,MBAG_V3A_40D_MICRO_SURGE_T3_5R,2026-07-07,HOLDOUT,BULL,1101.1068115234375,1055.15,1261.96,-1.0,1,0
PNBHOUSING,MBAG_V3B_60D_VOLUME_ANOMALY_T4R,2026-07-07,HOLDOUT,BULL,1101.1068115234375,1055.15,1284.93,-1.0,1,0
PNBHOUSING,MBAG_V3C_90D_MULTI_REGIME_T4R,2026-07-07,HOLDOUT,BULL,1101.1068115234375,1050.05,1305.33,-1.0,1,0
PNBHOUSING,MBAG_V3D_60D_CONVEX_RUNNER_T5R,2026-07-07,HOLDOUT,BULL,1101.1068115234375,1060.26,1305.34,-1.0,1,0
PNCINFRA,MBAG_V1_CHAMP_BASE60_T3R,2025-11-20,DEV,BULL,2646.409100887,2587.05,2824.49,3.0,0,1
PNGJL,MBAG_V1_CHAMP_BASE60_T3R,2025-10-30,DEV,BULL,919.2448177410234,900.68,974.94,-1.0,1,0
POCL,MBAG_V3A_40D_MICRO_SURGE_T3_5R,2025-12-26,DEV,BULL,580.5999755859375,546.95,698.37,-1.0,1,0
POCL,MBAG_V1_CHAMP_BASE60_T3R,2026-01-01,VAL,BULL,607.5599975585938,561.28,746.4,-1.0,1,0
POCL,MBAG_V3A_40D_MICRO_SURGE_T3_5R,2026-01-01,VAL,BULL,607.5599975585938,574.24,724.18,-1.0,1,0
POCL,MBAG_V3B_60D_VOLUME_ANOMALY_T4R,2026-01-01,VAL,BULL,607.5599975585938,574.24,740.84,-1.0,1,0
POCL,MBAG_V3D_60D_CONVEX_RUNNER_T5R,2026-01-01,VAL,BULL,607.5599975585938,577.94,755.66,-1.0,1,0
POCL,MBAG_V3A_40D_MICRO_SURGE_T3_5R,2026-04-29,VAL,BULL,527.2000122070312,494.29,642.39,3.5,0,1
POCL,MBAG_V1_CHAMP_BASE60_T3R,2026-04-30,VAL,BULL,551.1199951171875,502.59,696.71,-0.6,0,0
POCL,MBAG_V3A_40D_MICRO_SURGE_T3_5R,2026-04-30,VAL,BULL,551.1199951171875,516.18,673.41,-1.0,1,0
POCL,MBAG_V3B_60D_VOLUME_ANOMALY_T4R,2026-04-30,VAL,BULL,551.1199951171875,516.18,690.88,-1.0,1,0
POCL,MBAG_V3D_60D_CONVEX_RUNNER_T5R,2026-04-30,VAL,BULL,551.1199951171875,520.06,706.42,-1.0,1,0
POCL,MBAG_V1_CHAMP_BASE60_T3R,2026-05-07,VAL,BULL,574.52001953125,525.29,722.21,-1.0,1,0
POCL,MBAG_V1_CHAMP_BASE60_T3R,2026-05-14,VAL,BULL,617.7999877929688,547.71,828.07,-1.0,1,0
POCL,MBAG_V3A_40D_MICRO_SURGE_T3_5R,2026-05-14,VAL,BULL,617.7999877929688,567.33,794.44,-1.0,1,0
POCL,MBAG_V3B_60D_VOLUME_ANOMALY_T4R,2026-05-14,VAL,BULL,617.7999877929688,567.33,819.68,-1.0,1,0
POCL,MBAG_V3D_60D_CONVEX_RUNNER_T5R,2026-05-14,VAL,BULL,617.7999877929688,572.94,842.1,-1.0,1,0
POLICYBZR,MBAG_V1_CHAMP_BASE60_T3R,2025-12-01,DEV,BULL,1960.9699402683598,1921.29,2080.01,1.02,0,0
POLYCAB,MBAG_V1_CHAMP_BASE60_T3R,2026-02-24,VAL,BULL,8082.15185546875,7721.9,9162.91,-1.0,1,0
POLYCAB,MBAG_V2A_CONVEX_CAT_90D_T4R,2026-02-24,VAL,BULL,8082.15185546875,7793.95,9234.96,-1.0,1,0
POLYCAB,MBAG_V2B_EXPANSION_120D_T5R,2026-02-24,VAL,BULL,8082.15185546875,7822.77,9379.06,-1.0,1,0
POLYCAB,MBAG_V3A_40D_MICRO_SURGE_T3_5R,2026-02-24,VAL,BULL,8082.15185546875,7822.77,8989.99,-1.0,1,0
POLYCAB,MBAG_V3B_60D_VOLUME_ANOMALY_T4R,2026-02-24,VAL,BULL,8082.15185546875,7822.77,9119.68,-1.0,1,0
POLYCAB,MBAG_V3C_90D_MULTI_REGIME_T4R,2026-02-24,VAL,BULL,8082.15185546875,7793.95,9234.96,-1.0,1,0
POLYCAB,MBAG_V3D_60D_CONVEX_RUNNER_T5R,2026-02-24,VAL,BULL,8082.15185546875,7851.59,9234.96,-1.0,1,0
POLYCAB,MBAG_V1_CHAMP_BASE60_T3R,2026-02-25,VAL,BULL,8309.0751953125,7917.18,9484.76,-1.0,1,0
POLYCAB,MBAG_V2A_CONVEX_CAT_90D_T4R,2026-02-25,VAL,BULL,8309.0751953125,7995.56,9563.14,-1.0,1,0
POLYCAB,MBAG_V2B_EXPANSION_120D_T5R,2026-02-25,VAL,BULL,8309.0751953125,8026.91,9719.9,-1.0,1,0
POLYCAB,MBAG_V3A_40D_MICRO_SURGE_T3_5R,2026-02-25,VAL,BULL,8309.0751953125,8026.91,9296.65,-1.0,1,0
POLYCAB,MBAG_V3B_60D_VOLUME_ANOMALY_T4R,2026-02-25,VAL,BULL,8309.0751953125,8026.91,9437.74,-1.0,1,0
POLYCAB,MBAG_V3C_90D_MULTI_REGIME_T4R,2026-02-25,VAL,BULL,8309.0751953125,7995.56,9563.14,-1.0,1,0
POLYCAB,MBAG_V3D_60D_CONVEX_RUNNER_T5R,2026-02-25,VAL,BULL,8309.0751953125,8058.27,9563.1,-1.0,1,0
POLYCAB,MBAG_V1_CHAMP_BASE60_T3R,2026-02-26,VAL,BULL,8465.8310546875,8060.61,9681.49,-1.0,1,0
POLYCAB,MBAG_V3C_90D_MULTI_REGIME_T4R,2026-02-26,VAL,BULL,8465.8310546875,8141.65,9762.56,-1.0,1,0
POLYCAB,MBAG_V1_CHAMP_BASE60_T3R,2026-02-27,VAL,BULL,8569.837890625,8155.11,9814.02,-1.0,1,0
POLYCAB,MBAG_V2A_CONVEX_CAT_90D_T4R,2026-02-27,VAL,BULL,8569.837890625,8238.05,9896.99,-1.0,1,0
POLYCAB,MBAG_V2B_EXPANSION_120D_T5R,2026-02-27,VAL,BULL,8569.837890625,8271.23,10062.88,-1.0,1,0
POLYCAB,MBAG_V3A_40D_MICRO_SURGE_T3_5R,2026-02-27,VAL,BULL,8569.837890625,8271.23,9614.97,-1.0,1,0
POLYCAB,MBAG_V3B_60D_VOLUME_ANOMALY_T4R,2026-02-27,VAL,BULL,8569.837890625,8271.23,9764.27,-1.0,1,0
POLYCAB,MBAG_V3C_90D_MULTI_REGIME_T4R,2026-02-27,VAL,BULL,8569.837890625,8238.05,9896.99,-1.0,1,0
POLYCAB,MBAG_V3D_60D_CONVEX_RUNNER_T5R,2026-02-27,VAL,BULL,8569.837890625,8304.41,9896.98,-1.0,1,0
POLYCAB,MBAG_V1_CHAMP_BASE60_T3R,2026-05-07,VAL,BULL,8960.484375,8380.56,10700.26,1.23,0,0
POLYCAB,MBAG_V2A_CONVEX_CAT_90D_T4R,2026-05-07,VAL,BULL,8960.484375,8496.54,10816.26,2.04,0,0
POLYCAB,MBAG_V2B_EXPANSION_120D_T5R,2026-05-07,VAL,BULL,8960.484375,8542.94,11048.21,1.62,0,0
POLYCAB,MBAG_V3A_40D_MICRO_SURGE_T3_5R,2026-05-07,VAL,BULL,8960.484375,8542.94,10421.89,0.88,0,0
POLYCAB,MBAG_V3B_60D_VOLUME_ANOMALY_T4R,2026-05-07,VAL,BULL,8960.484375,8542.94,10630.66,2.26,0,0
POLYCAB,MBAG_V3C_90D_MULTI_REGIME_T4R,2026-05-07,VAL,BULL,8960.484375,8496.54,10816.26,2.04,0,0
POLYCAB,MBAG_V3D_60D_CONVEX_RUNNER_T5R,2026-05-07,VAL,BULL,8960.484375,8589.33,10816.26,1.54,0,0
POLYCAB,MBAG_V1_CHAMP_BASE60_T3R,2026-06-17,HOLDOUT,BULL,9879.623046875,9312.94,11579.67,-1.0,1,0
POLYCAB,MBAG_V2A_CONVEX_CAT_90D_T4R,2026-06-17,HOLDOUT,BULL,9879.623046875,9426.27,11693.04,-1.0,1,0
POLYCAB,MBAG_V3A_40D_MICRO_SURGE_T3_5R,2026-06-17,HOLDOUT,BULL,9879.623046875,9471.61,11307.67,-1.0,1,0
POLYCAB,MBAG_V3C_90D_MULTI_REGIME_T4R,2026-06-17,HOLDOUT,BULL,9879.623046875,9426.27,11693.04,-1.0,1,0
POLYCAB,MBAG_V3D_60D_CONVEX_RUNNER_T5R,2026-06-17,HOLDOUT,BULL,9879.623046875,9516.94,11693.04,-1.0,1,0
POLYCAB,MBAG_V1_CHAMP_BASE60_T3R,2026-06-19,HOLDOUT,BULL,10083.0,9540.77,11709.69,-1.0,1,0
POLYMED,MBAG_V1_CHAMP_BASE60_T3R,2026-05-06,VAL,NEUTRAL,1655.5999755859375,1530.01,2032.37,-1.0,1,0
POLYMED,MBAG_V3A_40D_MICRO_SURGE_T3_5R,2026-05-06,VAL,NEUTRAL,1655.5999755859375,1565.18,1972.07,-1.0,1,0
POLYMED,MBAG_V3D_60D_CONVEX_RUNNER_T5R,2026-05-06,VAL,NEUTRAL,1655.5999755859375,1575.22,2057.5,-1.0,1,0
POLYMED,MBAG_V1_CHAMP_BASE60_T3R,2026-07-02,HOLDOUT,BULL,1732.300048828125,1586.82,2168.74,-0.45,0,0
POLYMED,MBAG_V3C_90D_MULTI_REGIME_T4R,2026-07-02,HOLDOUT,BULL,1732.300048828125,1615.91,2197.86,-1.0,1,0
POONAWALLA,MBAG_V1_CHAMP_BASE60_T3R,2026-05-14,VAL,BULL,1619.4847251847864,1586.15,1719.49,-1.0,1,0
POONAWALLA,MBAG_V1_CHAMP_BASE60_T3R,2026-06-10,HOLDOUT,BULL,1694.8967588682428,1660.84,1797.07,-1.0,1,0
POWERGRID,MBAG_V1_CHAMP_BASE60_T3R,2026-02-03,VAL,BULL,280.0560302734375,263.88,328.58,0.74,0,0
POWERGRID,MBAG_V3A_40D_MICRO_SURGE_T3_5R,2026-02-03,VAL,BULL,280.0560302734375,268.41,320.82,1.61,0,0
POWERGRID,MBAG_V3B_60D_VOLUME_ANOMALY_T4R,2026-02-03,VAL,BULL,280.0560302734375,268.41,326.64,1.66,0,0
POWERGRID,MBAG_V3D_60D_CONVEX_RUNNER_T5R,2026-02-03,VAL,BULL,280.0560302734375,269.7,331.84,1.44,0,0
POWERGRID,MBAG_V1_CHAMP_BASE60_T3R,2026-02-04,VAL,BULL,286.18719482421875,268.93,337.96,0.77,0,0
POWERINDIA,MBAG_V3A_40D_MICRO_SURGE_T3_5R,2025-11-04,DEV,BULL,20457.0,19363.63,24283.8,-1.0,1,0
POWERINDIA,MBAG_V3A_40D_MICRO_SURGE_T3_5R,2026-02-06,VAL,BULL,21871.0,20448.87,26848.46,1.64,0,0
POWERINDIA,MBAG_V1_CHAMP_BASE60_T3R,2026-04-09,VAL,BULL,27315.0,25037.32,34148.04,3.0,0,1
POWERINDIA,MBAG_V3C_90D_MULTI_REGIME_T4R,2026-04-09,VAL,BULL,27315.0,25492.86,34603.56,4.0,0,1
POWERINDIA,MBAG_V1_CHAMP_BASE60_T3R,2026-04-10,VAL,BULL,28425.0,26108.04,35375.88,1.98,0,0
POWERINDIA,MBAG_V2A_CONVEX_CAT_90D_T4R,2026-04-10,VAL,BULL,28425.0,26571.43,35839.28,4.0,0,1
POWERINDIA,MBAG_V3C_90D_MULTI_REGIME_T4R,2026-04-10,VAL,BULL,28425.0,26571.43,35839.28,4.0,0,1
POWERINDIA,MBAG_V3D_60D_CONVEX_RUNNER_T5R,2026-04-10,VAL,BULL,28425.0,26942.14,35839.3,5.0,0,1
POWERINDIA,MBAG_V1_CHAMP_BASE60_T3R,2026-05-20,VAL,BULL,35525.0,32346.43,45060.71,0.13,0,0
POWERINDIA,MBAG_V3C_90D_MULTI_REGIME_T4R,2026-05-20,VAL,BULL,35525.0,32982.14,45696.44,-0.5,0,0
POWERINDIA,MBAG_V1_CHAMP_BASE60_T3R,2026-05-27,VAL,BULL,37550.0,33911.61,48465.17,-1.0,1,0
POWERINDIA,MBAG_V3C_90D_MULTI_REGIME_T4R,2026-05-27,VAL,BULL,37550.0,34639.29,49192.84,-1.0,1,0
POWERINDIA,MBAG_V1_CHAMP_BASE60_T3R,2026-05-29,VAL,BULL,38445.0,35003.93,48768.21,-1.0,1,0
POWERINDIA,MBAG_V2A_CONVEX_CAT_90D_T4R,2026-05-29,VAL,BULL,38445.0,35692.14,49456.44,-1.0,1,0
POWERINDIA,MBAG_V3A_40D_MICRO_SURGE_T3_5R,2026-05-29,VAL,BULL,38445.0,35967.43,47116.5,-1.0,1,0
POWERINDIA,MBAG_V3C_90D_MULTI_REGIME_T4R,2026-05-29,VAL,BULL,38445.0,35692.14,49456.44,-1.0,1,0
POWERINDIA,MBAG_V3D_60D_CONVEX_RUNNER_T5R,2026-05-29,VAL,BULL,38445.0,36242.71,49456.45,-1.0,1,0
POWERMECH,MBAG_V1_CHAMP_BASE60_T3R,2026-04-20,VAL,NEUTRAL,2432.699951171875,2168.45,3225.45,-0.19,0,0
POWERMECH,MBAG_V1_CHAMP_BASE60_T3R,2026-06-12,HOLDOUT,BULL,2789.5,2553.48,3497.56,-1.0,1,0
POWERMECH,MBAG_V2A_CONVEX_CAT_90D_T4R,2026-06-12,HOLDOUT,BULL,2789.5,2600.69,3544.74,-1.0,1,0
POWERMECH,MBAG_V2B_EXPANSION_120D_T5R,2026-06-12,HOLDOUT,BULL,2789.5,2619.57,3639.15,-1.0,1,0
POWERMECH,MBAG_V3A_40D_MICRO_SURGE_T3_5R,2026-06-12,HOLDOUT,BULL,2789.5,2619.57,3384.25,-1.0,1,0
POWERMECH,MBAG_V3B_60D_VOLUME_ANOMALY_T4R,2026-06-12,HOLDOUT,BULL,2789.5,2619.57,3469.22,-1.0,1,0
POWERMECH,MBAG_V3C_90D_MULTI_REGIME_T4R,2026-06-12,HOLDOUT,BULL,2789.5,2600.69,3544.74,-1.0,1,0
POWERMECH,MBAG_V3D_60D_CONVEX_RUNNER_T5R,2026-06-12,HOLDOUT,BULL,2789.5,2638.45,3544.75,-1.0,1,0
PREMIERENE,MBAG_V1_CHAMP_BASE60_T3R,2025-10-27,DEV,BULL,1099.1900634765625,1033.7,1295.66,-1.0,1,0
PREMIERENE,MBAG_V3A_40D_MICRO_SURGE_T3_5R,2025-10-27,DEV,BULL,1099.1900634765625,1052.04,1264.22,-1.0,1,0
PREMIERENE,MBAG_V3B_60D_VOLUME_ANOMALY_T4R,2025-10-27,DEV,BULL,1099.1900634765625,1052.04,1287.79,-1.0,1,0
PREMIERENE,MBAG_V3D_60D_CONVEX_RUNNER_T5R,2025-10-27,DEV,BULL,1099.1900634765625,1057.28,1308.74,-1.0,1,0
PREMIERENE,MBAG_V3A_40D_MICRO_SURGE_T3_5R,2026-03-18,VAL,BEAR,868.9596557617188,813.51,1063.03,3.02,0,0
PREMIERENE,MBAG_V1_CHAMP_BASE60_T3R,2026-04-01,VAL,NEUTRAL,937.009521484375,845.64,1211.12,0.88,0,0
PREMIERENE,MBAG_V3A_40D_MICRO_SURGE_T3_5R,2026-04-01,VAL,NEUTRAL,937.009521484375,871.22,1167.27,1.13,0,0
PREMIERENE,MBAG_V3D_60D_CONVEX_RUNNER_T5R,2026-04-01,VAL,NEUTRAL,937.009521484375,878.53,1229.41,0.79,0,0
PREMIERENE,MBAG_V1_CHAMP_BASE60_T3R,2026-04-17,VAL,BULL,1033.838134765625,950.92,1282.59,-1.0,1,0
PREMIERENE,MBAG_V2A_CONVEX_CAT_90D_T4R,2026-04-17,VAL,BULL,1033.838134765625,967.5,1299.19,-1.0,1,0
PREMIERENE,MBAG_V3A_40D_MICRO_SURGE_T3_5R,2026-04-17,VAL,BULL,1033.838134765625,974.13,1242.82,-1.0,1,0
PREMIERENE,MBAG_V3B_60D_VOLUME_ANOMALY_T4R,2026-04-17,VAL,BULL,1033.838134765625,974.13,1272.67,-1.0,1,0
PREMIERENE,MBAG_V3C_90D_MULTI_REGIME_T4R,2026-04-17,VAL,BULL,1033.838134765625,967.5,1299.19,-1.0,1,0
PREMIERENE,MBAG_V3D_60D_CONVEX_RUNNER_T5R,2026-04-17,VAL,BULL,1033.838134765625,980.77,1299.18,-1.0,1,0
PREMIERENE,MBAG_V1_CHAMP_BASE60_T3R,2026-05-29,VAL,BULL,1061.0,981.36,1299.92,-0.13,0,0
PREMIERENE,MBAG_V3C_90D_MULTI_REGIME_T4R,2026-05-29,VAL,BULL,1061.0,997.29,1315.84,0.88,0,0
PREMIERENE,MBAG_V1_CHAMP_BASE60_T3R,2026-07-10,HOLDOUT,BULL,1117.199951171875,1039.99,1348.83,-1.0,1,0
PREMIERENE,MBAG_V2A_CONVEX_CAT_90D_T4R,2026-07-10,HOLDOUT,BULL,1117.199951171875,1055.43,1364.28,-1.0,1,0
PREMIERENE,MBAG_V3C_90D_MULTI_REGIME_T4R,2026-07-10,HOLDOUT,BULL,1117.199951171875,1055.43,1364.28,-1.0,1,0
PREMIERENE,MBAG_V3D_60D_CONVEX_RUNNER_T5R,2026-07-10,HOLDOUT,BULL,1117.199951171875,1067.78,1364.3,-1.0,1,0
PRESTIGE,MBAG_V1_CHAMP_BASE60_T3R,2026-06-16,HOLDOUT,NEUTRAL,1519.1875,1396.04,1888.63,1.4,0,0
PRESTIGE,MBAG_V1_CHAMP_BASE60_T3R,2026-07-02,HOLDOUT,BULL,1671.9951171875,1556.62,2018.12,-0.69,0,0
PRESTIGE,MBAG_V2A_CONVEX_CAT_90D_T4R,2026-07-02,HOLDOUT,BULL,1671.9951171875,1579.7,2041.18,-1.0,1,0
PRESTIGE,MBAG_V3C_90D_MULTI_REGIME_T4R,2026-07-02,HOLDOUT,BULL,1671.9951171875,1579.7,2041.18,-1.0,1,0
PRESTIGE,MBAG_V3D_60D_CONVEX_RUNNER_T5R,2026-07-02,HOLDOUT,BULL,1671.9951171875,1598.16,2041.17,-1.0,1,0
PRESTIGE,MBAG_V1_CHAMP_BASE60_T3R,2026-07-06,HOLDOUT,BULL,1701.358154296875,1595.17,2019.92,-1.0,1,0
PRICOLLTD,MBAG_V1_CHAMP_BASE60_T3R,2025-11-19,DEV,BULL,661.0999755859375,599.88,844.76,-1.0,1,0
PRIVISCL,MBAG_V1_CHAMP_BASE60_T3R,2025-10-20,DEV,BULL,2883.60009765625,2635.9,3626.7,1.33,0,0
PRIVISCL,MBAG_V3A_40D_MICRO_SURGE_T3_5R,2025-10-20,DEV,BULL,2883.60009765625,2705.26,3507.79,1.22,0,0
PRIVISCL,MBAG_V3B_60D_VOLUME_ANOMALY_T4R,2025-10-20,DEV,BULL,2883.60009765625,2705.26,3596.96,2.09,0,0
PRIVISCL,MBAG_V3D_60D_CONVEX_RUNNER_T5R,2025-10-20,DEV,BULL,2883.60009765625,2725.07,3676.25,1.52,0,0
PRIVISCL,MBAG_V1_CHAMP_BASE60_T3R,2025-11-06,DEV,BULL,3280.0,3008.27,4095.19,-0.26,0,0
PRIVISCL,MBAG_V3A_40D_MICRO_SURGE_T3_5R,2025-11-06,DEV,BULL,3280.0,3084.35,3964.78,-1.0,1,0
PRIVISCL,MBAG_V3B_60D_VOLUME_ANOMALY_T4R,2025-11-06,DEV,BULL,3280.0,3084.35,4062.6,-1.0,1,0
PRIVISCL,MBAG_V3D_60D_CONVEX_RUNNER_T5R,2025-11-06,DEV,BULL,3280.0,3106.09,4149.55,-1.0,1,0
PRIVISCL,MBAG_V1_CHAMP_BASE60_T3R,2025-11-07,DEV,BULL,3388.0,3124.96,4177.12,-1.0,1,0
PRIVISCL,MBAG_V3D_60D_CONVEX_RUNNER_T5R,2025-11-07,DEV,BULL,3388.0,3219.66,4229.7,-1.0,1,0
PRIVISCL,MBAG_V1_CHAMP_BASE60_T3R,2026-04-17,VAL,BULL,3133.10009765625,2908.96,3805.52,-0.18,0,0
PRIVISCL,MBAG_V3A_40D_MICRO_SURGE_T3_5R,2026-04-17,VAL,BULL,3133.10009765625,2971.72,3697.93,1.15,0,0
PRIVISCL,MBAG_V3B_60D_VOLUME_ANOMALY_T4R,2026-04-17,VAL,BULL,3133.10009765625,2971.72,3778.62,0.76,0,0
PRIVISCL,MBAG_V3D_60D_CONVEX_RUNNER_T5R,2026-04-17,VAL,BULL,3133.10009765625,2989.65,3850.35,0.68,0,0
PRIVISCL,MBAG_V1_CHAMP_BASE60_T3R,2026-06-22,HOLDOUT,BULL,3655.800048828125,3392.25,4446.45,0.08,0,0
PRIVISCL,MBAG_V2A_CONVEX_CAT_90D_T4R,2026-06-22,HOLDOUT,BULL,3655.800048828125,3444.96,4499.16,-0.28,0,0
PRIVISCL,MBAG_V3A_40D_MICRO_SURGE_T3_5R,2026-06-22,HOLDOUT,BULL,3655.800048828125,3466.04,4319.96,-0.22,0,0
PRIVISCL,MBAG_V3C_90D_MULTI_REGIME_T4R,2026-06-22,HOLDOUT,BULL,3655.800048828125,3444.96,4499.16,-0.28,0,0
PRIVISCL,MBAG_V3D_60D_CONVEX_RUNNER_T5R,2026-06-22,HOLDOUT,BULL,3655.800048828125,3487.13,4499.15,-1.0,1,0
PRSMJOHNSN,MBAG_V1_CHAMP_BASE60_T3R,2026-07-13,HOLDOUT,BULL,1297.1578047747955,1270.25,1377.88,1.9,0,0
PRUDENT,MBAG_V1_CHAMP_BASE60_T3R,2025-10-03,DEV,BULL,1799.689427722001,1760.57,1917.05,3.0,0,1
PRUDENT,MBAG_V1_CHAMP_BASE60_T3R,2025-12-26,DEV,BULL,2419.060046511852,2368.73,2570.05,-1.0,1,0
PRUDENT,MBAG_V1_CHAMP_BASE60_T3R,2026-03-10,VAL,BULL,2775.6276571891603,2718.68,2946.47,-1.0,1,0
PSUBNKIETF.NS,MBAG_V1_CHAMP_BASE60_T3R,2026-01-16,VAL,BULL,91.08999633789062,85.8,106.96,-1.0,1,0
PSUBNKIETF.NS,MBAG_V3C_90D_MULTI_REGIME_T4R,2026-01-16,VAL,BULL,91.08999633789062,86.86,108.01,-1.0,1,0
PSUBNKIETF.NS,MBAG_V1_CHAMP_BASE60_T3R,2026-02-17,VAL,BULL,96.20999908447266,90.49,113.37,-1.0,1,0
PSUBNKIETF.NS,MBAG_V2A_CONVEX_CAT_90D_T4R,2026-02-17,VAL,BULL,96.20999908447266,91.64,114.49,-1.0,1,0
PSUBNKIETF.NS,MBAG_V3C_90D_MULTI_REGIME_T4R,2026-02-17,VAL,BULL,96.20999908447266,91.64,114.49,-1.0,1,0
PSUBNKIETF.NS,MBAG_V3D_60D_CONVEX_RUNNER_T5R,2026-02-17,VAL,BULL,96.20999908447266,92.55,114.51,-1.0,1,0
PTC,MBAG_V1_CHAMP_BASE60_T3R,2026-04-09,VAL,BULL,2515.156958364351,2454.28,2697.79,-1.0,1,0
PTCIL,MBAG_V1_CHAMP_BASE60_T3R,2025-11-26,DEV,BULL,18135.0,16992.86,21561.42,-1.0,1,0
PTCIL,MBAG_V1_CHAMP_BASE60_T3R,2026-06-01,HOLDOUT,BULL,18489.0,17225.25,22280.25,-1.0,1,0
PTCIL,MBAG_V3A_40D_MICRO_SURGE_T3_5R,2026-06-01,HOLDOUT,BULL,18489.0,17579.1,21673.65,-1.0,1,0
PTCIL,MBAG_V3B_60D_VOLUME_ANOMALY_T4R,2026-06-01,HOLDOUT,BULL,18489.0,17579.1,22128.6,-1.0,1,0
PTCIL,MBAG_V3D_60D_CONVEX_RUNNER_T5R,2026-06-01,HOLDOUT,BULL,18489.0,17680.2,22533.0,-1.0,1,0
PTCIL,MBAG_V1_CHAMP_BASE60_T3R,2026-06-02,HOLDOUT,BULL,19380.0,17964.46,23626.62,-1.0,1,0
PTCIL,MBAG_V2A_CONVEX_CAT_90D_T4R,2026-06-02,HOLDOUT,BULL,19380.0,18247.57,23909.72,-1.0,1,0
PTCIL,MBAG_V3A_40D_MICRO_SURGE_T3_5R,2026-06-02,HOLDOUT,BULL,19380.0,18360.81,22947.16,-1.0,1,0
PTCIL,MBAG_V3B_60D_VOLUME_ANOMALY_T4R,2026-06-02,HOLDOUT,BULL,19380.0,18360.81,23456.76,-1.0,1,0
PTCIL,MBAG_V3C_90D_MULTI_REGIME_T4R,2026-06-02,HOLDOUT,BULL,19380.0,18247.57,23909.72,-1.0,1,0
PTCIL,MBAG_V3D_60D_CONVEX_RUNNER_T5R,2026-06-02,HOLDOUT,BULL,19380.0,18474.06,23909.7,-1.0,1,0
QPOWER,MBAG_V3A_40D_MICRO_SURGE_T3_5R,2026-02-17,VAL,BULL,874.9000244140625,787.66,1180.24,-1.0,1,0
QPOWER,MBAG_V3B_60D_VOLUME_ANOMALY_T4R,2026-02-17,VAL,BULL,874.9000244140625,787.66,1223.86,-1.0,1,0
QPOWER,MBAG_V3D_60D_CONVEX_RUNNER_T5R,2026-02-17,VAL,BULL,874.9000244140625,797.36,1262.6,-1.0,1,0
QPOWER,MBAG_V1_CHAMP_BASE60_T3R,2026-04-09,VAL,BULL,969.8499755859375,858.07,1305.19,3.0,0,1
QPOWER,MBAG_V2A_CONVEX_CAT_90D_T4R,2026-04-09,VAL,BULL,969.8499755859375,880.43,1327.53,4.0,0,1
QPOWER,MBAG_V3A_40D_MICRO_SURGE_T3_5R,2026-04-09,VAL,BULL,969.8499755859375,889.37,1251.53,3.5,0,1
QPOWER,MBAG_V3C_90D_MULTI_REGIME_T4R,2026-04-09,VAL,BULL,969.8499755859375,880.43,1327.53,4.0,0,1
QPOWER,MBAG_V3D_60D_CONVEX_RUNNER_T5R,2026-04-09,VAL,BULL,969.8499755859375,898.31,1327.55,5.0,0,1
QPOWER,MBAG_V1_CHAMP_BASE60_T3R,2026-04-15,VAL,BULL,1107.6500244140625,978.27,1495.79,0.84,0,0
QPOWER,MBAG_V2A_CONVEX_CAT_90D_T4R,2026-04-15,VAL,BULL,1107.6500244140625,1004.14,1521.69,-1.0,1,0
QPOWER,MBAG_V2B_EXPANSION_120D_T5R,2026-04-15,VAL,BULL,1107.6500244140625,1014.49,1573.45,-1.0,1,0
QPOWER,MBAG_V3A_40D_MICRO_SURGE_T3_5R,2026-04-15,VAL,BULL,1107.6500244140625,1014.49,1433.71,3.5,0,1
QPOWER,MBAG_V3B_60D_VOLUME_ANOMALY_T4R,2026-04-15,VAL,BULL,1107.6500244140625,1014.49,1480.29,-1.0,1,0
QPOWER,MBAG_V3C_90D_MULTI_REGIME_T4R,2026-04-15,VAL,BULL,1107.6500244140625,1004.14,1521.69,-1.0,1,0
QPOWER,MBAG_V3D_60D_CONVEX_RUNNER_T5R,2026-04-15,VAL,BULL,1107.6500244140625,1024.84,1521.7,-1.0,1,0
QPOWER,MBAG_V2A_CONVEX_CAT_90D_T4R,2026-04-17,VAL,BULL,1206.050048828125,1089.81,1671.01,-1.0,1,0
QPOWER,MBAG_V3A_40D_MICRO_SURGE_T3_5R,2026-04-17,VAL,BULL,1206.050048828125,1101.44,1572.19,-1.0,1,0
QPOWER,MBAG_V3C_90D_MULTI_REGIME_T4R,2026-04-17,VAL,BULL,1206.050048828125,1089.81,1671.01,-1.0,1,0
QPOWER,MBAG_V3D_60D_CONVEX_RUNNER_T5R,2026-04-17,VAL,BULL,1206.050048828125,1113.06,1671.0,-1.0,1,0
QUESS,MBAG_V3A_40D_MICRO_SURGE_T3_5R,2026-05-04,VAL,NEUTRAL,206.8441162109375,195.53,246.44,-1.0,1,0
QUESS,MBAG_V1_CHAMP_BASE60_T3R,2026-05-05,VAL,BULL,218.3577117919922,199.93,273.64,-1.0,1,0
QUESS,MBAG_V2A_CONVEX_CAT_90D_T4R,2026-05-05,VAL,BULL,218.3577117919922,203.62,277.31,-1.0,1,0
QUESS,MBAG_V3A_40D_MICRO_SURGE_T3_5R,2026-05-05,VAL,BULL,218.3577117919922,205.09,264.79,-1.0,1,0
QUESS,MBAG_V3B_60D_VOLUME_ANOMALY_T4R,2026-05-05,VAL,BULL,218.3577117919922,205.09,271.43,-1.0,1,0
QUESS,MBAG_V3C_90D_MULTI_REGIME_T4R,2026-05-05,VAL,BULL,218.3577117919922,203.62,277.31,-1.0,1,0
QUESS,MBAG_V3D_60D_CONVEX_RUNNER_T5R,2026-05-05,VAL,BULL,218.3577117919922,206.56,277.35,-1.0,1,0
QUESS,MBAG_V1_CHAMP_BASE60_T3R,2026-06-05,HOLDOUT,BULL,233.46693420410156,212.87,295.26,2.65,0,0
QUESS,MBAG_V2A_CONVEX_CAT_90D_T4R,2026-06-05,HOLDOUT,BULL,233.46693420410156,216.99,299.37,4.0,0,1
QUESS,MBAG_V2B_EXPANSION_120D_T5R,2026-06-05,HOLDOUT,BULL,233.46693420410156,218.64,307.6,5.0,0,1
QUESS,MBAG_V3A_40D_MICRO_SURGE_T3_5R,2026-06-05,HOLDOUT,BULL,233.46693420410156,218.64,285.36,3.5,0,1
QUESS,MBAG_V3B_60D_VOLUME_ANOMALY_T4R,2026-06-05,HOLDOUT,BULL,233.46693420410156,218.64,292.77,4.0,0,1
QUESS,MBAG_V3C_90D_MULTI_REGIME_T4R,2026-06-05,HOLDOUT,BULL,233.46693420410156,216.99,299.37,4.0,0,1
QUESS,MBAG_V3D_60D_CONVEX_RUNNER_T5R,2026-06-05,HOLDOUT,BULL,233.46693420410156,220.29,299.35,5.0,0,1
QUESS,MBAG_V1_CHAMP_BASE60_T3R,2026-06-30,HOLDOUT,BULL,265.0633544921875,245.34,324.23,1.79,0,0
QUESS,MBAG_V2A_CONVEX_CAT_90D_T4R,2026-06-30,HOLDOUT,BULL,265.0633544921875,249.28,328.2,4.0,0,1
QUESS,MBAG_V3C_90D_MULTI_REGIME_T4R,2026-06-30,HOLDOUT,BULL,265.0633544921875,249.28,328.2,4.0,0,1
QUESS,MBAG_V3D_60D_CONVEX_RUNNER_T5R,2026-06-30,HOLDOUT,BULL,265.0633544921875,252.44,328.18,5.0,0,1
RADICO,MBAG_V1_CHAMP_BASE60_T3R,2025-10-20,DEV,BULL,3254.699951171875,3075.13,3793.41,-0.14,0,0
RADICO,MBAG_V3A_40D_MICRO_SURGE_T3_5R,2025-10-20,DEV,BULL,3254.699951171875,3125.41,3707.21,-1.0,1,0
RADICO,MBAG_V3B_60D_VOLUME_ANOMALY_T4R,2025-10-20,DEV,BULL,3254.699951171875,3125.41,3771.86,-1.0,1,0
RADICO,MBAG_V3D_60D_CONVEX_RUNNER_T5R,2025-10-20,DEV,BULL,3254.699951171875,3139.77,3829.35,-1.0,1,0
RADICO,MBAG_V3A_40D_MICRO_SURGE_T3_5R,2026-04-16,VAL,BULL,3036.39990234375,2857.65,3662.02,3.5,0,1
RADICO,MBAG_V1_CHAMP_BASE60_T3R,2026-04-17,VAL,BULL,3186.89990234375,2920.06,3987.42,1.17,0,0
RADICO,MBAG_V3A_40D_MICRO_SURGE_T3_5R,2026-04-17,VAL,BULL,3186.89990234375,2994.78,3859.32,1.95,0,0
RADICO,MBAG_V3D_60D_CONVEX_RUNNER_T5R,2026-04-17,VAL,BULL,3186.89990234375,3016.12,4040.8,1.78,0,0
RADICO,MBAG_V1_CHAMP_BASE60_T3R,2026-04-20,VAL,BULL,3340.10009765625,3064.3,4167.5,0.48,0,0
RADICO,MBAG_V3A_40D_MICRO_SURGE_T3_5R,2026-04-20,VAL,BULL,3340.10009765625,3141.52,4035.13,1.0,0,0
RADICO,MBAG_V3D_60D_CONVEX_RUNNER_T5R,2026-04-20,VAL,BULL,3340.10009765625,3163.59,4222.65,-1.0,1,0
RADICO,MBAG_V1_CHAMP_BASE60_T3R,2026-05-19,VAL,BULL,3599.89990234375,3343.74,4368.38,-0.08,0,0
RADICO,MBAG_V1_CHAMP_BASE60_T3R,2026-06-18,HOLDOUT,BULL,3690.0,3490.48,4288.56,2.09,0,0
RADICO,MBAG_V2A_CONVEX_CAT_90D_T4R,2026-06-18,HOLDOUT,BULL,3690.0,3530.39,4328.44,4.0,0,1
RADICO,MBAG_V2B_EXPANSION_120D_T5R,2026-06-18,HOLDOUT,BULL,3690.0,3546.35,4408.25,5.0,0,1
RADICO,MBAG_V3A_40D_MICRO_SURGE_T3_5R,2026-06-18,HOLDOUT,BULL,3690.0,3546.35,4192.78,3.5,0,1
RADICO,MBAG_V3B_60D_VOLUME_ANOMALY_T4R,2026-06-18,HOLDOUT,BULL,3690.0,3546.35,4264.6,4.0,0,1
RADICO,MBAG_V3C_90D_MULTI_REGIME_T4R,2026-06-18,HOLDOUT,BULL,3690.0,3530.39,4328.44,4.0,0,1
RADICO,MBAG_V3D_60D_CONVEX_RUNNER_T5R,2026-06-18,HOLDOUT,BULL,3690.0,3562.31,4328.45,5.0,0,1
RADICO,MBAG_V1_CHAMP_BASE60_T3R,2026-06-19,HOLDOUT,BULL,3769.199951171875,3568.15,4372.35,1.63,0,0
RADICO,MBAG_V2A_CONVEX_CAT_90D_T4R,2026-06-19,HOLDOUT,BULL,3769.199951171875,3608.36,4412.56,4.0,0,1
RADICO,MBAG_V2B_EXPANSION_120D_T5R,2026-06-19,HOLDOUT,BULL,3769.199951171875,3624.44,4493.0,5.0,0,1
RADICO,MBAG_V3A_40D_MICRO_SURGE_T3_5R,2026-06-19,HOLDOUT,BULL,3769.199951171875,3624.44,4275.86,2.23,0,0
RADICO,MBAG_V3B_60D_VOLUME_ANOMALY_T4R,2026-06-19,HOLDOUT,BULL,3769.199951171875,3624.44,4348.24,4.0,0,1
RADICO,MBAG_V3C_90D_MULTI_REGIME_T4R,2026-06-19,HOLDOUT,BULL,3769.199951171875,3608.36,4412.56,4.0,0,1
RADICO,MBAG_V3D_60D_CONVEX_RUNNER_T5R,2026-06-19,HOLDOUT,BULL,3769.199951171875,3640.53,4412.55,5.0,0,1
RADICO,MBAG_V1_CHAMP_BASE60_T3R,2026-06-29,HOLDOUT,BULL,3876.89990234375,3685.01,4452.57,1.42,0,0
RADICO,MBAG_V2A_CONVEX_CAT_90D_T4R,2026-06-29,HOLDOUT,BULL,3876.89990234375,3723.39,4490.94,4.0,0,1
RADICO,MBAG_V3A_40D_MICRO_SURGE_T3_5R,2026-06-29,HOLDOUT,BULL,3876.89990234375,3738.74,4360.46,3.5,0,1
RADICO,MBAG_V3C_90D_MULTI_REGIME_T4R,2026-06-29,HOLDOUT,BULL,3876.89990234375,3723.39,4490.94,4.0,0,1
RADICO,MBAG_V3D_60D_CONVEX_RUNNER_T5R,2026-06-29,HOLDOUT,BULL,3876.89990234375,3754.09,4490.95,5.0,0,1
RADICO,MBAG_V1_CHAMP_BASE60_T3R,2026-06-30,HOLDOUT,BULL,3945.5,3739.86,4562.42,1.67,0,0
RADICO,MBAG_V2A_CONVEX_CAT_90D_T4R,2026-06-30,HOLDOUT,BULL,3945.5,3780.99,4603.54,3.64,0,0
RADICO,MBAG_V3C_90D_MULTI_REGIME_T4R,2026-06-30,HOLDOUT,BULL,3945.5,3780.99,4603.54,3.64,0,0
RADICO,MBAG_V3D_60D_CONVEX_RUNNER_T5R,2026-06-30,HOLDOUT,BULL,3945.5,3813.89,4603.55,5.0,0,1
RAILTEL,MBAG_V3A_40D_MICRO_SURGE_T3_5R,2025-12-26,DEV,BULL,376.9325256347656,348.6,476.1,-1.0,1,0
RAIN,MBAG_V1_CHAMP_BASE60_T3R,2026-06-04,HOLDOUT,BULL,1863.1837150439123,1823.6,1981.93,-1.0,1,0
RAINBOW,MBAG_V1_CHAMP_BASE60_T3R,2026-06-15,HOLDOUT,BULL,1415.2728271484375,1331.51,1666.56,0.77,0,0
RAINBOW,MBAG_V2A_CONVEX_CAT_90D_T4R,2026-06-15,HOLDOUT,BULL,1415.2728271484375,1348.26,1683.32,1.02,0,0
RAINBOW,MBAG_V2B_EXPANSION_120D_T5R,2026-06-15,HOLDOUT,BULL,1415.2728271484375,1354.96,1716.84,2.04,0,0
RAINBOW,MBAG_V3A_40D_MICRO_SURGE_T3_5R,2026-06-15,HOLDOUT,BULL,1415.2728271484375,1354.96,1626.37,1.22,0,0
RAINBOW,MBAG_V3B_60D_VOLUME_ANOMALY_T4R,2026-06-15,HOLDOUT,BULL,1415.2728271484375,1354.96,1656.52,1.13,0,0
RAINBOW,MBAG_V3C_90D_MULTI_REGIME_T4R,2026-06-15,HOLDOUT,BULL,1415.2728271484375,1348.26,1683.32,1.02,0,0
RAINBOW,MBAG_V3D_60D_CONVEX_RUNNER_T5R,2026-06-15,HOLDOUT,BULL,1415.2728271484375,1361.66,1683.34,2.43,0,0
RAINBOW,MBAG_V1_CHAMP_BASE60_T3R,2026-06-19,HOLDOUT,BULL,1467.3504638671875,1375.37,1743.29,0.25,0,0
RAINBOW,MBAG_V3C_90D_MULTI_REGIME_T4R,2026-06-19,HOLDOUT,BULL,1467.3504638671875,1393.77,1761.67,-1.0,1,0
RALLIS,MBAG_V1_CHAMP_BASE60_T3R,2025-08-06,DEV,BULL,2473.5553808716636,2423.23,2624.53,-1.0,1,0
RATEGAIN,MBAG_V1_CHAMP_BASE60_T3R,2026-05-11,VAL,BULL,658.0,595.46,845.62,1.4,0,0
RATEGAIN,MBAG_V2A_CONVEX_CAT_90D_T4R,2026-05-22,VAL,BULL,714.4500122070312,642.25,1003.25,3.14,0,0
RATEGAIN,MBAG_V3A_40D_MICRO_SURGE_T3_5R,2026-05-22,VAL,BULL,714.4500122070312,649.47,941.88,1.95,0,0
RATEGAIN,MBAG_V3B_60D_VOLUME_ANOMALY_T4R,2026-05-22,VAL,BULL,714.4500122070312,649.47,974.37,3.49,0,0
RATEGAIN,MBAG_V3C_90D_MULTI_REGIME_T4R,2026-05-22,VAL,BULL,714.4500122070312,642.25,1003.25,3.14,0,0
RATEGAIN,MBAG_V3D_60D_CONVEX_RUNNER_T5R,2026-05-22,VAL,BULL,714.4500122070312,656.69,1003.25,3.99,0,0
RATEGAIN,MBAG_V1_CHAMP_BASE60_T3R,2026-07-02,HOLDOUT,BULL,945.2000122070312,860.77,1198.49,-1.0,1,0
RATNAMANI,MBAG_V1_CHAMP_BASE60_T3R,2026-06-18,HOLDOUT,BULL,1440.806184505064,1407.77,1539.91,3.0,0,1
RATNAMANI,MBAG_V1_CHAMP_BASE60_T3R,2026-06-26,HOLDOUT,BULL,1532.84768270865,1498.79,1635.02,-1.0,1,0
RAYMONDLSL,MBAG_V1_CHAMP_BASE60_T3R,2025-11-04,DEV,BULL,545.2255375219063,533.38,580.76,0.27,0,0
RAYMONDLSL,MBAG_V1_CHAMP_BASE60_T3R,2025-11-10,DEV,BULL,558.221989486242,545.85,595.34,-1.0,1,0
RAYMONDLSL,MBAG_V1_CHAMP_BASE60_T3R,2026-06-25,HOLDOUT,BULL,621.5483007724662,606.61,666.36,-1.0,1,0
RAYMONDLSL,MBAG_V1_CHAMP_BASE60_T3R,2026-07-10,HOLDOUT,BULL,628.8949376034545,615.89,667.91,-1.0,1,0
RBA,MBAG_V3A_40D_MICRO_SURGE_T3_5R,2026-04-29,VAL,NEUTRAL,65.88999938964844,64.21,71.77,1.57,0,0
RBA,MBAG_V1_CHAMP_BASE60_T3R,2026-05-05,VAL,NEUTRAL,67.2300033569336,64.75,74.67,0.61,0,0
RBA,MBAG_V3D_60D_CONVEX_RUNNER_T5R,2026-05-05,VAL,NEUTRAL,67.2300033569336,65.64,75.18,5.0,0,1
RBA,MBAG_V1_CHAMP_BASE60_T3R,2026-05-06,VAL,NEUTRAL,67.4800033569336,64.85,75.37,0.2,0,0
RBA,MBAG_V3D_60D_CONVEX_RUNNER_T5R,2026-05-06,VAL,NEUTRAL,67.4800033569336,65.79,75.93,5.0,0,1
RBA,MBAG_V1_CHAMP_BASE60_T3R,2026-05-08,VAL,NEUTRAL,68.08999633789062,65.35,76.31,0.23,0,0
RBA,MBAG_V3A_40D_MICRO_SURGE_T3_5R,2026-05-08,VAL,NEUTRAL,68.08999633789062,66.12,74.98,-1.0,1,0
RBA,MBAG_V3B_60D_VOLUME_ANOMALY_T4R,2026-05-08,VAL,NEUTRAL,68.08999633789062,66.12,75.97,-1.0,1,0
RBA,MBAG_V3D_60D_CONVEX_RUNNER_T5R,2026-05-08,VAL,NEUTRAL,68.08999633789062,66.34,76.84,-1.0,1,0
RBA,MBAG_V1_CHAMP_BASE60_T3R,2026-05-27,VAL,BULL,69.06999969482422,66.01,78.25,3.0,0,1
RBA,MBAG_V1_CHAMP_BASE60_T3R,2026-06-18,HOLDOUT,BULL,69.69000244140625,67.24,77.04,3.0,0,1
RBA,MBAG_V2A_CONVEX_CAT_90D_T4R,2026-06-18,HOLDOUT,BULL,69.69000244140625,67.73,77.53,4.0,0,1
RBA,MBAG_V3A_40D_MICRO_SURGE_T3_5R,2026-06-18,HOLDOUT,BULL,69.69000244140625,67.92,75.89,3.5,0,1
RBA,MBAG_V3B_60D_VOLUME_ANOMALY_T4R,2026-06-18,HOLDOUT,BULL,69.69000244140625,67.92,76.77,4.0,0,1
RBA,MBAG_V3C_90D_MULTI_REGIME_T4R,2026-06-18,HOLDOUT,BULL,69.69000244140625,67.73,77.53,4.0,0,1
RBA,MBAG_V3D_60D_CONVEX_RUNNER_T5R,2026-06-18,HOLDOUT,BULL,69.69000244140625,68.12,77.54,5.0,0,1
RBA,MBAG_V1_CHAMP_BASE60_T3R,2026-06-19,HOLDOUT,BULL,73.66999816894531,69.8,85.28,-1.0,1,0
RBA,MBAG_V2A_CONVEX_CAT_90D_T4R,2026-06-19,HOLDOUT,BULL,73.66999816894531,70.58,86.03,-1.0,1,0
RBA,MBAG_V2B_EXPANSION_120D_T5R,2026-06-19,HOLDOUT,BULL,73.66999816894531,70.89,87.57,-1.0,1,0
RBA,MBAG_V3A_40D_MICRO_SURGE_T3_5R,2026-06-19,HOLDOUT,BULL,73.66999816894531,70.89,83.4,-1.0,1,0
RBA,MBAG_V3B_60D_VOLUME_ANOMALY_T4R,2026-06-19,HOLDOUT,BULL,73.66999816894531,70.89,84.79,-1.0,1,0
RBA,MBAG_V3C_90D_MULTI_REGIME_T4R,2026-06-19,HOLDOUT,BULL,73.66999816894531,70.58,86.03,-1.0,1,0
RBA,MBAG_V3D_60D_CONVEX_RUNNER_T5R,2026-06-19,HOLDOUT,BULL,73.66999816894531,71.2,86.02,-1.0,1,0
RBA,MBAG_V1_CHAMP_BASE60_T3R,2026-06-22,HOLDOUT,BULL,79.68000030517578,74.95,93.87,-1.0,1,0
RBA,MBAG_V2A_CONVEX_CAT_90D_T4R,2026-06-22,HOLDOUT,BULL,79.68000030517578,75.89,94.84,-1.0,1,0
RBA,MBAG_V2B_EXPANSION_120D_T5R,2026-06-22,HOLDOUT,BULL,79.68000030517578,76.27,96.73,-1.0,1,0
RBA,MBAG_V3A_40D_MICRO_SURGE_T3_5R,2026-06-22,HOLDOUT,BULL,79.68000030517578,76.27,91.62,-1.0,1,0
RBA,MBAG_V3B_60D_VOLUME_ANOMALY_T4R,2026-06-22,HOLDOUT,BULL,79.68000030517578,76.27,93.32,-1.0,1,0
RBA,MBAG_V3C_90D_MULTI_REGIME_T4R,2026-06-22,HOLDOUT,BULL,79.68000030517578,75.89,94.84,-1.0,1,0
RBA,MBAG_V3D_60D_CONVEX_RUNNER_T5R,2026-06-22,HOLDOUT,BULL,79.68000030517578,76.65,94.83,-1.0,1,0
RBLBANK,MBAG_V1_CHAMP_BASE60_T3R,2025-11-03,DEV,BULL,1900.668630339066,1853.23,2042.98,-1.0,1,0
RBLBANK,MBAG_V1_CHAMP_BASE60_T3R,2025-11-10,DEV,BULL,1955.360620501047,1914.8,2077.04,-1.0,1,0
RBLBANK,MBAG_V1_CHAMP_BASE60_T3R,2026-01-28,VAL,BULL,2254.9487466989954,2202.55,2412.14,1.0,0,0
RBLBANK,MBAG_V1_CHAMP_BASE60_T3R,2026-02-05,VAL,BULL,2332.2638959098267,2274.81,2504.63,-1.0,1,0
RBLBANK,MBAG_V1_CHAMP_BASE60_T3R,2026-02-10,VAL,BULL,2358.3762204832524,2308.84,2506.98,-1.0,1,0
RBLBANK,MBAG_V1_CHAMP_BASE60_T3R,2026-03-31,VAL,BULL,2408.0168387214017,2359.15,2554.62,3.0,0,1
RECLTD,MBAG_V3A_40D_MICRO_SURGE_T3_5R,2026-01-02,VAL,BULL,372.45794677734375,358.78,420.33,-1.0,1,0
RECLTD,MBAG_V3A_40D_MICRO_SURGE_T3_5R,2026-04-16,VAL,BULL,364.20001220703125,345.81,428.57,-1.0,1,0
REDINGTON,MBAG_V1_CHAMP_BASE60_T3R,2026-06-18,HOLDOUT,BULL,266.1058044433594,238.42,349.16,0.36,0,0
REDINGTON,MBAG_V3A_40D_MICRO_SURGE_T3_5R,2026-06-18,HOLDOUT,BULL,266.1058044433594,246.17,335.88,-0.2,0,0
REDINGTON,MBAG_V3B_60D_VOLUME_ANOMALY_T4R,2026-06-18,HOLDOUT,BULL,266.1058044433594,246.17,345.85,2.25,0,0
REDINGTON,MBAG_V3D_60D_CONVEX_RUNNER_T5R,2026-06-18,HOLDOUT,BULL,266.1058044433594,248.39,354.68,5.0,0,1
REDINGTON,MBAG_V1_CHAMP_BASE60_T3R,2026-06-19,HOLDOUT,BULL,274.7264709472656,246.51,359.38,0.01,0,0
REDINGTON,MBAG_V3A_40D_MICRO_SURGE_T3_5R,2026-06-19,HOLDOUT,BULL,274.7264709472656,254.41,345.83,-0.77,0,0
REDINGTON,MBAG_V3B_60D_VOLUME_ANOMALY_T4R,2026-06-19,HOLDOUT,BULL,274.7264709472656,254.41,355.99,2.31,0,0
REDINGTON,MBAG_V3D_60D_CONVEX_RUNNER_T5R,2026-06-19,HOLDOUT,BULL,274.7264709472656,256.67,365.01,-1.0,1,0
REFEX,MBAG_V1_CHAMP_BASE60_T3R,2026-04-09,VAL,BULL,1353.5828158543034,1325.11,1439.0,-1.0,1,0
RELAXO,MBAG_V3A_40D_MICRO_SURGE_T3_5R,2026-05-29,VAL,BEAR,345.29998779296875,324.4,418.45,-1.0,1,0
RELAXO,MBAG_V1_CHAMP_BASE60_T3R,2026-06-25,HOLDOUT,BULL,413.54998779296875,369.66,545.22,-1.0,1,0
RELAXO,MBAG_V2A_CONVEX_CAT_90D_T4R,2026-06-25,HOLDOUT,BULL,413.54998779296875,378.44,553.99,-1.0,1,0
RELAXO,MBAG_V2B_EXPANSION_120D_T5R,2026-06-25,HOLDOUT,BULL,413.54998779296875,381.95,571.55,-1.0,1,0
RELAXO,MBAG_V3A_40D_MICRO_SURGE_T3_5R,2026-06-25,HOLDOUT,BULL,413.54998779296875,381.95,524.15,-1.0,1,0
RELAXO,MBAG_V3B_60D_VOLUME_ANOMALY_T4R,2026-06-25,HOLDOUT,BULL,413.54998779296875,381.95,539.95,-1.0,1,0
RELAXO,MBAG_V3C_90D_MULTI_REGIME_T4R,2026-06-25,HOLDOUT,BULL,413.54998779296875,378.44,553.99,-1.0,1,0
RELAXO,MBAG_V3D_60D_CONVEX_RUNNER_T5R,2026-06-25,HOLDOUT,BULL,413.54998779296875,385.46,554.0,-1.0,1,0
RELIANCE,MBAG_V1_CHAMP_BASE60_T3R,2025-11-20,DEV,BULL,1541.9705810546875,1494.87,1683.27,-0.1,0,0
RELIGARE,MBAG_V1_CHAMP_BASE60_T3R,2026-06-22,HOLDOUT,BULL,265.5299987792969,245.55,325.47,-0.43,0,0
RELIGARE,MBAG_V3A_40D_MICRO_SURGE_T3_5R,2026-06-22,HOLDOUT,BULL,265.5299987792969,251.14,315.89,-1.0,1,0
RELIGARE,MBAG_V3D_60D_CONVEX_RUNNER_T5R,2026-06-22,HOLDOUT,BULL,265.5299987792969,252.74,329.48,-1.0,1,0
RELIGARE,MBAG_V1_CHAMP_BASE60_T3R,2026-06-23,HOLDOUT,BULL,271.6000061035156,251.41,332.17,-0.76,0,0
RELIGARE,MBAG_V2A_CONVEX_CAT_90D_T4R,2026-06-23,HOLDOUT,BULL,271.6000061035156,255.45,336.2,-1.0,1,0
RELIGARE,MBAG_V3C_90D_MULTI_REGIME_T4R,2026-06-23,HOLDOUT,BULL,271.6000061035156,255.45,336.2,-1.0,1,0
RELIGARE,MBAG_V3D_60D_CONVEX_RUNNER_T5R,2026-06-23,HOLDOUT,BULL,271.6000061035156,258.68,336.2,-1.0,1,0
RELIGARE,MBAG_V1_CHAMP_BASE60_T3R,2026-06-24,HOLDOUT,BULL,278.3599853515625,257.07,342.23,-1.0,1,0
RELTD,MBAG_V3D_60D_CONVEX_RUNNER_T5R,2026-06-19,HOLDOUT,BULL,170.75,151.59,266.55,-0.18,0,0
RHIM,MBAG_V1_CHAMP_BASE60_T3R,2025-09-24,DEV,BULL,1139.6165052627648,1116.61,1208.64,3.0,0,1
RHIM,MBAG_V1_CHAMP_BASE60_T3R,2025-10-21,DEV,BULL,1312.0480726478306,1283.4,1397.99,-1.0,1,0
RHIM,MBAG_V1_CHAMP_BASE60_T3R,2026-02-13,VAL,BULL,1343.027903952527,1311.96,1436.23,2.19,0,0
RHIM,MBAG_V1_CHAMP_BASE60_T3R,2026-03-18,VAL,BULL,1438.0938641712648,1404.03,1540.29,0.55,0,0
RHIM,MBAG_V1_CHAMP_BASE60_T3R,2026-03-27,VAL,BULL,1470.7841267029473,1433.98,1581.2,-1.0,1,0
RISHABH,MBAG_V3A_40D_MICRO_SURGE_T3_5R,2025-11-19,DEV,BULL,449.95001220703125,418.87,558.73,-1.0,1,0
RISHABH,MBAG_V2A_CONVEX_CAT_90D_T4R,2026-04-22,VAL,BULL,504.04998779296875,444.79,741.09,0.17,0,0
RISHABH,MBAG_V2B_EXPANSION_120D_T5R,2026-04-22,VAL,BULL,504.04998779296875,450.71,770.75,1.32,0,0
RISHABH,MBAG_V3A_40D_MICRO_SURGE_T3_5R,2026-04-22,VAL,BULL,504.04998779296875,450.71,690.74,0.92,0,0
RISHABH,MBAG_V3B_60D_VOLUME_ANOMALY_T4R,2026-04-22,VAL,BULL,504.04998779296875,450.71,717.41,0.19,0,0
RISHABH,MBAG_V3C_90D_MULTI_REGIME_T4R,2026-04-22,VAL,BULL,504.04998779296875,444.79,741.09,0.17,0,0
RISHABH,MBAG_V3D_60D_CONVEX_RUNNER_T5R,2026-04-22,VAL,BULL,504.04998779296875,456.64,741.1,-1.0,1,0
RISHABH,MBAG_V1_CHAMP_BASE60_T3R,2026-05-08,VAL,BULL,527.1500244140625,464.54,714.98,-1.0,1,0
RISHABH,MBAG_V3C_90D_MULTI_REGIME_T4R,2026-05-08,VAL,BULL,527.1500244140625,477.06,727.51,-1.0,1,0
RISHABH,MBAG_V2A_CONVEX_CAT_90D_T4R,2026-05-25,VAL,BULL,549.9000244140625,483.93,813.78,1.53,0,0
RISHABH,MBAG_V3A_40D_MICRO_SURGE_T3_5R,2026-05-25,VAL,BULL,549.9000244140625,490.53,757.7,-1.0,1,0
RISHABH,MBAG_V3C_90D_MULTI_REGIME_T4R,2026-05-25,VAL,BULL,549.9000244140625,483.93,813.78,1.53,0,0
RISHABH,MBAG_V3D_60D_CONVEX_RUNNER_T5R,2026-05-25,VAL,BULL,549.9000244140625,497.12,813.8,-1.0,1,0
RITES,MBAG_V1_CHAMP_BASE60_T3R,2026-07-01,HOLDOUT,BULL,233.19000244140625,215.44,286.44,-1.0,1,0
RITES,MBAG_V2A_CONVEX_CAT_90D_T4R,2026-07-01,HOLDOUT,BULL,233.19000244140625,218.99,289.99,-1.0,1,0
RITES,MBAG_V3A_40D_MICRO_SURGE_T3_5R,2026-07-01,HOLDOUT,BULL,233.19000244140625,220.41,277.92,-1.0,1,0
RITES,MBAG_V3B_60D_VOLUME_ANOMALY_T4R,2026-07-01,HOLDOUT,BULL,233.19000244140625,220.41,284.31,-1.0,1,0
RITES,MBAG_V3C_90D_MULTI_REGIME_T4R,2026-07-01,HOLDOUT,BULL,233.19000244140625,218.99,289.99,-1.0,1,0
RITES,MBAG_V3D_60D_CONVEX_RUNNER_T5R,2026-07-01,HOLDOUT,BULL,233.19000244140625,221.83,289.99,-1.0,1,0
ROLEXRINGS,MBAG_V1_CHAMP_BASE60_T3R,2026-02-11,VAL,BULL,144.77999877929688,129.09,191.85,-1.0,1,0
ROLEXRINGS,MBAG_V2A_CONVEX_CAT_90D_T4R,2026-02-11,VAL,BULL,144.77999877929688,132.23,194.98,-1.0,1,0
ROLEXRINGS,MBAG_V3A_40D_MICRO_SURGE_T3_5R,2026-02-11,VAL,BULL,144.77999877929688,133.48,184.33,-1.0,1,0
ROLEXRINGS,MBAG_V3B_60D_VOLUME_ANOMALY_T4R,2026-02-11,VAL,BULL,144.77999877929688,133.48,189.98,-1.0,1,0
ROLEXRINGS,MBAG_V3C_90D_MULTI_REGIME_T4R,2026-02-11,VAL,BULL,144.77999877929688,132.23,194.98,-1.0,1,0
ROLEXRINGS,MBAG_V3D_60D_CONVEX_RUNNER_T5R,2026-02-11,VAL,BULL,144.77999877929688,134.74,194.98,-1.0,1,0
ROLEXRINGS,MBAG_V1_CHAMP_BASE60_T3R,2026-04-21,VAL,BULL,161.75999450683594,146.34,208.02,-1.0,1,0
ROLEXRINGS,MBAG_V2A_CONVEX_CAT_90D_T4R,2026-04-21,VAL,BULL,161.75999450683594,149.43,211.08,-1.0,1,0
ROLEXRINGS,MBAG_V2B_EXPANSION_120D_T5R,2026-04-21,VAL,BULL,161.75999450683594,150.66,217.26,-1.0,1,0
ROLEXRINGS,MBAG_V3A_40D_MICRO_SURGE_T3_5R,2026-04-21,VAL,BULL,161.75999450683594,150.66,200.61,-1.0,1,0
ROLEXRINGS,MBAG_V3B_60D_VOLUME_ANOMALY_T4R,2026-04-21,VAL,BULL,161.75999450683594,150.66,206.16,-1.0,1,0
ROLEXRINGS,MBAG_V3C_90D_MULTI_REGIME_T4R,2026-04-21,VAL,BULL,161.75999450683594,149.43,211.08,-1.0,1,0
ROLEXRINGS,MBAG_V3D_60D_CONVEX_RUNNER_T5R,2026-04-21,VAL,BULL,161.75999450683594,151.89,211.11,-1.0,1,0
RPEL,MBAG_V3A_40D_MICRO_SURGE_T3_5R,2025-10-07,DEV,BULL,716.5972290039062,671.82,873.32,3.5,0,1
RPEL,MBAG_V1_CHAMP_BASE60_T3R,2025-10-31,DEV,BULL,780.9930419921875,708.42,998.71,3.0,0,1
RPEL,MBAG_V2A_CONVEX_CAT_90D_T4R,2025-10-31,DEV,BULL,780.9930419921875,722.93,1013.25,4.0,0,1
RPEL,MBAG_V2B_EXPANSION_120D_T5R,2025-10-31,DEV,BULL,780.9930419921875,728.74,1042.26,5.0,0,1
RPEL,MBAG_V3A_40D_MICRO_SURGE_T3_5R,2025-10-31,DEV,BULL,780.9930419921875,728.74,963.88,3.5,0,1
RPEL,MBAG_V3B_60D_VOLUME_ANOMALY_T4R,2025-10-31,DEV,BULL,780.9930419921875,728.74,990.01,4.0,0,1
RPEL,MBAG_V3C_90D_MULTI_REGIME_T4R,2025-10-31,DEV,BULL,780.9930419921875,722.93,1013.25,4.0,0,1
RPEL,MBAG_V3D_60D_CONVEX_RUNNER_T5R,2025-10-31,DEV,BULL,780.9930419921875,734.55,1013.21,5.0,0,1
RPEL,MBAG_V1_CHAMP_BASE60_T3R,2025-11-03,DEV,BULL,875.4136352539062,777.5,1169.15,1.78,0,0
RPEL,MBAG_V2A_CONVEX_CAT_90D_T4R,2025-11-03,DEV,BULL,875.4136352539062,797.09,1188.71,1.09,0,0
RPEL,MBAG_V2B_EXPANSION_120D_T5R,2025-11-03,DEV,BULL,875.4136352539062,804.92,1227.88,1.06,0,0
RPEL,MBAG_V3A_40D_MICRO_SURGE_T3_5R,2025-11-03,DEV,BULL,875.4136352539062,804.92,1122.14,0.97,0,0
RPEL,MBAG_V3B_60D_VOLUME_ANOMALY_T4R,2025-11-03,DEV,BULL,875.4136352539062,804.92,1157.39,1.21,0,0
RPEL,MBAG_V3C_90D_MULTI_REGIME_T4R,2025-11-03,DEV,BULL,875.4136352539062,797.09,1188.71,1.09,0,0
RPEL,MBAG_V3D_60D_CONVEX_RUNNER_T5R,2025-11-03,DEV,BULL,875.4136352539062,812.75,1188.73,2.05,0,0
RPEL,MBAG_V2A_CONVEX_CAT_90D_T4R,2025-11-10,DEV,BULL,996.9613647460938,895.68,1402.09,-0.37,0,0
RPEL,MBAG_V2B_EXPANSION_120D_T5R,2025-11-10,DEV,BULL,996.9613647460938,905.81,1452.72,-0.74,0,0
RPEL,MBAG_V3A_40D_MICRO_SURGE_T3_5R,2025-11-10,DEV,BULL,996.9613647460938,905.81,1315.99,-0.31,0,0
RPEL,MBAG_V3B_60D_VOLUME_ANOMALY_T4R,2025-11-10,DEV,BULL,996.9613647460938,905.81,1361.57,-0.41,0,0
RPEL,MBAG_V3C_90D_MULTI_REGIME_T4R,2025-11-10,DEV,BULL,996.9613647460938,895.68,1402.09,-0.37,0,0
RPEL,MBAG_V3D_60D_CONVEX_RUNNER_T5R,2025-11-10,DEV,BULL,996.9613647460938,915.94,1402.07,-1.0,1,0
RRKABEL,MBAG_V3A_40D_MICRO_SURGE_T3_5R,2025-10-28,DEV,BULL,1396.3643798828125,1329.12,1631.72,-1.0,1,0
RRKABEL,MBAG_V1_CHAMP_BASE60_T3R,2025-12-22,DEV,BULL,1528.8460693359375,1422.74,1847.16,-1.0,1,0
RRKABEL,MBAG_V2A_CONVEX_CAT_90D_T4R,2025-12-22,DEV,BULL,1528.8460693359375,1443.96,1868.39,-1.0,1,0
RRKABEL,MBAG_V3A_40D_MICRO_SURGE_T3_5R,2025-12-22,DEV,BULL,1528.8460693359375,1452.45,1796.23,-1.0,1,0
RRKABEL,MBAG_V3B_60D_VOLUME_ANOMALY_T4R,2025-12-22,DEV,BULL,1528.8460693359375,1452.45,1834.43,-1.0,1,0
RRKABEL,MBAG_V3C_90D_MULTI_REGIME_T4R,2025-12-22,DEV,BULL,1528.8460693359375,1443.96,1868.39,-1.0,1,0
RRKABEL,MBAG_V3D_60D_CONVEX_RUNNER_T5R,2025-12-22,DEV,BULL,1528.8460693359375,1460.94,1868.38,-1.0,1,0
RRKABEL,MBAG_V3A_40D_MICRO_SURGE_T3_5R,2026-02-27,VAL,BULL,1558.6708984375,1475.62,1849.35,-1.0,1,0
RRKABEL,MBAG_V1_CHAMP_BASE60_T3R,2026-04-28,VAL,BULL,1604.954345703125,1464.26,2027.04,3.0,0,1
RRKABEL,MBAG_V2A_CONVEX_CAT_90D_T4R,2026-04-28,VAL,BULL,1604.954345703125,1492.4,2055.17,4.0,0,1
RRKABEL,MBAG_V2B_EXPANSION_120D_T5R,2026-04-28,VAL,BULL,1604.954345703125,1503.65,2111.48,5.0,0,1
RRKABEL,MBAG_V3A_40D_MICRO_SURGE_T3_5R,2026-04-28,VAL,BULL,1604.954345703125,1503.65,1959.52,3.5,0,1
RRKABEL,MBAG_V3B_60D_VOLUME_ANOMALY_T4R,2026-04-28,VAL,BULL,1604.954345703125,1503.65,2010.17,4.0,0,1
RRKABEL,MBAG_V3C_90D_MULTI_REGIME_T4R,2026-04-28,VAL,BULL,1604.954345703125,1492.4,2055.17,4.0,0,1
RRKABEL,MBAG_V3D_60D_CONVEX_RUNNER_T5R,2026-04-28,VAL,BULL,1604.954345703125,1514.91,2055.18,5.0,0,1
RRKABEL,MBAG_V1_CHAMP_BASE60_T3R,2026-04-29,VAL,BULL,1622.510009765625,1485.91,2032.31,3.0,0,1
RRKABEL,MBAG_V2A_CONVEX_CAT_90D_T4R,2026-04-29,VAL,BULL,1622.510009765625,1513.23,2059.63,4.0,0,1
RRKABEL,MBAG_V2B_EXPANSION_120D_T5R,2026-04-29,VAL,BULL,1622.510009765625,1524.16,2114.26,-1.0,1,0
RRKABEL,MBAG_V3A_40D_MICRO_SURGE_T3_5R,2026-04-29,VAL,BULL,1622.510009765625,1524.16,1966.74,-1.0,1,0
RRKABEL,MBAG_V3B_60D_VOLUME_ANOMALY_T4R,2026-04-29,VAL,BULL,1622.510009765625,1524.16,2015.91,-1.0,1,0
RRKABEL,MBAG_V3C_90D_MULTI_REGIME_T4R,2026-04-29,VAL,BULL,1622.510009765625,1513.23,2059.63,4.0,0,1
RRKABEL,MBAG_V3D_60D_CONVEX_RUNNER_T5R,2026-04-29,VAL,BULL,1622.510009765625,1535.08,2059.66,-1.0,1,0
RRKABEL,MBAG_V1_CHAMP_BASE60_T3R,2026-05-04,VAL,BULL,1770.736328125,1601.7,2277.85,1.49,0,0
RRKABEL,MBAG_V2A_CONVEX_CAT_90D_T4R,2026-05-04,VAL,BULL,1770.736328125,1635.51,2311.64,3.04,0,0
RRKABEL,MBAG_V2B_EXPANSION_120D_T5R,2026-05-04,VAL,BULL,1770.736328125,1649.03,2379.27,5.0,0,1
RRKABEL,MBAG_V3A_40D_MICRO_SURGE_T3_5R,2026-05-04,VAL,BULL,1770.736328125,1649.03,2196.71,3.5,0,1
RRKABEL,MBAG_V3B_60D_VOLUME_ANOMALY_T4R,2026-05-04,VAL,BULL,1770.736328125,1649.03,2257.56,3.38,0,0
RRKABEL,MBAG_V3C_90D_MULTI_REGIME_T4R,2026-05-04,VAL,BULL,1770.736328125,1635.51,2311.64,3.04,0,0
RRKABEL,MBAG_V3D_60D_CONVEX_RUNNER_T5R,2026-05-04,VAL,BULL,1770.736328125,1662.55,2311.67,5.0,0,1
RRKABEL,MBAG_V1_CHAMP_BASE60_T3R,2026-05-07,VAL,BULL,1922.1546630859375,1735.71,2481.49,1.58,0,0
RRKABEL,MBAG_V1_CHAMP_BASE60_T3R,2026-05-29,VAL,BULL,2051.129638671875,1856.74,2634.3,2.25,0,0
RRKABEL,MBAG_V1_CHAMP_BASE60_T3R,2026-06-03,HOLDOUT,BULL,2150.47900390625,1944.09,2769.65,1.12,0,0
RRKABEL,MBAG_V2A_CONVEX_CAT_90D_T4R,2026-06-03,HOLDOUT,BULL,2150.47900390625,1985.37,2810.92,0.85,0,0
RRKABEL,MBAG_V3C_90D_MULTI_REGIME_T4R,2026-06-03,HOLDOUT,BULL,2150.47900390625,1985.37,2810.92,0.85,0,0
RRKABEL,MBAG_V3D_60D_CONVEX_RUNNER_T5R,2026-06-03,HOLDOUT,BULL,2150.47900390625,2018.39,2810.92,2.13,0,0
RRKABEL,MBAG_V1_CHAMP_BASE60_T3R,2026-06-04,HOLDOUT,BULL,2217.410400390625,2008.08,2845.4,0.84,0,0
RRKABEL,MBAG_V1_CHAMP_BASE60_T3R,2026-06-18,HOLDOUT,BULL,2296.199951171875,2057.76,3011.52,0.45,0,0
RRKABEL,MBAG_V2A_CONVEX_CAT_90D_T4R,2026-06-18,HOLDOUT,BULL,2296.199951171875,2105.45,3059.2,1.39,0,0
RRKABEL,MBAG_V3A_40D_MICRO_SURGE_T3_5R,2026-06-18,HOLDOUT,BULL,2296.199951171875,2124.53,2897.04,0.48,0,0
RRKABEL,MBAG_V3C_90D_MULTI_REGIME_T4R,2026-06-18,HOLDOUT,BULL,2296.199951171875,2105.45,3059.2,1.39,0,0
RRKABEL,MBAG_V3D_60D_CONVEX_RUNNER_T5R,2026-06-18,HOLDOUT,BULL,2296.199951171875,2143.6,3059.2,3.07,0,0
SAATVIKGL,MBAG_V1_CHAMP_BASE60_T3R,2026-04-10,VAL,BULL,461.6000061035156,411.57,611.69,0.17,0,0
SAATVIKGL,MBAG_V2A_CONVEX_CAT_90D_T4R,2026-04-10,VAL,BULL,461.6000061035156,421.58,621.68,-1.0,1,0
SAATVIKGL,MBAG_V3A_40D_MICRO_SURGE_T3_5R,2026-04-10,VAL,BULL,461.6000061035156,425.58,587.67,-0.7,0,0
SAATVIKGL,MBAG_V3B_60D_VOLUME_ANOMALY_T4R,2026-04-10,VAL,BULL,461.6000061035156,425.58,605.68,-1.0,1,0
SAATVIKGL,MBAG_V3C_90D_MULTI_REGIME_T4R,2026-04-10,VAL,BULL,461.6000061035156,421.58,621.68,-1.0,1,0
SAATVIKGL,MBAG_V3D_60D_CONVEX_RUNNER_T5R,2026-04-10,VAL,BULL,461.6000061035156,429.58,621.7,-1.0,1,0
SAFARI,MBAG_V1_CHAMP_BASE60_T3R,2025-09-12,DEV,BULL,1403.6687807017493,1372.34,1497.66,-1.0,1,0
SAFARI,MBAG_V1_CHAMP_BASE60_T3R,2026-05-04,VAL,BULL,1318.2244510108203,1290.63,1401.01,-1.0,1,0
SAIL,MBAG_V1_CHAMP_BASE60_T3R,2025-12-31,DEV,BULL,146.99000549316406,137.66,174.98,1.09,0,0
SAIL,MBAG_V2A_CONVEX_CAT_90D_T4R,2025-12-31,DEV,BULL,146.99000549316406,139.52,176.87,1.79,0,0
SAIL,MBAG_V3A_40D_MICRO_SURGE_T3_5R,2025-12-31,DEV,BULL,146.99000549316406,140.27,170.51,1.71,0,0
SAIL,MBAG_V3B_60D_VOLUME_ANOMALY_T4R,2025-12-31,DEV,BULL,146.99000549316406,140.27,173.87,1.99,0,0
SAIL,MBAG_V3C_90D_MULTI_REGIME_T4R,2025-12-31,DEV,BULL,146.99000549316406,139.52,176.87,1.79,0,0
SAIL,MBAG_V3D_60D_CONVEX_RUNNER_T5R,2025-12-31,DEV,BULL,146.99000549316406,141.02,176.84,1.48,0,0
SAIL,MBAG_V1_CHAMP_BASE60_T3R,2026-02-25,VAL,BULL,164.92999267578125,152.46,202.34,-1.0,1,0
SAIL,MBAG_V2A_CONVEX_CAT_90D_T4R,2026-02-25,VAL,BULL,164.92999267578125,154.95,204.85,-1.0,1,0
SAIL,MBAG_V2B_EXPANSION_120D_T5R,2026-02-25,VAL,BULL,164.92999267578125,155.95,209.83,-1.0,1,0
SAIL,MBAG_V3A_40D_MICRO_SURGE_T3_5R,2026-02-25,VAL,BULL,164.92999267578125,155.95,196.36,-1.0,1,0
SAIL,MBAG_V3B_60D_VOLUME_ANOMALY_T4R,2026-02-25,VAL,BULL,164.92999267578125,155.95,200.85,-1.0,1,0
SAIL,MBAG_V3C_90D_MULTI_REGIME_T4R,2026-02-25,VAL,BULL,164.92999267578125,154.95,204.85,-1.0,1,0
SAIL,MBAG_V3D_60D_CONVEX_RUNNER_T5R,2026-02-25,VAL,BULL,164.92999267578125,156.95,204.83,-1.0,1,0
SAIL,MBAG_V1_CHAMP_BASE60_T3R,2026-04-27,VAL,BULL,184.1999969482422,171.52,222.24,1.11,0,0
SAIL,MBAG_V1_CHAMP_BASE60_T3R,2026-05-13,VAL,BULL,201.30999755859375,186.43,245.95,-1.0,1,0
SAIL,MBAG_V2A_CONVEX_CAT_90D_T4R,2026-05-13,VAL,BULL,201.30999755859375,189.41,248.91,-1.0,1,0
SAIL,MBAG_V2B_EXPANSION_120D_T5R,2026-05-13,VAL,BULL,201.30999755859375,190.6,254.86,-1.0,1,0
SAIL,MBAG_V3A_40D_MICRO_SURGE_T3_5R,2026-05-13,VAL,BULL,201.30999755859375,190.6,238.79,-1.0,1,0
SAIL,MBAG_V3B_60D_VOLUME_ANOMALY_T4R,2026-05-13,VAL,BULL,201.30999755859375,190.6,244.15,-1.0,1,0
SAIL,MBAG_V3C_90D_MULTI_REGIME_T4R,2026-05-13,VAL,BULL,201.30999755859375,189.41,248.91,-1.0,1,0
SAIL,MBAG_V3D_60D_CONVEX_RUNNER_T5R,2026-05-13,VAL,BULL,201.30999755859375,191.79,248.91,-1.0,1,0
SAILIFE,MBAG_V1_CHAMP_BASE60_T3R,2025-09-19,DEV,BULL,857.6179018815271,836.39,921.3,3.0,0,1
SAILIFE,MBAG_V1_CHAMP_BASE60_T3R,2026-06-10,HOLDOUT,BULL,1046.4751822795413,1021.98,1119.96,3.0,0,1
SAILIFE,MBAG_V1_CHAMP_BASE60_T3R,2026-06-18,HOLDOUT,BULL,1077.8492992395782,1054.29,1148.53,1.04,0,0
SAILIFE,MBAG_V1_CHAMP_BASE60_T3R,2026-06-19,HOLDOUT,BULL,1091.4072753647406,1069.39,1157.46,1.27,0,0
SAKSOFT,MBAG_V1_CHAMP_BASE60_T3R,2026-06-25,HOLDOUT,BEAR,160.4499969482422,146.16,203.32,3.0,0,1
SAKSOFT,MBAG_V3A_40D_MICRO_SURGE_T3_5R,2026-06-25,HOLDOUT,BEAR,160.4499969482422,150.16,196.46,3.5,0,1
SAKSOFT,MBAG_V3B_60D_VOLUME_ANOMALY_T4R,2026-06-25,HOLDOUT,BEAR,160.4499969482422,150.16,201.61,4.0,0,1
SAKSOFT,MBAG_V3D_60D_CONVEX_RUNNER_T5R,2026-06-25,HOLDOUT,BEAR,160.4499969482422,151.3,206.2,5.0,0,1
SAKSOFT,MBAG_V1_CHAMP_BASE60_T3R,2026-06-29,HOLDOUT,BULL,183.77000427246094,166.03,236.99,-1.0,1,0
SAKSOFT,MBAG_V2A_CONVEX_CAT_90D_T4R,2026-06-29,HOLDOUT,BULL,183.77000427246094,169.58,240.53,-1.0,1,0
SAKSOFT,MBAG_V3A_40D_MICRO_SURGE_T3_5R,2026-06-29,HOLDOUT,BULL,183.77000427246094,171.0,228.47,-1.0,1,0
SAKSOFT,MBAG_V3B_60D_VOLUME_ANOMALY_T4R,2026-06-29,HOLDOUT,BULL,183.77000427246094,171.0,234.85,-1.0,1,0
SAKSOFT,MBAG_V3C_90D_MULTI_REGIME_T4R,2026-06-29,HOLDOUT,BULL,183.77000427246094,169.58,240.53,-1.0,1,0
SAKSOFT,MBAG_V3D_60D_CONVEX_RUNNER_T5R,2026-06-29,HOLDOUT,BULL,183.77000427246094,172.41,240.57,-1.0,1,0
SAKSOFT,MBAG_V1_CHAMP_BASE60_T3R,2026-06-30,HOLDOUT,BULL,206.7100067138672,185.32,270.88,-1.0,1,0
SAKSOFT,MBAG_V2A_CONVEX_CAT_90D_T4R,2026-06-30,HOLDOUT,BULL,206.7100067138672,189.6,275.15,-1.0,1,0
SAKSOFT,MBAG_V2B_EXPANSION_120D_T5R,2026-06-30,HOLDOUT,BULL,206.7100067138672,191.31,283.71,-1.0,1,0
SAKSOFT,MBAG_V3A_40D_MICRO_SURGE_T3_5R,2026-06-30,HOLDOUT,BULL,206.7100067138672,191.31,260.61,-1.0,1,0
SAKSOFT,MBAG_V3B_60D_VOLUME_ANOMALY_T4R,2026-06-30,HOLDOUT,BULL,206.7100067138672,191.31,268.31,-1.0,1,0
SAKSOFT,MBAG_V3C_90D_MULTI_REGIME_T4R,2026-06-30,HOLDOUT,BULL,206.7100067138672,189.6,275.15,-1.0,1,0
SAKSOFT,MBAG_V3D_60D_CONVEX_RUNNER_T5R,2026-06-30,HOLDOUT,BULL,206.7100067138672,193.02,275.16,-1.0,1,0
SAMHI,MBAG_V1_CHAMP_BASE60_T3R,2025-07-30,DEV,BULL,761.7760423875447,745.23,811.41,-1.0,1,0
SAMHI,MBAG_V1_CHAMP_BASE60_T3R,2025-08-05,DEV,BULL,769.185285874551,752.43,819.45,-1.0,1,0
SAMHI,MBAG_V1_CHAMP_BASE60_T3R,2025-12-10,DEV,BULL,819.9045012477186,803.05,870.47,-1.0,1,0
SAMMAANCAP,MBAG_V1_CHAMP_BASE60_T3R,2025-10-23,DEV,BULL,2156.7972020888174,2110.48,2295.75,3.0,0,1
SAMMAANCAP,MBAG_V1_CHAMP_BASE60_T3R,2025-10-28,DEV,BULL,2204.6979270878173,2156.54,2349.17,3.0,0,1
SANDHAR,MBAG_V3A_40D_MICRO_SURGE_T3_5R,2026-05-07,VAL,BULL,528.2999877929688,498.44,632.81,-1.0,1,0
SANDHAR,MBAG_V1_CHAMP_BASE60_T3R,2026-05-21,VAL,BULL,586.2000122070312,520.35,783.75,1.65,0,0
SANDHAR,MBAG_V3A_40D_MICRO_SURGE_T3_5R,2026-05-21,VAL,BULL,586.2000122070312,538.79,752.14,3.5,0,1
SANDHAR,MBAG_V3B_60D_VOLUME_ANOMALY_T4R,2026-05-21,VAL,BULL,586.2000122070312,538.79,775.84,2.97,0,0
SANDHAR,MBAG_V3D_60D_CONVEX_RUNNER_T5R,2026-05-21,VAL,BULL,586.2000122070312,544.06,796.9,1.89,0,0
SANDHAR,MBAG_V1_CHAMP_BASE60_T3R,2026-05-22,VAL,BULL,622.5,549.42,841.74,1.17,0,0
SANDHAR,MBAG_V2A_CONVEX_CAT_90D_T4R,2026-05-22,VAL,BULL,622.5,564.04,856.34,1.31,0,0
SANDHAR,MBAG_V2B_EXPANSION_120D_T5R,2026-05-22,VAL,BULL,622.5,569.88,885.6,-0.26,0,0
SANDHAR,MBAG_V3A_40D_MICRO_SURGE_T3_5R,2026-05-22,VAL,BULL,622.5,569.88,806.67,1.17,0,0
SANDHAR,MBAG_V3B_60D_VOLUME_ANOMALY_T4R,2026-05-22,VAL,BULL,622.5,569.88,832.98,1.46,0,0
SANDHAR,MBAG_V3C_90D_MULTI_REGIME_T4R,2026-05-22,VAL,BULL,622.5,564.04,856.34,1.31,0,0
SANDHAR,MBAG_V3D_60D_CONVEX_RUNNER_T5R,2026-05-22,VAL,BULL,622.5,575.73,856.35,1.07,0,0
SANDHAR,MBAG_V2A_CONVEX_CAT_90D_T4R,2026-05-25,VAL,BULL,705.5999755859375,633.49,994.04,-0.25,0,0
SANDHAR,MBAG_V2B_EXPANSION_120D_T5R,2026-05-25,VAL,BULL,705.5999755859375,640.7,1030.1,-1.0,1,0
SANDHAR,MBAG_V3A_40D_MICRO_SURGE_T3_5R,2026-05-25,VAL,BULL,705.5999755859375,640.7,932.75,-0.49,0,0
SANDHAR,MBAG_V3B_60D_VOLUME_ANOMALY_T4R,2026-05-25,VAL,BULL,705.5999755859375,640.7,965.2,-0.28,0,0
SANDHAR,MBAG_V3C_90D_MULTI_REGIME_T4R,2026-05-25,VAL,BULL,705.5999755859375,633.49,994.04,-0.25,0,0
SANDHAR,MBAG_V3D_60D_CONVEX_RUNNER_T5R,2026-05-25,VAL,BULL,705.5999755859375,647.91,994.05,-0.67,0,0
SANDUMA,MBAG_V2A_CONVEX_CAT_90D_T4R,2025-12-24,DEV,BULL,240.47999572753906,217.29,333.24,-1.0,1,0
SANDUMA,MBAG_V3A_40D_MICRO_SURGE_T3_5R,2025-12-24,DEV,BULL,240.47999572753906,219.61,313.52,-1.0,1,0
SANDUMA,MBAG_V3B_60D_VOLUME_ANOMALY_T4R,2025-12-24,DEV,BULL,240.47999572753906,219.61,323.96,-1.0,1,0
SANDUMA,MBAG_V3C_90D_MULTI_REGIME_T4R,2025-12-24,DEV,BULL,240.47999572753906,217.29,333.24,-1.0,1,0
SANDUMA,MBAG_V3D_60D_CONVEX_RUNNER_T5R,2025-12-24,DEV,BULL,240.47999572753906,221.93,333.23,-1.0,1,0
SANDUMA,MBAG_V2A_CONVEX_CAT_90D_T4R,2026-01-02,VAL,BULL,264.7099914550781,238.24,370.59,-1.0,1,0
SANDUMA,MBAG_V3A_40D_MICRO_SURGE_T3_5R,2026-01-02,VAL,BULL,264.7099914550781,240.89,348.08,-1.0,1,0
SANDUMA,MBAG_V3B_60D_VOLUME_ANOMALY_T4R,2026-01-02,VAL,BULL,264.7099914550781,240.89,359.99,-1.0,1,0
SANDUMA,MBAG_V3C_90D_MULTI_REGIME_T4R,2026-01-02,VAL,BULL,264.7099914550781,238.24,370.59,-1.0,1,0
SANDUMA,MBAG_V3D_60D_CONVEX_RUNNER_T5R,2026-01-02,VAL,BULL,264.7099914550781,243.54,370.56,-1.0,1,0
SANDUMA,MBAG_V1_CHAMP_BASE60_T3R,2026-05-08,VAL,BULL,241.11000061035156,222.09,298.17,-1.0,1,0
SANDUMA,MBAG_V3A_40D_MICRO_SURGE_T3_5R,2026-05-08,VAL,BULL,241.11000061035156,227.42,289.03,-1.0,1,0
SANDUMA,MBAG_V3B_60D_VOLUME_ANOMALY_T4R,2026-05-08,VAL,BULL,241.11000061035156,227.42,295.87,-1.0,1,0
SANDUMA,MBAG_V3D_60D_CONVEX_RUNNER_T5R,2026-05-08,VAL,BULL,241.11000061035156,228.94,301.96,-1.0,1,0
SANGHVIMOV,MBAG_V1_CHAMP_BASE60_T3R,2026-05-21,VAL,BULL,352.20001220703125,311.63,473.91,1.48,0,0
SANGHVIMOV,MBAG_V2A_CONVEX_CAT_90D_T4R,2026-05-21,VAL,BULL,352.20001220703125,319.74,482.04,3.14,0,0
SANGHVIMOV,MBAG_V3A_40D_MICRO_SURGE_T3_5R,2026-05-21,VAL,BULL,352.20001220703125,322.99,454.44,2.02,0,0
SANGHVIMOV,MBAG_V3B_60D_VOLUME_ANOMALY_T4R,2026-05-21,VAL,BULL,352.20001220703125,322.99,469.04,3.49,0,0
SANGHVIMOV,MBAG_V3C_90D_MULTI_REGIME_T4R,2026-05-21,VAL,BULL,352.20001220703125,319.74,482.04,3.14,0,0
SANGHVIMOV,MBAG_V3D_60D_CONVEX_RUNNER_T5R,2026-05-21,VAL,BULL,352.20001220703125,326.23,482.05,4.31,0,0
SANGHVIMOV,MBAG_V1_CHAMP_BASE60_T3R,2026-06-15,HOLDOUT,BULL,420.8500061035156,377.73,550.21,0.37,0,0
SANGHVIMOV,MBAG_V3C_90D_MULTI_REGIME_T4R,2026-06-15,HOLDOUT,BULL,420.8500061035156,386.35,558.85,0.79,0,0
SANGHVIMOV,MBAG_V1_CHAMP_BASE60_T3R,2026-06-22,HOLDOUT,BULL,436.70001220703125,389.6,578.0,-0.0,0,0
SANGHVIMOV,MBAG_V2A_CONVEX_CAT_90D_T4R,2026-06-22,HOLDOUT,BULL,436.70001220703125,399.02,587.42,-1.0,1,0
SANGHVIMOV,MBAG_V2B_EXPANSION_120D_T5R,2026-06-22,HOLDOUT,BULL,436.70001220703125,402.79,606.25,-1.0,1,0
SANGHVIMOV,MBAG_V3A_40D_MICRO_SURGE_T3_5R,2026-06-22,HOLDOUT,BULL,436.70001220703125,402.79,555.39,0.34,0,0
SANGHVIMOV,MBAG_V3B_60D_VOLUME_ANOMALY_T4R,2026-06-22,HOLDOUT,BULL,436.70001220703125,402.79,572.34,-1.0,1,0
SANGHVIMOV,MBAG_V3C_90D_MULTI_REGIME_T4R,2026-06-22,HOLDOUT,BULL,436.70001220703125,399.02,587.42,-1.0,1,0
SANGHVIMOV,MBAG_V3D_60D_CONVEX_RUNNER_T5R,2026-06-22,HOLDOUT,BULL,436.70001220703125,406.56,587.4,-1.0,1,0
SANOFICONR,MBAG_V1_CHAMP_BASE60_T3R,2026-01-05,VAL,BULL,1670.9342042766084,1635.22,1778.08,-1.0,1,0
SANOFICONR,MBAG_V1_CHAMP_BASE60_T3R,2026-02-19,VAL,BULL,1742.3727532326961,1706.21,1850.86,-1.0,1,0
SANSERA,MBAG_V1_CHAMP_BASE60_T3R,2025-11-25,DEV,BULL,1660.5999755859375,1552.53,1984.81,0.62,0,0
SANSERA,MBAG_V3A_40D_MICRO_SURGE_T3_5R,2025-11-25,DEV,BULL,1660.5999755859375,1582.79,1932.93,0.21,0,0
SANSERA,MBAG_V3B_60D_VOLUME_ANOMALY_T4R,2025-11-25,DEV,BULL,1660.5999755859375,1582.79,1971.84,3.66,0,0
SANSERA,MBAG_V3D_60D_CONVEX_RUNNER_T5R,2025-11-25,DEV,BULL,1660.5999755859375,1591.43,2006.45,1.7,0,0
SANSERA,MBAG_V1_CHAMP_BASE60_T3R,2025-11-26,DEV,BULL,1711.4000244140625,1596.01,2057.57,-0.1,0,0
SANSERA,MBAG_V1_CHAMP_BASE60_T3R,2025-11-27,DEV,BULL,1744.5999755859375,1627.92,2094.64,-1.0,1,0
SANSERA,MBAG_V3A_40D_MICRO_SURGE_T3_5R,2025-11-27,DEV,BULL,1744.5999755859375,1660.59,2038.63,-1.0,1,0
SANSERA,MBAG_V3B_60D_VOLUME_ANOMALY_T4R,2025-11-27,DEV,BULL,1744.5999755859375,1660.59,2080.64,-1.0,1,0
SANSERA,MBAG_V3D_60D_CONVEX_RUNNER_T5R,2025-11-27,DEV,BULL,1744.5999755859375,1669.93,2117.95,-1.0,1,0
SANSERA,MBAG_V1_CHAMP_BASE60_T3R,2026-01-02,VAL,BULL,1871.0,1728.21,2299.37,-1.0,1,0
SANSERA,MBAG_V2A_CONVEX_CAT_90D_T4R,2026-01-02,VAL,BULL,1871.0,1756.77,2327.92,-1.0,1,0
SANSERA,MBAG_V3A_40D_MICRO_SURGE_T3_5R,2026-01-02,VAL,BULL,1871.0,1768.19,2230.84,-1.0,1,0
SANSERA,MBAG_V3B_60D_VOLUME_ANOMALY_T4R,2026-01-02,VAL,BULL,1871.0,1768.19,2282.24,-1.0,1,0
SANSERA,MBAG_V3C_90D_MULTI_REGIME_T4R,2026-01-02,VAL,BULL,1871.0,1756.77,2327.92,-1.0,1,0
SANSERA,MBAG_V3D_60D_CONVEX_RUNNER_T5R,2026-01-02,VAL,BULL,1871.0,1779.62,2327.9,-1.0,1,0
SANSERA,MBAG_V1_CHAMP_BASE60_T3R,2026-01-05,VAL,BULL,1933.0,1783.59,2381.23,-1.0,1,0
SANSERA,MBAG_V2A_CONVEX_CAT_90D_T4R,2026-01-05,VAL,BULL,1933.0,1813.47,2411.12,-1.0,1,0
SANSERA,MBAG_V3A_40D_MICRO_SURGE_T3_5R,2026-01-05,VAL,BULL,1933.0,1825.42,2309.53,-1.0,1,0
SANSERA,MBAG_V3B_60D_VOLUME_ANOMALY_T4R,2026-01-05,VAL,BULL,1933.0,1825.42,2363.32,-1.0,1,0
SANSERA,MBAG_V3C_90D_MULTI_REGIME_T4R,2026-01-05,VAL,BULL,1933.0,1813.47,2411.12,-1.0,1,0
SANSERA,MBAG_V3D_60D_CONVEX_RUNNER_T5R,2026-01-05,VAL,BULL,1933.0,1837.38,2411.1,-1.0,1,0
SANSERA,MBAG_V1_CHAMP_BASE60_T3R,2026-02-11,VAL,BULL,2190.199951171875,1938.09,2946.53,-0.44,0,0
SANSERA,MBAG_V2A_CONVEX_CAT_90D_T4R,2026-02-11,VAL,BULL,2190.199951171875,1988.51,2996.96,-1.0,1,0
SANSERA,MBAG_V2B_EXPANSION_120D_T5R,2026-02-11,VAL,BULL,2190.199951171875,2008.68,3097.8,-1.0,1,0
SANSERA,MBAG_V3A_40D_MICRO_SURGE_T3_5R,2026-02-11,VAL,BULL,2190.199951171875,2008.68,2825.52,-1.0,1,0
SANSERA,MBAG_V3B_60D_VOLUME_ANOMALY_T4R,2026-02-11,VAL,BULL,2190.199951171875,2008.68,2916.28,-1.0,1,0
SANSERA,MBAG_V3C_90D_MULTI_REGIME_T4R,2026-02-11,VAL,BULL,2190.199951171875,1988.51,2996.96,-1.0,1,0
SANSERA,MBAG_V3D_60D_CONVEX_RUNNER_T5R,2026-02-11,VAL,BULL,2190.199951171875,2028.85,2996.95,-1.0,1,0
SANSERA,MBAG_V1_CHAMP_BASE60_T3R,2026-02-12,VAL,BULL,2229.39990234375,1976.27,2988.79,-1.0,1,0
SANSERA,MBAG_V1_CHAMP_BASE60_T3R,2026-04-22,VAL,BULL,2547.0,2259.86,3408.42,-0.21,0,0
SANSERA,MBAG_V2A_CONVEX_CAT_90D_T4R,2026-04-22,VAL,BULL,2547.0,2317.29,3465.84,1.6,0,0
SANSERA,MBAG_V2B_EXPANSION_120D_T5R,2026-04-22,VAL,BULL,2547.0,2340.26,3580.7,-1.0,1,0
SANSERA,MBAG_V3A_40D_MICRO_SURGE_T3_5R,2026-04-22,VAL,BULL,2547.0,2340.26,3270.59,-1.0,1,0
SANSERA,MBAG_V3B_60D_VOLUME_ANOMALY_T4R,2026-04-22,VAL,BULL,2547.0,2340.26,3373.96,-1.0,1,0
SANSERA,MBAG_V3C_90D_MULTI_REGIME_T4R,2026-04-22,VAL,BULL,2547.0,2317.29,3465.84,1.6,0,0
SANSERA,MBAG_V3D_60D_CONVEX_RUNNER_T5R,2026-04-22,VAL,BULL,2547.0,2363.23,3465.85,-1.0,1,0
SANSERA,MBAG_V1_CHAMP_BASE60_T3R,2026-05-21,VAL,BULL,2854.5,2603.45,3607.65,0.13,0,0
SANSERA,MBAG_V2A_CONVEX_CAT_90D_T4R,2026-05-21,VAL,BULL,2854.5,2653.66,3657.86,1.82,0,0
SANSERA,MBAG_V2B_EXPANSION_120D_T5R,2026-05-21,VAL,BULL,2854.5,2673.74,3758.3,2.2,0,0
SANSERA,MBAG_V3A_40D_MICRO_SURGE_T3_5R,2026-05-21,VAL,BULL,2854.5,2673.74,3487.16,1.61,0,0
SANSERA,MBAG_V3B_60D_VOLUME_ANOMALY_T4R,2026-05-21,VAL,BULL,2854.5,2673.74,3577.54,2.02,0,0
SANSERA,MBAG_V3C_90D_MULTI_REGIME_T4R,2026-05-21,VAL,BULL,2854.5,2653.66,3657.86,1.82,0,0
SANSERA,MBAG_V3D_60D_CONVEX_RUNNER_T5R,2026-05-21,VAL,BULL,2854.5,2693.83,3657.85,1.79,0,0
SANSERA,MBAG_V1_CHAMP_BASE60_T3R,2026-06-23,HOLDOUT,BULL,3120.60009765625,2869.49,3873.93,0.69,0,0
SANSERA,MBAG_V2A_CONVEX_CAT_90D_T4R,2026-06-23,HOLDOUT,BULL,3120.60009765625,2919.71,3924.16,1.93,0,0
SANSERA,MBAG_V2B_EXPANSION_120D_T5R,2026-06-23,HOLDOUT,BULL,3120.60009765625,2939.8,4024.6,5.0,0,1
SANSERA,MBAG_V3A_40D_MICRO_SURGE_T3_5R,2026-06-23,HOLDOUT,BULL,3120.60009765625,2939.8,3753.4,0.31,0,0
SANSERA,MBAG_V3B_60D_VOLUME_ANOMALY_T4R,2026-06-23,HOLDOUT,BULL,3120.60009765625,2939.8,3843.8,2.15,0,0
SANSERA,MBAG_V3C_90D_MULTI_REGIME_T4R,2026-06-23,HOLDOUT,BULL,3120.60009765625,2919.71,3924.16,1.93,0,0
SANSERA,MBAG_V3D_60D_CONVEX_RUNNER_T5R,2026-06-23,HOLDOUT,BULL,3120.60009765625,2959.89,3924.15,5.0,0,1
SANSTAR,MBAG_V3A_40D_MICRO_SURGE_T3_5R,2025-12-31,DEV,BULL,96.66999816894531,91.47,114.87,-1.0,1,0
SANSTAR,MBAG_V1_CHAMP_BASE60_T3R,2026-05-08,VAL,BULL,95.45999908447266,88.8,115.44,3.0,0,1
SANSTAR,MBAG_V3D_60D_CONVEX_RUNNER_T5R,2026-05-08,VAL,BULL,95.45999908447266,91.19,116.81,5.0,0,1
SANSTAR,MBAG_V1_CHAMP_BASE60_T3R,2026-05-11,VAL,BULL,99.36000061035156,91.65,122.49,1.92,0,0
SANSTAR,MBAG_V2A_CONVEX_CAT_90D_T4R,2026-05-11,VAL,BULL,99.36000061035156,93.19,124.04,4.0,0,1
SANSTAR,MBAG_V2B_EXPANSION_120D_T5R,2026-05-11,VAL,BULL,99.36000061035156,93.81,127.11,5.0,0,1
SANSTAR,MBAG_V3A_40D_MICRO_SURGE_T3_5R,2026-05-11,VAL,BULL,99.36000061035156,93.81,118.79,3.5,0,1
SANSTAR,MBAG_V3B_60D_VOLUME_ANOMALY_T4R,2026-05-11,VAL,BULL,99.36000061035156,93.81,121.56,4.0,0,1
SANSTAR,MBAG_V3C_90D_MULTI_REGIME_T4R,2026-05-11,VAL,BULL,99.36000061035156,93.19,124.04,4.0,0,1
SANSTAR,MBAG_V3D_60D_CONVEX_RUNNER_T5R,2026-05-11,VAL,BULL,99.36000061035156,94.42,124.06,5.0,0,1
SANSTAR,MBAG_V1_CHAMP_BASE60_T3R,2026-05-18,VAL,BULL,109.36000061035156,99.51,138.91,0.84,0,0
SANSTAR,MBAG_V2A_CONVEX_CAT_90D_T4R,2026-05-18,VAL,BULL,109.36000061035156,101.48,140.88,1.48,0,0
SANSTAR,MBAG_V2B_EXPANSION_120D_T5R,2026-05-18,VAL,BULL,109.36000061035156,102.27,144.81,0.59,0,0
SANSTAR,MBAG_V3A_40D_MICRO_SURGE_T3_5R,2026-05-18,VAL,BULL,109.36000061035156,102.27,134.18,2.1,0,0
SANSTAR,MBAG_V3B_60D_VOLUME_ANOMALY_T4R,2026-05-18,VAL,BULL,109.36000061035156,102.27,137.72,1.64,0,0
SANSTAR,MBAG_V3C_90D_MULTI_REGIME_T4R,2026-05-18,VAL,BULL,109.36000061035156,101.48,140.88,1.48,0,0
SANSTAR,MBAG_V3D_60D_CONVEX_RUNNER_T5R,2026-05-18,VAL,BULL,109.36000061035156,103.06,140.86,-1.0,1,0
SANSTAR,MBAG_V1_CHAMP_BASE60_T3R,2026-05-21,VAL,BULL,118.56999969482422,106.39,155.11,-1.0,1,0
SANSTAR,MBAG_V3C_90D_MULTI_REGIME_T4R,2026-05-21,VAL,BULL,118.56999969482422,108.83,157.53,-1.0,1,0
SANSTAR,MBAG_V1_CHAMP_BASE60_T3R,2026-06-22,HOLDOUT,BULL,124.2699966430664,111.04,163.96,-1.0,1,0
SANSTAR,MBAG_V2A_CONVEX_CAT_90D_T4R,2026-06-22,HOLDOUT,BULL,124.2699966430664,113.68,166.63,-1.0,1,0
SANSTAR,MBAG_V2B_EXPANSION_120D_T5R,2026-06-22,HOLDOUT,BULL,124.2699966430664,114.74,171.92,-1.0,1,0
SANSTAR,MBAG_V3A_40D_MICRO_SURGE_T3_5R,2026-06-22,HOLDOUT,BULL,124.2699966430664,114.74,157.62,-1.0,1,0
SANSTAR,MBAG_V3B_60D_VOLUME_ANOMALY_T4R,2026-06-22,HOLDOUT,BULL,124.2699966430664,114.74,162.39,-1.0,1,0
SANSTAR,MBAG_V3C_90D_MULTI_REGIME_T4R,2026-06-22,HOLDOUT,BULL,124.2699966430664,113.68,166.63,-1.0,1,0
SANSTAR,MBAG_V3D_60D_CONVEX_RUNNER_T5R,2026-06-22,HOLDOUT,BULL,124.2699966430664,115.8,166.62,-1.0,1,0
SANSTAR,MBAG_V2A_CONVEX_CAT_90D_T4R,2026-06-24,HOLDOUT,BULL,127.43000030517578,115.15,176.55,-1.0,1,0
SANSTAR,MBAG_V2B_EXPANSION_120D_T5R,2026-06-24,HOLDOUT,BULL,127.43000030517578,116.38,182.68,-1.0,1,0
SANSTAR,MBAG_V3A_40D_MICRO_SURGE_T3_5R,2026-06-24,HOLDOUT,BULL,127.43000030517578,116.38,166.11,-1.0,1,0
SANSTAR,MBAG_V3B_60D_VOLUME_ANOMALY_T4R,2026-06-24,HOLDOUT,BULL,127.43000030517578,116.38,171.63,-1.0,1,0
SANSTAR,MBAG_V3C_90D_MULTI_REGIME_T4R,2026-06-24,HOLDOUT,BULL,127.43000030517578,115.15,176.55,-1.0,1,0
SANSTAR,MBAG_V3D_60D_CONVEX_RUNNER_T5R,2026-06-24,HOLDOUT,BULL,127.43000030517578,117.61,176.53,-1.0,1,0
SARDAEN,MBAG_V1_CHAMP_BASE60_T3R,2026-02-27,VAL,BULL,551.5999755859375,508.81,679.97,-1.0,1,0
SARDAEN,MBAG_V3A_40D_MICRO_SURGE_T3_5R,2026-02-27,VAL,BULL,551.5999755859375,520.79,659.43,-1.0,1,0
SARDAEN,MBAG_V3B_60D_VOLUME_ANOMALY_T4R,2026-02-27,VAL,BULL,551.5999755859375,520.79,674.84,-1.0,1,0
SARDAEN,MBAG_V3D_60D_CONVEX_RUNNER_T5R,2026-02-27,VAL,BULL,551.5999755859375,524.21,688.55,-1.0,1,0
SARDAEN,MBAG_V1_CHAMP_BASE60_T3R,2026-04-13,VAL,BULL,579.0,526.62,736.14,-0.32,0,0
SARDAEN,MBAG_V2A_CONVEX_CAT_90D_T4R,2026-04-13,VAL,BULL,579.0,537.09,746.64,-1.0,1,0
SARDAEN,MBAG_V2B_EXPANSION_120D_T5R,2026-04-13,VAL,BULL,579.0,541.28,767.6,-1.0,1,0
SARDAEN,MBAG_V3A_40D_MICRO_SURGE_T3_5R,2026-04-13,VAL,BULL,579.0,541.28,711.02,-1.0,1,0
SARDAEN,MBAG_V3B_60D_VOLUME_ANOMALY_T4R,2026-04-13,VAL,BULL,579.0,541.28,729.88,-1.0,1,0
SARDAEN,MBAG_V3C_90D_MULTI_REGIME_T4R,2026-04-13,VAL,BULL,579.0,537.09,746.64,-1.0,1,0
SARDAEN,MBAG_V3D_60D_CONVEX_RUNNER_T5R,2026-04-13,VAL,BULL,579.0,545.47,746.65,-1.0,1,0
SARDAEN,MBAG_V1_CHAMP_BASE60_T3R,2026-04-16,VAL,BULL,597.0999755859375,548.28,743.56,-0.68,0,0
SARDAEN,MBAG_V3C_90D_MULTI_REGIME_T4R,2026-04-16,VAL,BULL,597.0999755859375,558.04,753.34,-1.0,1,0
SARDAEN,MBAG_V1_CHAMP_BASE60_T3R,2026-04-27,VAL,BULL,612.7000122070312,566.75,750.55,-1.0,1,0
SARDAEN,MBAG_V2A_CONVEX_CAT_90D_T4R,2026-04-27,VAL,BULL,612.7000122070312,575.94,759.74,-1.0,1,0
SARDAEN,MBAG_V2B_EXPANSION_120D_T5R,2026-04-27,VAL,BULL,612.7000122070312,579.62,778.1,-1.0,1,0
SARDAEN,MBAG_V3A_40D_MICRO_SURGE_T3_5R,2026-04-27,VAL,BULL,612.7000122070312,579.62,728.48,-1.0,1,0
SARDAEN,MBAG_V3B_60D_VOLUME_ANOMALY_T4R,2026-04-27,VAL,BULL,612.7000122070312,579.62,745.02,-1.0,1,0
SARDAEN,MBAG_V3C_90D_MULTI_REGIME_T4R,2026-04-27,VAL,BULL,612.7000122070312,575.94,759.74,-1.0,1,0
SARDAEN,MBAG_V3D_60D_CONVEX_RUNNER_T5R,2026-04-27,VAL,BULL,612.7000122070312,583.29,759.75,-1.0,1,0
SAREGAMA,MBAG_V1_CHAMP_BASE60_T3R,2025-09-10,DEV,BULL,703.0081150796816,688.66,746.05,-1.0,1,0
SAREGAMA,MBAG_V1_CHAMP_BASE60_T3R,2026-04-16,VAL,BULL,800.1481818788405,784.09,848.32,3.0,0,1
SATIN,MBAG_V1_CHAMP_BASE60_T3R,2025-10-27,DEV,BULL,157.13999938964844,148.45,183.21,-1.0,1,0
SATIN,MBAG_V3A_40D_MICRO_SURGE_T3_5R,2025-10-27,DEV,BULL,157.13999938964844,150.88,179.05,-1.0,1,0
SATIN,MBAG_V3B_60D_VOLUME_ANOMALY_T4R,2025-10-27,DEV,BULL,157.13999938964844,150.88,182.18,-1.0,1,0
SATIN,MBAG_V3D_60D_CONVEX_RUNNER_T5R,2025-10-27,DEV,BULL,157.13999938964844,151.58,184.94,-1.0,1,0
SATIN,MBAG_V3A_40D_MICRO_SURGE_T3_5R,2026-01-28,VAL,BULL,158.5500030517578,148.63,193.27,-1.0,1,0
SATIN,MBAG_V1_CHAMP_BASE60_T3R,2026-04-17,VAL,BULL,175.49000549316406,157.87,228.35,3.0,0,1
SATIN,MBAG_V2A_CONVEX_CAT_90D_T4R,2026-04-17,VAL,BULL,175.49000549316406,161.39,231.89,4.0,0,1
SATIN,MBAG_V2B_EXPANSION_120D_T5R,2026-04-17,VAL,BULL,175.49000549316406,162.8,238.94,5.0,0,1
SATIN,MBAG_V3A_40D_MICRO_SURGE_T3_5R,2026-04-17,VAL,BULL,175.49000549316406,162.8,219.91,3.5,0,1
SATIN,MBAG_V3B_60D_VOLUME_ANOMALY_T4R,2026-04-17,VAL,BULL,175.49000549316406,162.8,226.25,4.0,0,1
SATIN,MBAG_V3C_90D_MULTI_REGIME_T4R,2026-04-17,VAL,BULL,175.49000549316406,161.39,231.89,4.0,0,1
SATIN,MBAG_V3D_60D_CONVEX_RUNNER_T5R,2026-04-17,VAL,BULL,175.49000549316406,164.21,231.89,5.0,0,1
SATIN,MBAG_V1_CHAMP_BASE60_T3R,2026-04-29,VAL,BULL,181.4499969482422,161.55,241.15,3.0,0,1
SATIN,MBAG_V2A_CONVEX_CAT_90D_T4R,2026-04-29,VAL,BULL,181.4499969482422,165.53,245.13,4.0,0,1
SATIN,MBAG_V2B_EXPANSION_120D_T5R,2026-04-29,VAL,BULL,181.4499969482422,167.12,253.1,4.04,0,0
SATIN,MBAG_V3A_40D_MICRO_SURGE_T3_5R,2026-04-29,VAL,BULL,181.4499969482422,167.12,231.6,3.5,0,1
SATIN,MBAG_V3B_60D_VOLUME_ANOMALY_T4R,2026-04-29,VAL,BULL,181.4499969482422,167.12,238.77,4.0,0,1
SATIN,MBAG_V3C_90D_MULTI_REGIME_T4R,2026-04-29,VAL,BULL,181.4499969482422,165.53,245.13,4.0,0,1
SATIN,MBAG_V3D_60D_CONVEX_RUNNER_T5R,2026-04-29,VAL,BULL,181.4499969482422,168.71,245.15,5.0,0,1
SATIN,MBAG_V1_CHAMP_BASE60_T3R,2026-05-04,VAL,BULL,188.5500030517578,169.22,246.54,1.71,0,0
SATIN,MBAG_V2A_CONVEX_CAT_90D_T4R,2026-05-04,VAL,BULL,188.5500030517578,173.09,250.39,2.82,0,0
SATIN,MBAG_V3A_40D_MICRO_SURGE_T3_5R,2026-05-04,VAL,BULL,188.5500030517578,174.63,237.27,3.5,0,1
SATIN,MBAG_V3C_90D_MULTI_REGIME_T4R,2026-05-04,VAL,BULL,188.5500030517578,173.09,250.39,2.82,0,0
SATIN,MBAG_V3D_60D_CONVEX_RUNNER_T5R,2026-05-04,VAL,BULL,188.5500030517578,176.18,250.4,3.85,0,0
SATIN,MBAG_V1_CHAMP_BASE60_T3R,2026-05-06,VAL,BULL,193.77999877929688,173.61,254.29,2.06,0,0
SATIN,MBAG_V1_CHAMP_BASE60_T3R,2026-05-07,VAL,BULL,203.7899932861328,184.93,260.37,2.02,0,0
SATIN,MBAG_V2A_CONVEX_CAT_90D_T4R,2026-05-07,VAL,BULL,203.7899932861328,188.71,264.11,1.83,0,0
SATIN,MBAG_V3C_90D_MULTI_REGIME_T4R,2026-05-07,VAL,BULL,203.7899932861328,188.71,264.11,1.83,0,0
SATIN,MBAG_V3D_60D_CONVEX_RUNNER_T5R,2026-05-07,VAL,BULL,203.7899932861328,191.72,264.14,2.26,0,0
SATIN,MBAG_V1_CHAMP_BASE60_T3R,2026-05-08,VAL,BULL,212.72000122070312,193.01,271.85,1.45,0,0
SATIN,MBAG_V2A_CONVEX_CAT_90D_T4R,2026-05-08,VAL,BULL,212.72000122070312,196.95,275.8,1.44,0,0
SATIN,MBAG_V3A_40D_MICRO_SURGE_T3_5R,2026-05-08,VAL,BULL,212.72000122070312,198.53,262.39,0.96,0,0
SATIN,MBAG_V3C_90D_MULTI_REGIME_T4R,2026-05-08,VAL,BULL,212.72000122070312,196.95,275.8,1.44,0,0
SATIN,MBAG_V3D_60D_CONVEX_RUNNER_T5R,2026-05-08,VAL,BULL,212.72000122070312,200.11,275.77,1.45,0,0
SBCL,MBAG_V3A_40D_MICRO_SURGE_T3_5R,2026-02-03,VAL,NEUTRAL,487.1296691894531,456.67,593.74,-1.0,1,0
SBCL,MBAG_V1_CHAMP_BASE60_T3R,2026-02-09,VAL,BULL,514.0263671875,457.96,682.23,-1.0,1,0
SBCL,MBAG_V3D_60D_CONVEX_RUNNER_T5R,2026-02-09,VAL,BULL,514.0263671875,478.14,693.46,-1.0,1,0
SBCL,MBAG_V1_CHAMP_BASE60_T3R,2026-02-11,VAL,BULL,536.6395874023438,479.3,708.66,-1.0,1,0
SBCL,MBAG_V2A_CONVEX_CAT_90D_T4R,2026-04-24,VAL,BULL,592.2999877929688,532.71,830.66,2.02,0,0
SBCL,MBAG_V2B_EXPANSION_120D_T5R,2026-04-24,VAL,BULL,592.2999877929688,538.67,860.45,2.88,0,0
SBCL,MBAG_V3A_40D_MICRO_SURGE_T3_5R,2026-04-24,VAL,BULL,592.2999877929688,538.67,780.0,3.5,0,1
SBCL,MBAG_V3B_60D_VOLUME_ANOMALY_T4R,2026-04-24,VAL,BULL,592.2999877929688,538.67,806.82,2.25,0,0
SBCL,MBAG_V3C_90D_MULTI_REGIME_T4R,2026-04-24,VAL,BULL,592.2999877929688,532.71,830.66,2.02,0,0
SBCL,MBAG_V3D_60D_CONVEX_RUNNER_T5R,2026-04-24,VAL,BULL,592.2999877929688,544.63,830.65,2.16,0,0
SBCL,MBAG_V2A_CONVEX_CAT_90D_T4R,2026-04-27,VAL,BULL,639.5,575.21,896.66,-1.0,1,0
SBCL,MBAG_V2B_EXPANSION_120D_T5R,2026-04-27,VAL,BULL,639.5,581.64,928.8,-1.0,1,0
SBCL,MBAG_V3A_40D_MICRO_SURGE_T3_5R,2026-04-27,VAL,BULL,639.5,581.64,842.01,-1.0,1,0
SBCL,MBAG_V3B_60D_VOLUME_ANOMALY_T4R,2026-04-27,VAL,BULL,639.5,581.64,870.94,-1.0,1,0
SBCL,MBAG_V3C_90D_MULTI_REGIME_T4R,2026-04-27,VAL,BULL,639.5,575.21,896.66,-1.0,1,0
SBCL,MBAG_V3D_60D_CONVEX_RUNNER_T5R,2026-04-27,VAL,BULL,639.5,588.07,896.65,-1.0,1,0
SBCL,MBAG_V2A_CONVEX_CAT_90D_T4R,2026-05-26,VAL,BULL,748.75,667.93,1072.03,-1.0,1,0
SBCL,MBAG_V2B_EXPANSION_120D_T5R,2026-05-26,VAL,BULL,748.75,676.01,1112.45,-1.0,1,0
SBCL,MBAG_V3A_40D_MICRO_SURGE_T3_5R,2026-05-26,VAL,BULL,748.75,676.01,1003.34,-1.0,1,0
SBCL,MBAG_V3B_60D_VOLUME_ANOMALY_T4R,2026-05-26,VAL,BULL,748.75,676.01,1039.71,-1.0,1,0
SBCL,MBAG_V3C_90D_MULTI_REGIME_T4R,2026-05-26,VAL,BULL,748.75,667.93,1072.03,-1.0,1,0
SBCL,MBAG_V3D_60D_CONVEX_RUNNER_T5R,2026-05-26,VAL,BULL,748.75,684.09,1072.05,-1.0,1,0
SBCL,MBAG_V1_CHAMP_BASE60_T3R,2026-07-03,HOLDOUT,BULL,794.0499877929688,717.56,1023.52,-1.0,1,0
SBCL,MBAG_V2A_CONVEX_CAT_90D_T4R,2026-07-03,HOLDOUT,BULL,794.0499877929688,732.86,1038.81,-1.0,1,0
SBCL,MBAG_V2B_EXPANSION_120D_T5R,2026-07-03,HOLDOUT,BULL,794.0499877929688,738.98,1069.4,-1.0,1,0
SBCL,MBAG_V3A_40D_MICRO_SURGE_T3_5R,2026-07-03,HOLDOUT,BULL,794.0499877929688,738.98,986.79,-1.0,1,0
SBCL,MBAG_V3B_60D_VOLUME_ANOMALY_T4R,2026-07-03,HOLDOUT,BULL,794.0499877929688,738.98,1014.33,-1.0,1,0
SBCL,MBAG_V3C_90D_MULTI_REGIME_T4R,2026-07-03,HOLDOUT,BULL,794.0499877929688,732.86,1038.81,-1.0,1,0
SBCL,MBAG_V3D_60D_CONVEX_RUNNER_T5R,2026-07-03,HOLDOUT,BULL,794.0499877929688,745.1,1038.8,-1.0,1,0
SBICARD,MBAG_V1_CHAMP_BASE60_T3R,2025-08-19,DEV,BULL,788.3741464312941,769.73,844.31,-1.0,1,0
SBILIFE,MBAG_V1_CHAMP_BASE60_T3R,2025-10-27,DEV,BULL,1900.4581298828125,1846.98,2060.89,-1.0,1,0
SBILIFE,MBAG_V2A_CONVEX_CAT_90D_T4R,2025-10-27,DEV,BULL,1900.4581298828125,1857.67,2071.61,-1.0,1,0
SBILIFE,MBAG_V3A_40D_MICRO_SURGE_T3_5R,2025-10-27,DEV,BULL,1900.4581298828125,1861.95,2035.24,-1.0,1,0
SBILIFE,MBAG_V3B_60D_VOLUME_ANOMALY_T4R,2025-10-27,DEV,BULL,1900.4581298828125,1861.95,2054.49,-1.0,1,0
SBILIFE,MBAG_V3C_90D_MULTI_REGIME_T4R,2025-10-27,DEV,BULL,1900.4581298828125,1857.67,2071.61,-1.0,1,0
SBILIFE,MBAG_V1_CHAMP_BASE60_T3R,2025-10-28,DEV,BULL,1934.1114501953125,1876.65,2106.5,-1.0,1,0
SBILIFE,MBAG_V3C_90D_MULTI_REGIME_T4R,2025-10-28,DEV,BULL,1934.1114501953125,1888.14,2118.0,-1.0,1,0
SBILIFE,MBAG_V1_CHAMP_BASE60_T3R,2025-10-29,DEV,BULL,1967.6646728515625,1907.42,2148.4,-1.0,1,0
SBILIFE,MBAG_V2A_CONVEX_CAT_90D_T4R,2025-10-29,DEV,BULL,1967.6646728515625,1919.47,2160.44,-1.0,1,0
SBILIFE,MBAG_V3C_90D_MULTI_REGIME_T4R,2025-10-29,DEV,BULL,1967.6646728515625,1919.47,2160.44,-1.0,1,0
SBIN,MBAG_V1_CHAMP_BASE60_T3R,2025-10-28,DEV,BULL,913.779052734375,880.6,1013.32,1.59,0,0
SBIN,MBAG_V3D_60D_CONVEX_RUNNER_T5R,2025-10-28,DEV,BULL,913.779052734375,892.54,1019.97,2.11,0,0
SBIN,MBAG_V1_CHAMP_BASE60_T3R,2025-11-04,DEV,BULL,940.644775390625,905.9,1044.88,-0.19,0,0
SBIN,MBAG_V1_CHAMP_BASE60_T3R,2026-01-13,VAL,BULL,1010.2402954101562,974.64,1117.04,-1.0,1,0
SBIN,MBAG_V1_CHAMP_BASE60_T3R,2026-01-16,VAL,BULL,1023.8451538085938,987.29,1133.51,-1.0,1,0
SBIN,MBAG_V1_CHAMP_BASE60_T3R,2026-01-29,VAL,BULL,1047.3218994140625,1006.17,1170.78,-1.0,1,0
SBIN,MBAG_V1_CHAMP_BASE60_T3R,2026-02-09,VAL,BULL,1125.708984375,1061.97,1316.93,-1.0,1,0
SBIN,MBAG_V2A_CONVEX_CAT_90D_T4R,2026-02-09,VAL,BULL,1125.708984375,1074.71,1329.7,-1.0,1,0
SBIN,MBAG_V2B_EXPANSION_120D_T5R,2026-02-09,VAL,BULL,1125.708984375,1079.81,1355.2,-1.0,1,0
SBIN,MBAG_V3A_40D_MICRO_SURGE_T3_5R,2026-02-09,VAL,BULL,1125.708984375,1079.81,1286.36,-1.0,1,0
SBIN,MBAG_V3B_60D_VOLUME_ANOMALY_T4R,2026-02-09,VAL,BULL,1125.708984375,1079.81,1309.3,-1.0,1,0
SBIN,MBAG_V3C_90D_MULTI_REGIME_T4R,2026-02-09,VAL,BULL,1125.708984375,1074.71,1329.7,-1.0,1,0
SBIN,MBAG_V3D_60D_CONVEX_RUNNER_T5R,2026-02-09,VAL,BULL,1125.708984375,1084.91,1329.7,-1.0,1,0
SBIN,MBAG_V1_CHAMP_BASE60_T3R,2026-02-11,VAL,BULL,1161.9556884765625,1094.17,1365.31,-1.0,1,0
SBIN,MBAG_V2A_CONVEX_CAT_90D_T4R,2026-02-11,VAL,BULL,1161.9556884765625,1107.73,1378.86,-1.0,1,0
SBIN,MBAG_V3A_40D_MICRO_SURGE_T3_5R,2026-02-11,VAL,BULL,1161.9556884765625,1113.15,1332.78,-1.0,1,0
SBIN,MBAG_V3C_90D_MULTI_REGIME_T4R,2026-02-11,VAL,BULL,1161.9556884765625,1107.73,1378.86,-1.0,1,0
SBIN,MBAG_V3D_60D_CONVEX_RUNNER_T5R,2026-02-11,VAL,BULL,1161.9556884765625,1118.57,1378.88,-1.0,1,0
SBIN,MBAG_V1_CHAMP_BASE60_T3R,2026-02-12,VAL,BULL,1171.2874755859375,1102.19,1378.58,-1.0,1,0
SBIN,MBAG_V2A_CONVEX_CAT_90D_T4R,2026-02-12,VAL,BULL,1171.2874755859375,1116.01,1392.4,-1.0,1,0
SBIN,MBAG_V3A_40D_MICRO_SURGE_T3_5R,2026-02-12,VAL,BULL,1171.2874755859375,1121.54,1345.4,-1.0,1,0
SBIN,MBAG_V3C_90D_MULTI_REGIME_T4R,2026-02-12,VAL,BULL,1171.2874755859375,1116.01,1392.4,-1.0,1,0
SBIN,MBAG_V3D_60D_CONVEX_RUNNER_T5R,2026-02-12,VAL,BULL,1171.2874755859375,1127.07,1392.37,-1.0,1,0
SCHAEFFLER,MBAG_V1_CHAMP_BASE60_T3R,2026-02-24,VAL,BULL,4051.46484375,3735.01,5000.83,-1.0,1,0
SCHAEFFLER,MBAG_V3A_40D_MICRO_SURGE_T3_5R,2026-02-24,VAL,BULL,4051.46484375,3823.62,4848.92,-1.0,1,0
SCHAEFFLER,MBAG_V3B_60D_VOLUME_ANOMALY_T4R,2026-02-24,VAL,BULL,4051.46484375,3823.62,4962.84,-1.0,1,0
SCHAEFFLER,MBAG_V3D_60D_CONVEX_RUNNER_T5R,2026-02-24,VAL,BULL,4051.46484375,3848.94,5064.09,-1.0,1,0
SCHAEFFLER,MBAG_V1_CHAMP_BASE60_T3R,2026-02-26,VAL,BULL,4311.2275390625,3983.05,5295.76,-1.0,1,0
SCHAEFFLER,MBAG_V3A_40D_MICRO_SURGE_T3_5R,2026-02-26,VAL,BULL,4311.2275390625,4074.94,5138.23,-1.0,1,0
SCHAEFFLER,MBAG_V3D_60D_CONVEX_RUNNER_T5R,2026-02-26,VAL,BULL,4311.2275390625,4101.2,5361.37,-1.0,1,0
SCHNEIDER,MBAG_V1_CHAMP_BASE60_T3R,2026-02-18,VAL,BULL,920.4000244140625,825.08,1206.36,-0.26,0,0
SCHNEIDER,MBAG_V2A_CONVEX_CAT_90D_T4R,2026-02-18,VAL,BULL,920.4000244140625,844.14,1225.44,-1.0,1,0
SCHNEIDER,MBAG_V3A_40D_MICRO_SURGE_T3_5R,2026-02-18,VAL,BULL,920.4000244140625,851.77,1160.61,-1.0,1,0
SCHNEIDER,MBAG_V3B_60D_VOLUME_ANOMALY_T4R,2026-02-18,VAL,BULL,920.4000244140625,851.77,1194.92,-1.0,1,0
SCHNEIDER,MBAG_V3C_90D_MULTI_REGIME_T4R,2026-02-18,VAL,BULL,920.4000244140625,844.14,1225.44,-1.0,1,0
SCHNEIDER,MBAG_V3D_60D_CONVEX_RUNNER_T5R,2026-02-18,VAL,BULL,920.4000244140625,859.39,1225.45,-1.0,1,0
SCHNEIDER,MBAG_V1_CHAMP_BASE60_T3R,2026-04-08,VAL,BULL,973.7999877929688,873.39,1275.03,3.0,0,1
SCHNEIDER,MBAG_V3C_90D_MULTI_REGIME_T4R,2026-04-08,VAL,BULL,973.7999877929688,893.47,1295.12,4.0,0,1
SCHNEIDER,MBAG_V1_CHAMP_BASE60_T3R,2026-04-10,VAL,BULL,1010.0999755859375,906.32,1321.44,3.0,0,1
SCHNEIDER,MBAG_V2A_CONVEX_CAT_90D_T4R,2026-04-10,VAL,BULL,1010.0999755859375,927.08,1342.18,4.0,0,1
SCHNEIDER,MBAG_V3A_40D_MICRO_SURGE_T3_5R,2026-04-10,VAL,BULL,1010.0999755859375,935.38,1271.62,3.5,0,1
SCHNEIDER,MBAG_V3C_90D_MULTI_REGIME_T4R,2026-04-10,VAL,BULL,1010.0999755859375,927.08,1342.18,4.0,0,1
SCHNEIDER,MBAG_V3D_60D_CONVEX_RUNNER_T5R,2026-04-10,VAL,BULL,1010.0999755859375,943.68,1342.2,5.0,0,1
SCHNEIDER,MBAG_V1_CHAMP_BASE60_T3R,2026-04-13,VAL,BULL,1018.1500244140625,910.78,1340.26,3.0,0,1
SCHNEIDER,MBAG_V3C_90D_MULTI_REGIME_T4R,2026-04-13,VAL,BULL,1018.1500244140625,932.26,1361.71,4.0,0,1
SCHNEIDER,MBAG_V1_CHAMP_BASE60_T3R,2026-04-20,VAL,BULL,1087.8499755859375,973.47,1430.99,0.99,0,0
SCHNEIDER,MBAG_V2A_CONVEX_CAT_90D_T4R,2026-04-20,VAL,BULL,1087.8499755859375,996.35,1453.85,1.7,0,0
SCHNEIDER,MBAG_V2B_EXPANSION_120D_T5R,2026-04-20,VAL,BULL,1087.8499755859375,1005.5,1499.6,1.56,0,0
SCHNEIDER,MBAG_V3A_40D_MICRO_SURGE_T3_5R,2026-04-20,VAL,BULL,1087.8499755859375,1005.5,1376.07,3.36,0,0
SCHNEIDER,MBAG_V3B_60D_VOLUME_ANOMALY_T4R,2026-04-20,VAL,BULL,1087.8499755859375,1005.5,1417.25,4.0,0,1
SCHNEIDER,MBAG_V3C_90D_MULTI_REGIME_T4R,2026-04-20,VAL,BULL,1087.8499755859375,996.35,1453.85,1.7,0,0
SCHNEIDER,MBAG_V3D_60D_CONVEX_RUNNER_T5R,2026-04-20,VAL,BULL,1087.8499755859375,1014.65,1453.85,0.75,0,0
SCHNEIDER,MBAG_V1_CHAMP_BASE60_T3R,2026-05-04,VAL,BULL,1305.800048828125,1153.26,1763.42,-0.41,0,0
SCHNEIDER,MBAG_V1_CHAMP_BASE60_T3R,2026-05-05,VAL,BULL,1349.9000244140625,1197.34,1807.58,-1.0,1,0
SCI,MBAG_V1_CHAMP_BASE60_T3R,2025-10-23,DEV,BULL,243.85565185546875,224.71,301.29,-0.26,0,0
SCI,MBAG_V3A_40D_MICRO_SURGE_T3_5R,2025-10-23,DEV,BULL,243.85565185546875,230.07,292.11,-1.0,1,0
SCI,MBAG_V3B_60D_VOLUME_ANOMALY_T4R,2025-10-23,DEV,BULL,243.85565185546875,230.07,299.0,-1.0,1,0
SCI,MBAG_V3D_60D_CONVEX_RUNNER_T5R,2025-10-23,DEV,BULL,243.85565185546875,231.61,305.08,-1.0,1,0
SCI,MBAG_V1_CHAMP_BASE60_T3R,2025-10-24,DEV,BULL,267.5974426269531,243.8,338.99,-1.0,1,0
SCI,MBAG_V3A_40D_MICRO_SURGE_T3_5R,2025-10-24,DEV,BULL,267.5974426269531,250.46,327.58,-1.0,1,0
SCI,MBAG_V3B_60D_VOLUME_ANOMALY_T4R,2025-10-24,DEV,BULL,267.5974426269531,250.46,336.15,-1.0,1,0
SCI,MBAG_V3D_60D_CONVEX_RUNNER_T5R,2025-10-24,DEV,BULL,267.5974426269531,252.37,343.73,-1.0,1,0
SCI,MBAG_V3A_40D_MICRO_SURGE_T3_5R,2026-02-09,VAL,BULL,261.7969970703125,244.96,320.73,-1.0,1,0
SCI,MBAG_V1_CHAMP_BASE60_T3R,2026-02-10,VAL,BULL,263.4945983886719,239.36,335.9,-1.0,1,0
SCI,MBAG_V3A_40D_MICRO_SURGE_T3_5R,2026-02-10,VAL,BULL,263.4945983886719,246.12,324.31,-1.0,1,0
SCI,MBAG_V3B_60D_VOLUME_ANOMALY_T4R,2026-02-10,VAL,BULL,263.4945983886719,246.12,332.99,-1.0,1,0
SCI,MBAG_V3D_60D_CONVEX_RUNNER_T5R,2026-02-10,VAL,BULL,263.4945983886719,248.05,340.72,-1.0,1,0
SCI,MBAG_V1_CHAMP_BASE60_T3R,2026-02-12,VAL,BULL,270.0580139160156,243.72,349.07,-1.0,1,0
SCI,MBAG_V3A_40D_MICRO_SURGE_T3_5R,2026-02-12,VAL,BULL,270.0580139160156,251.09,336.45,-1.0,1,0
SCI,MBAG_V3B_60D_VOLUME_ANOMALY_T4R,2026-02-12,VAL,BULL,270.0580139160156,251.09,345.93,-1.0,1,0
SCI,MBAG_V3D_60D_CONVEX_RUNNER_T5R,2026-02-12,VAL,BULL,270.0580139160156,253.2,354.35,-1.0,1,0
SCI,MBAG_V1_CHAMP_BASE60_T3R,2026-04-16,VAL,BULL,288.92999267578125,259.78,376.38,1.3,0,0
SCI,MBAG_V2A_CONVEX_CAT_90D_T4R,2026-04-16,VAL,BULL,288.92999267578125,265.61,382.21,0.62,0,0
SCI,MBAG_V2B_EXPANSION_120D_T5R,2026-04-16,VAL,BULL,288.92999267578125,267.94,393.88,-0.09,0,0
SCI,MBAG_V3A_40D_MICRO_SURGE_T3_5R,2026-04-16,VAL,BULL,288.92999267578125,267.94,362.39,3.5,0,1
SCI,MBAG_V3B_60D_VOLUME_ANOMALY_T4R,2026-04-16,VAL,BULL,288.92999267578125,267.94,372.89,0.69,0,0
SCI,MBAG_V3C_90D_MULTI_REGIME_T4R,2026-04-16,VAL,BULL,288.92999267578125,265.61,382.21,0.62,0,0
SCI,MBAG_V3D_60D_CONVEX_RUNNER_T5R,2026-04-16,VAL,BULL,288.92999267578125,270.27,382.23,0.82,0,0
SCI,MBAG_V1_CHAMP_BASE60_T3R,2026-04-17,VAL,BULL,305.8699951171875,272.81,405.05,0.77,0,0
SCI,MBAG_V2A_CONVEX_CAT_90D_T4R,2026-04-17,VAL,BULL,305.8699951171875,279.42,411.67,-0.51,0,0
SCI,MBAG_V2B_EXPANSION_120D_T5R,2026-04-17,VAL,BULL,305.8699951171875,282.06,424.92,-0.37,0,0
SCI,MBAG_V3A_40D_MICRO_SURGE_T3_5R,2026-04-17,VAL,BULL,305.8699951171875,282.06,389.2,0.44,0,0
SCI,MBAG_V3B_60D_VOLUME_ANOMALY_T4R,2026-04-17,VAL,BULL,305.8699951171875,282.06,401.11,-0.57,0,0
SCI,MBAG_V3C_90D_MULTI_REGIME_T4R,2026-04-17,VAL,BULL,305.8699951171875,279.42,411.67,-0.51,0,0
SCI,MBAG_V3D_60D_CONVEX_RUNNER_T5R,2026-04-17,VAL,BULL,305.8699951171875,284.71,411.67,-1.0,1,0
SCI,MBAG_V1_CHAMP_BASE60_T3R,2026-05-08,VAL,BULL,339.04998779296875,307.24,434.48,-1.0,1,0
SCI,MBAG_V3C_90D_MULTI_REGIME_T4R,2026-05-08,VAL,BULL,339.04998779296875,313.6,440.85,-1.0,1,0
SEAMECLTD,MBAG_V3A_40D_MICRO_SURGE_T3_5R,2025-08-22,DEV,BEAR,897.7999877929688,833.62,1122.43,0.09,0,0
SEAMECLTD,MBAG_V3A_40D_MICRO_SURGE_T3_5R,2025-08-25,DEV,BEAR,922.7000122070312,855.57,1157.66,-0.1,0,0
SEAMECLTD,MBAG_V1_CHAMP_BASE60_T3R,2025-08-29,DEV,NEUTRAL,988.0999755859375,884.49,1298.93,-0.81,0,0
SEAMECLTD,MBAG_V3A_40D_MICRO_SURGE_T3_5R,2025-08-29,DEV,NEUTRAL,988.0999755859375,913.5,1249.2,-1.0,1,0
SEAMECLTD,MBAG_V3B_60D_VOLUME_ANOMALY_T4R,2025-08-29,DEV,NEUTRAL,988.0999755859375,913.5,1286.5,-1.0,1,0
SEAMECLTD,MBAG_V3D_60D_CONVEX_RUNNER_T5R,2025-08-29,DEV,NEUTRAL,988.0999755859375,921.79,1319.65,-1.0,1,0
SEAMECLTD,MBAG_V1_CHAMP_BASE60_T3R,2025-12-05,DEV,BULL,1011.2999877929688,929.8,1255.8,1.13,0,0
SEAMECLTD,MBAG_V2A_CONVEX_CAT_90D_T4R,2025-12-05,DEV,BULL,1011.2999877929688,946.1,1272.1,1.24,0,0
SEAMECLTD,MBAG_V2B_EXPANSION_120D_T5R,2025-12-05,DEV,BULL,1011.2999877929688,952.62,1304.7,5.0,0,1
SEAMECLTD,MBAG_V3A_40D_MICRO_SURGE_T3_5R,2025-12-05,DEV,BULL,1011.2999877929688,952.62,1216.68,0.7,0,0
SEAMECLTD,MBAG_V3B_60D_VOLUME_ANOMALY_T4R,2025-12-05,DEV,BULL,1011.2999877929688,952.62,1246.02,1.38,0,0
SEAMECLTD,MBAG_V3C_90D_MULTI_REGIME_T4R,2025-12-05,DEV,BULL,1011.2999877929688,946.1,1272.1,1.24,0,0
SEAMECLTD,MBAG_V3D_60D_CONVEX_RUNNER_T5R,2025-12-05,DEV,BULL,1011.2999877929688,959.14,1272.1,-1.0,1,0
SEAMECLTD,MBAG_V1_CHAMP_BASE60_T3R,2025-12-11,DEV,BULL,1055.5999755859375,952.29,1365.53,0.14,0,0
SEAMECLTD,MBAG_V2A_CONVEX_CAT_90D_T4R,2025-12-11,DEV,BULL,1055.5999755859375,972.95,1386.2,-1.0,1,0
SEAMECLTD,MBAG_V2B_EXPANSION_120D_T5R,2025-12-11,DEV,BULL,1055.5999755859375,981.21,1427.55,-1.0,1,0
SEAMECLTD,MBAG_V3A_40D_MICRO_SURGE_T3_5R,2025-12-11,DEV,BULL,1055.5999755859375,981.21,1315.96,-1.0,1,0
SEAMECLTD,MBAG_V3B_60D_VOLUME_ANOMALY_T4R,2025-12-11,DEV,BULL,1055.5999755859375,981.21,1353.16,-1.0,1,0
SEAMECLTD,MBAG_V3C_90D_MULTI_REGIME_T4R,2025-12-11,DEV,BULL,1055.5999755859375,972.95,1386.2,-1.0,1,0
SEAMECLTD,MBAG_V3D_60D_CONVEX_RUNNER_T5R,2025-12-11,DEV,BULL,1055.5999755859375,989.48,1386.2,-1.0,1,0
SEAMECLTD,MBAG_V1_CHAMP_BASE60_T3R,2026-01-29,VAL,BULL,1291.699951171875,1156.16,1698.32,0.26,0,0
SEAMECLTD,MBAG_V2A_CONVEX_CAT_90D_T4R,2026-01-29,VAL,BULL,1291.699951171875,1183.27,1725.42,0.29,0,0
SEAMECLTD,MBAG_V2B_EXPANSION_120D_T5R,2026-01-29,VAL,BULL,1291.699951171875,1194.11,1779.65,1.2,0,0
SEAMECLTD,MBAG_V3A_40D_MICRO_SURGE_T3_5R,2026-01-29,VAL,BULL,1291.699951171875,1194.11,1633.26,0.56,0,0
SEAMECLTD,MBAG_V3B_60D_VOLUME_ANOMALY_T4R,2026-01-29,VAL,BULL,1291.699951171875,1194.11,1682.06,0.32,0,0
SEAMECLTD,MBAG_V3C_90D_MULTI_REGIME_T4R,2026-01-29,VAL,BULL,1291.699951171875,1183.27,1725.42,0.29,0,0
SEAMECLTD,MBAG_V3D_60D_CONVEX_RUNNER_T5R,2026-01-29,VAL,BULL,1291.699951171875,1204.96,1725.4,-1.0,1,0
SEAMECLTD,MBAG_V2A_CONVEX_CAT_90D_T4R,2026-02-10,VAL,BULL,1357.800048828125,1216.47,1923.12,0.45,0,0
SEAMECLTD,MBAG_V2B_EXPANSION_120D_T5R,2026-02-10,VAL,BULL,1357.800048828125,1230.6,1993.8,1.23,0,0
SEAMECLTD,MBAG_V3A_40D_MICRO_SURGE_T3_5R,2026-02-10,VAL,BULL,1357.800048828125,1230.6,1803.0,0.18,0,0
SEAMECLTD,MBAG_V3B_60D_VOLUME_ANOMALY_T4R,2026-02-10,VAL,BULL,1357.800048828125,1230.6,1866.6,0.5,0,0
SEAMECLTD,MBAG_V3C_90D_MULTI_REGIME_T4R,2026-02-10,VAL,BULL,1357.800048828125,1216.47,1923.12,0.45,0,0
SEAMECLTD,MBAG_V3D_60D_CONVEX_RUNNER_T5R,2026-02-10,VAL,BULL,1357.800048828125,1244.74,1923.1,-1.0,1,0
SENCO,MBAG_V1_CHAMP_BASE60_T3R,2025-09-02,DEV,BULL,824.6743612130712,805.81,881.27,3.0,0,1
SENORES,MBAG_V1_CHAMP_BASE60_T3R,2025-10-24,DEV,BULL,768.4500122070312,710.51,942.27,0.44,0,0
SENORES,MBAG_V1_CHAMP_BASE60_T3R,2025-11-06,DEV,BULL,804.8499755859375,744.39,986.23,-0.3,0,0
SENORES,MBAG_V3A_40D_MICRO_SURGE_T3_5R,2025-11-06,DEV,BULL,804.8499755859375,761.32,957.2,-1.0,1,0
SENORES,MBAG_V3B_60D_VOLUME_ANOMALY_T4R,2025-11-06,DEV,BULL,804.8499755859375,761.32,978.97,-1.0,1,0
SENORES,MBAG_V3D_60D_CONVEX_RUNNER_T5R,2025-11-06,DEV,BULL,804.8499755859375,766.15,998.35,-1.0,1,0
SENORES,MBAG_V1_CHAMP_BASE60_T3R,2026-01-02,VAL,BULL,865.2999877929688,791.35,1087.15,-1.0,1,0
SENORES,MBAG_V1_CHAMP_BASE60_T3R,2026-04-16,VAL,BULL,890.2999877929688,810.47,1129.79,0.81,0,0
SENORES,MBAG_V1_CHAMP_BASE60_T3R,2026-04-20,VAL,BULL,912.4000244140625,827.68,1166.56,3.0,0,1
SENORES,MBAG_V1_CHAMP_BASE60_T3R,2026-05-15,VAL,BULL,1050.3499755859375,944.86,1366.82,2.27,0,0
SENORES,MBAG_V2A_CONVEX_CAT_90D_T4R,2026-05-15,VAL,BULL,1050.3499755859375,965.96,1387.91,2.6,0,0
SENORES,MBAG_V2B_EXPANSION_120D_T5R,2026-05-15,VAL,BULL,1050.3499755859375,974.4,1430.1,5.0,0,1
SENORES,MBAG_V3A_40D_MICRO_SURGE_T3_5R,2026-05-15,VAL,BULL,1050.3499755859375,974.4,1316.17,3.5,0,1
SENORES,MBAG_V3B_60D_VOLUME_ANOMALY_T4R,2026-05-15,VAL,BULL,1050.3499755859375,974.4,1354.15,4.0,0,1
SENORES,MBAG_V3C_90D_MULTI_REGIME_T4R,2026-05-15,VAL,BULL,1050.3499755859375,965.96,1387.91,2.6,0,0
SENORES,MBAG_V3D_60D_CONVEX_RUNNER_T5R,2026-05-15,VAL,BULL,1050.3499755859375,982.84,1387.9,5.0,0,1
SENORES,MBAG_V1_CHAMP_BASE60_T3R,2026-05-18,VAL,BULL,1129.5,1004.42,1504.74,-1.0,1,0
SENORES,MBAG_V2A_CONVEX_CAT_90D_T4R,2026-05-18,VAL,BULL,1129.5,1029.44,1529.74,-1.0,1,0
SENORES,MBAG_V2B_EXPANSION_120D_T5R,2026-05-18,VAL,BULL,1129.5,1039.44,1579.8,-1.0,1,0
SENORES,MBAG_V3A_40D_MICRO_SURGE_T3_5R,2026-05-18,VAL,BULL,1129.5,1039.44,1444.71,-1.0,1,0
SENORES,MBAG_V3B_60D_VOLUME_ANOMALY_T4R,2026-05-18,VAL,BULL,1129.5,1039.44,1489.74,-1.0,1,0
SENORES,MBAG_V3C_90D_MULTI_REGIME_T4R,2026-05-18,VAL,BULL,1129.5,1029.44,1529.74,-1.0,1,0
SENORES,MBAG_V3D_60D_CONVEX_RUNNER_T5R,2026-05-18,VAL,BULL,1129.5,1049.45,1529.75,-1.0,1,0
SENORES,MBAG_V1_CHAMP_BASE60_T3R,2026-06-12,HOLDOUT,BULL,1290.0,1144.33,1727.01,0.88,0,0
SENORES,MBAG_V2A_CONVEX_CAT_90D_T4R,2026-06-12,HOLDOUT,BULL,1290.0,1173.46,1756.16,0.84,0,0
SENORES,MBAG_V3C_90D_MULTI_REGIME_T4R,2026-06-12,HOLDOUT,BULL,1290.0,1173.46,1756.16,0.84,0,0
SENORES,MBAG_V3D_60D_CONVEX_RUNNER_T5R,2026-06-12,HOLDOUT,BULL,1290.0,1196.77,1756.15,0.17,0,0
SENORES,MBAG_V1_CHAMP_BASE60_T3R,2026-07-08,HOLDOUT,BULL,1409.800048828125,1282.05,1793.05,-1.0,1,0
SFL,MBAG_V1_CHAMP_BASE60_T3R,2025-12-12,DEV,BULL,1902.6125466628478,1858.31,2035.52,3.0,0,1
SGFIN,MBAG_V1_CHAMP_BASE60_T3R,2026-01-07,VAL,BULL,441.8999938964844,401.7,562.5,-1.0,1,0
SGFIN,MBAG_V2A_CONVEX_CAT_90D_T4R,2026-01-07,VAL,BULL,441.8999938964844,409.74,570.54,-1.0,1,0
SGFIN,MBAG_V3A_40D_MICRO_SURGE_T3_5R,2026-01-07,VAL,BULL,441.8999938964844,412.96,543.19,-1.0,1,0
SGFIN,MBAG_V3B_60D_VOLUME_ANOMALY_T4R,2026-01-07,VAL,BULL,441.8999938964844,412.96,557.66,-1.0,1,0
SGFIN,MBAG_V3C_90D_MULTI_REGIME_T4R,2026-01-07,VAL,BULL,441.8999938964844,409.74,570.54,-1.0,1,0
SGFIN,MBAG_V3D_60D_CONVEX_RUNNER_T5R,2026-01-07,VAL,BULL,441.8999938964844,416.17,570.55,-1.0,1,0
SGFIN,MBAG_V3A_40D_MICRO_SURGE_T3_5R,2026-03-25,VAL,BULL,430.0,394.07,555.76,3.5,0,1
SGFIN,MBAG_V2A_CONVEX_CAT_90D_T4R,2026-03-27,VAL,BULL,453.70001220703125,409.77,629.42,4.0,0,1
SGFIN,MBAG_V2B_EXPANSION_120D_T5R,2026-03-27,VAL,BULL,453.70001220703125,414.16,651.4,-1.0,1,0
SGFIN,MBAG_V3A_40D_MICRO_SURGE_T3_5R,2026-03-27,VAL,BULL,453.70001220703125,414.16,592.09,-1.0,1,0
SGFIN,MBAG_V3B_60D_VOLUME_ANOMALY_T4R,2026-03-27,VAL,BULL,453.70001220703125,414.16,611.86,-1.0,1,0
SGFIN,MBAG_V3C_90D_MULTI_REGIME_T4R,2026-03-27,VAL,BULL,453.70001220703125,409.77,629.42,4.0,0,1
SGFIN,MBAG_V3D_60D_CONVEX_RUNNER_T5R,2026-03-27,VAL,BULL,453.70001220703125,418.56,629.4,-1.0,1,0
SGFIN,MBAG_V2A_CONVEX_CAT_90D_T4R,2026-04-16,VAL,BULL,516.7000122070312,458.64,748.94,0.92,0,0
SGFIN,MBAG_V2B_EXPANSION_120D_T5R,2026-04-16,VAL,BULL,516.7000122070312,464.45,777.95,1.02,0,0
SGFIN,MBAG_V3A_40D_MICRO_SURGE_T3_5R,2026-04-16,VAL,BULL,516.7000122070312,464.45,699.58,1.15,0,0
SGFIN,MBAG_V3B_60D_VOLUME_ANOMALY_T4R,2026-04-16,VAL,BULL,516.7000122070312,464.45,725.7,1.03,0,0
SGFIN,MBAG_V3C_90D_MULTI_REGIME_T4R,2026-04-16,VAL,BULL,516.7000122070312,458.64,748.94,0.92,0,0
SGFIN,MBAG_V3D_60D_CONVEX_RUNNER_T5R,2026-04-16,VAL,BULL,516.7000122070312,470.25,748.95,1.34,0,0
SGFIN,MBAG_V2A_CONVEX_CAT_90D_T4R,2026-04-21,VAL,BULL,541.4000244140625,483.26,773.96,0.46,0,0
SGFIN,MBAG_V3C_90D_MULTI_REGIME_T4R,2026-04-21,VAL,BULL,541.4000244140625,483.26,773.96,0.46,0,0
SGFIN,MBAG_V3D_60D_CONVEX_RUNNER_T5R,2026-04-21,VAL,BULL,541.4000244140625,494.89,773.95,1.39,0,0
SGFIN,MBAG_V1_CHAMP_BASE60_T3R,2026-05-06,VAL,BULL,591.4500122070312,524.07,793.59,-0.2,0,0
SHAILY,MBAG_V3D_60D_CONVEX_RUNNER_T5R,2025-11-17,DEV,BULL,2748.89990234375,2537.73,3804.75,-1.0,1,0
SHAILY,MBAG_V3A_40D_MICRO_SURGE_T3_5R,2026-03-18,VAL,BULL,2351.300048828125,2159.83,3021.45,-1.0,1,0
SHAILY,MBAG_V3A_40D_MICRO_SURGE_T3_5R,2026-03-20,VAL,BULL,2399.0,2182.83,3155.6,-1.0,1,0
SHAILY,MBAG_V2A_CONVEX_CAT_90D_T4R,2026-05-29,VAL,BULL,2989.5,2678.19,4234.74,-1.0,1,0
SHAILY,MBAG_V2B_EXPANSION_120D_T5R,2026-05-29,VAL,BULL,2989.5,2709.32,4390.4,-1.0,1,0
SHAILY,MBAG_V3A_40D_MICRO_SURGE_T3_5R,2026-05-29,VAL,BULL,2989.5,2709.32,3970.13,-1.0,1,0
SHAILY,MBAG_V3B_60D_VOLUME_ANOMALY_T4R,2026-05-29,VAL,BULL,2989.5,2709.32,4110.22,-1.0,1,0
SHAILY,MBAG_V3C_90D_MULTI_REGIME_T4R,2026-05-29,VAL,BULL,2989.5,2678.19,4234.74,-1.0,1,0
SHAILY,MBAG_V3D_60D_CONVEX_RUNNER_T5R,2026-05-29,VAL,BULL,2989.5,2740.45,4234.75,-1.0,1,0
SHAILY,MBAG_V2A_CONVEX_CAT_90D_T4R,2026-06-01,HOLDOUT,BULL,3144.800048828125,2813.13,4471.48,-1.0,1,0
SHAILY,MBAG_V3A_40D_MICRO_SURGE_T3_5R,2026-06-01,HOLDOUT,BULL,3144.800048828125,2846.3,4189.55,-1.0,1,0
SHAILY,MBAG_V3C_90D_MULTI_REGIME_T4R,2026-06-01,HOLDOUT,BULL,3144.800048828125,2813.13,4471.48,-1.0,1,0
SHAILY,MBAG_V3D_60D_CONVEX_RUNNER_T5R,2026-06-01,HOLDOUT,BULL,3144.800048828125,2879.46,4471.5,-1.0,1,0
SHAKTIPUMP,MBAG_V3A_40D_MICRO_SURGE_T3_5R,2026-05-07,VAL,BEAR,594.2525024414062,558.01,721.1,-1.0,1,0
SHARDACROP,MBAG_V1_CHAMP_BASE60_T3R,2026-01-29,VAL,BULL,979.4692993164062,876.42,1288.62,3.0,0,1
SHARDACROP,MBAG_V2A_CONVEX_CAT_90D_T4R,2026-01-29,VAL,BULL,979.4692993164062,897.03,1309.23,0.12,0,0
SHARDACROP,MBAG_V3A_40D_MICRO_SURGE_T3_5R,2026-01-29,VAL,BULL,979.4692993164062,905.28,1239.13,3.5,0,1
SHARDACROP,MBAG_V3B_60D_VOLUME_ANOMALY_T4R,2026-01-29,VAL,BULL,979.4692993164062,905.28,1276.23,4.0,0,1
SHARDACROP,MBAG_V3C_90D_MULTI_REGIME_T4R,2026-01-29,VAL,BULL,979.4692993164062,897.03,1309.23,0.12,0,0
SHARDACROP,MBAG_V3D_60D_CONVEX_RUNNER_T5R,2026-01-29,VAL,BULL,979.4692993164062,913.52,1309.22,-0.01,0,0
SHARDACROP,MBAG_V1_CHAMP_BASE60_T3R,2026-01-30,VAL,BULL,1030.504638671875,909.52,1393.46,1.33,0,0
SHARDACROP,MBAG_V2A_CONVEX_CAT_90D_T4R,2026-01-30,VAL,BULL,1030.504638671875,933.71,1417.68,-0.43,0,0
SHARDACROP,MBAG_V3A_40D_MICRO_SURGE_T3_5R,2026-01-30,VAL,BULL,1030.504638671875,943.39,1335.41,-0.18,0,0
SHARDACROP,MBAG_V3B_60D_VOLUME_ANOMALY_T4R,2026-01-30,VAL,BULL,1030.504638671875,943.39,1378.96,-0.47,0,0
SHARDACROP,MBAG_V3C_90D_MULTI_REGIME_T4R,2026-01-30,VAL,BULL,1030.504638671875,933.71,1417.68,-0.43,0,0
SHARDACROP,MBAG_V3D_60D_CONVEX_RUNNER_T5R,2026-01-30,VAL,BULL,1030.504638671875,953.07,1417.68,-1.0,1,0
SHARDACROP,MBAG_V2A_CONVEX_CAT_90D_T4R,2026-02-02,VAL,BULL,1121.0848388671875,1001.58,1599.1,-1.0,1,0
SHARDACROP,MBAG_V2B_EXPANSION_120D_T5R,2026-02-02,VAL,BULL,1121.0848388671875,1013.53,1658.86,-1.0,1,0
SHARDACROP,MBAG_V3A_40D_MICRO_SURGE_T3_5R,2026-02-02,VAL,BULL,1121.0848388671875,1013.53,1497.53,-1.0,1,0
SHARDACROP,MBAG_V3B_60D_VOLUME_ANOMALY_T4R,2026-02-02,VAL,BULL,1121.0848388671875,1013.53,1551.3,-1.0,1,0
SHARDACROP,MBAG_V3C_90D_MULTI_REGIME_T4R,2026-02-02,VAL,BULL,1121.0848388671875,1001.58,1599.1,-1.0,1,0
SHARDACROP,MBAG_V3D_60D_CONVEX_RUNNER_T5R,2026-02-02,VAL,BULL,1121.0848388671875,1025.48,1599.11,-1.0,1,0
SHAREINDIA,MBAG_V1_CHAMP_BASE60_T3R,2026-07-07,HOLDOUT,BULL,164.43832397460938,153.0,198.75,1.02,0,0
SHAREINDIA,MBAG_V2A_CONVEX_CAT_90D_T4R,2026-07-07,HOLDOUT,BULL,164.43832397460938,155.29,201.03,1.49,0,0
SHAREINDIA,MBAG_V2B_EXPANSION_120D_T5R,2026-07-07,HOLDOUT,BULL,164.43832397460938,156.2,205.63,0.77,0,0
SHAREINDIA,MBAG_V3A_40D_MICRO_SURGE_T3_5R,2026-07-07,HOLDOUT,BULL,164.43832397460938,156.2,193.27,3.5,0,1
SHAREINDIA,MBAG_V3B_60D_VOLUME_ANOMALY_T4R,2026-07-07,HOLDOUT,BULL,164.43832397460938,156.2,197.39,1.66,0,0
SHAREINDIA,MBAG_V3C_90D_MULTI_REGIME_T4R,2026-07-07,HOLDOUT,BULL,164.43832397460938,155.29,201.03,1.49,0,0
SHAREINDIA,MBAG_V3D_60D_CONVEX_RUNNER_T5R,2026-07-07,HOLDOUT,BULL,164.43832397460938,157.12,201.03,1.13,0,0
SHAREINDIA,MBAG_V1_CHAMP_BASE60_T3R,2026-07-08,HOLDOUT,BULL,177.21168518066406,161.52,224.29,-0.01,0,0
SHAREINDIA,MBAG_V2A_CONVEX_CAT_90D_T4R,2026-07-08,HOLDOUT,BULL,177.21168518066406,164.66,227.42,-0.12,0,0
SHAREINDIA,MBAG_V2B_EXPANSION_120D_T5R,2026-07-08,HOLDOUT,BULL,177.21168518066406,165.91,233.72,-1.0,1,0
SHAREINDIA,MBAG_V3A_40D_MICRO_SURGE_T3_5R,2026-07-08,HOLDOUT,BULL,177.21168518066406,165.91,216.77,-1.0,1,0
SHAREINDIA,MBAG_V3B_60D_VOLUME_ANOMALY_T4R,2026-07-08,HOLDOUT,BULL,177.21168518066406,165.91,222.42,-1.0,1,0
SHAREINDIA,MBAG_V3C_90D_MULTI_REGIME_T4R,2026-07-08,HOLDOUT,BULL,177.21168518066406,164.66,227.42,-0.12,0,0
SHAREINDIA,MBAG_V3D_60D_CONVEX_RUNNER_T5R,2026-07-08,HOLDOUT,BULL,177.21168518066406,167.17,227.42,-1.0,1,0
SHILPAMED,MBAG_V1_CHAMP_BASE60_T3R,2026-05-06,VAL,BULL,441.8999938964844,396.53,578.01,1.62,0,0
SHILPAMED,MBAG_V2A_CONVEX_CAT_90D_T4R,2026-05-06,VAL,BULL,441.8999938964844,405.61,587.06,3.6,0,0
SHILPAMED,MBAG_V3C_90D_MULTI_REGIME_T4R,2026-05-06,VAL,BULL,441.8999938964844,405.61,587.06,3.6,0,0
SHILPAMED,MBAG_V3D_60D_CONVEX_RUNNER_T5R,2026-05-06,VAL,BULL,441.8999938964844,412.87,587.05,5.0,0,1
SHILPAMED,MBAG_V1_CHAMP_BASE60_T3R,2026-05-11,VAL,BULL,456.1499938964844,405.2,609.0,1.5,0,0
SHILPAMED,MBAG_V2A_CONVEX_CAT_90D_T4R,2026-05-11,VAL,BULL,456.1499938964844,415.39,619.19,2.25,0,0
SHILPAMED,MBAG_V2B_EXPANSION_120D_T5R,2026-05-11,VAL,BULL,456.1499938964844,419.47,639.55,3.83,0,0
SHILPAMED,MBAG_V3A_40D_MICRO_SURGE_T3_5R,2026-05-11,VAL,BULL,456.1499938964844,419.47,584.53,2.09,0,0
SHILPAMED,MBAG_V3B_60D_VOLUME_ANOMALY_T4R,2026-05-11,VAL,BULL,456.1499938964844,419.47,602.87,2.5,0,0
SHILPAMED,MBAG_V3C_90D_MULTI_REGIME_T4R,2026-05-11,VAL,BULL,456.1499938964844,415.39,619.19,2.25,0,0
SHILPAMED,MBAG_V3D_60D_CONVEX_RUNNER_T5R,2026-05-11,VAL,BULL,456.1499938964844,423.54,619.2,3.6,0,0
SHILPAMED,MBAG_V1_CHAMP_BASE60_T3R,2026-05-15,VAL,BULL,478.3999938964844,425.21,637.97,1.29,0,0
SHILPAMED,MBAG_V2A_CONVEX_CAT_90D_T4R,2026-05-15,VAL,BULL,478.3999938964844,435.85,648.6,2.19,0,0
SHILPAMED,MBAG_V2B_EXPANSION_120D_T5R,2026-05-15,VAL,BULL,478.3999938964844,440.1,669.9,3.88,0,0
SHILPAMED,MBAG_V3A_40D_MICRO_SURGE_T3_5R,2026-05-15,VAL,BULL,478.3999938964844,440.1,612.45,1.9,0,0
SHILPAMED,MBAG_V3B_60D_VOLUME_ANOMALY_T4R,2026-05-15,VAL,BULL,478.3999938964844,440.1,631.6,2.43,0,0
SHILPAMED,MBAG_V3C_90D_MULTI_REGIME_T4R,2026-05-15,VAL,BULL,478.3999938964844,435.85,648.6,2.19,0,0
SHILPAMED,MBAG_V3D_60D_CONVEX_RUNNER_T5R,2026-05-15,VAL,BULL,478.3999938964844,444.36,648.6,3.84,0,0
SHILPAMED,MBAG_V2A_CONVEX_CAT_90D_T4R,2026-06-23,HOLDOUT,BULL,591.1500244140625,531.42,830.07,0.9,0,0
SHILPAMED,MBAG_V2B_EXPANSION_120D_T5R,2026-06-23,HOLDOUT,BULL,591.1500244140625,537.39,859.95,4.07,0,0
SHILPAMED,MBAG_V3A_40D_MICRO_SURGE_T3_5R,2026-06-23,HOLDOUT,BULL,591.1500244140625,537.39,779.31,0.26,0,0
SHILPAMED,MBAG_V3B_60D_VOLUME_ANOMALY_T4R,2026-06-23,HOLDOUT,BULL,591.1500244140625,537.39,806.19,1.0,0,0
SHILPAMED,MBAG_V3C_90D_MULTI_REGIME_T4R,2026-06-23,HOLDOUT,BULL,591.1500244140625,531.42,830.07,0.9,0,0
SHILPAMED,MBAG_V3D_60D_CONVEX_RUNNER_T5R,2026-06-23,HOLDOUT,BULL,591.1500244140625,543.37,830.05,4.78,0,0
SHREECEM,MBAG_V1_CHAMP_BASE60_T3R,2026-06-24,HOLDOUT,NEUTRAL,26002.412109375,24531.24,30415.93,0.49,0,0
SHRIPISTON,MBAG_V1_CHAMP_BASE60_T3R,2025-12-05,DEV,BULL,2829.83154296875,2647.37,3377.22,3.0,0,1
SHRIPISTON,MBAG_V2A_CONVEX_CAT_90D_T4R,2025-12-05,DEV,BULL,2829.83154296875,2683.86,3413.72,-0.03,0,0
SHRIPISTON,MBAG_V3A_40D_MICRO_SURGE_T3_5R,2025-12-05,DEV,BULL,2829.83154296875,2698.46,3289.63,3.5,0,1
SHRIPISTON,MBAG_V3B_60D_VOLUME_ANOMALY_T4R,2025-12-05,DEV,BULL,2829.83154296875,2698.46,3355.32,4.0,0,1
SHRIPISTON,MBAG_V3C_90D_MULTI_REGIME_T4R,2025-12-05,DEV,BULL,2829.83154296875,2683.86,3413.72,-0.03,0,0
SHRIPISTON,MBAG_V3D_60D_CONVEX_RUNNER_T5R,2025-12-05,DEV,BULL,2829.83154296875,2713.06,3413.69,-1.0,1,0
SHRIPISTON,MBAG_V1_CHAMP_BASE60_T3R,2025-12-08,DEV,BULL,3035.84423828125,2805.34,3727.36,1.26,0,0
SHRIPISTON,MBAG_V2A_CONVEX_CAT_90D_T4R,2025-12-08,DEV,BULL,3035.84423828125,2851.44,3773.46,-1.0,1,0
SHRIPISTON,MBAG_V3A_40D_MICRO_SURGE_T3_5R,2025-12-08,DEV,BULL,3035.84423828125,2869.88,3616.72,0.01,0,0
SHRIPISTON,MBAG_V3B_60D_VOLUME_ANOMALY_T4R,2025-12-08,DEV,BULL,3035.84423828125,2869.88,3699.7,-1.0,1,0
SHRIPISTON,MBAG_V3C_90D_MULTI_REGIME_T4R,2025-12-08,DEV,BULL,3035.84423828125,2851.44,3773.46,-1.0,1,0
SHRIPISTON,MBAG_V3D_60D_CONVEX_RUNNER_T5R,2025-12-08,DEV,BULL,3035.84423828125,2888.32,3773.47,-1.0,1,0
SHRIPISTON,MBAG_V1_CHAMP_BASE60_T3R,2026-04-10,VAL,BULL,3603.87353515625,3196.51,4825.96,-0.29,0,0
SHRIPISTON,MBAG_V2A_CONVEX_CAT_90D_T4R,2026-04-10,VAL,BULL,3603.87353515625,3277.98,4907.45,-1.0,1,0
SHRIPISTON,MBAG_V2B_EXPANSION_120D_T5R,2026-04-10,VAL,BULL,3603.87353515625,3310.57,5070.39,-1.0,1,0
SHRIPISTON,MBAG_V3A_40D_MICRO_SURGE_T3_5R,2026-04-10,VAL,BULL,3603.87353515625,3310.57,4630.44,-1.0,1,0
SHRIPISTON,MBAG_V3B_60D_VOLUME_ANOMALY_T4R,2026-04-10,VAL,BULL,3603.87353515625,3310.57,4777.09,-1.0,1,0
SHRIPISTON,MBAG_V3C_90D_MULTI_REGIME_T4R,2026-04-10,VAL,BULL,3603.87353515625,3277.98,4907.45,-1.0,1,0
SHRIPISTON,MBAG_V3D_60D_CONVEX_RUNNER_T5R,2026-04-10,VAL,BULL,3603.87353515625,3343.16,4907.44,-1.0,1,0
SHRIPISTON,MBAG_V1_CHAMP_BASE60_T3R,2026-06-18,HOLDOUT,BULL,3802.634765625,3484.28,4757.7,1.22,0,0
SHRIPISTON,MBAG_V3C_90D_MULTI_REGIME_T4R,2026-06-18,HOLDOUT,BULL,3802.634765625,3547.95,4821.37,2.11,0,0
SHRIPISTON,MBAG_V1_CHAMP_BASE60_T3R,2026-06-30,HOLDOUT,BULL,4182.37890625,3853.56,5168.84,0.27,0,0
SHRIPISTON,MBAG_V3C_90D_MULTI_REGIME_T4R,2026-06-30,HOLDOUT,BULL,4182.37890625,3919.32,5234.61,0.9,0,0
SHRIRAMFIN,MBAG_V1_CHAMP_BASE60_T3R,2025-10-23,DEV,BULL,701.3843383789062,665.25,809.79,3.0,0,1
SHRIRAMFIN,MBAG_V1_CHAMP_BASE60_T3R,2025-10-29,DEV,BULL,729.848876953125,693.42,839.14,3.0,0,1
SHRIRAMFIN,MBAG_V1_CHAMP_BASE60_T3R,2025-10-31,DEV,BULL,740.1771240234375,697.2,869.11,2.48,0,0
SHRIRAMFIN,MBAG_V3A_40D_MICRO_SURGE_T3_5R,2025-10-31,DEV,BULL,740.1771240234375,709.23,848.49,3.5,0,1
SHRIRAMFIN,MBAG_V3B_60D_VOLUME_ANOMALY_T4R,2025-10-31,DEV,BULL,740.1771240234375,709.23,863.97,4.0,0,1
SHRIRAMFIN,MBAG_V3D_60D_CONVEX_RUNNER_T5R,2025-10-31,DEV,BULL,740.1771240234375,712.67,877.71,5.0,0,1
SHRIRAMFIN,MBAG_V1_CHAMP_BASE60_T3R,2025-11-03,DEV,BULL,787.17333984375,739.62,929.83,1.08,0,0
SHRIRAMFIN,MBAG_V3A_40D_MICRO_SURGE_T3_5R,2025-11-03,DEV,BULL,787.17333984375,752.93,907.03,1.6,0,0
SHRIRAMFIN,MBAG_V3B_60D_VOLUME_ANOMALY_T4R,2025-11-03,DEV,BULL,787.17333984375,752.93,924.15,1.65,0,0
SHRIRAMFIN,MBAG_V3D_60D_CONVEX_RUNNER_T5R,2025-11-03,DEV,BULL,787.17333984375,756.74,939.34,5.0,0,1
SHRIRAMFIN,MBAG_V1_CHAMP_BASE60_T3R,2025-12-19,DEV,BULL,896.6281127929688,837.47,1074.1,1.83,0,0
SHRIRAMFIN,MBAG_V2A_CONVEX_CAT_90D_T4R,2025-12-19,DEV,BULL,896.6281127929688,849.3,1085.94,2.07,0,0
SHRIRAMFIN,MBAG_V3A_40D_MICRO_SURGE_T3_5R,2025-12-19,DEV,BULL,896.6281127929688,854.04,1045.69,2.32,0,0
SHRIRAMFIN,MBAG_V3B_60D_VOLUME_ANOMALY_T4R,2025-12-19,DEV,BULL,896.6281127929688,854.04,1066.98,2.3,0,0
SHRIRAMFIN,MBAG_V3C_90D_MULTI_REGIME_T4R,2025-12-19,DEV,BULL,896.6281127929688,849.3,1085.94,2.07,0,0
SHRIRAMFIN,MBAG_V3D_60D_CONVEX_RUNNER_T5R,2025-12-19,DEV,BULL,896.6281127929688,858.77,1085.92,3.86,0,0
SHRIRAMFIN,MBAG_V1_CHAMP_BASE60_T3R,2025-12-22,DEV,BULL,929.5916137695312,866.95,1117.52,0.84,0,0
SHRIRAMFIN,MBAG_V2A_CONVEX_CAT_90D_T4R,2025-12-22,DEV,BULL,929.5916137695312,879.48,1130.04,1.27,0,0
SHRIRAMFIN,MBAG_V3A_40D_MICRO_SURGE_T3_5R,2025-12-22,DEV,BULL,929.5916137695312,884.49,1087.45,1.85,0,0
SHRIRAMFIN,MBAG_V3B_60D_VOLUME_ANOMALY_T4R,2025-12-22,DEV,BULL,929.5916137695312,884.49,1110.0,1.41,0,0
SHRIRAMFIN,MBAG_V3C_90D_MULTI_REGIME_T4R,2025-12-22,DEV,BULL,929.5916137695312,879.48,1130.04,1.27,0,0
SHRIRAMFIN,MBAG_V3D_60D_CONVEX_RUNNER_T5R,2025-12-22,DEV,BULL,929.5916137695312,889.5,1130.05,3.02,0,0
SHYAMMETL,MBAG_V3A_40D_MICRO_SURGE_T3_5R,2026-01-29,VAL,NEUTRAL,870.75,825.22,1030.1,-1.0,1,0
SHYAMMETL,MBAG_V1_CHAMP_BASE60_T3R,2026-02-09,VAL,NEUTRAL,890.7000122070312,818.59,1107.03,-1.0,1,0
SHYAMMETL,MBAG_V1_CHAMP_BASE60_T3R,2026-02-10,VAL,BULL,902.7999877929688,829.95,1121.35,-1.0,1,0
SHYAMMETL,MBAG_V3A_40D_MICRO_SURGE_T3_5R,2026-04-27,VAL,BULL,886.1500244140625,829.43,1084.67,-1.0,1,0
SHYAMMETL,MBAG_V1_CHAMP_BASE60_T3R,2026-05-25,VAL,BULL,962.0499877929688,880.09,1207.93,-0.02,0,0
SHYAMMETL,MBAG_V1_CHAMP_BASE60_T3R,2026-05-26,VAL,BULL,979.0999755859375,895.76,1229.12,-0.19,0,0
SIEMENS,MBAG_V1_CHAMP_BASE60_T3R,2026-05-18,VAL,BULL,1944.2941526155807,1901.96,2071.3,3.0,0,1
SIEMENS,MBAG_V1_CHAMP_BASE60_T3R,2026-05-28,VAL,BULL,2049.9418333280364,2007.87,2176.16,-1.0,1,0
SIGNPOST,MBAG_V1_CHAMP_BASE60_T3R,2026-02-10,VAL,BULL,246.72000122070312,222.54,319.26,-0.69,0,0
SIGNPOST,MBAG_V3A_40D_MICRO_SURGE_T3_5R,2026-02-10,VAL,BULL,246.72000122070312,229.31,307.66,-1.0,1,0
SIGNPOST,MBAG_V3B_60D_VOLUME_ANOMALY_T4R,2026-02-10,VAL,BULL,246.72000122070312,229.31,316.36,-1.0,1,0
SIGNPOST,MBAG_V3D_60D_CONVEX_RUNNER_T5R,2026-02-10,VAL,BULL,246.72000122070312,231.24,324.12,-1.0,1,0
SIGNPOST,MBAG_V1_CHAMP_BASE60_T3R,2026-04-20,VAL,BULL,270.4100036621094,242.38,354.5,0.11,0,0
SIGNPOST,MBAG_V2A_CONVEX_CAT_90D_T4R,2026-04-20,VAL,BULL,270.4100036621094,247.99,360.09,0.2,0,0
SIGNPOST,MBAG_V2B_EXPANSION_120D_T5R,2026-04-20,VAL,BULL,270.4100036621094,250.23,371.31,-0.66,0,0
SIGNPOST,MBAG_V3A_40D_MICRO_SURGE_T3_5R,2026-04-20,VAL,BULL,270.4100036621094,250.23,341.04,1.72,0,0
SIGNPOST,MBAG_V3B_60D_VOLUME_ANOMALY_T4R,2026-04-20,VAL,BULL,270.4100036621094,250.23,351.13,0.23,0,0
SIGNPOST,MBAG_V3C_90D_MULTI_REGIME_T4R,2026-04-20,VAL,BULL,270.4100036621094,247.99,360.09,0.2,0,0
SIGNPOST,MBAG_V3D_60D_CONVEX_RUNNER_T5R,2026-04-20,VAL,BULL,270.4100036621094,252.47,360.11,-0.02,0,0
SIGNPOST,MBAG_V2A_CONVEX_CAT_90D_T4R,2026-05-06,VAL,BULL,297.04998779296875,263.35,431.85,-1.0,1,0
SIGNPOST,MBAG_V2B_EXPANSION_120D_T5R,2026-05-06,VAL,BULL,297.04998779296875,266.72,448.7,-1.0,1,0
SIGNPOST,MBAG_V3A_40D_MICRO_SURGE_T3_5R,2026-05-06,VAL,BULL,297.04998779296875,266.72,403.2,-1.0,1,0
SIGNPOST,MBAG_V3B_60D_VOLUME_ANOMALY_T4R,2026-05-06,VAL,BULL,297.04998779296875,266.72,418.37,-1.0,1,0
SIGNPOST,MBAG_V3C_90D_MULTI_REGIME_T4R,2026-05-06,VAL,BULL,297.04998779296875,263.35,431.85,-1.0,1,0
SIGNPOST,MBAG_V3D_60D_CONVEX_RUNNER_T5R,2026-05-06,VAL,BULL,297.04998779296875,270.09,431.85,-1.0,1,0
SIRCA,MBAG_V1_CHAMP_BASE60_T3R,2025-07-30,DEV,BULL,428.703857421875,404.69,500.75,1.36,0,0
SIRCA,MBAG_V2A_CONVEX_CAT_90D_T4R,2025-07-30,DEV,BULL,428.703857421875,409.49,505.56,1.94,0,0
SIRCA,MBAG_V2B_EXPANSION_120D_T5R,2025-07-30,DEV,BULL,428.703857421875,411.42,515.12,3.18,0,0
SIRCA,MBAG_V3A_40D_MICRO_SURGE_T3_5R,2025-07-30,DEV,BULL,428.703857421875,411.42,489.2,2.26,0,0
SIRCA,MBAG_V3B_60D_VOLUME_ANOMALY_T4R,2025-07-30,DEV,BULL,428.703857421875,411.42,497.84,2.15,0,0
SIRCA,MBAG_V3C_90D_MULTI_REGIME_T4R,2025-07-30,DEV,BULL,428.703857421875,409.49,505.56,1.94,0,0
SIRCA,MBAG_V3D_60D_CONVEX_RUNNER_T5R,2025-07-30,DEV,BULL,428.703857421875,413.34,505.52,3.97,0,0
SIRCA,MBAG_V1_CHAMP_BASE60_T3R,2025-09-09,DEV,BULL,481.0,450.75,571.75,-1.0,1,0
SIRCA,MBAG_V2A_CONVEX_CAT_90D_T4R,2025-09-09,DEV,BULL,481.0,456.8,577.8,-1.0,1,0
SIRCA,MBAG_V2B_EXPANSION_120D_T5R,2025-09-09,DEV,BULL,481.0,459.22,589.9,-1.0,1,0
SIRCA,MBAG_V3A_40D_MICRO_SURGE_T3_5R,2025-09-09,DEV,BULL,481.0,459.22,557.23,-1.0,1,0
SIRCA,MBAG_V3B_60D_VOLUME_ANOMALY_T4R,2025-09-09,DEV,BULL,481.0,459.22,568.12,-1.0,1,0
SIRCA,MBAG_V3C_90D_MULTI_REGIME_T4R,2025-09-09,DEV,BULL,481.0,456.8,577.8,-1.0,1,0
SIRCA,MBAG_V3D_60D_CONVEX_RUNNER_T5R,2025-09-09,DEV,BULL,481.0,461.64,577.8,-1.0,1,0
SJS,MBAG_V1_CHAMP_BASE60_T3R,2025-11-03,DEV,BULL,1629.5523681640625,1482.88,2069.57,0.24,0,0
SJS,MBAG_V3D_60D_CONVEX_RUNNER_T5R,2025-11-03,DEV,BULL,1629.5523681640625,1535.68,2098.91,1.57,0,0
SJS,MBAG_V1_CHAMP_BASE60_T3R,2025-11-04,DEV,BULL,1727.7928466796875,1566.13,2212.78,-0.17,0,0
SJS,MBAG_V3A_40D_MICRO_SURGE_T3_5R,2025-11-04,DEV,BULL,1727.7928466796875,1611.39,2135.2,-0.46,0,0
SJS,MBAG_V3B_60D_VOLUME_ANOMALY_T4R,2025-11-04,DEV,BULL,1727.7928466796875,1611.39,2193.4,-0.73,0,0
SJS,MBAG_V3D_60D_CONVEX_RUNNER_T5R,2025-11-04,DEV,BULL,1727.7928466796875,1624.33,2245.11,-1.0,1,0
SJS,MBAG_V1_CHAMP_BASE60_T3R,2026-01-02,VAL,BULL,1837.2149658203125,1686.05,2290.71,-1.0,1,0
SJS,MBAG_V2A_CONVEX_CAT_90D_T4R,2026-01-02,VAL,BULL,1837.2149658203125,1716.28,2320.95,-1.0,1,0
SJS,MBAG_V3A_40D_MICRO_SURGE_T3_5R,2026-01-02,VAL,BULL,1837.2149658203125,1728.38,2218.14,-1.0,1,0
SJS,MBAG_V3B_60D_VOLUME_ANOMALY_T4R,2026-01-02,VAL,BULL,1837.2149658203125,1728.38,2272.55,-1.0,1,0
SJS,MBAG_V3C_90D_MULTI_REGIME_T4R,2026-01-02,VAL,BULL,1837.2149658203125,1716.28,2320.95,-1.0,1,0
SJS,MBAG_V3D_60D_CONVEX_RUNNER_T5R,2026-01-02,VAL,BULL,1837.2149658203125,1740.47,2320.94,-1.0,1,0
SJS,MBAG_V1_CHAMP_BASE60_T3R,2026-05-06,VAL,BULL,1946.3377685546875,1770.93,2472.56,0.12,0,0
SJS,MBAG_V2A_CONVEX_CAT_90D_T4R,2026-05-06,VAL,BULL,1946.3377685546875,1806.01,2507.65,1.74,0,0
SJS,MBAG_V2B_EXPANSION_120D_T5R,2026-05-06,VAL,BULL,1946.3377685546875,1820.04,2577.83,2.23,0,0
SJS,MBAG_V3A_40D_MICRO_SURGE_T3_5R,2026-05-06,VAL,BULL,1946.3377685546875,1820.04,2388.38,1.01,0,0
SJS,MBAG_V3B_60D_VOLUME_ANOMALY_T4R,2026-05-06,VAL,BULL,1946.3377685546875,1820.04,2451.53,1.93,0,0
SJS,MBAG_V3C_90D_MULTI_REGIME_T4R,2026-05-06,VAL,BULL,1946.3377685546875,1806.01,2507.65,1.74,0,0
SJS,MBAG_V3D_60D_CONVEX_RUNNER_T5R,2026-05-06,VAL,BULL,1946.3377685546875,1834.07,2507.68,1.85,0,0
SJS,MBAG_V1_CHAMP_BASE60_T3R,2026-05-07,VAL,BULL,1993.660888671875,1818.3,2519.74,-0.04,0,0
SJS,MBAG_V2A_CONVEX_CAT_90D_T4R,2026-05-07,VAL,BULL,1993.660888671875,1853.37,2554.82,-1.0,1,0
SJS,MBAG_V2B_EXPANSION_120D_T5R,2026-05-07,VAL,BULL,1993.660888671875,1867.4,2624.97,-1.0,1,0
SJS,MBAG_V3A_40D_MICRO_SURGE_T3_5R,2026-05-07,VAL,BULL,1993.660888671875,1867.4,2435.57,-1.0,1,0
SJS,MBAG_V3B_60D_VOLUME_ANOMALY_T4R,2026-05-07,VAL,BULL,1993.660888671875,1867.4,2498.7,-1.0,1,0
SJS,MBAG_V3C_90D_MULTI_REGIME_T4R,2026-05-07,VAL,BULL,1993.660888671875,1853.37,2554.82,-1.0,1,0
SJS,MBAG_V3D_60D_CONVEX_RUNNER_T5R,2026-05-07,VAL,BULL,1993.660888671875,1881.43,2554.82,-1.0,1,0
SJS,MBAG_V1_CHAMP_BASE60_T3R,2026-06-15,HOLDOUT,BULL,2200.225341796875,1999.16,2803.42,-0.23,0,0
SJVN,MBAG_V1_CHAMP_BASE60_T3R,2025-09-18,DEV,BULL,2301.6637492182977,2251.66,2451.67,3.0,0,1
SKIPPER,MBAG_V1_CHAMP_BASE60_T3R,2026-01-02,VAL,BULL,1032.594894229868,1011.23,1096.69,-1.0,1,0
SKMEGGPROD,MBAG_V1_CHAMP_BASE60_T3R,2025-10-29,DEV,BULL,193.35000610351562,174.34,250.38,1.32,0,0
SKMEGGPROD,MBAG_V3D_60D_CONVEX_RUNNER_T5R,2025-10-29,DEV,BULL,193.35000610351562,181.18,254.2,0.99,0,0
SKMEGGPROD,MBAG_V1_CHAMP_BASE60_T3R,2025-10-30,DEV,BULL,203.0,185.68,254.96,0.49,0,0
SKMEGGPROD,MBAG_V1_CHAMP_BASE60_T3R,2025-10-31,DEV,BULL,208.625,190.1,264.2,0.04,0,0
SKMEGGPROD,MBAG_V3A_40D_MICRO_SURGE_T3_5R,2025-10-31,DEV,BULL,208.625,195.29,255.3,-1.0,1,0
SKMEGGPROD,MBAG_V3B_60D_VOLUME_ANOMALY_T4R,2025-10-31,DEV,BULL,208.625,195.29,261.97,-1.0,1,0
SKMEGGPROD,MBAG_V3D_60D_CONVEX_RUNNER_T5R,2025-10-31,DEV,BULL,208.625,196.77,267.9,-1.0,1,0
SKMEGGPROD,MBAG_V1_CHAMP_BASE60_T3R,2026-05-19,VAL,BULL,195.10000610351562,173.89,258.73,-1.0,1,0
SKMEGGPROD,MBAG_V3A_40D_MICRO_SURGE_T3_5R,2026-05-19,VAL,BULL,195.10000610351562,179.83,248.55,-1.0,1,0
SKMEGGPROD,MBAG_V3B_60D_VOLUME_ANOMALY_T4R,2026-05-19,VAL,BULL,195.10000610351562,179.83,256.18,-1.0,1,0
SKMEGGPROD,MBAG_V3D_60D_CONVEX_RUNNER_T5R,2026-05-19,VAL,BULL,195.10000610351562,181.53,262.95,-1.0,1,0
SKMEGGPROD,MBAG_V2B_EXPANSION_120D_T5R,2026-06-02,HOLDOUT,BULL,232.77000427246094,205.78,367.72,5.0,0,1
SKMEGGPROD,MBAG_V3A_40D_MICRO_SURGE_T3_5R,2026-06-02,HOLDOUT,BULL,232.77000427246094,205.78,327.24,2.88,0,0
SKMEGGPROD,MBAG_V3B_60D_VOLUME_ANOMALY_T4R,2026-06-02,HOLDOUT,BULL,232.77000427246094,205.78,340.73,4.0,0,1
SKMEGGPROD,MBAG_V3D_60D_CONVEX_RUNNER_T5R,2026-06-02,HOLDOUT,BULL,232.77000427246094,208.78,352.72,5.0,0,1
SKMEGGPROD,MBAG_V2A_CONVEX_CAT_90D_T4R,2026-06-24,HOLDOUT,BULL,268.0,238.15,387.4,-1.0,1,0
SKMEGGPROD,MBAG_V2B_EXPANSION_120D_T5R,2026-06-24,HOLDOUT,BULL,268.0,241.14,402.3,-1.0,1,0
SKMEGGPROD,MBAG_V3A_40D_MICRO_SURGE_T3_5R,2026-06-24,HOLDOUT,BULL,268.0,241.14,362.01,3.5,0,1
SKMEGGPROD,MBAG_V3B_60D_VOLUME_ANOMALY_T4R,2026-06-24,HOLDOUT,BULL,268.0,241.14,375.44,-1.0,1,0
SKMEGGPROD,MBAG_V3C_90D_MULTI_REGIME_T4R,2026-06-24,HOLDOUT,BULL,268.0,238.15,387.4,-1.0,1,0
SKMEGGPROD,MBAG_V3D_60D_CONVEX_RUNNER_T5R,2026-06-24,HOLDOUT,BULL,268.0,244.12,387.4,-1.0,1,0
SKMEGGPROD,MBAG_V2A_CONVEX_CAT_90D_T4R,2026-06-29,HOLDOUT,BULL,304.04998779296875,273.55,426.05,-1.0,1,0
SKMEGGPROD,MBAG_V2B_EXPANSION_120D_T5R,2026-06-29,HOLDOUT,BULL,304.04998779296875,276.6,441.3,-1.0,1,0
SKMEGGPROD,MBAG_V3A_40D_MICRO_SURGE_T3_5R,2026-06-29,HOLDOUT,BULL,304.04998779296875,276.6,400.12,-1.0,1,0
SKMEGGPROD,MBAG_V3B_60D_VOLUME_ANOMALY_T4R,2026-06-29,HOLDOUT,BULL,304.04998779296875,276.6,413.85,-1.0,1,0
SKMEGGPROD,MBAG_V3C_90D_MULTI_REGIME_T4R,2026-06-29,HOLDOUT,BULL,304.04998779296875,273.55,426.05,-1.0,1,0
SKMEGGPROD,MBAG_V3D_60D_CONVEX_RUNNER_T5R,2026-06-29,HOLDOUT,BULL,304.04998779296875,279.65,426.05,-1.0,1,0
SKYGOLD,MBAG_V3A_40D_MICRO_SURGE_T3_5R,2026-02-12,VAL,BULL,368.20001220703125,335.21,483.67,-1.0,1,0
SKYGOLD,MBAG_V2A_CONVEX_CAT_90D_T4R,2026-04-15,VAL,BULL,419.6000061035156,378.45,584.2,1.63,0,0
SKYGOLD,MBAG_V3A_40D_MICRO_SURGE_T3_5R,2026-04-15,VAL,BULL,419.6000061035156,382.56,549.24,3.5,0,1
SKYGOLD,MBAG_V3C_90D_MULTI_REGIME_T4R,2026-04-15,VAL,BULL,419.6000061035156,378.45,584.2,1.63,0,0
SKYGOLD,MBAG_V3D_60D_CONVEX_RUNNER_T5R,2026-04-15,VAL,BULL,419.6000061035156,386.68,584.2,4.36,0,0
SKYGOLD,MBAG_V1_CHAMP_BASE60_T3R,2026-04-29,VAL,BULL,458.54998779296875,412.57,596.49,0.61,0,0
SKYGOLD,MBAG_V2A_CONVEX_CAT_90D_T4R,2026-04-29,VAL,BULL,458.54998779296875,421.76,605.71,-1.0,1,0
SKYGOLD,MBAG_V2B_EXPANSION_120D_T5R,2026-04-29,VAL,BULL,458.54998779296875,425.44,624.1,-1.0,1,0
SKYGOLD,MBAG_V3A_40D_MICRO_SURGE_T3_5R,2026-04-29,VAL,BULL,458.54998779296875,425.44,574.43,-1.0,1,0
SKYGOLD,MBAG_V3B_60D_VOLUME_ANOMALY_T4R,2026-04-29,VAL,BULL,458.54998779296875,425.44,590.99,-1.0,1,0
SKYGOLD,MBAG_V3C_90D_MULTI_REGIME_T4R,2026-04-29,VAL,BULL,458.54998779296875,421.76,605.71,-1.0,1,0
SKYGOLD,MBAG_V3D_60D_CONVEX_RUNNER_T5R,2026-04-29,VAL,BULL,458.54998779296875,429.12,605.7,-1.0,1,0
SKYGOLD,MBAG_V1_CHAMP_BASE60_T3R,2026-05-07,VAL,BULL,497.04998779296875,453.63,627.31,-1.0,1,0
SKYGOLD,MBAG_V2A_CONVEX_CAT_90D_T4R,2026-05-07,VAL,BULL,497.04998779296875,462.31,636.01,-1.0,1,0
SKYGOLD,MBAG_V3C_90D_MULTI_REGIME_T4R,2026-05-07,VAL,BULL,497.04998779296875,462.31,636.01,-1.0,1,0
SKYGOLD,MBAG_V3D_60D_CONVEX_RUNNER_T5R,2026-05-07,VAL,BULL,497.04998779296875,469.26,636.0,-1.0,1,0
SKYGOLD,MBAG_V1_CHAMP_BASE60_T3R,2026-05-08,VAL,BULL,541.25,490.74,692.78,-1.0,1,0
SKYGOLD,MBAG_V2A_CONVEX_CAT_90D_T4R,2026-05-08,VAL,BULL,541.25,500.84,702.89,-1.0,1,0
SKYGOLD,MBAG_V2B_EXPANSION_120D_T5R,2026-05-08,VAL,BULL,541.25,504.88,723.1,-1.0,1,0
SKYGOLD,MBAG_V3A_40D_MICRO_SURGE_T3_5R,2026-05-08,VAL,BULL,541.25,504.88,668.54,-1.0,1,0
SKYGOLD,MBAG_V3B_60D_VOLUME_ANOMALY_T4R,2026-05-08,VAL,BULL,541.25,504.88,686.73,-1.0,1,0
SKYGOLD,MBAG_V3C_90D_MULTI_REGIME_T4R,2026-05-08,VAL,BULL,541.25,500.84,702.89,-1.0,1,0
SKYGOLD,MBAG_V3D_60D_CONVEX_RUNNER_T5R,2026-05-08,VAL,BULL,541.25,508.92,702.9,-1.0,1,0
SKYGOLD,MBAG_V1_CHAMP_BASE60_T3R,2026-06-02,HOLDOUT,BULL,559.7000122070312,499.46,740.42,-1.0,1,0
SMARTWORKS,MBAG_V1_CHAMP_BASE60_T3R,2025-09-24,DEV,BULL,917.6881146544332,897.7,977.65,3.0,0,1
SMARTWORKS,MBAG_V1_CHAMP_BASE60_T3R,2025-11-11,DEV,BULL,983.8802775456732,963.79,1044.15,-1.0,1,0
SMLMAH,MBAG_V3A_40D_MICRO_SURGE_T3_5R,2025-12-03,DEV,BULL,3511.78076171875,3359.35,4045.29,-1.0,1,0
SMLMAH,MBAG_V1_CHAMP_BASE60_T3R,2025-12-30,DEV,BULL,3939.457275390625,3549.63,5108.94,-1.0,1,0
SMLMAH,MBAG_V1_CHAMP_BASE60_T3R,2026-01-01,VAL,BULL,4067.80029296875,3681.47,5226.79,-1.0,1,0
SMLMAH,MBAG_V3A_40D_MICRO_SURGE_T3_5R,2026-01-01,VAL,BULL,4067.80029296875,3789.64,5041.36,-1.0,1,0
SMLMAH,MBAG_V3B_60D_VOLUME_ANOMALY_T4R,2026-01-01,VAL,BULL,4067.80029296875,3789.64,5180.44,-1.0,1,0
SMLMAH,MBAG_V3D_60D_CONVEX_RUNNER_T5R,2026-01-01,VAL,BULL,4067.80029296875,3820.55,5304.05,-1.0,1,0
SMLMAH,MBAG_V1_CHAMP_BASE60_T3R,2026-01-07,VAL,BULL,4405.5078125,3983.68,5670.99,-1.0,1,0
SMLMAH,MBAG_V1_CHAMP_BASE60_T3R,2026-02-12,VAL,BULL,4832.78662109375,4265.49,6534.68,-1.0,1,0
SMLMAH,MBAG_V2A_CONVEX_CAT_90D_T4R,2026-02-12,VAL,BULL,4832.78662109375,4378.95,6648.13,-1.0,1,0
SMLMAH,MBAG_V2B_EXPANSION_120D_T5R,2026-02-12,VAL,BULL,4832.78662109375,4424.33,6875.07,-1.0,1,0
SMLMAH,MBAG_V3A_40D_MICRO_SURGE_T3_5R,2026-02-12,VAL,BULL,4832.78662109375,4424.33,6262.38,-1.0,1,0
SMLMAH,MBAG_V3B_60D_VOLUME_ANOMALY_T4R,2026-02-12,VAL,BULL,4832.78662109375,4424.33,6466.61,-1.0,1,0
SMLMAH,MBAG_V3C_90D_MULTI_REGIME_T4R,2026-02-12,VAL,BULL,4832.78662109375,4378.95,6648.13,-1.0,1,0
SMLMAH,MBAG_V3D_60D_CONVEX_RUNNER_T5R,2026-02-12,VAL,BULL,4832.78662109375,4469.72,6648.12,-1.0,1,0
SMSPHARMA,MBAG_V1_CHAMP_BASE60_T3R,2026-01-05,VAL,BULL,335.70001220703125,309.74,413.58,-1.0,1,0
SMSPHARMA,MBAG_V2A_CONVEX_CAT_90D_T4R,2026-01-05,VAL,BULL,335.70001220703125,314.94,418.74,-1.0,1,0
SMSPHARMA,MBAG_V3A_40D_MICRO_SURGE_T3_5R,2026-01-05,VAL,BULL,335.70001220703125,317.01,401.12,-1.0,1,0
SMSPHARMA,MBAG_V3B_60D_VOLUME_ANOMALY_T4R,2026-01-05,VAL,BULL,335.70001220703125,317.01,410.46,-1.0,1,0
SMSPHARMA,MBAG_V3C_90D_MULTI_REGIME_T4R,2026-01-05,VAL,BULL,335.70001220703125,314.94,418.74,-1.0,1,0
SMSPHARMA,MBAG_V3D_60D_CONVEX_RUNNER_T5R,2026-01-05,VAL,BULL,335.70001220703125,319.09,418.75,-1.0,1,0
SMSPHARMA,MBAG_V1_CHAMP_BASE60_T3R,2026-01-06,VAL,BULL,343.04998779296875,315.13,426.81,-1.0,1,0
SMSPHARMA,MBAG_V3C_90D_MULTI_REGIME_T4R,2026-01-06,VAL,BULL,343.04998779296875,320.71,432.41,-1.0,1,0
SMSPHARMA,MBAG_V1_CHAMP_BASE60_T3R,2026-02-17,VAL,BULL,367.5,323.97,498.09,0.34,0,0
SMSPHARMA,MBAG_V2A_CONVEX_CAT_90D_T4R,2026-02-17,VAL,BULL,367.5,332.68,506.78,0.66,0,0
SMSPHARMA,MBAG_V2B_EXPANSION_120D_T5R,2026-02-17,VAL,BULL,367.5,336.16,524.2,1.3,0,0
SMSPHARMA,MBAG_V3A_40D_MICRO_SURGE_T3_5R,2026-02-17,VAL,BULL,367.5,336.16,477.19,1.18,0,0
SMSPHARMA,MBAG_V3B_60D_VOLUME_ANOMALY_T4R,2026-02-17,VAL,BULL,367.5,336.16,492.86,0.74,0,0
SMSPHARMA,MBAG_V3C_90D_MULTI_REGIME_T4R,2026-02-17,VAL,BULL,367.5,332.68,506.78,0.66,0,0
SMSPHARMA,MBAG_V3D_60D_CONVEX_RUNNER_T5R,2026-02-17,VAL,BULL,367.5,339.64,506.8,1.77,0,0
SMSPHARMA,MBAG_V1_CHAMP_BASE60_T3R,2026-03-10,VAL,BULL,420.29998779296875,371.64,566.28,-1.0,1,0
SMSPHARMA,MBAG_V2A_CONVEX_CAT_90D_T4R,2026-03-10,VAL,BULL,420.29998779296875,381.37,576.02,-1.0,1,0
SMSPHARMA,MBAG_V3A_40D_MICRO_SURGE_T3_5R,2026-03-10,VAL,BULL,420.29998779296875,385.26,542.94,-1.0,1,0
SMSPHARMA,MBAG_V3C_90D_MULTI_REGIME_T4R,2026-03-10,VAL,BULL,420.29998779296875,381.37,576.02,-1.0,1,0
SMSPHARMA,MBAG_V3D_60D_CONVEX_RUNNER_T5R,2026-03-10,VAL,BULL,420.29998779296875,389.16,576.0,-1.0,1,0
SMSPHARMA,MBAG_V1_CHAMP_BASE60_T3R,2026-04-15,VAL,BULL,438.29998779296875,386.4,594.0,-0.75,0,0
SOBHA,MBAG_V1_CHAMP_BASE60_T3R,2026-04-24,VAL,BULL,1097.550141075888,1071.43,1175.91,3.0,0,1
SOBHA,MBAG_V1_CHAMP_BASE60_T3R,2026-04-28,VAL,BULL,1115.4970486272691,1089.71,1192.86,3.0,0,1
SOLARINDS,MBAG_V1_CHAMP_BASE60_T3R,2026-03-04,VAL,BULL,14523.0,13548.71,17445.87,-1.0,1,0
SOLARINDS,MBAG_V2A_CONVEX_CAT_90D_T4R,2026-03-04,VAL,BULL,14523.0,13743.57,17640.72,-1.0,1,0
SOLARINDS,MBAG_V3A_40D_MICRO_SURGE_T3_5R,2026-03-04,VAL,BULL,14523.0,13821.51,16978.22,-1.0,1,0
SOLARINDS,MBAG_V3B_60D_VOLUME_ANOMALY_T4R,2026-03-04,VAL,BULL,14523.0,13821.51,17328.96,-1.0,1,0
SOLARINDS,MBAG_V3C_90D_MULTI_REGIME_T4R,2026-03-04,VAL,BULL,14523.0,13743.57,17640.72,-1.0,1,0
SOLARINDS,MBAG_V3D_60D_CONVEX_RUNNER_T5R,2026-03-04,VAL,BULL,14523.0,13899.46,17640.7,-1.0,1,0
SOLARINDS,MBAG_V1_CHAMP_BASE60_T3R,2026-03-06,VAL,BULL,15152.0,14041.82,18482.54,-1.0,1,0
SOLARINDS,MBAG_V2A_CONVEX_CAT_90D_T4R,2026-03-06,VAL,BULL,15152.0,14263.86,18704.56,-1.0,1,0
SOLARINDS,MBAG_V3A_40D_MICRO_SURGE_T3_5R,2026-03-06,VAL,BULL,15152.0,14352.67,17949.66,-1.0,1,0
SOLARINDS,MBAG_V3C_90D_MULTI_REGIME_T4R,2026-03-06,VAL,BULL,15152.0,14263.86,18704.56,-1.0,1,0
SOLARINDS,MBAG_V3D_60D_CONVEX_RUNNER_T5R,2026-03-06,VAL,BULL,15152.0,14441.49,18704.55,-1.0,1,0
SOLARINDS,MBAG_V1_CHAMP_BASE60_T3R,2026-05-14,VAL,BULL,16665.0,15649.29,19712.13,0.47,0,0
SOLARINDS,MBAG_V2A_CONVEX_CAT_90D_T4R,2026-05-14,VAL,BULL,16665.0,15852.43,19915.28,0.94,0,0
SOLARINDS,MBAG_V3A_40D_MICRO_SURGE_T3_5R,2026-05-14,VAL,BULL,16665.0,15933.69,19224.58,1.5,0,0
SOLARINDS,MBAG_V3C_90D_MULTI_REGIME_T4R,2026-05-14,VAL,BULL,16665.0,15852.43,19915.28,0.94,0,0
SOLARINDS,MBAG_V3D_60D_CONVEX_RUNNER_T5R,2026-05-14,VAL,BULL,16665.0,16014.94,19915.3,3.07,0,0
SOLARINDS,MBAG_V1_CHAMP_BASE60_T3R,2026-05-15,VAL,BULL,17314.0,16143.64,20825.08,-0.15,0,0
SOLARINDS,MBAG_V2A_CONVEX_CAT_90D_T4R,2026-05-15,VAL,BULL,17314.0,16377.71,21059.16,0.12,0,0
SOLARINDS,MBAG_V2B_EXPANSION_120D_T5R,2026-05-15,VAL,BULL,17314.0,16471.34,21527.3,1.09,0,0
SOLARINDS,MBAG_V3A_40D_MICRO_SURGE_T3_5R,2026-05-15,VAL,BULL,17314.0,16471.34,20263.31,0.88,0,0
SOLARINDS,MBAG_V3B_60D_VOLUME_ANOMALY_T4R,2026-05-15,VAL,BULL,17314.0,16471.34,20684.64,0.14,0,0
SOLARINDS,MBAG_V3C_90D_MULTI_REGIME_T4R,2026-05-15,VAL,BULL,17314.0,16377.71,21059.16,0.12,0,0
SOLARINDS,MBAG_V3D_60D_CONVEX_RUNNER_T5R,2026-05-15,VAL,BULL,17314.0,16564.97,21059.15,1.6,0,0
SOLARINDS,MBAG_V1_CHAMP_BASE60_T3R,2026-05-18,VAL,BULL,18019.0,16731.32,21882.04,-0.58,0,0
SOLARINDS,MBAG_V2A_CONVEX_CAT_90D_T4R,2026-05-18,VAL,BULL,18019.0,16988.86,22139.56,-1.0,1,0
SOLARINDS,MBAG_V2B_EXPANSION_120D_T5R,2026-05-18,VAL,BULL,18019.0,17091.87,22654.65,-1.0,1,0
SOLARINDS,MBAG_V3A_40D_MICRO_SURGE_T3_5R,2026-05-18,VAL,BULL,18019.0,17091.87,21263.96,-1.0,1,0
SOLARINDS,MBAG_V3B_60D_VOLUME_ANOMALY_T4R,2026-05-18,VAL,BULL,18019.0,17091.87,21727.52,-1.0,1,0
SOLARINDS,MBAG_V3C_90D_MULTI_REGIME_T4R,2026-05-18,VAL,BULL,18019.0,16988.86,22139.56,-1.0,1,0
SOLARINDS,MBAG_V3D_60D_CONVEX_RUNNER_T5R,2026-05-18,VAL,BULL,18019.0,17194.89,22139.55,-1.0,1,0
SOLARINDS,MBAG_V1_CHAMP_BASE60_T3R,2026-05-19,VAL,BULL,18116.0,16785.82,22106.54,-0.91,0,0
SONACOMS,MBAG_V1_CHAMP_BASE60_T3R,2025-11-19,DEV,BULL,503.84381103515625,474.25,592.63,-1.0,1,0
SONACOMS,MBAG_V3A_40D_MICRO_SURGE_T3_5R,2025-11-19,DEV,BULL,503.84381103515625,482.54,578.41,-1.0,1,0
SONACOMS,MBAG_V3B_60D_VOLUME_ANOMALY_T4R,2025-11-19,DEV,BULL,503.84381103515625,482.54,589.06,-1.0,1,0
SONACOMS,MBAG_V3D_60D_CONVEX_RUNNER_T5R,2025-11-19,DEV,BULL,503.84381103515625,484.9,598.56,-1.0,1,0
SONACOMS,MBAG_V1_CHAMP_BASE60_T3R,2026-04-10,VAL,BULL,552.6437377929688,504.02,698.51,0.81,0,0
SONACOMS,MBAG_V2A_CONVEX_CAT_90D_T4R,2026-04-10,VAL,BULL,552.6437377929688,513.74,708.26,1.04,0,0
SONACOMS,MBAG_V3C_90D_MULTI_REGIME_T4R,2026-04-10,VAL,BULL,552.6437377929688,513.74,708.26,1.04,0,0
SONACOMS,MBAG_V3D_60D_CONVEX_RUNNER_T5R,2026-04-10,VAL,BULL,552.6437377929688,521.52,708.26,1.47,0,0
SONACOMS,MBAG_V1_CHAMP_BASE60_T3R,2026-04-13,VAL,BULL,567.6500854492188,515.98,722.66,0.29,0,0
SONACOMS,MBAG_V2A_CONVEX_CAT_90D_T4R,2026-04-13,VAL,BULL,567.6500854492188,526.31,733.01,0.93,0,0
SONACOMS,MBAG_V3C_90D_MULTI_REGIME_T4R,2026-04-13,VAL,BULL,567.6500854492188,526.31,733.01,0.93,0,0
SONACOMS,MBAG_V3D_60D_CONVEX_RUNNER_T5R,2026-04-13,VAL,BULL,567.6500854492188,534.58,733.0,1.27,0,0
SONACOMS,MBAG_V1_CHAMP_BASE60_T3R,2026-04-15,VAL,BULL,584.0026245117188,531.66,741.03,0.11,0,0
SONACOMS,MBAG_V1_CHAMP_BASE60_T3R,2026-07-02,HOLDOUT,BULL,662.2999877929688,622.85,780.65,2.57,0,0
SONACOMS,MBAG_V2A_CONVEX_CAT_90D_T4R,2026-07-02,HOLDOUT,BULL,662.2999877929688,630.74,788.54,4.0,0,1
SONACOMS,MBAG_V2B_EXPANSION_120D_T5R,2026-07-02,HOLDOUT,BULL,662.2999877929688,633.9,804.3,5.0,0,1
SONACOMS,MBAG_V3A_40D_MICRO_SURGE_T3_5R,2026-07-02,HOLDOUT,BULL,662.2999877929688,633.9,761.7,3.5,0,1
SONACOMS,MBAG_V3B_60D_VOLUME_ANOMALY_T4R,2026-07-02,HOLDOUT,BULL,662.2999877929688,633.9,775.9,4.0,0,1
SONACOMS,MBAG_V3C_90D_MULTI_REGIME_T4R,2026-07-02,HOLDOUT,BULL,662.2999877929688,630.74,788.54,4.0,0,1
SONACOMS,MBAG_V3D_60D_CONVEX_RUNNER_T5R,2026-07-02,HOLDOUT,BULL,662.2999877929688,637.05,788.55,5.0,0,1
SONATSOFTW,MBAG_V3A_40D_MICRO_SURGE_T3_5R,2026-05-08,VAL,BEAR,292.02679443359375,275.6,349.52,-1.0,1,0
SONATSOFTW,MBAG_V1_CHAMP_BASE60_T3R,2026-06-16,HOLDOUT,NEUTRAL,305.8836669921875,274.99,398.56,-1.0,1,0
SONATSOFTW,MBAG_V3A_40D_MICRO_SURGE_T3_5R,2026-06-16,HOLDOUT,NEUTRAL,305.8836669921875,283.64,383.74,-1.0,1,0
SONATSOFTW,MBAG_V3B_60D_VOLUME_ANOMALY_T4R,2026-06-16,HOLDOUT,NEUTRAL,305.8836669921875,283.64,394.86,-1.0,1,0
SONATSOFTW,MBAG_V3D_60D_CONVEX_RUNNER_T5R,2026-06-16,HOLDOUT,NEUTRAL,305.8836669921875,286.11,404.75,-1.0,1,0
SOTL,MBAG_V1_CHAMP_BASE60_T3R,2026-05-06,VAL,BULL,417.7442932128906,378.37,535.87,2.36,0,0
SOTL,MBAG_V2A_CONVEX_CAT_90D_T4R,2026-05-06,VAL,BULL,417.7442932128906,386.25,543.72,4.0,0,1
SOTL,MBAG_V2B_EXPANSION_120D_T5R,2026-05-06,VAL,BULL,417.7442932128906,389.4,559.47,-1.0,1,0
SOTL,MBAG_V3A_40D_MICRO_SURGE_T3_5R,2026-05-06,VAL,BULL,417.7442932128906,389.4,516.95,-1.0,1,0
SOTL,MBAG_V3B_60D_VOLUME_ANOMALY_T4R,2026-05-06,VAL,BULL,417.7442932128906,389.4,531.12,-1.0,1,0
SOTL,MBAG_V3C_90D_MULTI_REGIME_T4R,2026-05-06,VAL,BULL,417.7442932128906,386.25,543.72,4.0,0,1
SOTL,MBAG_V3D_60D_CONVEX_RUNNER_T5R,2026-05-06,VAL,BULL,417.7442932128906,392.55,543.72,-1.0,1,0
SOTL,MBAG_V1_CHAMP_BASE60_T3R,2026-06-03,HOLDOUT,BULL,510.8631286621094,455.23,677.76,-0.03,0,0
SOTL,MBAG_V2A_CONVEX_CAT_90D_T4R,2026-06-03,HOLDOUT,BULL,510.8631286621094,466.35,688.92,1.83,0,0
SOTL,MBAG_V2B_EXPANSION_120D_T5R,2026-06-03,HOLDOUT,BULL,510.8631286621094,470.8,711.18,2.35,0,0
SOTL,MBAG_V3A_40D_MICRO_SURGE_T3_5R,2026-06-03,HOLDOUT,BULL,510.8631286621094,470.8,651.08,0.91,0,0
SOTL,MBAG_V3B_60D_VOLUME_ANOMALY_T4R,2026-06-03,HOLDOUT,BULL,510.8631286621094,470.8,671.12,2.03,0,0
SOTL,MBAG_V3C_90D_MULTI_REGIME_T4R,2026-06-03,HOLDOUT,BULL,510.8631286621094,466.35,688.92,1.83,0,0
SOTL,MBAG_V3D_60D_CONVEX_RUNNER_T5R,2026-06-03,HOLDOUT,BULL,510.8631286621094,475.26,688.88,2.27,0,0
SOTL,MBAG_V1_CHAMP_BASE60_T3R,2026-06-04,HOLDOUT,BULL,560.2022705078125,494.61,756.98,-1.0,1,0
SOTL,MBAG_V2A_CONVEX_CAT_90D_T4R,2026-06-04,HOLDOUT,BULL,560.2022705078125,507.73,770.09,-1.0,1,0
SOTL,MBAG_V2B_EXPANSION_120D_T5R,2026-06-04,HOLDOUT,BULL,560.2022705078125,512.98,796.31,-1.0,1,0
SOTL,MBAG_V3A_40D_MICRO_SURGE_T3_5R,2026-06-04,HOLDOUT,BULL,560.2022705078125,512.98,725.48,-1.0,1,0
SOTL,MBAG_V3B_60D_VOLUME_ANOMALY_T4R,2026-06-04,HOLDOUT,BULL,560.2022705078125,512.98,749.09,-1.0,1,0
SOTL,MBAG_V3C_90D_MULTI_REGIME_T4R,2026-06-04,HOLDOUT,BULL,560.2022705078125,507.73,770.09,-1.0,1,0
SOTL,MBAG_V3D_60D_CONVEX_RUNNER_T5R,2026-06-04,HOLDOUT,BULL,560.2022705078125,518.22,770.11,-1.0,1,0
SOUTHBANK,MBAG_V1_CHAMP_BASE60_T3R,2026-01-13,VAL,BULL,2057.517635280067,2011.66,2195.09,-1.0,1,0
SOUTHBANK,MBAG_V1_CHAMP_BASE60_T3R,2026-02-12,VAL,BULL,2302.1760893753244,2250.39,2457.53,3.0,0,1
SOUTHBANK,MBAG_V1_CHAMP_BASE60_T3R,2026-04-22,VAL,BULL,2674.7165412925583,2609.36,2870.79,3.0,0,1
SOUTHBANK,MBAG_V1_CHAMP_BASE60_T3R,2026-05-08,VAL,BULL,2839.937665224975,2775.12,3034.39,-1.0,1,0
SPAL,MBAG_V1_CHAMP_BASE60_T3R,2025-11-17,DEV,BULL,826.0499877929688,730.25,1113.45,-1.0,1,0
SPAL,MBAG_V3A_40D_MICRO_SURGE_T3_5R,2025-11-17,DEV,BULL,826.0499877929688,757.07,1067.48,-1.0,1,0
SPAL,MBAG_V3B_60D_VOLUME_ANOMALY_T4R,2025-11-17,DEV,BULL,826.0499877929688,757.07,1101.97,-1.0,1,0
SPAL,MBAG_V3D_60D_CONVEX_RUNNER_T5R,2025-11-17,DEV,BULL,826.0499877929688,764.74,1132.6,-1.0,1,0
SPAL,MBAG_V1_CHAMP_BASE60_T3R,2026-06-03,HOLDOUT,BULL,843.9000244140625,766.32,1076.64,3.0,0,1
SPAL,MBAG_V1_CHAMP_BASE60_T3R,2026-06-15,HOLDOUT,BULL,867.8499755859375,772.47,1153.99,3.0,0,1
SPAL,MBAG_V2A_CONVEX_CAT_90D_T4R,2026-06-15,HOLDOUT,BULL,867.8499755859375,791.54,1173.09,4.0,0,1
SPAL,MBAG_V2B_EXPANSION_120D_T5R,2026-06-15,HOLDOUT,BULL,867.8499755859375,799.17,1211.25,5.0,0,1
SPAL,MBAG_V3A_40D_MICRO_SURGE_T3_5R,2026-06-15,HOLDOUT,BULL,867.8499755859375,799.17,1108.23,3.5,0,1
SPAL,MBAG_V3B_60D_VOLUME_ANOMALY_T4R,2026-06-15,HOLDOUT,BULL,867.8499755859375,799.17,1142.57,4.0,0,1
SPAL,MBAG_V3C_90D_MULTI_REGIME_T4R,2026-06-15,HOLDOUT,BULL,867.8499755859375,791.54,1173.09,4.0,0,1
SPAL,MBAG_V3D_60D_CONVEX_RUNNER_T5R,2026-06-15,HOLDOUT,BULL,867.8499755859375,806.8,1173.1,5.0,0,1
SPAL,MBAG_V2A_CONVEX_CAT_90D_T4R,2026-06-19,HOLDOUT,BULL,1028.4000244140625,922.78,1450.88,-0.34,0,0
SPAL,MBAG_V2B_EXPANSION_120D_T5R,2026-06-19,HOLDOUT,BULL,1028.4000244140625,933.34,1503.7,-1.0,1,0
SPAL,MBAG_V3A_40D_MICRO_SURGE_T3_5R,2026-06-19,HOLDOUT,BULL,1028.4000244140625,933.34,1361.11,-0.27,0,0
SPAL,MBAG_V3B_60D_VOLUME_ANOMALY_T4R,2026-06-19,HOLDOUT,BULL,1028.4000244140625,933.34,1408.64,-0.38,0,0
SPAL,MBAG_V3C_90D_MULTI_REGIME_T4R,2026-06-19,HOLDOUT,BULL,1028.4000244140625,922.78,1450.88,-0.34,0,0
SPAL,MBAG_V3D_60D_CONVEX_RUNNER_T5R,2026-06-19,HOLDOUT,BULL,1028.4000244140625,943.9,1450.9,-1.0,1,0
SPAL,MBAG_V2B_EXPANSION_120D_T5R,2026-06-24,HOLDOUT,BULL,1109.0999755859375,988.58,1711.7,-1.0,1,0
SPAL,MBAG_V3A_40D_MICRO_SURGE_T3_5R,2026-06-24,HOLDOUT,BULL,1109.0999755859375,988.58,1530.92,-1.0,1,0
SPAL,MBAG_V3B_60D_VOLUME_ANOMALY_T4R,2026-06-24,HOLDOUT,BULL,1109.0999755859375,988.58,1591.18,-1.0,1,0
SPAL,MBAG_V3D_60D_CONVEX_RUNNER_T5R,2026-06-24,HOLDOUT,BULL,1109.0999755859375,1001.97,1644.75,-1.0,1,0
SPARC,MBAG_V1_CHAMP_BASE60_T3R,2025-10-10,DEV,BULL,1125.6830102461856,1100.33,1201.74,-1.0,1,0
SPLPETRO,MBAG_V1_CHAMP_BASE60_T3R,2025-10-30,DEV,BULL,1459.6028639380338,1429.41,1550.18,3.0,0,1
SRF,MBAG_V3A_40D_MICRO_SURGE_T3_5R,2026-05-06,VAL,NEUTRAL,2719.60009765625,2605.48,3119.02,-1.0,1,0
SRM,MBAG_V3A_40D_MICRO_SURGE_T3_5R,2026-04-10,VAL,NEUTRAL,473.79998779296875,434.35,611.87,0.31,0,0
SSWL,MBAG_V1_CHAMP_BASE60_T3R,2026-06-04,HOLDOUT,BULL,228.0800018310547,203.79,300.95,0.82,0,0
SSWL,MBAG_V3A_40D_MICRO_SURGE_T3_5R,2026-06-04,HOLDOUT,BULL,228.0800018310547,210.59,289.3,0.68,0,0
SSWL,MBAG_V3B_60D_VOLUME_ANOMALY_T4R,2026-06-04,HOLDOUT,BULL,228.0800018310547,210.59,298.04,2.14,0,0
SSWL,MBAG_V3D_60D_CONVEX_RUNNER_T5R,2026-06-04,HOLDOUT,BULL,228.0800018310547,212.53,305.83,3.77,0,0
SSWL,MBAG_V1_CHAMP_BASE60_T3R,2026-07-01,HOLDOUT,BULL,246.97999572753906,226.81,307.49,2.52,0,0
SSWL,MBAG_V2A_CONVEX_CAT_90D_T4R,2026-07-01,HOLDOUT,BULL,246.97999572753906,230.84,311.54,4.0,0,1
SSWL,MBAG_V2B_EXPANSION_120D_T5R,2026-07-01,HOLDOUT,BULL,246.97999572753906,232.46,319.58,5.0,0,1
SSWL,MBAG_V3A_40D_MICRO_SURGE_T3_5R,2026-07-01,HOLDOUT,BULL,246.97999572753906,232.46,297.8,3.5,0,1
SSWL,MBAG_V3B_60D_VOLUME_ANOMALY_T4R,2026-07-01,HOLDOUT,BULL,246.97999572753906,232.46,305.06,4.0,0,1
SSWL,MBAG_V3C_90D_MULTI_REGIME_T4R,2026-07-01,HOLDOUT,BULL,246.97999572753906,230.84,311.54,4.0,0,1
SSWL,MBAG_V3D_60D_CONVEX_RUNNER_T5R,2026-07-01,HOLDOUT,BULL,246.97999572753906,234.07,311.53,5.0,0,1
STAR,MBAG_V1_CHAMP_BASE60_T3R,2025-11-03,DEV,BULL,984.7999877929688,887.84,1275.68,-1.0,1,0
STAR,MBAG_V3A_40D_MICRO_SURGE_T3_5R,2025-11-03,DEV,BULL,984.7999877929688,914.99,1229.13,-1.0,1,0
STAR,MBAG_V3B_60D_VOLUME_ANOMALY_T4R,2025-11-03,DEV,BULL,984.7999877929688,914.99,1264.04,-1.0,1,0
STAR,MBAG_V3D_60D_CONVEX_RUNNER_T5R,2025-11-03,DEV,BULL,984.7999877929688,922.75,1295.05,-1.0,1,0
STAR,MBAG_V1_CHAMP_BASE60_T3R,2026-04-23,VAL,BULL,1069.0,984.46,1322.62,1.07,0,0
STAR,MBAG_V2A_CONVEX_CAT_90D_T4R,2026-04-23,VAL,BULL,1069.0,1001.37,1339.52,-0.62,0,0
STAR,MBAG_V2B_EXPANSION_120D_T5R,2026-04-23,VAL,BULL,1069.0,1008.13,1373.35,-1.0,1,0
STAR,MBAG_V3A_40D_MICRO_SURGE_T3_5R,2026-04-23,VAL,BULL,1069.0,1008.13,1282.04,1.4,0,0
STAR,MBAG_V3B_60D_VOLUME_ANOMALY_T4R,2026-04-23,VAL,BULL,1069.0,1008.13,1312.48,-0.69,0,0
STAR,MBAG_V3C_90D_MULTI_REGIME_T4R,2026-04-23,VAL,BULL,1069.0,1001.37,1339.52,-0.62,0,0
STAR,MBAG_V3D_60D_CONVEX_RUNNER_T5R,2026-04-23,VAL,BULL,1069.0,1014.9,1339.5,-1.0,1,0
STAR,MBAG_V1_CHAMP_BASE60_T3R,2026-04-27,VAL,BULL,1098.550048828125,1009.48,1365.76,1.01,0,0
STAR,MBAG_V1_CHAMP_BASE60_T3R,2026-05-07,VAL,BULL,1146.800048828125,1048.02,1443.14,-1.0,1,0
STAR,MBAG_V3C_90D_MULTI_REGIME_T4R,2026-05-07,VAL,BULL,1146.800048828125,1067.78,1462.88,-1.0,1,0
STARCEMENT,MBAG_V1_CHAMP_BASE60_T3R,2025-09-22,DEV,BULL,2420.6081189863994,2363.16,2592.95,3.0,0,1
STARCEMENT,MBAG_V1_CHAMP_BASE60_T3R,2025-10-03,DEV,BULL,2546.9131246902307,2491.47,2713.24,0.86,0,0
STARCEMENT,MBAG_V1_CHAMP_BASE60_T3R,2026-06-02,HOLDOUT,BULL,3002.0883179197285,2937.58,3195.61,-1.0,1,0
STARHEALTH,MBAG_V1_CHAMP_BASE60_T3R,2025-12-31,DEV,BULL,903.1410883044773,883.1,963.26,-1.0,1,0
STARHEALTH,MBAG_V1_CHAMP_BASE60_T3R,2026-02-17,VAL,BULL,954.7022548436194,932.95,1019.96,3.0,0,1
STLTECH,MBAG_V1_CHAMP_BASE60_T3R,2026-03-26,VAL,BULL,2149.70834581183,2103.8,2287.43,3.0,0,1
STOVEKRAFT,MBAG_V3A_40D_MICRO_SURGE_T3_5R,2026-05-27,VAL,BULL,603.3248291015625,554.95,772.64,3.5,0,1
STOVEKRAFT,MBAG_V1_CHAMP_BASE60_T3R,2026-06-22,HOLDOUT,BULL,729.5963745117188,657.75,945.14,0.63,0,0
STYL,MBAG_V1_CHAMP_BASE60_T3R,2026-06-22,HOLDOUT,BULL,304.3277587890625,272.93,398.52,3.0,0,1
STYL,MBAG_V1_CHAMP_BASE60_T3R,2026-07-07,HOLDOUT,BULL,345.5672912597656,315.11,436.94,0.46,0,0
STYL,MBAG_V2A_CONVEX_CAT_90D_T4R,2026-07-07,HOLDOUT,BULL,345.5672912597656,321.2,443.04,1.99,0,0
STYL,MBAG_V2B_EXPANSION_120D_T5R,2026-07-07,HOLDOUT,BULL,345.5672912597656,323.64,455.2,1.84,0,0
STYL,MBAG_V3A_40D_MICRO_SURGE_T3_5R,2026-07-07,HOLDOUT,BULL,345.5672912597656,323.64,422.31,2.93,0,0
STYL,MBAG_V3B_60D_VOLUME_ANOMALY_T4R,2026-07-07,HOLDOUT,BULL,345.5672912597656,323.64,433.28,2.21,0,0
STYL,MBAG_V3C_90D_MULTI_REGIME_T4R,2026-07-07,HOLDOUT,BULL,345.5672912597656,321.2,443.04,1.99,0,0
STYL,MBAG_V3D_60D_CONVEX_RUNNER_T5R,2026-07-07,HOLDOUT,BULL,345.5672912597656,326.07,443.05,2.43,0,0
STYLAMIND,MBAG_V1_CHAMP_BASE60_T3R,2025-12-22,DEV,BULL,2255.10009765625,2095.8,2733.0,-0.53,0,0
STYLAMIND,MBAG_V3A_40D_MICRO_SURGE_T3_5R,2026-04-15,VAL,BULL,2250.60009765625,2199.74,2428.61,3.5,0,1
STYLAMIND,MBAG_V1_CHAMP_BASE60_T3R,2026-05-06,VAL,BULL,2322.60009765625,2272.49,2472.93,3.0,0,1
STYLAMIND,MBAG_V1_CHAMP_BASE60_T3R,2026-05-07,VAL,BULL,2634.800048828125,2529.39,2951.03,-1.0,1,0
STYLAMIND,MBAG_V2A_CONVEX_CAT_90D_T4R,2026-05-07,VAL,BULL,2634.800048828125,2550.47,2972.12,-1.0,1,0
STYLAMIND,MBAG_V2B_EXPANSION_120D_T5R,2026-05-07,VAL,BULL,2634.800048828125,2558.9,3014.3,-1.0,1,0
STYLAMIND,MBAG_V3A_40D_MICRO_SURGE_T3_5R,2026-05-07,VAL,BULL,2634.800048828125,2558.9,2900.45,-1.0,1,0
STYLAMIND,MBAG_V3B_60D_VOLUME_ANOMALY_T4R,2026-05-07,VAL,BULL,2634.800048828125,2558.9,2938.4,-1.0,1,0
STYLAMIND,MBAG_V3C_90D_MULTI_REGIME_T4R,2026-05-07,VAL,BULL,2634.800048828125,2550.47,2972.12,-1.0,1,0
STYLAMIND,MBAG_V3D_60D_CONVEX_RUNNER_T5R,2026-05-07,VAL,BULL,2634.800048828125,2567.34,2972.1,-1.0,1,0
STYLAMIND,MBAG_V1_CHAMP_BASE60_T3R,2026-05-18,VAL,BULL,2805.800048828125,2513.69,3682.13,1.55,0,0
STYLAMIND,MBAG_V2A_CONVEX_CAT_90D_T4R,2026-05-18,VAL,BULL,2805.800048828125,2572.11,3740.56,2.06,0,0
STYLAMIND,MBAG_V3C_90D_MULTI_REGIME_T4R,2026-05-18,VAL,BULL,2805.800048828125,2572.11,3740.56,2.06,0,0
STYLAMIND,MBAG_V3D_60D_CONVEX_RUNNER_T5R,2026-05-18,VAL,BULL,2805.800048828125,2618.85,3740.55,2.44,0,0
STYRENIX,MBAG_V1_CHAMP_BASE60_T3R,2026-01-07,VAL,BULL,2400.527349363761,2351.74,2546.89,3.0,0,1
SUDARSCHEM,MBAG_V1_CHAMP_BASE60_T3R,2026-04-24,VAL,BULL,1425.768666973941,1394.69,1519.0,3.0,0,1
SUDARSCHEM,MBAG_V1_CHAMP_BASE60_T3R,2026-05-11,VAL,BULL,1485.9597684761247,1453.16,1584.36,3.0,0,1
SUMICHEM,MBAG_V1_CHAMP_BASE60_T3R,2026-05-05,VAL,NEUTRAL,475.802978515625,431.42,608.95,0.24,0,0
SUMICHEM,MBAG_V3A_40D_MICRO_SURGE_T3_5R,2026-05-05,VAL,NEUTRAL,475.802978515625,443.85,587.64,-1.0,1,0
SUMICHEM,MBAG_V3B_60D_VOLUME_ANOMALY_T4R,2026-05-05,VAL,NEUTRAL,475.802978515625,443.85,603.61,-1.0,1,0
SUMICHEM,MBAG_V3D_60D_CONVEX_RUNNER_T5R,2026-05-05,VAL,NEUTRAL,475.802978515625,447.4,617.82,-1.0,1,0
SUMICHEM,MBAG_V1_CHAMP_BASE60_T3R,2026-05-06,VAL,BULL,494.1587219238281,448.18,632.09,-1.0,1,0
SUMICHEM,MBAG_V2A_CONVEX_CAT_90D_T4R,2026-05-06,VAL,BULL,494.1587219238281,457.38,641.27,-1.0,1,0
SUMICHEM,MBAG_V2B_EXPANSION_120D_T5R,2026-05-06,VAL,BULL,494.1587219238281,461.05,659.7,-1.0,1,0
SUMICHEM,MBAG_V3A_40D_MICRO_SURGE_T3_5R,2026-05-06,VAL,BULL,494.1587219238281,461.05,610.04,-1.0,1,0
SUMICHEM,MBAG_V3B_60D_VOLUME_ANOMALY_T4R,2026-05-06,VAL,BULL,494.1587219238281,461.05,626.59,-1.0,1,0
SUMICHEM,MBAG_V3C_90D_MULTI_REGIME_T4R,2026-05-06,VAL,BULL,494.1587219238281,457.38,641.27,-1.0,1,0
SUMICHEM,MBAG_V3D_60D_CONVEX_RUNNER_T5R,2026-05-06,VAL,BULL,494.1587219238281,464.73,641.3,-1.0,1,0
SUNDARMFIN,MBAG_V1_CHAMP_BASE60_T3R,2025-12-29,DEV,BULL,5216.080078125,4874.35,6241.27,-1.0,1,0
SUNDARMFIN,MBAG_V3D_60D_CONVEX_RUNNER_T5R,2025-12-29,DEV,BULL,5216.080078125,4997.37,6309.63,-1.0,1,0
SUNDRMFAST,MBAG_V1_CHAMP_BASE60_T3R,2026-06-25,HOLDOUT,BULL,929.0,873.69,1094.93,0.32,0,0
SUNDRMFAST,MBAG_V3A_40D_MICRO_SURGE_T3_5R,2026-06-25,HOLDOUT,BULL,929.0,889.17,1068.41,0.93,0,0
SUNDRMFAST,MBAG_V3B_60D_VOLUME_ANOMALY_T4R,2026-06-25,HOLDOUT,BULL,929.0,889.17,1088.32,4.0,0,1
SUNDRMFAST,MBAG_V3D_60D_CONVEX_RUNNER_T5R,2026-06-25,HOLDOUT,BULL,929.0,893.6,1106.0,5.0,0,1
SUNPHARMA,MBAG_V1_CHAMP_BASE60_T3R,2025-11-27,DEV,BULL,1793.9150390625,1738.03,1961.57,-1.0,1,0
SUNPHARMA,MBAG_V1_CHAMP_BASE60_T3R,2026-03-09,VAL,BULL,1802.675537109375,1722.85,2042.15,-1.0,1,0
SUNTV,MBAG_V1_CHAMP_BASE60_T3R,2025-10-16,DEV,BULL,1277.2341825378992,1248.19,1364.37,-1.0,1,0
SUPREMEIND,MBAG_V1_CHAMP_BASE60_T3R,2026-02-11,VAL,NEUTRAL,3822.37060546875,3547.42,4647.22,0.7,0,0
SUPRIYA,MBAG_V1_CHAMP_BASE60_T3R,2025-10-31,DEV,BULL,776.9000244140625,712.84,969.08,-0.47,0,0
SUPRIYA,MBAG_V3A_40D_MICRO_SURGE_T3_5R,2025-10-31,DEV,BULL,776.9000244140625,730.78,938.32,-1.0,1,0
SUPRIYA,MBAG_V3B_60D_VOLUME_ANOMALY_T4R,2025-10-31,DEV,BULL,776.9000244140625,730.78,961.38,-1.0,1,0
SUPRIYA,MBAG_V3D_60D_CONVEX_RUNNER_T5R,2025-10-31,DEV,BULL,776.9000244140625,735.9,981.9,-1.0,1,0
SUPRIYA,MBAG_V3A_40D_MICRO_SURGE_T3_5R,2026-04-27,VAL,NEUTRAL,704.4500122070312,656.04,873.89,3.5,0,1
SUPRIYA,MBAG_V1_CHAMP_BASE60_T3R,2026-05-22,VAL,BULL,774.0999755859375,705.09,981.13,3.0,0,1
SUPRIYA,MBAG_V3A_40D_MICRO_SURGE_T3_5R,2026-05-22,VAL,BULL,774.0999755859375,724.41,948.01,3.5,0,1
SUPRIYA,MBAG_V3B_60D_VOLUME_ANOMALY_T4R,2026-05-22,VAL,BULL,774.0999755859375,724.41,972.86,4.0,0,1
SUPRIYA,MBAG_V3D_60D_CONVEX_RUNNER_T5R,2026-05-22,VAL,BULL,774.0999755859375,729.93,994.95,5.0,0,1
SUPRIYA,MBAG_V1_CHAMP_BASE60_T3R,2026-05-27,VAL,BULL,807.25,733.46,1028.62,3.0,0,1
SUPRIYA,MBAG_V2A_CONVEX_CAT_90D_T4R,2026-05-27,VAL,BULL,807.25,748.22,1043.37,4.0,0,1
SUPRIYA,MBAG_V3A_40D_MICRO_SURGE_T3_5R,2026-05-27,VAL,BULL,807.25,754.12,993.2,3.5,0,1
SUPRIYA,MBAG_V3C_90D_MULTI_REGIME_T4R,2026-05-27,VAL,BULL,807.25,748.22,1043.37,4.0,0,1
SUPRIYA,MBAG_V3D_60D_CONVEX_RUNNER_T5R,2026-05-27,VAL,BULL,807.25,760.03,1043.35,5.0,0,1
SUPRIYA,MBAG_V1_CHAMP_BASE60_T3R,2026-05-29,VAL,BULL,968.7000122070312,882.63,1226.91,-1.0,1,0
SUPRIYA,MBAG_V2A_CONVEX_CAT_90D_T4R,2026-05-29,VAL,BULL,968.7000122070312,899.84,1244.14,-1.0,1,0
SUPRIYA,MBAG_V2B_EXPANSION_120D_T5R,2026-05-29,VAL,BULL,968.7000122070312,906.73,1278.55,-1.0,1,0
SUPRIYA,MBAG_V3A_40D_MICRO_SURGE_T3_5R,2026-05-29,VAL,BULL,968.7000122070312,906.73,1185.6,-1.0,1,0
SUPRIYA,MBAG_V3B_60D_VOLUME_ANOMALY_T4R,2026-05-29,VAL,BULL,968.7000122070312,906.73,1216.58,-1.0,1,0
SUPRIYA,MBAG_V3C_90D_MULTI_REGIME_T4R,2026-05-29,VAL,BULL,968.7000122070312,899.84,1244.14,-1.0,1,0
SUPRIYA,MBAG_V3D_60D_CONVEX_RUNNER_T5R,2026-05-29,VAL,BULL,968.7000122070312,913.61,1244.15,-1.0,1,0
SUPRIYA,MBAG_V1_CHAMP_BASE60_T3R,2026-06-01,HOLDOUT,BULL,1052.5,952.51,1352.47,-1.0,1,0
SUPRIYA,MBAG_V2A_CONVEX_CAT_90D_T4R,2026-06-01,HOLDOUT,BULL,1052.5,972.51,1372.46,-1.0,1,0
SUPRIYA,MBAG_V2B_EXPANSION_120D_T5R,2026-06-01,HOLDOUT,BULL,1052.5,980.51,1412.45,-1.0,1,0
SUPRIYA,MBAG_V3A_40D_MICRO_SURGE_T3_5R,2026-06-01,HOLDOUT,BULL,1052.5,980.51,1304.47,-1.0,1,0
SUPRIYA,MBAG_V3B_60D_VOLUME_ANOMALY_T4R,2026-06-01,HOLDOUT,BULL,1052.5,980.51,1340.46,-1.0,1,0
SUPRIYA,MBAG_V3C_90D_MULTI_REGIME_T4R,2026-06-01,HOLDOUT,BULL,1052.5,972.51,1372.46,-1.0,1,0
SUPRIYA,MBAG_V3D_60D_CONVEX_RUNNER_T5R,2026-06-01,HOLDOUT,BULL,1052.5,988.51,1372.45,-1.0,1,0
SURYAROSNI,MBAG_V1_CHAMP_BASE60_T3R,2026-02-04,VAL,BULL,1446.442890267336,1412.84,1547.25,-1.0,1,0
SURYODAY,MBAG_V1_CHAMP_BASE60_T3R,2026-05-08,VAL,BULL,178.47496032714844,162.13,227.51,-1.0,1,0
SURYODAY,MBAG_V2A_CONVEX_CAT_90D_T4R,2026-05-08,VAL,BULL,178.47496032714844,165.4,230.77,-1.0,1,0
SURYODAY,MBAG_V2B_EXPANSION_120D_T5R,2026-05-08,VAL,BULL,178.47496032714844,166.71,237.3,-1.0,1,0
SURYODAY,MBAG_V3A_40D_MICRO_SURGE_T3_5R,2026-05-08,VAL,BULL,178.47496032714844,166.71,219.65,-1.0,1,0
SURYODAY,MBAG_V3B_60D_VOLUME_ANOMALY_T4R,2026-05-08,VAL,BULL,178.47496032714844,166.71,225.53,-1.0,1,0
SURYODAY,MBAG_V3C_90D_MULTI_REGIME_T4R,2026-05-08,VAL,BULL,178.47496032714844,165.4,230.77,-1.0,1,0
SURYODAY,MBAG_V3D_60D_CONVEX_RUNNER_T5R,2026-05-08,VAL,BULL,178.47496032714844,168.01,230.8,-1.0,1,0
SUZLON,MBAG_V1_CHAMP_BASE60_T3R,2026-04-16,VAL,NEUTRAL,50.25,46.38,61.86,0.83,0,0
SUZLON,MBAG_V1_CHAMP_BASE60_T3R,2026-04-17,VAL,BULL,52.93000030517578,48.73,65.53,0.22,0,0
SUZLON,MBAG_V3A_40D_MICRO_SURGE_T3_5R,2026-04-17,VAL,BULL,52.93000030517578,49.91,63.5,0.27,0,0
SUZLON,MBAG_V3B_60D_VOLUME_ANOMALY_T4R,2026-04-17,VAL,BULL,52.93000030517578,49.91,65.01,1.34,0,0
SUZLON,MBAG_V3D_60D_CONVEX_RUNNER_T5R,2026-04-17,VAL,BULL,52.93000030517578,50.24,66.38,0.88,0,0
SUZLON,MBAG_V1_CHAMP_BASE60_T3R,2026-04-27,VAL,BULL,56.93000030517578,52.36,70.64,-1.0,1,0
SYNGENE,MBAG_V1_CHAMP_BASE60_T3R,2025-09-01,DEV,BULL,1691.3530170456709,1655.02,1800.35,3.0,0,1
SYNGENE,MBAG_V1_CHAMP_BASE60_T3R,2025-09-03,DEV,BULL,1724.3505820799016,1686.23,1838.71,-1.0,1,0
SYNGENE,MBAG_V1_CHAMP_BASE60_T3R,2025-11-17,DEV,BULL,1886.9178868506237,1848.81,2001.24,-1.0,1,0
SYRMA,MBAG_V1_CHAMP_BASE60_T3R,2025-11-12,DEV,BULL,892.9000244140625,800.37,1170.49,-1.0,1,0
SYRMA,MBAG_V3A_40D_MICRO_SURGE_T3_5R,2025-11-12,DEV,BULL,892.9000244140625,826.28,1126.07,-1.0,1,0
SYRMA,MBAG_V3B_60D_VOLUME_ANOMALY_T4R,2025-11-12,DEV,BULL,892.9000244140625,826.28,1159.38,-1.0,1,0
SYRMA,MBAG_V3D_60D_CONVEX_RUNNER_T5R,2025-11-12,DEV,BULL,892.9000244140625,833.68,1189.0,-1.0,1,0
SYRMA,MBAG_V1_CHAMP_BASE60_T3R,2026-04-16,VAL,BULL,968.75,880.84,1232.48,0.68,0,0
SYRMA,MBAG_V2A_CONVEX_CAT_90D_T4R,2026-04-16,VAL,BULL,968.75,898.42,1250.07,1.21,0,0
SYRMA,MBAG_V2B_EXPANSION_120D_T5R,2026-04-16,VAL,BULL,968.75,905.45,1285.25,5.0,0,1
SYRMA,MBAG_V3A_40D_MICRO_SURGE_T3_5R,2026-04-16,VAL,BULL,968.75,905.45,1190.3,0.88,0,0
SYRMA,MBAG_V3B_60D_VOLUME_ANOMALY_T4R,2026-04-16,VAL,BULL,968.75,905.45,1221.95,1.34,0,0
SYRMA,MBAG_V3C_90D_MULTI_REGIME_T4R,2026-04-16,VAL,BULL,968.75,898.42,1250.07,1.21,0,0
SYRMA,MBAG_V3D_60D_CONVEX_RUNNER_T5R,2026-04-16,VAL,BULL,968.75,912.49,1250.05,4.49,0,0
SYRMA,MBAG_V1_CHAMP_BASE60_T3R,2026-05-05,VAL,BULL,1058.3499755859375,961.36,1349.32,-1.0,1,0
SYRMA,MBAG_V1_CHAMP_BASE60_T3R,2026-06-23,HOLDOUT,BULL,1373.0,1252.95,1733.15,0.01,0,0
SYRMA,MBAG_V2A_CONVEX_CAT_90D_T4R,2026-06-23,HOLDOUT,BULL,1373.0,1276.96,1757.16,-1.0,1,0
SYRMA,MBAG_V2B_EXPANSION_120D_T5R,2026-06-23,HOLDOUT,BULL,1373.0,1286.56,1805.2,-1.0,1,0
SYRMA,MBAG_V3A_40D_MICRO_SURGE_T3_5R,2026-06-23,HOLDOUT,BULL,1373.0,1286.56,1675.54,-1.0,1,0
SYRMA,MBAG_V3B_60D_VOLUME_ANOMALY_T4R,2026-06-23,HOLDOUT,BULL,1373.0,1286.56,1718.76,-1.0,1,0
SYRMA,MBAG_V3C_90D_MULTI_REGIME_T4R,2026-06-23,HOLDOUT,BULL,1373.0,1276.96,1757.16,-1.0,1,0
SYRMA,MBAG_V3D_60D_CONVEX_RUNNER_T5R,2026-06-23,HOLDOUT,BULL,1373.0,1296.17,1757.15,-1.0,1,0
SYRMA,MBAG_V1_CHAMP_BASE60_T3R,2026-06-25,HOLDOUT,BULL,1440.5,1305.82,1844.54,-0.46,0,0
SYRMA,MBAG_V2A_CONVEX_CAT_90D_T4R,2026-06-25,HOLDOUT,BULL,1440.5,1332.76,1871.46,-1.0,1,0
SYRMA,MBAG_V3C_90D_MULTI_REGIME_T4R,2026-06-25,HOLDOUT,BULL,1440.5,1332.76,1871.46,-1.0,1,0
SYRMA,MBAG_V3D_60D_CONVEX_RUNNER_T5R,2026-06-25,HOLDOUT,BULL,1440.5,1354.31,1871.45,-1.0,1,0
TAJGVK,MBAG_V3A_40D_MICRO_SURGE_T3_5R,2025-12-26,DEV,BULL,429.79998779296875,407.02,509.53,-1.0,1,0
TANLA,MBAG_V1_CHAMP_BASE60_T3R,2026-04-27,VAL,BULL,576.47216796875,519.73,746.7,-1.0,1,0
TANLA,MBAG_V2A_CONVEX_CAT_90D_T4R,2026-04-27,VAL,BULL,576.47216796875,531.08,758.04,-1.0,1,0
TANLA,MBAG_V3A_40D_MICRO_SURGE_T3_5R,2026-04-27,VAL,BULL,576.47216796875,535.61,719.49,-1.0,1,0
TANLA,MBAG_V3B_60D_VOLUME_ANOMALY_T4R,2026-04-27,VAL,BULL,576.47216796875,535.61,739.92,-1.0,1,0
TANLA,MBAG_V3C_90D_MULTI_REGIME_T4R,2026-04-27,VAL,BULL,576.47216796875,531.08,758.04,-1.0,1,0
TANLA,MBAG_V3D_60D_CONVEX_RUNNER_T5R,2026-04-27,VAL,BULL,576.47216796875,540.15,758.08,-1.0,1,0
TARC,MBAG_V1_CHAMP_BASE60_T3R,2025-12-31,DEV,BULL,170.80999755859375,155.84,215.72,-1.0,1,0
TARC,MBAG_V3A_40D_MICRO_SURGE_T3_5R,2025-12-31,DEV,BULL,170.80999755859375,160.03,208.54,-1.0,1,0
TARC,MBAG_V3B_60D_VOLUME_ANOMALY_T4R,2025-12-31,DEV,BULL,170.80999755859375,160.03,213.93,-1.0,1,0
TARC,MBAG_V3D_60D_CONVEX_RUNNER_T5R,2025-12-31,DEV,BULL,170.80999755859375,161.23,218.71,-1.0,1,0
TARC,MBAG_V1_CHAMP_BASE60_T3R,2026-01-07,VAL,BULL,182.57000732421875,165.41,234.05,-1.0,1,0
TARIL,MBAG_V1_CHAMP_BASE60_T3R,2026-04-21,VAL,NEUTRAL,333.29998779296875,300.26,432.42,-1.0,1,0
TARIL,MBAG_V1_CHAMP_BASE60_T3R,2026-04-27,VAL,NEUTRAL,342.6499938964844,305.42,454.34,-1.0,1,0
TARIL,MBAG_V3A_40D_MICRO_SURGE_T3_5R,2026-04-27,VAL,NEUTRAL,342.6499938964844,315.84,436.48,-1.0,1,0
TARIL,MBAG_V3B_60D_VOLUME_ANOMALY_T4R,2026-04-27,VAL,NEUTRAL,342.6499938964844,315.84,449.89,-1.0,1,0
TARIL,MBAG_V3D_60D_CONVEX_RUNNER_T5R,2026-04-27,VAL,NEUTRAL,342.6499938964844,318.82,461.8,-1.0,1,0
TATACAP,MBAG_V1_CHAMP_BASE60_T3R,2026-06-19,HOLDOUT,BULL,366.79998779296875,339.09,449.93,-0.45,0,0
TATACAP,MBAG_V2A_CONVEX_CAT_90D_T4R,2026-06-19,HOLDOUT,BULL,366.79998779296875,344.63,455.48,-1.0,1,0
TATACAP,MBAG_V3A_40D_MICRO_SURGE_T3_5R,2026-06-19,HOLDOUT,BULL,366.79998779296875,346.85,436.62,-1.0,1,0
TATACAP,MBAG_V3B_60D_VOLUME_ANOMALY_T4R,2026-06-19,HOLDOUT,BULL,366.79998779296875,346.85,446.6,-1.0,1,0
TATACAP,MBAG_V3C_90D_MULTI_REGIME_T4R,2026-06-19,HOLDOUT,BULL,366.79998779296875,344.63,455.48,-1.0,1,0
TATACAP,MBAG_V3D_60D_CONVEX_RUNNER_T5R,2026-06-19,HOLDOUT,BULL,366.79998779296875,349.06,455.5,-1.0,1,0
TATACHEM,MBAG_V1_CHAMP_BASE60_T3R,2025-08-08,DEV,BULL,691.2600065875587,677.27,733.23,-1.0,1,0
TATACHEM,MBAG_V1_CHAMP_BASE60_T3R,2025-08-28,DEV,BULL,723.1094290116586,707.51,769.91,1.27,0,0
TATACHEM,MBAG_V1_CHAMP_BASE60_T3R,2025-09-01,DEV,BULL,731.1392840590815,715.11,779.23,2.38,0,0
TATACHEM,MBAG_V1_CHAMP_BASE60_T3R,2025-09-29,DEV,BULL,769.3663584116209,753.19,817.9,-1.0,1,0
TATACOMM,MBAG_V1_CHAMP_BASE60_T3R,2026-02-19,VAL,BULL,1920.3738276635313,1878.63,2045.61,-1.0,1,0
TATACOMM,MBAG_V1_CHAMP_BASE60_T3R,2026-02-23,VAL,BULL,1951.444725073946,1909.29,2077.91,-1.0,1,0
TATACONSUM,MBAG_V1_CHAMP_BASE60_T3R,2025-08-01,DEV,BULL,1257.6431944234093,1211.76,1395.29,-1.0,1,0
TATACONSUM,MBAG_V3C_90D_MULTI_REGIME_T4R,2025-08-01,DEV,BULL,1257.6431944234093,1220.93,1404.5,-1.0,1,0
TATACONSUM,MBAG_V1_CHAMP_BASE60_T3R,2025-09-11,DEV,BULL,1287.086597355274,1245.52,1411.79,-1.0,1,0
TATACONSUM,MBAG_V3C_90D_MULTI_REGIME_T4R,2025-09-11,DEV,BULL,1287.086597355274,1253.83,1420.11,-1.0,1,0
TATACONSUM,MBAG_V1_CHAMP_BASE60_T3R,2025-10-22,DEV,BULL,1452.3268295764378,1411.96,1573.43,-1.0,1,0
TATACONSUM,MBAG_V1_CHAMP_BASE60_T3R,2025-12-01,DEV,BULL,1568.8810996565767,1520.78,1713.18,-1.0,1,0
TATACONSUM,MBAG_V1_CHAMP_BASE60_T3R,2025-12-12,DEV,BULL,1645.7332391773539,1603.24,1773.21,-1.0,1,0
TATACONSUM,MBAG_V3C_90D_MULTI_REGIME_T4R,2025-12-12,DEV,BULL,1645.7332391773539,1611.74,1781.71,-1.0,1,0
TATACONSUM,MBAG_V1_CHAMP_BASE60_T3R,2025-12-16,DEV,BULL,1684.349053672497,1640.71,1815.27,-1.0,1,0
TATACONSUM,MBAG_V2A_CONVEX_CAT_90D_T4R,2025-12-16,DEV,BULL,1684.349053672497,1649.44,1823.99,-1.0,1,0
TATACONSUM,MBAG_V3C_90D_MULTI_REGIME_T4R,2025-12-16,DEV,BULL,1684.349053672497,1649.44,1823.99,-1.0,1,0
TATACONSUM,MBAG_V1_CHAMP_BASE60_T3R,2026-01-02,VAL,BULL,1736.1129274763996,1693.94,1862.63,-1.0,1,0
TATACONSUM,MBAG_V1_CHAMP_BASE60_T3R,2026-05-06,VAL,BULL,1877.4317845730857,1833.75,2008.48,-1.0,1,0
TATACONSUM,MBAG_V1_CHAMP_BASE60_T3R,2026-06-19,HOLDOUT,BULL,2070.0972548064724,2023.84,2208.87,-1.0,1,0
TATAELXSI,MBAG_V1_CHAMP_BASE60_T3R,2026-01-07,VAL,BULL,5749.88623046875,5360.62,6917.68,-1.0,1,0
TATAELXSI,MBAG_V3A_40D_MICRO_SURGE_T3_5R,2026-01-07,VAL,BULL,5749.88623046875,5469.61,6730.85,-1.0,1,0
TATAELXSI,MBAG_V3B_60D_VOLUME_ANOMALY_T4R,2026-01-07,VAL,BULL,5749.88623046875,5469.61,6870.99,-1.0,1,0
TATAELXSI,MBAG_V3D_60D_CONVEX_RUNNER_T5R,2026-01-07,VAL,BULL,5749.88623046875,5500.75,6995.57,-1.0,1,0
TATAMOTORS,MBAG_V1_CHAMP_BASE60_T3R,2026-02-27,VAL,BULL,499.6596984863281,464.59,604.87,-1.0,1,0
TATAMOTORS,MBAG_V3D_60D_CONVEX_RUNNER_T5R,2026-02-27,VAL,BULL,499.6596984863281,477.22,611.86,-1.0,1,0
TATAPOWER,MBAG_V1_CHAMP_BASE60_T3R,2025-07-24,DEV,BULL,1948.5348839339824,1905.19,2078.57,2.51,0,0
TATAPOWER,MBAG_V1_CHAMP_BASE60_T3R,2025-07-28,DEV,BULL,1988.2739629412724,1945.03,2118.01,-1.0,1,0
TATAPOWER,MBAG_V1_CHAMP_BASE60_T3R,2025-07-29,DEV,BULL,1998.8120960669164,1954.09,2132.98,-1.0,1,0
TATAPOWER,MBAG_V1_CHAMP_BASE60_T3R,2025-09-04,DEV,BULL,2129.116772886676,2085.62,2259.61,-1.0,1,0
TATASTEEL,MBAG_V1_CHAMP_BASE60_T3R,2025-10-28,DEV,BULL,178.13632202148438,169.65,203.6,-1.0,1,0
TATASTEEL,MBAG_V3A_40D_MICRO_SURGE_T3_5R,2025-10-28,DEV,BULL,178.13632202148438,172.02,199.54,-1.0,1,0
TATASTEEL,MBAG_V3D_60D_CONVEX_RUNNER_T5R,2025-10-28,DEV,BULL,178.13632202148438,172.7,205.32,-1.0,1,0
TATASTEEL,MBAG_V1_CHAMP_BASE60_T3R,2025-10-29,DEV,BULL,181.44802856445312,172.73,207.6,-1.0,1,0
TATASTEEL,MBAG_V1_CHAMP_BASE60_T3R,2026-01-14,VAL,BULL,185.42599487304688,175.01,216.67,1.77,0,0
TATASTEEL,MBAG_V2A_CONVEX_CAT_90D_T4R,2026-01-14,VAL,BULL,185.42599487304688,177.09,218.77,3.09,0,0
TATASTEEL,MBAG_V3C_90D_MULTI_REGIME_T4R,2026-01-14,VAL,BULL,185.42599487304688,177.09,218.77,3.09,0,0
TATASTEEL,MBAG_V3D_60D_CONVEX_RUNNER_T5R,2026-01-14,VAL,BULL,185.42599487304688,178.76,218.76,-1.0,1,0
TATASTEEL,MBAG_V1_CHAMP_BASE60_T3R,2026-01-29,VAL,BULL,198.23190307617188,186.45,233.58,-1.0,1,0
TATASTEEL,MBAG_V2A_CONVEX_CAT_90D_T4R,2026-01-29,VAL,BULL,198.23190307617188,188.81,235.92,-1.0,1,0
TATASTEEL,MBAG_V3C_90D_MULTI_REGIME_T4R,2026-01-29,VAL,BULL,198.23190307617188,188.81,235.92,-1.0,1,0
TATASTEEL,MBAG_V3D_60D_CONVEX_RUNNER_T5R,2026-01-29,VAL,BULL,198.23190307617188,190.69,235.94,-1.0,1,0
TATASTEEL,MBAG_V1_CHAMP_BASE60_T3R,2026-02-10,VAL,BULL,203.8069305419922,188.85,248.68,-1.0,1,0
TATASTEEL,MBAG_V2A_CONVEX_CAT_90D_T4R,2026-02-10,VAL,BULL,203.8069305419922,191.84,251.67,-1.0,1,0
TATASTEEL,MBAG_V3A_40D_MICRO_SURGE_T3_5R,2026-02-10,VAL,BULL,203.8069305419922,193.04,241.49,-1.0,1,0
TATASTEEL,MBAG_V3C_90D_MULTI_REGIME_T4R,2026-02-10,VAL,BULL,203.8069305419922,191.84,251.67,-1.0,1,0
TATASTEEL,MBAG_V3D_60D_CONVEX_RUNNER_T5R,2026-02-10,VAL,BULL,203.8069305419922,194.23,251.69,-1.0,1,0
TATASTEEL,MBAG_V1_CHAMP_BASE60_T3R,2026-05-13,VAL,BULL,215.1823272705078,205.04,245.61,-1.0,1,0
TATASTEEL,MBAG_V3C_90D_MULTI_REGIME_T4R,2026-05-13,VAL,BULL,215.1823272705078,207.07,247.63,-1.0,1,0
TATATECH,MBAG_V1_CHAMP_BASE60_T3R,2025-08-27,DEV,BULL,878.4643364348209,858.83,937.37,-1.0,1,0
TCS,MBAG_V1_CHAMP_BASE60_T3R,2025-12-04,DEV,BULL,3112.0537109375,3007.33,3426.22,0.2,0,0
TDPOWERSYS,MBAG_V3A_40D_MICRO_SURGE_T3_5R,2026-02-03,VAL,BULL,816.6525268554688,756.92,1025.72,-0.25,0,0
TDPOWERSYS,MBAG_V2A_CONVEX_CAT_90D_T4R,2026-02-10,VAL,BULL,851.3685913085938,766.32,1191.56,-1.0,1,0
TDPOWERSYS,MBAG_V3A_40D_MICRO_SURGE_T3_5R,2026-02-10,VAL,BULL,851.3685913085938,774.83,1119.25,-1.0,1,0
TDPOWERSYS,MBAG_V3B_60D_VOLUME_ANOMALY_T4R,2026-02-10,VAL,BULL,851.3685913085938,774.83,1157.52,-1.0,1,0
TDPOWERSYS,MBAG_V3C_90D_MULTI_REGIME_T4R,2026-02-10,VAL,BULL,851.3685913085938,766.32,1191.56,-1.0,1,0
TDPOWERSYS,MBAG_V3D_60D_CONVEX_RUNNER_T5R,2026-02-10,VAL,BULL,851.3685913085938,783.33,1191.56,-1.0,1,0
TDPOWERSYS,MBAG_V1_CHAMP_BASE60_T3R,2026-04-16,VAL,BULL,969.8029174804688,870.53,1267.62,3.0,0,1
TDPOWERSYS,MBAG_V3C_90D_MULTI_REGIME_T4R,2026-04-16,VAL,BULL,969.8029174804688,890.39,1287.45,4.0,0,1
TDPOWERSYS,MBAG_V1_CHAMP_BASE60_T3R,2026-04-20,VAL,BULL,1029.6943359375,926.69,1338.71,3.0,0,1
TDPOWERSYS,MBAG_V1_CHAMP_BASE60_T3R,2026-05-07,VAL,BULL,1244.0850830078125,1110.69,1644.27,0.6,0,0
TDPOWERSYS,MBAG_V3C_90D_MULTI_REGIME_T4R,2026-05-07,VAL,BULL,1244.0850830078125,1137.37,1670.95,-1.0,1,0
TDPOWERSYS,MBAG_V2A_CONVEX_CAT_90D_T4R,2026-05-15,VAL,BULL,1310.020751953125,1179.59,1831.74,-1.0,1,0
TDPOWERSYS,MBAG_V2B_EXPANSION_120D_T5R,2026-05-15,VAL,BULL,1310.020751953125,1192.63,1896.97,-1.0,1,0
TDPOWERSYS,MBAG_V3A_40D_MICRO_SURGE_T3_5R,2026-05-15,VAL,BULL,1310.020751953125,1192.63,1720.89,-1.0,1,0
TDPOWERSYS,MBAG_V3B_60D_VOLUME_ANOMALY_T4R,2026-05-15,VAL,BULL,1310.020751953125,1192.63,1779.58,-1.0,1,0
TDPOWERSYS,MBAG_V3C_90D_MULTI_REGIME_T4R,2026-05-15,VAL,BULL,1310.020751953125,1179.59,1831.74,-1.0,1,0
TDPOWERSYS,MBAG_V3D_60D_CONVEX_RUNNER_T5R,2026-05-15,VAL,BULL,1310.020751953125,1205.68,1831.72,-1.0,1,0
TECHM,MBAG_V3A_40D_MICRO_SURGE_T3_5R,2025-11-24,DEV,BULL,1456.8408203125,1409.87,1621.24,2.28,0,0
TECHM,MBAG_V1_CHAMP_BASE60_T3R,2026-01-16,VAL,BULL,1628.18798828125,1548.49,1867.28,-1.0,1,0
TECHM,MBAG_V2A_CONVEX_CAT_90D_T4R,2026-01-16,VAL,BULL,1628.18798828125,1564.43,1883.22,-1.0,1,0
TECHM,MBAG_V2B_EXPANSION_120D_T5R,2026-01-16,VAL,BULL,1628.18798828125,1570.81,1915.08,-1.0,1,0
TECHM,MBAG_V3A_40D_MICRO_SURGE_T3_5R,2026-01-16,VAL,BULL,1628.18798828125,1570.81,1829.01,-1.0,1,0
TECHM,MBAG_V3B_60D_VOLUME_ANOMALY_T4R,2026-01-16,VAL,BULL,1628.18798828125,1570.81,1857.7,-1.0,1,0
TECHM,MBAG_V3C_90D_MULTI_REGIME_T4R,2026-01-16,VAL,BULL,1628.18798828125,1564.43,1883.22,-1.0,1,0
TECHM,MBAG_V3D_60D_CONVEX_RUNNER_T5R,2026-01-16,VAL,BULL,1628.18798828125,1577.18,1883.23,-1.0,1,0
TECHM,MBAG_V1_CHAMP_BASE60_T3R,2026-01-19,VAL,BULL,1674.77734375,1587.2,1937.51,-1.0,1,0
TECHM,MBAG_V2A_CONVEX_CAT_90D_T4R,2026-01-19,VAL,BULL,1674.77734375,1604.71,1955.05,-1.0,1,0
TECHM,MBAG_V2B_EXPANSION_120D_T5R,2026-01-19,VAL,BULL,1674.77734375,1611.72,1990.06,-1.0,1,0
TECHM,MBAG_V3A_40D_MICRO_SURGE_T3_5R,2026-01-19,VAL,BULL,1674.77734375,1611.72,1895.48,-1.0,1,0
TECHM,MBAG_V3B_60D_VOLUME_ANOMALY_T4R,2026-01-19,VAL,BULL,1674.77734375,1611.72,1927.01,-1.0,1,0
TECHM,MBAG_V3C_90D_MULTI_REGIME_T4R,2026-01-19,VAL,BULL,1674.77734375,1604.71,1955.05,-1.0,1,0
TECHM,MBAG_V3D_60D_CONVEX_RUNNER_T5R,2026-01-19,VAL,BULL,1674.77734375,1618.73,1955.01,-1.0,1,0
TECHM,MBAG_V1_CHAMP_BASE60_T3R,2026-06-01,HOLDOUT,BULL,1504.1123046875,1410.47,1785.04,-1.0,1,0
TECHM,MBAG_V3A_40D_MICRO_SURGE_T3_5R,2026-06-01,HOLDOUT,BULL,1504.1123046875,1436.69,1740.09,-1.0,1,0
TECHM,MBAG_V3D_60D_CONVEX_RUNNER_T5R,2026-06-01,HOLDOUT,BULL,1504.1123046875,1444.18,1803.77,-1.0,1,0
TECHM,MBAG_V1_CHAMP_BASE60_T3R,2026-06-02,HOLDOUT,BULL,1531.59814453125,1436.79,1816.02,-1.0,1,0
TECHNOE,MBAG_V1_CHAMP_BASE60_T3R,2025-09-22,DEV,BULL,1665.0994773593245,1629.14,1772.98,-1.0,1,0
TEGA,MBAG_V1_CHAMP_BASE60_T3R,2026-03-16,VAL,BULL,919.5162603209698,899.84,978.55,-1.0,1,0
TFCILTD,MBAG_V1_CHAMP_BASE60_T3R,2026-02-23,VAL,BULL,77.94231414794922,70.7,99.67,-1.0,1,0
TFCILTD,MBAG_V2A_CONVEX_CAT_90D_T4R,2026-02-23,VAL,BULL,77.94231414794922,72.15,101.11,-1.0,1,0
TFCILTD,MBAG_V3C_90D_MULTI_REGIME_T4R,2026-02-23,VAL,BULL,77.94231414794922,72.15,101.11,-1.0,1,0
TFCILTD,MBAG_V3D_60D_CONVEX_RUNNER_T5R,2026-02-23,VAL,BULL,77.94231414794922,73.31,101.1,-1.0,1,0
TFCILTD,MBAG_V3A_40D_MICRO_SURGE_T3_5R,2026-05-06,VAL,BULL,79.90206909179688,74.14,100.07,-1.0,1,0
TFCILTD,MBAG_V1_CHAMP_BASE60_T3R,2026-05-07,VAL,BULL,83.25453186035156,75.25,107.27,-1.0,1,0
TFCILTD,MBAG_V3C_90D_MULTI_REGIME_T4R,2026-05-07,VAL,BULL,83.25453186035156,76.85,108.87,-1.0,1,0
THANGAMAYL,MBAG_V1_CHAMP_BASE60_T3R,2025-11-03,DEV,BULL,2596.23779296875,2360.9,3302.25,3.0,0,1
THANGAMAYL,MBAG_V3A_40D_MICRO_SURGE_T3_5R,2025-11-03,DEV,BULL,2596.23779296875,2426.79,3189.31,3.5,0,1
THANGAMAYL,MBAG_V3B_60D_VOLUME_ANOMALY_T4R,2025-11-03,DEV,BULL,2596.23779296875,2426.79,3274.03,4.0,0,1
THANGAMAYL,MBAG_V3D_60D_CONVEX_RUNNER_T5R,2025-11-03,DEV,BULL,2596.23779296875,2445.62,3349.33,5.0,0,1
THANGAMAYL,MBAG_V1_CHAMP_BASE60_T3R,2025-11-04,DEV,BULL,3032.716796875,2743.76,3899.59,0.82,0,0
THANGAMAYL,MBAG_V3A_40D_MICRO_SURGE_T3_5R,2025-11-04,DEV,BULL,3032.716796875,2824.67,3760.88,0.88,0,0
THANGAMAYL,MBAG_V3B_60D_VOLUME_ANOMALY_T4R,2025-11-04,DEV,BULL,3032.716796875,2824.67,3864.9,1.31,0,0
THANGAMAYL,MBAG_V3D_60D_CONVEX_RUNNER_T5R,2025-11-04,DEV,BULL,3032.716796875,2847.78,3957.4,-1.0,1,0
THANGAMAYL,MBAG_V3A_40D_MICRO_SURGE_T3_5R,2025-11-07,DEV,BULL,3379.845947265625,3087.71,4402.32,-1.0,1,0
THANGAMAYL,MBAG_V3B_60D_VOLUME_ANOMALY_T4R,2025-11-07,DEV,BULL,3379.845947265625,3087.71,4548.39,-1.0,1,0
THANGAMAYL,MBAG_V3D_60D_CONVEX_RUNNER_T5R,2025-11-07,DEV,BULL,3379.845947265625,3120.17,4678.23,-1.0,1,0
THANGAMAYL,MBAG_V1_CHAMP_BASE60_T3R,2026-01-07,VAL,BULL,3825.000732421875,3470.85,4887.45,-1.0,1,0
THANGAMAYL,MBAG_V2A_CONVEX_CAT_90D_T4R,2026-01-07,VAL,BULL,3825.000732421875,3541.68,4958.28,-1.0,1,0
THANGAMAYL,MBAG_V3A_40D_MICRO_SURGE_T3_5R,2026-01-07,VAL,BULL,3825.000732421875,3570.01,4717.47,-1.0,1,0
THANGAMAYL,MBAG_V3B_60D_VOLUME_ANOMALY_T4R,2026-01-07,VAL,BULL,3825.000732421875,3570.01,4844.96,-1.0,1,0
THANGAMAYL,MBAG_V3C_90D_MULTI_REGIME_T4R,2026-01-07,VAL,BULL,3825.000732421875,3541.68,4958.28,-1.0,1,0
THANGAMAYL,MBAG_V3D_60D_CONVEX_RUNNER_T5R,2026-01-07,VAL,BULL,3825.000732421875,3598.34,4958.3,-1.0,1,0
THANGAMAYL,MBAG_V1_CHAMP_BASE60_T3R,2026-01-08,VAL,BULL,3871.470947265625,3476.81,5055.45,-1.0,1,0
THANGAMAYL,MBAG_V2A_CONVEX_CAT_90D_T4R,2026-01-08,VAL,BULL,3871.470947265625,3555.74,5134.39,-1.0,1,0
THANGAMAYL,MBAG_V3A_40D_MICRO_SURGE_T3_5R,2026-01-08,VAL,BULL,3871.470947265625,3587.31,4866.03,-1.0,1,0
THANGAMAYL,MBAG_V3B_60D_VOLUME_ANOMALY_T4R,2026-01-08,VAL,BULL,3871.470947265625,3587.31,5008.11,-1.0,1,0
THANGAMAYL,MBAG_V3C_90D_MULTI_REGIME_T4R,2026-01-08,VAL,BULL,3871.470947265625,3555.74,5134.39,-1.0,1,0
THANGAMAYL,MBAG_V3D_60D_CONVEX_RUNNER_T5R,2026-01-08,VAL,BULL,3871.470947265625,3618.89,5134.38,-1.0,1,0
THANGAMAYL,MBAG_V1_CHAMP_BASE60_T3R,2026-06-02,HOLDOUT,BULL,4577.89501953125,4070.53,6099.99,3.0,0,1
THANGAMAYL,MBAG_V1_CHAMP_BASE60_T3R,2026-06-04,HOLDOUT,BULL,5505.201171875,4911.01,7287.77,1.33,0,0
THANGAMAYL,MBAG_V2A_CONVEX_CAT_90D_T4R,2026-06-04,HOLDOUT,BULL,5505.201171875,5029.85,7406.61,1.8,0,0
THANGAMAYL,MBAG_V2B_EXPANSION_120D_T5R,2026-06-04,HOLDOUT,BULL,5505.201171875,5077.38,7644.31,-1.0,1,0
THANGAMAYL,MBAG_V3A_40D_MICRO_SURGE_T3_5R,2026-06-04,HOLDOUT,BULL,5505.201171875,5077.38,7002.58,-1.0,1,0
THANGAMAYL,MBAG_V3B_60D_VOLUME_ANOMALY_T4R,2026-06-04,HOLDOUT,BULL,5505.201171875,5077.38,7216.49,-1.0,1,0
THANGAMAYL,MBAG_V3C_90D_MULTI_REGIME_T4R,2026-06-04,HOLDOUT,BULL,5505.201171875,5029.85,7406.61,1.8,0,0
THANGAMAYL,MBAG_V3D_60D_CONVEX_RUNNER_T5R,2026-06-04,HOLDOUT,BULL,5505.201171875,5124.92,7406.61,-1.0,1,0
THANGAMAYL,MBAG_V1_CHAMP_BASE60_T3R,2026-06-29,HOLDOUT,BULL,5858.71240234375,5280.03,7594.76,2.51,0,0
THANGAMAYL,MBAG_V2A_CONVEX_CAT_90D_T4R,2026-06-29,HOLDOUT,BULL,5858.71240234375,5395.76,7710.52,-1.0,1,0
THANGAMAYL,MBAG_V3A_40D_MICRO_SURGE_T3_5R,2026-06-29,HOLDOUT,BULL,5858.71240234375,5442.06,7317.0,3.5,0,1
THANGAMAYL,MBAG_V3C_90D_MULTI_REGIME_T4R,2026-06-29,HOLDOUT,BULL,5858.71240234375,5395.76,7710.52,-1.0,1,0
THANGAMAYL,MBAG_V3D_60D_CONVEX_RUNNER_T5R,2026-06-29,HOLDOUT,BULL,5858.71240234375,5488.35,7710.52,-1.0,1,0
THANGAMAYL,MBAG_V1_CHAMP_BASE60_T3R,2026-06-30,HOLDOUT,BULL,6380.35302734375,5735.34,8315.39,-1.0,1,0
THANGAMAYL,MBAG_V2A_CONVEX_CAT_90D_T4R,2026-07-08,HOLDOUT,BULL,6787.015625,6075.15,9634.48,-1.0,1,0
THANGAMAYL,MBAG_V2B_EXPANSION_120D_T5R,2026-07-08,HOLDOUT,BULL,6787.015625,6146.34,9990.39,-1.0,1,0
THANGAMAYL,MBAG_V3A_40D_MICRO_SURGE_T3_5R,2026-07-08,HOLDOUT,BULL,6787.015625,6146.34,9029.38,-1.0,1,0
THANGAMAYL,MBAG_V3B_60D_VOLUME_ANOMALY_T4R,2026-07-08,HOLDOUT,BULL,6787.015625,6146.34,9349.72,-1.0,1,0
THANGAMAYL,MBAG_V3C_90D_MULTI_REGIME_T4R,2026-07-08,HOLDOUT,BULL,6787.015625,6075.15,9634.48,-1.0,1,0
THANGAMAYL,MBAG_V3D_60D_CONVEX_RUNNER_T5R,2026-07-08,HOLDOUT,BULL,6787.015625,6217.52,9634.49,-1.0,1,0
THELEELA,MBAG_V1_CHAMP_BASE60_T3R,2026-06-15,HOLDOUT,BULL,458.20001220703125,425.99,554.83,1.33,0,0
THELEELA,MBAG_V3A_40D_MICRO_SURGE_T3_5R,2026-06-15,HOLDOUT,BULL,458.20001220703125,435.01,539.37,1.48,0,0
THELEELA,MBAG_V3B_60D_VOLUME_ANOMALY_T4R,2026-06-15,HOLDOUT,BULL,458.20001220703125,435.01,550.96,0.75,0,0
THELEELA,MBAG_V3D_60D_CONVEX_RUNNER_T5R,2026-06-15,HOLDOUT,BULL,458.20001220703125,437.58,561.3,2.11,0,0
THELEELA,MBAG_V1_CHAMP_BASE60_T3R,2026-06-19,HOLDOUT,BULL,494.20001220703125,448.5,631.3,-0.19,0,0
THELEELA,MBAG_V2A_CONVEX_CAT_90D_T4R,2026-06-19,HOLDOUT,BULL,494.20001220703125,457.64,640.44,0.01,0,0
THELEELA,MBAG_V2B_EXPANSION_120D_T5R,2026-06-19,HOLDOUT,BULL,494.20001220703125,461.3,658.7,-1.0,1,0
THELEELA,MBAG_V3A_40D_MICRO_SURGE_T3_5R,2026-06-19,HOLDOUT,BULL,494.20001220703125,461.3,609.35,-1.0,1,0
THELEELA,MBAG_V3B_60D_VOLUME_ANOMALY_T4R,2026-06-19,HOLDOUT,BULL,494.20001220703125,461.3,625.8,-1.0,1,0
THELEELA,MBAG_V3C_90D_MULTI_REGIME_T4R,2026-06-19,HOLDOUT,BULL,494.20001220703125,457.64,640.44,0.01,0,0
THELEELA,MBAG_V3D_60D_CONVEX_RUNNER_T5R,2026-06-19,HOLDOUT,BULL,494.20001220703125,464.95,640.45,-1.0,1,0
THERMAX,MBAG_V1_CHAMP_BASE60_T3R,2026-06-16,HOLDOUT,BULL,2616.7006275051967,2561.1,2783.5,-1.0,1,0
THOMASCOOK,MBAG_V1_CHAMP_BASE60_T3R,2026-06-09,HOLDOUT,BEAR,112.83999633789062,101.4,147.16,-0.56,0,0
THOMASCOOK,MBAG_V3A_40D_MICRO_SURGE_T3_5R,2026-06-09,HOLDOUT,BEAR,112.83999633789062,104.6,141.68,-1.0,1,0
THOMASCOOK,MBAG_V3B_60D_VOLUME_ANOMALY_T4R,2026-06-09,HOLDOUT,BEAR,112.83999633789062,104.6,145.8,-1.0,1,0
THOMASCOOK,MBAG_V3D_60D_CONVEX_RUNNER_T5R,2026-06-09,HOLDOUT,BEAR,112.83999633789062,105.52,149.44,-1.0,1,0
THOMASCOOK,MBAG_V1_CHAMP_BASE60_T3R,2026-06-10,HOLDOUT,BEAR,115.08000183105469,103.21,150.69,-1.0,1,0
THOMASCOOK,MBAG_V3D_60D_CONVEX_RUNNER_T5R,2026-06-10,HOLDOUT,BEAR,115.08000183105469,107.48,153.08,-1.0,1,0
THYROCARE,MBAG_V1_CHAMP_BASE60_T3R,2025-11-13,DEV,BULL,490.4825744628906,441.15,638.48,-1.0,1,0
THYROCARE,MBAG_V3D_60D_CONVEX_RUNNER_T5R,2025-11-13,DEV,BULL,490.4825744628906,458.91,648.35,-1.0,1,0
THYROCARE,MBAG_V3A_40D_MICRO_SURGE_T3_5R,2026-05-04,VAL,NEUTRAL,414.9983825683594,390.9,499.34,3.5,0,1
THYROCARE,MBAG_V1_CHAMP_BASE60_T3R,2026-05-06,VAL,BULL,456.5574645996094,420.34,565.21,1.71,0,0
THYROCARE,MBAG_V3A_40D_MICRO_SURGE_T3_5R,2026-05-06,VAL,BULL,456.5574645996094,430.48,547.83,3.5,0,1
THYROCARE,MBAG_V3B_60D_VOLUME_ANOMALY_T4R,2026-05-06,VAL,BULL,456.5574645996094,430.48,560.87,4.0,0,1
THYROCARE,MBAG_V3D_60D_CONVEX_RUNNER_T5R,2026-05-06,VAL,BULL,456.5574645996094,433.38,572.44,5.0,0,1
THYROCARE,MBAG_V1_CHAMP_BASE60_T3R,2026-05-07,VAL,BULL,464.652099609375,426.32,579.65,1.29,0,0
THYROCARE,MBAG_V3A_40D_MICRO_SURGE_T3_5R,2026-05-07,VAL,BULL,464.652099609375,437.05,561.26,3.5,0,1
THYROCARE,MBAG_V3B_60D_VOLUME_ANOMALY_T4R,2026-05-07,VAL,BULL,464.652099609375,437.05,575.06,2.28,0,0
THYROCARE,MBAG_V3D_60D_CONVEX_RUNNER_T5R,2026-05-07,VAL,BULL,464.652099609375,440.12,587.31,-1.0,1,0
THYROCARE,MBAG_V1_CHAMP_BASE60_T3R,2026-06-08,HOLDOUT,BULL,534.394287109375,487.43,675.29,0.23,0,0
THYROCARE,MBAG_V2A_CONVEX_CAT_90D_T4R,2026-06-08,HOLDOUT,BULL,534.394287109375,496.82,684.69,0.56,0,0
THYROCARE,MBAG_V2B_EXPANSION_120D_T5R,2026-06-08,HOLDOUT,BULL,534.394287109375,500.58,703.47,1.72,0,0
THYROCARE,MBAG_V3A_40D_MICRO_SURGE_T3_5R,2026-06-08,HOLDOUT,BULL,534.394287109375,500.58,652.74,-0.72,0,0
THYROCARE,MBAG_V3B_60D_VOLUME_ANOMALY_T4R,2026-06-08,HOLDOUT,BULL,534.394287109375,500.58,669.65,0.62,0,0
THYROCARE,MBAG_V3C_90D_MULTI_REGIME_T4R,2026-06-08,HOLDOUT,BULL,534.394287109375,496.82,684.69,0.56,0,0
THYROCARE,MBAG_V3D_60D_CONVEX_RUNNER_T5R,2026-06-08,HOLDOUT,BULL,534.394287109375,504.33,684.72,1.65,0,0
TIMKEN,MBAG_V1_CHAMP_BASE60_T3R,2025-08-21,DEV,BULL,1220.981372694032,1195.42,1297.67,3.0,0,1
TIMKEN,MBAG_V1_CHAMP_BASE60_T3R,2026-06-03,HOLDOUT,BULL,1593.268028889066,1561.06,1689.89,-1.0,1,0
TINNARUBR,MBAG_V3A_40D_MICRO_SURGE_T3_5R,2026-05-04,VAL,NEUTRAL,775.2000122070312,717.98,975.47,-1.0,1,0
TINNARUBR,MBAG_V3A_40D_MICRO_SURGE_T3_5R,2026-05-05,VAL,BULL,815.1500244140625,752.56,1034.22,-1.0,1,0
TINNARUBR,MBAG_V1_CHAMP_BASE60_T3R,2026-05-06,VAL,BULL,840.25,753.11,1101.67,-1.0,1,0
TINNARUBR,MBAG_V2A_CONVEX_CAT_90D_T4R,2026-06-04,HOLDOUT,BULL,891.25,795.21,1275.41,0.98,0,0
TINNARUBR,MBAG_V2B_EXPANSION_120D_T5R,2026-06-04,HOLDOUT,BULL,891.25,804.81,1323.45,1.75,0,0
TINNARUBR,MBAG_V3A_40D_MICRO_SURGE_T3_5R,2026-06-04,HOLDOUT,BULL,891.25,804.81,1193.79,0.78,0,0
TINNARUBR,MBAG_V3B_60D_VOLUME_ANOMALY_T4R,2026-06-04,HOLDOUT,BULL,891.25,804.81,1237.01,1.09,0,0
TINNARUBR,MBAG_V3C_90D_MULTI_REGIME_T4R,2026-06-04,HOLDOUT,BULL,891.25,795.21,1275.41,0.98,0,0
TINNARUBR,MBAG_V3D_60D_CONVEX_RUNNER_T5R,2026-06-04,HOLDOUT,BULL,891.25,814.42,1275.4,5.0,0,1
TINNARUBR,MBAG_V1_CHAMP_BASE60_T3R,2026-06-23,HOLDOUT,BULL,943.7000122070312,840.96,1251.92,3.0,0,1
TINNARUBR,MBAG_V2A_CONVEX_CAT_90D_T4R,2026-06-23,HOLDOUT,BULL,943.7000122070312,861.51,1272.46,4.0,0,1
TINNARUBR,MBAG_V2B_EXPANSION_120D_T5R,2026-06-23,HOLDOUT,BULL,943.7000122070312,869.73,1313.55,5.0,0,1
TINNARUBR,MBAG_V3A_40D_MICRO_SURGE_T3_5R,2026-06-23,HOLDOUT,BULL,943.7000122070312,869.73,1202.6,3.5,0,1
TINNARUBR,MBAG_V3B_60D_VOLUME_ANOMALY_T4R,2026-06-23,HOLDOUT,BULL,943.7000122070312,869.73,1239.58,4.0,0,1
TINNARUBR,MBAG_V3C_90D_MULTI_REGIME_T4R,2026-06-23,HOLDOUT,BULL,943.7000122070312,861.51,1272.46,4.0,0,1
TINNARUBR,MBAG_V3D_60D_CONVEX_RUNNER_T5R,2026-06-23,HOLDOUT,BULL,943.7000122070312,877.95,1272.45,5.0,0,1
TIPSMUSIC,MBAG_V1_CHAMP_BASE60_T3R,2026-04-21,VAL,BULL,600.5,546.95,761.15,0.96,0,0
TIPSMUSIC,MBAG_V1_CHAMP_BASE60_T3R,2026-04-23,VAL,BULL,647.7000122070312,586.49,831.33,0.18,0,0
TIPSMUSIC,MBAG_V2A_CONVEX_CAT_90D_T4R,2026-04-23,VAL,BULL,647.7000122070312,598.74,843.54,0.5,0,0
TIPSMUSIC,MBAG_V2B_EXPANSION_120D_T5R,2026-04-23,VAL,BULL,647.7000122070312,603.63,868.05,-0.12,0,0
TIPSMUSIC,MBAG_V3A_40D_MICRO_SURGE_T3_5R,2026-04-23,VAL,BULL,647.7000122070312,603.63,801.95,0.52,0,0
TIPSMUSIC,MBAG_V3B_60D_VOLUME_ANOMALY_T4R,2026-04-23,VAL,BULL,647.7000122070312,603.63,823.98,0.55,0,0
TIPSMUSIC,MBAG_V3C_90D_MULTI_REGIME_T4R,2026-04-23,VAL,BULL,647.7000122070312,598.74,843.54,0.5,0,0
TIPSMUSIC,MBAG_V3D_60D_CONVEX_RUNNER_T5R,2026-04-23,VAL,BULL,647.7000122070312,608.53,843.55,-0.31,0,0
TIPSMUSIC,MBAG_V1_CHAMP_BASE60_T3R,2026-04-24,VAL,BULL,665.1500244140625,601.61,855.77,0.25,0,0
TIPSMUSIC,MBAG_V2A_CONVEX_CAT_90D_T4R,2026-04-24,VAL,BULL,665.1500244140625,614.31,868.51,0.51,0,0
TIPSMUSIC,MBAG_V2B_EXPANSION_120D_T5R,2026-04-24,VAL,BULL,665.1500244140625,619.4,893.9,-1.0,1,0
TIPSMUSIC,MBAG_V3A_40D_MICRO_SURGE_T3_5R,2026-04-24,VAL,BULL,665.1500244140625,619.4,825.28,-1.0,1,0
TIPSMUSIC,MBAG_V3B_60D_VOLUME_ANOMALY_T4R,2026-04-24,VAL,BULL,665.1500244140625,619.4,848.15,-1.0,1,0
TIPSMUSIC,MBAG_V3C_90D_MULTI_REGIME_T4R,2026-04-24,VAL,BULL,665.1500244140625,614.31,868.51,0.51,0,0
TIPSMUSIC,MBAG_V3D_60D_CONVEX_RUNNER_T5R,2026-04-24,VAL,BULL,665.1500244140625,624.48,868.5,-1.0,1,0
TITAGARH,MBAG_V1_CHAMP_BASE60_T3R,2026-05-05,VAL,BULL,840.2000122070312,767.7,1057.7,-1.0,1,0
TITAGARH,MBAG_V3A_40D_MICRO_SURGE_T3_5R,2026-05-05,VAL,BULL,840.2000122070312,788.0,1022.9,-1.0,1,0
TITAGARH,MBAG_V3B_60D_VOLUME_ANOMALY_T4R,2026-05-05,VAL,BULL,840.2000122070312,788.0,1049.0,-1.0,1,0
TITAGARH,MBAG_V3D_60D_CONVEX_RUNNER_T5R,2026-05-05,VAL,BULL,840.2000122070312,793.8,1072.2,-1.0,1,0
TITAGARH,MBAG_V1_CHAMP_BASE60_T3R,2026-06-17,HOLDOUT,BULL,920.4000244140625,835.88,1173.96,-1.0,1,0
TITAN,MBAG_V1_CHAMP_BASE60_T3R,2025-11-04,DEV,BULL,3801.027587890625,3631.71,4308.98,0.03,0,0
TITAN,MBAG_V3D_60D_CONVEX_RUNNER_T5R,2025-11-04,DEV,BULL,3801.027587890625,3692.66,4342.87,0.88,0,0
TITAN,MBAG_V1_CHAMP_BASE60_T3R,2025-11-19,DEV,BULL,3920.236572265625,3756.95,4410.1,-1.0,1,0
TITAN,MBAG_V1_CHAMP_BASE60_T3R,2025-12-26,DEV,BULL,3978.94384765625,3828.7,4429.68,0.2,0,0
TITAN,MBAG_V1_CHAMP_BASE60_T3R,2025-12-31,DEV,BULL,4038.249267578125,3895.59,4466.23,-1.0,1,0
TITAN,MBAG_V1_CHAMP_BASE60_T3R,2026-01-07,VAL,BULL,4259.224609375,4117.83,4683.41,-1.0,1,0
TITAN,MBAG_V2A_CONVEX_CAT_90D_T4R,2026-01-07,VAL,BULL,4259.224609375,4146.11,4711.68,-1.0,1,0
TITAN,MBAG_V3A_40D_MICRO_SURGE_T3_5R,2026-01-07,VAL,BULL,4259.224609375,4157.42,4615.54,-1.0,1,0
TITAN,MBAG_V3B_60D_VOLUME_ANOMALY_T4R,2026-01-07,VAL,BULL,4259.224609375,4157.42,4666.44,-1.0,1,0
TITAN,MBAG_V3C_90D_MULTI_REGIME_T4R,2026-01-07,VAL,BULL,4259.224609375,4146.11,4711.68,-1.0,1,0
TITAN,MBAG_V3D_60D_CONVEX_RUNNER_T5R,2026-01-07,VAL,BULL,4259.224609375,4168.73,4711.7,-1.0,1,0
TITAN,MBAG_V1_CHAMP_BASE60_T3R,2026-04-08,VAL,BULL,4477.80712890625,4162.02,5425.17,-0.58,0,0
TITAN,MBAG_V2A_CONVEX_CAT_90D_T4R,2026-04-08,VAL,BULL,4477.80712890625,4225.18,5488.32,-1.0,1,0
TITAN,MBAG_V2B_EXPANSION_120D_T5R,2026-04-08,VAL,BULL,4477.80712890625,4250.44,5614.64,-1.0,1,0
TITAN,MBAG_V3A_40D_MICRO_SURGE_T3_5R,2026-04-08,VAL,BULL,4477.80712890625,4250.44,5273.59,-1.0,1,0
TITAN,MBAG_V3B_60D_VOLUME_ANOMALY_T4R,2026-04-08,VAL,BULL,4477.80712890625,4250.44,5387.28,-1.0,1,0
TITAN,MBAG_V3C_90D_MULTI_REGIME_T4R,2026-04-08,VAL,BULL,4477.80712890625,4225.18,5488.32,-1.0,1,0
TITAN,MBAG_V3D_60D_CONVEX_RUNNER_T5R,2026-04-08,VAL,BULL,4477.80712890625,4275.7,5488.34,-1.0,1,0
TITAN,MBAG_V3A_40D_MICRO_SURGE_T3_5R,2026-07-07,HOLDOUT,BULL,4589.14208984375,4433.7,5133.19,3.5,0,1
TMB,MBAG_V1_CHAMP_BASE60_T3R,2026-05-11,VAL,BULL,1270.8769386270699,1240.38,1362.37,-1.0,1,0
TMPV,MBAG_V1_CHAMP_BASE60_T3R,2025-10-09,DEV,NEUTRAL,564.9961116733706,553.52,599.42,-1.0,1,0
TORNTPHARM,MBAG_V1_CHAMP_BASE60_T3R,2025-11-10,DEV,BULL,3783.982666015625,3594.59,4352.16,-0.3,0,0
TORNTPHARM,MBAG_V3A_40D_MICRO_SURGE_T3_5R,2025-11-10,DEV,BULL,3783.982666015625,3647.62,4261.25,-1.0,1,0
TORNTPHARM,MBAG_V3B_60D_VOLUME_ANOMALY_T4R,2025-11-10,DEV,BULL,3783.982666015625,3647.62,4329.43,-1.0,1,0
TORNTPHARM,MBAG_V3D_60D_CONVEX_RUNNER_T5R,2025-11-10,DEV,BULL,3783.982666015625,3662.77,4390.05,-1.0,1,0
TORNTPHARM,MBAG_V1_CHAMP_BASE60_T3R,2026-01-07,VAL,BULL,4056.270751953125,3885.57,4568.37,-1.0,1,0
TORNTPHARM,MBAG_V2A_CONVEX_CAT_90D_T4R,2026-01-07,VAL,BULL,4056.270751953125,3919.71,4602.51,-1.0,1,0
TORNTPHARM,MBAG_V3A_40D_MICRO_SURGE_T3_5R,2026-01-07,VAL,BULL,4056.270751953125,3933.37,4486.42,-1.0,1,0
TORNTPHARM,MBAG_V3B_60D_VOLUME_ANOMALY_T4R,2026-01-07,VAL,BULL,4056.270751953125,3933.37,4547.87,-1.0,1,0
TORNTPHARM,MBAG_V3C_90D_MULTI_REGIME_T4R,2026-01-07,VAL,BULL,4056.270751953125,3919.71,4602.51,-1.0,1,0
TORNTPHARM,MBAG_V3D_60D_CONVEX_RUNNER_T5R,2026-01-07,VAL,BULL,4056.270751953125,3947.02,4602.52,-1.0,1,0
TORNTPHARM,MBAG_V1_CHAMP_BASE60_T3R,2026-02-16,VAL,BULL,4224.08447265625,3962.17,5009.83,0.28,0,0
TORNTPHARM,MBAG_V2A_CONVEX_CAT_90D_T4R,2026-02-16,VAL,BULL,4224.08447265625,4014.55,5062.22,-1.0,1,0
TORNTPHARM,MBAG_V2B_EXPANSION_120D_T5R,2026-02-16,VAL,BULL,4224.08447265625,4035.51,5166.96,-1.0,1,0
TORNTPHARM,MBAG_V3A_40D_MICRO_SURGE_T3_5R,2026-02-16,VAL,BULL,4224.08447265625,4035.51,4884.1,0.13,0,0
TORNTPHARM,MBAG_V3B_60D_VOLUME_ANOMALY_T4R,2026-02-16,VAL,BULL,4224.08447265625,4035.51,4978.38,-1.0,1,0
TORNTPHARM,MBAG_V3C_90D_MULTI_REGIME_T4R,2026-02-16,VAL,BULL,4224.08447265625,4014.55,5062.22,-1.0,1,0
TORNTPHARM,MBAG_V3D_60D_CONVEX_RUNNER_T5R,2026-02-16,VAL,BULL,4224.08447265625,4056.46,5062.21,-1.0,1,0
TORNTPHARM,MBAG_V1_CHAMP_BASE60_T3R,2026-02-24,VAL,BULL,4389.17724609375,4171.07,5043.5,-1.0,1,0
TORNTPHARM,MBAG_V2A_CONVEX_CAT_90D_T4R,2026-02-24,VAL,BULL,4389.17724609375,4214.69,5087.13,-1.0,1,0
TORNTPHARM,MBAG_V3C_90D_MULTI_REGIME_T4R,2026-02-24,VAL,BULL,4389.17724609375,4214.69,5087.13,-1.0,1,0
TORNTPHARM,MBAG_V3D_60D_CONVEX_RUNNER_T5R,2026-02-24,VAL,BULL,4389.17724609375,4249.59,5087.11,-1.0,1,0
TORNTPHARM,MBAG_V1_CHAMP_BASE60_T3R,2026-05-11,VAL,BULL,4508.14111328125,4286.55,5172.91,-1.0,1,0
TORNTPHARM,MBAG_V1_CHAMP_BASE60_T3R,2026-05-25,VAL,BULL,4563.53125,4258.14,5479.7,-1.0,1,0
TORNTPHARM,MBAG_V2A_CONVEX_CAT_90D_T4R,2026-05-25,VAL,BULL,4563.53125,4319.22,5540.78,-1.0,1,0
TORNTPHARM,MBAG_V2B_EXPANSION_120D_T5R,2026-05-25,VAL,BULL,4563.53125,4343.65,5662.94,-1.0,1,0
TORNTPHARM,MBAG_V3A_40D_MICRO_SURGE_T3_5R,2026-05-25,VAL,BULL,4563.53125,4343.65,5333.12,-1.0,1,0
TORNTPHARM,MBAG_V3B_60D_VOLUME_ANOMALY_T4R,2026-05-25,VAL,BULL,4563.53125,4343.65,5443.06,-1.0,1,0
TORNTPHARM,MBAG_V3C_90D_MULTI_REGIME_T4R,2026-05-25,VAL,BULL,4563.53125,4319.22,5540.78,-1.0,1,0
TORNTPHARM,MBAG_V3D_60D_CONVEX_RUNNER_T5R,2026-05-25,VAL,BULL,4563.53125,4368.08,5540.79,-1.0,1,0
TORNTPOWER,MBAG_V1_CHAMP_BASE60_T3R,2026-01-02,VAL,BULL,1380.267578125,1303.02,1612.01,-1.0,1,0
TORNTPOWER,MBAG_V2A_CONVEX_CAT_90D_T4R,2026-01-02,VAL,BULL,1380.267578125,1318.47,1627.46,-1.0,1,0
TORNTPOWER,MBAG_V3A_40D_MICRO_SURGE_T3_5R,2026-01-02,VAL,BULL,1380.267578125,1324.65,1574.93,-1.0,1,0
TORNTPOWER,MBAG_V3B_60D_VOLUME_ANOMALY_T4R,2026-01-02,VAL,BULL,1380.267578125,1324.65,1602.74,-1.0,1,0
TORNTPOWER,MBAG_V3C_90D_MULTI_REGIME_T4R,2026-01-02,VAL,BULL,1380.267578125,1318.47,1627.46,-1.0,1,0
TORNTPOWER,MBAG_V3D_60D_CONVEX_RUNNER_T5R,2026-01-02,VAL,BULL,1380.267578125,1330.83,1627.46,-1.0,1,0
TORNTPOWER,MBAG_V1_CHAMP_BASE60_T3R,2026-02-05,VAL,BULL,1398.21875,1301.15,1689.42,0.8,0,0
TORNTPOWER,MBAG_V3C_90D_MULTI_REGIME_T4R,2026-02-05,VAL,BULL,1398.21875,1320.57,1708.81,0.61,0,0
TORNTPOWER,MBAG_V1_CHAMP_BASE60_T3R,2026-02-10,VAL,BULL,1462.724609375,1357.31,1778.97,-1.0,1,0
TORNTPOWER,MBAG_V2A_CONVEX_CAT_90D_T4R,2026-02-10,VAL,BULL,1462.724609375,1378.39,1800.06,-1.0,1,0
TORNTPOWER,MBAG_V3A_40D_MICRO_SURGE_T3_5R,2026-02-10,VAL,BULL,1462.724609375,1386.83,1728.36,-1.0,1,0
TORNTPOWER,MBAG_V3B_60D_VOLUME_ANOMALY_T4R,2026-02-10,VAL,BULL,1462.724609375,1386.83,1766.3,-1.0,1,0
TORNTPOWER,MBAG_V3C_90D_MULTI_REGIME_T4R,2026-02-10,VAL,BULL,1462.724609375,1378.39,1800.06,-1.0,1,0
TORNTPOWER,MBAG_V3D_60D_CONVEX_RUNNER_T5R,2026-02-10,VAL,BULL,1462.724609375,1395.26,1800.05,-1.0,1,0
TORNTPOWER,MBAG_V1_CHAMP_BASE60_T3R,2026-04-20,VAL,BULL,1600.7557373046875,1484.68,1948.98,-1.0,1,0
TORNTPOWER,MBAG_V2A_CONVEX_CAT_90D_T4R,2026-04-20,VAL,BULL,1600.7557373046875,1507.89,1972.22,-1.0,1,0
TORNTPOWER,MBAG_V3A_40D_MICRO_SURGE_T3_5R,2026-04-20,VAL,BULL,1600.7557373046875,1517.18,1893.27,-1.0,1,0
TORNTPOWER,MBAG_V3C_90D_MULTI_REGIME_T4R,2026-04-20,VAL,BULL,1600.7557373046875,1507.89,1972.22,-1.0,1,0
TORNTPOWER,MBAG_V3D_60D_CONVEX_RUNNER_T5R,2026-04-20,VAL,BULL,1600.7557373046875,1526.46,1972.23,-1.0,1,0
TORNTPOWER,MBAG_V1_CHAMP_BASE60_T3R,2026-04-23,VAL,BULL,1731.004638671875,1607.34,2102.0,-1.0,1,0
TORNTPOWER,MBAG_V1_CHAMP_BASE60_T3R,2026-04-27,VAL,BULL,1766.382080078125,1628.09,2181.26,-1.0,1,0
TORNTPOWER,MBAG_V2A_CONVEX_CAT_90D_T4R,2026-04-27,VAL,BULL,1766.382080078125,1655.75,2208.91,-1.0,1,0
TORNTPOWER,MBAG_V3A_40D_MICRO_SURGE_T3_5R,2026-04-27,VAL,BULL,1766.382080078125,1666.81,2114.88,-1.0,1,0
TORNTPOWER,MBAG_V3C_90D_MULTI_REGIME_T4R,2026-04-27,VAL,BULL,1766.382080078125,1655.75,2208.91,-1.0,1,0
TORNTPOWER,MBAG_V3D_60D_CONVEX_RUNNER_T5R,2026-04-27,VAL,BULL,1766.382080078125,1677.88,2208.89,-1.0,1,0
TRAVELFOOD,MBAG_V1_CHAMP_BASE60_T3R,2026-04-21,VAL,BULL,1210.0290931475893,1183.27,1290.31,-0.44,0,0
TRENT,MBAG_V1_CHAMP_BASE60_T3R,2026-04-21,VAL,BEAR,2922.68115234375,2705.01,3575.69,-1.0,1,0
TRENT,MBAG_V1_CHAMP_BASE60_T3R,2026-06-17,HOLDOUT,BEAR,3102.800048828125,2858.26,3836.42,-1.0,1,0
TRENT,MBAG_V2A_CONVEX_CAT_90D_T4R,2026-06-17,HOLDOUT,BEAR,3102.800048828125,2907.17,3885.32,-1.0,1,0
TRENT,MBAG_V3A_40D_MICRO_SURGE_T3_5R,2026-06-17,HOLDOUT,BEAR,3102.800048828125,2926.73,3719.05,-1.0,1,0
TRENT,MBAG_V3B_60D_VOLUME_ANOMALY_T4R,2026-06-17,HOLDOUT,BEAR,3102.800048828125,2926.73,3807.08,-1.0,1,0
TRENT,MBAG_V3C_90D_MULTI_REGIME_T4R,2026-06-17,HOLDOUT,BEAR,3102.800048828125,2907.17,3885.32,-1.0,1,0
TRENT,MBAG_V3D_60D_CONVEX_RUNNER_T5R,2026-06-17,HOLDOUT,BEAR,3102.800048828125,2946.29,3885.35,-1.0,1,0
TRENT,MBAG_V1_CHAMP_BASE60_T3R,2026-06-18,HOLDOUT,BEAR,3179.699951171875,2936.94,3907.98,-1.0,1,0
TRENT,MBAG_V2A_CONVEX_CAT_90D_T4R,2026-06-18,HOLDOUT,BEAR,3179.699951171875,2985.49,3956.54,-1.0,1,0
TRENT,MBAG_V3A_40D_MICRO_SURGE_T3_5R,2026-06-18,HOLDOUT,BEAR,3179.699951171875,3004.91,3791.46,-1.0,1,0
TRENT,MBAG_V3C_90D_MULTI_REGIME_T4R,2026-06-18,HOLDOUT,BEAR,3179.699951171875,2985.49,3956.54,-1.0,1,0
TRENT,MBAG_V3D_60D_CONVEX_RUNNER_T5R,2026-06-18,HOLDOUT,BEAR,3179.699951171875,3024.33,3956.55,-1.0,1,0
TRENT,MBAG_V1_CHAMP_BASE60_T3R,2026-06-19,HOLDOUT,BEAR,3205.800048828125,2962.43,3935.91,-1.0,1,0
TRENT,MBAG_V1_CHAMP_BASE60_T3R,2026-06-24,HOLDOUT,BEAR,3247.0,2998.09,3993.73,-1.0,1,0
TRENT,MBAG_V2A_CONVEX_CAT_90D_T4R,2026-06-24,HOLDOUT,BEAR,3247.0,3047.87,4043.52,-1.0,1,0
TRENT,MBAG_V3A_40D_MICRO_SURGE_T3_5R,2026-06-24,HOLDOUT,BEAR,3247.0,3067.79,3874.24,-1.0,1,0
TRENT,MBAG_V3C_90D_MULTI_REGIME_T4R,2026-06-24,HOLDOUT,BEAR,3247.0,3047.87,4043.52,-1.0,1,0
TRENT,MBAG_V3D_60D_CONVEX_RUNNER_T5R,2026-06-24,HOLDOUT,BEAR,3247.0,3087.7,4043.5,-1.0,1,0
TRIDENT,MBAG_V1_CHAMP_BASE60_T3R,2025-09-16,DEV,BULL,2018.289353206446,1975.93,2145.37,-1.0,1,0
TRIDENT,MBAG_V1_CHAMP_BASE60_T3R,2026-04-10,VAL,BULL,2136.814582781664,2092.2,2270.66,3.0,0,1
TRITURBINE,MBAG_V3A_40D_MICRO_SURGE_T3_5R,2026-04-17,VAL,NEUTRAL,515.4500122070312,479.6,640.93,3.5,0,1
TRITURBINE,MBAG_V1_CHAMP_BASE60_T3R,2026-04-20,VAL,BULL,576.2000122070312,511.66,769.82,0.32,0,0
TRITURBINE,MBAG_V2A_CONVEX_CAT_90D_T4R,2026-04-20,VAL,BULL,576.2000122070312,524.57,782.72,4.0,0,1
TRITURBINE,MBAG_V2B_EXPANSION_120D_T5R,2026-04-20,VAL,BULL,576.2000122070312,529.73,808.55,1.87,0,0
TRITURBINE,MBAG_V3A_40D_MICRO_SURGE_T3_5R,2026-04-20,VAL,BULL,576.2000122070312,529.73,738.85,2.51,0,0
TRITURBINE,MBAG_V3B_60D_VOLUME_ANOMALY_T4R,2026-04-20,VAL,BULL,576.2000122070312,529.73,762.08,4.0,0,1
TRITURBINE,MBAG_V3C_90D_MULTI_REGIME_T4R,2026-04-20,VAL,BULL,576.2000122070312,524.57,782.72,4.0,0,1
TRITURBINE,MBAG_V3D_60D_CONVEX_RUNNER_T5R,2026-04-20,VAL,BULL,576.2000122070312,534.9,782.7,5.0,0,1
TRITURBINE,MBAG_V1_CHAMP_BASE60_T3R,2026-05-19,VAL,BULL,638.0499877929688,570.23,841.51,0.36,0,0
TRITURBINE,MBAG_V2A_CONVEX_CAT_90D_T4R,2026-05-19,VAL,BULL,638.0499877929688,583.79,855.09,0.95,0,0
TRITURBINE,MBAG_V2B_EXPANSION_120D_T5R,2026-05-19,VAL,BULL,638.0499877929688,589.22,882.2,-0.62,0,0
TRITURBINE,MBAG_V3A_40D_MICRO_SURGE_T3_5R,2026-05-19,VAL,BULL,638.0499877929688,589.22,808.95,1.63,0,0
TRITURBINE,MBAG_V3B_60D_VOLUME_ANOMALY_T4R,2026-05-19,VAL,BULL,638.0499877929688,589.22,833.37,1.06,0,0
TRITURBINE,MBAG_V3C_90D_MULTI_REGIME_T4R,2026-05-19,VAL,BULL,638.0499877929688,583.79,855.09,0.95,0,0
TRITURBINE,MBAG_V3D_60D_CONVEX_RUNNER_T5R,2026-05-19,VAL,BULL,638.0499877929688,594.64,855.1,-0.03,0,0
TRITURBINE,MBAG_V1_CHAMP_BASE60_T3R,2026-05-20,VAL,BULL,656.5499877929688,583.23,876.51,0.28,0,0
TRITURBINE,MBAG_V2A_CONVEX_CAT_90D_T4R,2026-05-20,VAL,BULL,656.5499877929688,597.89,891.19,0.35,0,0
TRITURBINE,MBAG_V2B_EXPANSION_120D_T5R,2026-05-20,VAL,BULL,656.5499877929688,603.76,920.5,-1.0,1,0
TRITURBINE,MBAG_V3A_40D_MICRO_SURGE_T3_5R,2026-05-20,VAL,BULL,656.5499877929688,603.76,841.31,0.36,0,0
TRITURBINE,MBAG_V3B_60D_VOLUME_ANOMALY_T4R,2026-05-20,VAL,BULL,656.5499877929688,603.76,867.71,0.39,0,0
TRITURBINE,MBAG_V3C_90D_MULTI_REGIME_T4R,2026-05-20,VAL,BULL,656.5499877929688,597.89,891.19,0.35,0,0
TRITURBINE,MBAG_V3D_60D_CONVEX_RUNNER_T5R,2026-05-20,VAL,BULL,656.5499877929688,609.62,891.2,-0.93,0,0
TRITURBINE,MBAG_V1_CHAMP_BASE60_T3R,2026-05-21,VAL,BULL,705.5999755859375,622.46,955.02,-0.38,0,0
TRITURBINE,MBAG_V2A_CONVEX_CAT_90D_T4R,2026-05-21,VAL,BULL,705.5999755859375,639.09,971.64,-1.0,1,0
TRITURBINE,MBAG_V2B_EXPANSION_120D_T5R,2026-05-21,VAL,BULL,705.5999755859375,645.74,1004.9,-1.0,1,0
TRITURBINE,MBAG_V3A_40D_MICRO_SURGE_T3_5R,2026-05-21,VAL,BULL,705.5999755859375,645.74,915.11,-1.0,1,0
TRITURBINE,MBAG_V3B_60D_VOLUME_ANOMALY_T4R,2026-05-21,VAL,BULL,705.5999755859375,645.74,945.04,-1.0,1,0
TRITURBINE,MBAG_V3C_90D_MULTI_REGIME_T4R,2026-05-21,VAL,BULL,705.5999755859375,639.09,971.64,-1.0,1,0
TRITURBINE,MBAG_V3D_60D_CONVEX_RUNNER_T5R,2026-05-21,VAL,BULL,705.5999755859375,652.39,971.65,-1.0,1,0
TRIVENI,MBAG_V1_CHAMP_BASE60_T3R,2026-01-28,VAL,BULL,2592.2687354205896,2539.59,2750.3,3.0,0,1
TRIVENI,MBAG_V1_CHAMP_BASE60_T3R,2026-03-11,VAL,BULL,2985.8677016756374,2915.39,3197.3,-1.0,1,0
TSFINV,MBAG_V1_CHAMP_BASE60_T3R,2026-06-29,HOLDOUT,NEUTRAL,439.6692199707031,403.08,549.44,-0.22,0,0
TSFINV,MBAG_V2A_CONVEX_CAT_90D_T4R,2026-06-29,HOLDOUT,NEUTRAL,439.6692199707031,410.4,556.75,-0.19,0,0
TSFINV,MBAG_V3A_40D_MICRO_SURGE_T3_5R,2026-06-29,HOLDOUT,NEUTRAL,439.6692199707031,413.32,531.89,0.56,0,0
TSFINV,MBAG_V3B_60D_VOLUME_ANOMALY_T4R,2026-06-29,HOLDOUT,NEUTRAL,439.6692199707031,413.32,545.07,-0.21,0,0
TSFINV,MBAG_V3C_90D_MULTI_REGIME_T4R,2026-06-29,HOLDOUT,NEUTRAL,439.6692199707031,410.4,556.75,-0.19,0,0
TSFINV,MBAG_V3D_60D_CONVEX_RUNNER_T5R,2026-06-29,HOLDOUT,NEUTRAL,439.6692199707031,416.25,556.77,-1.0,1,0
TTKPRESTIG,MBAG_V1_CHAMP_BASE60_T3R,2026-06-30,HOLDOUT,BULL,609.81689453125,562.82,750.81,1.81,0,0
TTKPRESTIG,MBAG_V2A_CONVEX_CAT_90D_T4R,2026-06-30,HOLDOUT,BULL,609.81689453125,572.22,760.2,-0.53,0,0
TTKPRESTIG,MBAG_V3A_40D_MICRO_SURGE_T3_5R,2026-06-30,HOLDOUT,BULL,609.81689453125,575.98,728.25,3.5,0,1
TTKPRESTIG,MBAG_V3B_60D_VOLUME_ANOMALY_T4R,2026-06-30,HOLDOUT,BULL,609.81689453125,575.98,745.16,-0.59,0,0
TTKPRESTIG,MBAG_V3C_90D_MULTI_REGIME_T4R,2026-06-30,HOLDOUT,BULL,609.81689453125,572.22,760.2,-0.53,0,0
TTKPRESTIG,MBAG_V3D_60D_CONVEX_RUNNER_T5R,2026-06-30,HOLDOUT,BULL,609.81689453125,579.74,760.2,-0.51,0,0
TTKPRESTIG,MBAG_V1_CHAMP_BASE60_T3R,2026-07-02,HOLDOUT,BULL,639.05126953125,587.1,794.91,0.34,0,0
TVSMOTOR,MBAG_V1_CHAMP_BASE60_T3R,2026-01-02,VAL,BULL,3834.397705078125,3658.64,4361.67,-1.0,1,0
TVSMOTOR,MBAG_V3C_90D_MULTI_REGIME_T4R,2026-01-02,VAL,BULL,3834.397705078125,3693.79,4396.83,-1.0,1,0
TVSSCS,MBAG_V1_CHAMP_BASE60_T3R,2026-06-22,HOLDOUT,BULL,729.4342366250901,714.78,773.4,-1.0,1,0
UCOBANK,MBAG_V1_CHAMP_BASE60_T3R,2025-09-26,DEV,BULL,1563.8244389159063,1529.58,1666.56,-1.0,1,0
UCOBANK,MBAG_V1_CHAMP_BASE60_T3R,2026-05-22,VAL,BULL,1948.5175617618731,1906.89,2073.4,-1.0,1,0
UCOBANK,MBAG_V1_CHAMP_BASE60_T3R,2026-06-26,HOLDOUT,BULL,1972.4569885416774,1929.79,2100.46,-1.0,1,0
UJJIVANSFB,MBAG_V1_CHAMP_BASE60_T3R,2025-12-19,DEV,BULL,1840.2987416363756,1799.04,1964.07,-1.0,1,0
UJJIVANSFB,MBAG_V1_CHAMP_BASE60_T3R,2025-12-25,DEV,BULL,1872.35574456535,1829.1,2002.12,3.0,0,1
UJJIVANSFB,MBAG_V1_CHAMP_BASE60_T3R,2025-12-26,DEV,BULL,1918.4423460313692,1874.75,2049.52,3.0,0,1
UJJIVANSFB,MBAG_V1_CHAMP_BASE60_T3R,2026-03-25,VAL,BULL,2204.393263027364,2157.8,2344.17,3.0,0,1
ULTRACEMCO,MBAG_V1_CHAMP_BASE60_T3R,2026-01-27,VAL,BULL,12589.0,11907.04,14634.88,0.54,0,0
ULTRACEMCO,MBAG_V3A_40D_MICRO_SURGE_T3_5R,2026-01-27,VAL,BULL,12589.0,12097.99,14307.54,-1.0,1,0
ULTRACEMCO,MBAG_V3B_60D_VOLUME_ANOMALY_T4R,2026-01-27,VAL,BULL,12589.0,12097.99,14553.04,-1.0,1,0
ULTRACEMCO,MBAG_V3D_60D_CONVEX_RUNNER_T5R,2026-01-27,VAL,BULL,12589.0,12152.54,14771.3,-1.0,1,0
UNIONBANK,MBAG_V1_CHAMP_BASE60_T3R,2025-10-28,DEV,BULL,142.8523406982422,134.72,167.25,0.99,0,0
UNIONBANK,MBAG_V1_CHAMP_BASE60_T3R,2026-01-05,VAL,BULL,157.703857421875,150.8,178.42,1.7,0,0
UNIONBANK,MBAG_V2A_CONVEX_CAT_90D_T4R,2026-01-05,VAL,BULL,157.703857421875,152.18,179.8,4.0,0,1
UNIONBANK,MBAG_V3A_40D_MICRO_SURGE_T3_5R,2026-01-05,VAL,BULL,157.703857421875,152.73,175.11,3.5,0,1
UNIONBANK,MBAG_V3B_60D_VOLUME_ANOMALY_T4R,2026-01-05,VAL,BULL,157.703857421875,152.73,177.6,4.0,0,1
UNIONBANK,MBAG_V3C_90D_MULTI_REGIME_T4R,2026-01-05,VAL,BULL,157.703857421875,152.18,179.8,4.0,0,1
UNIONBANK,MBAG_V3D_60D_CONVEX_RUNNER_T5R,2026-01-05,VAL,BULL,157.703857421875,153.28,179.82,5.0,0,1
UNIONBANK,MBAG_V1_CHAMP_BASE60_T3R,2026-01-06,VAL,BULL,160.98692321777344,153.59,183.18,1.36,0,0
UNIONBANK,MBAG_V2A_CONVEX_CAT_90D_T4R,2026-01-06,VAL,BULL,160.98692321777344,155.07,184.65,4.0,0,1
UNIONBANK,MBAG_V3A_40D_MICRO_SURGE_T3_5R,2026-01-06,VAL,BULL,160.98692321777344,155.66,179.63,-1.0,1,0
UNIONBANK,MBAG_V3C_90D_MULTI_REGIME_T4R,2026-01-06,VAL,BULL,160.98692321777344,155.07,184.65,4.0,0,1
UNIONBANK,MBAG_V3D_60D_CONVEX_RUNNER_T5R,2026-01-06,VAL,BULL,160.98692321777344,156.25,184.67,-1.0,1,0
UNIONBANK,MBAG_V1_CHAMP_BASE60_T3R,2026-01-14,VAL,BULL,174.12890625,162.75,208.27,-1.0,1,0
UNIONBANK,MBAG_V2A_CONVEX_CAT_90D_T4R,2026-01-14,VAL,BULL,174.12890625,165.02,210.56,-1.0,1,0
UNIONBANK,MBAG_V3A_40D_MICRO_SURGE_T3_5R,2026-01-14,VAL,BULL,174.12890625,165.93,202.83,-1.0,1,0
UNIONBANK,MBAG_V3B_60D_VOLUME_ANOMALY_T4R,2026-01-14,VAL,BULL,174.12890625,165.93,206.92,-1.0,1,0
UNIONBANK,MBAG_V3C_90D_MULTI_REGIME_T4R,2026-01-14,VAL,BULL,174.12890625,165.02,210.56,-1.0,1,0
UNIONBANK,MBAG_V3D_60D_CONVEX_RUNNER_T5R,2026-01-14,VAL,BULL,174.12890625,166.84,210.57,-1.0,1,0
UNIONBANK,MBAG_V1_CHAMP_BASE60_T3R,2026-02-17,VAL,BULL,183.4730224609375,170.17,223.38,-1.0,1,0
UNIONBANK,MBAG_V3C_90D_MULTI_REGIME_T4R,2026-02-17,VAL,BULL,183.4730224609375,172.83,226.05,-1.0,1,0
UNIONBANK,MBAG_V1_CHAMP_BASE60_T3R,2026-02-18,VAL,BULL,187.57200622558594,174.28,227.45,-1.0,1,0
UNIPARTS,MBAG_V1_CHAMP_BASE60_T3R,2025-10-07,DEV,BULL,432.377197265625,390.96,556.63,1.14,0,0
UNIPARTS,MBAG_V2A_CONVEX_CAT_90D_T4R,2025-10-07,DEV,BULL,432.377197265625,399.24,564.93,1.61,0,0
UNIPARTS,MBAG_V2B_EXPANSION_120D_T5R,2025-10-07,DEV,BULL,432.377197265625,402.56,581.46,1.67,0,0
UNIPARTS,MBAG_V3A_40D_MICRO_SURGE_T3_5R,2025-10-07,DEV,BULL,432.377197265625,402.56,536.74,1.64,0,0
UNIPARTS,MBAG_V3B_60D_VOLUME_ANOMALY_T4R,2025-10-07,DEV,BULL,432.377197265625,402.56,551.65,1.78,0,0
UNIPARTS,MBAG_V3C_90D_MULTI_REGIME_T4R,2025-10-07,DEV,BULL,432.377197265625,399.24,564.93,1.61,0,0
UNIPARTS,MBAG_V3D_60D_CONVEX_RUNNER_T5R,2025-10-07,DEV,BULL,432.377197265625,405.87,564.91,1.93,0,0
UNIPARTS,MBAG_V1_CHAMP_BASE60_T3R,2025-10-15,DEV,BULL,498.87860107421875,449.52,646.95,-0.36,0,0
UNIPARTS,MBAG_V2A_CONVEX_CAT_90D_T4R,2025-10-15,DEV,BULL,498.87860107421875,459.39,656.83,-1.0,1,0
UNIPARTS,MBAG_V2B_EXPANSION_120D_T5R,2025-10-15,DEV,BULL,498.87860107421875,463.34,676.57,-1.0,1,0
UNIPARTS,MBAG_V3A_40D_MICRO_SURGE_T3_5R,2025-10-15,DEV,BULL,498.87860107421875,463.34,623.26,-1.0,1,0
UNIPARTS,MBAG_V3B_60D_VOLUME_ANOMALY_T4R,2025-10-15,DEV,BULL,498.87860107421875,463.34,641.03,-1.0,1,0
UNIPARTS,MBAG_V3C_90D_MULTI_REGIME_T4R,2025-10-15,DEV,BULL,498.87860107421875,459.39,656.83,-1.0,1,0
UNIPARTS,MBAG_V3D_60D_CONVEX_RUNNER_T5R,2025-10-15,DEV,BULL,498.87860107421875,467.29,656.82,-1.0,1,0
UNIPARTS,MBAG_V3A_40D_MICRO_SURGE_T3_5R,2026-02-10,VAL,BULL,517.1332397460938,479.54,648.71,-1.0,1,0
UNITDSPR,MBAG_V1_CHAMP_BASE60_T3R,2025-10-29,DEV,BULL,1370.6002197265625,1309.05,1555.25,0.94,0,0
UPL,MBAG_V1_CHAMP_BASE60_T3R,2026-03-17,VAL,BULL,1531.3462933226363,1497.5,1632.89,-1.0,1,0
URBANCO,MBAG_V1_CHAMP_BASE60_T3R,2025-08-28,DEV,BULL,1076.5406927225167,1052.43,1148.87,-1.0,1,0
URBANCO,MBAG_V1_CHAMP_BASE60_T3R,2026-04-29,VAL,BULL,1274.0187974362252,1246.9,1355.38,3.0,0,1
USHAMART,MBAG_V1_CHAMP_BASE60_T3R,2026-05-27,VAL,BULL,510.45001220703125,469.06,634.62,-1.0,1,0
USHAMART,MBAG_V2A_CONVEX_CAT_90D_T4R,2026-05-27,VAL,BULL,510.45001220703125,477.34,642.89,-1.0,1,0
USHAMART,MBAG_V2B_EXPANSION_120D_T5R,2026-05-27,VAL,BULL,510.45001220703125,480.65,659.45,-1.0,1,0
USHAMART,MBAG_V3A_40D_MICRO_SURGE_T3_5R,2026-05-27,VAL,BULL,510.45001220703125,480.65,614.75,-1.0,1,0
USHAMART,MBAG_V3B_60D_VOLUME_ANOMALY_T4R,2026-05-27,VAL,BULL,510.45001220703125,480.65,629.65,-1.0,1,0
USHAMART,MBAG_V3C_90D_MULTI_REGIME_T4R,2026-05-27,VAL,BULL,510.45001220703125,477.34,642.89,-1.0,1,0
USHAMART,MBAG_V3D_60D_CONVEX_RUNNER_T5R,2026-05-27,VAL,BULL,510.45001220703125,483.96,642.9,-1.0,1,0
USHAMART,MBAG_V1_CHAMP_BASE60_T3R,2026-06-04,HOLDOUT,BULL,519.7999877929688,478.51,643.67,-1.0,1,0
UTIAMC,MBAG_V1_CHAMP_BASE60_T3R,2026-01-15,VAL,BULL,643.2590527393523,630.33,682.05,-1.0,1,0
UTLSOLAR,MBAG_V3A_40D_MICRO_SURGE_T3_5R,2026-04-07,VAL,BULL,222.97000122070312,205.84,282.93,3.5,0,1
UTLSOLAR,MBAG_V1_CHAMP_BASE60_T3R,2026-04-15,VAL,BULL,239.47000122070312,214.88,313.24,0.84,0,0
UTLSOLAR,MBAG_V2A_CONVEX_CAT_90D_T4R,2026-04-15,VAL,BULL,239.47000122070312,219.8,318.15,3.73,0,0
UTLSOLAR,MBAG_V3A_40D_MICRO_SURGE_T3_5R,2026-04-15,VAL,BULL,239.47000122070312,221.77,301.42,3.5,0,1
UTLSOLAR,MBAG_V3B_60D_VOLUME_ANOMALY_T4R,2026-04-15,VAL,BULL,239.47000122070312,221.77,310.27,4.0,0,1
UTLSOLAR,MBAG_V3C_90D_MULTI_REGIME_T4R,2026-04-15,VAL,BULL,239.47000122070312,219.8,318.15,3.73,0,0
UTLSOLAR,MBAG_V3D_60D_CONVEX_RUNNER_T5R,2026-04-15,VAL,BULL,239.47000122070312,223.74,318.12,5.0,0,1
UTLSOLAR,MBAG_V1_CHAMP_BASE60_T3R,2026-04-16,VAL,BULL,256.1600036621094,231.26,330.86,0.68,0,0
UTLSOLAR,MBAG_V2A_CONVEX_CAT_90D_T4R,2026-04-16,VAL,BULL,256.1600036621094,236.24,335.84,2.84,0,0
UTLSOLAR,MBAG_V3A_40D_MICRO_SURGE_T3_5R,2026-04-16,VAL,BULL,256.1600036621094,238.23,318.92,0.47,0,0
UTLSOLAR,MBAG_V3B_60D_VOLUME_ANOMALY_T4R,2026-04-16,VAL,BULL,256.1600036621094,238.23,327.88,3.16,0,0
UTLSOLAR,MBAG_V3C_90D_MULTI_REGIME_T4R,2026-04-16,VAL,BULL,256.1600036621094,236.24,335.84,2.84,0,0
UTLSOLAR,MBAG_V3D_60D_CONVEX_RUNNER_T5R,2026-04-16,VAL,BULL,256.1600036621094,240.23,335.81,5.0,0,1
UTLSOLAR,MBAG_V1_CHAMP_BASE60_T3R,2026-04-23,VAL,BULL,285.75,258.04,368.88,-0.77,0,0
UTLSOLAR,MBAG_V2A_CONVEX_CAT_90D_T4R,2026-04-23,VAL,BULL,285.75,263.58,374.43,-1.0,1,0
UTLSOLAR,MBAG_V3A_40D_MICRO_SURGE_T3_5R,2026-04-23,VAL,BULL,285.75,265.8,355.57,-1.0,1,0
UTLSOLAR,MBAG_V3B_60D_VOLUME_ANOMALY_T4R,2026-04-23,VAL,BULL,285.75,265.8,365.55,-1.0,1,0
UTLSOLAR,MBAG_V3C_90D_MULTI_REGIME_T4R,2026-04-23,VAL,BULL,285.75,263.58,374.43,-1.0,1,0
UTLSOLAR,MBAG_V3D_60D_CONVEX_RUNNER_T5R,2026-04-23,VAL,BULL,285.75,268.02,374.4,-1.0,1,0
UTLSOLAR,MBAG_V1_CHAMP_BASE60_T3R,2026-04-24,VAL,BULL,302.239990234375,271.71,393.83,-1.0,1,0
UTLSOLAR,MBAG_V2A_CONVEX_CAT_90D_T4R,2026-04-24,VAL,BULL,302.239990234375,277.81,399.96,-1.0,1,0
UTLSOLAR,MBAG_V3A_40D_MICRO_SURGE_T3_5R,2026-04-24,VAL,BULL,302.239990234375,280.26,379.17,-1.0,1,0
UTLSOLAR,MBAG_V3B_60D_VOLUME_ANOMALY_T4R,2026-04-24,VAL,BULL,302.239990234375,280.26,390.16,-1.0,1,0
UTLSOLAR,MBAG_V3C_90D_MULTI_REGIME_T4R,2026-04-24,VAL,BULL,302.239990234375,277.81,399.96,-1.0,1,0
UTLSOLAR,MBAG_V3D_60D_CONVEX_RUNNER_T5R,2026-04-24,VAL,BULL,302.239990234375,282.7,399.94,-1.0,1,0
VAIBHAVGBL,MBAG_V1_CHAMP_BASE60_T3R,2026-04-23,VAL,BULL,3424.9003944672813,3355.8,3632.2,-1.0,1,0
VARROC,MBAG_V1_CHAMP_BASE60_T3R,2026-06-16,HOLDOUT,BULL,621.7334594726562,568.26,782.15,0.82,0,0
VARROC,MBAG_V3A_40D_MICRO_SURGE_T3_5R,2026-06-16,HOLDOUT,BULL,621.7334594726562,583.23,756.5,0.91,0,0
VARROC,MBAG_V3B_60D_VOLUME_ANOMALY_T4R,2026-06-16,HOLDOUT,BULL,621.7334594726562,583.23,775.75,0.93,0,0
VARROC,MBAG_V3D_60D_CONVEX_RUNNER_T5R,2026-06-16,HOLDOUT,BULL,621.7334594726562,587.51,792.85,1.68,0,0
VARROC,MBAG_V1_CHAMP_BASE60_T3R,2026-07-02,HOLDOUT,BULL,654.9657592773438,599.84,820.34,0.15,0,0
VBL,MBAG_V1_CHAMP_BASE60_T3R,2026-04-27,VAL,BULL,518.3540649414062,476.86,642.84,0.3,0,0
VBL,MBAG_V2A_CONVEX_CAT_90D_T4R,2026-04-27,VAL,BULL,518.3540649414062,485.16,651.13,-1.0,1,0
VBL,MBAG_V2B_EXPANSION_120D_T5R,2026-04-27,VAL,BULL,518.3540649414062,488.48,667.72,-1.0,1,0
VBL,MBAG_V3A_40D_MICRO_SURGE_T3_5R,2026-04-27,VAL,BULL,518.3540649414062,488.48,622.91,-1.0,1,0
VBL,MBAG_V3B_60D_VOLUME_ANOMALY_T4R,2026-04-27,VAL,BULL,518.3540649414062,488.48,637.85,-1.0,1,0
VBL,MBAG_V3C_90D_MULTI_REGIME_T4R,2026-04-27,VAL,BULL,518.3540649414062,485.16,651.13,-1.0,1,0
VBL,MBAG_V3D_60D_CONVEX_RUNNER_T5R,2026-04-27,VAL,BULL,518.3540649414062,491.8,651.12,-1.0,1,0
VBL,MBAG_V1_CHAMP_BASE60_T3R,2026-05-22,VAL,BULL,539.4500122070312,507.74,634.58,-0.31,0,0
VBL,MBAG_V2A_CONVEX_CAT_90D_T4R,2026-05-22,VAL,BULL,539.4500122070312,514.08,640.93,-1.0,1,0
VBL,MBAG_V2B_EXPANSION_120D_T5R,2026-05-22,VAL,BULL,539.4500122070312,516.62,653.6,-1.0,1,0
VBL,MBAG_V3A_40D_MICRO_SURGE_T3_5R,2026-05-22,VAL,BULL,539.4500122070312,516.62,619.36,-1.0,1,0
VBL,MBAG_V3B_60D_VOLUME_ANOMALY_T4R,2026-05-22,VAL,BULL,539.4500122070312,516.62,630.77,-1.0,1,0
VBL,MBAG_V3C_90D_MULTI_REGIME_T4R,2026-05-22,VAL,BULL,539.4500122070312,514.08,640.93,-1.0,1,0
VBL,MBAG_V3D_60D_CONVEX_RUNNER_T5R,2026-05-22,VAL,BULL,539.4500122070312,519.15,640.95,-1.0,1,0
VEDL,MBAG_V1_CHAMP_BASE60_T3R,2026-01-16,VAL,BULL,1160.0545875442626,1134.5,1236.72,-1.0,1,0
VEDL,MBAG_V1_CHAMP_BASE60_T3R,2026-02-06,VAL,BULL,1202.128400641346,1177.8,1275.11,-1.0,1,0
VENUSPIPES,MBAG_V1_CHAMP_BASE60_T3R,2026-06-19,HOLDOUT,BULL,1546.0999755859375,1414.42,1941.14,1.24,0,0
VENUSPIPES,MBAG_V2A_CONVEX_CAT_90D_T4R,2026-06-19,HOLDOUT,BULL,1546.0999755859375,1440.76,1967.46,1.14,0,0
VENUSPIPES,MBAG_V2B_EXPANSION_120D_T5R,2026-06-19,HOLDOUT,BULL,1546.0999755859375,1451.29,2020.15,0.33,0,0
VENUSPIPES,MBAG_V3A_40D_MICRO_SURGE_T3_5R,2026-06-19,HOLDOUT,BULL,1546.0999755859375,1451.29,1877.93,1.62,0,0
VENUSPIPES,MBAG_V3B_60D_VOLUME_ANOMALY_T4R,2026-06-19,HOLDOUT,BULL,1546.0999755859375,1451.29,1925.34,1.27,0,0
VENUSPIPES,MBAG_V3C_90D_MULTI_REGIME_T4R,2026-06-19,HOLDOUT,BULL,1546.0999755859375,1440.76,1967.46,1.14,0,0
VENUSPIPES,MBAG_V3D_60D_CONVEX_RUNNER_T5R,2026-06-19,HOLDOUT,BULL,1546.0999755859375,1461.83,1967.45,0.69,0,0
VENUSPIPES,MBAG_V1_CHAMP_BASE60_T3R,2026-06-22,HOLDOUT,BULL,1673.5,1537.18,2082.46,0.21,0,0
VENUSPIPES,MBAG_V2A_CONVEX_CAT_90D_T4R,2026-06-22,HOLDOUT,BULL,1673.5,1564.44,2109.74,-1.0,1,0
VENUSPIPES,MBAG_V2B_EXPANSION_120D_T5R,2026-06-22,HOLDOUT,BULL,1673.5,1575.35,2164.25,-1.0,1,0
VENUSPIPES,MBAG_V3A_40D_MICRO_SURGE_T3_5R,2026-06-22,HOLDOUT,BULL,1673.5,1575.35,2017.03,0.15,0,0
VENUSPIPES,MBAG_V3B_60D_VOLUME_ANOMALY_T4R,2026-06-22,HOLDOUT,BULL,1673.5,1575.35,2066.1,-1.0,1,0
VENUSPIPES,MBAG_V3C_90D_MULTI_REGIME_T4R,2026-06-22,HOLDOUT,BULL,1673.5,1564.44,2109.74,-1.0,1,0
VENUSPIPES,MBAG_V3D_60D_CONVEX_RUNNER_T5R,2026-06-22,HOLDOUT,BULL,1673.5,1586.25,2109.75,-1.0,1,0
VENUSPIPES,MBAG_V1_CHAMP_BASE60_T3R,2026-07-01,HOLDOUT,BULL,1807.0,1660.07,2247.79,-1.0,1,0
VIJAYA,MBAG_V3A_40D_MICRO_SURGE_T3_5R,2025-12-04,DEV,BULL,1080.0,1021.27,1285.56,-1.0,1,0
VIJAYA,MBAG_V1_CHAMP_BASE60_T3R,2026-04-24,VAL,BULL,1065.550048828125,978.16,1327.72,3.0,0,1
VIJAYA,MBAG_V3A_40D_MICRO_SURGE_T3_5R,2026-04-24,VAL,BULL,1065.550048828125,1002.63,1285.77,3.5,0,1
VIJAYA,MBAG_V3B_60D_VOLUME_ANOMALY_T4R,2026-04-24,VAL,BULL,1065.550048828125,1002.63,1317.23,4.0,0,1
VIJAYA,MBAG_V3D_60D_CONVEX_RUNNER_T5R,2026-04-24,VAL,BULL,1065.550048828125,1009.62,1345.2,5.0,0,1
VIJAYA,MBAG_V1_CHAMP_BASE60_T3R,2026-04-27,VAL,BULL,1112.050048828125,1019.94,1388.38,1.18,0,0
VIJAYA,MBAG_V3C_90D_MULTI_REGIME_T4R,2026-04-27,VAL,BULL,1112.050048828125,1038.36,1406.81,4.0,0,1
VIJAYA,MBAG_V1_CHAMP_BASE60_T3R,2026-05-04,VAL,BULL,1153.800048828125,1068.9,1408.5,1.03,0,0
VIJAYA,MBAG_V1_CHAMP_BASE60_T3R,2026-05-06,VAL,BULL,1190.4000244140625,1102.53,1454.01,1.01,0,0
VIJAYA,MBAG_V2A_CONVEX_CAT_90D_T4R,2026-05-06,VAL,BULL,1190.4000244140625,1120.11,1471.56,1.55,0,0
VIJAYA,MBAG_V3A_40D_MICRO_SURGE_T3_5R,2026-05-06,VAL,BULL,1190.4000244140625,1127.14,1411.81,3.5,0,1
VIJAYA,MBAG_V3C_90D_MULTI_REGIME_T4R,2026-05-06,VAL,BULL,1190.4000244140625,1120.11,1471.56,1.55,0,0
VIJAYA,MBAG_V3D_60D_CONVEX_RUNNER_T5R,2026-05-06,VAL,BULL,1190.4000244140625,1134.17,1471.55,2.17,0,0
VIJAYA,MBAG_V1_CHAMP_BASE60_T3R,2026-05-07,VAL,BULL,1208.0999755859375,1119.72,1473.24,1.71,0,0
VIJAYA,MBAG_V2A_CONVEX_CAT_90D_T4R,2026-05-07,VAL,BULL,1208.0999755859375,1137.4,1490.9,1.38,0,0
VIJAYA,MBAG_V3C_90D_MULTI_REGIME_T4R,2026-05-07,VAL,BULL,1208.0999755859375,1137.4,1490.9,1.38,0,0
VIJAYA,MBAG_V3D_60D_CONVEX_RUNNER_T5R,2026-05-07,VAL,BULL,1208.0999755859375,1151.54,1490.9,2.82,0,0
VIJAYA,MBAG_V1_CHAMP_BASE60_T3R,2026-05-08,VAL,BULL,1278.9000244140625,1183.48,1565.16,0.98,0,0
VIJAYA,MBAG_V2A_CONVEX_CAT_90D_T4R,2026-05-08,VAL,BULL,1278.9000244140625,1202.56,1584.26,1.12,0,0
VIJAYA,MBAG_V2B_EXPANSION_120D_T5R,2026-05-08,VAL,BULL,1278.9000244140625,1210.2,1622.4,1.26,0,0
VIJAYA,MBAG_V3A_40D_MICRO_SURGE_T3_5R,2026-05-08,VAL,BULL,1278.9000244140625,1210.2,1519.35,0.12,0,0
VIJAYA,MBAG_V3B_60D_VOLUME_ANOMALY_T4R,2026-05-08,VAL,BULL,1278.9000244140625,1210.2,1553.7,1.24,0,0
VIJAYA,MBAG_V3C_90D_MULTI_REGIME_T4R,2026-05-08,VAL,BULL,1278.9000244140625,1202.56,1584.26,1.12,0,0
VIJAYA,MBAG_V3D_60D_CONVEX_RUNNER_T5R,2026-05-08,VAL,BULL,1278.9000244140625,1217.83,1584.25,-1.0,1,0
VIJAYA,MBAG_V1_CHAMP_BASE60_T3R,2026-05-11,VAL,BULL,1342.5999755859375,1234.39,1667.23,-1.0,1,0
VIJAYA,MBAG_V2A_CONVEX_CAT_90D_T4R,2026-05-11,VAL,BULL,1342.5999755859375,1256.03,1688.88,-1.0,1,0
VIJAYA,MBAG_V2B_EXPANSION_120D_T5R,2026-05-11,VAL,BULL,1342.5999755859375,1264.69,1732.15,-1.0,1,0
VIJAYA,MBAG_V3A_40D_MICRO_SURGE_T3_5R,2026-05-11,VAL,BULL,1342.5999755859375,1264.69,1615.28,-1.0,1,0
VIJAYA,MBAG_V3B_60D_VOLUME_ANOMALY_T4R,2026-05-11,VAL,BULL,1342.5999755859375,1264.69,1654.24,-1.0,1,0
VIJAYA,MBAG_V3C_90D_MULTI_REGIME_T4R,2026-05-11,VAL,BULL,1342.5999755859375,1256.03,1688.88,-1.0,1,0
VIJAYA,MBAG_V3D_60D_CONVEX_RUNNER_T5R,2026-05-11,VAL,BULL,1342.5999755859375,1273.34,1688.9,-1.0,1,0
VIKRAMSOLR,MBAG_V1_CHAMP_BASE60_T3R,2025-08-11,DEV,BULL,1753.5816588640082,1714.62,1870.47,3.0,0,1
VIKRAMSOLR,MBAG_V1_CHAMP_BASE60_T3R,2025-08-15,DEV,BULL,1823.1899890681923,1785.79,1935.39,-1.0,1,0
VIKRAMSOLR,MBAG_V1_CHAMP_BASE60_T3R,2026-02-11,VAL,BULL,2257.3154805891427,2206.57,2409.55,3.0,0,1
VIKRAMSOLR,MBAG_V1_CHAMP_BASE60_T3R,2026-02-13,VAL,BULL,2283.1582341650037,2235.17,2427.12,3.0,0,1
VIKRAMSOLR,MBAG_V1_CHAMP_BASE60_T3R,2026-06-10,HOLDOUT,BULL,2578.702433172433,2526.51,2735.28,-1.0,1,0
VIMTALABS,MBAG_V3A_40D_MICRO_SURGE_T3_5R,2026-05-05,VAL,BEAR,492.8309326171875,465.42,588.77,-1.0,1,0
VIMTALABS,MBAG_V3A_40D_MICRO_SURGE_T3_5R,2026-05-06,VAL,BEAR,508.7720947265625,480.51,607.69,-1.0,1,0
VINCOFE,MBAG_V1_CHAMP_BASE60_T3R,2025-10-29,DEV,BULL,167.30999755859375,153.01,210.21,-1.0,1,0
VINCOFE,MBAG_V3A_40D_MICRO_SURGE_T3_5R,2025-10-29,DEV,BULL,167.30999755859375,157.02,203.32,-1.0,1,0
VINCOFE,MBAG_V3B_60D_VOLUME_ANOMALY_T4R,2025-10-29,DEV,BULL,167.30999755859375,157.02,208.47,-1.0,1,0
VINCOFE,MBAG_V3D_60D_CONVEX_RUNNER_T5R,2025-10-29,DEV,BULL,167.30999755859375,158.16,213.06,-1.0,1,0
VINCOFE,MBAG_V3A_40D_MICRO_SURGE_T3_5R,2026-05-26,VAL,NEUTRAL,149.75999450683594,137.51,192.63,0.42,0,0
VIYASH,MBAG_V1_CHAMP_BASE60_T3R,2025-11-12,DEV,BULL,238.2100067138672,217.7,299.74,-1.0,1,0
VIYASH,MBAG_V3A_40D_MICRO_SURGE_T3_5R,2025-11-12,DEV,BULL,238.2100067138672,223.44,289.91,-1.0,1,0
VIYASH,MBAG_V3D_60D_CONVEX_RUNNER_T5R,2025-11-12,DEV,BULL,238.2100067138672,225.08,303.86,-1.0,1,0
VIYASH,MBAG_V1_CHAMP_BASE60_T3R,2025-11-18,DEV,BULL,247.55999755859375,221.42,325.98,-1.0,1,0
VIYASH,MBAG_V3A_40D_MICRO_SURGE_T3_5R,2025-11-18,DEV,BULL,247.55999755859375,228.74,313.43,-1.0,1,0
VIYASH,MBAG_V3B_60D_VOLUME_ANOMALY_T4R,2025-11-18,DEV,BULL,247.55999755859375,228.74,322.84,-1.0,1,0
VIYASH,MBAG_V3D_60D_CONVEX_RUNNER_T5R,2025-11-18,DEV,BULL,247.55999755859375,230.83,331.21,-1.0,1,0
VIYASH,MBAG_V3A_40D_MICRO_SURGE_T3_5R,2026-02-12,VAL,BULL,222.85000610351562,206.11,281.44,-1.0,1,0
VIYASH,MBAG_V3A_40D_MICRO_SURGE_T3_5R,2026-05-06,VAL,BULL,219.64999389648438,208.58,258.39,3.5,0,1
VIYASH,MBAG_V1_CHAMP_BASE60_T3R,2026-05-20,VAL,BULL,251.69000244140625,221.6,341.96,-0.24,0,0
VIYASH,MBAG_V2A_CONVEX_CAT_90D_T4R,2026-05-20,VAL,BULL,251.69000244140625,227.62,347.97,1.52,0,0
VIYASH,MBAG_V2B_EXPANSION_120D_T5R,2026-05-20,VAL,BULL,251.69000244140625,230.03,359.99,1.33,0,0
VIYASH,MBAG_V3A_40D_MICRO_SURGE_T3_5R,2026-05-20,VAL,BULL,251.69000244140625,230.03,327.5,0.9,0,0
VIYASH,MBAG_V3B_60D_VOLUME_ANOMALY_T4R,2026-05-20,VAL,BULL,251.69000244140625,230.03,338.33,1.69,0,0
VIYASH,MBAG_V3C_90D_MULTI_REGIME_T4R,2026-05-20,VAL,BULL,251.69000244140625,227.62,347.97,1.52,0,0
VIYASH,MBAG_V3D_60D_CONVEX_RUNNER_T5R,2026-05-20,VAL,BULL,251.69000244140625,232.44,347.94,0.98,0,0
VIYASH,MBAG_V1_CHAMP_BASE60_T3R,2026-07-01,HOLDOUT,BULL,288.20001220703125,263.01,363.77,-1.0,1,0
VIYASH,MBAG_V3C_90D_MULTI_REGIME_T4R,2026-07-01,HOLDOUT,BULL,288.20001220703125,268.05,368.8,-1.0,1,0
VMARCIND,MBAG_V2A_CONVEX_CAT_90D_T4R,2026-04-15,VAL,BULL,852.8499755859375,758.16,1231.61,4.0,0,1
VMARCIND,MBAG_V3A_40D_MICRO_SURGE_T3_5R,2026-04-15,VAL,BULL,852.8499755859375,767.63,1151.12,3.5,0,1
VMARCIND,MBAG_V3C_90D_MULTI_REGIME_T4R,2026-04-15,VAL,BULL,852.8499755859375,758.16,1231.61,4.0,0,1
VMARCIND,MBAG_V3D_60D_CONVEX_RUNNER_T5R,2026-04-15,VAL,BULL,852.8499755859375,777.1,1231.6,5.0,0,1
VMARCIND,MBAG_V1_CHAMP_BASE60_T3R,2026-05-11,VAL,BULL,1133.5999755859375,1000.66,1532.42,3.0,0,1
VMARCIND,MBAG_V2A_CONVEX_CAT_90D_T4R,2026-05-11,VAL,BULL,1133.5999755859375,1027.25,1559.0,-1.0,1,0
VMARCIND,MBAG_V2B_EXPANSION_120D_T5R,2026-05-11,VAL,BULL,1133.5999755859375,1037.88,1612.2,-1.0,1,0
VMARCIND,MBAG_V3A_40D_MICRO_SURGE_T3_5R,2026-05-11,VAL,BULL,1133.5999755859375,1037.88,1468.62,-1.0,1,0
VMARCIND,MBAG_V3B_60D_VOLUME_ANOMALY_T4R,2026-05-11,VAL,BULL,1133.5999755859375,1037.88,1516.48,-1.0,1,0
VMARCIND,MBAG_V3C_90D_MULTI_REGIME_T4R,2026-05-11,VAL,BULL,1133.5999755859375,1027.25,1559.0,-1.0,1,0
VMARCIND,MBAG_V3D_60D_CONVEX_RUNNER_T5R,2026-05-11,VAL,BULL,1133.5999755859375,1048.52,1559.0,-1.0,1,0
VMARCIND,MBAG_V3C_90D_MULTI_REGIME_T4R,2026-05-29,VAL,BULL,1386.0999755859375,1237.48,1980.58,-1.0,1,0
VMART,MBAG_V1_CHAMP_BASE60_T3R,2026-02-06,VAL,BULL,679.6787888809348,665.33,722.73,3.0,0,1
VMART,MBAG_V1_CHAMP_BASE60_T3R,2026-02-10,VAL,BULL,695.7656402652441,681.33,739.07,3.0,0,1
VMART,MBAG_V1_CHAMP_BASE60_T3R,2026-04-22,VAL,BULL,788.9407738883118,771.19,842.19,-1.0,1,0
VMART,MBAG_V1_CHAMP_BASE60_T3R,2026-04-23,VAL,BULL,796.2343859379687,779.45,846.59,-1.0,1,0
VOLTAMP,MBAG_V1_CHAMP_BASE60_T3R,2025-09-05,DEV,NEUTRAL,1868.0113165426737,1828.9,1985.35,-1.0,1,0
VTL,MBAG_V1_CHAMP_BASE60_T3R,2025-09-17,DEV,BULL,2277.5263737900377,2226.55,2430.46,-1.0,1,0
VTL,MBAG_V1_CHAMP_BASE60_T3R,2025-11-04,DEV,BULL,2601.2773336500627,2544.66,2771.13,-1.0,1,0
WAAREERTL,MBAG_V3A_40D_MICRO_SURGE_T3_5R,2026-04-13,VAL,NEUTRAL,971.5999755859375,906.57,1199.2,3.5,0,1
WAAREERTL,MBAG_V1_CHAMP_BASE60_T3R,2026-04-15,VAL,BULL,1039.449951171875,944.77,1323.49,-0.71,0,0
WAAREERTL,MBAG_V3A_40D_MICRO_SURGE_T3_5R,2026-04-15,VAL,BULL,1039.449951171875,971.28,1278.04,-1.0,1,0
WAAREERTL,MBAG_V3B_60D_VOLUME_ANOMALY_T4R,2026-04-15,VAL,BULL,1039.449951171875,971.28,1312.13,-1.0,1,0
WAAREERTL,MBAG_V3D_60D_CONVEX_RUNNER_T5R,2026-04-15,VAL,BULL,1039.449951171875,978.86,1342.4,-1.0,1,0
WAAREERTL,MBAG_V1_CHAMP_BASE60_T3R,2026-04-16,VAL,BULL,1060.300048828125,965.43,1344.91,-1.0,1,0
WAAREERTL,MBAG_V3A_40D_MICRO_SURGE_T3_5R,2026-04-16,VAL,BULL,1060.300048828125,992.0,1299.35,-1.0,1,0
WAAREERTL,MBAG_V3B_60D_VOLUME_ANOMALY_T4R,2026-04-16,VAL,BULL,1060.300048828125,992.0,1333.5,-1.0,1,0
WAAREERTL,MBAG_V3D_60D_CONVEX_RUNNER_T5R,2026-04-16,VAL,BULL,1060.300048828125,999.59,1363.85,-1.0,1,0
WAAREERTL,MBAG_V1_CHAMP_BASE60_T3R,2026-04-17,VAL,BULL,1116.0999755859375,1004.71,1450.27,-1.0,1,0
WAAREERTL,MBAG_V2A_CONVEX_CAT_90D_T4R,2026-04-17,VAL,BULL,1116.0999755859375,1026.99,1472.54,-1.0,1,0
WAAREERTL,MBAG_V3A_40D_MICRO_SURGE_T3_5R,2026-04-17,VAL,BULL,1116.0999755859375,1035.9,1396.8,-1.0,1,0
WAAREERTL,MBAG_V3B_60D_VOLUME_ANOMALY_T4R,2026-04-17,VAL,BULL,1116.0999755859375,1035.9,1436.9,-1.0,1,0
WAAREERTL,MBAG_V3C_90D_MULTI_REGIME_T4R,2026-04-17,VAL,BULL,1116.0999755859375,1026.99,1472.54,-1.0,1,0
WAAREERTL,MBAG_V3D_60D_CONVEX_RUNNER_T5R,2026-04-17,VAL,BULL,1116.0999755859375,1044.81,1472.55,-1.0,1,0
WABAG,MBAG_V1_CHAMP_BASE60_T3R,2026-04-16,VAL,BULL,1436.8944091796875,1307.91,1823.85,-0.38,0,0
WABAG,MBAG_V2A_CONVEX_CAT_90D_T4R,2026-04-16,VAL,BULL,1436.8944091796875,1333.7,1849.67,-1.0,1,0
WABAG,MBAG_V3A_40D_MICRO_SURGE_T3_5R,2026-04-16,VAL,BULL,1436.8944091796875,1344.02,1761.95,-1.0,1,0
WABAG,MBAG_V3C_90D_MULTI_REGIME_T4R,2026-04-16,VAL,BULL,1436.8944091796875,1333.7,1849.67,-1.0,1,0
WABAG,MBAG_V3D_60D_CONVEX_RUNNER_T5R,2026-04-16,VAL,BULL,1436.8944091796875,1354.34,1849.67,-1.0,1,0
WABAG,MBAG_V1_CHAMP_BASE60_T3R,2026-04-21,VAL,BULL,1483.480712890625,1349.33,1885.93,-1.0,1,0
WABAG,MBAG_V2A_CONVEX_CAT_90D_T4R,2026-04-21,VAL,BULL,1483.480712890625,1376.16,1912.76,-1.0,1,0
WABAG,MBAG_V3C_90D_MULTI_REGIME_T4R,2026-04-21,VAL,BULL,1483.480712890625,1376.16,1912.76,-1.0,1,0
WABAG,MBAG_V3D_60D_CONVEX_RUNNER_T5R,2026-04-21,VAL,BULL,1483.480712890625,1397.62,1912.78,-1.0,1,0
WABAG,MBAG_V1_CHAMP_BASE60_T3R,2026-06-15,HOLDOUT,BULL,1625.1351318359375,1510.33,1969.55,3.0,0,1
WABAG,MBAG_V1_CHAMP_BASE60_T3R,2026-06-16,HOLDOUT,BULL,1750.030517578125,1619.01,2143.09,3.0,0,1
WABAG,MBAG_V2A_CONVEX_CAT_90D_T4R,2026-06-16,HOLDOUT,BULL,1750.030517578125,1645.21,2169.31,4.0,0,1
WABAG,MBAG_V2B_EXPANSION_120D_T5R,2026-06-16,HOLDOUT,BULL,1750.030517578125,1655.7,2221.68,5.0,0,1
WABAG,MBAG_V3A_40D_MICRO_SURGE_T3_5R,2026-06-16,HOLDOUT,BULL,1750.030517578125,1655.7,2080.19,3.5,0,1
WABAG,MBAG_V3B_60D_VOLUME_ANOMALY_T4R,2026-06-16,HOLDOUT,BULL,1750.030517578125,1655.7,2127.35,4.0,0,1
WABAG,MBAG_V3C_90D_MULTI_REGIME_T4R,2026-06-16,HOLDOUT,BULL,1750.030517578125,1645.21,2169.31,4.0,0,1
WABAG,MBAG_V3D_60D_CONVEX_RUNNER_T5R,2026-06-16,HOLDOUT,BULL,1750.030517578125,1666.18,2169.28,5.0,0,1
WABAG,MBAG_V1_CHAMP_BASE60_T3R,2026-06-19,HOLDOUT,BULL,1978.7723388671875,1822.08,2448.85,0.08,0,0
WABAG,MBAG_V2A_CONVEX_CAT_90D_T4R,2026-06-19,HOLDOUT,BULL,1978.7723388671875,1853.42,2480.18,-0.01,0,0
WABAG,MBAG_V2B_EXPANSION_120D_T5R,2026-06-19,HOLDOUT,BULL,1978.7723388671875,1865.96,2542.83,-1.0,1,0
WABAG,MBAG_V3A_40D_MICRO_SURGE_T3_5R,2026-06-19,HOLDOUT,BULL,1978.7723388671875,1865.96,2373.62,0.55,0,0
WABAG,MBAG_V3B_60D_VOLUME_ANOMALY_T4R,2026-06-19,HOLDOUT,BULL,1978.7723388671875,1865.96,2430.02,-1.0,1,0
WABAG,MBAG_V3C_90D_MULTI_REGIME_T4R,2026-06-19,HOLDOUT,BULL,1978.7723388671875,1853.42,2480.18,-0.01,0,0
WABAG,MBAG_V3D_60D_CONVEX_RUNNER_T5R,2026-06-19,HOLDOUT,BULL,1978.7723388671875,1878.49,2480.18,-1.0,1,0
WABAG,MBAG_V1_CHAMP_BASE60_T3R,2026-06-22,HOLDOUT,BULL,2056.781982421875,1889.78,2557.79,0.36,0,0
WABAG,MBAG_V2A_CONVEX_CAT_90D_T4R,2026-06-22,HOLDOUT,BULL,2056.781982421875,1923.18,2591.19,-1.0,1,0
WABAG,MBAG_V2B_EXPANSION_120D_T5R,2026-06-22,HOLDOUT,BULL,2056.781982421875,1936.54,2657.99,-1.0,1,0
WABAG,MBAG_V3A_40D_MICRO_SURGE_T3_5R,2026-06-22,HOLDOUT,BULL,2056.781982421875,1936.54,2477.63,-0.66,0,0
WABAG,MBAG_V3B_60D_VOLUME_ANOMALY_T4R,2026-06-22,HOLDOUT,BULL,2056.781982421875,1936.54,2537.75,-1.0,1,0
WABAG,MBAG_V3C_90D_MULTI_REGIME_T4R,2026-06-22,HOLDOUT,BULL,2056.781982421875,1923.18,2591.19,-1.0,1,0
WABAG,MBAG_V3D_60D_CONVEX_RUNNER_T5R,2026-06-22,HOLDOUT,BULL,2056.781982421875,1949.9,2591.19,-1.0,1,0
WABAG,MBAG_V1_CHAMP_BASE60_T3R,2026-06-23,HOLDOUT,BULL,2082.918212890625,1903.23,2621.98,0.1,0,0
WABAG,MBAG_V2A_CONVEX_CAT_90D_T4R,2026-06-23,HOLDOUT,BULL,2082.918212890625,1939.17,2657.91,-1.0,1,0
WABAG,MBAG_V3A_40D_MICRO_SURGE_T3_5R,2026-06-23,HOLDOUT,BULL,2082.918212890625,1953.54,2535.74,-1.0,1,0
WABAG,MBAG_V3C_90D_MULTI_REGIME_T4R,2026-06-23,HOLDOUT,BULL,2082.918212890625,1939.17,2657.91,-1.0,1,0
WABAG,MBAG_V3D_60D_CONVEX_RUNNER_T5R,2026-06-23,HOLDOUT,BULL,2082.918212890625,1967.92,2657.91,-1.0,1,0
WABAG,MBAG_V1_CHAMP_BASE60_T3R,2026-07-02,HOLDOUT,BULL,2184.96923828125,1959.36,2861.8,-1.0,1,0
WAKEFIT,MBAG_V1_CHAMP_BASE60_T3R,2026-04-14,VAL,NEUTRAL,603.893827617048,590.66,643.6,-1.0,1,0
WAKEFIT,MBAG_V1_CHAMP_BASE60_T3R,2026-05-20,VAL,BULL,648.3009452410279,634.01,691.17,-1.0,1,0
WEBELSOLAR,MBAG_V1_CHAMP_BASE60_T3R,2026-04-24,VAL,BULL,110.8499984741211,97.99,149.43,-0.23,0,0
WEBELSOLAR,MBAG_V2A_CONVEX_CAT_90D_T4R,2026-04-24,VAL,BULL,110.8499984741211,100.57,151.97,-1.0,1,0
WEBELSOLAR,MBAG_V3A_40D_MICRO_SURGE_T3_5R,2026-04-24,VAL,BULL,110.8499984741211,101.59,143.26,-1.0,1,0
WEBELSOLAR,MBAG_V3B_60D_VOLUME_ANOMALY_T4R,2026-04-24,VAL,BULL,110.8499984741211,101.59,147.89,-1.0,1,0
WEBELSOLAR,MBAG_V3C_90D_MULTI_REGIME_T4R,2026-04-24,VAL,BULL,110.8499984741211,100.57,151.97,-1.0,1,0
WEBELSOLAR,MBAG_V3D_60D_CONVEX_RUNNER_T5R,2026-04-24,VAL,BULL,110.8499984741211,102.62,152.0,-1.0,1,0
WELCORP,MBAG_V3A_40D_MICRO_SURGE_T3_5R,2025-10-30,DEV,BULL,923.0849609375,879.0,1077.38,-1.0,1,0
WELCORP,MBAG_V1_CHAMP_BASE60_T3R,2025-10-31,DEV,BULL,962.5538330078125,894.7,1166.12,-1.0,1,0
WELCORP,MBAG_V3A_40D_MICRO_SURGE_T3_5R,2025-10-31,DEV,BULL,962.5538330078125,913.7,1133.54,-1.0,1,0
WELCORP,MBAG_V3B_60D_VOLUME_ANOMALY_T4R,2025-10-31,DEV,BULL,962.5538330078125,913.7,1157.97,-1.0,1,0
WELCORP,MBAG_V3D_60D_CONVEX_RUNNER_T5R,2025-10-31,DEV,BULL,962.5538330078125,919.13,1179.67,-1.0,1,0
WELCORP,MBAG_V1_CHAMP_BASE60_T3R,2026-04-08,VAL,BULL,933.9488525390625,856.71,1165.67,3.0,0,1
WELCORP,MBAG_V2A_CONVEX_CAT_90D_T4R,2026-04-08,VAL,BULL,933.9488525390625,872.15,1181.14,4.0,0,1
WELCORP,MBAG_V3A_40D_MICRO_SURGE_T3_5R,2026-04-08,VAL,BULL,933.9488525390625,878.33,1128.61,3.5,0,1
WELCORP,MBAG_V3C_90D_MULTI_REGIME_T4R,2026-04-08,VAL,BULL,933.9488525390625,872.15,1181.14,4.0,0,1
WELCORP,MBAG_V3D_60D_CONVEX_RUNNER_T5R,2026-04-08,VAL,BULL,933.9488525390625,884.51,1181.14,5.0,0,1
WELCORP,MBAG_V1_CHAMP_BASE60_T3R,2026-04-09,VAL,BULL,946.5071411132812,865.99,1188.06,3.0,0,1
WELCORP,MBAG_V1_CHAMP_BASE60_T3R,2026-04-13,VAL,BULL,1002.1723022460938,909.85,1279.14,3.0,0,1
WELCORP,MBAG_V2A_CONVEX_CAT_90D_T4R,2026-04-13,VAL,BULL,1002.1723022460938,928.32,1297.58,4.0,0,1
WELCORP,MBAG_V2B_EXPANSION_120D_T5R,2026-04-13,VAL,BULL,1002.1723022460938,935.7,1334.53,5.0,0,1
WELCORP,MBAG_V3A_40D_MICRO_SURGE_T3_5R,2026-04-13,VAL,BULL,1002.1723022460938,935.7,1234.83,3.5,0,1
WELCORP,MBAG_V3B_60D_VOLUME_ANOMALY_T4R,2026-04-13,VAL,BULL,1002.1723022460938,935.7,1268.06,4.0,0,1
WELCORP,MBAG_V3C_90D_MULTI_REGIME_T4R,2026-04-13,VAL,BULL,1002.1723022460938,928.32,1297.58,4.0,0,1
WELCORP,MBAG_V3D_60D_CONVEX_RUNNER_T5R,2026-04-13,VAL,BULL,1002.1723022460938,943.09,1297.58,5.0,0,1
WELCORP,MBAG_V1_CHAMP_BASE60_T3R,2026-04-15,VAL,BULL,1049.166259765625,953.01,1337.64,3.0,0,1
WELCORP,MBAG_V2A_CONVEX_CAT_90D_T4R,2026-04-15,VAL,BULL,1049.166259765625,972.24,1356.87,4.0,0,1
WELCORP,MBAG_V3A_40D_MICRO_SURGE_T3_5R,2026-04-15,VAL,BULL,1049.166259765625,979.94,1291.46,3.5,0,1
WELCORP,MBAG_V3C_90D_MULTI_REGIME_T4R,2026-04-15,VAL,BULL,1049.166259765625,972.24,1356.87,4.0,0,1
WELCORP,MBAG_V3D_60D_CONVEX_RUNNER_T5R,2026-04-15,VAL,BULL,1049.166259765625,987.63,1356.85,5.0,0,1
WELCORP,MBAG_V1_CHAMP_BASE60_T3R,2026-04-22,VAL,BULL,1135.4298095703125,1038.75,1425.47,1.83,0,0
WELCORP,MBAG_V2A_CONVEX_CAT_90D_T4R,2026-04-22,VAL,BULL,1135.4298095703125,1058.09,1444.79,3.54,0,0
WELCORP,MBAG_V2B_EXPANSION_120D_T5R,2026-04-22,VAL,BULL,1135.4298095703125,1065.82,1483.48,3.65,0,0
WELCORP,MBAG_V3A_40D_MICRO_SURGE_T3_5R,2026-04-22,VAL,BULL,1135.4298095703125,1065.82,1379.06,3.35,0,0
WELCORP,MBAG_V3B_60D_VOLUME_ANOMALY_T4R,2026-04-22,VAL,BULL,1135.4298095703125,1065.82,1413.87,4.0,0,1
WELCORP,MBAG_V3C_90D_MULTI_REGIME_T4R,2026-04-22,VAL,BULL,1135.4298095703125,1058.09,1444.79,3.54,0,0
WELCORP,MBAG_V3D_60D_CONVEX_RUNNER_T5R,2026-04-22,VAL,BULL,1135.4298095703125,1073.56,1444.78,3.72,0,0
WELCORP,MBAG_V1_CHAMP_BASE60_T3R,2026-04-23,VAL,BULL,1200.114990234375,1087.63,1537.57,1.12,0,0
WELCORP,MBAG_V2A_CONVEX_CAT_90D_T4R,2026-04-23,VAL,BULL,1200.114990234375,1110.13,1560.05,2.2,0,0
WELCORP,MBAG_V2B_EXPANSION_120D_T5R,2026-04-23,VAL,BULL,1200.114990234375,1119.13,1605.04,2.38,0,0
WELCORP,MBAG_V3A_40D_MICRO_SURGE_T3_5R,2026-04-23,VAL,BULL,1200.114990234375,1119.13,1483.56,2.08,0,0
WELCORP,MBAG_V3B_60D_VOLUME_ANOMALY_T4R,2026-04-23,VAL,BULL,1200.114990234375,1119.13,1524.05,2.44,0,0
WELCORP,MBAG_V3C_90D_MULTI_REGIME_T4R,2026-04-23,VAL,BULL,1200.114990234375,1110.13,1560.05,2.2,0,0
WELCORP,MBAG_V3D_60D_CONVEX_RUNNER_T5R,2026-04-23,VAL,BULL,1200.114990234375,1128.13,1560.04,2.57,0,0
WELCORP,MBAG_V1_CHAMP_BASE60_T3R,2026-04-29,VAL,BULL,1263.10595703125,1147.08,1611.18,0.91,0,0
WELCORP,MBAG_V1_CHAMP_BASE60_T3R,2026-06-03,HOLDOUT,BULL,1408.921630859375,1296.12,1747.33,0.61,0,0
WELCORP,MBAG_V2A_CONVEX_CAT_90D_T4R,2026-06-03,HOLDOUT,BULL,1408.921630859375,1318.68,1769.89,-1.0,1,0
WELCORP,MBAG_V3C_90D_MULTI_REGIME_T4R,2026-06-03,HOLDOUT,BULL,1408.921630859375,1318.68,1769.89,-1.0,1,0
WELCORP,MBAG_V3D_60D_CONVEX_RUNNER_T5R,2026-06-03,HOLDOUT,BULL,1408.921630859375,1336.73,1769.88,-1.0,1,0
WELCORP,MBAG_V1_CHAMP_BASE60_T3R,2026-06-25,HOLDOUT,BULL,1450.2843017578125,1341.41,1776.91,1.49,0,0
WELCORP,MBAG_V2A_CONVEX_CAT_90D_T4R,2026-06-25,HOLDOUT,BULL,1450.2843017578125,1363.19,1798.66,4.0,0,1
WELCORP,MBAG_V3A_40D_MICRO_SURGE_T3_5R,2026-06-25,HOLDOUT,BULL,1450.2843017578125,1371.9,1724.63,2.61,0,0
WELCORP,MBAG_V3C_90D_MULTI_REGIME_T4R,2026-06-25,HOLDOUT,BULL,1450.2843017578125,1363.19,1798.66,4.0,0,1
WELCORP,MBAG_V3D_60D_CONVEX_RUNNER_T5R,2026-06-25,HOLDOUT,BULL,1450.2843017578125,1380.61,1798.66,5.0,0,1
WELCORP,MBAG_V1_CHAMP_BASE60_T3R,2026-06-29,HOLDOUT,BULL,1505.800048828125,1402.57,1815.49,0.91,0,0
WELCORP,MBAG_V2A_CONVEX_CAT_90D_T4R,2026-06-29,HOLDOUT,BULL,1505.800048828125,1423.22,1836.12,-1.0,1,0
WELCORP,MBAG_V2B_EXPANSION_120D_T5R,2026-06-29,HOLDOUT,BULL,1505.800048828125,1431.48,1877.4,-1.0,1,0
WELCORP,MBAG_V3A_40D_MICRO_SURGE_T3_5R,2026-06-29,HOLDOUT,BULL,1505.800048828125,1431.48,1765.92,-1.0,1,0
WELCORP,MBAG_V3B_60D_VOLUME_ANOMALY_T4R,2026-06-29,HOLDOUT,BULL,1505.800048828125,1431.48,1803.08,-1.0,1,0
WELCORP,MBAG_V3C_90D_MULTI_REGIME_T4R,2026-06-29,HOLDOUT,BULL,1505.800048828125,1423.22,1836.12,-1.0,1,0
WELCORP,MBAG_V3D_60D_CONVEX_RUNNER_T5R,2026-06-29,HOLDOUT,BULL,1505.800048828125,1439.73,1836.15,-1.0,1,0
WELSPUNLIV,MBAG_V1_CHAMP_BASE60_T3R,2026-03-10,VAL,BULL,1308.4346670172665,1282.04,1387.62,3.0,0,1
WESTLIFE,MBAG_V1_CHAMP_BASE60_T3R,2026-07-08,HOLDOUT,BULL,1023.7365815803153,1002.78,1086.61,-1.0,1,0
WEWORK,MBAG_V1_CHAMP_BASE60_T3R,2025-11-21,DEV,BULL,1580.2701263287586,1548.27,1676.27,0.78,0,0
WEWORK,MBAG_V1_CHAMP_BASE60_T3R,2026-01-12,VAL,BULL,1733.4508265469385,1698.08,1839.56,3.0,0,1
WEWORK,MBAG_V1_CHAMP_BASE60_T3R,2026-03-13,VAL,BULL,2021.223262029496,1979.43,2146.6,3.0,0,1
WHIRLPOOL,MBAG_V1_CHAMP_BASE60_T3R,2025-11-20,DEV,BULL,659.677589250258,645.79,701.34,-1.0,1,0
WIPRO,MBAG_V1_CHAMP_BASE60_T3R,2025-12-22,DEV,BULL,265.8075256347656,256.24,294.51,-1.0,1,0
WIPRO,MBAG_V3C_90D_MULTI_REGIME_T4R,2025-12-22,DEV,BULL,265.8075256347656,258.15,296.44,-1.0,1,0
WOCKPHARMA,MBAG_V1_CHAMP_BASE60_T3R,2025-09-29,DEV,BULL,2480.0633254588265,2423.05,2651.1,-1.0,1,0
YATHARTH,MBAG_V3A_40D_MICRO_SURGE_T3_5R,2026-02-20,VAL,NEUTRAL,720.2999877929688,674.56,880.39,-1.0,1,0
YATHARTH,MBAG_V1_CHAMP_BASE60_T3R,2026-04-10,VAL,BULL,753.75,686.41,955.77,1.52,0,0
YATHARTH,MBAG_V1_CHAMP_BASE60_T3R,2026-04-15,VAL,BULL,788.4500122070312,713.74,1012.58,0.65,0,0
YATHARTH,MBAG_V1_CHAMP_BASE60_T3R,2026-04-29,VAL,BULL,802.9500122070312,717.43,1059.51,0.12,0,0
YATHARTH,MBAG_V1_CHAMP_BASE60_T3R,2026-04-30,VAL,BULL,820.0,729.92,1090.24,-0.07,0,0
YATHARTH,MBAG_V2A_CONVEX_CAT_90D_T4R,2026-04-30,VAL,BULL,820.0,747.94,1108.24,0.08,0,0
YATHARTH,MBAG_V3A_40D_MICRO_SURGE_T3_5R,2026-04-30,VAL,BULL,820.0,755.14,1047.01,-0.19,0,0
YATHARTH,MBAG_V3C_90D_MULTI_REGIME_T4R,2026-04-30,VAL,BULL,820.0,747.94,1108.24,0.08,0,0
YATHARTH,MBAG_V3D_60D_CONVEX_RUNNER_T5R,2026-04-30,VAL,BULL,820.0,762.35,1108.25,0.44,0,0
YATHARTH,MBAG_V1_CHAMP_BASE60_T3R,2026-05-08,VAL,BULL,862.2000122070312,785.76,1091.52,-1.0,1,0
ZAGGLE,MBAG_V1_CHAMP_BASE60_T3R,2025-07-24,DEV,BULL,1751.8030034631618,1712.86,1868.63,-1.0,1,0
ZAGGLE,MBAG_V1_CHAMP_BASE60_T3R,2025-11-17,DEV,BULL,1970.419492389216,1928.47,2096.27,3.0,0,1
ZAGGLE,MBAG_V1_CHAMP_BASE60_T3R,2025-11-24,DEV,BULL,2025.2158573277727,1983.09,2151.59,3.0,0,1
ZAGGLE,MBAG_V1_CHAMP_BASE60_T3R,2025-12-11,DEV,BULL,2088.3737514697377,2046.47,2214.09,-1.0,1,0
ZEEL,MBAG_V1_CHAMP_BASE60_T3R,2025-10-29,DEV,BULL,1659.7526350216897,1625.8,1761.61,3.0,0,1
ZEEL,MBAG_V1_CHAMP_BASE60_T3R,2025-11-10,DEV,BULL,1699.018532785732,1662.98,1807.13,1.51,0,0
ZEEL,MBAG_V1_CHAMP_BASE60_T3R,2026-05-29,VAL,BULL,1739.579465459617,1704.24,1845.6,-1.0,1,0
ZENTEC,MBAG_V1_CHAMP_BASE60_T3R,2025-11-20,DEV,BULL,810.1353262838924,790.48,869.1,2.22,0,0
ZFCVINDIA,MBAG_V1_CHAMP_BASE60_T3R,2025-12-01,DEV,BULL,2466.890625,2260.49,3086.09,-0.0,0,0
ZFCVINDIA,MBAG_V3A_40D_MICRO_SURGE_T3_5R,2025-12-01,DEV,BULL,2466.890625,2318.28,2987.03,0.53,0,0
ZFCVINDIA,MBAG_V3B_60D_VOLUME_ANOMALY_T4R,2025-12-01,DEV,BULL,2466.890625,2318.28,3061.33,-1.0,1,0
ZFCVINDIA,MBAG_V3D_60D_CONVEX_RUNNER_T5R,2025-12-01,DEV,BULL,2466.890625,2334.8,3127.34,-1.0,1,0
ZFCVINDIA,MBAG_V1_CHAMP_BASE60_T3R,2026-02-11,VAL,BULL,2653.7333984375,2431.74,3319.71,-1.0,1,0
ZFCVINDIA,MBAG_V2A_CONVEX_CAT_90D_T4R,2026-02-11,VAL,BULL,2653.7333984375,2476.14,3364.11,-1.0,1,0
ZFCVINDIA,MBAG_V2B_EXPANSION_120D_T5R,2026-02-11,VAL,BULL,2653.7333984375,2493.9,3452.9,-1.0,1,0
ZFCVINDIA,MBAG_V3A_40D_MICRO_SURGE_T3_5R,2026-02-11,VAL,BULL,2653.7333984375,2493.9,3213.15,-1.0,1,0
ZFCVINDIA,MBAG_V3B_60D_VOLUME_ANOMALY_T4R,2026-02-11,VAL,BULL,2653.7333984375,2493.9,3293.07,-1.0,1,0
ZFCVINDIA,MBAG_V3C_90D_MULTI_REGIME_T4R,2026-02-11,VAL,BULL,2653.7333984375,2476.14,3364.11,-1.0,1,0
ZFCVINDIA,MBAG_V3D_60D_CONVEX_RUNNER_T5R,2026-02-11,VAL,BULL,2653.7333984375,2511.66,3364.1,-1.0,1,0
ZFCVINDIA,MBAG_V1_CHAMP_BASE60_T3R,2026-06-18,HOLDOUT,BULL,2592.33984375,2420.47,3107.95,-1.0,1,0
ZFCVINDIA,MBAG_V3A_40D_MICRO_SURGE_T3_5R,2026-06-18,HOLDOUT,BULL,2592.33984375,2468.59,3025.46,3.5,0,1
ZFCVINDIA,MBAG_V3B_60D_VOLUME_ANOMALY_T4R,2026-06-18,HOLDOUT,BULL,2592.33984375,2468.59,3087.34,-1.0,1,0
ZFCVINDIA,MBAG_V3D_60D_CONVEX_RUNNER_T5R,2026-06-18,HOLDOUT,BULL,2592.33984375,2482.34,3142.34,-1.0,1,0
ZYDUSLIFE,MBAG_V1_CHAMP_BASE60_T3R,2026-02-25,VAL,BULL,1626.4592517736246,1593.46,1725.46,-1.0,1,0
ZYDUSLIFE,MBAG_V1_CHAMP_BASE60_T3R,2026-05-13,VAL,BULL,2022.6540680916564,1979.71,2151.49,1.08,0,0
ZYDUSWELL,MBAG_V2B_EXPANSION_120D_T5R,2026-04-06,VAL,BULL,508.3345031738281,452.81,785.96,-0.21,0,0
ZYDUSWELL,MBAG_V3A_40D_MICRO_SURGE_T3_5R,2026-04-06,VAL,BULL,508.3345031738281,452.81,702.67,-0.05,0,0
ZYDUSWELL,MBAG_V3B_60D_VOLUME_ANOMALY_T4R,2026-04-06,VAL,BULL,508.3345031738281,452.81,730.43,-0.0,0,0
ZYDUSWELL,MBAG_V3D_60D_CONVEX_RUNNER_T5R,2026-04-06,VAL,BULL,508.3345031738281,458.98,755.11,-0.57,0,0
ZYDUSWELL,MBAG_V1_CHAMP_BASE60_T3R,2026-06-29,HOLDOUT,BULL,568.314697265625,518.48,717.82,-0.18,0,0
ZYDUSWELL,MBAG_V2A_CONVEX_CAT_90D_T4R,2026-06-29,HOLDOUT,BULL,568.314697265625,528.44,727.81,-1.0,1,0
ZYDUSWELL,MBAG_V2B_EXPANSION_120D_T5R,2026-06-29,HOLDOUT,BULL,568.314697265625,532.43,747.74,-1.0,1,0
ZYDUSWELL,MBAG_V3A_40D_MICRO_SURGE_T3_5R,2026-06-29,HOLDOUT,BULL,568.314697265625,532.43,693.91,-0.24,0,0
ZYDUSWELL,MBAG_V3B_60D_VOLUME_ANOMALY_T4R,2026-06-29,HOLDOUT,BULL,568.314697265625,532.43,711.85,-1.0,1,0
ZYDUSWELL,MBAG_V3C_90D_MULTI_REGIME_T4R,2026-06-29,HOLDOUT,BULL,568.314697265625,528.44,727.81,-1.0,1,0
ZYDUSWELL,MBAG_V3D_60D_CONVEX_RUNNER_T5R,2026-06-29,HOLDOUT,BULL,568.314697265625,536.42,727.79,-1.0,1,0
ZYDUSWELL,MBAG_V1_CHAMP_BASE60_T3R,2026-07-02,HOLDOUT,BULL,593.2648315429688,538.09,758.79,-0.49,0,0
^CNXENERGY,MBAG_V1_CHAMP_BASE60_T3R,2025-10-29,DEV,BULL,36347.94921875,35556.04,38723.68,-1.0,1,0
^CNXENERGY,MBAG_V1_CHAMP_BASE60_T3R,2026-04-15,VAL,BULL,37993.5,36424.58,42700.26,1.33,0,0
^CNXENERGY,MBAG_V1_CHAMP_BASE60_T3R,2026-04-17,VAL,BULL,38881.75,37438.01,43212.97,0.44,0,0
^CNXENERGY,MBAG_V1_CHAMP_BASE60_T3R,2026-05-27,VAL,BULL,41535.75,40110.81,45810.57,-1.0,1,0
^CNXENERGY,MBAG_V2A_CONVEX_CAT_90D_T4R,2026-05-27,VAL,BULL,41535.75,40395.79,46095.59,-1.0,1,0
^CNXENERGY,MBAG_V2B_EXPANSION_120D_T5R,2026-05-27,VAL,BULL,41535.75,40509.79,46665.55,-1.0,1,0
^CNXENERGY,MBAG_V3A_40D_MICRO_SURGE_T3_5R,2026-05-27,VAL,BULL,41535.75,40509.79,45126.61,-1.0,1,0
^CNXENERGY,MBAG_V3B_60D_VOLUME_ANOMALY_T4R,2026-05-27,VAL,BULL,41535.75,40509.79,45639.59,-1.0,1,0
^CNXENERGY,MBAG_V3C_90D_MULTI_REGIME_T4R,2026-05-27,VAL,BULL,41535.75,40395.79,46095.59,-1.0,1,0
^CNXENERGY,MBAG_V3D_60D_CONVEX_RUNNER_T5R,2026-05-27,VAL,BULL,41535.75,40623.79,46095.55,-1.0,1,0
^CNXFIN,MBAG_V1_CHAMP_BASE60_T3R,2026-04-24,VAL,BULL,3134.0146452611193,3068.17,3331.55,-1.0,1,0
^CNXFIN,MBAG_V1_CHAMP_BASE60_T3R,2026-06-29,HOLDOUT,BULL,3235.821282014679,3162.78,3454.95,3.0,0,1
^CNXINFRA,MBAG_V1_CHAMP_BASE60_T3R,2025-10-29,DEV,BULL,9661.849609375,9450.86,10294.82,-1.0,1,0
^CNXIT,MBAG_V1_CHAMP_BASE60_T3R,2025-12-22,DEV,BULL,39488.0,38278.28,43117.16,-1.0,1,0
^CNXIT,MBAG_V3C_90D_MULTI_REGIME_T4R,2025-12-22,DEV,BULL,39488.0,38520.23,43359.08,-1.0,1,0
^CNXMETAL,MBAG_V1_CHAMP_BASE60_T3R,2025-10-29,DEV,BULL,10777.5,10421.88,11844.36,-1.0,1,0
^CNXMETAL,MBAG_V3A_40D_MICRO_SURGE_T3_5R,2025-10-29,DEV,BULL,10777.5,10521.45,11673.67,-1.0,1,0
^CNXMETAL,MBAG_V3D_60D_CONVEX_RUNNER_T5R,2025-10-29,DEV,BULL,10777.5,10549.9,11915.5,-1.0,1,0
^CNXMETAL,MBAG_V1_CHAMP_BASE60_T3R,2025-12-30,DEV,BULL,11007.650390625,10651.79,12075.23,3.0,0,1
^CNXMETAL,MBAG_V2A_CONVEX_CAT_90D_T4R,2025-12-30,DEV,BULL,11007.650390625,10722.96,12146.41,4.0,0,1
^CNXMETAL,MBAG_V3A_40D_MICRO_SURGE_T3_5R,2025-12-30,DEV,BULL,11007.650390625,10751.43,11904.42,3.5,0,1
^CNXMETAL,MBAG_V3C_90D_MULTI_REGIME_T4R,2025-12-30,DEV,BULL,11007.650390625,10722.96,12146.41,4.0,0,1
^CNXMETAL,MBAG_V3D_60D_CONVEX_RUNNER_T5R,2025-12-30,DEV,BULL,11007.650390625,10779.9,12146.4,5.0,0,1
^CNXMETAL,MBAG_V1_CHAMP_BASE60_T3R,2025-12-31,DEV,BULL,11167.650390625,10815.07,12225.39,3.0,0,1
^CNXMETAL,MBAG_V1_CHAMP_BASE60_T3R,2026-01-29,VAL,BULL,12478.0498046875,11812.34,14475.18,-1.0,1,0
^CNXMETAL,MBAG_V2A_CONVEX_CAT_90D_T4R,2026-01-29,VAL,BULL,12478.0498046875,11945.49,14608.29,-1.0,1,0
^CNXMETAL,MBAG_V3C_90D_MULTI_REGIME_T4R,2026-01-29,VAL,BULL,12478.0498046875,11945.49,14608.29,-1.0,1,0
^CNXMETAL,MBAG_V3D_60D_CONVEX_RUNNER_T5R,2026-01-29,VAL,BULL,12478.0498046875,12052.0,14608.3,-1.0,1,0
^CNXMETAL,MBAG_V1_CHAMP_BASE60_T3R,2026-05-13,VAL,BULL,13290.7998046875,12805.43,14746.91,-1.0,1,0
^CNXMETAL,MBAG_V2A_CONVEX_CAT_90D_T4R,2026-05-13,VAL,BULL,13290.7998046875,12902.51,14843.96,-1.0,1,0
^CNXMETAL,MBAG_V3A_40D_MICRO_SURGE_T3_5R,2026-05-13,VAL,BULL,13290.7998046875,12941.34,14513.91,-1.0,1,0
^CNXMETAL,MBAG_V3C_90D_MULTI_REGIME_T4R,2026-05-13,VAL,BULL,13290.7998046875,12902.51,14843.96,-1.0,1,0
^CNXMETAL,MBAG_V3D_60D_CONVEX_RUNNER_T5R,2026-05-13,VAL,BULL,13290.7998046875,12980.17,14843.95,-1.0,1,0
^CNXMETAL,MBAG_V1_CHAMP_BASE60_T3R,2026-05-14,VAL,BULL,13562.25,13061.86,15063.42,-1.0,1,0
^CNXPHARMA,MBAG_V1_CHAMP_BASE60_T3R,2026-01-07,VAL,BULL,23286.25,22695.63,25058.11,-1.0,1,0
^CNXPHARMA,MBAG_V3C_90D_MULTI_REGIME_T4R,2026-01-07,VAL,BULL,23286.25,22813.76,25176.21,-1.0,1,0
^CNXPHARMA,MBAG_V1_CHAMP_BASE60_T3R,2026-05-06,VAL,BULL,24110.30078125,23275.34,26615.18,0.08,0,0
^CNXPHARMA,MBAG_V3C_90D_MULTI_REGIME_T4R,2026-05-06,VAL,BULL,24110.30078125,23442.33,26782.18,0.26,0,0
^CNXPSUBANK,MBAG_V1_CHAMP_BASE60_T3R,2025-10-31,DEV,BULL,8184.35009765625,7840.07,9217.19,1.02,0,0
^CNXPSUBANK,MBAG_V3D_60D_CONVEX_RUNNER_T5R,2025-10-31,DEV,BULL,8184.35009765625,7964.01,9286.05,0.87,0,0
^CNXPSUBANK,MBAG_V1_CHAMP_BASE60_T3R,2026-01-14,VAL,BULL,8910.650390625,8547.77,9999.29,-1.0,1,0
^CNXPSUBANK,MBAG_V2A_CONVEX_CAT_90D_T4R,2026-01-14,VAL,BULL,8910.650390625,8620.34,10071.89,-1.0,1,0
^CNXPSUBANK,MBAG_V3A_40D_MICRO_SURGE_T3_5R,2026-01-14,VAL,BULL,8910.650390625,8649.37,9825.13,-1.0,1,0
^CNXPSUBANK,MBAG_V3C_90D_MULTI_REGIME_T4R,2026-01-14,VAL,BULL,8910.650390625,8620.34,10071.89,-1.0,1,0
^CNXPSUBANK,MBAG_V3D_60D_CONVEX_RUNNER_T5R,2026-01-14,VAL,BULL,8910.650390625,8678.4,10071.9,-1.0,1,0
^CNXPSUBANK,MBAG_V1_CHAMP_BASE60_T3R,2026-01-16,VAL,BULL,9014.25,8637.69,10143.93,-1.0,1,0
