symbol,event_date,has_val_compression,deterioration_class,ret_1y_A,ret_3y_A,ret_5y_A,ret_1y_C,ret_3y_C,ret_5y_C
3MINDIA,2025-02-05,True,A. Fundamentals Remained Healthy,0.22283546050362202,,,0.1495755319575376,,
AARTIDRUGS,2018-03-12,False,A. Fundamentals Remained Healthy,0.2510396975425331,4.20453686200378,1.500945179584121,0.05415282392026577,3.7328903654485046,1.7159468438538208
AARTIDRUGS,2019-06-07,False,B. Fundamentals Improved,0.8323420074349441,2.16728624535316,2.581412639405204,,,
AARTIDRUGS,2020-10-26,False,B. Fundamentals Improved,-0.09484609878310668,-0.3153185397279885,-0.29677881173944165,-0.2991412853884341,-0.3389910103314102,-0.44968469072856565
ABBOTINDIA,2022-01-24,False,B. Fundamentals Improved,0.32372162435741014,0.7033673091802064,,0.18426851862507054,0.7154109943727776,
ABBOTINDIA,2026-03-23,True,A. Fundamentals Remained Healthy,,,,,,
ABDL,2026-01-12,True,A. Fundamentals Remained Healthy,,,,,,
ABSLAMC,2025-01-28,False,B. Fundamentals Improved,0.2502604375350588,,,0.4208365608055771,,
ACC,2018-06-04,True,A. Fundamentals Remained Healthy,0.2699865926067804,0.5532273510821681,0.3870522888335568,0.11132265248940287,0.42449170199008535,0.3078884977369063
ACC,2023-01-27,False,D. Fundamentals Structurally Deteriorated,0.2983854166666666,-0.12088541666666663,,0.43098368087035377,-0.18415684496826834,
ACC,2025-01-06,True,A. Fundamentals Remained Healthy,-0.11751372588525666,,,-0.31576113432988895,,
ACCELYA,2017-11-10,False,A. Fundamentals Remained Healthy,-0.271526717557252,-0.3600763358778626,0.06522900763358774,-0.2950359712230216,-0.3530575539568346,0.16402877697841722
ACCELYA,2019-11-20,True,A. Fundamentals Remained Healthy,-0.11301020408163265,0.5684183673469387,0.5225,,,
ACCENTMIC,2025-01-27,False,A. Fundamentals Remained Healthy,0.25175781249999996,,,0.22902452517056981,,
ACE,2018-06-05,True,B. Fundamentals Improved,-0.23827114887329148,0.21869227927595114,2.5977096416697454,-0.4756756756756757,0.7435810810810812,3.8753378378378374
ACE,2021-11-29,False,A. Fundamentals Remained Healthy,0.6541463414634148,5.281219512195122,,0.3663728230488066,5.219522683293914,
ACE,2024-10-28,False,A. Fundamentals Remained Healthy,-0.06056399132321033,,,-0.18400474372753217,,
ADANIENSOL,2018-07-25,True,A. Fundamentals Remained Healthy,0.27417923691215607,4.558710440698018,3.574090505767524,,,
ADANIPOWER,2022-12-21,True,A. Fundamentals Remained Healthy,0.7646551724137931,1.4698275862068964,,,,
ADANIPOWER,2024-10-07,True,A. Fundamentals Remained Healthy,0.21184000000000003,,,,,
ADFFOODS,2018-06-21,True,B. Fundamentals Improved,0.10408163265306136,2.9306122448979592,2.9285714285714284,0.15392456676860355,2.6921508664627933,3.167176350662589
ADFFOODS,2019-08-05,True,B. Fundamentals Improved,0.5125408942202834,2.2410032715376222,3.9014176663031623,0.35754189944134085,1.6098696461824953,3.6528864059590314
ADFFOODS,2021-08-11,False,A. Fundamentals Remained Healthy,-0.09499358151476256,0.4609114249037227,0.6877406931964054,-0.17828571428571427,0.5348571428571429,0.5297142857142856
ADFFOODS,2025-02-14,False,A. Fundamentals Remained Healthy,0.00039999999999995595,,,-0.36012032660077353,,
ADOR,2022-06-16,False,A. Fundamentals Remained Healthy,0.99023178807947,0.6669701986754968,,0.6985723058028863,0.5713847098556954,
ADOR,2024-05-29,False,A. Fundamentals Remained Healthy,-0.20420065252854813,,,-0.28000557433020945,,
ADVENZYMES,2020-06-11,True,B. Fundamentals Improved,1.6025157232704403,0.7204402515723272,1.0377358490566038,1.4662632375189109,0.7685325264750378,0.9848714069591529
ADVENZYMES,2021-11-16,False,A. Fundamentals Remained Healthy,-0.22159090909090906,0.07911931818181817,,-0.13435249154784656,0.011171541966779497,
ADVENZYMES,2024-11-13,True,A. Fundamentals Remained Healthy,-0.0945623342175066,,,,,
AEGISLOG,2019-06-20,True,A. Fundamentals Remained Healthy,-0.10956937799043065,-0.035645933014354036,2.98755980861244,-0.10071599045346058,-0.014558472553699353,3.1350835322195705
AEGISLOG,2022-08-04,True,A. Fundamentals Remained Healthy,0.42467289719626167,1.7362616822429908,,0.2138376383763838,1.7261992619926199,
AEGISLOG,2023-10-26,True,A. Fundamentals Remained Healthy,1.5783028630562268,,,1.4197157544602361,,
AEROENTER,2024-03-05,False,A. Fundamentals Remained Healthy,-0.14491440080563944,,,-0.20850259801606041,,
AFFLE,2026-02-18,True,A. Fundamentals Remained Healthy,,,,,,
AHLUCONT,2018-09-04,True,A. Fundamentals Remained Healthy,-0.01036184210526303,0.25970394736842106,1.3588815789473685,0.01694630872483227,0.24748322147651014,1.269463087248322
AHLUCONT,2019-09-19,False,A. Fundamentals Remained Healthy,-0.16199836199836193,0.4874692874692874,2.972972972972973,-0.25862931465732864,0.4598966149741537,2.5474403868600968
AHLUCONT,2022-06-17,True,A. Fundamentals Remained Healthy,0.5866161616161616,1.3542929292929293,,0.5535030412255013,1.216039648569498,
AIAENG,2020-03-20,False,A. Fundamentals Remained Healthy,0.7358011250226819,1.496053347849755,1.922473235347487,0.17730118973074527,0.739261114589856,0.9892298058860365
AIAENG,2024-11-14,False,A. Fundamentals Remained Healthy,0.0763939491095631,,,0.12325025606008877,,
AJANTPHARM,2022-05-10,True,A. Fundamentals Remained Healthy,0.15744331401980016,1.3157078333865595,,0.11207516823972585,1.1619333813010542,
AJANTPHARM,2025-04-07,False,B. Fundamentals Improved,0.1345369343737577,,,0.10083616509487991,,
AJAXENGG,2026-04-24,False,A. Fundamentals Remained Healthy,,,,,,
ALKYLAMINE,2018-10-08,False,B. Fundamentals Improved,0.5647644927536231,17.61163949275362,9.30095108695652,0.2997010463378176,12.293535127055305,7.006726457399102
ALKYLAMINE,2020-03-16,False,B. Fundamentals Improved,3.2596780766096174,3.7147514262428682,2.1960065199674,3.3149156711173573,2.9323612087139845,1.9841883345045672
ALKYLAMINE,2021-11-08,False,A. Fundamentals Remained Healthy,-0.11996969696969695,-0.356469696969697,,-0.2030538922155688,-0.4848053892215569,
ALKYLAMINE,2024-09-13,False,A. Fundamentals Remained Healthy,-0.08382222222222213,,,,,
ALKYLAMINE,2025-09-30,False,A. Fundamentals Remained Healthy,,,,,,
ALLDIGI,2018-02-20,True,A. Fundamentals Remained Healthy,-0.5202956989247312,-0.0508064516129032,0.32190860215053774,-0.16869588744588748,-0.14380411255411263,0.29694264069264076
ALLDIGI,2023-07-10,False,B. Fundamentals Improved,1.1861078546307149,0.5543180930050802,,0.6763636363636365,,
ALLDIGI,2024-11-13,False,A. Fundamentals Remained Healthy,0.03378183288098402,,,-0.18530771101921673,,
ALLDIGI,2026-02-11,True,A. Fundamentals Remained Healthy,,,,,,
ALPEXSOLAR,2025-04-25,False,B. Fundamentals Improved,0.3306119865831276,,,,,
ALPEXSOLAR,2026-05-11,True,A. Fundamentals Remained Healthy,,,,,,
AMBUJACEM,2022-03-02,False,A. Fundamentals Remained Healthy,0.20123136746597514,0.5288399222294231,,0.13561825971339947,0.5517801743241249,
AMNPLST,2025-02-17,False,A. Fundamentals Remained Healthy,-0.34212935323383087,,,-0.3063820794590024,,
AMRUTANJAN,2020-03-12,False,A. Fundamentals Remained Healthy,0.7034920634920636,0.9452380952380952,0.8907936507936509,0.4434939759036143,0.4292771084337348,0.6132530120481927
AMRUTANJAN,2022-09-29,True,A. Fundamentals Remained Healthy,-0.1318162603917149,0.01838805128927712,,-0.21519408748918034,-0.0476063652706572,
AMRUTANJAN,2026-01-27,True,B. Fundamentals Improved,,,,,,
ANTELOPUS,2026-05-14,True,A. Fundamentals Remained Healthy,,,,,,
ANUP,2025-06-17,False,A. Fundamentals Remained Healthy,-0.2043580463415544,,,-0.24720606381103472,,
APARINDS,2025-01-28,False,A. Fundamentals Remained Healthy,0.03367480003626189,,,,,
APLAPOLLO,2020-06-29,True,B. Fundamentals Improved,4.117857142857143,7.4759740259740255,10.292857142857143,,,
APLAPOLLO,2022-02-24,False,B. Fundamentals Improved,0.5675641025641027,0.8869230769230769,,0.30605843834259616,0.5788257304792823,
APLLTD,2019-06-20,True,B. Fundamentals Improved,1.0306801115640418,0.5242437245226346,0.8622613173138811,0.709811320754717,0.37716981132075467,0.7424528301886792
APLLTD,2021-07-28,True,A. Fundamentals Remained Healthy,-0.12913043478260877,0.539192546583851,0.011739130434782696,-0.256780642408728,0.4203693545437923,0.034619369781190956
APOLLOHOSP,2022-07-26,True,A. Fundamentals Remained Healthy,0.25383025291828787,0.8162694552529184,,0.18049492210835894,0.7103993382657048,
APOLLOTYRE,2025-02-21,True,A. Fundamentals Remained Healthy,0.11015911872705009,,,-0.013174920597576856,,
ARE&M,2018-06-25,False,A. Fundamentals Remained Healthy,-0.17004185230187663,0.0008100445524501509,-0.1287970838396113,-0.20832569227947928,-0.09566599425392752,-0.152698820221285
ARE&M,2024-10-25,False,A. Fundamentals Remained Healthy,-0.20897643390044607,,,-0.28303761533002125,,
ARIHANTSUP,2022-07-11,True,A. Fundamentals Remained Healthy,0.2753521126760563,1.8788732394366199,,,,
ARIS,2026-08-27,True,A. Fundamentals Remained Healthy,,,,,,
ARTEMISMED,2025-06-19,True,A. Fundamentals Remained Healthy,0.05873925501432642,,,0.36590909090909096,,
ARVINDFASN,2026-06-10,True,A. Fundamentals Remained Healthy,,,,,,
ARVSMART,2018-03-07,False,A. Fundamentals Remained Healthy,-0.22469135802469142,-0.37623456790123455,0.5925925925925926,-0.27714663143989426,-0.47767503302509906,0.5558784676354029
ARVSMART,2020-12-03,True,D. Fundamentals Structurally Deteriorated,1.0418557740796772,3.40292486132123,5.1694402420574885,,,
ARVSMART,2025-01-24,False,B. Fundamentals Improved,-0.22635714285714292,,,-0.2859116022099447,,
ASAHIINDIA,2018-10-04,True,A. Fundamentals Remained Healthy,-0.38222148650885623,0.18920708491971516,1.0789604370137393,,,
ASAHIINDIA,2022-06-16,False,A. Fundamentals Remained Healthy,0.14340813464235613,0.7427536231884055,,0.053363518758085426,0.6074816731349719,
ASAHIINDIA,2023-06-26,True,A. Fundamentals Remained Healthy,0.43289070480081704,0.8363636363636364,,0.16392294220665504,0.6850262697022766,
ASALCBR,2022-02-14,False,A. Fundamentals Remained Healthy,-0.13524042742653608,1.6591718610863757,,-0.2982510288065844,1.8472222222222223,
ASALCBR,2023-07-24,False,A. Fundamentals Remained Healthy,0.4996681415929205,0.7796460176991149,,0.8395402298850576,0.6856321839080459,
ASALCBR,2025-02-18,False,B. Fundamentals Improved,-0.1371204701273262,,,-0.2947827159478683,,
ASHAPURMIN,2023-06-06,True,B. Fundamentals Improved,1.847734899328859,4.895553691275167,,1.9444444444444446,4.175381263616558,
ASHAPURMIN,2024-08-12,False,B. Fundamentals Improved,0.6033973412112259,,,1.0558641975308642,,
ASHAPURMIN,2026-01-27,False,B. Fundamentals Improved,,,,,,
ASHOKA,2021-02-15,False,A. Fundamentals Remained Healthy,-0.14239332096474944,0.6349721706864564,0.3773654916512059,,,
ASHOKA,2022-02-24,True,B. Fundamentals Improved,-0.1344827586206897,1.2310344827586208,,-0.17567567567567566,1.077837837837838,
ASHOKA,2023-04-18,True,B. Fundamentals Improved,0.9739583333333333,0.6067129629629628,,1.3457606734816596,0.46518340348767273,
ASHOKA,2025-05-30,True,A. Fundamentals Remained Healthy,-0.4464285714285715,,,-0.32235,,
ASHOKLEY,2018-07-18,True,A. Fundamentals Remained Healthy,-0.2877094972067039,0.11545623836126628,0.558659217877095,-0.5209677419354839,0.02499999999999991,0.4419354838709679
ASIANPAINT,2024-11-12,True,A. Fundamentals Remained Healthy,0.1213765182186235,,,0.002488144099695777,,
ASKAUTOLTD,2025-03-03,False,B. Fundamentals Improved,0.13257075817568564,,,-0.03493198063177305,,
ASKAUTOLTD,2026-03-13,True,A. Fundamentals Remained Healthy,,,,,,
ASTRAL,2018-10-08,False,B. Fundamentals Improved,0.7841993637327678,3.460763520678685,3.9350477200424177,0.34022413230334014,2.6570558154716566,2.969100206723969
ASTRAL,2020-03-23,True,A. Fundamentals Remained Healthy,1.7757361080363072,1.9584901483285364,1.9121098073942884,1.6363979255068366,2.4117868929750115,1.8469589816124468
ASTRAL,2022-05-13,False,A. Fundamentals Remained Healthy,0.21337591726550342,0.011596517242690396,,0.416618536059451,0.13595933926302406,
ASTRAL,2024-11-11,True,A. Fundamentals Remained Healthy,-0.09808695652173915,,,-0.24123267393352177,,
ASTRAL,2026-09-11,True,A. Fundamentals Remained Healthy,,,,,,
ASTRAMICRO,2024-10-22,False,A. Fundamentals Remained Healthy,0.4650027129679868,,,0.11182266009852215,,
ASTRAZEN,2018-12-03,False,B. Fundamentals Improved,1.0470549402185871,1.2789187999706595,2.5212719137387225,0.5971981194585554,0.8998517022686396,2.567159940680907
ASTRAZEN,2020-03-18,True,B. Fundamentals Improved,0.6069191919191919,0.689621212121212,2.895151515151515,0.24124074074074064,0.2072962962962963,1.9143333333333334
ASTRAZEN,2021-04-16,False,A. Fundamentals Remained Healthy,-0.2022108229174192,0.5027671411025214,1.4707752330033959,-0.27335106382978724,0.3894015957446808,1.2690159574468085
ASTRAZEN,2024-03-14,False,A. Fundamentals Remained Healthy,0.5418786673197453,,,0.6226520364515529,,
ATGL,2020-02-28,True,B. Fundamentals Improved,2.7451888809693514,4.09087669280114,3.139344262295082,10.33048433048433,6.383190883190884,4.9933523266856605
ATGL,2021-06-28,False,A. Fundamentals Remained Healthy,1.2304611085235213,-0.15901257568700522,-0.3184443409408477,1.9878330373001778,-0.23947602131438717,-0.4100799289520426
ATUL,2020-03-18,False,B. Fundamentals Improved,0.8803294986507597,0.9878568385172561,0.6514699616531743,0.6586413043478261,0.5367934782608696,0.24249999999999994
ATULAUTO,2018-09-21,True,A. Fundamentals Remained Healthy,-0.33305084745762714,-0.45197740112994356,0.5896892655367232,-0.3669889502762431,-0.31919889502762433,0.6900552486187843
AURIONPRO,2018-06-04,False,A. Fundamentals Remained Healthy,-0.3454081632653061,-0.22857142857142865,3.117857142857143,-0.43196347031963467,-0.29497716894977166,3.1470319634703197
AURIONPRO,2022-06-16,False,B. Fundamentals Improved,2.784372652141247,9.39519158527423,,2.393771626297578,9.732871972318339,
AURIONPRO,2025-02-14,False,A. Fundamentals Remained Healthy,-0.32544531134991894,,,-0.4565688201779229,,
AUROPHARMA,2021-08-16,True,A. Fundamentals Remained Healthy,-0.21001014541765306,1.0328035170781198,1.2011498140006762,,,
AUTOAXLES,2018-05-30,True,B. Fundamentals Improved,-0.09944664031620554,0.057588932806323934,0.7356521739130435,-0.3487864077669903,0.17156148867313914,0.7292475728155339
AUTOAXLES,2024-03-12,True,A. Fundamentals Remained Healthy,-0.15975148568341435,,,-0.11706458645234163,,
AVANTIFEED,2024-10-25,False,B. Fundamentals Improved,0.3165154264972776,,,0.3610122897800776,,
AVANTIFEED,2026-06-05,False,A. Fundamentals Remained Healthy,,,,,,
AWHCL,2022-09-15,True,A. Fundamentals Remained Healthy,-0.02595870206489681,0.7315634218289087,,0.15772727272727272,0.5348484848484849,
AXISCADES,2021-04-30,True,A. Fundamentals Remained Healthy,1.7241666666666666,9.925833333333333,31.763333333333335,,,
AZAD,2025-01-27,False,A. Fundamentals Remained Healthy,-0.0022807381297949014,,,-0.056805632247377114,,
BAJAJCON,2026-08-17,False,A. Fundamentals Remained Healthy,,,,,,
BALAMINES,2018-06-05,True,A. Fundamentals Remained Healthy,-0.23480583913748676,4.154374582577999,3.142066596698789,-0.538494660695832,4.246124698587668,2.778074405787117
BALAMINES,2021-10-22,False,B. Fundamentals Improved,-0.13038028169014082,-0.39685915492957746,,-0.23950340546598836,-0.4988217375061068,
BALKRISIND,2018-10-05,False,A. Fundamentals Remained Healthy,-0.2714027331189711,1.5329581993569135,1.541298231511254,,,
BALKRISIND,2020-03-12,False,A. Fundamentals Remained Healthy,0.8294382022471911,1.2182022471910114,1.8447191011235957,1.0299470899470897,1.321904761904762,1.9114285714285715
BALKRISIND,2022-02-22,False,A. Fundamentals Remained Healthy,0.07358786610878654,0.4165794979079498,,-0.08171380170344922,0.18749705896193136,
BALKRISIND,2025-04-07,False,A. Fundamentals Remained Healthy,-0.07140986468790922,,,-0.12091579355840121,,
BALMLAWRIE,2024-10-25,False,A. Fundamentals Remained Healthy,-0.09895927601809962,,,-0.27376644736842104,,
BALRAMCHIN,2018-01-18,True,A. Fundamentals Remained Healthy,-0.1403162055335968,0.4154150197628459,2.1446640316205534,,,
BALUFORGE,2025-06-19,True,A. Fundamentals Remained Healthy,-0.2715097402597403,,,-0.29938837920489303,,
BANCOINDIA,2018-09-28,True,A. Fundamentals Remained Healthy,-0.45833333333333337,0.025000000000000133,1.4484375000000003,-0.4719101123595506,-0.07752808988764048,2.2988764044943824
BANCOINDIA,2022-02-09,False,B. Fundamentals Improved,0.37642585551330776,3.7040557667934086,,0.6058344640434192,3.8941655359565805,
BANCOINDIA,2025-01-27,False,B. Fundamentals Improved,0.3363855421686748,,,0.7577129917916785,,
BANCOINDIA,2026-03-02,False,A. Fundamentals Remained Healthy,,,,,,
BANSALWIRE,2025-09-16,True,A. Fundamentals Remained Healthy,-0.1313631221719458,,,,,
BASF,2024-11-18,True,A. Fundamentals Remained Healthy,-0.2949377214032681,,,,,
BATAINDIA,2020-03-17,False,A. Fundamentals Remained Healthy,0.11304511278195473,0.06669172932330825,-0.09330827067669167,0.012335766423357652,0.12496350364963504,-0.11321167883211669
BATAINDIA,2023-06-01,True,A. Fundamentals Remained Healthy,-0.13579113924050634,-0.5795886075949367,,-0.1860305277928921,-0.5657951258627109,
BAYERCROP,2019-06-14,False,A. Fundamentals Remained Healthy,0.5819648516277729,0.4595793719389225,0.7518006338231058,,,
BAYERCROP,2021-11-30,False,A. Fundamentals Remained Healthy,0.004381826267096045,0.23478562674215575,,-0.05531480751941986,0.1719446043819508,
BAYERCROP,2023-02-28,False,A. Fundamentals Remained Healthy,0.3413817330210773,0.09423887587822,,0.30900202494638074,0.12678081453168621,
BAYERCROP,2025-01-20,False,A. Fundamentals Remained Healthy,-0.12841255801472862,,,-0.10352230660419948,,
BBOX,2021-06-23,False,A. Fundamentals Remained Healthy,-0.44673469387755094,0.06379591836734688,3.0081632653061225,-0.4627233518176216,1.101868966933662,2.166563976175806
BBOX,2025-02-03,False,A. Fundamentals Remained Healthy,0.07964071856287425,,,0.21811337466784764,,
BBOX,2026-03-09,True,A. Fundamentals Remained Healthy,,,,,,
BBTC,2020-08-11,True,A. Fundamentals Remained Healthy,-0.2175614444597006,-0.32129616916105996,0.2601263215707814,,,
BBTC,2025-01-07,True,B. Fundamentals Improved,-0.07747093023255813,,,,,
BEL,2018-04-20,True,B. Fundamentals Improved,-0.32502831257078135,-0.06795016987542468,1.2967157417893547,,,
BERGEPAINT,2022-05-24,False,A. Fundamentals Remained Healthy,0.05750000000000011,0.1097999999999999,,0.1554819941819643,0.13682415488012833,
BERGEPAINT,2024-05-31,True,A. Fundamentals Remained Healthy,0.2028077753779698,,,0.04424520027287793,,
BERGEPAINT,2026-03-04,True,A. Fundamentals Remained Healthy,,,,,,
BETA,2020-10-15,False,B. Fundamentals Improved,3.1824968892575694,6.55122355868934,13.228121111571962,3.978017048003588,11.838492597577387,13.418124719605204
BETA,2022-06-17,False,A. Fundamentals Remained Healthy,-0.032495788882650145,1.5308815272318923,,-0.07828282828282829,1.2297315257841577,
BETA,2024-03-13,False,A. Fundamentals Remained Healthy,0.6022083107408684,,,0.4721791353458218,,
BFUTILITIE,2022-11-21,False,B. Fundamentals Improved,0.8470541295385026,0.8103471206277431,,0.586617454458864,0.4570782235980473,
BFUTILITIE,2024-01-23,True,B. Fundamentals Improved,0.4927046263345196,,,0.2562500000000001,,
BFUTILITIE,2025-02-03,False,B. Fundamentals Improved,-0.3199794884943272,,,-0.48697951090548575,,
BHARATFORG,2018-10-11,False,B. Fundamentals Improved,-0.2533035714285715,0.4178571428571429,0.9809821428571428,,,
BHARATRAS,2018-10-08,False,A. Fundamentals Remained Healthy,0.0013802622498275685,1.1421670117322291,0.570048309178744,0.0821629213483146,0.7703651685393258,0.5905898876404494
BHARATRAS,2021-10-25,False,A. Fundamentals Remained Healthy,0.11824588880187936,0.030931871574001457,,-0.0608728943338438,-0.041730474732006084,
BHARATRAS,2025-09-08,False,A. Fundamentals Remained Healthy,-0.5362,,,,,
BHARATWIRE,2018-02-06,False,A. Fundamentals Remained Healthy,-0.5059322033898306,-0.7076271186440678,-0.1271186440677966,-0.5211442786069651,-0.687396351575456,0.26451077943615253
BHARATWIRE,2021-04-12,False,D. Fundamentals Structurally Deteriorated,0.9441069258809236,6.358444714459296,3.0860267314702305,,,
BHARATWIRE,2022-05-10,False,A. Fundamentals Remained Healthy,1.5747217806041336,1.6659777424483306,,2.007154213036566,2.5594594594594593,
BHARATWIRE,2024-03-13,False,B. Fundamentals Improved,-0.3278079008520526,,,-0.43290220820189274,,
BHARATWIRE,2026-04-21,False,A. Fundamentals Remained Healthy,,,,,,
BIKAJI,2025-01-13,True,A. Fundamentals Remained Healthy,0.01431463273568534,,,-0.10307669441141487,,
BLS,2018-01-31,True,B. Fundamentals Improved,-0.478,-0.479,2.4539999999999997,-0.1874197689345315,-0.4518613607188704,3.3465982028241337
BLS,2024-03-13,False,A. Fundamentals Remained Healthy,0.12448204419889497,,,0.05683760683760686,,
BLS,2025-04-07,False,A. Fundamentals Remained Healthy,-0.2552486187845303,,,-0.23955446185727236,,
BLUEDART,2023-01-27,True,A. Fundamentals Remained Healthy,0.0005565891000030021,-0.18272896398182314,,-0.029905795944435654,-0.2177391026664538,
BLUEJET,2025-08-26,False,A. Fundamentals Remained Healthy,-0.16357193479801557,,,,,
BLUESTARCO,2018-09-27,True,B. Fundamentals Improved,0.34160337552742615,0.5223628691983122,2.0249789029535865,0.2914239482200647,0.6867313915857607,2.1297734627831715
BLUESTARCO,2020-03-19,True,A. Fundamentals Remained Healthy,0.4828382838283829,1.387128712871287,6.118316831683168,0.580588919023634,1.7973653622626888,4.989151491669895
BLUESTARCO,2025-05-02,False,A. Fundamentals Remained Healthy,0.07491351544793035,,,-0.01948441247002397,,
BLUESTARCO,2026-05-11,False,A. Fundamentals Remained Healthy,,,,,,
BORORENEW,2026-08-28,True,A. Fundamentals Remained Healthy,,,,,,
BOSCHLTD,2018-03-19,True,A. Fundamentals Remained Healthy,0.0574111238532109,-0.18471616972477067,0.04009747706422018,-0.06121220020855056,-0.26821428571428574,0.01325599582898862
BOSCHLTD,2022-06-17,True,B. Fundamentals Improved,0.4137089552238806,1.408955223880597,,0.28418158329245813,1.1813622201189644,
BOSCHLTD,2025-02-11,True,A. Fundamentals Remained Healthy,0.3433000293858359,,,0.055438596491228065,,
BPCL,2018-04-19,True,A. Fundamentals Remained Healthy,-0.09036488027366019,0.10547320410490313,-0.10547320410490313,-0.02147477360931438,0.16558861578266493,-0.11849935316946958
BPCL,2021-11-26,True,A. Fundamentals Remained Healthy,-0.10670391061452511,0.6567039106145252,,-0.13809523809523805,0.5071428571428573,
BPCL,2025-01-27,True,A. Fundamentals Remained Healthy,0.3628217349857006,,,0.21969981238273917,,
BSE,2018-07-13,True,D. Fundamentals Structurally Deteriorated,-0.29891304347826086,0.20108695652173902,1.7391304347826089,,,
BSE,2022-06-07,False,A. Fundamentals Remained Healthy,-0.22587268993839837,11.045995893223818,,0.08388520971302427,9.810154525386313,
BSE,2024-07-10,False,B. Fundamentals Improved,2.255841584158416,,,1.790114942528736,,
BSE,2025-08-29,False,B. Fundamentals Improved,0.5408450704225352,,,,,
BSOFT,2022-02-24,False,B. Fundamentals Improved,-0.2908521303258146,0.18170426065162903,,-0.422014449638759,-0.14077773055673604,
BSOFT,2024-06-04,True,A. Fundamentals Remained Healthy,-0.32735164009681994,,,-0.3929505813953489,,
CAMPUS,2025-01-08,False,A. Fundamentals Remained Healthy,-0.11501706484641638,,,-0.11697525523446961,,
CAMPUS,2026-02-27,False,A. Fundamentals Remained Healthy,,,,,,
CAMS,2021-12-13,False,B. Fundamentals Improved,-0.20247632920611802,0.9213401310997815,,-0.22494887525562368,0.4594410361281527,
CAMS,2025-01-28,False,B. Fundamentals Improved,-0.05160427807486634,,,-0.1685291060291061,,
CAMS,2026-04-30,False,A. Fundamentals Remained Healthy,,,,,,
CANTABIL,2022-11-21,False,B. Fundamentals Improved,-0.08281389136242201,0.10952804986642928,,0.0027783290335383626,0.033974995038698275,
CANTABIL,2024-03-06,True,A. Fundamentals Remained Healthy,0.17869150386188104,,,0.09930523390458545,,
CANTABIL,2026-03-23,True,B. Fundamentals Improved,,,,,,
CAPACITE,2025-02-18,False,B. Fundamentals Improved,-0.1738213201214639,,,-0.35461971830985917,,
CAPLIPOINT,2018-03-26,True,A. Fundamentals Remained Healthy,-0.2696363636363637,-0.24736363636363634,0.07599999999999985,-0.3551526241370706,-0.2432005323130666,0.02220743574814943
CAPLIPOINT,2022-06-13,False,A. Fundamentals Remained Healthy,0.14715789473684215,1.9661754385964914,,0.06389281626607435,1.6962903117215378,
CAPLIPOINT,2025-02-28,False,A. Fundamentals Remained Healthy,-0.08208504801097394,,,-0.2299514563106796,,
CAPLIPOINT,2026-05-12,False,A. Fundamentals Remained Healthy,,,,,,
CARERATING,2018-04-02,True,A. Fundamentals Remained Healthy,-0.17276897414512093,-0.6408673894912427,-0.45879899916597167,-0.2570924647253078,-0.6647778444911439,-0.5203392374662263
CARERATING,2025-03-17,False,B. Fundamentals Improved,0.44261838440111423,,,0.30453187250996017,,
CARRARO,2026-01-21,False,B. Fundamentals Improved,,,,,,
CARYSIL,2022-05-11,False,A. Fundamentals Remained Healthy,-0.018740031897926612,0.011244019138755945,,0.11906651849499927,0.38093348150500095,
CDSL,2020-01-31,False,A. Fundamentals Remained Healthy,0.8507575757575758,2.8481060606060606,8.78371212121212,,,
CDSL,2022-05-09,False,A. Fundamentals Remained Healthy,-0.16068376068376067,1.12,,0.06409801136363624,2.0743963068181817,
CDSL,2025-01-27,False,B. Fundamentals Improved,-0.012621359223300987,,,-0.02798387096774202,,
CDSL,2026-02-12,False,A. Fundamentals Remained Healthy,,,,,,
CEATLTD,2025-03-03,True,A. Fundamentals Remained Healthy,0.3777078085642316,,,0.19189075038716052,,
CEATLTD,2026-06-08,True,A. Fundamentals Remained Healthy,,,,,,
CEMPRO,2018-03-13,True,A. Fundamentals Remained Healthy,-0.18379204892966372,-0.4892966360856269,-0.32507645259938844,-0.3537978298115362,-0.5542547115933751,-0.2707024557395773
CEMPRO,2024-11-22,False,B. Fundamentals Improved,0.54500998003992,,,0.4602608614056489,,
CEMPRO,2026-01-20,False,B. Fundamentals Improved,,,,,,
CENTURYPLY,2022-05-10,False,B. Fundamentals Improved,0.07607421875000009,0.3189453124999999,,0.2608004488498221,0.3665606882363943,
CERA,2019-07-15,False,A. Fundamentals Remained Healthy,-0.18957111436950147,0.5022360703812319,2.316202346041056,-0.03504351365495317,1.1817494621363362,2.24082724400597
CERA,2022-07-25,False,B. Fundamentals Improved,0.7589147634309792,0.5034628056570367,,,,
CERA,2024-03-18,False,A. Fundamentals Remained Healthy,-0.22781233572805326,,,-0.2517768161552584,,
CGPOWER,2025-01-15,False,A. Fundamentals Remained Healthy,-0.0888149890502068,,,0.09850393700787397,,
CHALET,2026-06-08,True,A. Fundamentals Remained Healthy,,,,,,
CHAMBLFERT,2022-05-25,False,A. Fundamentals Remained Healthy,-0.21422663358147231,0.6178660049627791,,-0.15495356037151709,0.6405572755417956,
CHAMBLFERT,2025-07-31,False,A. Fundamentals Remained Healthy,-0.176547842401501,,,-0.1966897276469044,,
CHENNPETRO,2018-03-23,True,A. Fundamentals Remained Healthy,-0.20729813664596275,-0.6765527950310559,-0.25465838509316774,-0.3308544303797468,-0.5751582278481013,0.17341772151898738
CHENNPETRO,2021-11-16,True,B. Fundamentals Improved,0.8323144104803495,3.9707423580786028,,1.0277033065236818,4.136282394995532,
CHOICEIN,2026-03-23,False,A. Fundamentals Remained Healthy,,,,,,
CIEINDIA,2025-02-12,True,A. Fundamentals Remained Healthy,0.03640552995391699,,,0.16083663901911294,,
CLSEL,2022-05-23,False,A. Fundamentals Remained Healthy,0.6589358799454297,2.303319690768531,,0.580568720379147,2.2786729857819905,
COALINDIA,2019-07-18,True,A. Fundamentals Remained Healthy,-0.4420798065296252,-0.12769044740024182,1.478597339782346,-0.45838872640255257,0.06487636266950281,1.6817335814942833
COALINDIA,2024-12-30,False,A. Fundamentals Remained Healthy,0.05318867425244789,,,0.05973730740085892,,
COCHINSHIP,2020-01-24,False,B. Fundamentals Improved,-0.11038140944682995,0.2775953523617076,6.385956049507452,,,
COCHINSHIP,2021-01-28,True,A. Fundamentals Remained Healthy,-0.00612244897959191,4.014868804664723,7.881049562682215,-0.14480874316939896,3.6502732240437155,7.336612021857922
COCHINSHIP,2024-08-20,False,A. Fundamentals Remained Healthy,-0.16397960925876232,,,,,
COFORGE,2020-03-12,False,A. Fundamentals Remained Healthy,1.1023166023166024,2.1544401544401546,4.8938223938223935,1.4249999999999998,1.9392857142857145,4.355357142857143
COFORGE,2023-01-25,False,A. Fundamentals Remained Healthy,0.4413472706155632,0.9329849012775842,,0.5863970588235294,0.6688725490196077,
COFORGE,2024-05-03,False,A. Fundamentals Remained Healthy,0.651431718061674,,,0.5969797074091552,,
COFORGE,2026-06-10,True,A. Fundamentals Remained Healthy,,,,,,
COLPAL,2020-03-17,False,A. Fundamentals Remained Healthy,0.3759168176719301,0.2838467512296141,1.056691690396065,0.17591083140614927,0.16529552261439884,0.8108579444212762
COLPAL,2024-11-14,False,A. Fundamentals Remained Healthy,-0.20326365969930338,,,-0.2858755492263073,,
CONCOR,2020-03-05,True,A. Fundamentals Remained Healthy,0.313619325281133,0.33777592669720957,0.3958073025128419,0.4966519679895476,0.6903478686918179,0.7984648048342318
CONCORDBIO,2024-10-07,False,A. Fundamentals Remained Healthy,-0.11152375750955767,,,-0.2833370981100821,,
COROMANDEL,2018-06-19,True,A. Fundamentals Remained Healthy,-0.005241345685031651,1.1387128230131642,1.2922964407606043,-0.15643172830890906,1.0109327750639685,1.3946266573621773
COROMANDEL,2019-07-08,True,B. Fundamentals Improved,0.8623456790123456,1.4050617283950615,2.9895061728395063,1.090377873003506,1.6987404233216465,3.554473445007142
COSMOFIRST,2022-06-20,True,A. Fundamentals Remained Healthy,-0.2880743982494529,0.34420131291028433,,,,
CRAFTSMAN,2024-03-13,True,A. Fundamentals Remained Healthy,0.23792156862745095,,,0.09440766948185364,,
CRISIL,2019-03-08,True,A. Fundamentals Remained Healthy,0.04110915188604203,0.823047401721813,2.3859212391522315,-0.06961165048543683,1.2362459546925568,2.1231067961165047
CRISIL,2025-02-19,False,A. Fundamentals Remained Healthy,-0.03958377574856653,,,-0.07817912970004237,,
CUMMINSIND,2019-07-19,True,A. Fundamentals Remained Healthy,-0.46480119825708055,0.5708061002178648,4.170002723311547,,,
CUMMINSIND,2025-01-13,False,B. Fundamentals Improved,0.3843771207823621,,,0.6089754331869826,,
CUPID,2017-11-15,False,A. Fundamentals Remained Healthy,-0.2727272727272727,-0.09090909090909094,0.13636363636363624,-0.3111111111111111,0.11111111111111116,0.11111111111111116
CUPID,2020-01-21,False,A. Fundamentals Remained Healthy,-0.021276595744680993,0.17021276595744683,5.106382978723404,0.0,0.2272727272727273,5.363636363636363
CUPID,2021-02-26,False,A. Fundamentals Remained Healthy,0.023809523809523725,10.69047619047619,38.3095238095238,-0.04166666666666674,8.75,37.166666666666664
CUPID,2025-06-11,False,B. Fundamentals Improved,6.957948717948718,,,,,
DATAMATICS,2022-06-20,False,B. Fundamentals Improved,1.1743987881083124,1.241052830903238,,1.0610610610610611,1.2068735402068738,
DATAMATICS,2024-03-11,False,A. Fundamentals Remained Healthy,0.08844830707948592,,,0.027480916030534486,,
DATAPATTNS,2024-09-19,False,B. Fundamentals Improved,0.12606299212598415,,,0.22545454545454535,,
DATAPATTNS,2025-09-29,False,B. Fundamentals Improved,,,,,,
DBCORP,2018-03-20,False,A. Fundamentals Remained Healthy,-0.38237179487179496,-0.6998397435897435,-0.6863782051282051,,,
DBCORP,2025-01-13,False,A. Fundamentals Remained Healthy,-0.11632947976878616,,,-0.15516528925619844,,
DBL,2018-05-31,False,A. Fundamentals Remained Healthy,-0.2953771289537712,-0.34452554744525554,-0.753102189781022,-0.49693627450980393,-0.31084558823529407,-0.6735906862745098
DBL,2026-03-20,True,A. Fundamentals Remained Healthy,,,,,,
DCMSHRIRAM,2018-03-21,False,B. Fundamentals Improved,-0.05784179240969356,0.2042752629172382,0.8569958847736627,,,
DCMSHRIRAM,2019-07-24,True,A. Fundamentals Remained Healthy,-0.2216884008236102,1.2128803477465109,1.2904369709448638,-0.1367298578199052,1.4174170616113742,1.5411137440758291
DCMSHRIRAM,2022-11-17,False,A. Fundamentals Remained Healthy,0.021405173387552212,0.3678978877216763,,0.1514322407727957,0.2643922050365737,
DDEVPLSTIK,2026-03-16,False,A. Fundamentals Remained Healthy,,,,,,
DEEPAKFERT,2022-12-21,False,B. Fundamentals Improved,-0.06070038910505837,0.7489918641669613,,,,
DEEPAKNTR,2020-03-18,False,B. Fundamentals Improved,3.4308955223880595,4.38,4.901044776119403,2.859415842709399,3.1428571428571432,3.145243777702012
DEEPAKNTR,2021-11-26,False,B. Fundamentals Improved,0.028938439166262597,0.3070528356761997,,-0.1623417721518987,0.08491561181434593,
DEEPAKNTR,2022-12-16,False,A. Fundamentals Remained Healthy,0.093898601812203,-0.25467836949064315,,,,
DHANUKA,2017-10-30,True,A. Fundamentals Remained Healthy,-0.43072755417956654,0.10549535603715166,0.12662538699690384,-0.3335303679621694,0.04056450421161517,0.08748337520319183
DHANUKA,2021-10-28,False,A. Fundamentals Remained Healthy,-0.010136986301369832,0.9941780821917807,,-0.09755944931163962,0.8690863579474344,
DHANUKA,2025-01-13,False,B. Fundamentals Improved,-0.1891605480281583,,,-0.23628663619252488,,
DIVISLAB,2022-05-24,False,A. Fundamentals Remained Healthy,-0.0821622354856213,0.7588171459576778,,-0.0431025369978858,0.7913583509513742,
DIXON,2022-02-08,False,A. Fundamentals Remained Healthy,-0.37840229885057475,2.4838275862068966,,-0.338045197740113,2.048124293785311,
DIXON,2023-06-23,True,B. Fundamentals Improved,1.6820624227227032,1.8509689273044523,,1.6540217391304348,2.3444444444444446,
DIXON,2025-03-10,False,B. Fundamentals Improved,-0.15606068811846718,,,-0.290304054054054,,
DIXON,2026-07-14,True,A. Fundamentals Remained Healthy,,,,,,
DLINKINDIA,2020-03-04,True,A. Fundamentals Remained Healthy,0.2962962962962963,1.911228689006467,3.332745443856555,0.3125,2.72171052631579,4.874342105263158
DLINKINDIA,2022-07-13,False,B. Fundamentals Improved,0.9232736572890026,2.8812568505663134,,0.9050595238095238,1.8127976190476192,
DLINKINDIA,2024-10-24,False,A. Fundamentals Remained Healthy,-0.10108481262327418,,,-0.2712418300653595,,
DMART,2018-10-23,True,B. Fundamentals Improved,0.6528260869565217,2.931695652173913,2.190391304347826,0.323894583713928,2.0885686254609426,1.4624987313508573
DMART,2022-11-11,False,B. Fundamentals Improved,-0.08253715498938441,-0.03035128353599692,,-0.03301259206462337,-0.09109052031361375,
DMART,2024-11-12,True,A. Fundamentals Remained Healthy,0.07525172231054578,,,-0.09413196859783357,,
DODLA,2023-03-13,False,A. Fundamentals Remained Healthy,0.8100758853288366,1.1106661045531196,,0.7281841432225062,1.109156010230179,
DODLA,2026-03-06,True,A. Fundamentals Remained Healthy,,,,,,
DOLLAR,2022-05-25,False,D. Fundamentals Structurally Deteriorated,-0.17781609195402304,-0.08563218390804594,,-0.12569892473118283,-0.18408602150537634,
DPABHUSHAN,2020-03-12,False,A. Fundamentals Remained Healthy,1.0508474576271185,4.066949152542373,22.155084745762714,1.1294642857142856,4.65625,22.767857142857142
DPABHUSHAN,2022-11-11,False,A. Fundamentals Remained Healthy,0.8870206489675518,3.3905604719764018,,1.2118971061093249,3.4922829581993566,
DPABHUSHAN,2025-03-03,False,A. Fundamentals Remained Healthy,-0.17645256424987565,,,-0.32610738255033556,,
DPABHUSHAN,2026-07-24,False,A. Fundamentals Remained Healthy,,,,,,
DSSL,2020-10-07,True,A. Fundamentals Remained Healthy,4.082491582491582,23.1986531986532,32.09090909090909,,,
DSSL,2022-02-22,False,B. Fundamentals Improved,1.2934285714285716,5.220285714285714,,1.006777893639207,4.514337851929093,
DSSL,2023-04-21,False,B. Fundamentals Improved,2.504871794871795,1.6823076923076923,,,,
DSSL,2024-10-24,False,A. Fundamentals Remained Healthy,-0.2410288065843622,,,-0.3115923379536012,,
DYCL,2025-02-03,False,B. Fundamentals Improved,-0.19469496021220156,,,,,
DYCL,2026-04-29,False,A. Fundamentals Remained Healthy,,,,,,
ECLERX,2022-05-26,False,B. Fundamentals Improved,0.15965626413387612,1.5352027740087442,,0.23168431742347306,1.6055418540548385,
EIHAHOTELS,2018-02-02,False,A. Fundamentals Remained Healthy,-0.2660869565217391,-0.40956521739130425,-0.13347826086956516,-0.22635294117647053,-0.3374117647058823,-0.08847058823529419
EIHAHOTELS,2024-10-07,True,B. Fundamentals Improved,0.014427531436135066,,,-0.07601522842639596,,
EIHAHOTELS,2025-10-13,False,A. Fundamentals Remained Healthy,,,,,,
EIHOTEL,2025-02-12,True,A. Fundamentals Remained Healthy,-0.027530954115076445,,,-0.12328767123287665,,
EKC,2021-09-30,False,B. Fundamentals Improved,0.003695150115473389,0.7854965357967667,,-0.06428571428571428,0.5203361344537814,
ELECON,2025-02-03,False,A. Fundamentals Remained Healthy,-0.0686458333333333,,,-0.11680393624986618,,
ELECON,2026-05-12,True,A. Fundamentals Remained Healthy,,,,,,
ELGIEQUIP,2018-10-01,True,A. Fundamentals Remained Healthy,0.2128279883381925,0.7113702623906706,3.289046230737193,0.005566600397614252,1.3765407554671971,3.1292246520874754
ELGIEQUIP,2019-12-16,True,D. Fundamentals Structurally Deteriorated,0.2951417004048582,3.0777327935222676,3.897975708502024,0.1845414201183433,2.1031804733727815,3.2884615384615383
ELGIEQUIP,2023-01-19,False,B. Fundamentals Improved,0.39593516851041954,0.10522253666066383,,0.5449999999999999,0.1331818181818183,
EMAMILTD,2022-03-29,False,B. Fundamentals Improved,-0.1668208092485549,0.34080924855491324,,-0.26175180993168146,0.31701845620475155,
EMAMILTD,2025-07-10,False,A. Fundamentals Remained Healthy,-0.2905723905723906,,,-0.30448445727874984,,
ENDURANCE,2018-10-19,False,B. Fundamentals Improved,-0.06146582733812944,0.6362410071942446,0.448021582733813,-0.08805004314063847,0.49943917169974106,0.4771354616048318
ENDURANCE,2019-11-08,True,A. Fundamentals Remained Healthy,-0.03035730687976479,0.28240102874988526,1.1864609166896298,0.10380116959064334,0.34837766459158637,1.1567628749292584
ENDURANCE,2024-12-30,False,A. Fundamentals Remained Healthy,0.2056044007710751,,,0.1582697201017811,,
ENGINERSIN,2018-05-18,False,B. Fundamentals Improved,-0.19477351916376306,-0.4285714285714286,-0.31010452961672474,-0.22917437985931144,-0.43872639763050725,0.04738985560903353
ENGINERSIN,2025-08-01,True,B. Fundamentals Improved,0.0980392156862746,,,,,
EPIGRAL,2022-12-19,True,B. Fundamentals Improved,-0.2387664834029184,0.19036005125873268,,,,
EPIGRAL,2024-02-28,True,A. Fundamentals Remained Healthy,0.355029093931837,,,0.750786308973173,,
EPIGRAL,2025-09-26,False,A. Fundamentals Remained Healthy,,,,,,
EPL,2021-08-23,False,A. Fundamentals Remained Healthy,-0.26688888888888895,0.12044444444444435,0.1710222222222224,-0.2920081967213115,0.02622950819672143,-0.03319672131147544
EPL,2025-10-28,True,B. Fundamentals Improved,,,,,,
ERIS,2023-03-14,False,A. Fundamentals Remained Healthy,0.3763245033112581,1.1872516556291388,,0.4151774785801714,1.3916768665850672,
ESCORTS,2018-09-21,True,B. Fundamentals Improved,-0.08721607454863134,1.0958794408852652,3.5671228887594646,-0.01552979640362595,1.6792242532322783,3.7855550601872494
ESCORTS,2020-01-21,True,A. Fundamentals Remained Healthy,0.8467576550456122,1.9628739127360162,4.056785234424723,,,
EVEREADY,2018-04-23,False,A. Fundamentals Remained Healthy,-0.48654916512059365,-0.10837971552257253,-0.08364254792826209,,,
EVEREADY,2024-06-04,True,B. Fundamentals Improved,-0.0006487187804086192,,,-0.038598574821852694,,
EVEREADY,2025-11-10,True,A. Fundamentals Remained Healthy,,,,,,
EXPLEOSOL,2022-05-05,False,A. Fundamentals Remained Healthy,0.05552946701103556,-0.3153322376144635,,0.1815,-0.22992857142857148,
EXPLEOSOL,2023-10-25,True,A. Fundamentals Remained Healthy,-0.0658377964804896,,,0.06174074074074065,,
FDC,2021-11-18,True,A. Fundamentals Remained Healthy,-0.000873820342537579,0.7056973086333449,,-0.11775244299674259,0.6114006514657979,
FDC,2025-02-10,False,A. Fundamentals Remained Healthy,-0.13655142422265698,,,-0.16909518213866037,,
FIEMIND,2023-03-28,False,B. Fundamentals Improved,0.4849634432335497,1.7122361705062765,,0.3670447761194031,1.6521791044776117,
FINCABLES,2022-02-24,False,B. Fundamentals Improved,0.8068438205063926,1.2614690398596142,,,,
FINCABLES,2024-10-25,False,A. Fundamentals Remained Healthy,-0.3351464435146444,,,-0.43477093085718665,,
FINEORG,2020-03-23,False,A. Fundamentals Remained Healthy,0.4254752851711028,1.8531368821292777,1.5173637515842842,0.18066666666666675,1.0436904761904762,1.0523809523809522
FINEORG,2023-01-30,False,B. Fundamentals Improved,-0.0907648050788612,-0.19305624442019642,,-0.026874588967039204,0.024979657351777318,
FINPIPE,2019-07-02,True,A. Fundamentals Remained Healthy,-0.059433962264150875,0.28962264150943384,2.137735849056604,-0.008264462809917328,0.4132231404958677,1.8016528925619832
FINPIPE,2022-01-28,True,A. Fundamentals Remained Healthy,-0.01558823529411768,0.1941176470588235,,0.030284857571214463,0.061169415292353646,
FINPIPE,2023-02-22,True,D. Fundamentals Structurally Deteriorated,0.2899408284023668,0.10449704142011829,,0.3116959064327487,-0.016549707602339203,
FLAIR,2026-07-21,True,A. Fundamentals Remained Healthy,,,,,,
FMGOETZE,2018-03-19,True,B. Fundamentals Improved,0.2518980169971672,-0.3357507082152974,-0.30617563739376774,0.20189039932030584,-0.4210917587085812,-0.2925870858113848
FMGOETZE,2025-02-20,True,B. Fundamentals Improved,0.2667262703024884,,,0.18546119235095615,,
FMGOETZE,2026-04-24,True,A. Fundamentals Remained Healthy,,,,,,
FORCEMOT,2024-09-12,True,B. Fundamentals Improved,1.6086524822695036,,,1.1637560111364214,,
FORCEMOT,2025-10-09,False,B. Fundamentals Improved,,,,,,
FOSECOIND,2018-02-06,False,A. Fundamentals Remained Healthy,-0.17650090964220733,-0.21585809581564586,0.18135233474833234,-0.2603561643835617,-0.2895068493150684,0.04301369863013704
FOSECOIND,2020-01-31,False,A. Fundamentals Remained Healthy,-0.09286221590909094,0.4028409090909091,1.728409090909091,-0.10803793962891173,0.3726806978676267,1.6869288285793407
FOSECOIND,2021-03-30,False,A. Fundamentals Remained Healthy,0.2292543859649121,1.676842105263158,3.0815789473684214,0.18629429332472358,1.6705948825571069,2.7605133586245856
FOSECOIND,2025-01-22,False,A. Fundamentals Remained Healthy,0.19463493609571825,,,0.38359201773835916,,
FSL,2026-02-06,False,B. Fundamentals Improved,,,,,,
GABRIEL,2018-02-20,False,A. Fundamentals Remained Healthy,-0.06860841423948216,-0.25501618122977354,0.05663430420711979,-0.05649717514124297,-0.35593220338983056,-0.09824231010671691
GABRIEL,2020-08-31,False,A. Fundamentals Remained Healthy,0.3690702087286528,2.0042694497153697,10.664136622390892,0.4476190476190476,2.5038095238095237,11.038095238095238
GABRIEL,2022-02-21,False,A. Fundamentals Remained Healthy,0.4977064220183487,3.318348623853211,,0.1784249384741592,3.5545529122231336,
GABRIEL,2023-03-20,False,A. Fundamentals Remained Healthy,1.3164285714285717,4.995,,1.2356191095222622,5.615859603509913,
GABRIEL,2025-12-04,False,A. Fundamentals Remained Healthy,,,,,,
GAEL,2020-08-05,True,B. Fundamentals Improved,1.0967032967032968,1.621978021978022,1.3654945054945054,,,
GAEL,2022-05-10,False,A. Fundamentals Remained Healthy,-0.05296296296296299,-0.18051851851851852,,-0.2046707752189426,-0.2556600713590659,
GAIL,2019-07-18,True,A. Fundamentals Remained Healthy,-0.3123608017817372,0.008351893095768448,1.5992204899777285,-0.3525603296056504,-0.005297233666862855,1.5642142436727489
GAIL,2021-01-27,True,A. Fundamentals Remained Healthy,0.12993630573248405,1.1178343949044587,1.0379617834394903,0.03244166192373377,1.0022766078542973,0.7182697780307341
GALAXYSURF,2019-07-22,False,A. Fundamentals Remained Healthy,0.3212344233503386,1.5501798109893783,1.3452370996069245,0.4103313026787949,1.6303930568305098,1.3417758491195864
GALAXYSURF,2023-05-30,True,A. Fundamentals Remained Healthy,-0.00021996040712657372,-0.28200923833709923,,-0.056555469356090016,-0.31958882854926307,
GALLANTT,2018-06-28,True,B. Fundamentals Improved,-0.1444444444444445,0.6977777777777778,0.28,-0.18322295805739508,0.6920529801324506,0.35651214128035336
GALLANTT,2021-08-23,True,A. Fundamentals Remained Healthy,0.05573770491803298,4.907377049180329,8.512295081967213,-0.23831168831168836,3.7506493506493506,
GALLANTT,2025-10-23,False,A. Fundamentals Remained Healthy,,,,,,
GANESHHOU,2025-03-10,True,A. Fundamentals Remained Healthy,-0.36495,,,-0.43663494809688586,,
GARFIBRES,2020-03-18,True,A. Fundamentals Remained Healthy,1.4433523021210553,1.8975685463010863,3.088722193481635,1.012412723041117,1.2635764158262215,2.3231186966640807
GARFIBRES,2022-03-07,False,A. Fundamentals Remained Healthy,0.05196779964221809,0.3872987477638641,,-0.0319281616363184,0.31645464371830045,
GARFIBRES,2023-03-20,False,A. Fundamentals Remained Healthy,0.1475395274471487,0.0870492094510571,,0.12173543173117807,0.031475967673330496,
GARFIBRES,2025-12-02,True,A. Fundamentals Remained Healthy,,,,,,
GARUDA,2026-07-08,True,A. Fundamentals Remained Healthy,,,,,,
GENUSPOWER,2025-08-29,True,B. Fundamentals Improved,0.02790555044464882,,,,,
GESHIP,2024-11-18,False,A. Fundamentals Remained Healthy,0.05605600933488919,,,,,
GHCL,2020-12-11,True,A. Fundamentals Remained Healthy,1.0068877551020408,1.9375,2.023979591836735,,,
GHCL,2022-12-23,False,B. Fundamentals Improved,0.1702302631578949,0.16776315789473695,,-0.006116504854368876,-0.03592233009708734,
GHCL,2024-03-06,True,A. Fundamentals Remained Healthy,0.32054629443663396,,,0.17892644135188873,,
GICRE,2024-03-13,True,A. Fundamentals Remained Healthy,0.21156269691241358,,,0.22565597667638482,,
GICRE,2026-06-16,True,A. Fundamentals Remained Healthy,,,,,,
GILLETTE,2021-10-21,True,A. Fundamentals Remained Healthy,-0.0878062984761182,0.5270142681926073,,,,
GILLETTE,2025-02-17,False,A. Fundamentals Remained Healthy,0.16134228187919453,,,-0.030241209648385947,,
GILLETTE,2026-03-04,False,B. Fundamentals Improved,,,,,,
GIPCL,2018-03-07,False,A. Fundamentals Remained Healthy,-0.28159538683325325,-0.17011052378664104,-0.2359442575684767,,,
GIPCL,2020-06-16,True,A. Fundamentals Remained Healthy,0.31619339984650785,0.48656945510360683,2.109439754412893,0.09584450402144773,0.722520107238606,1.4670241286863273
GIPCL,2022-02-24,False,A. Fundamentals Remained Healthy,0.12473271560940846,1.4366357804704206,,-0.06658668266346723,1.2620275944811037,
GIPCL,2023-03-16,False,A. Fundamentals Remained Healthy,1.2377762893503013,0.7405224380442064,,1.0283422459893048,0.6882352941176471,
GIPCL,2024-03-26,False,A. Fundamentals Remained Healthy,0.06363088057901067,,,-0.06793349168646068,,
GIPCL,2025-04-25,False,A. Fundamentals Remained Healthy,-0.16259946949602122,,,-0.20860855441256088,,
GIPCL,2026-09-16,False,A. Fundamentals Remained Healthy,,,,,,
GLAND,2022-05-09,False,A. Fundamentals Remained Healthy,-0.542327868852459,-0.5358688524590165,,,,
GLAXO,2019-06-13,True,B. Fundamentals Improved,0.11457917033010956,0.22496203341059862,1.1227319958436577,0.2412633305988514,0.18949958982772763,1.314971287940935
GLAXO,2022-11-07,True,A. Fundamentals Remained Healthy,0.05680297397769518,0.9371747211895911,,0.28882610958293076,0.875994349862464,
GLAXO,2025-12-30,False,A. Fundamentals Remained Healthy,,,,,,
GLOBUSSPR,2022-02-14,False,A. Fundamentals Remained Healthy,-0.3618432026688908,-0.2879482902418682,,-0.41244695898161243,-0.39770155586987277,
GMBREW,2018-02-06,False,A. Fundamentals Remained Healthy,-0.29148391812865504,-0.3562682748538012,-0.16483918128654973,-0.3431413178615831,-0.441193535018649,-0.2384583506009118
GMBREW,2022-02-14,False,A. Fundamentals Remained Healthy,-0.09509569377990434,0.41327751196172247,,-0.21580357142857143,0.13857142857142857,
GMBREW,2023-09-12,False,A. Fundamentals Remained Healthy,0.7323340471092075,0.7732139380961649,,0.49501569134207113,,
GMBREW,2025-01-13,False,A. Fundamentals Remained Healthy,0.48914951892689085,,,0.5505847953216374,,
GMBREW,2026-06-25,True,A. Fundamentals Remained Healthy,,,,,,
GMDCLTD,2022-09-15,False,B. Fundamentals Improved,0.8813559322033899,2.6528683181225556,,1.065487884741323,2.9322200392927313,
GMDCLTD,2024-03-13,False,A. Fundamentals Remained Healthy,-0.22799382716049388,,,-0.32662519819490177,,
GMRP&UI,2023-09-12,False,D. Fundamentals Structurally Deteriorated,3.017867435158501,1.7109510086455328,,2.4638235294117647,,
GNA,2018-07-20,False,B. Fundamentals Improved,-0.3686067019400352,0.26984126984127,1.2968002015621063,-0.3779182879377432,0.9793287937743191,1.5595817120622568
GNA,2021-11-09,False,B. Fundamentals Improved,-0.13897908819327187,0.06533316015066903,,-0.04189189189189191,0.09054054054054061,
GNA,2023-05-03,False,A. Fundamentals Remained Healthy,0.07472384665367127,0.09421702404158538,,-0.03574097135740972,-0.07484433374844335,
GNA,2024-05-09,False,A. Fundamentals Remained Healthy,-0.22818709120078984,,,-0.22690531177829099,,
GNFC,2018-06-28,True,A. Fundamentals Remained Healthy,-0.44188911704312117,-0.07748117727583848,0.5197809719370294,-0.5285016286644951,-0.22068403908794798,0.3153792461610052
GNFC,2022-06-08,False,A. Fundamentals Remained Healthy,-0.07794612794612787,-0.06784511784511782,,-0.05699013157894728,-0.11907894736842106,
GOCOLORS,2024-05-06,True,A. Fundamentals Remained Healthy,-0.12488769092542684,,,-0.207563143784394,,
GODFRYPHLP,2019-06-03,True,B. Fundamentals Improved,0.11147540983606552,0.32131147540983607,3.0918032786885243,0.06688963210702337,0.3210702341137124,3.953177257525083
GODFRYPHLP,2024-11-21,False,B. Fundamentals Improved,0.4765848670756645,,,0.20963455149501664,,
GODFRYPHLP,2025-12-05,False,B. Fundamentals Improved,,,,,,
GODREJAGRO,2022-06-06,True,A. Fundamentals Remained Healthy,-0.15291262135922334,0.5859223300970873,,-0.10778097982708934,0.4798270893371759,
GODREJAGRO,2025-11-07,True,B. Fundamentals Improved,,,,,,
GODREJCP,2022-06-28,False,A. Fundamentals Remained Healthy,0.3619108280254777,0.49859872611464984,,0.3532525510204083,0.5030612244897961,
GODREJCP,2026-03-12,False,A. Fundamentals Remained Healthy,,,,,,
GOKULAGRO,2017-10-17,True,A. Fundamentals Remained Healthy,-0.5,-0.43220338983050854,2.385593220338983,-0.4285714285714286,-0.38928571428571423,3.7785714285714294
GOKULAGRO,2020-06-24,False,B. Fundamentals Improved,1.4756097560975614,5.5548780487804885,16.682926829268293,1.3641975308641974,5.740740740740741,19.30246913580247
GOKULAGRO,2022-06-17,True,A. Fundamentals Remained Healthy,0.14046121593291394,1.9853249475890986,,0.16101694915254217,2.484110169491525,
GOKULAGRO,2023-07-10,False,A. Fundamentals Remained Healthy,0.6695238095238096,3.0533333333333337,,1.0920353982300885,3.3130973451327437,
GOKULAGRO,2026-01-21,False,B. Fundamentals Improved,,,,,,
GOODLUCK,2022-05-31,False,A. Fundamentals Remained Healthy,0.7158351409978305,2.4002169197396963,,0.5494845360824743,2.343298969072165,
GOODLUCK,2024-03-13,False,B. Fundamentals Improved,-0.18181818181818177,,,-0.24236817761332108,,
GOODLUCK,2025-05-22,False,A. Fundamentals Remained Healthy,0.5755679947316432,,,0.3788819875776397,,
GPIL,2018-06-01,False,B. Fundamentals Improved,-0.41355140186915884,1.25,2.35981308411215,-0.5753424657534245,2.812785388127854,4.0
GPIL,2021-08-20,False,B. Fundamentals Improved,0.03082191780821919,2.4049657534246576,3.214041095890411,-0.16403310759969914,1.8848758465011284,
GPIL,2022-12-21,True,A. Fundamentals Remained Healthy,1.019117647058824,2.548529411764706,,0.706404565630945,2.159797083069119,
GPPL,2020-08-31,True,A. Fundamentals Remained Healthy,0.30365150544522757,0.664317745035234,0.9524663677130043,0.30320512820512824,0.6647435897435896,0.9530769230769232
GPPL,2024-11-19,False,A. Fundamentals Remained Healthy,0.006425470332851013,,,-0.03806474564212026,,
GPPL,2025-11-27,False,B. Fundamentals Improved,,,,,,
GPTHEALTH,2025-05-05,False,A. Fundamentals Remained Healthy,-0.0628769997377393,,,-0.08866045615162232,,
GPTHEALTH,2026-06-11,False,A. Fundamentals Remained Healthy,,,,,,
GPTINFRA,2018-02-06,False,A. Fundamentals Remained Healthy,-0.7649082568807339,-0.7465596330275229,-0.375,-0.7339449541284404,-0.7920489296636086,-0.5249745158002038
GPTINFRA,2024-10-07,False,A. Fundamentals Remained Healthy,-0.18015211879753712,,,-0.2730901955477366,,
GRANULES,2019-06-12,True,B. Fundamentals Improved,0.9113984674329503,1.4779693486590038,3.5340038314176248,2.2055837563451774,2.1888324873096447,5.588832487309645
GRANULES,2021-03-18,False,B. Fundamentals Improved,0.028688524590164022,0.37540983606557377,0.8754098360655738,-0.051358614511794576,0.35114959689459546,0.9229620782323082
GRANULES,2022-03-31,False,A. Fundamentals Remained Healthy,-0.0530944625407167,0.5724755700325732,,0.12129786832673073,0.8747406149783059,
GRAVITA,2018-08-24,True,A. Fundamentals Remained Healthy,-0.7260900140646975,0.2542194092827006,4.224331926863573,,,
GRAVITA,2022-05-12,False,B. Fundamentals Improved,1.14711429649189,6.15880799698227,,1.1104933981931895,5.5277970813064625,
GRAVITA,2024-03-12,False,A. Fundamentals Remained Healthy,0.9701373558989455,,,0.820051282051282,,
GREENPLY,2022-05-31,False,A. Fundamentals Remained Healthy,-0.13194444444444442,0.7975000000000001,,-0.028080697928026255,0.688113413304253,
GRINDWELL,2020-03-19,False,A. Fundamentals Remained Healthy,0.8011615628299895,2.8310454065469903,2.3964097148891237,0.6391621129326046,2.389799635701275,2.122768670309654
GRINDWELL,2026-07-07,False,A. Fundamentals Remained Healthy,,,,,,
GRINFRA,2024-02-28,True,A. Fundamentals Remained Healthy,-0.17188017212843432,,,,,
GRWRHITECH,2025-07-08,False,A. Fundamentals Remained Healthy,0.8200373532550693,,,1.0569704894647685,,
GUFICBIO,2018-07-17,False,A. Fundamentals Remained Healthy,-0.38421052631578945,0.6140350877192982,0.8850877192982456,-0.5177705977382876,0.584410339256866,1.1110662358642975
GUFICBIO,2022-06-20,True,A. Fundamentals Remained Healthy,0.12896969696969696,0.7381818181818183,,0.426463700234192,0.7447306791569086,
GUJGASLTD,2018-09-19,False,A. Fundamentals Remained Healthy,0.2403669724770643,3.683302752293578,2.3262385321100916,0.6896686159844054,4.148148148148148,2.380506822612086
GUJGASLTD,2020-03-23,False,A. Fundamentals Remained Healthy,1.392790262172285,1.299859550561798,0.9475655430711611,0.968148148148148,0.7166666666666666,0.6668518518518518
GUJGASLTD,2022-03-03,False,A. Fundamentals Remained Healthy,-0.018593448940269708,-0.2832369942196532,,-0.09061277705345494,-0.13587260197429685,
GUJGASLTD,2024-11-18,False,A. Fundamentals Remained Healthy,-0.10331858407079642,,,-0.13269058741675777,,
GULFOILLUB,2018-09-17,False,A. Fundamentals Remained Healthy,0.12349847412505688,-0.2083630933056294,-0.2732290111031751,0.13027704485488134,-0.21860158311345657,-0.19755936675461738
GULFOILLUB,2020-02-17,False,A. Fundamentals Remained Healthy,-0.008994708994708889,-0.4208994708994709,0.4359126984126984,,,
GULFOILLUB,2021-08-06,False,A. Fundamentals Remained Healthy,-0.3073330219523587,0.7768955316830142,0.8365249883232135,-0.3052755376344086,0.9879032258064515,
GULFOILLUB,2024-11-21,False,B. Fundamentals Improved,0.1368828654404648,,,0.011901747277791808,,
GULFOILLUB,2026-01-23,False,A. Fundamentals Remained Healthy,,,,,,
GULPOLY,2017-10-31,False,A. Fundamentals Remained Healthy,-0.35759717314487627,-0.24028268551236753,1.8961130742049472,-0.33357142857142863,-0.2371428571428572,1.9714285714285715
GULPOLY,2020-08-17,False,A. Fundamentals Remained Healthy,3.949519230769231,3.6887019230769234,3.0146634615384613,,,
GULPOLY,2022-02-22,False,A. Fundamentals Remained Healthy,-0.2089340101522842,-0.2911269035532995,,-0.3937695731003791,-0.4872259765946926,
GVPIL,2018-09-19,True,B. Fundamentals Improved,0.010821917808219172,-0.5772602739726027,-0.7599315068493151,-0.11963247702981439,-0.6006000375023439,-0.7735483467716733
GVPIL,2019-10-10,True,A. Fundamentals Remained Healthy,-0.4281437125748504,-0.7884695724829411,-0.47054727753794734,-0.6198538949955623,-0.7756537174848092,-0.4009012084385881
GVPIL,2026-03-04,False,B. Fundamentals Improved,,,,,,
HAL,2025-01-13,False,A. Fundamentals Remained Healthy,0.1701445466491458,,,0.0035629453681709222,,
HAL,2026-02-24,False,A. Fundamentals Remained Healthy,,,,,,
HAPPSTMNDS,2022-02-08,False,A. Fundamentals Remained Healthy,-0.23831818181818176,-0.3810454545454546,,-0.29636441402908476,-0.44914456800684344,
HAPPYFORGE,2025-02-17,False,A. Fundamentals Remained Healthy,0.41500167429400614,,,0.7240708072267168,,
HARIOMPIPE,2024-02-28,False,A. Fundamentals Remained Healthy,-0.31361003861003856,,,-0.3459994648113459,,
HARSHA,2024-03-27,False,A. Fundamentals Remained Healthy,0.015336590662323735,,,-0.0822222222222222,,
HATSUN,2025-01-06,False,A. Fundamentals Remained Healthy,-0.016053169734151385,,,-0.1175262655205348,,
HAVELLS,2020-03-18,True,A. Fundamentals Remained Healthy,0.8963888888888889,1.1716666666666669,1.7076851851851855,0.8103290676416819,1.2405850091407675,1.9667276051188298
HAVELLS,2025-02-27,False,B. Fundamentals Improved,-0.02844228094575807,,,-0.1484868421052632,,
HBLENGINE,2025-01-27,False,A. Fundamentals Remained Healthy,0.38273663560568916,,,0.282135922330097,,
HBLENGINE,2026-06-08,True,A. Fundamentals Remained Healthy,,,,,,
HCLTECH,2020-03-18,True,A. Fundamentals Remained Healthy,1.2624731439484367,1.60408211983767,2.6885891620911915,0.7041706161137442,1.0237914691943129,1.9744075829383885
HCLTECH,2022-06-17,False,B. Fundamentals Improved,0.17880829015544042,0.7854922279792746,,0.19650210991916217,0.5099903401291372,
HCLTECH,2025-04-07,False,B. Fundamentals Improved,0.04463768115942024,,,-0.1989968652037618,,
HCLTECH,2026-04-22,False,A. Fundamentals Remained Healthy,,,,,,
HDFCAMC,2020-03-12,False,A. Fundamentals Remained Healthy,0.4141274238227146,-0.20960295475530932,0.744690674053555,0.02799263351749537,-0.3465930018416207,0.6427255985267035
HDFCAMC,2021-10-28,False,A. Fundamentals Remained Healthy,-0.21450265755504938,0.6469248291571754,,,,
HDFCLIFE,2019-01-18,False,A. Fundamentals Remained Healthy,0.5583485282625684,0.7560562646522533,0.5800989841104456,0.4971037388099,0.3730911005792521,0.6068983675618744
HEIDELBERG,2018-06-27,True,B. Fundamentals Improved,0.48793363499245856,0.8947963800904979,0.29072398190045257,0.32966666666666655,0.7366666666666666,0.15833333333333344
HEIDELBERG,2020-03-17,True,B. Fundamentals Improved,0.506218487394958,0.10151260504201676,0.26836974789915957,0.5190322580645161,0.11193548387096763,0.26232258064516123
HEIDELBERG,2022-02-22,True,A. Fundamentals Remained Healthy,-0.14455395501642654,0.025120040434672752,,-0.20412621359223304,-0.05951456310679604,
HERITGFOOD,2022-01-24,True,A. Fundamentals Remained Healthy,-0.08004240657301875,1.3093029419560032,,-0.01396973224679865,1.3108265424912688,
HERITGFOOD,2024-11-08,False,B. Fundamentals Improved,-0.04604416278839485,,,,,
HEROMOTOCO,2024-12-20,False,B. Fundamentals Improved,0.3057273768613975,,,0.24490950226244346,,
HESTERBIO,2020-01-10,True,A. Fundamentals Remained Healthy,0.20402358654179675,0.23701005896635463,0.6342351716961498,0.05238776271608003,0.0885151100609376,0.38539982589230193
HESTERBIO,2026-07-23,True,A. Fundamentals Remained Healthy,,,,,,
HGINFRA,2019-07-22,True,A. Fundamentals Remained Healthy,-0.23927125506072877,1.3585020242914978,6.039676113360324,-0.10846812559467167,1.7749762131303521,6.084205518553758
HGINFRA,2020-08-28,True,B. Fundamentals Improved,1.5831202046035804,3.2455242966751916,3.5305742850499877,1.8662232076866228,3.8110372012811036,3.897018970189702
HGINFRA,2021-12-20,False,B. Fundamentals Improved,-0.012521008403361455,1.5099159663865547,,0.0848331086973757,1.203440894315389,
HINDALCO,2022-11-17,True,A. Fundamentals Remained Healthy,0.1299659477866062,0.832349602724177,,0.29445250586002913,0.9486549838151579,
HINDCOPPER,2018-02-02,False,A. Fundamentals Remained Healthy,-0.3959731543624161,-0.13892617449664424,0.5865771812080538,-0.3242506811989101,0.9591280653950953,0.369209809264305
HINDCOPPER,2026-03-12,False,B. Fundamentals Improved,,,,,,
HINDPETRO,2018-03-22,True,A. Fundamentals Remained Healthy,-0.21569537961458085,-0.3141397724634316,-0.2888321337357789,-0.05550074000986682,-0.07893438579181056,-0.14997533300444
HINDPETRO,2022-05-18,True,D. Fundamentals Structurally Deteriorated,0.05835543766578244,1.685013262599469,,0.27004909983633385,1.9322422258592469,
HINDPETRO,2025-02-14,False,A. Fundamentals Remained Healthy,0.445865984327523,,,-0.13975741239892192,,
HINDPETRO,2026-09-08,True,A. Fundamentals Remained Healthy,,,,,,
HINDUNILVR,2026-03-19,False,A. Fundamentals Remained Healthy,,,,,,
HINDZINC,2019-06-14,False,A. Fundamentals Remained Healthy,-0.2579137454854472,0.19205438708306777,1.9243679626088803,,,
HINDZINC,2020-09-08,False,A. Fundamentals Remained Healthy,0.5667141500474833,0.520417853751187,1.0683760683760686,0.5039945217986759,0.46062542798447836,0.988587080575211
HINDZINC,2022-06-13,True,B. Fundamentals Improved,0.09931259044862539,0.8713820549927642,,0.14477351916376313,0.5203832752613242,
HIRECT,2018-07-06,False,A. Fundamentals Remained Healthy,0.05982905982905984,0.3470085470085469,1.6222222222222222,0.014423076923076872,0.27724358974358987,1.5865384615384617
HIRECT,2019-07-30,False,A. Fundamentals Remained Healthy,-0.01864406779661021,0.5016949152542372,5.249152542372881,-0.08809891808346215,0.4049459041731067,5.321483771251931
HIRECT,2021-08-27,False,A. Fundamentals Remained Healthy,-0.07343412526997839,4.244060475161987,12.464362850971922,0.23963599595551055,4.1445904954499495,
HIRECT,2022-09-14,False,A. Fundamentals Remained Healthy,0.8410256410256409,7.527179487179486,,1.7580504786771103,5.7293298520452565,
HIRECT,2024-03-14,False,A. Fundamentals Remained Healthy,0.5107078039927404,,,0.5870759289176091,,
HIRECT,2025-11-21,True,A. Fundamentals Remained Healthy,,,,,,
HLEGLAS,2022-03-07,False,A. Fundamentals Remained Healthy,-0.4885208343277171,-0.7581213307240704,,,,
HNDFDS,2021-08-18,False,A. Fundamentals Remained Healthy,0.14317302377003882,0.5831951354339413,0.6817302377003871,0.06813056379821947,0.3581008902077152,0.562492581602374
HNDFDS,2023-03-27,False,B. Fundamentals Improved,-0.027805967119951314,0.03237264055206013,,-0.09392361111111114,-0.14175347222222223,
HONAUT,2018-03-19,False,B. Fundamentals Improved,0.4538140457402615,1.9640880070784585,1.2927988527108325,0.3250630919026387,1.7579726567238363,1.1023050364054328
HONAUT,2020-03-18,False,A. Fundamentals Remained Healthy,0.7532003891050583,0.35614591439688703,0.30667509727626463,0.5902626732720959,0.4731694574235119,0.4128553907491874
HONAUT,2024-11-13,False,A. Fundamentals Remained Healthy,-0.1594082840236687,,,-0.20316228285998128,,
HSCL,2018-05-31,False,B. Fundamentals Improved,-0.24285714285714288,-0.6176691729323308,-0.0530075187969925,-0.22670375521557729,-0.6269123783031989,-0.09944367176634217
HSCL,2024-11-21,False,B. Fundamentals Improved,-0.07834728033472804,,,-0.15394056281230828,,
HSCL,2025-12-23,True,A. Fundamentals Remained Healthy,,,,,,
HUHTAMAKI,2018-07-16,False,A. Fundamentals Remained Healthy,0.00819672131147553,0.23185011709601877,0.1424668227946917,-0.232692634801837,0.0367409423371321,-0.10239836706922933
HUHTAMAKI,2019-10-30,False,A. Fundamentals Remained Healthy,0.04796116504854386,-0.15203883495145631,0.1064077669902912,0.2443616801158699,-0.22284295468653004,0.0893854748603351
HUHTAMAKI,2021-10-25,False,A. Fundamentals Remained Healthy,-0.07330279050395672,0.23760932944606417,,,,
HUHTAMAKI,2023-04-27,False,A. Fundamentals Remained Healthy,0.35616740088105736,-0.20726872246696038,,,,
HUHTAMAKI,2024-10-24,False,A. Fundamentals Remained Healthy,-0.11235353197187814,,,,,
HUHTAMAKI,2026-07-27,False,A. Fundamentals Remained Healthy,,,,,,
ICEMAKE,2024-02-12,False,A. Fundamentals Remained Healthy,0.48201663201663214,,,0.6369201339072215,,
ICEMAKE,2025-02-19,False,A. Fundamentals Remained Healthy,0.1798582182269972,,,0.11154362416107388,,
ICRA,2018-07-19,True,A. Fundamentals Remained Healthy,0.028755672319082937,0.2135657989013613,0.7336836239152933,-0.028909090909090884,0.13707575757575752,0.7069242424242426
ICRA,2025-02-27,False,B. Fundamentals Improved,0.03662193567733696,,,-0.032318376068376065,,
ICRA,2026-03-13,True,A. Fundamentals Remained Healthy,,,,,,
IEX,2022-02-08,False,B. Fundamentals Improved,-0.38334449653940617,-0.18624693011832993,,-0.3914431673052363,-0.24193273733503629,
IEX,2024-11-08,False,B. Fundamentals Improved,-0.18009868421052633,,,-0.23275302768166095,,
IFBIND,2025-06-12,True,B. Fundamentals Improved,-0.18234920634920637,,,-0.08713585975766935,,
IGL,2018-10-03,True,A. Fundamentals Remained Healthy,0.45879917184265007,1.1855072463768113,0.9122153209109731,0.4563034585347714,0.7746374116772035,0.43399033097805906
IGL,2020-10-12,True,A. Fundamentals Remained Healthy,0.3624197002141327,0.2799785867237685,0.15802997858672363,0.15476772616136913,-0.0655256723716382,0.043863080684596545
IGL,2022-08-19,True,A. Fundamentals Remained Healthy,0.06480582524271838,-0.004854368932038833,,0.08285714285714296,-0.03685714285714292,
IGL,2024-11-18,True,A. Fundamentals Remained Healthy,0.26796352583586636,,,-0.06186274509803924,,
IIFLCAPS,2024-11-13,False,A. Fundamentals Remained Healthy,0.013652960787426505,,,-0.14931025155531508,,
IIFLCAPS,2025-12-01,False,A. Fundamentals Remained Healthy,,,,,,
IMFA,2017-12-06,True,A. Fundamentals Remained Healthy,-0.5781305114638449,-0.4576719576719577,-0.050617283950617376,-0.6051976346093993,-0.5826330532212886,-0.18051665110488635
IMFA,2021-08-23,False,B. Fundamentals Improved,-0.16186830015313947,1.1379785604900459,3.259111791730475,-0.21978021978021978,0.8902507748661597,2.7125950972104818
INDHOTEL,2026-03-06,True,A. Fundamentals Remained Healthy,,,,,,
INDIAMART,2021-05-11,True,A. Fundamentals Remained Healthy,-0.38291428571428565,-0.23834285714285708,-0.41000000000000003,-0.46613850566862447,-0.27703865592132215,-0.4745253380685699
INDIAMART,2024-11-12,True,B. Fundamentals Improved,0.08506812815458265,,,,,
INDIAMART,2025-12-10,True,A. Fundamentals Remained Healthy,,,,,,
INDIANHUME,2018-01-24,True,A. Fundamentals Remained Healthy,-0.22643077653763954,-0.5440512942293992,-0.6491332225124673,,,
INDNIPPON,2018-02-02,False,B. Fundamentals Improved,-0.18133333333333324,-0.29958974358974366,-0.2249230769230769,-0.10712882953652791,-0.27278083267871167,-0.31893165750196384
INDNIPPON,2020-01-17,True,A. Fundamentals Remained Healthy,-0.13457104720300928,-0.07972333454677838,0.5655867006431259,-0.027972972972973076,-0.002027027027027062,0.6528378378378377
INDNIPPON,2026-01-16,False,B. Fundamentals Improved,,,,,,
INDOBORAX,2023-06-21,True,A. Fundamentals Remained Healthy,0.36926623127160974,1.7756434882827508,,0.5441187964048455,2.7596717467760845,
INDOTHAI,2022-01-27,False,A. Fundamentals Remained Healthy,0.2314540059347181,4.637982195845697,,-0.17816091954022972,4.724137931034483,
INDRAMEDCO,2020-02-10,True,B. Fundamentals Improved,0.23448275862068968,0.9275862068965517,9.371264367816092,0.34275184275184256,1.076167076167076,9.399262899262899
INDRAMEDCO,2022-09-15,False,B. Fundamentals Improved,1.2730471498944405,5.922589725545391,,1.314285714285714,7.265934065934065,
INDRAMEDCO,2025-02-14,False,B. Fundamentals Improved,0.06542532840198945,,,-0.0650831353919239,,
INDUSTOWER,2018-02-14,False,B. Fundamentals Improved,-0.09693102400486187,-0.24232756001215439,-0.49969614099058035,-0.09763484280357648,-0.30444188058840493,-0.5719642342082492
INDUSTOWER,2020-06-08,True,A. Fundamentals Remained Healthy,0.11404457909543364,-0.319411382817572,0.7126163168145421,,,
INFOBEAN,2018-06-21,False,A. Fundamentals Remained Healthy,0.06209150326797386,4.065359477124183,6.496732026143791,0.0064102564102563875,4.884615384615384,6.55448717948718
INFOBEAN,2020-06-24,False,B. Fundamentals Improved,1.8830188679245285,3.2981132075471704,2.5339622641509436,3.6498054474708175,3.752918287937743,4.511673151750973
INFOBEAN,2021-08-23,False,B. Fundamentals Improved,0.8771310993533217,0.2510288065843622,0.8244562022339799,0.3843520782396088,-0.014669926650366705,
INFOBEAN,2022-09-21,False,A. Fundamentals Remained Healthy,-0.21899999999999997,-0.1413333333333333,,-0.29517241379310344,0.038275862068965605,
INFOBEAN,2025-06-03,True,B. Fundamentals Improved,0.9164514317798989,,,0.7924145299145302,,
INFY,2022-09-23,False,B. Fundamentals Improved,0.08393382352941181,0.10257352941176467,,-0.04473509933774833,-0.02549668874172184,
INFY,2023-10-26,True,A. Fundamentals Remained Healthy,0.3654896784365489,,,0.25703480101315024,,
INFY,2025-04-07,True,A. Fundamentals Remained Healthy,-0.06401118099231295,,,-0.29129894344313245,,
INOXINDIA,2025-01-13,False,A. Fundamentals Remained Healthy,0.10484189723320148,,,0.15972495088408634,,
INSECTICID,2018-06-28,True,B. Fundamentals Improved,-0.05347359193513046,0.06476002629848776,-0.02268244575936884,-0.029679631415407637,0.0795028393871211,-0.08561020036429867
INSECTICID,2019-07-19,True,A. Fundamentals Remained Healthy,-0.3434389140271493,0.4071266968325793,0.7238687782805431,-0.3311317586477107,0.48404791223553123,0.6769282435911788
INSECTICID,2023-02-22,False,A. Fundamentals Remained Healthy,-0.02360922659430109,0.12844866576209868,,0.16283241874208532,0.5160405234276064,
INSECTICID,2025-09-24,True,A. Fundamentals Remained Healthy,-0.20257595772787318,,,,,
INTELLECT,2019-09-23,True,D. Fundamentals Structurally Deteriorated,0.048737373737373746,1.838888888888889,3.9356060606060606,,,
INTELLECT,2021-08-20,True,B. Fundamentals Improved,-0.07717219589257507,0.5638230647709321,0.07180094786729874,-0.2195839311334289,0.4020803443328551,-0.07065997130559543
IOC,2018-04-13,True,A. Fundamentals Remained Healthy,-0.0684055118110235,-0.5078740157480315,-0.3110236220472441,-0.053445850914205395,-0.38584153774027197,-0.23066104078762317
IOC,2021-09-06,True,B. Fundamentals Improved,-0.05572289156626509,1.7310240963855419,1.0353915662650603,,,
IOC,2022-09-22,True,D. Fundamentals Structurally Deteriorated,0.45903010033444813,1.4799331103678934,,0.5886126704089816,1.7004009623095429,
IOC,2024-11-13,False,D. Fundamentals Structurally Deteriorated,0.27269372693726934,,,,,
IOC,2026-09-15,True,A. Fundamentals Remained Healthy,,,,,,
IPCALAB,2022-02-14,True,A. Fundamentals Remained Healthy,-0.09664893617021275,0.586063829787234,,-0.24357487922705312,0.2731400966183575,
IRCON,2024-02-12,False,B. Fundamentals Improved,-0.08589580686149945,,,-0.18707810993249763,,
IRCTC,2020-11-17,False,A. Fundamentals Remained Healthy,2.30989010989011,1.5910256410256411,1.611904761904762,1.989498042007832,2.0647917408330367,1.4266642933428266
IRCTC,2022-01-18,False,A. Fundamentals Remained Healthy,-0.2586566299942097,-0.09762594093804278,,-0.2883970489604293,-0.12921976302257998,
IRCTC,2024-11-18,False,A. Fundamentals Remained Healthy,-0.11582914572864322,,,-0.21654970760233916,,
ITC,2020-02-01,True,A. Fundamentals Remained Healthy,0.0044186046511627275,0.6388372093023258,1.0288372093023255,0.0899024518850513,1.1099393619825992,1.2167150013182177
ITC,2026-01-01,True,B. Fundamentals Improved,,,,,,
ITDC,2023-05-31,True,B. Fundamentals Improved,1.0086233446258088,0.652448413920542,,,,
ITDC,2024-10-07,True,A. Fundamentals Remained Healthy,0.03981907761893244,,,-0.10925925925925917,,
ITDC,2026-06-08,False,A. Fundamentals Remained Healthy,,,,,,
JAGSNPHARM,2021-08-23,False,B. Fundamentals Improved,1.7209302325581395,1.7209302325581395,3.307155635062612,1.3259587020648969,1.4918879056047198,2.506194690265487
JAGSNPHARM,2023-03-24,False,B. Fundamentals Improved,-0.060902896081771796,0.551533219761499,,-0.03472222222222221,0.47044753086419755,
JAGSNPHARM,2024-05-03,False,A. Fundamentals Remained Healthy,0.7494574728736438,,,0.7875382262996939,,
JAGSNPHARM,2025-06-04,True,A. Fundamentals Remained Healthy,-0.1015676749834401,,,0.04571428571428582,,
JAMNAAUTO,2023-03-28,True,B. Fundamentals Improved,0.3978947368421053,0.2275789473684211,,0.3063583815028901,0.18420038535645467,
JAMNAAUTO,2024-11-14,True,A. Fundamentals Remained Healthy,0.07477095852625348,,,,,
JAYBARMARU,2017-11-13,False,A. Fundamentals Remained Healthy,-0.34489402697495186,-0.5703275529865125,-0.32707129094412335,-0.44265232974910385,-0.5456989247311828,-0.3915770609318996
JAYBARMARU,2026-08-07,True,A. Fundamentals Remained Healthy,,,,,,
JGCHEM,2025-11-18,True,A. Fundamentals Remained Healthy,,,,,,
JINDALSAW,2025-01-06,False,A. Fundamentals Remained Healthy,-0.3611473272490221,,,-0.38923076923076916,,
JKCEMENT,2022-03-03,False,A. Fundamentals Remained Healthy,0.06500495151254704,0.6624936938283601,,0.04599073414112631,0.710334996436208,
JKCEMENT,2026-08-19,False,A. Fundamentals Remained Healthy,,,,,,
JKIL,2022-10-17,False,B. Fundamentals Improved,0.967313369886124,1.6067060312104595,,0.5261324041811846,1.140766550522648,
JKIL,2025-03-03,False,B. Fundamentals Improved,-0.23763551475824962,,,-0.32316376107459277,,
JKLAKSHMI,2020-08-14,True,B. Fundamentals Improved,1.44426318651441,1.2905564618452057,2.2950879100960666,1.5241716458446497,1.3831251131631364,2.40322288611262
JKLAKSHMI,2021-12-17,True,A. Fundamentals Remained Healthy,0.5499553172475424,0.5419124218051832,,0.26317506934247037,0.3005384238864417,
JKLAKSHMI,2024-11-12,False,A. Fundamentals Remained Healthy,0.20014301036825177,,,-0.033867073325708485,,
JKTYRE,2024-06-04,True,A. Fundamentals Remained Healthy,-0.031306832943621576,,,-0.18045977011494252,,
JMFINANCIL,2018-03-07,False,A. Fundamentals Remained Healthy,-0.35198487712665405,-0.29981096408317587,-0.5100189035916824,-0.38068579426172156,-0.43911826452064384,-0.5801259622113366
JPOLYINVST,2022-12-14,True,A. Fundamentals Remained Healthy,0.5673255813953488,1.5723255813953485,,0.5569735642661806,1.2682062189810597,
JPOLYINVST,2026-07-23,True,A. Fundamentals Remained Healthy,,,,,,
JSL,2022-05-11,False,B. Fundamentals Improved,1.0441836382464622,3.2112530203658958,,2.1582115219260536,4.817282889079966,
JSLL,2025-02-17,False,A. Fundamentals Remained Healthy,1.1543040293040292,,,0.5280856423173803,,
JSLL,2026-06-01,True,A. Fundamentals Remained Healthy,,,,,,
JSWDULUX,2022-06-14,True,B. Fundamentals Improved,0.36364403205398577,0.8210600309292846,,0.344933384930068,0.8880535131848084,
JSWDULUX,2025-02-14,False,A. Fundamentals Remained Healthy,-0.06434631820152359,,,-0.19268693508627777,,
JSWSTEEL,2018-12-10,True,B. Fundamentals Improved,-0.12816950329975674,1.3414379993053145,1.935394234109066,-0.09568709621093074,1.176008381351493,1.8924393225074208
JSWSTEEL,2022-05-23,False,D. Fundamentals Structurally Deteriorated,0.28263047636396754,0.8318608252117679,,0.3618845500848895,0.7638370118845503,
JUBLCPL,2026-07-08,True,A. Fundamentals Remained Healthy,,,,,,
JUBLFOOD,2018-10-25,True,B. Fundamentals Improved,0.4233644859813086,2.430841121495327,1.472429906542056,0.30004084967320255,2.057393790849673,1.1292892156862746
JUBLFOOD,2020-03-17,True,A. Fundamentals Remained Healthy,1.1906488549618324,0.6286259541984733,1.3612595419847326,0.8656451612903227,0.4890322580645161,1.2848387096774192
JUSTDIAL,2019-11-01,True,B. Fundamentals Improved,0.0585106382978724,0.11586879432624109,0.954078014184397,0.03802184774324657,0.006097044626979242,0.758235244305191
JUSTDIAL,2020-11-11,True,A. Fundamentals Remained Healthy,0.33053051317614446,0.2359570041608876,0.29325589459084633,0.25229067930489735,0.2708530805687204,0.14352290679304902
JYOTHYLAB,2024-11-18,False,A. Fundamentals Remained Healthy,-0.2573176583493282,,,-0.3758164165931156,,
JYOTICNC,2025-01-28,True,B. Fundamentals Improved,-0.1528071766958976,,,-0.31316446334473513,,
KAJARIACER,2022-03-04,False,B. Fundamentals Improved,0.16578919093155675,-0.07703878800902553,,0.22028160722170442,-0.03728597360545549,
KAJARIACER,2025-01-07,True,A. Fundamentals Remained Healthy,-0.07504707665457222,,,,,
KAJARIACER,2026-06-04,True,A. Fundamentals Remained Healthy,,,,,,
KALYANKJIL,2025-06-02,False,B. Fundamentals Improved,-0.3656696308272702,,,-0.30410757045496406,,
KANSAINER,2025-01-13,True,A. Fundamentals Remained Healthy,-0.05967611336032397,,,-0.3030923526953615,,
KCP,2018-05-30,True,D. Fundamentals Structurally Deteriorated,-0.23470661672908866,-0.12734082397003754,-0.14481897627965046,-0.3009090909090909,0.4713636363636362,0.0513636363636365
KCP,2021-12-21,True,A. Fundamentals Remained Healthy,-0.051724137931034475,1.131551724137931,,-0.15666666666666673,0.7022962962962964,
KDDL,2019-06-14,True,D. Fundamentals Structurally Deteriorated,-0.6371671514880286,0.5256209442828372,4.948422465876035,,,
KDDL,2022-08-02,False,B. Fundamentals Improved,0.9392004773269689,2.1261336515513123,,,,
KDDL,2024-10-22,True,A. Fundamentals Remained Healthy,-0.005884615384615488,,,-0.11608416547788869,,
KEC,2018-08-08,True,B. Fundamentals Improved,-0.06483870967741945,0.3377419354838709,1.0885483870967745,-0.09499999999999997,0.562,1.0943333333333332
KEC,2020-01-06,False,A. Fundamentals Remained Healthy,0.24720394736842088,0.5789473684210527,2.932565789473684,,,
KEC,2025-01-22,False,B. Fundamentals Improved,-0.25320913325002836,,,-0.3420878260345762,,
KEI,2018-09-24,True,B. Fundamentals Improved,0.572337278106509,1.6619822485207099,6.146005917159763,0.5713692946058091,1.595020746887967,5.832918395573997
KEI,2020-03-12,True,A. Fundamentals Remained Healthy,0.4158557527189468,3.522610188895249,7.667572982255296,1.0800266755585195,5.8622874291430485,10.990663554518173
KEI,2025-02-12,False,A. Fundamentals Remained Healthy,0.3050510218583895,,,0.5489705836960213,,
KERNEX,2025-07-22,False,B. Fundamentals Improved,1.0005466970387245,,,0.8935325903411007,,
KERNEX,2026-08-17,True,A. Fundamentals Remained Healthy,,,,,,
KINGFA,2022-09-20,False,B. Fundamentals Improved,1.0216740088105727,2.8801762114537444,,1.0402575107296137,2.835965665236051,
KINGFA,2024-03-06,True,B. Fundamentals Improved,0.637324433319427,,,0.663321771823453,,
KINGFA,2025-03-17,False,B. Fundamentals Improved,0.5051067612430382,,,0.4427616318733798,,
KIRIINDUS,2018-03-07,False,B. Fundamentals Improved,-0.004856512141280356,0.016004415011037443,-0.21766004415011042,0.13718609496655332,0.014584932558394659,-0.3629783967540301
KIRIINDUS,2020-07-16,False,A. Fundamentals Remained Healthy,0.2451308900523559,-0.43109947643979063,0.196544502617801,-0.04805170475833642,-0.4839827650805545,0.167291120269764
KIRIINDUS,2022-06-13,False,D. Fundamentals Structurally Deteriorated,-0.352588313708065,0.31126416351921793,,-0.49636975385160265,-0.01859394368691336,
KIRLOSBROS,2021-11-23,True,A. Fundamentals Remained Healthy,0.10082129708297916,5.171481166808269,,-0.04311688311688322,4.94935064935065,
KIRLOSBROS,2024-08-26,False,B. Fundamentals Improved,0.08824797843665766,,,0.1003290390943059,,
KIRLOSBROS,2025-10-31,False,A. Fundamentals Remained Healthy,,,,,,
KIRLOSENG,2024-12-23,False,A. Fundamentals Remained Healthy,0.28195507282152543,,,,,
KIRLPNU,2025-01-21,False,B. Fundamentals Improved,-0.14222503160556255,,,-0.08363636363636351,,
KIRLPNU,2026-07-23,False,A. Fundamentals Remained Healthy,,,,,,
KKCL,2023-02-22,False,B. Fundamentals Improved,0.8454909576404903,0.23085325889064223,,0.7012687427912341,0.050288350634371426,
KKCL,2024-12-30,True,A. Fundamentals Remained Healthy,-0.14863813229571987,,,,,
KNRCON,2018-06-20,True,B. Fundamentals Improved,0.20219966159052438,0.881979695431472,1.0803722504230118,0.05470085470085473,1.4568376068376065,1.1837606837606836
KNRCON,2019-08-14,True,A. Fundamentals Remained Healthy,-0.09156118143459913,1.20042194092827,2.050210970464135,0.048945147679324785,0.871308016877637,1.6789029535864977
KNRCON,2022-05-11,False,A. Fundamentals Remained Healthy,0.025106382978723474,-0.05804255319148932,,0.008679854662898778,-0.1070649979814291,
KNRCON,2023-06-08,True,B. Fundamentals Improved,0.5491701244813278,-0.47356846473029046,,0.5062753036437246,-0.43672064777327935,
KNRCON,2024-10-24,True,B. Fundamentals Improved,-0.3517265193370166,,,-0.4848091240297797,,
KODYTECH,2024-11-14,False,A. Fundamentals Remained Healthy,-0.5087796610169492,,,-0.317283950617284,,
KPIL,2018-07-16,True,B. Fundamentals Improved,0.4370944992947814,0.2788434414668548,0.5870239774330044,,,
KPIL,2020-02-14,True,A. Fundamentals Remained Healthy,-0.04038961038961042,0.2884415584415585,1.506753246753247,,,
KPITTECH,2020-08-25,True,A. Fundamentals Remained Healthy,2.8845223700120917,12.876058041112454,13.546553808948005,2.9981096408317582,12.167296786389414,10.707939508506618
KPITTECH,2022-08-22,False,B. Fundamentals Improved,1.0408144877916925,1.1877646634831964,,,,
KPITTECH,2024-11-18,False,B. Fundamentals Improved,-0.09605929959912263,,,-0.21684360897373467,,
KPRMILL,2018-05-23,True,B. Fundamentals Improved,-0.016260162601625994,1.4117886178861787,3.683739837398374,-0.0492307692307693,1.3869230769230771,3.904230769230769
KPRMILL,2019-06-04,True,A. Fundamentals Remained Healthy,-0.2486685784514543,3.7595247849242117,5.586644817697665,,,
KPRMILL,2022-06-20,False,A. Fundamentals Remained Healthy,0.27493569591311795,1.122320663046585,,0.16262789445341963,1.1349847424160835,
KPRMILL,2025-08-12,False,A. Fundamentals Remained Healthy,0.14119496855345925,,,0.025045703839122524,,
KRBL,2018-03-08,False,B. Fundamentals Improved,-0.23451882845188288,-0.5936192468619247,-0.22740585774058575,-0.34773195876288654,-0.5808247422680413,-0.21041237113402067
KRBL,2020-08-28,True,A. Fundamentals Remained Healthy,-0.15371148459383766,0.37815126050420167,0.5421918767507001,-0.009671532846715292,0.5094890510948906,0.4651459854014599
KRBL,2024-02-28,False,A. Fundamentals Remained Healthy,-0.2002121855107607,,,,,
KRBL,2026-06-01,False,A. Fundamentals Remained Healthy,,,,,,
KRISHANA,2019-06-19,True,B. Fundamentals Improved,-0.1346153846153847,4.451923076923077,10.14423076923077,-0.22033898305084754,3.805084745762712,8.889830508474576
KRISHANA,2022-02-24,False,A. Fundamentals Remained Healthy,2.002915451895044,1.221574344023324,,1.9069148936170213,1.0957446808510638,
KRISHANA,2024-10-21,True,B. Fundamentals Improved,1.6595022624434388,,,1.2928571428571427,,
KRISHIVAL,2025-12-29,True,B. Fundamentals Improved,,,,,,
KRISHNADEF,2024-07-18,False,B. Fundamentals Improved,0.07141507651615342,,,0.050909090909091015,,
KRISHNADEF,2025-08-08,True,B. Fundamentals Improved,0.5130102040816327,,,0.23838785469004153,,
KSB,2020-03-09,True,B. Fundamentals Improved,0.2692759295499021,2.0469667318982387,4.219569471624266,1.1319148936170214,3.6707446808510635,7.836702127659574
KSB,2024-12-30,False,B. Fundamentals Improved,0.016373311502251298,,,0.09012006364819913,,
KSB,2026-01-13,False,A. Fundamentals Remained Healthy,,,,,,
KSCL,2018-10-08,True,A. Fundamentals Remained Healthy,-0.0821643286573146,0.13827655310621245,0.1714428857715431,-0.08435868754660703,-0.07634228187919456,0.1212714392244596
KSCL,2019-12-11,True,B. Fundamentals Improved,0.14480815087795373,0.1420984175157165,1.0433557337957944,-0.030675422138836783,-0.02514071294559095,0.6069418386491556
KSCL,2021-08-20,True,A. Fundamentals Remained Healthy,-0.1981321462861133,0.8462948415815659,0.3465130487911321,,,
KSCL,2024-10-25,False,A. Fundamentals Remained Healthy,0.28273773470623875,,,0.06965255157437555,,
KSL,2018-02-05,True,A. Fundamentals Remained Healthy,-0.3576666666666667,-0.042333333333333334,0.07450000000000001,-0.33174334513002,0.04569933835974771,-0.06985690106170173
KSL,2021-11-29,False,A. Fundamentals Remained Healthy,-0.0018587360594796154,1.5526641883519208,,0.0562536528345996,2.2298363530099357,
KSL,2023-02-03,False,A. Fundamentals Remained Healthy,1.1113189897100093,1.1936389148737137,,1.839873417721519,1.1223101265822786,
KTKBANK,2018-03-07,False,A. Fundamentals Remained Healthy,0.015306122448979664,-0.3692022263450835,0.40445269016697605,-0.027002288329519453,-0.3858123569794051,0.19359267734553787
KTKBANK,2019-03-25,False,A. Fundamentals Remained Healthy,-0.6272163120567376,-0.4884751773049645,1.041223404255319,,,
LALPATHLAB,2022-01-24,False,A. Fundamentals Remained Healthy,-0.25336149243224226,0.01288278775079199,,-0.3344344703770198,-0.09673249551166974,
LALPATHLAB,2025-02-25,True,B. Fundamentals Improved,0.1879949979157982,,,0.04509363295880142,,
LAOPALA,2024-03-05,True,A. Fundamentals Remained Healthy,-0.3649338942307693,,,-0.35966907962771455,,
LAURUSLABS,2018-05-21,False,D. Fundamentals Structurally Deteriorated,-0.16516853932584274,4.4117977528089884,2.506741573033708,-0.31037924151696616,5.150199600798403,2.427145708582834
LAURUSLABS,2021-11-01,True,A. Fundamentals Remained Healthy,-0.04298780487804876,-0.0015243902439023849,,-0.2858776443682105,0.08747855917667224,
LGBBROSLTD,2018-07-19,False,A. Fundamentals Remained Healthy,-0.41591558584304245,0.05825456144207508,1.6004616399208618,-0.5908108108108108,-0.07027027027027022,0.9221621621621621
LGBBROSLTD,2022-06-20,True,A. Fundamentals Remained Healthy,0.7857693048334298,1.3622183708838826,,0.9099485420240137,1.1567753001715269,
LICI,2023-08-02,True,A. Fundamentals Remained Healthy,0.8387650085763296,0.33634804303758004,,,,
LINCOLN,2017-10-11,False,A. Fundamentals Remained Healthy,0.1644444444444444,0.3172222222222223,0.625,,,
LINCOLN,2018-10-22,False,B. Fundamentals Improved,-0.25927643784786647,0.6801948051948052,1.237244897959184,-0.33042297244858354,0.35448195576251473,1.3960031043849441
LINCOLN,2020-08-12,True,B. Fundamentals Improved,0.5482303955586396,1.145500809622947,1.5262549155678924,,,
LINCOLN,2022-02-24,False,A. Fundamentals Remained Healthy,0.19831441348469214,0.9317165462676298,,0.024566048837893595,0.6272433068549574,
LINCOLN,2025-01-27,False,A. Fundamentals Remained Healthy,-0.33867647058823536,,,0.04414275956284164,,
LINDEINDIA,2026-06-01,False,A. Fundamentals Remained Healthy,,,,,,
LLOYDSME,2025-02-28,False,A. Fundamentals Remained Healthy,0.17484349978162772,,,-0.05920634920634915,,
LODHA,2025-09-25,True,B. Fundamentals Improved,0.013572298590568854,,,,,
LTFOODS,2018-05-25,False,A. Fundamentals Remained Healthy,-0.5918234912394549,0.15314730694354317,0.4879948085658665,-0.704724409448819,0.15984251968503949,1.8716535433070867
LTFOODS,2024-03-13,False,B. Fundamentals Improved,1.0663990117356392,,,1.0116064362964918,,
LTFOODS,2026-01-19,False,A. Fundamentals Remained Healthy,,,,,,
LTM,2020-03-18,True,A. Fundamentals Remained Healthy,2.022209653092006,2.5280920060331824,2.287933634992459,1.3476717022270672,1.8143902818875564,1.8261018532938795
LTM,2022-04-20,False,B. Fundamentals Improved,-0.20896588506447733,-0.18143202727671004,,,,
LTM,2023-09-28,False,A. Fundamentals Remained Healthy,0.16545109211775877,,,0.16459047619047618,,
LTM,2026-08-14,True,A. Fundamentals Remained Healthy,,,,,,
LTTS,2020-03-16,True,A. Fundamentals Remained Healthy,1.2105723370429256,1.767806041335453,2.5379173290937995,1.2933463051478364,2.2712660208959017,2.715325070851487
LTTS,2022-12-07,False,B. Fundamentals Improved,0.18633660028415244,0.09328870373491949,,0.47640540540540544,-0.049081081081081,
LTTS,2025-04-07,False,A. Fundamentals Remained Healthy,-0.199497005988024,,,-0.18997954550563056,,
LUMAXIND,2018-10-04,False,A. Fundamentals Remained Healthy,-0.353803900027465,-0.20442186212578972,0.2846745399615491,-0.3015544343667065,-0.19428971390241778,0.47767505614045325
LUMAXIND,2025-01-28,True,A. Fundamentals Remained Healthy,1.2491026561378322,,,1.6012151942999524,,
LUMAXTECH,2018-10-08,True,B. Fundamentals Improved,-0.41930277598450616,-0.07165913492575848,1.365719819238218,-0.46327529923830246,-0.23612622415669204,1.0223068552774754
LUMAXTECH,2025-04-07,False,B. Fundamentals Improved,2.369896907216495,,,2.295,,
M&M,2019-01-25,True,A. Fundamentals Remained Healthy,-0.15391367959034385,0.2504754937820044,1.3820043891733724,-0.34398605461940723,0.06740267286461354,1.7518158047646715
MAHSEAMLES,2019-08-22,True,A. Fundamentals Remained Healthy,-0.3249526899161935,1.1651797783184645,2.308732089753988,-0.4538799414348462,1.0685700341630064,2.21351878965349
MAHSEAMLES,2024-05-22,False,A. Fundamentals Remained Healthy,-0.07517749319885869,,,,,
MAITHANALL,2018-05-21,False,A. Fundamentals Remained Healthy,-0.2098853868194842,0.10200573065902585,0.33975644699140406,-0.2828571428571429,0.6584962406015038,0.6384962406015036
MAITHANALL,2023-01-23,True,A. Fundamentals Remained Healthy,-0.030961015412511395,-0.08159564823209431,,0.07647808608687146,0.03333660162761065,
MAITHANALL,2025-11-24,True,D. Fundamentals Structurally Deteriorated,,,,,,
MANAKCOAT,2025-02-27,False,B. Fundamentals Improved,0.38920956531982576,,,0.21971046770601332,,
MANAKCOAT,2026-07-15,True,A. Fundamentals Remained Healthy,,,,,,
MANGLMCEM,2021-01-22,True,A. Fundamentals Remained Healthy,0.6162092624356774,1.8672813036020584,2.1590909090909096,0.5118291979226774,1.5797268705520295,1.9549913444893248
MANGLMCEM,2022-02-09,False,A. Fundamentals Remained Healthy,-0.29032678036713966,1.2077854446035672,,-0.3519230769230769,0.8555128205128204,
MANINDS,2021-10-25,False,A. Fundamentals Remained Healthy,-0.1170212765957448,1.8404255319148932,,-0.21824423737126042,2.1103482099068174,
MANINDS,2026-01-09,False,A. Fundamentals Remained Healthy,,,,,,
MANINFRA,2018-03-07,True,B. Fundamentals Improved,-0.3157894736842106,-0.15935672514619892,1.27046783625731,-0.31614654002713705,-0.29579375848032574,1.1506105834464044
MANINFRA,2022-08-19,True,A. Fundamentals Remained Healthy,0.5237306843267111,0.7588300220750552,,,,
MANORAMA,2024-03-13,False,A. Fundamentals Remained Healthy,2.264677880038083,,,1.556385542168675,,
MANYAVAR,2024-01-30,True,A. Fundamentals Remained Healthy,0.0725120772946859,,,,,
MAPMYINDIA,2024-03-13,False,B. Fundamentals Improved,-0.015673008286521184,,,-0.10045260915867948,,
MAPMYINDIA,2025-05-28,False,A. Fundamentals Remained Healthy,-0.5767721617016883,,,-0.3864949511312705,,
MARATHON,2018-03-07,False,D. Fundamentals Structurally Deteriorated,-0.4878524945770065,-0.6748373101952277,0.19240780911062916,-0.39619587211655205,-0.7571833265884258,0.13800080938891135
MARATHON,2024-05-31,True,A. Fundamentals Remained Healthy,0.3569379238393324,,,0.2515324228411657,,
MARICO,2020-03-06,True,B. Fundamentals Improved,0.4205391982972686,0.7770485987938986,1.0899255054984036,0.3963630240781275,0.6181175282034013,1.2315204579895607
MARKSANS,2021-08-23,True,A. Fundamentals Remained Healthy,-0.2514705882352941,2.383529411764706,3.7632352941176466,-0.3828947368421053,2.8131578947368423,
MARKSANS,2023-02-16,False,A. Fundamentals Remained Healthy,1.5090225563909772,1.6854135338345868,,,,
MARKSANS,2025-01-13,False,B. Fundamentals Improved,-0.30579999999999996,,,-0.28639484978540763,,
MARKSANS,2026-05-27,False,A. Fundamentals Remained Healthy,,,,,,
MARUTI,2018-10-05,True,A. Fundamentals Remained Healthy,-0.0412364425162689,0.03691973969631235,0.46490961677512654,-0.049097643097643084,0.05917845117845122,0.41887542087542085
MASTEK,2018-10-01,True,B. Fundamentals Improved,-0.2173120728929384,6.104783599088838,4.478018223234624,-0.1905494505494505,5.1340659340659345,4.2421978021978015
MASTEK,2020-02-10,True,A. Fundamentals Remained Healthy,1.5771408351026186,2.7769521113470157,5.368483132814343,1.8475467289719627,2.9087616822429907,4.466705607476635
MASTEK,2021-11-26,False,B. Fundamentals Improved,-0.3108623548922056,0.3491915422885572,,-0.394135593220339,0.08461016949152533,
MAYURUNIQ,2018-07-16,False,A. Fundamentals Remained Healthy,-0.33303797468354435,0.2573417721518987,0.25822784810126587,-0.44338857341522764,0.1922586626492062,0.2055858152740757
MAYURUNIQ,2022-11-15,False,A. Fundamentals Remained Healthy,0.23016241299303952,0.24733178654292343,,0.2872102600305919,0.26120720084715865,
MAYURUNIQ,2025-02-19,False,B. Fundamentals Improved,0.15917869485667824,,,0.1502773575390821,,
MBAPL,2018-04-30,False,A. Fundamentals Remained Healthy,-0.1071428571428571,0.4285714285714286,20.30357142857143,0.30952380952380953,1.7857142857142856,28.833333333333332
MBAPL,2020-06-12,True,B. Fundamentals Improved,1.0172413793103448,20.29310344827586,22.655172413793103,0.9838709677419355,18.774193548387096,26.032258064516128
MBAPL,2024-02-15,True,A. Fundamentals Remained Healthy,0.16324435318275143,,,0.02604166666666674,,
METROBRAND,2026-06-08,True,A. Fundamentals Remained Healthy,,,,,,
MGL,2018-02-06,False,B. Fundamentals Improved,0.002126556016597503,0.12344398340248963,-0.08506224066390045,-0.022843137254901946,0.11230392156862745,-0.09710784313725485
MGL,2019-05-02,False,A. Fundamentals Remained Healthy,-0.01526797385620915,-0.19330718954248371,0.5095424836601308,,,
MGL,2020-09-22,True,A. Fundamentals Remained Healthy,0.2724418604651162,0.18674418604651155,0.5190697674418605,0.14397042093287826,0.18447098976109233,0.37747440273037536
MGL,2024-11-04,True,A. Fundamentals Remained Healthy,-0.08926512968299716,,,-0.15393033699384884,,
MHRIL,2017-11-08,True,B. Fundamentals Improved,-0.3530821171857983,-0.489871487693313,0.1879764757133522,-0.4426059979317477,-0.4188210961737332,0.09389865563598754
MIDHANI,2019-05-08,False,A. Fundamentals Remained Healthy,0.6409836065573769,0.42500000000000004,2.4356557377049177,0.38720292504570386,0.30347349177330907,2.5678244972577695
MIDHANI,2020-06-15,False,B. Fundamentals Improved,0.07536671724835609,0.26707132018209423,1.2529084471421346,-0.012949640287769681,0.3628297362110311,1.1362110311750597
MIDHANI,2021-07-20,False,A. Fundamentals Remained Healthy,-0.13759590792838883,1.4611253196930947,1.0948849104859337,0.07086614173228356,1.1286089238845145,
MINDACORP,2018-06-04,False,A. Fundamentals Remained Healthy,-0.26249999999999996,-0.15031250000000007,0.8381250000000002,,,
MMFL,2019-01-23,False,A. Fundamentals Remained Healthy,-0.17339805825242716,0.32446601941747577,0.7941747572815534,-0.31075268817204293,0.44856630824372745,0.7080645161290322
MMFL,2024-10-22,True,A. Fundamentals Remained Healthy,-0.3679722359940506,,,-0.3244196843082636,,
MOLDTKPAC,2024-03-14,False,A. Fundamentals Remained Healthy,-0.44487678339818415,,,-0.44445095168374815,,
MOLDTKPAC,2025-11-14,False,A. Fundamentals Remained Healthy,,,,,,
MONARCH,2023-01-27,False,A. Fundamentals Remained Healthy,0.9176271186440679,0.856271186440678,,1.6617391304347828,1.5694782608695652,
MONARCH,2024-06-04,True,A. Fundamentals Remained Healthy,0.27708333333333335,,,0.2794915254237287,,
MONARCH,2025-08-01,False,A. Fundamentals Remained Healthy,0.10661870503597126,,,,,
MONTECARLO,2018-03-26,False,A. Fundamentals Remained Healthy,-0.204598680008516,-0.5411965084096231,0.2875239514583776,-0.36231481481481476,-0.5865740740740741,0.2652777777777777
MONTECARLO,2022-12-23,False,A. Fundamentals Remained Healthy,0.12328433363112157,0.1824088361893934,,-0.003076923076923088,-0.040349650349650434,
MONTECARLO,2024-02-27,True,A. Fundamentals Remained Healthy,-0.10836516722538392,,,-0.21358087859074615,,
MOTILALOFS,2018-03-07,False,A. Fundamentals Remained Healthy,-0.46285714285714286,-0.39660714285714294,-0.4571428571428572,,,
MOTILALOFS,2021-08-10,True,A. Fundamentals Remained Healthy,-0.06204021579205499,1.978420794507111,3.3256498283472293,-0.15364886920027976,2.553742131032875,
MOTILALOFS,2025-01-22,False,A. Fundamentals Remained Healthy,0.06959706959706957,,,0.24582677165354339,,
MOTILALOFS,2026-02-19,False,A. Fundamentals Remained Healthy,,,,,,
MPHASIS,2019-01-14,False,B. Fundamentals Improved,0.030738408700629716,2.7846594161419578,2.006124785346308,-0.04428571428571426,2.101326530612245,1.6354081632653061
MPHASIS,2020-01-27,True,B. Fundamentals Improved,0.7817977528089888,1.3285393258426965,2.3001123595505617,0.8281087586848295,1.3290114338858796,1.917665080146616
MPHASIS,2022-05-12,False,B. Fundamentals Improved,-0.27500978473581217,-0.00884540117416821,,-0.04620469083155643,0.1715565031982944,
MPHASIS,2024-03-13,False,A. Fundamentals Remained Healthy,-0.06758985200845657,,,0.06024196912807689,,
MPHASIS,2026-06-23,True,A. Fundamentals Remained Healthy,,,,,,
MPSLTD,2025-04-09,False,B. Fundamentals Improved,-0.20609229370311433,,,-0.30179047619047616,,
MRF,2025-02-27,True,A. Fundamentals Remained Healthy,0.33660409556313997,,,0.14442749461593674,,
MRPL,2018-05-21,True,D. Fundamentals Structurally Deteriorated,-0.3885034687809713,-0.5029732408325075,-0.3612487611496531,,,
MRPL,2024-06-04,False,D. Fundamentals Structurally Deteriorated,-0.2915000000000001,,,-0.36824745944018544,,
MSTCLTD,2020-07-10,False,A. Fundamentals Remained Healthy,0.8778115501519757,1.2367781155015196,2.266869300911854,0.7175718849840256,1.6635782747603836,2.0888178913738016
MSTCLTD,2021-08-09,False,B. Fundamentals Improved,-0.0666064981949458,2.2752707581227436,1.1019855595667871,-0.1451834076105588,1.9252656839218374,1.018683579019541
MSTCLTD,2023-08-23,False,A. Fundamentals Remained Healthy,1.154281204787584,0.921872944890175,,1.0957937932803286,0.8738137984098489,
MTARTECH,2024-02-01,True,A. Fundamentals Remained Healthy,-0.20381400593180876,,,-0.3450383631713555,,
MTARTECH,2026-07-17,False,A. Fundamentals Remained Healthy,,,,,,
NATCOPHARM,2018-03-05,True,A. Fundamentals Remained Healthy,-0.25730764189277755,0.0979813868134749,-0.2548171451042076,-0.33450617283950623,0.13851851851851849,-0.29654320987654326
NATCOPHARM,2025-01-28,True,B. Fundamentals Improved,-0.28702090592334495,,,0.20788906690238118,,
NATCOPHARM,2026-05-19,True,A. Fundamentals Remained Healthy,,,,,,
NATIONALUM,2022-06-01,True,A. Fundamentals Remained Healthy,-0.1039523551705468,0.9574445046020577,,0.20304568527918776,1.4081218274111675,
NATIONALUM,2025-06-19,True,A. Fundamentals Remained Healthy,1.0773480662983426,,,0.8123028391167193,,
NAVA,2022-09-26,False,B. Fundamentals Improved,1.3171503957783641,6.321899736147757,,1.0544186046511625,4.3060465116279065,
NAVA,2024-10-22,False,B. Fundamentals Improved,0.32130434782608686,,,-0.06785714285714284,,
NAVA,2025-11-24,False,A. Fundamentals Remained Healthy,,,,,,
NAVINFLUOR,2018-07-20,True,A. Fundamentals Remained Healthy,-0.05337393813111069,5.227360153870813,6.08110274082385,-0.1210252600297177,4.508989598811293,5.5713224368499255
NAVINFLUOR,2023-10-26,True,A. Fundamentals Remained Healthy,-0.038791848617176106,,,-0.04222963951935921,,
NAVNETEDUL,2018-02-20,False,A. Fundamentals Remained Healthy,-0.2497257769652651,-0.36745886654478976,-0.24606946983546618,-0.2744966442953021,-0.4285234899328859,-0.37785234899328857
NAVNETEDUL,2020-11-19,True,D. Fundamentals Structurally Deteriorated,0.2480620155038762,0.661299940369708,0.8796660703637451,0.07374100719424459,0.7092326139088729,0.7215827338129497
NBCC,2018-02-06,False,A. Fundamentals Remained Healthy,-0.4873997709049256,-0.6940148911798396,-0.6668098510882017,-0.41000852999715665,-0.5692351435882854,-0.6620699459766847
NBCC,2023-06-08,True,B. Fundamentals Improved,2.4470757086472905,2.712235378543236,,3.4971223021582727,2.596402877697842,
NBCC,2024-10-22,False,B. Fundamentals Improved,0.15344024831867564,,,0.08427672955974841,,
NBCC,2026-01-20,False,A. Fundamentals Remained Healthy,,,,,,
NCC,2018-06-25,False,B. Fundamentals Improved,0.028379772961816263,-0.1336429308565532,0.22600619195046434,-0.31400000000000006,-0.14800000000000002,0.54
NCC,2025-01-10,False,A. Fundamentals Remained Healthy,-0.3951925035648809,,,-0.3460491764144187,,
NDRAUTO,2024-10-25,False,B. Fundamentals Improved,0.3361189122542638,,,0.03672872847429631,,
NDRAUTO,2025-11-21,False,A. Fundamentals Remained Healthy,,,,,,
NESCO,2020-08-31,False,A. Fundamentals Remained Healthy,0.03357400722021664,0.30415162454873657,1.6097472924187723,0.1153136531365313,0.4899446494464943,1.3365313653136535
NEULANDLAB,2017-11-23,True,D. Fundamentals Structurally Deteriorated,-0.5555604531229339,-0.06713095605412778,0.5306563230043637,,,
NEULANDLAB,2025-02-14,False,A. Fundamentals Remained Healthy,0.12007441231185534,,,0.18341232227488158,,
NEWGEN,2019-07-24,True,A. Fundamentals Remained Healthy,-0.30490566037735856,0.35547169811320756,6.710566037735849,-0.40936454849498327,0.2876254180602007,5.533110367892977
NEWGEN,2021-11-29,False,A. Fundamentals Remained Healthy,-0.30407766990291263,3.3885436893203877,,-0.40093865236339266,3.790982232651693,
NEWGEN,2024-11-18,False,B. Fundamentals Improved,-0.13100189035916832,,,-0.3122137404580153,,
NIITMTS,2025-12-12,True,A. Fundamentals Remained Healthy,,,,,,
NINSYS,2024-04-24,False,A. Fundamentals Remained Healthy,0.04101123595505607,,,-0.07302083333333331,,
NINSYS,2025-06-12,True,A. Fundamentals Remained Healthy,0.45797653028861385,,,0.6447872340425531,,
NLCINDIA,2018-03-27,True,A. Fundamentals Remained Healthy,-0.1849677040516735,-0.4233705226071639,-0.15560775102759838,-0.25,-0.25172413793103454,0.1293103448275863
NLCINDIA,2024-03-13,False,A. Fundamentals Remained Healthy,0.13561024610748373,,,-0.042994161801501285,,
NPST,2024-03-13,False,B. Fundamentals Improved,0.5775121951219513,,,0.511925306429488,,
NRBBEARING,2019-06-21,True,D. Fundamentals Structurally Deteriorated,-0.5400641025641026,-0.2285256410256411,1.1374999999999997,,,
NRBBEARING,2022-07-26,True,B. Fundamentals Improved,0.8835538752362948,1.185633270321361,,,,
NRBBEARING,2024-03-12,False,A. Fundamentals Remained Healthy,-0.2629978276611151,,,-0.3873235205767497,,
NUCLEUS,2018-02-02,False,B. Fundamentals Improved,-0.0662337662337662,0.3696103896103895,0.024935064935065032,-0.19988636363636358,0.2326136363636364,0.5136363636363637
NUCLEUS,2021-02-01,False,B. Fundamentals Improved,0.15953154217104615,2.125086113571499,0.7819112292097232,-0.14495856996555245,1.5610278372591009,0.5532073363746393
NUCLEUS,2022-02-08,False,D. Fundamentals Structurally Deteriorated,-0.22406718198301367,0.7310812100391257,,,,
NUCLEUS,2024-03-13,False,B. Fundamentals Improved,-0.30463690527588294,,,-0.42756133776426497,,
NUCLEUS,2025-05-20,True,A. Fundamentals Remained Healthy,-0.3560372771474879,,,,,
NUVAMA,2026-03-12,True,A. Fundamentals Remained Healthy,,,,,,
OBEROIRLTY,2025-02-12,False,B. Fundamentals Improved,-0.04475609756097565,,,0.04528741267312175,,
OBEROIRLTY,2026-05-11,False,A. Fundamentals Remained Healthy,,,,,,
OFSS,2019-06-07,True,A. Fundamentals Remained Healthy,-0.2274262295081968,-0.0005737704918032938,1.5341147540983608,-0.1464102564102565,-0.06044871794871787,2.5008814102564103
OFSS,2025-01-28,False,B. Fundamentals Improved,-0.13852422883806936,,,-0.029134532990574113,,
OFSS,2026-05-11,False,A. Fundamentals Remained Healthy,,,,,,
OIL,2019-06-06,True,A. Fundamentals Remained Healthy,-0.49207011686143565,0.5521702838063438,2.3084307178631054,-0.4321858150145168,0.2554956449605972,2.851513894649523
OIL,2021-05-21,True,B. Fundamentals Improved,0.7606594656054575,4.033541785105173,4.735076748152359,,,
OIL,2022-07-01,False,B. Fundamentals Improved,0.15411806291975982,2.0699893955461297,,0.44705429341547953,2.0184828648440507,
OLECTRA,2024-08-08,False,B. Fundamentals Improved,-0.10727896341463417,,,-0.0032346951000360447,,
OLECTRA,2025-08-28,True,A. Fundamentals Remained Healthy,-0.12746010638297878,,,,,
OLECTRA,2026-09-24,True,A. Fundamentals Remained Healthy,,,,,,
ONGC,2019-07-12,True,A. Fundamentals Remained Healthy,-0.4928942807625649,-0.16984402079722705,1.0668977469670708,-0.5034168564920273,-0.05239179954441908,1.20501138952164
ONGC,2022-06-20,True,A. Fundamentals Remained Healthy,0.1622554660529345,0.9298810893747604,,0.2878504672897195,0.7479626168224298,
ONGC,2024-12-20,False,A. Fundamentals Remained Healthy,-0.01708289611752356,,,-0.08112384701478137,,
ORIANA,2024-08-29,False,B. Fundamentals Improved,0.13537064310260205,,,0.07734375000000004,,
ORIANA,2025-12-17,True,A. Fundamentals Remained Healthy,,,,,,
ORIENTCEM,2022-03-07,True,B. Fundamentals Improved,-0.10641689916301322,1.6903148664806693,,-0.22895512610547009,1.2977399279397313,
ORIENTELEC,2020-03-17,False,A. Fundamentals Remained Healthy,0.49808520823360447,0.2719004308281474,0.000526567735758654,0.6414527580557075,0.31512834516657584,0.23855816493719284
ORIENTELEC,2022-05-17,False,A. Fundamentals Remained Healthy,-0.21460137882269759,-0.14672087678981804,,-0.09406809406809391,-0.22158652158652148,
ORIENTELEC,2025-08-06,True,B. Fundamentals Improved,-0.13434358152411485,,,,,
PAGEIND,2018-11-29,False,B. Fundamentals Improved,-0.130898699251084,0.4990559716200238,0.48416830902640906,0.019198152283718795,0.7542789382242177,0.5189078972104526
PAGEIND,2020-01-20,False,A. Fundamentals Remained Healthy,0.11542940004767943,0.6018673764720022,0.8259958979976634,,,
PAGEIND,2023-02-09,False,A. Fundamentals Remained Healthy,-0.03766335321404901,-0.076076872100729,,-0.06681925189641647,-0.03269683494637721,
PAGEIND,2026-01-06,True,B. Fundamentals Improved,,,,,,
PANAMAPET,2018-02-06,False,B. Fundamentals Improved,-0.42173211403980637,-0.3047337278106509,0.7041420118343196,-0.41906721536351166,-0.26406035665294925,0.3440786465477823
PANAMAPET,2022-02-22,False,B. Fundamentals Improved,0.326258205689278,0.5350109409190371,,0.019139596136962256,0.38718173836698866,
PANAMAPET,2023-02-28,True,A. Fundamentals Remained Healthy,0.15940810492685387,-0.05380864301328403,,0.050252750520368705,-0.18421052631578938,
PARADEEP,2025-11-06,False,A. Fundamentals Remained Healthy,,,,,,
PARAGMILK,2018-09-21,True,B. Fundamentals Improved,-0.3549064528445972,-0.5179457808323787,-0.22145857197403584,-0.4396,-0.548,-0.0010000000000000009
PARAS,2025-07-29,False,B. Fundamentals Improved,0.7879368824657131,,,0.837037037037037,,
PATANJALI,2026-03-23,True,A. Fundamentals Remained Healthy,,,,,,
PENIND,2018-05-31,True,A. Fundamentals Remained Healthy,-0.3278985507246377,-0.5389492753623188,0.24818840579710155,-0.34910714285714284,-0.5017857142857143,0.37142857142857144
PENIND,2025-01-27,False,A. Fundamentals Remained Healthy,-0.0025007814942168416,,,-0.18361794500723594,,
PERSISTENT,2020-03-16,False,A. Fundamentals Remained Healthy,2.2011844331641286,6.58155668358714,16.48663282571912,3.813404417364813,8.594821020563593,20.67174409748667
PERSISTENT,2022-05-25,False,B. Fundamentals Improved,0.4611918604651162,2.308720930232558,,0.4349359886201991,2.2881934566145095,
PERSISTENT,2025-04-04,False,B. Fundamentals Improved,0.2796972728039624,,,-0.08652657601977753,,
PERSISTENT,2026-04-24,False,A. Fundamentals Remained Healthy,,,,,,
PETRONET,2020-03-16,True,A. Fundamentals Remained Healthy,0.14328358208955239,0.14850746268656723,0.41343283582089563,-0.013209181463837205,-0.0038977912516241497,0.34387180597661327
PETRONET,2022-02-24,True,B. Fundamentals Improved,0.12437810945273631,0.5954438334642576,,0.022602902688555693,0.33357125862479187,
PGIL,2025-04-04,False,A. Fundamentals Remained Healthy,0.7497142857142858,,,0.24538341158059462,,
PIIND,2025-01-28,True,A. Fundamentals Remained Healthy,-0.03856716417910444,,,-0.1425607587433314,,
PITTIENG,2018-02-02,False,A. Fundamentals Remained Healthy,-0.2866242038216561,-0.20191082802547777,2.988535031847134,-0.4705263157894737,-0.3321052631578947,2.2552631578947366
PITTIENG,2025-02-03,False,A. Fundamentals Remained Healthy,-0.13573543928923992,,,-0.3413397129186603,,
PIXTRANS,2023-01-20,False,A. Fundamentals Remained Healthy,0.6145912427233611,0.630220197418375,,0.702944777369676,0.8061730781622527,
PIXTRANS,2025-01-27,False,B. Fundamentals Improved,-0.33009708737864074,,,,,
PNBHOUSING,2018-02-15,False,A. Fundamentals Remained Healthy,-0.24168072381536576,-0.6858355058017687,-0.5154628635689822,-0.35714962121212124,-0.7080492424242424,-0.6326704545454546
PNCINFRA,2020-03-12,True,B. Fundamentals Improved,0.9270370370370369,1.1074074074074076,0.8848148148148147,1.311013215859031,1.7669603524229074,1.4991189427312772
PNCINFRA,2024-10-21,True,A. Fundamentals Remained Healthy,-0.11692307692307691,,,-0.23894259818731123,,
PNGJL,2026-07-14,True,A. Fundamentals Remained Healthy,,,,,,
POKARNA,2017-11-17,False,A. Fundamentals Remained Healthy,-0.23359929078014174,-0.35571808510638303,0.9437056737588654,-0.3051454138702461,-0.21901565995525718,0.6391498881431767
POKARNA,2022-08-10,False,A. Fundamentals Remained Healthy,-0.2931810314987885,0.5653340256143997,,,,
POKARNA,2025-04-03,False,A. Fundamentals Remained Healthy,-0.0037773580713253985,,,-0.20435615126854956,,
POLYCAB,2020-06-24,True,A. Fundamentals Remained Healthy,1.4745338505819046,3.33781754473783,6.8707295707671125,1.7506700915791824,4.771666294393567,7.096939915121734
POLYCAB,2024-01-11,False,B. Fundamentals Improved,0.6723657289002558,,,0.21567117585848083,,
POLYCAB,2025-02-27,True,A. Fundamentals Remained Healthy,0.851720430107527,,,0.45959086322355747,,
POLYMED,2018-06-04,True,A. Fundamentals Remained Healthy,-0.12404494382022468,3.5366292134831463,3.35123595505618,-0.18446379468377638,3.657424381301558,4.297433547204401
POLYMED,2022-02-08,False,A. Fundamentals Remained Healthy,0.12775386173714876,2.062167637376551,,0.13583333333333325,1.732678571428571,
POLYMED,2025-01-28,False,A. Fundamentals Remained Healthy,-0.3322452580502867,,,-0.47492381367000436,,
POWERMECH,2019-08-08,True,A. Fundamentals Remained Healthy,-0.5132934131736527,0.24167664670658673,5.635928143712575,-0.47087912087912087,1.4802197802197803,7.499313186813186
POWERMECH,2023-02-02,False,B. Fundamentals Improved,2.1532439805479777,1.387142687700154,,1.5564380264741278,1.0189651022864017,
POWERMECH,2024-11-13,False,A. Fundamentals Remained Healthy,-0.11592753567444902,,,-0.17522487428288125,,
PREMEXPLN,2017-12-04,True,D. Fundamentals Structurally Deteriorated,-0.42195767195767186,-0.6309523809523809,0.14682539682539697,-0.39329805996472655,-0.6219870664315108,-0.01763668430335097
PREMEXPLN,2024-07-22,False,A. Fundamentals Remained Healthy,-0.16065040650406492,,,-0.25513841486537736,,
PREMEXPLN,2025-10-14,False,B. Fundamentals Improved,,,,,,
PREMIERENE,2025-11-25,True,A. Fundamentals Remained Healthy,,,,,,
PRICOLLTD,2022-05-12,False,B. Fundamentals Improved,1.318181818181818,3.5059288537549405,,0.9230470268169451,2.463661095996891,
PRICOLLTD,2025-02-18,False,A. Fundamentals Remained Healthy,0.4464542405366556,,,0.17017082785808135,,
PRUDENT,2025-07-01,False,A. Fundamentals Remained Healthy,0.13225499524262596,,,0.10648489314664711,,
PTC,2019-01-02,False,A. Fundamentals Remained Healthy,-0.37,0.2266666666666668,1.1511111111111112,,,
PTC,2022-01-20,False,A. Fundamentals Remained Healthy,0.06950000000000012,0.42289999999999983,,-0.052604166666666674,0.7955208333333335,
PTC,2025-05-30,True,A. Fundamentals Remained Healthy,0.05847621210400833,,,0.05227272727272725,,
PUNJABCHEM,2021-12-20,True,B. Fundamentals Improved,-0.1487650339568236,-0.14690594528967627,,-0.23815068493150693,-0.3224315068493151,
PUNJABCHEM,2026-07-31,False,A. Fundamentals Remained Healthy,,,,,,
RADICO,2020-01-15,True,A. Fundamentals Remained Healthy,0.46234550158091414,2.074590399540098,5.211267605633804,,,
RADICO,2022-02-08,False,A. Fundamentals Remained Healthy,0.2708058124174373,1.4735799207397622,,0.20294438386041436,1.630752453653217,
RAILTEL,2022-11-22,True,A. Fundamentals Remained Healthy,1.1249056603773586,1.5830188679245283,,1.71286750668194,1.8266513936617028,
RALLIS,2018-05-24,False,A. Fundamentals Remained Healthy,-0.2546341463414633,0.5082926829268293,-0.08024390243902435,-0.1982478097622027,0.5924906132665833,0.09511889862327916
RALLIS,2021-11-30,False,A. Fundamentals Remained Healthy,-0.03492063492063502,0.3194444444444444,,-0.1121354656632173,0.11345249294449666,
RAMCOCEM,2022-02-24,True,D. Fundamentals Structurally Deteriorated,-0.07360977177756345,0.09283188685310195,,-0.06777777777777771,0.13722222222222213,
RAMCOSYS,2021-06-01,True,D. Fundamentals Structurally Deteriorated,-0.5189340813464236,-0.4035530621785881,-0.1640018700327256,-0.5368062404734152,-0.45342060432170717,-0.19833228727696584
RAMCOSYS,2026-07-27,False,A. Fundamentals Remained Healthy,,,,,,
RAMKY,2022-12-23,False,A. Fundamentals Remained Healthy,2.1848790322580647,1.2431451612903226,,1.6892123287671232,0.9791095890410959,
RAMKY,2024-02-12,True,B. Fundamentals Improved,-0.16840498600864917,,,-0.29851921865154374,,
RAMRAT,2025-01-13,False,B. Fundamentals Improved,0.17387014012236035,,,0.018916595012897774,,
RAMRAT,2026-06-10,False,A. Fundamentals Remained Healthy,,,,,,
RATEGAIN,2025-02-11,True,A. Fundamentals Remained Healthy,-0.0823310312718244,,,0.32821888412017186,,
RATNAMANI,2020-03-23,True,A. Fundamentals Remained Healthy,1.073981919217052,2.457825329684001,3.5814879323214726,1.1093305133002525,2.7432685268038726,3.5712193931505736
RATNAMANI,2024-03-11,False,B. Fundamentals Improved,-0.07909420289855074,,,-0.18291772192999556,,
RATNAVEER,2024-12-18,False,A. Fundamentals Remained Healthy,-0.15122340425531922,,,,,
RCF,2022-06-17,True,B. Fundamentals Improved,0.3887468030690535,1.026086956521739,,0.30809248554913293,0.7990751445086706,
RCF,2024-03-12,False,D. Fundamentals Structurally Deteriorated,-0.11405895691609991,,,-0.15322033898305076,,
REDINGTON,2018-02-06,False,A. Fundamentals Remained Healthy,-0.5454545454545454,0.04040404040404044,1.4983164983164983,-0.37056165267914787,0.13815364751452552,1.1807617817947063
REDINGTON,2022-06-14,True,A. Fundamentals Remained Healthy,0.5287726358148892,1.3770623742454728,,0.4251700680272108,1.3446712018140587,
REDINGTON,2023-10-25,True,A. Fundamentals Remained Healthy,0.19563037249283677,,,0.23975316661253676,,
REDINGTON,2025-08-26,False,A. Fundamentals Remained Healthy,0.5195195195195195,,,0.31576271186440663,,
REDTAPE,2025-01-29,False,A. Fundamentals Remained Healthy,-0.3058617672790901,,,,,
REFEX,2019-08-01,True,B. Fundamentals Improved,-0.38368580060422963,0.552870090634441,14.475528700906343,,,
REFEX,2020-11-20,True,A. Fundamentals Remained Healthy,0.5213414634146343,5.725609756097561,19.91158536585366,0.3877551020408161,5.877551020408164,11.93877551020408
RELAXO,2020-03-19,False,A. Fundamentals Remained Healthy,0.5228494623655915,0.40887096774193554,-0.27168458781362015,0.6750406504065043,0.40146341463414625,-0.29349593495934956
RELAXO,2022-05-18,False,A. Fundamentals Remained Healthy,-0.12478726599259182,-0.5650215236760436,,-0.08618255168935962,-0.4767019667170953,
RESPONIND,2024-11-21,True,B. Fundamentals Improved,-0.24110295576274554,,,-0.20157885074352866,,
RITES,2020-03-19,False,B. Fundamentals Improved,0.073943661971831,0.5422535211267605,0.8664612676056338,-0.003661513425549212,0.5244100895036614,1.2725793327908868
ROLEXRINGS,2024-03-13,True,A. Fundamentals Remained Healthy,-0.2642740619902121,,,-0.35743380855397144,,
ROSSARI,2025-02-12,True,A. Fundamentals Remained Healthy,-0.2190510948905109,,,-0.349646784647877,,
ROUTE,2020-09-21,True,B. Fundamentals Improved,1.9331277267940425,1.360012035504739,0.2653828794945088,1.066892556563559,0.7129740955295663,-0.20034976500163948
ROUTE,2022-01-24,True,A. Fundamentals Remained Healthy,-0.21970177664974622,-0.17734771573604058,,-0.32232565825713344,-0.3441114905805883,
ROUTE,2025-01-06,True,A. Fundamentals Remained Healthy,-0.4854933017541263,,,,,
RPEL,2026-01-21,False,B. Fundamentals Improved,,,,,,
RPGLIFE,2020-06-08,True,B. Fundamentals Improved,0.557992026096412,1.9853207683943461,6.810076114534253,,,
RPGLIFE,2022-02-22,True,B. Fundamentals Improved,0.7641104294478527,3.8467280163599185,,0.11507812499999992,2.294765625,
RPGLIFE,2023-03-27,False,B. Fundamentals Improved,1.1105935492977626,1.6319429740983833,,0.9221821859788859,1.4021746001643591,
RPGLIFE,2024-11-19,False,A. Fundamentals Remained Healthy,0.09727398962215883,,,0.00859886512439978,,
RPGLIFE,2026-01-28,True,A. Fundamentals Remained Healthy,,,,,,
RRKABEL,2025-01-13,True,A. Fundamentals Remained Healthy,0.1420752565564425,,,,,
RRKABEL,2026-01-27,False,B. Fundamentals Improved,,,,,,
RSYSTEMS,2022-02-21,False,B. Fundamentals Improved,0.25655616031667483,0.7785749628896586,,-0.11273486430062618,0.17032011134307612,
RSYSTEMS,2023-02-27,False,A. Fundamentals Remained Healthy,0.8123987034035656,0.18719611021069693,,0.8570289132602193,0.15294117647058836,
RVNL,2022-02-22,False,B. Fundamentals Improved,0.9652996845425867,10.725552050473185,,0.7858156028368795,8.317730496453901,
RVNL,2023-02-28,False,B. Fundamentals Improved,3.5043478260869563,4.501739130434783,,2.7392857142857143,2.5664285714285717,
RVNL,2024-03-13,False,B. Fundamentals Improved,0.479559748427673,,,0.36123766135155666,,
SAFARI,2025-02-18,True,A. Fundamentals Remained Healthy,-0.03508302088912696,,,-0.2882270823638903,,
SAKAR,2018-10-23,False,A. Fundamentals Remained Healthy,-0.06715063520871145,1.7667876588021776,5.359346642468239,-0.07117117117117122,1.763063063063063,5.027027027027027
SAKAR,2020-03-04,False,A. Fundamentals Remained Healthy,0.5829787234042554,3.067234042553191,3.212765957446808,1.6739543726235744,4.254752851711026,5.2119771863117865
SAKSOFT,2018-06-01,False,B. Fundamentals Improved,0.25065963060686025,1.021108179419525,9.023746701846965,0.15217391304347827,1.9592391304347831,12.271739130434783
SAKSOFT,2019-07-31,True,A. Fundamentals Remained Healthy,-0.06356968215158931,2.7775061124694376,10.486552567237165,,,
SAKSOFT,2020-09-09,True,A. Fundamentals Remained Healthy,2.5146341463414634,11.821951219512195,9.070243902439024,,,
SAKSOFT,2022-06-16,False,B. Fundamentals Improved,2.958333333333333,2.1210691823899372,,2.6383426966292136,1.8147471910112358,
SAKSOFT,2024-02-12,False,A. Fundamentals Remained Healthy,-0.09976019184652285,,,-0.32038709677419364,,
SANDUMA,2025-07-28,True,B. Fundamentals Improved,0.3710884353741497,,,0.32269635126777985,,
SANDUMA,2026-09-11,True,A. Fundamentals Remained Healthy,,,,,,
SANGHVIMOV,2018-05-10,False,A. Fundamentals Remained Healthy,-0.38942065491183875,-0.18992443324937025,0.9974811083123425,-0.40765306122448985,-0.16938775510204074,1.0122448979591834
SANGHVIMOV,2020-11-26,False,D. Fundamentals Structurally Deteriorated,1.0431726907630523,6.9156626506024095,5.836345381526105,1.1339449541284403,6.471559633027523,4.473394495412844
SANGHVIMOV,2022-05-30,False,A. Fundamentals Remained Healthy,1.2322791712104686,2.142857142857143,,1.3365728900255753,2.1340153452685424,
SANGHVIMOV,2026-06-17,False,A. Fundamentals Remained Healthy,,,,,,
SANSERA,2025-01-24,False,A. Fundamentals Remained Healthy,0.36639004149377596,,,0.778385661209325,,
SARDAEN,2022-05-16,False,B. Fundamentals Improved,0.16239316239316248,3.8589743589743595,,0.9588888888888891,3.9222222222222225,
SAREGAMA,2022-05-11,False,A. Fundamentals Remained Healthy,-0.09995647758595672,0.575511388365008,,-0.004588960272715381,0.2837288580044579,
SAREGAMA,2026-07-07,True,A. Fundamentals Remained Healthy,,,,,,
SBCL,2022-06-29,True,B. Fundamentals Improved,1.2745531601252993,1.061912658927584,,1.2582214765100672,0.8654362416107382,
SBCL,2023-08-17,False,A. Fundamentals Remained Healthy,0.1372247331474179,0.9705740936628517,,0.2508325083250833,,
SCHAEFFLER,2019-07-24,False,A. Fundamentals Remained Healthy,-0.07779850746268646,2.1580223880597016,3.793594527363184,-0.12993911901635435,2.868329951056464,3.6630655365882774
SCHAEFFLER,2020-09-16,False,A. Fundamentals Remained Healthy,0.7746357125216103,2.9841318844159055,3.9575203754013337,0.9171077004498547,2.9229955014554116,4.169356972744112
SCHAEFFLER,2022-10-28,False,A. Fundamentals Remained Healthy,0.03994400203628956,0.42842078469873823,,,,
SCHNEIDER,2025-01-27,False,B. Fundamentals Improved,-0.06054310728594736,,,0.2381428571428572,,
SCHNEIDER,2026-02-05,True,A. Fundamentals Remained Healthy,,,,,,
SEAMECLTD,2019-08-08,True,B. Fundamentals Improved,0.24977348233162178,1.5566294170945332,3.5252189670794314,0.10435897435897434,1.755128205128205,2.726410256410256
SEAMECLTD,2024-11-19,True,A. Fundamentals Remained Healthy,-0.25223309230114843,,,,,
SERVOTECH,2025-06-17,True,A. Fundamentals Remained Healthy,-0.27181303116147304,,,-0.3264314388337207,,
SHAILY,2026-01-21,False,B. Fundamentals Improved,,,,,,
SHAKTIPUMP,2018-06-04,True,A. Fundamentals Remained Healthy,-0.1337946943483277,0.6095732410611303,0.05767012687427919,,,
SHAKTIPUMP,2021-11-18,False,A. Fundamentals Remained Healthy,-0.34639574262215767,6.566037735849058,,-0.3712156497438286,8.736376339077784,
SHAKTIPUMP,2025-01-30,False,B. Fundamentals Improved,-0.3095555555555556,,,-0.5155435317265126,,
SHARDACROP,2018-02-07,False,A. Fundamentals Remained Healthy,-0.17209711913448222,-0.24808151968801095,0.18996100138382177,-0.05259357323384273,-0.2989529425923697,0.19845950174509563
SHARDACROP,2022-07-26,False,A. Fundamentals Remained Healthy,-0.17490636704119844,1.035767790262172,,,,
SHARDACROP,2026-06-04,True,A. Fundamentals Remained Healthy,,,,,,
SHARDAMOTR,2018-03-05,False,B. Fundamentals Improved,-0.3152466367713005,-0.04932735426008972,0.3529147982062779,-0.26093669583118895,0.03190941842511563,0.9907359752959342
SHARDAMOTR,2023-02-09,True,B. Fundamentals Improved,1.0916818457802067,1.8553430479659987,,1.4207874015748034,1.563779527559055,
SHARDAMOTR,2024-10-25,False,A. Fundamentals Remained Healthy,0.05037556334501758,,,-0.10004816955684015,,
SHAREINDIA,2023-03-14,True,A. Fundamentals Remained Healthy,0.6004920049200493,-0.36260762607626074,,0.4409033347403968,-0.45124525116082737,
SHREEPUSHK,2022-06-17,False,A. Fundamentals Remained Healthy,-0.1791666666666667,0.4114035087719299,,-0.2673151750972762,0.38210116731517507,
SHRIPISTON,2018-02-02,False,B. Fundamentals Improved,-0.4401977125122134,-0.6049198229783321,-0.32444393355939993,-0.3934040047114252,-0.5318021201413428,-0.3144287396937574
SHRIPISTON,2022-08-24,True,B. Fundamentals Improved,1.878974358974359,5.683076923076923,,1.6144110275689227,5.57468671679198,
SHRIPISTON,2023-09-12,False,B. Fundamentals Improved,1.0706424950911,2.9924197451938443,,0.8312860676009892,,
SHYAMMETL,2023-01-04,True,A. Fundamentals Remained Healthy,1.092128372984193,1.7009420405556441,,1.2250248921340856,1.6737470959176899,
SIGNPOST,2026-06-01,True,A. Fundamentals Remained Healthy,,,,,,
SIRCA,2020-03-16,False,A. Fundamentals Remained Healthy,0.5166068222621183,1.75,1.2015260323159782,0.9006690684508492,2.1389603705609876,2.646423057128152
SIRCA,2022-06-13,False,B. Fundamentals Improved,0.5913928736695973,0.7633040259139288,,0.5389469103568318,0.6216275021758049,
SIRCA,2024-03-13,True,A. Fundamentals Remained Healthy,-0.15614617940199338,,,-0.2571264367816093,,
SIYSIL,2018-06-22,False,A. Fundamentals Remained Healthy,-0.48485123367198846,-0.43251088534107407,-0.01315312046444117,-0.5975229357798165,-0.38146788990825686,-0.017155963302752375
SIYSIL,2022-06-13,False,A. Fundamentals Remained Healthy,0.19042553191489353,0.5075531914893616,,0.06847103513770181,0.3859449192782527,
SIYSIL,2024-03-06,True,A. Fundamentals Remained Healthy,0.3601020408163267,,,0.5536507936507937,,
SJS,2025-01-28,False,B. Fundamentals Improved,0.7896663078579116,,,0.7426119078661453,,
SKIPPER,2018-05-03,False,A. Fundamentals Remained Healthy,-0.6912662596230422,-0.6843642155561455,-0.39899123971329964,,,
SKIPPER,2024-06-04,False,B. Fundamentals Improved,0.7858429394812678,,,0.516355140186916,,
SKIPPER,2025-07-25,True,A. Fundamentals Remained Healthy,0.13184782608695644,,,0.048096192384769365,,
SKMEGGPROD,2023-10-25,True,A. Fundamentals Remained Healthy,-0.3642557651991615,,,-0.3969885277246653,,
SKMEGGPROD,2026-07-30,False,A. Fundamentals Remained Healthy,,,,,,
SMSPHARMA,2021-10-22,False,A. Fundamentals Remained Healthy,-0.3272058823529411,1.2705882352941176,,-0.40251798561151086,0.8407194244604317,
SOLARINDS,2020-03-23,True,A. Fundamentals Remained Healthy,0.4839335654357628,3.3507219907539527,11.40831002796644,0.6517127071823203,3.1612154696132597,17.004419889502763
SOLARINDS,2025-01-13,False,B. Fundamentals Improved,0.41225152671331156,,,0.31782187897155145,,
SOLARINDS,2026-03-23,False,A. Fundamentals Remained Healthy,,,,,,
SOLEX,2021-05-14,False,A. Fundamentals Remained Healthy,3.449704142011835,23.39201183431953,35.786982248520715,1.520624303232999,24.56298773690078,21.185061315496096
SOLEX,2022-12-08,False,A. Fundamentals Remained Healthy,0.3774094757701314,4.2466222302287875,,0.34363831308077186,4.204431736954968,
SOLEX,2025-01-22,True,B. Fundamentals Improved,-0.06281147577784763,,,0.5571673399436896,,
SOLEX,2026-05-26,True,A. Fundamentals Remained Healthy,,,,,,
SOMANYCERA,2018-02-06,True,A. Fundamentals Remained Healthy,-0.5033093525179857,-0.44697841726618703,-0.22733812949640286,-0.37857510477170786,-0.3837217851628556,-0.2594662157194323
SONACOMS,2022-08-02,True,B. Fundamentals Improved,-0.0603981363828886,-0.25870393900889455,,,,
SONACOMS,2023-08-23,False,B. Fundamentals Improved,0.1674280879864638,0.37648054145516086,,0.2589239524055871,0.4217968615278498,
SONACOMS,2025-01-22,True,A. Fundamentals Remained Healthy,-0.12268561810360956,,,,,
SONATSOFTW,2018-10-23,False,B. Fundamentals Improved,0.0583182640144666,1.7093128390596743,3.871609403254973,-0.07708333333333328,1.6016666666666666,4.8758333333333335
SONATSOFTW,2019-11-22,True,B. Fundamentals Improved,0.12888888888888883,1.3226666666666667,3.7764444444444445,0.10977701543739293,1.509862778730703,4.387650085763294
SONATSOFTW,2022-07-26,False,A. Fundamentals Remained Healthy,1.0362374710871243,0.592135697764071,,,,
SONATSOFTW,2024-05-08,False,A. Fundamentals Remained Healthy,-0.28022733522779353,,,-0.347758380460618,,
SOTL,2018-05-22,False,B. Fundamentals Improved,-0.09430379746835438,-0.040506329113924044,0.2592827004219409,-0.16696588868940754,0.11510073808098942,0.15579493317374826
SOTL,2021-11-15,True,A. Fundamentals Remained Healthy,0.19149797570850202,0.9738866396761134,,0.26037344398340245,1.2421161825726141,
SOTL,2022-12-23,False,A. Fundamentals Remained Healthy,0.2783631893220935,0.2985598876009834,,,,
SPAL,2018-02-06,True,A. Fundamentals Remained Healthy,-0.3635836474340388,-0.5582777616700493,-0.12220933603943163,-0.12972972972972974,-0.5774081774081774,-0.03520443520443517
SPAL,2022-06-08,False,A. Fundamentals Remained Healthy,0.1904432132963989,1.3282548476454292,,0.2336601307189543,1.2373366013071894,
SPARC,2018-05-21,False,A. Fundamentals Remained Healthy,-0.5896892655367232,-0.3687853107344633,-0.47697740112994347,-0.6257389162561577,-0.4476600985221675,-0.5522167487684728
SPARC,2021-03-25,False,A. Fundamentals Remained Healthy,1.011111111111111,1.5482638888888887,-0.2229861111111111,0.5469101123595508,0.7749999999999999,-0.1907303370786516
SPARC,2022-05-06,False,D. Fundamentals Structurally Deteriorated,-0.1872635561160152,-0.38007566204287524,,0.0774450163781002,-0.26991109031352356,
SPARC,2026-08-12,False,A. Fundamentals Remained Healthy,,,,,,
SPECTRUM,2024-08-16,False,A. Fundamentals Remained Healthy,-0.12853107344632764,,,-0.25657492354740064,,
SPECTRUM,2026-06-08,True,A. Fundamentals Remained Healthy,,,,,,
SRM,2026-01-20,False,B. Fundamentals Improved,,,,,,
SSWL,2018-10-04,False,A. Fundamentals Remained Healthy,-0.2429406037000974,0.7590068159688412,1.8198636806231745,-0.3078651685393259,0.6175280898876403,1.5429213483146067
SSWL,2021-01-13,False,A. Fundamentals Remained Healthy,1.4980872226472841,3.202754399387911,2.0347360367253255,,,
STARCEMENT,2018-08-31,True,A. Fundamentals Remained Healthy,-0.11981132075471701,0.014150943396226356,0.48066037735849054,-0.16005349977708427,-0.03789567543468564,0.3695942933571108
STARCEMENT,2024-11-18,False,D. Fundamentals Structurally Deteriorated,0.29274888726125403,,,0.06468899521531113,,
STARCEMENT,2026-06-01,True,A. Fundamentals Remained Healthy,,,,,,
STOVEKRAFT,2025-04-08,False,A. Fundamentals Remained Healthy,-0.15528531337698792,,,0.2930387661525635,,
STYLAMIND,2023-03-17,False,B. Fundamentals Improved,0.5665812094706681,1.2264113004574475,,0.6086384976525823,1.0886384976525822,
STYLAMIND,2025-01-27,False,A. Fundamentals Remained Healthy,0.16026455026455033,,,0.2860571428571428,,
STYRENIX,2025-09-25,True,A. Fundamentals Remained Healthy,-0.1472772277227723,,,,,
SUBROS,2018-06-04,True,B. Fundamentals Improved,-0.13733766233766243,0.10389610389610393,0.0866883116883117,-0.218972454348499,0.012380068090374508,0.06855462705044868
SUBROS,2020-02-05,True,A. Fundamentals Remained Healthy,0.2308252869375116,0.07997813809437049,1.4142831116779013,0.2945488721804512,0.10469924812030085,1.0774436090225565
SUBROS,2025-02-14,True,B. Fundamentals Improved,0.3865360861125815,,,0.3235052562417873,,
SUBROS,2026-06-24,True,A. Fundamentals Remained Healthy,,,,,,
SUMICHEM,2025-11-14,False,A. Fundamentals Remained Healthy,,,,,,
SUNDRMFAST,2022-06-17,False,A. Fundamentals Remained Healthy,0.7338427947598254,0.4251819505094614,,0.6521244563399129,0.41197724991635987,
SUNDRMFAST,2025-01-01,False,A. Fundamentals Remained Healthy,-0.0952426488166388,,,,,
SUNTV,2018-07-16,True,B. Fundamentals Improved,-0.3559219786848985,-0.2876198136604331,-0.3268985856960922,-0.4615522817103844,-0.35303629177146967,-0.34938315965983946
SUNTV,2025-01-21,False,A. Fundamentals Remained Healthy,-0.15911021858345564,,,-0.011299901022764791,,
SUPRAJIT,2018-06-28,True,A. Fundamentals Remained Healthy,-0.1397580308719233,0.18690029203170644,0.653108051731331,-0.39389763779527565,0.3291338582677166,0.5781496062992126
SUPRAJIT,2022-02-17,False,A. Fundamentals Remained Healthy,0.06810408921933075,0.24773234200743488,,-0.0658602150537635,0.02123655913978495,
SUPRAJIT,2023-03-28,False,A. Fundamentals Remained Healthy,0.22408582653369602,0.25249320036264744,,0.17700886474120692,0.17686588504432388,
SUPRAJIT,2026-06-11,False,A. Fundamentals Remained Healthy,,,,,,
SUPREMEIND,2018-09-27,False,A. Fundamentals Remained Healthy,0.1666424453810007,1.2433754783703916,3.0425810202005517,0.11070366699702672,1.3230921704658076,3.484836471754212
SUPREMEIND,2022-05-12,True,A. Fundamentals Remained Healthy,0.49808954902593894,0.9266494457001397,,0.6999514746320159,1.3042001401843963,
SUPREMEIND,2024-10-22,False,A. Fundamentals Remained Healthy,-0.0974124809741248,,,-0.34067326732673264,,
SUPRIYA,2026-03-09,False,A. Fundamentals Remained Healthy,,,,,,
SURAKSHA,2026-05-22,False,A. Fundamentals Remained Healthy,,,,,,
SURYAROSNI,2023-01-27,False,B. Fundamentals Improved,1.6861952861952862,0.603030303030303,,0.5517557251908396,0.14858015267175584,
SURYAROSNI,2024-03-01,False,A. Fundamentals Remained Healthy,-0.2259005145797598,,,-0.07576367908694193,,
SURYAROSNI,2025-08-14,False,A. Fundamentals Remained Healthy,-0.1482811306340719,,,,,
SYRMA,2024-03-13,False,A. Fundamentals Remained Healthy,-0.0926535087719298,,,-0.06857656218806141,,
TAJGVK,2026-01-23,False,A. Fundamentals Remained Healthy,,,,,,
TALBROAUTO,2022-09-26,False,B. Fundamentals Improved,1.097826086956522,2.2309782608695654,,1.038500506585613,1.9660587639311045,
TALBROAUTO,2024-03-12,False,B. Fundamentals Improved,-0.09293103448275863,,,-0.10943060498220636,,
TANLA,2022-02-14,False,B. Fundamentals Improved,-0.5790554414784395,-0.6363449691991787,,-0.6505555555555556,-0.7318827160493827,
TANLA,2024-06-19,True,A. Fundamentals Remained Healthy,-0.3228234551005369,,,-0.3663934426229508,,
TARIL,2018-02-05,True,D. Fundamentals Structurally Deteriorated,-0.6133333333333333,-0.43333333333333335,1.2133333333333334,-0.6254180602006689,-0.3612040133779263,1.2508361204013378
TARIL,2025-01-27,False,B. Fundamentals Improved,-0.46554913294797684,,,-0.38915488252978514,,
TASTYBITE,2018-06-04,False,B. Fundamentals Improved,0.10891035233301594,1.1272820024486463,0.6144946265814175,0.09597003358305356,1.3783970550245415,0.7325820201498321
TASTYBITE,2020-03-19,False,A. Fundamentals Remained Healthy,0.5871031071004298,-0.052744298629663344,-0.07950406862280324,0.5112087378640777,-0.15802912621359233,-0.1646601941747573
TASTYBITE,2024-08-26,True,A. Fundamentals Remained Healthy,-0.30398802902888034,,,-0.3275340393343419,,
TATACOMM,2022-04-26,False,B. Fundamentals Improved,0.12645967230922417,0.42083823662532804,,0.5888831437435367,0.8286452947259566,
TATAELXSI,2018-10-08,False,A. Fundamentals Remained Healthy,-0.36224999999999996,5.34825,6.2993999999999994,-0.1782461240310078,4.691521317829457,7.184350775193799
TATAELXSI,2022-10-18,False,A. Fundamentals Remained Healthy,0.05826147426981909,-0.2531988873435327,,,,
TATAELXSI,2023-10-26,False,A. Fundamentals Remained Healthy,-0.06791333333333338,,,,,
TATASTEEL,2022-06-03,True,A. Fundamentals Remained Healthy,0.027230046948356845,0.4933333333333332,,0.22120285423037722,0.6277268093781856,
TBZ,2026-08-12,True,A. Fundamentals Remained Healthy,,,,,,
TCI,2018-10-22,True,B. Fundamentals Improved,0.14414776149367592,1.307568761292913,2.194137723348725,-0.07313738892686272,1.25187969924812,1.939507860560492
TCI,2020-02-10,True,A. Fundamentals Remained Healthy,-0.03478426154723435,1.458277893936514,3.007793195210036,,,
TCI,2022-02-21,False,B. Fundamentals Improved,0.1829090909090909,0.7971818181818182,,-0.04716257668711654,0.5869631901840491,
TCI,2026-03-23,True,A. Fundamentals Remained Healthy,,,,,,
TCIEXP,2018-03-09,False,A. Fundamentals Remained Healthy,0.4895522388059701,0.9305970149253733,2.35863539445629,0.44272727272727264,0.7644444444444445,2.002828282828283
TCIEXP,2020-03-12,False,A. Fundamentals Remained Healthy,0.6425000000000001,1.8555555555555556,0.21324074074074062,0.2161684782608695,1.0181385869565216,-0.05625000000000002
TCIEXP,2022-02-08,False,A. Fundamentals Remained Healthy,-0.1604691156155732,-0.5769219926136844,,-0.20816,-0.6674933333333333,
TCPLPACK,2025-08-12,False,A. Fundamentals Remained Healthy,0.27580701346957714,,,,,
TCS,2025-07-17,True,A. Fundamentals Remained Healthy,-0.2964341085271318,,,-0.30558375634517765,,
TDPOWERSYS,2025-01-28,False,B. Fundamentals Improved,0.9734939759036145,,,1.23485254691689,,
TEAMLEASE,2018-10-04,True,B. Fundamentals Improved,0.35941865705272646,1.1015998197386208,0.19087426768814786,0.18653465346534648,0.8234851485148516,-0.037861386138613784
TEAMLEASE,2019-12-11,True,A. Fundamentals Remained Healthy,0.10893395158016195,0.08081369260026938,0.17630718605098417,0.03502041124886612,-0.054959177502267975,0.11116570910190493
TECHM,2020-03-18,True,A. Fundamentals Remained Healthy,0.8124260893295736,1.0176475939234058,1.6200309287728554,0.8956953642384105,1.0618101545253862,1.849705665930831
TECHM,2022-04-25,False,A. Fundamentals Remained Healthy,-0.22194474793194952,0.12782893710004672,,,,
TECHNOE,2022-06-16,True,D. Fundamentals Structurally Deteriorated,0.4332669322709164,4.9231075697211155,,0.22135687088958145,4.261336102457598,
TECHNOE,2025-01-15,False,A. Fundamentals Remained Healthy,-0.23631665492130605,,,-0.016167580486433297,,
TECHNOE,2026-04-28,True,A. Fundamentals Remained Healthy,,,,,,
THANGAMAYL,2018-02-06,False,B. Fundamentals Improved,-0.24715789473684202,0.2808421052631578,1.1749473684210523,-0.3953617810760668,0.10426716141001857,0.8844155844155845
THANGAMAYL,2020-03-06,True,B. Fundamentals Improved,0.5230146686899344,1.5715730905412242,7.505058168942844,0.5572519083969465,1.6910941475826968,7.392875318066158
THANGAMAYL,2022-02-14,False,A. Fundamentals Remained Healthy,-0.039208294062205495,2.442318567389256,,-0.17091207888249793,1.9742810188989317,
THANGAMAYL,2025-01-13,False,A. Fundamentals Remained Healthy,1.0561988913890565,,,0.5399723576052955,,
THANGAMAYL,2026-08-03,False,A. Fundamentals Remained Healthy,,,,,,
THEJO,2019-05-22,True,B. Fundamentals Improved,-0.20398988479910074,4.73166619837033,14.921607193031752,,,
THEJO,2022-06-01,False,A. Fundamentals Remained Healthy,0.3969072164948453,0.99659793814433,,0.6543157894736842,1.3769473684210527,
THEJO,2024-10-03,False,A. Fundamentals Remained Healthy,-0.2838206627680312,,,,,
THERMAX,2020-03-09,True,A. Fundamentals Remained Healthy,0.6026857142857143,1.4928,2.8087999999999997,0.8452287581699345,2.094640522875817,3.508104575163398
THERMAX,2024-12-30,False,A. Fundamentals Remained Healthy,-0.2390151515151515,,,-0.08520408163265303,,
THYROCARE,2018-06-04,True,A. Fundamentals Remained Healthy,-0.20543806646525675,0.7537764350453173,-0.19536757301107743,-0.22914572864321603,1.2055276381909548,-0.06733668341708543
THYROCARE,2021-12-20,False,B. Fundamentals Improved,-0.37905695039804044,-0.007654623392529092,,-0.4436049649217486,-0.18456556934700497,
THYROCARE,2026-03-05,False,B. Fundamentals Improved,,,,,,
TIIL,2022-06-20,False,A. Fundamentals Remained Healthy,1.119705882352941,2.3138823529411767,,0.6979342867394536,2.350966220718642,
TIIL,2024-03-01,False,A. Fundamentals Remained Healthy,0.3454230973922301,,,0.18968888888888902,,
TIINDIA,2020-03-19,False,B. Fundamentals Improved,2.0439968195070235,5.736549165120593,6.611582295255764,2.1872649113379903,6.697877485222999,7.103707684040838
TIINDIA,2025-01-13,True,A. Fundamentals Remained Healthy,-0.272253383733691,,,,,
TIMETECHNO,2025-02-28,False,B. Fundamentals Improved,-0.007438245906189356,,,-0.21078048780487812,,
TIMETECHNO,2026-04-09,False,A. Fundamentals Remained Healthy,,,,,,
TIMKEN,2018-03-27,False,A. Fundamentals Remained Healthy,-0.18354611963850243,0.8017501075885811,2.9594749677234256,0.0011081099799155059,0.8281736962393516,3.413255765634739
TIMKEN,2019-05-29,False,A. Fundamentals Remained Healthy,0.116145092460882,2.067923186344239,4.620910384068279,0.3957584471603164,3.156578001437815,4.570165348670022
TIMKEN,2024-03-07,False,A. Fundamentals Remained Healthy,-0.020762100144365747,,,-0.07656996587030718,,
TINNARUBR,2026-05-12,False,A. Fundamentals Remained Healthy,,,,,,
TIPSMUSIC,2020-06-01,True,B. Fundamentals Improved,6.968888888888889,17.315555555555555,56.333333333333336,,,
TIPSMUSIC,2021-08-23,False,B. Fundamentals Improved,0.47766990291262124,5.9737864077669895,5.25,0.2278287461773698,4.381880733944954,3.930428134556574
TIPSMUSIC,2022-11-09,False,B. Fundamentals Improved,0.9096893101632437,1.5508162190626642,,0.8509333333333333,1.8181333333333334,
TIPSMUSIC,2024-06-04,False,B. Fundamentals Improved,0.7615677021890157,,,0.5625281151596941,,
TIPSMUSIC,2025-06-19,False,B. Fundamentals Improved,-0.0029012062910367398,,,-0.010245901639344246,,
TIPSMUSIC,2026-07-22,True,A. Fundamentals Remained Healthy,,,,,,
TITAN,2020-03-18,True,A. Fundamentals Remained Healthy,0.668503892266606,1.7955565657139605,2.4290016478208987,0.6596099697570135,1.9484304932735426,2.676608614036917
TITAN,2022-06-17,False,B. Fundamentals Improved,0.5317853457172341,0.7740454076367389,,0.46915887850467297,0.7131308411214954,
TORNTPOWER,2025-06-12,True,A. Fundamentals Remained Healthy,-0.005714285714285672,,,-0.03462168806337074,,
TRANSRAILL,2026-04-30,False,A. Fundamentals Remained Healthy,,,,,,
TRENT,2020-06-04,True,D. Fundamentals Structurally Deteriorated,0.5202033716885204,1.8528231201498526,8.972972972972974,0.5133568548387097,2.316784274193548,8.272933467741936
TRENT,2025-01-21,True,B. Fundamentals Improved,-0.34373202238376654,,,-0.37311575162494814,,
TRITURBINE,2025-07-25,False,A. Fundamentals Remained Healthy,0.013823385916409192,,,,,
TTKPRESTIG,2018-03-26,False,B. Fundamentals Improved,0.3262935586061244,0.3777479120668139,0.29797446481712564,,,
TTKPRESTIG,2022-02-11,False,B. Fundamentals Improved,-0.07854876369514463,-0.14823684368077583,,-0.14512736620705768,-0.2632624444963776,
TVSMOTOR,2018-05-24,False,A. Fundamentals Remained Healthy,-0.09241290084095732,0.1478606413455319,1.3309305979114687,,,
UBL,2020-03-16,True,A. Fundamentals Remained Healthy,0.24805327868852456,0.48970286885245917,0.9310963114754098,0.40220266695459705,0.5740970685094207,1.2094693084273604
UDS,2025-06-04,True,A. Fundamentals Remained Healthy,-0.40721916477824527,,,,,
UNICHEMLAB,2018-05-30,True,D. Fundamentals Structurally Deteriorated,-0.2567359507313318,0.2988837567359506,0.43187066974595845,,,
UNITDSPR,2018-07-18,True,B. Fundamentals Improved,0.08823795316879135,0.19329174577343844,0.7596058222583855,-0.07923282502751139,0.03230624115705072,0.5644552743279359
UNITDSPR,2020-03-18,True,B. Fundamentals Improved,0.07023445463812439,0.5613659531090724,1.7585117227319063,0.0468518518518517,0.4919444444444443,1.8775925925925927
UNOMINDA,2018-10-08,False,B. Fundamentals Improved,0.10171687722708134,1.5098801425332038,2.8639455782312924,-0.054228715931441296,1.667603259342512,2.5358246698510825
UNOMINDA,2020-03-16,True,A. Fundamentals Remained Healthy,0.8753298153034301,2.116424802110818,5.170844327176781,0.8713012477718358,2.731550802139038,5.3786096256684495
UNOMINDA,2025-02-18,False,A. Fundamentals Remained Healthy,0.39681072336491785,,,0.0919633774160733,,
USHAMART,2025-02-10,False,A. Fundamentals Remained Healthy,0.3704058804729946,,,0.21724759615384626,,
UTIAMC,2022-02-04,False,A. Fundamentals Remained Healthy,-0.19439306358381503,0.17757225433526025,,-0.29795464179737174,0.0004239084357777756,
UTIAMC,2025-02-14,True,A. Fundamentals Remained Healthy,0.1339479679966089,,,-0.15282190244814065,,
UTIAMC,2026-02-25,False,A. Fundamentals Remained Healthy,,,,,,
VADILALIND,2018-02-01,False,A. Fundamentals Remained Healthy,-0.4065893613105098,-0.008650837474691753,2.542364562243082,-0.44698600645855757,-0.05392895586652313,1.7691065662002154
VADILALIND,2019-09-30,True,A. Fundamentals Remained Healthy,-0.0042263294013751285,2.281839399482748,3.9702264555604616,-0.026743968580512312,1.6975250919518738,3.613490430771149
VADILALIND,2023-03-22,False,B. Fundamentals Improved,0.7430425617583667,1.0027474479524403,,1.0782438937817513,1.0602080883821015,
VADILALIND,2024-11-14,True,A. Fundamentals Remained Healthy,0.43936090912926673,,,0.3478502549725693,,
VAIBHAVGBL,2020-03-12,False,B. Fundamentals Improved,4.322983354673497,0.9711907810499361,0.3992317541613317,3.325,0.6531578947368422,0.21231578947368424
VAIBHAVGBL,2021-08-23,False,A. Fundamentals Remained Healthy,-0.5686524822695035,-0.5158156028368794,-0.6886524822695035,-0.5500406834825061,-0.6007385616824186,-0.7289979345308881
VAIBHAVGBL,2026-06-19,True,A. Fundamentals Remained Healthy,,,,,,
VARROC,2024-11-13,False,A. Fundamentals Remained Healthy,0.27798692292450955,,,0.07342954159592541,,
VBL,2020-03-20,True,A. Fundamentals Remained Healthy,1.0746791131855309,5.081680280046675,11.623103850641773,0.5047784535186794,4.416159860990443,7.928757602085144
VBL,2025-02-17,False,A. Fundamentals Remained Healthy,-0.03771008403361342,,,-0.2224407605132528,,
VEEDOL,2020-09-07,True,B. Fundamentals Improved,1.0833333333333335,0.392156862745098,0.8635524798154557,1.2391526578827805,0.36182417083144025,1.225124943207633
VEEDOL,2024-10-22,False,A. Fundamentals Remained Healthy,-0.04949494949494948,,,,,
VENUSPIPES,2024-11-14,True,A. Fundamentals Remained Healthy,-0.2390818128310771,,,,,
VGUARD,2020-03-12,True,A. Fundamentals Remained Healthy,0.48225806451612896,0.5964516129032258,1.144516129032258,0.2762589928057555,0.43424460431654666,1.1680575539568343
VGUARD,2022-02-22,True,A. Fundamentals Remained Healthy,0.2073018254563641,0.7236809202300576,,0.15275186567164178,0.5454757462686568,
VGUARD,2024-11-18,False,B. Fundamentals Improved,-0.1135354560446531,,,-0.22155963302752302,,
VIDHIING,2018-05-31,False,B. Fundamentals Improved,-0.04166666666666663,1.5902777777777777,3.413510101010101,-0.23124999999999996,2.334375,3.9712499999999995
VIDHIING,2022-06-16,False,A. Fundamentals Remained Healthy,0.1171465040419799,0.20252446461494822,,-0.03554216867469884,0.011325301204819338,
VIDHIING,2025-07-15,True,A. Fundamentals Remained Healthy,-0.21502006018054165,,,-0.2879146919431279,,
VIJAYA,2022-10-27,False,A. Fundamentals Remained Healthy,0.22375271149674614,1.1683297180043386,,0.3311053984575836,1.0617994858611826,
VIJAYA,2025-04-07,False,B. Fundamentals Improved,0.009839095455533853,,,-0.03236180904522623,,
VIMTALABS,2019-02-07,False,A. Fundamentals Remained Healthy,-0.4960352422907489,0.7515418502202644,1.170484581497797,,,
VIMTALABS,2022-06-17,True,B. Fundamentals Improved,0.2970391595033428,2.0926456542502385,,0.1327635327635328,1.5811965811965814,
VIMTALABS,2023-11-03,True,A. Fundamentals Remained Healthy,0.2779043280182232,,,1.2141552511415523,,
VINATIORGA,2018-02-23,False,A. Fundamentals Remained Healthy,0.9826751592356688,2.5826751592356687,3.7791082802547766,0.8961142857142856,2.2377142857142855,2.9579428571428568
VINATIORGA,2020-03-12,False,A. Fundamentals Remained Healthy,0.9392890427373184,1.4280388763147385,1.1188257222739981,0.8737785016286646,1.148317046688382,0.8245385450597178
VINATIORGA,2024-02-09,True,A. Fundamentals Remained Healthy,0.058163701937771206,,,-0.08613037045632566,,
VINYAS,2026-02-01,False,A. Fundamentals Remained Healthy,,,,,,
VISHNU,2022-11-14,False,B. Fundamentals Improved,0.12233285917496461,0.7892958748221905,,,,
VISHNU,2024-02-13,True,A. Fundamentals Remained Healthy,0.5583420411006617,,,0.48566365979381443,,
VIYASH,2019-01-22,True,D. Fundamentals Structurally Deteriorated,-0.015393724097098826,1.044404973357016,0.6098283007696861,0.23770491803278682,1.1721311475409837,0.8838797814207651
VMARCIND,2022-09-08,False,A. Fundamentals Remained Healthy,2.439024390243902,11.016260162601625,,2.1587301587301586,10.8015873015873,
VMARCIND,2024-02-28,False,A. Fundamentals Remained Healthy,0.9558498896247241,,,1.3756218905472637,,
VMART,2018-07-18,False,A. Fundamentals Remained Healthy,-0.04172904191616755,0.5447230538922156,0.05071107784431139,-0.26269315673289184,0.5602333648691264,-0.10138757489750883
VMM,2026-07-23,True,A. Fundamentals Remained Healthy,,,,,,
VSSL,2018-05-03,False,A. Fundamentals Remained Healthy,-0.29949238578680215,0.46410442349528647,1.6127628716461202,-0.3466872110939908,0.9283513097072418,1.926040061633282
VSSL,2022-05-25,False,A. Fundamentals Remained Healthy,0.9056603773584906,1.4981132075471697,,0.6271040138109625,1.2615451014242556,
VSTTILLERS,2018-08-01,False,A. Fundamentals Remained Healthy,-0.5367168095974506,-0.04290266647921659,0.45442616804911196,,,
VSTTILLERS,2020-08-14,False,A. Fundamentals Remained Healthy,0.18929906819395792,0.7904326666270993,2.102736067422399,0.722093023255814,1.180813953488372,2.428779069767442
VSTTILLERS,2022-03-15,False,A. Fundamentals Remained Healthy,-0.10842572982849541,0.32338773306756363,,-0.0697755417956657,0.4727554179566562,
VSTTILLERS,2023-04-21,False,A. Fundamentals Remained Healthy,0.38798518949952165,1.1921620834546744,,,,
VSTTILLERS,2025-02-17,False,A. Fundamentals Remained Healthy,0.7007390344562818,,,0.23766585083086444,,
WAAREEENER,2026-07-22,True,A. Fundamentals Remained Healthy,,,,,,
WAAREERTL,2026-06-08,True,A. Fundamentals Remained Healthy,,,,,,
WABAG,2025-01-24,False,A. Fundamentals Remained Healthy,-0.19368226884943507,,,-0.15190677966101684,,
WEBELSOLAR,2018-01-30,False,A. Fundamentals Remained Healthy,-0.8211382113821138,-0.6422764227642277,-0.2520325203252034,,,
WEBELSOLAR,2020-12-04,False,A. Fundamentals Remained Healthy,1.692307692307692,6.884615384615384,40.857692307692304,1.0227272727272725,7.977272727272727,13.534090909090908
WEBELSOLAR,2022-02-14,False,A. Fundamentals Remained Healthy,-0.2543859649122807,10.052631578947368,,-0.29999999999999993,9.025,
WEBELSOLAR,2023-08-25,False,A. Fundamentals Remained Healthy,6.5123966942148765,5.683471074380166,,,,
WEBELSOLAR,2025-01-28,False,A. Fundamentals Remained Healthy,-0.32945990180032736,,,-0.5558000000000001,,
WELCORP,2021-12-20,False,A. Fundamentals Remained Healthy,0.44451571520205246,3.988454137267479,,0.2527003979533826,3.4857873791927227,
WHEELS,2018-12-07,False,B. Fundamentals Improved,-0.39364380113278785,-0.32027480595762536,-0.2858191734843717,-0.49039999999999995,-0.42804999999999993,-0.3661
WINDLAS,2025-02-13,False,A. Fundamentals Remained Healthy,-0.048581560283687986,,,-0.21030796234242854,,
WINDLAS,2026-05-08,False,A. Fundamentals Remained Healthy,,,,,,
WIPRO,2020-03-12,True,B. Fundamentals Improved,1.1366834170854272,0.936683417085427,1.791457286432161,1.7126984126984128,1.0941798941798941,1.6424338624338626
WIPRO,2022-04-29,False,A. Fundamentals Remained Healthy,-0.24655674102812808,-0.06692531522793399,,,,
WIPRO,2026-02-12,False,A. Fundamentals Remained Healthy,,,,,,
ZENSARTECH,2019-07-11,False,A. Fundamentals Remained Healthy,-0.48032786885245904,0.07008196721311477,1.976844262295082,-0.1338349293205655,-0.04240766073871416,2.0795713634290927
ZENSARTECH,2025-03-11,False,A. Fundamentals Remained Healthy,-0.1795058139534884,,,-0.3041388518024032,,
ZENTEC,2020-08-05,True,D. Fundamentals Structurally Deteriorated,0.43643410852713194,9.46279069767442,22.204651162790697,1.7980900409276943,10.062073669849932,18.89768076398363
ZENTEC,2025-01-27,True,A. Fundamentals Remained Healthy,-0.26558599913929126,,,-0.12445442875481394,,
ZFCVINDIA,2019-02-15,False,A. Fundamentals Remained Healthy,0.135,0.2929999999999999,1.4769999999999999,0.05069124423963123,0.14009216589861762,1.2423963133640554
ZFCVINDIA,2020-03-19,False,A. Fundamentals Remained Healthy,0.0521472392638036,0.7198364008179958,1.1083844580777096,0.0531443755535872,0.5429583702391496,1.0186005314437554
ZFCVINDIA,2024-11-27,True,A. Fundamentals Remained Healthy,0.047504798464491405,,,0.3116883116883118,,
ZYDUSLIFE,2025-01-27,True,B. Fundamentals Improved,-0.03170388033817473,,,-0.09660493827160488,,
ZYDUSLIFE,2026-02-27,True,A. Fundamentals Remained Healthy,,,,,,
