symbol,scan_date,next_date,regime,eod_score,est_5m_score,vol_surge,price_move_pct,gap_up_pct,raw_r,realized_r,hit_stop,atr,o_nd,h_nd,l_nd,c_nd,variant_id,sector
DRREDDY,2025-10-01,2025-10-03,BEAR,80.0,80.0,1.385,0.338,-0.064,1.15,0.745,0,24.84,1236.06,1257.43,1232.19,1240.23,V1_PROD_BASELINE,PHARMA
DIVISLAB,2025-10-01,2025-10-03,BEAR,80.0,80.0,1.497,1.849,0.867,1.92,1.251,0,119.54,5759.5,5932.0,5746.0,5866.0,V1_PROD_BASELINE,PHARMA
LODHA,2025-10-06,2025-10-07,BULL,80.0,85.0,5.86,2.415,0.26,1.59,1.033,1,28.68,1118.0,1152.2,1098.8,1145.0,V1_PROD_BASELINE,REALTY
ICICIGI,2025-10-14,2025-10-15,NEUTRAL,80.0,85.0,12.316,6.607,2.173,5.12,3.0,0,37.46,1881.82,2025.7,1881.82,2006.14,V1_PROD_BASELINE,FINSERV
NESTLEIND,2025-10-14,2025-10-15,NEUTRAL,80.0,85.0,2.251,3.905,0.0,3.27,2.126,0,19.97,1163.59,1212.59,1163.59,1209.03,V1_PROD_BASELINE,FMCG
COALINDIA,2025-10-29,2025-10-30,BULL,80.0,85.0,2.269,1.24,0.249,1.33,0.866,1,5.77,367.98,373.75,364.48,372.55,V1_PROD_BASELINE,ENERGY
DLF,2025-10-31,2025-11-03,NEUTRAL,80.0,80.0,1.785,2.94,-0.165,2.73,1.776,0,14.22,745.64,774.77,743.02,767.56,V1_PROD_BASELINE,REALTY
DABUR,2025-10-31,2025-11-03,NEUTRAL,80.0,80.0,1.703,3.114,0.113,2.22,1.446,0,9.62,479.32,495.37,476.86,494.25,V1_PROD_BASELINE,FMCG
ADANIENT,2025-11-06,2025-11-07,BEAR,80.0,85.0,2.153,2.35,0.03,1.9,1.233,0,61.49,2313.97,2401.43,2290.38,2368.34,V1_PROD_BASELINE,ENERGY
HINDALCO,2025-11-06,2025-11-07,BEAR,80.0,80.0,1.36,0.241,0.013,0.97,0.283,0,19.35,784.41,798.43,778.94,786.3,V1_PROD_BASELINE,METAL
TRENT,2025-11-10,2025-11-11,BEAR,80.0,80.0,1.672,0.484,0.264,0.85,0.224,0,109.95,4288.66,4358.56,4256.81,4309.43,V1_PROD_BASELINE,CONS
KOTAKBANK,2025-11-14,2025-11-17,BULL,80.0,85.0,2.314,0.377,0.736,1.0,0.651,0,6.62,418.28,423.25,417.76,419.86,V1_PROD_BASELINE,BANK
EICHERMOT,2025-11-14,2025-11-17,BULL,80.0,80.0,1.517,1.025,0.523,0.77,0.187,0,135.97,6730.0,6809.0,6675.0,6799.0,V1_PROD_BASELINE,AUTO
MPHASIS,2025-11-20,2025-11-21,BULL,80.0,85.0,2.038,0.446,-0.201,0.77,0.184,0,71.54,2663.49,2704.69,2642.65,2675.37,V1_PROD_BASELINE,IT
BAJFINANCE,2025-11-26,2025-11-27,BULL,80.0,80.0,1.827,1.792,0.485,1.7,1.106,0,22.83,1009.4,1038.52,1004.72,1027.48,V1_PROD_BASELINE,FINSERV
ITC,2025-11-28,2025-12-01,BULL,80.0,80.0,1.636,0.36,-0.359,0.78,-1.0,1,4.42,384.07,386.64,379.68,385.45,V1_PROD_BASELINE,FMCG
SBIN,2025-12-04,2025-12-05,NEUTRAL,80.0,80.0,1.602,2.387,0.079,2.26,1.47,0,14.16,932.05,956.07,929.94,954.3,V1_PROD_BASELINE,BANK
ADANIENT,2025-12-04,2025-12-05,NEUTRAL,80.0,80.0,1.547,2.142,-0.0,1.13,0.732,0,59.97,2216.91,2267.59,2201.92,2264.39,V1_PROD_BASELINE,ENERGY
DLF,2025-12-08,2025-12-09,BEAR,80.0,80.0,1.411,0.811,-0.429,1.32,0.858,0,14.47,676.01,690.33,671.07,681.49,V1_PROD_BASELINE,REALTY
GODREJPROP,2025-12-08,2025-12-09,BEAR,80.0,85.0,2.969,3.706,-0.258,1.95,1.271,0,55.25,1960.52,2041.53,1942.61,2033.17,V1_PROD_BASELINE,REALTY
TRENT,2025-12-08,2025-12-09,BEAR,80.0,85.0,2.414,0.884,-1.0,1.11,0.725,1,81.81,4043.62,4112.02,3982.12,4079.37,V1_PROD_BASELINE,CONS
BEL,2025-12-08,2025-12-09,BEAR,80.0,80.0,1.664,1.143,-0.349,0.87,0.237,0,9.04,383.42,389.34,378.94,387.8,V1_PROD_BASELINE,INFRA
TATASTEEL,2025-12-10,2025-12-11,BEAR,100.0,85.0,1.767,1.761,0.783,1.29,0.842,0,3.19,160.2,163.29,159.87,163.02,V1_PROD_BASELINE,METAL
PERSISTENT,2025-12-10,2025-12-11,BEAR,80.0,80.0,1.572,2.69,0.133,1.7,1.107,0,146.69,6019.91,6207.23,5997.49,6181.83,V1_PROD_BASELINE,IT
DIXON,2025-12-10,2025-12-11,BEAR,80.0,85.0,4.224,5.175,-0.016,2.02,1.312,0,449.71,12349.0,13030.0,12130.0,12988.0,V1_PROD_BASELINE,TECH
KAYNES,2025-12-10,2025-12-11,BEAR,80.0,80.0,1.833,3.258,0.604,0.87,0.234,0,330.36,3914.0,4129.0,3830.0,4041.5,V1_PROD_BASELINE,TECH
AXISBANK,2025-12-16,2025-12-17,NEUTRAL,80.0,80.0,1.386,0.336,0.082,0.95,0.274,0,21.66,1219.66,1235.05,1219.36,1223.76,V1_PROD_BASELINE,BANK
EICHERMOT,2025-12-16,2025-12-17,NEUTRAL,80.0,80.0,1.395,0.429,0.602,0.75,0.175,0,129.03,7104.0,7176.5,7080.5,7134.5,V1_PROD_BASELINE,AUTO
POWERGRID,2025-12-18,2025-12-19,NEUTRAL,80.0,80.0,1.961,2.093,0.039,1.89,1.229,0,4.11,255.19,261.02,255.09,260.53,V1_PROD_BASELINE,ENERGY
DIVISLAB,2025-12-18,2025-12-19,NEUTRAL,80.0,85.0,3.701,1.069,0.47,2.06,1.342,0,121.46,6410.0,6598.0,6408.5,6478.5,V1_PROD_BASELINE,PHARMA
ABB,2025-12-18,2025-12-19,NEUTRAL,80.0,85.0,2.238,1.391,0.167,1.21,0.789,0,93.53,5085.2,5170.35,5079.23,5155.91,V1_PROD_BASELINE,MFNG
CHOLAFIN,2025-12-22,2025-12-23,BULL,80.0,85.0,4.14,4.579,1.268,3.07,1.998,0,46.96,1603.17,1711.45,1593.98,1676.59,V1_PROD_BASELINE,FINSERV
TATASTEEL,2025-12-26,2025-12-29,NEUTRAL,80.0,85.0,2.222,1.646,0.231,2.07,1.349,0,2.91,166.08,170.61,165.87,168.82,V1_PROD_BASELINE,METAL
ONGC,2025-12-30,2025-12-31,NEUTRAL,80.0,80.0,1.944,2.424,0.004,2.33,1.517,0,3.52,229.29,235.46,229.22,234.85,V1_PROD_BASELINE,ENERGY
HINDUNILVR,2025-12-30,2025-12-31,NEUTRAL,80.0,80.0,1.328,1.131,-0.009,1.49,0.967,0,31.5,2266.94,2302.08,2263.77,2292.58,V1_PROD_BASELINE,FMCG
DABUR,2025-12-30,2025-12-31,NEUTRAL,80.0,85.0,2.273,1.737,-0.131,2.75,1.79,0,7.12,488.66,503.37,488.56,497.15,V1_PROD_BASELINE,FMCG
DIXON,2025-12-30,2025-12-31,NEUTRAL,80.0,80.0,1.323,2.075,0.756,1.07,0.698,0,475.78,11856.0,12239.0,11755.0,12102.0,V1_PROD_BASELINE,TECH
ONGC,2026-01-05,2026-01-06,BULL,80.0,80.0,1.329,1.596,0.0,1.3,0.847,0,4.27,232.62,236.79,232.62,236.33,V1_PROD_BASELINE,ENERGY
TCS,2026-01-05,2026-01-06,BULL,80.0,80.0,1.416,1.427,-0.19,1.61,1.048,0,42.39,3093.55,3144.82,3088.73,3137.69,V1_PROD_BASELINE,IT
HCLTECH,2026-01-05,2026-01-06,BULL,80.0,80.0,1.317,1.0,-0.454,1.19,0.771,0,27.85,1543.19,1567.97,1540.3,1558.62,V1_PROD_BASELINE,IT
ABB,2026-01-05,2026-01-06,BULL,80.0,80.0,1.615,1.083,0.0,1.39,0.904,0,82.11,5147.45,5233.1,5139.48,5203.22,V1_PROD_BASELINE,MFNG
INFY,2026-01-13,2026-01-14,BEAR,80.0,80.0,1.414,0.743,-0.688,1.37,0.891,0,27.62,1554.36,1582.75,1549.57,1565.91,V1_PROD_BASELINE,IT
IDFCFIRSTB,2026-01-21,2026-01-22,BEAR,80.0,80.0,1.641,2.683,0.601,1.89,1.227,0,1.75,81.76,84.23,81.66,83.95,V1_PROD_BASELINE,BANK
BRITANNIA,2026-01-21,2026-01-22,BEAR,80.0,80.0,1.335,1.402,0.819,1.59,1.03,0,105.13,5850.0,5975.0,5819.0,5932.0,V1_PROD_BASELINE,FMCG
BPCL,2026-01-27,2026-01-28,BEAR,80.0,85.0,2.197,0.513,0.867,0.78,0.189,0,8.99,350.61,355.86,347.59,352.41,V1_PROD_BASELINE,ENERGY
IOC,2026-01-27,2026-01-28,BEAR,80.0,80.0,1.693,2.421,0.063,1.91,1.242,0,3.45,157.02,161.96,156.57,160.82,V1_PROD_BASELINE,ENERGY
POWERGRID,2026-01-27,2026-01-28,BEAR,80.0,80.0,1.304,2.283,-0.138,1.85,1.199,0,4.82,251.18,257.86,251.18,256.92,V1_PROD_BASELINE,ENERGY
M&M,2026-01-27,2026-01-28,BEAR,80.0,80.0,1.836,2.078,-0.427,1.3,0.845,0,79.06,3343.88,3420.97,3340.92,3413.35,V1_PROD_BASELINE,AUTO
ITC,2026-01-27,2026-01-28,BEAR,80.0,80.0,1.44,0.375,0.408,0.78,0.189,0,6.13,305.07,308.65,304.5,306.22,V1_PROD_BASELINE,FMCG
HAL,2026-01-27,2026-01-28,BEAR,80.0,85.0,2.162,5.812,0.494,3.66,1.875,0,97.11,4333.99,4600.38,4325.56,4585.9,V1_PROD_BASELINE,INFRA
M&M,2026-01-29,2026-01-30,NEUTRAL,80.0,80.0,1.898,4.532,-2.996,2.64,1.716,0,84.69,3248.88,3416.52,3248.68,3396.14,V1_PROD_BASELINE,AUTO
ITC,2026-01-29,2026-01-30,NEUTRAL,80.0,85.0,2.062,1.051,0.063,1.37,0.888,0,5.91,303.97,310.03,301.73,307.17,V1_PROD_BASELINE,FMCG
HINDUNILVR,2026-01-29,2026-01-30,NEUTRAL,80.0,80.0,1.513,1.367,-0.493,1.27,0.824,0,45.81,2317.43,2360.99,2316.44,2349.11,V1_PROD_BASELINE,FMCG
NESTLEIND,2026-01-29,2026-01-30,NEUTRAL,80.0,85.0,5.53,3.608,-0.148,3.0,1.949,0,23.59,1272.97,1326.03,1270.01,1318.9,V1_PROD_BASELINE,FMCG
TITAN,2026-01-29,2026-01-30,NEUTRAL,80.0,80.0,1.844,0.821,0.135,0.86,0.231,0,77.15,3932.1,3981.93,3897.01,3964.39,V1_PROD_BASELINE,CONS
TRENT,2026-02-04,2026-02-05,BULL,80.0,85.0,3.736,3.974,-0.977,1.44,0.933,1,104.47,2645.02,2757.53,2571.53,2750.14,V1_PROD_BASELINE,CONS
KAYNES,2026-02-06,2026-02-09,BULL,80.0,80.0,1.575,4.746,1.749,1.35,0.881,0,201.06,3765.0,3969.3,3757.8,3943.7,V1_PROD_BASELINE,TECH
INFY,2026-02-12,2026-02-13,BULL,80.0,85.0,3.547,5.812,-6.645,2.5,1.625,0,43.54,1266.49,1348.13,1254.36,1340.1,V1_PROD_BASELINE,IT
TCS,2026-02-12,2026-02-13,BULL,80.0,85.0,2.28,4.147,-6.003,2.1,1.368,0,79.59,2536.51,2662.11,2536.51,2641.7,V1_PROD_BASELINE,IT
HCLTECH,2026-02-12,2026-02-13,BULL,80.0,85.0,2.04,2.263,-3.597,1.69,1.098,1,41.25,1382.16,1434.41,1355.93,1413.43,V1_PROD_BASELINE,IT
WIPRO,2026-02-12,2026-02-13,BULL,80.0,80.0,1.409,1.633,-3.848,1.17,0.763,0,6.62,210.65,216.48,209.01,214.09,V1_PROD_BASELINE,IT
TECHM,2026-02-12,2026-02-13,BULL,80.0,85.0,3.033,3.494,-3.514,1.79,1.166,0,47.37,1445.05,1508.79,1427.31,1495.54,V1_PROD_BASELINE,IT
PERSISTENT,2026-02-12,2026-02-13,BULL,80.0,85.0,2.506,5.163,-4.439,2.14,1.392,0,205.47,5210.0,5540.0,5210.0,5479.0,V1_PROD_BASELINE,IT
MPHASIS,2026-02-12,2026-02-13,BULL,80.0,85.0,2.734,2.965,-3.101,1.72,1.119,0,85.66,2325.26,2435.89,2293.71,2394.21,V1_PROD_BASELINE,IT
INFY,2026-02-16,2026-02-17,NEUTRAL,80.0,80.0,1.461,1.547,0.322,1.7,1.102,0,46.96,1340.98,1400.69,1338.05,1361.73,V1_PROD_BASELINE,IT
WIPRO,2026-02-16,2026-02-17,NEUTRAL,80.0,80.0,1.425,1.139,0.0,1.19,0.774,0,6.86,213.26,219.39,212.26,215.69,V1_PROD_BASELINE,IT
BPCL,2026-02-20,2026-02-23,NEUTRAL,80.0,80.0,1.856,0.568,1.01,0.97,0.284,0,9.22,370.0,376.7,366.65,372.1,V1_PROD_BASELINE,ENERGY
ICICIBANK,2026-02-24,2026-02-25,BEAR,80.0,80.0,1.41,0.625,0.505,0.94,0.271,0,22.08,1391.8,1407.4,1388.2,1400.5,V1_PROD_BASELINE,BANK
HCLTECH,2026-02-24,2026-02-25,BEAR,80.0,80.0,1.417,1.712,1.18,1.04,0.678,0,45.19,1316.11,1351.46,1315.14,1338.64,V1_PROD_BASELINE,IT
MARUTI,2026-02-24,2026-02-25,BEAR,80.0,80.0,1.35,1.413,-0.442,1.18,0.77,0,307.18,14860.0,15133.0,14837.0,15070.0,V1_PROD_BASELINE,AUTO
HEROMOTOCO,2026-02-24,2026-02-25,BEAR,80.0,85.0,2.254,4.11,0.0,3.11,1.875,0,141.03,5511.0,5840.0,5500.5,5737.5,V1_PROD_BASELINE,AUTO
TRENT,2026-02-26,2026-02-27,NEUTRAL,80.0,80.0,1.647,1.128,-0.0,0.81,0.206,0,80.84,2566.87,2616.13,2556.22,2595.83,V1_PROD_BASELINE,CONS
DIXON,2026-02-26,2026-02-27,NEUTRAL,80.0,85.0,2.636,4.176,-0.099,1.7,1.103,0,403.82,10106.0,10620.0,10085.0,10528.0,V1_PROD_BASELINE,TECH
RELIANCE,2026-03-04,2026-03-05,BEAR,80.0,80.0,1.834,2.683,0.602,1.99,1.293,0,30.62,1346.87,1392.56,1346.87,1383.01,V1_PROD_BASELINE,ENERGY
BPCL,2026-03-04,2026-03-05,BEAR,80.0,80.0,1.526,1.037,0.07,0.75,-1.0,1,10.46,356.65,362.5,351.1,360.35,V1_PROD_BASELINE,ENERGY
IOC,2026-03-04,2026-03-05,BEAR,80.0,80.0,1.702,0.316,0.329,1.21,0.79,0,4.79,168.87,173.24,167.17,169.4,V1_PROD_BASELINE,ENERGY
ADANIPORTS,2026-03-04,2026-03-05,BEAR,80.0,80.0,1.57,3.6,0.892,1.73,1.122,0,44.84,1441.13,1499.18,1441.13,1493.01,V1_PROD_BASELINE,INFRA
HINDALCO,2026-03-04,2026-03-05,BEAR,80.0,85.0,3.285,2.683,0.89,2.49,1.616,0,28.54,925.17,978.4,921.59,949.99,V1_PROD_BASELINE,METAL
DLF,2026-03-04,2026-03-05,BEAR,80.0,80.0,1.928,2.397,0.422,1.29,0.84,0,18.24,564.36,582.04,564.36,577.89,V1_PROD_BASELINE,REALTY
HAL,2026-03-04,2026-03-05,BEAR,80.0,80.0,1.314,0.563,-0.175,0.88,0.24,0,119.65,3870.0,3949.0,3840.9,3891.8,V1_PROD_BASELINE,INFRA
LT,2026-03-04,2026-03-05,BEAR,80.0,80.0,1.479,2.918,1.071,1.76,1.143,0,111.65,3886.24,4033.5,3871.09,3999.63,V1_PROD_BASELINE,INFRA
RELIANCE,2026-03-06,2026-03-09,BEAR,100.0,85.0,1.468,3.564,-2.121,2.23,1.446,0,32.44,1368.67,1422.82,1363.69,1417.45,V1_PROD_BASELINE,ENERGY
NESTLEIND,2026-03-06,2026-03-09,BEAR,100.0,85.0,1.479,0.717,-2.028,0.76,0.182,0,27.07,1221.13,1236.66,1211.58,1229.89,V1_PROD_BASELINE,FMCG
BAJFINANCE,2026-03-06,2026-03-09,BEAR,80.0,80.0,1.334,1.763,-2.989,1.09,0.707,1,23.5,916.17,935.35,903.5,932.32,V1_PROD_BASELINE,FINSERV
IOC,2026-03-06,2026-03-09,BEAR,80.0,80.0,1.826,2.038,-6.332,1.12,0.728,0,4.88,156.03,160.13,154.35,159.21,V1_PROD_BASELINE,ENERGY
ADANIPORTS,2026-03-06,2026-03-09,BEAR,80.0,85.0,2.022,1.16,-4.907,0.91,0.254,0,45.45,1399.1,1430.07,1399.1,1415.34,V1_PROD_BASELINE,INFRA
GODREJPROP,2026-03-06,2026-03-09,BEAR,80.0,80.0,1.765,2.179,-3.407,0.82,0.211,0,67.56,1602.75,1644.45,1582.85,1637.68,V1_PROD_BASELINE,REALTY
BRITANNIA,2026-03-12,2026-03-13,BEAR,80.0,85.0,2.135,1.017,-0.639,1.38,0.9,0,126.19,5750.0,5881.0,5727.0,5808.5,V1_PROD_BASELINE,FMCG
FEDERALBNK,2026-03-16,2026-03-17,BEAR,80.0,80.0,1.26,0.233,-0.06,0.88,0.238,0,29.71,2129.52,2149.03,2129.52,2134.47,V1_PROD_BASELINE,BANK
MARUTI,2026-03-16,2026-03-17,BEAR,80.0,80.0,1.82,1.423,0.259,0.98,0.291,0,420.9,12790.0,13100.0,12686.0,12972.0,V1_PROD_BASELINE,AUTO
HCLTECH,2026-03-20,2026-03-23,NEUTRAL,80.0,85.0,2.006,3.331,-1.417,1.68,1.089,0,38.79,1277.06,1325.82,1272.4,1319.61,V1_PROD_BASELINE,IT
TECHM,2026-03-20,2026-03-23,NEUTRAL,80.0,80.0,1.91,1.318,-1.358,1.46,0.947,0,43.33,1331.4,1378.77,1323.21,1348.94,V1_PROD_BASELINE,IT
PERSISTENT,2026-03-20,2026-03-23,NEUTRAL,80.0,80.0,1.782,0.761,-0.592,0.74,0.168,0,201.94,4688.8,4800.4,4639.3,4724.5,V1_PROD_BASELINE,IT
AXISBANK,2026-03-24,2026-03-25,BEAR,80.0,80.0,1.255,1.842,0.612,1.52,0.986,0,34.26,1199.08,1238.05,1197.08,1221.16,V1_PROD_BASELINE,BANK
KOTAKBANK,2026-03-24,2026-03-25,BEAR,80.0,80.0,1.957,0.583,0.572,1.27,0.824,1,9.5,368.31,377.35,362.37,370.46,V1_PROD_BASELINE,BANK
BAJFINANCE,2026-03-24,2026-03-25,BEAR,80.0,80.0,1.292,2.401,1.537,1.17,0.761,0,30.28,856.78,883.37,848.09,877.36,V1_PROD_BASELINE,FINSERV
HCLTECH,2026-03-24,2026-03-25,BEAR,80.0,80.0,1.364,2.47,-1.842,2.08,1.353,0,39.45,1309.31,1370.89,1309.31,1341.65,V1_PROD_BASELINE,IT
BHARTIARTL,2026-03-24,2026-03-25,BEAR,80.0,80.0,1.409,1.152,0.66,1.09,0.708,0,43.06,1814.0,1849.2,1810.1,1834.9,V1_PROD_BASELINE,TELECOM
TATAMOTORS,2026-03-26,2026-03-27,BEAR,100.0,90.0,5.951,0.376,-1.355,0.69,-1.0,1,21.04,421.24,432.12,402.56,422.83,V1_PROD_BASELINE,AUTO
PERSISTENT,2026-03-26,2026-03-27,BEAR,80.0,80.0,1.267,0.406,-0.99,0.74,0.168,0,194.31,4880.0,4987.4,4851.1,4899.8,V1_PROD_BASELINE,IT
TCS,2026-04-01,2026-04-02,NEUTRAL,80.0,80.0,1.278,2.712,-0.922,1.69,1.098,0,65.0,2341.24,2423.57,2331.14,2404.73,V1_PROD_BASELINE,IT
SUNPHARMA,2026-04-01,2026-04-02,NEUTRAL,80.0,80.0,1.435,1.718,-3.674,1.2,0.779,1,38.82,1660.65,1695.56,1615.77,1689.17,V1_PROD_BASELINE,PHARMA
DRREDDY,2026-04-01,2026-04-02,NEUTRAL,80.0,80.0,1.826,2.509,-1.827,1.3,0.845,1,35.77,1180.02,1214.9,1160.14,1209.63,V1_PROD_BASELINE,PHARMA
DLF,2026-04-01,2026-04-02,NEUTRAL,80.0,80.0,1.445,4.242,-1.717,1.59,1.033,1,19.44,494.79,517.95,483.33,515.77,V1_PROD_BASELINE,REALTY
TRENT,2026-04-03,2026-04-06,BEAR,100.0,90.0,4.43,5.466,2.374,2.23,1.45,0,93.33,2419.69,2575.86,2419.69,2551.96,V1_PROD_BASELINE,CONS
KAYNES,2026-04-03,2026-04-06,BEAR,100.0,85.0,1.448,4.47,0.28,1.3,0.845,0,180.5,3547.9,3723.9,3460.0,3706.5,V1_PROD_BASELINE,TECH
GODREJPROP,2026-04-03,2026-04-06,BEAR,80.0,80.0,1.916,4.463,0.577,1.52,0.99,0,65.33,1509.7,1584.34,1486.61,1577.08,V1_PROD_BASELINE,REALTY
HEROMOTOCO,2026-04-09,2026-04-10,BULL,80.0,80.0,1.467,3.2,0.246,1.37,0.888,0,183.03,5297.0,5484.5,5295.5,5466.5,V1_PROD_BASELINE,AUTO
KOTAKBANK,2026-05-05,2026-05-06,NEUTRAL,100.0,85.0,1.704,0.695,0.714,0.85,-1.0,1,9.36,373.36,379.35,365.02,375.95,V1_PROD_BASELINE,BANK
ICICIGI,2026-05-05,2026-05-06,NEUTRAL,100.0,90.0,2.222,1.395,0.456,1.15,0.749,0,43.34,1778.25,1815.71,1768.49,1803.05,V1_PROD_BASELINE,FINSERV
ICICIBANK,2026-05-05,2026-05-06,NEUTRAL,80.0,80.0,1.543,1.387,0.855,1.02,0.663,0,27.19,1262.0,1282.8,1252.1,1279.5,V1_PROD_BASELINE,BANK
SBIN,2026-05-05,2026-05-06,NEUTRAL,80.0,80.0,1.296,2.239,1.142,1.6,1.038,0,23.86,1053.02,1081.6,1042.41,1076.59,V1_PROD_BASELINE,BANK
TITAN,2026-05-07,2026-05-08,BULL,80.0,85.0,5.828,4.52,0.151,3.95,2.57,1,97.82,4299.89,4589.94,4199.62,4494.25,V1_PROD_BASELINE,CONS
BHARTIARTL,2026-05-11,2026-05-12,BEAR,80.0,80.0,1.37,0.303,-0.472,0.82,0.212,0,40.47,1751.5,1776.5,1751.5,1756.8,V1_PROD_BASELINE,TELECOM
DLF,2026-05-13,2026-05-14,BEAR,100.0,85.0,1.966,1.949,-0.357,1.3,0.847,1,16.51,565.01,581.15,546.93,576.02,V1_PROD_BASELINE,REALTY
BHARTIARTL,2026-05-13,2026-05-14,BEAR,100.0,90.0,2.347,3.489,1.721,2.27,1.475,1,40.66,1820.0,1889.2,1797.3,1883.5,V1_PROD_BASELINE,TELECOM
HDFCBANK,2026-05-13,2026-05-14,BEAR,80.0,80.0,1.459,2.47,0.187,2.06,1.341,0,17.36,738.78,765.64,734.85,757.03,V1_PROD_BASELINE,BANK
TECHM,2026-05-15,2026-05-18,BEAR,80.0,85.0,3.411,4.862,-0.496,2.44,1.584,0,39.46,1329.16,1401.28,1329.16,1393.78,V1_PROD_BASELINE,IT
IOC,2026-05-19,2026-05-20,NEUTRAL,80.0,80.0,1.445,2.502,-0.244,1.29,0.839,0,3.98,134.67,138.52,133.0,138.04,V1_PROD_BASELINE,ENERGY
EICHERMOT,2026-05-21,2026-05-22,NEUTRAL,80.0,80.0,1.268,0.816,0.479,0.88,0.238,0,176.54,6925.0,7041.0,6908.5,6981.5,V1_PROD_BASELINE,AUTO
COALINDIA,2026-05-29,2026-06-01,NEUTRAL,80.0,80.0,1.73,3.516,-0.295,2.1,1.367,0,12.96,456.55,477.0,456.55,472.6,V1_PROD_BASELINE,ENERGY
TCS,2026-05-29,2026-06-01,NEUTRAL,80.0,80.0,1.548,0.587,1.111,1.33,0.867,0,50.68,2271.55,2322.27,2267.57,2284.87,V1_PROD_BASELINE,IT
HCLTECH,2026-05-29,2026-06-01,NEUTRAL,80.0,80.0,1.982,0.42,0.532,1.18,0.766,0,25.43,1178.07,1200.54,1178.07,1183.02,V1_PROD_BASELINE,IT
DIVISLAB,2026-06-02,2026-06-03,BEAR,80.0,80.0,1.444,0.867,-0.199,0.77,0.183,0,146.94,6520.0,6604.5,6460.0,6576.5,V1_PROD_BASELINE,PHARMA
MARUTI,2026-06-02,2026-06-03,BEAR,80.0,80.0,1.687,0.231,-0.061,0.86,0.229,0,298.32,13014.0,13206.0,12911.0,13044.0,V1_PROD_BASELINE,AUTO
CHOLAFIN,2026-06-04,2026-06-05,BEAR,100.0,85.0,1.986,1.123,0.034,1.75,1.137,0,47.6,1485.92,1548.39,1479.52,1502.61,V1_PROD_BASELINE,FINSERV
SBIN,2026-06-08,2026-06-09,BEAR,100.0,85.0,1.434,1.797,0.311,1.45,0.942,0,22.09,985.0,1009.0,983.0,1002.7,V1_PROD_BASELINE,BANK
ICICIBANK,2026-06-08,2026-06-09,BEAR,80.0,80.0,1.492,1.594,0.384,1.39,0.902,0,23.94,1255.0,1279.9,1252.7,1275.0,V1_PROD_BASELINE,BANK
DIVISLAB,2026-06-08,2026-06-09,BEAR,80.0,85.0,2.911,3.336,0.215,2.3,1.496,0,147.71,6535.0,6790.0,6535.0,6753.0,V1_PROD_BASELINE,PHARMA
JSWSTEEL,2026-06-10,2026-06-11,BEAR,80.0,80.0,1.294,1.288,-0.299,1.37,0.888,0,26.58,1258.77,1286.01,1253.8,1274.98,V1_PROD_BASELINE,METAL
M&M,2026-06-12,2026-06-15,BULL,80.0,80.0,1.686,1.434,1.548,1.3,0.846,0,78.09,3057.89,3134.09,3046.01,3101.73,V1_PROD_BASELINE,AUTO
HAL,2026-06-12,2026-06-15,BULL,80.0,80.0,1.382,1.174,1.019,1.41,0.919,0,102.76,4235.0,4344.0,4202.6,4284.7,V1_PROD_BASELINE,INFRA
HINDALCO,2026-06-16,2026-06-17,BULL,80.0,80.0,1.6,2.325,0.265,1.14,0.738,0,31.07,979.89,1006.35,966.16,1002.67,V1_PROD_BASELINE,METAL
KAYNES,2026-06-16,2026-06-17,BULL,80.0,80.0,1.593,1.732,0.485,0.99,0.297,0,124.73,3193.0,3286.0,3185.7,3248.3,V1_PROD_BASELINE,TECH
TCS,2026-06-18,2026-06-19,BULL,80.0,85.0,3.613,0.95,-4.461,0.79,-1.0,1,55.13,2093.52,2126.34,2048.67,2113.41,V1_PROD_BASELINE,IT
WIPRO,2026-06-18,2026-06-19,BULL,80.0,80.0,1.486,2.286,-3.325,1.32,0.855,0,4.78,176.76,181.48,174.89,180.8,V1_PROD_BASELINE,IT
TECHM,2026-06-18,2026-06-19,BULL,80.0,85.0,2.94,4.415,-6.749,2.16,1.402,0,40.5,1315.81,1381.3,1309.96,1373.9,V1_PROD_BASELINE,IT
MARUTI,2026-06-24,2026-06-25,NEUTRAL,80.0,85.0,2.408,2.897,0.83,2.65,1.721,0,278.72,13225.18,13778.62,13193.5,13608.33,V1_PROD_BASELINE,AUTO
KAYNES,2026-06-24,2026-06-25,NEUTRAL,80.0,85.0,2.717,1.231,0.684,1.75,1.137,0,122.71,3225.0,3386.0,3212.0,3264.7,V1_PROD_BASELINE,TECH
BRITANNIA,2026-06-30,2026-07-01,NEUTRAL,100.0,85.0,1.765,2.244,0.0,2.09,1.355,0,82.81,5146.5,5276.0,5115.0,5262.0,V1_PROD_BASELINE,FMCG
KOTAKBANK,2026-06-30,2026-07-01,NEUTRAL,80.0,80.0,1.487,0.78,1.3,0.7,-1.0,1,7.67,396.67,400.71,392.57,399.76,V1_PROD_BASELINE,BANK
HINDUNILVR,2026-06-30,2026-07-01,NEUTRAL,80.0,85.0,2.04,2.273,0.722,1.95,1.266,0,38.67,2133.5,2190.0,2120.2,2182.0,V1_PROD_BASELINE,FMCG
DABUR,2026-06-30,2026-07-01,NEUTRAL,80.0,85.0,5.609,5.167,0.166,4.09,3.0,0,7.75,417.48,441.28,417.24,439.05,V1_PROD_BASELINE,FMCG
MPHASIS,2026-07-02,2026-07-03,BULL,80.0,85.0,2.344,1.127,1.14,1.14,0.741,0,68.3,2211.71,2270.14,2208.78,2236.64,V1_PROD_BASELINE,IT
KOTAKBANK,2026-07-08,2026-07-09,BEAR,80.0,80.0,1.477,1.521,0.378,1.03,0.669,0,8.34,370.86,377.3,367.77,376.5,V1_PROD_BASELINE,BANK
RELIANCE,2026-07-08,2026-07-09,BEAR,80.0,80.0,1.256,0.211,0.094,1.12,0.727,0,23.13,1277.1,1296.5,1274.2,1279.8,V1_PROD_BASELINE,ENERGY
TCS,2026-07-10,2026-07-13,NEUTRAL,80.0,85.0,2.663,5.133,0.29,2.84,1.848,0,60.58,2063.68,2192.88,2053.84,2169.6,V1_PROD_BASELINE,IT
SBIN,2026-07-14,2026-07-15,NEUTRAL,80.0,80.0,1.403,1.438,0.01,1.41,0.915,0,19.42,1015.5,1036.0,1013.7,1030.1,V1_PROD_BASELINE,BANK
BPCL,2026-07-14,2026-07-15,NEUTRAL,80.0,80.0,1.376,1.176,0.213,0.88,0.242,0,7.77,306.0,311.15,306.0,309.6,V1_PROD_BASELINE,ENERGY
POWERGRID,2026-07-16,2026-07-17,NEUTRAL,100.0,85.0,1.391,0.997,0.0,0.96,0.281,0,4.99,280.75,284.35,279.65,283.55,V1_PROD_BASELINE,ENERGY
AXISBANK,2026-07-16,2026-07-17,NEUTRAL,80.0,85.0,2.033,1.645,-0.046,1.3,0.844,0,26.7,1307.0,1333.0,1305.0,1328.5,V1_PROD_BASELINE,BANK
RELIANCE,2026-07-16,2026-07-17,NEUTRAL,80.0,80.0,1.512,2.092,0.262,1.83,1.19,0,22.07,1300.0,1330.3,1296.1,1327.2,V1_PROD_BASELINE,ENERGY
WIPRO,2026-07-16,2026-07-17,NEUTRAL,80.0,80.0,1.452,1.412,-2.357,0.91,0.256,0,3.97,173.55,176.26,173.55,176.0,V1_PROD_BASELINE,IT
JSWSTEEL,2026-07-16,2026-07-17,NEUTRAL,80.0,85.0,2.136,1.335,0.0,1.26,0.817,0,24.3,1221.0,1243.9,1218.0,1237.3,V1_PROD_BASELINE,METAL
AXISBANK,2026-07-20,2026-07-21,NEUTRAL,80.0,80.0,1.811,1.06,-0.876,0.99,0.295,0,30.55,1245.0,1267.7,1244.5,1258.2,V1_PROD_BASELINE,BANK
DRREDDY,2026-07-22,2026-07-23,NEUTRAL,80.0,80.0,1.995,5.931,-6.916,3.13,2.031,0,30.12,1101.0,1171.6,1101.0,1166.3,V1_PROD_BASELINE,PHARMA
HEROMOTOCO,2026-07-22,2026-07-23,NEUTRAL,80.0,85.0,2.908,3.744,-0.0,2.85,1.853,0,97.35,4914.81,5122.94,4907.91,5098.8,V1_PROD_BASELINE,AUTO
ITC,2026-07-22,2026-07-23,NEUTRAL,80.0,80.0,1.768,0.482,-0.303,1.32,0.861,0,4.08,279.95,284.0,279.65,281.3,V1_PROD_BASELINE,FMCG
CHOLAFIN,2026-07-24,2026-07-27,BEAR,80.0,80.0,1.742,2.362,1.137,1.76,1.141,0,45.95,1744.0,1804.5,1743.8,1785.2,V1_PROD_BASELINE,FINSERV
LUPIN,2026-07-24,2026-07-27,BEAR,80.0,80.0,1.528,1.645,0.021,1.54,1.002,0,52.84,2371.0,2432.1,2368.1,2410.0,V1_PROD_BASELINE,PHARMA
HINDUNILVR,2026-07-28,2026-07-29,BEAR,80.0,85.0,2.485,3.282,1.374,2.05,1.335,0,47.08,2050.5,2123.0,2047.0,2117.8,V1_PROD_BASELINE,FMCG
DABUR,2026-07-28,2026-07-29,BEAR,80.0,80.0,1.258,1.474,0.659,1.28,0.832,0,8.23,427.4,435.3,427.0,433.7,V1_PROD_BASELINE,FMCG
TRENT,2026-07-28,2026-07-29,BEAR,80.0,80.0,1.256,2.218,0.317,1.28,0.834,0,72.85,2940.0,3010.1,2916.5,3005.2,V1_PROD_BASELINE,CONS
LT,2026-07-28,2026-07-29,BEAR,80.0,80.0,1.647,0.924,1.654,1.71,1.114,0,64.44,3895.4,3978.2,3891.1,3931.4,V1_PROD_BASELINE,INFRA
KAYNES,2026-07-28,2026-07-29,BEAR,80.0,85.0,8.396,11.238,1.342,5.42,1.875,0,101.79,3271.0,3685.0,3270.2,3638.6,V1_PROD_BASELINE,TECH
ADANIPORTS,2026-07-30,2026-07-31,BULL,80.0,85.0,2.016,1.344,0.595,1.11,0.719,1,41.1,1674.0,1708.1,1650.0,1696.5,V1_PROD_BASELINE,INFRA
BEL,2026-07-30,2026-07-31,BULL,80.0,80.0,1.275,0.74,0.026,0.99,0.293,0,7.57,384.48,390.07,384.48,387.32,V1_PROD_BASELINE,INFRA
RELIANCE,2026-08-05,2026-08-06,BULL,80.0,80.0,1.813,3.113,0.391,2.4,1.563,0,22.29,1285.0,1325.2,1281.2,1325.0,V1_PROD_BASELINE,ENERGY
BHARTIARTL,2026-08-11,2026-08-12,NEUTRAL,80.0,80.0,1.791,1.907,-0.345,1.42,0.922,0,34.21,1908.6,1945.0,1901.3,1945.0,V1_PROD_BASELINE,TELECOM
BPCL,2026-08-13,2026-08-14,NEUTRAL,80.0,80.0,1.76,1.461,-0.048,0.9,0.25,0,6.82,314.85,319.45,314.05,319.45,V1_PROD_BASELINE,ENERGY
ADANIENT,2026-08-13,2026-08-14,NEUTRAL,80.0,80.0,1.699,2.364,0.003,1.62,1.05,0,68.5,2965.0,3048.0,2950.0,3035.1,V1_PROD_BASELINE,ENERGY
ITC,2026-08-19,2026-08-20,BEAR,80.0,85.0,2.492,1.286,0.431,1.05,0.683,1,4.38,268.2,271.65,265.0,271.65,V1_PROD_BASELINE,FMCG
SUNPHARMA,2026-08-21,2026-08-24,NEUTRAL,80.0,80.0,1.53,0.399,0.0,0.86,0.231,0,31.87,1902.4,1923.0,1892.6,1910.0,V1_PROD_BASELINE,PHARMA
TATASTEEL,2026-08-21,2026-08-24,NEUTRAL,80.0,80.0,1.717,1.168,0.628,0.78,0.192,0,3.66,184.15,186.3,183.06,186.3,V1_PROD_BASELINE,METAL
TATASTEEL,2026-08-25,2026-08-26,NEUTRAL,100.0,85.0,1.411,0.815,-0.241,1.27,0.823,1,3.64,186.49,189.95,184.29,188.01,V1_PROD_BASELINE,METAL
HCLTECH,2026-08-27,2026-08-28,BEAR,80.0,85.0,2.317,2.023,0.624,1.99,1.291,0,29.67,1290.0,1334.2,1290.0,1316.1,V1_PROD_BASELINE,IT
HDFCBANK,2026-08-31,2026-09-01,BEAR,80.0,80.0,1.689,0.972,-0.557,1.13,0.733,1,12.29,705.05,715.45,698.5,711.9,V1_PROD_BASELINE,BANK
ADANIPORTS,2026-08-31,2026-09-01,BEAR,80.0,80.0,1.537,1.385,2.002,1.12,0.73,0,36.34,1625.0,1655.6,1625.0,1647.5,V1_PROD_BASELINE,INFRA
ITC,2026-08-31,2026-09-01,BEAR,80.0,85.0,2.198,1.95,2.348,1.91,1.241,0,4.68,261.5,268.2,261.5,266.6,V1_PROD_BASELINE,FMCG
GODREJPROP,2026-09-02,2026-09-03,BEAR,80.0,85.0,2.551,1.909,-0.34,2.16,1.402,0,57.3,1964.0,2056.7,1960.0,2001.5,V1_PROD_BASELINE,REALTY
DRREDDY,2025-10-01,2025-10-03,BEAR,80.0,80.0,1.385,0.338,-0.064,1.15,0.745,0,24.84,1236.06,1257.43,1232.19,1240.23,V2_RELAXED_OI_GATE,PHARMA
DIVISLAB,2025-10-01,2025-10-03,BEAR,80.0,80.0,1.497,1.849,0.867,1.92,1.251,0,119.54,5759.5,5932.0,5746.0,5866.0,V2_RELAXED_OI_GATE,PHARMA
COALINDIA,2025-10-06,2025-10-07,BULL,80.0,80.0,1.464,0.182,0.55,1.22,0.796,0,5.18,368.99,373.75,368.8,369.66,V2_RELAXED_OI_GATE,ENERGY
LODHA,2025-10-06,2025-10-07,BULL,80.0,85.0,5.86,2.415,0.26,1.59,1.033,1,28.68,1118.0,1152.2,1098.8,1145.0,V2_RELAXED_OI_GATE,REALTY
ICICIGI,2025-10-14,2025-10-15,NEUTRAL,80.0,85.0,12.316,6.607,2.173,5.12,3.0,0,37.46,1881.82,2025.7,1881.82,2006.14,V2_RELAXED_OI_GATE,FINSERV
NESTLEIND,2025-10-14,2025-10-15,NEUTRAL,80.0,85.0,2.251,3.905,0.0,3.27,2.126,0,19.97,1163.59,1212.59,1163.59,1209.03,V2_RELAXED_OI_GATE,FMCG
COALINDIA,2025-10-29,2025-10-30,BULL,80.0,85.0,2.269,1.24,0.249,1.33,0.866,1,5.77,367.98,373.75,364.48,372.55,V2_RELAXED_OI_GATE,ENERGY
DLF,2025-10-31,2025-11-03,NEUTRAL,80.0,80.0,1.785,2.94,-0.165,2.73,1.776,0,14.22,745.64,774.77,743.02,767.56,V2_RELAXED_OI_GATE,REALTY
DABUR,2025-10-31,2025-11-03,NEUTRAL,80.0,80.0,1.703,3.114,0.113,2.22,1.446,0,9.62,479.32,495.37,476.86,494.25,V2_RELAXED_OI_GATE,FMCG
ADANIENT,2025-11-06,2025-11-07,BEAR,80.0,85.0,2.153,2.35,0.03,1.9,1.233,0,61.49,2313.97,2401.43,2290.38,2368.34,V2_RELAXED_OI_GATE,ENERGY
HINDALCO,2025-11-06,2025-11-07,BEAR,80.0,80.0,1.36,0.241,0.013,0.97,0.283,0,19.35,784.41,798.43,778.94,786.3,V2_RELAXED_OI_GATE,METAL
TRENT,2025-11-10,2025-11-11,BEAR,80.0,80.0,1.672,0.484,0.264,0.85,0.224,0,109.95,4288.66,4358.56,4256.81,4309.43,V2_RELAXED_OI_GATE,CONS
KOTAKBANK,2025-11-14,2025-11-17,BULL,80.0,85.0,2.314,0.377,0.736,1.0,0.651,0,6.62,418.28,423.25,417.76,419.86,V2_RELAXED_OI_GATE,BANK
EICHERMOT,2025-11-14,2025-11-17,BULL,80.0,80.0,1.517,1.025,0.523,0.77,0.187,0,135.97,6730.0,6809.0,6675.0,6799.0,V2_RELAXED_OI_GATE,AUTO
MPHASIS,2025-11-20,2025-11-21,BULL,80.0,85.0,2.038,0.446,-0.201,0.77,0.184,0,71.54,2663.49,2704.69,2642.65,2675.37,V2_RELAXED_OI_GATE,IT
BAJFINANCE,2025-11-26,2025-11-27,BULL,80.0,80.0,1.827,1.792,0.485,1.7,1.106,0,22.83,1009.4,1038.52,1004.72,1027.48,V2_RELAXED_OI_GATE,FINSERV
ITC,2025-11-28,2025-12-01,BULL,80.0,80.0,1.636,0.36,-0.359,0.78,-1.0,1,4.42,384.07,386.64,379.68,385.45,V2_RELAXED_OI_GATE,FMCG
SBIN,2025-12-04,2025-12-05,NEUTRAL,80.0,80.0,1.602,2.387,0.079,2.26,1.47,0,14.16,932.05,956.07,929.94,954.3,V2_RELAXED_OI_GATE,BANK
ADANIENT,2025-12-04,2025-12-05,NEUTRAL,80.0,80.0,1.547,2.142,-0.0,1.13,0.732,0,59.97,2216.91,2267.59,2201.92,2264.39,V2_RELAXED_OI_GATE,ENERGY
DLF,2025-12-08,2025-12-09,BEAR,80.0,80.0,1.411,0.811,-0.429,1.32,0.858,0,14.47,676.01,690.33,671.07,681.49,V2_RELAXED_OI_GATE,REALTY
GODREJPROP,2025-12-08,2025-12-09,BEAR,80.0,85.0,2.969,3.706,-0.258,1.95,1.271,0,55.25,1960.52,2041.53,1942.61,2033.17,V2_RELAXED_OI_GATE,REALTY
TRENT,2025-12-08,2025-12-09,BEAR,80.0,85.0,2.414,0.884,-1.0,1.11,0.725,1,81.81,4043.62,4112.02,3982.12,4079.37,V2_RELAXED_OI_GATE,CONS
BEL,2025-12-08,2025-12-09,BEAR,80.0,80.0,1.664,1.143,-0.349,0.87,0.237,0,9.04,383.42,389.34,378.94,387.8,V2_RELAXED_OI_GATE,INFRA
TATASTEEL,2025-12-10,2025-12-11,BEAR,100.0,85.0,1.767,1.761,0.783,1.29,0.842,0,3.19,160.2,163.29,159.87,163.02,V2_RELAXED_OI_GATE,METAL
PERSISTENT,2025-12-10,2025-12-11,BEAR,80.0,80.0,1.572,2.69,0.133,1.7,1.107,0,146.69,6019.91,6207.23,5997.49,6181.83,V2_RELAXED_OI_GATE,IT
DIXON,2025-12-10,2025-12-11,BEAR,80.0,85.0,4.224,5.175,-0.016,2.02,1.312,0,449.71,12349.0,13030.0,12130.0,12988.0,V2_RELAXED_OI_GATE,TECH
KAYNES,2025-12-10,2025-12-11,BEAR,80.0,80.0,1.833,3.258,0.604,0.87,0.234,0,330.36,3914.0,4129.0,3830.0,4041.5,V2_RELAXED_OI_GATE,TECH
AXISBANK,2025-12-16,2025-12-17,NEUTRAL,80.0,80.0,1.386,0.336,0.082,0.95,0.274,0,21.66,1219.66,1235.05,1219.36,1223.76,V2_RELAXED_OI_GATE,BANK
EICHERMOT,2025-12-16,2025-12-17,NEUTRAL,80.0,80.0,1.395,0.429,0.602,0.75,0.175,0,129.03,7104.0,7176.5,7080.5,7134.5,V2_RELAXED_OI_GATE,AUTO
ITC,2025-12-18,2025-12-19,NEUTRAL,100.0,85.0,1.304,0.2,-0.037,0.76,0.181,0,4.0,381.64,383.93,381.64,382.4,V2_RELAXED_OI_GATE,FMCG
POWERGRID,2025-12-18,2025-12-19,NEUTRAL,80.0,80.0,1.961,2.093,0.039,1.89,1.229,0,4.11,255.19,261.02,255.09,260.53,V2_RELAXED_OI_GATE,ENERGY
DIVISLAB,2025-12-18,2025-12-19,NEUTRAL,80.0,85.0,3.701,1.069,0.47,2.06,1.342,0,121.46,6410.0,6598.0,6408.5,6478.5,V2_RELAXED_OI_GATE,PHARMA
ABB,2025-12-18,2025-12-19,NEUTRAL,80.0,85.0,2.238,1.391,0.167,1.21,0.789,0,93.53,5085.2,5170.35,5079.23,5155.91,V2_RELAXED_OI_GATE,MFNG
CHOLAFIN,2025-12-22,2025-12-23,BULL,80.0,85.0,4.14,4.579,1.268,3.07,1.998,0,46.96,1603.17,1711.45,1593.98,1676.59,V2_RELAXED_OI_GATE,FINSERV
TATASTEEL,2025-12-26,2025-12-29,NEUTRAL,80.0,85.0,2.222,1.646,0.231,2.07,1.349,0,2.91,166.08,170.61,165.87,168.82,V2_RELAXED_OI_GATE,METAL
ONGC,2025-12-30,2025-12-31,NEUTRAL,80.0,80.0,1.944,2.424,0.004,2.33,1.517,0,3.52,229.29,235.46,229.22,234.85,V2_RELAXED_OI_GATE,ENERGY
HINDUNILVR,2025-12-30,2025-12-31,NEUTRAL,80.0,80.0,1.328,1.131,-0.009,1.49,0.967,0,31.5,2266.94,2302.08,2263.77,2292.58,V2_RELAXED_OI_GATE,FMCG
DABUR,2025-12-30,2025-12-31,NEUTRAL,80.0,85.0,2.273,1.737,-0.131,2.75,1.79,0,7.12,488.66,503.37,488.56,497.15,V2_RELAXED_OI_GATE,FMCG
DIXON,2025-12-30,2025-12-31,NEUTRAL,80.0,80.0,1.323,2.075,0.756,1.07,0.698,0,475.78,11856.0,12239.0,11755.0,12102.0,V2_RELAXED_OI_GATE,TECH
ONGC,2026-01-05,2026-01-06,BULL,80.0,80.0,1.329,1.596,0.0,1.3,0.847,0,4.27,232.62,236.79,232.62,236.33,V2_RELAXED_OI_GATE,ENERGY
TCS,2026-01-05,2026-01-06,BULL,80.0,80.0,1.416,1.427,-0.19,1.61,1.048,0,42.39,3093.55,3144.82,3088.73,3137.69,V2_RELAXED_OI_GATE,IT
HCLTECH,2026-01-05,2026-01-06,BULL,80.0,80.0,1.317,1.0,-0.454,1.19,0.771,0,27.85,1543.19,1567.97,1540.3,1558.62,V2_RELAXED_OI_GATE,IT
ABB,2026-01-05,2026-01-06,BULL,80.0,80.0,1.615,1.083,0.0,1.39,0.904,0,82.11,5147.45,5233.1,5139.48,5203.22,V2_RELAXED_OI_GATE,MFNG
INFY,2026-01-13,2026-01-14,BEAR,80.0,80.0,1.414,0.743,-0.688,1.37,0.891,0,27.62,1554.36,1582.75,1549.57,1565.91,V2_RELAXED_OI_GATE,IT
IDFCFIRSTB,2026-01-21,2026-01-22,BEAR,80.0,80.0,1.641,2.683,0.601,1.89,1.227,0,1.75,81.76,84.23,81.66,83.95,V2_RELAXED_OI_GATE,BANK
BRITANNIA,2026-01-21,2026-01-22,BEAR,80.0,80.0,1.335,1.402,0.819,1.59,1.03,0,105.13,5850.0,5975.0,5819.0,5932.0,V2_RELAXED_OI_GATE,FMCG
BPCL,2026-01-27,2026-01-28,BEAR,80.0,85.0,2.197,0.513,0.867,0.78,0.189,0,8.99,350.61,355.86,347.59,352.41,V2_RELAXED_OI_GATE,ENERGY
IOC,2026-01-27,2026-01-28,BEAR,80.0,80.0,1.693,2.421,0.063,1.91,1.242,0,3.45,157.02,161.96,156.57,160.82,V2_RELAXED_OI_GATE,ENERGY
POWERGRID,2026-01-27,2026-01-28,BEAR,80.0,80.0,1.304,2.283,-0.138,1.85,1.199,0,4.82,251.18,257.86,251.18,256.92,V2_RELAXED_OI_GATE,ENERGY
M&M,2026-01-27,2026-01-28,BEAR,80.0,80.0,1.836,2.078,-0.427,1.3,0.845,0,79.06,3343.88,3420.97,3340.92,3413.35,V2_RELAXED_OI_GATE,AUTO
ITC,2026-01-27,2026-01-28,BEAR,80.0,80.0,1.44,0.375,0.408,0.78,0.189,0,6.13,305.07,308.65,304.5,306.22,V2_RELAXED_OI_GATE,FMCG
HAL,2026-01-27,2026-01-28,BEAR,80.0,85.0,2.162,5.812,0.494,3.66,1.875,0,97.11,4333.99,4600.38,4325.56,4585.9,V2_RELAXED_OI_GATE,INFRA
M&M,2026-01-29,2026-01-30,NEUTRAL,80.0,80.0,1.898,4.532,-2.996,2.64,1.716,0,84.69,3248.88,3416.52,3248.68,3396.14,V2_RELAXED_OI_GATE,AUTO
ITC,2026-01-29,2026-01-30,NEUTRAL,80.0,85.0,2.062,1.051,0.063,1.37,0.888,0,5.91,303.97,310.03,301.73,307.17,V2_RELAXED_OI_GATE,FMCG
HINDUNILVR,2026-01-29,2026-01-30,NEUTRAL,80.0,80.0,1.513,1.367,-0.493,1.27,0.824,0,45.81,2317.43,2360.99,2316.44,2349.11,V2_RELAXED_OI_GATE,FMCG
NESTLEIND,2026-01-29,2026-01-30,NEUTRAL,80.0,85.0,5.53,3.608,-0.148,3.0,1.949,0,23.59,1272.97,1326.03,1270.01,1318.9,V2_RELAXED_OI_GATE,FMCG
TITAN,2026-01-29,2026-01-30,NEUTRAL,80.0,80.0,1.844,0.821,0.135,0.86,0.231,0,77.15,3932.1,3981.93,3897.01,3964.39,V2_RELAXED_OI_GATE,CONS
KOTAKBANK,2026-02-02,2026-02-03,NEUTRAL,80.0,80.0,1.746,0.193,1.666,1.6,1.042,1,8.31,414.28,424.27,409.59,415.08,V2_RELAXED_OI_GATE,BANK
TRENT,2026-02-04,2026-02-05,BULL,80.0,85.0,3.736,3.974,-0.977,1.44,0.933,1,104.47,2645.02,2757.53,2571.53,2750.14,V2_RELAXED_OI_GATE,CONS
KAYNES,2026-02-06,2026-02-09,BULL,80.0,80.0,1.575,4.746,1.749,1.35,0.881,0,201.06,3765.0,3969.3,3757.8,3943.7,V2_RELAXED_OI_GATE,TECH
INFY,2026-02-12,2026-02-13,BULL,80.0,85.0,3.547,5.812,-6.645,2.5,1.625,0,43.54,1266.49,1348.13,1254.36,1340.1,V2_RELAXED_OI_GATE,IT
TCS,2026-02-12,2026-02-13,BULL,80.0,85.0,2.28,4.147,-6.003,2.1,1.368,0,79.59,2536.51,2662.11,2536.51,2641.7,V2_RELAXED_OI_GATE,IT
HCLTECH,2026-02-12,2026-02-13,BULL,80.0,85.0,2.04,2.263,-3.597,1.69,1.098,1,41.25,1382.16,1434.41,1355.93,1413.43,V2_RELAXED_OI_GATE,IT
WIPRO,2026-02-12,2026-02-13,BULL,80.0,80.0,1.409,1.633,-3.848,1.17,0.763,0,6.62,210.65,216.48,209.01,214.09,V2_RELAXED_OI_GATE,IT
TECHM,2026-02-12,2026-02-13,BULL,80.0,85.0,3.033,3.494,-3.514,1.79,1.166,0,47.37,1445.05,1508.79,1427.31,1495.54,V2_RELAXED_OI_GATE,IT
COFORGE,2026-02-12,2026-02-13,BULL,80.0,85.0,5.264,0.177,-4.369,0.78,0.188,0,56.84,1359.4,1392.5,1334.0,1361.8,V2_RELAXED_OI_GATE,IT
PERSISTENT,2026-02-12,2026-02-13,BULL,80.0,85.0,2.506,5.163,-4.439,2.14,1.392,0,205.47,5210.0,5540.0,5210.0,5479.0,V2_RELAXED_OI_GATE,IT
MPHASIS,2026-02-12,2026-02-13,BULL,80.0,85.0,2.734,2.965,-3.101,1.72,1.119,0,85.66,2325.26,2435.89,2293.71,2394.21,V2_RELAXED_OI_GATE,IT
INFY,2026-02-16,2026-02-17,NEUTRAL,80.0,80.0,1.461,1.547,0.322,1.7,1.102,0,46.96,1340.98,1400.69,1338.05,1361.73,V2_RELAXED_OI_GATE,IT
WIPRO,2026-02-16,2026-02-17,NEUTRAL,80.0,80.0,1.425,1.139,0.0,1.19,0.774,0,6.86,213.26,219.39,212.26,215.69,V2_RELAXED_OI_GATE,IT
BPCL,2026-02-20,2026-02-23,NEUTRAL,80.0,80.0,1.856,0.568,1.01,0.97,0.284,0,9.22,370.0,376.7,366.65,372.1,V2_RELAXED_OI_GATE,ENERGY
ICICIBANK,2026-02-24,2026-02-25,BEAR,80.0,80.0,1.41,0.625,0.505,0.94,0.271,0,22.08,1391.8,1407.4,1388.2,1400.5,V2_RELAXED_OI_GATE,BANK
HCLTECH,2026-02-24,2026-02-25,BEAR,80.0,80.0,1.417,1.712,1.18,1.04,0.678,0,45.19,1316.11,1351.46,1315.14,1338.64,V2_RELAXED_OI_GATE,IT
MARUTI,2026-02-24,2026-02-25,BEAR,80.0,80.0,1.35,1.413,-0.442,1.18,0.77,0,307.18,14860.0,15133.0,14837.0,15070.0,V2_RELAXED_OI_GATE,AUTO
HEROMOTOCO,2026-02-24,2026-02-25,BEAR,80.0,85.0,2.254,4.11,0.0,3.11,1.875,0,141.03,5511.0,5840.0,5500.5,5737.5,V2_RELAXED_OI_GATE,AUTO
TRENT,2026-02-26,2026-02-27,NEUTRAL,80.0,80.0,1.647,1.128,-0.0,0.81,0.206,0,80.84,2566.87,2616.13,2556.22,2595.83,V2_RELAXED_OI_GATE,CONS
DIXON,2026-02-26,2026-02-27,NEUTRAL,80.0,85.0,2.636,4.176,-0.099,1.7,1.103,0,403.82,10106.0,10620.0,10085.0,10528.0,V2_RELAXED_OI_GATE,TECH
RELIANCE,2026-03-04,2026-03-05,BEAR,80.0,80.0,1.834,2.683,0.602,1.99,1.293,0,30.62,1346.87,1392.56,1346.87,1383.01,V2_RELAXED_OI_GATE,ENERGY
BPCL,2026-03-04,2026-03-05,BEAR,80.0,80.0,1.526,1.037,0.07,0.75,-1.0,1,10.46,356.65,362.5,351.1,360.35,V2_RELAXED_OI_GATE,ENERGY
IOC,2026-03-04,2026-03-05,BEAR,80.0,80.0,1.702,0.316,0.329,1.21,0.79,0,4.79,168.87,173.24,167.17,169.4,V2_RELAXED_OI_GATE,ENERGY
ADANIPORTS,2026-03-04,2026-03-05,BEAR,80.0,80.0,1.57,3.6,0.892,1.73,1.122,0,44.84,1441.13,1499.18,1441.13,1493.01,V2_RELAXED_OI_GATE,INFRA
HINDALCO,2026-03-04,2026-03-05,BEAR,80.0,85.0,3.285,2.683,0.89,2.49,1.616,0,28.54,925.17,978.4,921.59,949.99,V2_RELAXED_OI_GATE,METAL
DLF,2026-03-04,2026-03-05,BEAR,80.0,80.0,1.928,2.397,0.422,1.29,0.84,0,18.24,564.36,582.04,564.36,577.89,V2_RELAXED_OI_GATE,REALTY
HAL,2026-03-04,2026-03-05,BEAR,80.0,80.0,1.314,0.563,-0.175,0.88,0.24,0,119.65,3870.0,3949.0,3840.9,3891.8,V2_RELAXED_OI_GATE,INFRA
LT,2026-03-04,2026-03-05,BEAR,80.0,80.0,1.479,2.918,1.071,1.76,1.143,0,111.65,3886.24,4033.5,3871.09,3999.63,V2_RELAXED_OI_GATE,INFRA
RELIANCE,2026-03-06,2026-03-09,BEAR,100.0,85.0,1.468,3.564,-2.121,2.23,1.446,0,32.44,1368.67,1422.82,1363.69,1417.45,V2_RELAXED_OI_GATE,ENERGY
NESTLEIND,2026-03-06,2026-03-09,BEAR,100.0,85.0,1.479,0.717,-2.028,0.76,0.182,0,27.07,1221.13,1236.66,1211.58,1229.89,V2_RELAXED_OI_GATE,FMCG
BAJFINANCE,2026-03-06,2026-03-09,BEAR,80.0,80.0,1.334,1.763,-2.989,1.09,0.707,1,23.5,916.17,935.35,903.5,932.32,V2_RELAXED_OI_GATE,FINSERV
IOC,2026-03-06,2026-03-09,BEAR,80.0,80.0,1.826,2.038,-6.332,1.12,0.728,0,4.88,156.03,160.13,154.35,159.21,V2_RELAXED_OI_GATE,ENERGY
ADANIPORTS,2026-03-06,2026-03-09,BEAR,80.0,85.0,2.022,1.16,-4.907,0.91,0.254,0,45.45,1399.1,1430.07,1399.1,1415.34,V2_RELAXED_OI_GATE,INFRA
GODREJPROP,2026-03-06,2026-03-09,BEAR,80.0,80.0,1.765,2.179,-3.407,0.82,0.211,0,67.56,1602.75,1644.45,1582.85,1637.68,V2_RELAXED_OI_GATE,REALTY
BRITANNIA,2026-03-12,2026-03-13,BEAR,80.0,85.0,2.135,1.017,-0.639,1.38,0.9,0,126.19,5750.0,5881.0,5727.0,5808.5,V2_RELAXED_OI_GATE,FMCG
FEDERALBNK,2026-03-16,2026-03-17,BEAR,80.0,80.0,1.26,0.233,-0.06,0.88,0.238,0,29.71,2129.52,2149.03,2129.52,2134.47,V2_RELAXED_OI_GATE,BANK
MARUTI,2026-03-16,2026-03-17,BEAR,80.0,80.0,1.82,1.423,0.259,0.98,0.291,0,420.9,12790.0,13100.0,12686.0,12972.0,V2_RELAXED_OI_GATE,AUTO
HCLTECH,2026-03-20,2026-03-23,NEUTRAL,80.0,85.0,2.006,3.331,-1.417,1.68,1.089,0,38.79,1277.06,1325.82,1272.4,1319.61,V2_RELAXED_OI_GATE,IT
TECHM,2026-03-20,2026-03-23,NEUTRAL,80.0,80.0,1.91,1.318,-1.358,1.46,0.947,0,43.33,1331.4,1378.77,1323.21,1348.94,V2_RELAXED_OI_GATE,IT
PERSISTENT,2026-03-20,2026-03-23,NEUTRAL,80.0,80.0,1.782,0.761,-0.592,0.74,0.168,0,201.94,4688.8,4800.4,4639.3,4724.5,V2_RELAXED_OI_GATE,IT
SIEMENS,2026-03-20,2026-03-23,NEUTRAL,80.0,80.0,1.741,0.153,1.893,0.76,0.178,0,26.57,1828.28,1843.34,1828.28,1831.07,V2_RELAXED_OI_GATE,MFNG
AXISBANK,2026-03-24,2026-03-25,BEAR,80.0,80.0,1.255,1.842,0.612,1.52,0.986,0,34.26,1199.08,1238.05,1197.08,1221.16,V2_RELAXED_OI_GATE,BANK
KOTAKBANK,2026-03-24,2026-03-25,BEAR,80.0,80.0,1.957,0.583,0.572,1.27,0.824,1,9.5,368.31,377.35,362.37,370.46,V2_RELAXED_OI_GATE,BANK
BAJFINANCE,2026-03-24,2026-03-25,BEAR,80.0,80.0,1.292,2.401,1.537,1.17,0.761,0,30.28,856.78,883.37,848.09,877.36,V2_RELAXED_OI_GATE,FINSERV
HCLTECH,2026-03-24,2026-03-25,BEAR,80.0,80.0,1.364,2.47,-1.842,2.08,1.353,0,39.45,1309.31,1370.89,1309.31,1341.65,V2_RELAXED_OI_GATE,IT
BHARTIARTL,2026-03-24,2026-03-25,BEAR,80.0,80.0,1.409,1.152,0.66,1.09,0.708,0,43.06,1814.0,1849.2,1810.1,1834.9,V2_RELAXED_OI_GATE,TELECOM
TATAMOTORS,2026-03-26,2026-03-27,BEAR,100.0,90.0,5.951,0.376,-1.355,0.69,-1.0,1,21.04,421.24,432.12,402.56,422.83,V2_RELAXED_OI_GATE,AUTO
PERSISTENT,2026-03-26,2026-03-27,BEAR,80.0,80.0,1.267,0.406,-0.99,0.74,0.168,0,194.31,4880.0,4987.4,4851.1,4899.8,V2_RELAXED_OI_GATE,IT
TCS,2026-04-01,2026-04-02,NEUTRAL,80.0,80.0,1.278,2.712,-0.922,1.69,1.098,0,65.0,2341.24,2423.57,2331.14,2404.73,V2_RELAXED_OI_GATE,IT
SUNPHARMA,2026-04-01,2026-04-02,NEUTRAL,80.0,80.0,1.435,1.718,-3.674,1.2,0.779,1,38.82,1660.65,1695.56,1615.77,1689.17,V2_RELAXED_OI_GATE,PHARMA
DRREDDY,2026-04-01,2026-04-02,NEUTRAL,80.0,80.0,1.826,2.509,-1.827,1.3,0.845,1,35.77,1180.02,1214.9,1160.14,1209.63,V2_RELAXED_OI_GATE,PHARMA
DLF,2026-04-01,2026-04-02,NEUTRAL,80.0,80.0,1.445,4.242,-1.717,1.59,1.033,1,19.44,494.79,517.95,483.33,515.77,V2_RELAXED_OI_GATE,REALTY
TRENT,2026-04-03,2026-04-06,BEAR,100.0,90.0,4.43,5.466,2.374,2.23,1.45,0,93.33,2419.69,2575.86,2419.69,2551.96,V2_RELAXED_OI_GATE,CONS
KAYNES,2026-04-03,2026-04-06,BEAR,100.0,85.0,1.448,4.47,0.28,1.3,0.845,0,180.5,3547.9,3723.9,3460.0,3706.5,V2_RELAXED_OI_GATE,TECH
WIPRO,2026-04-03,2026-04-06,BEAR,80.0,80.0,1.273,0.147,1.072,1.03,0.671,0,5.4,197.0,201.18,196.11,197.29,V2_RELAXED_OI_GATE,IT
GODREJPROP,2026-04-03,2026-04-06,BEAR,80.0,80.0,1.916,4.463,0.577,1.52,0.99,0,65.33,1509.7,1584.34,1486.61,1577.08,V2_RELAXED_OI_GATE,REALTY
HEROMOTOCO,2026-04-09,2026-04-10,BULL,80.0,80.0,1.467,3.2,0.246,1.37,0.888,0,183.03,5297.0,5484.5,5295.5,5466.5,V2_RELAXED_OI_GATE,AUTO
KOTAKBANK,2026-05-05,2026-05-06,NEUTRAL,100.0,85.0,1.704,0.695,0.714,0.85,-1.0,1,9.36,373.36,379.35,365.02,375.95,V2_RELAXED_OI_GATE,BANK
ICICIGI,2026-05-05,2026-05-06,NEUTRAL,100.0,90.0,2.222,1.395,0.456,1.15,0.749,0,43.34,1778.25,1815.71,1768.49,1803.05,V2_RELAXED_OI_GATE,FINSERV
ICICIBANK,2026-05-05,2026-05-06,NEUTRAL,80.0,80.0,1.543,1.387,0.855,1.02,0.663,0,27.19,1262.0,1282.8,1252.1,1279.5,V2_RELAXED_OI_GATE,BANK
SBIN,2026-05-05,2026-05-06,NEUTRAL,80.0,80.0,1.296,2.239,1.142,1.6,1.038,0,23.86,1053.02,1081.6,1042.41,1076.59,V2_RELAXED_OI_GATE,BANK
TITAN,2026-05-07,2026-05-08,BULL,80.0,85.0,5.828,4.52,0.151,3.95,2.57,1,97.82,4299.89,4589.94,4199.62,4494.25,V2_RELAXED_OI_GATE,CONS
NTPC,2026-05-11,2026-05-12,BEAR,80.0,80.0,1.346,0.127,-0.191,1.12,0.727,0,9.12,392.2,399.85,391.25,392.7,V2_RELAXED_OI_GATE,ENERGY
BHARTIARTL,2026-05-11,2026-05-12,BEAR,80.0,80.0,1.37,0.303,-0.472,0.82,0.212,0,40.47,1751.5,1776.5,1751.5,1756.8,V2_RELAXED_OI_GATE,TELECOM
DLF,2026-05-13,2026-05-14,BEAR,100.0,85.0,1.966,1.949,-0.357,1.3,0.847,1,16.51,565.01,581.15,546.93,576.02,V2_RELAXED_OI_GATE,REALTY
BHARTIARTL,2026-05-13,2026-05-14,BEAR,100.0,90.0,2.347,3.489,1.721,2.27,1.475,1,40.66,1820.0,1889.2,1797.3,1883.5,V2_RELAXED_OI_GATE,TELECOM
HDFCBANK,2026-05-13,2026-05-14,BEAR,80.0,80.0,1.459,2.47,0.187,2.06,1.341,0,17.36,738.78,765.64,734.85,757.03,V2_RELAXED_OI_GATE,BANK
TECHM,2026-05-15,2026-05-18,BEAR,80.0,85.0,3.411,4.862,-0.496,2.44,1.584,0,39.46,1329.16,1401.28,1329.16,1393.78,V2_RELAXED_OI_GATE,IT
IOC,2026-05-19,2026-05-20,NEUTRAL,80.0,80.0,1.445,2.502,-0.244,1.29,0.839,0,3.98,134.67,138.52,133.0,138.04,V2_RELAXED_OI_GATE,ENERGY
EICHERMOT,2026-05-21,2026-05-22,NEUTRAL,80.0,80.0,1.268,0.816,0.479,0.88,0.238,0,176.54,6925.0,7041.0,6908.5,6981.5,V2_RELAXED_OI_GATE,AUTO
COALINDIA,2026-05-29,2026-06-01,NEUTRAL,80.0,80.0,1.73,3.516,-0.295,2.1,1.367,0,12.96,456.55,477.0,456.55,472.6,V2_RELAXED_OI_GATE,ENERGY
TCS,2026-05-29,2026-06-01,NEUTRAL,80.0,80.0,1.548,0.587,1.111,1.33,0.867,0,50.68,2271.55,2322.27,2267.57,2284.87,V2_RELAXED_OI_GATE,IT
HCLTECH,2026-05-29,2026-06-01,NEUTRAL,80.0,80.0,1.982,0.42,0.532,1.18,0.766,0,25.43,1178.07,1200.54,1178.07,1183.02,V2_RELAXED_OI_GATE,IT
DIVISLAB,2026-06-02,2026-06-03,BEAR,80.0,80.0,1.444,0.867,-0.199,0.77,0.183,0,146.94,6520.0,6604.5,6460.0,6576.5,V2_RELAXED_OI_GATE,PHARMA
MARUTI,2026-06-02,2026-06-03,BEAR,80.0,80.0,1.687,0.231,-0.061,0.86,0.229,0,298.32,13014.0,13206.0,12911.0,13044.0,V2_RELAXED_OI_GATE,AUTO
CHOLAFIN,2026-06-04,2026-06-05,BEAR,100.0,85.0,1.986,1.123,0.034,1.75,1.137,0,47.6,1485.92,1548.39,1479.52,1502.61,V2_RELAXED_OI_GATE,FINSERV
SBIN,2026-06-08,2026-06-09,BEAR,100.0,85.0,1.434,1.797,0.311,1.45,0.942,0,22.09,985.0,1009.0,983.0,1002.7,V2_RELAXED_OI_GATE,BANK
ICICIBANK,2026-06-08,2026-06-09,BEAR,80.0,80.0,1.492,1.594,0.384,1.39,0.902,0,23.94,1255.0,1279.9,1252.7,1275.0,V2_RELAXED_OI_GATE,BANK
DIVISLAB,2026-06-08,2026-06-09,BEAR,80.0,85.0,2.911,3.336,0.215,2.3,1.496,0,147.71,6535.0,6790.0,6535.0,6753.0,V2_RELAXED_OI_GATE,PHARMA
JSWSTEEL,2026-06-10,2026-06-11,BEAR,80.0,80.0,1.294,1.288,-0.299,1.37,0.888,0,26.58,1258.77,1286.01,1253.8,1274.98,V2_RELAXED_OI_GATE,METAL
M&M,2026-06-12,2026-06-15,BULL,80.0,80.0,1.686,1.434,1.548,1.3,0.846,0,78.09,3057.89,3134.09,3046.01,3101.73,V2_RELAXED_OI_GATE,AUTO
HAL,2026-06-12,2026-06-15,BULL,80.0,80.0,1.382,1.174,1.019,1.41,0.919,0,102.76,4235.0,4344.0,4202.6,4284.7,V2_RELAXED_OI_GATE,INFRA
HINDALCO,2026-06-16,2026-06-17,BULL,80.0,80.0,1.6,2.325,0.265,1.14,0.738,0,31.07,979.89,1006.35,966.16,1002.67,V2_RELAXED_OI_GATE,METAL
KAYNES,2026-06-16,2026-06-17,BULL,80.0,80.0,1.593,1.732,0.485,0.99,0.297,0,124.73,3193.0,3286.0,3185.7,3248.3,V2_RELAXED_OI_GATE,TECH
TCS,2026-06-18,2026-06-19,BULL,80.0,85.0,3.613,0.95,-4.461,0.79,-1.0,1,55.13,2093.52,2126.34,2048.67,2113.41,V2_RELAXED_OI_GATE,IT
WIPRO,2026-06-18,2026-06-19,BULL,80.0,80.0,1.486,2.286,-3.325,1.32,0.855,0,4.78,176.76,181.48,174.89,180.8,V2_RELAXED_OI_GATE,IT
TECHM,2026-06-18,2026-06-19,BULL,80.0,85.0,2.94,4.415,-6.749,2.16,1.402,0,40.5,1315.81,1381.3,1309.96,1373.9,V2_RELAXED_OI_GATE,IT
MARUTI,2026-06-24,2026-06-25,NEUTRAL,80.0,85.0,2.408,2.897,0.83,2.65,1.721,0,278.72,13225.18,13778.62,13193.5,13608.33,V2_RELAXED_OI_GATE,AUTO
KAYNES,2026-06-24,2026-06-25,NEUTRAL,80.0,85.0,2.717,1.231,0.684,1.75,1.137,0,122.71,3225.0,3386.0,3212.0,3264.7,V2_RELAXED_OI_GATE,TECH
BRITANNIA,2026-06-30,2026-07-01,NEUTRAL,100.0,85.0,1.765,2.244,0.0,2.09,1.355,0,82.81,5146.5,5276.0,5115.0,5262.0,V2_RELAXED_OI_GATE,FMCG
KOTAKBANK,2026-06-30,2026-07-01,NEUTRAL,80.0,80.0,1.487,0.78,1.3,0.7,-1.0,1,7.67,396.67,400.71,392.57,399.76,V2_RELAXED_OI_GATE,BANK
HINDUNILVR,2026-06-30,2026-07-01,NEUTRAL,80.0,85.0,2.04,2.273,0.722,1.95,1.266,0,38.67,2133.5,2190.0,2120.2,2182.0,V2_RELAXED_OI_GATE,FMCG
DABUR,2026-06-30,2026-07-01,NEUTRAL,80.0,85.0,5.609,5.167,0.166,4.09,3.0,0,7.75,417.48,441.28,417.24,439.05,V2_RELAXED_OI_GATE,FMCG
MPHASIS,2026-07-02,2026-07-03,BULL,80.0,85.0,2.344,1.127,1.14,1.14,0.741,0,68.3,2211.71,2270.14,2208.78,2236.64,V2_RELAXED_OI_GATE,IT
ITC,2026-07-06,2026-07-07,BULL,80.0,80.0,1.711,0.156,0.017,0.83,0.214,0,3.86,288.3,290.7,286.55,288.75,V2_RELAXED_OI_GATE,FMCG
KOTAKBANK,2026-07-08,2026-07-09,BEAR,80.0,80.0,1.477,1.521,0.378,1.03,0.669,0,8.34,370.86,377.3,367.77,376.5,V2_RELAXED_OI_GATE,BANK
RELIANCE,2026-07-08,2026-07-09,BEAR,80.0,80.0,1.256,0.211,0.094,1.12,0.727,0,23.13,1277.1,1296.5,1274.2,1279.8,V2_RELAXED_OI_GATE,ENERGY
TCS,2026-07-10,2026-07-13,NEUTRAL,80.0,85.0,2.663,5.133,0.29,2.84,1.848,0,60.58,2063.68,2192.88,2053.84,2169.6,V2_RELAXED_OI_GATE,IT
SBIN,2026-07-14,2026-07-15,NEUTRAL,80.0,80.0,1.403,1.438,0.01,1.41,0.915,0,19.42,1015.5,1036.0,1013.7,1030.1,V2_RELAXED_OI_GATE,BANK
BPCL,2026-07-14,2026-07-15,NEUTRAL,80.0,80.0,1.376,1.176,0.213,0.88,0.242,0,7.77,306.0,311.15,306.0,309.6,V2_RELAXED_OI_GATE,ENERGY
POWERGRID,2026-07-16,2026-07-17,NEUTRAL,100.0,85.0,1.391,0.997,0.0,0.96,0.281,0,4.99,280.75,284.35,279.65,283.55,V2_RELAXED_OI_GATE,ENERGY
AXISBANK,2026-07-16,2026-07-17,NEUTRAL,80.0,85.0,2.033,1.645,-0.046,1.3,0.844,0,26.7,1307.0,1333.0,1305.0,1328.5,V2_RELAXED_OI_GATE,BANK
RELIANCE,2026-07-16,2026-07-17,NEUTRAL,80.0,80.0,1.512,2.092,0.262,1.83,1.19,0,22.07,1300.0,1330.3,1296.1,1327.2,V2_RELAXED_OI_GATE,ENERGY
WIPRO,2026-07-16,2026-07-17,NEUTRAL,80.0,80.0,1.452,1.412,-2.357,0.91,0.256,0,3.97,173.55,176.26,173.55,176.0,V2_RELAXED_OI_GATE,IT
JSWSTEEL,2026-07-16,2026-07-17,NEUTRAL,80.0,85.0,2.136,1.335,0.0,1.26,0.817,0,24.3,1221.0,1243.9,1218.0,1237.3,V2_RELAXED_OI_GATE,METAL
AXISBANK,2026-07-20,2026-07-21,NEUTRAL,80.0,80.0,1.811,1.06,-0.876,0.99,0.295,0,30.55,1245.0,1267.7,1244.5,1258.2,V2_RELAXED_OI_GATE,BANK
DRREDDY,2026-07-22,2026-07-23,NEUTRAL,80.0,80.0,1.995,5.931,-6.916,3.13,2.031,0,30.12,1101.0,1171.6,1101.0,1166.3,V2_RELAXED_OI_GATE,PHARMA
HEROMOTOCO,2026-07-22,2026-07-23,NEUTRAL,80.0,85.0,2.908,3.744,-0.0,2.85,1.853,0,97.35,4914.81,5122.94,4907.91,5098.8,V2_RELAXED_OI_GATE,AUTO
ITC,2026-07-22,2026-07-23,NEUTRAL,80.0,80.0,1.768,0.482,-0.303,1.32,0.861,0,4.08,279.95,284.0,279.65,281.3,V2_RELAXED_OI_GATE,FMCG
CHOLAFIN,2026-07-24,2026-07-27,BEAR,80.0,80.0,1.742,2.362,1.137,1.76,1.141,0,45.95,1744.0,1804.5,1743.8,1785.2,V2_RELAXED_OI_GATE,FINSERV
LUPIN,2026-07-24,2026-07-27,BEAR,80.0,80.0,1.528,1.645,0.021,1.54,1.002,0,52.84,2371.0,2432.1,2368.1,2410.0,V2_RELAXED_OI_GATE,PHARMA
HINDUNILVR,2026-07-28,2026-07-29,BEAR,80.0,85.0,2.485,3.282,1.374,2.05,1.335,0,47.08,2050.5,2123.0,2047.0,2117.8,V2_RELAXED_OI_GATE,FMCG
DABUR,2026-07-28,2026-07-29,BEAR,80.0,80.0,1.258,1.474,0.659,1.28,0.832,0,8.23,427.4,435.3,427.0,433.7,V2_RELAXED_OI_GATE,FMCG
TRENT,2026-07-28,2026-07-29,BEAR,80.0,80.0,1.256,2.218,0.317,1.28,0.834,0,72.85,2940.0,3010.1,2916.5,3005.2,V2_RELAXED_OI_GATE,CONS
LT,2026-07-28,2026-07-29,BEAR,80.0,80.0,1.647,0.924,1.654,1.71,1.114,0,64.44,3895.4,3978.2,3891.1,3931.4,V2_RELAXED_OI_GATE,INFRA
KAYNES,2026-07-28,2026-07-29,BEAR,80.0,85.0,8.396,11.238,1.342,5.42,1.875,0,101.79,3271.0,3685.0,3270.2,3638.6,V2_RELAXED_OI_GATE,TECH
ADANIPORTS,2026-07-30,2026-07-31,BULL,80.0,85.0,2.016,1.344,0.595,1.11,0.719,1,41.1,1674.0,1708.1,1650.0,1696.5,V2_RELAXED_OI_GATE,INFRA
BEL,2026-07-30,2026-07-31,BULL,80.0,80.0,1.275,0.74,0.026,0.99,0.293,0,7.57,384.48,390.07,384.48,387.32,V2_RELAXED_OI_GATE,INFRA
RELIANCE,2026-08-05,2026-08-06,BULL,80.0,80.0,1.813,3.113,0.391,2.4,1.563,0,22.29,1285.0,1325.2,1281.2,1325.0,V2_RELAXED_OI_GATE,ENERGY
BHARTIARTL,2026-08-11,2026-08-12,NEUTRAL,80.0,80.0,1.791,1.907,-0.345,1.42,0.922,0,34.21,1908.6,1945.0,1901.3,1945.0,V2_RELAXED_OI_GATE,TELECOM
BPCL,2026-08-13,2026-08-14,NEUTRAL,80.0,80.0,1.76,1.461,-0.048,0.9,0.25,0,6.82,314.85,319.45,314.05,319.45,V2_RELAXED_OI_GATE,ENERGY
ADANIENT,2026-08-13,2026-08-14,NEUTRAL,80.0,80.0,1.699,2.364,0.003,1.62,1.05,0,68.5,2965.0,3048.0,2950.0,3035.1,V2_RELAXED_OI_GATE,ENERGY
ITC,2026-08-19,2026-08-20,BEAR,80.0,85.0,2.492,1.286,0.431,1.05,0.683,1,4.38,268.2,271.65,265.0,271.65,V2_RELAXED_OI_GATE,FMCG
SUNPHARMA,2026-08-21,2026-08-24,NEUTRAL,80.0,80.0,1.53,0.399,0.0,0.86,0.231,0,31.87,1902.4,1923.0,1892.6,1910.0,V2_RELAXED_OI_GATE,PHARMA
TATASTEEL,2026-08-21,2026-08-24,NEUTRAL,80.0,80.0,1.717,1.168,0.628,0.78,0.192,0,3.66,184.15,186.3,183.06,186.3,V2_RELAXED_OI_GATE,METAL
TATASTEEL,2026-08-25,2026-08-26,NEUTRAL,100.0,85.0,1.411,0.815,-0.241,1.27,0.823,1,3.64,186.49,189.95,184.29,188.01,V2_RELAXED_OI_GATE,METAL
HCLTECH,2026-08-27,2026-08-28,BEAR,80.0,85.0,2.317,2.023,0.624,1.99,1.291,0,29.67,1290.0,1334.2,1290.0,1316.1,V2_RELAXED_OI_GATE,IT
HDFCBANK,2026-08-31,2026-09-01,BEAR,80.0,80.0,1.689,0.972,-0.557,1.13,0.733,1,12.29,705.05,715.45,698.5,711.9,V2_RELAXED_OI_GATE,BANK
ADANIPORTS,2026-08-31,2026-09-01,BEAR,80.0,80.0,1.537,1.385,2.002,1.12,0.73,0,36.34,1625.0,1655.6,1625.0,1647.5,V2_RELAXED_OI_GATE,INFRA
ITC,2026-08-31,2026-09-01,BEAR,80.0,85.0,2.198,1.95,2.348,1.91,1.241,0,4.68,261.5,268.2,261.5,266.6,V2_RELAXED_OI_GATE,FMCG
GODREJPROP,2026-09-02,2026-09-03,BEAR,80.0,85.0,2.551,1.909,-0.34,2.16,1.402,0,57.3,1964.0,2056.7,1960.0,2001.5,V2_RELAXED_OI_GATE,REALTY
DRREDDY,2025-10-01,2025-10-03,BEAR,80.0,80.0,1.385,0.338,-0.064,1.15,0.745,0,24.84,1236.06,1257.43,1232.19,1240.23,V3_STRICT_5M_SCORE,PHARMA
DIVISLAB,2025-10-01,2025-10-03,BEAR,80.0,80.0,1.497,1.849,0.867,1.92,1.251,0,119.54,5759.5,5932.0,5746.0,5866.0,V3_STRICT_5M_SCORE,PHARMA
LODHA,2025-10-06,2025-10-07,BULL,80.0,85.0,5.86,2.415,0.26,1.59,1.033,1,28.68,1118.0,1152.2,1098.8,1145.0,V3_STRICT_5M_SCORE,REALTY
ICICIGI,2025-10-14,2025-10-15,NEUTRAL,80.0,85.0,12.316,6.607,2.173,5.12,3.0,0,37.46,1881.82,2025.7,1881.82,2006.14,V3_STRICT_5M_SCORE,FINSERV
NESTLEIND,2025-10-14,2025-10-15,NEUTRAL,80.0,85.0,2.251,3.905,0.0,3.27,2.126,0,19.97,1163.59,1212.59,1163.59,1209.03,V3_STRICT_5M_SCORE,FMCG
COALINDIA,2025-10-29,2025-10-30,BULL,80.0,85.0,2.269,1.24,0.249,1.33,0.866,1,5.77,367.98,373.75,364.48,372.55,V3_STRICT_5M_SCORE,ENERGY
DLF,2025-10-31,2025-11-03,NEUTRAL,80.0,80.0,1.785,2.94,-0.165,2.73,1.776,0,14.22,745.64,774.77,743.02,767.56,V3_STRICT_5M_SCORE,REALTY
DABUR,2025-10-31,2025-11-03,NEUTRAL,80.0,80.0,1.703,3.114,0.113,2.22,1.446,0,9.62,479.32,495.37,476.86,494.25,V3_STRICT_5M_SCORE,FMCG
ADANIENT,2025-11-06,2025-11-07,BEAR,80.0,85.0,2.153,2.35,0.03,1.9,1.233,0,61.49,2313.97,2401.43,2290.38,2368.34,V3_STRICT_5M_SCORE,ENERGY
HINDALCO,2025-11-06,2025-11-07,BEAR,80.0,80.0,1.36,0.241,0.013,0.97,0.283,0,19.35,784.41,798.43,778.94,786.3,V3_STRICT_5M_SCORE,METAL
TRENT,2025-11-10,2025-11-11,BEAR,80.0,80.0,1.672,0.484,0.264,0.85,0.224,0,109.95,4288.66,4358.56,4256.81,4309.43,V3_STRICT_5M_SCORE,CONS
KOTAKBANK,2025-11-14,2025-11-17,BULL,80.0,85.0,2.314,0.377,0.736,1.0,0.651,0,6.62,418.28,423.25,417.76,419.86,V3_STRICT_5M_SCORE,BANK
EICHERMOT,2025-11-14,2025-11-17,BULL,80.0,80.0,1.517,1.025,0.523,0.77,0.187,0,135.97,6730.0,6809.0,6675.0,6799.0,V3_STRICT_5M_SCORE,AUTO
MPHASIS,2025-11-20,2025-11-21,BULL,80.0,85.0,2.038,0.446,-0.201,0.77,0.184,0,71.54,2663.49,2704.69,2642.65,2675.37,V3_STRICT_5M_SCORE,IT
BAJFINANCE,2025-11-26,2025-11-27,BULL,80.0,80.0,1.827,1.792,0.485,1.7,1.106,0,22.83,1009.4,1038.52,1004.72,1027.48,V3_STRICT_5M_SCORE,FINSERV
ITC,2025-11-28,2025-12-01,BULL,80.0,80.0,1.636,0.36,-0.359,0.78,-1.0,1,4.42,384.07,386.64,379.68,385.45,V3_STRICT_5M_SCORE,FMCG
SBIN,2025-12-04,2025-12-05,NEUTRAL,80.0,80.0,1.602,2.387,0.079,2.26,1.47,0,14.16,932.05,956.07,929.94,954.3,V3_STRICT_5M_SCORE,BANK
ADANIENT,2025-12-04,2025-12-05,NEUTRAL,80.0,80.0,1.547,2.142,-0.0,1.13,0.732,0,59.97,2216.91,2267.59,2201.92,2264.39,V3_STRICT_5M_SCORE,ENERGY
DLF,2025-12-08,2025-12-09,BEAR,80.0,80.0,1.411,0.811,-0.429,1.32,0.858,0,14.47,676.01,690.33,671.07,681.49,V3_STRICT_5M_SCORE,REALTY
GODREJPROP,2025-12-08,2025-12-09,BEAR,80.0,85.0,2.969,3.706,-0.258,1.95,1.271,0,55.25,1960.52,2041.53,1942.61,2033.17,V3_STRICT_5M_SCORE,REALTY
TRENT,2025-12-08,2025-12-09,BEAR,80.0,85.0,2.414,0.884,-1.0,1.11,0.725,1,81.81,4043.62,4112.02,3982.12,4079.37,V3_STRICT_5M_SCORE,CONS
BEL,2025-12-08,2025-12-09,BEAR,80.0,80.0,1.664,1.143,-0.349,0.87,0.237,0,9.04,383.42,389.34,378.94,387.8,V3_STRICT_5M_SCORE,INFRA
TATASTEEL,2025-12-10,2025-12-11,BEAR,100.0,85.0,1.767,1.761,0.783,1.29,0.842,0,3.19,160.2,163.29,159.87,163.02,V3_STRICT_5M_SCORE,METAL
PERSISTENT,2025-12-10,2025-12-11,BEAR,80.0,80.0,1.572,2.69,0.133,1.7,1.107,0,146.69,6019.91,6207.23,5997.49,6181.83,V3_STRICT_5M_SCORE,IT
DIXON,2025-12-10,2025-12-11,BEAR,80.0,85.0,4.224,5.175,-0.016,2.02,1.312,0,449.71,12349.0,13030.0,12130.0,12988.0,V3_STRICT_5M_SCORE,TECH
KAYNES,2025-12-10,2025-12-11,BEAR,80.0,80.0,1.833,3.258,0.604,0.87,0.234,0,330.36,3914.0,4129.0,3830.0,4041.5,V3_STRICT_5M_SCORE,TECH
AXISBANK,2025-12-16,2025-12-17,NEUTRAL,80.0,80.0,1.386,0.336,0.082,0.95,0.274,0,21.66,1219.66,1235.05,1219.36,1223.76,V3_STRICT_5M_SCORE,BANK
EICHERMOT,2025-12-16,2025-12-17,NEUTRAL,80.0,80.0,1.395,0.429,0.602,0.75,0.175,0,129.03,7104.0,7176.5,7080.5,7134.5,V3_STRICT_5M_SCORE,AUTO
POWERGRID,2025-12-18,2025-12-19,NEUTRAL,80.0,80.0,1.961,2.093,0.039,1.89,1.229,0,4.11,255.19,261.02,255.09,260.53,V3_STRICT_5M_SCORE,ENERGY
DIVISLAB,2025-12-18,2025-12-19,NEUTRAL,80.0,85.0,3.701,1.069,0.47,2.06,1.342,0,121.46,6410.0,6598.0,6408.5,6478.5,V3_STRICT_5M_SCORE,PHARMA
ABB,2025-12-18,2025-12-19,NEUTRAL,80.0,85.0,2.238,1.391,0.167,1.21,0.789,0,93.53,5085.2,5170.35,5079.23,5155.91,V3_STRICT_5M_SCORE,MFNG
CHOLAFIN,2025-12-22,2025-12-23,BULL,80.0,85.0,4.14,4.579,1.268,3.07,1.998,0,46.96,1603.17,1711.45,1593.98,1676.59,V3_STRICT_5M_SCORE,FINSERV
TATASTEEL,2025-12-26,2025-12-29,NEUTRAL,80.0,85.0,2.222,1.646,0.231,2.07,1.349,0,2.91,166.08,170.61,165.87,168.82,V3_STRICT_5M_SCORE,METAL
ONGC,2025-12-30,2025-12-31,NEUTRAL,80.0,80.0,1.944,2.424,0.004,2.33,1.517,0,3.52,229.29,235.46,229.22,234.85,V3_STRICT_5M_SCORE,ENERGY
HINDUNILVR,2025-12-30,2025-12-31,NEUTRAL,80.0,80.0,1.328,1.131,-0.009,1.49,0.967,0,31.5,2266.94,2302.08,2263.77,2292.58,V3_STRICT_5M_SCORE,FMCG
DABUR,2025-12-30,2025-12-31,NEUTRAL,80.0,85.0,2.273,1.737,-0.131,2.75,1.79,0,7.12,488.66,503.37,488.56,497.15,V3_STRICT_5M_SCORE,FMCG
DIXON,2025-12-30,2025-12-31,NEUTRAL,80.0,80.0,1.323,2.075,0.756,1.07,0.698,0,475.78,11856.0,12239.0,11755.0,12102.0,V3_STRICT_5M_SCORE,TECH
ONGC,2026-01-05,2026-01-06,BULL,80.0,80.0,1.329,1.596,0.0,1.3,0.847,0,4.27,232.62,236.79,232.62,236.33,V3_STRICT_5M_SCORE,ENERGY
TCS,2026-01-05,2026-01-06,BULL,80.0,80.0,1.416,1.427,-0.19,1.61,1.048,0,42.39,3093.55,3144.82,3088.73,3137.69,V3_STRICT_5M_SCORE,IT
HCLTECH,2026-01-05,2026-01-06,BULL,80.0,80.0,1.317,1.0,-0.454,1.19,0.771,0,27.85,1543.19,1567.97,1540.3,1558.62,V3_STRICT_5M_SCORE,IT
ABB,2026-01-05,2026-01-06,BULL,80.0,80.0,1.615,1.083,0.0,1.39,0.904,0,82.11,5147.45,5233.1,5139.48,5203.22,V3_STRICT_5M_SCORE,MFNG
INFY,2026-01-13,2026-01-14,BEAR,80.0,80.0,1.414,0.743,-0.688,1.37,0.891,0,27.62,1554.36,1582.75,1549.57,1565.91,V3_STRICT_5M_SCORE,IT
IDFCFIRSTB,2026-01-21,2026-01-22,BEAR,80.0,80.0,1.641,2.683,0.601,1.89,1.227,0,1.75,81.76,84.23,81.66,83.95,V3_STRICT_5M_SCORE,BANK
BRITANNIA,2026-01-21,2026-01-22,BEAR,80.0,80.0,1.335,1.402,0.819,1.59,1.03,0,105.13,5850.0,5975.0,5819.0,5932.0,V3_STRICT_5M_SCORE,FMCG
BPCL,2026-01-27,2026-01-28,BEAR,80.0,85.0,2.197,0.513,0.867,0.78,0.189,0,8.99,350.61,355.86,347.59,352.41,V3_STRICT_5M_SCORE,ENERGY
IOC,2026-01-27,2026-01-28,BEAR,80.0,80.0,1.693,2.421,0.063,1.91,1.242,0,3.45,157.02,161.96,156.57,160.82,V3_STRICT_5M_SCORE,ENERGY
POWERGRID,2026-01-27,2026-01-28,BEAR,80.0,80.0,1.304,2.283,-0.138,1.85,1.199,0,4.82,251.18,257.86,251.18,256.92,V3_STRICT_5M_SCORE,ENERGY
M&M,2026-01-27,2026-01-28,BEAR,80.0,80.0,1.836,2.078,-0.427,1.3,0.845,0,79.06,3343.88,3420.97,3340.92,3413.35,V3_STRICT_5M_SCORE,AUTO
ITC,2026-01-27,2026-01-28,BEAR,80.0,80.0,1.44,0.375,0.408,0.78,0.189,0,6.13,305.07,308.65,304.5,306.22,V3_STRICT_5M_SCORE,FMCG
HAL,2026-01-27,2026-01-28,BEAR,80.0,85.0,2.162,5.812,0.494,3.66,1.875,0,97.11,4333.99,4600.38,4325.56,4585.9,V3_STRICT_5M_SCORE,INFRA
M&M,2026-01-29,2026-01-30,NEUTRAL,80.0,80.0,1.898,4.532,-2.996,2.64,1.716,0,84.69,3248.88,3416.52,3248.68,3396.14,V3_STRICT_5M_SCORE,AUTO
ITC,2026-01-29,2026-01-30,NEUTRAL,80.0,85.0,2.062,1.051,0.063,1.37,0.888,0,5.91,303.97,310.03,301.73,307.17,V3_STRICT_5M_SCORE,FMCG
HINDUNILVR,2026-01-29,2026-01-30,NEUTRAL,80.0,80.0,1.513,1.367,-0.493,1.27,0.824,0,45.81,2317.43,2360.99,2316.44,2349.11,V3_STRICT_5M_SCORE,FMCG
NESTLEIND,2026-01-29,2026-01-30,NEUTRAL,80.0,85.0,5.53,3.608,-0.148,3.0,1.949,0,23.59,1272.97,1326.03,1270.01,1318.9,V3_STRICT_5M_SCORE,FMCG
TITAN,2026-01-29,2026-01-30,NEUTRAL,80.0,80.0,1.844,0.821,0.135,0.86,0.231,0,77.15,3932.1,3981.93,3897.01,3964.39,V3_STRICT_5M_SCORE,CONS
TRENT,2026-02-04,2026-02-05,BULL,80.0,85.0,3.736,3.974,-0.977,1.44,0.933,1,104.47,2645.02,2757.53,2571.53,2750.14,V3_STRICT_5M_SCORE,CONS
KAYNES,2026-02-06,2026-02-09,BULL,80.0,80.0,1.575,4.746,1.749,1.35,0.881,0,201.06,3765.0,3969.3,3757.8,3943.7,V3_STRICT_5M_SCORE,TECH
INFY,2026-02-12,2026-02-13,BULL,80.0,85.0,3.547,5.812,-6.645,2.5,1.625,0,43.54,1266.49,1348.13,1254.36,1340.1,V3_STRICT_5M_SCORE,IT
TCS,2026-02-12,2026-02-13,BULL,80.0,85.0,2.28,4.147,-6.003,2.1,1.368,0,79.59,2536.51,2662.11,2536.51,2641.7,V3_STRICT_5M_SCORE,IT
HCLTECH,2026-02-12,2026-02-13,BULL,80.0,85.0,2.04,2.263,-3.597,1.69,1.098,1,41.25,1382.16,1434.41,1355.93,1413.43,V3_STRICT_5M_SCORE,IT
WIPRO,2026-02-12,2026-02-13,BULL,80.0,80.0,1.409,1.633,-3.848,1.17,0.763,0,6.62,210.65,216.48,209.01,214.09,V3_STRICT_5M_SCORE,IT
TECHM,2026-02-12,2026-02-13,BULL,80.0,85.0,3.033,3.494,-3.514,1.79,1.166,0,47.37,1445.05,1508.79,1427.31,1495.54,V3_STRICT_5M_SCORE,IT
PERSISTENT,2026-02-12,2026-02-13,BULL,80.0,85.0,2.506,5.163,-4.439,2.14,1.392,0,205.47,5210.0,5540.0,5210.0,5479.0,V3_STRICT_5M_SCORE,IT
MPHASIS,2026-02-12,2026-02-13,BULL,80.0,85.0,2.734,2.965,-3.101,1.72,1.119,0,85.66,2325.26,2435.89,2293.71,2394.21,V3_STRICT_5M_SCORE,IT
INFY,2026-02-16,2026-02-17,NEUTRAL,80.0,80.0,1.461,1.547,0.322,1.7,1.102,0,46.96,1340.98,1400.69,1338.05,1361.73,V3_STRICT_5M_SCORE,IT
WIPRO,2026-02-16,2026-02-17,NEUTRAL,80.0,80.0,1.425,1.139,0.0,1.19,0.774,0,6.86,213.26,219.39,212.26,215.69,V3_STRICT_5M_SCORE,IT
BPCL,2026-02-20,2026-02-23,NEUTRAL,80.0,80.0,1.856,0.568,1.01,0.97,0.284,0,9.22,370.0,376.7,366.65,372.1,V3_STRICT_5M_SCORE,ENERGY
ICICIBANK,2026-02-24,2026-02-25,BEAR,80.0,80.0,1.41,0.625,0.505,0.94,0.271,0,22.08,1391.8,1407.4,1388.2,1400.5,V3_STRICT_5M_SCORE,BANK
HCLTECH,2026-02-24,2026-02-25,BEAR,80.0,80.0,1.417,1.712,1.18,1.04,0.678,0,45.19,1316.11,1351.46,1315.14,1338.64,V3_STRICT_5M_SCORE,IT
MARUTI,2026-02-24,2026-02-25,BEAR,80.0,80.0,1.35,1.413,-0.442,1.18,0.77,0,307.18,14860.0,15133.0,14837.0,15070.0,V3_STRICT_5M_SCORE,AUTO
HEROMOTOCO,2026-02-24,2026-02-25,BEAR,80.0,85.0,2.254,4.11,0.0,3.11,1.875,0,141.03,5511.0,5840.0,5500.5,5737.5,V3_STRICT_5M_SCORE,AUTO
TRENT,2026-02-26,2026-02-27,NEUTRAL,80.0,80.0,1.647,1.128,-0.0,0.81,0.206,0,80.84,2566.87,2616.13,2556.22,2595.83,V3_STRICT_5M_SCORE,CONS
DIXON,2026-02-26,2026-02-27,NEUTRAL,80.0,85.0,2.636,4.176,-0.099,1.7,1.103,0,403.82,10106.0,10620.0,10085.0,10528.0,V3_STRICT_5M_SCORE,TECH
RELIANCE,2026-03-04,2026-03-05,BEAR,80.0,80.0,1.834,2.683,0.602,1.99,1.293,0,30.62,1346.87,1392.56,1346.87,1383.01,V3_STRICT_5M_SCORE,ENERGY
BPCL,2026-03-04,2026-03-05,BEAR,80.0,80.0,1.526,1.037,0.07,0.75,-1.0,1,10.46,356.65,362.5,351.1,360.35,V3_STRICT_5M_SCORE,ENERGY
IOC,2026-03-04,2026-03-05,BEAR,80.0,80.0,1.702,0.316,0.329,1.21,0.79,0,4.79,168.87,173.24,167.17,169.4,V3_STRICT_5M_SCORE,ENERGY
ADANIPORTS,2026-03-04,2026-03-05,BEAR,80.0,80.0,1.57,3.6,0.892,1.73,1.122,0,44.84,1441.13,1499.18,1441.13,1493.01,V3_STRICT_5M_SCORE,INFRA
HINDALCO,2026-03-04,2026-03-05,BEAR,80.0,85.0,3.285,2.683,0.89,2.49,1.616,0,28.54,925.17,978.4,921.59,949.99,V3_STRICT_5M_SCORE,METAL
DLF,2026-03-04,2026-03-05,BEAR,80.0,80.0,1.928,2.397,0.422,1.29,0.84,0,18.24,564.36,582.04,564.36,577.89,V3_STRICT_5M_SCORE,REALTY
HAL,2026-03-04,2026-03-05,BEAR,80.0,80.0,1.314,0.563,-0.175,0.88,0.24,0,119.65,3870.0,3949.0,3840.9,3891.8,V3_STRICT_5M_SCORE,INFRA
LT,2026-03-04,2026-03-05,BEAR,80.0,80.0,1.479,2.918,1.071,1.76,1.143,0,111.65,3886.24,4033.5,3871.09,3999.63,V3_STRICT_5M_SCORE,INFRA
RELIANCE,2026-03-06,2026-03-09,BEAR,100.0,85.0,1.468,3.564,-2.121,2.23,1.446,0,32.44,1368.67,1422.82,1363.69,1417.45,V3_STRICT_5M_SCORE,ENERGY
NESTLEIND,2026-03-06,2026-03-09,BEAR,100.0,85.0,1.479,0.717,-2.028,0.76,0.182,0,27.07,1221.13,1236.66,1211.58,1229.89,V3_STRICT_5M_SCORE,FMCG
BAJFINANCE,2026-03-06,2026-03-09,BEAR,80.0,80.0,1.334,1.763,-2.989,1.09,0.707,1,23.5,916.17,935.35,903.5,932.32,V3_STRICT_5M_SCORE,FINSERV
IOC,2026-03-06,2026-03-09,BEAR,80.0,80.0,1.826,2.038,-6.332,1.12,0.728,0,4.88,156.03,160.13,154.35,159.21,V3_STRICT_5M_SCORE,ENERGY
ADANIPORTS,2026-03-06,2026-03-09,BEAR,80.0,85.0,2.022,1.16,-4.907,0.91,0.254,0,45.45,1399.1,1430.07,1399.1,1415.34,V3_STRICT_5M_SCORE,INFRA
GODREJPROP,2026-03-06,2026-03-09,BEAR,80.0,80.0,1.765,2.179,-3.407,0.82,0.211,0,67.56,1602.75,1644.45,1582.85,1637.68,V3_STRICT_5M_SCORE,REALTY
BRITANNIA,2026-03-12,2026-03-13,BEAR,80.0,85.0,2.135,1.017,-0.639,1.38,0.9,0,126.19,5750.0,5881.0,5727.0,5808.5,V3_STRICT_5M_SCORE,FMCG
FEDERALBNK,2026-03-16,2026-03-17,BEAR,80.0,80.0,1.26,0.233,-0.06,0.88,0.238,0,29.71,2129.52,2149.03,2129.52,2134.47,V3_STRICT_5M_SCORE,BANK
MARUTI,2026-03-16,2026-03-17,BEAR,80.0,80.0,1.82,1.423,0.259,0.98,0.291,0,420.9,12790.0,13100.0,12686.0,12972.0,V3_STRICT_5M_SCORE,AUTO
HCLTECH,2026-03-20,2026-03-23,NEUTRAL,80.0,85.0,2.006,3.331,-1.417,1.68,1.089,0,38.79,1277.06,1325.82,1272.4,1319.61,V3_STRICT_5M_SCORE,IT
TECHM,2026-03-20,2026-03-23,NEUTRAL,80.0,80.0,1.91,1.318,-1.358,1.46,0.947,0,43.33,1331.4,1378.77,1323.21,1348.94,V3_STRICT_5M_SCORE,IT
PERSISTENT,2026-03-20,2026-03-23,NEUTRAL,80.0,80.0,1.782,0.761,-0.592,0.74,0.168,0,201.94,4688.8,4800.4,4639.3,4724.5,V3_STRICT_5M_SCORE,IT
AXISBANK,2026-03-24,2026-03-25,BEAR,80.0,80.0,1.255,1.842,0.612,1.52,0.986,0,34.26,1199.08,1238.05,1197.08,1221.16,V3_STRICT_5M_SCORE,BANK
KOTAKBANK,2026-03-24,2026-03-25,BEAR,80.0,80.0,1.957,0.583,0.572,1.27,0.824,1,9.5,368.31,377.35,362.37,370.46,V3_STRICT_5M_SCORE,BANK
BAJFINANCE,2026-03-24,2026-03-25,BEAR,80.0,80.0,1.292,2.401,1.537,1.17,0.761,0,30.28,856.78,883.37,848.09,877.36,V3_STRICT_5M_SCORE,FINSERV
HCLTECH,2026-03-24,2026-03-25,BEAR,80.0,80.0,1.364,2.47,-1.842,2.08,1.353,0,39.45,1309.31,1370.89,1309.31,1341.65,V3_STRICT_5M_SCORE,IT
BHARTIARTL,2026-03-24,2026-03-25,BEAR,80.0,80.0,1.409,1.152,0.66,1.09,0.708,0,43.06,1814.0,1849.2,1810.1,1834.9,V3_STRICT_5M_SCORE,TELECOM
TATAMOTORS,2026-03-26,2026-03-27,BEAR,100.0,90.0,5.951,0.376,-1.355,0.69,-1.0,1,21.04,421.24,432.12,402.56,422.83,V3_STRICT_5M_SCORE,AUTO
PERSISTENT,2026-03-26,2026-03-27,BEAR,80.0,80.0,1.267,0.406,-0.99,0.74,0.168,0,194.31,4880.0,4987.4,4851.1,4899.8,V3_STRICT_5M_SCORE,IT
TCS,2026-04-01,2026-04-02,NEUTRAL,80.0,80.0,1.278,2.712,-0.922,1.69,1.098,0,65.0,2341.24,2423.57,2331.14,2404.73,V3_STRICT_5M_SCORE,IT
SUNPHARMA,2026-04-01,2026-04-02,NEUTRAL,80.0,80.0,1.435,1.718,-3.674,1.2,0.779,1,38.82,1660.65,1695.56,1615.77,1689.17,V3_STRICT_5M_SCORE,PHARMA
DRREDDY,2026-04-01,2026-04-02,NEUTRAL,80.0,80.0,1.826,2.509,-1.827,1.3,0.845,1,35.77,1180.02,1214.9,1160.14,1209.63,V3_STRICT_5M_SCORE,PHARMA
DLF,2026-04-01,2026-04-02,NEUTRAL,80.0,80.0,1.445,4.242,-1.717,1.59,1.033,1,19.44,494.79,517.95,483.33,515.77,V3_STRICT_5M_SCORE,REALTY
TRENT,2026-04-03,2026-04-06,BEAR,100.0,90.0,4.43,5.466,2.374,2.23,1.45,0,93.33,2419.69,2575.86,2419.69,2551.96,V3_STRICT_5M_SCORE,CONS
KAYNES,2026-04-03,2026-04-06,BEAR,100.0,85.0,1.448,4.47,0.28,1.3,0.845,0,180.5,3547.9,3723.9,3460.0,3706.5,V3_STRICT_5M_SCORE,TECH
GODREJPROP,2026-04-03,2026-04-06,BEAR,80.0,80.0,1.916,4.463,0.577,1.52,0.99,0,65.33,1509.7,1584.34,1486.61,1577.08,V3_STRICT_5M_SCORE,REALTY
HEROMOTOCO,2026-04-09,2026-04-10,BULL,80.0,80.0,1.467,3.2,0.246,1.37,0.888,0,183.03,5297.0,5484.5,5295.5,5466.5,V3_STRICT_5M_SCORE,AUTO
KOTAKBANK,2026-05-05,2026-05-06,NEUTRAL,100.0,85.0,1.704,0.695,0.714,0.85,-1.0,1,9.36,373.36,379.35,365.02,375.95,V3_STRICT_5M_SCORE,BANK
ICICIGI,2026-05-05,2026-05-06,NEUTRAL,100.0,90.0,2.222,1.395,0.456,1.15,0.749,0,43.34,1778.25,1815.71,1768.49,1803.05,V3_STRICT_5M_SCORE,FINSERV
ICICIBANK,2026-05-05,2026-05-06,NEUTRAL,80.0,80.0,1.543,1.387,0.855,1.02,0.663,0,27.19,1262.0,1282.8,1252.1,1279.5,V3_STRICT_5M_SCORE,BANK
SBIN,2026-05-05,2026-05-06,NEUTRAL,80.0,80.0,1.296,2.239,1.142,1.6,1.038,0,23.86,1053.02,1081.6,1042.41,1076.59,V3_STRICT_5M_SCORE,BANK
TITAN,2026-05-07,2026-05-08,BULL,80.0,85.0,5.828,4.52,0.151,3.95,2.57,1,97.82,4299.89,4589.94,4199.62,4494.25,V3_STRICT_5M_SCORE,CONS
BHARTIARTL,2026-05-11,2026-05-12,BEAR,80.0,80.0,1.37,0.303,-0.472,0.82,0.212,0,40.47,1751.5,1776.5,1751.5,1756.8,V3_STRICT_5M_SCORE,TELECOM
DLF,2026-05-13,2026-05-14,BEAR,100.0,85.0,1.966,1.949,-0.357,1.3,0.847,1,16.51,565.01,581.15,546.93,576.02,V3_STRICT_5M_SCORE,REALTY
BHARTIARTL,2026-05-13,2026-05-14,BEAR,100.0,90.0,2.347,3.489,1.721,2.27,1.475,1,40.66,1820.0,1889.2,1797.3,1883.5,V3_STRICT_5M_SCORE,TELECOM
HDFCBANK,2026-05-13,2026-05-14,BEAR,80.0,80.0,1.459,2.47,0.187,2.06,1.341,0,17.36,738.78,765.64,734.85,757.03,V3_STRICT_5M_SCORE,BANK
TECHM,2026-05-15,2026-05-18,BEAR,80.0,85.0,3.411,4.862,-0.496,2.44,1.584,0,39.46,1329.16,1401.28,1329.16,1393.78,V3_STRICT_5M_SCORE,IT
IOC,2026-05-19,2026-05-20,NEUTRAL,80.0,80.0,1.445,2.502,-0.244,1.29,0.839,0,3.98,134.67,138.52,133.0,138.04,V3_STRICT_5M_SCORE,ENERGY
EICHERMOT,2026-05-21,2026-05-22,NEUTRAL,80.0,80.0,1.268,0.816,0.479,0.88,0.238,0,176.54,6925.0,7041.0,6908.5,6981.5,V3_STRICT_5M_SCORE,AUTO
COALINDIA,2026-05-29,2026-06-01,NEUTRAL,80.0,80.0,1.73,3.516,-0.295,2.1,1.367,0,12.96,456.55,477.0,456.55,472.6,V3_STRICT_5M_SCORE,ENERGY
TCS,2026-05-29,2026-06-01,NEUTRAL,80.0,80.0,1.548,0.587,1.111,1.33,0.867,0,50.68,2271.55,2322.27,2267.57,2284.87,V3_STRICT_5M_SCORE,IT
HCLTECH,2026-05-29,2026-06-01,NEUTRAL,80.0,80.0,1.982,0.42,0.532,1.18,0.766,0,25.43,1178.07,1200.54,1178.07,1183.02,V3_STRICT_5M_SCORE,IT
DIVISLAB,2026-06-02,2026-06-03,BEAR,80.0,80.0,1.444,0.867,-0.199,0.77,0.183,0,146.94,6520.0,6604.5,6460.0,6576.5,V3_STRICT_5M_SCORE,PHARMA
MARUTI,2026-06-02,2026-06-03,BEAR,80.0,80.0,1.687,0.231,-0.061,0.86,0.229,0,298.32,13014.0,13206.0,12911.0,13044.0,V3_STRICT_5M_SCORE,AUTO
CHOLAFIN,2026-06-04,2026-06-05,BEAR,100.0,85.0,1.986,1.123,0.034,1.75,1.137,0,47.6,1485.92,1548.39,1479.52,1502.61,V3_STRICT_5M_SCORE,FINSERV
SBIN,2026-06-08,2026-06-09,BEAR,100.0,85.0,1.434,1.797,0.311,1.45,0.942,0,22.09,985.0,1009.0,983.0,1002.7,V3_STRICT_5M_SCORE,BANK
ICICIBANK,2026-06-08,2026-06-09,BEAR,80.0,80.0,1.492,1.594,0.384,1.39,0.902,0,23.94,1255.0,1279.9,1252.7,1275.0,V3_STRICT_5M_SCORE,BANK
DIVISLAB,2026-06-08,2026-06-09,BEAR,80.0,85.0,2.911,3.336,0.215,2.3,1.496,0,147.71,6535.0,6790.0,6535.0,6753.0,V3_STRICT_5M_SCORE,PHARMA
JSWSTEEL,2026-06-10,2026-06-11,BEAR,80.0,80.0,1.294,1.288,-0.299,1.37,0.888,0,26.58,1258.77,1286.01,1253.8,1274.98,V3_STRICT_5M_SCORE,METAL
M&M,2026-06-12,2026-06-15,BULL,80.0,80.0,1.686,1.434,1.548,1.3,0.846,0,78.09,3057.89,3134.09,3046.01,3101.73,V3_STRICT_5M_SCORE,AUTO
HAL,2026-06-12,2026-06-15,BULL,80.0,80.0,1.382,1.174,1.019,1.41,0.919,0,102.76,4235.0,4344.0,4202.6,4284.7,V3_STRICT_5M_SCORE,INFRA
HINDALCO,2026-06-16,2026-06-17,BULL,80.0,80.0,1.6,2.325,0.265,1.14,0.738,0,31.07,979.89,1006.35,966.16,1002.67,V3_STRICT_5M_SCORE,METAL
KAYNES,2026-06-16,2026-06-17,BULL,80.0,80.0,1.593,1.732,0.485,0.99,0.297,0,124.73,3193.0,3286.0,3185.7,3248.3,V3_STRICT_5M_SCORE,TECH
TCS,2026-06-18,2026-06-19,BULL,80.0,85.0,3.613,0.95,-4.461,0.79,-1.0,1,55.13,2093.52,2126.34,2048.67,2113.41,V3_STRICT_5M_SCORE,IT
WIPRO,2026-06-18,2026-06-19,BULL,80.0,80.0,1.486,2.286,-3.325,1.32,0.855,0,4.78,176.76,181.48,174.89,180.8,V3_STRICT_5M_SCORE,IT
TECHM,2026-06-18,2026-06-19,BULL,80.0,85.0,2.94,4.415,-6.749,2.16,1.402,0,40.5,1315.81,1381.3,1309.96,1373.9,V3_STRICT_5M_SCORE,IT
MARUTI,2026-06-24,2026-06-25,NEUTRAL,80.0,85.0,2.408,2.897,0.83,2.65,1.721,0,278.72,13225.18,13778.62,13193.5,13608.33,V3_STRICT_5M_SCORE,AUTO
KAYNES,2026-06-24,2026-06-25,NEUTRAL,80.0,85.0,2.717,1.231,0.684,1.75,1.137,0,122.71,3225.0,3386.0,3212.0,3264.7,V3_STRICT_5M_SCORE,TECH
BRITANNIA,2026-06-30,2026-07-01,NEUTRAL,100.0,85.0,1.765,2.244,0.0,2.09,1.355,0,82.81,5146.5,5276.0,5115.0,5262.0,V3_STRICT_5M_SCORE,FMCG
KOTAKBANK,2026-06-30,2026-07-01,NEUTRAL,80.0,80.0,1.487,0.78,1.3,0.7,-1.0,1,7.67,396.67,400.71,392.57,399.76,V3_STRICT_5M_SCORE,BANK
HINDUNILVR,2026-06-30,2026-07-01,NEUTRAL,80.0,85.0,2.04,2.273,0.722,1.95,1.266,0,38.67,2133.5,2190.0,2120.2,2182.0,V3_STRICT_5M_SCORE,FMCG
DABUR,2026-06-30,2026-07-01,NEUTRAL,80.0,85.0,5.609,5.167,0.166,4.09,3.0,0,7.75,417.48,441.28,417.24,439.05,V3_STRICT_5M_SCORE,FMCG
MPHASIS,2026-07-02,2026-07-03,BULL,80.0,85.0,2.344,1.127,1.14,1.14,0.741,0,68.3,2211.71,2270.14,2208.78,2236.64,V3_STRICT_5M_SCORE,IT
KOTAKBANK,2026-07-08,2026-07-09,BEAR,80.0,80.0,1.477,1.521,0.378,1.03,0.669,0,8.34,370.86,377.3,367.77,376.5,V3_STRICT_5M_SCORE,BANK
RELIANCE,2026-07-08,2026-07-09,BEAR,80.0,80.0,1.256,0.211,0.094,1.12,0.727,0,23.13,1277.1,1296.5,1274.2,1279.8,V3_STRICT_5M_SCORE,ENERGY
TCS,2026-07-10,2026-07-13,NEUTRAL,80.0,85.0,2.663,5.133,0.29,2.84,1.848,0,60.58,2063.68,2192.88,2053.84,2169.6,V3_STRICT_5M_SCORE,IT
SBIN,2026-07-14,2026-07-15,NEUTRAL,80.0,80.0,1.403,1.438,0.01,1.41,0.915,0,19.42,1015.5,1036.0,1013.7,1030.1,V3_STRICT_5M_SCORE,BANK
BPCL,2026-07-14,2026-07-15,NEUTRAL,80.0,80.0,1.376,1.176,0.213,0.88,0.242,0,7.77,306.0,311.15,306.0,309.6,V3_STRICT_5M_SCORE,ENERGY
POWERGRID,2026-07-16,2026-07-17,NEUTRAL,100.0,85.0,1.391,0.997,0.0,0.96,0.281,0,4.99,280.75,284.35,279.65,283.55,V3_STRICT_5M_SCORE,ENERGY
AXISBANK,2026-07-16,2026-07-17,NEUTRAL,80.0,85.0,2.033,1.645,-0.046,1.3,0.844,0,26.7,1307.0,1333.0,1305.0,1328.5,V3_STRICT_5M_SCORE,BANK
RELIANCE,2026-07-16,2026-07-17,NEUTRAL,80.0,80.0,1.512,2.092,0.262,1.83,1.19,0,22.07,1300.0,1330.3,1296.1,1327.2,V3_STRICT_5M_SCORE,ENERGY
WIPRO,2026-07-16,2026-07-17,NEUTRAL,80.0,80.0,1.452,1.412,-2.357,0.91,0.256,0,3.97,173.55,176.26,173.55,176.0,V3_STRICT_5M_SCORE,IT
JSWSTEEL,2026-07-16,2026-07-17,NEUTRAL,80.0,85.0,2.136,1.335,0.0,1.26,0.817,0,24.3,1221.0,1243.9,1218.0,1237.3,V3_STRICT_5M_SCORE,METAL
AXISBANK,2026-07-20,2026-07-21,NEUTRAL,80.0,80.0,1.811,1.06,-0.876,0.99,0.295,0,30.55,1245.0,1267.7,1244.5,1258.2,V3_STRICT_5M_SCORE,BANK
DRREDDY,2026-07-22,2026-07-23,NEUTRAL,80.0,80.0,1.995,5.931,-6.916,3.13,2.031,0,30.12,1101.0,1171.6,1101.0,1166.3,V3_STRICT_5M_SCORE,PHARMA
HEROMOTOCO,2026-07-22,2026-07-23,NEUTRAL,80.0,85.0,2.908,3.744,-0.0,2.85,1.853,0,97.35,4914.81,5122.94,4907.91,5098.8,V3_STRICT_5M_SCORE,AUTO
ITC,2026-07-22,2026-07-23,NEUTRAL,80.0,80.0,1.768,0.482,-0.303,1.32,0.861,0,4.08,279.95,284.0,279.65,281.3,V3_STRICT_5M_SCORE,FMCG
CHOLAFIN,2026-07-24,2026-07-27,BEAR,80.0,80.0,1.742,2.362,1.137,1.76,1.141,0,45.95,1744.0,1804.5,1743.8,1785.2,V3_STRICT_5M_SCORE,FINSERV
LUPIN,2026-07-24,2026-07-27,BEAR,80.0,80.0,1.528,1.645,0.021,1.54,1.002,0,52.84,2371.0,2432.1,2368.1,2410.0,V3_STRICT_5M_SCORE,PHARMA
HINDUNILVR,2026-07-28,2026-07-29,BEAR,80.0,85.0,2.485,3.282,1.374,2.05,1.335,0,47.08,2050.5,2123.0,2047.0,2117.8,V3_STRICT_5M_SCORE,FMCG
DABUR,2026-07-28,2026-07-29,BEAR,80.0,80.0,1.258,1.474,0.659,1.28,0.832,0,8.23,427.4,435.3,427.0,433.7,V3_STRICT_5M_SCORE,FMCG
TRENT,2026-07-28,2026-07-29,BEAR,80.0,80.0,1.256,2.218,0.317,1.28,0.834,0,72.85,2940.0,3010.1,2916.5,3005.2,V3_STRICT_5M_SCORE,CONS
LT,2026-07-28,2026-07-29,BEAR,80.0,80.0,1.647,0.924,1.654,1.71,1.114,0,64.44,3895.4,3978.2,3891.1,3931.4,V3_STRICT_5M_SCORE,INFRA
KAYNES,2026-07-28,2026-07-29,BEAR,80.0,85.0,8.396,11.238,1.342,5.42,1.875,0,101.79,3271.0,3685.0,3270.2,3638.6,V3_STRICT_5M_SCORE,TECH
ADANIPORTS,2026-07-30,2026-07-31,BULL,80.0,85.0,2.016,1.344,0.595,1.11,0.719,1,41.1,1674.0,1708.1,1650.0,1696.5,V3_STRICT_5M_SCORE,INFRA
BEL,2026-07-30,2026-07-31,BULL,80.0,80.0,1.275,0.74,0.026,0.99,0.293,0,7.57,384.48,390.07,384.48,387.32,V3_STRICT_5M_SCORE,INFRA
RELIANCE,2026-08-05,2026-08-06,BULL,80.0,80.0,1.813,3.113,0.391,2.4,1.563,0,22.29,1285.0,1325.2,1281.2,1325.0,V3_STRICT_5M_SCORE,ENERGY
BHARTIARTL,2026-08-11,2026-08-12,NEUTRAL,80.0,80.0,1.791,1.907,-0.345,1.42,0.922,0,34.21,1908.6,1945.0,1901.3,1945.0,V3_STRICT_5M_SCORE,TELECOM
BPCL,2026-08-13,2026-08-14,NEUTRAL,80.0,80.0,1.76,1.461,-0.048,0.9,0.25,0,6.82,314.85,319.45,314.05,319.45,V3_STRICT_5M_SCORE,ENERGY
ADANIENT,2026-08-13,2026-08-14,NEUTRAL,80.0,80.0,1.699,2.364,0.003,1.62,1.05,0,68.5,2965.0,3048.0,2950.0,3035.1,V3_STRICT_5M_SCORE,ENERGY
ITC,2026-08-19,2026-08-20,BEAR,80.0,85.0,2.492,1.286,0.431,1.05,0.683,1,4.38,268.2,271.65,265.0,271.65,V3_STRICT_5M_SCORE,FMCG
SUNPHARMA,2026-08-21,2026-08-24,NEUTRAL,80.0,80.0,1.53,0.399,0.0,0.86,0.231,0,31.87,1902.4,1923.0,1892.6,1910.0,V3_STRICT_5M_SCORE,PHARMA
TATASTEEL,2026-08-21,2026-08-24,NEUTRAL,80.0,80.0,1.717,1.168,0.628,0.78,0.192,0,3.66,184.15,186.3,183.06,186.3,V3_STRICT_5M_SCORE,METAL
TATASTEEL,2026-08-25,2026-08-26,NEUTRAL,100.0,85.0,1.411,0.815,-0.241,1.27,0.823,1,3.64,186.49,189.95,184.29,188.01,V3_STRICT_5M_SCORE,METAL
HCLTECH,2026-08-27,2026-08-28,BEAR,80.0,85.0,2.317,2.023,0.624,1.99,1.291,0,29.67,1290.0,1334.2,1290.0,1316.1,V3_STRICT_5M_SCORE,IT
HDFCBANK,2026-08-31,2026-09-01,BEAR,80.0,80.0,1.689,0.972,-0.557,1.13,0.733,1,12.29,705.05,715.45,698.5,711.9,V3_STRICT_5M_SCORE,BANK
ADANIPORTS,2026-08-31,2026-09-01,BEAR,80.0,80.0,1.537,1.385,2.002,1.12,0.73,0,36.34,1625.0,1655.6,1625.0,1647.5,V3_STRICT_5M_SCORE,INFRA
ITC,2026-08-31,2026-09-01,BEAR,80.0,85.0,2.198,1.95,2.348,1.91,1.241,0,4.68,261.5,268.2,261.5,266.6,V3_STRICT_5M_SCORE,FMCG
GODREJPROP,2026-09-02,2026-09-03,BEAR,80.0,85.0,2.551,1.909,-0.34,2.16,1.402,0,57.3,1964.0,2056.7,1960.0,2001.5,V3_STRICT_5M_SCORE,REALTY
DRREDDY,2025-10-01,2025-10-03,BEAR,80.0,80.0,1.385,0.338,-0.064,1.15,0.745,0,24.84,1236.06,1257.43,1232.19,1240.23,V4_PERMISSIVE_5M_SCORE,PHARMA
DIVISLAB,2025-10-01,2025-10-03,BEAR,80.0,80.0,1.497,1.849,0.867,1.92,1.251,0,119.54,5759.5,5932.0,5746.0,5866.0,V4_PERMISSIVE_5M_SCORE,PHARMA
LODHA,2025-10-06,2025-10-07,BULL,80.0,85.0,5.86,2.415,0.26,1.59,1.033,1,28.68,1118.0,1152.2,1098.8,1145.0,V4_PERMISSIVE_5M_SCORE,REALTY
ICICIGI,2025-10-14,2025-10-15,NEUTRAL,80.0,85.0,12.316,6.607,2.173,5.12,3.0,0,37.46,1881.82,2025.7,1881.82,2006.14,V4_PERMISSIVE_5M_SCORE,FINSERV
NESTLEIND,2025-10-14,2025-10-15,NEUTRAL,80.0,85.0,2.251,3.905,0.0,3.27,2.126,0,19.97,1163.59,1212.59,1163.59,1209.03,V4_PERMISSIVE_5M_SCORE,FMCG
COALINDIA,2025-10-29,2025-10-30,BULL,80.0,85.0,2.269,1.24,0.249,1.33,0.866,1,5.77,367.98,373.75,364.48,372.55,V4_PERMISSIVE_5M_SCORE,ENERGY
DLF,2025-10-31,2025-11-03,NEUTRAL,80.0,80.0,1.785,2.94,-0.165,2.73,1.776,0,14.22,745.64,774.77,743.02,767.56,V4_PERMISSIVE_5M_SCORE,REALTY
DABUR,2025-10-31,2025-11-03,NEUTRAL,80.0,80.0,1.703,3.114,0.113,2.22,1.446,0,9.62,479.32,495.37,476.86,494.25,V4_PERMISSIVE_5M_SCORE,FMCG
ADANIENT,2025-11-06,2025-11-07,BEAR,80.0,85.0,2.153,2.35,0.03,1.9,1.233,0,61.49,2313.97,2401.43,2290.38,2368.34,V4_PERMISSIVE_5M_SCORE,ENERGY
HINDALCO,2025-11-06,2025-11-07,BEAR,80.0,80.0,1.36,0.241,0.013,0.97,0.283,0,19.35,784.41,798.43,778.94,786.3,V4_PERMISSIVE_5M_SCORE,METAL
TRENT,2025-11-10,2025-11-11,BEAR,80.0,80.0,1.672,0.484,0.264,0.85,0.224,0,109.95,4288.66,4358.56,4256.81,4309.43,V4_PERMISSIVE_5M_SCORE,CONS
KOTAKBANK,2025-11-14,2025-11-17,BULL,80.0,85.0,2.314,0.377,0.736,1.0,0.651,0,6.62,418.28,423.25,417.76,419.86,V4_PERMISSIVE_5M_SCORE,BANK
EICHERMOT,2025-11-14,2025-11-17,BULL,80.0,80.0,1.517,1.025,0.523,0.77,0.187,0,135.97,6730.0,6809.0,6675.0,6799.0,V4_PERMISSIVE_5M_SCORE,AUTO
MPHASIS,2025-11-20,2025-11-21,BULL,80.0,85.0,2.038,0.446,-0.201,0.77,0.184,0,71.54,2663.49,2704.69,2642.65,2675.37,V4_PERMISSIVE_5M_SCORE,IT
BAJFINANCE,2025-11-26,2025-11-27,BULL,80.0,80.0,1.827,1.792,0.485,1.7,1.106,0,22.83,1009.4,1038.52,1004.72,1027.48,V4_PERMISSIVE_5M_SCORE,FINSERV
ITC,2025-11-28,2025-12-01,BULL,80.0,80.0,1.636,0.36,-0.359,0.78,-1.0,1,4.42,384.07,386.64,379.68,385.45,V4_PERMISSIVE_5M_SCORE,FMCG
SBIN,2025-12-04,2025-12-05,NEUTRAL,80.0,80.0,1.602,2.387,0.079,2.26,1.47,0,14.16,932.05,956.07,929.94,954.3,V4_PERMISSIVE_5M_SCORE,BANK
ADANIENT,2025-12-04,2025-12-05,NEUTRAL,80.0,80.0,1.547,2.142,-0.0,1.13,0.732,0,59.97,2216.91,2267.59,2201.92,2264.39,V4_PERMISSIVE_5M_SCORE,ENERGY
DLF,2025-12-08,2025-12-09,BEAR,80.0,80.0,1.411,0.811,-0.429,1.32,0.858,0,14.47,676.01,690.33,671.07,681.49,V4_PERMISSIVE_5M_SCORE,REALTY
GODREJPROP,2025-12-08,2025-12-09,BEAR,80.0,85.0,2.969,3.706,-0.258,1.95,1.271,0,55.25,1960.52,2041.53,1942.61,2033.17,V4_PERMISSIVE_5M_SCORE,REALTY
TRENT,2025-12-08,2025-12-09,BEAR,80.0,85.0,2.414,0.884,-1.0,1.11,0.725,1,81.81,4043.62,4112.02,3982.12,4079.37,V4_PERMISSIVE_5M_SCORE,CONS
BEL,2025-12-08,2025-12-09,BEAR,80.0,80.0,1.664,1.143,-0.349,0.87,0.237,0,9.04,383.42,389.34,378.94,387.8,V4_PERMISSIVE_5M_SCORE,INFRA
TATASTEEL,2025-12-10,2025-12-11,BEAR,100.0,85.0,1.767,1.761,0.783,1.29,0.842,0,3.19,160.2,163.29,159.87,163.02,V4_PERMISSIVE_5M_SCORE,METAL
PERSISTENT,2025-12-10,2025-12-11,BEAR,80.0,80.0,1.572,2.69,0.133,1.7,1.107,0,146.69,6019.91,6207.23,5997.49,6181.83,V4_PERMISSIVE_5M_SCORE,IT
DIXON,2025-12-10,2025-12-11,BEAR,80.0,85.0,4.224,5.175,-0.016,2.02,1.312,0,449.71,12349.0,13030.0,12130.0,12988.0,V4_PERMISSIVE_5M_SCORE,TECH
KAYNES,2025-12-10,2025-12-11,BEAR,80.0,80.0,1.833,3.258,0.604,0.87,0.234,0,330.36,3914.0,4129.0,3830.0,4041.5,V4_PERMISSIVE_5M_SCORE,TECH
AXISBANK,2025-12-16,2025-12-17,NEUTRAL,80.0,80.0,1.386,0.336,0.082,0.95,0.274,0,21.66,1219.66,1235.05,1219.36,1223.76,V4_PERMISSIVE_5M_SCORE,BANK
EICHERMOT,2025-12-16,2025-12-17,NEUTRAL,80.0,80.0,1.395,0.429,0.602,0.75,0.175,0,129.03,7104.0,7176.5,7080.5,7134.5,V4_PERMISSIVE_5M_SCORE,AUTO
POWERGRID,2025-12-18,2025-12-19,NEUTRAL,80.0,80.0,1.961,2.093,0.039,1.89,1.229,0,4.11,255.19,261.02,255.09,260.53,V4_PERMISSIVE_5M_SCORE,ENERGY
DIVISLAB,2025-12-18,2025-12-19,NEUTRAL,80.0,85.0,3.701,1.069,0.47,2.06,1.342,0,121.46,6410.0,6598.0,6408.5,6478.5,V4_PERMISSIVE_5M_SCORE,PHARMA
ABB,2025-12-18,2025-12-19,NEUTRAL,80.0,85.0,2.238,1.391,0.167,1.21,0.789,0,93.53,5085.2,5170.35,5079.23,5155.91,V4_PERMISSIVE_5M_SCORE,MFNG
CHOLAFIN,2025-12-22,2025-12-23,BULL,80.0,85.0,4.14,4.579,1.268,3.07,1.998,0,46.96,1603.17,1711.45,1593.98,1676.59,V4_PERMISSIVE_5M_SCORE,FINSERV
TATASTEEL,2025-12-26,2025-12-29,NEUTRAL,80.0,85.0,2.222,1.646,0.231,2.07,1.349,0,2.91,166.08,170.61,165.87,168.82,V4_PERMISSIVE_5M_SCORE,METAL
ONGC,2025-12-30,2025-12-31,NEUTRAL,80.0,80.0,1.944,2.424,0.004,2.33,1.517,0,3.52,229.29,235.46,229.22,234.85,V4_PERMISSIVE_5M_SCORE,ENERGY
HINDUNILVR,2025-12-30,2025-12-31,NEUTRAL,80.0,80.0,1.328,1.131,-0.009,1.49,0.967,0,31.5,2266.94,2302.08,2263.77,2292.58,V4_PERMISSIVE_5M_SCORE,FMCG
DABUR,2025-12-30,2025-12-31,NEUTRAL,80.0,85.0,2.273,1.737,-0.131,2.75,1.79,0,7.12,488.66,503.37,488.56,497.15,V4_PERMISSIVE_5M_SCORE,FMCG
DIXON,2025-12-30,2025-12-31,NEUTRAL,80.0,80.0,1.323,2.075,0.756,1.07,0.698,0,475.78,11856.0,12239.0,11755.0,12102.0,V4_PERMISSIVE_5M_SCORE,TECH
ONGC,2026-01-05,2026-01-06,BULL,80.0,80.0,1.329,1.596,0.0,1.3,0.847,0,4.27,232.62,236.79,232.62,236.33,V4_PERMISSIVE_5M_SCORE,ENERGY
TCS,2026-01-05,2026-01-06,BULL,80.0,80.0,1.416,1.427,-0.19,1.61,1.048,0,42.39,3093.55,3144.82,3088.73,3137.69,V4_PERMISSIVE_5M_SCORE,IT
HCLTECH,2026-01-05,2026-01-06,BULL,80.0,80.0,1.317,1.0,-0.454,1.19,0.771,0,27.85,1543.19,1567.97,1540.3,1558.62,V4_PERMISSIVE_5M_SCORE,IT
ABB,2026-01-05,2026-01-06,BULL,80.0,80.0,1.615,1.083,0.0,1.39,0.904,0,82.11,5147.45,5233.1,5139.48,5203.22,V4_PERMISSIVE_5M_SCORE,MFNG
INFY,2026-01-13,2026-01-14,BEAR,80.0,80.0,1.414,0.743,-0.688,1.37,0.891,0,27.62,1554.36,1582.75,1549.57,1565.91,V4_PERMISSIVE_5M_SCORE,IT
IDFCFIRSTB,2026-01-21,2026-01-22,BEAR,80.0,80.0,1.641,2.683,0.601,1.89,1.227,0,1.75,81.76,84.23,81.66,83.95,V4_PERMISSIVE_5M_SCORE,BANK
BRITANNIA,2026-01-21,2026-01-22,BEAR,80.0,80.0,1.335,1.402,0.819,1.59,1.03,0,105.13,5850.0,5975.0,5819.0,5932.0,V4_PERMISSIVE_5M_SCORE,FMCG
BPCL,2026-01-27,2026-01-28,BEAR,80.0,85.0,2.197,0.513,0.867,0.78,0.189,0,8.99,350.61,355.86,347.59,352.41,V4_PERMISSIVE_5M_SCORE,ENERGY
IOC,2026-01-27,2026-01-28,BEAR,80.0,80.0,1.693,2.421,0.063,1.91,1.242,0,3.45,157.02,161.96,156.57,160.82,V4_PERMISSIVE_5M_SCORE,ENERGY
POWERGRID,2026-01-27,2026-01-28,BEAR,80.0,80.0,1.304,2.283,-0.138,1.85,1.199,0,4.82,251.18,257.86,251.18,256.92,V4_PERMISSIVE_5M_SCORE,ENERGY
M&M,2026-01-27,2026-01-28,BEAR,80.0,80.0,1.836,2.078,-0.427,1.3,0.845,0,79.06,3343.88,3420.97,3340.92,3413.35,V4_PERMISSIVE_5M_SCORE,AUTO
ITC,2026-01-27,2026-01-28,BEAR,80.0,80.0,1.44,0.375,0.408,0.78,0.189,0,6.13,305.07,308.65,304.5,306.22,V4_PERMISSIVE_5M_SCORE,FMCG
HAL,2026-01-27,2026-01-28,BEAR,80.0,85.0,2.162,5.812,0.494,3.66,1.875,0,97.11,4333.99,4600.38,4325.56,4585.9,V4_PERMISSIVE_5M_SCORE,INFRA
M&M,2026-01-29,2026-01-30,NEUTRAL,80.0,80.0,1.898,4.532,-2.996,2.64,1.716,0,84.69,3248.88,3416.52,3248.68,3396.14,V4_PERMISSIVE_5M_SCORE,AUTO
ITC,2026-01-29,2026-01-30,NEUTRAL,80.0,85.0,2.062,1.051,0.063,1.37,0.888,0,5.91,303.97,310.03,301.73,307.17,V4_PERMISSIVE_5M_SCORE,FMCG
HINDUNILVR,2026-01-29,2026-01-30,NEUTRAL,80.0,80.0,1.513,1.367,-0.493,1.27,0.824,0,45.81,2317.43,2360.99,2316.44,2349.11,V4_PERMISSIVE_5M_SCORE,FMCG
NESTLEIND,2026-01-29,2026-01-30,NEUTRAL,80.0,85.0,5.53,3.608,-0.148,3.0,1.949,0,23.59,1272.97,1326.03,1270.01,1318.9,V4_PERMISSIVE_5M_SCORE,FMCG
TITAN,2026-01-29,2026-01-30,NEUTRAL,80.0,80.0,1.844,0.821,0.135,0.86,0.231,0,77.15,3932.1,3981.93,3897.01,3964.39,V4_PERMISSIVE_5M_SCORE,CONS
TRENT,2026-02-04,2026-02-05,BULL,80.0,85.0,3.736,3.974,-0.977,1.44,0.933,1,104.47,2645.02,2757.53,2571.53,2750.14,V4_PERMISSIVE_5M_SCORE,CONS
KAYNES,2026-02-06,2026-02-09,BULL,80.0,80.0,1.575,4.746,1.749,1.35,0.881,0,201.06,3765.0,3969.3,3757.8,3943.7,V4_PERMISSIVE_5M_SCORE,TECH
INFY,2026-02-12,2026-02-13,BULL,80.0,85.0,3.547,5.812,-6.645,2.5,1.625,0,43.54,1266.49,1348.13,1254.36,1340.1,V4_PERMISSIVE_5M_SCORE,IT
TCS,2026-02-12,2026-02-13,BULL,80.0,85.0,2.28,4.147,-6.003,2.1,1.368,0,79.59,2536.51,2662.11,2536.51,2641.7,V4_PERMISSIVE_5M_SCORE,IT
HCLTECH,2026-02-12,2026-02-13,BULL,80.0,85.0,2.04,2.263,-3.597,1.69,1.098,1,41.25,1382.16,1434.41,1355.93,1413.43,V4_PERMISSIVE_5M_SCORE,IT
WIPRO,2026-02-12,2026-02-13,BULL,80.0,80.0,1.409,1.633,-3.848,1.17,0.763,0,6.62,210.65,216.48,209.01,214.09,V4_PERMISSIVE_5M_SCORE,IT
TECHM,2026-02-12,2026-02-13,BULL,80.0,85.0,3.033,3.494,-3.514,1.79,1.166,0,47.37,1445.05,1508.79,1427.31,1495.54,V4_PERMISSIVE_5M_SCORE,IT
PERSISTENT,2026-02-12,2026-02-13,BULL,80.0,85.0,2.506,5.163,-4.439,2.14,1.392,0,205.47,5210.0,5540.0,5210.0,5479.0,V4_PERMISSIVE_5M_SCORE,IT
MPHASIS,2026-02-12,2026-02-13,BULL,80.0,85.0,2.734,2.965,-3.101,1.72,1.119,0,85.66,2325.26,2435.89,2293.71,2394.21,V4_PERMISSIVE_5M_SCORE,IT
INFY,2026-02-16,2026-02-17,NEUTRAL,80.0,80.0,1.461,1.547,0.322,1.7,1.102,0,46.96,1340.98,1400.69,1338.05,1361.73,V4_PERMISSIVE_5M_SCORE,IT
WIPRO,2026-02-16,2026-02-17,NEUTRAL,80.0,80.0,1.425,1.139,0.0,1.19,0.774,0,6.86,213.26,219.39,212.26,215.69,V4_PERMISSIVE_5M_SCORE,IT
BPCL,2026-02-20,2026-02-23,NEUTRAL,80.0,80.0,1.856,0.568,1.01,0.97,0.284,0,9.22,370.0,376.7,366.65,372.1,V4_PERMISSIVE_5M_SCORE,ENERGY
ICICIBANK,2026-02-24,2026-02-25,BEAR,80.0,80.0,1.41,0.625,0.505,0.94,0.271,0,22.08,1391.8,1407.4,1388.2,1400.5,V4_PERMISSIVE_5M_SCORE,BANK
HCLTECH,2026-02-24,2026-02-25,BEAR,80.0,80.0,1.417,1.712,1.18,1.04,0.678,0,45.19,1316.11,1351.46,1315.14,1338.64,V4_PERMISSIVE_5M_SCORE,IT
MARUTI,2026-02-24,2026-02-25,BEAR,80.0,80.0,1.35,1.413,-0.442,1.18,0.77,0,307.18,14860.0,15133.0,14837.0,15070.0,V4_PERMISSIVE_5M_SCORE,AUTO
HEROMOTOCO,2026-02-24,2026-02-25,BEAR,80.0,85.0,2.254,4.11,0.0,3.11,1.875,0,141.03,5511.0,5840.0,5500.5,5737.5,V4_PERMISSIVE_5M_SCORE,AUTO
TRENT,2026-02-26,2026-02-27,NEUTRAL,80.0,80.0,1.647,1.128,-0.0,0.81,0.206,0,80.84,2566.87,2616.13,2556.22,2595.83,V4_PERMISSIVE_5M_SCORE,CONS
DIXON,2026-02-26,2026-02-27,NEUTRAL,80.0,85.0,2.636,4.176,-0.099,1.7,1.103,0,403.82,10106.0,10620.0,10085.0,10528.0,V4_PERMISSIVE_5M_SCORE,TECH
RELIANCE,2026-03-04,2026-03-05,BEAR,80.0,80.0,1.834,2.683,0.602,1.99,1.293,0,30.62,1346.87,1392.56,1346.87,1383.01,V4_PERMISSIVE_5M_SCORE,ENERGY
BPCL,2026-03-04,2026-03-05,BEAR,80.0,80.0,1.526,1.037,0.07,0.75,-1.0,1,10.46,356.65,362.5,351.1,360.35,V4_PERMISSIVE_5M_SCORE,ENERGY
IOC,2026-03-04,2026-03-05,BEAR,80.0,80.0,1.702,0.316,0.329,1.21,0.79,0,4.79,168.87,173.24,167.17,169.4,V4_PERMISSIVE_5M_SCORE,ENERGY
ADANIPORTS,2026-03-04,2026-03-05,BEAR,80.0,80.0,1.57,3.6,0.892,1.73,1.122,0,44.84,1441.13,1499.18,1441.13,1493.01,V4_PERMISSIVE_5M_SCORE,INFRA
HINDALCO,2026-03-04,2026-03-05,BEAR,80.0,85.0,3.285,2.683,0.89,2.49,1.616,0,28.54,925.17,978.4,921.59,949.99,V4_PERMISSIVE_5M_SCORE,METAL
DLF,2026-03-04,2026-03-05,BEAR,80.0,80.0,1.928,2.397,0.422,1.29,0.84,0,18.24,564.36,582.04,564.36,577.89,V4_PERMISSIVE_5M_SCORE,REALTY
HAL,2026-03-04,2026-03-05,BEAR,80.0,80.0,1.314,0.563,-0.175,0.88,0.24,0,119.65,3870.0,3949.0,3840.9,3891.8,V4_PERMISSIVE_5M_SCORE,INFRA
LT,2026-03-04,2026-03-05,BEAR,80.0,80.0,1.479,2.918,1.071,1.76,1.143,0,111.65,3886.24,4033.5,3871.09,3999.63,V4_PERMISSIVE_5M_SCORE,INFRA
RELIANCE,2026-03-06,2026-03-09,BEAR,100.0,85.0,1.468,3.564,-2.121,2.23,1.446,0,32.44,1368.67,1422.82,1363.69,1417.45,V4_PERMISSIVE_5M_SCORE,ENERGY
NESTLEIND,2026-03-06,2026-03-09,BEAR,100.0,85.0,1.479,0.717,-2.028,0.76,0.182,0,27.07,1221.13,1236.66,1211.58,1229.89,V4_PERMISSIVE_5M_SCORE,FMCG
BAJFINANCE,2026-03-06,2026-03-09,BEAR,80.0,80.0,1.334,1.763,-2.989,1.09,0.707,1,23.5,916.17,935.35,903.5,932.32,V4_PERMISSIVE_5M_SCORE,FINSERV
IOC,2026-03-06,2026-03-09,BEAR,80.0,80.0,1.826,2.038,-6.332,1.12,0.728,0,4.88,156.03,160.13,154.35,159.21,V4_PERMISSIVE_5M_SCORE,ENERGY
ADANIPORTS,2026-03-06,2026-03-09,BEAR,80.0,85.0,2.022,1.16,-4.907,0.91,0.254,0,45.45,1399.1,1430.07,1399.1,1415.34,V4_PERMISSIVE_5M_SCORE,INFRA
GODREJPROP,2026-03-06,2026-03-09,BEAR,80.0,80.0,1.765,2.179,-3.407,0.82,0.211,0,67.56,1602.75,1644.45,1582.85,1637.68,V4_PERMISSIVE_5M_SCORE,REALTY
BRITANNIA,2026-03-12,2026-03-13,BEAR,80.0,85.0,2.135,1.017,-0.639,1.38,0.9,0,126.19,5750.0,5881.0,5727.0,5808.5,V4_PERMISSIVE_5M_SCORE,FMCG
FEDERALBNK,2026-03-16,2026-03-17,BEAR,80.0,80.0,1.26,0.233,-0.06,0.88,0.238,0,29.71,2129.52,2149.03,2129.52,2134.47,V4_PERMISSIVE_5M_SCORE,BANK
MARUTI,2026-03-16,2026-03-17,BEAR,80.0,80.0,1.82,1.423,0.259,0.98,0.291,0,420.9,12790.0,13100.0,12686.0,12972.0,V4_PERMISSIVE_5M_SCORE,AUTO
HCLTECH,2026-03-20,2026-03-23,NEUTRAL,80.0,85.0,2.006,3.331,-1.417,1.68,1.089,0,38.79,1277.06,1325.82,1272.4,1319.61,V4_PERMISSIVE_5M_SCORE,IT
TECHM,2026-03-20,2026-03-23,NEUTRAL,80.0,80.0,1.91,1.318,-1.358,1.46,0.947,0,43.33,1331.4,1378.77,1323.21,1348.94,V4_PERMISSIVE_5M_SCORE,IT
PERSISTENT,2026-03-20,2026-03-23,NEUTRAL,80.0,80.0,1.782,0.761,-0.592,0.74,0.168,0,201.94,4688.8,4800.4,4639.3,4724.5,V4_PERMISSIVE_5M_SCORE,IT
AXISBANK,2026-03-24,2026-03-25,BEAR,80.0,80.0,1.255,1.842,0.612,1.52,0.986,0,34.26,1199.08,1238.05,1197.08,1221.16,V4_PERMISSIVE_5M_SCORE,BANK
KOTAKBANK,2026-03-24,2026-03-25,BEAR,80.0,80.0,1.957,0.583,0.572,1.27,0.824,1,9.5,368.31,377.35,362.37,370.46,V4_PERMISSIVE_5M_SCORE,BANK
BAJFINANCE,2026-03-24,2026-03-25,BEAR,80.0,80.0,1.292,2.401,1.537,1.17,0.761,0,30.28,856.78,883.37,848.09,877.36,V4_PERMISSIVE_5M_SCORE,FINSERV
HCLTECH,2026-03-24,2026-03-25,BEAR,80.0,80.0,1.364,2.47,-1.842,2.08,1.353,0,39.45,1309.31,1370.89,1309.31,1341.65,V4_PERMISSIVE_5M_SCORE,IT
BHARTIARTL,2026-03-24,2026-03-25,BEAR,80.0,80.0,1.409,1.152,0.66,1.09,0.708,0,43.06,1814.0,1849.2,1810.1,1834.9,V4_PERMISSIVE_5M_SCORE,TELECOM
TATAMOTORS,2026-03-26,2026-03-27,BEAR,100.0,90.0,5.951,0.376,-1.355,0.69,-1.0,1,21.04,421.24,432.12,402.56,422.83,V4_PERMISSIVE_5M_SCORE,AUTO
PERSISTENT,2026-03-26,2026-03-27,BEAR,80.0,80.0,1.267,0.406,-0.99,0.74,0.168,0,194.31,4880.0,4987.4,4851.1,4899.8,V4_PERMISSIVE_5M_SCORE,IT
TCS,2026-04-01,2026-04-02,NEUTRAL,80.0,80.0,1.278,2.712,-0.922,1.69,1.098,0,65.0,2341.24,2423.57,2331.14,2404.73,V4_PERMISSIVE_5M_SCORE,IT
SUNPHARMA,2026-04-01,2026-04-02,NEUTRAL,80.0,80.0,1.435,1.718,-3.674,1.2,0.779,1,38.82,1660.65,1695.56,1615.77,1689.17,V4_PERMISSIVE_5M_SCORE,PHARMA
DRREDDY,2026-04-01,2026-04-02,NEUTRAL,80.0,80.0,1.826,2.509,-1.827,1.3,0.845,1,35.77,1180.02,1214.9,1160.14,1209.63,V4_PERMISSIVE_5M_SCORE,PHARMA
DLF,2026-04-01,2026-04-02,NEUTRAL,80.0,80.0,1.445,4.242,-1.717,1.59,1.033,1,19.44,494.79,517.95,483.33,515.77,V4_PERMISSIVE_5M_SCORE,REALTY
TRENT,2026-04-03,2026-04-06,BEAR,100.0,90.0,4.43,5.466,2.374,2.23,1.45,0,93.33,2419.69,2575.86,2419.69,2551.96,V4_PERMISSIVE_5M_SCORE,CONS
KAYNES,2026-04-03,2026-04-06,BEAR,100.0,85.0,1.448,4.47,0.28,1.3,0.845,0,180.5,3547.9,3723.9,3460.0,3706.5,V4_PERMISSIVE_5M_SCORE,TECH
GODREJPROP,2026-04-03,2026-04-06,BEAR,80.0,80.0,1.916,4.463,0.577,1.52,0.99,0,65.33,1509.7,1584.34,1486.61,1577.08,V4_PERMISSIVE_5M_SCORE,REALTY
HEROMOTOCO,2026-04-09,2026-04-10,BULL,80.0,80.0,1.467,3.2,0.246,1.37,0.888,0,183.03,5297.0,5484.5,5295.5,5466.5,V4_PERMISSIVE_5M_SCORE,AUTO
KOTAKBANK,2026-05-05,2026-05-06,NEUTRAL,100.0,85.0,1.704,0.695,0.714,0.85,-1.0,1,9.36,373.36,379.35,365.02,375.95,V4_PERMISSIVE_5M_SCORE,BANK
ICICIGI,2026-05-05,2026-05-06,NEUTRAL,100.0,90.0,2.222,1.395,0.456,1.15,0.749,0,43.34,1778.25,1815.71,1768.49,1803.05,V4_PERMISSIVE_5M_SCORE,FINSERV
ICICIBANK,2026-05-05,2026-05-06,NEUTRAL,80.0,80.0,1.543,1.387,0.855,1.02,0.663,0,27.19,1262.0,1282.8,1252.1,1279.5,V4_PERMISSIVE_5M_SCORE,BANK
SBIN,2026-05-05,2026-05-06,NEUTRAL,80.0,80.0,1.296,2.239,1.142,1.6,1.038,0,23.86,1053.02,1081.6,1042.41,1076.59,V4_PERMISSIVE_5M_SCORE,BANK
TITAN,2026-05-07,2026-05-08,BULL,80.0,85.0,5.828,4.52,0.151,3.95,2.57,1,97.82,4299.89,4589.94,4199.62,4494.25,V4_PERMISSIVE_5M_SCORE,CONS
BHARTIARTL,2026-05-11,2026-05-12,BEAR,80.0,80.0,1.37,0.303,-0.472,0.82,0.212,0,40.47,1751.5,1776.5,1751.5,1756.8,V4_PERMISSIVE_5M_SCORE,TELECOM
DLF,2026-05-13,2026-05-14,BEAR,100.0,85.0,1.966,1.949,-0.357,1.3,0.847,1,16.51,565.01,581.15,546.93,576.02,V4_PERMISSIVE_5M_SCORE,REALTY
BHARTIARTL,2026-05-13,2026-05-14,BEAR,100.0,90.0,2.347,3.489,1.721,2.27,1.475,1,40.66,1820.0,1889.2,1797.3,1883.5,V4_PERMISSIVE_5M_SCORE,TELECOM
HDFCBANK,2026-05-13,2026-05-14,BEAR,80.0,80.0,1.459,2.47,0.187,2.06,1.341,0,17.36,738.78,765.64,734.85,757.03,V4_PERMISSIVE_5M_SCORE,BANK
TECHM,2026-05-15,2026-05-18,BEAR,80.0,85.0,3.411,4.862,-0.496,2.44,1.584,0,39.46,1329.16,1401.28,1329.16,1393.78,V4_PERMISSIVE_5M_SCORE,IT
IOC,2026-05-19,2026-05-20,NEUTRAL,80.0,80.0,1.445,2.502,-0.244,1.29,0.839,0,3.98,134.67,138.52,133.0,138.04,V4_PERMISSIVE_5M_SCORE,ENERGY
EICHERMOT,2026-05-21,2026-05-22,NEUTRAL,80.0,80.0,1.268,0.816,0.479,0.88,0.238,0,176.54,6925.0,7041.0,6908.5,6981.5,V4_PERMISSIVE_5M_SCORE,AUTO
COALINDIA,2026-05-29,2026-06-01,NEUTRAL,80.0,80.0,1.73,3.516,-0.295,2.1,1.367,0,12.96,456.55,477.0,456.55,472.6,V4_PERMISSIVE_5M_SCORE,ENERGY
TCS,2026-05-29,2026-06-01,NEUTRAL,80.0,80.0,1.548,0.587,1.111,1.33,0.867,0,50.68,2271.55,2322.27,2267.57,2284.87,V4_PERMISSIVE_5M_SCORE,IT
HCLTECH,2026-05-29,2026-06-01,NEUTRAL,80.0,80.0,1.982,0.42,0.532,1.18,0.766,0,25.43,1178.07,1200.54,1178.07,1183.02,V4_PERMISSIVE_5M_SCORE,IT
DIVISLAB,2026-06-02,2026-06-03,BEAR,80.0,80.0,1.444,0.867,-0.199,0.77,0.183,0,146.94,6520.0,6604.5,6460.0,6576.5,V4_PERMISSIVE_5M_SCORE,PHARMA
MARUTI,2026-06-02,2026-06-03,BEAR,80.0,80.0,1.687,0.231,-0.061,0.86,0.229,0,298.32,13014.0,13206.0,12911.0,13044.0,V4_PERMISSIVE_5M_SCORE,AUTO
CHOLAFIN,2026-06-04,2026-06-05,BEAR,100.0,85.0,1.986,1.123,0.034,1.75,1.137,0,47.6,1485.92,1548.39,1479.52,1502.61,V4_PERMISSIVE_5M_SCORE,FINSERV
SBIN,2026-06-08,2026-06-09,BEAR,100.0,85.0,1.434,1.797,0.311,1.45,0.942,0,22.09,985.0,1009.0,983.0,1002.7,V4_PERMISSIVE_5M_SCORE,BANK
ICICIBANK,2026-06-08,2026-06-09,BEAR,80.0,80.0,1.492,1.594,0.384,1.39,0.902,0,23.94,1255.0,1279.9,1252.7,1275.0,V4_PERMISSIVE_5M_SCORE,BANK
DIVISLAB,2026-06-08,2026-06-09,BEAR,80.0,85.0,2.911,3.336,0.215,2.3,1.496,0,147.71,6535.0,6790.0,6535.0,6753.0,V4_PERMISSIVE_5M_SCORE,PHARMA
JSWSTEEL,2026-06-10,2026-06-11,BEAR,80.0,80.0,1.294,1.288,-0.299,1.37,0.888,0,26.58,1258.77,1286.01,1253.8,1274.98,V4_PERMISSIVE_5M_SCORE,METAL
M&M,2026-06-12,2026-06-15,BULL,80.0,80.0,1.686,1.434,1.548,1.3,0.846,0,78.09,3057.89,3134.09,3046.01,3101.73,V4_PERMISSIVE_5M_SCORE,AUTO
HAL,2026-06-12,2026-06-15,BULL,80.0,80.0,1.382,1.174,1.019,1.41,0.919,0,102.76,4235.0,4344.0,4202.6,4284.7,V4_PERMISSIVE_5M_SCORE,INFRA
HINDALCO,2026-06-16,2026-06-17,BULL,80.0,80.0,1.6,2.325,0.265,1.14,0.738,0,31.07,979.89,1006.35,966.16,1002.67,V4_PERMISSIVE_5M_SCORE,METAL
KAYNES,2026-06-16,2026-06-17,BULL,80.0,80.0,1.593,1.732,0.485,0.99,0.297,0,124.73,3193.0,3286.0,3185.7,3248.3,V4_PERMISSIVE_5M_SCORE,TECH
TCS,2026-06-18,2026-06-19,BULL,80.0,85.0,3.613,0.95,-4.461,0.79,-1.0,1,55.13,2093.52,2126.34,2048.67,2113.41,V4_PERMISSIVE_5M_SCORE,IT
WIPRO,2026-06-18,2026-06-19,BULL,80.0,80.0,1.486,2.286,-3.325,1.32,0.855,0,4.78,176.76,181.48,174.89,180.8,V4_PERMISSIVE_5M_SCORE,IT
TECHM,2026-06-18,2026-06-19,BULL,80.0,85.0,2.94,4.415,-6.749,2.16,1.402,0,40.5,1315.81,1381.3,1309.96,1373.9,V4_PERMISSIVE_5M_SCORE,IT
MARUTI,2026-06-24,2026-06-25,NEUTRAL,80.0,85.0,2.408,2.897,0.83,2.65,1.721,0,278.72,13225.18,13778.62,13193.5,13608.33,V4_PERMISSIVE_5M_SCORE,AUTO
KAYNES,2026-06-24,2026-06-25,NEUTRAL,80.0,85.0,2.717,1.231,0.684,1.75,1.137,0,122.71,3225.0,3386.0,3212.0,3264.7,V4_PERMISSIVE_5M_SCORE,TECH
BRITANNIA,2026-06-30,2026-07-01,NEUTRAL,100.0,85.0,1.765,2.244,0.0,2.09,1.355,0,82.81,5146.5,5276.0,5115.0,5262.0,V4_PERMISSIVE_5M_SCORE,FMCG
KOTAKBANK,2026-06-30,2026-07-01,NEUTRAL,80.0,80.0,1.487,0.78,1.3,0.7,-1.0,1,7.67,396.67,400.71,392.57,399.76,V4_PERMISSIVE_5M_SCORE,BANK
HINDUNILVR,2026-06-30,2026-07-01,NEUTRAL,80.0,85.0,2.04,2.273,0.722,1.95,1.266,0,38.67,2133.5,2190.0,2120.2,2182.0,V4_PERMISSIVE_5M_SCORE,FMCG
DABUR,2026-06-30,2026-07-01,NEUTRAL,80.0,85.0,5.609,5.167,0.166,4.09,3.0,0,7.75,417.48,441.28,417.24,439.05,V4_PERMISSIVE_5M_SCORE,FMCG
MPHASIS,2026-07-02,2026-07-03,BULL,80.0,85.0,2.344,1.127,1.14,1.14,0.741,0,68.3,2211.71,2270.14,2208.78,2236.64,V4_PERMISSIVE_5M_SCORE,IT
KOTAKBANK,2026-07-08,2026-07-09,BEAR,80.0,80.0,1.477,1.521,0.378,1.03,0.669,0,8.34,370.86,377.3,367.77,376.5,V4_PERMISSIVE_5M_SCORE,BANK
RELIANCE,2026-07-08,2026-07-09,BEAR,80.0,80.0,1.256,0.211,0.094,1.12,0.727,0,23.13,1277.1,1296.5,1274.2,1279.8,V4_PERMISSIVE_5M_SCORE,ENERGY
TCS,2026-07-10,2026-07-13,NEUTRAL,80.0,85.0,2.663,5.133,0.29,2.84,1.848,0,60.58,2063.68,2192.88,2053.84,2169.6,V4_PERMISSIVE_5M_SCORE,IT
SBIN,2026-07-14,2026-07-15,NEUTRAL,80.0,80.0,1.403,1.438,0.01,1.41,0.915,0,19.42,1015.5,1036.0,1013.7,1030.1,V4_PERMISSIVE_5M_SCORE,BANK
BPCL,2026-07-14,2026-07-15,NEUTRAL,80.0,80.0,1.376,1.176,0.213,0.88,0.242,0,7.77,306.0,311.15,306.0,309.6,V4_PERMISSIVE_5M_SCORE,ENERGY
POWERGRID,2026-07-16,2026-07-17,NEUTRAL,100.0,85.0,1.391,0.997,0.0,0.96,0.281,0,4.99,280.75,284.35,279.65,283.55,V4_PERMISSIVE_5M_SCORE,ENERGY
AXISBANK,2026-07-16,2026-07-17,NEUTRAL,80.0,85.0,2.033,1.645,-0.046,1.3,0.844,0,26.7,1307.0,1333.0,1305.0,1328.5,V4_PERMISSIVE_5M_SCORE,BANK
RELIANCE,2026-07-16,2026-07-17,NEUTRAL,80.0,80.0,1.512,2.092,0.262,1.83,1.19,0,22.07,1300.0,1330.3,1296.1,1327.2,V4_PERMISSIVE_5M_SCORE,ENERGY
WIPRO,2026-07-16,2026-07-17,NEUTRAL,80.0,80.0,1.452,1.412,-2.357,0.91,0.256,0,3.97,173.55,176.26,173.55,176.0,V4_PERMISSIVE_5M_SCORE,IT
JSWSTEEL,2026-07-16,2026-07-17,NEUTRAL,80.0,85.0,2.136,1.335,0.0,1.26,0.817,0,24.3,1221.0,1243.9,1218.0,1237.3,V4_PERMISSIVE_5M_SCORE,METAL
AXISBANK,2026-07-20,2026-07-21,NEUTRAL,80.0,80.0,1.811,1.06,-0.876,0.99,0.295,0,30.55,1245.0,1267.7,1244.5,1258.2,V4_PERMISSIVE_5M_SCORE,BANK
DRREDDY,2026-07-22,2026-07-23,NEUTRAL,80.0,80.0,1.995,5.931,-6.916,3.13,2.031,0,30.12,1101.0,1171.6,1101.0,1166.3,V4_PERMISSIVE_5M_SCORE,PHARMA
HEROMOTOCO,2026-07-22,2026-07-23,NEUTRAL,80.0,85.0,2.908,3.744,-0.0,2.85,1.853,0,97.35,4914.81,5122.94,4907.91,5098.8,V4_PERMISSIVE_5M_SCORE,AUTO
ITC,2026-07-22,2026-07-23,NEUTRAL,80.0,80.0,1.768,0.482,-0.303,1.32,0.861,0,4.08,279.95,284.0,279.65,281.3,V4_PERMISSIVE_5M_SCORE,FMCG
CHOLAFIN,2026-07-24,2026-07-27,BEAR,80.0,80.0,1.742,2.362,1.137,1.76,1.141,0,45.95,1744.0,1804.5,1743.8,1785.2,V4_PERMISSIVE_5M_SCORE,FINSERV
LUPIN,2026-07-24,2026-07-27,BEAR,80.0,80.0,1.528,1.645,0.021,1.54,1.002,0,52.84,2371.0,2432.1,2368.1,2410.0,V4_PERMISSIVE_5M_SCORE,PHARMA
HINDUNILVR,2026-07-28,2026-07-29,BEAR,80.0,85.0,2.485,3.282,1.374,2.05,1.335,0,47.08,2050.5,2123.0,2047.0,2117.8,V4_PERMISSIVE_5M_SCORE,FMCG
DABUR,2026-07-28,2026-07-29,BEAR,80.0,80.0,1.258,1.474,0.659,1.28,0.832,0,8.23,427.4,435.3,427.0,433.7,V4_PERMISSIVE_5M_SCORE,FMCG
TRENT,2026-07-28,2026-07-29,BEAR,80.0,80.0,1.256,2.218,0.317,1.28,0.834,0,72.85,2940.0,3010.1,2916.5,3005.2,V4_PERMISSIVE_5M_SCORE,CONS
LT,2026-07-28,2026-07-29,BEAR,80.0,80.0,1.647,0.924,1.654,1.71,1.114,0,64.44,3895.4,3978.2,3891.1,3931.4,V4_PERMISSIVE_5M_SCORE,INFRA
KAYNES,2026-07-28,2026-07-29,BEAR,80.0,85.0,8.396,11.238,1.342,5.42,1.875,0,101.79,3271.0,3685.0,3270.2,3638.6,V4_PERMISSIVE_5M_SCORE,TECH
ADANIPORTS,2026-07-30,2026-07-31,BULL,80.0,85.0,2.016,1.344,0.595,1.11,0.719,1,41.1,1674.0,1708.1,1650.0,1696.5,V4_PERMISSIVE_5M_SCORE,INFRA
BEL,2026-07-30,2026-07-31,BULL,80.0,80.0,1.275,0.74,0.026,0.99,0.293,0,7.57,384.48,390.07,384.48,387.32,V4_PERMISSIVE_5M_SCORE,INFRA
RELIANCE,2026-08-05,2026-08-06,BULL,80.0,80.0,1.813,3.113,0.391,2.4,1.563,0,22.29,1285.0,1325.2,1281.2,1325.0,V4_PERMISSIVE_5M_SCORE,ENERGY
BHARTIARTL,2026-08-11,2026-08-12,NEUTRAL,80.0,80.0,1.791,1.907,-0.345,1.42,0.922,0,34.21,1908.6,1945.0,1901.3,1945.0,V4_PERMISSIVE_5M_SCORE,TELECOM
BPCL,2026-08-13,2026-08-14,NEUTRAL,80.0,80.0,1.76,1.461,-0.048,0.9,0.25,0,6.82,314.85,319.45,314.05,319.45,V4_PERMISSIVE_5M_SCORE,ENERGY
ADANIENT,2026-08-13,2026-08-14,NEUTRAL,80.0,80.0,1.699,2.364,0.003,1.62,1.05,0,68.5,2965.0,3048.0,2950.0,3035.1,V4_PERMISSIVE_5M_SCORE,ENERGY
ITC,2026-08-19,2026-08-20,BEAR,80.0,85.0,2.492,1.286,0.431,1.05,0.683,1,4.38,268.2,271.65,265.0,271.65,V4_PERMISSIVE_5M_SCORE,FMCG
SUNPHARMA,2026-08-21,2026-08-24,NEUTRAL,80.0,80.0,1.53,0.399,0.0,0.86,0.231,0,31.87,1902.4,1923.0,1892.6,1910.0,V4_PERMISSIVE_5M_SCORE,PHARMA
TATASTEEL,2026-08-21,2026-08-24,NEUTRAL,80.0,80.0,1.717,1.168,0.628,0.78,0.192,0,3.66,184.15,186.3,183.06,186.3,V4_PERMISSIVE_5M_SCORE,METAL
TATASTEEL,2026-08-25,2026-08-26,NEUTRAL,100.0,85.0,1.411,0.815,-0.241,1.27,0.823,1,3.64,186.49,189.95,184.29,188.01,V4_PERMISSIVE_5M_SCORE,METAL
HCLTECH,2026-08-27,2026-08-28,BEAR,80.0,85.0,2.317,2.023,0.624,1.99,1.291,0,29.67,1290.0,1334.2,1290.0,1316.1,V4_PERMISSIVE_5M_SCORE,IT
HDFCBANK,2026-08-31,2026-09-01,BEAR,80.0,80.0,1.689,0.972,-0.557,1.13,0.733,1,12.29,705.05,715.45,698.5,711.9,V4_PERMISSIVE_5M_SCORE,BANK
ADANIPORTS,2026-08-31,2026-09-01,BEAR,80.0,80.0,1.537,1.385,2.002,1.12,0.73,0,36.34,1625.0,1655.6,1625.0,1647.5,V4_PERMISSIVE_5M_SCORE,INFRA
ITC,2026-08-31,2026-09-01,BEAR,80.0,85.0,2.198,1.95,2.348,1.91,1.241,0,4.68,261.5,268.2,261.5,266.6,V4_PERMISSIVE_5M_SCORE,FMCG
GODREJPROP,2026-09-02,2026-09-03,BEAR,80.0,85.0,2.551,1.909,-0.34,2.16,1.402,0,57.3,1964.0,2056.7,1960.0,2001.5,V4_PERMISSIVE_5M_SCORE,REALTY
DRREDDY,2025-10-01,2025-10-03,BEAR,80.0,80.0,1.385,0.338,-0.064,1.15,0.745,0,24.84,1236.06,1257.43,1232.19,1240.23,V5_HIGH_CONVICTION_ONLY,PHARMA
DIVISLAB,2025-10-01,2025-10-03,BEAR,80.0,80.0,1.497,1.849,0.867,1.92,1.251,0,119.54,5759.5,5932.0,5746.0,5866.0,V5_HIGH_CONVICTION_ONLY,PHARMA
LODHA,2025-10-06,2025-10-07,BULL,80.0,85.0,5.86,2.415,0.26,1.59,1.033,1,28.68,1118.0,1152.2,1098.8,1145.0,V5_HIGH_CONVICTION_ONLY,REALTY
ICICIGI,2025-10-14,2025-10-15,NEUTRAL,80.0,85.0,12.316,6.607,2.173,5.12,3.0,0,37.46,1881.82,2025.7,1881.82,2006.14,V5_HIGH_CONVICTION_ONLY,FINSERV
NESTLEIND,2025-10-14,2025-10-15,NEUTRAL,80.0,85.0,2.251,3.905,0.0,3.27,2.126,0,19.97,1163.59,1212.59,1163.59,1209.03,V5_HIGH_CONVICTION_ONLY,FMCG
COALINDIA,2025-10-29,2025-10-30,BULL,80.0,85.0,2.269,1.24,0.249,1.33,0.866,1,5.77,367.98,373.75,364.48,372.55,V5_HIGH_CONVICTION_ONLY,ENERGY
DLF,2025-10-31,2025-11-03,NEUTRAL,80.0,80.0,1.785,2.94,-0.165,2.73,1.776,0,14.22,745.64,774.77,743.02,767.56,V5_HIGH_CONVICTION_ONLY,REALTY
DABUR,2025-10-31,2025-11-03,NEUTRAL,80.0,80.0,1.703,3.114,0.113,2.22,1.446,0,9.62,479.32,495.37,476.86,494.25,V5_HIGH_CONVICTION_ONLY,FMCG
ADANIENT,2025-11-06,2025-11-07,BEAR,80.0,85.0,2.153,2.35,0.03,1.9,1.233,0,61.49,2313.97,2401.43,2290.38,2368.34,V5_HIGH_CONVICTION_ONLY,ENERGY
HINDALCO,2025-11-06,2025-11-07,BEAR,80.0,80.0,1.36,0.241,0.013,0.97,0.283,0,19.35,784.41,798.43,778.94,786.3,V5_HIGH_CONVICTION_ONLY,METAL
TRENT,2025-11-10,2025-11-11,BEAR,80.0,80.0,1.672,0.484,0.264,0.85,0.224,0,109.95,4288.66,4358.56,4256.81,4309.43,V5_HIGH_CONVICTION_ONLY,CONS
KOTAKBANK,2025-11-14,2025-11-17,BULL,80.0,85.0,2.314,0.377,0.736,1.0,0.651,0,6.62,418.28,423.25,417.76,419.86,V5_HIGH_CONVICTION_ONLY,BANK
EICHERMOT,2025-11-14,2025-11-17,BULL,80.0,80.0,1.517,1.025,0.523,0.77,0.187,0,135.97,6730.0,6809.0,6675.0,6799.0,V5_HIGH_CONVICTION_ONLY,AUTO
MPHASIS,2025-11-20,2025-11-21,BULL,80.0,85.0,2.038,0.446,-0.201,0.77,0.184,0,71.54,2663.49,2704.69,2642.65,2675.37,V5_HIGH_CONVICTION_ONLY,IT
BAJFINANCE,2025-11-26,2025-11-27,BULL,80.0,80.0,1.827,1.792,0.485,1.7,1.106,0,22.83,1009.4,1038.52,1004.72,1027.48,V5_HIGH_CONVICTION_ONLY,FINSERV
ITC,2025-11-28,2025-12-01,BULL,80.0,80.0,1.636,0.36,-0.359,0.78,-1.0,1,4.42,384.07,386.64,379.68,385.45,V5_HIGH_CONVICTION_ONLY,FMCG
SBIN,2025-12-04,2025-12-05,NEUTRAL,80.0,80.0,1.602,2.387,0.079,2.26,1.47,0,14.16,932.05,956.07,929.94,954.3,V5_HIGH_CONVICTION_ONLY,BANK
ADANIENT,2025-12-04,2025-12-05,NEUTRAL,80.0,80.0,1.547,2.142,-0.0,1.13,0.732,0,59.97,2216.91,2267.59,2201.92,2264.39,V5_HIGH_CONVICTION_ONLY,ENERGY
DLF,2025-12-08,2025-12-09,BEAR,80.0,80.0,1.411,0.811,-0.429,1.32,0.858,0,14.47,676.01,690.33,671.07,681.49,V5_HIGH_CONVICTION_ONLY,REALTY
GODREJPROP,2025-12-08,2025-12-09,BEAR,80.0,85.0,2.969,3.706,-0.258,1.95,1.271,0,55.25,1960.52,2041.53,1942.61,2033.17,V5_HIGH_CONVICTION_ONLY,REALTY
TRENT,2025-12-08,2025-12-09,BEAR,80.0,85.0,2.414,0.884,-1.0,1.11,0.725,1,81.81,4043.62,4112.02,3982.12,4079.37,V5_HIGH_CONVICTION_ONLY,CONS
BEL,2025-12-08,2025-12-09,BEAR,80.0,80.0,1.664,1.143,-0.349,0.87,0.237,0,9.04,383.42,389.34,378.94,387.8,V5_HIGH_CONVICTION_ONLY,INFRA
TATASTEEL,2025-12-10,2025-12-11,BEAR,100.0,85.0,1.767,1.761,0.783,1.29,0.842,0,3.19,160.2,163.29,159.87,163.02,V5_HIGH_CONVICTION_ONLY,METAL
PERSISTENT,2025-12-10,2025-12-11,BEAR,80.0,80.0,1.572,2.69,0.133,1.7,1.107,0,146.69,6019.91,6207.23,5997.49,6181.83,V5_HIGH_CONVICTION_ONLY,IT
DIXON,2025-12-10,2025-12-11,BEAR,80.0,85.0,4.224,5.175,-0.016,2.02,1.312,0,449.71,12349.0,13030.0,12130.0,12988.0,V5_HIGH_CONVICTION_ONLY,TECH
KAYNES,2025-12-10,2025-12-11,BEAR,80.0,80.0,1.833,3.258,0.604,0.87,0.234,0,330.36,3914.0,4129.0,3830.0,4041.5,V5_HIGH_CONVICTION_ONLY,TECH
AXISBANK,2025-12-16,2025-12-17,NEUTRAL,80.0,80.0,1.386,0.336,0.082,0.95,0.274,0,21.66,1219.66,1235.05,1219.36,1223.76,V5_HIGH_CONVICTION_ONLY,BANK
EICHERMOT,2025-12-16,2025-12-17,NEUTRAL,80.0,80.0,1.395,0.429,0.602,0.75,0.175,0,129.03,7104.0,7176.5,7080.5,7134.5,V5_HIGH_CONVICTION_ONLY,AUTO
POWERGRID,2025-12-18,2025-12-19,NEUTRAL,80.0,80.0,1.961,2.093,0.039,1.89,1.229,0,4.11,255.19,261.02,255.09,260.53,V5_HIGH_CONVICTION_ONLY,ENERGY
DIVISLAB,2025-12-18,2025-12-19,NEUTRAL,80.0,85.0,3.701,1.069,0.47,2.06,1.342,0,121.46,6410.0,6598.0,6408.5,6478.5,V5_HIGH_CONVICTION_ONLY,PHARMA
ABB,2025-12-18,2025-12-19,NEUTRAL,80.0,85.0,2.238,1.391,0.167,1.21,0.789,0,93.53,5085.2,5170.35,5079.23,5155.91,V5_HIGH_CONVICTION_ONLY,MFNG
CHOLAFIN,2025-12-22,2025-12-23,BULL,80.0,85.0,4.14,4.579,1.268,3.07,1.998,0,46.96,1603.17,1711.45,1593.98,1676.59,V5_HIGH_CONVICTION_ONLY,FINSERV
TATASTEEL,2025-12-26,2025-12-29,NEUTRAL,80.0,85.0,2.222,1.646,0.231,2.07,1.349,0,2.91,166.08,170.61,165.87,168.82,V5_HIGH_CONVICTION_ONLY,METAL
ONGC,2025-12-30,2025-12-31,NEUTRAL,80.0,80.0,1.944,2.424,0.004,2.33,1.517,0,3.52,229.29,235.46,229.22,234.85,V5_HIGH_CONVICTION_ONLY,ENERGY
HINDUNILVR,2025-12-30,2025-12-31,NEUTRAL,80.0,80.0,1.328,1.131,-0.009,1.49,0.967,0,31.5,2266.94,2302.08,2263.77,2292.58,V5_HIGH_CONVICTION_ONLY,FMCG
DABUR,2025-12-30,2025-12-31,NEUTRAL,80.0,85.0,2.273,1.737,-0.131,2.75,1.79,0,7.12,488.66,503.37,488.56,497.15,V5_HIGH_CONVICTION_ONLY,FMCG
DIXON,2025-12-30,2025-12-31,NEUTRAL,80.0,80.0,1.323,2.075,0.756,1.07,0.698,0,475.78,11856.0,12239.0,11755.0,12102.0,V5_HIGH_CONVICTION_ONLY,TECH
ONGC,2026-01-05,2026-01-06,BULL,80.0,80.0,1.329,1.596,0.0,1.3,0.847,0,4.27,232.62,236.79,232.62,236.33,V5_HIGH_CONVICTION_ONLY,ENERGY
TCS,2026-01-05,2026-01-06,BULL,80.0,80.0,1.416,1.427,-0.19,1.61,1.048,0,42.39,3093.55,3144.82,3088.73,3137.69,V5_HIGH_CONVICTION_ONLY,IT
HCLTECH,2026-01-05,2026-01-06,BULL,80.0,80.0,1.317,1.0,-0.454,1.19,0.771,0,27.85,1543.19,1567.97,1540.3,1558.62,V5_HIGH_CONVICTION_ONLY,IT
ABB,2026-01-05,2026-01-06,BULL,80.0,80.0,1.615,1.083,0.0,1.39,0.904,0,82.11,5147.45,5233.1,5139.48,5203.22,V5_HIGH_CONVICTION_ONLY,MFNG
INFY,2026-01-13,2026-01-14,BEAR,80.0,80.0,1.414,0.743,-0.688,1.37,0.891,0,27.62,1554.36,1582.75,1549.57,1565.91,V5_HIGH_CONVICTION_ONLY,IT
IDFCFIRSTB,2026-01-21,2026-01-22,BEAR,80.0,80.0,1.641,2.683,0.601,1.89,1.227,0,1.75,81.76,84.23,81.66,83.95,V5_HIGH_CONVICTION_ONLY,BANK
BRITANNIA,2026-01-21,2026-01-22,BEAR,80.0,80.0,1.335,1.402,0.819,1.59,1.03,0,105.13,5850.0,5975.0,5819.0,5932.0,V5_HIGH_CONVICTION_ONLY,FMCG
BPCL,2026-01-27,2026-01-28,BEAR,80.0,85.0,2.197,0.513,0.867,0.78,0.189,0,8.99,350.61,355.86,347.59,352.41,V5_HIGH_CONVICTION_ONLY,ENERGY
IOC,2026-01-27,2026-01-28,BEAR,80.0,80.0,1.693,2.421,0.063,1.91,1.242,0,3.45,157.02,161.96,156.57,160.82,V5_HIGH_CONVICTION_ONLY,ENERGY
POWERGRID,2026-01-27,2026-01-28,BEAR,80.0,80.0,1.304,2.283,-0.138,1.85,1.199,0,4.82,251.18,257.86,251.18,256.92,V5_HIGH_CONVICTION_ONLY,ENERGY
M&M,2026-01-27,2026-01-28,BEAR,80.0,80.0,1.836,2.078,-0.427,1.3,0.845,0,79.06,3343.88,3420.97,3340.92,3413.35,V5_HIGH_CONVICTION_ONLY,AUTO
ITC,2026-01-27,2026-01-28,BEAR,80.0,80.0,1.44,0.375,0.408,0.78,0.189,0,6.13,305.07,308.65,304.5,306.22,V5_HIGH_CONVICTION_ONLY,FMCG
HAL,2026-01-27,2026-01-28,BEAR,80.0,85.0,2.162,5.812,0.494,3.66,1.875,0,97.11,4333.99,4600.38,4325.56,4585.9,V5_HIGH_CONVICTION_ONLY,INFRA
M&M,2026-01-29,2026-01-30,NEUTRAL,80.0,80.0,1.898,4.532,-2.996,2.64,1.716,0,84.69,3248.88,3416.52,3248.68,3396.14,V5_HIGH_CONVICTION_ONLY,AUTO
ITC,2026-01-29,2026-01-30,NEUTRAL,80.0,85.0,2.062,1.051,0.063,1.37,0.888,0,5.91,303.97,310.03,301.73,307.17,V5_HIGH_CONVICTION_ONLY,FMCG
HINDUNILVR,2026-01-29,2026-01-30,NEUTRAL,80.0,80.0,1.513,1.367,-0.493,1.27,0.824,0,45.81,2317.43,2360.99,2316.44,2349.11,V5_HIGH_CONVICTION_ONLY,FMCG
NESTLEIND,2026-01-29,2026-01-30,NEUTRAL,80.0,85.0,5.53,3.608,-0.148,3.0,1.949,0,23.59,1272.97,1326.03,1270.01,1318.9,V5_HIGH_CONVICTION_ONLY,FMCG
TITAN,2026-01-29,2026-01-30,NEUTRAL,80.0,80.0,1.844,0.821,0.135,0.86,0.231,0,77.15,3932.1,3981.93,3897.01,3964.39,V5_HIGH_CONVICTION_ONLY,CONS
TRENT,2026-02-04,2026-02-05,BULL,80.0,85.0,3.736,3.974,-0.977,1.44,0.933,1,104.47,2645.02,2757.53,2571.53,2750.14,V5_HIGH_CONVICTION_ONLY,CONS
KAYNES,2026-02-06,2026-02-09,BULL,80.0,80.0,1.575,4.746,1.749,1.35,0.881,0,201.06,3765.0,3969.3,3757.8,3943.7,V5_HIGH_CONVICTION_ONLY,TECH
INFY,2026-02-12,2026-02-13,BULL,80.0,85.0,3.547,5.812,-6.645,2.5,1.625,0,43.54,1266.49,1348.13,1254.36,1340.1,V5_HIGH_CONVICTION_ONLY,IT
TCS,2026-02-12,2026-02-13,BULL,80.0,85.0,2.28,4.147,-6.003,2.1,1.368,0,79.59,2536.51,2662.11,2536.51,2641.7,V5_HIGH_CONVICTION_ONLY,IT
HCLTECH,2026-02-12,2026-02-13,BULL,80.0,85.0,2.04,2.263,-3.597,1.69,1.098,1,41.25,1382.16,1434.41,1355.93,1413.43,V5_HIGH_CONVICTION_ONLY,IT
WIPRO,2026-02-12,2026-02-13,BULL,80.0,80.0,1.409,1.633,-3.848,1.17,0.763,0,6.62,210.65,216.48,209.01,214.09,V5_HIGH_CONVICTION_ONLY,IT
TECHM,2026-02-12,2026-02-13,BULL,80.0,85.0,3.033,3.494,-3.514,1.79,1.166,0,47.37,1445.05,1508.79,1427.31,1495.54,V5_HIGH_CONVICTION_ONLY,IT
PERSISTENT,2026-02-12,2026-02-13,BULL,80.0,85.0,2.506,5.163,-4.439,2.14,1.392,0,205.47,5210.0,5540.0,5210.0,5479.0,V5_HIGH_CONVICTION_ONLY,IT
MPHASIS,2026-02-12,2026-02-13,BULL,80.0,85.0,2.734,2.965,-3.101,1.72,1.119,0,85.66,2325.26,2435.89,2293.71,2394.21,V5_HIGH_CONVICTION_ONLY,IT
INFY,2026-02-16,2026-02-17,NEUTRAL,80.0,80.0,1.461,1.547,0.322,1.7,1.102,0,46.96,1340.98,1400.69,1338.05,1361.73,V5_HIGH_CONVICTION_ONLY,IT
WIPRO,2026-02-16,2026-02-17,NEUTRAL,80.0,80.0,1.425,1.139,0.0,1.19,0.774,0,6.86,213.26,219.39,212.26,215.69,V5_HIGH_CONVICTION_ONLY,IT
BPCL,2026-02-20,2026-02-23,NEUTRAL,80.0,80.0,1.856,0.568,1.01,0.97,0.284,0,9.22,370.0,376.7,366.65,372.1,V5_HIGH_CONVICTION_ONLY,ENERGY
ICICIBANK,2026-02-24,2026-02-25,BEAR,80.0,80.0,1.41,0.625,0.505,0.94,0.271,0,22.08,1391.8,1407.4,1388.2,1400.5,V5_HIGH_CONVICTION_ONLY,BANK
HCLTECH,2026-02-24,2026-02-25,BEAR,80.0,80.0,1.417,1.712,1.18,1.04,0.678,0,45.19,1316.11,1351.46,1315.14,1338.64,V5_HIGH_CONVICTION_ONLY,IT
MARUTI,2026-02-24,2026-02-25,BEAR,80.0,80.0,1.35,1.413,-0.442,1.18,0.77,0,307.18,14860.0,15133.0,14837.0,15070.0,V5_HIGH_CONVICTION_ONLY,AUTO
HEROMOTOCO,2026-02-24,2026-02-25,BEAR,80.0,85.0,2.254,4.11,0.0,3.11,1.875,0,141.03,5511.0,5840.0,5500.5,5737.5,V5_HIGH_CONVICTION_ONLY,AUTO
TRENT,2026-02-26,2026-02-27,NEUTRAL,80.0,80.0,1.647,1.128,-0.0,0.81,0.206,0,80.84,2566.87,2616.13,2556.22,2595.83,V5_HIGH_CONVICTION_ONLY,CONS
DIXON,2026-02-26,2026-02-27,NEUTRAL,80.0,85.0,2.636,4.176,-0.099,1.7,1.103,0,403.82,10106.0,10620.0,10085.0,10528.0,V5_HIGH_CONVICTION_ONLY,TECH
RELIANCE,2026-03-04,2026-03-05,BEAR,80.0,80.0,1.834,2.683,0.602,1.99,1.293,0,30.62,1346.87,1392.56,1346.87,1383.01,V5_HIGH_CONVICTION_ONLY,ENERGY
BPCL,2026-03-04,2026-03-05,BEAR,80.0,80.0,1.526,1.037,0.07,0.75,-1.0,1,10.46,356.65,362.5,351.1,360.35,V5_HIGH_CONVICTION_ONLY,ENERGY
IOC,2026-03-04,2026-03-05,BEAR,80.0,80.0,1.702,0.316,0.329,1.21,0.79,0,4.79,168.87,173.24,167.17,169.4,V5_HIGH_CONVICTION_ONLY,ENERGY
ADANIPORTS,2026-03-04,2026-03-05,BEAR,80.0,80.0,1.57,3.6,0.892,1.73,1.122,0,44.84,1441.13,1499.18,1441.13,1493.01,V5_HIGH_CONVICTION_ONLY,INFRA
HINDALCO,2026-03-04,2026-03-05,BEAR,80.0,85.0,3.285,2.683,0.89,2.49,1.616,0,28.54,925.17,978.4,921.59,949.99,V5_HIGH_CONVICTION_ONLY,METAL
DLF,2026-03-04,2026-03-05,BEAR,80.0,80.0,1.928,2.397,0.422,1.29,0.84,0,18.24,564.36,582.04,564.36,577.89,V5_HIGH_CONVICTION_ONLY,REALTY
HAL,2026-03-04,2026-03-05,BEAR,80.0,80.0,1.314,0.563,-0.175,0.88,0.24,0,119.65,3870.0,3949.0,3840.9,3891.8,V5_HIGH_CONVICTION_ONLY,INFRA
LT,2026-03-04,2026-03-05,BEAR,80.0,80.0,1.479,2.918,1.071,1.76,1.143,0,111.65,3886.24,4033.5,3871.09,3999.63,V5_HIGH_CONVICTION_ONLY,INFRA
RELIANCE,2026-03-06,2026-03-09,BEAR,100.0,85.0,1.468,3.564,-2.121,2.23,1.446,0,32.44,1368.67,1422.82,1363.69,1417.45,V5_HIGH_CONVICTION_ONLY,ENERGY
NESTLEIND,2026-03-06,2026-03-09,BEAR,100.0,85.0,1.479,0.717,-2.028,0.76,0.182,0,27.07,1221.13,1236.66,1211.58,1229.89,V5_HIGH_CONVICTION_ONLY,FMCG
BAJFINANCE,2026-03-06,2026-03-09,BEAR,80.0,80.0,1.334,1.763,-2.989,1.09,0.707,1,23.5,916.17,935.35,903.5,932.32,V5_HIGH_CONVICTION_ONLY,FINSERV
IOC,2026-03-06,2026-03-09,BEAR,80.0,80.0,1.826,2.038,-6.332,1.12,0.728,0,4.88,156.03,160.13,154.35,159.21,V5_HIGH_CONVICTION_ONLY,ENERGY
ADANIPORTS,2026-03-06,2026-03-09,BEAR,80.0,85.0,2.022,1.16,-4.907,0.91,0.254,0,45.45,1399.1,1430.07,1399.1,1415.34,V5_HIGH_CONVICTION_ONLY,INFRA
GODREJPROP,2026-03-06,2026-03-09,BEAR,80.0,80.0,1.765,2.179,-3.407,0.82,0.211,0,67.56,1602.75,1644.45,1582.85,1637.68,V5_HIGH_CONVICTION_ONLY,REALTY
BRITANNIA,2026-03-12,2026-03-13,BEAR,80.0,85.0,2.135,1.017,-0.639,1.38,0.9,0,126.19,5750.0,5881.0,5727.0,5808.5,V5_HIGH_CONVICTION_ONLY,FMCG
FEDERALBNK,2026-03-16,2026-03-17,BEAR,80.0,80.0,1.26,0.233,-0.06,0.88,0.238,0,29.71,2129.52,2149.03,2129.52,2134.47,V5_HIGH_CONVICTION_ONLY,BANK
MARUTI,2026-03-16,2026-03-17,BEAR,80.0,80.0,1.82,1.423,0.259,0.98,0.291,0,420.9,12790.0,13100.0,12686.0,12972.0,V5_HIGH_CONVICTION_ONLY,AUTO
HCLTECH,2026-03-20,2026-03-23,NEUTRAL,80.0,85.0,2.006,3.331,-1.417,1.68,1.089,0,38.79,1277.06,1325.82,1272.4,1319.61,V5_HIGH_CONVICTION_ONLY,IT
TECHM,2026-03-20,2026-03-23,NEUTRAL,80.0,80.0,1.91,1.318,-1.358,1.46,0.947,0,43.33,1331.4,1378.77,1323.21,1348.94,V5_HIGH_CONVICTION_ONLY,IT
PERSISTENT,2026-03-20,2026-03-23,NEUTRAL,80.0,80.0,1.782,0.761,-0.592,0.74,0.168,0,201.94,4688.8,4800.4,4639.3,4724.5,V5_HIGH_CONVICTION_ONLY,IT
AXISBANK,2026-03-24,2026-03-25,BEAR,80.0,80.0,1.255,1.842,0.612,1.52,0.986,0,34.26,1199.08,1238.05,1197.08,1221.16,V5_HIGH_CONVICTION_ONLY,BANK
KOTAKBANK,2026-03-24,2026-03-25,BEAR,80.0,80.0,1.957,0.583,0.572,1.27,0.824,1,9.5,368.31,377.35,362.37,370.46,V5_HIGH_CONVICTION_ONLY,BANK
BAJFINANCE,2026-03-24,2026-03-25,BEAR,80.0,80.0,1.292,2.401,1.537,1.17,0.761,0,30.28,856.78,883.37,848.09,877.36,V5_HIGH_CONVICTION_ONLY,FINSERV
HCLTECH,2026-03-24,2026-03-25,BEAR,80.0,80.0,1.364,2.47,-1.842,2.08,1.353,0,39.45,1309.31,1370.89,1309.31,1341.65,V5_HIGH_CONVICTION_ONLY,IT
BHARTIARTL,2026-03-24,2026-03-25,BEAR,80.0,80.0,1.409,1.152,0.66,1.09,0.708,0,43.06,1814.0,1849.2,1810.1,1834.9,V5_HIGH_CONVICTION_ONLY,TELECOM
TATAMOTORS,2026-03-26,2026-03-27,BEAR,100.0,90.0,5.951,0.376,-1.355,0.69,-1.0,1,21.04,421.24,432.12,402.56,422.83,V5_HIGH_CONVICTION_ONLY,AUTO
PERSISTENT,2026-03-26,2026-03-27,BEAR,80.0,80.0,1.267,0.406,-0.99,0.74,0.168,0,194.31,4880.0,4987.4,4851.1,4899.8,V5_HIGH_CONVICTION_ONLY,IT
TCS,2026-04-01,2026-04-02,NEUTRAL,80.0,80.0,1.278,2.712,-0.922,1.69,1.098,0,65.0,2341.24,2423.57,2331.14,2404.73,V5_HIGH_CONVICTION_ONLY,IT
SUNPHARMA,2026-04-01,2026-04-02,NEUTRAL,80.0,80.0,1.435,1.718,-3.674,1.2,0.779,1,38.82,1660.65,1695.56,1615.77,1689.17,V5_HIGH_CONVICTION_ONLY,PHARMA
DRREDDY,2026-04-01,2026-04-02,NEUTRAL,80.0,80.0,1.826,2.509,-1.827,1.3,0.845,1,35.77,1180.02,1214.9,1160.14,1209.63,V5_HIGH_CONVICTION_ONLY,PHARMA
DLF,2026-04-01,2026-04-02,NEUTRAL,80.0,80.0,1.445,4.242,-1.717,1.59,1.033,1,19.44,494.79,517.95,483.33,515.77,V5_HIGH_CONVICTION_ONLY,REALTY
TRENT,2026-04-03,2026-04-06,BEAR,100.0,90.0,4.43,5.466,2.374,2.23,1.45,0,93.33,2419.69,2575.86,2419.69,2551.96,V5_HIGH_CONVICTION_ONLY,CONS
KAYNES,2026-04-03,2026-04-06,BEAR,100.0,85.0,1.448,4.47,0.28,1.3,0.845,0,180.5,3547.9,3723.9,3460.0,3706.5,V5_HIGH_CONVICTION_ONLY,TECH
GODREJPROP,2026-04-03,2026-04-06,BEAR,80.0,80.0,1.916,4.463,0.577,1.52,0.99,0,65.33,1509.7,1584.34,1486.61,1577.08,V5_HIGH_CONVICTION_ONLY,REALTY
HEROMOTOCO,2026-04-09,2026-04-10,BULL,80.0,80.0,1.467,3.2,0.246,1.37,0.888,0,183.03,5297.0,5484.5,5295.5,5466.5,V5_HIGH_CONVICTION_ONLY,AUTO
KOTAKBANK,2026-05-05,2026-05-06,NEUTRAL,100.0,85.0,1.704,0.695,0.714,0.85,-1.0,1,9.36,373.36,379.35,365.02,375.95,V5_HIGH_CONVICTION_ONLY,BANK
ICICIGI,2026-05-05,2026-05-06,NEUTRAL,100.0,90.0,2.222,1.395,0.456,1.15,0.749,0,43.34,1778.25,1815.71,1768.49,1803.05,V5_HIGH_CONVICTION_ONLY,FINSERV
ICICIBANK,2026-05-05,2026-05-06,NEUTRAL,80.0,80.0,1.543,1.387,0.855,1.02,0.663,0,27.19,1262.0,1282.8,1252.1,1279.5,V5_HIGH_CONVICTION_ONLY,BANK
SBIN,2026-05-05,2026-05-06,NEUTRAL,80.0,80.0,1.296,2.239,1.142,1.6,1.038,0,23.86,1053.02,1081.6,1042.41,1076.59,V5_HIGH_CONVICTION_ONLY,BANK
TITAN,2026-05-07,2026-05-08,BULL,80.0,85.0,5.828,4.52,0.151,3.95,2.57,1,97.82,4299.89,4589.94,4199.62,4494.25,V5_HIGH_CONVICTION_ONLY,CONS
BHARTIARTL,2026-05-11,2026-05-12,BEAR,80.0,80.0,1.37,0.303,-0.472,0.82,0.212,0,40.47,1751.5,1776.5,1751.5,1756.8,V5_HIGH_CONVICTION_ONLY,TELECOM
DLF,2026-05-13,2026-05-14,BEAR,100.0,85.0,1.966,1.949,-0.357,1.3,0.847,1,16.51,565.01,581.15,546.93,576.02,V5_HIGH_CONVICTION_ONLY,REALTY
BHARTIARTL,2026-05-13,2026-05-14,BEAR,100.0,90.0,2.347,3.489,1.721,2.27,1.475,1,40.66,1820.0,1889.2,1797.3,1883.5,V5_HIGH_CONVICTION_ONLY,TELECOM
HDFCBANK,2026-05-13,2026-05-14,BEAR,80.0,80.0,1.459,2.47,0.187,2.06,1.341,0,17.36,738.78,765.64,734.85,757.03,V5_HIGH_CONVICTION_ONLY,BANK
TECHM,2026-05-15,2026-05-18,BEAR,80.0,85.0,3.411,4.862,-0.496,2.44,1.584,0,39.46,1329.16,1401.28,1329.16,1393.78,V5_HIGH_CONVICTION_ONLY,IT
IOC,2026-05-19,2026-05-20,NEUTRAL,80.0,80.0,1.445,2.502,-0.244,1.29,0.839,0,3.98,134.67,138.52,133.0,138.04,V5_HIGH_CONVICTION_ONLY,ENERGY
EICHERMOT,2026-05-21,2026-05-22,NEUTRAL,80.0,80.0,1.268,0.816,0.479,0.88,0.238,0,176.54,6925.0,7041.0,6908.5,6981.5,V5_HIGH_CONVICTION_ONLY,AUTO
COALINDIA,2026-05-29,2026-06-01,NEUTRAL,80.0,80.0,1.73,3.516,-0.295,2.1,1.367,0,12.96,456.55,477.0,456.55,472.6,V5_HIGH_CONVICTION_ONLY,ENERGY
TCS,2026-05-29,2026-06-01,NEUTRAL,80.0,80.0,1.548,0.587,1.111,1.33,0.867,0,50.68,2271.55,2322.27,2267.57,2284.87,V5_HIGH_CONVICTION_ONLY,IT
HCLTECH,2026-05-29,2026-06-01,NEUTRAL,80.0,80.0,1.982,0.42,0.532,1.18,0.766,0,25.43,1178.07,1200.54,1178.07,1183.02,V5_HIGH_CONVICTION_ONLY,IT
DIVISLAB,2026-06-02,2026-06-03,BEAR,80.0,80.0,1.444,0.867,-0.199,0.77,0.183,0,146.94,6520.0,6604.5,6460.0,6576.5,V5_HIGH_CONVICTION_ONLY,PHARMA
MARUTI,2026-06-02,2026-06-03,BEAR,80.0,80.0,1.687,0.231,-0.061,0.86,0.229,0,298.32,13014.0,13206.0,12911.0,13044.0,V5_HIGH_CONVICTION_ONLY,AUTO
CHOLAFIN,2026-06-04,2026-06-05,BEAR,100.0,85.0,1.986,1.123,0.034,1.75,1.137,0,47.6,1485.92,1548.39,1479.52,1502.61,V5_HIGH_CONVICTION_ONLY,FINSERV
SBIN,2026-06-08,2026-06-09,BEAR,100.0,85.0,1.434,1.797,0.311,1.45,0.942,0,22.09,985.0,1009.0,983.0,1002.7,V5_HIGH_CONVICTION_ONLY,BANK
ICICIBANK,2026-06-08,2026-06-09,BEAR,80.0,80.0,1.492,1.594,0.384,1.39,0.902,0,23.94,1255.0,1279.9,1252.7,1275.0,V5_HIGH_CONVICTION_ONLY,BANK
DIVISLAB,2026-06-08,2026-06-09,BEAR,80.0,85.0,2.911,3.336,0.215,2.3,1.496,0,147.71,6535.0,6790.0,6535.0,6753.0,V5_HIGH_CONVICTION_ONLY,PHARMA
JSWSTEEL,2026-06-10,2026-06-11,BEAR,80.0,80.0,1.294,1.288,-0.299,1.37,0.888,0,26.58,1258.77,1286.01,1253.8,1274.98,V5_HIGH_CONVICTION_ONLY,METAL
M&M,2026-06-12,2026-06-15,BULL,80.0,80.0,1.686,1.434,1.548,1.3,0.846,0,78.09,3057.89,3134.09,3046.01,3101.73,V5_HIGH_CONVICTION_ONLY,AUTO
HAL,2026-06-12,2026-06-15,BULL,80.0,80.0,1.382,1.174,1.019,1.41,0.919,0,102.76,4235.0,4344.0,4202.6,4284.7,V5_HIGH_CONVICTION_ONLY,INFRA
HINDALCO,2026-06-16,2026-06-17,BULL,80.0,80.0,1.6,2.325,0.265,1.14,0.738,0,31.07,979.89,1006.35,966.16,1002.67,V5_HIGH_CONVICTION_ONLY,METAL
KAYNES,2026-06-16,2026-06-17,BULL,80.0,80.0,1.593,1.732,0.485,0.99,0.297,0,124.73,3193.0,3286.0,3185.7,3248.3,V5_HIGH_CONVICTION_ONLY,TECH
TCS,2026-06-18,2026-06-19,BULL,80.0,85.0,3.613,0.95,-4.461,0.79,-1.0,1,55.13,2093.52,2126.34,2048.67,2113.41,V5_HIGH_CONVICTION_ONLY,IT
WIPRO,2026-06-18,2026-06-19,BULL,80.0,80.0,1.486,2.286,-3.325,1.32,0.855,0,4.78,176.76,181.48,174.89,180.8,V5_HIGH_CONVICTION_ONLY,IT
TECHM,2026-06-18,2026-06-19,BULL,80.0,85.0,2.94,4.415,-6.749,2.16,1.402,0,40.5,1315.81,1381.3,1309.96,1373.9,V5_HIGH_CONVICTION_ONLY,IT
MARUTI,2026-06-24,2026-06-25,NEUTRAL,80.0,85.0,2.408,2.897,0.83,2.65,1.721,0,278.72,13225.18,13778.62,13193.5,13608.33,V5_HIGH_CONVICTION_ONLY,AUTO
KAYNES,2026-06-24,2026-06-25,NEUTRAL,80.0,85.0,2.717,1.231,0.684,1.75,1.137,0,122.71,3225.0,3386.0,3212.0,3264.7,V5_HIGH_CONVICTION_ONLY,TECH
BRITANNIA,2026-06-30,2026-07-01,NEUTRAL,100.0,85.0,1.765,2.244,0.0,2.09,1.355,0,82.81,5146.5,5276.0,5115.0,5262.0,V5_HIGH_CONVICTION_ONLY,FMCG
KOTAKBANK,2026-06-30,2026-07-01,NEUTRAL,80.0,80.0,1.487,0.78,1.3,0.7,-1.0,1,7.67,396.67,400.71,392.57,399.76,V5_HIGH_CONVICTION_ONLY,BANK
HINDUNILVR,2026-06-30,2026-07-01,NEUTRAL,80.0,85.0,2.04,2.273,0.722,1.95,1.266,0,38.67,2133.5,2190.0,2120.2,2182.0,V5_HIGH_CONVICTION_ONLY,FMCG
DABUR,2026-06-30,2026-07-01,NEUTRAL,80.0,85.0,5.609,5.167,0.166,4.09,3.0,0,7.75,417.48,441.28,417.24,439.05,V5_HIGH_CONVICTION_ONLY,FMCG
MPHASIS,2026-07-02,2026-07-03,BULL,80.0,85.0,2.344,1.127,1.14,1.14,0.741,0,68.3,2211.71,2270.14,2208.78,2236.64,V5_HIGH_CONVICTION_ONLY,IT
KOTAKBANK,2026-07-08,2026-07-09,BEAR,80.0,80.0,1.477,1.521,0.378,1.03,0.669,0,8.34,370.86,377.3,367.77,376.5,V5_HIGH_CONVICTION_ONLY,BANK
RELIANCE,2026-07-08,2026-07-09,BEAR,80.0,80.0,1.256,0.211,0.094,1.12,0.727,0,23.13,1277.1,1296.5,1274.2,1279.8,V5_HIGH_CONVICTION_ONLY,ENERGY
TCS,2026-07-10,2026-07-13,NEUTRAL,80.0,85.0,2.663,5.133,0.29,2.84,1.848,0,60.58,2063.68,2192.88,2053.84,2169.6,V5_HIGH_CONVICTION_ONLY,IT
SBIN,2026-07-14,2026-07-15,NEUTRAL,80.0,80.0,1.403,1.438,0.01,1.41,0.915,0,19.42,1015.5,1036.0,1013.7,1030.1,V5_HIGH_CONVICTION_ONLY,BANK
BPCL,2026-07-14,2026-07-15,NEUTRAL,80.0,80.0,1.376,1.176,0.213,0.88,0.242,0,7.77,306.0,311.15,306.0,309.6,V5_HIGH_CONVICTION_ONLY,ENERGY
POWERGRID,2026-07-16,2026-07-17,NEUTRAL,100.0,85.0,1.391,0.997,0.0,0.96,0.281,0,4.99,280.75,284.35,279.65,283.55,V5_HIGH_CONVICTION_ONLY,ENERGY
AXISBANK,2026-07-16,2026-07-17,NEUTRAL,80.0,85.0,2.033,1.645,-0.046,1.3,0.844,0,26.7,1307.0,1333.0,1305.0,1328.5,V5_HIGH_CONVICTION_ONLY,BANK
RELIANCE,2026-07-16,2026-07-17,NEUTRAL,80.0,80.0,1.512,2.092,0.262,1.83,1.19,0,22.07,1300.0,1330.3,1296.1,1327.2,V5_HIGH_CONVICTION_ONLY,ENERGY
WIPRO,2026-07-16,2026-07-17,NEUTRAL,80.0,80.0,1.452,1.412,-2.357,0.91,0.256,0,3.97,173.55,176.26,173.55,176.0,V5_HIGH_CONVICTION_ONLY,IT
JSWSTEEL,2026-07-16,2026-07-17,NEUTRAL,80.0,85.0,2.136,1.335,0.0,1.26,0.817,0,24.3,1221.0,1243.9,1218.0,1237.3,V5_HIGH_CONVICTION_ONLY,METAL
AXISBANK,2026-07-20,2026-07-21,NEUTRAL,80.0,80.0,1.811,1.06,-0.876,0.99,0.295,0,30.55,1245.0,1267.7,1244.5,1258.2,V5_HIGH_CONVICTION_ONLY,BANK
DRREDDY,2026-07-22,2026-07-23,NEUTRAL,80.0,80.0,1.995,5.931,-6.916,3.13,2.031,0,30.12,1101.0,1171.6,1101.0,1166.3,V5_HIGH_CONVICTION_ONLY,PHARMA
HEROMOTOCO,2026-07-22,2026-07-23,NEUTRAL,80.0,85.0,2.908,3.744,-0.0,2.85,1.853,0,97.35,4914.81,5122.94,4907.91,5098.8,V5_HIGH_CONVICTION_ONLY,AUTO
ITC,2026-07-22,2026-07-23,NEUTRAL,80.0,80.0,1.768,0.482,-0.303,1.32,0.861,0,4.08,279.95,284.0,279.65,281.3,V5_HIGH_CONVICTION_ONLY,FMCG
CHOLAFIN,2026-07-24,2026-07-27,BEAR,80.0,80.0,1.742,2.362,1.137,1.76,1.141,0,45.95,1744.0,1804.5,1743.8,1785.2,V5_HIGH_CONVICTION_ONLY,FINSERV
LUPIN,2026-07-24,2026-07-27,BEAR,80.0,80.0,1.528,1.645,0.021,1.54,1.002,0,52.84,2371.0,2432.1,2368.1,2410.0,V5_HIGH_CONVICTION_ONLY,PHARMA
HINDUNILVR,2026-07-28,2026-07-29,BEAR,80.0,85.0,2.485,3.282,1.374,2.05,1.335,0,47.08,2050.5,2123.0,2047.0,2117.8,V5_HIGH_CONVICTION_ONLY,FMCG
DABUR,2026-07-28,2026-07-29,BEAR,80.0,80.0,1.258,1.474,0.659,1.28,0.832,0,8.23,427.4,435.3,427.0,433.7,V5_HIGH_CONVICTION_ONLY,FMCG
TRENT,2026-07-28,2026-07-29,BEAR,80.0,80.0,1.256,2.218,0.317,1.28,0.834,0,72.85,2940.0,3010.1,2916.5,3005.2,V5_HIGH_CONVICTION_ONLY,CONS
LT,2026-07-28,2026-07-29,BEAR,80.0,80.0,1.647,0.924,1.654,1.71,1.114,0,64.44,3895.4,3978.2,3891.1,3931.4,V5_HIGH_CONVICTION_ONLY,INFRA
KAYNES,2026-07-28,2026-07-29,BEAR,80.0,85.0,8.396,11.238,1.342,5.42,1.875,0,101.79,3271.0,3685.0,3270.2,3638.6,V5_HIGH_CONVICTION_ONLY,TECH
ADANIPORTS,2026-07-30,2026-07-31,BULL,80.0,85.0,2.016,1.344,0.595,1.11,0.719,1,41.1,1674.0,1708.1,1650.0,1696.5,V5_HIGH_CONVICTION_ONLY,INFRA
BEL,2026-07-30,2026-07-31,BULL,80.0,80.0,1.275,0.74,0.026,0.99,0.293,0,7.57,384.48,390.07,384.48,387.32,V5_HIGH_CONVICTION_ONLY,INFRA
RELIANCE,2026-08-05,2026-08-06,BULL,80.0,80.0,1.813,3.113,0.391,2.4,1.563,0,22.29,1285.0,1325.2,1281.2,1325.0,V5_HIGH_CONVICTION_ONLY,ENERGY
BHARTIARTL,2026-08-11,2026-08-12,NEUTRAL,80.0,80.0,1.791,1.907,-0.345,1.42,0.922,0,34.21,1908.6,1945.0,1901.3,1945.0,V5_HIGH_CONVICTION_ONLY,TELECOM
BPCL,2026-08-13,2026-08-14,NEUTRAL,80.0,80.0,1.76,1.461,-0.048,0.9,0.25,0,6.82,314.85,319.45,314.05,319.45,V5_HIGH_CONVICTION_ONLY,ENERGY
ADANIENT,2026-08-13,2026-08-14,NEUTRAL,80.0,80.0,1.699,2.364,0.003,1.62,1.05,0,68.5,2965.0,3048.0,2950.0,3035.1,V5_HIGH_CONVICTION_ONLY,ENERGY
ITC,2026-08-19,2026-08-20,BEAR,80.0,85.0,2.492,1.286,0.431,1.05,0.683,1,4.38,268.2,271.65,265.0,271.65,V5_HIGH_CONVICTION_ONLY,FMCG
SUNPHARMA,2026-08-21,2026-08-24,NEUTRAL,80.0,80.0,1.53,0.399,0.0,0.86,0.231,0,31.87,1902.4,1923.0,1892.6,1910.0,V5_HIGH_CONVICTION_ONLY,PHARMA
TATASTEEL,2026-08-21,2026-08-24,NEUTRAL,80.0,80.0,1.717,1.168,0.628,0.78,0.192,0,3.66,184.15,186.3,183.06,186.3,V5_HIGH_CONVICTION_ONLY,METAL
TATASTEEL,2026-08-25,2026-08-26,NEUTRAL,100.0,85.0,1.411,0.815,-0.241,1.27,0.823,1,3.64,186.49,189.95,184.29,188.01,V5_HIGH_CONVICTION_ONLY,METAL
HCLTECH,2026-08-27,2026-08-28,BEAR,80.0,85.0,2.317,2.023,0.624,1.99,1.291,0,29.67,1290.0,1334.2,1290.0,1316.1,V5_HIGH_CONVICTION_ONLY,IT
HDFCBANK,2026-08-31,2026-09-01,BEAR,80.0,80.0,1.689,0.972,-0.557,1.13,0.733,1,12.29,705.05,715.45,698.5,711.9,V5_HIGH_CONVICTION_ONLY,BANK
ADANIPORTS,2026-08-31,2026-09-01,BEAR,80.0,80.0,1.537,1.385,2.002,1.12,0.73,0,36.34,1625.0,1655.6,1625.0,1647.5,V5_HIGH_CONVICTION_ONLY,INFRA
ITC,2026-08-31,2026-09-01,BEAR,80.0,85.0,2.198,1.95,2.348,1.91,1.241,0,4.68,261.5,268.2,261.5,266.6,V5_HIGH_CONVICTION_ONLY,FMCG
GODREJPROP,2026-09-02,2026-09-03,BEAR,80.0,85.0,2.551,1.909,-0.34,2.16,1.402,0,57.3,1964.0,2056.7,1960.0,2001.5,V5_HIGH_CONVICTION_ONLY,REALTY
DRREDDY,2025-10-01,2025-10-03,BEAR,80.0,80.0,1.385,0.338,-0.064,1.15,0.745,0,24.84,1236.06,1257.43,1232.19,1240.23,V6_EOD_NO_CAP,PHARMA
DIVISLAB,2025-10-01,2025-10-03,BEAR,80.0,80.0,1.497,1.849,0.867,1.92,1.251,0,119.54,5759.5,5932.0,5746.0,5866.0,V6_EOD_NO_CAP,PHARMA
LODHA,2025-10-06,2025-10-07,BULL,80.0,85.0,5.86,2.415,0.26,1.59,1.033,1,28.68,1118.0,1152.2,1098.8,1145.0,V6_EOD_NO_CAP,REALTY
ICICIGI,2025-10-14,2025-10-15,NEUTRAL,80.0,85.0,12.316,6.607,2.173,5.12,3.0,0,37.46,1881.82,2025.7,1881.82,2006.14,V6_EOD_NO_CAP,FINSERV
NESTLEIND,2025-10-14,2025-10-15,NEUTRAL,80.0,85.0,2.251,3.905,0.0,3.27,2.126,0,19.97,1163.59,1212.59,1163.59,1209.03,V6_EOD_NO_CAP,FMCG
COALINDIA,2025-10-29,2025-10-30,BULL,80.0,85.0,2.269,1.24,0.249,1.33,0.866,1,5.77,367.98,373.75,364.48,372.55,V6_EOD_NO_CAP,ENERGY
DLF,2025-10-31,2025-11-03,NEUTRAL,80.0,80.0,1.785,2.94,-0.165,2.73,1.776,0,14.22,745.64,774.77,743.02,767.56,V6_EOD_NO_CAP,REALTY
DABUR,2025-10-31,2025-11-03,NEUTRAL,80.0,80.0,1.703,3.114,0.113,2.22,1.446,0,9.62,479.32,495.37,476.86,494.25,V6_EOD_NO_CAP,FMCG
ADANIENT,2025-11-06,2025-11-07,BEAR,80.0,85.0,2.153,2.35,0.03,1.9,1.233,0,61.49,2313.97,2401.43,2290.38,2368.34,V6_EOD_NO_CAP,ENERGY
HINDALCO,2025-11-06,2025-11-07,BEAR,80.0,80.0,1.36,0.241,0.013,0.97,0.283,0,19.35,784.41,798.43,778.94,786.3,V6_EOD_NO_CAP,METAL
TRENT,2025-11-10,2025-11-11,BEAR,80.0,80.0,1.672,0.484,0.264,0.85,0.224,0,109.95,4288.66,4358.56,4256.81,4309.43,V6_EOD_NO_CAP,CONS
KOTAKBANK,2025-11-14,2025-11-17,BULL,80.0,85.0,2.314,0.377,0.736,1.0,0.651,0,6.62,418.28,423.25,417.76,419.86,V6_EOD_NO_CAP,BANK
EICHERMOT,2025-11-14,2025-11-17,BULL,80.0,80.0,1.517,1.025,0.523,0.77,0.187,0,135.97,6730.0,6809.0,6675.0,6799.0,V6_EOD_NO_CAP,AUTO
MPHASIS,2025-11-20,2025-11-21,BULL,80.0,85.0,2.038,0.446,-0.201,0.77,0.184,0,71.54,2663.49,2704.69,2642.65,2675.37,V6_EOD_NO_CAP,IT
BAJFINANCE,2025-11-26,2025-11-27,BULL,80.0,80.0,1.827,1.792,0.485,1.7,1.106,0,22.83,1009.4,1038.52,1004.72,1027.48,V6_EOD_NO_CAP,FINSERV
ITC,2025-11-28,2025-12-01,BULL,80.0,80.0,1.636,0.36,-0.359,0.78,-1.0,1,4.42,384.07,386.64,379.68,385.45,V6_EOD_NO_CAP,FMCG
SBIN,2025-12-04,2025-12-05,NEUTRAL,80.0,80.0,1.602,2.387,0.079,2.26,1.47,0,14.16,932.05,956.07,929.94,954.3,V6_EOD_NO_CAP,BANK
ADANIENT,2025-12-04,2025-12-05,NEUTRAL,80.0,80.0,1.547,2.142,-0.0,1.13,0.732,0,59.97,2216.91,2267.59,2201.92,2264.39,V6_EOD_NO_CAP,ENERGY
DLF,2025-12-08,2025-12-09,BEAR,80.0,80.0,1.411,0.811,-0.429,1.32,0.858,0,14.47,676.01,690.33,671.07,681.49,V6_EOD_NO_CAP,REALTY
GODREJPROP,2025-12-08,2025-12-09,BEAR,80.0,85.0,2.969,3.706,-0.258,1.95,1.271,0,55.25,1960.52,2041.53,1942.61,2033.17,V6_EOD_NO_CAP,REALTY
TRENT,2025-12-08,2025-12-09,BEAR,80.0,85.0,2.414,0.884,-1.0,1.11,0.725,1,81.81,4043.62,4112.02,3982.12,4079.37,V6_EOD_NO_CAP,CONS
BEL,2025-12-08,2025-12-09,BEAR,80.0,80.0,1.664,1.143,-0.349,0.87,0.237,0,9.04,383.42,389.34,378.94,387.8,V6_EOD_NO_CAP,INFRA
TATASTEEL,2025-12-10,2025-12-11,BEAR,100.0,85.0,1.767,1.761,0.783,1.29,0.842,0,3.19,160.2,163.29,159.87,163.02,V6_EOD_NO_CAP,METAL
PERSISTENT,2025-12-10,2025-12-11,BEAR,80.0,80.0,1.572,2.69,0.133,1.7,1.107,0,146.69,6019.91,6207.23,5997.49,6181.83,V6_EOD_NO_CAP,IT
DIXON,2025-12-10,2025-12-11,BEAR,80.0,85.0,4.224,5.175,-0.016,2.02,1.312,0,449.71,12349.0,13030.0,12130.0,12988.0,V6_EOD_NO_CAP,TECH
KAYNES,2025-12-10,2025-12-11,BEAR,80.0,80.0,1.833,3.258,0.604,0.87,0.234,0,330.36,3914.0,4129.0,3830.0,4041.5,V6_EOD_NO_CAP,TECH
AXISBANK,2025-12-16,2025-12-17,NEUTRAL,80.0,80.0,1.386,0.336,0.082,0.95,0.274,0,21.66,1219.66,1235.05,1219.36,1223.76,V6_EOD_NO_CAP,BANK
EICHERMOT,2025-12-16,2025-12-17,NEUTRAL,80.0,80.0,1.395,0.429,0.602,0.75,0.175,0,129.03,7104.0,7176.5,7080.5,7134.5,V6_EOD_NO_CAP,AUTO
POWERGRID,2025-12-18,2025-12-19,NEUTRAL,80.0,80.0,1.961,2.093,0.039,1.89,1.229,0,4.11,255.19,261.02,255.09,260.53,V6_EOD_NO_CAP,ENERGY
DIVISLAB,2025-12-18,2025-12-19,NEUTRAL,80.0,85.0,3.701,1.069,0.47,2.06,1.342,0,121.46,6410.0,6598.0,6408.5,6478.5,V6_EOD_NO_CAP,PHARMA
ABB,2025-12-18,2025-12-19,NEUTRAL,80.0,85.0,2.238,1.391,0.167,1.21,0.789,0,93.53,5085.2,5170.35,5079.23,5155.91,V6_EOD_NO_CAP,MFNG
CHOLAFIN,2025-12-22,2025-12-23,BULL,80.0,85.0,4.14,4.579,1.268,3.07,1.998,0,46.96,1603.17,1711.45,1593.98,1676.59,V6_EOD_NO_CAP,FINSERV
TATASTEEL,2025-12-26,2025-12-29,NEUTRAL,80.0,85.0,2.222,1.646,0.231,2.07,1.349,0,2.91,166.08,170.61,165.87,168.82,V6_EOD_NO_CAP,METAL
ONGC,2025-12-30,2025-12-31,NEUTRAL,80.0,80.0,1.944,2.424,0.004,2.33,1.517,0,3.52,229.29,235.46,229.22,234.85,V6_EOD_NO_CAP,ENERGY
HINDUNILVR,2025-12-30,2025-12-31,NEUTRAL,80.0,80.0,1.328,1.131,-0.009,1.49,0.967,0,31.5,2266.94,2302.08,2263.77,2292.58,V6_EOD_NO_CAP,FMCG
DABUR,2025-12-30,2025-12-31,NEUTRAL,80.0,85.0,2.273,1.737,-0.131,2.75,1.79,0,7.12,488.66,503.37,488.56,497.15,V6_EOD_NO_CAP,FMCG
DIXON,2025-12-30,2025-12-31,NEUTRAL,80.0,80.0,1.323,2.075,0.756,1.07,0.698,0,475.78,11856.0,12239.0,11755.0,12102.0,V6_EOD_NO_CAP,TECH
ONGC,2026-01-05,2026-01-06,BULL,80.0,80.0,1.329,1.596,0.0,1.3,0.847,0,4.27,232.62,236.79,232.62,236.33,V6_EOD_NO_CAP,ENERGY
TCS,2026-01-05,2026-01-06,BULL,80.0,80.0,1.416,1.427,-0.19,1.61,1.048,0,42.39,3093.55,3144.82,3088.73,3137.69,V6_EOD_NO_CAP,IT
HCLTECH,2026-01-05,2026-01-06,BULL,80.0,80.0,1.317,1.0,-0.454,1.19,0.771,0,27.85,1543.19,1567.97,1540.3,1558.62,V6_EOD_NO_CAP,IT
ABB,2026-01-05,2026-01-06,BULL,80.0,80.0,1.615,1.083,0.0,1.39,0.904,0,82.11,5147.45,5233.1,5139.48,5203.22,V6_EOD_NO_CAP,MFNG
INFY,2026-01-13,2026-01-14,BEAR,80.0,80.0,1.414,0.743,-0.688,1.37,0.891,0,27.62,1554.36,1582.75,1549.57,1565.91,V6_EOD_NO_CAP,IT
IDFCFIRSTB,2026-01-21,2026-01-22,BEAR,80.0,80.0,1.641,2.683,0.601,1.89,1.227,0,1.75,81.76,84.23,81.66,83.95,V6_EOD_NO_CAP,BANK
BRITANNIA,2026-01-21,2026-01-22,BEAR,80.0,80.0,1.335,1.402,0.819,1.59,1.03,0,105.13,5850.0,5975.0,5819.0,5932.0,V6_EOD_NO_CAP,FMCG
BPCL,2026-01-27,2026-01-28,BEAR,80.0,85.0,2.197,0.513,0.867,0.78,0.189,0,8.99,350.61,355.86,347.59,352.41,V6_EOD_NO_CAP,ENERGY
IOC,2026-01-27,2026-01-28,BEAR,80.0,80.0,1.693,2.421,0.063,1.91,1.242,0,3.45,157.02,161.96,156.57,160.82,V6_EOD_NO_CAP,ENERGY
POWERGRID,2026-01-27,2026-01-28,BEAR,80.0,80.0,1.304,2.283,-0.138,1.85,1.199,0,4.82,251.18,257.86,251.18,256.92,V6_EOD_NO_CAP,ENERGY
M&M,2026-01-27,2026-01-28,BEAR,80.0,80.0,1.836,2.078,-0.427,1.3,0.845,0,79.06,3343.88,3420.97,3340.92,3413.35,V6_EOD_NO_CAP,AUTO
ITC,2026-01-27,2026-01-28,BEAR,80.0,80.0,1.44,0.375,0.408,0.78,0.189,0,6.13,305.07,308.65,304.5,306.22,V6_EOD_NO_CAP,FMCG
HAL,2026-01-27,2026-01-28,BEAR,80.0,85.0,2.162,5.812,0.494,3.66,1.875,0,97.11,4333.99,4600.38,4325.56,4585.9,V6_EOD_NO_CAP,INFRA
M&M,2026-01-29,2026-01-30,NEUTRAL,80.0,80.0,1.898,4.532,-2.996,2.64,1.716,0,84.69,3248.88,3416.52,3248.68,3396.14,V6_EOD_NO_CAP,AUTO
ITC,2026-01-29,2026-01-30,NEUTRAL,80.0,85.0,2.062,1.051,0.063,1.37,0.888,0,5.91,303.97,310.03,301.73,307.17,V6_EOD_NO_CAP,FMCG
HINDUNILVR,2026-01-29,2026-01-30,NEUTRAL,80.0,80.0,1.513,1.367,-0.493,1.27,0.824,0,45.81,2317.43,2360.99,2316.44,2349.11,V6_EOD_NO_CAP,FMCG
NESTLEIND,2026-01-29,2026-01-30,NEUTRAL,80.0,85.0,5.53,3.608,-0.148,3.0,1.949,0,23.59,1272.97,1326.03,1270.01,1318.9,V6_EOD_NO_CAP,FMCG
TITAN,2026-01-29,2026-01-30,NEUTRAL,80.0,80.0,1.844,0.821,0.135,0.86,0.231,0,77.15,3932.1,3981.93,3897.01,3964.39,V6_EOD_NO_CAP,CONS
TRENT,2026-02-04,2026-02-05,BULL,80.0,85.0,3.736,3.974,-0.977,1.44,0.933,1,104.47,2645.02,2757.53,2571.53,2750.14,V6_EOD_NO_CAP,CONS
KAYNES,2026-02-06,2026-02-09,BULL,80.0,80.0,1.575,4.746,1.749,1.35,0.881,0,201.06,3765.0,3969.3,3757.8,3943.7,V6_EOD_NO_CAP,TECH
INFY,2026-02-12,2026-02-13,BULL,80.0,85.0,3.547,5.812,-6.645,2.5,1.625,0,43.54,1266.49,1348.13,1254.36,1340.1,V6_EOD_NO_CAP,IT
TCS,2026-02-12,2026-02-13,BULL,80.0,85.0,2.28,4.147,-6.003,2.1,1.368,0,79.59,2536.51,2662.11,2536.51,2641.7,V6_EOD_NO_CAP,IT
HCLTECH,2026-02-12,2026-02-13,BULL,80.0,85.0,2.04,2.263,-3.597,1.69,1.098,1,41.25,1382.16,1434.41,1355.93,1413.43,V6_EOD_NO_CAP,IT
WIPRO,2026-02-12,2026-02-13,BULL,80.0,80.0,1.409,1.633,-3.848,1.17,0.763,0,6.62,210.65,216.48,209.01,214.09,V6_EOD_NO_CAP,IT
TECHM,2026-02-12,2026-02-13,BULL,80.0,85.0,3.033,3.494,-3.514,1.79,1.166,0,47.37,1445.05,1508.79,1427.31,1495.54,V6_EOD_NO_CAP,IT
PERSISTENT,2026-02-12,2026-02-13,BULL,80.0,85.0,2.506,5.163,-4.439,2.14,1.392,0,205.47,5210.0,5540.0,5210.0,5479.0,V6_EOD_NO_CAP,IT
MPHASIS,2026-02-12,2026-02-13,BULL,80.0,85.0,2.734,2.965,-3.101,1.72,1.119,0,85.66,2325.26,2435.89,2293.71,2394.21,V6_EOD_NO_CAP,IT
INFY,2026-02-16,2026-02-17,NEUTRAL,80.0,80.0,1.461,1.547,0.322,1.7,1.102,0,46.96,1340.98,1400.69,1338.05,1361.73,V6_EOD_NO_CAP,IT
WIPRO,2026-02-16,2026-02-17,NEUTRAL,80.0,80.0,1.425,1.139,0.0,1.19,0.774,0,6.86,213.26,219.39,212.26,215.69,V6_EOD_NO_CAP,IT
BPCL,2026-02-20,2026-02-23,NEUTRAL,80.0,80.0,1.856,0.568,1.01,0.97,0.284,0,9.22,370.0,376.7,366.65,372.1,V6_EOD_NO_CAP,ENERGY
ICICIBANK,2026-02-24,2026-02-25,BEAR,80.0,80.0,1.41,0.625,0.505,0.94,0.271,0,22.08,1391.8,1407.4,1388.2,1400.5,V6_EOD_NO_CAP,BANK
HCLTECH,2026-02-24,2026-02-25,BEAR,80.0,80.0,1.417,1.712,1.18,1.04,0.678,0,45.19,1316.11,1351.46,1315.14,1338.64,V6_EOD_NO_CAP,IT
MARUTI,2026-02-24,2026-02-25,BEAR,80.0,80.0,1.35,1.413,-0.442,1.18,0.77,0,307.18,14860.0,15133.0,14837.0,15070.0,V6_EOD_NO_CAP,AUTO
HEROMOTOCO,2026-02-24,2026-02-25,BEAR,80.0,85.0,2.254,4.11,0.0,3.11,1.875,0,141.03,5511.0,5840.0,5500.5,5737.5,V6_EOD_NO_CAP,AUTO
TRENT,2026-02-26,2026-02-27,NEUTRAL,80.0,80.0,1.647,1.128,-0.0,0.81,0.206,0,80.84,2566.87,2616.13,2556.22,2595.83,V6_EOD_NO_CAP,CONS
DIXON,2026-02-26,2026-02-27,NEUTRAL,80.0,85.0,2.636,4.176,-0.099,1.7,1.103,0,403.82,10106.0,10620.0,10085.0,10528.0,V6_EOD_NO_CAP,TECH
RELIANCE,2026-03-04,2026-03-05,BEAR,80.0,80.0,1.834,2.683,0.602,1.99,1.293,0,30.62,1346.87,1392.56,1346.87,1383.01,V6_EOD_NO_CAP,ENERGY
BPCL,2026-03-04,2026-03-05,BEAR,80.0,80.0,1.526,1.037,0.07,0.75,-1.0,1,10.46,356.65,362.5,351.1,360.35,V6_EOD_NO_CAP,ENERGY
IOC,2026-03-04,2026-03-05,BEAR,80.0,80.0,1.702,0.316,0.329,1.21,0.79,0,4.79,168.87,173.24,167.17,169.4,V6_EOD_NO_CAP,ENERGY
ADANIPORTS,2026-03-04,2026-03-05,BEAR,80.0,80.0,1.57,3.6,0.892,1.73,1.122,0,44.84,1441.13,1499.18,1441.13,1493.01,V6_EOD_NO_CAP,INFRA
HINDALCO,2026-03-04,2026-03-05,BEAR,80.0,85.0,3.285,2.683,0.89,2.49,1.616,0,28.54,925.17,978.4,921.59,949.99,V6_EOD_NO_CAP,METAL
DLF,2026-03-04,2026-03-05,BEAR,80.0,80.0,1.928,2.397,0.422,1.29,0.84,0,18.24,564.36,582.04,564.36,577.89,V6_EOD_NO_CAP,REALTY
HAL,2026-03-04,2026-03-05,BEAR,80.0,80.0,1.314,0.563,-0.175,0.88,0.24,0,119.65,3870.0,3949.0,3840.9,3891.8,V6_EOD_NO_CAP,INFRA
LT,2026-03-04,2026-03-05,BEAR,80.0,80.0,1.479,2.918,1.071,1.76,1.143,0,111.65,3886.24,4033.5,3871.09,3999.63,V6_EOD_NO_CAP,INFRA
RELIANCE,2026-03-06,2026-03-09,BEAR,100.0,85.0,1.468,3.564,-2.121,2.23,1.446,0,32.44,1368.67,1422.82,1363.69,1417.45,V6_EOD_NO_CAP,ENERGY
NESTLEIND,2026-03-06,2026-03-09,BEAR,100.0,85.0,1.479,0.717,-2.028,0.76,0.182,0,27.07,1221.13,1236.66,1211.58,1229.89,V6_EOD_NO_CAP,FMCG
BAJFINANCE,2026-03-06,2026-03-09,BEAR,80.0,80.0,1.334,1.763,-2.989,1.09,0.707,1,23.5,916.17,935.35,903.5,932.32,V6_EOD_NO_CAP,FINSERV
IOC,2026-03-06,2026-03-09,BEAR,80.0,80.0,1.826,2.038,-6.332,1.12,0.728,0,4.88,156.03,160.13,154.35,159.21,V6_EOD_NO_CAP,ENERGY
ADANIPORTS,2026-03-06,2026-03-09,BEAR,80.0,85.0,2.022,1.16,-4.907,0.91,0.254,0,45.45,1399.1,1430.07,1399.1,1415.34,V6_EOD_NO_CAP,INFRA
GODREJPROP,2026-03-06,2026-03-09,BEAR,80.0,80.0,1.765,2.179,-3.407,0.82,0.211,0,67.56,1602.75,1644.45,1582.85,1637.68,V6_EOD_NO_CAP,REALTY
BRITANNIA,2026-03-12,2026-03-13,BEAR,80.0,85.0,2.135,1.017,-0.639,1.38,0.9,0,126.19,5750.0,5881.0,5727.0,5808.5,V6_EOD_NO_CAP,FMCG
FEDERALBNK,2026-03-16,2026-03-17,BEAR,80.0,80.0,1.26,0.233,-0.06,0.88,0.238,0,29.71,2129.52,2149.03,2129.52,2134.47,V6_EOD_NO_CAP,BANK
MARUTI,2026-03-16,2026-03-17,BEAR,80.0,80.0,1.82,1.423,0.259,0.98,0.291,0,420.9,12790.0,13100.0,12686.0,12972.0,V6_EOD_NO_CAP,AUTO
HCLTECH,2026-03-20,2026-03-23,NEUTRAL,80.0,85.0,2.006,3.331,-1.417,1.68,1.089,0,38.79,1277.06,1325.82,1272.4,1319.61,V6_EOD_NO_CAP,IT
TECHM,2026-03-20,2026-03-23,NEUTRAL,80.0,80.0,1.91,1.318,-1.358,1.46,0.947,0,43.33,1331.4,1378.77,1323.21,1348.94,V6_EOD_NO_CAP,IT
PERSISTENT,2026-03-20,2026-03-23,NEUTRAL,80.0,80.0,1.782,0.761,-0.592,0.74,0.168,0,201.94,4688.8,4800.4,4639.3,4724.5,V6_EOD_NO_CAP,IT
AXISBANK,2026-03-24,2026-03-25,BEAR,80.0,80.0,1.255,1.842,0.612,1.52,0.986,0,34.26,1199.08,1238.05,1197.08,1221.16,V6_EOD_NO_CAP,BANK
KOTAKBANK,2026-03-24,2026-03-25,BEAR,80.0,80.0,1.957,0.583,0.572,1.27,0.824,1,9.5,368.31,377.35,362.37,370.46,V6_EOD_NO_CAP,BANK
BAJFINANCE,2026-03-24,2026-03-25,BEAR,80.0,80.0,1.292,2.401,1.537,1.17,0.761,0,30.28,856.78,883.37,848.09,877.36,V6_EOD_NO_CAP,FINSERV
HCLTECH,2026-03-24,2026-03-25,BEAR,80.0,80.0,1.364,2.47,-1.842,2.08,1.353,0,39.45,1309.31,1370.89,1309.31,1341.65,V6_EOD_NO_CAP,IT
BHARTIARTL,2026-03-24,2026-03-25,BEAR,80.0,80.0,1.409,1.152,0.66,1.09,0.708,0,43.06,1814.0,1849.2,1810.1,1834.9,V6_EOD_NO_CAP,TELECOM
TITAN,2026-03-24,2026-03-25,BEAR,80.0,80.0,1.346,2.261,1.295,1.7,1.104,0,115.01,3937.08,4083.6,3927.61,4026.09,V6_EOD_NO_CAP,CONS
KAYNES,2026-03-24,2026-03-25,BEAR,80.0,85.0,2.199,4.582,1.158,1.77,1.15,0,168.22,3555.0,3778.3,3550.0,3717.9,V6_EOD_NO_CAP,TECH
TATAMOTORS,2026-03-26,2026-03-27,BEAR,100.0,90.0,5.951,0.376,-1.355,0.69,-1.0,1,21.04,421.24,432.12,402.56,422.83,V6_EOD_NO_CAP,AUTO
PERSISTENT,2026-03-26,2026-03-27,BEAR,80.0,80.0,1.267,0.406,-0.99,0.74,0.168,0,194.31,4880.0,4987.4,4851.1,4899.8,V6_EOD_NO_CAP,IT
TCS,2026-04-01,2026-04-02,NEUTRAL,80.0,80.0,1.278,2.712,-0.922,1.69,1.098,0,65.0,2341.24,2423.57,2331.14,2404.73,V6_EOD_NO_CAP,IT
SUNPHARMA,2026-04-01,2026-04-02,NEUTRAL,80.0,80.0,1.435,1.718,-3.674,1.2,0.779,1,38.82,1660.65,1695.56,1615.77,1689.17,V6_EOD_NO_CAP,PHARMA
DRREDDY,2026-04-01,2026-04-02,NEUTRAL,80.0,80.0,1.826,2.509,-1.827,1.3,0.845,1,35.77,1180.02,1214.9,1160.14,1209.63,V6_EOD_NO_CAP,PHARMA
DLF,2026-04-01,2026-04-02,NEUTRAL,80.0,80.0,1.445,4.242,-1.717,1.59,1.033,1,19.44,494.79,517.95,483.33,515.77,V6_EOD_NO_CAP,REALTY
TRENT,2026-04-03,2026-04-06,BEAR,100.0,90.0,4.43,5.466,2.374,2.23,1.45,0,93.33,2419.69,2575.86,2419.69,2551.96,V6_EOD_NO_CAP,CONS
KAYNES,2026-04-03,2026-04-06,BEAR,100.0,85.0,1.448,4.47,0.28,1.3,0.845,0,180.5,3547.9,3723.9,3460.0,3706.5,V6_EOD_NO_CAP,TECH
GODREJPROP,2026-04-03,2026-04-06,BEAR,80.0,80.0,1.916,4.463,0.577,1.52,0.99,0,65.33,1509.7,1584.34,1486.61,1577.08,V6_EOD_NO_CAP,REALTY
HEROMOTOCO,2026-04-09,2026-04-10,BULL,80.0,80.0,1.467,3.2,0.246,1.37,0.888,0,183.03,5297.0,5484.5,5295.5,5466.5,V6_EOD_NO_CAP,AUTO
KOTAKBANK,2026-05-05,2026-05-06,NEUTRAL,100.0,85.0,1.704,0.695,0.714,0.85,-1.0,1,9.36,373.36,379.35,365.02,375.95,V6_EOD_NO_CAP,BANK
ICICIGI,2026-05-05,2026-05-06,NEUTRAL,100.0,90.0,2.222,1.395,0.456,1.15,0.749,0,43.34,1778.25,1815.71,1768.49,1803.05,V6_EOD_NO_CAP,FINSERV
ICICIBANK,2026-05-05,2026-05-06,NEUTRAL,80.0,80.0,1.543,1.387,0.855,1.02,0.663,0,27.19,1262.0,1282.8,1252.1,1279.5,V6_EOD_NO_CAP,BANK
SBIN,2026-05-05,2026-05-06,NEUTRAL,80.0,80.0,1.296,2.239,1.142,1.6,1.038,0,23.86,1053.02,1081.6,1042.41,1076.59,V6_EOD_NO_CAP,BANK
TITAN,2026-05-07,2026-05-08,BULL,80.0,85.0,5.828,4.52,0.151,3.95,2.57,1,97.82,4299.89,4589.94,4199.62,4494.25,V6_EOD_NO_CAP,CONS
BHARTIARTL,2026-05-11,2026-05-12,BEAR,80.0,80.0,1.37,0.303,-0.472,0.82,0.212,0,40.47,1751.5,1776.5,1751.5,1756.8,V6_EOD_NO_CAP,TELECOM
DLF,2026-05-13,2026-05-14,BEAR,100.0,85.0,1.966,1.949,-0.357,1.3,0.847,1,16.51,565.01,581.15,546.93,576.02,V6_EOD_NO_CAP,REALTY
BHARTIARTL,2026-05-13,2026-05-14,BEAR,100.0,90.0,2.347,3.489,1.721,2.27,1.475,1,40.66,1820.0,1889.2,1797.3,1883.5,V6_EOD_NO_CAP,TELECOM
HDFCBANK,2026-05-13,2026-05-14,BEAR,80.0,80.0,1.459,2.47,0.187,2.06,1.341,0,17.36,738.78,765.64,734.85,757.03,V6_EOD_NO_CAP,BANK
TECHM,2026-05-15,2026-05-18,BEAR,80.0,85.0,3.411,4.862,-0.496,2.44,1.584,0,39.46,1329.16,1401.28,1329.16,1393.78,V6_EOD_NO_CAP,IT
IOC,2026-05-19,2026-05-20,NEUTRAL,80.0,80.0,1.445,2.502,-0.244,1.29,0.839,0,3.98,134.67,138.52,133.0,138.04,V6_EOD_NO_CAP,ENERGY
EICHERMOT,2026-05-21,2026-05-22,NEUTRAL,80.0,80.0,1.268,0.816,0.479,0.88,0.238,0,176.54,6925.0,7041.0,6908.5,6981.5,V6_EOD_NO_CAP,AUTO
COALINDIA,2026-05-29,2026-06-01,NEUTRAL,80.0,80.0,1.73,3.516,-0.295,2.1,1.367,0,12.96,456.55,477.0,456.55,472.6,V6_EOD_NO_CAP,ENERGY
TCS,2026-05-29,2026-06-01,NEUTRAL,80.0,80.0,1.548,0.587,1.111,1.33,0.867,0,50.68,2271.55,2322.27,2267.57,2284.87,V6_EOD_NO_CAP,IT
HCLTECH,2026-05-29,2026-06-01,NEUTRAL,80.0,80.0,1.982,0.42,0.532,1.18,0.766,0,25.43,1178.07,1200.54,1178.07,1183.02,V6_EOD_NO_CAP,IT
DIVISLAB,2026-06-02,2026-06-03,BEAR,80.0,80.0,1.444,0.867,-0.199,0.77,0.183,0,146.94,6520.0,6604.5,6460.0,6576.5,V6_EOD_NO_CAP,PHARMA
MARUTI,2026-06-02,2026-06-03,BEAR,80.0,80.0,1.687,0.231,-0.061,0.86,0.229,0,298.32,13014.0,13206.0,12911.0,13044.0,V6_EOD_NO_CAP,AUTO
CHOLAFIN,2026-06-04,2026-06-05,BEAR,100.0,85.0,1.986,1.123,0.034,1.75,1.137,0,47.6,1485.92,1548.39,1479.52,1502.61,V6_EOD_NO_CAP,FINSERV
SBIN,2026-06-08,2026-06-09,BEAR,100.0,85.0,1.434,1.797,0.311,1.45,0.942,0,22.09,985.0,1009.0,983.0,1002.7,V6_EOD_NO_CAP,BANK
ICICIBANK,2026-06-08,2026-06-09,BEAR,80.0,80.0,1.492,1.594,0.384,1.39,0.902,0,23.94,1255.0,1279.9,1252.7,1275.0,V6_EOD_NO_CAP,BANK
DIVISLAB,2026-06-08,2026-06-09,BEAR,80.0,85.0,2.911,3.336,0.215,2.3,1.496,0,147.71,6535.0,6790.0,6535.0,6753.0,V6_EOD_NO_CAP,PHARMA
JSWSTEEL,2026-06-10,2026-06-11,BEAR,80.0,80.0,1.294,1.288,-0.299,1.37,0.888,0,26.58,1258.77,1286.01,1253.8,1274.98,V6_EOD_NO_CAP,METAL
M&M,2026-06-12,2026-06-15,BULL,80.0,80.0,1.686,1.434,1.548,1.3,0.846,0,78.09,3057.89,3134.09,3046.01,3101.73,V6_EOD_NO_CAP,AUTO
HAL,2026-06-12,2026-06-15,BULL,80.0,80.0,1.382,1.174,1.019,1.41,0.919,0,102.76,4235.0,4344.0,4202.6,4284.7,V6_EOD_NO_CAP,INFRA
HINDALCO,2026-06-16,2026-06-17,BULL,80.0,80.0,1.6,2.325,0.265,1.14,0.738,0,31.07,979.89,1006.35,966.16,1002.67,V6_EOD_NO_CAP,METAL
KAYNES,2026-06-16,2026-06-17,BULL,80.0,80.0,1.593,1.732,0.485,0.99,0.297,0,124.73,3193.0,3286.0,3185.7,3248.3,V6_EOD_NO_CAP,TECH
TCS,2026-06-18,2026-06-19,BULL,80.0,85.0,3.613,0.95,-4.461,0.79,-1.0,1,55.13,2093.52,2126.34,2048.67,2113.41,V6_EOD_NO_CAP,IT
WIPRO,2026-06-18,2026-06-19,BULL,80.0,80.0,1.486,2.286,-3.325,1.32,0.855,0,4.78,176.76,181.48,174.89,180.8,V6_EOD_NO_CAP,IT
TECHM,2026-06-18,2026-06-19,BULL,80.0,85.0,2.94,4.415,-6.749,2.16,1.402,0,40.5,1315.81,1381.3,1309.96,1373.9,V6_EOD_NO_CAP,IT
MARUTI,2026-06-24,2026-06-25,NEUTRAL,80.0,85.0,2.408,2.897,0.83,2.65,1.721,0,278.72,13225.18,13778.62,13193.5,13608.33,V6_EOD_NO_CAP,AUTO
KAYNES,2026-06-24,2026-06-25,NEUTRAL,80.0,85.0,2.717,1.231,0.684,1.75,1.137,0,122.71,3225.0,3386.0,3212.0,3264.7,V6_EOD_NO_CAP,TECH
BRITANNIA,2026-06-30,2026-07-01,NEUTRAL,100.0,85.0,1.765,2.244,0.0,2.09,1.355,0,82.81,5146.5,5276.0,5115.0,5262.0,V6_EOD_NO_CAP,FMCG
KOTAKBANK,2026-06-30,2026-07-01,NEUTRAL,80.0,80.0,1.487,0.78,1.3,0.7,-1.0,1,7.67,396.67,400.71,392.57,399.76,V6_EOD_NO_CAP,BANK
HINDUNILVR,2026-06-30,2026-07-01,NEUTRAL,80.0,85.0,2.04,2.273,0.722,1.95,1.266,0,38.67,2133.5,2190.0,2120.2,2182.0,V6_EOD_NO_CAP,FMCG
DABUR,2026-06-30,2026-07-01,NEUTRAL,80.0,85.0,5.609,5.167,0.166,4.09,3.0,0,7.75,417.48,441.28,417.24,439.05,V6_EOD_NO_CAP,FMCG
MPHASIS,2026-07-02,2026-07-03,BULL,80.0,85.0,2.344,1.127,1.14,1.14,0.741,0,68.3,2211.71,2270.14,2208.78,2236.64,V6_EOD_NO_CAP,IT
KOTAKBANK,2026-07-08,2026-07-09,BEAR,80.0,80.0,1.477,1.521,0.378,1.03,0.669,0,8.34,370.86,377.3,367.77,376.5,V6_EOD_NO_CAP,BANK
RELIANCE,2026-07-08,2026-07-09,BEAR,80.0,80.0,1.256,0.211,0.094,1.12,0.727,0,23.13,1277.1,1296.5,1274.2,1279.8,V6_EOD_NO_CAP,ENERGY
TCS,2026-07-10,2026-07-13,NEUTRAL,80.0,85.0,2.663,5.133,0.29,2.84,1.848,0,60.58,2063.68,2192.88,2053.84,2169.6,V6_EOD_NO_CAP,IT
SBIN,2026-07-14,2026-07-15,NEUTRAL,80.0,80.0,1.403,1.438,0.01,1.41,0.915,0,19.42,1015.5,1036.0,1013.7,1030.1,V6_EOD_NO_CAP,BANK
BPCL,2026-07-14,2026-07-15,NEUTRAL,80.0,80.0,1.376,1.176,0.213,0.88,0.242,0,7.77,306.0,311.15,306.0,309.6,V6_EOD_NO_CAP,ENERGY
POWERGRID,2026-07-16,2026-07-17,NEUTRAL,100.0,85.0,1.391,0.997,0.0,0.96,0.281,0,4.99,280.75,284.35,279.65,283.55,V6_EOD_NO_CAP,ENERGY
AXISBANK,2026-07-16,2026-07-17,NEUTRAL,80.0,85.0,2.033,1.645,-0.046,1.3,0.844,0,26.7,1307.0,1333.0,1305.0,1328.5,V6_EOD_NO_CAP,BANK
RELIANCE,2026-07-16,2026-07-17,NEUTRAL,80.0,80.0,1.512,2.092,0.262,1.83,1.19,0,22.07,1300.0,1330.3,1296.1,1327.2,V6_EOD_NO_CAP,ENERGY
WIPRO,2026-07-16,2026-07-17,NEUTRAL,80.0,80.0,1.452,1.412,-2.357,0.91,0.256,0,3.97,173.55,176.26,173.55,176.0,V6_EOD_NO_CAP,IT
JSWSTEEL,2026-07-16,2026-07-17,NEUTRAL,80.0,85.0,2.136,1.335,0.0,1.26,0.817,0,24.3,1221.0,1243.9,1218.0,1237.3,V6_EOD_NO_CAP,METAL
AXISBANK,2026-07-20,2026-07-21,NEUTRAL,80.0,80.0,1.811,1.06,-0.876,0.99,0.295,0,30.55,1245.0,1267.7,1244.5,1258.2,V6_EOD_NO_CAP,BANK
DRREDDY,2026-07-22,2026-07-23,NEUTRAL,80.0,80.0,1.995,5.931,-6.916,3.13,2.031,0,30.12,1101.0,1171.6,1101.0,1166.3,V6_EOD_NO_CAP,PHARMA
HEROMOTOCO,2026-07-22,2026-07-23,NEUTRAL,80.0,85.0,2.908,3.744,-0.0,2.85,1.853,0,97.35,4914.81,5122.94,4907.91,5098.8,V6_EOD_NO_CAP,AUTO
ITC,2026-07-22,2026-07-23,NEUTRAL,80.0,80.0,1.768,0.482,-0.303,1.32,0.861,0,4.08,279.95,284.0,279.65,281.3,V6_EOD_NO_CAP,FMCG
CHOLAFIN,2026-07-24,2026-07-27,BEAR,80.0,80.0,1.742,2.362,1.137,1.76,1.141,0,45.95,1744.0,1804.5,1743.8,1785.2,V6_EOD_NO_CAP,FINSERV
LUPIN,2026-07-24,2026-07-27,BEAR,80.0,80.0,1.528,1.645,0.021,1.54,1.002,0,52.84,2371.0,2432.1,2368.1,2410.0,V6_EOD_NO_CAP,PHARMA
HINDUNILVR,2026-07-28,2026-07-29,BEAR,80.0,85.0,2.485,3.282,1.374,2.05,1.335,0,47.08,2050.5,2123.0,2047.0,2117.8,V6_EOD_NO_CAP,FMCG
DABUR,2026-07-28,2026-07-29,BEAR,80.0,80.0,1.258,1.474,0.659,1.28,0.832,0,8.23,427.4,435.3,427.0,433.7,V6_EOD_NO_CAP,FMCG
TRENT,2026-07-28,2026-07-29,BEAR,80.0,80.0,1.256,2.218,0.317,1.28,0.834,0,72.85,2940.0,3010.1,2916.5,3005.2,V6_EOD_NO_CAP,CONS
LT,2026-07-28,2026-07-29,BEAR,80.0,80.0,1.647,0.924,1.654,1.71,1.114,0,64.44,3895.4,3978.2,3891.1,3931.4,V6_EOD_NO_CAP,INFRA
KAYNES,2026-07-28,2026-07-29,BEAR,80.0,85.0,8.396,11.238,1.342,5.42,1.875,0,101.79,3271.0,3685.0,3270.2,3638.6,V6_EOD_NO_CAP,TECH
ADANIPORTS,2026-07-30,2026-07-31,BULL,80.0,85.0,2.016,1.344,0.595,1.11,0.719,1,41.1,1674.0,1708.1,1650.0,1696.5,V6_EOD_NO_CAP,INFRA
BEL,2026-07-30,2026-07-31,BULL,80.0,80.0,1.275,0.74,0.026,0.99,0.293,0,7.57,384.48,390.07,384.48,387.32,V6_EOD_NO_CAP,INFRA
RELIANCE,2026-08-05,2026-08-06,BULL,80.0,80.0,1.813,3.113,0.391,2.4,1.563,0,22.29,1285.0,1325.2,1281.2,1325.0,V6_EOD_NO_CAP,ENERGY
BHARTIARTL,2026-08-11,2026-08-12,NEUTRAL,80.0,80.0,1.791,1.907,-0.345,1.42,0.922,0,34.21,1908.6,1945.0,1901.3,1945.0,V6_EOD_NO_CAP,TELECOM
BPCL,2026-08-13,2026-08-14,NEUTRAL,80.0,80.0,1.76,1.461,-0.048,0.9,0.25,0,6.82,314.85,319.45,314.05,319.45,V6_EOD_NO_CAP,ENERGY
ADANIENT,2026-08-13,2026-08-14,NEUTRAL,80.0,80.0,1.699,2.364,0.003,1.62,1.05,0,68.5,2965.0,3048.0,2950.0,3035.1,V6_EOD_NO_CAP,ENERGY
ITC,2026-08-19,2026-08-20,BEAR,80.0,85.0,2.492,1.286,0.431,1.05,0.683,1,4.38,268.2,271.65,265.0,271.65,V6_EOD_NO_CAP,FMCG
SUNPHARMA,2026-08-21,2026-08-24,NEUTRAL,80.0,80.0,1.53,0.399,0.0,0.86,0.231,0,31.87,1902.4,1923.0,1892.6,1910.0,V6_EOD_NO_CAP,PHARMA
TATASTEEL,2026-08-21,2026-08-24,NEUTRAL,80.0,80.0,1.717,1.168,0.628,0.78,0.192,0,3.66,184.15,186.3,183.06,186.3,V6_EOD_NO_CAP,METAL
TATASTEEL,2026-08-25,2026-08-26,NEUTRAL,100.0,85.0,1.411,0.815,-0.241,1.27,0.823,1,3.64,186.49,189.95,184.29,188.01,V6_EOD_NO_CAP,METAL
HCLTECH,2026-08-27,2026-08-28,BEAR,80.0,85.0,2.317,2.023,0.624,1.99,1.291,0,29.67,1290.0,1334.2,1290.0,1316.1,V6_EOD_NO_CAP,IT
HDFCBANK,2026-08-31,2026-09-01,BEAR,80.0,80.0,1.689,0.972,-0.557,1.13,0.733,1,12.29,705.05,715.45,698.5,711.9,V6_EOD_NO_CAP,BANK
ADANIPORTS,2026-08-31,2026-09-01,BEAR,80.0,80.0,1.537,1.385,2.002,1.12,0.73,0,36.34,1625.0,1655.6,1625.0,1647.5,V6_EOD_NO_CAP,INFRA
ITC,2026-08-31,2026-09-01,BEAR,80.0,85.0,2.198,1.95,2.348,1.91,1.241,0,4.68,261.5,268.2,261.5,266.6,V6_EOD_NO_CAP,FMCG
GODREJPROP,2026-09-02,2026-09-03,BEAR,80.0,85.0,2.551,1.909,-0.34,2.16,1.402,0,57.3,1964.0,2056.7,1960.0,2001.5,V6_EOD_NO_CAP,REALTY
DRREDDY,2025-10-01,2025-10-03,BEAR,80.0,80.0,1.385,0.338,-0.064,1.15,0.745,0,24.84,1236.06,1257.43,1232.19,1240.23,V7_NOCAP_RELAXED_OI,PHARMA
DIVISLAB,2025-10-01,2025-10-03,BEAR,80.0,80.0,1.497,1.849,0.867,1.92,1.251,0,119.54,5759.5,5932.0,5746.0,5866.0,V7_NOCAP_RELAXED_OI,PHARMA
COALINDIA,2025-10-06,2025-10-07,BULL,80.0,80.0,1.464,0.182,0.55,1.22,0.796,0,5.18,368.99,373.75,368.8,369.66,V7_NOCAP_RELAXED_OI,ENERGY
LODHA,2025-10-06,2025-10-07,BULL,80.0,85.0,5.86,2.415,0.26,1.59,1.033,1,28.68,1118.0,1152.2,1098.8,1145.0,V7_NOCAP_RELAXED_OI,REALTY
ICICIGI,2025-10-14,2025-10-15,NEUTRAL,80.0,85.0,12.316,6.607,2.173,5.12,3.0,0,37.46,1881.82,2025.7,1881.82,2006.14,V7_NOCAP_RELAXED_OI,FINSERV
NESTLEIND,2025-10-14,2025-10-15,NEUTRAL,80.0,85.0,2.251,3.905,0.0,3.27,2.126,0,19.97,1163.59,1212.59,1163.59,1209.03,V7_NOCAP_RELAXED_OI,FMCG
COALINDIA,2025-10-29,2025-10-30,BULL,80.0,85.0,2.269,1.24,0.249,1.33,0.866,1,5.77,367.98,373.75,364.48,372.55,V7_NOCAP_RELAXED_OI,ENERGY
DLF,2025-10-31,2025-11-03,NEUTRAL,80.0,80.0,1.785,2.94,-0.165,2.73,1.776,0,14.22,745.64,774.77,743.02,767.56,V7_NOCAP_RELAXED_OI,REALTY
DABUR,2025-10-31,2025-11-03,NEUTRAL,80.0,80.0,1.703,3.114,0.113,2.22,1.446,0,9.62,479.32,495.37,476.86,494.25,V7_NOCAP_RELAXED_OI,FMCG
ADANIENT,2025-11-06,2025-11-07,BEAR,80.0,85.0,2.153,2.35,0.03,1.9,1.233,0,61.49,2313.97,2401.43,2290.38,2368.34,V7_NOCAP_RELAXED_OI,ENERGY
HINDALCO,2025-11-06,2025-11-07,BEAR,80.0,80.0,1.36,0.241,0.013,0.97,0.283,0,19.35,784.41,798.43,778.94,786.3,V7_NOCAP_RELAXED_OI,METAL
TRENT,2025-11-10,2025-11-11,BEAR,80.0,80.0,1.672,0.484,0.264,0.85,0.224,0,109.95,4288.66,4358.56,4256.81,4309.43,V7_NOCAP_RELAXED_OI,CONS
KOTAKBANK,2025-11-14,2025-11-17,BULL,80.0,85.0,2.314,0.377,0.736,1.0,0.651,0,6.62,418.28,423.25,417.76,419.86,V7_NOCAP_RELAXED_OI,BANK
EICHERMOT,2025-11-14,2025-11-17,BULL,80.0,80.0,1.517,1.025,0.523,0.77,0.187,0,135.97,6730.0,6809.0,6675.0,6799.0,V7_NOCAP_RELAXED_OI,AUTO
MPHASIS,2025-11-20,2025-11-21,BULL,80.0,85.0,2.038,0.446,-0.201,0.77,0.184,0,71.54,2663.49,2704.69,2642.65,2675.37,V7_NOCAP_RELAXED_OI,IT
BAJFINANCE,2025-11-26,2025-11-27,BULL,80.0,80.0,1.827,1.792,0.485,1.7,1.106,0,22.83,1009.4,1038.52,1004.72,1027.48,V7_NOCAP_RELAXED_OI,FINSERV
ITC,2025-11-28,2025-12-01,BULL,80.0,80.0,1.636,0.36,-0.359,0.78,-1.0,1,4.42,384.07,386.64,379.68,385.45,V7_NOCAP_RELAXED_OI,FMCG
SBIN,2025-12-04,2025-12-05,NEUTRAL,80.0,80.0,1.602,2.387,0.079,2.26,1.47,0,14.16,932.05,956.07,929.94,954.3,V7_NOCAP_RELAXED_OI,BANK
ADANIENT,2025-12-04,2025-12-05,NEUTRAL,80.0,80.0,1.547,2.142,-0.0,1.13,0.732,0,59.97,2216.91,2267.59,2201.92,2264.39,V7_NOCAP_RELAXED_OI,ENERGY
DLF,2025-12-08,2025-12-09,BEAR,80.0,80.0,1.411,0.811,-0.429,1.32,0.858,0,14.47,676.01,690.33,671.07,681.49,V7_NOCAP_RELAXED_OI,REALTY
GODREJPROP,2025-12-08,2025-12-09,BEAR,80.0,85.0,2.969,3.706,-0.258,1.95,1.271,0,55.25,1960.52,2041.53,1942.61,2033.17,V7_NOCAP_RELAXED_OI,REALTY
TRENT,2025-12-08,2025-12-09,BEAR,80.0,85.0,2.414,0.884,-1.0,1.11,0.725,1,81.81,4043.62,4112.02,3982.12,4079.37,V7_NOCAP_RELAXED_OI,CONS
BEL,2025-12-08,2025-12-09,BEAR,80.0,80.0,1.664,1.143,-0.349,0.87,0.237,0,9.04,383.42,389.34,378.94,387.8,V7_NOCAP_RELAXED_OI,INFRA
TATASTEEL,2025-12-10,2025-12-11,BEAR,100.0,85.0,1.767,1.761,0.783,1.29,0.842,0,3.19,160.2,163.29,159.87,163.02,V7_NOCAP_RELAXED_OI,METAL
PERSISTENT,2025-12-10,2025-12-11,BEAR,80.0,80.0,1.572,2.69,0.133,1.7,1.107,0,146.69,6019.91,6207.23,5997.49,6181.83,V7_NOCAP_RELAXED_OI,IT
DIXON,2025-12-10,2025-12-11,BEAR,80.0,85.0,4.224,5.175,-0.016,2.02,1.312,0,449.71,12349.0,13030.0,12130.0,12988.0,V7_NOCAP_RELAXED_OI,TECH
KAYNES,2025-12-10,2025-12-11,BEAR,80.0,80.0,1.833,3.258,0.604,0.87,0.234,0,330.36,3914.0,4129.0,3830.0,4041.5,V7_NOCAP_RELAXED_OI,TECH
AXISBANK,2025-12-16,2025-12-17,NEUTRAL,80.0,80.0,1.386,0.336,0.082,0.95,0.274,0,21.66,1219.66,1235.05,1219.36,1223.76,V7_NOCAP_RELAXED_OI,BANK
EICHERMOT,2025-12-16,2025-12-17,NEUTRAL,80.0,80.0,1.395,0.429,0.602,0.75,0.175,0,129.03,7104.0,7176.5,7080.5,7134.5,V7_NOCAP_RELAXED_OI,AUTO
ITC,2025-12-18,2025-12-19,NEUTRAL,100.0,85.0,1.304,0.2,-0.037,0.76,0.181,0,4.0,381.64,383.93,381.64,382.4,V7_NOCAP_RELAXED_OI,FMCG
POWERGRID,2025-12-18,2025-12-19,NEUTRAL,80.0,80.0,1.961,2.093,0.039,1.89,1.229,0,4.11,255.19,261.02,255.09,260.53,V7_NOCAP_RELAXED_OI,ENERGY
DIVISLAB,2025-12-18,2025-12-19,NEUTRAL,80.0,85.0,3.701,1.069,0.47,2.06,1.342,0,121.46,6410.0,6598.0,6408.5,6478.5,V7_NOCAP_RELAXED_OI,PHARMA
ABB,2025-12-18,2025-12-19,NEUTRAL,80.0,85.0,2.238,1.391,0.167,1.21,0.789,0,93.53,5085.2,5170.35,5079.23,5155.91,V7_NOCAP_RELAXED_OI,MFNG
CHOLAFIN,2025-12-22,2025-12-23,BULL,80.0,85.0,4.14,4.579,1.268,3.07,1.998,0,46.96,1603.17,1711.45,1593.98,1676.59,V7_NOCAP_RELAXED_OI,FINSERV
TATASTEEL,2025-12-26,2025-12-29,NEUTRAL,80.0,85.0,2.222,1.646,0.231,2.07,1.349,0,2.91,166.08,170.61,165.87,168.82,V7_NOCAP_RELAXED_OI,METAL
ONGC,2025-12-30,2025-12-31,NEUTRAL,80.0,80.0,1.944,2.424,0.004,2.33,1.517,0,3.52,229.29,235.46,229.22,234.85,V7_NOCAP_RELAXED_OI,ENERGY
HINDUNILVR,2025-12-30,2025-12-31,NEUTRAL,80.0,80.0,1.328,1.131,-0.009,1.49,0.967,0,31.5,2266.94,2302.08,2263.77,2292.58,V7_NOCAP_RELAXED_OI,FMCG
DABUR,2025-12-30,2025-12-31,NEUTRAL,80.0,85.0,2.273,1.737,-0.131,2.75,1.79,0,7.12,488.66,503.37,488.56,497.15,V7_NOCAP_RELAXED_OI,FMCG
DIXON,2025-12-30,2025-12-31,NEUTRAL,80.0,80.0,1.323,2.075,0.756,1.07,0.698,0,475.78,11856.0,12239.0,11755.0,12102.0,V7_NOCAP_RELAXED_OI,TECH
ONGC,2026-01-05,2026-01-06,BULL,80.0,80.0,1.329,1.596,0.0,1.3,0.847,0,4.27,232.62,236.79,232.62,236.33,V7_NOCAP_RELAXED_OI,ENERGY
TCS,2026-01-05,2026-01-06,BULL,80.0,80.0,1.416,1.427,-0.19,1.61,1.048,0,42.39,3093.55,3144.82,3088.73,3137.69,V7_NOCAP_RELAXED_OI,IT
HCLTECH,2026-01-05,2026-01-06,BULL,80.0,80.0,1.317,1.0,-0.454,1.19,0.771,0,27.85,1543.19,1567.97,1540.3,1558.62,V7_NOCAP_RELAXED_OI,IT
ABB,2026-01-05,2026-01-06,BULL,80.0,80.0,1.615,1.083,0.0,1.39,0.904,0,82.11,5147.45,5233.1,5139.48,5203.22,V7_NOCAP_RELAXED_OI,MFNG
INFY,2026-01-13,2026-01-14,BEAR,80.0,80.0,1.414,0.743,-0.688,1.37,0.891,0,27.62,1554.36,1582.75,1549.57,1565.91,V7_NOCAP_RELAXED_OI,IT
IDFCFIRSTB,2026-01-21,2026-01-22,BEAR,80.0,80.0,1.641,2.683,0.601,1.89,1.227,0,1.75,81.76,84.23,81.66,83.95,V7_NOCAP_RELAXED_OI,BANK
BRITANNIA,2026-01-21,2026-01-22,BEAR,80.0,80.0,1.335,1.402,0.819,1.59,1.03,0,105.13,5850.0,5975.0,5819.0,5932.0,V7_NOCAP_RELAXED_OI,FMCG
BPCL,2026-01-27,2026-01-28,BEAR,80.0,85.0,2.197,0.513,0.867,0.78,0.189,0,8.99,350.61,355.86,347.59,352.41,V7_NOCAP_RELAXED_OI,ENERGY
IOC,2026-01-27,2026-01-28,BEAR,80.0,80.0,1.693,2.421,0.063,1.91,1.242,0,3.45,157.02,161.96,156.57,160.82,V7_NOCAP_RELAXED_OI,ENERGY
POWERGRID,2026-01-27,2026-01-28,BEAR,80.0,80.0,1.304,2.283,-0.138,1.85,1.199,0,4.82,251.18,257.86,251.18,256.92,V7_NOCAP_RELAXED_OI,ENERGY
M&M,2026-01-27,2026-01-28,BEAR,80.0,80.0,1.836,2.078,-0.427,1.3,0.845,0,79.06,3343.88,3420.97,3340.92,3413.35,V7_NOCAP_RELAXED_OI,AUTO
ITC,2026-01-27,2026-01-28,BEAR,80.0,80.0,1.44,0.375,0.408,0.78,0.189,0,6.13,305.07,308.65,304.5,306.22,V7_NOCAP_RELAXED_OI,FMCG
HAL,2026-01-27,2026-01-28,BEAR,80.0,85.0,2.162,5.812,0.494,3.66,1.875,0,97.11,4333.99,4600.38,4325.56,4585.9,V7_NOCAP_RELAXED_OI,INFRA
M&M,2026-01-29,2026-01-30,NEUTRAL,80.0,80.0,1.898,4.532,-2.996,2.64,1.716,0,84.69,3248.88,3416.52,3248.68,3396.14,V7_NOCAP_RELAXED_OI,AUTO
ITC,2026-01-29,2026-01-30,NEUTRAL,80.0,85.0,2.062,1.051,0.063,1.37,0.888,0,5.91,303.97,310.03,301.73,307.17,V7_NOCAP_RELAXED_OI,FMCG
HINDUNILVR,2026-01-29,2026-01-30,NEUTRAL,80.0,80.0,1.513,1.367,-0.493,1.27,0.824,0,45.81,2317.43,2360.99,2316.44,2349.11,V7_NOCAP_RELAXED_OI,FMCG
NESTLEIND,2026-01-29,2026-01-30,NEUTRAL,80.0,85.0,5.53,3.608,-0.148,3.0,1.949,0,23.59,1272.97,1326.03,1270.01,1318.9,V7_NOCAP_RELAXED_OI,FMCG
TITAN,2026-01-29,2026-01-30,NEUTRAL,80.0,80.0,1.844,0.821,0.135,0.86,0.231,0,77.15,3932.1,3981.93,3897.01,3964.39,V7_NOCAP_RELAXED_OI,CONS
KOTAKBANK,2026-02-02,2026-02-03,NEUTRAL,80.0,80.0,1.746,0.193,1.666,1.6,1.042,1,8.31,414.28,424.27,409.59,415.08,V7_NOCAP_RELAXED_OI,BANK
TRENT,2026-02-04,2026-02-05,BULL,80.0,85.0,3.736,3.974,-0.977,1.44,0.933,1,104.47,2645.02,2757.53,2571.53,2750.14,V7_NOCAP_RELAXED_OI,CONS
KAYNES,2026-02-06,2026-02-09,BULL,80.0,80.0,1.575,4.746,1.749,1.35,0.881,0,201.06,3765.0,3969.3,3757.8,3943.7,V7_NOCAP_RELAXED_OI,TECH
INFY,2026-02-12,2026-02-13,BULL,80.0,85.0,3.547,5.812,-6.645,2.5,1.625,0,43.54,1266.49,1348.13,1254.36,1340.1,V7_NOCAP_RELAXED_OI,IT
TCS,2026-02-12,2026-02-13,BULL,80.0,85.0,2.28,4.147,-6.003,2.1,1.368,0,79.59,2536.51,2662.11,2536.51,2641.7,V7_NOCAP_RELAXED_OI,IT
HCLTECH,2026-02-12,2026-02-13,BULL,80.0,85.0,2.04,2.263,-3.597,1.69,1.098,1,41.25,1382.16,1434.41,1355.93,1413.43,V7_NOCAP_RELAXED_OI,IT
WIPRO,2026-02-12,2026-02-13,BULL,80.0,80.0,1.409,1.633,-3.848,1.17,0.763,0,6.62,210.65,216.48,209.01,214.09,V7_NOCAP_RELAXED_OI,IT
TECHM,2026-02-12,2026-02-13,BULL,80.0,85.0,3.033,3.494,-3.514,1.79,1.166,0,47.37,1445.05,1508.79,1427.31,1495.54,V7_NOCAP_RELAXED_OI,IT
COFORGE,2026-02-12,2026-02-13,BULL,80.0,85.0,5.264,0.177,-4.369,0.78,0.188,0,56.84,1359.4,1392.5,1334.0,1361.8,V7_NOCAP_RELAXED_OI,IT
PERSISTENT,2026-02-12,2026-02-13,BULL,80.0,85.0,2.506,5.163,-4.439,2.14,1.392,0,205.47,5210.0,5540.0,5210.0,5479.0,V7_NOCAP_RELAXED_OI,IT
MPHASIS,2026-02-12,2026-02-13,BULL,80.0,85.0,2.734,2.965,-3.101,1.72,1.119,0,85.66,2325.26,2435.89,2293.71,2394.21,V7_NOCAP_RELAXED_OI,IT
INFY,2026-02-16,2026-02-17,NEUTRAL,80.0,80.0,1.461,1.547,0.322,1.7,1.102,0,46.96,1340.98,1400.69,1338.05,1361.73,V7_NOCAP_RELAXED_OI,IT
WIPRO,2026-02-16,2026-02-17,NEUTRAL,80.0,80.0,1.425,1.139,0.0,1.19,0.774,0,6.86,213.26,219.39,212.26,215.69,V7_NOCAP_RELAXED_OI,IT
BPCL,2026-02-20,2026-02-23,NEUTRAL,80.0,80.0,1.856,0.568,1.01,0.97,0.284,0,9.22,370.0,376.7,366.65,372.1,V7_NOCAP_RELAXED_OI,ENERGY
ICICIBANK,2026-02-24,2026-02-25,BEAR,80.0,80.0,1.41,0.625,0.505,0.94,0.271,0,22.08,1391.8,1407.4,1388.2,1400.5,V7_NOCAP_RELAXED_OI,BANK
HCLTECH,2026-02-24,2026-02-25,BEAR,80.0,80.0,1.417,1.712,1.18,1.04,0.678,0,45.19,1316.11,1351.46,1315.14,1338.64,V7_NOCAP_RELAXED_OI,IT
MARUTI,2026-02-24,2026-02-25,BEAR,80.0,80.0,1.35,1.413,-0.442,1.18,0.77,0,307.18,14860.0,15133.0,14837.0,15070.0,V7_NOCAP_RELAXED_OI,AUTO
HEROMOTOCO,2026-02-24,2026-02-25,BEAR,80.0,85.0,2.254,4.11,0.0,3.11,1.875,0,141.03,5511.0,5840.0,5500.5,5737.5,V7_NOCAP_RELAXED_OI,AUTO
TRENT,2026-02-26,2026-02-27,NEUTRAL,80.0,80.0,1.647,1.128,-0.0,0.81,0.206,0,80.84,2566.87,2616.13,2556.22,2595.83,V7_NOCAP_RELAXED_OI,CONS
DIXON,2026-02-26,2026-02-27,NEUTRAL,80.0,85.0,2.636,4.176,-0.099,1.7,1.103,0,403.82,10106.0,10620.0,10085.0,10528.0,V7_NOCAP_RELAXED_OI,TECH
RELIANCE,2026-03-04,2026-03-05,BEAR,80.0,80.0,1.834,2.683,0.602,1.99,1.293,0,30.62,1346.87,1392.56,1346.87,1383.01,V7_NOCAP_RELAXED_OI,ENERGY
BPCL,2026-03-04,2026-03-05,BEAR,80.0,80.0,1.526,1.037,0.07,0.75,-1.0,1,10.46,356.65,362.5,351.1,360.35,V7_NOCAP_RELAXED_OI,ENERGY
IOC,2026-03-04,2026-03-05,BEAR,80.0,80.0,1.702,0.316,0.329,1.21,0.79,0,4.79,168.87,173.24,167.17,169.4,V7_NOCAP_RELAXED_OI,ENERGY
ADANIPORTS,2026-03-04,2026-03-05,BEAR,80.0,80.0,1.57,3.6,0.892,1.73,1.122,0,44.84,1441.13,1499.18,1441.13,1493.01,V7_NOCAP_RELAXED_OI,INFRA
HINDALCO,2026-03-04,2026-03-05,BEAR,80.0,85.0,3.285,2.683,0.89,2.49,1.616,0,28.54,925.17,978.4,921.59,949.99,V7_NOCAP_RELAXED_OI,METAL
DLF,2026-03-04,2026-03-05,BEAR,80.0,80.0,1.928,2.397,0.422,1.29,0.84,0,18.24,564.36,582.04,564.36,577.89,V7_NOCAP_RELAXED_OI,REALTY
HAL,2026-03-04,2026-03-05,BEAR,80.0,80.0,1.314,0.563,-0.175,0.88,0.24,0,119.65,3870.0,3949.0,3840.9,3891.8,V7_NOCAP_RELAXED_OI,INFRA
LT,2026-03-04,2026-03-05,BEAR,80.0,80.0,1.479,2.918,1.071,1.76,1.143,0,111.65,3886.24,4033.5,3871.09,3999.63,V7_NOCAP_RELAXED_OI,INFRA
RELIANCE,2026-03-06,2026-03-09,BEAR,100.0,85.0,1.468,3.564,-2.121,2.23,1.446,0,32.44,1368.67,1422.82,1363.69,1417.45,V7_NOCAP_RELAXED_OI,ENERGY
NESTLEIND,2026-03-06,2026-03-09,BEAR,100.0,85.0,1.479,0.717,-2.028,0.76,0.182,0,27.07,1221.13,1236.66,1211.58,1229.89,V7_NOCAP_RELAXED_OI,FMCG
BAJFINANCE,2026-03-06,2026-03-09,BEAR,80.0,80.0,1.334,1.763,-2.989,1.09,0.707,1,23.5,916.17,935.35,903.5,932.32,V7_NOCAP_RELAXED_OI,FINSERV
IOC,2026-03-06,2026-03-09,BEAR,80.0,80.0,1.826,2.038,-6.332,1.12,0.728,0,4.88,156.03,160.13,154.35,159.21,V7_NOCAP_RELAXED_OI,ENERGY
ADANIPORTS,2026-03-06,2026-03-09,BEAR,80.0,85.0,2.022,1.16,-4.907,0.91,0.254,0,45.45,1399.1,1430.07,1399.1,1415.34,V7_NOCAP_RELAXED_OI,INFRA
GODREJPROP,2026-03-06,2026-03-09,BEAR,80.0,80.0,1.765,2.179,-3.407,0.82,0.211,0,67.56,1602.75,1644.45,1582.85,1637.68,V7_NOCAP_RELAXED_OI,REALTY
BRITANNIA,2026-03-12,2026-03-13,BEAR,80.0,85.0,2.135,1.017,-0.639,1.38,0.9,0,126.19,5750.0,5881.0,5727.0,5808.5,V7_NOCAP_RELAXED_OI,FMCG
FEDERALBNK,2026-03-16,2026-03-17,BEAR,80.0,80.0,1.26,0.233,-0.06,0.88,0.238,0,29.71,2129.52,2149.03,2129.52,2134.47,V7_NOCAP_RELAXED_OI,BANK
MARUTI,2026-03-16,2026-03-17,BEAR,80.0,80.0,1.82,1.423,0.259,0.98,0.291,0,420.9,12790.0,13100.0,12686.0,12972.0,V7_NOCAP_RELAXED_OI,AUTO
HCLTECH,2026-03-20,2026-03-23,NEUTRAL,80.0,85.0,2.006,3.331,-1.417,1.68,1.089,0,38.79,1277.06,1325.82,1272.4,1319.61,V7_NOCAP_RELAXED_OI,IT
TECHM,2026-03-20,2026-03-23,NEUTRAL,80.0,80.0,1.91,1.318,-1.358,1.46,0.947,0,43.33,1331.4,1378.77,1323.21,1348.94,V7_NOCAP_RELAXED_OI,IT
PERSISTENT,2026-03-20,2026-03-23,NEUTRAL,80.0,80.0,1.782,0.761,-0.592,0.74,0.168,0,201.94,4688.8,4800.4,4639.3,4724.5,V7_NOCAP_RELAXED_OI,IT
SIEMENS,2026-03-20,2026-03-23,NEUTRAL,80.0,80.0,1.741,0.153,1.893,0.76,0.178,0,26.57,1828.28,1843.34,1828.28,1831.07,V7_NOCAP_RELAXED_OI,MFNG
AXISBANK,2026-03-24,2026-03-25,BEAR,80.0,80.0,1.255,1.842,0.612,1.52,0.986,0,34.26,1199.08,1238.05,1197.08,1221.16,V7_NOCAP_RELAXED_OI,BANK
KOTAKBANK,2026-03-24,2026-03-25,BEAR,80.0,80.0,1.957,0.583,0.572,1.27,0.824,1,9.5,368.31,377.35,362.37,370.46,V7_NOCAP_RELAXED_OI,BANK
BAJFINANCE,2026-03-24,2026-03-25,BEAR,80.0,80.0,1.292,2.401,1.537,1.17,0.761,0,30.28,856.78,883.37,848.09,877.36,V7_NOCAP_RELAXED_OI,FINSERV
HCLTECH,2026-03-24,2026-03-25,BEAR,80.0,80.0,1.364,2.47,-1.842,2.08,1.353,0,39.45,1309.31,1370.89,1309.31,1341.65,V7_NOCAP_RELAXED_OI,IT
BHARTIARTL,2026-03-24,2026-03-25,BEAR,80.0,80.0,1.409,1.152,0.66,1.09,0.708,0,43.06,1814.0,1849.2,1810.1,1834.9,V7_NOCAP_RELAXED_OI,TELECOM
TITAN,2026-03-24,2026-03-25,BEAR,80.0,80.0,1.346,2.261,1.295,1.7,1.104,0,115.01,3937.08,4083.6,3927.61,4026.09,V7_NOCAP_RELAXED_OI,CONS
KAYNES,2026-03-24,2026-03-25,BEAR,80.0,85.0,2.199,4.582,1.158,1.77,1.15,0,168.22,3555.0,3778.3,3550.0,3717.9,V7_NOCAP_RELAXED_OI,TECH
TATAMOTORS,2026-03-26,2026-03-27,BEAR,100.0,90.0,5.951,0.376,-1.355,0.69,-1.0,1,21.04,421.24,432.12,402.56,422.83,V7_NOCAP_RELAXED_OI,AUTO
PERSISTENT,2026-03-26,2026-03-27,BEAR,80.0,80.0,1.267,0.406,-0.99,0.74,0.168,0,194.31,4880.0,4987.4,4851.1,4899.8,V7_NOCAP_RELAXED_OI,IT
TCS,2026-04-01,2026-04-02,NEUTRAL,80.0,80.0,1.278,2.712,-0.922,1.69,1.098,0,65.0,2341.24,2423.57,2331.14,2404.73,V7_NOCAP_RELAXED_OI,IT
SUNPHARMA,2026-04-01,2026-04-02,NEUTRAL,80.0,80.0,1.435,1.718,-3.674,1.2,0.779,1,38.82,1660.65,1695.56,1615.77,1689.17,V7_NOCAP_RELAXED_OI,PHARMA
DRREDDY,2026-04-01,2026-04-02,NEUTRAL,80.0,80.0,1.826,2.509,-1.827,1.3,0.845,1,35.77,1180.02,1214.9,1160.14,1209.63,V7_NOCAP_RELAXED_OI,PHARMA
DLF,2026-04-01,2026-04-02,NEUTRAL,80.0,80.0,1.445,4.242,-1.717,1.59,1.033,1,19.44,494.79,517.95,483.33,515.77,V7_NOCAP_RELAXED_OI,REALTY
TRENT,2026-04-03,2026-04-06,BEAR,100.0,90.0,4.43,5.466,2.374,2.23,1.45,0,93.33,2419.69,2575.86,2419.69,2551.96,V7_NOCAP_RELAXED_OI,CONS
KAYNES,2026-04-03,2026-04-06,BEAR,100.0,85.0,1.448,4.47,0.28,1.3,0.845,0,180.5,3547.9,3723.9,3460.0,3706.5,V7_NOCAP_RELAXED_OI,TECH
WIPRO,2026-04-03,2026-04-06,BEAR,80.0,80.0,1.273,0.147,1.072,1.03,0.671,0,5.4,197.0,201.18,196.11,197.29,V7_NOCAP_RELAXED_OI,IT
GODREJPROP,2026-04-03,2026-04-06,BEAR,80.0,80.0,1.916,4.463,0.577,1.52,0.99,0,65.33,1509.7,1584.34,1486.61,1577.08,V7_NOCAP_RELAXED_OI,REALTY
HEROMOTOCO,2026-04-09,2026-04-10,BULL,80.0,80.0,1.467,3.2,0.246,1.37,0.888,0,183.03,5297.0,5484.5,5295.5,5466.5,V7_NOCAP_RELAXED_OI,AUTO
KOTAKBANK,2026-05-05,2026-05-06,NEUTRAL,100.0,85.0,1.704,0.695,0.714,0.85,-1.0,1,9.36,373.36,379.35,365.02,375.95,V7_NOCAP_RELAXED_OI,BANK
ICICIGI,2026-05-05,2026-05-06,NEUTRAL,100.0,90.0,2.222,1.395,0.456,1.15,0.749,0,43.34,1778.25,1815.71,1768.49,1803.05,V7_NOCAP_RELAXED_OI,FINSERV
ICICIBANK,2026-05-05,2026-05-06,NEUTRAL,80.0,80.0,1.543,1.387,0.855,1.02,0.663,0,27.19,1262.0,1282.8,1252.1,1279.5,V7_NOCAP_RELAXED_OI,BANK
SBIN,2026-05-05,2026-05-06,NEUTRAL,80.0,80.0,1.296,2.239,1.142,1.6,1.038,0,23.86,1053.02,1081.6,1042.41,1076.59,V7_NOCAP_RELAXED_OI,BANK
TITAN,2026-05-07,2026-05-08,BULL,80.0,85.0,5.828,4.52,0.151,3.95,2.57,1,97.82,4299.89,4589.94,4199.62,4494.25,V7_NOCAP_RELAXED_OI,CONS
NTPC,2026-05-11,2026-05-12,BEAR,80.0,80.0,1.346,0.127,-0.191,1.12,0.727,0,9.12,392.2,399.85,391.25,392.7,V7_NOCAP_RELAXED_OI,ENERGY
BHARTIARTL,2026-05-11,2026-05-12,BEAR,80.0,80.0,1.37,0.303,-0.472,0.82,0.212,0,40.47,1751.5,1776.5,1751.5,1756.8,V7_NOCAP_RELAXED_OI,TELECOM
DLF,2026-05-13,2026-05-14,BEAR,100.0,85.0,1.966,1.949,-0.357,1.3,0.847,1,16.51,565.01,581.15,546.93,576.02,V7_NOCAP_RELAXED_OI,REALTY
BHARTIARTL,2026-05-13,2026-05-14,BEAR,100.0,90.0,2.347,3.489,1.721,2.27,1.475,1,40.66,1820.0,1889.2,1797.3,1883.5,V7_NOCAP_RELAXED_OI,TELECOM
HDFCBANK,2026-05-13,2026-05-14,BEAR,80.0,80.0,1.459,2.47,0.187,2.06,1.341,0,17.36,738.78,765.64,734.85,757.03,V7_NOCAP_RELAXED_OI,BANK
TECHM,2026-05-15,2026-05-18,BEAR,80.0,85.0,3.411,4.862,-0.496,2.44,1.584,0,39.46,1329.16,1401.28,1329.16,1393.78,V7_NOCAP_RELAXED_OI,IT
IOC,2026-05-19,2026-05-20,NEUTRAL,80.0,80.0,1.445,2.502,-0.244,1.29,0.839,0,3.98,134.67,138.52,133.0,138.04,V7_NOCAP_RELAXED_OI,ENERGY
EICHERMOT,2026-05-21,2026-05-22,NEUTRAL,80.0,80.0,1.268,0.816,0.479,0.88,0.238,0,176.54,6925.0,7041.0,6908.5,6981.5,V7_NOCAP_RELAXED_OI,AUTO
COALINDIA,2026-05-29,2026-06-01,NEUTRAL,80.0,80.0,1.73,3.516,-0.295,2.1,1.367,0,12.96,456.55,477.0,456.55,472.6,V7_NOCAP_RELAXED_OI,ENERGY
TCS,2026-05-29,2026-06-01,NEUTRAL,80.0,80.0,1.548,0.587,1.111,1.33,0.867,0,50.68,2271.55,2322.27,2267.57,2284.87,V7_NOCAP_RELAXED_OI,IT
HCLTECH,2026-05-29,2026-06-01,NEUTRAL,80.0,80.0,1.982,0.42,0.532,1.18,0.766,0,25.43,1178.07,1200.54,1178.07,1183.02,V7_NOCAP_RELAXED_OI,IT
DIVISLAB,2026-06-02,2026-06-03,BEAR,80.0,80.0,1.444,0.867,-0.199,0.77,0.183,0,146.94,6520.0,6604.5,6460.0,6576.5,V7_NOCAP_RELAXED_OI,PHARMA
MARUTI,2026-06-02,2026-06-03,BEAR,80.0,80.0,1.687,0.231,-0.061,0.86,0.229,0,298.32,13014.0,13206.0,12911.0,13044.0,V7_NOCAP_RELAXED_OI,AUTO
CHOLAFIN,2026-06-04,2026-06-05,BEAR,100.0,85.0,1.986,1.123,0.034,1.75,1.137,0,47.6,1485.92,1548.39,1479.52,1502.61,V7_NOCAP_RELAXED_OI,FINSERV
SBIN,2026-06-08,2026-06-09,BEAR,100.0,85.0,1.434,1.797,0.311,1.45,0.942,0,22.09,985.0,1009.0,983.0,1002.7,V7_NOCAP_RELAXED_OI,BANK
ICICIBANK,2026-06-08,2026-06-09,BEAR,80.0,80.0,1.492,1.594,0.384,1.39,0.902,0,23.94,1255.0,1279.9,1252.7,1275.0,V7_NOCAP_RELAXED_OI,BANK
DIVISLAB,2026-06-08,2026-06-09,BEAR,80.0,85.0,2.911,3.336,0.215,2.3,1.496,0,147.71,6535.0,6790.0,6535.0,6753.0,V7_NOCAP_RELAXED_OI,PHARMA
JSWSTEEL,2026-06-10,2026-06-11,BEAR,80.0,80.0,1.294,1.288,-0.299,1.37,0.888,0,26.58,1258.77,1286.01,1253.8,1274.98,V7_NOCAP_RELAXED_OI,METAL
M&M,2026-06-12,2026-06-15,BULL,80.0,80.0,1.686,1.434,1.548,1.3,0.846,0,78.09,3057.89,3134.09,3046.01,3101.73,V7_NOCAP_RELAXED_OI,AUTO
HAL,2026-06-12,2026-06-15,BULL,80.0,80.0,1.382,1.174,1.019,1.41,0.919,0,102.76,4235.0,4344.0,4202.6,4284.7,V7_NOCAP_RELAXED_OI,INFRA
HINDALCO,2026-06-16,2026-06-17,BULL,80.0,80.0,1.6,2.325,0.265,1.14,0.738,0,31.07,979.89,1006.35,966.16,1002.67,V7_NOCAP_RELAXED_OI,METAL
KAYNES,2026-06-16,2026-06-17,BULL,80.0,80.0,1.593,1.732,0.485,0.99,0.297,0,124.73,3193.0,3286.0,3185.7,3248.3,V7_NOCAP_RELAXED_OI,TECH
TCS,2026-06-18,2026-06-19,BULL,80.0,85.0,3.613,0.95,-4.461,0.79,-1.0,1,55.13,2093.52,2126.34,2048.67,2113.41,V7_NOCAP_RELAXED_OI,IT
WIPRO,2026-06-18,2026-06-19,BULL,80.0,80.0,1.486,2.286,-3.325,1.32,0.855,0,4.78,176.76,181.48,174.89,180.8,V7_NOCAP_RELAXED_OI,IT
TECHM,2026-06-18,2026-06-19,BULL,80.0,85.0,2.94,4.415,-6.749,2.16,1.402,0,40.5,1315.81,1381.3,1309.96,1373.9,V7_NOCAP_RELAXED_OI,IT
MARUTI,2026-06-24,2026-06-25,NEUTRAL,80.0,85.0,2.408,2.897,0.83,2.65,1.721,0,278.72,13225.18,13778.62,13193.5,13608.33,V7_NOCAP_RELAXED_OI,AUTO
KAYNES,2026-06-24,2026-06-25,NEUTRAL,80.0,85.0,2.717,1.231,0.684,1.75,1.137,0,122.71,3225.0,3386.0,3212.0,3264.7,V7_NOCAP_RELAXED_OI,TECH
BRITANNIA,2026-06-30,2026-07-01,NEUTRAL,100.0,85.0,1.765,2.244,0.0,2.09,1.355,0,82.81,5146.5,5276.0,5115.0,5262.0,V7_NOCAP_RELAXED_OI,FMCG
KOTAKBANK,2026-06-30,2026-07-01,NEUTRAL,80.0,80.0,1.487,0.78,1.3,0.7,-1.0,1,7.67,396.67,400.71,392.57,399.76,V7_NOCAP_RELAXED_OI,BANK
HINDUNILVR,2026-06-30,2026-07-01,NEUTRAL,80.0,85.0,2.04,2.273,0.722,1.95,1.266,0,38.67,2133.5,2190.0,2120.2,2182.0,V7_NOCAP_RELAXED_OI,FMCG
DABUR,2026-06-30,2026-07-01,NEUTRAL,80.0,85.0,5.609,5.167,0.166,4.09,3.0,0,7.75,417.48,441.28,417.24,439.05,V7_NOCAP_RELAXED_OI,FMCG
MPHASIS,2026-07-02,2026-07-03,BULL,80.0,85.0,2.344,1.127,1.14,1.14,0.741,0,68.3,2211.71,2270.14,2208.78,2236.64,V7_NOCAP_RELAXED_OI,IT
ITC,2026-07-06,2026-07-07,BULL,80.0,80.0,1.711,0.156,0.017,0.83,0.214,0,3.86,288.3,290.7,286.55,288.75,V7_NOCAP_RELAXED_OI,FMCG
KOTAKBANK,2026-07-08,2026-07-09,BEAR,80.0,80.0,1.477,1.521,0.378,1.03,0.669,0,8.34,370.86,377.3,367.77,376.5,V7_NOCAP_RELAXED_OI,BANK
RELIANCE,2026-07-08,2026-07-09,BEAR,80.0,80.0,1.256,0.211,0.094,1.12,0.727,0,23.13,1277.1,1296.5,1274.2,1279.8,V7_NOCAP_RELAXED_OI,ENERGY
TCS,2026-07-10,2026-07-13,NEUTRAL,80.0,85.0,2.663,5.133,0.29,2.84,1.848,0,60.58,2063.68,2192.88,2053.84,2169.6,V7_NOCAP_RELAXED_OI,IT
SBIN,2026-07-14,2026-07-15,NEUTRAL,80.0,80.0,1.403,1.438,0.01,1.41,0.915,0,19.42,1015.5,1036.0,1013.7,1030.1,V7_NOCAP_RELAXED_OI,BANK
BPCL,2026-07-14,2026-07-15,NEUTRAL,80.0,80.0,1.376,1.176,0.213,0.88,0.242,0,7.77,306.0,311.15,306.0,309.6,V7_NOCAP_RELAXED_OI,ENERGY
POWERGRID,2026-07-16,2026-07-17,NEUTRAL,100.0,85.0,1.391,0.997,0.0,0.96,0.281,0,4.99,280.75,284.35,279.65,283.55,V7_NOCAP_RELAXED_OI,ENERGY
AXISBANK,2026-07-16,2026-07-17,NEUTRAL,80.0,85.0,2.033,1.645,-0.046,1.3,0.844,0,26.7,1307.0,1333.0,1305.0,1328.5,V7_NOCAP_RELAXED_OI,BANK
RELIANCE,2026-07-16,2026-07-17,NEUTRAL,80.0,80.0,1.512,2.092,0.262,1.83,1.19,0,22.07,1300.0,1330.3,1296.1,1327.2,V7_NOCAP_RELAXED_OI,ENERGY
WIPRO,2026-07-16,2026-07-17,NEUTRAL,80.0,80.0,1.452,1.412,-2.357,0.91,0.256,0,3.97,173.55,176.26,173.55,176.0,V7_NOCAP_RELAXED_OI,IT
JSWSTEEL,2026-07-16,2026-07-17,NEUTRAL,80.0,85.0,2.136,1.335,0.0,1.26,0.817,0,24.3,1221.0,1243.9,1218.0,1237.3,V7_NOCAP_RELAXED_OI,METAL
AXISBANK,2026-07-20,2026-07-21,NEUTRAL,80.0,80.0,1.811,1.06,-0.876,0.99,0.295,0,30.55,1245.0,1267.7,1244.5,1258.2,V7_NOCAP_RELAXED_OI,BANK
DRREDDY,2026-07-22,2026-07-23,NEUTRAL,80.0,80.0,1.995,5.931,-6.916,3.13,2.031,0,30.12,1101.0,1171.6,1101.0,1166.3,V7_NOCAP_RELAXED_OI,PHARMA
HEROMOTOCO,2026-07-22,2026-07-23,NEUTRAL,80.0,85.0,2.908,3.744,-0.0,2.85,1.853,0,97.35,4914.81,5122.94,4907.91,5098.8,V7_NOCAP_RELAXED_OI,AUTO
ITC,2026-07-22,2026-07-23,NEUTRAL,80.0,80.0,1.768,0.482,-0.303,1.32,0.861,0,4.08,279.95,284.0,279.65,281.3,V7_NOCAP_RELAXED_OI,FMCG
CHOLAFIN,2026-07-24,2026-07-27,BEAR,80.0,80.0,1.742,2.362,1.137,1.76,1.141,0,45.95,1744.0,1804.5,1743.8,1785.2,V7_NOCAP_RELAXED_OI,FINSERV
LUPIN,2026-07-24,2026-07-27,BEAR,80.0,80.0,1.528,1.645,0.021,1.54,1.002,0,52.84,2371.0,2432.1,2368.1,2410.0,V7_NOCAP_RELAXED_OI,PHARMA
HINDUNILVR,2026-07-28,2026-07-29,BEAR,80.0,85.0,2.485,3.282,1.374,2.05,1.335,0,47.08,2050.5,2123.0,2047.0,2117.8,V7_NOCAP_RELAXED_OI,FMCG
DABUR,2026-07-28,2026-07-29,BEAR,80.0,80.0,1.258,1.474,0.659,1.28,0.832,0,8.23,427.4,435.3,427.0,433.7,V7_NOCAP_RELAXED_OI,FMCG
TRENT,2026-07-28,2026-07-29,BEAR,80.0,80.0,1.256,2.218,0.317,1.28,0.834,0,72.85,2940.0,3010.1,2916.5,3005.2,V7_NOCAP_RELAXED_OI,CONS
LT,2026-07-28,2026-07-29,BEAR,80.0,80.0,1.647,0.924,1.654,1.71,1.114,0,64.44,3895.4,3978.2,3891.1,3931.4,V7_NOCAP_RELAXED_OI,INFRA
KAYNES,2026-07-28,2026-07-29,BEAR,80.0,85.0,8.396,11.238,1.342,5.42,1.875,0,101.79,3271.0,3685.0,3270.2,3638.6,V7_NOCAP_RELAXED_OI,TECH
ADANIPORTS,2026-07-30,2026-07-31,BULL,80.0,85.0,2.016,1.344,0.595,1.11,0.719,1,41.1,1674.0,1708.1,1650.0,1696.5,V7_NOCAP_RELAXED_OI,INFRA
BEL,2026-07-30,2026-07-31,BULL,80.0,80.0,1.275,0.74,0.026,0.99,0.293,0,7.57,384.48,390.07,384.48,387.32,V7_NOCAP_RELAXED_OI,INFRA
RELIANCE,2026-08-05,2026-08-06,BULL,80.0,80.0,1.813,3.113,0.391,2.4,1.563,0,22.29,1285.0,1325.2,1281.2,1325.0,V7_NOCAP_RELAXED_OI,ENERGY
BHARTIARTL,2026-08-11,2026-08-12,NEUTRAL,80.0,80.0,1.791,1.907,-0.345,1.42,0.922,0,34.21,1908.6,1945.0,1901.3,1945.0,V7_NOCAP_RELAXED_OI,TELECOM
BPCL,2026-08-13,2026-08-14,NEUTRAL,80.0,80.0,1.76,1.461,-0.048,0.9,0.25,0,6.82,314.85,319.45,314.05,319.45,V7_NOCAP_RELAXED_OI,ENERGY
ADANIENT,2026-08-13,2026-08-14,NEUTRAL,80.0,80.0,1.699,2.364,0.003,1.62,1.05,0,68.5,2965.0,3048.0,2950.0,3035.1,V7_NOCAP_RELAXED_OI,ENERGY
ITC,2026-08-19,2026-08-20,BEAR,80.0,85.0,2.492,1.286,0.431,1.05,0.683,1,4.38,268.2,271.65,265.0,271.65,V7_NOCAP_RELAXED_OI,FMCG
SUNPHARMA,2026-08-21,2026-08-24,NEUTRAL,80.0,80.0,1.53,0.399,0.0,0.86,0.231,0,31.87,1902.4,1923.0,1892.6,1910.0,V7_NOCAP_RELAXED_OI,PHARMA
TATASTEEL,2026-08-21,2026-08-24,NEUTRAL,80.0,80.0,1.717,1.168,0.628,0.78,0.192,0,3.66,184.15,186.3,183.06,186.3,V7_NOCAP_RELAXED_OI,METAL
TATASTEEL,2026-08-25,2026-08-26,NEUTRAL,100.0,85.0,1.411,0.815,-0.241,1.27,0.823,1,3.64,186.49,189.95,184.29,188.01,V7_NOCAP_RELAXED_OI,METAL
HCLTECH,2026-08-27,2026-08-28,BEAR,80.0,85.0,2.317,2.023,0.624,1.99,1.291,0,29.67,1290.0,1334.2,1290.0,1316.1,V7_NOCAP_RELAXED_OI,IT
HDFCBANK,2026-08-31,2026-09-01,BEAR,80.0,80.0,1.689,0.972,-0.557,1.13,0.733,1,12.29,705.05,715.45,698.5,711.9,V7_NOCAP_RELAXED_OI,BANK
ADANIPORTS,2026-08-31,2026-09-01,BEAR,80.0,80.0,1.537,1.385,2.002,1.12,0.73,0,36.34,1625.0,1655.6,1625.0,1647.5,V7_NOCAP_RELAXED_OI,INFRA
ITC,2026-08-31,2026-09-01,BEAR,80.0,85.0,2.198,1.95,2.348,1.91,1.241,0,4.68,261.5,268.2,261.5,266.6,V7_NOCAP_RELAXED_OI,FMCG
GODREJPROP,2026-09-02,2026-09-03,BEAR,80.0,85.0,2.551,1.909,-0.34,2.16,1.402,0,57.3,1964.0,2056.7,1960.0,2001.5,V7_NOCAP_RELAXED_OI,REALTY
SUNPHARMA,2025-10-01,2025-10-03,BEAR,80.0,80.0,1.371,1.95,-2.212,2.02,1.315,0,29.71,1585.52,1630.61,1585.52,1616.44,V8_LIBERAL_EOD,PHARMA
DRREDDY,2025-10-01,2025-10-03,BEAR,80.0,80.0,1.385,0.338,-0.064,1.15,0.745,0,24.84,1236.06,1257.43,1232.19,1240.23,V8_LIBERAL_EOD,PHARMA
DIVISLAB,2025-10-01,2025-10-03,BEAR,80.0,80.0,1.497,1.849,0.867,1.92,1.251,0,119.54,5759.5,5932.0,5746.0,5866.0,V8_LIBERAL_EOD,PHARMA
LODHA,2025-10-06,2025-10-07,BULL,80.0,85.0,5.86,2.415,0.26,1.59,1.033,1,28.68,1118.0,1152.2,1098.8,1145.0,V8_LIBERAL_EOD,REALTY
ICICIGI,2025-10-14,2025-10-15,NEUTRAL,80.0,85.0,12.316,6.607,2.173,5.12,3.0,0,37.46,1881.82,2025.7,1881.82,2006.14,V8_LIBERAL_EOD,FINSERV
CIPLA,2025-10-14,2025-10-15,NEUTRAL,80.0,80.0,1.657,0.561,-0.148,0.71,0.156,0,27.49,1535.59,1550.26,1531.63,1544.21,V8_LIBERAL_EOD,PHARMA
GODREJPROP,2025-10-14,2025-10-15,NEUTRAL,80.0,85.0,2.14,3.289,0.496,1.97,1.278,0,52.25,2057.65,2134.68,2057.45,2125.33,V8_LIBERAL_EOD,REALTY
NESTLEIND,2025-10-14,2025-10-15,NEUTRAL,80.0,85.0,2.251,3.905,0.0,3.27,2.126,0,19.97,1163.59,1212.59,1163.59,1209.03,V8_LIBERAL_EOD,FMCG
HAL,2025-10-14,2025-10-15,NEUTRAL,80.0,80.0,1.262,2.069,0.004,1.94,1.259,0,90.82,4707.88,4839.79,4707.88,4805.28,V8_LIBERAL_EOD,INFRA
RELIANCE,2025-10-16,2025-10-17,BULL,80.0,80.0,1.919,1.128,0.193,1.7,1.105,0,17.41,1394.55,1416.75,1392.66,1410.28,V8_LIBERAL_EOD,ENERGY
ITC,2025-10-16,2025-10-17,BULL,80.0,80.0,1.492,1.678,0.049,2.38,1.548,0,4.54,386.5,394.6,386.4,392.98,V8_LIBERAL_EOD,FMCG
HINDUNILVR,2025-10-16,2025-10-17,BULL,80.0,80.0,1.744,1.489,0.156,1.54,0.999,0,42.19,2519.86,2568.48,2514.46,2557.38,V8_LIBERAL_EOD,FMCG
BRITANNIA,2025-10-16,2025-10-17,BULL,80.0,80.0,1.633,0.762,0.191,1.31,0.851,0,114.0,6037.0,6149.0,5994.0,6083.0,V8_LIBERAL_EOD,FMCG
BEL,2025-10-16,2025-10-17,BULL,80.0,80.0,1.699,0.597,-0.352,1.56,1.013,0,8.22,408.61,418.22,407.91,411.05,V8_LIBERAL_EOD,INFRA
KOTAKBANK,2025-10-27,2025-10-28,BULL,80.0,80.0,1.52,0.878,-0.307,0.85,0.223,0,8.21,427.66,432.87,427.66,431.42,V8_LIBERAL_EOD,BANK
COALINDIA,2025-10-29,2025-10-30,BULL,80.0,85.0,2.269,1.24,0.249,1.33,0.866,1,5.77,367.98,373.75,364.48,372.55,V8_LIBERAL_EOD,ENERGY
FEDERALBNK,2025-10-31,2025-11-03,NEUTRAL,80.0,80.0,1.568,0.213,-3.407,0.74,0.169,0,30.37,2277.79,2294.61,2268.43,2282.63,V8_LIBERAL_EOD,BANK
LUPIN,2025-10-31,2025-11-03,NEUTRAL,80.0,85.0,2.604,0.854,0.178,1.47,0.955,1,36.94,1952.84,1993.55,1932.59,1969.52,V8_LIBERAL_EOD,PHARMA
DLF,2025-10-31,2025-11-03,NEUTRAL,80.0,80.0,1.785,2.94,-0.165,2.73,1.776,0,14.22,745.64,774.77,743.02,767.56,V8_LIBERAL_EOD,REALTY
LODHA,2025-10-31,2025-11-03,NEUTRAL,80.0,80.0,1.533,2.925,0.175,1.93,1.255,0,27.63,1200.0,1240.0,1196.8,1235.1,V8_LIBERAL_EOD,REALTY
DABUR,2025-10-31,2025-11-03,NEUTRAL,80.0,80.0,1.703,3.114,0.113,2.22,1.446,0,9.62,479.32,495.37,476.86,494.25,V8_LIBERAL_EOD,FMCG
CHOLAFIN,2025-11-06,2025-11-07,BEAR,80.0,80.0,1.338,2.306,-1.063,1.48,0.961,0,44.58,1663.6,1713.05,1642.73,1701.96,V8_LIBERAL_EOD,FINSERV
ADANIENT,2025-11-06,2025-11-07,BEAR,80.0,85.0,2.153,2.35,0.03,1.9,1.233,0,61.49,2313.97,2401.43,2290.38,2368.34,V8_LIBERAL_EOD,ENERGY
HINDALCO,2025-11-06,2025-11-07,BEAR,80.0,80.0,1.36,0.241,0.013,0.97,0.283,0,19.35,784.41,798.43,778.94,786.3,V8_LIBERAL_EOD,METAL
BRITANNIA,2025-11-06,2025-11-07,BEAR,80.0,85.0,2.052,3.141,-0.723,2.14,1.389,0,124.44,5970.0,6169.5,5913.5,6157.5,V8_LIBERAL_EOD,FMCG
TRENT,2025-11-10,2025-11-11,BEAR,80.0,80.0,1.672,0.484,0.264,0.85,0.224,0,109.95,4288.66,4358.56,4256.81,4309.43,V8_LIBERAL_EOD,CONS
HAL,2025-11-10,2025-11-11,BEAR,80.0,80.0,1.483,1.408,0.111,1.26,0.819,0,87.05,4755.59,4837.81,4747.56,4822.53,V8_LIBERAL_EOD,INFRA
KOTAKBANK,2025-11-14,2025-11-17,BULL,80.0,85.0,2.314,0.377,0.736,1.0,0.651,0,6.62,418.28,423.25,417.76,419.86,V8_LIBERAL_EOD,BANK
HEROMOTOCO,2025-11-14,2025-11-17,BULL,80.0,85.0,2.66,3.748,0.912,2.46,1.598,0,117.54,5482.15,5698.92,5464.49,5687.64,V8_LIBERAL_EOD,AUTO
EICHERMOT,2025-11-14,2025-11-17,BULL,80.0,80.0,1.517,1.025,0.523,0.77,0.187,0,135.97,6730.0,6809.0,6675.0,6799.0,V8_LIBERAL_EOD,AUTO
MPHASIS,2025-11-20,2025-11-21,BULL,80.0,85.0,2.038,0.446,-0.201,0.77,0.184,0,71.54,2663.49,2704.69,2642.65,2675.37,V8_LIBERAL_EOD,IT
BAJFINANCE,2025-11-26,2025-11-27,BULL,80.0,80.0,1.827,1.792,0.485,1.7,1.106,0,22.83,1009.4,1038.52,1004.72,1027.48,V8_LIBERAL_EOD,FINSERV
JSWSTEEL,2025-11-28,2025-12-01,BULL,100.0,90.0,2.047,0.3,0.396,1.07,0.696,0,24.88,1158.25,1178.23,1150.69,1161.73,V8_LIBERAL_EOD,METAL
ITC,2025-11-28,2025-12-01,BULL,80.0,80.0,1.636,0.36,-0.359,0.78,-1.0,1,4.42,384.07,386.64,379.68,385.45,V8_LIBERAL_EOD,FMCG
FEDERALBNK,2025-12-04,2025-12-05,NEUTRAL,100.0,85.0,1.669,0.288,-1.678,0.77,0.185,0,37.22,2376.62,2398.12,2376.62,2383.45,V8_LIBERAL_EOD,BANK
SBIN,2025-12-04,2025-12-05,NEUTRAL,80.0,80.0,1.602,2.387,0.079,2.26,1.47,0,14.16,932.05,956.07,929.94,954.3,V8_LIBERAL_EOD,BANK
ADANIENT,2025-12-04,2025-12-05,NEUTRAL,80.0,80.0,1.547,2.142,-0.0,1.13,0.732,0,59.97,2216.91,2267.59,2201.92,2264.39,V8_LIBERAL_EOD,ENERGY
DLF,2025-12-08,2025-12-09,BEAR,80.0,80.0,1.411,0.811,-0.429,1.32,0.858,0,14.47,676.01,690.33,671.07,681.49,V8_LIBERAL_EOD,REALTY
GODREJPROP,2025-12-08,2025-12-09,BEAR,80.0,85.0,2.969,3.706,-0.258,1.95,1.271,0,55.25,1960.52,2041.53,1942.61,2033.17,V8_LIBERAL_EOD,REALTY
TRENT,2025-12-08,2025-12-09,BEAR,80.0,85.0,2.414,0.884,-1.0,1.11,0.725,1,81.81,4043.62,4112.02,3982.12,4079.37,V8_LIBERAL_EOD,CONS
BEL,2025-12-08,2025-12-09,BEAR,80.0,80.0,1.664,1.143,-0.349,0.87,0.237,0,9.04,383.42,389.34,378.94,387.8,V8_LIBERAL_EOD,INFRA
TATASTEEL,2025-12-10,2025-12-11,BEAR,100.0,85.0,1.767,1.761,0.783,1.29,0.842,0,3.19,160.2,163.29,159.87,163.02,V8_LIBERAL_EOD,METAL
PERSISTENT,2025-12-10,2025-12-11,BEAR,80.0,80.0,1.572,2.69,0.133,1.7,1.107,0,146.69,6019.91,6207.23,5997.49,6181.83,V8_LIBERAL_EOD,IT
DIVISLAB,2025-12-10,2025-12-11,BEAR,80.0,80.0,1.385,2.055,0.095,2.22,1.442,0,118.69,6300.5,6498.0,6274.0,6430.0,V8_LIBERAL_EOD,PHARMA
ABB,2025-12-10,2025-12-11,BEAR,80.0,80.0,1.867,1.717,0.039,1.46,0.95,0,93.99,5133.01,5236.08,5126.03,5221.15,V8_LIBERAL_EOD,MFNG
DIXON,2025-12-10,2025-12-11,BEAR,80.0,85.0,4.224,5.175,-0.016,2.02,1.312,0,449.71,12349.0,13030.0,12130.0,12988.0,V8_LIBERAL_EOD,TECH
KAYNES,2025-12-10,2025-12-11,BEAR,80.0,80.0,1.833,3.258,0.604,0.87,0.234,0,330.36,3914.0,4129.0,3830.0,4041.5,V8_LIBERAL_EOD,TECH
IOC,2025-12-12,2025-12-15,NEUTRAL,80.0,85.0,3.343,2.046,0.916,1.61,1.045,1,3.04,158.26,161.93,155.66,161.5,V8_LIBERAL_EOD,ENERGY
AXISBANK,2025-12-16,2025-12-17,NEUTRAL,80.0,80.0,1.386,0.336,0.082,0.95,0.274,0,21.66,1219.66,1235.05,1219.36,1223.76,V8_LIBERAL_EOD,BANK
EICHERMOT,2025-12-16,2025-12-17,NEUTRAL,80.0,80.0,1.395,0.429,0.602,0.75,0.175,0,129.03,7104.0,7176.5,7080.5,7134.5,V8_LIBERAL_EOD,AUTO
RELIANCE,2025-12-18,2025-12-19,NEUTRAL,100.0,85.0,1.7,0.688,0.647,1.33,0.862,0,19.81,1547.25,1566.95,1543.86,1557.9,V8_LIBERAL_EOD,ENERGY
POWERGRID,2025-12-18,2025-12-19,NEUTRAL,80.0,80.0,1.961,2.093,0.039,1.89,1.229,0,4.11,255.19,261.02,255.09,260.53,V8_LIBERAL_EOD,ENERGY
DIVISLAB,2025-12-18,2025-12-19,NEUTRAL,80.0,85.0,3.701,1.069,0.47,2.06,1.342,0,121.46,6410.0,6598.0,6408.5,6478.5,V8_LIBERAL_EOD,PHARMA
ABB,2025-12-18,2025-12-19,NEUTRAL,80.0,85.0,2.238,1.391,0.167,1.21,0.789,0,93.53,5085.2,5170.35,5079.23,5155.91,V8_LIBERAL_EOD,MFNG
CHOLAFIN,2025-12-22,2025-12-23,BULL,80.0,85.0,4.14,4.579,1.268,3.07,1.998,0,46.96,1603.17,1711.45,1593.98,1676.59,V8_LIBERAL_EOD,FINSERV
MPHASIS,2025-12-22,2025-12-23,BULL,80.0,80.0,1.295,1.611,0.166,1.17,0.761,0,58.99,2816.3,2868.11,2788.54,2861.68,V8_LIBERAL_EOD,IT
TATASTEEL,2025-12-26,2025-12-29,NEUTRAL,80.0,85.0,2.222,1.646,0.231,2.07,1.349,0,2.91,166.08,170.61,165.87,168.82,V8_LIBERAL_EOD,METAL
KOTAKBANK,2025-12-30,2025-12-31,NEUTRAL,80.0,80.0,1.495,1.997,0.246,2.21,1.439,0,5.7,430.86,440.32,430.4,439.46,V8_LIBERAL_EOD,BANK
ONGC,2025-12-30,2025-12-31,NEUTRAL,80.0,80.0,1.944,2.424,0.004,2.33,1.517,0,3.52,229.29,235.46,229.22,234.85,V8_LIBERAL_EOD,ENERGY
BPCL,2025-12-30,2025-12-31,NEUTRAL,80.0,85.0,2.537,3.924,0.0,2.96,1.921,0,7.24,359.36,375.41,358.88,373.47,V8_LIBERAL_EOD,ENERGY
M&M,2025-12-30,2025-12-31,NEUTRAL,80.0,80.0,1.308,1.538,-0.199,1.59,1.034,0,58.56,3615.04,3684.9,3602.57,3670.65,V8_LIBERAL_EOD,AUTO
HEROMOTOCO,2026-01-01,2026-01-02,NEUTRAL,100.0,85.0,1.285,0.559,1.001,1.42,0.924,0,119.21,5787.2,5914.22,5762.68,5819.57,V8_LIBERAL_EOD,AUTO
ICICIBANK,2026-01-05,2026-01-06,BULL,100.0,90.0,2.147,2.857,0.036,3.55,2.307,0,15.63,1372.0,1413.6,1366.0,1411.2,V8_LIBERAL_EOD,BANK
POWERGRID,2026-01-05,2026-01-06,BULL,100.0,85.0,1.381,0.959,-2.08,2.18,1.417,0,4.41,263.05,270.27,263.05,265.57,V8_LIBERAL_EOD,ENERGY
ONGC,2026-01-05,2026-01-06,BULL,80.0,80.0,1.329,1.596,0.0,1.3,0.847,0,4.27,232.62,236.79,232.62,236.33,V8_LIBERAL_EOD,ENERGY
TCS,2026-01-05,2026-01-06,BULL,80.0,80.0,1.416,1.427,-0.19,1.61,1.048,0,42.39,3093.55,3144.82,3088.73,3137.69,V8_LIBERAL_EOD,IT
HCLTECH,2026-01-05,2026-01-06,BULL,80.0,80.0,1.317,1.0,-0.454,1.19,0.771,0,27.85,1543.19,1567.97,1540.3,1558.62,V8_LIBERAL_EOD,IT
CIPLA,2026-01-05,2026-01-06,BULL,80.0,80.0,1.577,0.724,-0.0,1.36,0.881,0,19.39,1505.67,1525.39,1505.67,1516.57,V8_LIBERAL_EOD,PHARMA
BRITANNIA,2026-01-05,2026-01-06,BULL,80.0,80.0,1.54,1.482,0.224,1.4,0.911,1,97.52,6040.0,6142.5,5948.5,6129.5,V8_LIBERAL_EOD,FMCG
ABB,2026-01-05,2026-01-06,BULL,80.0,80.0,1.615,1.083,0.0,1.39,0.904,0,82.11,5147.45,5233.1,5139.48,5203.22,V8_LIBERAL_EOD,MFNG
IDFCFIRSTB,2026-01-07,2026-01-08,NEUTRAL,80.0,85.0,2.64,1.991,-0.012,1.7,1.106,1,1.61,84.14,86.2,83.14,85.82,V8_LIBERAL_EOD,BANK
HCLTECH,2026-01-09,2026-01-12,BEAR,100.0,85.0,1.766,0.506,-0.132,0.82,-1.0,1,28.12,1599.99,1617.35,1582.92,1608.09,V8_LIBERAL_EOD,IT
ONGC,2026-01-13,2026-01-14,BEAR,80.0,85.0,2.808,1.738,0.086,1.87,1.217,0,4.88,238.38,245.23,237.98,242.52,V8_LIBERAL_EOD,ENERGY
INFY,2026-01-13,2026-01-14,BEAR,80.0,80.0,1.414,0.743,-0.688,1.37,0.891,0,27.62,1554.36,1582.75,1549.57,1565.91,V8_LIBERAL_EOD,IT
IDFCFIRSTB,2026-01-21,2026-01-22,BEAR,80.0,80.0,1.641,2.683,0.601,1.89,1.227,0,1.75,81.76,84.23,81.66,83.95,V8_LIBERAL_EOD,BANK
BRITANNIA,2026-01-21,2026-01-22,BEAR,80.0,80.0,1.335,1.402,0.819,1.59,1.03,0,105.13,5850.0,5975.0,5819.0,5932.0,V8_LIBERAL_EOD,FMCG
DABUR,2026-01-21,2026-01-22,BEAR,80.0,85.0,2.814,0.835,0.93,1.12,0.73,0,10.03,514.33,522.77,512.5,518.62,V8_LIBERAL_EOD,FMCG
BPCL,2026-01-27,2026-01-28,BEAR,80.0,85.0,2.197,0.513,0.867,0.78,0.189,0,8.99,350.61,355.86,347.59,352.41,V8_LIBERAL_EOD,ENERGY
IOC,2026-01-27,2026-01-28,BEAR,80.0,80.0,1.693,2.421,0.063,1.91,1.242,0,3.45,157.02,161.96,156.57,160.82,V8_LIBERAL_EOD,ENERGY
NTPC,2026-01-27,2026-01-28,BEAR,80.0,80.0,1.458,0.972,0.0,1.69,1.096,0,6.71,342.12,350.6,342.12,345.44,V8_LIBERAL_EOD,ENERGY
POWERGRID,2026-01-27,2026-01-28,BEAR,80.0,80.0,1.304,2.283,-0.138,1.85,1.199,0,4.82,251.18,257.86,251.18,256.92,V8_LIBERAL_EOD,ENERGY
COALINDIA,2026-01-27,2026-01-28,BEAR,80.0,85.0,2.226,4.852,0.142,3.25,1.875,0,9.08,417.97,440.13,416.1,438.26,V8_LIBERAL_EOD,ENERGY
M&M,2026-01-27,2026-01-28,BEAR,80.0,80.0,1.836,2.078,-0.427,1.3,0.845,0,79.06,3343.88,3420.97,3340.92,3413.35,V8_LIBERAL_EOD,AUTO
HEROMOTOCO,2026-01-27,2026-01-28,BEAR,80.0,80.0,1.39,1.951,0.502,1.13,0.733,1,135.74,5303.62,5418.39,5226.63,5407.11,V8_LIBERAL_EOD,AUTO
IDFCFIRSTB,2026-01-29,2026-01-30,NEUTRAL,80.0,80.0,1.8,1.285,-1.138,1.38,0.897,0,1.91,82.28,84.25,82.28,83.34,V8_LIBERAL_EOD,BANK
M&M,2026-01-29,2026-01-30,NEUTRAL,80.0,80.0,1.898,4.532,-2.996,2.64,1.716,0,84.69,3248.88,3416.52,3248.68,3396.14,V8_LIBERAL_EOD,AUTO
ITC,2026-01-29,2026-01-30,NEUTRAL,80.0,85.0,2.062,1.051,0.063,1.37,0.888,0,5.91,303.97,310.03,301.73,307.17,V8_LIBERAL_EOD,FMCG
HINDUNILVR,2026-01-29,2026-01-30,NEUTRAL,80.0,80.0,1.513,1.367,-0.493,1.27,0.824,0,45.81,2317.43,2360.99,2316.44,2349.11,V8_LIBERAL_EOD,FMCG
NESTLEIND,2026-01-29,2026-01-30,NEUTRAL,80.0,85.0,5.53,3.608,-0.148,3.0,1.949,0,23.59,1272.97,1326.03,1270.01,1318.9,V8_LIBERAL_EOD,FMCG
TITAN,2026-01-29,2026-01-30,NEUTRAL,80.0,80.0,1.844,0.821,0.135,0.86,0.231,0,77.15,3932.1,3981.93,3897.01,3964.39,V8_LIBERAL_EOD,CONS
TRENT,2026-02-04,2026-02-05,BULL,80.0,85.0,3.736,3.974,-0.977,1.44,0.933,1,104.47,2645.02,2757.53,2571.53,2750.14,V8_LIBERAL_EOD,CONS
KAYNES,2026-02-06,2026-02-09,BULL,80.0,80.0,1.575,4.746,1.749,1.35,0.881,0,201.06,3765.0,3969.3,3757.8,3943.7,V8_LIBERAL_EOD,TECH
KAYNES,2026-02-10,2026-02-11,BULL,80.0,80.0,1.304,4.521,0.44,1.33,0.865,0,202.47,3975.0,4177.0,3950.1,4154.7,V8_LIBERAL_EOD,TECH
INFY,2026-02-12,2026-02-13,BULL,80.0,85.0,3.547,5.812,-6.645,2.5,1.625,0,43.54,1266.49,1348.13,1254.36,1340.1,V8_LIBERAL_EOD,IT
TCS,2026-02-12,2026-02-13,BULL,80.0,85.0,2.28,4.147,-6.003,2.1,1.368,0,79.59,2536.51,2662.11,2536.51,2641.7,V8_LIBERAL_EOD,IT
HCLTECH,2026-02-12,2026-02-13,BULL,80.0,85.0,2.04,2.263,-3.597,1.69,1.098,1,41.25,1382.16,1434.41,1355.93,1413.43,V8_LIBERAL_EOD,IT
WIPRO,2026-02-12,2026-02-13,BULL,80.0,80.0,1.409,1.633,-3.848,1.17,0.763,0,6.62,210.65,216.48,209.01,214.09,V8_LIBERAL_EOD,IT
TECHM,2026-02-12,2026-02-13,BULL,80.0,85.0,3.033,3.494,-3.514,1.79,1.166,0,47.37,1445.05,1508.79,1427.31,1495.54,V8_LIBERAL_EOD,IT
PERSISTENT,2026-02-12,2026-02-13,BULL,80.0,85.0,2.506,5.163,-4.439,2.14,1.392,0,205.47,5210.0,5540.0,5210.0,5479.0,V8_LIBERAL_EOD,IT
MPHASIS,2026-02-12,2026-02-13,BULL,80.0,85.0,2.734,2.965,-3.101,1.72,1.119,0,85.66,2325.26,2435.89,2293.71,2394.21,V8_LIBERAL_EOD,IT
INFY,2026-02-16,2026-02-17,NEUTRAL,80.0,80.0,1.461,1.547,0.322,1.7,1.102,0,46.96,1340.98,1400.69,1338.05,1361.73,V8_LIBERAL_EOD,IT
WIPRO,2026-02-16,2026-02-17,NEUTRAL,80.0,80.0,1.425,1.139,0.0,1.19,0.774,0,6.86,213.26,219.39,212.26,215.69,V8_LIBERAL_EOD,IT
BPCL,2026-02-20,2026-02-23,NEUTRAL,80.0,80.0,1.856,0.568,1.01,0.97,0.284,0,9.22,370.0,376.7,366.65,372.1,V8_LIBERAL_EOD,ENERGY
NESTLEIND,2026-02-20,2026-02-23,NEUTRAL,80.0,80.0,1.467,1.239,0.402,1.01,0.655,0,25.67,1292.79,1312.19,1289.3,1308.81,V8_LIBERAL_EOD,FMCG
BPCL,2026-02-24,2026-02-25,BEAR,100.0,85.0,1.429,1.316,0.441,0.85,0.223,0,9.14,376.1,381.9,374.0,381.05,V8_LIBERAL_EOD,ENERGY
ICICIBANK,2026-02-24,2026-02-25,BEAR,80.0,80.0,1.41,0.625,0.505,0.94,0.271,0,22.08,1391.8,1407.4,1388.2,1400.5,V8_LIBERAL_EOD,BANK
HCLTECH,2026-02-24,2026-02-25,BEAR,80.0,80.0,1.417,1.712,1.18,1.04,0.678,0,45.19,1316.11,1351.46,1315.14,1338.64,V8_LIBERAL_EOD,IT
MARUTI,2026-02-24,2026-02-25,BEAR,80.0,80.0,1.35,1.413,-0.442,1.18,0.77,0,307.18,14860.0,15133.0,14837.0,15070.0,V8_LIBERAL_EOD,AUTO
BAJAJ-AUTO,2026-02-24,2026-02-25,BEAR,80.0,80.0,1.39,2.409,0.31,2.02,1.311,0,195.83,9722.67,10019.0,9702.95,9956.87,V8_LIBERAL_EOD,AUTO
HEROMOTOCO,2026-02-24,2026-02-25,BEAR,80.0,85.0,2.254,4.11,0.0,3.11,1.875,0,141.03,5511.0,5840.0,5500.5,5737.5,V8_LIBERAL_EOD,AUTO
TRENT,2026-02-26,2026-02-27,NEUTRAL,80.0,80.0,1.647,1.128,-0.0,0.81,0.206,0,80.84,2566.87,2616.13,2556.22,2595.83,V8_LIBERAL_EOD,CONS
DIXON,2026-02-26,2026-02-27,NEUTRAL,80.0,85.0,2.636,4.176,-0.099,1.7,1.103,0,403.82,10106.0,10620.0,10085.0,10528.0,V8_LIBERAL_EOD,TECH
RELIANCE,2026-03-04,2026-03-05,BEAR,80.0,80.0,1.834,2.683,0.602,1.99,1.293,0,30.62,1346.87,1392.56,1346.87,1383.01,V8_LIBERAL_EOD,ENERGY
BPCL,2026-03-04,2026-03-05,BEAR,80.0,80.0,1.526,1.037,0.07,0.75,-1.0,1,10.46,356.65,362.5,351.1,360.35,V8_LIBERAL_EOD,ENERGY
IOC,2026-03-04,2026-03-05,BEAR,80.0,80.0,1.702,0.316,0.329,1.21,0.79,0,4.79,168.87,173.24,167.17,169.4,V8_LIBERAL_EOD,ENERGY
POWERGRID,2026-03-04,2026-03-05,BEAR,80.0,80.0,1.299,2.551,0.017,1.55,1.01,0,6.95,292.0,300.1,291.9,299.45,V8_LIBERAL_EOD,ENERGY
ADANIPORTS,2026-03-04,2026-03-05,BEAR,80.0,80.0,1.57,3.6,0.892,1.73,1.122,0,44.84,1441.13,1499.18,1441.13,1493.01,V8_LIBERAL_EOD,INFRA
HINDALCO,2026-03-04,2026-03-05,BEAR,80.0,85.0,3.285,2.683,0.89,2.49,1.616,0,28.54,925.17,978.4,921.59,949.99,V8_LIBERAL_EOD,METAL
DLF,2026-03-04,2026-03-05,BEAR,80.0,80.0,1.928,2.397,0.422,1.29,0.84,0,18.24,564.36,582.04,564.36,577.89,V8_LIBERAL_EOD,REALTY
RELIANCE,2026-03-06,2026-03-09,BEAR,100.0,85.0,1.468,3.564,-2.121,2.23,1.446,0,32.44,1368.67,1422.82,1363.69,1417.45,V8_LIBERAL_EOD,ENERGY
NESTLEIND,2026-03-06,2026-03-09,BEAR,100.0,85.0,1.479,0.717,-2.028,0.76,0.182,0,27.07,1221.13,1236.66,1211.58,1229.89,V8_LIBERAL_EOD,FMCG
BAJFINANCE,2026-03-06,2026-03-09,BEAR,80.0,80.0,1.334,1.763,-2.989,1.09,0.707,1,23.5,916.17,935.35,903.5,932.32,V8_LIBERAL_EOD,FINSERV
IOC,2026-03-06,2026-03-09,BEAR,80.0,80.0,1.826,2.038,-6.332,1.12,0.728,0,4.88,156.03,160.13,154.35,159.21,V8_LIBERAL_EOD,ENERGY
ADANIPORTS,2026-03-06,2026-03-09,BEAR,80.0,85.0,2.022,1.16,-4.907,0.91,0.254,0,45.45,1399.1,1430.07,1399.1,1415.34,V8_LIBERAL_EOD,INFRA
GODREJPROP,2026-03-06,2026-03-09,BEAR,80.0,80.0,1.765,2.179,-3.407,0.82,0.211,0,67.56,1602.75,1644.45,1582.85,1637.68,V8_LIBERAL_EOD,REALTY
BRITANNIA,2026-03-12,2026-03-13,BEAR,80.0,85.0,2.135,1.017,-0.639,1.38,0.9,0,126.19,5750.0,5881.0,5727.0,5808.5,V8_LIBERAL_EOD,FMCG
FEDERALBNK,2026-03-16,2026-03-17,BEAR,80.0,80.0,1.26,0.233,-0.06,0.88,0.238,0,29.71,2129.52,2149.03,2129.52,2134.47,V8_LIBERAL_EOD,BANK
MARUTI,2026-03-16,2026-03-17,BEAR,80.0,80.0,1.82,1.423,0.259,0.98,0.291,0,420.9,12790.0,13100.0,12686.0,12972.0,V8_LIBERAL_EOD,AUTO
POWERGRID,2026-03-20,2026-03-23,NEUTRAL,80.0,80.0,1.385,1.376,0.134,1.09,0.711,1,7.74,298.0,304.35,293.1,302.1,V8_LIBERAL_EOD,ENERGY
HCLTECH,2026-03-20,2026-03-23,NEUTRAL,80.0,85.0,2.006,3.331,-1.417,1.68,1.089,0,38.79,1277.06,1325.82,1272.4,1319.61,V8_LIBERAL_EOD,IT
TECHM,2026-03-20,2026-03-23,NEUTRAL,80.0,80.0,1.91,1.318,-1.358,1.46,0.947,0,43.33,1331.4,1378.77,1323.21,1348.94,V8_LIBERAL_EOD,IT
PERSISTENT,2026-03-20,2026-03-23,NEUTRAL,80.0,80.0,1.782,0.761,-0.592,0.74,0.168,0,201.94,4688.8,4800.4,4639.3,4724.5,V8_LIBERAL_EOD,IT
AXISBANK,2026-03-24,2026-03-25,BEAR,80.0,80.0,1.255,1.842,0.612,1.52,0.986,0,34.26,1199.08,1238.05,1197.08,1221.16,V8_LIBERAL_EOD,BANK
KOTAKBANK,2026-03-24,2026-03-25,BEAR,80.0,80.0,1.957,0.583,0.572,1.27,0.824,1,9.5,368.31,377.35,362.37,370.46,V8_LIBERAL_EOD,BANK
BAJFINANCE,2026-03-24,2026-03-25,BEAR,80.0,80.0,1.292,2.401,1.537,1.17,0.761,0,30.28,856.78,883.37,848.09,877.36,V8_LIBERAL_EOD,FINSERV
HCLTECH,2026-03-24,2026-03-25,BEAR,80.0,80.0,1.364,2.47,-1.842,2.08,1.353,0,39.45,1309.31,1370.89,1309.31,1341.65,V8_LIBERAL_EOD,IT
ONGC,2026-03-26,2026-03-27,BEAR,100.0,90.0,3.182,4.233,0.111,2.53,1.875,0,7.63,270.5,285.0,269.7,281.95,V8_LIBERAL_EOD,ENERGY
TATAMOTORS,2026-03-26,2026-03-27,BEAR,100.0,90.0,5.951,0.376,-1.355,0.69,-1.0,1,21.04,421.24,432.12,402.56,422.83,V8_LIBERAL_EOD,AUTO
PERSISTENT,2026-03-26,2026-03-27,BEAR,80.0,80.0,1.267,0.406,-0.99,0.74,0.168,0,194.31,4880.0,4987.4,4851.1,4899.8,V8_LIBERAL_EOD,IT
CIPLA,2026-03-26,2026-03-27,BEAR,80.0,80.0,1.547,1.288,-1.438,1.1,0.715,0,27.27,1215.1,1237.59,1215.1,1230.75,V8_LIBERAL_EOD,PHARMA
TCS,2026-04-01,2026-04-02,NEUTRAL,80.0,80.0,1.278,2.712,-0.922,1.69,1.098,0,65.0,2341.24,2423.57,2331.14,2404.73,V8_LIBERAL_EOD,IT
SUNPHARMA,2026-04-01,2026-04-02,NEUTRAL,80.0,80.0,1.435,1.718,-3.674,1.2,0.779,1,38.82,1660.65,1695.56,1615.77,1689.17,V8_LIBERAL_EOD,PHARMA
DRREDDY,2026-04-01,2026-04-02,NEUTRAL,80.0,80.0,1.826,2.509,-1.827,1.3,0.845,1,35.77,1180.02,1214.9,1160.14,1209.63,V8_LIBERAL_EOD,PHARMA
DLF,2026-04-01,2026-04-02,NEUTRAL,80.0,80.0,1.445,4.242,-1.717,1.59,1.033,1,19.44,494.79,517.95,483.33,515.77,V8_LIBERAL_EOD,REALTY
TRENT,2026-04-03,2026-04-06,BEAR,100.0,90.0,4.43,5.466,2.374,2.23,1.45,0,93.33,2419.69,2575.86,2419.69,2551.96,V8_LIBERAL_EOD,CONS
KAYNES,2026-04-03,2026-04-06,BEAR,100.0,85.0,1.448,4.47,0.28,1.3,0.845,0,180.5,3547.9,3723.9,3460.0,3706.5,V8_LIBERAL_EOD,TECH
GODREJPROP,2026-04-03,2026-04-06,BEAR,80.0,80.0,1.916,4.463,0.577,1.52,0.99,0,65.33,1509.7,1584.34,1486.61,1577.08,V8_LIBERAL_EOD,REALTY
BAJAJ-AUTO,2026-04-09,2026-04-10,BULL,80.0,80.0,1.893,4.399,-1.229,2.14,1.39,0,272.9,9269.55,9707.39,9269.05,9677.31,V8_LIBERAL_EOD,AUTO
HEROMOTOCO,2026-04-09,2026-04-10,BULL,80.0,80.0,1.467,3.2,0.246,1.37,0.888,0,183.03,5297.0,5484.5,5295.5,5466.5,V8_LIBERAL_EOD,AUTO
RELIANCE,2026-04-27,2026-04-28,NEUTRAL,80.0,85.0,2.144,2.275,-0.571,1.58,1.026,0,31.29,1351.75,1388.78,1350.75,1382.51,V8_LIBERAL_EOD,ENERGY
SUNPHARMA,2026-04-27,2026-04-28,NEUTRAL,80.0,85.0,2.649,1.352,-0.548,1.07,0.694,0,49.68,1719.49,1759.29,1709.82,1742.73,V8_LIBERAL_EOD,PHARMA
DIXON,2026-04-27,2026-04-28,NEUTRAL,80.0,80.0,1.275,0.762,0.284,1.07,0.695,0,387.55,11284.0,11595.0,11254.5,11370.0,V8_LIBERAL_EOD,TECH
KOTAKBANK,2026-05-05,2026-05-06,NEUTRAL,100.0,85.0,1.704,0.695,0.714,0.85,-1.0,1,9.36,373.36,379.35,365.02,375.95,V8_LIBERAL_EOD,BANK
ICICIGI,2026-05-05,2026-05-06,NEUTRAL,100.0,90.0,2.222,1.395,0.456,1.15,0.749,0,43.34,1778.25,1815.71,1768.49,1803.05,V8_LIBERAL_EOD,FINSERV
ICICIBANK,2026-05-05,2026-05-06,NEUTRAL,80.0,80.0,1.543,1.387,0.855,1.02,0.663,0,27.19,1262.0,1282.8,1252.1,1279.5,V8_LIBERAL_EOD,BANK
SBIN,2026-05-05,2026-05-06,NEUTRAL,80.0,80.0,1.296,2.239,1.142,1.6,1.038,0,23.86,1053.02,1081.6,1042.41,1076.59,V8_LIBERAL_EOD,BANK
BPCL,2026-05-05,2026-05-06,NEUTRAL,80.0,80.0,1.74,3.069,2.077,1.76,1.147,0,8.99,304.7,316.6,301.85,314.05,V8_LIBERAL_EOD,ENERGY
LUPIN,2026-05-05,2026-05-06,NEUTRAL,80.0,85.0,2.86,3.412,0.811,2.67,1.734,0,47.99,2345.29,2441.3,2333.48,2425.31,V8_LIBERAL_EOD,PHARMA
M&M,2026-05-05,2026-05-06,NEUTRAL,80.0,80.0,1.939,1.72,1.065,1.03,0.669,0,90.62,3211.28,3281.24,3209.79,3266.5,V8_LIBERAL_EOD,AUTO
TITAN,2026-05-07,2026-05-08,BULL,80.0,85.0,5.828,4.52,0.151,3.95,2.57,1,97.82,4299.89,4589.94,4199.62,4494.25,V8_LIBERAL_EOD,CONS
BHARTIARTL,2026-05-11,2026-05-12,BEAR,80.0,80.0,1.37,0.303,-0.472,0.82,0.212,0,40.47,1751.5,1776.5,1751.5,1756.8,V8_LIBERAL_EOD,TELECOM
DLF,2026-05-13,2026-05-14,BEAR,100.0,85.0,1.966,1.949,-0.357,1.3,0.847,1,16.51,565.01,581.15,546.93,576.02,V8_LIBERAL_EOD,REALTY
BHARTIARTL,2026-05-13,2026-05-14,BEAR,100.0,90.0,2.347,3.489,1.721,2.27,1.475,1,40.66,1820.0,1889.2,1797.3,1883.5,V8_LIBERAL_EOD,TELECOM
HDFCBANK,2026-05-13,2026-05-14,BEAR,80.0,80.0,1.459,2.47,0.187,2.06,1.341,0,17.36,738.78,765.64,734.85,757.03,V8_LIBERAL_EOD,BANK
JSWSTEEL,2026-05-13,2026-05-14,BEAR,80.0,85.0,2.567,0.699,1.02,0.87,0.234,0,27.62,1280.54,1298.54,1274.58,1289.49,V8_LIBERAL_EOD,METAL
TECHM,2026-05-15,2026-05-18,BEAR,80.0,85.0,3.411,4.862,-0.496,2.44,1.584,0,39.46,1329.16,1401.28,1329.16,1393.78,V8_LIBERAL_EOD,IT
JSWSTEEL,2026-05-15,2026-05-18,BEAR,80.0,80.0,1.592,1.0,0.094,1.02,0.661,1,28.7,1272.69,1294.56,1251.11,1285.42,V8_LIBERAL_EOD,METAL
SIEMENS,2026-05-15,2026-05-18,BEAR,80.0,80.0,1.423,0.281,1.3,0.85,0.227,0,31.59,1938.84,1959.05,1938.84,1944.29,V8_LIBERAL_EOD,MFNG
IOC,2026-05-19,2026-05-20,NEUTRAL,80.0,80.0,1.445,2.502,-0.244,1.29,0.839,0,3.98,134.67,138.52,133.0,138.04,V8_LIBERAL_EOD,ENERGY
WIPRO,2026-05-21,2026-05-22,NEUTRAL,80.0,85.0,2.247,1.555,0.13,1.81,1.175,0,3.98,200.0,205.4,198.83,203.11,V8_LIBERAL_EOD,IT
EICHERMOT,2026-05-21,2026-05-22,NEUTRAL,80.0,80.0,1.268,0.816,0.479,0.88,0.238,0,176.54,6925.0,7041.0,6908.5,6981.5,V8_LIBERAL_EOD,AUTO
TRENT,2026-05-21,2026-05-22,NEUTRAL,80.0,80.0,1.678,2.566,0.446,1.45,0.945,0,76.86,2788.55,2872.36,2767.44,2860.11,V8_LIBERAL_EOD,CONS
COALINDIA,2026-05-29,2026-06-01,NEUTRAL,80.0,80.0,1.73,3.516,-0.295,2.1,1.367,0,12.96,456.55,477.0,456.55,472.6,V8_LIBERAL_EOD,ENERGY
TCS,2026-05-29,2026-06-01,NEUTRAL,80.0,80.0,1.548,0.587,1.111,1.33,0.867,0,50.68,2271.55,2322.27,2267.57,2284.87,V8_LIBERAL_EOD,IT
HCLTECH,2026-05-29,2026-06-01,NEUTRAL,80.0,80.0,1.982,0.42,0.532,1.18,0.766,0,25.43,1178.07,1200.54,1178.07,1183.02,V8_LIBERAL_EOD,IT
MPHASIS,2026-05-29,2026-06-01,NEUTRAL,80.0,80.0,1.515,1.072,0.643,1.75,1.135,0,64.7,2226.31,2311.04,2223.2,2250.17,V8_LIBERAL_EOD,IT
DIVISLAB,2026-06-02,2026-06-03,BEAR,80.0,80.0,1.444,0.867,-0.199,0.77,0.183,0,146.94,6520.0,6604.5,6460.0,6576.5,V8_LIBERAL_EOD,PHARMA
MARUTI,2026-06-02,2026-06-03,BEAR,80.0,80.0,1.687,0.231,-0.061,0.86,0.229,0,298.32,13014.0,13206.0,12911.0,13044.0,V8_LIBERAL_EOD,AUTO
CHOLAFIN,2026-06-04,2026-06-05,BEAR,100.0,85.0,1.986,1.123,0.034,1.75,1.137,0,47.6,1485.92,1548.39,1479.52,1502.61,V8_LIBERAL_EOD,FINSERV
SBIN,2026-06-08,2026-06-09,BEAR,100.0,85.0,1.434,1.797,0.311,1.45,0.942,0,22.09,985.0,1009.0,983.0,1002.7,V8_LIBERAL_EOD,BANK
ICICIBANK,2026-06-08,2026-06-09,BEAR,80.0,80.0,1.492,1.594,0.384,1.39,0.902,0,23.94,1255.0,1279.9,1252.7,1275.0,V8_LIBERAL_EOD,BANK
DIVISLAB,2026-06-08,2026-06-09,BEAR,80.0,85.0,2.911,3.336,0.215,2.3,1.496,0,147.71,6535.0,6790.0,6535.0,6753.0,V8_LIBERAL_EOD,PHARMA
ICICIBANK,2026-06-10,2026-06-11,BEAR,80.0,85.0,2.225,2.371,-0.526,2.47,1.606,0,25.09,1286.5,1333.0,1286.5,1317.0,V8_LIBERAL_EOD,BANK
JSWSTEEL,2026-06-10,2026-06-11,BEAR,80.0,80.0,1.294,1.288,-0.299,1.37,0.888,0,26.58,1258.77,1286.01,1253.8,1274.98,V8_LIBERAL_EOD,METAL
M&M,2026-06-12,2026-06-15,BULL,80.0,80.0,1.686,1.434,1.548,1.3,0.846,0,78.09,3057.89,3134.09,3046.01,3101.73,V8_LIBERAL_EOD,AUTO
MARUTI,2026-06-12,2026-06-15,BULL,80.0,80.0,1.487,1.882,1.377,1.94,1.262,0,282.2,13550.0,13961.0,13520.0,13805.0,V8_LIBERAL_EOD,AUTO
DLF,2026-06-12,2026-06-15,BULL,80.0,85.0,2.869,2.238,2.376,1.56,1.017,0,16.24,593.55,612.61,590.88,606.83,V8_LIBERAL_EOD,REALTY
HAL,2026-06-12,2026-06-15,BULL,80.0,80.0,1.382,1.174,1.019,1.41,0.919,0,102.76,4235.0,4344.0,4202.6,4284.7,V8_LIBERAL_EOD,INFRA
HINDALCO,2026-06-16,2026-06-17,BULL,80.0,80.0,1.6,2.325,0.265,1.14,0.738,0,31.07,979.89,1006.35,966.16,1002.67,V8_LIBERAL_EOD,METAL
KAYNES,2026-06-16,2026-06-17,BULL,80.0,80.0,1.593,1.732,0.485,0.99,0.297,0,124.73,3193.0,3286.0,3185.7,3248.3,V8_LIBERAL_EOD,TECH
TCS,2026-06-18,2026-06-19,BULL,80.0,85.0,3.613,0.95,-4.461,0.79,-1.0,1,55.13,2093.52,2126.34,2048.67,2113.41,V8_LIBERAL_EOD,IT
WIPRO,2026-06-18,2026-06-19,BULL,80.0,80.0,1.486,2.286,-3.325,1.32,0.855,0,4.78,176.76,181.48,174.89,180.8,V8_LIBERAL_EOD,IT
TECHM,2026-06-18,2026-06-19,BULL,80.0,85.0,2.94,4.415,-6.749,2.16,1.402,0,40.5,1315.81,1381.3,1309.96,1373.9,V8_LIBERAL_EOD,IT
DRREDDY,2026-06-22,2026-06-23,BULL,80.0,85.0,2.679,0.316,0.504,1.76,1.145,0,24.3,1289.03,1321.12,1286.74,1293.1,V8_LIBERAL_EOD,PHARMA
MARUTI,2026-06-24,2026-06-25,NEUTRAL,80.0,85.0,2.408,2.897,0.83,2.65,1.721,0,278.72,13225.18,13778.62,13193.5,13608.33,V8_LIBERAL_EOD,AUTO
KAYNES,2026-06-24,2026-06-25,NEUTRAL,80.0,85.0,2.717,1.231,0.684,1.75,1.137,0,122.71,3225.0,3386.0,3212.0,3264.7,V8_LIBERAL_EOD,TECH
NESTLEIND,2026-06-30,2026-07-01,NEUTRAL,100.0,85.0,1.49,2.757,0.683,2.08,1.349,0,28.83,1408.03,1452.92,1401.16,1446.84,V8_LIBERAL_EOD,FMCG
BRITANNIA,2026-06-30,2026-07-01,NEUTRAL,100.0,85.0,1.765,2.244,0.0,2.09,1.355,0,82.81,5146.5,5276.0,5115.0,5262.0,V8_LIBERAL_EOD,FMCG
KOTAKBANK,2026-06-30,2026-07-01,NEUTRAL,80.0,80.0,1.487,0.78,1.3,0.7,-1.0,1,7.67,396.67,400.71,392.57,399.76,V8_LIBERAL_EOD,BANK
HINDUNILVR,2026-06-30,2026-07-01,NEUTRAL,80.0,85.0,2.04,2.273,0.722,1.95,1.266,0,38.67,2133.5,2190.0,2120.2,2182.0,V8_LIBERAL_EOD,FMCG
DABUR,2026-06-30,2026-07-01,NEUTRAL,80.0,85.0,5.609,5.167,0.166,4.09,3.0,0,7.75,417.48,441.28,417.24,439.05,V8_LIBERAL_EOD,FMCG
MPHASIS,2026-07-02,2026-07-03,BULL,80.0,85.0,2.344,1.127,1.14,1.14,0.741,0,68.3,2211.71,2270.14,2208.78,2236.64,V8_LIBERAL_EOD,IT
KOTAKBANK,2026-07-08,2026-07-09,BEAR,80.0,80.0,1.477,1.521,0.378,1.03,0.669,0,8.34,370.86,377.3,367.77,376.5,V8_LIBERAL_EOD,BANK
RELIANCE,2026-07-08,2026-07-09,BEAR,80.0,80.0,1.256,0.211,0.094,1.12,0.727,0,23.13,1277.1,1296.5,1274.2,1279.8,V8_LIBERAL_EOD,ENERGY
BHARTIARTL,2026-07-08,2026-07-09,BEAR,80.0,80.0,1.988,1.53,0.736,2.51,1.875,0,34.05,1902.0,1966.0,1898.8,1931.1,V8_LIBERAL_EOD,TELECOM
TCS,2026-07-10,2026-07-13,NEUTRAL,80.0,85.0,2.663,5.133,0.29,2.84,1.848,0,60.58,2063.68,2192.88,2053.84,2169.6,V8_LIBERAL_EOD,IT
BAJAJ-AUTO,2026-07-10,2026-07-13,NEUTRAL,80.0,85.0,3.421,2.986,-0.748,2.32,1.51,0,207.71,10080.0,10442.0,10030.5,10381.0,V8_LIBERAL_EOD,AUTO
SBIN,2026-07-14,2026-07-15,NEUTRAL,80.0,80.0,1.403,1.438,0.01,1.41,0.915,0,19.42,1015.5,1036.0,1013.7,1030.1,V8_LIBERAL_EOD,BANK
BPCL,2026-07-14,2026-07-15,NEUTRAL,80.0,80.0,1.376,1.176,0.213,0.88,0.242,0,7.77,306.0,311.15,306.0,309.6,V8_LIBERAL_EOD,ENERGY
TATAMOTORS,2026-07-14,2026-07-15,NEUTRAL,80.0,80.0,1.345,0.845,0.623,1.12,0.727,0,12.47,420.0,430.45,419.55,423.55,V8_LIBERAL_EOD,AUTO
POWERGRID,2026-07-16,2026-07-17,NEUTRAL,100.0,85.0,1.391,0.997,0.0,0.96,0.281,0,4.99,280.75,284.35,279.65,283.55,V8_LIBERAL_EOD,ENERGY
AXISBANK,2026-07-16,2026-07-17,NEUTRAL,80.0,85.0,2.033,1.645,-0.046,1.3,0.844,0,26.7,1307.0,1333.0,1305.0,1328.5,V8_LIBERAL_EOD,BANK
RELIANCE,2026-07-16,2026-07-17,NEUTRAL,80.0,80.0,1.512,2.092,0.262,1.83,1.19,0,22.07,1300.0,1330.3,1296.1,1327.2,V8_LIBERAL_EOD,ENERGY
WIPRO,2026-07-16,2026-07-17,NEUTRAL,80.0,80.0,1.452,1.412,-2.357,0.91,0.256,0,3.97,173.55,176.26,173.55,176.0,V8_LIBERAL_EOD,IT
JSWSTEEL,2026-07-16,2026-07-17,NEUTRAL,80.0,85.0,2.136,1.335,0.0,1.26,0.817,0,24.3,1221.0,1243.9,1218.0,1237.3,V8_LIBERAL_EOD,METAL
AXISBANK,2026-07-20,2026-07-21,NEUTRAL,80.0,80.0,1.811,1.06,-0.876,0.99,0.295,0,30.55,1245.0,1267.7,1244.5,1258.2,V8_LIBERAL_EOD,BANK
BPCL,2026-07-22,2026-07-23,NEUTRAL,80.0,80.0,1.519,1.457,-2.739,1.93,1.251,0,8.03,305.4,317.0,305.1,309.85,V8_LIBERAL_EOD,ENERGY
DRREDDY,2026-07-22,2026-07-23,NEUTRAL,80.0,80.0,1.995,5.931,-6.916,3.13,2.031,0,30.12,1101.0,1171.6,1101.0,1166.3,V8_LIBERAL_EOD,PHARMA
HEROMOTOCO,2026-07-22,2026-07-23,NEUTRAL,80.0,85.0,2.908,3.744,-0.0,2.85,1.853,0,97.35,4914.81,5122.94,4907.91,5098.8,V8_LIBERAL_EOD,AUTO
ITC,2026-07-22,2026-07-23,NEUTRAL,80.0,80.0,1.768,0.482,-0.303,1.32,0.861,0,4.08,279.95,284.0,279.65,281.3,V8_LIBERAL_EOD,FMCG
SIEMENS,2026-07-24,2026-07-27,BEAR,100.0,85.0,1.353,0.291,1.056,0.98,0.29,0,29.97,2062.34,2084.38,2062.34,2068.34,V8_LIBERAL_EOD,MFNG
CHOLAFIN,2026-07-24,2026-07-27,BEAR,80.0,80.0,1.742,2.362,1.137,1.76,1.141,0,45.95,1744.0,1804.5,1743.8,1785.2,V8_LIBERAL_EOD,FINSERV
COFORGE,2026-07-24,2026-07-27,BEAR,80.0,80.0,1.586,2.2,0.727,1.15,0.748,0,49.22,1488.61,1531.11,1482.54,1521.36,V8_LIBERAL_EOD,IT
LUPIN,2026-07-24,2026-07-27,BEAR,80.0,80.0,1.528,1.645,0.021,1.54,1.002,0,52.84,2371.0,2432.1,2368.1,2410.0,V8_LIBERAL_EOD,PHARMA
WIPRO,2026-07-28,2026-07-29,BEAR,80.0,80.0,1.968,0.333,1.038,0.99,0.297,0,3.7,183.0,185.76,181.45,183.61,V8_LIBERAL_EOD,IT
CIPLA,2026-07-28,2026-07-29,BEAR,80.0,80.0,1.32,1.606,0.443,1.64,1.069,0,32.6,1451.0,1491.2,1442.0,1474.3,V8_LIBERAL_EOD,PHARMA
MARUTI,2026-07-28,2026-07-29,BEAR,80.0,80.0,1.443,1.219,-0.159,0.92,0.262,0,286.04,13642.98,13840.99,13583.58,13809.31,V8_LIBERAL_EOD,AUTO
ITC,2026-07-28,2026-07-29,BEAR,80.0,80.0,1.286,0.228,0.334,1.07,0.695,0,4.3,285.6,289.05,284.15,286.25,V8_LIBERAL_EOD,FMCG
HINDUNILVR,2026-07-28,2026-07-29,BEAR,80.0,85.0,2.485,3.282,1.374,2.05,1.335,0,47.08,2050.5,2123.0,2047.0,2117.8,V8_LIBERAL_EOD,FMCG
BRITANNIA,2026-07-28,2026-07-29,BEAR,80.0,80.0,1.591,0.327,0.383,1.06,0.69,0,101.92,5409.41,5490.56,5398.59,5427.11,V8_LIBERAL_EOD,FMCG
DABUR,2026-07-28,2026-07-29,BEAR,80.0,80.0,1.258,1.474,0.659,1.28,0.832,0,8.23,427.4,435.3,427.0,433.7,V8_LIBERAL_EOD,FMCG
TRENT,2026-07-28,2026-07-29,BEAR,80.0,80.0,1.256,2.218,0.317,1.28,0.834,0,72.85,2940.0,3010.1,2916.5,3005.2,V8_LIBERAL_EOD,CONS
LT,2026-07-28,2026-07-29,BEAR,80.0,80.0,1.647,0.924,1.654,1.71,1.114,0,64.44,3895.4,3978.2,3891.1,3931.4,V8_LIBERAL_EOD,INFRA
KAYNES,2026-07-28,2026-07-29,BEAR,80.0,85.0,8.396,11.238,1.342,5.42,1.875,0,101.79,3271.0,3685.0,3270.2,3638.6,V8_LIBERAL_EOD,TECH
ADANIPORTS,2026-07-30,2026-07-31,BULL,80.0,85.0,2.016,1.344,0.595,1.11,0.719,1,41.1,1674.0,1708.1,1650.0,1696.5,V8_LIBERAL_EOD,INFRA
TATAMOTORS,2026-07-30,2026-07-31,BULL,80.0,85.0,3.47,5.266,0.0,3.1,2.012,0,11.07,414.95,440.65,414.25,436.8,V8_LIBERAL_EOD,AUTO
BEL,2026-07-30,2026-07-31,BULL,80.0,80.0,1.275,0.74,0.026,0.99,0.293,0,7.57,384.48,390.07,384.48,387.32,V8_LIBERAL_EOD,INFRA
RELIANCE,2026-08-05,2026-08-06,BULL,80.0,80.0,1.813,3.113,0.391,2.4,1.563,0,22.29,1285.0,1325.2,1281.2,1325.0,V8_LIBERAL_EOD,ENERGY
SBIN,2026-08-11,2026-08-12,NEUTRAL,80.0,80.0,1.477,1.501,0.0,1.18,0.77,0,21.95,1066.0,1085.5,1066.0,1082.0,V8_LIBERAL_EOD,BANK
BHARTIARTL,2026-08-11,2026-08-12,NEUTRAL,80.0,80.0,1.791,1.907,-0.345,1.42,0.922,0,34.21,1908.6,1945.0,1901.3,1945.0,V8_LIBERAL_EOD,TELECOM
BPCL,2026-08-13,2026-08-14,NEUTRAL,80.0,80.0,1.76,1.461,-0.048,0.9,0.25,0,6.82,314.85,319.45,314.05,319.45,V8_LIBERAL_EOD,ENERGY
ADANIENT,2026-08-13,2026-08-14,NEUTRAL,80.0,80.0,1.699,2.364,0.003,1.62,1.05,0,68.5,2965.0,3048.0,2950.0,3035.1,V8_LIBERAL_EOD,ENERGY
BHARTIARTL,2026-08-13,2026-08-14,NEUTRAL,80.0,80.0,1.684,2.733,0.0,2.53,1.641,0,35.22,1939.1,2005.8,1932.0,1992.1,V8_LIBERAL_EOD,TELECOM
ITC,2026-08-19,2026-08-20,BEAR,80.0,85.0,2.492,1.286,0.431,1.05,0.683,1,4.38,268.2,271.65,265.0,271.65,V8_LIBERAL_EOD,FMCG
SUNPHARMA,2026-08-21,2026-08-24,NEUTRAL,80.0,80.0,1.53,0.399,0.0,0.86,0.231,0,31.87,1902.4,1923.0,1892.6,1910.0,V8_LIBERAL_EOD,PHARMA
TATASTEEL,2026-08-21,2026-08-24,NEUTRAL,80.0,80.0,1.717,1.168,0.628,0.78,0.192,0,3.66,184.15,186.3,183.06,186.3,V8_LIBERAL_EOD,METAL
TATASTEEL,2026-08-25,2026-08-26,NEUTRAL,100.0,85.0,1.411,0.815,-0.241,1.27,0.823,1,3.64,186.49,189.95,184.29,188.01,V8_LIBERAL_EOD,METAL
HCLTECH,2026-08-27,2026-08-28,BEAR,80.0,85.0,2.317,2.023,0.624,1.99,1.291,0,29.67,1290.0,1334.2,1290.0,1316.1,V8_LIBERAL_EOD,IT
HDFCBANK,2026-08-31,2026-09-01,BEAR,80.0,80.0,1.689,0.972,-0.557,1.13,0.733,1,12.29,705.05,715.45,698.5,711.9,V8_LIBERAL_EOD,BANK
ADANIPORTS,2026-08-31,2026-09-01,BEAR,80.0,80.0,1.537,1.385,2.002,1.12,0.73,0,36.34,1625.0,1655.6,1625.0,1647.5,V8_LIBERAL_EOD,INFRA
HCLTECH,2026-08-31,2026-09-01,BEAR,80.0,85.0,2.067,2.682,0.297,2.25,1.459,0,30.82,1316.1,1368.0,1313.1,1351.4,V8_LIBERAL_EOD,IT
ITC,2026-08-31,2026-09-01,BEAR,80.0,85.0,2.198,1.95,2.348,1.91,1.241,0,4.68,261.5,268.2,261.5,266.6,V8_LIBERAL_EOD,FMCG
DLF,2026-09-02,2026-09-03,BEAR,80.0,80.0,1.504,1.587,-0.379,1.4,0.913,0,17.42,671.0,689.35,671.0,681.65,V8_LIBERAL_EOD,REALTY
GODREJPROP,2026-09-02,2026-09-03,BEAR,80.0,85.0,2.551,1.909,-0.34,2.16,1.402,0,57.3,1964.0,2056.7,1960.0,2001.5,V8_LIBERAL_EOD,REALTY
SUNPHARMA,2025-10-01,2025-10-03,BEAR,80.0,80.0,1.371,1.95,-2.212,2.02,1.315,0,29.71,1585.52,1630.61,1585.52,1616.44,V9_LIBERAL_EOD_NOCAP,PHARMA
DRREDDY,2025-10-01,2025-10-03,BEAR,80.0,80.0,1.385,0.338,-0.064,1.15,0.745,0,24.84,1236.06,1257.43,1232.19,1240.23,V9_LIBERAL_EOD_NOCAP,PHARMA
DIVISLAB,2025-10-01,2025-10-03,BEAR,80.0,80.0,1.497,1.849,0.867,1.92,1.251,0,119.54,5759.5,5932.0,5746.0,5866.0,V9_LIBERAL_EOD_NOCAP,PHARMA
LODHA,2025-10-06,2025-10-07,BULL,80.0,85.0,5.86,2.415,0.26,1.59,1.033,1,28.68,1118.0,1152.2,1098.8,1145.0,V9_LIBERAL_EOD_NOCAP,REALTY
ICICIGI,2025-10-14,2025-10-15,NEUTRAL,80.0,85.0,12.316,6.607,2.173,5.12,3.0,0,37.46,1881.82,2025.7,1881.82,2006.14,V9_LIBERAL_EOD_NOCAP,FINSERV
CIPLA,2025-10-14,2025-10-15,NEUTRAL,80.0,80.0,1.657,0.561,-0.148,0.71,0.156,0,27.49,1535.59,1550.26,1531.63,1544.21,V9_LIBERAL_EOD_NOCAP,PHARMA
GODREJPROP,2025-10-14,2025-10-15,NEUTRAL,80.0,85.0,2.14,3.289,0.496,1.97,1.278,0,52.25,2057.65,2134.68,2057.45,2125.33,V9_LIBERAL_EOD_NOCAP,REALTY
NESTLEIND,2025-10-14,2025-10-15,NEUTRAL,80.0,85.0,2.251,3.905,0.0,3.27,2.126,0,19.97,1163.59,1212.59,1163.59,1209.03,V9_LIBERAL_EOD_NOCAP,FMCG
HAL,2025-10-14,2025-10-15,NEUTRAL,80.0,80.0,1.262,2.069,0.004,1.94,1.259,0,90.82,4707.88,4839.79,4707.88,4805.28,V9_LIBERAL_EOD_NOCAP,INFRA
RELIANCE,2025-10-16,2025-10-17,BULL,80.0,80.0,1.919,1.128,0.193,1.7,1.105,0,17.41,1394.55,1416.75,1392.66,1410.28,V9_LIBERAL_EOD_NOCAP,ENERGY
ITC,2025-10-16,2025-10-17,BULL,80.0,80.0,1.492,1.678,0.049,2.38,1.548,0,4.54,386.5,394.6,386.4,392.98,V9_LIBERAL_EOD_NOCAP,FMCG
HINDUNILVR,2025-10-16,2025-10-17,BULL,80.0,80.0,1.744,1.489,0.156,1.54,0.999,0,42.19,2519.86,2568.48,2514.46,2557.38,V9_LIBERAL_EOD_NOCAP,FMCG
BRITANNIA,2025-10-16,2025-10-17,BULL,80.0,80.0,1.633,0.762,0.191,1.31,0.851,0,114.0,6037.0,6149.0,5994.0,6083.0,V9_LIBERAL_EOD_NOCAP,FMCG
BEL,2025-10-16,2025-10-17,BULL,80.0,80.0,1.699,0.597,-0.352,1.56,1.013,0,8.22,408.61,418.22,407.91,411.05,V9_LIBERAL_EOD_NOCAP,INFRA
KOTAKBANK,2025-10-27,2025-10-28,BULL,80.0,80.0,1.52,0.878,-0.307,0.85,0.223,0,8.21,427.66,432.87,427.66,431.42,V9_LIBERAL_EOD_NOCAP,BANK
COALINDIA,2025-10-29,2025-10-30,BULL,80.0,85.0,2.269,1.24,0.249,1.33,0.866,1,5.77,367.98,373.75,364.48,372.55,V9_LIBERAL_EOD_NOCAP,ENERGY
FEDERALBNK,2025-10-31,2025-11-03,NEUTRAL,80.0,80.0,1.568,0.213,-3.407,0.74,0.169,0,30.37,2277.79,2294.61,2268.43,2282.63,V9_LIBERAL_EOD_NOCAP,BANK
LUPIN,2025-10-31,2025-11-03,NEUTRAL,80.0,85.0,2.604,0.854,0.178,1.47,0.955,1,36.94,1952.84,1993.55,1932.59,1969.52,V9_LIBERAL_EOD_NOCAP,PHARMA
DLF,2025-10-31,2025-11-03,NEUTRAL,80.0,80.0,1.785,2.94,-0.165,2.73,1.776,0,14.22,745.64,774.77,743.02,767.56,V9_LIBERAL_EOD_NOCAP,REALTY
LODHA,2025-10-31,2025-11-03,NEUTRAL,80.0,80.0,1.533,2.925,0.175,1.93,1.255,0,27.63,1200.0,1240.0,1196.8,1235.1,V9_LIBERAL_EOD_NOCAP,REALTY
DABUR,2025-10-31,2025-11-03,NEUTRAL,80.0,80.0,1.703,3.114,0.113,2.22,1.446,0,9.62,479.32,495.37,476.86,494.25,V9_LIBERAL_EOD_NOCAP,FMCG
CHOLAFIN,2025-11-06,2025-11-07,BEAR,80.0,80.0,1.338,2.306,-1.063,1.48,0.961,0,44.58,1663.6,1713.05,1642.73,1701.96,V9_LIBERAL_EOD_NOCAP,FINSERV
ADANIENT,2025-11-06,2025-11-07,BEAR,80.0,85.0,2.153,2.35,0.03,1.9,1.233,0,61.49,2313.97,2401.43,2290.38,2368.34,V9_LIBERAL_EOD_NOCAP,ENERGY
HINDALCO,2025-11-06,2025-11-07,BEAR,80.0,80.0,1.36,0.241,0.013,0.97,0.283,0,19.35,784.41,798.43,778.94,786.3,V9_LIBERAL_EOD_NOCAP,METAL
BRITANNIA,2025-11-06,2025-11-07,BEAR,80.0,85.0,2.052,3.141,-0.723,2.14,1.389,0,124.44,5970.0,6169.5,5913.5,6157.5,V9_LIBERAL_EOD_NOCAP,FMCG
TRENT,2025-11-10,2025-11-11,BEAR,80.0,80.0,1.672,0.484,0.264,0.85,0.224,0,109.95,4288.66,4358.56,4256.81,4309.43,V9_LIBERAL_EOD_NOCAP,CONS
HAL,2025-11-10,2025-11-11,BEAR,80.0,80.0,1.483,1.408,0.111,1.26,0.819,0,87.05,4755.59,4837.81,4747.56,4822.53,V9_LIBERAL_EOD_NOCAP,INFRA
KOTAKBANK,2025-11-14,2025-11-17,BULL,80.0,85.0,2.314,0.377,0.736,1.0,0.651,0,6.62,418.28,423.25,417.76,419.86,V9_LIBERAL_EOD_NOCAP,BANK
HEROMOTOCO,2025-11-14,2025-11-17,BULL,80.0,85.0,2.66,3.748,0.912,2.46,1.598,0,117.54,5482.15,5698.92,5464.49,5687.64,V9_LIBERAL_EOD_NOCAP,AUTO
EICHERMOT,2025-11-14,2025-11-17,BULL,80.0,80.0,1.517,1.025,0.523,0.77,0.187,0,135.97,6730.0,6809.0,6675.0,6799.0,V9_LIBERAL_EOD_NOCAP,AUTO
MPHASIS,2025-11-20,2025-11-21,BULL,80.0,85.0,2.038,0.446,-0.201,0.77,0.184,0,71.54,2663.49,2704.69,2642.65,2675.37,V9_LIBERAL_EOD_NOCAP,IT
BAJFINANCE,2025-11-26,2025-11-27,BULL,80.0,80.0,1.827,1.792,0.485,1.7,1.106,0,22.83,1009.4,1038.52,1004.72,1027.48,V9_LIBERAL_EOD_NOCAP,FINSERV
JSWSTEEL,2025-11-28,2025-12-01,BULL,100.0,90.0,2.047,0.3,0.396,1.07,0.696,0,24.88,1158.25,1178.23,1150.69,1161.73,V9_LIBERAL_EOD_NOCAP,METAL
ITC,2025-11-28,2025-12-01,BULL,80.0,80.0,1.636,0.36,-0.359,0.78,-1.0,1,4.42,384.07,386.64,379.68,385.45,V9_LIBERAL_EOD_NOCAP,FMCG
FEDERALBNK,2025-12-04,2025-12-05,NEUTRAL,100.0,85.0,1.669,0.288,-1.678,0.77,0.185,0,37.22,2376.62,2398.12,2376.62,2383.45,V9_LIBERAL_EOD_NOCAP,BANK
SBIN,2025-12-04,2025-12-05,NEUTRAL,80.0,80.0,1.602,2.387,0.079,2.26,1.47,0,14.16,932.05,956.07,929.94,954.3,V9_LIBERAL_EOD_NOCAP,BANK
ADANIENT,2025-12-04,2025-12-05,NEUTRAL,80.0,80.0,1.547,2.142,-0.0,1.13,0.732,0,59.97,2216.91,2267.59,2201.92,2264.39,V9_LIBERAL_EOD_NOCAP,ENERGY
DLF,2025-12-08,2025-12-09,BEAR,80.0,80.0,1.411,0.811,-0.429,1.32,0.858,0,14.47,676.01,690.33,671.07,681.49,V9_LIBERAL_EOD_NOCAP,REALTY
GODREJPROP,2025-12-08,2025-12-09,BEAR,80.0,85.0,2.969,3.706,-0.258,1.95,1.271,0,55.25,1960.52,2041.53,1942.61,2033.17,V9_LIBERAL_EOD_NOCAP,REALTY
TRENT,2025-12-08,2025-12-09,BEAR,80.0,85.0,2.414,0.884,-1.0,1.11,0.725,1,81.81,4043.62,4112.02,3982.12,4079.37,V9_LIBERAL_EOD_NOCAP,CONS
BEL,2025-12-08,2025-12-09,BEAR,80.0,80.0,1.664,1.143,-0.349,0.87,0.237,0,9.04,383.42,389.34,378.94,387.8,V9_LIBERAL_EOD_NOCAP,INFRA
TATASTEEL,2025-12-10,2025-12-11,BEAR,100.0,85.0,1.767,1.761,0.783,1.29,0.842,0,3.19,160.2,163.29,159.87,163.02,V9_LIBERAL_EOD_NOCAP,METAL
PERSISTENT,2025-12-10,2025-12-11,BEAR,80.0,80.0,1.572,2.69,0.133,1.7,1.107,0,146.69,6019.91,6207.23,5997.49,6181.83,V9_LIBERAL_EOD_NOCAP,IT
DIVISLAB,2025-12-10,2025-12-11,BEAR,80.0,80.0,1.385,2.055,0.095,2.22,1.442,0,118.69,6300.5,6498.0,6274.0,6430.0,V9_LIBERAL_EOD_NOCAP,PHARMA
ABB,2025-12-10,2025-12-11,BEAR,80.0,80.0,1.867,1.717,0.039,1.46,0.95,0,93.99,5133.01,5236.08,5126.03,5221.15,V9_LIBERAL_EOD_NOCAP,MFNG
DIXON,2025-12-10,2025-12-11,BEAR,80.0,85.0,4.224,5.175,-0.016,2.02,1.312,0,449.71,12349.0,13030.0,12130.0,12988.0,V9_LIBERAL_EOD_NOCAP,TECH
KAYNES,2025-12-10,2025-12-11,BEAR,80.0,80.0,1.833,3.258,0.604,0.87,0.234,0,330.36,3914.0,4129.0,3830.0,4041.5,V9_LIBERAL_EOD_NOCAP,TECH
IOC,2025-12-12,2025-12-15,NEUTRAL,80.0,85.0,3.343,2.046,0.916,1.61,1.045,1,3.04,158.26,161.93,155.66,161.5,V9_LIBERAL_EOD_NOCAP,ENERGY
AXISBANK,2025-12-16,2025-12-17,NEUTRAL,80.0,80.0,1.386,0.336,0.082,0.95,0.274,0,21.66,1219.66,1235.05,1219.36,1223.76,V9_LIBERAL_EOD_NOCAP,BANK
EICHERMOT,2025-12-16,2025-12-17,NEUTRAL,80.0,80.0,1.395,0.429,0.602,0.75,0.175,0,129.03,7104.0,7176.5,7080.5,7134.5,V9_LIBERAL_EOD_NOCAP,AUTO
RELIANCE,2025-12-18,2025-12-19,NEUTRAL,100.0,85.0,1.7,0.688,0.647,1.33,0.862,0,19.81,1547.25,1566.95,1543.86,1557.9,V9_LIBERAL_EOD_NOCAP,ENERGY
POWERGRID,2025-12-18,2025-12-19,NEUTRAL,80.0,80.0,1.961,2.093,0.039,1.89,1.229,0,4.11,255.19,261.02,255.09,260.53,V9_LIBERAL_EOD_NOCAP,ENERGY
DIVISLAB,2025-12-18,2025-12-19,NEUTRAL,80.0,85.0,3.701,1.069,0.47,2.06,1.342,0,121.46,6410.0,6598.0,6408.5,6478.5,V9_LIBERAL_EOD_NOCAP,PHARMA
ABB,2025-12-18,2025-12-19,NEUTRAL,80.0,85.0,2.238,1.391,0.167,1.21,0.789,0,93.53,5085.2,5170.35,5079.23,5155.91,V9_LIBERAL_EOD_NOCAP,MFNG
CHOLAFIN,2025-12-22,2025-12-23,BULL,80.0,85.0,4.14,4.579,1.268,3.07,1.998,0,46.96,1603.17,1711.45,1593.98,1676.59,V9_LIBERAL_EOD_NOCAP,FINSERV
MPHASIS,2025-12-22,2025-12-23,BULL,80.0,80.0,1.295,1.611,0.166,1.17,0.761,0,58.99,2816.3,2868.11,2788.54,2861.68,V9_LIBERAL_EOD_NOCAP,IT
TATASTEEL,2025-12-26,2025-12-29,NEUTRAL,80.0,85.0,2.222,1.646,0.231,2.07,1.349,0,2.91,166.08,170.61,165.87,168.82,V9_LIBERAL_EOD_NOCAP,METAL
KOTAKBANK,2025-12-30,2025-12-31,NEUTRAL,80.0,80.0,1.495,1.997,0.246,2.21,1.439,0,5.7,430.86,440.32,430.4,439.46,V9_LIBERAL_EOD_NOCAP,BANK
ONGC,2025-12-30,2025-12-31,NEUTRAL,80.0,80.0,1.944,2.424,0.004,2.33,1.517,0,3.52,229.29,235.46,229.22,234.85,V9_LIBERAL_EOD_NOCAP,ENERGY
BPCL,2025-12-30,2025-12-31,NEUTRAL,80.0,85.0,2.537,3.924,0.0,2.96,1.921,0,7.24,359.36,375.41,358.88,373.47,V9_LIBERAL_EOD_NOCAP,ENERGY
M&M,2025-12-30,2025-12-31,NEUTRAL,80.0,80.0,1.308,1.538,-0.199,1.59,1.034,0,58.56,3615.04,3684.9,3602.57,3670.65,V9_LIBERAL_EOD_NOCAP,AUTO
HINDUNILVR,2025-12-30,2025-12-31,NEUTRAL,80.0,80.0,1.328,1.131,-0.009,1.49,0.967,0,31.5,2266.94,2302.08,2263.77,2292.58,V9_LIBERAL_EOD_NOCAP,FMCG
DABUR,2025-12-30,2025-12-31,NEUTRAL,80.0,85.0,2.273,1.737,-0.131,2.75,1.79,0,7.12,488.66,503.37,488.56,497.15,V9_LIBERAL_EOD_NOCAP,FMCG
DIXON,2025-12-30,2025-12-31,NEUTRAL,80.0,80.0,1.323,2.075,0.756,1.07,0.698,0,475.78,11856.0,12239.0,11755.0,12102.0,V9_LIBERAL_EOD_NOCAP,TECH
HEROMOTOCO,2026-01-01,2026-01-02,NEUTRAL,100.0,85.0,1.285,0.559,1.001,1.42,0.924,0,119.21,5787.2,5914.22,5762.68,5819.57,V9_LIBERAL_EOD_NOCAP,AUTO
ICICIBANK,2026-01-05,2026-01-06,BULL,100.0,90.0,2.147,2.857,0.036,3.55,2.307,0,15.63,1372.0,1413.6,1366.0,1411.2,V9_LIBERAL_EOD_NOCAP,BANK
POWERGRID,2026-01-05,2026-01-06,BULL,100.0,85.0,1.381,0.959,-2.08,2.18,1.417,0,4.41,263.05,270.27,263.05,265.57,V9_LIBERAL_EOD_NOCAP,ENERGY
ONGC,2026-01-05,2026-01-06,BULL,80.0,80.0,1.329,1.596,0.0,1.3,0.847,0,4.27,232.62,236.79,232.62,236.33,V9_LIBERAL_EOD_NOCAP,ENERGY
TCS,2026-01-05,2026-01-06,BULL,80.0,80.0,1.416,1.427,-0.19,1.61,1.048,0,42.39,3093.55,3144.82,3088.73,3137.69,V9_LIBERAL_EOD_NOCAP,IT
HCLTECH,2026-01-05,2026-01-06,BULL,80.0,80.0,1.317,1.0,-0.454,1.19,0.771,0,27.85,1543.19,1567.97,1540.3,1558.62,V9_LIBERAL_EOD_NOCAP,IT
CIPLA,2026-01-05,2026-01-06,BULL,80.0,80.0,1.577,0.724,-0.0,1.36,0.881,0,19.39,1505.67,1525.39,1505.67,1516.57,V9_LIBERAL_EOD_NOCAP,PHARMA
BRITANNIA,2026-01-05,2026-01-06,BULL,80.0,80.0,1.54,1.482,0.224,1.4,0.911,1,97.52,6040.0,6142.5,5948.5,6129.5,V9_LIBERAL_EOD_NOCAP,FMCG
ABB,2026-01-05,2026-01-06,BULL,80.0,80.0,1.615,1.083,0.0,1.39,0.904,0,82.11,5147.45,5233.1,5139.48,5203.22,V9_LIBERAL_EOD_NOCAP,MFNG
IDFCFIRSTB,2026-01-07,2026-01-08,NEUTRAL,80.0,85.0,2.64,1.991,-0.012,1.7,1.106,1,1.61,84.14,86.2,83.14,85.82,V9_LIBERAL_EOD_NOCAP,BANK
HCLTECH,2026-01-09,2026-01-12,BEAR,100.0,85.0,1.766,0.506,-0.132,0.82,-1.0,1,28.12,1599.99,1617.35,1582.92,1608.09,V9_LIBERAL_EOD_NOCAP,IT
ONGC,2026-01-13,2026-01-14,BEAR,80.0,85.0,2.808,1.738,0.086,1.87,1.217,0,4.88,238.38,245.23,237.98,242.52,V9_LIBERAL_EOD_NOCAP,ENERGY
INFY,2026-01-13,2026-01-14,BEAR,80.0,80.0,1.414,0.743,-0.688,1.37,0.891,0,27.62,1554.36,1582.75,1549.57,1565.91,V9_LIBERAL_EOD_NOCAP,IT
IDFCFIRSTB,2026-01-21,2026-01-22,BEAR,80.0,80.0,1.641,2.683,0.601,1.89,1.227,0,1.75,81.76,84.23,81.66,83.95,V9_LIBERAL_EOD_NOCAP,BANK
BRITANNIA,2026-01-21,2026-01-22,BEAR,80.0,80.0,1.335,1.402,0.819,1.59,1.03,0,105.13,5850.0,5975.0,5819.0,5932.0,V9_LIBERAL_EOD_NOCAP,FMCG
DABUR,2026-01-21,2026-01-22,BEAR,80.0,85.0,2.814,0.835,0.93,1.12,0.73,0,10.03,514.33,522.77,512.5,518.62,V9_LIBERAL_EOD_NOCAP,FMCG
BPCL,2026-01-27,2026-01-28,BEAR,80.0,85.0,2.197,0.513,0.867,0.78,0.189,0,8.99,350.61,355.86,347.59,352.41,V9_LIBERAL_EOD_NOCAP,ENERGY
IOC,2026-01-27,2026-01-28,BEAR,80.0,80.0,1.693,2.421,0.063,1.91,1.242,0,3.45,157.02,161.96,156.57,160.82,V9_LIBERAL_EOD_NOCAP,ENERGY
NTPC,2026-01-27,2026-01-28,BEAR,80.0,80.0,1.458,0.972,0.0,1.69,1.096,0,6.71,342.12,350.6,342.12,345.44,V9_LIBERAL_EOD_NOCAP,ENERGY
POWERGRID,2026-01-27,2026-01-28,BEAR,80.0,80.0,1.304,2.283,-0.138,1.85,1.199,0,4.82,251.18,257.86,251.18,256.92,V9_LIBERAL_EOD_NOCAP,ENERGY
COALINDIA,2026-01-27,2026-01-28,BEAR,80.0,85.0,2.226,4.852,0.142,3.25,1.875,0,9.08,417.97,440.13,416.1,438.26,V9_LIBERAL_EOD_NOCAP,ENERGY
M&M,2026-01-27,2026-01-28,BEAR,80.0,80.0,1.836,2.078,-0.427,1.3,0.845,0,79.06,3343.88,3420.97,3340.92,3413.35,V9_LIBERAL_EOD_NOCAP,AUTO
HEROMOTOCO,2026-01-27,2026-01-28,BEAR,80.0,80.0,1.39,1.951,0.502,1.13,0.733,1,135.74,5303.62,5418.39,5226.63,5407.11,V9_LIBERAL_EOD_NOCAP,AUTO
ITC,2026-01-27,2026-01-28,BEAR,80.0,80.0,1.44,0.375,0.408,0.78,0.189,0,6.13,305.07,308.65,304.5,306.22,V9_LIBERAL_EOD_NOCAP,FMCG
HAL,2026-01-27,2026-01-28,BEAR,80.0,85.0,2.162,5.812,0.494,3.66,1.875,0,97.11,4333.99,4600.38,4325.56,4585.9,V9_LIBERAL_EOD_NOCAP,INFRA
BEL,2026-01-27,2026-01-28,BEAR,80.0,85.0,4.562,8.373,0.493,5.75,1.875,0,9.12,416.23,455.56,415.53,451.08,V9_LIBERAL_EOD_NOCAP,INFRA
IDFCFIRSTB,2026-01-29,2026-01-30,NEUTRAL,80.0,80.0,1.8,1.285,-1.138,1.38,0.897,0,1.91,82.28,84.25,82.28,83.34,V9_LIBERAL_EOD_NOCAP,BANK
M&M,2026-01-29,2026-01-30,NEUTRAL,80.0,80.0,1.898,4.532,-2.996,2.64,1.716,0,84.69,3248.88,3416.52,3248.68,3396.14,V9_LIBERAL_EOD_NOCAP,AUTO
ITC,2026-01-29,2026-01-30,NEUTRAL,80.0,85.0,2.062,1.051,0.063,1.37,0.888,0,5.91,303.97,310.03,301.73,307.17,V9_LIBERAL_EOD_NOCAP,FMCG
HINDUNILVR,2026-01-29,2026-01-30,NEUTRAL,80.0,80.0,1.513,1.367,-0.493,1.27,0.824,0,45.81,2317.43,2360.99,2316.44,2349.11,V9_LIBERAL_EOD_NOCAP,FMCG
NESTLEIND,2026-01-29,2026-01-30,NEUTRAL,80.0,85.0,5.53,3.608,-0.148,3.0,1.949,0,23.59,1272.97,1326.03,1270.01,1318.9,V9_LIBERAL_EOD_NOCAP,FMCG
TITAN,2026-01-29,2026-01-30,NEUTRAL,80.0,80.0,1.844,0.821,0.135,0.86,0.231,0,77.15,3932.1,3981.93,3897.01,3964.39,V9_LIBERAL_EOD_NOCAP,CONS
TRENT,2026-02-04,2026-02-05,BULL,80.0,85.0,3.736,3.974,-0.977,1.44,0.933,1,104.47,2645.02,2757.53,2571.53,2750.14,V9_LIBERAL_EOD_NOCAP,CONS
KAYNES,2026-02-06,2026-02-09,BULL,80.0,80.0,1.575,4.746,1.749,1.35,0.881,0,201.06,3765.0,3969.3,3757.8,3943.7,V9_LIBERAL_EOD_NOCAP,TECH
KAYNES,2026-02-10,2026-02-11,BULL,80.0,80.0,1.304,4.521,0.44,1.33,0.865,0,202.47,3975.0,4177.0,3950.1,4154.7,V9_LIBERAL_EOD_NOCAP,TECH
INFY,2026-02-12,2026-02-13,BULL,80.0,85.0,3.547,5.812,-6.645,2.5,1.625,0,43.54,1266.49,1348.13,1254.36,1340.1,V9_LIBERAL_EOD_NOCAP,IT
TCS,2026-02-12,2026-02-13,BULL,80.0,85.0,2.28,4.147,-6.003,2.1,1.368,0,79.59,2536.51,2662.11,2536.51,2641.7,V9_LIBERAL_EOD_NOCAP,IT
HCLTECH,2026-02-12,2026-02-13,BULL,80.0,85.0,2.04,2.263,-3.597,1.69,1.098,1,41.25,1382.16,1434.41,1355.93,1413.43,V9_LIBERAL_EOD_NOCAP,IT
WIPRO,2026-02-12,2026-02-13,BULL,80.0,80.0,1.409,1.633,-3.848,1.17,0.763,0,6.62,210.65,216.48,209.01,214.09,V9_LIBERAL_EOD_NOCAP,IT
TECHM,2026-02-12,2026-02-13,BULL,80.0,85.0,3.033,3.494,-3.514,1.79,1.166,0,47.37,1445.05,1508.79,1427.31,1495.54,V9_LIBERAL_EOD_NOCAP,IT
PERSISTENT,2026-02-12,2026-02-13,BULL,80.0,85.0,2.506,5.163,-4.439,2.14,1.392,0,205.47,5210.0,5540.0,5210.0,5479.0,V9_LIBERAL_EOD_NOCAP,IT
MPHASIS,2026-02-12,2026-02-13,BULL,80.0,85.0,2.734,2.965,-3.101,1.72,1.119,0,85.66,2325.26,2435.89,2293.71,2394.21,V9_LIBERAL_EOD_NOCAP,IT
INFY,2026-02-16,2026-02-17,NEUTRAL,80.0,80.0,1.461,1.547,0.322,1.7,1.102,0,46.96,1340.98,1400.69,1338.05,1361.73,V9_LIBERAL_EOD_NOCAP,IT
WIPRO,2026-02-16,2026-02-17,NEUTRAL,80.0,80.0,1.425,1.139,0.0,1.19,0.774,0,6.86,213.26,219.39,212.26,215.69,V9_LIBERAL_EOD_NOCAP,IT
BPCL,2026-02-20,2026-02-23,NEUTRAL,80.0,80.0,1.856,0.568,1.01,0.97,0.284,0,9.22,370.0,376.7,366.65,372.1,V9_LIBERAL_EOD_NOCAP,ENERGY
NESTLEIND,2026-02-20,2026-02-23,NEUTRAL,80.0,80.0,1.467,1.239,0.402,1.01,0.655,0,25.67,1292.79,1312.19,1289.3,1308.81,V9_LIBERAL_EOD_NOCAP,FMCG
BPCL,2026-02-24,2026-02-25,BEAR,100.0,85.0,1.429,1.316,0.441,0.85,0.223,0,9.14,376.1,381.9,374.0,381.05,V9_LIBERAL_EOD_NOCAP,ENERGY
ICICIBANK,2026-02-24,2026-02-25,BEAR,80.0,80.0,1.41,0.625,0.505,0.94,0.271,0,22.08,1391.8,1407.4,1388.2,1400.5,V9_LIBERAL_EOD_NOCAP,BANK
HCLTECH,2026-02-24,2026-02-25,BEAR,80.0,80.0,1.417,1.712,1.18,1.04,0.678,0,45.19,1316.11,1351.46,1315.14,1338.64,V9_LIBERAL_EOD_NOCAP,IT
MARUTI,2026-02-24,2026-02-25,BEAR,80.0,80.0,1.35,1.413,-0.442,1.18,0.77,0,307.18,14860.0,15133.0,14837.0,15070.0,V9_LIBERAL_EOD_NOCAP,AUTO
BAJAJ-AUTO,2026-02-24,2026-02-25,BEAR,80.0,80.0,1.39,2.409,0.31,2.02,1.311,0,195.83,9722.67,10019.0,9702.95,9956.87,V9_LIBERAL_EOD_NOCAP,AUTO
HEROMOTOCO,2026-02-24,2026-02-25,BEAR,80.0,85.0,2.254,4.11,0.0,3.11,1.875,0,141.03,5511.0,5840.0,5500.5,5737.5,V9_LIBERAL_EOD_NOCAP,AUTO
TRENT,2026-02-26,2026-02-27,NEUTRAL,80.0,80.0,1.647,1.128,-0.0,0.81,0.206,0,80.84,2566.87,2616.13,2556.22,2595.83,V9_LIBERAL_EOD_NOCAP,CONS
DIXON,2026-02-26,2026-02-27,NEUTRAL,80.0,85.0,2.636,4.176,-0.099,1.7,1.103,0,403.82,10106.0,10620.0,10085.0,10528.0,V9_LIBERAL_EOD_NOCAP,TECH
RELIANCE,2026-03-04,2026-03-05,BEAR,80.0,80.0,1.834,2.683,0.602,1.99,1.293,0,30.62,1346.87,1392.56,1346.87,1383.01,V9_LIBERAL_EOD_NOCAP,ENERGY
BPCL,2026-03-04,2026-03-05,BEAR,80.0,80.0,1.526,1.037,0.07,0.75,-1.0,1,10.46,356.65,362.5,351.1,360.35,V9_LIBERAL_EOD_NOCAP,ENERGY
IOC,2026-03-04,2026-03-05,BEAR,80.0,80.0,1.702,0.316,0.329,1.21,0.79,0,4.79,168.87,173.24,167.17,169.4,V9_LIBERAL_EOD_NOCAP,ENERGY
POWERGRID,2026-03-04,2026-03-05,BEAR,80.0,80.0,1.299,2.551,0.017,1.55,1.01,0,6.95,292.0,300.1,291.9,299.45,V9_LIBERAL_EOD_NOCAP,ENERGY
ADANIPORTS,2026-03-04,2026-03-05,BEAR,80.0,80.0,1.57,3.6,0.892,1.73,1.122,0,44.84,1441.13,1499.18,1441.13,1493.01,V9_LIBERAL_EOD_NOCAP,INFRA
HINDALCO,2026-03-04,2026-03-05,BEAR,80.0,85.0,3.285,2.683,0.89,2.49,1.616,0,28.54,925.17,978.4,921.59,949.99,V9_LIBERAL_EOD_NOCAP,METAL
DLF,2026-03-04,2026-03-05,BEAR,80.0,80.0,1.928,2.397,0.422,1.29,0.84,0,18.24,564.36,582.04,564.36,577.89,V9_LIBERAL_EOD_NOCAP,REALTY
HAL,2026-03-04,2026-03-05,BEAR,80.0,80.0,1.314,0.563,-0.175,0.88,0.24,0,119.65,3870.0,3949.0,3840.9,3891.8,V9_LIBERAL_EOD_NOCAP,INFRA
BEL,2026-03-04,2026-03-05,BEAR,80.0,85.0,2.173,2.496,0.436,2.21,1.437,0,11.47,446.9,465.92,443.96,458.05,V9_LIBERAL_EOD_NOCAP,INFRA
LT,2026-03-04,2026-03-05,BEAR,80.0,80.0,1.479,2.918,1.071,1.76,1.143,0,111.65,3886.24,4033.5,3871.09,3999.63,V9_LIBERAL_EOD_NOCAP,INFRA
RELIANCE,2026-03-06,2026-03-09,BEAR,100.0,85.0,1.468,3.564,-2.121,2.23,1.446,0,32.44,1368.67,1422.82,1363.69,1417.45,V9_LIBERAL_EOD_NOCAP,ENERGY
NESTLEIND,2026-03-06,2026-03-09,BEAR,100.0,85.0,1.479,0.717,-2.028,0.76,0.182,0,27.07,1221.13,1236.66,1211.58,1229.89,V9_LIBERAL_EOD_NOCAP,FMCG
BAJFINANCE,2026-03-06,2026-03-09,BEAR,80.0,80.0,1.334,1.763,-2.989,1.09,0.707,1,23.5,916.17,935.35,903.5,932.32,V9_LIBERAL_EOD_NOCAP,FINSERV
IOC,2026-03-06,2026-03-09,BEAR,80.0,80.0,1.826,2.038,-6.332,1.12,0.728,0,4.88,156.03,160.13,154.35,159.21,V9_LIBERAL_EOD_NOCAP,ENERGY
ADANIPORTS,2026-03-06,2026-03-09,BEAR,80.0,85.0,2.022,1.16,-4.907,0.91,0.254,0,45.45,1399.1,1430.07,1399.1,1415.34,V9_LIBERAL_EOD_NOCAP,INFRA
GODREJPROP,2026-03-06,2026-03-09,BEAR,80.0,80.0,1.765,2.179,-3.407,0.82,0.211,0,67.56,1602.75,1644.45,1582.85,1637.68,V9_LIBERAL_EOD_NOCAP,REALTY
BRITANNIA,2026-03-12,2026-03-13,BEAR,80.0,85.0,2.135,1.017,-0.639,1.38,0.9,0,126.19,5750.0,5881.0,5727.0,5808.5,V9_LIBERAL_EOD_NOCAP,FMCG
FEDERALBNK,2026-03-16,2026-03-17,BEAR,80.0,80.0,1.26,0.233,-0.06,0.88,0.238,0,29.71,2129.52,2149.03,2129.52,2134.47,V9_LIBERAL_EOD_NOCAP,BANK
MARUTI,2026-03-16,2026-03-17,BEAR,80.0,80.0,1.82,1.423,0.259,0.98,0.291,0,420.9,12790.0,13100.0,12686.0,12972.0,V9_LIBERAL_EOD_NOCAP,AUTO
POWERGRID,2026-03-20,2026-03-23,NEUTRAL,80.0,80.0,1.385,1.376,0.134,1.09,0.711,1,7.74,298.0,304.35,293.1,302.1,V9_LIBERAL_EOD_NOCAP,ENERGY
HCLTECH,2026-03-20,2026-03-23,NEUTRAL,80.0,85.0,2.006,3.331,-1.417,1.68,1.089,0,38.79,1277.06,1325.82,1272.4,1319.61,V9_LIBERAL_EOD_NOCAP,IT
TECHM,2026-03-20,2026-03-23,NEUTRAL,80.0,80.0,1.91,1.318,-1.358,1.46,0.947,0,43.33,1331.4,1378.77,1323.21,1348.94,V9_LIBERAL_EOD_NOCAP,IT
PERSISTENT,2026-03-20,2026-03-23,NEUTRAL,80.0,80.0,1.782,0.761,-0.592,0.74,0.168,0,201.94,4688.8,4800.4,4639.3,4724.5,V9_LIBERAL_EOD_NOCAP,IT
AXISBANK,2026-03-24,2026-03-25,BEAR,80.0,80.0,1.255,1.842,0.612,1.52,0.986,0,34.26,1199.08,1238.05,1197.08,1221.16,V9_LIBERAL_EOD_NOCAP,BANK
KOTAKBANK,2026-03-24,2026-03-25,BEAR,80.0,80.0,1.957,0.583,0.572,1.27,0.824,1,9.5,368.31,377.35,362.37,370.46,V9_LIBERAL_EOD_NOCAP,BANK
BAJFINANCE,2026-03-24,2026-03-25,BEAR,80.0,80.0,1.292,2.401,1.537,1.17,0.761,0,30.28,856.78,883.37,848.09,877.36,V9_LIBERAL_EOD_NOCAP,FINSERV
HCLTECH,2026-03-24,2026-03-25,BEAR,80.0,80.0,1.364,2.47,-1.842,2.08,1.353,0,39.45,1309.31,1370.89,1309.31,1341.65,V9_LIBERAL_EOD_NOCAP,IT
DLF,2026-03-24,2026-03-25,BEAR,80.0,80.0,1.287,1.414,1.132,1.0,0.653,0,19.61,520.37,535.13,519.23,527.72,V9_LIBERAL_EOD_NOCAP,REALTY
BHARTIARTL,2026-03-24,2026-03-25,BEAR,80.0,80.0,1.409,1.152,0.66,1.09,0.708,0,43.06,1814.0,1849.2,1810.1,1834.9,V9_LIBERAL_EOD_NOCAP,TELECOM
TITAN,2026-03-24,2026-03-25,BEAR,80.0,80.0,1.346,2.261,1.295,1.7,1.104,0,115.01,3937.08,4083.6,3927.61,4026.09,V9_LIBERAL_EOD_NOCAP,CONS
KAYNES,2026-03-24,2026-03-25,BEAR,80.0,85.0,2.199,4.582,1.158,1.77,1.15,0,168.22,3555.0,3778.3,3550.0,3717.9,V9_LIBERAL_EOD_NOCAP,TECH
ONGC,2026-03-26,2026-03-27,BEAR,100.0,90.0,3.182,4.233,0.111,2.53,1.875,0,7.63,270.5,285.0,269.7,281.95,V9_LIBERAL_EOD_NOCAP,ENERGY
TATAMOTORS,2026-03-26,2026-03-27,BEAR,100.0,90.0,5.951,0.376,-1.355,0.69,-1.0,1,21.04,421.24,432.12,402.56,422.83,V9_LIBERAL_EOD_NOCAP,AUTO
PERSISTENT,2026-03-26,2026-03-27,BEAR,80.0,80.0,1.267,0.406,-0.99,0.74,0.168,0,194.31,4880.0,4987.4,4851.1,4899.8,V9_LIBERAL_EOD_NOCAP,IT
CIPLA,2026-03-26,2026-03-27,BEAR,80.0,80.0,1.547,1.288,-1.438,1.1,0.715,0,27.27,1215.1,1237.59,1215.1,1230.75,V9_LIBERAL_EOD_NOCAP,PHARMA
TCS,2026-04-01,2026-04-02,NEUTRAL,80.0,80.0,1.278,2.712,-0.922,1.69,1.098,0,65.0,2341.24,2423.57,2331.14,2404.73,V9_LIBERAL_EOD_NOCAP,IT
SUNPHARMA,2026-04-01,2026-04-02,NEUTRAL,80.0,80.0,1.435,1.718,-3.674,1.2,0.779,1,38.82,1660.65,1695.56,1615.77,1689.17,V9_LIBERAL_EOD_NOCAP,PHARMA
DRREDDY,2026-04-01,2026-04-02,NEUTRAL,80.0,80.0,1.826,2.509,-1.827,1.3,0.845,1,35.77,1180.02,1214.9,1160.14,1209.63,V9_LIBERAL_EOD_NOCAP,PHARMA
DLF,2026-04-01,2026-04-02,NEUTRAL,80.0,80.0,1.445,4.242,-1.717,1.59,1.033,1,19.44,494.79,517.95,483.33,515.77,V9_LIBERAL_EOD_NOCAP,REALTY
TRENT,2026-04-03,2026-04-06,BEAR,100.0,90.0,4.43,5.466,2.374,2.23,1.45,0,93.33,2419.69,2575.86,2419.69,2551.96,V9_LIBERAL_EOD_NOCAP,CONS
KAYNES,2026-04-03,2026-04-06,BEAR,100.0,85.0,1.448,4.47,0.28,1.3,0.845,0,180.5,3547.9,3723.9,3460.0,3706.5,V9_LIBERAL_EOD_NOCAP,TECH
GODREJPROP,2026-04-03,2026-04-06,BEAR,80.0,80.0,1.916,4.463,0.577,1.52,0.99,0,65.33,1509.7,1584.34,1486.61,1577.08,V9_LIBERAL_EOD_NOCAP,REALTY
TITAN,2026-04-03,2026-04-06,BEAR,80.0,80.0,1.472,3.437,0.19,1.68,1.092,0,120.94,4091.57,4243.97,4091.57,4232.21,V9_LIBERAL_EOD_NOCAP,CONS
BAJAJ-AUTO,2026-04-09,2026-04-10,BULL,80.0,80.0,1.893,4.399,-1.229,2.14,1.39,0,272.9,9269.55,9707.39,9269.05,9677.31,V9_LIBERAL_EOD_NOCAP,AUTO
HEROMOTOCO,2026-04-09,2026-04-10,BULL,80.0,80.0,1.467,3.2,0.246,1.37,0.888,0,183.03,5297.0,5484.5,5295.5,5466.5,V9_LIBERAL_EOD_NOCAP,AUTO
RELIANCE,2026-04-27,2026-04-28,NEUTRAL,80.0,85.0,2.144,2.275,-0.571,1.58,1.026,0,31.29,1351.75,1388.78,1350.75,1382.51,V9_LIBERAL_EOD_NOCAP,ENERGY
SUNPHARMA,2026-04-27,2026-04-28,NEUTRAL,80.0,85.0,2.649,1.352,-0.548,1.07,0.694,0,49.68,1719.49,1759.29,1709.82,1742.73,V9_LIBERAL_EOD_NOCAP,PHARMA
DIXON,2026-04-27,2026-04-28,NEUTRAL,80.0,80.0,1.275,0.762,0.284,1.07,0.695,0,387.55,11284.0,11595.0,11254.5,11370.0,V9_LIBERAL_EOD_NOCAP,TECH
KOTAKBANK,2026-05-05,2026-05-06,NEUTRAL,100.0,85.0,1.704,0.695,0.714,0.85,-1.0,1,9.36,373.36,379.35,365.02,375.95,V9_LIBERAL_EOD_NOCAP,BANK
ICICIGI,2026-05-05,2026-05-06,NEUTRAL,100.0,90.0,2.222,1.395,0.456,1.15,0.749,0,43.34,1778.25,1815.71,1768.49,1803.05,V9_LIBERAL_EOD_NOCAP,FINSERV
ICICIBANK,2026-05-05,2026-05-06,NEUTRAL,80.0,80.0,1.543,1.387,0.855,1.02,0.663,0,27.19,1262.0,1282.8,1252.1,1279.5,V9_LIBERAL_EOD_NOCAP,BANK
SBIN,2026-05-05,2026-05-06,NEUTRAL,80.0,80.0,1.296,2.239,1.142,1.6,1.038,0,23.86,1053.02,1081.6,1042.41,1076.59,V9_LIBERAL_EOD_NOCAP,BANK
BPCL,2026-05-05,2026-05-06,NEUTRAL,80.0,80.0,1.74,3.069,2.077,1.76,1.147,0,8.99,304.7,316.6,301.85,314.05,V9_LIBERAL_EOD_NOCAP,ENERGY
LUPIN,2026-05-05,2026-05-06,NEUTRAL,80.0,85.0,2.86,3.412,0.811,2.67,1.734,0,47.99,2345.29,2441.3,2333.48,2425.31,V9_LIBERAL_EOD_NOCAP,PHARMA
M&M,2026-05-05,2026-05-06,NEUTRAL,80.0,80.0,1.939,1.72,1.065,1.03,0.669,0,90.62,3211.28,3281.24,3209.79,3266.5,V9_LIBERAL_EOD_NOCAP,AUTO
TITAN,2026-05-07,2026-05-08,BULL,80.0,85.0,5.828,4.52,0.151,3.95,2.57,1,97.82,4299.89,4589.94,4199.62,4494.25,V9_LIBERAL_EOD_NOCAP,CONS
BHARTIARTL,2026-05-11,2026-05-12,BEAR,80.0,80.0,1.37,0.303,-0.472,0.82,0.212,0,40.47,1751.5,1776.5,1751.5,1756.8,V9_LIBERAL_EOD_NOCAP,TELECOM
DLF,2026-05-13,2026-05-14,BEAR,100.0,85.0,1.966,1.949,-0.357,1.3,0.847,1,16.51,565.01,581.15,546.93,576.02,V9_LIBERAL_EOD_NOCAP,REALTY
BHARTIARTL,2026-05-13,2026-05-14,BEAR,100.0,90.0,2.347,3.489,1.721,2.27,1.475,1,40.66,1820.0,1889.2,1797.3,1883.5,V9_LIBERAL_EOD_NOCAP,TELECOM
HDFCBANK,2026-05-13,2026-05-14,BEAR,80.0,80.0,1.459,2.47,0.187,2.06,1.341,0,17.36,738.78,765.64,734.85,757.03,V9_LIBERAL_EOD_NOCAP,BANK
JSWSTEEL,2026-05-13,2026-05-14,BEAR,80.0,85.0,2.567,0.699,1.02,0.87,0.234,0,27.62,1280.54,1298.54,1274.58,1289.49,V9_LIBERAL_EOD_NOCAP,METAL
TECHM,2026-05-15,2026-05-18,BEAR,80.0,85.0,3.411,4.862,-0.496,2.44,1.584,0,39.46,1329.16,1401.28,1329.16,1393.78,V9_LIBERAL_EOD_NOCAP,IT
JSWSTEEL,2026-05-15,2026-05-18,BEAR,80.0,80.0,1.592,1.0,0.094,1.02,0.661,1,28.7,1272.69,1294.56,1251.11,1285.42,V9_LIBERAL_EOD_NOCAP,METAL
SIEMENS,2026-05-15,2026-05-18,BEAR,80.0,80.0,1.423,0.281,1.3,0.85,0.227,0,31.59,1938.84,1959.05,1938.84,1944.29,V9_LIBERAL_EOD_NOCAP,MFNG
IOC,2026-05-19,2026-05-20,NEUTRAL,80.0,80.0,1.445,2.502,-0.244,1.29,0.839,0,3.98,134.67,138.52,133.0,138.04,V9_LIBERAL_EOD_NOCAP,ENERGY
WIPRO,2026-05-21,2026-05-22,NEUTRAL,80.0,85.0,2.247,1.555,0.13,1.81,1.175,0,3.98,200.0,205.4,198.83,203.11,V9_LIBERAL_EOD_NOCAP,IT
EICHERMOT,2026-05-21,2026-05-22,NEUTRAL,80.0,80.0,1.268,0.816,0.479,0.88,0.238,0,176.54,6925.0,7041.0,6908.5,6981.5,V9_LIBERAL_EOD_NOCAP,AUTO
TRENT,2026-05-21,2026-05-22,NEUTRAL,80.0,80.0,1.678,2.566,0.446,1.45,0.945,0,76.86,2788.55,2872.36,2767.44,2860.11,V9_LIBERAL_EOD_NOCAP,CONS
COALINDIA,2026-05-29,2026-06-01,NEUTRAL,80.0,80.0,1.73,3.516,-0.295,2.1,1.367,0,12.96,456.55,477.0,456.55,472.6,V9_LIBERAL_EOD_NOCAP,ENERGY
TCS,2026-05-29,2026-06-01,NEUTRAL,80.0,80.0,1.548,0.587,1.111,1.33,0.867,0,50.68,2271.55,2322.27,2267.57,2284.87,V9_LIBERAL_EOD_NOCAP,IT
HCLTECH,2026-05-29,2026-06-01,NEUTRAL,80.0,80.0,1.982,0.42,0.532,1.18,0.766,0,25.43,1178.07,1200.54,1178.07,1183.02,V9_LIBERAL_EOD_NOCAP,IT
MPHASIS,2026-05-29,2026-06-01,NEUTRAL,80.0,80.0,1.515,1.072,0.643,1.75,1.135,0,64.7,2226.31,2311.04,2223.2,2250.17,V9_LIBERAL_EOD_NOCAP,IT
DIVISLAB,2026-06-02,2026-06-03,BEAR,80.0,80.0,1.444,0.867,-0.199,0.77,0.183,0,146.94,6520.0,6604.5,6460.0,6576.5,V9_LIBERAL_EOD_NOCAP,PHARMA
MARUTI,2026-06-02,2026-06-03,BEAR,80.0,80.0,1.687,0.231,-0.061,0.86,0.229,0,298.32,13014.0,13206.0,12911.0,13044.0,V9_LIBERAL_EOD_NOCAP,AUTO
CHOLAFIN,2026-06-04,2026-06-05,BEAR,100.0,85.0,1.986,1.123,0.034,1.75,1.137,0,47.6,1485.92,1548.39,1479.52,1502.61,V9_LIBERAL_EOD_NOCAP,FINSERV
SBIN,2026-06-08,2026-06-09,BEAR,100.0,85.0,1.434,1.797,0.311,1.45,0.942,0,22.09,985.0,1009.0,983.0,1002.7,V9_LIBERAL_EOD_NOCAP,BANK
ICICIBANK,2026-06-08,2026-06-09,BEAR,80.0,80.0,1.492,1.594,0.384,1.39,0.902,0,23.94,1255.0,1279.9,1252.7,1275.0,V9_LIBERAL_EOD_NOCAP,BANK
DIVISLAB,2026-06-08,2026-06-09,BEAR,80.0,85.0,2.911,3.336,0.215,2.3,1.496,0,147.71,6535.0,6790.0,6535.0,6753.0,V9_LIBERAL_EOD_NOCAP,PHARMA
ICICIBANK,2026-06-10,2026-06-11,BEAR,80.0,85.0,2.225,2.371,-0.526,2.47,1.606,0,25.09,1286.5,1333.0,1286.5,1317.0,V9_LIBERAL_EOD_NOCAP,BANK
JSWSTEEL,2026-06-10,2026-06-11,BEAR,80.0,80.0,1.294,1.288,-0.299,1.37,0.888,0,26.58,1258.77,1286.01,1253.8,1274.98,V9_LIBERAL_EOD_NOCAP,METAL
M&M,2026-06-12,2026-06-15,BULL,80.0,80.0,1.686,1.434,1.548,1.3,0.846,0,78.09,3057.89,3134.09,3046.01,3101.73,V9_LIBERAL_EOD_NOCAP,AUTO
MARUTI,2026-06-12,2026-06-15,BULL,80.0,80.0,1.487,1.882,1.377,1.94,1.262,0,282.2,13550.0,13961.0,13520.0,13805.0,V9_LIBERAL_EOD_NOCAP,AUTO
DLF,2026-06-12,2026-06-15,BULL,80.0,85.0,2.869,2.238,2.376,1.56,1.017,0,16.24,593.55,612.61,590.88,606.83,V9_LIBERAL_EOD_NOCAP,REALTY
HAL,2026-06-12,2026-06-15,BULL,80.0,80.0,1.382,1.174,1.019,1.41,0.919,0,102.76,4235.0,4344.0,4202.6,4284.7,V9_LIBERAL_EOD_NOCAP,INFRA
HINDALCO,2026-06-16,2026-06-17,BULL,80.0,80.0,1.6,2.325,0.265,1.14,0.738,0,31.07,979.89,1006.35,966.16,1002.67,V9_LIBERAL_EOD_NOCAP,METAL
KAYNES,2026-06-16,2026-06-17,BULL,80.0,80.0,1.593,1.732,0.485,0.99,0.297,0,124.73,3193.0,3286.0,3185.7,3248.3,V9_LIBERAL_EOD_NOCAP,TECH
TCS,2026-06-18,2026-06-19,BULL,80.0,85.0,3.613,0.95,-4.461,0.79,-1.0,1,55.13,2093.52,2126.34,2048.67,2113.41,V9_LIBERAL_EOD_NOCAP,IT
WIPRO,2026-06-18,2026-06-19,BULL,80.0,80.0,1.486,2.286,-3.325,1.32,0.855,0,4.78,176.76,181.48,174.89,180.8,V9_LIBERAL_EOD_NOCAP,IT
TECHM,2026-06-18,2026-06-19,BULL,80.0,85.0,2.94,4.415,-6.749,2.16,1.402,0,40.5,1315.81,1381.3,1309.96,1373.9,V9_LIBERAL_EOD_NOCAP,IT
DRREDDY,2026-06-22,2026-06-23,BULL,80.0,85.0,2.679,0.316,0.504,1.76,1.145,0,24.3,1289.03,1321.12,1286.74,1293.1,V9_LIBERAL_EOD_NOCAP,PHARMA
MARUTI,2026-06-24,2026-06-25,NEUTRAL,80.0,85.0,2.408,2.897,0.83,2.65,1.721,0,278.72,13225.18,13778.62,13193.5,13608.33,V9_LIBERAL_EOD_NOCAP,AUTO
KAYNES,2026-06-24,2026-06-25,NEUTRAL,80.0,85.0,2.717,1.231,0.684,1.75,1.137,0,122.71,3225.0,3386.0,3212.0,3264.7,V9_LIBERAL_EOD_NOCAP,TECH
NESTLEIND,2026-06-30,2026-07-01,NEUTRAL,100.0,85.0,1.49,2.757,0.683,2.08,1.349,0,28.83,1408.03,1452.92,1401.16,1446.84,V9_LIBERAL_EOD_NOCAP,FMCG
BRITANNIA,2026-06-30,2026-07-01,NEUTRAL,100.0,85.0,1.765,2.244,0.0,2.09,1.355,0,82.81,5146.5,5276.0,5115.0,5262.0,V9_LIBERAL_EOD_NOCAP,FMCG
KOTAKBANK,2026-06-30,2026-07-01,NEUTRAL,80.0,80.0,1.487,0.78,1.3,0.7,-1.0,1,7.67,396.67,400.71,392.57,399.76,V9_LIBERAL_EOD_NOCAP,BANK
HINDUNILVR,2026-06-30,2026-07-01,NEUTRAL,80.0,85.0,2.04,2.273,0.722,1.95,1.266,0,38.67,2133.5,2190.0,2120.2,2182.0,V9_LIBERAL_EOD_NOCAP,FMCG
DABUR,2026-06-30,2026-07-01,NEUTRAL,80.0,85.0,5.609,5.167,0.166,4.09,3.0,0,7.75,417.48,441.28,417.24,439.05,V9_LIBERAL_EOD_NOCAP,FMCG
MPHASIS,2026-07-02,2026-07-03,BULL,80.0,85.0,2.344,1.127,1.14,1.14,0.741,0,68.3,2211.71,2270.14,2208.78,2236.64,V9_LIBERAL_EOD_NOCAP,IT
KOTAKBANK,2026-07-08,2026-07-09,BEAR,80.0,80.0,1.477,1.521,0.378,1.03,0.669,0,8.34,370.86,377.3,367.77,376.5,V9_LIBERAL_EOD_NOCAP,BANK
RELIANCE,2026-07-08,2026-07-09,BEAR,80.0,80.0,1.256,0.211,0.094,1.12,0.727,0,23.13,1277.1,1296.5,1274.2,1279.8,V9_LIBERAL_EOD_NOCAP,ENERGY
BHARTIARTL,2026-07-08,2026-07-09,BEAR,80.0,80.0,1.988,1.53,0.736,2.51,1.875,0,34.05,1902.0,1966.0,1898.8,1931.1,V9_LIBERAL_EOD_NOCAP,TELECOM
TCS,2026-07-10,2026-07-13,NEUTRAL,80.0,85.0,2.663,5.133,0.29,2.84,1.848,0,60.58,2063.68,2192.88,2053.84,2169.6,V9_LIBERAL_EOD_NOCAP,IT
BAJAJ-AUTO,2026-07-10,2026-07-13,NEUTRAL,80.0,85.0,3.421,2.986,-0.748,2.32,1.51,0,207.71,10080.0,10442.0,10030.5,10381.0,V9_LIBERAL_EOD_NOCAP,AUTO
SBIN,2026-07-14,2026-07-15,NEUTRAL,80.0,80.0,1.403,1.438,0.01,1.41,0.915,0,19.42,1015.5,1036.0,1013.7,1030.1,V9_LIBERAL_EOD_NOCAP,BANK
BPCL,2026-07-14,2026-07-15,NEUTRAL,80.0,80.0,1.376,1.176,0.213,0.88,0.242,0,7.77,306.0,311.15,306.0,309.6,V9_LIBERAL_EOD_NOCAP,ENERGY
TATAMOTORS,2026-07-14,2026-07-15,NEUTRAL,80.0,80.0,1.345,0.845,0.623,1.12,0.727,0,12.47,420.0,430.45,419.55,423.55,V9_LIBERAL_EOD_NOCAP,AUTO
POWERGRID,2026-07-16,2026-07-17,NEUTRAL,100.0,85.0,1.391,0.997,0.0,0.96,0.281,0,4.99,280.75,284.35,279.65,283.55,V9_LIBERAL_EOD_NOCAP,ENERGY
AXISBANK,2026-07-16,2026-07-17,NEUTRAL,80.0,85.0,2.033,1.645,-0.046,1.3,0.844,0,26.7,1307.0,1333.0,1305.0,1328.5,V9_LIBERAL_EOD_NOCAP,BANK
RELIANCE,2026-07-16,2026-07-17,NEUTRAL,80.0,80.0,1.512,2.092,0.262,1.83,1.19,0,22.07,1300.0,1330.3,1296.1,1327.2,V9_LIBERAL_EOD_NOCAP,ENERGY
WIPRO,2026-07-16,2026-07-17,NEUTRAL,80.0,80.0,1.452,1.412,-2.357,0.91,0.256,0,3.97,173.55,176.26,173.55,176.0,V9_LIBERAL_EOD_NOCAP,IT
JSWSTEEL,2026-07-16,2026-07-17,NEUTRAL,80.0,85.0,2.136,1.335,0.0,1.26,0.817,0,24.3,1221.0,1243.9,1218.0,1237.3,V9_LIBERAL_EOD_NOCAP,METAL
AXISBANK,2026-07-20,2026-07-21,NEUTRAL,80.0,80.0,1.811,1.06,-0.876,0.99,0.295,0,30.55,1245.0,1267.7,1244.5,1258.2,V9_LIBERAL_EOD_NOCAP,BANK
BPCL,2026-07-22,2026-07-23,NEUTRAL,80.0,80.0,1.519,1.457,-2.739,1.93,1.251,0,8.03,305.4,317.0,305.1,309.85,V9_LIBERAL_EOD_NOCAP,ENERGY
DRREDDY,2026-07-22,2026-07-23,NEUTRAL,80.0,80.0,1.995,5.931,-6.916,3.13,2.031,0,30.12,1101.0,1171.6,1101.0,1166.3,V9_LIBERAL_EOD_NOCAP,PHARMA
HEROMOTOCO,2026-07-22,2026-07-23,NEUTRAL,80.0,85.0,2.908,3.744,-0.0,2.85,1.853,0,97.35,4914.81,5122.94,4907.91,5098.8,V9_LIBERAL_EOD_NOCAP,AUTO
ITC,2026-07-22,2026-07-23,NEUTRAL,80.0,80.0,1.768,0.482,-0.303,1.32,0.861,0,4.08,279.95,284.0,279.65,281.3,V9_LIBERAL_EOD_NOCAP,FMCG
SIEMENS,2026-07-24,2026-07-27,BEAR,100.0,85.0,1.353,0.291,1.056,0.98,0.29,0,29.97,2062.34,2084.38,2062.34,2068.34,V9_LIBERAL_EOD_NOCAP,MFNG
CHOLAFIN,2026-07-24,2026-07-27,BEAR,80.0,80.0,1.742,2.362,1.137,1.76,1.141,0,45.95,1744.0,1804.5,1743.8,1785.2,V9_LIBERAL_EOD_NOCAP,FINSERV
COFORGE,2026-07-24,2026-07-27,BEAR,80.0,80.0,1.586,2.2,0.727,1.15,0.748,0,49.22,1488.61,1531.11,1482.54,1521.36,V9_LIBERAL_EOD_NOCAP,IT
LUPIN,2026-07-24,2026-07-27,BEAR,80.0,80.0,1.528,1.645,0.021,1.54,1.002,0,52.84,2371.0,2432.1,2368.1,2410.0,V9_LIBERAL_EOD_NOCAP,PHARMA
WIPRO,2026-07-28,2026-07-29,BEAR,80.0,80.0,1.968,0.333,1.038,0.99,0.297,0,3.7,183.0,185.76,181.45,183.61,V9_LIBERAL_EOD_NOCAP,IT
CIPLA,2026-07-28,2026-07-29,BEAR,80.0,80.0,1.32,1.606,0.443,1.64,1.069,0,32.6,1451.0,1491.2,1442.0,1474.3,V9_LIBERAL_EOD_NOCAP,PHARMA
MARUTI,2026-07-28,2026-07-29,BEAR,80.0,80.0,1.443,1.219,-0.159,0.92,0.262,0,286.04,13642.98,13840.99,13583.58,13809.31,V9_LIBERAL_EOD_NOCAP,AUTO
ITC,2026-07-28,2026-07-29,BEAR,80.0,80.0,1.286,0.228,0.334,1.07,0.695,0,4.3,285.6,289.05,284.15,286.25,V9_LIBERAL_EOD_NOCAP,FMCG
HINDUNILVR,2026-07-28,2026-07-29,BEAR,80.0,85.0,2.485,3.282,1.374,2.05,1.335,0,47.08,2050.5,2123.0,2047.0,2117.8,V9_LIBERAL_EOD_NOCAP,FMCG
BRITANNIA,2026-07-28,2026-07-29,BEAR,80.0,80.0,1.591,0.327,0.383,1.06,0.69,0,101.92,5409.41,5490.56,5398.59,5427.11,V9_LIBERAL_EOD_NOCAP,FMCG
DABUR,2026-07-28,2026-07-29,BEAR,80.0,80.0,1.258,1.474,0.659,1.28,0.832,0,8.23,427.4,435.3,427.0,433.7,V9_LIBERAL_EOD_NOCAP,FMCG
TRENT,2026-07-28,2026-07-29,BEAR,80.0,80.0,1.256,2.218,0.317,1.28,0.834,0,72.85,2940.0,3010.1,2916.5,3005.2,V9_LIBERAL_EOD_NOCAP,CONS
LT,2026-07-28,2026-07-29,BEAR,80.0,80.0,1.647,0.924,1.654,1.71,1.114,0,64.44,3895.4,3978.2,3891.1,3931.4,V9_LIBERAL_EOD_NOCAP,INFRA
KAYNES,2026-07-28,2026-07-29,BEAR,80.0,85.0,8.396,11.238,1.342,5.42,1.875,0,101.79,3271.0,3685.0,3270.2,3638.6,V9_LIBERAL_EOD_NOCAP,TECH
ADANIPORTS,2026-07-30,2026-07-31,BULL,80.0,85.0,2.016,1.344,0.595,1.11,0.719,1,41.1,1674.0,1708.1,1650.0,1696.5,V9_LIBERAL_EOD_NOCAP,INFRA
TATAMOTORS,2026-07-30,2026-07-31,BULL,80.0,85.0,3.47,5.266,0.0,3.1,2.012,0,11.07,414.95,440.65,414.25,436.8,V9_LIBERAL_EOD_NOCAP,AUTO
BEL,2026-07-30,2026-07-31,BULL,80.0,80.0,1.275,0.74,0.026,0.99,0.293,0,7.57,384.48,390.07,384.48,387.32,V9_LIBERAL_EOD_NOCAP,INFRA
RELIANCE,2026-08-05,2026-08-06,BULL,80.0,80.0,1.813,3.113,0.391,2.4,1.563,0,22.29,1285.0,1325.2,1281.2,1325.0,V9_LIBERAL_EOD_NOCAP,ENERGY
SBIN,2026-08-11,2026-08-12,NEUTRAL,80.0,80.0,1.477,1.501,0.0,1.18,0.77,0,21.95,1066.0,1085.5,1066.0,1082.0,V9_LIBERAL_EOD_NOCAP,BANK
BHARTIARTL,2026-08-11,2026-08-12,NEUTRAL,80.0,80.0,1.791,1.907,-0.345,1.42,0.922,0,34.21,1908.6,1945.0,1901.3,1945.0,V9_LIBERAL_EOD_NOCAP,TELECOM
BPCL,2026-08-13,2026-08-14,NEUTRAL,80.0,80.0,1.76,1.461,-0.048,0.9,0.25,0,6.82,314.85,319.45,314.05,319.45,V9_LIBERAL_EOD_NOCAP,ENERGY
ADANIENT,2026-08-13,2026-08-14,NEUTRAL,80.0,80.0,1.699,2.364,0.003,1.62,1.05,0,68.5,2965.0,3048.0,2950.0,3035.1,V9_LIBERAL_EOD_NOCAP,ENERGY
BHARTIARTL,2026-08-13,2026-08-14,NEUTRAL,80.0,80.0,1.684,2.733,0.0,2.53,1.641,0,35.22,1939.1,2005.8,1932.0,1992.1,V9_LIBERAL_EOD_NOCAP,TELECOM
ITC,2026-08-19,2026-08-20,BEAR,80.0,85.0,2.492,1.286,0.431,1.05,0.683,1,4.38,268.2,271.65,265.0,271.65,V9_LIBERAL_EOD_NOCAP,FMCG
SUNPHARMA,2026-08-21,2026-08-24,NEUTRAL,80.0,80.0,1.53,0.399,0.0,0.86,0.231,0,31.87,1902.4,1923.0,1892.6,1910.0,V9_LIBERAL_EOD_NOCAP,PHARMA
TATASTEEL,2026-08-21,2026-08-24,NEUTRAL,80.0,80.0,1.717,1.168,0.628,0.78,0.192,0,3.66,184.15,186.3,183.06,186.3,V9_LIBERAL_EOD_NOCAP,METAL
TATASTEEL,2026-08-25,2026-08-26,NEUTRAL,100.0,85.0,1.411,0.815,-0.241,1.27,0.823,1,3.64,186.49,189.95,184.29,188.01,V9_LIBERAL_EOD_NOCAP,METAL
HCLTECH,2026-08-27,2026-08-28,BEAR,80.0,85.0,2.317,2.023,0.624,1.99,1.291,0,29.67,1290.0,1334.2,1290.0,1316.1,V9_LIBERAL_EOD_NOCAP,IT
HDFCBANK,2026-08-31,2026-09-01,BEAR,80.0,80.0,1.689,0.972,-0.557,1.13,0.733,1,12.29,705.05,715.45,698.5,711.9,V9_LIBERAL_EOD_NOCAP,BANK
ADANIPORTS,2026-08-31,2026-09-01,BEAR,80.0,80.0,1.537,1.385,2.002,1.12,0.73,0,36.34,1625.0,1655.6,1625.0,1647.5,V9_LIBERAL_EOD_NOCAP,INFRA
HCLTECH,2026-08-31,2026-09-01,BEAR,80.0,85.0,2.067,2.682,0.297,2.25,1.459,0,30.82,1316.1,1368.0,1313.1,1351.4,V9_LIBERAL_EOD_NOCAP,IT
ITC,2026-08-31,2026-09-01,BEAR,80.0,85.0,2.198,1.95,2.348,1.91,1.241,0,4.68,261.5,268.2,261.5,266.6,V9_LIBERAL_EOD_NOCAP,FMCG
DLF,2026-09-02,2026-09-03,BEAR,80.0,80.0,1.504,1.587,-0.379,1.4,0.913,0,17.42,671.0,689.35,671.0,681.65,V9_LIBERAL_EOD_NOCAP,REALTY
GODREJPROP,2026-09-02,2026-09-03,BEAR,80.0,85.0,2.551,1.909,-0.34,2.16,1.402,0,57.3,1964.0,2056.7,1960.0,2001.5,V9_LIBERAL_EOD_NOCAP,REALTY
DRREDDY,2025-10-01,2025-10-03,BEAR,80.0,80.0,1.385,0.338,-0.064,1.15,0.745,0,24.84,1236.06,1257.43,1232.19,1240.23,V10_COMPOSITE_OPTIMIZER,PHARMA
DIVISLAB,2025-10-01,2025-10-03,BEAR,80.0,80.0,1.497,1.849,0.867,1.92,1.251,0,119.54,5759.5,5932.0,5746.0,5866.0,V10_COMPOSITE_OPTIMIZER,PHARMA
COALINDIA,2025-10-06,2025-10-07,BULL,80.0,80.0,1.464,0.182,0.55,1.22,0.796,0,5.18,368.99,373.75,368.8,369.66,V10_COMPOSITE_OPTIMIZER,ENERGY
LODHA,2025-10-06,2025-10-07,BULL,80.0,85.0,5.86,2.415,0.26,1.59,1.033,1,28.68,1118.0,1152.2,1098.8,1145.0,V10_COMPOSITE_OPTIMIZER,REALTY
ICICIGI,2025-10-14,2025-10-15,NEUTRAL,80.0,85.0,12.316,6.607,2.173,5.12,3.0,0,37.46,1881.82,2025.7,1881.82,2006.14,V10_COMPOSITE_OPTIMIZER,FINSERV
CIPLA,2025-10-14,2025-10-15,NEUTRAL,80.0,80.0,1.657,0.561,-0.148,0.71,0.156,0,27.49,1535.59,1550.26,1531.63,1544.21,V10_COMPOSITE_OPTIMIZER,PHARMA
GODREJPROP,2025-10-14,2025-10-15,NEUTRAL,80.0,85.0,2.14,3.289,0.496,1.97,1.278,0,52.25,2057.65,2134.68,2057.45,2125.33,V10_COMPOSITE_OPTIMIZER,REALTY
NESTLEIND,2025-10-14,2025-10-15,NEUTRAL,80.0,85.0,2.251,3.905,0.0,3.27,2.126,0,19.97,1163.59,1212.59,1163.59,1209.03,V10_COMPOSITE_OPTIMIZER,FMCG
HAL,2025-10-14,2025-10-15,NEUTRAL,80.0,80.0,1.262,2.069,0.004,1.94,1.259,0,90.82,4707.88,4839.79,4707.88,4805.28,V10_COMPOSITE_OPTIMIZER,INFRA
ITC,2025-10-16,2025-10-17,BULL,80.0,80.0,1.492,1.678,0.049,2.38,1.548,0,4.54,386.5,394.6,386.4,392.98,V10_COMPOSITE_OPTIMIZER,FMCG
HINDUNILVR,2025-10-16,2025-10-17,BULL,80.0,80.0,1.744,1.489,0.156,1.54,0.999,0,42.19,2519.86,2568.48,2514.46,2557.38,V10_COMPOSITE_OPTIMIZER,FMCG
KOTAKBANK,2025-10-27,2025-10-28,BULL,80.0,80.0,1.52,0.878,-0.307,0.85,0.223,0,8.21,427.66,432.87,427.66,431.42,V10_COMPOSITE_OPTIMIZER,BANK
FEDERALBNK,2025-10-27,2025-10-28,BULL,80.0,80.0,1.348,0.194,-0.804,0.72,0.159,0,31.85,2328.22,2345.37,2328.2,2332.75,V10_COMPOSITE_OPTIMIZER,BANK
COALINDIA,2025-10-29,2025-10-30,BULL,80.0,85.0,2.269,1.24,0.249,1.33,0.866,1,5.77,367.98,373.75,364.48,372.55,V10_COMPOSITE_OPTIMIZER,ENERGY
FEDERALBNK,2025-10-31,2025-11-03,NEUTRAL,80.0,80.0,1.568,0.213,-3.407,0.74,0.169,0,30.37,2277.79,2294.61,2268.43,2282.63,V10_COMPOSITE_OPTIMIZER,BANK
LUPIN,2025-10-31,2025-11-03,NEUTRAL,80.0,85.0,2.604,0.854,0.178,1.47,0.955,1,36.94,1952.84,1993.55,1932.59,1969.52,V10_COMPOSITE_OPTIMIZER,PHARMA
DLF,2025-10-31,2025-11-03,NEUTRAL,80.0,80.0,1.785,2.94,-0.165,2.73,1.776,0,14.22,745.64,774.77,743.02,767.56,V10_COMPOSITE_OPTIMIZER,REALTY
DABUR,2025-10-31,2025-11-03,NEUTRAL,80.0,80.0,1.703,3.114,0.113,2.22,1.446,0,9.62,479.32,495.37,476.86,494.25,V10_COMPOSITE_OPTIMIZER,FMCG
CHOLAFIN,2025-11-06,2025-11-07,BEAR,80.0,80.0,1.338,2.306,-1.063,1.48,0.961,0,44.58,1663.6,1713.05,1642.73,1701.96,V10_COMPOSITE_OPTIMIZER,FINSERV
ADANIENT,2025-11-06,2025-11-07,BEAR,80.0,85.0,2.153,2.35,0.03,1.9,1.233,0,61.49,2313.97,2401.43,2290.38,2368.34,V10_COMPOSITE_OPTIMIZER,ENERGY
HINDALCO,2025-11-06,2025-11-07,BEAR,80.0,80.0,1.36,0.241,0.013,0.97,0.283,0,19.35,784.41,798.43,778.94,786.3,V10_COMPOSITE_OPTIMIZER,METAL
TRENT,2025-11-10,2025-11-11,BEAR,80.0,80.0,1.672,0.484,0.264,0.85,0.224,0,109.95,4288.66,4358.56,4256.81,4309.43,V10_COMPOSITE_OPTIMIZER,CONS
HAL,2025-11-10,2025-11-11,BEAR,80.0,80.0,1.483,1.408,0.111,1.26,0.819,0,87.05,4755.59,4837.81,4747.56,4822.53,V10_COMPOSITE_OPTIMIZER,INFRA
KOTAKBANK,2025-11-14,2025-11-17,BULL,80.0,85.0,2.314,0.377,0.736,1.0,0.651,0,6.62,418.28,423.25,417.76,419.86,V10_COMPOSITE_OPTIMIZER,BANK
EICHERMOT,2025-11-14,2025-11-17,BULL,80.0,80.0,1.517,1.025,0.523,0.77,0.187,0,135.97,6730.0,6809.0,6675.0,6799.0,V10_COMPOSITE_OPTIMIZER,AUTO
MPHASIS,2025-11-20,2025-11-21,BULL,80.0,85.0,2.038,0.446,-0.201,0.77,0.184,0,71.54,2663.49,2704.69,2642.65,2675.37,V10_COMPOSITE_OPTIMIZER,IT
BAJFINANCE,2025-11-26,2025-11-27,BULL,80.0,80.0,1.827,1.792,0.485,1.7,1.106,0,22.83,1009.4,1038.52,1004.72,1027.48,V10_COMPOSITE_OPTIMIZER,FINSERV
JSWSTEEL,2025-11-28,2025-12-01,BULL,100.0,90.0,2.047,0.3,0.396,1.07,0.696,0,24.88,1158.25,1178.23,1150.69,1161.73,V10_COMPOSITE_OPTIMIZER,METAL
ITC,2025-11-28,2025-12-01,BULL,80.0,80.0,1.636,0.36,-0.359,0.78,-1.0,1,4.42,384.07,386.64,379.68,385.45,V10_COMPOSITE_OPTIMIZER,FMCG
SBIN,2025-12-04,2025-12-05,NEUTRAL,80.0,80.0,1.602,2.387,0.079,2.26,1.47,0,14.16,932.05,956.07,929.94,954.3,V10_COMPOSITE_OPTIMIZER,BANK
ADANIENT,2025-12-04,2025-12-05,NEUTRAL,80.0,80.0,1.547,2.142,-0.0,1.13,0.732,0,59.97,2216.91,2267.59,2201.92,2264.39,V10_COMPOSITE_OPTIMIZER,ENERGY
DLF,2025-12-08,2025-12-09,BEAR,80.0,80.0,1.411,0.811,-0.429,1.32,0.858,0,14.47,676.01,690.33,671.07,681.49,V10_COMPOSITE_OPTIMIZER,REALTY
GODREJPROP,2025-12-08,2025-12-09,BEAR,80.0,85.0,2.969,3.706,-0.258,1.95,1.271,0,55.25,1960.52,2041.53,1942.61,2033.17,V10_COMPOSITE_OPTIMIZER,REALTY
TRENT,2025-12-08,2025-12-09,BEAR,80.0,85.0,2.414,0.884,-1.0,1.11,0.725,1,81.81,4043.62,4112.02,3982.12,4079.37,V10_COMPOSITE_OPTIMIZER,CONS
BEL,2025-12-08,2025-12-09,BEAR,80.0,80.0,1.664,1.143,-0.349,0.87,0.237,0,9.04,383.42,389.34,378.94,387.8,V10_COMPOSITE_OPTIMIZER,INFRA
TATASTEEL,2025-12-10,2025-12-11,BEAR,100.0,85.0,1.767,1.761,0.783,1.29,0.842,0,3.19,160.2,163.29,159.87,163.02,V10_COMPOSITE_OPTIMIZER,METAL
PERSISTENT,2025-12-10,2025-12-11,BEAR,80.0,80.0,1.572,2.69,0.133,1.7,1.107,0,146.69,6019.91,6207.23,5997.49,6181.83,V10_COMPOSITE_OPTIMIZER,IT
DIVISLAB,2025-12-10,2025-12-11,BEAR,80.0,80.0,1.385,2.055,0.095,2.22,1.442,0,118.69,6300.5,6498.0,6274.0,6430.0,V10_COMPOSITE_OPTIMIZER,PHARMA
ABB,2025-12-10,2025-12-11,BEAR,80.0,80.0,1.867,1.717,0.039,1.46,0.95,0,93.99,5133.01,5236.08,5126.03,5221.15,V10_COMPOSITE_OPTIMIZER,MFNG
DIXON,2025-12-10,2025-12-11,BEAR,80.0,85.0,4.224,5.175,-0.016,2.02,1.312,0,449.71,12349.0,13030.0,12130.0,12988.0,V10_COMPOSITE_OPTIMIZER,TECH
KAYNES,2025-12-10,2025-12-11,BEAR,80.0,80.0,1.833,3.258,0.604,0.87,0.234,0,330.36,3914.0,4129.0,3830.0,4041.5,V10_COMPOSITE_OPTIMIZER,TECH
IOC,2025-12-12,2025-12-15,NEUTRAL,80.0,85.0,3.343,2.046,0.916,1.61,1.045,1,3.04,158.26,161.93,155.66,161.5,V10_COMPOSITE_OPTIMIZER,ENERGY
AXISBANK,2025-12-16,2025-12-17,NEUTRAL,80.0,80.0,1.386,0.336,0.082,0.95,0.274,0,21.66,1219.66,1235.05,1219.36,1223.76,V10_COMPOSITE_OPTIMIZER,BANK
EICHERMOT,2025-12-16,2025-12-17,NEUTRAL,80.0,80.0,1.395,0.429,0.602,0.75,0.175,0,129.03,7104.0,7176.5,7080.5,7134.5,V10_COMPOSITE_OPTIMIZER,AUTO
ITC,2025-12-18,2025-12-19,NEUTRAL,100.0,85.0,1.304,0.2,-0.037,0.76,0.181,0,4.0,381.64,383.93,381.64,382.4,V10_COMPOSITE_OPTIMIZER,FMCG
POWERGRID,2025-12-18,2025-12-19,NEUTRAL,80.0,80.0,1.961,2.093,0.039,1.89,1.229,0,4.11,255.19,261.02,255.09,260.53,V10_COMPOSITE_OPTIMIZER,ENERGY
DIVISLAB,2025-12-18,2025-12-19,NEUTRAL,80.0,85.0,3.701,1.069,0.47,2.06,1.342,0,121.46,6410.0,6598.0,6408.5,6478.5,V10_COMPOSITE_OPTIMIZER,PHARMA
ABB,2025-12-18,2025-12-19,NEUTRAL,80.0,85.0,2.238,1.391,0.167,1.21,0.789,0,93.53,5085.2,5170.35,5079.23,5155.91,V10_COMPOSITE_OPTIMIZER,MFNG
CHOLAFIN,2025-12-22,2025-12-23,BULL,80.0,85.0,4.14,4.579,1.268,3.07,1.998,0,46.96,1603.17,1711.45,1593.98,1676.59,V10_COMPOSITE_OPTIMIZER,FINSERV
TATASTEEL,2025-12-26,2025-12-29,NEUTRAL,80.0,85.0,2.222,1.646,0.231,2.07,1.349,0,2.91,166.08,170.61,165.87,168.82,V10_COMPOSITE_OPTIMIZER,METAL
KOTAKBANK,2025-12-30,2025-12-31,NEUTRAL,80.0,80.0,1.495,1.997,0.246,2.21,1.439,0,5.7,430.86,440.32,430.4,439.46,V10_COMPOSITE_OPTIMIZER,BANK
ONGC,2025-12-30,2025-12-31,NEUTRAL,80.0,80.0,1.944,2.424,0.004,2.33,1.517,0,3.52,229.29,235.46,229.22,234.85,V10_COMPOSITE_OPTIMIZER,ENERGY
M&M,2025-12-30,2025-12-31,NEUTRAL,80.0,80.0,1.308,1.538,-0.199,1.59,1.034,0,58.56,3615.04,3684.9,3602.57,3670.65,V10_COMPOSITE_OPTIMIZER,AUTO
HINDUNILVR,2025-12-30,2025-12-31,NEUTRAL,80.0,80.0,1.328,1.131,-0.009,1.49,0.967,0,31.5,2266.94,2302.08,2263.77,2292.58,V10_COMPOSITE_OPTIMIZER,FMCG
DABUR,2025-12-30,2025-12-31,NEUTRAL,80.0,85.0,2.273,1.737,-0.131,2.75,1.79,0,7.12,488.66,503.37,488.56,497.15,V10_COMPOSITE_OPTIMIZER,FMCG
DIXON,2025-12-30,2025-12-31,NEUTRAL,80.0,80.0,1.323,2.075,0.756,1.07,0.698,0,475.78,11856.0,12239.0,11755.0,12102.0,V10_COMPOSITE_OPTIMIZER,TECH
HEROMOTOCO,2026-01-01,2026-01-02,NEUTRAL,100.0,85.0,1.285,0.559,1.001,1.42,0.924,0,119.21,5787.2,5914.22,5762.68,5819.57,V10_COMPOSITE_OPTIMIZER,AUTO
ICICIBANK,2026-01-05,2026-01-06,BULL,100.0,90.0,2.147,2.857,0.036,3.55,2.307,0,15.63,1372.0,1413.6,1366.0,1411.2,V10_COMPOSITE_OPTIMIZER,BANK
ONGC,2026-01-05,2026-01-06,BULL,80.0,80.0,1.329,1.596,0.0,1.3,0.847,0,4.27,232.62,236.79,232.62,236.33,V10_COMPOSITE_OPTIMIZER,ENERGY
TCS,2026-01-05,2026-01-06,BULL,80.0,80.0,1.416,1.427,-0.19,1.61,1.048,0,42.39,3093.55,3144.82,3088.73,3137.69,V10_COMPOSITE_OPTIMIZER,IT
HCLTECH,2026-01-05,2026-01-06,BULL,80.0,80.0,1.317,1.0,-0.454,1.19,0.771,0,27.85,1543.19,1567.97,1540.3,1558.62,V10_COMPOSITE_OPTIMIZER,IT
CIPLA,2026-01-05,2026-01-06,BULL,80.0,80.0,1.577,0.724,-0.0,1.36,0.881,0,19.39,1505.67,1525.39,1505.67,1516.57,V10_COMPOSITE_OPTIMIZER,PHARMA
BRITANNIA,2026-01-05,2026-01-06,BULL,80.0,80.0,1.54,1.482,0.224,1.4,0.911,1,97.52,6040.0,6142.5,5948.5,6129.5,V10_COMPOSITE_OPTIMIZER,FMCG
ABB,2026-01-05,2026-01-06,BULL,80.0,80.0,1.615,1.083,0.0,1.39,0.904,0,82.11,5147.45,5233.1,5139.48,5203.22,V10_COMPOSITE_OPTIMIZER,MFNG
INFY,2026-01-13,2026-01-14,BEAR,80.0,80.0,1.414,0.743,-0.688,1.37,0.891,0,27.62,1554.36,1582.75,1549.57,1565.91,V10_COMPOSITE_OPTIMIZER,IT
IDFCFIRSTB,2026-01-21,2026-01-22,BEAR,80.0,80.0,1.641,2.683,0.601,1.89,1.227,0,1.75,81.76,84.23,81.66,83.95,V10_COMPOSITE_OPTIMIZER,BANK
BRITANNIA,2026-01-21,2026-01-22,BEAR,80.0,80.0,1.335,1.402,0.819,1.59,1.03,0,105.13,5850.0,5975.0,5819.0,5932.0,V10_COMPOSITE_OPTIMIZER,FMCG
BPCL,2026-01-27,2026-01-28,BEAR,80.0,85.0,2.197,0.513,0.867,0.78,0.189,0,8.99,350.61,355.86,347.59,352.41,V10_COMPOSITE_OPTIMIZER,ENERGY
IOC,2026-01-27,2026-01-28,BEAR,80.0,80.0,1.693,2.421,0.063,1.91,1.242,0,3.45,157.02,161.96,156.57,160.82,V10_COMPOSITE_OPTIMIZER,ENERGY
POWERGRID,2026-01-27,2026-01-28,BEAR,80.0,80.0,1.304,2.283,-0.138,1.85,1.199,0,4.82,251.18,257.86,251.18,256.92,V10_COMPOSITE_OPTIMIZER,ENERGY
M&M,2026-01-27,2026-01-28,BEAR,80.0,80.0,1.836,2.078,-0.427,1.3,0.845,0,79.06,3343.88,3420.97,3340.92,3413.35,V10_COMPOSITE_OPTIMIZER,AUTO
HEROMOTOCO,2026-01-27,2026-01-28,BEAR,80.0,80.0,1.39,1.951,0.502,1.13,0.733,1,135.74,5303.62,5418.39,5226.63,5407.11,V10_COMPOSITE_OPTIMIZER,AUTO
ITC,2026-01-27,2026-01-28,BEAR,80.0,80.0,1.44,0.375,0.408,0.78,0.189,0,6.13,305.07,308.65,304.5,306.22,V10_COMPOSITE_OPTIMIZER,FMCG
HAL,2026-01-27,2026-01-28,BEAR,80.0,85.0,2.162,5.812,0.494,3.66,1.875,0,97.11,4333.99,4600.38,4325.56,4585.9,V10_COMPOSITE_OPTIMIZER,INFRA
IDFCFIRSTB,2026-01-29,2026-01-30,NEUTRAL,80.0,80.0,1.8,1.285,-1.138,1.38,0.897,0,1.91,82.28,84.25,82.28,83.34,V10_COMPOSITE_OPTIMIZER,BANK
M&M,2026-01-29,2026-01-30,NEUTRAL,80.0,80.0,1.898,4.532,-2.996,2.64,1.716,0,84.69,3248.88,3416.52,3248.68,3396.14,V10_COMPOSITE_OPTIMIZER,AUTO
ITC,2026-01-29,2026-01-30,NEUTRAL,80.0,85.0,2.062,1.051,0.063,1.37,0.888,0,5.91,303.97,310.03,301.73,307.17,V10_COMPOSITE_OPTIMIZER,FMCG
HINDUNILVR,2026-01-29,2026-01-30,NEUTRAL,80.0,80.0,1.513,1.367,-0.493,1.27,0.824,0,45.81,2317.43,2360.99,2316.44,2349.11,V10_COMPOSITE_OPTIMIZER,FMCG
NESTLEIND,2026-01-29,2026-01-30,NEUTRAL,80.0,85.0,5.53,3.608,-0.148,3.0,1.949,0,23.59,1272.97,1326.03,1270.01,1318.9,V10_COMPOSITE_OPTIMIZER,FMCG
TITAN,2026-01-29,2026-01-30,NEUTRAL,80.0,80.0,1.844,0.821,0.135,0.86,0.231,0,77.15,3932.1,3981.93,3897.01,3964.39,V10_COMPOSITE_OPTIMIZER,CONS
KOTAKBANK,2026-02-02,2026-02-03,NEUTRAL,80.0,80.0,1.746,0.193,1.666,1.6,1.042,1,8.31,414.28,424.27,409.59,415.08,V10_COMPOSITE_OPTIMIZER,BANK
TRENT,2026-02-04,2026-02-05,BULL,80.0,85.0,3.736,3.974,-0.977,1.44,0.933,1,104.47,2645.02,2757.53,2571.53,2750.14,V10_COMPOSITE_OPTIMIZER,CONS
KAYNES,2026-02-06,2026-02-09,BULL,80.0,80.0,1.575,4.746,1.749,1.35,0.881,0,201.06,3765.0,3969.3,3757.8,3943.7,V10_COMPOSITE_OPTIMIZER,TECH
INFY,2026-02-12,2026-02-13,BULL,80.0,85.0,3.547,5.812,-6.645,2.5,1.625,0,43.54,1266.49,1348.13,1254.36,1340.1,V10_COMPOSITE_OPTIMIZER,IT
TCS,2026-02-12,2026-02-13,BULL,80.0,85.0,2.28,4.147,-6.003,2.1,1.368,0,79.59,2536.51,2662.11,2536.51,2641.7,V10_COMPOSITE_OPTIMIZER,IT
HCLTECH,2026-02-12,2026-02-13,BULL,80.0,85.0,2.04,2.263,-3.597,1.69,1.098,1,41.25,1382.16,1434.41,1355.93,1413.43,V10_COMPOSITE_OPTIMIZER,IT
WIPRO,2026-02-12,2026-02-13,BULL,80.0,80.0,1.409,1.633,-3.848,1.17,0.763,0,6.62,210.65,216.48,209.01,214.09,V10_COMPOSITE_OPTIMIZER,IT
TECHM,2026-02-12,2026-02-13,BULL,80.0,85.0,3.033,3.494,-3.514,1.79,1.166,0,47.37,1445.05,1508.79,1427.31,1495.54,V10_COMPOSITE_OPTIMIZER,IT
COFORGE,2026-02-12,2026-02-13,BULL,80.0,85.0,5.264,0.177,-4.369,0.78,0.188,0,56.84,1359.4,1392.5,1334.0,1361.8,V10_COMPOSITE_OPTIMIZER,IT
PERSISTENT,2026-02-12,2026-02-13,BULL,80.0,85.0,2.506,5.163,-4.439,2.14,1.392,0,205.47,5210.0,5540.0,5210.0,5479.0,V10_COMPOSITE_OPTIMIZER,IT
MPHASIS,2026-02-12,2026-02-13,BULL,80.0,85.0,2.734,2.965,-3.101,1.72,1.119,0,85.66,2325.26,2435.89,2293.71,2394.21,V10_COMPOSITE_OPTIMIZER,IT
INFY,2026-02-16,2026-02-17,NEUTRAL,80.0,80.0,1.461,1.547,0.322,1.7,1.102,0,46.96,1340.98,1400.69,1338.05,1361.73,V10_COMPOSITE_OPTIMIZER,IT
WIPRO,2026-02-16,2026-02-17,NEUTRAL,80.0,80.0,1.425,1.139,0.0,1.19,0.774,0,6.86,213.26,219.39,212.26,215.69,V10_COMPOSITE_OPTIMIZER,IT
BPCL,2026-02-20,2026-02-23,NEUTRAL,80.0,80.0,1.856,0.568,1.01,0.97,0.284,0,9.22,370.0,376.7,366.65,372.1,V10_COMPOSITE_OPTIMIZER,ENERGY
NESTLEIND,2026-02-20,2026-02-23,NEUTRAL,80.0,80.0,1.467,1.239,0.402,1.01,0.655,0,25.67,1292.79,1312.19,1289.3,1308.81,V10_COMPOSITE_OPTIMIZER,FMCG
BPCL,2026-02-24,2026-02-25,BEAR,100.0,85.0,1.429,1.316,0.441,0.85,0.223,0,9.14,376.1,381.9,374.0,381.05,V10_COMPOSITE_OPTIMIZER,ENERGY
ICICIBANK,2026-02-24,2026-02-25,BEAR,80.0,80.0,1.41,0.625,0.505,0.94,0.271,0,22.08,1391.8,1407.4,1388.2,1400.5,V10_COMPOSITE_OPTIMIZER,BANK
HCLTECH,2026-02-24,2026-02-25,BEAR,80.0,80.0,1.417,1.712,1.18,1.04,0.678,0,45.19,1316.11,1351.46,1315.14,1338.64,V10_COMPOSITE_OPTIMIZER,IT
MARUTI,2026-02-24,2026-02-25,BEAR,80.0,80.0,1.35,1.413,-0.442,1.18,0.77,0,307.18,14860.0,15133.0,14837.0,15070.0,V10_COMPOSITE_OPTIMIZER,AUTO
HEROMOTOCO,2026-02-24,2026-02-25,BEAR,80.0,85.0,2.254,4.11,0.0,3.11,1.875,0,141.03,5511.0,5840.0,5500.5,5737.5,V10_COMPOSITE_OPTIMIZER,AUTO
TRENT,2026-02-26,2026-02-27,NEUTRAL,80.0,80.0,1.647,1.128,-0.0,0.81,0.206,0,80.84,2566.87,2616.13,2556.22,2595.83,V10_COMPOSITE_OPTIMIZER,CONS
DIXON,2026-02-26,2026-02-27,NEUTRAL,80.0,85.0,2.636,4.176,-0.099,1.7,1.103,0,403.82,10106.0,10620.0,10085.0,10528.0,V10_COMPOSITE_OPTIMIZER,TECH
RELIANCE,2026-03-04,2026-03-05,BEAR,80.0,80.0,1.834,2.683,0.602,1.99,1.293,0,30.62,1346.87,1392.56,1346.87,1383.01,V10_COMPOSITE_OPTIMIZER,ENERGY
BPCL,2026-03-04,2026-03-05,BEAR,80.0,80.0,1.526,1.037,0.07,0.75,-1.0,1,10.46,356.65,362.5,351.1,360.35,V10_COMPOSITE_OPTIMIZER,ENERGY
IOC,2026-03-04,2026-03-05,BEAR,80.0,80.0,1.702,0.316,0.329,1.21,0.79,0,4.79,168.87,173.24,167.17,169.4,V10_COMPOSITE_OPTIMIZER,ENERGY
POWERGRID,2026-03-04,2026-03-05,BEAR,80.0,80.0,1.299,2.551,0.017,1.55,1.01,0,6.95,292.0,300.1,291.9,299.45,V10_COMPOSITE_OPTIMIZER,ENERGY
ADANIPORTS,2026-03-04,2026-03-05,BEAR,80.0,80.0,1.57,3.6,0.892,1.73,1.122,0,44.84,1441.13,1499.18,1441.13,1493.01,V10_COMPOSITE_OPTIMIZER,INFRA
HINDALCO,2026-03-04,2026-03-05,BEAR,80.0,85.0,3.285,2.683,0.89,2.49,1.616,0,28.54,925.17,978.4,921.59,949.99,V10_COMPOSITE_OPTIMIZER,METAL
DLF,2026-03-04,2026-03-05,BEAR,80.0,80.0,1.928,2.397,0.422,1.29,0.84,0,18.24,564.36,582.04,564.36,577.89,V10_COMPOSITE_OPTIMIZER,REALTY
HAL,2026-03-04,2026-03-05,BEAR,80.0,80.0,1.314,0.563,-0.175,0.88,0.24,0,119.65,3870.0,3949.0,3840.9,3891.8,V10_COMPOSITE_OPTIMIZER,INFRA
LT,2026-03-04,2026-03-05,BEAR,80.0,80.0,1.479,2.918,1.071,1.76,1.143,0,111.65,3886.24,4033.5,3871.09,3999.63,V10_COMPOSITE_OPTIMIZER,INFRA
RELIANCE,2026-03-06,2026-03-09,BEAR,100.0,85.0,1.468,3.564,-2.121,2.23,1.446,0,32.44,1368.67,1422.82,1363.69,1417.45,V10_COMPOSITE_OPTIMIZER,ENERGY
NESTLEIND,2026-03-06,2026-03-09,BEAR,100.0,85.0,1.479,0.717,-2.028,0.76,0.182,0,27.07,1221.13,1236.66,1211.58,1229.89,V10_COMPOSITE_OPTIMIZER,FMCG
BAJFINANCE,2026-03-06,2026-03-09,BEAR,80.0,80.0,1.334,1.763,-2.989,1.09,0.707,1,23.5,916.17,935.35,903.5,932.32,V10_COMPOSITE_OPTIMIZER,FINSERV
IOC,2026-03-06,2026-03-09,BEAR,80.0,80.0,1.826,2.038,-6.332,1.12,0.728,0,4.88,156.03,160.13,154.35,159.21,V10_COMPOSITE_OPTIMIZER,ENERGY
ADANIPORTS,2026-03-06,2026-03-09,BEAR,80.0,85.0,2.022,1.16,-4.907,0.91,0.254,0,45.45,1399.1,1430.07,1399.1,1415.34,V10_COMPOSITE_OPTIMIZER,INFRA
GODREJPROP,2026-03-06,2026-03-09,BEAR,80.0,80.0,1.765,2.179,-3.407,0.82,0.211,0,67.56,1602.75,1644.45,1582.85,1637.68,V10_COMPOSITE_OPTIMIZER,REALTY
BRITANNIA,2026-03-12,2026-03-13,BEAR,80.0,85.0,2.135,1.017,-0.639,1.38,0.9,0,126.19,5750.0,5881.0,5727.0,5808.5,V10_COMPOSITE_OPTIMIZER,FMCG
FEDERALBNK,2026-03-16,2026-03-17,BEAR,80.0,80.0,1.26,0.233,-0.06,0.88,0.238,0,29.71,2129.52,2149.03,2129.52,2134.47,V10_COMPOSITE_OPTIMIZER,BANK
MARUTI,2026-03-16,2026-03-17,BEAR,80.0,80.0,1.82,1.423,0.259,0.98,0.291,0,420.9,12790.0,13100.0,12686.0,12972.0,V10_COMPOSITE_OPTIMIZER,AUTO
POWERGRID,2026-03-20,2026-03-23,NEUTRAL,80.0,80.0,1.385,1.376,0.134,1.09,0.711,1,7.74,298.0,304.35,293.1,302.1,V10_COMPOSITE_OPTIMIZER,ENERGY
HCLTECH,2026-03-20,2026-03-23,NEUTRAL,80.0,85.0,2.006,3.331,-1.417,1.68,1.089,0,38.79,1277.06,1325.82,1272.4,1319.61,V10_COMPOSITE_OPTIMIZER,IT
TECHM,2026-03-20,2026-03-23,NEUTRAL,80.0,80.0,1.91,1.318,-1.358,1.46,0.947,0,43.33,1331.4,1378.77,1323.21,1348.94,V10_COMPOSITE_OPTIMIZER,IT
PERSISTENT,2026-03-20,2026-03-23,NEUTRAL,80.0,80.0,1.782,0.761,-0.592,0.74,0.168,0,201.94,4688.8,4800.4,4639.3,4724.5,V10_COMPOSITE_OPTIMIZER,IT
AXISBANK,2026-03-24,2026-03-25,BEAR,80.0,80.0,1.255,1.842,0.612,1.52,0.986,0,34.26,1199.08,1238.05,1197.08,1221.16,V10_COMPOSITE_OPTIMIZER,BANK
KOTAKBANK,2026-03-24,2026-03-25,BEAR,80.0,80.0,1.957,0.583,0.572,1.27,0.824,1,9.5,368.31,377.35,362.37,370.46,V10_COMPOSITE_OPTIMIZER,BANK
BAJFINANCE,2026-03-24,2026-03-25,BEAR,80.0,80.0,1.292,2.401,1.537,1.17,0.761,0,30.28,856.78,883.37,848.09,877.36,V10_COMPOSITE_OPTIMIZER,FINSERV
HCLTECH,2026-03-24,2026-03-25,BEAR,80.0,80.0,1.364,2.47,-1.842,2.08,1.353,0,39.45,1309.31,1370.89,1309.31,1341.65,V10_COMPOSITE_OPTIMIZER,IT
DLF,2026-03-24,2026-03-25,BEAR,80.0,80.0,1.287,1.414,1.132,1.0,0.653,0,19.61,520.37,535.13,519.23,527.72,V10_COMPOSITE_OPTIMIZER,REALTY
BHARTIARTL,2026-03-24,2026-03-25,BEAR,80.0,80.0,1.409,1.152,0.66,1.09,0.708,0,43.06,1814.0,1849.2,1810.1,1834.9,V10_COMPOSITE_OPTIMIZER,TELECOM
TITAN,2026-03-24,2026-03-25,BEAR,80.0,80.0,1.346,2.261,1.295,1.7,1.104,0,115.01,3937.08,4083.6,3927.61,4026.09,V10_COMPOSITE_OPTIMIZER,CONS
KAYNES,2026-03-24,2026-03-25,BEAR,80.0,85.0,2.199,4.582,1.158,1.77,1.15,0,168.22,3555.0,3778.3,3550.0,3717.9,V10_COMPOSITE_OPTIMIZER,TECH
ONGC,2026-03-26,2026-03-27,BEAR,100.0,90.0,3.182,4.233,0.111,2.53,1.875,0,7.63,270.5,285.0,269.7,281.95,V10_COMPOSITE_OPTIMIZER,ENERGY
TATAMOTORS,2026-03-26,2026-03-27,BEAR,100.0,90.0,5.951,0.376,-1.355,0.69,-1.0,1,21.04,421.24,432.12,402.56,422.83,V10_COMPOSITE_OPTIMIZER,AUTO
PERSISTENT,2026-03-26,2026-03-27,BEAR,80.0,80.0,1.267,0.406,-0.99,0.74,0.168,0,194.31,4880.0,4987.4,4851.1,4899.8,V10_COMPOSITE_OPTIMIZER,IT
CIPLA,2026-03-26,2026-03-27,BEAR,80.0,80.0,1.547,1.288,-1.438,1.1,0.715,0,27.27,1215.1,1237.59,1215.1,1230.75,V10_COMPOSITE_OPTIMIZER,PHARMA
TCS,2026-04-01,2026-04-02,NEUTRAL,80.0,80.0,1.278,2.712,-0.922,1.69,1.098,0,65.0,2341.24,2423.57,2331.14,2404.73,V10_COMPOSITE_OPTIMIZER,IT
SUNPHARMA,2026-04-01,2026-04-02,NEUTRAL,80.0,80.0,1.435,1.718,-3.674,1.2,0.779,1,38.82,1660.65,1695.56,1615.77,1689.17,V10_COMPOSITE_OPTIMIZER,PHARMA
DRREDDY,2026-04-01,2026-04-02,NEUTRAL,80.0,80.0,1.826,2.509,-1.827,1.3,0.845,1,35.77,1180.02,1214.9,1160.14,1209.63,V10_COMPOSITE_OPTIMIZER,PHARMA
DLF,2026-04-01,2026-04-02,NEUTRAL,80.0,80.0,1.445,4.242,-1.717,1.59,1.033,1,19.44,494.79,517.95,483.33,515.77,V10_COMPOSITE_OPTIMIZER,REALTY
TRENT,2026-04-03,2026-04-06,BEAR,100.0,90.0,4.43,5.466,2.374,2.23,1.45,0,93.33,2419.69,2575.86,2419.69,2551.96,V10_COMPOSITE_OPTIMIZER,CONS
KAYNES,2026-04-03,2026-04-06,BEAR,100.0,85.0,1.448,4.47,0.28,1.3,0.845,0,180.5,3547.9,3723.9,3460.0,3706.5,V10_COMPOSITE_OPTIMIZER,TECH
GODREJPROP,2026-04-03,2026-04-06,BEAR,80.0,80.0,1.916,4.463,0.577,1.52,0.99,0,65.33,1509.7,1584.34,1486.61,1577.08,V10_COMPOSITE_OPTIMIZER,REALTY
TITAN,2026-04-03,2026-04-06,BEAR,80.0,80.0,1.472,3.437,0.19,1.68,1.092,0,120.94,4091.57,4243.97,4091.57,4232.21,V10_COMPOSITE_OPTIMIZER,CONS
HEROMOTOCO,2026-04-09,2026-04-10,BULL,80.0,80.0,1.467,3.2,0.246,1.37,0.888,0,183.03,5297.0,5484.5,5295.5,5466.5,V10_COMPOSITE_OPTIMIZER,AUTO
RELIANCE,2026-04-27,2026-04-28,NEUTRAL,80.0,85.0,2.144,2.275,-0.571,1.58,1.026,0,31.29,1351.75,1388.78,1350.75,1382.51,V10_COMPOSITE_OPTIMIZER,ENERGY
SUNPHARMA,2026-04-27,2026-04-28,NEUTRAL,80.0,85.0,2.649,1.352,-0.548,1.07,0.694,0,49.68,1719.49,1759.29,1709.82,1742.73,V10_COMPOSITE_OPTIMIZER,PHARMA
KOTAKBANK,2026-05-05,2026-05-06,NEUTRAL,100.0,85.0,1.704,0.695,0.714,0.85,-1.0,1,9.36,373.36,379.35,365.02,375.95,V10_COMPOSITE_OPTIMIZER,BANK
ICICIGI,2026-05-05,2026-05-06,NEUTRAL,100.0,90.0,2.222,1.395,0.456,1.15,0.749,0,43.34,1778.25,1815.71,1768.49,1803.05,V10_COMPOSITE_OPTIMIZER,FINSERV
ICICIBANK,2026-05-05,2026-05-06,NEUTRAL,80.0,80.0,1.543,1.387,0.855,1.02,0.663,0,27.19,1262.0,1282.8,1252.1,1279.5,V10_COMPOSITE_OPTIMIZER,BANK
SBIN,2026-05-05,2026-05-06,NEUTRAL,80.0,80.0,1.296,2.239,1.142,1.6,1.038,0,23.86,1053.02,1081.6,1042.41,1076.59,V10_COMPOSITE_OPTIMIZER,BANK
BPCL,2026-05-05,2026-05-06,NEUTRAL,80.0,80.0,1.74,3.069,2.077,1.76,1.147,0,8.99,304.7,316.6,301.85,314.05,V10_COMPOSITE_OPTIMIZER,ENERGY
M&M,2026-05-05,2026-05-06,NEUTRAL,80.0,80.0,1.939,1.72,1.065,1.03,0.669,0,90.62,3211.28,3281.24,3209.79,3266.5,V10_COMPOSITE_OPTIMIZER,AUTO
TITAN,2026-05-07,2026-05-08,BULL,80.0,85.0,5.828,4.52,0.151,3.95,2.57,1,97.82,4299.89,4589.94,4199.62,4494.25,V10_COMPOSITE_OPTIMIZER,CONS
BHARTIARTL,2026-05-11,2026-05-12,BEAR,80.0,80.0,1.37,0.303,-0.472,0.82,0.212,0,40.47,1751.5,1776.5,1751.5,1756.8,V10_COMPOSITE_OPTIMIZER,TELECOM
DLF,2026-05-13,2026-05-14,BEAR,100.0,85.0,1.966,1.949,-0.357,1.3,0.847,1,16.51,565.01,581.15,546.93,576.02,V10_COMPOSITE_OPTIMIZER,REALTY
BHARTIARTL,2026-05-13,2026-05-14,BEAR,100.0,90.0,2.347,3.489,1.721,2.27,1.475,1,40.66,1820.0,1889.2,1797.3,1883.5,V10_COMPOSITE_OPTIMIZER,TELECOM
HDFCBANK,2026-05-13,2026-05-14,BEAR,80.0,80.0,1.459,2.47,0.187,2.06,1.341,0,17.36,738.78,765.64,734.85,757.03,V10_COMPOSITE_OPTIMIZER,BANK
TECHM,2026-05-15,2026-05-18,BEAR,80.0,85.0,3.411,4.862,-0.496,2.44,1.584,0,39.46,1329.16,1401.28,1329.16,1393.78,V10_COMPOSITE_OPTIMIZER,IT
IOC,2026-05-19,2026-05-20,NEUTRAL,80.0,80.0,1.445,2.502,-0.244,1.29,0.839,0,3.98,134.67,138.52,133.0,138.04,V10_COMPOSITE_OPTIMIZER,ENERGY
WIPRO,2026-05-21,2026-05-22,NEUTRAL,80.0,85.0,2.247,1.555,0.13,1.81,1.175,0,3.98,200.0,205.4,198.83,203.11,V10_COMPOSITE_OPTIMIZER,IT
EICHERMOT,2026-05-21,2026-05-22,NEUTRAL,80.0,80.0,1.268,0.816,0.479,0.88,0.238,0,176.54,6925.0,7041.0,6908.5,6981.5,V10_COMPOSITE_OPTIMIZER,AUTO
TRENT,2026-05-21,2026-05-22,NEUTRAL,80.0,80.0,1.678,2.566,0.446,1.45,0.945,0,76.86,2788.55,2872.36,2767.44,2860.11,V10_COMPOSITE_OPTIMIZER,CONS
COALINDIA,2026-05-29,2026-06-01,NEUTRAL,80.0,80.0,1.73,3.516,-0.295,2.1,1.367,0,12.96,456.55,477.0,456.55,472.6,V10_COMPOSITE_OPTIMIZER,ENERGY
TCS,2026-05-29,2026-06-01,NEUTRAL,80.0,80.0,1.548,0.587,1.111,1.33,0.867,0,50.68,2271.55,2322.27,2267.57,2284.87,V10_COMPOSITE_OPTIMIZER,IT
HCLTECH,2026-05-29,2026-06-01,NEUTRAL,80.0,80.0,1.982,0.42,0.532,1.18,0.766,0,25.43,1178.07,1200.54,1178.07,1183.02,V10_COMPOSITE_OPTIMIZER,IT
DIVISLAB,2026-06-02,2026-06-03,BEAR,80.0,80.0,1.444,0.867,-0.199,0.77,0.183,0,146.94,6520.0,6604.5,6460.0,6576.5,V10_COMPOSITE_OPTIMIZER,PHARMA
MARUTI,2026-06-02,2026-06-03,BEAR,80.0,80.0,1.687,0.231,-0.061,0.86,0.229,0,298.32,13014.0,13206.0,12911.0,13044.0,V10_COMPOSITE_OPTIMIZER,AUTO
CHOLAFIN,2026-06-04,2026-06-05,BEAR,100.0,85.0,1.986,1.123,0.034,1.75,1.137,0,47.6,1485.92,1548.39,1479.52,1502.61,V10_COMPOSITE_OPTIMIZER,FINSERV
SBIN,2026-06-08,2026-06-09,BEAR,100.0,85.0,1.434,1.797,0.311,1.45,0.942,0,22.09,985.0,1009.0,983.0,1002.7,V10_COMPOSITE_OPTIMIZER,BANK
ICICIBANK,2026-06-08,2026-06-09,BEAR,80.0,80.0,1.492,1.594,0.384,1.39,0.902,0,23.94,1255.0,1279.9,1252.7,1275.0,V10_COMPOSITE_OPTIMIZER,BANK
DIVISLAB,2026-06-08,2026-06-09,BEAR,80.0,85.0,2.911,3.336,0.215,2.3,1.496,0,147.71,6535.0,6790.0,6535.0,6753.0,V10_COMPOSITE_OPTIMIZER,PHARMA
JSWSTEEL,2026-06-10,2026-06-11,BEAR,80.0,80.0,1.294,1.288,-0.299,1.37,0.888,0,26.58,1258.77,1286.01,1253.8,1274.98,V10_COMPOSITE_OPTIMIZER,METAL
M&M,2026-06-12,2026-06-15,BULL,80.0,80.0,1.686,1.434,1.548,1.3,0.846,0,78.09,3057.89,3134.09,3046.01,3101.73,V10_COMPOSITE_OPTIMIZER,AUTO
DLF,2026-06-12,2026-06-15,BULL,80.0,85.0,2.869,2.238,2.376,1.56,1.017,0,16.24,593.55,612.61,590.88,606.83,V10_COMPOSITE_OPTIMIZER,REALTY
HAL,2026-06-12,2026-06-15,BULL,80.0,80.0,1.382,1.174,1.019,1.41,0.919,0,102.76,4235.0,4344.0,4202.6,4284.7,V10_COMPOSITE_OPTIMIZER,INFRA
HINDALCO,2026-06-16,2026-06-17,BULL,80.0,80.0,1.6,2.325,0.265,1.14,0.738,0,31.07,979.89,1006.35,966.16,1002.67,V10_COMPOSITE_OPTIMIZER,METAL
KAYNES,2026-06-16,2026-06-17,BULL,80.0,80.0,1.593,1.732,0.485,0.99,0.297,0,124.73,3193.0,3286.0,3185.7,3248.3,V10_COMPOSITE_OPTIMIZER,TECH
TCS,2026-06-18,2026-06-19,BULL,80.0,85.0,3.613,0.95,-4.461,0.79,-1.0,1,55.13,2093.52,2126.34,2048.67,2113.41,V10_COMPOSITE_OPTIMIZER,IT
WIPRO,2026-06-18,2026-06-19,BULL,80.0,80.0,1.486,2.286,-3.325,1.32,0.855,0,4.78,176.76,181.48,174.89,180.8,V10_COMPOSITE_OPTIMIZER,IT
TECHM,2026-06-18,2026-06-19,BULL,80.0,85.0,2.94,4.415,-6.749,2.16,1.402,0,40.5,1315.81,1381.3,1309.96,1373.9,V10_COMPOSITE_OPTIMIZER,IT
DRREDDY,2026-06-22,2026-06-23,BULL,80.0,85.0,2.679,0.316,0.504,1.76,1.145,0,24.3,1289.03,1321.12,1286.74,1293.1,V10_COMPOSITE_OPTIMIZER,PHARMA
MARUTI,2026-06-24,2026-06-25,NEUTRAL,80.0,85.0,2.408,2.897,0.83,2.65,1.721,0,278.72,13225.18,13778.62,13193.5,13608.33,V10_COMPOSITE_OPTIMIZER,AUTO
KAYNES,2026-06-24,2026-06-25,NEUTRAL,80.0,85.0,2.717,1.231,0.684,1.75,1.137,0,122.71,3225.0,3386.0,3212.0,3264.7,V10_COMPOSITE_OPTIMIZER,TECH
NESTLEIND,2026-06-30,2026-07-01,NEUTRAL,100.0,85.0,1.49,2.757,0.683,2.08,1.349,0,28.83,1408.03,1452.92,1401.16,1446.84,V10_COMPOSITE_OPTIMIZER,FMCG
BRITANNIA,2026-06-30,2026-07-01,NEUTRAL,100.0,85.0,1.765,2.244,0.0,2.09,1.355,0,82.81,5146.5,5276.0,5115.0,5262.0,V10_COMPOSITE_OPTIMIZER,FMCG
KOTAKBANK,2026-06-30,2026-07-01,NEUTRAL,80.0,80.0,1.487,0.78,1.3,0.7,-1.0,1,7.67,396.67,400.71,392.57,399.76,V10_COMPOSITE_OPTIMIZER,BANK
HINDUNILVR,2026-06-30,2026-07-01,NEUTRAL,80.0,85.0,2.04,2.273,0.722,1.95,1.266,0,38.67,2133.5,2190.0,2120.2,2182.0,V10_COMPOSITE_OPTIMIZER,FMCG
DABUR,2026-06-30,2026-07-01,NEUTRAL,80.0,85.0,5.609,5.167,0.166,4.09,3.0,0,7.75,417.48,441.28,417.24,439.05,V10_COMPOSITE_OPTIMIZER,FMCG
MPHASIS,2026-07-02,2026-07-03,BULL,80.0,85.0,2.344,1.127,1.14,1.14,0.741,0,68.3,2211.71,2270.14,2208.78,2236.64,V10_COMPOSITE_OPTIMIZER,IT
KOTAKBANK,2026-07-08,2026-07-09,BEAR,80.0,80.0,1.477,1.521,0.378,1.03,0.669,0,8.34,370.86,377.3,367.77,376.5,V10_COMPOSITE_OPTIMIZER,BANK
RELIANCE,2026-07-08,2026-07-09,BEAR,80.0,80.0,1.256,0.211,0.094,1.12,0.727,0,23.13,1277.1,1296.5,1274.2,1279.8,V10_COMPOSITE_OPTIMIZER,ENERGY
BHARTIARTL,2026-07-08,2026-07-09,BEAR,80.0,80.0,1.988,1.53,0.736,2.51,1.875,0,34.05,1902.0,1966.0,1898.8,1931.1,V10_COMPOSITE_OPTIMIZER,TELECOM
TCS,2026-07-10,2026-07-13,NEUTRAL,80.0,85.0,2.663,5.133,0.29,2.84,1.848,0,60.58,2063.68,2192.88,2053.84,2169.6,V10_COMPOSITE_OPTIMIZER,IT
SBIN,2026-07-14,2026-07-15,NEUTRAL,80.0,80.0,1.403,1.438,0.01,1.41,0.915,0,19.42,1015.5,1036.0,1013.7,1030.1,V10_COMPOSITE_OPTIMIZER,BANK
BPCL,2026-07-14,2026-07-15,NEUTRAL,80.0,80.0,1.376,1.176,0.213,0.88,0.242,0,7.77,306.0,311.15,306.0,309.6,V10_COMPOSITE_OPTIMIZER,ENERGY
TATAMOTORS,2026-07-14,2026-07-15,NEUTRAL,80.0,80.0,1.345,0.845,0.623,1.12,0.727,0,12.47,420.0,430.45,419.55,423.55,V10_COMPOSITE_OPTIMIZER,AUTO
POWERGRID,2026-07-16,2026-07-17,NEUTRAL,100.0,85.0,1.391,0.997,0.0,0.96,0.281,0,4.99,280.75,284.35,279.65,283.55,V10_COMPOSITE_OPTIMIZER,ENERGY
AXISBANK,2026-07-16,2026-07-17,NEUTRAL,80.0,85.0,2.033,1.645,-0.046,1.3,0.844,0,26.7,1307.0,1333.0,1305.0,1328.5,V10_COMPOSITE_OPTIMIZER,BANK
RELIANCE,2026-07-16,2026-07-17,NEUTRAL,80.0,80.0,1.512,2.092,0.262,1.83,1.19,0,22.07,1300.0,1330.3,1296.1,1327.2,V10_COMPOSITE_OPTIMIZER,ENERGY
WIPRO,2026-07-16,2026-07-17,NEUTRAL,80.0,80.0,1.452,1.412,-2.357,0.91,0.256,0,3.97,173.55,176.26,173.55,176.0,V10_COMPOSITE_OPTIMIZER,IT
JSWSTEEL,2026-07-16,2026-07-17,NEUTRAL,80.0,85.0,2.136,1.335,0.0,1.26,0.817,0,24.3,1221.0,1243.9,1218.0,1237.3,V10_COMPOSITE_OPTIMIZER,METAL
AXISBANK,2026-07-20,2026-07-21,NEUTRAL,80.0,80.0,1.811,1.06,-0.876,0.99,0.295,0,30.55,1245.0,1267.7,1244.5,1258.2,V10_COMPOSITE_OPTIMIZER,BANK
BPCL,2026-07-22,2026-07-23,NEUTRAL,80.0,80.0,1.519,1.457,-2.739,1.93,1.251,0,8.03,305.4,317.0,305.1,309.85,V10_COMPOSITE_OPTIMIZER,ENERGY
DRREDDY,2026-07-22,2026-07-23,NEUTRAL,80.0,80.0,1.995,5.931,-6.916,3.13,2.031,0,30.12,1101.0,1171.6,1101.0,1166.3,V10_COMPOSITE_OPTIMIZER,PHARMA
HEROMOTOCO,2026-07-22,2026-07-23,NEUTRAL,80.0,85.0,2.908,3.744,-0.0,2.85,1.853,0,97.35,4914.81,5122.94,4907.91,5098.8,V10_COMPOSITE_OPTIMIZER,AUTO
ITC,2026-07-22,2026-07-23,NEUTRAL,80.0,80.0,1.768,0.482,-0.303,1.32,0.861,0,4.08,279.95,284.0,279.65,281.3,V10_COMPOSITE_OPTIMIZER,FMCG
CHOLAFIN,2026-07-24,2026-07-27,BEAR,80.0,80.0,1.742,2.362,1.137,1.76,1.141,0,45.95,1744.0,1804.5,1743.8,1785.2,V10_COMPOSITE_OPTIMIZER,FINSERV
COFORGE,2026-07-24,2026-07-27,BEAR,80.0,80.0,1.586,2.2,0.727,1.15,0.748,0,49.22,1488.61,1531.11,1482.54,1521.36,V10_COMPOSITE_OPTIMIZER,IT
LUPIN,2026-07-24,2026-07-27,BEAR,80.0,80.0,1.528,1.645,0.021,1.54,1.002,0,52.84,2371.0,2432.1,2368.1,2410.0,V10_COMPOSITE_OPTIMIZER,PHARMA
MARUTI,2026-07-28,2026-07-29,BEAR,80.0,80.0,1.443,1.219,-0.159,0.92,0.262,0,286.04,13642.98,13840.99,13583.58,13809.31,V10_COMPOSITE_OPTIMIZER,AUTO
ITC,2026-07-28,2026-07-29,BEAR,80.0,80.0,1.286,0.228,0.334,1.07,0.695,0,4.3,285.6,289.05,284.15,286.25,V10_COMPOSITE_OPTIMIZER,FMCG
HINDUNILVR,2026-07-28,2026-07-29,BEAR,80.0,85.0,2.485,3.282,1.374,2.05,1.335,0,47.08,2050.5,2123.0,2047.0,2117.8,V10_COMPOSITE_OPTIMIZER,FMCG
BRITANNIA,2026-07-28,2026-07-29,BEAR,80.0,80.0,1.591,0.327,0.383,1.06,0.69,0,101.92,5409.41,5490.56,5398.59,5427.11,V10_COMPOSITE_OPTIMIZER,FMCG
DABUR,2026-07-28,2026-07-29,BEAR,80.0,80.0,1.258,1.474,0.659,1.28,0.832,0,8.23,427.4,435.3,427.0,433.7,V10_COMPOSITE_OPTIMIZER,FMCG
TRENT,2026-07-28,2026-07-29,BEAR,80.0,80.0,1.256,2.218,0.317,1.28,0.834,0,72.85,2940.0,3010.1,2916.5,3005.2,V10_COMPOSITE_OPTIMIZER,CONS
LT,2026-07-28,2026-07-29,BEAR,80.0,80.0,1.647,0.924,1.654,1.71,1.114,0,64.44,3895.4,3978.2,3891.1,3931.4,V10_COMPOSITE_OPTIMIZER,INFRA
KAYNES,2026-07-28,2026-07-29,BEAR,80.0,85.0,8.396,11.238,1.342,5.42,1.875,0,101.79,3271.0,3685.0,3270.2,3638.6,V10_COMPOSITE_OPTIMIZER,TECH
ADANIPORTS,2026-07-30,2026-07-31,BULL,80.0,85.0,2.016,1.344,0.595,1.11,0.719,1,41.1,1674.0,1708.1,1650.0,1696.5,V10_COMPOSITE_OPTIMIZER,INFRA
TATAMOTORS,2026-07-30,2026-07-31,BULL,80.0,85.0,3.47,5.266,0.0,3.1,2.012,0,11.07,414.95,440.65,414.25,436.8,V10_COMPOSITE_OPTIMIZER,AUTO
BEL,2026-07-30,2026-07-31,BULL,80.0,80.0,1.275,0.74,0.026,0.99,0.293,0,7.57,384.48,390.07,384.48,387.32,V10_COMPOSITE_OPTIMIZER,INFRA
RELIANCE,2026-08-05,2026-08-06,BULL,80.0,80.0,1.813,3.113,0.391,2.4,1.563,0,22.29,1285.0,1325.2,1281.2,1325.0,V10_COMPOSITE_OPTIMIZER,ENERGY
BHARTIARTL,2026-08-11,2026-08-12,NEUTRAL,80.0,80.0,1.791,1.907,-0.345,1.42,0.922,0,34.21,1908.6,1945.0,1901.3,1945.0,V10_COMPOSITE_OPTIMIZER,TELECOM
BPCL,2026-08-13,2026-08-14,NEUTRAL,80.0,80.0,1.76,1.461,-0.048,0.9,0.25,0,6.82,314.85,319.45,314.05,319.45,V10_COMPOSITE_OPTIMIZER,ENERGY
ADANIENT,2026-08-13,2026-08-14,NEUTRAL,80.0,80.0,1.699,2.364,0.003,1.62,1.05,0,68.5,2965.0,3048.0,2950.0,3035.1,V10_COMPOSITE_OPTIMIZER,ENERGY
BHARTIARTL,2026-08-13,2026-08-14,NEUTRAL,80.0,80.0,1.684,2.733,0.0,2.53,1.641,0,35.22,1939.1,2005.8,1932.0,1992.1,V10_COMPOSITE_OPTIMIZER,TELECOM
ITC,2026-08-19,2026-08-20,BEAR,80.0,85.0,2.492,1.286,0.431,1.05,0.683,1,4.38,268.2,271.65,265.0,271.65,V10_COMPOSITE_OPTIMIZER,FMCG
SUNPHARMA,2026-08-21,2026-08-24,NEUTRAL,80.0,80.0,1.53,0.399,0.0,0.86,0.231,0,31.87,1902.4,1923.0,1892.6,1910.0,V10_COMPOSITE_OPTIMIZER,PHARMA
TATASTEEL,2026-08-21,2026-08-24,NEUTRAL,80.0,80.0,1.717,1.168,0.628,0.78,0.192,0,3.66,184.15,186.3,183.06,186.3,V10_COMPOSITE_OPTIMIZER,METAL
TATASTEEL,2026-08-25,2026-08-26,NEUTRAL,100.0,85.0,1.411,0.815,-0.241,1.27,0.823,1,3.64,186.49,189.95,184.29,188.01,V10_COMPOSITE_OPTIMIZER,METAL
HCLTECH,2026-08-27,2026-08-28,BEAR,80.0,85.0,2.317,2.023,0.624,1.99,1.291,0,29.67,1290.0,1334.2,1290.0,1316.1,V10_COMPOSITE_OPTIMIZER,IT
HDFCBANK,2026-08-31,2026-09-01,BEAR,80.0,80.0,1.689,0.972,-0.557,1.13,0.733,1,12.29,705.05,715.45,698.5,711.9,V10_COMPOSITE_OPTIMIZER,BANK
ADANIPORTS,2026-08-31,2026-09-01,BEAR,80.0,80.0,1.537,1.385,2.002,1.12,0.73,0,36.34,1625.0,1655.6,1625.0,1647.5,V10_COMPOSITE_OPTIMIZER,INFRA
HCLTECH,2026-08-31,2026-09-01,BEAR,80.0,85.0,2.067,2.682,0.297,2.25,1.459,0,30.82,1316.1,1368.0,1313.1,1351.4,V10_COMPOSITE_OPTIMIZER,IT
ITC,2026-08-31,2026-09-01,BEAR,80.0,85.0,2.198,1.95,2.348,1.91,1.241,0,4.68,261.5,268.2,261.5,266.6,V10_COMPOSITE_OPTIMIZER,FMCG
DLF,2026-09-02,2026-09-03,BEAR,80.0,80.0,1.504,1.587,-0.379,1.4,0.913,0,17.42,671.0,689.35,671.0,681.65,V10_COMPOSITE_OPTIMIZER,REALTY
GODREJPROP,2026-09-02,2026-09-03,BEAR,80.0,85.0,2.551,1.909,-0.34,2.16,1.402,0,57.3,1964.0,2056.7,1960.0,2001.5,V10_COMPOSITE_OPTIMIZER,REALTY
