event_id,slot_id,session_date,trigger_time,symbol,sector,regime,bear_days,rvol,clv,oi_delta_pct,entry_price_rs,sl_price_rs,risk_rs,target_1_rs,target_2_rs,target_3_rs,mfe_price_rs,mfe_r,realized_r,realized_pnl_per_share_rs,time_to_mfe_min
EVT_750_0000024,BULL_SLOT_1,2023-01-02,09:37:00,TATAELXSI_597,NIFTY_REALTY,BULL,3,4.04,0.955,-0.81,7400.0,7359.3,40.7,7522.1,7603.5,7807.0,7976.31,14.16,7.498,305.17,29
EVT_750_0000053,BULL_SLOT_1,2023-01-02,09:30:00,BAJFINANCE_737,NIFTY_IT,BULL,3,4.62,0.845,-1.97,7150.0,7110.68,39.32,7267.96,7346.6,7543.2,7645.04,12.59,6.932,272.57,27
EVT_750_0000127,BULL_SLOT_1,2023-01-04,10:11:00,HAL_159,NIFTY_FIN_SERVICE,BULL,6,5.13,0.938,-1.32,4650.0,4624.43,25.57,4726.71,4777.85,4905.7,4844.08,7.59,5.132,131.23,61
EVT_750_0000155,BULL_SLOT_1,2023-01-04,09:38:00,ONGC_264,NIFTY_CONSUMPTION,BULL,4,5.12,0.879,-2.4,295.0,293.38,1.62,299.86,303.1,311.2,302.08,4.37,3.548,5.75,40
EVT_750_0000253,BULL_SLOT_1,2023-01-06,09:34:00,JSWENERGY_335,NIFTY_INFRA,BULL,4,4.51,0.869,-2.05,680.0,676.26,3.74,691.22,698.7,717.4,705.84,6.91,4.888,18.28,47
EVT_750_0000302,BULL_SLOT_1,2023-01-09,09:28:00,AMBER_592,NIFTY_FMCG,BULL,6,3.26,0.869,-2.35,4850.0,4823.33,26.67,4930.01,4983.35,5116.7,5062.56,7.97,5.269,140.52,63
EVT_750_0000537,BULL_SLOT_1,2023-01-16,09:59:00,TCS_130,NIFTY_ENERGY,BULL,3,4.71,0.926,-0.64,4280.0,4256.46,23.54,4350.62,4397.7,4515.4,4386.64,4.53,3.612,85.03,119
EVT_750_0000733,BULL_SLOT_1,2023-01-19,09:44:00,BHEL,NIFTY_MEDIA,BULL,6,3.3,0.933,-2.04,270.0,268.5,1.5,274.5,277.5,285.0,286.34,10.89,6.32,9.48,47
EVT_750_0000869,BULL_SLOT_1,2023-01-24,09:41:00,TATAPOWER_572,NIFTY_PHARMA,BULL,3,4.42,0.815,-0.71,420.0,417.69,2.31,426.93,431.55,443.1,429.49,4.11,3.444,7.96,28
EVT_750_0000929,BULL_SLOT_1,2023-01-25,09:31:00,KAYNES_233,NIFTY_IT,BULL,3,5.46,0.941,-1.61,5200.0,5171.4,28.6,5285.8,5343.0,5486.0,5403.06,7.1,4.956,141.74,58
EVT_750_0000959,BULL_SLOT_1,2023-01-25,09:22:00,BIOCON_183,NIFTY_FIN_SERVICE,BULL,4,3.66,0.883,-1.29,345.0,343.1,1.9,350.7,354.5,364.0,360.92,8.38,5.417,10.29,52
EVT_750_0000967,BULL_SLOT_1,2023-01-26,09:33:00,LTTS_238,NIFTY_ENERGY,BULL,3,4.79,0.915,-0.65,5400.0,5370.3,29.7,5489.1,5548.5,5697.0,5732.64,11.2,6.432,191.03,46
EVT_750_0001029,BULL_SLOT_1,2023-01-27,09:33:00,BHEL_342,NIFTY_MEDIA,BULL,3,3.78,0.888,-1.1,270.0,268.5,1.5,274.5,277.5,285.0,276.39,4.26,3.504,5.26,113
EVT_750_0001054,BULL_SLOT_1,2023-01-27,09:30:00,KALPATPOWR_705,NIFTY_REALTY,BULL,4,4.42,0.879,-1.43,1280.0,1272.96,7.04,1301.12,1315.2,1350.4,1303.51,3.34,3.136,22.08,106
EVT_750_0001198,BULL_SLOT_1,2023-02-01,10:13:00,HINDUNILVR_634,NIFTY_ENERGY,BULL,6,3.63,0.966,-0.74,2690.0,2675.21,14.79,2734.37,2763.95,2837.9,2830.06,9.47,5.809,85.92,34
EVT_750_0001220,BULL_SLOT_1,2023-02-01,09:19:00,TORNTPHARM_664,NIFTY_FMCG,BULL,6,5.17,0.939,-1.43,3250.0,3232.12,17.88,3303.64,3339.4,3428.8,3360.68,6.19,4.628,82.75,36
EVT_750_0001232,BULL_SLOT_1,2023-02-02,09:45:00,SBIN_368,NIFTY_PHARMA,BULL,3,3.19,0.977,-1.06,825.0,820.46,4.54,838.62,847.7,870.4,851.65,5.87,4.513,20.49,24
EVT_750_0001242,BULL_SLOT_1,2023-02-02,09:59:00,ZOMATO_170,NIFTY_BANK,BULL,5,4.34,0.853,-1.03,265.0,263.5,1.5,269.5,272.5,280.0,278.86,9.24,5.726,8.59,48
EVT_750_0001293,BULL_SLOT_1,2023-02-03,10:15:00,KOTAKBANK_324,NIFTY_CONSUMPTION,BULL,3,3.92,0.907,-1.86,1780.0,1770.21,9.79,1809.37,1828.95,1877.9,1893.27,11.57,6.565,64.27,36
EVT_750_0001328,BULL_SLOT_1,2023-02-03,10:09:00,ANGELONE_329,NIFTY_IT,BULL,5,5.09,0.949,-1.03,2600.0,2585.7,14.3,2642.9,2671.5,2743.0,2691.95,6.43,4.715,67.42,54
EVT_750_0001379,BULL_SLOT_1,2023-02-06,09:47:00,PFC_550,NIFTY_ENERGY,BULL,4,4.31,0.964,-2.04,385.0,382.88,2.12,391.36,395.6,406.2,390.6,2.64,1.056,2.24,86
EVT_750_0001509,BULL_SLOT_1,2023-02-09,09:48:00,SIEMENS_403,NIFTY_METAL,BULL,6,4.52,0.916,-2.21,6700.0,6663.15,36.85,6810.55,6884.25,7068.5,7128.2,11.62,6.583,242.58,41
EVT_750_0001543,BULL_SLOT_1,2023-02-09,10:03:00,ABB_404,NIFTY_PHARMA,BULL,4,4.1,0.874,-0.98,7800.0,7757.1,42.9,7928.7,8014.5,8229.0,8022.65,5.19,4.268,183.1,107
EVT_750_0001553,BULL_SLOT_1,2023-02-09,09:29:00,DLF,NIFTY_IT,BULL,4,4.69,0.866,-2.3,830.0,825.44,4.56,843.68,852.8,875.6,861.69,6.95,4.902,22.35,59
EVT_750_0001872,BULL_SLOT_1,2023-02-17,10:14:00,SBIN_248,NIFTY_PHARMA,BULL,3,5.46,0.807,-0.87,825.0,820.46,4.54,838.62,847.7,870.4,890.01,14.32,7.555,34.3,38
EVT_750_0001885,BULL_SLOT_1,2023-02-17,09:32:00,HUDCO_433,NIFTY_AUTO,BULL,6,4.49,0.891,-1.77,220.0,218.5,1.5,224.5,227.5,235.0,230.15,6.77,4.837,7.26,62
EVT_750_0001948,BULL_SLOT_1,2023-02-20,10:12:00,TATAMOTORS,NIFTY_INFRA,BULL,4,3.04,0.837,-0.8,985.0,979.58,5.42,1001.26,1012.1,1039.2,1028.03,7.94,5.258,28.5,45
EVT_750_0001999,BULL_SLOT_1,2023-02-20,09:28:00,CROMPTON,NIFTY_BANK,BULL,6,5.19,0.854,-1.38,410.0,407.75,2.25,416.75,421.25,432.5,422.69,5.64,4.43,9.97,55
EVT_750_0002046,BULL_SLOT_1,2023-02-21,10:01:00,ADANIPOWER_694,NIFTY_ENERGY,BULL,5,5.14,0.946,-1.86,640.0,636.48,3.52,650.56,657.6,675.2,656.72,4.75,3.7,13.02,44
EVT_750_0002074,BULL_SLOT_1,2023-02-22,09:47:00,KALPATPOWR_225,NIFTY_REALTY,BULL,3,4.27,0.932,-1.06,1280.0,1272.96,7.04,1301.12,1315.2,1350.4,1372.79,13.18,7.145,50.3,18
EVT_750_0002096,BULL_SLOT_1,2023-02-22,09:54:00,IEX_330,NIFTY_MEDIA,BULL,4,4.5,0.963,-1.18,195.0,193.5,1.5,199.5,202.5,210.0,211.39,10.93,6.335,9.5,64
EVT_750_0002103,BULL_SLOT_1,2023-02-23,09:39:00,RECLTD,NIFTY_INFRA,BULL,4,3.24,0.964,-1.2,480.0,477.36,2.64,487.92,493.2,506.4,489.5,3.6,3.24,8.55,85
EVT_750_0002135,BULL_SLOT_1,2023-02-23,09:28:00,RECLTD_431,NIFTY_INFRA,BULL,5,4.23,0.979,-1.01,480.0,477.36,2.64,487.92,493.2,506.4,502.65,8.58,5.489,14.49,23
EVT_750_0002202,BULL_SLOT_1,2023-02-24,09:59:00,ADANIGREEN,NIFTY_REALTY,BULL,4,4.76,0.935,-0.55,1820.0,1809.99,10.01,1850.03,1870.05,1920.1,1867.15,4.71,3.684,36.88,104
EVT_750_0002213,BULL_SLOT_1,2023-02-27,10:11:00,BAJFINANCE_617,NIFTY_IT,BULL,3,3.95,0.807,-0.72,7150.0,7110.68,39.32,7267.96,7346.6,7543.2,7585.27,11.07,6.385,251.06,44
EVT_750_0002291,BULL_SLOT_1,2023-02-28,09:32:00,HINDUNILVR_754,NIFTY_ENERGY,BULL,6,4.24,0.922,-1.03,2690.0,2675.21,14.79,2734.37,2763.95,2837.9,2856.24,11.24,6.446,95.34,34
EVT_750_0002607,BULL_SLOT_1,2023-03-07,09:19:00,BRITANNIA_756,NIFTY_CONSUMPTION,BULL,3,4.42,0.802,-1.36,5800.0,5768.1,31.9,5895.7,5959.5,6119.0,6058.71,8.11,5.32,169.71,19
EVT_750_0002627,BULL_SLOT_1,2023-03-08,09:25:00,COFORGE_240,NIFTY_CONSUMPTION,BULL,4,4.76,0.844,-1.55,7200.0,7160.4,39.6,7318.8,7398.0,7596.0,7547.29,8.77,5.557,220.06,21
EVT_750_0002661,BULL_SLOT_1,2023-03-09,09:25:00,IEX_330,NIFTY_MEDIA,BULL,4,4.79,0.819,-1.85,195.0,193.5,1.5,199.5,202.5,210.0,208.62,9.08,5.669,8.5,28
EVT_750_0002692,BULL_SLOT_1,2023-03-09,09:24:00,PIDILITIND_642,NIFTY_MEDIA,BULL,6,5.41,0.939,-2.46,3050.0,3033.23,16.77,3100.31,3133.85,3217.7,3286.62,14.11,7.48,125.44,63
EVT_750_0002698,BULL_SLOT_1,2023-03-09,09:25:00,MAXHEALTH,NIFTY_REALTY,BULL,3,4.7,0.936,-1.87,940.0,934.83,5.17,955.51,965.85,991.7,1007.26,13.01,7.084,36.62,47
EVT_750_0002819,BULL_SLOT_1,2023-03-13,09:39:00,CYIENT_715,NIFTY_METAL,BULL,3,4.29,0.842,-2.42,1850.0,1839.83,10.17,1880.51,1900.85,1951.7,1937.46,8.6,5.496,55.89,65
EVT_750_0002836,BULL_SLOT_1,2023-03-13,09:46:00,PERSISTENT_168,NIFTY_CONSUMPTION,BULL,5,4.92,0.966,-0.7,5100.0,5071.95,28.05,5184.15,5240.25,5380.5,5488.49,13.85,7.386,207.18,63
EVT_750_0003140,BULL_SLOT_1,2023-03-21,09:36:00,HINDUNILVR_754,NIFTY_ENERGY,BULL,3,3.32,0.889,-0.52,2690.0,2675.21,14.79,2734.37,2763.95,2837.9,2882.57,13.02,7.087,104.82,59
EVT_750_0003374,BULL_SLOT_1,2023-03-28,09:57:00,YESBANK_565,NIFTY_AUTO,BULL,3,4.1,0.823,-0.51,22.0,20.5,1.5,26.5,29.5,37.0,42.05,13.37,7.213,10.82,51
EVT_750_0003487,BULL_SLOT_1,2023-03-30,10:09:00,HAL_639,NIFTY_FIN_SERVICE,BULL,5,4.77,0.883,-0.81,4650.0,4624.43,25.57,4726.71,4777.85,4905.7,4760.97,4.34,3.536,90.42,75
EVT_750_0003589,BULL_SLOT_1,2023-03-31,10:08:00,BHEL_222,NIFTY_MEDIA,BULL,3,5.24,0.914,-1.51,270.0,268.5,1.5,274.5,277.5,285.0,287.64,11.76,6.634,9.95,48
EVT_750_0003628,BULL_SLOT_1,2023-03-31,09:57:00,TECHM_646,NIFTY_ENERGY,BULL,5,4.5,0.805,-2.47,1560.0,1551.42,8.58,1585.74,1602.9,1645.8,1679.61,13.94,7.418,63.65,23
EVT_750_0003809,BULL_SLOT_1,2023-04-05,09:38:00,HINDALCO,NIFTY_AUTO,BULL,3,3.71,0.916,-1.81,665.0,661.34,3.66,675.98,683.3,701.6,703.39,10.49,6.176,22.6,53
EVT_750_0003816,BULL_SLOT_1,2023-04-05,09:45:00,SIEMENS_403,NIFTY_METAL,BULL,5,4.44,0.945,-1.27,6700.0,6663.15,36.85,6810.55,6884.25,7068.5,6810.18,2.99,1.196,44.07,101
EVT_750_0003851,BULL_SLOT_1,2023-04-06,09:46:00,AUBANK_561,NIFTY_REALTY,BULL,6,5.15,0.83,-1.98,620.0,616.59,3.41,630.23,637.05,654.1,657.71,11.06,6.382,21.76,21
EVT_750_0004020,BULL_SLOT_1,2023-04-11,09:56:00,BSE,NIFTY_BANK,BULL,6,4.87,0.9,-2.08,2650.0,2635.43,14.57,2693.71,2722.85,2795.7,2765.98,7.96,5.266,76.73,55
EVT_750_0004219,BULL_SLOT_1,2023-04-13,10:10:00,ANGELONE,NIFTY_IT,BULL,4,3.58,0.803,-2.2,2600.0,2585.7,14.3,2642.9,2671.5,2743.0,2794.77,13.62,7.303,104.43,32
EVT_750_0004281,BULL_SLOT_1,2023-04-17,09:24:00,OBEROIRLTY,NIFTY_METAL,BULL,4,3.67,0.876,-1.24,1780.0,1770.21,9.79,1809.37,1828.95,1877.9,1808.88,2.95,1.18,11.55,44
EVT_750_0004334,BULL_SLOT_1,2023-04-17,09:41:00,KALYANKJIL_173,NIFTY_IT,BULL,4,5.19,0.93,-1.41,680.0,676.26,3.74,691.22,698.7,717.4,696.27,4.35,3.54,13.24,83
EVT_750_0004446,BULL_SLOT_1,2023-04-19,10:05:00,LTIM_645,NIFTY_REALTY,BULL,4,3.96,0.841,-1.35,5850.0,5817.83,32.17,5946.51,6010.85,6171.7,5933.0,2.58,1.032,33.2,116
EVT_750_0004475,BULL_SLOT_1,2023-04-20,09:30:00,NESTLEIND_635,NIFTY_INFRA,BULL,3,4.02,0.918,-1.64,2450.0,2436.53,13.47,2490.41,2517.35,2584.7,2600.19,11.15,6.414,86.4,26
EVT_750_0004501,BULL_SLOT_1,2023-04-20,09:25:00,BRITANNIA_396,NIFTY_CONSUMPTION,BULL,6,5.43,0.878,-0.7,5800.0,5768.1,31.9,5895.7,5959.5,6119.0,6022.98,6.99,4.916,156.82,55
EVT_750_0004525,BULL_SLOT_1,2023-04-21,10:03:00,ZOMATO_530,NIFTY_BANK,BULL,6,4.12,0.924,-1.52,265.0,263.5,1.5,269.5,272.5,280.0,270.32,3.55,3.22,4.83,112
EVT_750_0004531,BULL_SLOT_1,2023-04-21,10:01:00,CHOLAFIN_378,NIFTY_MEDIA,BULL,4,4.44,0.884,-0.67,1480.0,1471.86,8.14,1504.42,1520.7,1561.4,1547.81,8.33,5.399,43.95,56
EVT_750_0004591,BULL_SLOT_1,2023-04-24,10:02:00,NESTLEIND_275,NIFTY_INFRA,BULL,3,4.76,0.941,-2.23,2450.0,2436.53,13.47,2490.41,2517.35,2584.7,2516.14,4.91,3.764,50.7,48
EVT_750_0004631,BULL_SLOT_1,2023-04-24,09:33:00,UNIONBANK_678,NIFTY_MEDIA,BULL,3,4.57,0.811,-1.78,125.0,123.5,1.5,129.5,132.5,140.0,130.29,3.53,3.212,4.82,85
EVT_750_0004714,BULL_SLOT_1,2023-04-26,09:48:00,BANKBARODA_557,NIFTY_IT,BULL,4,4.65,0.808,-0.97,245.0,243.5,1.5,249.5,252.5,260.0,265.85,13.9,7.404,11.11,22
EVT_750_0004749,BULL_SLOT_1,2023-04-27,09:51:00,BHARTIARTL_604,NIFTY_FMCG,BULL,4,4.5,0.935,-1.64,1560.0,1551.42,8.58,1585.74,1602.9,1645.8,1621.69,7.19,4.988,42.8,29
EVT_750_0004939,BULL_SLOT_1,2023-05-01,09:44:00,CIPLA_735,NIFTY_FIN_SERVICE,BULL,6,3.61,0.98,-1.89,1540.0,1531.53,8.47,1565.41,1582.35,1624.7,1578.37,4.53,3.612,30.59,36
EVT_750_0004951,BULL_SLOT_1,2023-05-01,09:48:00,MUTHOOTFIN_547,NIFTY_METAL,BULL,4,3.24,0.939,-1.98,1850.0,1839.83,10.17,1880.51,1900.85,1951.7,1934.11,8.27,5.377,54.68,63
EVT_750_0005066,BULL_SLOT_1,2023-05-03,09:50:00,WIPRO_647,NIFTY_INFRA,BULL,3,5.04,0.879,-0.97,520.0,517.14,2.86,528.58,534.3,548.6,554.21,11.96,6.706,19.18,45
EVT_750_0005091,BULL_SLOT_1,2023-05-03,09:43:00,LUPIN_299,NIFTY_INFRA,BULL,4,5.46,0.804,-0.67,2150.0,2138.18,11.82,2185.46,2209.1,2268.2,2291.49,11.97,6.709,79.3,44
EVT_750_0005139,BULL_SLOT_1,2023-05-04,09:23:00,TATAELXSI,NIFTY_REALTY,BULL,4,4.45,0.915,-1.56,7400.0,7359.3,40.7,7522.1,7603.5,7807.0,7591.29,4.7,3.68,149.78,90
EVT_750_0005162,BULL_SLOT_1,2023-05-04,10:10:00,WIPRO_647,NIFTY_INFRA,BULL,5,3.16,0.851,-0.57,520.0,517.14,2.86,528.58,534.3,548.6,530.35,3.62,3.248,9.29,120
EVT_750_0005179,BULL_SLOT_1,2023-05-05,09:53:00,HUDCO_433,NIFTY_AUTO,BULL,3,5.01,0.958,-1.02,220.0,218.5,1.5,224.5,227.5,235.0,234.84,9.89,5.96,8.94,30
EVT_750_0005207,BULL_SLOT_1,2023-05-08,09:51:00,BAJFINANCE_617,NIFTY_IT,BULL,5,4.77,0.911,-1.7,7150.0,7110.68,39.32,7267.96,7346.6,7543.2,7667.84,13.17,7.141,280.78,56
EVT_750_0005250,BULL_SLOT_1,2023-05-08,09:38:00,INOWIND_461,NIFTY_IT,BULL,5,3.4,0.909,-0.52,215.0,213.5,1.5,219.5,222.5,230.0,232.58,11.72,6.619,9.93,32
EVT_750_0005258,BULL_SLOT_1,2023-05-08,10:09:00,ICICIBANK_487,NIFTY_METAL,BULL,3,3.19,0.965,-1.91,1220.0,1213.29,6.71,1240.13,1253.55,1287.1,1292.74,10.84,6.302,42.29,60
EVT_750_0005276,BULL_SLOT_1,2023-05-09,09:46:00,TATAMOTORS_251,NIFTY_INFRA,BULL,6,4.78,0.829,-0.57,985.0,979.58,5.42,1001.26,1012.1,1039.2,1002.13,3.16,3.064,16.61,75
EVT_750_0005327,BULL_SLOT_1,2023-05-09,10:02:00,SBIN_488,NIFTY_PHARMA,BULL,3,5.17,0.898,-1.64,825.0,820.46,4.54,838.62,847.7,870.4,837.76,2.81,1.124,5.1,80
EVT_750_0005338,BULL_SLOT_1,2023-05-09,10:09:00,ADANIENT_499,NIFTY_METAL,BULL,6,4.07,0.854,-2.47,2920.0,2903.94,16.06,2968.18,3000.3,3080.6,2963.84,2.73,1.092,17.54,84
EVT_750_0005339,BULL_SLOT_1,2023-05-09,09:41:00,BANDHANBNK_682,NIFTY_ENERGY,BULL,4,3.24,0.895,-2.13,190.0,188.5,1.5,194.5,197.5,205.0,202.03,8.02,5.287,7.93,21
EVT_750_0005341,BULL_SLOT_1,2023-05-09,09:21:00,CESC_339,NIFTY_FIN_SERVICE,BULL,3,3.34,0.957,-0.71,185.0,183.5,1.5,189.5,192.5,200.0,205.48,13.65,7.314,10.97,23
EVT_750_0005554,BULL_SLOT_1,2023-05-16,09:36:00,POWERGRID_262,NIFTY_ENERGY,BULL,6,5.32,0.893,-1.81,315.0,313.27,1.73,320.19,323.65,332.3,321.26,3.62,3.248,5.62,49
EVT_750_0005579,BULL_SLOT_1,2023-05-16,09:30:00,HUDCO_673,NIFTY_AUTO,BULL,6,4.69,0.85,-0.93,220.0,218.5,1.5,224.5,227.5,235.0,227.26,4.84,3.736,5.6,29
EVT_750_0005686,BULL_SLOT_1,2023-05-18,09:37:00,HINDALCO_385,NIFTY_AUTO,BULL,6,3.14,0.962,-0.86,665.0,661.34,3.66,675.98,683.3,701.6,714.96,13.65,7.314,26.77,30
EVT_750_0005713,BULL_SLOT_1,2023-05-18,09:46:00,DRREDDY_376,NIFTY_FMCG,BULL,3,5.25,0.962,-0.9,6450.0,6414.52,35.48,6556.44,6627.4,6804.8,6809.77,10.14,6.05,214.65,29
EVT_750_0005781,BULL_SLOT_1,2023-05-19,09:29:00,POLYCAB_723,NIFTY_FIN_SERVICE,BULL,6,3.25,0.906,-1.34,6250.0,6215.62,34.38,6353.14,6421.9,6593.8,6530.54,8.16,5.338,183.52,38
EVT_750_0005883,BULL_SLOT_1,2023-05-23,09:23:00,PNB_196,NIFTY_FMCG,BULL,6,5.15,0.864,-0.91,102.0,100.5,1.5,106.5,109.5,117.0,120.13,12.09,6.752,10.13,54
EVT_750_0005909,BULL_SLOT_1,2023-05-24,10:06:00,ZOMATO_410,NIFTY_BANK,BULL,4,4.22,0.935,-1.24,265.0,263.5,1.5,269.5,272.5,280.0,275.54,7.03,4.931,7.4,26
EVT_750_0005926,BULL_SLOT_1,2023-05-24,09:31:00,KAYNES_233,NIFTY_IT,BULL,6,4.77,0.946,-1.18,5200.0,5171.4,28.6,5285.8,5343.0,5486.0,5587.82,13.56,7.282,208.27,31
EVT_750_0005974,BULL_SLOT_1,2023-05-25,09:20:00,ADANIPORTS,NIFTY_PHARMA,BULL,3,4.56,0.954,-1.34,1420.0,1412.19,7.81,1443.43,1459.05,1498.1,1486.93,8.57,5.485,42.84,32
EVT_750_0005990,BULL_SLOT_1,2023-05-25,10:03:00,JSWSTEEL_387,NIFTY_FIN_SERVICE,BULL,4,3.1,0.801,-1.54,960.0,954.72,5.28,975.84,986.4,1012.8,973.25,2.51,1.004,5.3,57
EVT_750_0006096,BULL_SLOT_1,2023-05-29,10:01:00,M&M_492,NIFTY_CONSUMPTION,BULL,3,5.36,0.873,-1.54,2820.0,2804.49,15.51,2866.53,2897.55,2975.1,2884.37,4.15,3.46,53.66,88
EVT_750_0006160,BULL_SLOT_1,2023-05-30,09:28:00,VBL_157,NIFTY_AUTO,BULL,3,3.14,0.924,-1.92,1520.0,1511.64,8.36,1545.08,1561.8,1603.6,1610.87,10.87,6.313,52.78,28
EVT_750_0006385,BULL_SLOT_1,2023-06-05,09:45:00,BANKBARODA_437,NIFTY_IT,BULL,5,3.11,0.862,-1.31,245.0,243.5,1.5,249.5,252.5,260.0,248.76,2.51,1.004,1.51,69
EVT_750_0006448,BULL_SLOT_1,2023-06-06,09:26:00,BHEL_342,NIFTY_MEDIA,BULL,6,4.03,0.891,-0.74,270.0,268.5,1.5,274.5,277.5,285.0,284.41,9.61,5.86,8.79,20
EVT_750_0006587,BULL_SLOT_1,2023-06-09,10:00:00,ADANIPORTS_380,NIFTY_PHARMA,BULL,4,4.84,0.801,-0.88,1420.0,1412.19,7.81,1443.43,1459.05,1498.1,1442.34,2.86,1.144,8.93,65
EVT_750_0006596,BULL_SLOT_1,2023-06-09,10:05:00,IREDA,NIFTY_CONSUMPTION,BULL,3,4.04,0.936,-2.32,195.0,193.5,1.5,199.5,202.5,210.0,200.8,3.87,3.348,5.02,71
EVT_750_0006640,BULL_SLOT_1,2023-06-12,10:06:00,MUTHOOTFIN_667,NIFTY_METAL,BULL,4,3.77,0.864,-0.64,1850.0,1839.83,10.17,1880.51,1900.85,1951.7,1899.22,4.84,3.736,38.0,50
EVT_750_0006840,BULL_SLOT_1,2023-06-15,09:45:00,BIOCON_543,NIFTY_FIN_SERVICE,BULL,5,4.42,0.962,-2.27,345.0,343.1,1.9,350.7,354.5,364.0,368.77,12.51,6.904,13.12,39
EVT_750_0006851,BULL_SLOT_1,2023-06-15,10:01:00,TATAELXSI_477,NIFTY_REALTY,BULL,5,4.91,0.865,-1.35,7400.0,7359.3,40.7,7522.1,7603.5,7807.0,7819.62,10.31,6.112,248.76,52
EVT_750_0006911,BULL_SLOT_1,2023-06-16,09:54:00,INDUSINDBK_323,NIFTY_INFRA,BULL,6,5.47,0.881,-1.43,1420.0,1412.19,7.81,1443.43,1459.05,1498.1,1442.49,2.88,1.152,9.0,99
EVT_750_0007084,BULL_SLOT_1,2023-06-21,10:03:00,RECLTD_191,NIFTY_INFRA,BULL,5,3.07,0.868,-1.26,480.0,477.36,2.64,487.92,493.2,506.4,491.64,4.41,3.564,9.41,38
EVT_750_0007100,BULL_SLOT_1,2023-06-21,10:03:00,VEDL_268,NIFTY_FMCG,BULL,4,4.0,0.902,-1.92,460.0,457.47,2.53,467.59,472.65,485.3,486.16,10.34,6.122,15.49,17
EVT_750_0007229,BULL_SLOT_2,2024-01-01,09:36:00,COFORGE,NIFTY_AUTO,BULL,5,3.62,0.882,-1.43,7200.0,7160.4,39.6,7318.8,7398.0,7596.0,7494.62,7.44,5.078,201.09,16
EVT_750_0007238,BULL_SLOT_2,2024-01-01,10:10:00,NHPC,NIFTY_AUTO,BULL,3,3.78,0.881,-1.1,88.0,86.5,1.5,92.5,95.5,103.0,101.95,9.3,5.748,8.62,36
EVT_750_0007286,BULL_SLOT_2,2024-01-01,09:23:00,IREDA_432,NIFTY_CONSUMPTION,BULL,4,5.41,0.912,-1.04,195.0,193.5,1.5,199.5,202.5,210.0,208.44,8.96,5.626,8.44,17
EVT_750_0007457,BULL_SLOT_2,2024-01-04,10:15:00,KEC_224,NIFTY_PHARMA,BULL,5,3.49,0.954,-0.79,920.0,914.94,5.06,935.18,945.3,970.6,971.71,10.22,6.079,30.76,63
EVT_750_0007469,BULL_SLOT_2,2024-01-04,09:46:00,HDFCBANK_726,NIFTY_MEDIA,BULL,5,3.37,0.909,-1.06,1650.0,1640.93,9.07,1677.21,1695.35,1740.7,1745.69,10.55,6.198,56.22,28
EVT_750_0007678,BULL_SLOT_2,2024-01-10,09:49:00,VBL,NIFTY_AUTO,BULL,4,5.46,0.893,-1.38,1520.0,1511.64,8.36,1545.08,1561.8,1603.6,1542.82,2.73,1.092,9.13,92
EVT_750_0007699,BULL_SLOT_2,2024-01-10,10:08:00,INOWIND_221,NIFTY_IT,BULL,4,3.77,0.861,-1.56,215.0,213.5,1.5,219.5,222.5,230.0,231.25,10.83,6.299,9.45,44
EVT_750_0007781,BULL_SLOT_2,2024-01-12,09:30:00,DLF,NIFTY_IT,BULL,4,4.96,0.809,-1.09,830.0,825.44,4.56,843.68,852.8,875.6,886.22,12.33,6.839,31.19,27
EVT_750_0007802,BULL_SLOT_2,2024-01-12,09:54:00,TRENT_601,NIFTY_AUTO,BULL,3,4.3,0.875,-2.16,6850.0,6812.33,37.67,6963.01,7038.35,7226.7,7351.76,13.32,7.195,271.04,16
EVT_750_0007806,BULL_SLOT_2,2024-01-12,09:32:00,CHOLAFIN_618,NIFTY_MEDIA,BULL,4,5.46,0.947,-1.03,1480.0,1471.86,8.14,1504.42,1520.7,1561.4,1516.39,4.47,3.588,29.21,108
EVT_750_0007891,BULL_SLOT_2,2024-01-15,09:37:00,DIXON_231,NIFTY_FIN_SERVICE,BULL,4,3.09,0.83,-2.1,12400.0,12331.8,68.2,12604.6,12741.0,13082.0,12899.22,7.32,5.035,343.39,49
EVT_750_0007906,BULL_SLOT_2,2024-01-16,10:14:00,KEC_464,NIFTY_PHARMA,BULL,4,4.28,0.865,-2.12,920.0,914.94,5.06,935.18,945.3,970.6,945.96,5.13,4.247,21.49,71
EVT_750_0008149,BULL_SLOT_2,2024-01-22,09:31:00,SIEMENS_283,NIFTY_METAL,BULL,3,3.73,0.838,-1.75,6700.0,6663.15,36.85,6810.55,6884.25,7068.5,7147.73,12.15,6.774,249.62,65
EVT_750_0008254,BULL_SLOT_2,2024-01-24,09:43:00,COFORGE_529,NIFTY_AUTO,BULL,4,3.99,0.832,-1.92,7200.0,7160.4,39.6,7318.8,7398.0,7596.0,7574.22,9.45,5.802,229.76,38
EVT_750_0008381,BULL_SLOT_2,2024-01-26,09:19:00,COFORGE_169,NIFTY_AUTO,BULL,3,5.36,0.881,-1.17,7200.0,7160.4,39.6,7318.8,7398.0,7596.0,7328.7,3.25,3.1,122.76,107
EVT_750_0008541,BULL_SLOT_2,2024-02-01,09:28:00,GODREJPROP_270,NIFTY_MEDIA,BULL,6,3.67,0.837,-0.83,3100.0,3082.95,17.05,3151.15,3185.25,3270.5,3213.89,6.68,4.805,81.93,56
EVT_750_0008666,BULL_SLOT_2,2024-02-05,09:47:00,CUMMINSIND_586,NIFTY_ENERGY,BULL,3,3.51,0.806,-0.56,3650.0,3629.93,20.07,3710.21,3750.35,3850.7,3850.7,10.0,6.0,120.42,17
EVT_750_0008742,BULL_SLOT_2,2024-02-06,09:59:00,BANDHANBNK,NIFTY_ENERGY,BULL,6,3.42,0.876,-0.65,190.0,188.5,1.5,194.5,197.5,205.0,208.64,12.43,6.875,10.31,30
EVT_750_0008795,BULL_SLOT_2,2024-02-07,09:48:00,KOTAKBANK,NIFTY_CONSUMPTION,BULL,4,5.05,0.878,-2.03,1780.0,1770.21,9.79,1809.37,1828.95,1877.9,1856.26,7.79,5.204,50.95,15
EVT_750_0008879,BULL_SLOT_2,2024-02-09,10:11:00,NESTLEIND,NIFTY_INFRA,BULL,5,3.73,0.943,-1.15,2450.0,2436.53,13.47,2490.41,2517.35,2584.7,2484.75,2.58,1.032,13.9,79
EVT_750_0008895,BULL_SLOT_2,2024-02-09,10:03:00,BRITANNIA_636,NIFTY_CONSUMPTION,BULL,5,3.4,0.861,-1.82,5800.0,5768.1,31.9,5895.7,5959.5,6119.0,5902.08,3.2,3.08,98.25,102
EVT_750_0009045,BULL_SLOT_2,2024-02-14,09:33:00,SWIGGY_651,NIFTY_FIN_SERVICE,BULL,3,4.79,0.801,-2.03,420.0,417.69,2.31,426.93,431.55,443.1,441.25,9.2,5.712,13.19,41
EVT_750_0009052,BULL_SLOT_2,2024-02-14,09:33:00,INOWIND_701,NIFTY_IT,BULL,5,4.04,0.951,-1.16,215.0,213.5,1.5,219.5,222.5,230.0,225.26,6.84,4.862,7.29,47
EVT_750_0009202,BULL_SLOT_2,2024-02-16,09:18:00,NESTLEIND_755,NIFTY_INFRA,BULL,3,4.8,0.826,-0.93,2450.0,2436.53,13.47,2490.41,2517.35,2584.7,2508.33,4.33,3.532,47.58,26
EVT_750_0009237,BULL_SLOT_2,2024-02-19,10:13:00,INDUSINDBK,NIFTY_INFRA,BULL,6,4.93,0.834,-2.16,1420.0,1412.19,7.81,1443.43,1459.05,1498.1,1468.27,6.18,4.625,36.12,29
EVT_750_0009243,BULL_SLOT_2,2024-02-19,10:04:00,BANDHANBNK_562,NIFTY_ENERGY,BULL,6,5.23,0.956,-0.74,190.0,188.5,1.5,194.5,197.5,205.0,202.6,8.4,5.424,8.14,64
EVT_750_0009321,BULL_SLOT_2,2024-02-20,09:33:00,ZOMATO_290,NIFTY_BANK,BULL,5,5.25,0.944,-0.92,265.0,263.5,1.5,269.5,272.5,280.0,275.57,7.05,4.938,7.41,49
EVT_750_0009443,BULL_SLOT_2,2024-02-22,10:02:00,YESBANK_205,NIFTY_AUTO,BULL,5,4.71,0.976,-0.55,22.0,20.5,1.5,26.5,29.5,37.0,39.57,11.71,6.616,9.92,50
EVT_750_0009483,BULL_SLOT_2,2024-02-23,09:45:00,ZOMATO,NIFTY_BANK,BULL,6,4.56,0.927,-1.2,265.0,263.5,1.5,269.5,272.5,280.0,272.06,4.71,3.684,5.53,82
EVT_750_0009524,BULL_SLOT_2,2024-02-26,09:51:00,SUZLON_460,NIFTY_FMCG,BULL,3,3.03,0.928,-1.31,75.0,73.5,1.5,79.5,82.5,90.0,84.69,6.46,4.726,7.09,24
EVT_750_0009627,BULL_SLOT_2,2024-02-27,09:25:00,INOWIND_221,NIFTY_IT,BULL,6,5.39,0.955,-0.56,215.0,213.5,1.5,219.5,222.5,230.0,220.0,3.33,3.132,4.7,54
EVT_750_0009663,BULL_SLOT_2,2024-02-28,09:57:00,GODREJPROP_390,NIFTY_MEDIA,BULL,3,4.12,0.912,-1.59,3100.0,3082.95,17.05,3151.15,3185.25,3270.5,3305.28,12.04,6.734,114.81,64
EVT_750_0009712,BULL_SLOT_2,2024-02-29,09:20:00,NTPC_261,NIFTY_REALTY,BULL,5,3.79,0.826,-1.7,395.0,392.83,2.17,401.51,405.85,416.7,424.49,13.59,7.292,15.82,20
EVT_750_0009887,BULL_SLOT_2,2024-03-05,09:29:00,ABB_404,NIFTY_PHARMA,BULL,4,4.89,0.899,-1.31,7800.0,7757.1,42.9,7928.7,8014.5,8229.0,8127.76,7.64,5.15,220.94,59
EVT_750_0009901,BULL_SLOT_2,2024-03-05,09:22:00,BEL_398,NIFTY_BANK,BULL,6,3.9,0.957,-2.27,295.0,293.38,1.62,299.86,303.1,311.2,304.23,5.7,4.452,7.21,36
EVT_750_0010034,BULL_SLOT_2,2024-03-07,10:02:00,SJVN_218,NIFTY_BANK,BULL,4,5.31,0.81,-2.3,115.0,113.5,1.5,119.5,122.5,130.0,119.23,2.82,1.128,1.69,33
EVT_750_0010100,BULL_SLOT_2,2024-03-11,09:36:00,MAXHEALTH_297,NIFTY_REALTY,BULL,5,4.1,0.942,-1.11,940.0,934.83,5.17,955.51,965.85,991.7,975.41,6.85,4.866,25.16,36
EVT_750_0010282,BULL_SLOT_2,2024-03-13,09:56:00,BANDHANBNK_562,NIFTY_ENERGY,BULL,6,3.63,0.839,-1.34,190.0,188.5,1.5,194.5,197.5,205.0,208.36,12.24,6.806,10.21,23
EVT_750_0010298,BULL_SLOT_2,2024-03-14,09:54:00,CROMPTON_470,NIFTY_BANK,BULL,4,3.45,0.979,-2.06,410.0,407.75,2.25,416.75,421.25,432.5,433.11,10.27,6.097,13.72,43
EVT_750_0010356,BULL_SLOT_2,2024-03-14,09:53:00,PNB_436,NIFTY_FMCG,BULL,4,3.09,0.838,-2.46,102.0,100.5,1.5,106.5,109.5,117.0,108.64,4.43,3.572,5.36,101
EVT_750_0010454,BULL_SLOT_2,2024-03-18,09:24:00,SBIN_128,NIFTY_PHARMA,BULL,3,5.0,0.966,-2.34,825.0,820.46,4.54,838.62,847.7,870.4,866.63,9.17,5.701,25.88,32
EVT_750_0010551,BULL_SLOT_2,2024-03-19,09:29:00,AMBER_472,NIFTY_FMCG,BULL,4,4.07,0.844,-1.18,4850.0,4823.33,26.67,4930.01,4983.35,5116.7,5034.56,6.92,4.891,130.44,50
EVT_750_0010614,BULL_SLOT_2,2024-03-20,09:49:00,INDIGO_295,NIFTY_METAL,BULL,4,5.34,0.973,-2.15,4500.0,4475.25,24.75,4574.25,4623.75,4747.5,4696.27,7.93,5.255,130.06,39
EVT_750_0010700,BULL_SLOT_2,2024-03-21,09:27:00,FEDERALBNK_200,NIFTY_PHARMA,BULL,6,4.88,0.866,-1.03,185.0,183.5,1.5,189.5,192.5,200.0,190.59,3.73,3.292,4.94,104
EVT_750_0010943,BULL_SLOT_2,2024-03-27,09:20:00,PRESTIGE_632,NIFTY_PHARMA,BULL,3,4.56,0.917,-0.5,1720.0,1710.54,9.46,1748.38,1767.3,1814.6,1835.79,12.24,6.806,64.38,42
EVT_750_0010949,BULL_SLOT_2,2024-03-27,09:46:00,WIPRO,NIFTY_INFRA,BULL,5,5.28,0.957,-2.3,520.0,517.14,2.86,528.58,534.3,548.6,544.48,8.56,5.482,15.68,44
EVT_750_0010972,BULL_SLOT_2,2024-03-28,09:53:00,MCX_208,NIFTY_FMCG,BULL,5,4.41,0.961,-0.63,5400.0,5370.3,29.7,5489.1,5548.5,5697.0,5500.98,3.4,3.16,93.85,72
EVT_750_0011065,BULL_SLOT_2,2024-03-29,09:37:00,KPITTECH_716,NIFTY_PHARMA,BULL,3,4.91,0.886,-0.79,1650.0,1640.93,9.07,1677.21,1695.35,1740.7,1761.92,12.34,6.842,62.06,57
EVT_750_0011126,BULL_SLOT_2,2024-04-02,10:02:00,BHARTIARTL_604,NIFTY_FMCG,BULL,6,5.27,0.842,-1.47,1560.0,1551.42,8.58,1585.74,1602.9,1645.8,1672.66,13.13,7.127,61.15,49
EVT_750_0011144,BULL_SLOT_2,2024-04-02,09:33:00,MARUTI_613,NIFTY_AUTO,BULL,3,4.68,0.84,-0.9,1556.0,1547.44,8.56,1581.68,1598.8,1641.6,1651.1,11.11,6.4,54.78,46
EVT_750_0011145,BULL_SLOT_2,2024-04-02,09:44:00,MOTILALOFS_331,NIFTY_METAL,BULL,3,3.24,0.934,-1.93,840.0,835.38,4.62,853.86,863.1,886.2,852.98,2.81,1.124,5.19,30
EVT_750_0011151,BULL_SLOT_2,2024-04-02,10:06:00,COFORGE_720,NIFTY_CONSUMPTION,BULL,6,3.28,0.839,-2.44,7200.0,7160.4,39.6,7318.8,7398.0,7596.0,7548.48,8.8,5.568,220.49,63
EVT_750_0011222,BULL_SLOT_2,2024-04-03,09:28:00,TATAPOWER_572,NIFTY_PHARMA,BULL,4,3.44,0.905,-2.13,420.0,417.69,2.31,426.93,431.55,443.1,426.21,2.69,1.076,2.49,58
EVT_750_0011509,BULL_SLOT_2,2024-04-10,10:02:00,CHOLAFIN_378,NIFTY_MEDIA,BULL,5,3.7,0.886,-1.78,1480.0,1471.86,8.14,1504.42,1520.7,1561.4,1507.51,3.38,3.152,25.66,114
EVT_750_0011524,BULL_SLOT_2,2024-04-10,10:15:00,SBIN_368,NIFTY_PHARMA,BULL,5,3.05,0.957,-0.77,825.0,820.46,4.54,838.62,847.7,870.4,850.7,5.66,4.438,20.15,33
EVT_750_0011526,BULL_SLOT_2,2024-04-10,09:56:00,RELIANCE_245,NIFTY_IT,BULL,5,5.22,0.97,-1.23,2950.0,2933.78,16.22,2998.66,3031.1,3112.2,3135.23,11.42,6.511,105.61,31
EVT_750_0011572,BULL_SLOT_2,2024-04-11,10:00:00,WIPRO_407,NIFTY_INFRA,BULL,3,4.28,0.959,-0.8,520.0,517.14,2.86,528.58,534.3,548.6,531.7,4.09,3.436,9.83,36
EVT_750_0011598,BULL_SLOT_2,2024-04-11,09:27:00,DLF_269,NIFTY_IT,BULL,3,4.45,0.979,-1.57,830.0,825.44,4.56,843.68,852.8,875.6,871.72,9.15,5.694,25.96,27
EVT_750_0011608,BULL_SLOT_2,2024-04-11,09:51:00,HINDALCO_505,NIFTY_AUTO,BULL,5,3.12,0.966,-1.67,665.0,661.34,3.66,675.98,683.3,701.6,696.22,8.53,5.471,20.02,17
EVT_750_0011643,BULL_SLOT_2,2024-04-12,09:33:00,JUBLFOOD_654,NIFTY_MEDIA,BULL,6,5.39,0.968,-1.15,580.0,576.81,3.19,589.57,595.95,611.9,591.64,3.65,3.26,10.4,118
EVT_750_0011658,BULL_SLOT_2,2024-04-12,09:55:00,RECLTD_551,NIFTY_INFRA,BULL,5,4.35,0.869,-0.92,480.0,477.36,2.64,487.92,493.2,506.4,512.5,12.31,6.832,18.04,63
EVT_750_0011677,BULL_SLOT_2,2024-04-15,09:29:00,ZYDUSLIFE,NIFTY_AUTO,BULL,4,4.53,0.874,-1.48,1050.0,1044.23,5.77,1067.31,1078.85,1107.7,1072.79,3.95,3.38,19.5,31
EVT_750_0011732,BULL_SLOT_2,2024-04-16,09:33:00,KOTAKBANK_444,NIFTY_CONSUMPTION,BULL,5,4.69,0.882,-0.96,1780.0,1770.21,9.79,1809.37,1828.95,1877.9,1898.07,12.06,6.742,66.0,62
EVT_750_0012019,BULL_SLOT_2,2024-04-23,09:53:00,IEX,NIFTY_MEDIA,BULL,6,5.06,0.882,-0.58,195.0,193.5,1.5,199.5,202.5,210.0,206.56,7.71,5.176,7.76,43
EVT_750_0012059,BULL_SLOT_2,2024-04-24,09:28:00,KPITTECH_236,NIFTY_PHARMA,BULL,3,3.75,0.81,-2.34,1650.0,1640.93,9.07,1677.21,1695.35,1740.7,1768.91,13.11,7.12,64.58,46
EVT_750_0012105,BULL_SLOT_2,2024-04-25,10:09:00,HUDCO_433,NIFTY_AUTO,BULL,4,4.57,0.915,-1.98,220.0,218.5,1.5,224.5,227.5,235.0,224.92,3.28,3.112,4.67,40
EVT_750_0012149,BULL_SLOT_2,2024-04-25,10:14:00,ICICIBANK,NIFTY_METAL,BULL,6,4.72,0.806,-1.3,1220.0,1213.29,6.71,1240.13,1253.55,1287.1,1244.16,3.6,3.24,21.74,87
EVT_750_0012193,BULL_SLOT_2,2024-04-26,09:53:00,CYIENT_595,NIFTY_METAL,BULL,4,3.01,0.838,-1.69,1850.0,1839.83,10.17,1880.51,1900.85,1951.7,1938.28,8.68,5.525,56.19,42
EVT_750_0012220,BULL_SLOT_2,2024-04-26,09:52:00,SJVN_458,NIFTY_BANK,BULL,3,5.37,0.801,-0.5,115.0,113.5,1.5,119.5,122.5,130.0,119.96,3.31,3.124,4.69,87
EVT_750_0012224,BULL_SLOT_2,2024-04-26,09:37:00,HINDUNILVR_394,NIFTY_ENERGY,BULL,4,4.66,0.862,-0.7,2690.0,2675.21,14.79,2734.37,2763.95,2837.9,2763.36,4.96,3.784,55.97,31
EVT_750_0012278,BULL_SLOT_2,2024-04-29,09:19:00,VEDL_628,NIFTY_FMCG,BULL,3,3.37,0.929,-2.19,460.0,457.47,2.53,467.59,472.65,485.3,480.06,7.93,5.255,13.3,23
EVT_750_0012487,BULL_SLOT_2,2024-05-03,09:44:00,JIOFIN_674,NIFTY_BANK,BULL,4,5.29,0.824,-2.07,2902.0,2886.04,15.96,2949.88,2981.8,3061.6,3073.73,10.76,6.274,100.13,47
EVT_750_0012497,BULL_SLOT_2,2024-05-03,09:40:00,IDFCFIRSTB_439,NIFTY_METAL,BULL,3,5.27,0.912,-0.56,72.0,70.5,1.5,76.5,79.5,87.0,90.29,12.19,6.788,10.18,20
EVT_750_0012557,BULL_SLOT_2,2024-05-06,09:53:00,CANBK_435,NIFTY_FIN_SERVICE,BULL,6,3.71,0.975,-0.85,105.0,103.5,1.5,109.5,112.5,120.0,115.1,6.73,4.823,7.23,41
EVT_750_0012779,BULL_SLOT_2,2024-05-10,09:30:00,HDFCBANK,NIFTY_MEDIA,BULL,5,4.32,0.975,-0.96,1650.0,1640.93,9.07,1677.21,1695.35,1740.7,1724.92,8.26,5.374,48.74,61
EVT_750_0012858,BULL_SLOT_2,2024-05-14,09:33:00,CESC_339,NIFTY_FIN_SERVICE,BULL,6,4.16,0.891,-2.38,185.0,183.5,1.5,189.5,192.5,200.0,191.72,4.48,3.592,5.39,39
EVT_750_0012860,BULL_SLOT_2,2024-05-14,10:09:00,MPHASIS_599,NIFTY_INFRA,BULL,5,3.49,0.812,-1.67,2950.0,2933.78,16.22,2998.66,3031.1,3112.2,3100.2,9.26,5.734,93.01,47
EVT_750_0012932,BULL_SLOT_2,2024-05-15,09:19:00,CIPLA_375,NIFTY_FIN_SERVICE,BULL,5,4.32,0.819,-1.76,1540.0,1531.53,8.47,1565.41,1582.35,1624.7,1652.23,13.25,7.17,60.73,46
EVT_750_0012958,BULL_SLOT_2,2024-05-15,09:48:00,HAL_159,NIFTY_FIN_SERVICE,BULL,3,3.21,0.857,-2.37,4650.0,4624.43,25.57,4726.71,4777.85,4905.7,4991.1,13.34,7.202,184.16,55
EVT_750_0012981,BULL_SLOT_2,2024-05-15,09:38:00,GODREJPROP_630,NIFTY_MEDIA,BULL,5,3.56,0.902,-0.86,3100.0,3082.95,17.05,3151.15,3185.25,3270.5,3299.14,11.68,6.605,112.62,29
EVT_750_0013183,BULL_SLOT_2,2024-05-21,09:36:00,DIXON,NIFTY_BANK,BULL,5,4.72,0.876,-0.68,12400.0,12331.8,68.2,12604.6,12741.0,13082.0,12695.99,4.34,3.536,241.16,75
EVT_750_0013245,BULL_SLOT_2,2024-05-22,09:37:00,TORNTPOWER_336,NIFTY_CONSUMPTION,BULL,5,3.57,0.925,-1.99,1650.0,1640.93,9.07,1677.21,1695.35,1740.7,1679.66,3.27,3.108,28.19,83
EVT_750_0013259,BULL_SLOT_2,2024-05-22,09:23:00,BAJFINANCE,NIFTY_IT,BULL,3,4.83,0.87,-1.96,7150.0,7110.68,39.32,7267.96,7346.6,7543.2,7679.64,13.47,7.249,285.03,20
EVT_750_0013332,BULL_SLOT_2,2024-05-23,09:49:00,KPITTECH,NIFTY_PHARMA,BULL,5,3.43,0.923,-2.1,1650.0,1640.93,9.07,1677.21,1695.35,1740.7,1692.18,4.65,3.66,33.2,52
EVT_750_0013336,BULL_SLOT_2,2024-05-23,09:23:00,BANDHANBNK_322,NIFTY_ENERGY,BULL,3,5.45,0.938,-1.98,190.0,188.5,1.5,194.5,197.5,205.0,194.89,3.26,3.104,4.66,105
EVT_750_0013350,BULL_SLOT_2,2024-05-23,09:40:00,CHOLAFIN_738,NIFTY_MEDIA,BULL,4,3.05,0.82,-2.27,1480.0,1471.86,8.14,1504.42,1520.7,1561.4,1540.15,7.39,5.06,41.19,64
EVT_750_0013371,BULL_SLOT_2,2024-05-24,09:40:00,POWERGRID_382,NIFTY_ENERGY,BULL,6,3.34,0.959,-0.65,315.0,313.27,1.73,320.19,323.65,332.3,331.45,9.51,5.824,10.08,32
EVT_750_0013461,BULL_SLOT_2,2024-05-28,10:00:00,OBEROIRLTY_391,NIFTY_METAL,BULL,3,4.68,0.861,-2.48,1780.0,1770.21,9.79,1809.37,1828.95,1877.9,1894.93,11.74,6.626,64.87,38
EVT_750_0013467,BULL_SLOT_2,2024-05-28,10:11:00,BSE_206,NIFTY_BANK,BULL,5,3.66,0.837,-2.23,2650.0,2635.43,14.57,2693.71,2722.85,2795.7,2785.79,9.32,5.755,83.85,33
EVT_750_0013469,BULL_SLOT_2,2024-05-28,10:08:00,HAVELLS_469,NIFTY_AUTO,BULL,3,4.22,0.934,-1.09,1820.0,1809.99,10.01,1850.03,1870.05,1920.1,1962.44,14.23,7.523,75.31,24
EVT_750_0013507,BULL_SLOT_2,2024-05-28,09:43:00,IREDA_552,NIFTY_CONSUMPTION,BULL,5,5.47,0.928,-2.45,195.0,193.5,1.5,199.5,202.5,210.0,200.05,3.37,3.148,4.72,49
EVT_750_0013621,BULL_SLOT_2,2024-05-30,09:19:00,AMBER_712,NIFTY_FMCG,BULL,4,4.08,0.975,-1.93,4850.0,4823.33,26.67,4930.01,4983.35,5116.7,4942.28,3.46,3.184,84.92,116
EVT_750_0013743,BULL_SLOT_2,2024-06-03,09:38:00,MARUTI_493,NIFTY_AUTO,BULL,4,4.7,0.866,-0.6,1975.0,1964.14,10.86,2007.58,2029.3,2083.6,2113.68,12.77,6.997,75.99,45
EVT_750_0013764,BULL_SLOT_2,2024-06-04,09:19:00,ZYDUSLIFE_661,NIFTY_AUTO,BULL,4,3.79,0.927,-1.54,1050.0,1044.23,5.77,1067.31,1078.85,1107.7,1070.14,3.49,3.196,18.44,111
EVT_750_0013775,BULL_SLOT_2,2024-06-04,09:52:00,MOTILALOFS_211,NIFTY_METAL,BULL,4,4.97,0.801,-0.9,840.0,835.38,4.62,853.86,863.1,886.2,853.17,2.85,1.14,5.27,25
EVT_750_0013949,BULL_SLOT_2,2024-06-07,09:32:00,CIPLA_615,NIFTY_FIN_SERVICE,BULL,3,5.31,0.938,-1.65,1540.0,1531.53,8.47,1565.41,1582.35,1624.7,1623.6,9.87,5.953,50.42,34
EVT_750_0014094,BULL_SLOT_2,2024-06-11,09:31:00,HINDALCO_745,NIFTY_AUTO,BULL,3,3.55,0.868,-1.27,665.0,661.34,3.66,675.98,683.3,701.6,679.46,3.95,3.38,12.37,107
EVT_750_0014157,BULL_SLOT_2,2024-06-12,10:03:00,ADANIENT_139,NIFTY_METAL,BULL,5,3.64,0.895,-0.53,2920.0,2903.94,16.06,2968.18,3000.3,3080.6,2991.79,4.47,3.588,57.62,90
EVT_750_0014250,BULL_SLOT_2,2024-06-13,10:08:00,ADANIPORTS_740,NIFTY_PHARMA,BULL,3,4.17,0.844,-0.61,1420.0,1412.19,7.81,1443.43,1459.05,1498.1,1467.64,6.1,4.596,35.89,29
EVT_750_0014388,BULL_SLOT_2,2024-06-17,10:08:00,ZOMATO_170,NIFTY_BANK,BULL,4,3.89,0.94,-1.29,265.0,263.5,1.5,269.5,272.5,280.0,283.48,12.32,6.835,10.25,49
EVT_750_0014602,BULL_SLOT_2,2024-06-21,09:18:00,HUDCO_193,NIFTY_AUTO,BULL,6,3.34,0.918,-0.91,220.0,218.5,1.5,224.5,227.5,235.0,238.62,12.41,6.868,10.3,52
EVT_750_0014605,BEAR_SLOT_1,2022-01-03,09:52:00,HAVELLS_469,NIFTY_AUTO,BEAR,5,4.67,0.901,-1.02,1820.0,1809.99,10.01,1850.03,1870.05,1920.1,1914.09,9.4,5.784,57.9,65
EVT_750_0014607,BEAR_SLOT_1,2022-01-03,09:26:00,BSE_566,NIFTY_BANK,BEAR,5,5.16,0.89,-1.62,2650.0,2635.43,14.57,2693.71,2722.85,2795.7,2780.4,8.95,5.622,81.91,15
EVT_750_0014669,BEAR_SLOT_1,2022-01-04,09:34:00,AUROPHARMA_660,NIFTY_CONSUMPTION,BEAR,6,5.0,0.885,-1.47,1420.0,1412.19,7.81,1443.43,1459.05,1498.1,1469.2,6.3,4.668,36.46,38
EVT_750_0014691,BEAR_SLOT_1,2022-01-04,09:49:00,TORNTPOWER,NIFTY_CONSUMPTION,BEAR,4,4.06,0.829,-1.35,1650.0,1640.93,9.07,1677.21,1695.35,1740.7,1769.18,13.14,7.13,64.67,34
EVT_750_0014744,BEAR_SLOT_1,2022-01-05,10:00:00,DRREDDY_496,NIFTY_FMCG,BEAR,5,5.29,0.853,-2.22,6450.0,6414.52,35.48,6556.44,6627.4,6804.8,6631.66,5.12,4.243,150.54,27
EVT_750_0014761,BEAR_SLOT_1,2022-01-05,09:43:00,VBL_157,NIFTY_AUTO,BEAR,6,5.03,0.965,-1.97,1520.0,1511.64,8.36,1545.08,1561.8,1603.6,1599.75,9.54,5.834,48.77,52
EVT_750_0014860,BEAR_SLOT_1,2022-01-07,10:05:00,ONGC,NIFTY_CONSUMPTION,BEAR,6,3.18,0.824,-2.48,295.0,293.38,1.62,299.86,303.1,311.2,313.44,11.38,6.497,10.53,21
EVT_750_0014886,BEAR_SLOT_1,2022-01-07,09:27:00,GODREJPROP_390,NIFTY_MEDIA,BEAR,6,4.12,0.926,-0.81,3100.0,3082.95,17.05,3151.15,3185.25,3270.5,3174.34,4.36,3.544,60.43,27
EVT_750_0014887,BEAR_SLOT_1,2022-01-07,09:27:00,PRESTIGE_152,NIFTY_PHARMA,BEAR,4,4.55,0.868,-1.61,1720.0,1710.54,9.46,1748.38,1767.3,1814.6,1784.8,6.85,4.866,46.03,26
EVT_750_0014925,BEAR_SLOT_1,2022-01-10,09:48:00,HDFCBANK_606,NIFTY_MEDIA,BEAR,4,3.79,0.913,-1.74,1650.0,1640.93,9.07,1677.21,1695.35,1740.7,1700.07,5.52,4.387,39.79,62
EVT_750_0015050,BEAR_SLOT_1,2022-01-12,09:57:00,ADANIENT_619,NIFTY_METAL,BEAR,4,5.24,0.836,-2.46,2920.0,2903.94,16.06,2968.18,3000.3,3080.6,2982.63,3.9,3.36,53.96,86
EVT_750_0015092,BEAR_SLOT_1,2022-01-12,10:15:00,BAJFINANCE_377,NIFTY_IT,BEAR,4,3.5,0.917,-0.75,7150.0,7110.68,39.32,7267.96,7346.6,7543.2,7516.86,9.33,5.759,226.44,28
EVT_750_0015138,BEAR_SLOT_1,2022-01-13,10:14:00,HAVELLS_229,NIFTY_AUTO,BEAR,6,4.63,0.886,-2.19,1820.0,1809.99,10.01,1850.03,1870.05,1920.1,1884.56,6.45,4.722,47.27,40
EVT_750_0015172,BEAR_SLOT_1,2022-01-14,09:26:00,NHPC_577,NIFTY_AUTO,BEAR,6,5.31,0.881,-2.46,88.0,86.5,1.5,92.5,95.5,103.0,103.12,10.08,6.029,9.04,31
EVT_750_0015244,BEAR_SLOT_1,2022-01-17,10:10:00,LTIM_525,NIFTY_REALTY,BEAR,4,3.88,0.93,-1.91,5850.0,5817.83,32.17,5946.51,6010.85,6171.7,6258.24,12.69,6.968,224.16,18
EVT_750_0015253,BEAR_SLOT_1,2022-01-17,10:04:00,IEX_570,NIFTY_MEDIA,BEAR,3,3.0,0.884,-0.68,195.0,193.5,1.5,199.5,202.5,210.0,200.88,3.92,3.368,5.05,82
EVT_750_0015266,BEAR_SLOT_1,2022-01-17,09:43:00,TCS,NIFTY_ENERGY,BEAR,5,5.42,0.839,-1.91,4280.0,4256.46,23.54,4350.62,4397.7,4515.4,4392.05,4.76,3.704,87.19,54
EVT_750_0015276,BEAR_SLOT_1,2022-01-17,09:25:00,TECHM_646,NIFTY_ENERGY,BEAR,5,3.16,0.823,-0.8,1560.0,1551.42,8.58,1585.74,1602.9,1645.8,1637.65,9.05,5.658,48.55,39
EVT_750_0015293,BEAR_SLOT_1,2022-01-17,10:05:00,DIVISLAB_426,NIFTY_MEDIA,BEAR,4,4.38,0.946,-0.77,5100.0,5071.95,28.05,5184.15,5240.25,5380.5,5354.41,9.07,5.665,158.9,36
EVT_750_0015358,BEAR_SLOT_1,2022-01-18,09:43:00,SUZLON_700,NIFTY_FMCG,BEAR,3,3.4,0.912,-1.22,75.0,73.5,1.5,79.5,82.5,90.0,92.91,11.94,6.698,10.05,21
EVT_750_0015664,BEAR_SLOT_1,2022-01-25,09:44:00,PNB_436,NIFTY_FMCG,BEAR,5,4.95,0.826,-0.91,102.0,100.5,1.5,106.5,109.5,117.0,107.99,3.99,3.396,5.09,119
EVT_750_0015715,BEAR_SLOT_1,2022-01-26,09:39:00,SBIN_368,NIFTY_PHARMA,BEAR,6,3.93,0.933,-1.27,825.0,820.46,4.54,838.62,847.7,870.4,844.2,4.23,3.492,15.85,111
EVT_750_0015746,BEAR_SLOT_1,2022-01-26,10:06:00,MUTHOOTFIN_187,NIFTY_METAL,BEAR,4,3.86,0.919,-1.12,1850.0,1839.83,10.17,1880.51,1900.85,1951.7,1889.87,3.92,3.368,34.25,96
EVT_750_0015750,BEAR_SLOT_1,2022-01-26,09:56:00,BSE_566,NIFTY_BANK,BEAR,3,3.25,0.895,-0.97,2650.0,2635.43,14.57,2693.71,2722.85,2795.7,2840.28,13.06,7.102,103.48,28
EVT_750_0015782,BEAR_SLOT_1,2022-01-27,09:54:00,NESTLEIND_635,NIFTY_INFRA,BEAR,4,3.8,0.945,-1.69,2450.0,2436.53,13.47,2490.41,2517.35,2584.7,2552.64,7.62,5.143,69.28,53
EVT_750_0015924,BEAR_SLOT_1,2022-01-31,10:11:00,ZOMATO_410,NIFTY_BANK,BEAR,3,3.8,0.974,-1.7,265.0,263.5,1.5,269.5,272.5,280.0,270.8,3.87,3.348,5.02,54
EVT_750_0016144,BEAR_SLOT_1,2022-02-04,10:11:00,DRREDDY_616,NIFTY_FMCG,BEAR,5,4.69,0.846,-2.21,6450.0,6414.52,35.48,6556.44,6627.4,6804.8,6550.05,2.82,1.128,40.02,87
EVT_750_0016153,BEAR_SLOT_1,2022-02-07,09:44:00,KALYANKJIL_413,NIFTY_IT,BEAR,4,4.9,0.801,-1.6,680.0,676.26,3.74,691.22,698.7,717.4,694.32,3.83,3.332,12.46,85
EVT_750_0016187,BEAR_SLOT_1,2022-02-07,10:12:00,BIOCON_663,NIFTY_FIN_SERVICE,BEAR,4,3.57,0.808,-0.51,345.0,343.1,1.9,350.7,354.5,364.0,369.83,13.07,7.105,13.5,27
EVT_750_0016265,BEAR_SLOT_1,2022-02-08,09:24:00,FEDERALBNK_440,NIFTY_PHARMA,BEAR,5,5.5,0.954,-2.21,185.0,183.5,1.5,189.5,192.5,200.0,201.26,10.84,6.302,9.45,62
EVT_750_0016278,BEAR_SLOT_1,2022-02-09,09:43:00,DRREDDY_496,NIFTY_FMCG,BEAR,6,5.19,0.901,-1.58,6450.0,6414.52,35.48,6556.44,6627.4,6804.8,6815.09,10.29,6.104,216.57,46
EVT_750_0016313,BEAR_SLOT_1,2022-02-09,09:24:00,TECHM_406,NIFTY_ENERGY,BEAR,4,3.33,0.911,-0.97,1560.0,1551.42,8.58,1585.74,1602.9,1645.8,1673.94,13.28,7.181,61.61,35
EVT_750_0016358,BEAR_SLOT_1,2022-02-10,09:40:00,INOWIND_701,NIFTY_IT,BEAR,5,3.39,0.934,-2.26,215.0,213.5,1.5,219.5,222.5,230.0,223.8,5.87,4.513,6.77,46
EVT_750_0016364,BEAR_SLOT_1,2022-02-10,09:57:00,THERMAX_343,NIFTY_METAL,BEAR,4,3.25,0.844,-1.52,4850.0,4823.33,26.67,4930.01,4983.35,5116.7,4969.21,4.47,3.588,95.69,70
EVT_750_0016400,BEAR_SLOT_1,2022-02-10,09:44:00,PERSISTENT_408,NIFTY_CONSUMPTION,BEAR,6,4.2,0.822,-0.53,5100.0,5071.95,28.05,5184.15,5240.25,5380.5,5333.1,8.31,5.392,151.25,40
EVT_750_0016408,BEAR_SLOT_1,2022-02-10,09:38:00,IREDA_192,NIFTY_CONSUMPTION,BEAR,5,5.42,0.967,-2.08,195.0,193.5,1.5,199.5,202.5,210.0,216.08,14.05,7.458,11.19,65
EVT_750_0016497,BEAR_SLOT_1,2022-02-14,09:28:00,DRREDDY_736,NIFTY_FMCG,BEAR,3,4.24,0.866,-2.24,6450.0,6414.52,35.48,6556.44,6627.4,6804.8,6646.2,5.53,4.391,155.79,54
EVT_750_0016524,BEAR_SLOT_1,2022-02-14,09:56:00,IEX_450,NIFTY_MEDIA,BEAR,4,4.26,0.841,-0.59,195.0,193.5,1.5,199.5,202.5,210.0,201.21,4.14,3.456,5.18,119
EVT_750_0016569,BEAR_SLOT_1,2022-02-15,09:52:00,BIOCON_423,NIFTY_FIN_SERVICE,BEAR,5,4.13,0.826,-2.01,345.0,343.1,1.9,350.7,354.5,364.0,361.42,8.64,5.51,10.47,16
EVT_750_0016652,BEAR_SLOT_1,2022-02-16,09:28:00,DIXON_722,NIFTY_BANK,BEAR,6,3.43,0.832,-0.56,12400.0,12331.8,68.2,12604.6,12741.0,13082.0,13136.56,10.8,6.288,428.84,35
EVT_750_0016696,BEAR_SLOT_1,2022-02-17,09:43:00,KEC_704,NIFTY_PHARMA,BEAR,3,5.37,0.892,-1.27,920.0,914.94,5.06,935.18,945.3,970.6,939.23,3.8,3.32,16.8,118
EVT_750_0016785,BEAR_SLOT_1,2022-02-18,09:59:00,CDSL,NIFTY_FIN_SERVICE,BEAR,5,5.19,0.961,-1.64,1480.0,1471.86,8.14,1504.42,1520.7,1561.4,1544.96,7.98,5.273,42.92,20
EVT_750_0016791,BEAR_SLOT_1,2022-02-21,10:10:00,GLENMARK_542,NIFTY_BANK,BEAR,4,4.16,0.889,-0.65,1550.0,1541.47,8.53,1575.59,1592.65,1635.3,1639.65,10.51,6.184,52.75,57
EVT_750_0016946,BEAR_SLOT_1,2022-02-23,09:34:00,UNIONBANK_198,NIFTY_MEDIA,BEAR,3,4.57,0.819,-0.99,125.0,123.5,1.5,129.5,132.5,140.0,137.48,8.32,5.395,8.09,60
EVT_750_0016952,BEAR_SLOT_1,2022-02-23,10:11:00,BRITANNIA_156,NIFTY_CONSUMPTION,BEAR,4,3.05,0.978,-0.56,5800.0,5768.1,31.9,5895.7,5959.5,6119.0,6170.36,11.61,6.58,209.9,47
EVT_750_0017416,BEAR_SLOT_1,2022-03-07,09:55:00,HAVELLS_589,NIFTY_AUTO,BEAR,6,4.74,0.859,-2.13,1820.0,1809.99,10.01,1850.03,1870.05,1920.1,1954.73,13.46,7.246,72.53,34
EVT_750_0017513,BEAR_SLOT_1,2022-03-09,09:41:00,DMART,NIFTY_FMCG,BEAR,5,3.55,0.925,-0.95,4700.0,4674.15,25.85,4777.55,4829.25,4958.5,4892.84,7.46,5.086,131.47,30
EVT_750_0017530,BEAR_SLOT_1,2022-03-09,09:43:00,SUNPHARMA_734,NIFTY_BANK,BEAR,6,4.23,0.931,-0.58,1760.0,1750.32,9.68,1789.04,1808.4,1856.8,1821.76,6.38,4.697,45.47,43
EVT_750_0017608,BEAR_SLOT_1,2022-03-11,09:28:00,MAXHEALTH_537,NIFTY_REALTY,BEAR,5,4.83,0.871,-0.52,940.0,934.83,5.17,955.51,965.85,991.7,957.78,3.44,3.176,16.42,57
EVT_750_0017720,BEAR_SLOT_1,2022-03-14,09:43:00,JUBLFOOD_654,NIFTY_MEDIA,BEAR,3,4.85,0.848,-0.76,580.0,576.81,3.19,589.57,595.95,611.9,618.85,12.18,6.785,21.64,65
EVT_750_0017880,BEAR_SLOT_1,2022-03-16,09:38:00,JSWSTEEL_387,NIFTY_FIN_SERVICE,BEAR,3,4.1,0.825,-2.14,960.0,954.72,5.28,975.84,986.4,1012.8,983.65,4.48,3.592,18.97,31
EVT_750_0017892,BEAR_SLOT_1,2022-03-17,09:42:00,DIVISLAB_426,NIFTY_MEDIA,BEAR,5,3.94,0.835,-1.53,5100.0,5071.95,28.05,5184.15,5240.25,5380.5,5435.76,11.97,6.709,188.19,20
EVT_750_0017898,BEAR_SLOT_1,2022-03-17,09:33:00,PERSISTENT_648,NIFTY_CONSUMPTION,BEAR,4,4.84,0.879,-1.23,5100.0,5071.95,28.05,5184.15,5240.25,5380.5,5206.03,3.78,3.312,92.9,64
EVT_750_0018098,BEAR_SLOT_1,2022-03-22,10:00:00,KOTAKBANK_684,NIFTY_CONSUMPTION,BEAR,3,4.3,0.86,-1.34,1780.0,1770.21,9.79,1809.37,1828.95,1877.9,1827.29,4.83,3.732,36.54,55
EVT_750_0018140,BEAR_SLOT_1,2022-03-23,09:21:00,SYRMA_714,NIFTY_MEDIA,BEAR,6,3.12,0.887,-1.03,480.0,477.36,2.64,487.92,493.2,506.4,492.04,4.56,3.624,9.57,84
EVT_750_0018185,BEAR_SLOT_1,2022-03-24,09:57:00,ITC_513,NIFTY_REALTY,BEAR,6,4.8,0.955,-0.9,495.0,492.28,2.72,503.16,508.6,522.2,517.39,8.23,5.363,14.59,25
EVT_750_0018285,BEAR_SLOT_1,2022-03-25,09:38:00,WIPRO_167,NIFTY_INFRA,BEAR,4,4.73,0.955,-1.34,520.0,517.14,2.86,528.58,534.3,548.6,546.54,9.28,5.741,16.42,59
EVT_750_0018409,BEAR_SLOT_1,2022-03-30,09:18:00,SBIN_248,NIFTY_PHARMA,BEAR,6,4.54,0.924,-1.85,825.0,820.46,4.54,838.62,847.7,870.4,841.03,3.53,3.212,14.58,79
EVT_750_0018588,BEAR_SLOT_1,2022-04-01,09:25:00,PNB,NIFTY_FMCG,BEAR,5,3.57,0.975,-1.37,102.0,100.5,1.5,106.5,109.5,117.0,122.27,13.51,7.264,10.9,16
EVT_750_0018629,BEAR_SLOT_1,2022-04-04,09:34:00,DIXON_591,NIFTY_FIN_SERVICE,BEAR,4,3.38,0.874,-1.23,12400.0,12331.8,68.2,12604.6,12741.0,13082.0,12855.58,6.68,4.805,327.7,53
EVT_750_0018690,BEAR_SLOT_1,2022-04-05,10:04:00,TATAMOTORS_611,NIFTY_INFRA,BEAR,5,3.21,0.964,-0.96,985.0,979.58,5.42,1001.26,1012.1,1039.2,1054.05,12.74,6.986,37.86,15
EVT_750_0018738,BEAR_SLOT_1,2022-04-07,09:27:00,BHARTIARTL_244,NIFTY_FMCG,BEAR,3,3.83,0.878,-1.18,1560.0,1551.42,8.58,1585.74,1602.9,1645.8,1604.19,5.15,4.254,36.5,72
EVT_750_0018949,BEAR_SLOT_1,2022-04-12,10:01:00,AUBANK_681,NIFTY_REALTY,BEAR,5,3.03,0.823,-2.49,620.0,616.59,3.41,630.23,637.05,654.1,631.46,3.36,3.144,10.72,91
EVT_750_0018978,BEAR_SLOT_1,2022-04-13,09:32:00,ALKEM_185,NIFTY_IT,BEAR,6,5.25,0.921,-2.29,5600.0,5569.2,30.8,5692.4,5754.0,5908.0,5883.36,9.2,5.712,175.93,27
EVT_750_0019026,BEAR_SLOT_1,2022-04-14,10:07:00,ITC_753,NIFTY_REALTY,BEAR,5,4.08,0.979,-1.07,495.0,492.28,2.72,503.16,508.6,522.2,531.75,13.51,7.264,19.76,55
EVT_750_0019144,BEAR_SLOT_1,2022-04-18,09:22:00,CUMMINSIND_466,NIFTY_ENERGY,BEAR,5,3.91,0.897,-1.14,3650.0,3629.93,20.07,3710.21,3750.35,3850.7,3867.96,10.86,6.31,126.64,61
EVT_750_0019234,BEAR_SLOT_1,2022-04-20,09:24:00,PERSISTENT_168,NIFTY_CONSUMPTION,BEAR,6,4.02,0.972,-2.34,5100.0,5071.95,28.05,5184.15,5240.25,5380.5,5281.76,6.48,4.733,132.76,53
EVT_750_0019303,BEAR_SLOT_1,2022-04-21,09:56:00,LTIM_645,NIFTY_REALTY,BEAR,6,5.08,0.901,-1.47,5850.0,5817.83,32.17,5946.51,6010.85,6171.7,6159.15,9.61,5.86,188.52,65
EVT_750_0019451,BEAR_SLOT_1,2022-04-25,10:15:00,CUMMINSIND_466,NIFTY_ENERGY,BEAR,4,4.71,0.907,-1.36,3650.0,3629.93,20.07,3710.21,3750.35,3850.7,3736.9,4.33,3.532,70.89,84
EVT_750_0019474,BEAR_SLOT_1,2022-04-26,09:34:00,JSWSTEEL_387,NIFTY_FIN_SERVICE,BEAR,3,5.09,0.977,-2.21,960.0,954.72,5.28,975.84,986.4,1012.8,987.24,5.16,4.258,22.48,108
EVT_750_0019565,BEAR_SLOT_1,2022-04-27,10:13:00,SHRIRAMFIN_309,NIFTY_REALTY,BEAR,3,3.08,0.9,-1.46,3150.0,3132.68,17.32,3201.96,3236.6,3323.2,3301.03,8.72,5.539,95.94,19
EVT_750_0019779,BEAR_SLOT_1,2022-05-03,09:22:00,PIDILITIND_642,NIFTY_MEDIA,BEAR,6,3.42,0.957,-1.97,3050.0,3033.23,16.77,3100.31,3133.85,3217.7,3230.61,10.77,6.277,105.27,43
EVT_750_0019794,BEAR_SLOT_1,2022-05-03,10:12:00,ICICIBANK_727,NIFTY_METAL,BEAR,4,4.41,0.839,-2.47,1220.0,1213.29,6.71,1240.13,1253.55,1287.1,1287.17,10.01,6.004,40.29,23
EVT_750_0019806,BEAR_SLOT_1,2022-05-03,09:53:00,HDFCBANK_366,NIFTY_MEDIA,BEAR,4,3.52,0.889,-1.71,1650.0,1640.93,9.07,1677.21,1695.35,1740.7,1687.37,4.12,3.448,31.27,51
EVT_750_0019809,BEAR_SLOT_1,2022-05-03,10:13:00,TRENT,NIFTY_AUTO,BEAR,5,4.43,0.876,-1.44,6850.0,6812.33,37.67,6963.01,7038.35,7226.7,7161.53,8.27,5.377,202.55,19
EVT_750_0019814,BEAR_SLOT_1,2022-05-03,09:27:00,TITAN_400,NIFTY_FMCG,BEAR,4,5.46,0.947,-2.38,3420.0,3401.19,18.81,3476.43,3514.05,3608.1,3537.94,6.27,4.657,87.6,32
EVT_750_0019820,BEAR_SLOT_1,2022-05-03,09:47:00,COFORGE,NIFTY_AUTO,BEAR,5,5.34,0.81,-1.52,7200.0,7160.4,39.6,7318.8,7398.0,7596.0,7710.84,12.9,7.044,278.94,52
EVT_750_0019942,BEAR_SLOT_1,2022-05-05,09:33:00,KEC,NIFTY_PHARMA,BEAR,4,4.52,0.922,-1.53,920.0,914.94,5.06,935.18,945.3,970.6,967.36,9.36,5.77,29.2,16
EVT_750_0020042,BEAR_SLOT_1,2022-05-09,09:45:00,BAJFINANCE_497,NIFTY_IT,BEAR,5,3.69,0.896,-1.41,7150.0,7110.68,39.32,7267.96,7346.6,7543.2,7369.01,5.57,4.405,173.2,20
EVT_750_0020158,BEAR_SLOT_1,2022-05-10,09:32:00,SUZLON_460,NIFTY_FMCG,BEAR,5,3.59,0.951,-0.99,75.0,73.5,1.5,79.5,82.5,90.0,81.45,4.3,3.52,5.28,32
EVT_750_0020230,BEAR_SLOT_1,2022-05-12,10:06:00,YESBANK_685,NIFTY_AUTO,BEAR,3,3.33,0.926,-0.93,22.0,20.5,1.5,26.5,29.5,37.0,35.88,9.25,5.73,8.6,15
EVT_750_0020252,BEAR_SLOT_1,2022-05-13,10:05:00,FORTIS,NIFTY_ENERGY,BEAR,5,4.04,0.855,-0.93,520.0,517.14,2.86,528.58,534.3,548.6,555.46,12.4,6.864,19.63,36
EVT_750_0020425,BEAR_SLOT_1,2022-05-17,09:23:00,MAXHEALTH_177,NIFTY_REALTY,BEAR,6,3.86,0.822,-1.81,940.0,934.83,5.17,955.51,965.85,991.7,1007.26,13.01,7.084,36.62,61
EVT_750_0020489,BEAR_SLOT_1,2022-05-18,10:09:00,DIVISLAB_186,NIFTY_MEDIA,BEAR,4,4.39,0.804,-1.94,5100.0,5071.95,28.05,5184.15,5240.25,5380.5,5384.71,10.15,6.054,169.81,61
EVT_750_0020661,BEAR_SLOT_1,2022-05-23,10:04:00,INDUSINDBK_683,NIFTY_INFRA,BEAR,6,4.97,0.803,-2.25,1420.0,1412.19,7.81,1443.43,1459.05,1498.1,1476.93,7.29,5.024,39.24,36
EVT_750_0020856,BEAR_SLOT_1,2022-05-27,09:25:00,IDFCFIRSTB_319,NIFTY_METAL,BEAR,3,3.81,0.848,-0.98,72.0,70.5,1.5,76.5,79.5,87.0,80.77,5.85,4.506,6.76,60
EVT_750_0020909,BEAR_SLOT_1,2022-05-30,09:37:00,HAVELLS_229,NIFTY_AUTO,BEAR,5,3.02,0.837,-2.33,1820.0,1809.99,10.01,1850.03,1870.05,1920.1,1895.38,7.53,5.111,51.16,65
EVT_750_0020973,BEAR_SLOT_1,2022-05-31,09:52:00,ASIANPAINT_521,NIFTY_IT,BEAR,6,4.87,0.86,-0.69,3150.0,3132.68,17.32,3201.96,3236.6,3323.2,3204.38,3.14,3.056,52.93,66
EVT_750_0021004,BEAR_SLOT_1,2022-05-31,10:02:00,ABB_404,NIFTY_PHARMA,BEAR,4,3.56,0.892,-2.06,7800.0,7757.1,42.9,7928.7,8014.5,8229.0,8393.74,13.84,7.382,316.69,21
EVT_750_0021046,BEAR_SLOT_1,2022-06-01,09:32:00,TORNTPOWER_216,NIFTY_CONSUMPTION,BEAR,5,4.75,0.92,-1.07,1650.0,1640.93,9.07,1677.21,1695.35,1740.7,1681.29,3.45,3.18,28.84,84
EVT_750_0021086,BEAR_SLOT_1,2022-06-02,10:07:00,TATAMOTORS_131,NIFTY_INFRA,BEAR,6,3.2,0.945,-1.52,985.0,979.58,5.42,1001.26,1012.1,1039.2,1018.17,6.12,4.603,24.95,45
EVT_750_0021187,BEAR_SLOT_1,2022-06-03,10:00:00,JIOFIN_194,NIFTY_BANK,BEAR,5,4.04,0.959,-1.93,1680.0,1670.76,9.24,1707.72,1726.2,1772.4,1744.86,7.02,4.927,45.53,55
EVT_750_0021402,BEAR_SLOT_1,2022-06-08,09:32:00,CANBK_555,NIFTY_FIN_SERVICE,BEAR,3,5.39,0.853,-2.3,105.0,103.5,1.5,109.5,112.5,120.0,116.29,7.53,5.111,7.67,22
EVT_750_0021748,BEAR_SLOT_1,2022-06-16,10:01:00,SIEMENS_283,NIFTY_METAL,BEAR,6,3.61,0.881,-1.75,6700.0,6663.15,36.85,6810.55,6884.25,7068.5,7054.87,9.63,5.867,216.2,19
EVT_750_0021775,BEAR_SLOT_1,2022-06-17,09:30:00,BRITANNIA_396,NIFTY_CONSUMPTION,BEAR,4,3.62,0.935,-2.39,5800.0,5768.1,31.9,5895.7,5959.5,6119.0,6170.68,11.62,6.583,210.0,25
EVT_750_0021788,BEAR_SLOT_1,2022-06-17,09:49:00,POLYCAB,NIFTY_FIN_SERVICE,BEAR,5,4.44,0.858,-2.26,6250.0,6215.62,34.38,6353.14,6421.9,6593.8,6686.63,12.7,6.972,239.7,38
EVT_750_0021984,BEAR_SLOT_1,2022-06-23,10:11:00,MUTHOOTFIN_307,NIFTY_METAL,BEAR,5,5.27,0.904,-0.53,1850.0,1839.83,10.17,1880.51,1900.85,1951.7,1956.48,10.47,6.169,62.74,56
EVT_750_0022004,BEAR_SLOT_1,2022-06-23,09:24:00,LTTS_718,NIFTY_ENERGY,BEAR,4,4.42,0.802,-2.22,5400.0,5370.3,29.7,5489.1,5548.5,5697.0,5737.69,11.37,6.493,192.84,41
EVT_750_0022019,BEAR_SLOT_1,2022-06-23,09:56:00,JSWENERGY_695,NIFTY_INFRA,BEAR,5,5.48,0.804,-2.44,680.0,676.26,3.74,691.22,698.7,717.4,704.53,6.56,4.762,17.81,32
EVT_750_0022182,BEAR_SLOT_2,2022-07-04,09:22:00,DLF_629,NIFTY_IT,BEAR,5,3.21,0.839,-1.41,830.0,825.44,4.56,843.68,852.8,875.6,856.86,5.89,4.52,20.61,52
EVT_750_0022197,BEAR_SLOT_2,2022-07-05,09:29:00,COFORGE_720,NIFTY_CONSUMPTION,BEAR,6,3.13,0.908,-1.76,7200.0,7160.4,39.6,7318.8,7398.0,7596.0,7680.35,12.13,6.767,267.97,54
EVT_750_0022339,BEAR_SLOT_2,2022-07-07,09:53:00,JIOFIN,NIFTY_BANK,BEAR,4,3.97,0.903,-2.26,2449.0,2435.53,13.47,2489.41,2516.35,2583.7,2620.88,12.76,6.994,94.21,40
EVT_750_0022362,BEAR_SLOT_2,2022-07-08,10:06:00,BHEL_222,NIFTY_MEDIA,BEAR,3,3.38,0.938,-1.99,270.0,268.5,1.5,274.5,277.5,285.0,275.62,3.75,3.3,4.95,111
EVT_750_0022440,BEAR_SLOT_2,2022-07-11,09:44:00,COFORGE_720,NIFTY_CONSUMPTION,BEAR,5,3.1,0.936,-2.13,7200.0,7160.4,39.6,7318.8,7398.0,7596.0,7613.82,10.45,6.162,244.02,64
EVT_750_0022640,BEAR_SLOT_2,2022-07-15,09:21:00,ZYDUSLIFE_181,NIFTY_AUTO,BEAR,4,3.31,0.82,-2.36,1050.0,1044.23,5.77,1067.31,1078.85,1107.7,1120.91,12.29,6.824,39.37,37
EVT_750_0022672,BEAR_SLOT_2,2022-07-15,09:50:00,TRENT_721,NIFTY_AUTO,BEAR,3,4.88,0.933,-0.92,6850.0,6812.33,37.67,6963.01,7038.35,7226.7,7099.0,6.61,4.78,180.06,34
EVT_750_0022748,BEAR_SLOT_2,2022-07-18,09:32:00,TRENT_241,NIFTY_AUTO,BEAR,6,4.84,0.867,-2.2,6850.0,6812.33,37.67,6963.01,7038.35,7226.7,7027.8,4.72,3.688,138.93,40
EVT_750_0022790,BEAR_SLOT_2,2022-07-19,09:46:00,KALPATPOWR,NIFTY_REALTY,BEAR,5,3.15,0.917,-1.5,1280.0,1272.96,7.04,1301.12,1315.2,1350.4,1322.94,6.1,4.596,32.36,58
EVT_750_0022817,BEAR_SLOT_2,2022-07-19,09:50:00,KPITTECH,NIFTY_PHARMA,BEAR,6,3.01,0.815,-1.97,1650.0,1640.93,9.07,1677.21,1695.35,1740.7,1676.21,2.89,1.156,10.48,93
EVT_750_0022852,BEAR_SLOT_2,2022-07-20,09:41:00,INOWIND_581,NIFTY_IT,BEAR,5,4.21,0.86,-1.66,215.0,213.5,1.5,219.5,222.5,230.0,220.94,3.96,3.384,5.08,56
EVT_750_0022880,BEAR_SLOT_2,2022-07-20,09:30:00,RELIANCE_125,NIFTY_IT,BEAR,4,3.36,0.95,-0.72,2950.0,2933.78,16.22,2998.66,3031.1,3112.2,3161.02,13.01,7.084,114.9,31
EVT_750_0022918,BEAR_SLOT_2,2022-07-21,09:48:00,ASIANPAINT_521,NIFTY_IT,BEAR,3,4.3,0.934,-1.45,3150.0,3132.68,17.32,3201.96,3236.6,3323.2,3310.56,9.27,5.737,99.36,22
EVT_750_0023015,BEAR_SLOT_2,2022-07-25,09:57:00,HAL_639,NIFTY_FIN_SERVICE,BEAR,6,5.41,0.859,-1.03,4650.0,4624.43,25.57,4726.71,4777.85,4905.7,4739.5,3.5,3.2,81.82,98
EVT_750_0023101,BEAR_SLOT_2,2022-07-26,09:29:00,CIPLA_495,NIFTY_FIN_SERVICE,BEAR,4,5.3,0.874,-0.63,1540.0,1531.53,8.47,1565.41,1582.35,1624.7,1586.75,5.52,4.387,37.16,28
EVT_750_0023338,BEAR_SLOT_2,2022-08-01,09:29:00,HUDCO_673,NIFTY_AUTO,BEAR,4,5.01,0.825,-1.13,220.0,218.5,1.5,224.5,227.5,235.0,226.09,4.06,3.424,5.14,105
EVT_750_0023516,BEAR_SLOT_2,2022-08-04,09:51:00,HINDALCO_745,NIFTY_AUTO,BEAR,4,3.71,0.839,-2.02,665.0,661.34,3.66,675.98,683.3,701.6,715.73,13.86,7.39,27.05,33
EVT_750_0023556,BEAR_SLOT_2,2022-08-04,09:36:00,GLENMARK_542,NIFTY_BANK,BEAR,4,3.24,0.802,-1.61,1550.0,1541.47,8.53,1575.59,1592.65,1635.3,1582.24,3.78,3.312,28.25,80
EVT_750_0023600,BEAR_SLOT_2,2022-08-05,10:12:00,JIOFIN_314,NIFTY_BANK,BEAR,6,3.14,0.905,-1.11,3241.0,3223.17,17.83,3294.49,3330.15,3419.3,3466.55,12.65,6.954,123.99,59
EVT_750_0023624,BEAR_SLOT_2,2022-08-05,09:28:00,KALYANKJIL_653,NIFTY_IT,BEAR,3,4.37,0.818,-2.27,680.0,676.26,3.74,691.22,698.7,717.4,689.39,2.51,1.004,3.75,42
EVT_750_0023627,BEAR_SLOT_2,2022-08-05,09:48:00,DIXON_722,NIFTY_BANK,BEAR,4,3.19,0.857,-0.5,12400.0,12331.8,68.2,12604.6,12741.0,13082.0,12813.97,6.07,4.585,312.7,35
EVT_750_0023724,BEAR_SLOT_2,2022-08-09,09:37:00,SUNPHARMA,NIFTY_BANK,BEAR,3,4.68,0.954,-1.33,1760.0,1750.32,9.68,1789.04,1808.4,1856.8,1790.69,3.17,3.068,29.7,115
EVT_750_0023758,BEAR_SLOT_2,2022-08-10,09:31:00,MCX_208,NIFTY_FMCG,BEAR,3,3.87,0.921,-2.18,5400.0,5370.3,29.7,5489.1,5548.5,5697.0,5623.94,7.54,5.114,151.89,62
EVT_750_0023854,BEAR_SLOT_2,2022-08-11,09:48:00,OBEROIRLTY_751,NIFTY_METAL,BEAR,4,3.51,0.968,-1.12,1780.0,1770.21,9.79,1809.37,1828.95,1877.9,1835.8,5.7,4.452,43.59,30
EVT_750_0023858,BEAR_SLOT_2,2022-08-11,09:47:00,RECLTD_551,NIFTY_INFRA,BEAR,3,3.53,0.904,-0.88,480.0,477.36,2.64,487.92,493.2,506.4,487.02,2.66,1.064,2.81,43
EVT_750_0023882,BEAR_SLOT_2,2022-08-12,09:57:00,BAJFINANCE_137,NIFTY_IT,BEAR,4,4.34,0.964,-0.9,7150.0,7110.68,39.32,7267.96,7346.6,7543.2,7425.24,7.0,4.92,193.45,38
EVT_750_0023883,BEAR_SLOT_2,2022-08-12,09:46:00,IEX_570,NIFTY_MEDIA,BEAR,4,3.33,0.914,-1.96,195.0,193.5,1.5,199.5,202.5,210.0,213.59,12.39,6.86,10.29,38
EVT_750_0024079,BEAR_SLOT_2,2022-08-17,09:55:00,PFC_550,NIFTY_ENERGY,BEAR,5,4.63,0.839,-1.26,385.0,382.88,2.12,391.36,395.6,406.2,404.44,9.17,5.701,12.09,58
EVT_750_0024106,BEAR_SLOT_2,2022-08-17,09:27:00,ADANIPORTS_500,NIFTY_PHARMA,BEAR,6,4.15,0.918,-2.06,1420.0,1412.19,7.81,1443.43,1459.05,1498.1,1446.01,3.33,3.132,24.46,69
EVT_750_0024124,BEAR_SLOT_2,2022-08-18,09:56:00,SIEMENS_283,NIFTY_METAL,BEAR,5,3.74,0.864,-1.32,6700.0,6663.15,36.85,6810.55,6884.25,7068.5,6994.43,7.99,5.276,194.42,53
EVT_750_0024143,BEAR_SLOT_2,2022-08-18,09:27:00,CDSL_327,NIFTY_FIN_SERVICE,BEAR,4,3.72,0.871,-2.33,1480.0,1471.86,8.14,1504.42,1520.7,1561.4,1522.17,5.18,4.265,34.72,62
EVT_750_0024208,BEAR_SLOT_2,2022-08-19,09:25:00,ZOMATO_290,NIFTY_BANK,BEAR,4,5.03,0.861,-1.35,265.0,263.5,1.5,269.5,272.5,280.0,269.6,3.07,3.028,4.54,63
EVT_750_0024215,BEAR_SLOT_2,2022-08-19,09:20:00,KPITTECH_596,NIFTY_PHARMA,BEAR,4,3.12,0.846,-1.19,1650.0,1640.93,9.07,1677.21,1695.35,1740.7,1729.09,8.72,5.539,50.24,41
EVT_750_0024272,BEAR_SLOT_2,2022-08-22,10:02:00,ALKEM_665,NIFTY_IT,BEAR,4,3.24,0.929,-1.03,5600.0,5569.2,30.8,5692.4,5754.0,5908.0,5685.32,2.77,1.108,34.13,95
EVT_750_0024354,BEAR_SLOT_2,2022-08-24,09:20:00,ADANIGREEN_693,NIFTY_REALTY,BEAR,6,3.54,0.945,-0.63,1820.0,1809.99,10.01,1850.03,1870.05,1920.1,1938.72,11.86,6.67,66.77,42
EVT_750_0024400,BEAR_SLOT_2,2022-08-24,10:14:00,TATASTEEL_266,NIFTY_BANK,BEAR,5,4.22,0.961,-2.16,152.0,150.5,1.5,156.5,159.5,167.0,156.54,3.03,3.012,4.52,86
EVT_750_0024409,BEAR_SLOT_2,2022-08-24,09:43:00,GODREJPROP_510,NIFTY_MEDIA,BEAR,5,5.35,0.892,-0.87,3100.0,3082.95,17.05,3151.15,3185.25,3270.5,3166.15,3.88,3.352,57.15,109
EVT_750_0024487,BEAR_SLOT_2,2022-08-26,09:45:00,TRENT_481,NIFTY_AUTO,BEAR,6,4.33,0.81,-1.54,6850.0,6812.33,37.67,6963.01,7038.35,7226.7,7109.17,6.88,4.877,183.72,40
EVT_750_0024558,BEAR_SLOT_2,2022-08-29,09:51:00,MARUTI_253,NIFTY_AUTO,BEAR,5,3.93,0.873,-1.64,801.0,796.59,4.41,814.23,823.05,845.1,826.05,5.68,4.445,19.6,39
EVT_750_0024715,BEAR_SLOT_2,2022-08-31,09:37:00,M&M_252,NIFTY_CONSUMPTION,BEAR,5,4.6,0.974,-1.9,2820.0,2804.49,15.51,2866.53,2897.55,2975.1,2863.43,2.8,1.12,17.37,52
EVT_750_0024754,BEAR_SLOT_2,2022-09-01,09:37:00,IEX_210,NIFTY_MEDIA,BEAR,5,4.49,0.979,-0.83,195.0,193.5,1.5,199.5,202.5,210.0,213.91,12.61,6.94,10.41,30
EVT_750_0024867,BEAR_SLOT_2,2022-09-05,10:02:00,MCX_448,NIFTY_FMCG,BEAR,3,3.12,0.904,-2.46,5400.0,5370.3,29.7,5489.1,5548.5,5697.0,5584.73,6.22,4.639,137.78,63
EVT_750_0025170,BEAR_SLOT_2,2022-09-12,09:49:00,MOTILALOFS_571,NIFTY_METAL,BEAR,6,3.06,0.881,-1.01,840.0,835.38,4.62,853.86,863.1,886.2,860.42,4.42,3.568,16.48,103
EVT_750_0025235,BEAR_SLOT_2,2022-09-14,09:29:00,YESBANK_565,NIFTY_AUTO,BEAR,5,5.02,0.928,-2.43,22.0,20.5,1.5,26.5,29.5,37.0,40.09,12.06,6.742,10.11,55
EVT_750_0025264,BEAR_SLOT_2,2022-09-14,09:52:00,OBEROIRLTY_631,NIFTY_METAL,BEAR,3,5.35,0.975,-1.12,1780.0,1770.21,9.79,1809.37,1828.95,1877.9,1825.33,4.63,3.652,35.75,71
EVT_750_0025281,BEAR_SLOT_2,2022-09-14,10:03:00,VOLTAS_467,NIFTY_INFRA,BEAR,5,5.12,0.89,-1.26,1680.0,1670.76,9.24,1707.72,1726.2,1772.4,1793.65,12.3,6.828,63.09,54
EVT_750_0025299,BEAR_SLOT_2,2022-09-14,10:10:00,FEDERALBNK_320,NIFTY_PHARMA,BEAR,6,4.01,0.936,-1.27,185.0,183.5,1.5,189.5,192.5,200.0,204.27,12.85,7.026,10.54,60
EVT_750_0025342,BEAR_SLOT_2,2022-09-15,09:30:00,GODREJPROP,NIFTY_MEDIA,BEAR,5,5.19,0.814,-1.42,3100.0,3082.95,17.05,3151.15,3185.25,3270.5,3156.95,3.34,3.136,53.47,114
EVT_750_0025409,BEAR_SLOT_2,2022-09-19,09:52:00,FORTIS_538,NIFTY_ENERGY,BEAR,3,4.76,0.955,-2.45,520.0,517.14,2.86,528.58,534.3,548.6,532.38,4.33,3.532,10.1,72
EVT_750_0025420,BEAR_SLOT_2,2022-09-19,09:44:00,ICICIBANK_127,NIFTY_METAL,BEAR,3,3.21,0.928,-0.99,1220.0,1213.29,6.71,1240.13,1253.55,1287.1,1289.58,10.37,6.133,41.15,16
EVT_750_0025446,BEAR_SLOT_2,2022-09-19,10:01:00,JSWSTEEL_267,NIFTY_FIN_SERVICE,BEAR,4,3.74,0.914,-1.36,960.0,954.72,5.28,975.84,986.4,1012.8,1035.56,14.31,7.552,39.87,48
EVT_750_0025483,BEAR_SLOT_2,2022-09-20,09:20:00,SWIGGY_291,NIFTY_FIN_SERVICE,BEAR,6,3.9,0.871,-1.89,420.0,417.69,2.31,426.93,431.55,443.1,446.66,11.54,6.554,15.14,22
EVT_750_0025487,BEAR_SLOT_2,2022-09-20,10:07:00,MANAPPURAM_188,NIFTY_PHARMA,BEAR,5,3.05,0.95,-2.3,195.0,193.5,1.5,199.5,202.5,210.0,203.85,5.9,4.524,6.79,54
EVT_750_0025672,BEAR_SLOT_2,2022-09-22,10:15:00,PIDILITIND_402,NIFTY_MEDIA,BEAR,6,3.16,0.861,-0.93,3050.0,3033.23,16.77,3100.31,3133.85,3217.7,3122.11,4.3,3.52,59.03,60
EVT_750_0025708,BEAR_SLOT_2,2022-09-23,09:36:00,SBIN_248,NIFTY_PHARMA,BEAR,4,5.32,0.896,-1.7,825.0,820.46,4.54,838.62,847.7,870.4,865.81,8.99,5.636,25.59,47
EVT_750_0025780,BEAR_SLOT_2,2022-09-26,10:08:00,PERSISTENT_408,NIFTY_CONSUMPTION,BEAR,5,3.28,0.88,-1.31,5100.0,5071.95,28.05,5184.15,5240.25,5380.5,5459.32,12.81,7.012,196.69,17
EVT_750_0026013,BEAR_SLOT_2,2022-09-30,09:40:00,KOTAKBANK_324,NIFTY_CONSUMPTION,BEAR,5,3.57,0.834,-0.52,1780.0,1770.21,9.79,1809.37,1828.95,1877.9,1852.45,7.4,5.064,49.58,60
EVT_750_0026105,BEAR_SLOT_2,2022-10-04,09:27:00,TATAMOTORS_611,NIFTY_INFRA,BEAR,3,5.35,0.86,-2.31,985.0,979.58,5.42,1001.26,1012.1,1039.2,1029.44,8.2,5.352,29.01,59
EVT_750_0026274,BEAR_SLOT_2,2022-10-07,09:53:00,SUNPHARMA_614,NIFTY_BANK,BEAR,4,3.62,0.92,-1.51,1760.0,1750.32,9.68,1789.04,1808.4,1856.8,1853.12,9.62,5.863,56.75,56
EVT_750_0026298,BEAR_SLOT_2,2022-10-07,09:27:00,SUNPHARMA_734,NIFTY_BANK,BEAR,3,5.35,0.859,-1.26,1760.0,1750.32,9.68,1789.04,1808.4,1856.8,1815.56,5.74,4.466,43.23,45
EVT_750_0026323,BEAR_SLOT_2,2022-10-10,09:58:00,TITAN_640,NIFTY_FMCG,BEAR,3,4.46,0.859,-2.42,3420.0,3401.19,18.81,3476.43,3514.05,3608.1,3547.53,6.78,4.841,91.06,45
EVT_750_0026329,BEAR_SLOT_2,2022-10-10,09:56:00,HAVELLS_589,NIFTY_AUTO,BEAR,6,3.88,0.876,-0.9,1820.0,1809.99,10.01,1850.03,1870.05,1920.1,1878.06,5.8,4.488,44.92,65
EVT_750_0026387,BEAR_SLOT_2,2022-10-11,09:51:00,CROMPTON_350,NIFTY_BANK,BEAR,6,4.49,0.953,-1.66,410.0,407.75,2.25,416.75,421.25,432.5,421.25,5.0,4.2,9.45,114
EVT_750_0026400,BEAR_SLOT_2,2022-10-11,09:18:00,INDUSINDBK_563,NIFTY_INFRA,BEAR,5,5.21,0.959,-2.06,1420.0,1412.19,7.81,1443.43,1459.05,1498.1,1515.36,12.21,6.796,53.08,27
EVT_750_0026535,BEAR_SLOT_2,2022-10-14,09:50:00,DLF_749,NIFTY_IT,BEAR,5,5.43,0.976,-2.0,830.0,825.44,4.56,843.68,852.8,875.6,879.07,10.76,6.274,28.61,62
EVT_750_0026555,BEAR_SLOT_2,2022-10-14,10:14:00,DMART_172,NIFTY_FMCG,BEAR,6,4.0,0.806,-1.09,4700.0,4674.15,25.85,4777.55,4829.25,4958.5,4859.24,6.16,4.618,119.38,47
EVT_750_0026676,BEAR_SLOT_2,2022-10-18,09:47:00,VEDL_748,NIFTY_FMCG,BEAR,6,5.32,0.924,-1.11,460.0,457.47,2.53,467.59,472.65,485.3,485.15,9.94,5.978,15.12,64
EVT_750_0026816,BEAR_SLOT_2,2022-10-21,09:45:00,TRENT_721,NIFTY_AUTO,BEAR,4,3.72,0.892,-1.95,6850.0,6812.33,37.67,6963.01,7038.35,7226.7,7384.16,14.18,7.505,282.71,51
EVT_750_0026925,BEAR_SLOT_2,2022-10-25,09:44:00,BIOCON_423,NIFTY_FIN_SERVICE,BEAR,5,4.55,0.808,-1.92,345.0,343.1,1.9,350.7,354.5,364.0,357.33,6.49,4.736,9.0,63
EVT_750_0026935,BEAR_SLOT_2,2022-10-25,09:54:00,HAL_519,NIFTY_FIN_SERVICE,BEAR,5,4.35,0.869,-2.11,4650.0,4624.43,25.57,4726.71,4777.85,4905.7,4884.99,9.19,5.708,145.95,39
EVT_750_0027005,BEAR_SLOT_2,2022-10-26,09:37:00,PIDILITIND_162,NIFTY_MEDIA,BEAR,4,3.94,0.847,-2.09,3050.0,3033.23,16.77,3100.31,3133.85,3217.7,3160.01,6.56,4.762,79.86,62
EVT_750_0027209,BEAR_SLOT_2,2022-11-01,09:35:00,ITC,NIFTY_REALTY,BEAR,4,4.07,0.936,-1.15,495.0,492.28,2.72,503.16,508.6,522.2,527.5,11.95,6.702,18.23,32
EVT_750_0027288,BEAR_SLOT_2,2022-11-02,09:58:00,OBEROIRLTY_751,NIFTY_METAL,BEAR,6,3.49,0.917,-1.5,1780.0,1770.21,9.79,1809.37,1828.95,1877.9,1857.44,7.91,5.248,51.38,28
EVT_750_0027405,BEAR_SLOT_2,2022-11-04,09:55:00,SYRMA_354,NIFTY_MEDIA,BEAR,3,3.88,0.971,-2.19,480.0,477.36,2.64,487.92,493.2,506.4,497.08,6.47,4.729,12.48,34
EVT_750_0027539,BEAR_SLOT_2,2022-11-08,09:27:00,TATASTEEL,NIFTY_BANK,BEAR,3,4.72,0.937,-1.84,152.0,150.5,1.5,156.5,159.5,167.0,166.14,9.43,5.795,8.69,21
EVT_750_0027705,BEAR_SLOT_2,2022-11-14,09:42:00,VEDL_148,NIFTY_FMCG,BEAR,3,5.2,0.901,-1.93,460.0,457.47,2.53,467.59,472.65,485.3,466.86,2.71,1.084,2.74,51
EVT_750_0027716,BEAR_SLOT_2,2022-11-14,09:27:00,MPHASIS_719,NIFTY_INFRA,BEAR,3,3.18,0.964,-1.64,2950.0,2933.78,16.22,2998.66,3031.1,3112.2,3012.93,3.88,3.352,54.37,29
EVT_750_0027784,BEAR_SLOT_2,2022-11-15,09:35:00,SUZLON_460,NIFTY_FMCG,BEAR,4,4.61,0.916,-2.07,75.0,73.5,1.5,79.5,82.5,90.0,95.43,13.62,7.303,10.95,35
EVT_750_0027792,BEAR_SLOT_2,2022-11-16,09:27:00,SIEMENS_403,NIFTY_METAL,BEAR,5,4.47,0.957,-2.41,6700.0,6663.15,36.85,6810.55,6884.25,7068.5,7203.37,13.66,7.318,269.67,60
EVT_750_0027830,BEAR_SLOT_2,2022-11-16,09:31:00,GODREJPROP_150,NIFTY_MEDIA,BEAR,5,3.89,0.849,-1.76,3100.0,3082.95,17.05,3151.15,3185.25,3270.5,3170.42,4.13,3.452,58.86,68
EVT_750_0027845,BEAR_SLOT_2,2022-11-16,09:34:00,POLYCAB_123,NIFTY_FIN_SERVICE,BEAR,5,4.7,0.874,-0.91,6250.0,6215.62,34.38,6353.14,6421.9,6593.8,6593.11,9.98,5.993,206.04,52
EVT_750_0027870,BEAR_SLOT_2,2022-11-17,10:10:00,TCS_610,NIFTY_ENERGY,BEAR,5,4.78,0.928,-0.81,4280.0,4256.46,23.54,4350.62,4397.7,4515.4,4474.91,8.28,5.381,126.67,38
EVT_750_0027915,BEAR_SLOT_2,2022-11-18,09:50:00,BANKBARODA_437,NIFTY_IT,BEAR,6,5.33,0.844,-1.55,245.0,243.5,1.5,249.5,252.5,260.0,260.24,10.16,6.058,9.09,41
EVT_750_0028026,BEAR_SLOT_2,2022-11-22,09:38:00,SIEMENS_643,NIFTY_METAL,BEAR,6,4.83,0.898,-1.11,6700.0,6663.15,36.85,6810.55,6884.25,7068.5,7072.55,10.11,6.04,222.57,54
EVT_750_0028091,BEAR_SLOT_2,2022-11-23,10:13:00,MARUTI_733,NIFTY_AUTO,BEAR,5,4.04,0.961,-2.47,3086.0,3069.03,16.97,3136.91,3170.85,3255.7,3227.7,8.35,5.406,91.74,25
EVT_750_0028284,BEAR_SLOT_2,2022-11-28,09:32:00,IDFCFIRSTB_439,NIFTY_METAL,BEAR,3,4.19,0.891,-0.94,72.0,70.5,1.5,76.5,79.5,87.0,86.05,9.37,5.773,8.66,64
EVT_750_0028319,BEAR_SLOT_2,2022-11-29,09:45:00,KPITTECH_596,NIFTY_PHARMA,BEAR,6,4.86,0.926,-1.17,1650.0,1640.93,9.07,1677.21,1695.35,1740.7,1732.9,9.14,5.69,51.61,22
EVT_750_0028344,BEAR_SLOT_2,2022-11-29,09:38:00,LTTS_718,NIFTY_ENERGY,BEAR,3,5.16,0.862,-0.5,5400.0,5370.3,29.7,5489.1,5548.5,5697.0,5702.64,10.19,6.068,180.22,35
EVT_750_0028473,BEAR_SLOT_2,2022-12-01,09:30:00,KALYANKJIL,NIFTY_IT,BEAR,6,4.84,0.908,-2.07,680.0,676.26,3.74,691.22,698.7,717.4,698.33,4.9,3.76,14.06,49
EVT_750_0028666,BEAR_SLOT_2,2022-12-07,09:50:00,NHPC_337,NIFTY_AUTO,BEAR,4,3.15,0.919,-1.28,88.0,86.5,1.5,92.5,95.5,103.0,99.37,7.58,5.129,7.69,33
EVT_750_0029078,BEAR_SLOT_2,2022-12-15,10:02:00,AUBANK_681,NIFTY_REALTY,BEAR,3,4.77,0.914,-1.26,620.0,616.59,3.41,630.23,637.05,654.1,658.43,11.27,6.457,22.02,41
EVT_750_0029082,BEAR_SLOT_2,2022-12-15,09:59:00,CDSL_567,NIFTY_FIN_SERVICE,BEAR,4,3.62,0.961,-2.18,1480.0,1471.86,8.14,1504.42,1520.7,1561.4,1512.15,3.95,3.38,27.51,27
EVT_750_0029110,BEAR_SLOT_2,2022-12-16,09:59:00,JSWSTEEL_387,NIFTY_FIN_SERVICE,BEAR,4,3.25,0.922,-0.6,960.0,954.72,5.28,975.84,986.4,1012.8,1034.55,14.12,7.483,39.51,29
EVT_750_0029211,BEAR_SLOT_2,2022-12-20,09:39:00,INFY_729,NIFTY_REALTY,BEAR,5,4.14,0.962,-1.78,1890.0,1879.61,10.39,1921.17,1941.95,1993.9,1951.61,5.93,4.535,47.12,33
EVT_750_0029334,BEAR_SLOT_2,2022-12-22,09:51:00,SIEMENS_163,NIFTY_METAL,BEAR,3,3.07,0.837,-2.47,6700.0,6663.15,36.85,6810.55,6884.25,7068.5,7212.95,13.92,7.411,273.1,62
EVT_750_0029394,NEUTRAL_SLOT_1,2023-07-03,09:45:00,M&M_252,NIFTY_CONSUMPTION,NEUTRAL,5,3.76,0.964,-2.46,2820.0,2804.49,15.51,2866.53,2897.55,2975.1,2894.29,4.79,3.716,57.64,52
EVT_750_0029532,NEUTRAL_SLOT_1,2023-07-06,10:15:00,BHEL_222,NIFTY_MEDIA,NEUTRAL,3,4.62,0.947,-0.76,270.0,268.5,1.5,274.5,277.5,285.0,286.21,10.81,6.292,9.44,53
EVT_750_0029684,NEUTRAL_SLOT_1,2023-07-10,09:23:00,KAYNES,NIFTY_IT,NEUTRAL,4,4.9,0.952,-0.56,5200.0,5171.4,28.6,5285.8,5343.0,5486.0,5454.54,8.9,5.604,160.27,53
EVT_750_0029856,NEUTRAL_SLOT_1,2023-07-12,10:08:00,PFC_670,NIFTY_ENERGY,NEUTRAL,5,5.37,0.882,-1.88,385.0,382.88,2.12,391.36,395.6,406.2,415.42,14.35,7.566,16.04,51
EVT_750_0029870,NEUTRAL_SLOT_1,2023-07-12,10:09:00,APOLLOHOSP,NIFTY_PHARMA,NEUTRAL,4,3.14,0.937,-0.68,6800.0,6762.6,37.4,6912.2,6987.0,7174.0,7074.89,7.35,5.046,188.72,55
EVT_750_0029977,NEUTRAL_SLOT_1,2023-07-14,09:22:00,HINDUNILVR_274,NIFTY_ENERGY,NEUTRAL,6,4.87,0.826,-2.47,2690.0,2675.21,14.79,2734.37,2763.95,2837.9,2822.22,8.94,5.618,83.09,16
EVT_750_0029989,NEUTRAL_SLOT_1,2023-07-14,10:08:00,INOWIND,NIFTY_IT,NEUTRAL,3,3.92,0.821,-1.18,215.0,213.5,1.5,219.5,222.5,230.0,226.64,7.76,5.194,7.79,25
EVT_750_0029995,NEUTRAL_SLOT_1,2023-07-14,09:24:00,CROMPTON_350,NIFTY_BANK,NEUTRAL,3,4.22,0.85,-0.99,410.0,407.75,2.25,416.75,421.25,432.5,435.74,11.44,6.518,14.67,28
EVT_750_0029998,NEUTRAL_SLOT_1,2023-07-14,09:44:00,SIEMENS_523,NIFTY_METAL,NEUTRAL,5,4.64,0.947,-1.42,6700.0,6663.15,36.85,6810.55,6884.25,7068.5,7141.09,11.97,6.709,247.23,40
EVT_750_0030021,NEUTRAL_SLOT_1,2023-07-17,09:42:00,BAJFINANCE_737,NIFTY_IT,NEUTRAL,4,4.83,0.864,-2.27,7150.0,7110.68,39.32,7267.96,7346.6,7543.2,7297.84,3.76,3.304,129.91,42
EVT_750_0030196,NEUTRAL_SLOT_1,2023-07-20,09:54:00,ALKEM_185,NIFTY_IT,NEUTRAL,6,3.24,0.856,-2.45,5600.0,5569.2,30.8,5692.4,5754.0,5908.0,5695.48,3.1,3.04,93.63,49
EVT_750_0030210,NEUTRAL_SLOT_1,2023-07-20,10:03:00,COFORGE_480,NIFTY_CONSUMPTION,NEUTRAL,5,3.41,0.908,-0.8,7200.0,7160.4,39.6,7318.8,7398.0,7596.0,7568.28,9.3,5.748,227.62,20
EVT_750_0030236,NEUTRAL_SLOT_1,2023-07-20,09:49:00,SHRIRAMFIN_429,NIFTY_REALTY,NEUTRAL,4,4.08,0.942,-1.56,3150.0,3132.68,17.32,3201.96,3236.6,3323.2,3346.41,11.34,6.482,112.27,48
EVT_750_0030350,NEUTRAL_SLOT_1,2023-07-24,09:20:00,ASIANPAINT,NIFTY_IT,NEUTRAL,6,4.4,0.839,-1.34,3150.0,3132.68,17.32,3201.96,3236.6,3323.2,3237.47,5.05,4.218,73.06,72
EVT_750_0030394,NEUTRAL_SLOT_1,2023-07-24,09:40:00,TATAMOTORS,NIFTY_INFRA,NEUTRAL,4,3.4,0.904,-0.76,985.0,979.58,5.42,1001.26,1012.1,1039.2,1057.74,13.42,7.231,39.19,15
EVT_750_0030532,NEUTRAL_SLOT_1,2023-07-27,09:28:00,HINDALCO,NIFTY_AUTO,NEUTRAL,4,3.34,0.94,-1.66,665.0,661.34,3.66,675.98,683.3,701.6,680.55,4.25,3.5,12.81,50
EVT_750_0030586,NEUTRAL_SLOT_1,2023-07-28,10:12:00,NHPC_697,NIFTY_AUTO,NEUTRAL,4,4.6,0.858,-1.69,88.0,86.5,1.5,92.5,95.5,103.0,97.24,6.16,4.618,6.93,23
EVT_750_0030602,NEUTRAL_SLOT_1,2023-07-28,10:04:00,VEDL_748,NIFTY_FMCG,NEUTRAL,3,5.49,0.837,-0.54,460.0,457.47,2.53,467.59,472.65,485.3,471.74,4.64,3.656,9.25,86
EVT_750_0030611,NEUTRAL_SLOT_1,2023-07-28,10:01:00,ADANIPORTS_620,NIFTY_PHARMA,NEUTRAL,3,5.34,0.95,-0.71,1420.0,1412.19,7.81,1443.43,1459.05,1498.1,1443.12,2.96,1.184,9.25,65
EVT_750_0030760,NEUTRAL_SLOT_1,2023-08-01,09:22:00,VEDL_628,NIFTY_FMCG,NEUTRAL,5,4.86,0.848,-1.94,460.0,457.47,2.53,467.59,472.65,485.3,495.07,13.86,7.39,18.7,18
EVT_750_0030847,NEUTRAL_SLOT_1,2023-08-03,10:09:00,NESTLEIND_275,NIFTY_INFRA,NEUTRAL,3,3.23,0.832,-1.77,2450.0,2436.53,13.47,2490.41,2517.35,2584.7,2516.14,4.91,3.764,50.7,86
EVT_750_0030862,NEUTRAL_SLOT_1,2023-08-03,10:15:00,TATAPOWER_332,NIFTY_PHARMA,NEUTRAL,3,5.11,0.928,-1.52,420.0,417.69,2.31,426.93,431.55,443.1,437.86,7.73,5.183,11.97,50
EVT_750_0030963,NEUTRAL_SLOT_1,2023-08-07,09:55:00,WIPRO_407,NIFTY_INFRA,NEUTRAL,6,3.03,0.907,-1.09,520.0,517.14,2.86,528.58,534.3,548.6,540.71,7.24,5.006,14.32,62
EVT_750_0030978,NEUTRAL_SLOT_1,2023-08-07,09:30:00,NHPC_217,NIFTY_AUTO,NEUTRAL,5,4.71,0.944,-2.23,88.0,86.5,1.5,92.5,95.5,103.0,94.51,4.34,3.536,5.3,81
EVT_750_0031016,NEUTRAL_SLOT_1,2023-08-08,09:51:00,TATASTEEL_506,NIFTY_BANK,NEUTRAL,4,5.14,0.95,-1.16,152.0,150.5,1.5,156.5,159.5,167.0,163.34,7.56,5.122,7.68,20
EVT_750_0031020,NEUTRAL_SLOT_1,2023-08-08,09:55:00,ASIANPAINT_401,NIFTY_IT,NEUTRAL,6,4.01,0.975,-1.7,3150.0,3132.68,17.32,3201.96,3236.6,3323.2,3205.08,3.18,3.072,53.21,76
EVT_750_0031064,NEUTRAL_SLOT_1,2023-08-08,09:48:00,ASIANPAINT_641,NIFTY_IT,NEUTRAL,5,4.35,0.846,-1.96,3150.0,3132.68,17.32,3201.96,3236.6,3323.2,3275.92,7.27,5.017,86.89,26
EVT_750_0031162,NEUTRAL_SLOT_1,2023-08-11,10:11:00,POLYCAB,NIFTY_FIN_SERVICE,NEUTRAL,3,3.15,0.911,-1.26,6250.0,6215.62,34.38,6353.14,6421.9,6593.8,6615.12,10.62,6.223,213.95,39
EVT_750_0031173,NEUTRAL_SLOT_1,2023-08-11,09:46:00,TORNTPOWER_576,NIFTY_CONSUMPTION,NEUTRAL,6,5.16,0.876,-1.51,1650.0,1640.93,9.07,1677.21,1695.35,1740.7,1680.75,3.39,3.156,28.62,106
EVT_750_0031192,NEUTRAL_SLOT_1,2023-08-11,09:51:00,CYIENT_355,NIFTY_METAL,NEUTRAL,4,3.52,0.915,-1.73,1850.0,1839.83,10.17,1880.51,1900.85,1951.7,1880.2,2.97,1.188,12.08,103
EVT_750_0031270,NEUTRAL_SLOT_1,2023-08-14,09:45:00,KALYANKJIL,NIFTY_IT,NEUTRAL,5,3.18,0.935,-1.56,680.0,676.26,3.74,691.22,698.7,717.4,699.0,5.08,4.229,15.82,77
EVT_750_0031408,NEUTRAL_SLOT_1,2023-08-16,09:58:00,DIXON_722,NIFTY_BANK,NEUTRAL,6,3.31,0.816,-1.94,12400.0,12331.8,68.2,12604.6,12741.0,13082.0,13257.96,12.58,6.929,472.56,62
EVT_750_0031443,NEUTRAL_SLOT_1,2023-08-17,10:04:00,JUBLFOOD_294,NIFTY_MEDIA,NEUTRAL,4,4.72,0.869,-1.06,580.0,576.81,3.19,589.57,595.95,611.9,588.45,2.65,1.06,3.38,96
EVT_750_0031636,NEUTRAL_SLOT_1,2023-08-22,10:11:00,INDIGO_535,NIFTY_METAL,NEUTRAL,4,4.27,0.912,-1.24,4500.0,4475.25,24.75,4574.25,4623.75,4747.5,4614.59,4.63,3.652,90.39,49
EVT_750_0031653,NEUTRAL_SLOT_1,2023-08-22,09:24:00,KAYNES_713,NIFTY_IT,NEUTRAL,3,4.43,0.911,-1.81,5200.0,5171.4,28.6,5285.8,5343.0,5486.0,5362.73,5.69,4.448,127.21,21
EVT_750_0031665,NEUTRAL_SLOT_1,2023-08-22,10:13:00,JUBLFOOD_414,NIFTY_MEDIA,NEUTRAL,4,4.42,0.9,-1.74,580.0,576.81,3.19,589.57,595.95,611.9,589.0,2.82,1.128,3.6,72
EVT_750_0031669,NEUTRAL_SLOT_1,2023-08-22,09:37:00,ITC_153,NIFTY_REALTY,NEUTRAL,4,3.57,0.839,-2.12,495.0,492.28,2.72,503.16,508.6,522.2,510.34,5.64,4.43,12.05,49
EVT_750_0031722,NEUTRAL_SLOT_1,2023-08-23,09:51:00,MOTILALOFS_331,NIFTY_METAL,NEUTRAL,3,3.43,0.965,-2.38,840.0,835.38,4.62,853.86,863.1,886.2,904.22,13.9,7.404,34.21,43
EVT_750_0031879,NEUTRAL_SLOT_1,2023-08-28,09:23:00,ADANIPOWER_574,NIFTY_ENERGY,NEUTRAL,4,3.97,0.896,-1.92,640.0,636.48,3.52,650.56,657.6,675.2,671.75,9.02,5.647,19.88,55
EVT_750_0031921,NEUTRAL_SLOT_1,2023-08-29,09:21:00,HDFCBANK_726,NIFTY_MEDIA,NEUTRAL,5,4.22,0.881,-0.89,1650.0,1640.93,9.07,1677.21,1695.35,1740.7,1716.94,7.38,5.057,45.87,54
EVT_750_0031990,NEUTRAL_SLOT_1,2023-08-30,09:28:00,CROMPTON,NIFTY_BANK,NEUTRAL,4,3.74,0.932,-1.97,410.0,407.75,2.25,416.75,421.25,432.5,417.49,3.33,3.132,7.05,114
EVT_750_0032110,NEUTRAL_SLOT_1,2023-09-01,09:56:00,ZYDUSLIFE_301,NIFTY_AUTO,NEUTRAL,5,3.38,0.947,-0.65,1050.0,1044.23,5.77,1067.31,1078.85,1107.7,1125.53,13.09,7.112,41.04,54
EVT_750_0032198,NEUTRAL_SLOT_1,2023-09-05,10:02:00,SWIGGY,NIFTY_FIN_SERVICE,NEUTRAL,6,4.81,0.82,-0.9,420.0,417.69,2.31,426.93,431.55,443.1,452.41,14.03,7.451,17.21,43
EVT_750_0032204,NEUTRAL_SLOT_1,2023-09-05,09:52:00,INDIGO,NIFTY_METAL,NEUTRAL,4,4.18,0.928,-0.82,4500.0,4475.25,24.75,4574.25,4623.75,4747.5,4569.05,2.79,1.116,27.62,108
EVT_750_0032242,NEUTRAL_SLOT_1,2023-09-05,09:34:00,FORTIS_298,NIFTY_ENERGY,NEUTRAL,3,3.53,0.847,-0.93,520.0,517.14,2.86,528.58,534.3,548.6,550.17,10.55,6.198,17.73,18
EVT_750_0032309,NEUTRAL_SLOT_1,2023-09-07,09:18:00,DMART_172,NIFTY_FMCG,NEUTRAL,3,5.18,0.821,-0.7,4700.0,4674.15,25.85,4777.55,4829.25,4958.5,5022.61,12.48,6.893,178.18,52
EVT_750_0032326,NEUTRAL_SLOT_1,2023-09-07,09:55:00,ONGC,NIFTY_CONSUMPTION,NEUTRAL,4,5.16,0.941,-1.58,295.0,293.38,1.62,299.86,303.1,311.2,312.82,11.0,6.36,10.3,58
EVT_750_0032574,NEUTRAL_SLOT_1,2023-09-12,09:53:00,BHARTIARTL_244,NIFTY_FMCG,NEUTRAL,4,3.57,0.851,-1.25,1560.0,1551.42,8.58,1585.74,1602.9,1645.8,1670.25,12.85,7.026,60.28,29
EVT_750_0032589,NEUTRAL_SLOT_1,2023-09-12,09:31:00,ADANIGREEN_573,NIFTY_REALTY,NEUTRAL,5,3.12,0.855,-1.34,1820.0,1809.99,10.01,1850.03,1870.05,1920.1,1932.81,11.27,6.457,64.63,59
EVT_750_0032739,NEUTRAL_SLOT_1,2023-09-14,09:57:00,KAYNES_473,NIFTY_IT,NEUTRAL,6,3.56,0.919,-2.19,5200.0,5171.4,28.6,5285.8,5343.0,5486.0,5490.0,10.14,6.05,173.03,22
EVT_750_0032796,NEUTRAL_SLOT_1,2023-09-18,10:00:00,M&M_372,NIFTY_CONSUMPTION,NEUTRAL,6,4.79,0.946,-0.66,2820.0,2804.49,15.51,2866.53,2897.55,2975.1,3014.81,12.56,6.922,107.36,38
EVT_750_0032825,NEUTRAL_SLOT_1,2023-09-18,09:31:00,TATASTEEL_386,NIFTY_BANK,NEUTRAL,4,3.52,0.85,-1.28,152.0,150.5,1.5,156.5,159.5,167.0,172.09,13.39,7.22,10.83,21
EVT_750_0033081,NEUTRAL_SLOT_1,2023-09-22,09:58:00,TATAPOWER_212,NIFTY_PHARMA,NEUTRAL,3,5.22,0.905,-2.38,420.0,417.69,2.31,426.93,431.55,443.1,446.33,11.4,6.504,15.02,42
EVT_750_0033110,NEUTRAL_SLOT_1,2023-09-25,09:58:00,KALYANKJIL,NIFTY_IT,NEUTRAL,5,3.25,0.869,-1.0,680.0,676.26,3.74,691.22,698.7,717.4,720.99,10.96,6.346,23.73,37
EVT_750_0033147,NEUTRAL_SLOT_1,2023-09-25,09:29:00,BANDHANBNK_202,NIFTY_ENERGY,NEUTRAL,6,3.97,0.926,-1.8,190.0,188.5,1.5,194.5,197.5,205.0,199.45,6.3,4.668,7.0,44
EVT_750_0033155,NEUTRAL_SLOT_1,2023-09-26,09:47:00,DMART_412,NIFTY_FMCG,NEUTRAL,4,5.17,0.802,-0.97,4700.0,4674.15,25.85,4777.55,4829.25,4958.5,4824.34,4.81,3.724,96.27,68
EVT_750_0033265,NEUTRAL_SLOT_1,2023-09-27,09:52:00,INDUSINDBK_443,NIFTY_INFRA,NEUTRAL,6,4.65,0.972,-1.49,1420.0,1412.19,7.81,1443.43,1459.05,1498.1,1489.51,8.9,5.604,43.77,52
EVT_750_0033350,NEUTRAL_SLOT_1,2023-09-29,09:50:00,CESC_219,NIFTY_FIN_SERVICE,NEUTRAL,5,4.8,0.927,-2.34,185.0,183.5,1.5,189.5,192.5,200.0,203.41,12.27,6.817,10.23,32
EVT_750_0033361,NEUTRAL_SLOT_1,2023-09-29,10:03:00,AMBER_472,NIFTY_FMCG,NEUTRAL,4,3.34,0.945,-2.43,4850.0,4823.33,26.67,4930.01,4983.35,5116.7,5099.9,9.37,5.773,153.97,44
EVT_750_0033431,NEUTRAL_SLOT_1,2023-10-02,09:41:00,SYRMA_354,NIFTY_MEDIA,NEUTRAL,6,3.33,0.893,-1.57,480.0,477.36,2.64,487.92,493.2,506.4,487.76,2.94,1.176,3.1,91
EVT_750_0033432,NEUTRAL_SLOT_1,2023-10-02,09:33:00,CYIENT_475,NIFTY_METAL,NEUTRAL,3,5.09,0.818,-2.25,1850.0,1839.83,10.17,1880.51,1900.85,1951.7,1930.34,7.9,5.244,53.33,64
EVT_750_0033445,NEUTRAL_SLOT_1,2023-10-03,09:31:00,APOLLOHOSP_416,NIFTY_PHARMA,NEUTRAL,6,3.97,0.853,-1.96,6800.0,6762.6,37.4,6912.2,6987.0,7174.0,7247.68,11.97,6.709,250.92,39
EVT_750_0033567,NEUTRAL_SLOT_1,2023-10-05,09:44:00,PERSISTENT_408,NIFTY_CONSUMPTION,NEUTRAL,6,4.7,0.868,-2.21,5100.0,5071.95,28.05,5184.15,5240.25,5380.5,5423.7,11.54,6.554,183.84,20
EVT_750_0033591,NEUTRAL_SLOT_1,2023-10-05,10:15:00,BRITANNIA_756,NIFTY_CONSUMPTION,NEUTRAL,6,4.88,0.824,-2.5,5800.0,5768.1,31.9,5895.7,5959.5,6119.0,6129.53,10.33,6.119,195.2,52
EVT_750_0033636,NEUTRAL_SLOT_1,2023-10-06,09:40:00,CUMMINSIND_226,NIFTY_ENERGY,NEUTRAL,4,3.74,0.897,-1.29,3650.0,3629.93,20.07,3710.21,3750.35,3850.7,3844.08,9.67,5.881,118.03,60
EVT_750_0033711,NEUTRAL_SLOT_1,2023-10-09,09:47:00,IREDA_192,NIFTY_CONSUMPTION,NEUTRAL,6,4.23,0.913,-1.56,195.0,193.5,1.5,199.5,202.5,210.0,212.37,11.58,6.569,9.85,51
EVT_750_0033722,NEUTRAL_SLOT_1,2023-10-10,09:55:00,ANGELONE_689,NIFTY_IT,NEUTRAL,6,3.62,0.921,-1.0,2600.0,2585.7,14.3,2642.9,2671.5,2743.0,2671.64,5.01,4.204,60.12,28
EVT_750_0033816,NEUTRAL_SLOT_1,2023-10-11,09:55:00,MARUTI_373,NIFTY_AUTO,NEUTRAL,5,4.09,0.806,-0.61,984.0,978.59,5.41,1000.23,1011.05,1038.1,1022.3,7.08,4.949,26.77,44
EVT_750_0033942,NEUTRAL_SLOT_1,2023-10-13,10:15:00,PIDILITIND_642,NIFTY_MEDIA,NEUTRAL,5,4.16,0.913,-2.39,3050.0,3033.23,16.77,3100.31,3133.85,3217.7,3161.35,6.64,4.79,80.33,25
EVT_750_0033981,NEUTRAL_SLOT_1,2023-10-16,09:52:00,KALPATPOWR_585,NIFTY_REALTY,NEUTRAL,6,4.72,0.969,-1.0,1280.0,1272.96,7.04,1301.12,1315.2,1350.4,1370.75,12.89,7.04,49.56,63
EVT_750_0033994,NEUTRAL_SLOT_1,2023-10-16,09:39:00,WIPRO_407,NIFTY_INFRA,NEUTRAL,4,4.52,0.889,-1.27,520.0,517.14,2.86,528.58,534.3,548.6,553.18,11.6,6.576,18.81,27
EVT_750_0034159,NEUTRAL_SLOT_1,2023-10-19,09:30:00,M&M_252,NIFTY_CONSUMPTION,NEUTRAL,4,3.5,0.843,-0.96,2820.0,2804.49,15.51,2866.53,2897.55,2975.1,2971.84,9.79,5.924,91.88,42
EVT_750_0034258,NEUTRAL_SLOT_1,2023-10-23,10:11:00,COALINDIA_623,NIFTY_INFRA,NEUTRAL,5,5.25,0.936,-1.57,485.0,482.33,2.67,493.01,498.35,511.7,515.87,11.56,6.562,17.52,20
EVT_750_0034278,NEUTRAL_SLOT_1,2023-10-23,09:44:00,HDFCBANK_486,NIFTY_MEDIA,NEUTRAL,3,3.55,0.929,-1.76,1650.0,1640.93,9.07,1677.21,1695.35,1740.7,1686.37,4.01,3.404,30.87,114
EVT_750_0034298,NEUTRAL_SLOT_1,2023-10-23,10:03:00,ANGELONE_329,NIFTY_IT,NEUTRAL,3,4.77,0.825,-0.86,2600.0,2585.7,14.3,2642.9,2671.5,2743.0,2697.95,6.85,4.866,69.58,49
EVT_750_0034421,NEUTRAL_SLOT_1,2023-10-25,09:30:00,TATASTEEL_146,NIFTY_BANK,NEUTRAL,3,4.25,0.976,-1.83,152.0,150.5,1.5,156.5,159.5,167.0,156.19,2.79,1.116,1.67,25
EVT_750_0034436,NEUTRAL_SLOT_1,2023-10-25,09:28:00,MUTHOOTFIN_547,NIFTY_METAL,NEUTRAL,4,4.76,0.867,-1.59,1850.0,1839.83,10.17,1880.51,1900.85,1951.7,1892.92,4.22,3.488,35.47,82
EVT_750_0034532,NEUTRAL_SLOT_1,2023-10-27,09:18:00,KOTAKBANK_564,NIFTY_CONSUMPTION,NEUTRAL,4,4.02,0.971,-0.85,1780.0,1770.21,9.79,1809.37,1828.95,1877.9,1810.15,3.08,3.032,29.68,109
EVT_750_0034794,NEUTRAL_SLOT_1,2023-11-02,10:05:00,INDUSINDBK,NIFTY_INFRA,NEUTRAL,4,5.16,0.941,-0.52,1420.0,1412.19,7.81,1443.43,1459.05,1498.1,1446.79,3.43,3.172,24.77,90
EVT_750_0034795,NEUTRAL_SLOT_1,2023-11-02,09:28:00,BHEL_462,NIFTY_MEDIA,NEUTRAL,5,4.96,0.883,-0.68,270.0,268.5,1.5,274.5,277.5,285.0,281.93,7.95,5.262,7.89,47
EVT_750_0034839,NEUTRAL_SLOT_1,2023-11-03,10:03:00,TITAN_520,NIFTY_FMCG,NEUTRAL,3,4.83,0.812,-0.71,3420.0,3401.19,18.81,3476.43,3514.05,3608.1,3665.47,13.05,7.098,133.51,17
EVT_750_0034959,NEUTRAL_SLOT_1,2023-11-06,09:25:00,TATASTEEL_746,NIFTY_BANK,NEUTRAL,5,3.1,0.838,-2.03,152.0,150.5,1.5,156.5,159.5,167.0,156.38,2.92,1.168,1.75,41
EVT_750_0034969,NEUTRAL_SLOT_1,2023-11-06,10:12:00,BHEL_342,NIFTY_MEDIA,NEUTRAL,6,4.16,0.865,-0.97,270.0,268.5,1.5,274.5,277.5,285.0,275.18,3.45,3.18,4.77,90
EVT_750_0035182,NEUTRAL_SLOT_1,2023-11-10,09:40:00,INDUSINDBK,NIFTY_INFRA,NEUTRAL,4,4.47,0.82,-1.42,1420.0,1412.19,7.81,1443.43,1459.05,1498.1,1531.68,14.3,7.548,58.95,59
EVT_750_0035289,NEUTRAL_SLOT_1,2023-11-14,09:45:00,PIDILITIND_522,NIFTY_MEDIA,NEUTRAL,3,5.21,0.949,-2.38,3050.0,3033.23,16.77,3100.31,3133.85,3217.7,3276.39,13.5,7.26,121.75,51
EVT_750_0035303,NEUTRAL_SLOT_1,2023-11-14,09:52:00,BEL_398,NIFTY_BANK,NEUTRAL,4,3.06,0.874,-0.56,295.0,293.38,1.62,299.86,303.1,311.2,299.88,3.01,3.004,4.87,72
EVT_750_0035322,NEUTRAL_SLOT_1,2023-11-14,10:07:00,ABB_164,NIFTY_PHARMA,NEUTRAL,6,4.81,0.916,-2.01,7800.0,7757.1,42.9,7928.7,8014.5,8229.0,8016.64,5.05,4.218,180.95,25
EVT_750_0035485,NEUTRAL_SLOT_1,2023-11-17,09:18:00,DIXON_242,NIFTY_BANK,NEUTRAL,6,5.3,0.806,-0.66,12400.0,12331.8,68.2,12604.6,12741.0,13082.0,12719.18,4.68,3.672,250.43,64
EVT_750_0035533,NEUTRAL_SLOT_1,2023-11-20,10:15:00,VEDL_748,NIFTY_FMCG,NEUTRAL,4,3.0,0.907,-1.78,460.0,457.47,2.53,467.59,472.65,485.3,481.88,8.65,5.514,13.95,40
EVT_750_0035614,NEUTRAL_SLOT_1,2023-11-22,09:40:00,KPITTECH,NIFTY_PHARMA,NEUTRAL,3,3.72,0.901,-1.82,1650.0,1640.93,9.07,1677.21,1695.35,1740.7,1704.6,6.02,4.567,41.42,65
EVT_750_0035712,NEUTRAL_SLOT_1,2023-11-23,10:06:00,VOLTAS_467,NIFTY_INFRA,NEUTRAL,6,4.48,0.813,-2.3,1680.0,1670.76,9.24,1707.72,1726.2,1772.4,1735.81,6.04,4.574,42.26,46
EVT_750_0035729,NEUTRAL_SLOT_1,2023-11-23,09:39:00,CUMMINSIND_346,NIFTY_ENERGY,NEUTRAL,5,5.12,0.871,-2.3,3650.0,3629.93,20.07,3710.21,3750.35,3850.7,3922.95,13.6,7.296,146.43,47
EVT_750_0035867,NEUTRAL_SLOT_1,2023-11-28,10:00:00,PRESTIGE,NIFTY_PHARMA,NEUTRAL,3,4.25,0.857,-2.24,1720.0,1710.54,9.46,1748.38,1767.3,1814.6,1762.95,4.54,3.616,34.21,108
EVT_750_0035868,NEUTRAL_SLOT_1,2023-11-28,09:36:00,KOTAKBANK_204,NIFTY_CONSUMPTION,NEUTRAL,4,4.07,0.88,-1.95,1780.0,1770.21,9.79,1809.37,1828.95,1877.9,1823.08,4.4,3.56,34.85,107
EVT_750_0035903,NEUTRAL_SLOT_1,2023-11-28,09:54:00,ITC_633,NIFTY_REALTY,NEUTRAL,5,5.46,0.971,-0.9,495.0,492.28,2.72,503.16,508.6,522.2,507.62,4.64,3.656,9.94,42
EVT_750_0035912,NEUTRAL_SLOT_1,2023-11-28,09:59:00,RECLTD_431,NIFTY_INFRA,NEUTRAL,4,4.57,0.949,-2.45,480.0,477.36,2.64,487.92,493.2,506.4,508.49,10.79,6.284,16.59,33
EVT_750_0036015,NEUTRAL_SLOT_1,2023-11-30,09:42:00,ALKEM_545,NIFTY_IT,NEUTRAL,6,5.06,0.838,-2.22,5600.0,5569.2,30.8,5692.4,5754.0,5908.0,5951.12,11.4,6.504,200.32,15
EVT_750_0036062,NEUTRAL_SLOT_1,2023-12-01,09:38:00,THERMAX_703,NIFTY_METAL,NEUTRAL,3,3.33,0.966,-2.03,4850.0,4823.33,26.67,4930.01,4983.35,5116.7,4938.28,3.31,3.124,83.32,63
EVT_750_0036104,NEUTRAL_SLOT_1,2023-12-01,10:04:00,GODREJPROP_510,NIFTY_MEDIA,NEUTRAL,3,5.07,0.876,-1.3,3100.0,3082.95,17.05,3151.15,3185.25,3270.5,3273.23,10.16,6.058,103.29,18
EVT_750_0036167,NEUTRAL_SLOT_1,2023-12-04,09:18:00,BAJFINANCE_497,NIFTY_IT,NEUTRAL,5,4.05,0.847,-1.8,7150.0,7110.68,39.32,7267.96,7346.6,7543.2,7321.83,4.37,3.548,139.51,66
EVT_750_0036274,NEUTRAL_SLOT_1,2023-12-06,09:35:00,JSWSTEEL_747,NIFTY_FIN_SERVICE,NEUTRAL,3,4.51,0.867,-2.32,960.0,954.72,5.28,975.84,986.4,1012.8,981.7,4.11,3.444,18.18,42
EVT_750_0036358,NEUTRAL_SLOT_1,2023-12-08,10:15:00,BAJFINANCE,NIFTY_IT,NEUTRAL,4,3.98,0.926,-2.1,7150.0,7110.68,39.32,7267.96,7346.6,7543.2,7707.56,14.18,7.505,295.1,64
EVT_750_0036375,NEUTRAL_SLOT_1,2023-12-08,09:28:00,ZOMATO_650,NIFTY_BANK,NEUTRAL,6,4.09,0.821,-1.51,265.0,263.5,1.5,269.5,272.5,280.0,276.32,7.55,5.118,7.68,31
EVT_750_0036404,NEUTRAL_SLOT_1,2023-12-08,09:23:00,CROMPTON_590,NIFTY_BANK,NEUTRAL,5,5.21,0.916,-1.28,410.0,407.75,2.25,416.75,421.25,432.5,416.71,2.98,1.192,2.68,26
EVT_750_0036407,NEUTRAL_SLOT_1,2023-12-08,09:59:00,ICICIBANK_127,NIFTY_METAL,NEUTRAL,5,5.5,0.916,-1.68,1220.0,1213.29,6.71,1240.13,1253.55,1287.1,1248.18,4.2,3.48,23.35,97
EVT_750_0036445,NEUTRAL_SLOT_1,2023-12-11,09:42:00,KALPATPOWR_705,NIFTY_REALTY,NEUTRAL,3,3.23,0.812,-1.27,1280.0,1272.96,7.04,1301.12,1315.2,1350.4,1380.88,14.33,7.559,53.22,36
EVT_750_0036501,NEUTRAL_SLOT_1,2023-12-12,09:20:00,ICICIBANK_607,NIFTY_METAL,NEUTRAL,4,3.19,0.836,-0.65,1220.0,1213.29,6.71,1240.13,1253.55,1287.1,1287.64,10.08,6.029,40.45,54
EVT_750_0036561,NEUTRAL_SLOT_1,2023-12-13,09:45:00,SWIGGY_651,NIFTY_FIN_SERVICE,NEUTRAL,3,4.78,0.96,-2.24,420.0,417.69,2.31,426.93,431.55,443.1,428.66,3.75,3.3,7.62,60
EVT_750_0036590,NEUTRAL_SLOT_1,2023-12-14,10:08:00,SBIN_728,NIFTY_PHARMA,NEUTRAL,4,4.26,0.952,-1.88,825.0,820.46,4.54,838.62,847.7,870.4,858.32,7.34,5.042,22.89,26
EVT_750_0036612,NEUTRAL_SLOT_1,2023-12-14,09:36:00,TATAPOWER_332,NIFTY_PHARMA,NEUTRAL,6,4.03,0.926,-0.83,420.0,417.69,2.31,426.93,431.55,443.1,439.8,8.57,5.485,12.67,49
EVT_750_0036666,NEUTRAL_SLOT_1,2023-12-15,10:08:00,LUPIN_299,NIFTY_INFRA,NEUTRAL,4,3.93,0.888,-1.99,2150.0,2138.18,11.82,2185.46,2209.1,2268.2,2249.17,8.39,5.42,64.06,51
EVT_750_0036733,NEUTRAL_SLOT_1,2023-12-18,09:23:00,KPITTECH_476,NIFTY_PHARMA,NEUTRAL,5,4.23,0.855,-2.43,1650.0,1640.93,9.07,1677.21,1695.35,1740.7,1689.73,4.38,3.552,32.22,84
EVT_750_0036740,NEUTRAL_SLOT_1,2023-12-18,09:43:00,HINDUNILVR_754,NIFTY_ENERGY,NEUTRAL,3,4.12,0.851,-1.77,2690.0,2675.21,14.79,2734.37,2763.95,2837.9,2812.31,8.27,5.377,79.53,30
EVT_750_0036749,NEUTRAL_SLOT_1,2023-12-18,09:43:00,KEC_464,NIFTY_PHARMA,NEUTRAL,6,3.26,0.821,-1.58,920.0,914.94,5.06,935.18,945.3,970.6,942.62,4.47,3.588,18.16,26
EVT_750_0036894,NEUTRAL_SLOT_1,2023-12-21,10:07:00,JSWSTEEL_147,NIFTY_FIN_SERVICE,NEUTRAL,3,5.42,0.809,-1.32,960.0,954.72,5.28,975.84,986.4,1012.8,984.97,4.73,3.692,19.49,40
EVT_750_0036912,NEUTRAL_SLOT_1,2023-12-22,09:30:00,LUPIN_659,NIFTY_INFRA,NEUTRAL,3,3.63,0.887,-1.38,2150.0,2138.18,11.82,2185.46,2209.1,2268.2,2179.55,2.5,1.0,11.82,82
EVT_750_0036993,NEUTRAL_SLOT_2,2025-01-01,09:58:00,HINDALCO_265,NIFTY_AUTO,NEUTRAL,5,4.7,0.825,-0.93,665.0,661.34,3.66,675.98,683.3,701.6,675.83,2.96,1.184,4.33,112
EVT_750_0037058,NEUTRAL_SLOT_2,2025-01-02,09:31:00,HUDCO_313,NIFTY_AUTO,NEUTRAL,6,4.66,0.93,-0.68,220.0,218.5,1.5,224.5,227.5,235.0,236.23,10.82,6.295,9.44,63
EVT_750_0037089,NEUTRAL_SLOT_2,2025-01-03,09:52:00,VEDL_508,NIFTY_FMCG,NEUTRAL,6,4.51,0.875,-2.14,460.0,457.47,2.53,467.59,472.65,485.3,471.79,4.66,3.664,9.27,62
EVT_750_0037201,NEUTRAL_SLOT_2,2025-01-07,09:25:00,INOWIND_581,NIFTY_IT,NEUTRAL,6,3.48,0.955,-1.54,215.0,213.5,1.5,219.5,222.5,230.0,232.17,11.45,6.522,9.78,46
EVT_750_0037291,NEUTRAL_SLOT_2,2025-01-08,09:59:00,SHRIRAMFIN_429,NIFTY_REALTY,NEUTRAL,3,5.21,0.914,-0.87,3150.0,3132.68,17.32,3201.96,3236.6,3323.2,3265.0,6.64,4.79,82.96,26
EVT_750_0037366,NEUTRAL_SLOT_2,2025-01-10,09:32:00,TCS_370,NIFTY_ENERGY,NEUTRAL,5,4.17,0.818,-1.23,4280.0,4256.46,23.54,4350.62,4397.7,4515.4,4389.23,4.64,3.656,86.06,85
EVT_750_0037415,NEUTRAL_SLOT_2,2025-01-13,09:51:00,PERSISTENT_408,NIFTY_CONSUMPTION,NEUTRAL,6,3.16,0.943,-2.14,5100.0,5071.95,28.05,5184.15,5240.25,5380.5,5307.57,7.4,5.064,142.05,22
EVT_750_0037486,NEUTRAL_SLOT_2,2025-01-14,10:13:00,FORTIS_298,NIFTY_ENERGY,NEUTRAL,3,3.76,0.94,-1.07,520.0,517.14,2.86,528.58,534.3,548.6,528.75,3.06,3.024,8.65,36
EVT_750_0037556,NEUTRAL_SLOT_2,2025-01-15,09:55:00,LTTS_598,NIFTY_ENERGY,NEUTRAL,5,3.19,0.876,-1.98,5400.0,5370.3,29.7,5489.1,5548.5,5697.0,5628.99,7.71,5.176,153.73,54
EVT_750_0037564,NEUTRAL_SLOT_2,2025-01-15,09:21:00,ASIANPAINT_521,NIFTY_IT,NEUTRAL,4,4.02,0.864,-1.51,3150.0,3132.68,17.32,3201.96,3236.6,3323.2,3342.94,11.14,6.41,111.02,49
EVT_750_0037589,NEUTRAL_SLOT_2,2025-01-15,09:24:00,CDSL_447,NIFTY_FIN_SERVICE,NEUTRAL,4,4.47,0.914,-0.91,1480.0,1471.86,8.14,1504.42,1520.7,1561.4,1518.1,4.68,3.672,29.89,45
EVT_750_0037601,NEUTRAL_SLOT_2,2025-01-16,09:57:00,GODREJPROP_630,NIFTY_MEDIA,NEUTRAL,3,3.99,0.908,-1.32,3100.0,3082.95,17.05,3151.15,3185.25,3270.5,3344.5,14.34,7.562,128.93,59
EVT_750_0037655,NEUTRAL_SLOT_2,2025-01-17,09:48:00,ITC_273,NIFTY_REALTY,NEUTRAL,3,3.35,0.906,-1.44,495.0,492.28,2.72,503.16,508.6,522.2,530.85,13.18,7.145,19.43,55
EVT_750_0037694,NEUTRAL_SLOT_2,2025-01-17,09:42:00,APOLLOHOSP,NIFTY_PHARMA,NEUTRAL,6,3.86,0.976,-2.06,6800.0,6762.6,37.4,6912.2,6987.0,7174.0,7318.36,13.86,7.39,276.39,34
EVT_750_0037733,NEUTRAL_SLOT_2,2025-01-20,09:22:00,AUBANK_321,NIFTY_REALTY,NEUTRAL,3,4.92,0.896,-0.8,620.0,616.59,3.41,630.23,637.05,654.1,636.2,4.75,3.7,12.62,48
EVT_750_0037758,NEUTRAL_SLOT_2,2025-01-20,09:21:00,KEC_344,NIFTY_PHARMA,NEUTRAL,3,4.08,0.877,-1.03,920.0,914.94,5.06,935.18,945.3,970.6,983.3,12.51,6.904,34.93,26
EVT_750_0037777,NEUTRAL_SLOT_2,2025-01-20,10:08:00,DIXON_711,NIFTY_FIN_SERVICE,NEUTRAL,3,3.11,0.835,-1.85,12400.0,12331.8,68.2,12604.6,12741.0,13082.0,13110.64,10.42,6.151,419.5,49
EVT_750_0037797,NEUTRAL_SLOT_2,2025-01-21,10:08:00,BHARTIARTL_604,NIFTY_FMCG,NEUTRAL,5,4.42,0.932,-1.57,1560.0,1551.42,8.58,1585.74,1602.9,1645.8,1589.26,3.41,3.164,27.15,70
EVT_750_0037816,NEUTRAL_SLOT_2,2025-01-21,09:39:00,BLUESTARCO_468,NIFTY_CONSUMPTION,NEUTRAL,5,5.03,0.848,-2.06,1750.0,1740.38,9.62,1778.86,1798.1,1846.2,1794.35,4.61,3.644,35.06,93
EVT_750_0037829,NEUTRAL_SLOT_2,2025-01-21,09:45:00,TATAPOWER_692,NIFTY_PHARMA,NEUTRAL,5,5.21,0.952,-1.9,420.0,417.69,2.31,426.93,431.55,443.1,433.4,5.8,4.488,10.37,17
EVT_750_0037995,NEUTRAL_SLOT_2,2025-01-24,09:20:00,SJVN_338,NIFTY_BANK,NEUTRAL,3,3.2,0.83,-1.05,115.0,113.5,1.5,119.5,122.5,130.0,121.25,4.17,3.468,5.2,64
EVT_750_0038011,NEUTRAL_SLOT_2,2025-01-24,09:43:00,OBEROIRLTY_631,NIFTY_METAL,NEUTRAL,5,5.2,0.856,-2.24,1780.0,1770.21,9.79,1809.37,1828.95,1877.9,1904.24,12.69,6.968,68.22,24
EVT_750_0038044,NEUTRAL_SLOT_2,2025-01-27,10:14:00,SWIGGY,NIFTY_FIN_SERVICE,NEUTRAL,5,4.67,0.926,-1.37,420.0,417.69,2.31,426.93,431.55,443.1,429.26,4.01,3.404,7.86,117
EVT_750_0038127,NEUTRAL_SLOT_2,2025-01-28,10:02:00,ALKEM_185,NIFTY_IT,NEUTRAL,3,5.44,0.944,-2.19,5600.0,5569.2,30.8,5692.4,5754.0,5908.0,5719.5,3.88,3.352,103.24,93
EVT_750_0038196,NEUTRAL_SLOT_2,2025-01-29,10:11:00,ASIANPAINT_521,NIFTY_IT,NEUTRAL,3,4.72,0.944,-1.35,3150.0,3132.68,17.32,3201.96,3236.6,3323.2,3253.23,5.96,4.546,78.74,32
EVT_750_0038206,NEUTRAL_SLOT_2,2025-01-29,10:14:00,SUZLON_580,NIFTY_FMCG,NEUTRAL,6,5.07,0.911,-0.87,75.0,73.5,1.5,79.5,82.5,90.0,86.32,7.55,5.118,7.68,53
EVT_750_0038260,NEUTRAL_SLOT_2,2025-01-30,09:45:00,CESC_699,NIFTY_FIN_SERVICE,NEUTRAL,3,5.42,0.874,-0.71,185.0,183.5,1.5,189.5,192.5,200.0,189.47,2.98,1.192,1.79,63
EVT_750_0038302,NEUTRAL_SLOT_2,2025-01-30,10:06:00,YESBANK_565,NIFTY_AUTO,NEUTRAL,5,3.7,0.861,-2.5,22.0,20.5,1.5,26.5,29.5,37.0,32.02,6.68,4.805,7.21,51
EVT_750_0038351,NEUTRAL_SLOT_2,2025-01-31,10:07:00,MOTILALOFS_451,NIFTY_METAL,NEUTRAL,4,4.51,0.926,-0.57,840.0,835.38,4.62,853.86,863.1,886.2,852.43,2.69,1.076,4.97,39
EVT_750_0038392,NEUTRAL_SLOT_2,2025-01-31,09:23:00,ASIANPAINT_161,NIFTY_IT,NEUTRAL,6,3.5,0.906,-1.52,3150.0,3132.68,17.32,3201.96,3236.6,3323.2,3204.9,3.17,3.068,53.14,61
EVT_750_0038408,NEUTRAL_SLOT_2,2025-02-03,09:35:00,TECHM,NIFTY_ENERGY,NEUTRAL,5,5.1,0.898,-2.33,1560.0,1551.42,8.58,1585.74,1602.9,1645.8,1670.77,12.91,7.048,60.47,52
EVT_750_0038487,NEUTRAL_SLOT_2,2025-02-04,09:22:00,INOWIND,NIFTY_IT,NEUTRAL,4,4.85,0.944,-1.25,215.0,213.5,1.5,219.5,222.5,230.0,220.04,3.36,3.144,4.72,47
EVT_750_0038514,NEUTRAL_SLOT_2,2025-02-04,09:37:00,RELIANCE,NIFTY_IT,NEUTRAL,6,4.95,0.837,-0.75,2950.0,2933.78,16.22,2998.66,3031.1,3112.2,2996.39,2.86,1.144,18.56,85
EVT_750_0038520,NEUTRAL_SLOT_2,2025-02-04,09:39:00,KAYNES,NIFTY_IT,NEUTRAL,3,5.23,0.882,-1.53,5200.0,5171.4,28.6,5285.8,5343.0,5486.0,5294.95,3.32,3.128,89.46,28
EVT_750_0038527,NEUTRAL_SLOT_2,2025-02-04,09:30:00,POLYCAB_243,NIFTY_FIN_SERVICE,NEUTRAL,3,3.28,0.977,-1.66,6250.0,6215.62,34.38,6353.14,6421.9,6593.8,6591.05,9.92,5.971,205.28,28
EVT_750_0038533,NEUTRAL_SLOT_2,2025-02-05,09:26:00,COFORGE,NIFTY_CONSUMPTION,NEUTRAL,3,4.37,0.858,-1.12,7200.0,7160.4,39.6,7318.8,7398.0,7596.0,7313.26,2.86,1.144,45.3,107
EVT_750_0038541,NEUTRAL_SLOT_2,2025-02-05,09:26:00,DIVISLAB_186,NIFTY_MEDIA,NEUTRAL,4,5.02,0.946,-1.49,5100.0,5071.95,28.05,5184.15,5240.25,5380.5,5202.66,3.66,3.264,91.56,87
EVT_750_0038545,NEUTRAL_SLOT_2,2025-02-05,10:04:00,TATASTEEL,NIFTY_BANK,NEUTRAL,4,4.55,0.945,-2.02,152.0,150.5,1.5,156.5,159.5,167.0,173.23,14.15,7.494,11.24,53
EVT_750_0038580,NEUTRAL_SLOT_2,2025-02-05,09:34:00,BAJFINANCE_137,NIFTY_IT,NEUTRAL,5,3.71,0.955,-2.21,7150.0,7110.68,39.32,7267.96,7346.6,7543.2,7349.75,5.08,4.229,166.28,51
EVT_750_0038593,NEUTRAL_SLOT_2,2025-02-05,09:28:00,INOWIND_701,NIFTY_IT,NEUTRAL,5,3.85,0.838,-0.95,215.0,213.5,1.5,219.5,222.5,230.0,225.15,6.77,4.837,7.26,54
EVT_750_0038692,NEUTRAL_SLOT_2,2025-02-07,10:13:00,ADANIPORTS_140,NIFTY_PHARMA,NEUTRAL,5,4.7,0.96,-2.14,1420.0,1412.19,7.81,1443.43,1459.05,1498.1,1440.62,2.64,1.056,8.25,118
EVT_750_0038760,NEUTRAL_SLOT_2,2025-02-10,09:23:00,BAJFINANCE_737,NIFTY_IT,NEUTRAL,5,5.22,0.953,-2.11,7150.0,7110.68,39.32,7267.96,7346.6,7543.2,7387.89,6.05,4.578,180.01,54
EVT_750_0038777,NEUTRAL_SLOT_2,2025-02-10,09:41:00,ANGELONE_689,NIFTY_IT,NEUTRAL,3,4.82,0.924,-1.84,2600.0,2585.7,14.3,2642.9,2671.5,2743.0,2701.24,7.08,4.949,70.77,48
EVT_750_0038811,NEUTRAL_SLOT_2,2025-02-11,09:20:00,AMBER_472,NIFTY_FMCG,NEUTRAL,6,3.58,0.915,-2.34,4850.0,4823.33,26.67,4930.01,4983.35,5116.7,5039.36,7.1,4.956,132.18,65
EVT_750_0038825,NEUTRAL_SLOT_2,2025-02-11,09:54:00,CUMMINSIND_226,NIFTY_ENERGY,NEUTRAL,3,4.24,0.91,-1.0,3650.0,3629.93,20.07,3710.21,3750.35,3850.7,3919.54,13.43,7.235,145.21,55
EVT_750_0038919,NEUTRAL_SLOT_2,2025-02-12,09:20:00,JUBLFOOD,NIFTY_MEDIA,NEUTRAL,5,4.56,0.96,-2.12,580.0,576.81,3.19,589.57,595.95,611.9,610.82,9.66,5.878,18.75,43
EVT_750_0039006,NEUTRAL_SLOT_2,2025-02-14,09:55:00,DIVISLAB_186,NIFTY_MEDIA,NEUTRAL,4,5.49,0.841,-0.56,5100.0,5071.95,28.05,5184.15,5240.25,5380.5,5493.26,14.02,7.447,208.89,38
EVT_750_0039185,NEUTRAL_SLOT_2,2025-02-18,09:22:00,ANGELONE,NIFTY_IT,NEUTRAL,4,3.68,0.922,-1.41,2600.0,2585.7,14.3,2642.9,2671.5,2743.0,2701.1,7.07,4.945,70.71,62
EVT_750_0039228,NEUTRAL_SLOT_2,2025-02-19,09:25:00,VOLTAS_707,NIFTY_INFRA,NEUTRAL,6,3.58,0.927,-0.54,1680.0,1670.76,9.24,1707.72,1726.2,1772.4,1734.79,5.93,4.535,41.9,54
EVT_750_0039235,NEUTRAL_SLOT_2,2025-02-19,09:23:00,DIVISLAB_666,NIFTY_MEDIA,NEUTRAL,5,3.02,0.894,-2.26,5100.0,5071.95,28.05,5184.15,5240.25,5380.5,5175.74,2.7,1.08,30.29,99
EVT_750_0039305,NEUTRAL_SLOT_2,2025-02-20,10:01:00,ADANIGREEN_573,NIFTY_REALTY,NEUTRAL,3,3.26,0.95,-1.38,1820.0,1809.99,10.01,1850.03,1870.05,1920.1,1912.09,9.2,5.712,57.18,32
EVT_750_0039466,NEUTRAL_SLOT_2,2025-02-25,09:34:00,HINDALCO_745,NIFTY_AUTO,NEUTRAL,3,3.83,0.931,-1.16,665.0,661.34,3.66,675.98,683.3,701.6,708.01,11.75,6.63,24.27,60
EVT_750_0039554,NEUTRAL_SLOT_2,2025-02-26,09:18:00,DIVISLAB_546,NIFTY_MEDIA,NEUTRAL,3,4.71,0.841,-0.76,5100.0,5071.95,28.05,5184.15,5240.25,5380.5,5289.9,6.77,4.837,135.68,43
EVT_750_0039585,NEUTRAL_SLOT_2,2025-02-27,09:42:00,MOTILALOFS_691,NIFTY_METAL,NEUTRAL,4,4.64,0.964,-0.62,840.0,835.38,4.62,853.86,863.1,886.2,870.68,6.64,4.79,22.13,64
EVT_750_0039627,NEUTRAL_SLOT_2,2025-02-27,10:10:00,PIDILITIND_402,NIFTY_MEDIA,NEUTRAL,3,4.09,0.836,-0.94,3050.0,3033.23,16.77,3100.31,3133.85,3217.7,3248.05,11.81,6.652,111.55,36
EVT_750_0039656,NEUTRAL_SLOT_2,2025-02-28,10:10:00,COFORGE_480,NIFTY_CONSUMPTION,NEUTRAL,3,5.08,0.869,-0.95,7200.0,7160.4,39.6,7318.8,7398.0,7596.0,7472.84,6.89,4.88,193.25,61
EVT_750_0039679,NEUTRAL_SLOT_2,2025-02-28,09:30:00,PNB_196,NIFTY_FMCG,NEUTRAL,3,4.77,0.834,-1.96,102.0,100.5,1.5,106.5,109.5,117.0,122.64,13.76,7.354,11.03,40
EVT_750_0039705,NEUTRAL_SLOT_2,2025-03-03,09:49:00,CUMMINSIND,NIFTY_ENERGY,NEUTRAL,3,4.52,0.845,-1.85,3650.0,3629.93,20.07,3710.21,3750.35,3850.7,3921.15,13.51,7.264,145.79,15
EVT_750_0039918,NEUTRAL_SLOT_2,2025-03-07,10:08:00,TATASTEEL_506,NIFTY_BANK,NEUTRAL,6,3.36,0.962,-1.32,152.0,150.5,1.5,156.5,159.5,167.0,172.45,13.63,7.307,10.96,35
EVT_750_0039966,NEUTRAL_SLOT_2,2025-03-10,10:08:00,DRREDDY_496,NIFTY_FMCG,NEUTRAL,5,4.02,0.901,-1.51,6450.0,6414.52,35.48,6556.44,6627.4,6804.8,6873.99,11.95,6.702,237.79,53
EVT_750_0039972,NEUTRAL_SLOT_2,2025-03-10,09:33:00,POLYCAB_483,NIFTY_FIN_SERVICE,NEUTRAL,4,3.81,0.942,-0.78,6250.0,6215.62,34.38,6353.14,6421.9,6593.8,6641.93,11.4,6.504,223.61,58
EVT_750_0040112,NEUTRAL_SLOT_2,2025-03-13,10:04:00,COFORGE_529,NIFTY_AUTO,NEUTRAL,4,5.22,0.939,-1.28,7200.0,7160.4,39.6,7318.8,7398.0,7596.0,7384.54,4.66,3.664,145.09,85
EVT_750_0040203,NEUTRAL_SLOT_2,2025-03-14,09:50:00,CIPLA_495,NIFTY_FIN_SERVICE,NEUTRAL,6,4.68,0.973,-1.37,1540.0,1531.53,8.47,1565.41,1582.35,1624.7,1658.5,13.99,7.436,62.98,50
EVT_750_0040223,NEUTRAL_SLOT_2,2025-03-14,10:07:00,FORTIS_418,NIFTY_ENERGY,NEUTRAL,6,4.49,0.862,-1.9,520.0,517.14,2.86,528.58,534.3,548.6,537.82,6.23,4.643,13.28,64
EVT_750_0040462,NEUTRAL_SLOT_2,2025-03-20,10:04:00,VOLTAS_467,NIFTY_INFRA,NEUTRAL,6,3.92,0.908,-1.96,1680.0,1670.76,9.24,1707.72,1726.2,1772.4,1708.46,3.08,3.032,28.02,65
EVT_750_0040466,NEUTRAL_SLOT_2,2025-03-20,09:36:00,KALYANKJIL_413,NIFTY_IT,NEUTRAL,3,5.05,0.893,-1.33,680.0,676.26,3.74,691.22,698.7,717.4,727.91,12.81,7.012,26.22,32
EVT_750_0040594,NEUTRAL_SLOT_2,2025-03-24,10:05:00,KALYANKJIL,NIFTY_IT,NEUTRAL,4,4.98,0.841,-1.94,680.0,676.26,3.74,691.22,698.7,717.4,731.91,13.88,7.397,27.66,65
EVT_750_0040696,NEUTRAL_SLOT_2,2025-03-26,09:54:00,NTPC_501,NIFTY_REALTY,NEUTRAL,6,4.43,0.883,-0.76,395.0,392.83,2.17,401.51,405.85,416.7,402.33,3.38,3.152,6.84,116
EVT_750_0040736,NEUTRAL_SLOT_2,2025-03-27,09:50:00,MARUTI_253,NIFTY_AUTO,NEUTRAL,3,4.04,0.909,-1.16,801.0,796.59,4.41,814.23,823.05,845.1,829.66,6.5,4.74,20.9,50
EVT_750_0040888,NEUTRAL_SLOT_2,2025-03-31,09:51:00,ZOMATO,NIFTY_BANK,NEUTRAL,6,3.07,0.807,-1.27,265.0,263.5,1.5,269.5,272.5,280.0,284.93,13.29,7.184,10.78,53
EVT_750_0040919,NEUTRAL_SLOT_2,2025-04-01,09:30:00,JSWENERGY,NIFTY_INFRA,NEUTRAL,4,3.44,0.911,-2.19,680.0,676.26,3.74,691.22,698.7,717.4,730.71,13.56,7.282,27.23,16
EVT_750_0040989,NEUTRAL_SLOT_2,2025-04-01,09:34:00,LUPIN_539,NIFTY_INFRA,NEUTRAL,4,5.49,0.844,-1.87,2150.0,2138.18,11.82,2185.46,2209.1,2268.2,2238.06,7.45,5.082,60.07,36
EVT_750_0041036,NEUTRAL_SLOT_2,2025-04-02,09:46:00,WIPRO_407,NIFTY_INFRA,NEUTRAL,4,3.44,0.885,-0.54,520.0,517.14,2.86,528.58,534.3,548.6,534.13,4.94,3.776,10.8,91
EVT_750_0041077,NEUTRAL_SLOT_2,2025-04-03,09:18:00,ICICIBANK_367,NIFTY_METAL,NEUTRAL,3,3.31,0.911,-2.24,1220.0,1213.29,6.71,1240.13,1253.55,1287.1,1257.64,5.61,4.42,29.66,43
EVT_750_0041114,NEUTRAL_SLOT_2,2025-04-04,09:26:00,LUPIN_539,NIFTY_INFRA,NEUTRAL,5,3.87,0.918,-1.21,2150.0,2138.18,11.82,2185.46,2209.1,2268.2,2257.92,9.13,5.687,67.22,58
EVT_750_0041158,NEUTRAL_SLOT_2,2025-04-04,10:13:00,SBIN_488,NIFTY_PHARMA,NEUTRAL,3,4.99,0.931,-2.36,825.0,820.46,4.54,838.62,847.7,870.4,841.43,3.62,3.248,14.75,53
EVT_750_0041250,NEUTRAL_SLOT_2,2025-04-08,09:44:00,OBEROIRLTY_631,NIFTY_METAL,NEUTRAL,3,4.46,0.944,-1.34,1780.0,1770.21,9.79,1809.37,1828.95,1877.9,1867.82,8.97,5.629,55.11,53
EVT_750_0041323,NEUTRAL_SLOT_2,2025-04-09,10:01:00,RECLTD,NIFTY_INFRA,NEUTRAL,5,4.4,0.836,-2.27,480.0,477.36,2.64,487.92,493.2,506.4,498.37,6.96,4.906,12.95,23
EVT_750_0041361,NEUTRAL_SLOT_2,2025-04-09,09:57:00,HAL_639,NIFTY_FIN_SERVICE,NEUTRAL,3,5.02,0.86,-0.8,4650.0,4624.43,25.57,4726.71,4777.85,4905.7,4956.58,11.99,6.716,171.73,33
EVT_750_0041503,NEUTRAL_SLOT_2,2025-04-11,09:34:00,SHRIRAMFIN,NIFTY_REALTY,NEUTRAL,6,3.65,0.831,-1.63,3150.0,3132.68,17.32,3201.96,3236.6,3323.2,3227.59,4.48,3.592,62.21,107
EVT_750_0041543,NEUTRAL_SLOT_2,2025-04-14,09:40:00,BLUESTARCO_588,NIFTY_CONSUMPTION,NEUTRAL,6,3.84,0.875,-1.58,1750.0,1740.38,9.62,1778.86,1798.1,1846.2,1880.54,13.57,7.285,70.08,15
EVT_750_0041722,NEUTRAL_SLOT_2,2025-04-17,10:04:00,M&M_372,NIFTY_CONSUMPTION,NEUTRAL,6,3.0,0.913,-1.77,2820.0,2804.49,15.51,2866.53,2897.55,2975.1,2863.27,2.79,1.116,17.31,48
EVT_750_0041883,NEUTRAL_SLOT_2,2025-04-22,09:22:00,AUBANK,NIFTY_REALTY,NEUTRAL,5,4.3,0.916,-1.8,620.0,616.59,3.41,630.23,637.05,654.1,641.21,6.22,4.639,15.82,18
EVT_750_0042011,NEUTRAL_SLOT_2,2025-04-24,10:04:00,BSE_686,NIFTY_BANK,NEUTRAL,5,4.03,0.857,-0.77,2650.0,2635.43,14.57,2693.71,2722.85,2795.7,2761.75,7.67,5.161,75.2,24
EVT_750_0042062,NEUTRAL_SLOT_2,2025-04-25,09:48:00,TITAN,NIFTY_FMCG,NEUTRAL,3,3.39,0.95,-1.64,3420.0,3401.19,18.81,3476.43,3514.05,3608.1,3608.48,10.02,6.007,112.99,44
EVT_750_0042067,NEUTRAL_SLOT_2,2025-04-25,10:00:00,AUROPHARMA_300,NIFTY_CONSUMPTION,NEUTRAL,4,3.76,0.822,-1.61,1420.0,1412.19,7.81,1443.43,1459.05,1498.1,1528.87,13.94,7.418,57.93,62
EVT_750_0042215,NEUTRAL_SLOT_2,2025-04-30,09:30:00,JSWSTEEL_747,NIFTY_FIN_SERVICE,NEUTRAL,3,3.66,0.828,-2.29,960.0,954.72,5.28,975.84,986.4,1012.8,977.95,3.4,3.16,16.68,72
EVT_750_0042271,NEUTRAL_SLOT_2,2025-04-30,09:44:00,IEX_690,NIFTY_MEDIA,NEUTRAL,5,3.76,0.81,-2.07,195.0,193.5,1.5,199.5,202.5,210.0,203.27,5.51,4.384,6.58,36
EVT_750_0042492,NEUTRAL_SLOT_2,2025-05-06,09:29:00,LTIM_645,NIFTY_REALTY,NEUTRAL,4,3.62,0.827,-2.29,5850.0,5817.83,32.17,5946.51,6010.85,6171.7,6134.38,8.84,5.582,179.57,21
EVT_750_0042541,NEUTRAL_SLOT_2,2025-05-07,09:53:00,DRREDDY_376,NIFTY_FMCG,NEUTRAL,4,4.54,0.859,-1.79,6450.0,6414.52,35.48,6556.44,6627.4,6804.8,6740.58,8.19,5.348,189.75,35
EVT_750_0042579,NEUTRAL_SLOT_2,2025-05-08,09:48:00,ABB_164,NIFTY_PHARMA,NEUTRAL,4,4.13,0.971,-1.4,7800.0,7757.1,42.9,7928.7,8014.5,8229.0,8071.13,6.32,4.675,200.56,26
EVT_750_0042582,NEUTRAL_SLOT_2,2025-05-08,09:45:00,VOLTAS_587,NIFTY_INFRA,NEUTRAL,6,3.49,0.935,-1.43,1680.0,1670.76,9.24,1707.72,1726.2,1772.4,1717.88,4.1,3.44,31.79,90
EVT_750_0042825,NEUTRAL_SLOT_2,2025-05-13,09:51:00,KOTAKBANK_684,NIFTY_CONSUMPTION,NEUTRAL,5,3.37,0.905,-0.79,1780.0,1770.21,9.79,1809.37,1828.95,1877.9,1812.99,3.37,3.148,30.82,111
EVT_750_0042913,NEUTRAL_SLOT_2,2025-05-15,10:00:00,KPITTECH_236,NIFTY_PHARMA,NEUTRAL,3,3.73,0.979,-2.1,1650.0,1640.93,9.07,1677.21,1695.35,1740.7,1685.19,3.88,3.352,30.4,99
EVT_750_0042922,NEUTRAL_SLOT_2,2025-05-15,09:24:00,TATAPOWER_572,NIFTY_PHARMA,NEUTRAL,4,3.07,0.808,-1.24,420.0,417.69,2.31,426.93,431.55,443.1,428.02,3.47,3.188,7.36,101
EVT_750_0042938,NEUTRAL_SLOT_2,2025-05-15,09:37:00,ASIANPAINT_641,NIFTY_IT,NEUTRAL,5,3.43,0.814,-0.92,3150.0,3132.68,17.32,3201.96,3236.6,3323.2,3229.33,4.58,3.632,62.91,108
EVT_750_0043107,NEUTRAL_SLOT_2,2025-05-20,09:37:00,HINDUNILVR_394,NIFTY_ENERGY,NEUTRAL,3,3.53,0.97,-1.71,2690.0,2675.21,14.79,2734.37,2763.95,2837.9,2764.84,5.06,4.222,62.44,118
EVT_750_0043142,NEUTRAL_SLOT_2,2025-05-20,10:03:00,ADANIPOWER_334,NIFTY_ENERGY,NEUTRAL,3,4.49,0.808,-0.62,640.0,636.48,3.52,650.56,657.6,675.2,652.25,3.48,3.192,11.24,42
EVT_750_0043200,NEUTRAL_SLOT_2,2025-05-21,09:50:00,TITAN,NIFTY_FMCG,NEUTRAL,6,4.09,0.831,-1.74,3420.0,3401.19,18.81,3476.43,3514.05,3608.1,3538.31,6.29,4.664,87.73,46
EVT_750_0043349,NEUTRAL_SLOT_2,2025-05-23,10:07:00,TRENT_361,NIFTY_AUTO,NEUTRAL,5,4.23,0.887,-1.8,6850.0,6812.33,37.67,6963.01,7038.35,7226.7,6976.95,3.37,3.148,118.59,96
EVT_750_0043446,NEUTRAL_SLOT_2,2025-05-27,09:53:00,IDFCFIRSTB_319,NIFTY_METAL,NEUTRAL,3,3.85,0.978,-2.02,72.0,70.5,1.5,76.5,79.5,87.0,81.64,6.43,4.715,7.07,55
EVT_750_0043478,NEUTRAL_SLOT_2,2025-05-27,10:13:00,ADANIGREEN_333,NIFTY_REALTY,NEUTRAL,3,3.78,0.92,-1.88,1820.0,1809.99,10.01,1850.03,1870.05,1920.1,1858.44,3.84,3.336,33.39,76
EVT_750_0043531,NEUTRAL_SLOT_2,2025-05-28,09:31:00,M&M_732,NIFTY_CONSUMPTION,NEUTRAL,4,3.74,0.843,-2.22,2820.0,2804.49,15.51,2866.53,2897.55,2975.1,2912.44,5.96,4.546,70.51,15
EVT_750_0043646,NEUTRAL_SLOT_2,2025-05-30,10:03:00,INOWIND_341,NIFTY_IT,NEUTRAL,5,4.04,0.882,-1.21,215.0,213.5,1.5,219.5,222.5,230.0,223.5,5.67,4.441,6.66,23
EVT_750_0043798,NEUTRAL_SLOT_2,2025-06-03,09:44:00,BIOCON_663,NIFTY_FIN_SERVICE,NEUTRAL,3,4.24,0.971,-1.35,345.0,343.1,1.9,350.7,354.5,364.0,357.65,6.66,4.798,9.12,62
EVT_750_0043818,NEUTRAL_SLOT_2,2025-06-04,09:26:00,HAL_159,NIFTY_FIN_SERVICE,NEUTRAL,6,4.64,0.822,-0.59,4650.0,4624.43,25.57,4726.71,4777.85,4905.7,4910.05,10.17,6.061,154.98,27
EVT_750_0043871,NEUTRAL_SLOT_2,2025-06-05,09:20:00,TORNTPHARM,NIFTY_FMCG,NEUTRAL,6,4.15,0.956,-0.64,3250.0,3232.12,17.88,3303.64,3339.4,3428.8,3338.51,4.95,3.78,67.59,88
EVT_750_0044086,NEUTRAL_SLOT_2,2025-06-10,10:08:00,CANBK_195,NIFTY_FIN_SERVICE,NEUTRAL,6,4.47,0.866,-0.59,105.0,103.5,1.5,109.5,112.5,120.0,111.98,4.65,3.66,5.49,88
EVT_750_0044160,NEUTRAL_SLOT_2,2025-06-11,09:32:00,IDFCFIRSTB_679,NIFTY_METAL,NEUTRAL,5,3.0,0.96,-1.02,72.0,70.5,1.5,76.5,79.5,87.0,83.88,7.92,5.251,7.88,48
EVT_750_0044189,NEUTRAL_SLOT_2,2025-06-12,09:25:00,DLF_269,NIFTY_IT,NEUTRAL,6,4.15,0.942,-1.04,830.0,825.44,4.56,843.68,852.8,875.6,846.01,3.51,3.204,14.61,81
EVT_750_0044321,NEUTRAL_SLOT_2,2025-06-16,10:02:00,LUPIN_179,NIFTY_INFRA,NEUTRAL,3,4.72,0.829,-2.18,2150.0,2138.18,11.82,2185.46,2209.1,2268.2,2259.34,9.25,5.73,67.73,20
EVT_750_0044481,NEUTRAL_SLOT_2,2025-06-19,09:48:00,SWIGGY_291,NIFTY_FIN_SERVICE,NEUTRAL,4,3.17,0.839,-1.59,420.0,417.69,2.31,426.93,431.55,443.1,444.21,10.48,6.173,14.26,48
EVT_750_0044548,NEUTRAL_SLOT_2,2025-06-23,09:19:00,LTIM,NIFTY_REALTY,NEUTRAL,6,3.7,0.879,-1.86,5850.0,5817.83,32.17,5946.51,6010.85,6171.7,6036.26,5.79,4.484,144.25,39
EVT_750_0044597,NEUTRAL_SLOT_2,2025-06-23,09:32:00,TATAELXSI_237,NIFTY_REALTY,NEUTRAL,3,5.2,0.904,-1.72,7400.0,7359.3,40.7,7522.1,7603.5,7807.0,7935.61,13.16,7.138,290.52,15
