scanner,ctype,combo,be,n,wr,er,pf,mdd,r5,lock_n,lock_er,lock_pf,dwr,der,ci_lo,ci_hi,adv_er,sev_er,v511_wr,v511_er,v58_wr,v58_er
ACCUMULATION_VCP,SINGLE,F1_CPOS75,0.0,1279,40.34,-0.0651,0.873,134.79,0.0,340,0.0077,1.018,-0.42,-0.0861,-0.1276,-0.0026,-0.1406,-0.2161,40.76,0.021,40.76,-0.053
ACCUMULATION_VCP,SINGLE,F1_CPOS75,0.5,1279,40.34,0.0315,1.076,99.23,0.0,340,0.116,1.361,-0.42,0.0105,-0.0282,0.0912,-0.044,-0.1195,40.76,0.021,40.76,-0.053
ACCUMULATION_VCP,SINGLE,F1_CPOS75,0.8,1279,40.34,0.02,1.047,103.68,0.0,340,0.1025,1.306,-0.42,-0.001,-0.0401,0.0801,-0.0555,-0.131,40.76,0.021,40.76,-0.053
ACCUMULATION_VCP,SINGLE,F1_CPOS75,1.0,1279,40.34,0.0104,1.024,103.68,0.0,340,0.0759,1.21,-0.42,-0.0106,-0.05,0.0707,-0.0651,-0.1406,40.76,0.021,40.76,-0.053
ACCUMULATION_VCP,SINGLE,F1_CPOS75,1.5,1279,40.34,-0.0134,0.971,120.89,0.0,340,0.0361,1.09,-0.42,-0.0344,-0.0745,0.0477,-0.0889,-0.1644,40.76,0.021,40.76,-0.053
ACCUMULATION_VCP,SINGLE,F1_CPOS80,0.0,814,40.17,-0.0919,0.822,112.61,0.0,225,-0.0074,0.983,-0.59,-0.1129,-0.1686,-0.0152,-0.1674,-0.2429,40.76,0.021,40.76,-0.053
ACCUMULATION_VCP,SINGLE,F1_CPOS80,0.5,814,40.17,0.0078,1.019,79.35,0.0,225,0.1023,1.315,-0.59,-0.0132,-0.0654,0.0809,-0.0677,-0.1432,40.76,0.021,40.76,-0.053
ACCUMULATION_VCP,SINGLE,F1_CPOS80,0.8,814,40.17,-0.0046,0.989,83.93,0.0,225,0.0763,1.218,-0.59,-0.0256,-0.0783,0.069,-0.0801,-0.1556,40.76,0.021,40.76,-0.053
ACCUMULATION_VCP,SINGLE,F1_CPOS80,1.0,814,40.17,-0.014,0.968,83.93,0.0,225,0.0496,1.132,-0.59,-0.035,-0.088,0.06,-0.0895,-0.165,40.76,0.021,40.76,-0.053
ACCUMULATION_VCP,SINGLE,F1_CPOS80,1.5,814,40.17,-0.0404,0.913,100.93,0.0,225,0.0205,1.05,-0.59,-0.0614,-0.1154,0.0346,-0.1159,-0.1914,40.76,0.021,40.76,-0.053
ACCUMULATION_VCP,SINGLE,F2_RS70,0.0,3813,41.73,-0.0159,0.968,223.83,0.0,1035,0.0688,1.161,0.97,-0.0369,-0.0532,0.0215,-0.0914,-0.1669,40.76,0.021,40.76,-0.053
ACCUMULATION_VCP,SINGLE,F2_RS70,0.5,3813,41.73,0.0807,1.2,172.91,0.0,1035,0.1681,1.514,0.97,0.0597,0.045,0.1163,0.0052,-0.0703,40.76,0.021,40.76,-0.053
ACCUMULATION_VCP,SINGLE,F2_RS70,0.8,3813,41.73,0.069,1.166,172.91,0.0,1035,0.1564,1.462,0.97,0.048,0.0332,0.1049,-0.0065,-0.082,40.76,0.021,40.76,-0.053
ACCUMULATION_VCP,SINGLE,F2_RS70,1.0,3813,41.73,0.0593,1.14,172.91,0.0,1035,0.14,1.394,0.97,0.0383,0.0232,0.0953,-0.0162,-0.0917,40.76,0.021,40.76,-0.053
ACCUMULATION_VCP,SINGLE,F2_RS70,1.5,3813,41.73,0.0368,1.082,172.91,0.0,1035,0.1102,1.286,0.97,0.0158,0.0004,0.0733,-0.0387,-0.1142,40.76,0.021,40.76,-0.053
ACCUMULATION_VCP,SINGLE,F2_RS80,0.0,1947,40.63,-0.0462,0.909,183.67,0.0,520,0.0283,1.065,-0.13,-0.0672,-0.0979,0.0054,-0.1217,-0.1972,40.76,0.021,40.76,-0.053
ACCUMULATION_VCP,SINGLE,F2_RS80,0.5,1947,40.63,0.0513,1.124,123.2,0.0,520,0.1184,1.345,-0.13,0.0303,0.002,0.1005,-0.0242,-0.0997,40.76,0.021,40.76,-0.053
ACCUMULATION_VCP,SINGLE,F2_RS80,0.8,1947,40.63,0.0382,1.09,130.32,0.0,520,0.1108,1.316,-0.13,0.0172,-0.0114,0.0878,-0.0373,-0.1128,40.76,0.021,40.76,-0.053
ACCUMULATION_VCP,SINGLE,F2_RS80,1.0,1947,40.63,0.0302,1.07,132.03,0.0,520,0.0956,1.261,-0.13,0.0092,-0.0196,0.08,-0.0453,-0.1208,40.76,0.021,40.76,-0.053
ACCUMULATION_VCP,SINGLE,F2_RS80,1.5,1947,40.63,0.0069,1.015,132.03,0.0,520,0.0642,1.161,-0.13,-0.0141,-0.0435,0.0573,-0.0686,-0.1441,40.76,0.021,40.76,-0.053
ACCUMULATION_VCP,SINGLE,F3_SECTOR,0.0,6669,40.62,-0.0432,0.915,556.3,0.0,1791,0.0767,1.186,-0.14,-0.0642,-0.0711,-0.0154,-0.1187,-0.1942,40.76,0.021,40.76,-0.053
ACCUMULATION_VCP,SINGLE,F3_SECTOR,0.5,6669,40.62,0.0517,1.126,371.21,0.0,1791,0.1769,1.566,-0.14,0.0307,0.0251,0.0783,-0.0238,-0.0993,40.76,0.021,40.76,-0.053
ACCUMULATION_VCP,SINGLE,F3_SECTOR,0.8,6669,40.62,0.0405,1.096,391.63,0.0,1791,0.1658,1.512,-0.14,0.0195,0.0138,0.0673,-0.035,-0.1105,40.76,0.021,40.76,-0.053
ACCUMULATION_VCP,SINGLE,F3_SECTOR,1.0,6669,40.62,0.0313,1.072,391.63,0.0,1791,0.1471,1.429,-0.14,0.0103,0.0043,0.0582,-0.0442,-0.1197,40.76,0.021,40.76,-0.053
ACCUMULATION_VCP,SINGLE,F3_SECTOR,1.5,6669,40.62,0.0098,1.022,417.21,0.0,1791,0.1161,1.311,-0.14,-0.0112,-0.0174,0.037,-0.0657,-0.1412,40.76,0.021,40.76,-0.053
ACCUMULATION_VCP,SINGLE,F4_VOL15,0.0,5052,40.87,-0.0339,0.933,375.69,0.0,1377,0.1077,1.264,0.11,-0.0549,-0.066,-0.0018,-0.1094,-0.1849,40.76,0.021,40.76,-0.053
ACCUMULATION_VCP,SINGLE,F4_VOL15,0.5,5052,40.87,0.0634,1.156,223.01,0.0,1377,0.2038,1.655,0.11,0.0424,0.0328,0.0941,-0.0121,-0.0876,40.76,0.021,40.76,-0.053
ACCUMULATION_VCP,SINGLE,F4_VOL15,0.8,5052,40.87,0.0514,1.123,230.74,0.0,1377,0.1898,1.584,0.11,0.0304,0.0205,0.0822,-0.0241,-0.0996,40.76,0.021,40.76,-0.053
ACCUMULATION_VCP,SINGLE,F4_VOL15,1.0,5052,40.87,0.0415,1.097,230.74,0.0,1377,0.1702,1.494,0.11,0.0205,0.0105,0.0725,-0.034,-0.1095,40.76,0.021,40.76,-0.053
ACCUMULATION_VCP,SINGLE,F4_VOL15,1.5,5052,40.87,0.02,1.044,256.41,0.0,1377,0.1443,1.389,0.11,-0.001,-0.0114,0.0514,-0.0555,-0.131,40.76,0.021,40.76,-0.053
ACCUMULATION_VCP,SINGLE,F4_VOL20,0.0,2596,41.41,-0.0223,0.955,162.48,0.0,706,0.1535,1.39,0.65,-0.0433,-0.0674,0.0228,-0.0978,-0.1733,40.76,0.021,40.76,-0.053
ACCUMULATION_VCP,SINGLE,F4_VOL20,0.5,2596,41.41,0.0745,1.185,137.03,0.0,706,0.2535,1.863,0.65,0.0535,0.0315,0.1176,-0.001,-0.0765,40.76,0.021,40.76,-0.053
ACCUMULATION_VCP,SINGLE,F4_VOL20,0.8,2596,41.41,0.0618,1.149,137.03,0.0,706,0.2464,1.819,0.65,0.0408,0.0184,0.1051,-0.0137,-0.0892,40.76,0.021,40.76,-0.053
ACCUMULATION_VCP,SINGLE,F4_VOL20,1.0,2596,41.41,0.0519,1.122,137.03,0.0,706,0.218,1.662,0.65,0.0309,0.0083,0.0955,-0.0236,-0.0991,40.76,0.021,40.76,-0.053
ACCUMULATION_VCP,SINGLE,F4_VOL20,1.5,2596,41.41,0.0315,1.071,137.03,0.0,706,0.2003,1.577,0.65,0.0105,-0.0125,0.0755,-0.044,-0.1195,40.76,0.021,40.76,-0.053
ACCUMULATION_VCP,SINGLE,F5_MTF,0.0,7257,41.34,-0.0254,0.949,431.95,0.0,2000,0.0724,1.174,0.58,-0.0464,-0.0522,0.0013,-0.1009,-0.1764,40.76,0.021,40.76,-0.053
ACCUMULATION_VCP,SINGLE,F5_MTF,0.5,7257,41.34,0.0699,1.174,251.96,0.0,2000,0.1693,1.53,0.58,0.0489,0.0444,0.0954,-0.0056,-0.0811,40.76,0.021,40.76,-0.053
ACCUMULATION_VCP,SINGLE,F5_MTF,0.8,7257,41.34,0.0584,1.141,285.4,0.0,2000,0.1585,1.48,0.58,0.0374,0.0328,0.0841,-0.0171,-0.0926,40.76,0.021,40.76,-0.053
ACCUMULATION_VCP,SINGLE,F5_MTF,1.0,7257,41.34,0.0491,1.116,285.4,0.0,2000,0.1416,1.408,0.58,0.0281,0.0233,0.0749,-0.0264,-0.1019,40.76,0.021,40.76,-0.053
ACCUMULATION_VCP,SINGLE,F5_MTF,1.5,7257,41.34,0.0281,1.063,293.52,0.0,2000,0.1161,1.312,0.58,0.0071,0.002,0.0542,-0.0474,-0.1229,40.76,0.021,40.76,-0.053
ACCUMULATION_VCP,SINGLE,F6_BREADTH60,0.0,9594,43.57,0.0107,1.023,338.1,0.0,2762,0.0616,1.152,2.81,-0.0103,-0.0124,0.0337,-0.0648,-0.1403,40.76,0.021,40.76,-0.053
ACCUMULATION_VCP,SINGLE,F6_BREADTH60,0.5,9594,43.57,0.0993,1.259,338.1,0.0,2762,0.158,1.51,2.81,0.0783,0.0772,0.1213,0.0238,-0.0517,40.76,0.021,40.76,-0.053
ACCUMULATION_VCP,SINGLE,F6_BREADTH60,0.8,9594,43.57,0.0887,1.225,338.1,0.0,2762,0.1487,1.466,2.81,0.0677,0.0665,0.1108,0.0132,-0.0623,40.76,0.021,40.76,-0.053
ACCUMULATION_VCP,SINGLE,F6_BREADTH60,1.0,9594,43.57,0.0825,1.206,338.1,0.0,2762,0.141,1.432,2.81,0.0615,0.0603,0.1047,0.007,-0.0685,40.76,0.021,40.76,-0.053
ACCUMULATION_VCP,SINGLE,F6_BREADTH60,1.5,9594,43.57,0.061,1.145,338.1,0.0,2762,0.1193,1.342,2.81,0.04,0.0385,0.0835,-0.0145,-0.09,40.76,0.021,40.76,-0.053
ACCUMULATION_VCP,SINGLE,F7_VOLCOMP,0.0,6656,40.61,-0.0398,0.921,525.95,0.0,1789,0.0889,1.216,-0.15,-0.0608,-0.0676,-0.012,-0.1153,-0.1908,40.76,0.021,40.76,-0.053
ACCUMULATION_VCP,SINGLE,F7_VOLCOMP,0.5,6656,40.61,0.0551,1.135,343.98,0.0,1789,0.1889,1.606,-0.15,0.0341,0.0284,0.0817,-0.0204,-0.0959,40.76,0.021,40.76,-0.053
ACCUMULATION_VCP,SINGLE,F7_VOLCOMP,0.8,6656,40.61,0.0435,1.104,358.51,0.0,1789,0.1764,1.544,-0.15,0.0225,0.0168,0.0703,-0.032,-0.1075,40.76,0.021,40.76,-0.053
ACCUMULATION_VCP,SINGLE,F7_VOLCOMP,1.0,6656,40.61,0.0335,1.078,358.51,0.0,1789,0.1581,1.462,-0.15,0.0125,0.0066,0.0605,-0.042,-0.1175,40.76,0.021,40.76,-0.053
ACCUMULATION_VCP,SINGLE,F7_VOLCOMP,1.5,6656,40.61,0.0129,1.029,383.48,0.0,1789,0.1301,1.351,-0.15,-0.0081,-0.0142,0.0401,-0.0626,-0.1381,40.76,0.021,40.76,-0.053
ACCUMULATION_VCP,SINGLE,F8_CLEANGAP,0.0,4952,40.61,-0.0485,0.904,429.84,0.0,1359,0.04,1.096,-0.15,-0.0695,-0.0806,-0.0164,-0.124,-0.1995,40.76,0.021,40.76,-0.053
ACCUMULATION_VCP,SINGLE,F8_CLEANGAP,0.5,4952,40.61,0.047,1.115,298.53,0.0,1359,0.135,1.417,-0.15,0.026,0.0163,0.0776,-0.0285,-0.104,40.76,0.021,40.76,-0.053
ACCUMULATION_VCP,SINGLE,F8_CLEANGAP,0.8,4952,40.61,0.0362,1.086,314.71,0.0,1359,0.1247,1.374,-0.15,0.0152,0.0053,0.067,-0.0393,-0.1148,40.76,0.021,40.76,-0.053
ACCUMULATION_VCP,SINGLE,F8_CLEANGAP,1.0,4952,40.61,0.0266,1.062,314.71,0.0,1359,0.1068,1.303,-0.15,0.0056,-0.0044,0.0576,-0.0489,-0.1244,40.76,0.021,40.76,-0.053
ACCUMULATION_VCP,SINGLE,F8_CLEANGAP,1.5,4952,40.61,0.0053,1.012,314.71,0.0,1359,0.0835,1.223,-0.15,-0.0157,-0.0261,0.0366,-0.0702,-0.1457,40.76,0.021,40.76,-0.053
ACCUMULATION_VCP,SINGLE,F9_EARLY,0.0,5458,41.04,-0.0401,0.92,416.72,0.0,1513,0.0661,1.158,0.28,-0.0611,-0.0706,-0.0096,-0.1156,-0.1911,40.76,0.021,40.76,-0.053
ACCUMULATION_VCP,SINGLE,F9_EARLY,0.5,5458,41.04,0.0538,1.133,254.28,0.0,1513,0.1639,1.511,0.28,0.0328,0.0247,0.0829,-0.0217,-0.0972,40.76,0.021,40.76,-0.053
ACCUMULATION_VCP,SINGLE,F9_EARLY,0.8,5458,41.04,0.0433,1.104,273.09,0.0,1513,0.1535,1.463,0.28,0.0223,0.014,0.0725,-0.0322,-0.1077,40.76,0.021,40.76,-0.053
ACCUMULATION_VCP,SINGLE,F9_EARLY,1.0,5458,41.04,0.033,1.078,273.09,0.0,1513,0.1338,1.381,0.28,0.012,0.0036,0.0625,-0.0425,-0.118,40.76,0.021,40.76,-0.053
ACCUMULATION_VCP,SINGLE,F9_EARLY,1.5,5458,41.04,0.0127,1.028,287.22,0.0,1513,0.1098,1.293,0.28,-0.0083,-0.0171,0.0424,-0.0628,-0.1383,40.76,0.021,40.76,-0.053
ACCUMULATION_VCP,SINGLE,F10_BODY,0.0,2715,40.99,-0.0422,0.917,216.16,0.0,743,0.0974,1.245,0.23,-0.0632,-0.0855,0.0012,-0.1177,-0.1932,40.76,0.021,40.76,-0.053
ACCUMULATION_VCP,SINGLE,F10_BODY,0.5,2715,40.99,0.0514,1.125,160.06,0.0,743,0.1926,1.637,0.23,0.0304,0.0099,0.0928,-0.0241,-0.0996,40.76,0.021,40.76,-0.053
ACCUMULATION_VCP,SINGLE,F10_BODY,0.8,2715,40.99,0.0403,1.095,173.19,0.0,743,0.1838,1.591,0.23,0.0193,-0.0014,0.082,-0.0352,-0.1107,40.76,0.021,40.76,-0.053
ACCUMULATION_VCP,SINGLE,F10_BODY,1.0,2715,40.99,0.0308,1.071,173.19,0.0,743,0.1628,1.49,0.23,0.0098,-0.0111,0.0727,-0.0447,-0.1202,40.76,0.021,40.76,-0.053
ACCUMULATION_VCP,SINGLE,F10_BODY,1.5,2715,40.99,0.0097,1.021,173.19,0.0,743,0.1307,1.359,0.23,-0.0113,-0.0327,0.052,-0.0658,-0.1413,40.76,0.021,40.76,-0.053
ACCUMULATION_VCP,SINGLE,F11_PATH,0.0,6103,41.65,-0.0254,0.949,374.73,0.0,1626,0.0744,1.18,0.89,-0.0464,-0.0544,0.0036,-0.1009,-0.1764,40.76,0.021,40.76,-0.053
ACCUMULATION_VCP,SINGLE,F11_PATH,0.5,6103,41.65,0.0676,1.169,274.01,0.0,1626,0.1663,1.517,0.89,0.0466,0.0399,0.0953,-0.0079,-0.0834,40.76,0.021,40.76,-0.053
ACCUMULATION_VCP,SINGLE,F11_PATH,0.8,6103,41.65,0.057,1.138,277.16,0.0,1626,0.1577,1.477,0.89,0.036,0.0291,0.0849,-0.0185,-0.094,40.76,0.021,40.76,-0.053
ACCUMULATION_VCP,SINGLE,F11_PATH,1.0,6103,41.65,0.0475,1.113,277.16,0.0,1626,0.1429,1.414,0.89,0.0265,0.0195,0.0756,-0.028,-0.1035,40.76,0.021,40.76,-0.053
ACCUMULATION_VCP,SINGLE,F11_PATH,1.5,6103,41.65,0.0274,1.062,277.16,0.0,1626,0.1206,1.328,0.89,0.0064,-0.0009,0.0557,-0.0481,-0.1236,40.76,0.021,40.76,-0.053
ACCUMULATION_VCP,SINGLE,F12_MOM,0.0,2233,41.24,-0.0127,0.975,120.67,0.0,613,0.11,1.274,0.48,-0.0337,-0.0617,0.0363,-0.0882,-0.1637,40.76,0.021,40.76,-0.053
ACCUMULATION_VCP,SINGLE,F12_MOM,0.5,2233,41.24,0.0811,1.199,98.85,0.0,613,0.2044,1.664,0.48,0.0601,0.0342,0.128,0.0056,-0.0699,40.76,0.021,40.76,-0.053
ACCUMULATION_VCP,SINGLE,F12_MOM,0.8,2233,41.24,0.0695,1.166,104.97,0.0,613,0.1878,1.579,0.48,0.0485,0.0223,0.1167,-0.006,-0.0815,40.76,0.021,40.76,-0.053
ACCUMULATION_VCP,SINGLE,F12_MOM,1.0,2233,41.24,0.0612,1.143,104.97,0.0,613,0.1711,1.502,0.48,0.0402,0.0138,0.1085,-0.0143,-0.0898,40.76,0.021,40.76,-0.053
ACCUMULATION_VCP,SINGLE,F12_MOM,1.5,2233,41.24,0.0385,1.086,104.97,0.0,613,0.1483,1.408,0.48,0.0175,-0.0095,0.0864,-0.037,-0.1125,40.76,0.021,40.76,-0.053
EOD_BREAKOUT,SINGLE,F1_CPOS75,0.0,1107,42.82,0.0096,1.019,75.56,0.0,284,0.2235,1.504,1.81,0.0046,-0.0627,0.082,-0.0634,-0.1364,41.01,0.005,41.01,-0.074
EOD_BREAKOUT,SINGLE,F1_CPOS75,0.5,1107,42.82,0.1096,1.267,50.61,0.0,284,0.3279,1.967,1.81,0.1046,0.0405,0.1786,0.0366,-0.0364,41.01,0.005,41.01,-0.074
EOD_BREAKOUT,SINGLE,F1_CPOS75,0.8,1107,42.82,0.0965,1.228,57.71,0.0,284,0.3143,1.891,1.81,0.0915,0.0269,0.166,0.0235,-0.0495,41.01,0.005,41.01,-0.074
EOD_BREAKOUT,SINGLE,F1_CPOS75,1.0,1107,42.82,0.0868,1.2,68.39,0.0,284,0.2978,1.807,1.81,0.0818,0.017,0.1567,0.0138,-0.0592,41.01,0.005,41.01,-0.074
EOD_BREAKOUT,SINGLE,F1_CPOS75,1.5,1107,42.82,0.0689,1.153,69.92,0.0,284,0.2732,1.694,1.81,0.0639,-0.0015,0.1394,-0.0041,-0.0771,41.01,0.005,41.01,-0.074
EOD_BREAKOUT,SINGLE,F1_CPOS80,0.0,711,41.77,-0.0145,0.971,64.94,0.0,185,0.1562,1.354,0.76,-0.0195,-0.1022,0.0732,-0.0875,-0.1605,41.01,0.005,41.01,-0.074
EOD_BREAKOUT,SINGLE,F1_CPOS80,0.5,711,41.77,0.085,1.211,45.04,0.0,185,0.2676,1.812,0.76,0.08,0.0015,0.1685,0.012,-0.061,41.01,0.005,41.01,-0.074
EOD_BREAKOUT,SINGLE,F1_CPOS80,0.8,711,41.77,0.0702,1.168,53.7,0.0,185,0.2487,1.714,0.76,0.0652,-0.014,0.1544,-0.0028,-0.0758,41.01,0.005,41.01,-0.074
EOD_BREAKOUT,SINGLE,F1_CPOS80,1.0,711,41.77,0.0634,1.149,57.59,0.0,185,0.2433,1.687,0.76,0.0584,-0.0211,0.1479,-0.0096,-0.0826,41.01,0.005,41.01,-0.074
EOD_BREAKOUT,SINGLE,F1_CPOS80,1.5,711,41.77,0.0429,1.096,64.27,0.0,185,0.2163,1.568,0.76,0.0379,-0.0425,0.1283,-0.0301,-0.1031,41.01,0.005,41.01,-0.074
EOD_BREAKOUT,SINGLE,F2_RS70,0.0,3325,41.08,-0.0449,0.916,356.12,0.0,773,0.1687,1.357,0.07,-0.0499,-0.086,-0.0038,-0.1179,-0.1909,41.01,0.005,41.01,-0.074
EOD_BREAKOUT,SINGLE,F2_RS70,0.5,3325,41.08,0.0564,1.131,315.8,0.0,773,0.2737,1.744,0.07,0.0514,0.0171,0.0956,-0.0166,-0.0896,41.01,0.005,41.01,-0.074
EOD_BREAKOUT,SINGLE,F2_RS70,0.8,3325,41.08,0.0419,1.094,324.74,0.0,773,0.2626,1.694,0.07,0.0369,0.0023,0.0815,-0.0311,-0.1041,41.01,0.005,41.01,-0.074
EOD_BREAKOUT,SINGLE,F2_RS70,1.0,3325,41.08,0.0326,1.072,329.74,0.0,773,0.247,1.627,0.07,0.0276,-0.0071,0.0724,-0.0404,-0.1134,41.01,0.005,41.01,-0.074
EOD_BREAKOUT,SINGLE,F2_RS70,1.5,3325,41.08,0.0124,1.026,332.89,0.0,773,0.225,1.54,0.07,0.0074,-0.0277,0.0525,-0.0606,-0.1336,41.01,0.005,41.01,-0.074
EOD_BREAKOUT,SINGLE,F2_RS80,0.0,1692,40.07,-0.0598,0.889,199.28,0.0,379,0.1591,1.338,-0.94,-0.0648,-0.1171,-0.0024,-0.1328,-0.2058,41.01,0.005,41.01,-0.074
EOD_BREAKOUT,SINGLE,F2_RS80,0.5,1692,40.07,0.0452,1.105,170.61,0.0,379,0.262,1.712,-0.94,0.0402,-0.0095,0.0999,-0.0278,-0.1008,41.01,0.005,41.01,-0.074
EOD_BREAKOUT,SINGLE,F2_RS80,0.8,1692,40.07,0.0318,1.071,185.18,0.0,379,0.2515,1.665,-0.94,0.0268,-0.0233,0.0868,-0.0412,-0.1142,41.01,0.005,41.01,-0.074
EOD_BREAKOUT,SINGLE,F2_RS80,1.0,1692,40.07,0.0212,1.046,185.18,0.0,379,0.2391,1.612,-0.94,0.0162,-0.0342,0.0766,-0.0518,-0.1248,41.01,0.005,41.01,-0.074
EOD_BREAKOUT,SINGLE,F2_RS80,1.5,1692,40.07,0.0001,1.0,194.56,0.0,379,0.2081,1.493,-0.94,-0.0049,-0.0558,0.056,-0.0729,-0.1459,41.01,0.005,41.01,-0.074
EOD_BREAKOUT,SINGLE,F3_SECTOR,0.0,5765,41.56,-0.0511,0.903,542.18,0.0,1306,0.1584,1.333,0.55,-0.0561,-0.0818,-0.0204,-0.1241,-0.1971,41.01,0.005,41.01,-0.074
EOD_BREAKOUT,SINGLE,F3_SECTOR,0.5,5765,41.56,0.0518,1.122,444.77,0.0,1306,0.2723,1.751,0.55,0.0468,0.0225,0.0811,-0.0212,-0.0942,41.01,0.005,41.01,-0.074
EOD_BREAKOUT,SINGLE,F3_SECTOR,0.8,5765,41.56,0.0376,1.085,467.25,0.0,1306,0.2597,1.692,0.55,0.0326,0.0081,0.0671,-0.0354,-0.1084,41.01,0.005,41.01,-0.074
EOD_BREAKOUT,SINGLE,F3_SECTOR,1.0,5765,41.56,0.0278,1.062,474.78,0.0,1306,0.2411,1.612,0.55,0.0228,-0.0019,0.0574,-0.0452,-0.1182,41.01,0.005,41.01,-0.074
EOD_BREAKOUT,SINGLE,F3_SECTOR,1.5,5765,41.56,0.0075,1.016,506.33,0.0,1306,0.2213,1.535,0.55,0.0025,-0.0224,0.0375,-0.0655,-0.1385,41.01,0.005,41.01,-0.074
EOD_BREAKOUT,SINGLE,F4_VOL15,0.0,4343,40.2,-0.0744,0.862,465.48,0.0,992,0.0509,1.1,-0.81,-0.0794,-0.1097,-0.0391,-0.1474,-0.2204,41.01,0.005,41.01,-0.074
EOD_BREAKOUT,SINGLE,F4_VOL15,0.5,4343,40.2,0.0291,1.067,372.05,0.0,992,0.1737,1.447,-0.81,0.0241,-0.0046,0.0629,-0.0439,-0.1169,41.01,0.005,41.01,-0.074
EOD_BREAKOUT,SINGLE,F4_VOL15,0.8,4343,40.2,0.0145,1.032,389.69,0.0,992,0.1589,1.394,-0.81,0.0095,-0.0195,0.0485,-0.0585,-0.1315,41.01,0.005,41.01,-0.074
EOD_BREAKOUT,SINGLE,F4_VOL15,1.0,4343,40.2,0.0051,1.011,394.39,0.0,992,0.1406,1.333,-0.81,0.0001,-0.029,0.0392,-0.0679,-0.1409,41.01,0.005,41.01,-0.074
EOD_BREAKOUT,SINGLE,F4_VOL15,1.5,4343,40.2,-0.0156,0.968,404.63,0.0,992,0.12,1.271,-0.81,-0.0206,-0.0501,0.0188,-0.0886,-0.1616,41.01,0.005,41.01,-0.074
EOD_BREAKOUT,SINGLE,F4_VOL20,0.0,2250,41.33,-0.0615,0.884,207.07,0.0,500,0.045,1.09,0.32,-0.0665,-0.1101,-0.0129,-0.1345,-0.2075,41.01,0.005,41.01,-0.074
EOD_BREAKOUT,SINGLE,F4_VOL20,0.5,2250,41.33,0.0404,1.095,166.01,0.0,500,0.1717,1.461,0.32,0.0354,-0.006,0.0867,-0.0326,-0.1056,41.01,0.005,41.01,-0.074
EOD_BREAKOUT,SINGLE,F4_VOL20,0.8,2250,41.33,0.0278,1.063,176.26,0.0,500,0.1584,1.411,0.32,0.0228,-0.0188,0.0745,-0.0452,-0.1182,41.01,0.005,41.01,-0.074
EOD_BREAKOUT,SINGLE,F4_VOL20,1.0,2250,41.33,0.0186,1.042,178.5,0.0,500,0.142,1.353,0.32,0.0136,-0.0282,0.0655,-0.0544,-0.1274,41.01,0.005,41.01,-0.074
EOD_BREAKOUT,SINGLE,F4_VOL20,1.5,2250,41.33,-0.0024,0.995,186.11,0.0,500,0.112,1.259,0.32,-0.0074,-0.0497,0.045,-0.0754,-0.1484,41.01,0.005,41.01,-0.074
EOD_BREAKOUT,SINGLE,F5_MTF,0.0,6302,40.86,-0.0627,0.884,683.69,0.0,1453,0.1226,1.247,-0.15,-0.0677,-0.0922,-0.0331,-0.1357,-0.2087,41.01,0.005,41.01,-0.074
EOD_BREAKOUT,SINGLE,F5_MTF,0.5,6302,40.86,0.0414,1.095,539.63,0.0,1453,0.232,1.599,-0.15,0.0364,0.0132,0.0696,-0.0316,-0.1046,41.01,0.005,41.01,-0.074
EOD_BREAKOUT,SINGLE,F5_MTF,0.8,6302,40.86,0.0276,1.062,577.98,0.0,1453,0.2184,1.545,-0.15,0.0226,-0.0007,0.056,-0.0454,-0.1184,41.01,0.005,41.01,-0.074
EOD_BREAKOUT,SINGLE,F5_MTF,1.0,6302,40.86,0.0177,1.039,610.39,0.0,1453,0.1999,1.477,-0.15,0.0127,-0.0109,0.0462,-0.0553,-0.1283,41.01,0.005,41.01,-0.074
EOD_BREAKOUT,SINGLE,F5_MTF,1.5,6302,40.86,-0.0033,0.993,654.23,0.0,1453,0.1757,1.396,-0.15,-0.0083,-0.0321,0.0255,-0.0763,-0.1493,41.01,0.005,41.01,-0.074
EOD_BREAKOUT,SINGLE,F6_BREADTH60,0.0,7958,42.89,-0.0314,0.94,606.28,0.0,1886,0.1524,1.312,1.88,-0.0364,-0.0577,-0.0051,-0.1044,-0.1774,41.01,0.005,41.01,-0.074
EOD_BREAKOUT,SINGLE,F6_BREADTH60,0.5,7958,42.89,0.0679,1.16,523.5,0.0,1886,0.2583,1.675,1.88,0.0629,0.0427,0.093,-0.0051,-0.0781,41.01,0.005,41.01,-0.074
EOD_BREAKOUT,SINGLE,F6_BREADTH60,0.8,7958,42.89,0.0542,1.124,589.71,0.0,1886,0.2521,1.648,1.88,0.0492,0.0289,0.0796,-0.0188,-0.0918,41.01,0.005,41.01,-0.074
EOD_BREAKOUT,SINGLE,F6_BREADTH60,1.0,7958,42.89,0.0444,1.099,589.71,0.0,1886,0.2342,1.576,1.88,0.0394,0.019,0.0699,-0.0286,-0.1016,41.01,0.005,41.01,-0.074
EOD_BREAKOUT,SINGLE,F6_BREADTH60,1.5,7958,42.89,0.0252,1.054,600.46,0.0,1886,0.2172,1.513,1.88,0.0202,-0.0005,0.0509,-0.0478,-0.1208,41.01,0.005,41.01,-0.074
EOD_BREAKOUT,SINGLE,F7_VOLCOMP,0.0,5772,41.46,-0.0506,0.905,536.44,0.0,1332,0.1504,1.321,0.45,-0.0556,-0.0815,-0.0197,-0.1236,-0.1966,41.01,0.005,41.01,-0.074
EOD_BREAKOUT,SINGLE,F7_VOLCOMP,0.5,5772,41.46,0.054,1.126,479.45,0.0,1332,0.2563,1.705,0.45,0.049,0.0245,0.0835,-0.019,-0.092,41.01,0.005,41.01,-0.074
EOD_BREAKOUT,SINGLE,F7_VOLCOMP,0.8,5772,41.46,0.0397,1.09,502.47,0.0,1332,0.243,1.645,0.45,0.0347,0.01,0.0694,-0.0333,-0.1063,41.01,0.005,41.01,-0.074
EOD_BREAKOUT,SINGLE,F7_VOLCOMP,1.0,5772,41.46,0.0297,1.066,502.49,0.0,1332,0.2238,1.565,0.45,0.0247,-0.0002,0.0596,-0.0433,-0.1163,41.01,0.005,41.01,-0.074
EOD_BREAKOUT,SINGLE,F7_VOLCOMP,1.5,5772,41.46,0.0088,1.019,526.26,0.0,1332,0.2057,1.497,0.45,0.0038,-0.0214,0.039,-0.0642,-0.1372,41.01,0.005,41.01,-0.074
EOD_BREAKOUT,SINGLE,F8_CLEANGAP,0.0,4275,43.56,-0.0008,0.998,333.46,0.0,996,0.1656,1.349,2.55,-0.0058,-0.0372,0.0356,-0.0738,-0.1468,41.01,0.005,41.01,-0.074
EOD_BREAKOUT,SINGLE,F8_CLEANGAP,0.5,4275,43.56,0.0981,1.238,278.81,0.0,996,0.2844,1.799,2.55,0.0931,0.0634,0.1329,0.0251,-0.0479,41.01,0.005,41.01,-0.074
EOD_BREAKOUT,SINGLE,F8_CLEANGAP,0.8,4275,43.56,0.0845,1.198,296.25,0.0,996,0.27,1.729,2.55,0.0795,0.0495,0.1195,0.0115,-0.0615,41.01,0.005,41.01,-0.074
EOD_BREAKOUT,SINGLE,F8_CLEANGAP,1.0,4275,43.56,0.0749,1.172,306.93,0.0,996,0.2471,1.628,2.55,0.0699,0.0397,0.1101,0.0019,-0.0711,41.01,0.005,41.01,-0.074
EOD_BREAKOUT,SINGLE,F8_CLEANGAP,1.5,4275,43.56,0.0544,1.119,323.65,0.0,996,0.227,1.549,2.55,0.0494,0.0189,0.09,-0.0186,-0.0916,41.01,0.005,41.01,-0.074
EOD_BREAKOUT,SINGLE,F9_EARLY,0.0,4693,42.08,-0.0386,0.927,425.08,0.0,1030,0.1661,1.351,1.07,-0.0436,-0.073,-0.0041,-0.1116,-0.1846,41.01,0.005,41.01,-0.074
EOD_BREAKOUT,SINGLE,F9_EARLY,0.5,4693,42.08,0.0666,1.157,342.11,0.0,1030,0.2698,1.729,1.07,0.0616,0.0338,0.0994,-0.0064,-0.0794,41.01,0.005,41.01,-0.074
EOD_BREAKOUT,SINGLE,F9_EARLY,0.8,4693,42.08,0.0522,1.119,356.18,0.0,1030,0.2522,1.65,1.07,0.0472,0.0192,0.0852,-0.0208,-0.0938,41.01,0.005,41.01,-0.074
EOD_BREAKOUT,SINGLE,F9_EARLY,1.0,4693,42.08,0.0426,1.095,359.92,0.0,1030,0.2398,1.599,1.07,0.0376,0.0094,0.0758,-0.0304,-0.1034,41.01,0.005,41.01,-0.074
EOD_BREAKOUT,SINGLE,F9_EARLY,1.5,4693,42.08,0.0213,1.045,386.92,0.0,1030,0.2225,1.533,1.07,0.0163,-0.0123,0.0548,-0.0517,-0.1247,41.01,0.005,41.01,-0.074
EOD_BREAKOUT,SINGLE,F10_BODY,0.0,2354,40.91,-0.0531,0.902,235.07,0.0,551,0.1471,1.308,-0.1,-0.0581,-0.1021,-0.004,-0.1261,-0.1991,41.01,0.005,41.01,-0.074
EOD_BREAKOUT,SINGLE,F10_BODY,0.5,2354,40.91,0.05,1.114,185.75,0.0,551,0.2634,1.728,-0.1,0.045,0.0031,0.0968,-0.023,-0.096,41.01,0.005,41.01,-0.074
EOD_BREAKOUT,SINGLE,F10_BODY,0.8,2354,40.91,0.0368,1.082,196.35,0.0,551,0.2521,1.676,-0.1,0.0318,-0.0103,0.084,-0.0362,-0.1092,41.01,0.005,41.01,-0.074
EOD_BREAKOUT,SINGLE,F10_BODY,1.0,2354,40.91,0.0267,1.058,204.79,0.0,551,0.2321,1.59,-0.1,0.0217,-0.0207,0.0741,-0.0463,-0.1193,41.01,0.005,41.01,-0.074
EOD_BREAKOUT,SINGLE,F10_BODY,1.5,2354,40.91,0.0084,1.018,207.79,0.0,551,0.2157,1.527,-0.1,0.0034,-0.0393,0.0562,-0.0646,-0.1376,41.01,0.005,41.01,-0.074
EOD_BREAKOUT,SINGLE,F11_PATH,0.0,5336,41.81,-0.0345,0.935,452.29,0.0,1273,0.1871,1.396,0.8,-0.0395,-0.067,-0.002,-0.1075,-0.1805,41.01,0.005,41.01,-0.074
EOD_BREAKOUT,SINGLE,F11_PATH,0.5,5336,41.81,0.0666,1.156,380.53,0.0,1273,0.2978,1.825,0.8,0.0616,0.0356,0.0976,-0.0064,-0.0794,41.01,0.005,41.01,-0.074
EOD_BREAKOUT,SINGLE,F11_PATH,0.8,5336,41.81,0.0534,1.121,403.82,0.0,1273,0.2843,1.759,0.8,0.0484,0.0222,0.0846,-0.0196,-0.0926,41.01,0.005,41.01,-0.074
EOD_BREAKOUT,SINGLE,F11_PATH,1.0,5336,41.81,0.0437,1.097,403.82,0.0,1273,0.2664,1.679,0.8,0.0387,0.0124,0.0751,-0.0293,-0.1023,41.01,0.005,41.01,-0.074
EOD_BREAKOUT,SINGLE,F11_PATH,1.5,5336,41.81,0.0239,1.051,424.62,0.0,1273,0.2477,1.602,0.8,0.0189,-0.0078,0.0555,-0.0491,-0.1221,41.01,0.005,41.01,-0.074
EOD_BREAKOUT,SINGLE,F12_MOM,0.0,1924,40.75,-0.0519,0.902,204.09,0.0,473,0.1293,1.274,-0.26,-0.0569,-0.1056,0.0017,-0.1249,-0.1979,41.01,0.005,41.01,-0.074
EOD_BREAKOUT,SINGLE,F12_MOM,0.5,1924,40.75,0.0484,1.112,173.21,0.0,473,0.2278,1.609,-0.26,0.0434,-0.0029,0.0997,-0.0246,-0.0976,41.01,0.005,41.01,-0.074
EOD_BREAKOUT,SINGLE,F12_MOM,0.8,1924,40.75,0.0354,1.08,173.21,0.0,473,0.2151,1.557,-0.26,0.0304,-0.0162,0.087,-0.0376,-0.1106,41.01,0.005,41.01,-0.074
EOD_BREAKOUT,SINGLE,F12_MOM,1.0,1924,40.75,0.0262,1.058,173.21,0.0,473,0.2088,1.532,-0.26,0.0212,-0.0256,0.0781,-0.0468,-0.1198,41.01,0.005,41.01,-0.074
EOD_BREAKOUT,SINGLE,F12_MOM,1.5,1924,40.75,0.0071,1.015,187.11,0.0,473,0.1811,1.431,-0.26,0.0021,-0.0453,0.0594,-0.0659,-0.1389,41.01,0.005,41.01,-0.074
SHORT_COVERING,SINGLE,F1_CPOS75,0.0,705,35.04,-0.0446,0.937,67.03,0.0,147,0.0136,1.02,0.37,-0.0846,-0.1555,0.0664,-0.1176,-0.1906,34.67,0.04,34.67,-0.068
SHORT_COVERING,SINGLE,F1_CPOS75,0.5,705,35.04,0.0928,1.164,67.03,0.0,147,0.135,1.241,0.37,0.0528,-0.0136,0.1992,0.0198,-0.0532,34.67,0.04,34.67,-0.068
SHORT_COVERING,SINGLE,F1_CPOS75,0.8,705,35.04,0.073,1.124,67.03,0.0,147,0.1146,1.198,0.37,0.033,-0.0342,0.1801,-0.0,-0.073,34.67,0.04,34.67,-0.068
SHORT_COVERING,SINGLE,F1_CPOS75,1.0,705,35.04,0.066,1.111,67.03,0.0,147,0.1146,1.198,0.37,0.026,-0.0414,0.1734,-0.007,-0.08,34.67,0.04,34.67,-0.068
SHORT_COVERING,SINGLE,F1_CPOS75,1.5,705,35.04,0.0368,1.059,67.03,0.0,147,0.0902,1.149,0.37,-0.0032,-0.0716,0.1452,-0.0362,-0.1092,34.67,0.04,34.67,-0.068
SHORT_COVERING,SINGLE,F1_CPOS80,0.0,458,36.9,0.0324,1.047,28.01,0.0,107,0.0307,1.045,2.23,-0.0076,-0.1092,0.174,-0.0406,-0.1136,34.67,0.04,34.67,-0.068
SHORT_COVERING,SINGLE,F1_CPOS80,0.5,458,36.9,0.1646,1.297,28.01,0.0,107,0.1671,1.303,2.23,0.1246,0.0289,0.3003,0.0916,0.0186,34.67,0.04,34.67,-0.068
SHORT_COVERING,SINGLE,F1_CPOS80,0.8,458,36.9,0.1518,1.267,28.01,0.0,107,0.1577,1.281,2.23,0.1118,0.0155,0.288,0.0788,0.0058,34.67,0.04,34.67,-0.068
SHORT_COVERING,SINGLE,F1_CPOS80,1.0,458,36.9,0.1392,1.24,28.01,0.0,107,0.1506,1.265,2.23,0.0992,0.0023,0.2761,0.0662,-0.0068,34.67,0.04,34.67,-0.068
SHORT_COVERING,SINGLE,F1_CPOS80,1.5,458,36.9,0.1132,1.187,28.01,0.0,107,0.1242,1.209,2.23,0.0732,-0.0249,0.2513,0.0402,-0.0328,34.67,0.04,34.67,-0.068
SHORT_COVERING,SINGLE,F2_RS70,0.0,2167,35.49,-0.0385,0.944,131.42,0.0,420,0.0649,1.097,0.82,-0.0785,-0.1011,0.0242,-0.1115,-0.1845,34.67,0.04,34.67,-0.068
SHORT_COVERING,SINGLE,F2_RS70,0.5,2167,35.49,0.0979,1.176,94.01,0.0,420,0.211,1.406,0.82,0.0579,0.0379,0.1579,0.0249,-0.0481,34.67,0.04,34.67,-0.068
SHORT_COVERING,SINGLE,F2_RS70,0.8,2167,35.49,0.0802,1.14,97.4,0.0,420,0.2023,1.383,0.82,0.0402,0.0198,0.1406,0.0072,-0.0658,34.67,0.04,34.67,-0.068
SHORT_COVERING,SINGLE,F2_RS70,1.0,2167,35.49,0.0686,1.117,104.21,0.0,420,0.1904,1.352,0.82,0.0286,0.0079,0.1292,-0.0044,-0.0774,34.67,0.04,34.67,-0.068
SHORT_COVERING,SINGLE,F2_RS70,1.5,2167,35.49,0.0402,1.065,104.21,0.0,420,0.1556,1.27,0.82,0.0002,-0.021,0.1013,-0.0328,-0.1058,34.67,0.04,34.67,-0.068
SHORT_COVERING,SINGLE,F2_RS80,0.0,1105,36.2,-0.0238,0.965,88.61,0.0,217,0.1514,1.24,1.53,-0.0638,-0.1112,0.0637,-0.0968,-0.1698,34.67,0.04,34.67,-0.068
SHORT_COVERING,SINGLE,F2_RS80,0.5,1105,36.2,0.109,1.199,67.3,0.0,217,0.3105,1.659,1.53,0.069,0.0252,0.1928,0.036,-0.037,34.67,0.04,34.67,-0.068
SHORT_COVERING,SINGLE,F2_RS80,0.8,1105,36.2,0.0908,1.161,67.3,0.0,217,0.2779,1.552,1.53,0.0508,0.0065,0.1752,0.0178,-0.0552,34.67,0.04,34.67,-0.068
SHORT_COVERING,SINGLE,F2_RS80,1.0,1105,36.2,0.0794,1.138,67.3,0.0,217,0.2687,1.524,1.53,0.0394,-0.0053,0.164,0.0064,-0.0666,34.67,0.04,34.67,-0.068
SHORT_COVERING,SINGLE,F2_RS80,1.5,1105,36.2,0.0524,1.087,67.3,0.0,217,0.239,1.44,1.53,0.0124,-0.033,0.1378,-0.0206,-0.0936,34.67,0.04,34.67,-0.068
SHORT_COVERING,SINGLE,F3_SECTOR,0.0,3746,35.29,-0.039,0.944,178.33,0.0,706,0.0139,1.02,0.62,-0.079,-0.0867,0.0088,-0.112,-0.185,34.67,0.04,34.67,-0.068
SHORT_COVERING,SINGLE,F3_SECTOR,0.5,3746,35.29,0.0974,1.174,178.33,0.0,706,0.1703,1.324,0.62,0.0574,0.0516,0.1432,0.0244,-0.0486,34.67,0.04,34.67,-0.068
SHORT_COVERING,SINGLE,F3_SECTOR,0.8,3746,35.29,0.0794,1.137,178.33,0.0,706,0.1513,1.278,0.62,0.0394,0.0333,0.1254,0.0064,-0.0666,34.67,0.04,34.67,-0.068
SHORT_COVERING,SINGLE,F3_SECTOR,1.0,3746,35.29,0.0679,1.115,178.33,0.0,706,0.1373,1.246,0.62,0.0279,0.0217,0.1141,-0.0051,-0.0781,34.67,0.04,34.67,-0.068
SHORT_COVERING,SINGLE,F3_SECTOR,1.5,3746,35.29,0.0398,1.064,178.33,0.0,706,0.0967,1.161,0.62,-0.0002,-0.0069,0.0865,-0.0332,-0.1062,34.67,0.04,34.67,-0.068
SHORT_COVERING,SINGLE,F4_VOL15,0.0,2850,33.96,-0.0726,0.898,236.45,0.0,538,-0.0881,0.878,-0.71,-0.1126,-0.1274,-0.0179,-0.1456,-0.2186,34.67,0.04,34.67,-0.068
SHORT_COVERING,SINGLE,F4_VOL15,0.5,2850,33.96,0.0667,1.116,228.14,0.0,538,0.0976,1.183,-0.71,0.0267,0.0141,0.1192,-0.0063,-0.0793,34.67,0.04,34.67,-0.068
SHORT_COVERING,SINGLE,F4_VOL15,0.8,2850,33.96,0.0492,1.083,234.62,0.0,538,0.0596,1.104,-0.71,0.0092,-0.0037,0.102,-0.0238,-0.0968,34.67,0.04,34.67,-0.068
SHORT_COVERING,SINGLE,F4_VOL15,1.0,2850,33.96,0.0363,1.06,234.62,0.0,538,0.0447,1.076,-0.71,-0.0037,-0.0168,0.0894,-0.0367,-0.1097,34.67,0.04,34.67,-0.068
SHORT_COVERING,SINGLE,F4_VOL15,1.5,2850,33.96,0.0092,1.014,236.45,0.0,538,0.0151,1.024,-0.71,-0.0308,-0.0443,0.0627,-0.0638,-0.1368,34.67,0.04,34.67,-0.068
SHORT_COVERING,SINGLE,F4_VOL20,0.0,1489,33.11,-0.0878,0.878,143.27,0.0,293,-0.0816,0.887,-1.56,-0.1278,-0.1634,-0.0123,-0.1608,-0.2338,34.67,0.04,34.67,-0.068
SHORT_COVERING,SINGLE,F4_VOL20,0.5,1489,33.11,0.054,1.093,137.15,0.0,293,0.1036,1.192,-1.56,0.014,-0.0185,0.1265,-0.019,-0.092,34.67,0.04,34.67,-0.068
SHORT_COVERING,SINGLE,F4_VOL20,0.8,1489,33.11,0.0346,1.058,141.65,0.0,293,0.0608,1.105,-1.56,-0.0054,-0.0384,0.1075,-0.0384,-0.1114,34.67,0.04,34.67,-0.068
SHORT_COVERING,SINGLE,F4_VOL20,1.0,1489,33.11,0.0211,1.034,141.65,0.0,293,0.0472,1.079,-1.56,-0.0189,-0.0522,0.0944,-0.0519,-0.1249,34.67,0.04,34.67,-0.068
SHORT_COVERING,SINGLE,F4_VOL20,1.5,1489,33.11,-0.0056,0.991,143.27,0.0,293,0.0153,1.024,-1.56,-0.0456,-0.0795,0.0683,-0.0786,-0.1516,34.67,0.04,34.67,-0.068
SHORT_COVERING,SINGLE,F5_MTF,0.0,4095,35.29,-0.0367,0.947,236.22,0.0,768,-0.0067,0.99,0.62,-0.0767,-0.0824,0.009,-0.1097,-0.1827,34.67,0.04,34.67,-0.068
SHORT_COVERING,SINGLE,F5_MTF,0.5,4095,35.29,0.0991,1.176,236.22,0.0,768,0.1575,1.303,0.62,0.0591,0.0552,0.1429,0.0261,-0.0469,34.67,0.04,34.67,-0.068
SHORT_COVERING,SINGLE,F5_MTF,0.8,4095,35.29,0.0814,1.141,236.22,0.0,768,0.1256,1.228,0.62,0.0414,0.0373,0.1256,0.0084,-0.0646,34.67,0.04,34.67,-0.068
SHORT_COVERING,SINGLE,F5_MTF,1.0,4095,35.29,0.07,1.119,236.22,0.0,768,0.1088,1.191,0.62,0.03,0.0258,0.1143,-0.003,-0.076,34.67,0.04,34.67,-0.068
SHORT_COVERING,SINGLE,F5_MTF,1.5,4095,35.29,0.0426,1.069,236.22,0.0,768,0.0773,1.129,0.62,0.0026,-0.0021,0.0873,-0.0304,-0.1034,34.67,0.04,34.67,-0.068
SHORT_COVERING,SINGLE,F7_VOLCOMP,0.0,3771,34.47,-0.0562,0.92,265.64,0.0,696,-0.0551,0.922,-0.2,-0.0962,-0.1037,-0.0087,-0.1292,-0.2022,34.67,0.04,34.67,-0.068
SHORT_COVERING,SINGLE,F7_VOLCOMP,0.5,3771,34.47,0.0809,1.143,265.64,0.0,696,0.1244,1.237,-0.2,0.0409,0.0353,0.1264,0.0079,-0.0651,34.67,0.04,34.67,-0.068
SHORT_COVERING,SINGLE,F7_VOLCOMP,0.8,3771,34.47,0.0625,1.107,265.64,0.0,696,0.0885,1.158,-0.2,0.0225,0.0166,0.1083,-0.0105,-0.0835,34.67,0.04,34.67,-0.068
SHORT_COVERING,SINGLE,F7_VOLCOMP,1.0,3771,34.47,0.0526,1.088,265.64,0.0,696,0.0885,1.158,-0.2,0.0126,0.0066,0.0986,-0.0204,-0.0934,34.67,0.04,34.67,-0.068
SHORT_COVERING,SINGLE,F7_VOLCOMP,1.5,3771,34.47,0.0247,1.04,265.64,0.0,696,0.043,1.071,-0.2,-0.0153,-0.0217,0.0711,-0.0483,-0.1213,34.67,0.04,34.67,-0.068
SHORT_COVERING,SINGLE,F8_CLEANGAP,0.0,2798,36.17,-0.0173,0.975,152.14,0.0,542,0.0419,1.062,1.5,-0.0573,-0.0729,0.0384,-0.0903,-0.1633,34.67,0.04,34.67,-0.068
SHORT_COVERING,SINGLE,F8_CLEANGAP,0.5,2798,36.17,0.1166,1.209,152.14,0.0,542,0.2015,1.39,1.5,0.0766,0.0633,0.17,0.0436,-0.0294,34.67,0.04,34.67,-0.068
SHORT_COVERING,SINGLE,F8_CLEANGAP,0.8,2798,36.17,0.0989,1.172,152.14,0.0,542,0.1704,1.311,1.5,0.0589,0.0453,0.1526,0.0259,-0.0471,34.67,0.04,34.67,-0.068
SHORT_COVERING,SINGLE,F8_CLEANGAP,1.0,2798,36.17,0.0883,1.151,152.14,0.0,542,0.1593,1.285,1.5,0.0483,0.0344,0.1422,0.0153,-0.0577,34.67,0.04,34.67,-0.068
SHORT_COVERING,SINGLE,F8_CLEANGAP,1.5,2798,36.17,0.0621,1.101,152.14,0.0,542,0.1288,1.218,1.5,0.0221,0.0078,0.1164,-0.0109,-0.0839,34.67,0.04,34.67,-0.068
SHORT_COVERING,SINGLE,F9_EARLY,0.0,3081,34.47,-0.07,0.901,222.83,0.0,555,-0.0674,0.904,-0.2,-0.11,-0.1223,-0.0176,-0.143,-0.216,34.67,0.04,34.67,-0.068
SHORT_COVERING,SINGLE,F9_EARLY,0.5,3081,34.47,0.0692,1.121,222.19,0.0,555,0.102,1.192,-0.2,0.0292,0.019,0.1194,-0.0038,-0.0768,34.67,0.04,34.67,-0.068
SHORT_COVERING,SINGLE,F9_EARLY,0.8,3081,34.47,0.0511,1.087,222.19,0.0,555,0.0791,1.143,-0.2,0.0111,0.0006,0.1016,-0.0219,-0.0949,34.67,0.04,34.67,-0.068
SHORT_COVERING,SINGLE,F9_EARLY,1.0,3081,34.47,0.0418,1.07,222.19,0.0,555,0.0773,1.139,-0.2,0.0018,-0.0088,0.0925,-0.0312,-0.1042,34.67,0.04,34.67,-0.068
SHORT_COVERING,SINGLE,F9_EARLY,1.5,3081,34.47,0.0121,1.019,222.19,0.0,555,0.0249,1.041,-0.2,-0.0279,-0.039,0.0632,-0.0609,-0.1339,34.67,0.04,34.67,-0.068
SHORT_COVERING,SINGLE,F10_BODY,0.0,1513,35.82,-0.0276,0.96,100.61,0.0,308,0.0228,1.035,1.15,-0.0676,-0.103,0.0479,-0.1006,-0.1736,34.67,0.04,34.67,-0.068
SHORT_COVERING,SINGLE,F10_BODY,0.5,1513,35.82,0.1076,1.193,100.61,0.0,308,0.1749,1.346,1.15,0.0676,0.0353,0.18,0.0346,-0.0384,34.67,0.04,34.67,-0.068
SHORT_COVERING,SINGLE,F10_BODY,0.8,1513,35.82,0.0909,1.158,100.61,0.0,308,0.1429,1.266,1.15,0.0509,0.0182,0.1637,0.0179,-0.0551,34.67,0.04,34.67,-0.068
SHORT_COVERING,SINGLE,F10_BODY,1.0,1513,35.82,0.0796,1.136,100.61,0.0,308,0.1266,1.229,1.15,0.0396,0.0066,0.1526,0.0066,-0.0664,34.67,0.04,34.67,-0.068
SHORT_COVERING,SINGLE,F10_BODY,1.5,1513,35.82,0.0533,1.087,100.61,0.0,308,0.0918,1.156,1.15,0.0133,-0.0204,0.127,-0.0197,-0.0927,34.67,0.04,34.67,-0.068
SHORT_COVERING,SINGLE,F11_PATH,0.0,3470,34.5,-0.0569,0.919,208.14,0.0,645,-0.0687,0.903,-0.17,-0.0969,-0.1063,-0.0074,-0.1299,-0.2029,34.67,0.04,34.67,-0.068
SHORT_COVERING,SINGLE,F11_PATH,0.5,3470,34.5,0.0797,1.14,194.68,0.0,645,0.1135,1.215,-0.17,0.0397,0.0323,0.1271,0.0067,-0.0663,34.67,0.04,34.67,-0.068
SHORT_COVERING,SINGLE,F11_PATH,0.8,3470,34.5,0.0618,1.106,194.68,0.0,645,0.0845,1.151,-0.17,0.0218,0.0141,0.1096,-0.0112,-0.0842,34.67,0.04,34.67,-0.068
SHORT_COVERING,SINGLE,F11_PATH,1.0,3470,34.5,0.0507,1.085,194.68,0.0,645,0.0675,1.117,-0.17,0.0107,0.0028,0.0987,-0.0223,-0.0953,34.67,0.04,34.67,-0.068
SHORT_COVERING,SINGLE,F11_PATH,1.5,3470,34.5,0.0232,1.037,194.68,0.0,645,0.036,1.059,-0.17,-0.0168,-0.0251,0.0715,-0.0498,-0.1228,34.67,0.04,34.67,-0.068
SHORT_COVERING,SINGLE,F12_MOM,0.0,1270,34.33,-0.068,0.904,131.5,0.0,248,-0.0312,0.955,-0.34,-0.108,-0.1497,0.0137,-0.141,-0.214,34.67,0.04,34.67,-0.068
SHORT_COVERING,SINGLE,F12_MOM,0.5,1270,34.33,0.0711,1.125,131.5,0.0,248,0.1198,1.222,-0.34,0.0311,-0.0072,0.1495,-0.0019,-0.0749,34.67,0.04,34.67,-0.068
SHORT_COVERING,SINGLE,F12_MOM,0.8,1270,34.33,0.0536,1.092,131.5,0.0,248,0.0964,1.171,-0.34,0.0136,-0.0252,0.1324,-0.0194,-0.0924,34.67,0.04,34.67,-0.068
SHORT_COVERING,SINGLE,F12_MOM,1.0,1270,34.33,0.0402,1.067,131.5,0.0,248,0.0722,1.123,-0.34,0.0002,-0.0389,0.1194,-0.0328,-0.1058,34.67,0.04,34.67,-0.068
SHORT_COVERING,SINGLE,F12_MOM,1.5,1270,34.33,0.014,1.022,131.5,0.0,248,0.0457,1.075,-0.34,-0.026,-0.0658,0.0939,-0.059,-0.132,34.67,0.04,34.67,-0.068
MULTITF_1H,SINGLE,F1_CPOS75,0.0,678,36.43,-0.0303,0.954,72.84,0.0,492,-0.0187,0.971,-0.15,-0.1113,-0.1382,0.0776,-0.0828,-0.1353,36.58,0.081,36.58,-0.028
MULTITF_1H,SINGLE,F1_CPOS75,0.5,678,36.43,0.1105,1.215,52.74,0.0,492,0.1197,1.236,-0.15,0.0295,0.0075,0.2135,0.058,0.0055,36.58,0.081,36.58,-0.028
MULTITF_1H,SINGLE,F1_CPOS75,0.8,678,36.43,0.0914,1.171,57.73,0.0,492,0.0994,1.188,-0.15,0.0104,-0.0124,0.1951,0.0389,-0.0136,36.58,0.081,36.58,-0.028
MULTITF_1H,SINGLE,F1_CPOS75,1.0,678,36.43,0.0796,1.146,61.73,0.0,492,0.0872,1.161,-0.15,-0.0014,-0.0247,0.1838,0.0271,-0.0254,36.58,0.081,36.58,-0.028
MULTITF_1H,SINGLE,F1_CPOS75,1.5,678,36.43,0.0471,1.082,61.73,0.0,492,0.0567,1.099,-0.15,-0.0339,-0.0583,0.1525,-0.0054,-0.0579,36.58,0.081,36.58,-0.028
MULTITF_1H,SINGLE,F1_CPOS80,0.0,438,37.44,-0.0246,0.962,33.71,0.0,326,-0.036,0.945,0.86,-0.1056,-0.1588,0.1095,-0.0771,-0.1296,36.58,0.081,36.58,-0.028
MULTITF_1H,SINGLE,F1_CPOS80,0.5,438,37.44,0.1137,1.221,24.75,0.0,326,0.0916,1.173,0.86,0.0327,-0.0144,0.2418,0.0612,0.0087,36.58,0.081,36.58,-0.028
MULTITF_1H,SINGLE,F1_CPOS80,0.8,438,37.44,0.0954,1.179,28.33,0.0,326,0.0762,1.14,0.86,0.0144,-0.0336,0.2244,0.0429,-0.0096,36.58,0.081,36.58,-0.028
MULTITF_1H,SINGLE,F1_CPOS80,1.0,438,37.44,0.084,1.154,28.33,0.0,326,0.0609,1.109,0.86,0.003,-0.0456,0.2136,0.0315,-0.021,36.58,0.081,36.58,-0.028
MULTITF_1H,SINGLE,F1_CPOS80,1.5,438,37.44,0.0549,1.096,28.33,0.0,326,0.0371,1.063,0.86,-0.0261,-0.076,0.1857,0.0024,-0.0501,36.58,0.081,36.58,-0.028
MULTITF_1H,SINGLE,F2_RS70,0.0,2100,37.24,-0.0516,0.921,208.14,0.0,1473,-0.0488,0.925,0.66,-0.1326,-0.112,0.0087,-0.1041,-0.1566,36.58,0.081,36.58,-0.028
MULTITF_1H,SINGLE,F2_RS70,0.5,2100,37.24,0.0832,1.16,150.58,0.0,1473,0.0889,1.173,0.66,0.0022,0.0254,0.141,0.0307,-0.0218,36.58,0.081,36.58,-0.028
MULTITF_1H,SINGLE,F2_RS70,0.8,2100,37.24,0.0647,1.12,150.58,0.0,1473,0.0712,1.134,0.66,-0.0163,0.0065,0.1229,0.0122,-0.0403,36.58,0.081,36.58,-0.028
MULTITF_1H,SINGLE,F2_RS70,1.0,2100,37.24,0.0526,1.096,150.58,0.0,1473,0.0575,1.106,0.66,-0.0284,-0.0058,0.1111,0.0001,-0.0524,36.58,0.081,36.58,-0.028
MULTITF_1H,SINGLE,F2_RS70,1.5,2100,37.24,0.0217,1.037,155.32,0.0,1473,0.027,1.047,0.66,-0.0593,-0.0374,0.0808,-0.0308,-0.0833,36.58,0.081,36.58,-0.028
MULTITF_1H,SINGLE,F2_RS80,0.0,1066,36.77,-0.064,0.903,124.23,0.0,750,-0.0239,0.963,0.19,-0.145,-0.1487,0.0208,-0.1165,-0.169,36.58,0.081,36.58,-0.028
MULTITF_1H,SINGLE,F2_RS80,0.5,1066,36.77,0.0721,1.138,93.78,0.0,750,0.1129,1.222,0.19,-0.0089,-0.0091,0.1533,0.0196,-0.0329,36.58,0.081,36.58,-0.028
MULTITF_1H,SINGLE,F2_RS80,0.8,1066,36.77,0.0533,1.098,94.78,0.0,750,0.0929,1.176,0.19,-0.0277,-0.0284,0.1351,0.0008,-0.0517,36.58,0.081,36.58,-0.028
MULTITF_1H,SINGLE,F2_RS80,1.0,1066,36.77,0.0411,1.074,94.78,0.0,750,0.0809,1.15,0.19,-0.0399,-0.041,0.1232,-0.0114,-0.0639,36.58,0.081,36.58,-0.028
MULTITF_1H,SINGLE,F2_RS80,1.5,1066,36.77,0.0102,1.017,94.78,0.0,750,0.0516,1.091,0.19,-0.0708,-0.0728,0.0931,-0.0423,-0.0948,36.58,0.081,36.58,-0.028
MULTITF_1H,SINGLE,F3_SECTOR,0.0,3604,37.65,-0.0375,0.942,274.25,0.0,2517,-0.0333,0.947,1.07,-0.1185,-0.0835,0.0084,-0.09,-0.1425,36.58,0.081,36.58,-0.028
MULTITF_1H,SINGLE,F3_SECTOR,0.5,3604,37.65,0.0961,1.189,189.71,0.0,2517,0.0997,1.199,1.07,0.0151,0.0522,0.1401,0.0436,-0.0089,36.58,0.081,36.58,-0.028
MULTITF_1H,SINGLE,F3_SECTOR,0.8,3604,37.65,0.0788,1.15,189.71,0.0,2517,0.0848,1.165,1.07,-0.0022,0.0345,0.123,0.0263,-0.0262,36.58,0.081,36.58,-0.028
MULTITF_1H,SINGLE,F3_SECTOR,1.0,3604,37.65,0.067,1.124,189.71,0.0,2517,0.0711,1.134,1.07,-0.014,0.0226,0.1114,0.0145,-0.038,36.58,0.081,36.58,-0.028
MULTITF_1H,SINGLE,F3_SECTOR,1.5,3604,37.65,0.038,1.067,189.71,0.0,2517,0.0407,1.073,1.07,-0.043,-0.0069,0.0829,-0.0145,-0.067,36.58,0.081,36.58,-0.028
MULTITF_1H,SINGLE,F4_VOL15,0.0,2749,36.96,-0.0527,0.918,252.23,0.0,1919,-0.0319,0.949,0.38,-0.1337,-0.1049,-0.0005,-0.1052,-0.1577,36.58,0.081,36.58,-0.028
MULTITF_1H,SINGLE,F4_VOL15,0.5,2749,36.96,0.0823,1.161,197.86,0.0,1919,0.0977,1.196,0.38,0.0013,0.0324,0.1323,0.0298,-0.0227,36.58,0.081,36.58,-0.028
MULTITF_1H,SINGLE,F4_VOL15,0.8,2749,36.96,0.0649,1.123,205.86,0.0,1919,0.0811,1.157,0.38,-0.0161,0.0146,0.1151,0.0124,-0.0401,36.58,0.081,36.58,-0.028
MULTITF_1H,SINGLE,F4_VOL15,1.0,2749,36.96,0.0527,1.098,205.86,0.0,1919,0.0735,1.141,0.38,-0.0283,0.0022,0.1032,0.0002,-0.0523,36.58,0.081,36.58,-0.028
MULTITF_1H,SINGLE,F4_VOL15,1.5,2749,36.96,0.0218,1.038,223.06,0.0,1919,0.0423,1.076,0.38,-0.0592,-0.0293,0.0728,-0.0307,-0.0832,36.58,0.081,36.58,-0.028
MULTITF_1H,SINGLE,F4_VOL20,0.0,1435,36.24,-0.0905,0.863,174.06,0.0,1006,-0.0263,0.958,-0.34,-0.1715,-0.1618,-0.0191,-0.143,-0.1955,36.58,0.081,36.58,-0.028
MULTITF_1H,SINGLE,F4_VOL20,0.5,1435,36.24,0.0492,1.094,149.35,0.0,1006,0.1052,1.21,-0.34,-0.0318,-0.0191,0.1174,-0.0033,-0.0558,36.58,0.081,36.58,-0.028
MULTITF_1H,SINGLE,F4_VOL20,0.8,1435,36.24,0.0314,1.058,157.13,0.0,1006,0.0839,1.16,-0.34,-0.0496,-0.0373,0.1001,-0.0211,-0.0736,36.58,0.081,36.58,-0.028
MULTITF_1H,SINGLE,F4_VOL20,1.0,1435,36.24,0.0188,1.034,157.13,0.0,1006,0.0729,1.136,-0.34,-0.0622,-0.0502,0.0878,-0.0337,-0.0862,36.58,0.081,36.58,-0.028
MULTITF_1H,SINGLE,F4_VOL20,1.5,1435,36.24,-0.0121,0.979,171.55,0.0,1006,0.0447,1.079,-0.34,-0.0931,-0.0819,0.0576,-0.0646,-0.1171,36.58,0.081,36.58,-0.028
MULTITF_1H,SINGLE,F5_MTF,0.0,3933,36.44,-0.0791,0.879,407.98,0.0,2746,-0.0681,0.895,-0.14,-0.1601,-0.1224,-0.0359,-0.1316,-0.1841,36.58,0.081,36.58,-0.028
MULTITF_1H,SINGLE,F5_MTF,0.5,3933,36.44,0.0568,1.109,289.44,0.0,2746,0.0645,1.125,-0.14,-0.0242,0.0154,0.0982,0.0043,-0.0482,36.58,0.081,36.58,-0.028
MULTITF_1H,SINGLE,F5_MTF,0.8,3933,36.44,0.0393,1.073,289.44,0.0,2746,0.0482,1.091,-0.14,-0.0417,-0.0023,0.081,-0.0132,-0.0657,36.58,0.081,36.58,-0.028
MULTITF_1H,SINGLE,F5_MTF,1.0,3933,36.44,0.0269,1.049,299.26,0.0,2746,0.0355,1.065,-0.14,-0.0541,-0.015,0.0688,-0.0256,-0.0781,36.58,0.081,36.58,-0.028
MULTITF_1H,SINGLE,F5_MTF,1.5,3933,36.44,-0.004,0.993,307.24,0.0,2746,0.0084,1.015,-0.14,-0.085,-0.0463,0.0383,-0.0565,-0.109,36.58,0.081,36.58,-0.028
MULTITF_1H,SINGLE,F6_BREADTH60,0.0,5104,38.01,-0.0263,0.959,297.9,0.0,3610,-0.056,0.912,1.43,-0.1073,-0.0648,0.0122,-0.0788,-0.1313,36.58,0.081,36.58,-0.028
MULTITF_1H,SINGLE,F6_BREADTH60,0.5,5104,38.01,0.1077,1.214,272.4,0.0,3610,0.0814,1.163,1.43,0.0267,0.0709,0.1444,0.0552,0.0027,36.58,0.081,36.58,-0.028
MULTITF_1H,SINGLE,F6_BREADTH60,0.8,5104,38.01,0.0897,1.172,276.4,0.0,3610,0.0646,1.125,1.43,0.0087,0.0527,0.1267,0.0372,-0.0153,36.58,0.081,36.58,-0.028
MULTITF_1H,SINGLE,F6_BREADTH60,1.0,5104,38.01,0.0776,1.146,276.4,0.0,3610,0.0521,1.099,1.43,-0.0034,0.0404,0.1148,0.0251,-0.0274,36.58,0.081,36.58,-0.028
MULTITF_1H,SINGLE,F6_BREADTH60,1.5,5104,38.01,0.0475,1.084,276.4,0.0,3610,0.0249,1.045,1.43,-0.0335,0.0099,0.0851,-0.005,-0.0575,36.58,0.081,36.58,-0.028
MULTITF_1H,SINGLE,F7_VOLCOMP,0.0,3639,37.32,-0.0454,0.929,290.21,0.0,2532,-0.0286,0.954,0.74,-0.1264,-0.0907,-0.0,-0.0979,-0.1504,36.58,0.081,36.58,-0.028
MULTITF_1H,SINGLE,F7_VOLCOMP,0.5,3639,37.32,0.089,1.175,213.88,0.0,2532,0.1024,1.206,0.74,0.008,0.0456,0.1324,0.0365,-0.016,36.58,0.081,36.58,-0.028
MULTITF_1H,SINGLE,F7_VOLCOMP,0.8,3639,37.32,0.0712,1.135,213.88,0.0,2532,0.0867,1.17,0.74,-0.0098,0.0276,0.1149,0.0187,-0.0338,36.58,0.081,36.58,-0.028
MULTITF_1H,SINGLE,F7_VOLCOMP,1.0,3639,37.32,0.0589,1.109,218.91,0.0,2532,0.0749,1.143,0.74,-0.0221,0.015,0.1027,0.0064,-0.0461,36.58,0.081,36.58,-0.028
MULTITF_1H,SINGLE,F7_VOLCOMP,1.5,3639,37.32,0.0286,1.05,232.34,0.0,2532,0.044,1.079,0.74,-0.0524,-0.0157,0.0729,-0.0239,-0.0764,36.58,0.081,36.58,-0.028
MULTITF_1H,SINGLE,F8_CLEANGAP,0.0,2691,36.64,-0.0765,0.882,225.86,0.0,1861,-0.0928,0.856,0.06,-0.1575,-0.1287,-0.0244,-0.129,-0.1815,36.58,0.081,36.58,-0.028
MULTITF_1H,SINGLE,F8_CLEANGAP,0.5,2691,36.64,0.0581,1.113,194.97,0.0,1861,0.0401,1.078,0.06,-0.0229,0.0081,0.1081,0.0056,-0.0469,36.58,0.081,36.58,-0.028
MULTITF_1H,SINGLE,F8_CLEANGAP,0.8,2691,36.64,0.0411,1.077,194.97,0.0,1861,0.0236,1.045,0.06,-0.0399,-0.0092,0.0914,-0.0114,-0.0639,36.58,0.081,36.58,-0.028
MULTITF_1H,SINGLE,F8_CLEANGAP,1.0,2691,36.64,0.0285,1.052,194.97,0.0,1861,0.0129,1.024,0.06,-0.0525,-0.022,0.079,-0.024,-0.0765,36.58,0.081,36.58,-0.028
MULTITF_1H,SINGLE,F8_CLEANGAP,1.5,2691,36.64,-0.0021,0.996,194.97,0.0,1861,-0.0141,0.975,0.06,-0.0831,-0.0531,0.049,-0.0546,-0.1071,36.58,0.081,36.58,-0.028
MULTITF_1H,SINGLE,F9_EARLY,0.0,2963,36.65,-0.0633,0.903,248.61,0.0,2077,-0.0686,0.894,0.07,-0.1443,-0.1134,-0.0131,-0.1158,-0.1683,36.58,0.081,36.58,-0.028
MULTITF_1H,SINGLE,F9_EARLY,0.5,2963,36.65,0.0729,1.141,180.82,0.0,2077,0.0652,1.128,0.07,-0.0081,0.0249,0.1208,0.0204,-0.0321,36.58,0.081,36.58,-0.028
MULTITF_1H,SINGLE,F9_EARLY,0.8,2963,36.65,0.0545,1.102,180.82,0.0,2077,0.0506,1.096,0.07,-0.0265,0.0062,0.1028,0.002,-0.0505,36.58,0.081,36.58,-0.028
MULTITF_1H,SINGLE,F9_EARLY,1.0,2963,36.65,0.042,1.077,197.41,0.0,2077,0.0385,1.072,0.07,-0.039,-0.0066,0.0905,-0.0105,-0.063,36.58,0.081,36.58,-0.028
MULTITF_1H,SINGLE,F9_EARLY,1.5,2963,36.65,0.0111,1.019,200.64,0.0,2077,0.0075,1.013,0.07,-0.0699,-0.0379,0.0602,-0.0414,-0.0939,36.58,0.081,36.58,-0.028
MULTITF_1H,SINGLE,F10_BODY,0.0,1458,36.15,-0.0675,0.897,140.55,0.0,1030,-0.0485,0.925,-0.43,-0.1485,-0.1391,0.004,-0.12,-0.1725,36.58,0.081,36.58,-0.028
MULTITF_1H,SINGLE,F10_BODY,0.5,1458,36.15,0.0685,1.132,113.84,0.0,1030,0.0816,1.159,-0.43,-0.0125,-0.0,0.137,0.016,-0.0365,36.58,0.081,36.58,-0.028
MULTITF_1H,SINGLE,F10_BODY,0.8,1458,36.15,0.052,1.097,113.84,0.0,1030,0.0679,1.129,-0.43,-0.029,-0.0169,0.1209,-0.0005,-0.053,36.58,0.081,36.58,-0.028
MULTITF_1H,SINGLE,F10_BODY,1.0,1458,36.15,0.039,1.071,124.59,0.0,1030,0.0553,1.103,-0.43,-0.042,-0.0303,0.1082,-0.0135,-0.066,36.58,0.081,36.58,-0.028
MULTITF_1H,SINGLE,F10_BODY,1.5,1458,36.15,0.0079,1.014,127.59,0.0,1030,0.0269,1.048,-0.43,-0.0731,-0.062,0.0779,-0.0446,-0.0971,36.58,0.081,36.58,-0.028
MULTITF_1H,SINGLE,F11_PATH,0.0,3337,37.7,-0.0309,0.952,253.61,0.0,2319,-0.0371,0.942,1.12,-0.1119,-0.0788,0.0169,-0.0834,-0.1359,36.58,0.081,36.58,-0.028
MULTITF_1H,SINGLE,F11_PATH,0.5,3337,37.7,0.1022,1.201,152.01,0.0,2319,0.0942,1.187,1.12,0.0212,0.0565,0.148,0.0497,-0.0028,36.58,0.081,36.58,-0.028
MULTITF_1H,SINGLE,F11_PATH,0.8,3337,37.7,0.085,1.161,152.01,0.0,2319,0.081,1.157,1.12,0.004,0.0389,0.131,0.0325,-0.02,36.58,0.081,36.58,-0.028
MULTITF_1H,SINGLE,F11_PATH,1.0,3337,37.7,0.0727,1.135,165.28,0.0,2319,0.0685,1.129,1.12,-0.0083,0.0264,0.119,0.0202,-0.0323,36.58,0.081,36.58,-0.028
MULTITF_1H,SINGLE,F11_PATH,1.5,3337,37.7,0.0423,1.074,165.28,0.0,2319,0.039,1.07,1.12,-0.0387,-0.0045,0.089,-0.0102,-0.0627,36.58,0.081,36.58,-0.028
MULTITF_1H,SINGLE,F12_MOM,0.0,1233,37.15,-0.0571,0.91,105.84,0.0,879,-0.0307,0.951,0.57,-0.1381,-0.1341,0.0198,-0.1096,-0.1621,36.58,0.081,36.58,-0.028
MULTITF_1H,SINGLE,F12_MOM,0.5,1233,37.15,0.0765,1.152,89.05,0.0,879,0.0937,1.189,0.57,-0.0045,0.0029,0.15,0.024,-0.0285,36.58,0.081,36.58,-0.028
MULTITF_1H,SINGLE,F12_MOM,0.8,1233,37.15,0.0602,1.116,89.05,0.0,879,0.0788,1.155,0.57,-0.0208,-0.0138,0.1342,0.0077,-0.0448,36.58,0.081,36.58,-0.028
MULTITF_1H,SINGLE,F12_MOM,1.0,1233,37.15,0.048,1.09,92.17,0.0,879,0.0709,1.137,0.57,-0.033,-0.0263,0.1224,-0.0045,-0.057,36.58,0.081,36.58,-0.028
MULTITF_1H,SINGLE,F12_MOM,1.5,1233,37.15,0.0172,1.031,102.17,0.0,879,0.0402,1.073,0.57,-0.0638,-0.058,0.0924,-0.0353,-0.0878,36.58,0.081,36.58,-0.028
ACCUMULATION_VCP,PAIR,F1F2_CPOS_RS70,0.0,408,41.18,-0.0743,0.858,46.35,0.0,126,0.0763,1.184,0.42,-0.0953,-0.1856,0.037,-0.1498,-0.2253,40.76,0.021,40.76,-0.053
ACCUMULATION_VCP,PAIR,F1F2_CPOS_RS70,0.5,408,41.18,0.0265,1.063,38.59,0.0,126,0.1877,1.619,0.42,0.0055,-0.0795,0.1325,-0.049,-0.1245,40.76,0.021,40.76,-0.053
ACCUMULATION_VCP,PAIR,F1F2_CPOS_RS70,1.0,408,41.18,0.0099,1.023,38.69,0.0,126,0.1718,1.538,0.42,-0.0111,-0.097,0.1168,-0.0656,-0.1411,40.76,0.021,40.76,-0.053
ACCUMULATION_VCP,PAIR,F1F2_CPOS_RS70,1.5,408,41.18,-0.0172,0.963,39.18,0.0,126,0.1158,1.309,0.42,-0.0382,-0.1256,0.0913,-0.0927,-0.1682,40.76,0.021,40.76,-0.053
ACCUMULATION_VCP,PAIR,F1F3_CPOS_SEC,0.0,751,40.08,-0.0631,0.879,75.71,0.0,202,-0.0153,0.964,-0.68,-0.0841,-0.1466,0.0204,-0.1386,-0.2141,40.76,0.021,40.76,-0.053
ACCUMULATION_VCP,PAIR,F1F3_CPOS_SEC,0.5,751,40.08,0.0329,1.077,54.09,0.0,202,0.1126,1.379,-0.68,0.0119,-0.0471,0.1129,-0.0426,-0.1181,40.76,0.021,40.76,-0.053
ACCUMULATION_VCP,PAIR,F1F3_CPOS_SEC,1.0,751,40.08,0.012,1.027,54.09,0.0,202,0.0524,1.147,-0.68,-0.009,-0.0689,0.0928,-0.0635,-0.139,40.76,0.021,40.76,-0.053
ACCUMULATION_VCP,PAIR,F1F3_CPOS_SEC,1.5,751,40.08,-0.0131,0.972,70.75,0.0,202,0.02,1.051,-0.68,-0.0341,-0.0949,0.0687,-0.0886,-0.1641,40.76,0.021,40.76,-0.053
ACCUMULATION_VCP,PAIR,F1F4_CPOS_VOL15,0.0,536,39.55,-0.0421,0.919,61.81,0.0,157,0.1182,1.282,-1.21,-0.0631,-0.143,0.0587,-0.1176,-0.1931,40.76,0.021,40.76,-0.053
ACCUMULATION_VCP,PAIR,F1F4_CPOS_VOL15,0.5,536,39.55,0.0555,1.131,42.79,0.0,157,0.2088,1.635,-1.21,0.0345,-0.041,0.1521,-0.02,-0.0955,40.76,0.021,40.76,-0.053
ACCUMULATION_VCP,PAIR,F1F4_CPOS_VOL15,1.0,536,39.55,0.0337,1.075,43.9,0.0,157,0.1705,1.465,-1.21,0.0127,-0.0639,0.1313,-0.0418,-0.1173,40.76,0.021,40.76,-0.053
ACCUMULATION_VCP,PAIR,F1F4_CPOS_VOL15,1.5,536,39.55,0.0085,1.018,55.8,0.0,157,0.1542,1.402,-1.21,-0.0125,-0.0904,0.1073,-0.067,-0.1425,40.76,0.021,40.76,-0.053
ACCUMULATION_VCP,PAIR,F1F7_CPOS_COMP,0.0,696,40.66,-0.0413,0.92,62.98,0.0,175,0.0506,1.118,-0.1,-0.0623,-0.1282,0.0456,-0.1168,-0.1923,40.76,0.021,40.76,-0.053
ACCUMULATION_VCP,PAIR,F1F7_CPOS_COMP,0.5,696,40.66,0.0578,1.139,55.12,0.0,175,0.1605,1.502,-0.1,0.0368,-0.0252,0.1407,-0.0177,-0.0932,40.76,0.021,40.76,-0.053
ACCUMULATION_VCP,PAIR,F1F7_CPOS_COMP,1.0,696,40.66,0.0355,1.081,55.12,0.0,175,0.1139,1.311,-0.1,0.0145,-0.0485,0.1194,-0.04,-0.1155,40.76,0.021,40.76,-0.053
ACCUMULATION_VCP,PAIR,F1F7_CPOS_COMP,1.5,696,40.66,0.0107,1.023,55.12,0.0,175,0.091,1.234,-0.1,-0.0103,-0.0743,0.0957,-0.0648,-0.1403,40.76,0.021,40.76,-0.053
ACCUMULATION_VCP,PAIR,F1F12_CPOS_MOM,0.0,776,39.82,-0.0528,0.898,75.35,0.0,214,0.0659,1.153,-0.94,-0.0738,-0.1351,0.0294,-0.1283,-0.2038,40.76,0.021,40.76,-0.053
ACCUMULATION_VCP,PAIR,F1F12_CPOS_MOM,0.5,776,39.82,0.0443,1.105,50.04,0.0,214,0.1628,1.49,-0.94,0.0233,-0.0344,0.1231,-0.0312,-0.1067,40.76,0.021,40.76,-0.053
ACCUMULATION_VCP,PAIR,F1F12_CPOS_MOM,1.0,776,39.82,0.0232,1.053,54.69,0.0,214,0.1229,1.33,-0.94,0.0022,-0.0563,0.1028,-0.0523,-0.1278,40.76,0.021,40.76,-0.053
ACCUMULATION_VCP,PAIR,F1F12_CPOS_MOM,1.5,776,39.82,-0.0012,0.998,63.1,0.0,214,0.0969,1.243,-0.94,-0.0222,-0.0817,0.0794,-0.0767,-0.1522,40.76,0.021,40.76,-0.053
ACCUMULATION_VCP,PAIR,F2F3_RS_SEC,0.0,2076,41.28,-0.0247,0.951,173.49,0.0,551,0.1149,1.285,0.52,-0.0457,-0.0754,0.026,-0.1002,-0.1757,40.76,0.021,40.76,-0.053
ACCUMULATION_VCP,PAIR,F2F3_RS_SEC,0.5,2076,41.28,0.0725,1.178,116.85,0.0,551,0.2096,1.681,0.52,0.0515,0.024,0.1209,-0.003,-0.0785,40.76,0.021,40.76,-0.053
ACCUMULATION_VCP,PAIR,F2F3_RS_SEC,1.0,2076,41.28,0.0514,1.12,116.85,0.0,551,0.1815,1.541,0.52,0.0304,0.0025,0.1004,-0.0241,-0.0996,40.76,0.021,40.76,-0.053
ACCUMULATION_VCP,PAIR,F2F3_RS_SEC,1.5,2076,41.28,0.0293,1.065,116.85,0.0,551,0.1483,1.402,0.52,0.0083,-0.0202,0.0788,-0.0462,-0.1217,40.76,0.021,40.76,-0.053
ACCUMULATION_VCP,PAIR,F2F4_RS_VOL15,0.0,1558,42.36,-0.013,0.974,107.17,0.0,411,0.1,1.235,1.6,-0.034,-0.0718,0.0459,-0.0885,-0.164,40.76,0.021,40.76,-0.053
ACCUMULATION_VCP,PAIR,F2F4_RS_VOL15,0.5,1558,42.36,0.0875,1.218,75.04,0.0,411,0.1955,1.592,1.6,0.0665,0.0315,0.1436,0.012,-0.0635,40.76,0.021,40.76,-0.053
ACCUMULATION_VCP,PAIR,F2F4_RS_VOL15,1.0,1558,42.36,0.064,1.15,75.04,0.0,411,0.1576,1.428,1.6,0.043,0.0072,0.1208,-0.0115,-0.087,40.76,0.021,40.76,-0.053
ACCUMULATION_VCP,PAIR,F2F4_RS_VOL15,1.5,1558,42.36,0.0418,1.093,75.04,0.0,411,0.1312,1.333,1.6,0.0208,-0.0156,0.0992,-0.0337,-0.1092,40.76,0.021,40.76,-0.053
ACCUMULATION_VCP,PAIR,F3F4_SEC_VOL15,0.0,2750,40.44,-0.0455,0.912,263.56,0.0,722,0.1266,1.319,-0.32,-0.0665,-0.0895,-0.0015,-0.121,-0.1965,40.76,0.021,40.76,-0.053
ACCUMULATION_VCP,PAIR,F3F4_SEC_VOL15,0.5,2750,40.44,0.0529,1.126,161.67,0.0,722,0.2302,1.786,-0.32,0.0319,0.0109,0.095,-0.0226,-0.0981,40.76,0.021,40.76,-0.053
ACCUMULATION_VCP,PAIR,F3F4_SEC_VOL15,1.0,2750,40.44,0.0305,1.069,170.85,0.0,722,0.1941,1.59,-0.32,0.0095,-0.012,0.0731,-0.045,-0.1205,40.76,0.021,40.76,-0.053
ACCUMULATION_VCP,PAIR,F3F4_SEC_VOL15,1.5,2750,40.44,0.008,1.017,196.67,0.0,722,0.1616,1.447,-0.32,-0.013,-0.035,0.051,-0.0675,-0.143,40.76,0.021,40.76,-0.053
ACCUMULATION_VCP,PAIR,F3F6_SEC_BREADTH,0.0,5253,43.06,0.0002,1.0,227.38,0.0,1493,0.0701,1.174,2.3,-0.0208,-0.0312,0.0315,-0.0753,-0.1508,40.76,0.021,40.76,-0.053
ACCUMULATION_VCP,PAIR,F3F6_SEC_BREADTH,0.5,5253,43.06,0.0897,1.229,226.86,0.0,1493,0.1685,1.553,2.3,0.0687,0.0597,0.1197,0.0142,-0.0613,40.76,0.021,40.76,-0.053
ACCUMULATION_VCP,PAIR,F3F6_SEC_BREADTH,1.0,5253,43.06,0.0733,1.179,226.86,0.0,1493,0.1483,1.457,2.3,0.0523,0.0431,0.1036,-0.0022,-0.0777,40.76,0.021,40.76,-0.053
ACCUMULATION_VCP,PAIR,F3F6_SEC_BREADTH,1.5,5253,43.06,0.0511,1.119,226.86,0.0,1493,0.1214,1.345,2.3,0.0301,0.0204,0.0817,-0.0244,-0.0999,40.76,0.021,40.76,-0.053
ACCUMULATION_VCP,PAIR,F4F7_VOL_COMP,0.0,2788,40.03,-0.055,0.893,261.56,0.0,740,0.0864,1.209,-0.73,-0.076,-0.0982,-0.0117,-0.1305,-0.206,40.76,0.021,40.76,-0.053
ACCUMULATION_VCP,PAIR,F4F7_VOL_COMP,0.5,2788,40.03,0.0448,1.108,175.04,0.0,740,0.1932,1.63,-0.73,0.0238,0.0035,0.0861,-0.0307,-0.1062,40.76,0.021,40.76,-0.053
ACCUMULATION_VCP,PAIR,F4F7_VOL_COMP,1.0,2788,40.03,0.022,1.05,175.04,0.0,740,0.1592,1.467,-0.73,0.001,-0.0198,0.0638,-0.0535,-0.129,40.76,0.021,40.76,-0.053
ACCUMULATION_VCP,PAIR,F4F7_VOL_COMP,1.5,2788,40.03,-0.0005,0.999,192.29,0.0,740,0.1273,1.342,-0.73,-0.0215,-0.0428,0.0418,-0.076,-0.1515,40.76,0.021,40.76,-0.053
ACCUMULATION_VCP,PAIR,F5F6_MTF_BREADTH,0.0,5735,43.78,0.0142,1.03,191.59,0.0,1672,0.0549,1.134,3.02,-0.0068,-0.0158,0.0442,-0.0613,-0.1368,40.76,0.021,40.76,-0.053
ACCUMULATION_VCP,PAIR,F5F6_MTF_BREADTH,0.5,5735,43.78,0.1036,1.271,191.59,0.0,1672,0.1494,1.474,3.02,0.0826,0.075,0.1322,0.0281,-0.0474,40.76,0.021,40.76,-0.053
ACCUMULATION_VCP,PAIR,F5F6_MTF_BREADTH,1.0,5735,43.78,0.087,1.218,191.59,0.0,1672,0.1332,1.402,3.02,0.066,0.0581,0.1158,0.0115,-0.064,40.76,0.021,40.76,-0.053
ACCUMULATION_VCP,PAIR,F5F6_MTF_BREADTH,1.5,5735,43.78,0.0652,1.155,191.59,0.0,1672,0.1125,1.319,3.02,0.0442,0.0359,0.0944,-0.0103,-0.0858,40.76,0.021,40.76,-0.053
ACCUMULATION_VCP,PAIR,F7F10_COMP_BODY,0.0,1501,40.64,-0.0403,0.921,125.88,0.0,399,0.1065,1.259,-0.12,-0.0613,-0.0993,0.0187,-0.1158,-0.1913,40.76,0.021,40.76,-0.053
ACCUMULATION_VCP,PAIR,F7F10_COMP_BODY,0.5,1501,40.64,0.0532,1.127,111.76,0.0,399,0.2137,1.701,-0.12,0.0322,-0.0033,0.1097,-0.0223,-0.0978,40.76,0.021,40.76,-0.053
ACCUMULATION_VCP,PAIR,F7F10_COMP_BODY,1.0,1501,40.64,0.033,1.075,111.76,0.0,399,0.1803,1.533,-0.12,0.012,-0.024,0.09,-0.0425,-0.118,40.76,0.021,40.76,-0.053
ACCUMULATION_VCP,PAIR,F7F10_COMP_BODY,1.5,1501,40.64,0.0093,1.02,111.76,0.0,399,0.1452,1.389,-0.12,-0.0117,-0.0484,0.0671,-0.0662,-0.1417,40.76,0.021,40.76,-0.053
ACCUMULATION_VCP,PAIR,F10F12_BODY_MOM,0.0,1664,40.99,-0.018,0.965,96.87,0.0,459,0.121,1.299,0.23,-0.039,-0.0751,0.0391,-0.0935,-0.169,40.76,0.021,40.76,-0.053
ACCUMULATION_VCP,PAIR,F10F12_BODY_MOM,0.5,1664,40.99,0.0767,1.185,63.13,0.0,459,0.2219,1.729,0.23,0.0557,0.0221,0.1313,0.0012,-0.0743,40.76,0.021,40.76,-0.053
ACCUMULATION_VCP,PAIR,F10F12_BODY_MOM,1.0,1664,40.99,0.0569,1.131,73.81,0.0,459,0.186,1.547,0.23,0.0359,0.0017,0.1121,-0.0186,-0.0941,40.76,0.021,40.76,-0.053
ACCUMULATION_VCP,PAIR,F10F12_BODY_MOM,1.5,1664,40.99,0.0336,1.074,73.81,0.0,459,0.1586,1.432,0.23,0.0126,-0.0222,0.0895,-0.0419,-0.1174,40.76,0.021,40.76,-0.053
ACCUMULATION_VCP,PAIR,F1F10_CPOS_BODY,0.0,1279,40.34,-0.0651,0.873,134.79,0.0,340,0.0077,1.018,-0.42,-0.0861,-0.1276,-0.0026,-0.1406,-0.2161,40.76,0.021,40.76,-0.053
ACCUMULATION_VCP,PAIR,F1F10_CPOS_BODY,0.5,1279,40.34,0.0315,1.076,99.23,0.0,340,0.116,1.361,-0.42,0.0105,-0.0282,0.0912,-0.044,-0.1195,40.76,0.021,40.76,-0.053
ACCUMULATION_VCP,PAIR,F1F10_CPOS_BODY,1.0,1279,40.34,0.0104,1.024,103.68,0.0,340,0.0759,1.21,-0.42,-0.0106,-0.05,0.0707,-0.0651,-0.1406,40.76,0.021,40.76,-0.053
ACCUMULATION_VCP,PAIR,F1F10_CPOS_BODY,1.5,1279,40.34,-0.0134,0.971,120.89,0.0,340,0.0361,1.09,-0.42,-0.0344,-0.0745,0.0477,-0.0889,-0.1644,40.76,0.021,40.76,-0.053
ACCUMULATION_VCP,PAIR,F6F12_BRD_MOM,0.0,1769,43.19,0.0174,1.036,62.29,0.0,524,0.0933,1.235,2.43,-0.0036,-0.0375,0.0723,-0.0581,-0.1336,40.76,0.021,40.76,-0.053
ACCUMULATION_VCP,PAIR,F6F12_BRD_MOM,0.5,1769,43.19,0.1075,1.274,62.29,0.0,524,0.1776,1.567,2.43,0.0865,0.055,0.16,0.032,-0.0435,40.76,0.021,40.76,-0.053
ACCUMULATION_VCP,PAIR,F6F12_BRD_MOM,1.0,1769,43.19,0.0893,1.218,62.29,0.0,524,0.1609,1.487,2.43,0.0683,0.0363,0.1423,0.0138,-0.0617,40.76,0.021,40.76,-0.053
ACCUMULATION_VCP,PAIR,F6F12_BRD_MOM,1.5,1769,43.19,0.0675,1.156,62.29,0.0,524,0.1372,1.388,2.43,0.0465,0.0139,0.1211,-0.008,-0.0835,40.76,0.021,40.76,-0.053
ACCUMULATION_VCP,PAIR,F1F6_CPOS_BRD,0.0,1034,41.97,-0.0368,0.926,79.36,0.0,287,-0.0287,0.935,1.21,-0.0578,-0.1066,0.033,-0.1123,-0.1878,40.76,0.021,40.76,-0.053
ACCUMULATION_VCP,PAIR,F1F6_CPOS_BRD,0.5,1034,41.97,0.0537,1.132,70.82,0.0,287,0.0702,1.207,1.21,0.0327,-0.013,0.1205,-0.0218,-0.0973,40.76,0.021,40.76,-0.053
ACCUMULATION_VCP,PAIR,F1F6_CPOS_BRD,1.0,1034,41.97,0.0366,1.086,70.82,0.0,287,0.0572,1.162,1.21,0.0156,-0.0308,0.104,-0.0389,-0.1144,40.76,0.021,40.76,-0.053
ACCUMULATION_VCP,PAIR,F1F6_CPOS_BRD,1.5,1034,41.97,0.0141,1.032,70.82,0.0,287,0.0208,1.053,1.21,-0.0069,-0.0541,0.0823,-0.0614,-0.1369,40.76,0.021,40.76,-0.053
ACCUMULATION_VCP,PAIR,F4F12_VOL_MOM,0.0,1513,40.45,-0.0189,0.963,91.69,0.0,426,0.1527,1.38,-0.31,-0.0399,-0.0789,0.041,-0.0944,-0.1699,40.76,0.021,40.76,-0.053
ACCUMULATION_VCP,PAIR,F4F12_VOL_MOM,0.5,1513,40.45,0.0776,1.188,70.78,0.0,426,0.2489,1.816,-0.31,0.0566,0.0203,0.1349,0.0021,-0.0734,40.76,0.021,40.76,-0.053
ACCUMULATION_VCP,PAIR,F4F12_VOL_MOM,1.0,1513,40.45,0.0558,1.129,70.78,0.0,426,0.2102,1.612,-0.31,0.0348,-0.0022,0.1137,-0.0197,-0.0952,40.76,0.021,40.76,-0.053
ACCUMULATION_VCP,PAIR,F4F12_VOL_MOM,1.5,1513,40.45,0.0317,1.069,70.78,0.0,426,0.1855,1.503,-0.31,0.0107,-0.027,0.0904,-0.0438,-0.1193,40.76,0.021,40.76,-0.053
ACCUMULATION_VCP,PAIR,F1F9_CPOS_EARLY,0.0,561,36.9,-0.126,0.763,90.11,0.0,149,-0.0069,0.984,-3.86,-0.147,-0.2179,-0.0342,-0.2015,-0.277,40.76,0.021,40.76,-0.053
ACCUMULATION_VCP,PAIR,F1F9_CPOS_EARLY,0.5,561,36.9,-0.0284,0.935,71.87,0.0,149,0.0799,1.235,-3.86,-0.0494,-0.1163,0.0596,-0.1039,-0.1794,40.76,0.021,40.76,-0.053
ACCUMULATION_VCP,PAIR,F1F9_CPOS_EARLY,1.0,561,36.9,-0.0452,0.9,74.17,0.0,149,0.0593,1.164,-3.86,-0.0662,-0.1338,0.0435,-0.1207,-0.1962,40.76,0.021,40.76,-0.053
ACCUMULATION_VCP,PAIR,F1F9_CPOS_EARLY,1.5,561,36.9,-0.0709,0.852,76.95,0.0,149,0.0325,1.084,-3.86,-0.0919,-0.1607,0.0189,-0.1464,-0.2219,40.76,0.021,40.76,-0.053
ACCUMULATION_VCP,TRIPLE,F1F2F3_CPOS_RS_SEC,0.0,240,39.58,-0.096,0.822,34.98,0.0,74,0.0654,1.165,-1.18,-0.117,-0.2435,0.0515,-0.1715,-0.247,40.76,0.021,40.76,-0.053
ACCUMULATION_VCP,TRIPLE,F1F2F3_CPOS_RS_SEC,0.5,240,39.58,0.0079,1.018,26.18,0.0,74,0.1877,1.685,-1.18,-0.0131,-0.1329,0.1486,-0.0676,-0.1431,40.76,0.021,40.76,-0.053
ACCUMULATION_VCP,TRIPLE,F1F2F3_CPOS_RS_SEC,1.0,240,39.58,-0.0153,0.967,26.68,0.0,74,0.1742,1.606,-1.18,-0.0363,-0.1577,0.1271,-0.0908,-0.1663,40.76,0.021,40.76,-0.053
ACCUMULATION_VCP,TRIPLE,F1F2F3_CPOS_RS_SEC,1.5,240,39.58,-0.0405,0.916,27.62,0.0,74,0.1194,1.349,-1.18,-0.0615,-0.1847,0.1036,-0.116,-0.1915,40.76,0.021,40.76,-0.053
ACCUMULATION_VCP,TRIPLE,F1F4F7_CPOS_VOL_COMP,0.0,298,38.93,-0.0465,0.911,25.64,0.0,81,0.2164,1.559,-1.83,-0.0675,-0.1807,0.0878,-0.122,-0.1975,40.76,0.021,40.76,-0.053
ACCUMULATION_VCP,TRIPLE,F1F4F7_CPOS_VOL_COMP,0.5,298,38.93,0.053,1.125,20.58,0.0,81,0.3208,2.135,-1.83,0.032,-0.0754,0.1814,-0.0225,-0.098,40.76,0.021,40.76,-0.053
ACCUMULATION_VCP,TRIPLE,F1F4F7_CPOS_VOL_COMP,1.0,298,38.93,0.0292,1.065,20.58,0.0,81,0.2663,1.79,-1.83,0.0082,-0.1008,0.1591,-0.0463,-0.1218,40.76,0.021,40.76,-0.053
ACCUMULATION_VCP,TRIPLE,F1F4F7_CPOS_VOL_COMP,1.5,298,38.93,0.0014,1.003,20.58,0.0,81,0.2539,1.727,-1.83,-0.0196,-0.1304,0.1332,-0.0741,-0.1496,40.76,0.021,40.76,-0.053
ACCUMULATION_VCP,TRIPLE,F2F3F6_RS_SEC_BRD,0.0,1624,43.66,0.0155,1.032,82.15,0.0,466,0.083,1.207,2.9,-0.0055,-0.0415,0.0725,-0.06,-0.1355,40.76,0.021,40.76,-0.053
ACCUMULATION_VCP,TRIPLE,F2F3F6_RS_SEC_BRD,0.5,1624,43.66,0.1082,1.28,74.28,0.0,466,0.1734,1.558,2.9,0.0872,0.0538,0.1626,0.0327,-0.0428,40.76,0.021,40.76,-0.053
ACCUMULATION_VCP,TRIPLE,F2F3F6_RS_SEC_BRD,1.0,1624,43.66,0.0897,1.221,74.28,0.0,466,0.1519,1.457,2.9,0.0687,0.0347,0.1447,0.0142,-0.0613,40.76,0.021,40.76,-0.053
ACCUMULATION_VCP,TRIPLE,F2F3F6_RS_SEC_BRD,1.5,1624,43.66,0.0665,1.155,74.28,0.0,466,0.1225,1.339,2.9,0.0455,0.0109,0.1222,-0.009,-0.0845,40.76,0.021,40.76,-0.053
ACCUMULATION_VCP,TRIPLE,F1F3F4_CPOS_SEC_VOL,0.0,321,39.88,-0.0268,0.949,32.52,0.0,91,0.1304,1.32,-0.88,-0.0478,-0.1604,0.1067,-0.1023,-0.1778,40.76,0.021,40.76,-0.053
ACCUMULATION_VCP,TRIPLE,F1F3F4_CPOS_SEC_VOL,0.5,321,39.88,0.065,1.149,16.54,0.0,91,0.2145,1.664,-0.88,0.044,-0.0635,0.1935,-0.0105,-0.086,40.76,0.021,40.76,-0.053
ACCUMULATION_VCP,TRIPLE,F1F3F4_CPOS_SEC_VOL,1.0,321,39.88,0.0451,1.099,18.78,0.0,91,0.1814,1.509,-0.88,0.0241,-0.0846,0.1748,-0.0304,-0.1059,40.76,0.021,40.76,-0.053
ACCUMULATION_VCP,TRIPLE,F1F3F4_CPOS_SEC_VOL,1.5,321,39.88,0.0217,1.045,23.3,0.0,91,0.1753,1.484,-0.88,0.0007,-0.1094,0.1528,-0.0538,-0.1293,40.76,0.021,40.76,-0.053
ACCUMULATION_VCP,TRIPLE,F1F4F12_CPOS_VOL_MOM,0.0,536,39.55,-0.0421,0.919,61.81,0.0,157,0.1182,1.282,-1.21,-0.0631,-0.143,0.0587,-0.1176,-0.1931,40.76,0.021,40.76,-0.053
ACCUMULATION_VCP,TRIPLE,F1F4F12_CPOS_VOL_MOM,0.5,536,39.55,0.0555,1.131,42.79,0.0,157,0.2088,1.635,-1.21,0.0345,-0.041,0.1521,-0.02,-0.0955,40.76,0.021,40.76,-0.053
ACCUMULATION_VCP,TRIPLE,F1F4F12_CPOS_VOL_MOM,1.0,536,39.55,0.0337,1.075,43.9,0.0,157,0.1705,1.465,-1.21,0.0127,-0.0639,0.1313,-0.0418,-0.1173,40.76,0.021,40.76,-0.053
ACCUMULATION_VCP,TRIPLE,F1F4F12_CPOS_VOL_MOM,1.5,536,39.55,0.0085,1.018,55.8,0.0,157,0.1542,1.402,-1.21,-0.0125,-0.0904,0.1073,-0.067,-0.1425,40.76,0.021,40.76,-0.053
ACCUMULATION_VCP,TRIPLE,F3F6F7_SEC_BRD_COMP,0.0,2875,42.09,-0.0201,0.959,188.53,0.0,794,0.067,1.164,1.33,-0.0411,-0.0625,0.0224,-0.0956,-0.1711,40.76,0.021,40.76,-0.053
ACCUMULATION_VCP,TRIPLE,F3F6F7_SEC_BRD_COMP,0.5,2875,42.09,0.0725,1.18,159.17,0.0,794,0.1653,1.534,1.33,0.0515,0.0319,0.113,-0.003,-0.0785,40.76,0.021,40.76,-0.053
ACCUMULATION_VCP,TRIPLE,F3F6F7_SEC_BRD_COMP,1.0,2875,42.09,0.0559,1.134,159.17,0.0,794,0.1477,1.451,1.33,0.0349,0.015,0.0968,-0.0196,-0.0951,40.76,0.021,40.76,-0.053
ACCUMULATION_VCP,TRIPLE,F3F6F7_SEC_BRD_COMP,1.5,2875,42.09,0.0342,1.078,159.17,0.0,794,0.1203,1.339,1.33,0.0132,-0.0072,0.0756,-0.0413,-0.1168,40.76,0.021,40.76,-0.053
ACCUMULATION_VCP,TRIPLE,F1F2F4_CPOS_RS_VOL,0.0,171,42.11,-0.0299,0.944,22.04,0.0,54,0.4146,2.248,1.35,-0.0509,-0.2129,0.1532,-0.1054,-0.1809,40.76,0.021,40.76,-0.053
ACCUMULATION_VCP,TRIPLE,F1F2F4_CPOS_RS_VOL,0.5,171,42.11,0.0735,1.172,17.07,0.0,54,0.5005,3.032,1.35,0.0525,-0.1011,0.2481,-0.002,-0.0775,40.76,0.021,40.76,-0.053
ACCUMULATION_VCP,TRIPLE,F1F2F4_CPOS_RS_VOL,1.0,171,42.11,0.0532,1.119,18.62,0.0,54,0.482,2.82,1.35,0.0322,-0.1231,0.2296,-0.0223,-0.0978,40.76,0.021,40.76,-0.053
ACCUMULATION_VCP,TRIPLE,F1F2F4_CPOS_RS_VOL,1.5,171,42.11,0.0321,1.069,18.62,0.0,54,0.445,2.474,1.35,0.0111,-0.146,0.2103,-0.0434,-0.1189,40.76,0.021,40.76,-0.053
ACCUMULATION_VCP,TRIPLE,F2F4F6_RS_VOL_BRD,0.0,1245,44.26,0.0229,1.048,60.67,0.0,346,0.0927,1.225,3.5,0.0019,-0.0423,0.0881,-0.0526,-0.1281,40.76,0.021,40.76,-0.053
ACCUMULATION_VCP,TRIPLE,F2F4F6_RS_VOL_BRD,0.5,1245,44.26,0.118,1.309,50.81,0.0,346,0.1709,1.511,3.5,0.097,0.0559,0.1801,0.0425,-0.033,40.76,0.021,40.76,-0.053
ACCUMULATION_VCP,TRIPLE,F2F4F6_RS_VOL_BRD,1.0,1245,44.26,0.0978,1.243,50.81,0.0,346,0.1487,1.416,3.5,0.0768,0.0349,0.1606,0.0223,-0.0532,40.76,0.021,40.76,-0.053
ACCUMULATION_VCP,TRIPLE,F2F4F6_RS_VOL_BRD,1.5,1245,44.26,0.0748,1.176,50.81,0.0,346,0.1298,1.345,3.5,0.0538,0.0112,0.1385,-0.0007,-0.0762,40.76,0.021,40.76,-0.053
ACCUMULATION_VCP,TRIPLE,F1F6F12_CPOS_BRD_MOM,0.0,639,40.38,-0.0515,0.9,55.25,0.0,187,0.0028,1.006,-0.38,-0.0725,-0.1422,0.0391,-0.127,-0.2025,40.76,0.021,40.76,-0.053
ACCUMULATION_VCP,TRIPLE,F1F6F12_CPOS_BRD_MOM,0.5,639,40.38,0.0441,1.105,42.41,0.0,187,0.1061,1.307,-0.38,0.0231,-0.0427,0.1309,-0.0314,-0.1069,40.76,0.021,40.76,-0.053
ACCUMULATION_VCP,TRIPLE,F1F6F12_CPOS_BRD_MOM,1.0,639,40.38,0.0255,1.058,43.08,0.0,187,0.0895,1.247,-0.38,0.0045,-0.0621,0.1131,-0.05,-0.1255,40.76,0.021,40.76,-0.053
ACCUMULATION_VCP,TRIPLE,F1F6F12_CPOS_BRD_MOM,1.5,639,40.38,0.0016,1.003,46.52,0.0,187,0.052,1.13,-0.38,-0.0194,-0.0871,0.0903,-0.0739,-0.1494,40.76,0.021,40.76,-0.053
ACCUMULATION_VCP,TRIPLE,F1F5F3_CPOS_MTF_SEC,0.0,471,40.76,-0.0864,0.838,59.19,0.0,133,-0.0444,0.896,0.0,-0.1074,-0.191,0.0183,-0.1619,-0.2374,40.76,0.021,40.76,-0.053
ACCUMULATION_VCP,TRIPLE,F1F5F3_CPOS_MTF_SEC,0.5,471,40.76,0.0113,1.026,54.15,0.0,133,0.0595,1.185,0.0,-0.0097,-0.0889,0.1116,-0.0642,-0.1397,40.76,0.021,40.76,-0.053
ACCUMULATION_VCP,TRIPLE,F1F5F3_CPOS_MTF_SEC,1.0,471,40.76,-0.0094,0.979,54.15,0.0,133,0.0339,1.097,0.0,-0.0304,-0.1107,0.0919,-0.0849,-0.1604,40.76,0.021,40.76,-0.053
ACCUMULATION_VCP,TRIPLE,F1F5F3_CPOS_MTF_SEC,1.5,471,40.76,-0.0318,0.933,54.15,0.0,133,-0.0114,0.971,0.0,-0.0528,-0.1341,0.0706,-0.1073,-0.1828,40.76,0.021,40.76,-0.053
ACCUMULATION_VCP,TRIPLE,F4F7F10_VOL_COMP_BODY,0.0,649,41.29,-0.0014,0.997,31.8,0.0,168,0.229,1.584,0.53,-0.0224,-0.0939,0.0911,-0.0769,-0.1524,40.76,0.021,40.76,-0.053
ACCUMULATION_VCP,TRIPLE,F4F7F10_VOL_COMP_BODY,0.5,649,41.29,0.0909,1.218,31.8,0.0,168,0.3454,2.254,0.53,0.0699,0.0023,0.1796,0.0154,-0.0601,40.76,0.021,40.76,-0.053
ACCUMULATION_VCP,TRIPLE,F4F7F10_VOL_COMP_BODY,1.0,649,41.29,0.0674,1.153,31.8,0.0,168,0.2912,1.884,0.53,0.0464,-0.0224,0.1571,-0.0081,-0.0836,40.76,0.021,40.76,-0.053
ACCUMULATION_VCP,TRIPLE,F4F7F10_VOL_COMP_BODY,1.5,649,41.29,0.044,1.095,31.8,0.0,168,0.2674,1.757,0.53,0.023,-0.0468,0.1348,-0.0315,-0.107,40.76,0.021,40.76,-0.053
ACCUMULATION_VCP,TRIPLE,F1F3F12_CPOS_SEC_MOM,0.0,446,39.01,-0.0499,0.905,35.7,0.0,121,0.0553,1.132,-1.75,-0.0709,-0.1604,0.0606,-0.1254,-0.2009,40.76,0.021,40.76,-0.053
ACCUMULATION_VCP,TRIPLE,F1F3F12_CPOS_SEC_MOM,0.5,446,39.01,0.0476,1.112,21.2,0.0,121,0.1715,1.569,-1.75,0.0266,-0.0582,0.1535,-0.0279,-0.1034,40.76,0.021,40.76,-0.053
ACCUMULATION_VCP,TRIPLE,F1F3F12_CPOS_SEC_MOM,1.0,446,39.01,0.0256,1.057,21.2,0.0,121,0.1101,1.303,-1.75,0.0046,-0.0814,0.1326,-0.0499,-0.1254,40.76,0.021,40.76,-0.053
ACCUMULATION_VCP,TRIPLE,F1F3F12_CPOS_SEC_MOM,1.5,446,39.01,0.0007,1.001,29.04,0.0,121,0.0973,1.259,-1.75,-0.0203,-0.1076,0.109,-0.0748,-0.1503,40.76,0.021,40.76,-0.053
ACCUMULATION_VCP,TRIPLE,F3F4F12_SEC_VOL_MOM,0.0,849,40.75,-0.0181,0.965,60.55,0.0,227,0.2555,1.706,-0.01,-0.0391,-0.0996,0.0634,-0.0936,-0.1691,40.76,0.021,40.76,-0.053
ACCUMULATION_VCP,TRIPLE,F3F4F12_SEC_VOL_MOM,0.5,849,40.75,0.0793,1.188,39.12,0.0,227,0.356,2.362,-0.01,0.0583,0.0013,0.1572,0.0038,-0.0717,40.76,0.021,40.76,-0.053
ACCUMULATION_VCP,TRIPLE,F3F4F12_SEC_VOL_MOM,1.0,849,40.75,0.0562,1.126,39.12,0.0,227,0.308,1.995,-0.01,0.0352,-0.0227,0.1351,-0.0193,-0.0948,40.76,0.021,40.76,-0.053
ACCUMULATION_VCP,TRIPLE,F3F4F12_SEC_VOL_MOM,1.5,849,40.75,0.0317,1.067,39.12,0.0,227,0.2835,1.849,-0.01,0.0107,-0.0482,0.1115,-0.0438,-0.1193,40.76,0.021,40.76,-0.053
ACCUMULATION_VCP,TRIPLE,F1F2F6_CPOS_RS_BRD,0.0,329,42.55,-0.0681,0.865,38.22,0.0,106,-0.0023,0.995,1.79,-0.0891,-0.1886,0.0524,-0.1436,-0.2191,40.76,0.021,40.76,-0.053
ACCUMULATION_VCP,TRIPLE,F1F2F6_CPOS_RS_BRD,0.5,329,42.55,0.0258,1.062,34.06,0.0,106,0.0923,1.279,1.79,0.0048,-0.0892,0.1407,-0.0497,-0.1252,40.76,0.021,40.76,-0.053
ACCUMULATION_VCP,TRIPLE,F1F2F6_CPOS_RS_BRD,1.0,329,42.55,0.0089,1.021,35.05,0.0,106,0.0735,1.21,1.79,-0.0121,-0.1071,0.1249,-0.0666,-0.1421,40.76,0.021,40.76,-0.053
ACCUMULATION_VCP,TRIPLE,F1F2F6_CPOS_RS_BRD,1.5,329,42.55,-0.0104,0.977,35.15,0.0,106,0.0541,1.146,1.79,-0.0314,-0.1275,0.1068,-0.0859,-0.1614,40.76,0.021,40.76,-0.053
EOD_BREAKOUT,PAIR,F1F2_CPOS_RS70,0.0,360,41.39,-0.0194,0.963,40.16,0.0,93,0.2916,1.656,0.38,-0.0244,-0.1473,0.1085,-0.0924,-0.1654,41.01,0.005,41.01,-0.074
EOD_BREAKOUT,PAIR,F1F2_CPOS_RS70,0.5,360,41.39,0.0722,1.166,31.8,0.0,93,0.3671,1.995,0.38,0.0672,-0.0507,0.1951,-0.0008,-0.0738,41.01,0.005,41.01,-0.074
EOD_BREAKOUT,PAIR,F1F2_CPOS_RS70,1.0,360,41.39,0.0499,1.109,36.41,0.0,93,0.3524,1.919,0.38,0.0449,-0.0743,0.1741,-0.0231,-0.0961,41.01,0.005,41.01,-0.074
EOD_BREAKOUT,PAIR,F1F2_CPOS_RS70,1.5,360,41.39,0.0395,1.084,40.16,0.0,93,0.3417,1.866,0.38,0.0345,-0.0852,0.1642,-0.0335,-0.1065,41.01,0.005,41.01,-0.074
EOD_BREAKOUT,PAIR,F1F3_CPOS_SEC,0.0,650,42.15,0.0106,1.021,43.87,0.0,172,0.255,1.579,1.14,0.0056,-0.0839,0.1051,-0.0624,-0.1354,41.01,0.005,41.01,-0.074
EOD_BREAKOUT,PAIR,F1F3_CPOS_SEC,0.5,650,42.15,0.1169,1.29,30.11,0.0,172,0.3575,2.058,1.14,0.1119,0.0272,0.2067,0.0439,-0.0291,41.01,0.005,41.01,-0.074
EOD_BREAKOUT,PAIR,F1F3_CPOS_SEC,1.0,650,42.15,0.0936,1.219,41.1,0.0,172,0.3332,1.92,1.14,0.0886,0.0027,0.1844,0.0206,-0.0524,41.01,0.005,41.01,-0.074
EOD_BREAKOUT,PAIR,F1F3_CPOS_SEC,1.5,650,42.15,0.0726,1.162,41.63,0.0,172,0.3042,1.777,1.14,0.0676,-0.0192,0.1644,-0.0004,-0.0734,41.01,0.005,41.01,-0.074
EOD_BREAKOUT,PAIR,F1F4_CPOS_VOL15,0.0,461,43.17,0.0373,1.076,48.68,0.0,115,0.1834,1.406,2.16,0.0323,-0.0752,0.1499,-0.0357,-0.1087,41.01,0.005,41.01,-0.074
EOD_BREAKOUT,PAIR,F1F4_CPOS_VOL15,0.5,461,43.17,0.1371,1.351,42.75,0.0,115,0.2934,1.859,2.16,0.1321,0.03,0.2442,0.0641,-0.0089,41.01,0.005,41.01,-0.074
EOD_BREAKOUT,PAIR,F1F4_CPOS_VOL15,1.0,461,43.17,0.115,1.278,46.75,0.0,115,0.2673,1.727,2.16,0.11,0.0065,0.2234,0.042,-0.031,41.01,0.005,41.01,-0.074
EOD_BREAKOUT,PAIR,F1F4_CPOS_VOL15,1.5,461,43.17,0.0943,1.217,46.75,0.0,115,0.2326,1.578,2.16,0.0893,-0.0153,0.2039,0.0213,-0.0517,41.01,0.005,41.01,-0.074
EOD_BREAKOUT,PAIR,F1F7_CPOS_COMP,0.0,602,43.69,0.0374,1.076,41.03,0.0,160,0.2909,1.703,2.68,0.0324,-0.061,0.1357,-0.0356,-0.1086,41.01,0.005,41.01,-0.074
EOD_BREAKOUT,PAIR,F1F7_CPOS_COMP,0.5,602,43.69,0.1328,1.333,38.57,0.0,160,0.3739,2.13,2.68,0.1278,0.039,0.2266,0.0598,-0.0132,41.01,0.005,41.01,-0.074
EOD_BREAKOUT,PAIR,F1F7_CPOS_COMP,1.0,602,43.69,0.1117,1.266,39.81,0.0,160,0.3591,2.039,2.68,0.1067,0.0168,0.2066,0.0387,-0.0343,41.01,0.005,41.01,-0.074
EOD_BREAKOUT,PAIR,F1F7_CPOS_COMP,1.5,602,43.69,0.0952,1.218,41.03,0.0,160,0.336,1.911,2.68,0.0902,-0.0005,0.1908,0.0222,-0.0508,41.01,0.005,41.01,-0.074
EOD_BREAKOUT,PAIR,F1F12_CPOS_MOM,0.0,665,43.46,0.0332,1.067,54.23,0.0,176,0.2757,1.64,2.45,0.0282,-0.0605,0.127,-0.0398,-0.1128,41.01,0.005,41.01,-0.074
EOD_BREAKOUT,PAIR,F1F12_CPOS_MOM,0.5,665,43.46,0.1299,1.325,40.71,0.0,176,0.3713,2.107,2.45,0.1249,0.0405,0.2193,0.0569,-0.0161,41.01,0.005,41.01,-0.074
EOD_BREAKOUT,PAIR,F1F12_CPOS_MOM,1.0,665,43.46,0.1106,1.264,48.66,0.0,176,0.3476,1.968,2.45,0.1056,0.0203,0.2009,0.0376,-0.0354,41.01,0.005,41.01,-0.074
EOD_BREAKOUT,PAIR,F1F12_CPOS_MOM,1.5,665,43.46,0.0901,1.205,52.48,0.0,176,0.3192,1.824,2.45,0.0851,-0.0012,0.1813,0.0171,-0.0559,41.01,0.005,41.01,-0.074
EOD_BREAKOUT,PAIR,F2F3_RS_SEC,0.0,1797,41.35,-0.0465,0.912,206.47,0.0,424,0.2114,1.461,0.34,-0.0515,-0.1017,0.0087,-0.1195,-0.1925,41.01,0.005,41.01,-0.074
EOD_BREAKOUT,PAIR,F2F3_RS_SEC,0.5,1797,41.35,0.0536,1.125,189.45,0.0,424,0.3152,1.89,0.34,0.0486,0.0009,0.1063,-0.0194,-0.0924,41.01,0.005,41.01,-0.074
EOD_BREAKOUT,PAIR,F2F3_RS_SEC,1.0,1797,41.35,0.0301,1.067,206.47,0.0,424,0.292,1.773,0.34,0.0251,-0.0232,0.0834,-0.0429,-0.1159,41.01,0.005,41.01,-0.074
EOD_BREAKOUT,PAIR,F2F3_RS_SEC,1.5,1797,41.35,0.0104,1.022,206.47,0.0,424,0.2617,1.642,0.34,0.0054,-0.0434,0.0642,-0.0626,-0.1356,41.01,0.005,41.01,-0.074
EOD_BREAKOUT,PAIR,F2F4_RS_VOL15,0.0,1347,38.83,-0.0813,0.85,187.33,0.0,323,0.0501,1.099,-2.18,-0.0863,-0.1452,-0.0174,-0.1543,-0.2273,41.01,0.005,41.01,-0.074
EOD_BREAKOUT,PAIR,F2F4_RS_VOL15,0.5,1347,38.83,0.0202,1.046,146.82,0.0,323,0.1686,1.435,-2.18,0.0152,-0.0409,0.0814,-0.0528,-0.1258,41.01,0.005,41.01,-0.074
EOD_BREAKOUT,PAIR,F2F4_RS_VOL15,1.0,1347,38.83,-0.0032,0.993,160.16,0.0,323,0.1431,1.347,-2.18,-0.0082,-0.0651,0.0586,-0.0762,-0.1492,41.01,0.005,41.01,-0.074
EOD_BREAKOUT,PAIR,F2F4_RS_VOL15,1.5,1347,38.83,-0.0244,0.95,163.02,0.0,323,0.1177,1.268,-2.18,-0.0294,-0.0868,0.038,-0.0974,-0.1704,41.01,0.005,41.01,-0.074
EOD_BREAKOUT,PAIR,F3F4_SEC_VOL15,0.0,2355,41.83,-0.0368,0.929,187.55,0.0,532,0.091,1.186,0.82,-0.0418,-0.0849,0.0113,-0.1098,-0.1828,41.01,0.005,41.01,-0.074
EOD_BREAKOUT,PAIR,F3F4_SEC_VOL15,0.5,2355,41.83,0.0645,1.154,150.85,0.0,532,0.2125,1.576,0.82,0.0595,0.0187,0.1104,-0.0085,-0.0815,41.01,0.005,41.01,-0.074
EOD_BREAKOUT,PAIR,F3F4_SEC_VOL15,1.0,2355,41.83,0.0413,1.093,158.78,0.0,532,0.1768,1.437,0.82,0.0363,-0.0052,0.0877,-0.0317,-0.1047,41.01,0.005,41.01,-0.074
EOD_BREAKOUT,PAIR,F3F4_SEC_VOL15,1.5,2355,41.83,0.0204,1.044,161.74,0.0,532,0.1533,1.358,0.82,0.0154,-0.0265,0.0673,-0.0526,-0.1256,41.01,0.005,41.01,-0.074
EOD_BREAKOUT,PAIR,F3F6_SEC_BREADTH,0.0,4371,42.96,-0.0342,0.934,333.22,0.0,1013,0.1909,1.404,1.95,-0.0392,-0.0693,0.0009,-0.1072,-0.1802,41.01,0.005,41.01,-0.074
EOD_BREAKOUT,PAIR,F3F6_SEC_BREADTH,0.5,4371,42.96,0.063,1.15,299.45,0.0,1013,0.2949,1.801,1.95,0.058,0.0295,0.0965,-0.01,-0.083,41.01,0.005,41.01,-0.074
EOD_BREAKOUT,PAIR,F3F6_SEC_BREADTH,1.0,4371,42.96,0.0402,1.091,327.38,0.0,1013,0.279,1.726,1.95,0.0352,0.0063,0.0741,-0.0328,-0.1058,41.01,0.005,41.01,-0.074
EOD_BREAKOUT,PAIR,F3F6_SEC_BREADTH,1.5,4371,42.96,0.0214,1.046,329.56,0.0,1013,0.2604,1.647,1.95,0.0164,-0.0128,0.0557,-0.0516,-0.1246,41.01,0.005,41.01,-0.074
EOD_BREAKOUT,PAIR,F4F7_VOL_COMP,0.0,2391,39.94,-0.0726,0.865,252.67,0.0,537,0.0598,1.12,-1.07,-0.0776,-0.1204,-0.0249,-0.1456,-0.2186,41.01,0.005,41.01,-0.074
EOD_BREAKOUT,PAIR,F4F7_VOL_COMP,0.5,2391,39.94,0.0315,1.072,222.97,0.0,537,0.1708,1.443,-1.07,0.0265,-0.0141,0.077,-0.0415,-0.1145,41.01,0.005,41.01,-0.074
EOD_BREAKOUT,PAIR,F4F7_VOL_COMP,1.0,2391,39.94,0.0083,1.018,227.13,0.0,537,0.1472,1.36,-1.07,0.0033,-0.0378,0.0544,-0.0647,-0.1377,41.01,0.005,41.01,-0.074
EOD_BREAKOUT,PAIR,F4F7_VOL_COMP,1.5,2391,39.94,-0.0135,0.972,228.13,0.0,537,0.123,1.284,-1.07,-0.0185,-0.06,0.0331,-0.0865,-0.1595,41.01,0.005,41.01,-0.074
EOD_BREAKOUT,PAIR,F5F6_MTF_BREADTH,0.0,4741,42.19,-0.0494,0.907,460.24,0.0,1121,0.1396,1.281,1.18,-0.0544,-0.0832,-0.0155,-0.1224,-0.1954,41.01,0.005,41.01,-0.074
EOD_BREAKOUT,PAIR,F5F6_MTF_BREADTH,0.5,4741,42.19,0.0494,1.115,372.41,0.0,1121,0.2384,1.6,1.18,0.0444,0.017,0.0818,-0.0236,-0.0966,41.01,0.005,41.01,-0.074
EOD_BREAKOUT,PAIR,F5F6_MTF_BREADTH,1.0,4741,42.19,0.0262,1.058,415.41,0.0,1121,0.2206,1.531,1.18,0.0212,-0.0066,0.059,-0.0468,-0.1198,41.01,0.005,41.01,-0.074
EOD_BREAKOUT,PAIR,F5F6_MTF_BREADTH,1.5,4741,42.19,0.006,1.013,459.57,0.0,1121,0.1974,1.45,1.18,0.001,-0.0271,0.0391,-0.067,-0.14,41.01,0.005,41.01,-0.074
EOD_BREAKOUT,PAIR,F7F10_COMP_BODY,0.0,1296,41.67,-0.0348,0.935,114.91,0.0,314,0.1633,1.354,0.66,-0.0398,-0.1012,0.0316,-0.1078,-0.1808,41.01,0.005,41.01,-0.074
EOD_BREAKOUT,PAIR,F7F10_COMP_BODY,0.5,1296,41.67,0.066,1.153,100.38,0.0,314,0.2665,1.742,0.66,0.061,0.0025,0.1294,-0.007,-0.08,41.01,0.005,41.01,-0.074
EOD_BREAKOUT,PAIR,F7F10_COMP_BODY,1.0,1296,41.67,0.0428,1.094,114.91,0.0,314,0.245,1.644,0.66,0.0378,-0.0214,0.107,-0.0302,-0.1032,41.01,0.005,41.01,-0.074
EOD_BREAKOUT,PAIR,F7F10_COMP_BODY,1.5,1296,41.67,0.0236,1.05,114.91,0.0,314,0.2226,1.552,0.66,0.0186,-0.0412,0.0884,-0.0494,-0.1224,41.01,0.005,41.01,-0.074
EOD_BREAKOUT,PAIR,F10F12_BODY_MOM,0.0,1428,41.88,-0.0348,0.934,131.08,0.0,352,0.2057,1.45,0.87,-0.0398,-0.0975,0.0279,-0.1078,-0.1808,41.01,0.005,41.01,-0.074
EOD_BREAKOUT,PAIR,F10F12_BODY_MOM,0.5,1428,41.88,0.0626,1.147,109.09,0.0,352,0.3073,1.864,0.87,0.0576,0.0026,0.1226,-0.0104,-0.0834,41.01,0.005,41.01,-0.074
EOD_BREAKOUT,PAIR,F10F12_BODY_MOM,1.0,1428,41.88,0.0429,1.096,109.09,0.0,352,0.2906,1.781,0.87,0.0379,-0.0176,0.1035,-0.0301,-0.1031,41.01,0.005,41.01,-0.074
EOD_BREAKOUT,PAIR,F10F12_BODY_MOM,1.5,1428,41.88,0.0245,1.053,115.84,0.0,352,0.2651,1.666,0.87,0.0195,-0.0367,0.0856,-0.0485,-0.1215,41.01,0.005,41.01,-0.074
EOD_BREAKOUT,PAIR,F1F10_CPOS_BODY,0.0,1107,42.82,0.0096,1.019,75.56,0.0,284,0.2235,1.504,1.81,0.0046,-0.0627,0.082,-0.0634,-0.1364,41.01,0.005,41.01,-0.074
EOD_BREAKOUT,PAIR,F1F10_CPOS_BODY,0.5,1107,42.82,0.1096,1.267,50.61,0.0,284,0.3279,1.967,1.81,0.1046,0.0405,0.1786,0.0366,-0.0364,41.01,0.005,41.01,-0.074
EOD_BREAKOUT,PAIR,F1F10_CPOS_BODY,1.0,1107,42.82,0.0868,1.2,68.39,0.0,284,0.2978,1.807,1.81,0.0818,0.017,0.1567,0.0138,-0.0592,41.01,0.005,41.01,-0.074
EOD_BREAKOUT,PAIR,F1F10_CPOS_BODY,1.5,1107,42.82,0.0689,1.153,69.92,0.0,284,0.2732,1.694,1.81,0.0639,-0.0015,0.1394,-0.0041,-0.0771,41.01,0.005,41.01,-0.074
EOD_BREAKOUT,PAIR,F6F12_BRD_MOM,0.0,1451,41.83,-0.0455,0.913,157.18,0.0,363,0.1129,1.237,0.82,-0.0505,-0.1065,0.0156,-0.1185,-0.1915,41.01,0.005,41.01,-0.074
EOD_BREAKOUT,PAIR,F6F12_BRD_MOM,0.5,1451,41.83,0.0486,1.114,147.6,0.0,363,0.2069,1.54,0.82,0.0436,-0.0099,0.1071,-0.0244,-0.0974,41.01,0.005,41.01,-0.074
EOD_BREAKOUT,PAIR,F6F12_BRD_MOM,1.0,1451,41.83,0.0278,1.062,150.69,0.0,363,0.1897,1.474,0.82,0.0228,-0.0313,0.0868,-0.0452,-0.1182,41.01,0.005,41.01,-0.074
EOD_BREAKOUT,PAIR,F6F12_BRD_MOM,1.5,1451,41.83,0.0118,1.025,150.69,0.0,363,0.1757,1.424,0.82,0.0068,-0.0477,0.0713,-0.0612,-0.1342,41.01,0.005,41.01,-0.074
EOD_BREAKOUT,PAIR,F1F6_CPOS_BRD,0.0,837,42.77,0.0042,1.008,56.18,0.0,220,0.228,1.518,1.76,-0.0008,-0.0781,0.0865,-0.0688,-0.1418,41.01,0.005,41.01,-0.074
EOD_BREAKOUT,PAIR,F1F6_CPOS_BRD,0.5,837,42.77,0.0985,1.238,40.9,0.0,220,0.3143,1.887,1.76,0.0935,0.0197,0.1772,0.0255,-0.0475,41.01,0.005,41.01,-0.074
EOD_BREAKOUT,PAIR,F1F6_CPOS_BRD,1.0,837,42.77,0.0773,1.178,49.65,0.0,220,0.3013,1.821,1.76,0.0723,-0.0023,0.1569,0.0043,-0.0687,41.01,0.005,41.01,-0.074
EOD_BREAKOUT,PAIR,F1F6_CPOS_BRD,1.5,837,42.77,0.0632,1.141,56.18,0.0,220,0.2922,1.777,1.76,0.0582,-0.0169,0.1433,-0.0098,-0.0828,41.01,0.005,41.01,-0.074
EOD_BREAKOUT,PAIR,F4F12_VOL_MOM,0.0,1298,39.98,-0.0562,0.895,149.62,0.0,316,0.0124,1.024,-1.03,-0.0612,-0.122,0.0096,-0.1292,-0.2022,41.01,0.005,41.01,-0.074
EOD_BREAKOUT,PAIR,F4F12_VOL_MOM,0.5,1298,39.98,0.0477,1.11,109.51,0.0,316,0.1378,1.345,-1.03,0.0427,-0.0152,0.1105,-0.0253,-0.0983,41.01,0.005,41.01,-0.074
EOD_BREAKOUT,PAIR,F4F12_VOL_MOM,1.0,1298,39.98,0.0255,1.056,112.26,0.0,316,0.1107,1.26,-1.03,0.0205,-0.038,0.0891,-0.0475,-0.1205,41.01,0.005,41.01,-0.074
EOD_BREAKOUT,PAIR,F4F12_VOL_MOM,1.5,1298,39.98,0.0024,1.005,124.54,0.0,316,0.0759,1.165,-1.03,-0.0026,-0.0619,0.0666,-0.0706,-0.1436,41.01,0.005,41.01,-0.074
EOD_BREAKOUT,PAIR,F1F9_CPOS_EARLY,0.0,472,44.92,0.0573,1.118,39.82,0.0,117,0.3092,1.802,3.91,0.0523,-0.0538,0.1685,-0.0157,-0.0887,41.01,0.005,41.01,-0.074
EOD_BREAKOUT,PAIR,F1F9_CPOS_EARLY,0.5,472,44.92,0.1497,1.382,35.52,0.0,117,0.3922,2.297,3.91,0.1447,0.0435,0.2558,0.0767,0.0037,41.01,0.005,41.01,-0.074
EOD_BREAKOUT,PAIR,F1F9_CPOS_EARLY,1.0,472,44.92,0.128,1.309,36.01,0.0,117,0.3661,2.114,3.91,0.123,0.0206,0.2353,0.055,-0.018,41.01,0.005,41.01,-0.074
EOD_BREAKOUT,PAIR,F1F9_CPOS_EARLY,1.5,472,44.92,0.111,1.258,38.62,0.0,117,0.3405,1.961,3.91,0.106,0.0027,0.2193,0.038,-0.035,41.01,0.005,41.01,-0.074
EOD_BREAKOUT,TRIPLE,F1F2F3_CPOS_RS_SEC,0.0,205,41.46,-0.0297,0.943,30.26,0.0,59,0.3234,1.769,0.45,-0.0347,-0.1958,0.1363,-0.1027,-0.1757,41.01,0.005,41.01,-0.074
EOD_BREAKOUT,TRIPLE,F1F2F3_CPOS_RS_SEC,0.5,205,41.46,0.0655,1.154,29.18,0.0,59,0.3912,2.11,0.45,0.0605,-0.0935,0.2245,-0.0075,-0.0805,41.01,0.005,41.01,-0.074
EOD_BREAKOUT,TRIPLE,F1F2F3_CPOS_RS_SEC,1.0,205,41.46,0.0448,1.1,30.26,0.0,59,0.3742,2.013,0.45,0.0398,-0.1157,0.2054,-0.0282,-0.1012,41.01,0.005,41.01,-0.074
EOD_BREAKOUT,TRIPLE,F1F2F3_CPOS_RS_SEC,1.5,205,41.46,0.0263,1.056,30.26,0.0,59,0.3573,1.925,0.45,0.0213,-0.1357,0.1882,-0.0467,-0.1197,41.01,0.005,41.01,-0.074
EOD_BREAKOUT,TRIPLE,F1F4F7_CPOS_VOL_COMP,0.0,251,44.62,0.0765,1.165,17.6,0.0,69,0.2842,1.7,3.61,0.0715,-0.0754,0.2285,0.0035,-0.0695,41.01,0.005,41.01,-0.074
EOD_BREAKOUT,TRIPLE,F1F4F7_CPOS_VOL_COMP,0.5,251,44.62,0.1701,1.46,17.13,0.0,69,0.3843,2.257,3.61,0.1651,0.0255,0.3147,0.0971,0.0241,41.01,0.005,41.01,-0.074
EOD_BREAKOUT,TRIPLE,F1F4F7_CPOS_VOL_COMP,1.0,251,44.62,0.1505,1.387,17.6,0.0,69,0.3599,2.09,3.61,0.1455,0.0044,0.2967,0.0775,0.0045,41.01,0.005,41.01,-0.074
EOD_BREAKOUT,TRIPLE,F1F4F7_CPOS_VOL_COMP,1.5,251,44.62,0.1266,1.307,17.6,0.0,69,0.3309,1.921,3.61,0.1216,-0.0215,0.2748,0.0536,-0.0194,41.01,0.005,41.01,-0.074
EOD_BREAKOUT,TRIPLE,F2F3F6_RS_SEC_BRD,0.0,1351,42.26,-0.0345,0.933,144.43,0.0,322,0.2643,1.591,1.25,-0.0395,-0.098,0.0289,-0.1075,-0.1805,41.01,0.005,41.01,-0.074
EOD_BREAKOUT,TRIPLE,F2F3F6_RS_SEC_BRD,0.5,1351,42.26,0.0611,1.144,122.18,0.0,322,0.358,2.013,1.25,0.0561,0.0004,0.1218,-0.0119,-0.0849,41.01,0.005,41.01,-0.074
EOD_BREAKOUT,TRIPLE,F2F3F6_RS_SEC_BRD,1.0,1351,42.26,0.0387,1.087,144.43,0.0,322,0.3487,1.961,1.25,0.0337,-0.0226,0.1001,-0.0343,-0.1073,41.01,0.005,41.01,-0.074
EOD_BREAKOUT,TRIPLE,F2F3F6_RS_SEC_BRD,1.5,1351,42.26,0.021,1.045,144.43,0.0,322,0.3251,1.841,1.25,0.016,-0.0408,0.0829,-0.052,-0.125,41.01,0.005,41.01,-0.074
EOD_BREAKOUT,TRIPLE,F1F3F4_CPOS_SEC_VOL,0.0,274,41.97,0.0399,1.081,29.52,0.0,74,0.2061,1.446,0.96,0.0349,-0.1068,0.1865,-0.0331,-0.1061,41.01,0.005,41.01,-0.074
EOD_BREAKOUT,TRIPLE,F1F3F4_CPOS_SEC_VOL,0.5,274,41.97,0.1453,1.377,25.84,0.0,74,0.3265,1.955,0.96,0.1403,0.0063,0.2844,0.0723,-0.0007,41.01,0.005,41.01,-0.074
EOD_BREAKOUT,TRIPLE,F1F3F4_CPOS_SEC_VOL,1.0,274,41.97,0.1246,1.307,29.52,0.0,74,0.2902,1.768,0.96,0.1196,-0.016,0.2652,0.0516,-0.0214,41.01,0.005,41.01,-0.074
EOD_BREAKOUT,TRIPLE,F1F3F4_CPOS_SEC_VOL,1.5,274,41.97,0.0991,1.229,29.52,0.0,74,0.2632,1.65,0.96,0.0941,-0.0435,0.2416,0.0261,-0.0469,41.01,0.005,41.01,-0.074
EOD_BREAKOUT,TRIPLE,F1F4F12_CPOS_VOL_MOM,0.0,461,43.17,0.0373,1.076,48.68,0.0,115,0.1834,1.406,2.16,0.0323,-0.0752,0.1499,-0.0357,-0.1087,41.01,0.005,41.01,-0.074
EOD_BREAKOUT,TRIPLE,F1F4F12_CPOS_VOL_MOM,0.5,461,43.17,0.1371,1.351,42.75,0.0,115,0.2934,1.859,2.16,0.1321,0.03,0.2442,0.0641,-0.0089,41.01,0.005,41.01,-0.074
EOD_BREAKOUT,TRIPLE,F1F4F12_CPOS_VOL_MOM,1.0,461,43.17,0.115,1.278,46.75,0.0,115,0.2673,1.727,2.16,0.11,0.0065,0.2234,0.042,-0.031,41.01,0.005,41.01,-0.074
EOD_BREAKOUT,TRIPLE,F1F4F12_CPOS_VOL_MOM,1.5,461,43.17,0.0943,1.217,46.75,0.0,115,0.2326,1.578,2.16,0.0893,-0.0153,0.2039,0.0213,-0.0517,41.01,0.005,41.01,-0.074
EOD_BREAKOUT,TRIPLE,F3F6F7_SEC_BRD_COMP,0.0,2401,42.9,-0.0304,0.941,207.87,0.0,560,0.1962,1.431,1.89,-0.0354,-0.0779,0.0171,-0.1034,-0.1764,41.01,0.005,41.01,-0.074
EOD_BREAKOUT,TRIPLE,F3F6F7_SEC_BRD_COMP,0.5,2401,42.9,0.066,1.157,194.22,0.0,560,0.2964,1.835,1.89,0.061,0.0206,0.1115,-0.007,-0.08,41.01,0.005,41.01,-0.074
EOD_BREAKOUT,TRIPLE,F3F6F7_SEC_BRD_COMP,1.0,2401,42.9,0.043,1.097,207.87,0.0,560,0.2797,1.752,1.89,0.038,-0.003,0.089,-0.03,-0.103,41.01,0.005,41.01,-0.074
EOD_BREAKOUT,TRIPLE,F3F6F7_SEC_BRD_COMP,1.5,2401,42.9,0.0242,1.052,207.87,0.0,560,0.2601,1.664,1.89,0.0192,-0.0222,0.0706,-0.0488,-0.1218,41.01,0.005,41.01,-0.074
EOD_BREAKOUT,TRIPLE,F1F2F4_CPOS_RS_VOL,0.0,153,41.18,0.023,1.044,23.43,0.0,42,0.1874,1.389,0.17,0.018,-0.1833,0.2292,-0.05,-0.123,41.01,0.005,41.01,-0.074
EOD_BREAKOUT,TRIPLE,F1F2F4_CPOS_RS_VOL,0.5,153,41.18,0.127,1.302,16.27,0.0,42,0.2301,1.524,0.17,0.122,-0.0699,0.324,0.054,-0.019,41.01,0.005,41.01,-0.074
EOD_BREAKOUT,TRIPLE,F1F2F4_CPOS_RS_VOL,1.0,153,41.18,0.0985,1.219,20.03,0.0,42,0.2214,1.494,0.17,0.0935,-0.1012,0.2982,0.0255,-0.0475,41.01,0.005,41.01,-0.074
EOD_BREAKOUT,TRIPLE,F1F2F4_CPOS_RS_VOL,1.5,153,41.18,0.0789,1.168,20.03,0.0,42,0.1976,1.419,0.17,0.0739,-0.1227,0.2804,0.0059,-0.0671,41.01,0.005,41.01,-0.074
EOD_BREAKOUT,TRIPLE,F2F4F6_RS_VOL_BRD,0.0,1016,39.57,-0.0853,0.843,139.68,0.0,243,0.048,1.095,-1.44,-0.0903,-0.1584,-0.0122,-0.1583,-0.2313,41.01,0.005,41.01,-0.074
EOD_BREAKOUT,TRIPLE,F2F4F6_RS_VOL_BRD,0.5,1016,39.57,0.0117,1.026,111.45,0.0,243,0.1574,1.399,-1.44,0.0067,-0.0584,0.0819,-0.0613,-0.1343,41.01,0.005,41.01,-0.074
EOD_BREAKOUT,TRIPLE,F2F4F6_RS_VOL_BRD,1.0,1016,39.57,-0.0138,0.971,120.7,0.0,243,0.1312,1.312,-1.44,-0.0188,-0.0848,0.0571,-0.0868,-0.1598,41.01,0.005,41.01,-0.074
EOD_BREAKOUT,TRIPLE,F2F4F6_RS_VOL_BRD,1.5,1016,39.57,-0.0316,0.936,128.07,0.0,243,0.1303,1.309,-1.44,-0.0366,-0.1031,0.0399,-0.1046,-0.1776,41.01,0.005,41.01,-0.074
EOD_BREAKOUT,TRIPLE,F1F6F12_CPOS_BRD_MOM,0.0,501,44.11,0.0404,1.083,42.58,0.0,138,0.2664,1.631,3.1,0.0354,-0.0663,0.1471,-0.0326,-0.1056,41.01,0.005,41.01,-0.074
EOD_BREAKOUT,TRIPLE,F1F6F12_CPOS_BRD_MOM,0.5,501,44.11,0.1299,1.327,37.2,0.0,138,0.3571,2.077,3.1,0.1249,0.0279,0.2319,0.0569,-0.0161,41.01,0.005,41.01,-0.074
EOD_BREAKOUT,TRIPLE,F1F6F12_CPOS_BRD_MOM,1.0,501,44.11,0.11,1.264,39.51,0.0,138,0.3364,1.955,3.1,0.105,0.0069,0.2131,0.037,-0.036,41.01,0.005,41.01,-0.074
EOD_BREAKOUT,TRIPLE,F1F6F12_CPOS_BRD_MOM,1.5,501,44.11,0.0974,1.226,41.67,0.0,138,0.3291,1.915,3.1,0.0924,-0.0064,0.2011,0.0244,-0.0486,41.01,0.005,41.01,-0.074
EOD_BREAKOUT,TRIPLE,F1F5F3_CPOS_MTF_SEC,0.0,408,41.42,0.0048,1.009,39.39,0.0,109,0.3099,1.745,0.41,-0.0002,-0.1143,0.124,-0.0682,-0.1412,41.01,0.005,41.01,-0.074
EOD_BREAKOUT,TRIPLE,F1F5F3_CPOS_MTF_SEC,0.5,408,41.42,0.1066,1.262,31.73,0.0,109,0.387,2.142,0.41,0.1016,-0.007,0.2201,0.0336,-0.0394,41.01,0.005,41.01,-0.074
EOD_BREAKOUT,TRIPLE,F1F5F3_CPOS_MTF_SEC,1.0,408,41.42,0.0856,1.2,39.23,0.0,109,0.367,2.023,0.41,0.0806,-0.0291,0.2004,0.0126,-0.0604,41.01,0.005,41.01,-0.074
EOD_BREAKOUT,TRIPLE,F1F5F3_CPOS_MTF_SEC,1.5,408,41.42,0.0654,1.146,39.39,0.0,109,0.3487,1.924,0.41,0.0604,-0.0506,0.1813,-0.0076,-0.0806,41.01,0.005,41.01,-0.074
EOD_BREAKOUT,TRIPLE,F4F7F10_VOL_COMP_BODY,0.0,550,42.18,-0.0156,0.97,39.43,0.0,134,0.115,1.234,1.17,-0.0206,-0.1176,0.0864,-0.0886,-0.1616,41.01,0.005,41.01,-0.074
EOD_BREAKOUT,TRIPLE,F4F7F10_VOL_COMP_BODY,0.5,550,42.18,0.0846,1.203,39.43,0.0,134,0.2321,1.621,1.17,0.0796,-0.0127,0.1819,0.0116,-0.0614,41.01,0.005,41.01,-0.074
EOD_BREAKOUT,TRIPLE,F4F7F10_VOL_COMP_BODY,1.0,550,42.18,0.0606,1.138,39.43,0.0,134,0.2042,1.508,1.17,0.0556,-0.0379,0.1591,-0.0124,-0.0854,41.01,0.005,41.01,-0.074
EOD_BREAKOUT,TRIPLE,F4F7F10_VOL_COMP_BODY,1.5,550,42.18,0.0418,1.091,39.43,0.0,134,0.1744,1.404,1.17,0.0368,-0.0576,0.1412,-0.0312,-0.1042,41.01,0.005,41.01,-0.074
EOD_BREAKOUT,TRIPLE,F1F3F12_CPOS_SEC_MOM,0.0,384,42.45,0.0405,1.082,31.98,0.0,109,0.3238,1.756,1.44,0.0355,-0.0834,0.1645,-0.0325,-0.1055,41.01,0.005,41.01,-0.074
EOD_BREAKOUT,TRIPLE,F1F3F12_CPOS_SEC_MOM,0.5,384,42.45,0.1452,1.372,25.44,0.0,109,0.4239,2.292,1.44,0.1402,0.0276,0.2628,0.0722,-0.0008,41.01,0.005,41.01,-0.074
EOD_BREAKOUT,TRIPLE,F1F3F12_CPOS_SEC_MOM,1.0,384,42.45,0.1246,1.303,30.96,0.0,109,0.3993,2.132,1.44,0.1196,0.0056,0.2435,0.0516,-0.0214,41.01,0.005,41.01,-0.074
EOD_BREAKOUT,TRIPLE,F1F3F12_CPOS_SEC_MOM,1.5,384,42.45,0.101,1.232,30.96,0.0,109,0.3718,1.978,1.44,0.096,-0.0194,0.2214,0.028,-0.045,41.01,0.005,41.01,-0.074
EOD_BREAKOUT,TRIPLE,F3F4F12_SEC_VOL_MOM,0.0,720,41.53,-0.0279,0.945,74.76,0.0,178,0.0391,1.076,0.52,-0.0329,-0.1153,0.0594,-0.1009,-0.1739,41.01,0.005,41.01,-0.074
EOD_BREAKOUT,TRIPLE,F3F4F12_SEC_VOL_MOM,0.5,720,41.53,0.0777,1.192,44.15,0.0,178,0.1416,1.342,0.52,0.0727,-0.0053,0.1607,0.0047,-0.0683,41.01,0.005,41.01,-0.074
EOD_BREAKOUT,TRIPLE,F3F4F12_SEC_VOL_MOM,1.0,720,41.53,0.0547,1.128,53.56,0.0,178,0.1132,1.256,0.52,0.0497,-0.0294,0.1387,-0.0183,-0.0913,41.01,0.005,41.01,-0.074
EOD_BREAKOUT,TRIPLE,F3F4F12_SEC_VOL_MOM,1.5,720,41.53,0.0293,1.065,59.53,0.0,178,0.0851,1.181,0.52,0.0243,-0.0558,0.1144,-0.0437,-0.1167,41.01,0.005,41.01,-0.074
EOD_BREAKOUT,TRIPLE,F1F2F6_CPOS_RS_BRD,0.0,262,41.22,-0.0217,0.959,21.21,0.0,64,0.3752,1.891,0.21,-0.0267,-0.1698,0.1265,-0.0947,-0.1677,41.01,0.005,41.01,-0.074
EOD_BREAKOUT,TRIPLE,F1F2F6_CPOS_RS_BRD,0.5,262,41.22,0.0584,1.132,20.36,0.0,64,0.4224,2.129,0.21,0.0534,-0.0848,0.2016,-0.0146,-0.0876,41.01,0.005,41.01,-0.074
EOD_BREAKOUT,TRIPLE,F1F2F6_CPOS_RS_BRD,1.0,262,41.22,0.0392,1.085,20.36,0.0,64,0.4167,2.097,0.21,0.0342,-0.1053,0.1837,-0.0338,-0.1068,41.01,0.005,41.01,-0.074
EOD_BREAKOUT,TRIPLE,F1F2F6_CPOS_RS_BRD,1.5,262,41.22,0.0287,1.061,21.21,0.0,64,0.4167,2.097,0.21,0.0237,-0.1163,0.1737,-0.0443,-0.1173,41.01,0.005,41.01,-0.074
SHORT_COVERING,PAIR,F1F2_CPOS_RS70,0.0,220,32.73,-0.127,0.822,38.43,0.0,51,-0.2081,0.712,-1.94,-0.167,-0.3181,0.064,-0.2,-0.273,34.67,0.04,34.67,-0.068
SHORT_COVERING,PAIR,F1F2_CPOS_RS70,0.5,220,32.73,0.0132,1.023,35.81,0.0,51,-0.1412,0.785,-1.94,-0.0268,-0.1701,0.1965,-0.0598,-0.1328,34.67,0.04,34.67,-0.068
SHORT_COVERING,PAIR,F1F2_CPOS_RS70,1.0,220,32.73,-0.0186,0.969,35.81,0.0,51,-0.1412,0.785,-1.94,-0.0586,-0.2039,0.1667,-0.0916,-0.1646,34.67,0.04,34.67,-0.068
SHORT_COVERING,PAIR,F1F2_CPOS_RS70,1.5,220,32.73,-0.0479,0.925,35.81,0.0,51,-0.1608,0.762,-1.94,-0.0879,-0.2348,0.1391,-0.1209,-0.1939,34.67,0.04,34.67,-0.068
SHORT_COVERING,PAIR,F1F3_CPOS_SEC,0.0,423,36.17,-0.0379,0.946,34.28,0.0,89,0.0757,1.112,1.5,-0.0779,-0.182,0.1062,-0.1109,-0.1839,34.67,0.04,34.67,-0.068
SHORT_COVERING,PAIR,F1F3_CPOS_SEC,0.5,423,36.17,0.1001,1.176,33.94,0.0,89,0.1771,1.309,1.5,0.0601,-0.038,0.2382,0.0271,-0.0459,34.67,0.04,34.67,-0.068
SHORT_COVERING,PAIR,F1F3_CPOS_SEC,1.0,423,36.17,0.0717,1.12,33.94,0.0,89,0.1573,1.265,1.5,0.0317,-0.0677,0.2111,-0.0013,-0.0743,34.67,0.04,34.67,-0.068
SHORT_COVERING,PAIR,F1F3_CPOS_SEC,1.5,423,36.17,0.0431,1.069,34.28,0.0,89,0.146,1.242,1.5,0.0031,-0.0976,0.1838,-0.0299,-0.1029,34.67,0.04,34.67,-0.068
SHORT_COVERING,PAIR,F1F4_CPOS_VOL15,0.0,313,33.23,-0.097,0.867,68.77,0.0,53,-0.1353,0.818,-1.44,-0.137,-0.2633,0.0694,-0.17,-0.243,34.67,0.04,34.67,-0.068
SHORT_COVERING,PAIR,F1F4_CPOS_VOL15,0.5,313,33.23,0.0428,1.073,67.77,0.0,53,0.0345,1.06,-1.44,0.0028,-0.117,0.2027,-0.0302,-0.1032,34.67,0.04,34.67,-0.068
SHORT_COVERING,PAIR,F1F4_CPOS_VOL15,1.0,313,33.23,0.0157,1.025,68.77,0.0,53,-0.0033,0.995,-1.44,-0.0243,-0.1455,0.1769,-0.0573,-0.1303,34.67,0.04,34.67,-0.068
SHORT_COVERING,PAIR,F1F4_CPOS_VOL15,1.5,313,33.23,-0.0139,0.979,68.77,0.0,53,-0.0221,0.965,-1.44,-0.0539,-0.1765,0.1487,-0.0869,-0.1599,34.67,0.04,34.67,-0.068
SHORT_COVERING,PAIR,F1F7_CPOS_COMP,0.0,384,33.85,-0.059,0.917,45.25,0.0,80,-0.0195,0.972,-0.82,-0.099,-0.2106,0.0925,-0.132,-0.205,34.67,0.04,34.67,-0.068
SHORT_COVERING,PAIR,F1F7_CPOS_COMP,0.5,384,33.85,0.0752,1.13,45.25,0.0,80,0.1286,1.233,-0.82,0.0352,-0.0706,0.2209,0.0022,-0.0708,34.67,0.04,34.67,-0.068
SHORT_COVERING,PAIR,F1F7_CPOS_COMP,1.0,384,33.85,0.0525,1.087,45.25,0.0,80,0.0911,1.154,-0.82,0.0125,-0.0943,0.1993,-0.0205,-0.0935,34.67,0.04,34.67,-0.068
SHORT_COVERING,PAIR,F1F7_CPOS_COMP,1.5,384,33.85,0.0224,1.035,45.25,0.0,80,0.0588,1.094,-0.82,-0.0176,-0.1258,0.1705,-0.0506,-0.1236,34.67,0.04,34.67,-0.068
SHORT_COVERING,PAIR,F1F12_CPOS_MOM,0.0,438,36.07,-0.0087,0.987,51.32,0.0,85,0.1861,1.297,1.4,-0.0487,-0.1515,0.1341,-0.0817,-0.1547,34.67,0.04,34.67,-0.068
SHORT_COVERING,PAIR,F1F12_CPOS_MOM,0.5,438,36.07,0.123,1.219,51.32,0.0,85,0.3119,1.622,1.4,0.083,-0.0141,0.26,0.05,-0.023,34.67,0.04,34.67,-0.068
SHORT_COVERING,PAIR,F1F12_CPOS_MOM,1.0,438,36.07,0.0961,1.163,51.32,0.0,85,0.2851,1.539,1.4,0.0561,-0.0422,0.2344,0.0231,-0.0499,34.67,0.04,34.67,-0.068
SHORT_COVERING,PAIR,F1F12_CPOS_MOM,1.5,438,36.07,0.0722,1.118,51.32,0.0,85,0.2615,1.474,1.4,0.0322,-0.0672,0.2116,-0.0008,-0.0738,34.67,0.04,34.67,-0.068
SHORT_COVERING,PAIR,F2F3_RS_SEC,0.0,1170,34.79,-0.0764,0.891,110.39,0.0,229,-0.0445,0.937,0.12,-0.1164,-0.1607,0.0078,-0.1494,-0.2224,34.67,0.04,34.67,-0.068
SHORT_COVERING,PAIR,F2F3_RS_SEC,0.5,1170,34.79,0.064,1.114,74.48,0.0,229,0.1245,1.231,0.12,0.024,-0.0167,0.1447,-0.009,-0.082,34.67,0.04,34.67,-0.068
SHORT_COVERING,PAIR,F2F3_RS_SEC,1.0,1170,34.79,0.0326,1.055,84.25,0.0,229,0.098,1.173,0.12,-0.0074,-0.049,0.1141,-0.0404,-0.1134,34.67,0.04,34.67,-0.068
SHORT_COVERING,PAIR,F2F3_RS_SEC,1.5,1170,34.79,0.0033,1.005,90.83,0.0,229,0.0563,1.093,0.12,-0.0367,-0.0791,0.0856,-0.0697,-0.1427,34.67,0.04,34.67,-0.068
SHORT_COVERING,PAIR,F2F4_RS_VOL15,0.0,869,35.9,-0.0199,0.971,90.46,0.0,163,-0.0183,0.974,1.23,-0.0599,-0.1203,0.0805,-0.0929,-0.1659,34.67,0.04,34.67,-0.068
SHORT_COVERING,PAIR,F2F4_RS_VOL15,0.5,869,35.9,0.1157,1.208,87.21,0.0,163,0.1676,1.32,1.23,0.0757,0.0195,0.2119,0.0427,-0.0303,34.67,0.04,34.67,-0.068
SHORT_COVERING,PAIR,F2F4_RS_VOL15,1.0,869,35.9,0.0851,1.145,88.29,0.0,163,0.1148,1.199,1.23,0.0451,-0.0121,0.1823,0.0121,-0.0609,34.67,0.04,34.67,-0.068
SHORT_COVERING,PAIR,F2F4_RS_VOL15,1.5,869,35.9,0.057,1.093,90.46,0.0,163,0.0691,1.111,1.23,0.017,-0.0411,0.1551,-0.016,-0.089,34.67,0.04,34.67,-0.068
SHORT_COVERING,PAIR,F3F4_SEC_VOL15,0.0,1554,34.56,-0.0654,0.908,104.54,0.0,291,-0.0565,0.919,-0.11,-0.1054,-0.1394,0.0085,-0.1384,-0.2114,34.67,0.04,34.67,-0.068
SHORT_COVERING,PAIR,F3F4_SEC_VOL15,0.5,1554,34.56,0.0717,1.125,92.85,0.0,291,0.0966,1.176,-0.11,0.0317,0.0008,0.1427,-0.0013,-0.0743,34.67,0.04,34.67,-0.068
SHORT_COVERING,PAIR,F3F4_SEC_VOL15,1.0,1554,34.56,0.0414,1.069,92.85,0.0,291,0.0697,1.121,-0.11,0.0014,-0.0302,0.1131,-0.0316,-0.1046,34.67,0.04,34.67,-0.068
SHORT_COVERING,PAIR,F3F4_SEC_VOL15,1.5,1554,34.56,0.0159,1.025,92.85,0.0,291,0.0501,1.084,-0.11,-0.0241,-0.0564,0.0881,-0.0571,-0.1301,34.67,0.04,34.67,-0.068
SHORT_COVERING,PAIR,F4F7_VOL_COMP,0.0,1571,33.67,-0.0798,0.888,151.01,0.0,308,-0.1119,0.845,-1.0,-0.1198,-0.1532,-0.0064,-0.1528,-0.2258,34.67,0.04,34.67,-0.068
SHORT_COVERING,PAIR,F4F7_VOL_COMP,0.5,1571,33.67,0.057,1.099,142.69,0.0,308,0.0871,1.167,-1.0,0.017,-0.0135,0.1275,-0.016,-0.089,34.67,0.04,34.67,-0.068
SHORT_COVERING,PAIR,F4F7_VOL_COMP,1.0,1571,33.67,0.0275,1.045,151.01,0.0,308,0.0339,1.059,-1.0,-0.0125,-0.0437,0.0987,-0.0455,-0.1185,34.67,0.04,34.67,-0.068
SHORT_COVERING,PAIR,F4F7_VOL_COMP,1.5,1571,33.67,0.0028,1.004,151.01,0.0,308,-0.0015,0.998,-1.0,-0.0372,-0.0689,0.0746,-0.0702,-0.1432,34.67,0.04,34.67,-0.068
SHORT_COVERING,PAIR,F7F10_COMP_BODY,0.0,834,34.17,-0.0607,0.915,90.9,0.0,168,0.0113,1.017,-0.5,-0.1007,-0.1626,0.0412,-0.1337,-0.2067,34.67,0.04,34.67,-0.068
SHORT_COVERING,PAIR,F7F10_COMP_BODY,0.5,834,34.17,0.0762,1.132,90.9,0.0,168,0.1681,1.325,-0.5,0.0362,-0.0216,0.1741,0.0032,-0.0698,34.67,0.04,34.67,-0.068
SHORT_COVERING,PAIR,F7F10_COMP_BODY,1.0,834,34.17,0.051,1.085,90.9,0.0,168,0.1276,1.228,-0.5,0.011,-0.0476,0.1497,-0.022,-0.095,34.67,0.04,34.67,-0.068
SHORT_COVERING,PAIR,F7F10_COMP_BODY,1.5,834,34.17,0.0224,1.036,90.9,0.0,168,0.0783,1.129,-0.5,-0.0176,-0.0772,0.1219,-0.0506,-0.1236,34.67,0.04,34.67,-0.068
SHORT_COVERING,PAIR,F10F12_BODY_MOM,0.0,933,35.37,-0.0285,0.959,87.29,0.0,187,0.1014,1.158,0.7,-0.0685,-0.1253,0.0682,-0.1015,-0.1745,34.67,0.04,34.67,-0.068
SHORT_COVERING,PAIR,F10F12_BODY_MOM,0.5,933,35.37,0.1073,1.191,87.29,0.0,187,0.2276,1.44,0.7,0.0673,0.0146,0.2,0.0343,-0.0387,34.67,0.04,34.67,-0.068
SHORT_COVERING,PAIR,F10F12_BODY_MOM,1.0,933,35.37,0.0781,1.132,87.29,0.0,187,0.1858,1.333,0.7,0.0381,-0.0155,0.1718,0.0051,-0.0679,34.67,0.04,34.67,-0.068
SHORT_COVERING,PAIR,F10F12_BODY_MOM,1.5,933,35.37,0.054,1.088,87.29,0.0,187,0.1602,1.274,0.7,0.014,-0.0404,0.1483,-0.019,-0.092,34.67,0.04,34.67,-0.068
SHORT_COVERING,PAIR,F1F10_CPOS_BODY,0.0,705,35.04,-0.0446,0.937,67.03,0.0,147,0.0136,1.02,0.37,-0.0846,-0.1555,0.0664,-0.1176,-0.1906,34.67,0.04,34.67,-0.068
SHORT_COVERING,PAIR,F1F10_CPOS_BODY,0.5,705,35.04,0.0928,1.164,67.03,0.0,147,0.135,1.241,0.37,0.0528,-0.0136,0.1992,0.0198,-0.0532,34.67,0.04,34.67,-0.068
SHORT_COVERING,PAIR,F1F10_CPOS_BODY,1.0,705,35.04,0.066,1.111,67.03,0.0,147,0.1146,1.198,0.37,0.026,-0.0414,0.1734,-0.007,-0.08,34.67,0.04,34.67,-0.068
SHORT_COVERING,PAIR,F1F10_CPOS_BODY,1.5,705,35.04,0.0368,1.059,67.03,0.0,147,0.0902,1.149,0.37,-0.0032,-0.0716,0.1452,-0.0362,-0.1092,34.67,0.04,34.67,-0.068
SHORT_COVERING,PAIR,F4F12_VOL_MOM,0.0,871,32.15,-0.1333,0.819,141.89,0.0,161,-0.1639,0.777,-2.52,-0.1733,-0.2308,-0.0359,-0.2063,-0.2793,34.67,0.04,34.67,-0.068
SHORT_COVERING,PAIR,F4F12_VOL_MOM,0.5,871,32.15,0.0102,1.017,141.89,0.0,161,-0.001,0.998,-2.52,-0.0298,-0.0835,0.1038,-0.0628,-0.1358,34.67,0.04,34.67,-0.068
SHORT_COVERING,PAIR,F4F12_VOL_MOM,1.0,871,32.15,-0.0202,0.967,141.89,0.0,161,-0.0388,0.937,-2.52,-0.0602,-0.1147,0.0743,-0.0932,-0.1662,34.67,0.04,34.67,-0.068
SHORT_COVERING,PAIR,F4F12_VOL_MOM,1.5,871,32.15,-0.0478,0.926,141.89,0.0,161,-0.0893,0.865,-2.52,-0.0878,-0.143,0.0475,-0.1208,-0.1938,34.67,0.04,34.67,-0.068
SHORT_COVERING,PAIR,F1F9_CPOS_EARLY,0.0,310,32.26,-0.1482,0.799,62.57,0.0,67,-0.1265,0.822,-2.41,-0.1882,-0.3099,0.0134,-0.2212,-0.2942,34.67,0.04,34.67,-0.068
SHORT_COVERING,PAIR,F1F9_CPOS_EARLY,0.5,310,32.26,-0.0041,0.993,45.92,0.0,67,0.0293,1.053,-2.41,-0.0441,-0.1593,0.1512,-0.0771,-0.1501,34.67,0.04,34.67,-0.068
SHORT_COVERING,PAIR,F1F9_CPOS_EARLY,1.0,310,32.26,-0.0332,0.947,51.67,0.0,67,-0.0418,0.933,-2.41,-0.0732,-0.1898,0.1235,-0.1062,-0.1792,34.67,0.04,34.67,-0.068
SHORT_COVERING,PAIR,F1F9_CPOS_EARLY,1.5,310,32.26,-0.0654,0.9,61.18,0.0,67,-0.0568,0.911,-2.41,-0.1054,-0.2236,0.0928,-0.1384,-0.2114,34.67,0.04,34.67,-0.068
SHORT_COVERING,TRIPLE,F1F2F3_CPOS_RS_SEC,0.0,123,31.71,-0.2229,0.704,37.47,0.0,27,-0.1784,0.758,-2.96,-0.2629,-0.4714,0.0256,-0.2959,-0.3689,34.67,0.04,34.67,-0.068
SHORT_COVERING,TRIPLE,F1F2F3_CPOS_RS_SEC,0.5,123,31.71,-0.0748,0.876,28.91,0.0,27,-0.1043,0.843,-2.96,-0.1148,-0.3137,0.1641,-0.1478,-0.2208,34.67,0.04,34.67,-0.068
SHORT_COVERING,TRIPLE,F1F2F3_CPOS_RS_SEC,1.0,123,31.71,-0.101,0.84,28.91,0.0,27,-0.1414,0.798,-2.96,-0.141,-0.3417,0.1398,-0.174,-0.247,34.67,0.04,34.67,-0.068
SHORT_COVERING,TRIPLE,F1F2F3_CPOS_RS_SEC,1.5,123,31.71,-0.1416,0.789,31.98,0.0,27,-0.1414,0.798,-2.96,-0.1816,-0.3852,0.102,-0.2146,-0.2876,34.67,0.04,34.67,-0.068
SHORT_COVERING,TRIPLE,F1F4F7_CPOS_VOL_COMP,0.0,172,33.14,-0.0669,0.907,37.96,0.0,30,-0.099,0.867,-1.53,-0.1069,-0.2954,0.1616,-0.1399,-0.2129,34.67,0.04,34.67,-0.068
SHORT_COVERING,TRIPLE,F1F4F7_CPOS_VOL_COMP,0.5,172,33.14,0.0654,1.111,37.96,0.0,30,0.0343,1.056,-1.53,0.0254,-0.1545,0.2854,-0.0076,-0.0806,34.67,0.04,34.67,-0.068
SHORT_COVERING,TRIPLE,F1F4F7_CPOS_VOL_COMP,1.0,172,33.14,0.0358,1.058,37.96,0.0,30,0.001,1.002,-1.53,-0.0042,-0.1863,0.2579,-0.0372,-0.1102,34.67,0.04,34.67,-0.068
SHORT_COVERING,TRIPLE,F1F4F7_CPOS_VOL_COMP,1.5,172,33.14,0.0145,1.023,37.96,0.0,30,0.001,1.002,-1.53,-0.0255,-0.2089,0.2379,-0.0585,-0.1315,34.67,0.04,34.67,-0.068
SHORT_COVERING,TRIPLE,F1F3F4_CPOS_SEC_VOL,0.0,190,36.84,-0.0167,0.976,31.38,0.0,30,0.0321,1.046,2.17,-0.0567,-0.2334,0.2,-0.0897,-0.1627,34.67,0.04,34.67,-0.068
SHORT_COVERING,TRIPLE,F1F3F4_CPOS_SEC_VOL,0.5,190,36.84,0.1162,1.206,31.38,0.0,30,0.1988,1.37,2.17,0.0762,-0.0915,0.324,0.0432,-0.0298,34.67,0.04,34.67,-0.068
SHORT_COVERING,TRIPLE,F1F3F4_CPOS_SEC_VOL,1.0,190,36.84,0.0847,1.142,31.38,0.0,30,0.1654,1.29,2.17,0.0447,-0.1254,0.2948,0.0117,-0.0613,34.67,0.04,34.67,-0.068
SHORT_COVERING,TRIPLE,F1F3F4_CPOS_SEC_VOL,1.5,190,36.84,0.0623,1.101,31.38,0.0,30,0.1654,1.29,2.17,0.0223,-0.1494,0.2739,-0.0107,-0.0837,34.67,0.04,34.67,-0.068
SHORT_COVERING,TRIPLE,F1F4F12_CPOS_VOL_MOM,0.0,313,33.23,-0.097,0.867,68.77,0.0,53,-0.1353,0.818,-1.44,-0.137,-0.2633,0.0694,-0.17,-0.243,34.67,0.04,34.67,-0.068
SHORT_COVERING,TRIPLE,F1F4F12_CPOS_VOL_MOM,0.5,313,33.23,0.0428,1.073,67.77,0.0,53,0.0345,1.06,-1.44,0.0028,-0.117,0.2027,-0.0302,-0.1032,34.67,0.04,34.67,-0.068
SHORT_COVERING,TRIPLE,F1F4F12_CPOS_VOL_MOM,1.0,313,33.23,0.0157,1.025,68.77,0.0,53,-0.0033,0.995,-1.44,-0.0243,-0.1455,0.1769,-0.0573,-0.1303,34.67,0.04,34.67,-0.068
SHORT_COVERING,TRIPLE,F1F4F12_CPOS_VOL_MOM,1.5,313,33.23,-0.0139,0.979,68.77,0.0,53,-0.0221,0.965,-1.44,-0.0539,-0.1765,0.1487,-0.0869,-0.1599,34.67,0.04,34.67,-0.068
SHORT_COVERING,TRIPLE,F1F2F4_CPOS_RS_VOL,0.0,98,27.55,-0.2773,0.638,33.5,0.0,19,-0.4444,0.462,-7.12,-0.3173,-0.552,-0.0026,-0.3503,-0.4233,34.67,0.04,34.67,-0.068
SHORT_COVERING,TRIPLE,F1F2F4_CPOS_RS_VOL,0.5,98,27.55,-0.1322,0.787,31.5,0.0,19,-0.3918,0.494,-7.12,-0.1722,-0.3974,0.133,-0.2052,-0.2782,34.67,0.04,34.67,-0.068
SHORT_COVERING,TRIPLE,F1F2F4_CPOS_RS_VOL,1.0,98,27.55,-0.1628,0.75,33.5,0.0,19,-0.3918,0.494,-7.12,-0.2028,-0.4303,0.1047,-0.2358,-0.3088,34.67,0.04,34.67,-0.068
SHORT_COVERING,TRIPLE,F1F2F4_CPOS_RS_VOL,1.5,98,27.55,-0.1956,0.714,33.5,0.0,19,-0.3918,0.494,-7.12,-0.2356,-0.4653,0.0741,-0.2686,-0.3416,34.67,0.04,34.67,-0.068
SHORT_COVERING,TRIPLE,F1F5F3_CPOS_MTF_SEC,0.0,267,32.96,-0.1402,0.81,48.39,0.0,55,0.0508,1.075,-1.71,-0.1802,-0.3151,0.0348,-0.2132,-0.2862,34.67,0.04,34.67,-0.068
SHORT_COVERING,TRIPLE,F1F5F3_CPOS_MTF_SEC,0.5,267,32.96,-0.0002,1.0,48.39,0.0,55,0.1603,1.284,-1.71,-0.0402,-0.1684,0.168,-0.0732,-0.1462,34.67,0.04,34.67,-0.068
SHORT_COVERING,TRIPLE,F1F5F3_CPOS_MTF_SEC,1.0,267,32.96,-0.0265,0.958,48.39,0.0,55,0.1283,1.215,-1.71,-0.0665,-0.1961,0.1431,-0.0995,-0.1725,34.67,0.04,34.67,-0.068
SHORT_COVERING,TRIPLE,F1F5F3_CPOS_MTF_SEC,1.5,267,32.96,-0.0568,0.913,48.39,0.0,55,0.1101,1.179,-1.71,-0.0968,-0.2279,0.1144,-0.1298,-0.2028,34.67,0.04,34.67,-0.068
SHORT_COVERING,TRIPLE,F4F7F10_VOL_COMP_BODY,0.0,367,33.24,-0.0812,0.887,57.24,0.0,67,-0.0797,0.887,-1.43,-0.1212,-0.2351,0.0726,-0.1542,-0.2272,34.67,0.04,34.67,-0.068
SHORT_COVERING,TRIPLE,F4F7F10_VOL_COMP_BODY,0.5,367,33.24,0.0529,1.09,57.24,0.0,67,0.062,1.11,-1.43,0.0129,-0.0951,0.2009,-0.0201,-0.0931,34.67,0.04,34.67,-0.068
SHORT_COVERING,TRIPLE,F4F7F10_VOL_COMP_BODY,1.0,367,33.24,0.0251,1.041,57.24,0.0,67,0.0201,1.033,-1.43,-0.0149,-0.1242,0.1744,-0.0479,-0.1209,34.67,0.04,34.67,-0.068
SHORT_COVERING,TRIPLE,F4F7F10_VOL_COMP_BODY,1.5,367,33.24,0.0032,1.005,57.24,0.0,67,-0.0051,0.992,-1.43,-0.0368,-0.147,0.1535,-0.0698,-0.1428,34.67,0.04,34.67,-0.068
SHORT_COVERING,TRIPLE,F1F3F12_CPOS_SEC_MOM,0.0,259,37.45,0.0174,1.025,25.95,0.0,50,0.3299,1.558,2.78,-0.0226,-0.1714,0.2061,-0.0556,-0.1286,34.67,0.04,34.67,-0.068
SHORT_COVERING,TRIPLE,F1F3F12_CPOS_SEC_MOM,0.5,259,37.45,0.1507,1.269,25.95,0.0,50,0.4555,1.978,2.78,0.1107,-0.0302,0.3316,0.0777,0.0047,34.67,0.04,34.67,-0.068
SHORT_COVERING,TRIPLE,F1F3F12_CPOS_SEC_MOM,1.0,259,37.45,0.1226,1.208,25.95,0.0,50,0.4499,1.955,2.78,0.0826,-0.0601,0.3053,0.0496,-0.0234,34.67,0.04,34.67,-0.068
SHORT_COVERING,TRIPLE,F1F3F12_CPOS_SEC_MOM,1.5,259,37.45,0.0985,1.161,25.95,0.0,50,0.4099,1.802,2.78,0.0585,-0.0857,0.2826,0.0255,-0.0475,34.67,0.04,34.67,-0.068
SHORT_COVERING,TRIPLE,F3F4F12_SEC_VOL_MOM,0.0,488,32.99,-0.1153,0.842,71.74,0.0,83,-0.1676,0.777,-1.68,-0.1553,-0.2464,0.0157,-0.1883,-0.2613,34.67,0.04,34.67,-0.068
SHORT_COVERING,TRIPLE,F3F4F12_SEC_VOL_MOM,0.5,488,32.99,0.0252,1.043,70.03,0.0,83,-0.0439,0.93,-1.68,-0.0148,-0.1007,0.1511,-0.0478,-0.1208,34.67,0.04,34.67,-0.068
SHORT_COVERING,TRIPLE,F3F4F12_SEC_VOL_MOM,1.0,488,32.99,-0.0061,0.99,71.74,0.0,83,-0.0592,0.908,-1.68,-0.0461,-0.1333,0.1211,-0.0791,-0.1521,34.67,0.04,34.67,-0.068
SHORT_COVERING,TRIPLE,F3F4F12_SEC_VOL_MOM,1.5,488,32.99,-0.0313,0.952,71.74,0.0,83,-0.0833,0.875,-1.68,-0.0713,-0.1595,0.0968,-0.1043,-0.1773,34.67,0.04,34.67,-0.068
MULTITF_1H,PAIR,F1F2_CPOS_RS70,0.0,216,38.43,0.0609,1.095,24.84,0.0,154,0.0583,1.09,1.85,-0.0201,-0.1411,0.263,0.0084,-0.0441,36.58,0.081,36.58,-0.028
MULTITF_1H,PAIR,F1F2_CPOS_RS70,0.5,216,38.43,0.1998,1.397,21.49,0.0,154,0.2076,1.414,1.85,0.1188,0.0071,0.3925,0.1473,0.0948,36.58,0.081,36.58,-0.028
MULTITF_1H,PAIR,F1F2_CPOS_RS70,1.0,216,38.43,0.1674,1.313,21.49,0.0,154,0.1622,1.297,1.85,0.0864,-0.0277,0.3625,0.1149,0.0624,36.58,0.081,36.58,-0.028
MULTITF_1H,PAIR,F1F2_CPOS_RS70,1.5,216,38.43,0.1396,1.248,21.49,0.0,154,0.1362,1.238,1.85,0.0586,-0.0574,0.3367,0.0871,0.0346,36.58,0.081,36.58,-0.028
MULTITF_1H,PAIR,F1F3_CPOS_SEC,0.0,404,37.13,-0.0207,0.968,43.38,0.0,298,-0.0218,0.966,0.55,-0.1017,-0.1595,0.1181,-0.0732,-0.1257,36.58,0.081,36.58,-0.028
MULTITF_1H,PAIR,F1F3_CPOS_SEC,0.5,404,37.13,0.1197,1.24,36.28,0.0,298,0.1202,1.244,0.55,0.0387,-0.0126,0.252,0.0672,0.0147,36.58,0.081,36.58,-0.028
MULTITF_1H,PAIR,F1F3_CPOS_SEC,1.0,404,37.13,0.0875,1.165,39.86,0.0,298,0.0833,1.157,0.55,0.0065,-0.0464,0.2215,0.035,-0.0175,36.58,0.081,36.58,-0.028
MULTITF_1H,PAIR,F1F3_CPOS_SEC,1.5,404,37.13,0.059,1.105,39.86,0.0,298,0.0615,1.111,0.55,-0.022,-0.0763,0.1944,0.0065,-0.046,36.58,0.081,36.58,-0.028
MULTITF_1H,PAIR,F1F4_CPOS_VOL15,0.0,299,41.47,0.0962,1.161,36.56,0.0,215,0.1071,1.185,4.89,0.0152,-0.0699,0.2623,0.0437,-0.0088,36.58,0.081,36.58,-0.028
MULTITF_1H,PAIR,F1F4_CPOS_VOL15,0.5,299,41.47,0.2267,1.487,22.64,0.0,215,0.2189,1.467,4.89,0.1457,0.0686,0.3849,0.1742,0.1217,36.58,0.081,36.58,-0.028
MULTITF_1H,PAIR,F1F4_CPOS_VOL15,1.0,299,41.47,0.1966,1.397,27.67,0.0,215,0.1864,1.372,4.89,0.1156,0.0365,0.3568,0.1441,0.0916,36.58,0.081,36.58,-0.028
MULTITF_1H,PAIR,F1F4_CPOS_VOL15,1.5,299,41.47,0.1698,1.325,35.7,0.0,215,0.163,1.311,4.89,0.0888,0.008,0.3316,0.1173,0.0648,36.58,0.081,36.58,-0.028
MULTITF_1H,PAIR,F1F7_CPOS_COMP,0.0,372,34.68,-0.0548,0.917,53.17,0.0,274,-0.0544,0.918,-1.9,-0.1358,-0.1991,0.0895,-0.1073,-0.1598,36.58,0.081,36.58,-0.028
MULTITF_1H,PAIR,F1F7_CPOS_COMP,0.5,372,34.68,0.0888,1.172,38.29,0.0,274,0.0954,1.186,-1.9,0.0078,-0.049,0.2266,0.0363,-0.0162,36.58,0.081,36.58,-0.028
MULTITF_1H,PAIR,F1F7_CPOS_COMP,1.0,372,34.68,0.0566,1.103,41.98,0.0,274,0.0662,1.122,-1.9,-0.0244,-0.0829,0.196,0.0041,-0.0484,36.58,0.081,36.58,-0.028
MULTITF_1H,PAIR,F1F7_CPOS_COMP,1.5,372,34.68,0.0243,1.042,43.16,0.0,274,0.0333,1.058,-1.9,-0.0567,-0.1167,0.1653,-0.0282,-0.0807,36.58,0.081,36.58,-0.028
MULTITF_1H,PAIR,F1F12_CPOS_MOM,0.0,421,38.24,0.0124,1.02,45.76,0.0,306,0.0493,1.08,1.66,-0.0686,-0.1252,0.1499,-0.0401,-0.0926,36.58,0.081,36.58,-0.028
MULTITF_1H,PAIR,F1F12_CPOS_MOM,0.5,421,38.24,0.1467,1.296,33.31,0.0,306,0.172,1.351,1.66,0.0657,0.0153,0.278,0.0942,0.0417,36.58,0.081,36.58,-0.028
MULTITF_1H,PAIR,F1F12_CPOS_MOM,1.0,421,38.24,0.1193,1.228,36.68,0.0,306,0.1442,1.279,1.66,0.0383,-0.0134,0.252,0.0668,0.0143,36.58,0.081,36.58,-0.028
MULTITF_1H,PAIR,F1F12_CPOS_MOM,1.5,421,38.24,0.0885,1.16,40.68,0.0,306,0.1115,1.203,1.66,0.0075,-0.0457,0.2226,0.036,-0.0165,36.58,0.081,36.58,-0.028
MULTITF_1H,PAIR,F2F3_RS_SEC,0.0,1137,38.17,-0.0236,0.964,94.96,0.0,805,-0.0309,0.952,1.59,-0.1046,-0.1068,0.0596,-0.0761,-0.1286,36.58,0.081,36.58,-0.028
MULTITF_1H,PAIR,F2F3_RS_SEC,0.5,1137,38.17,0.1115,1.217,71.31,0.0,805,0.1085,1.213,1.59,0.0305,0.032,0.1911,0.059,0.0065,36.58,0.081,36.58,-0.028
MULTITF_1H,PAIR,F2F3_RS_SEC,1.0,1137,38.17,0.0808,1.149,71.31,0.0,805,0.0775,1.143,1.59,-0.0002,0.0003,0.1612,0.0283,-0.0242,36.58,0.081,36.58,-0.028
MULTITF_1H,PAIR,F2F3_RS_SEC,1.5,1137,38.17,0.0506,1.088,71.31,0.0,805,0.0474,1.083,1.59,-0.0304,-0.0307,0.1319,-0.0019,-0.0544,36.58,0.081,36.58,-0.028
MULTITF_1H,PAIR,F2F4_RS_VOL15,0.0,841,38.29,-0.0184,0.971,101.31,0.0,599,-0.001,0.998,1.71,-0.0994,-0.1149,0.078,-0.0709,-0.1234,36.58,0.081,36.58,-0.028
MULTITF_1H,PAIR,F2F4_RS_VOL15,0.5,841,38.29,0.1153,1.227,72.11,0.0,599,0.1328,1.263,1.71,0.0343,0.0231,0.2076,0.0628,0.0103,36.58,0.081,36.58,-0.028
MULTITF_1H,PAIR,F2F4_RS_VOL15,1.0,841,38.29,0.0844,1.157,74.7,0.0,599,0.1044,1.196,1.71,0.0034,-0.0089,0.1777,0.0319,-0.0206,36.58,0.081,36.58,-0.028
MULTITF_1H,PAIR,F2F4_RS_VOL15,1.5,841,38.29,0.0553,1.097,74.7,0.0,599,0.0718,1.127,1.71,-0.0257,-0.039,0.1496,0.0028,-0.0497,36.58,0.081,36.58,-0.028
MULTITF_1H,PAIR,F3F4_SEC_VOL15,0.0,1496,37.57,-0.0334,0.948,144.44,0.0,1040,0.0038,1.006,0.99,-0.1144,-0.1051,0.0382,-0.0859,-0.1384,36.58,0.081,36.58,-0.028
MULTITF_1H,PAIR,F3F4_SEC_VOL15,0.5,1496,37.57,0.0993,1.195,110.44,0.0,1040,0.1395,1.288,0.99,0.0183,0.0307,0.1679,0.0468,-0.0057,36.58,0.081,36.58,-0.028
MULTITF_1H,PAIR,F3F4_SEC_VOL15,1.0,1496,37.57,0.0702,1.131,110.44,0.0,1040,0.1111,1.217,0.99,-0.0108,0.0009,0.1395,0.0177,-0.0348,36.58,0.081,36.58,-0.028
MULTITF_1H,PAIR,F3F4_SEC_VOL15,1.5,1496,37.57,0.0404,1.071,110.44,0.0,1040,0.0799,1.147,0.99,-0.0406,-0.0296,0.1105,-0.0121,-0.0646,36.58,0.081,36.58,-0.028
MULTITF_1H,PAIR,F3F6_SEC_BREADTH,0.0,2791,38.02,-0.0183,0.971,168.53,0.0,1992,-0.0452,0.929,1.44,-0.0993,-0.0709,0.0343,-0.0708,-0.1233,36.58,0.081,36.58,-0.028
MULTITF_1H,PAIR,F3F6_SEC_BREADTH,0.5,2791,38.02,0.1159,1.23,151.72,0.0,1992,0.0941,1.19,1.44,0.0349,0.0656,0.1661,0.0634,0.0109,36.58,0.081,36.58,-0.028
MULTITF_1H,PAIR,F3F6_SEC_BREADTH,1.0,2791,38.02,0.0854,1.16,151.72,0.0,1992,0.061,1.115,1.44,0.0044,0.0346,0.1362,0.0329,-0.0196,36.58,0.081,36.58,-0.028
MULTITF_1H,PAIR,F3F6_SEC_BREADTH,1.5,2791,38.02,0.0575,1.102,151.72,0.0,1992,0.0354,1.064,1.44,-0.0235,0.0061,0.1088,0.005,-0.0475,36.58,0.081,36.58,-0.028
MULTITF_1H,PAIR,F4F7_VOL_COMP,0.0,1521,37.34,-0.0433,0.932,157.05,0.0,1059,-0.0142,0.977,0.76,-0.1243,-0.1135,0.027,-0.0958,-0.1483,36.58,0.081,36.58,-0.028
MULTITF_1H,PAIR,F4F7_VOL_COMP,0.5,1521,37.34,0.0916,1.181,138.41,0.0,1059,0.1182,1.244,0.76,0.0106,0.0245,0.1588,0.0391,-0.0134,36.58,0.081,36.58,-0.028
MULTITF_1H,PAIR,F4F7_VOL_COMP,1.0,1521,37.34,0.0614,1.115,147.41,0.0,1059,0.0927,1.182,0.76,-0.0196,-0.0065,0.1293,0.0089,-0.0436,36.58,0.081,36.58,-0.028
MULTITF_1H,PAIR,F4F7_VOL_COMP,1.5,1521,37.34,0.0305,1.054,157.05,0.0,1059,0.0615,1.114,0.76,-0.0505,-0.0382,0.0992,-0.022,-0.0745,36.58,0.081,36.58,-0.028
MULTITF_1H,PAIR,F5F6_MTF_BREADTH,0.0,3042,36.85,-0.0616,0.905,272.37,0.0,2154,-0.0753,0.883,0.27,-0.1426,-0.111,-0.0122,-0.1141,-0.1666,36.58,0.081,36.58,-0.028
MULTITF_1H,PAIR,F5F6_MTF_BREADTH,0.5,3042,36.85,0.0746,1.145,223.33,0.0,2154,0.064,1.126,0.27,-0.0064,0.0273,0.1218,0.0221,-0.0304,36.58,0.081,36.58,-0.028
MULTITF_1H,PAIR,F5F6_MTF_BREADTH,1.0,3042,36.85,0.0435,1.08,223.33,0.0,2154,0.0308,1.057,0.27,-0.0375,-0.0043,0.0913,-0.009,-0.0615,36.58,0.081,36.58,-0.028
MULTITF_1H,PAIR,F5F6_MTF_BREADTH,1.5,3042,36.85,0.013,1.023,223.33,0.0,2154,0.0053,1.009,0.27,-0.068,-0.0353,0.0613,-0.0395,-0.092,36.58,0.081,36.58,-0.028
MULTITF_1H,PAIR,F7F10_COMP_BODY,0.0,803,35.37,-0.063,0.903,90.47,0.0,573,-0.0536,0.917,-1.21,-0.144,-0.1599,0.0338,-0.1155,-0.168,36.58,0.081,36.58,-0.028
MULTITF_1H,PAIR,F7F10_COMP_BODY,0.5,803,35.37,0.0743,1.144,68.26,0.0,573,0.0807,1.158,-1.21,-0.0067,-0.0183,0.167,0.0218,-0.0307,36.58,0.081,36.58,-0.028
MULTITF_1H,PAIR,F7F10_COMP_BODY,1.0,803,35.37,0.0426,1.078,74.12,0.0,573,0.0536,1.099,-1.21,-0.0384,-0.0511,0.1363,-0.0099,-0.0624,36.58,0.081,36.58,-0.028
MULTITF_1H,PAIR,F7F10_COMP_BODY,1.5,803,35.37,0.0114,1.02,75.8,0.0,573,0.0274,1.048,-1.21,-0.0696,-0.0833,0.1061,-0.0411,-0.0936,36.58,0.081,36.58,-0.028
MULTITF_1H,PAIR,F10F12_BODY_MOM,0.0,904,38.05,-0.0148,0.976,72.43,0.0,651,0.0124,1.02,1.47,-0.0958,-0.1067,0.077,-0.0673,-0.1198,36.58,0.081,36.58,-0.028
MULTITF_1H,PAIR,F10F12_BODY_MOM,0.5,904,38.05,0.1195,1.242,61.4,0.0,651,0.1358,1.277,1.47,0.0385,0.0318,0.2072,0.067,0.0145,36.58,0.081,36.58,-0.028
MULTITF_1H,PAIR,F10F12_BODY_MOM,1.0,904,38.05,0.0901,1.172,61.4,0.0,651,0.112,1.218,1.47,0.0091,0.0014,0.1788,0.0376,-0.0149,36.58,0.081,36.58,-0.028
MULTITF_1H,PAIR,F10F12_BODY_MOM,1.5,904,38.05,0.0603,1.109,70.22,0.0,651,0.0844,1.155,1.47,-0.0207,-0.0294,0.1499,0.0078,-0.0447,36.58,0.081,36.58,-0.028
MULTITF_1H,PAIR,F1F10_CPOS_BODY,0.0,678,36.43,-0.0303,0.954,72.84,0.0,492,-0.0187,0.971,-0.15,-0.1113,-0.1382,0.0776,-0.0828,-0.1353,36.58,0.081,36.58,-0.028
MULTITF_1H,PAIR,F1F10_CPOS_BODY,0.5,678,36.43,0.1105,1.215,52.74,0.0,492,0.1197,1.236,-0.15,0.0295,0.0075,0.2135,0.058,0.0055,36.58,0.081,36.58,-0.028
MULTITF_1H,PAIR,F1F10_CPOS_BODY,1.0,678,36.43,0.0796,1.146,61.73,0.0,492,0.0872,1.161,-0.15,-0.0014,-0.0247,0.1838,0.0271,-0.0254,36.58,0.081,36.58,-0.028
MULTITF_1H,PAIR,F1F10_CPOS_BODY,1.5,678,36.43,0.0471,1.082,61.73,0.0,492,0.0567,1.099,-0.15,-0.0339,-0.0583,0.1525,-0.0054,-0.0579,36.58,0.081,36.58,-0.028
MULTITF_1H,PAIR,F6F12_BRD_MOM,0.0,968,38.02,-0.0206,0.967,72.4,0.0,687,-0.0036,0.994,1.44,-0.1016,-0.1084,0.0673,-0.0731,-0.1256,36.58,0.081,36.58,-0.028
MULTITF_1H,PAIR,F6F12_BRD_MOM,0.5,968,38.02,0.1129,1.229,72.4,0.0,687,0.1227,1.254,1.44,0.0319,0.029,0.1967,0.0604,0.0079,36.58,0.081,36.58,-0.028
MULTITF_1H,PAIR,F6F12_BRD_MOM,1.0,968,38.02,0.0829,1.159,72.4,0.0,687,0.1008,1.2,1.44,0.0019,-0.002,0.1678,0.0304,-0.0221,36.58,0.081,36.58,-0.028
MULTITF_1H,PAIR,F6F12_BRD_MOM,1.5,968,38.02,0.0519,1.094,72.4,0.0,687,0.0717,1.134,1.44,-0.0291,-0.0339,0.1377,-0.0006,-0.0531,36.58,0.081,36.58,-0.028
MULTITF_1H,PAIR,F1F6_CPOS_BRD,0.0,545,37.98,0.013,1.02,34.92,0.0,389,0.0153,1.024,1.4,-0.068,-0.108,0.1339,-0.0395,-0.092,36.58,0.081,36.58,-0.028
MULTITF_1H,PAIR,F1F6_CPOS_BRD,0.5,545,37.98,0.151,1.303,28.64,0.0,389,0.1537,1.314,1.4,0.07,0.0357,0.2664,0.0985,0.046,36.58,0.081,36.58,-0.028
MULTITF_1H,PAIR,F1F6_CPOS_BRD,1.0,545,37.98,0.1198,1.227,28.64,0.0,389,0.1203,1.23,1.4,0.0388,0.0031,0.2366,0.0673,0.0148,36.58,0.081,36.58,-0.028
MULTITF_1H,PAIR,F1F6_CPOS_BRD,1.5,545,37.98,0.0904,1.162,28.64,0.0,389,0.0919,1.167,1.4,0.0094,-0.0275,0.2084,0.0379,-0.0146,36.58,0.081,36.58,-0.028
MULTITF_1H,PAIR,F4F12_VOL_MOM,0.0,843,37.37,-0.0301,0.952,87.14,0.0,588,-0.0083,0.986,0.79,-0.1111,-0.1242,0.0639,-0.0826,-0.1351,36.58,0.081,36.58,-0.028
MULTITF_1H,PAIR,F4F12_VOL_MOM,0.5,843,37.37,0.102,1.206,65.81,0.0,588,0.1107,1.225,0.79,0.021,0.0121,0.1919,0.0495,-0.003,36.58,0.081,36.58,-0.028
MULTITF_1H,PAIR,F4F12_VOL_MOM,1.0,843,37.37,0.0735,1.14,66.97,0.0,588,0.092,1.18,0.79,-0.0075,-0.0174,0.1644,0.021,-0.0315,36.58,0.081,36.58,-0.028
MULTITF_1H,PAIR,F4F12_VOL_MOM,1.5,843,37.37,0.0427,1.077,76.41,0.0,588,0.058,1.107,0.79,-0.0383,-0.0492,0.1346,-0.0098,-0.0623,36.58,0.081,36.58,-0.028
MULTITF_1H,PAIR,F1F9_CPOS_EARLY,0.0,298,34.23,-0.0638,0.905,31.22,0.0,213,-0.0314,0.952,-2.35,-0.1448,-0.2272,0.0996,-0.1163,-0.1688,36.58,0.081,36.58,-0.028
MULTITF_1H,PAIR,F1F9_CPOS_EARLY,0.5,298,34.23,0.0839,1.16,24.18,0.0,213,0.1048,1.204,-2.35,0.0029,-0.0722,0.2399,0.0314,-0.0211,36.58,0.081,36.58,-0.028
MULTITF_1H,PAIR,F1F9_CPOS_EARLY,1.0,298,34.23,0.0537,1.097,24.18,0.0,213,0.086,1.162,-2.35,-0.0273,-0.1041,0.2114,0.0012,-0.0513,36.58,0.081,36.58,-0.028
MULTITF_1H,PAIR,F1F9_CPOS_EARLY,1.5,298,34.23,0.0201,1.034,24.18,0.0,213,0.0531,1.094,-2.35,-0.0609,-0.1394,0.1796,-0.0324,-0.0849,36.58,0.081,36.58,-0.028
MULTITF_1H,TRIPLE,F1F2F3_CPOS_RS_SEC,0.0,121,40.5,0.1735,1.284,16.03,0.0,85,0.1141,1.179,3.92,0.0925,-0.1062,0.4532,0.121,0.0685,36.58,0.081,36.58,-0.028
MULTITF_1H,TRIPLE,F1F2F3_CPOS_RS_SEC,0.5,121,40.5,0.3057,1.639,16.03,0.0,85,0.2671,1.552,3.92,0.2247,0.0394,0.572,0.2532,0.2007,36.58,0.081,36.58,-0.028
MULTITF_1H,TRIPLE,F1F2F3_CPOS_RS_SEC,1.0,121,40.5,0.2727,1.533,16.03,0.0,85,0.22,1.415,3.92,0.1917,0.0027,0.5426,0.2202,0.1677,36.58,0.081,36.58,-0.028
MULTITF_1H,TRIPLE,F1F2F3_CPOS_RS_SEC,1.5,121,40.5,0.2479,1.462,16.03,0.0,85,0.1965,1.355,3.92,0.1669,-0.0247,0.5204,0.1954,0.1429,36.58,0.081,36.58,-0.028
MULTITF_1H,TRIPLE,F1F4F7_CPOS_VOL_COMP,0.0,166,38.55,0.0342,1.055,32.56,0.0,123,0.0909,1.15,1.97,-0.0468,-0.1881,0.2564,-0.0183,-0.0708,36.58,0.081,36.58,-0.028
MULTITF_1H,TRIPLE,F1F4F7_CPOS_VOL_COMP,0.5,166,38.55,0.1669,1.34,21.26,0.0,123,0.2213,1.466,1.97,0.0859,-0.0453,0.3791,0.1144,0.0619,36.58,0.081,36.58,-0.028
MULTITF_1H,TRIPLE,F1F4F7_CPOS_VOL_COMP,1.0,166,38.55,0.1368,1.263,26.26,0.0,123,0.1887,1.372,1.97,0.0558,-0.078,0.3515,0.0843,0.0318,36.58,0.081,36.58,-0.028
MULTITF_1H,TRIPLE,F1F4F7_CPOS_VOL_COMP,1.5,166,38.55,0.1125,1.207,29.91,0.0,123,0.1722,1.329,1.97,0.0315,-0.104,0.329,0.06,0.0075,36.58,0.081,36.58,-0.028
MULTITF_1H,TRIPLE,F2F3F6_RS_SEC_BRD,0.0,889,37.46,-0.031,0.953,79.53,0.0,647,-0.0524,0.92,0.88,-0.112,-0.1253,0.0633,-0.0835,-0.136,36.58,0.081,36.58,-0.028
MULTITF_1H,TRIPLE,F2F3F6_RS_SEC_BRD,0.5,889,37.46,0.1053,1.203,62.31,0.0,647,0.0941,1.186,0.88,0.0243,0.0151,0.1955,0.0528,0.0003,36.58,0.081,36.58,-0.028
MULTITF_1H,TRIPLE,F2F3F6_RS_SEC_BRD,1.0,889,37.46,0.075,1.136,64.31,0.0,647,0.0647,1.121,0.88,-0.006,-0.0163,0.1662,0.0225,-0.03,36.58,0.081,36.58,-0.028
MULTITF_1H,TRIPLE,F2F3F6_RS_SEC_BRD,1.5,889,37.46,0.0435,1.075,64.31,0.0,647,0.0322,1.057,0.88,-0.0375,-0.0487,0.1357,-0.009,-0.0615,36.58,0.081,36.58,-0.028
MULTITF_1H,TRIPLE,F1F3F4_CPOS_SEC_VOL,0.0,179,41.34,0.0823,1.14,26.96,0.0,131,0.1398,1.252,4.76,0.0013,-0.1306,0.2952,0.0298,-0.0227,36.58,0.081,36.58,-0.028
MULTITF_1H,TRIPLE,F1F3F4_CPOS_SEC_VOL,0.5,179,41.34,0.2137,1.468,18.64,0.0,131,0.243,1.537,4.76,0.1327,0.0111,0.4163,0.1612,0.1087,36.58,0.081,36.58,-0.028
MULTITF_1H,TRIPLE,F1F3F4_CPOS_SEC_VOL,1.0,179,41.34,0.1801,1.368,22.44,0.0,131,0.2124,1.44,4.76,0.0991,-0.0253,0.3856,0.1276,0.0751,36.58,0.081,36.58,-0.028
MULTITF_1H,TRIPLE,F1F3F4_CPOS_SEC_VOL,1.5,179,41.34,0.1549,1.301,26.96,0.0,131,0.1932,1.385,4.76,0.0739,-0.0525,0.3624,0.1024,0.0499,36.58,0.081,36.58,-0.028
MULTITF_1H,TRIPLE,F1F4F12_CPOS_VOL_MOM,0.0,299,41.47,0.0962,1.161,36.56,0.0,215,0.1071,1.185,4.89,0.0152,-0.0699,0.2623,0.0437,-0.0088,36.58,0.081,36.58,-0.028
MULTITF_1H,TRIPLE,F1F4F12_CPOS_VOL_MOM,0.5,299,41.47,0.2267,1.487,22.64,0.0,215,0.2189,1.467,4.89,0.1457,0.0686,0.3849,0.1742,0.1217,36.58,0.081,36.58,-0.028
MULTITF_1H,TRIPLE,F1F4F12_CPOS_VOL_MOM,1.0,299,41.47,0.1966,1.397,27.67,0.0,215,0.1864,1.372,4.89,0.1156,0.0365,0.3568,0.1441,0.0916,36.58,0.081,36.58,-0.028
MULTITF_1H,TRIPLE,F1F4F12_CPOS_VOL_MOM,1.5,299,41.47,0.1698,1.325,35.7,0.0,215,0.163,1.311,4.89,0.0888,0.008,0.3316,0.1173,0.0648,36.58,0.081,36.58,-0.028
MULTITF_1H,TRIPLE,F3F6F7_SEC_BRD_COMP,0.0,1538,38.69,-0.0044,0.993,98.53,0.0,1099,-0.0002,1.0,2.11,-0.0854,-0.0751,0.0663,-0.0569,-0.1094,36.58,0.081,36.58,-0.028
MULTITF_1H,TRIPLE,F3F6F7_SEC_BRD_COMP,0.5,1538,38.69,0.1288,1.259,85.22,0.0,1099,0.1375,1.29,2.11,0.0478,0.0613,0.1963,0.0763,0.0238,36.58,0.081,36.58,-0.028
MULTITF_1H,TRIPLE,F3F6F7_SEC_BRD_COMP,1.0,1538,38.69,0.0989,1.188,97.22,0.0,1099,0.1084,1.216,2.11,0.0179,0.0306,0.1672,0.0464,-0.0061,36.58,0.081,36.58,-0.028
MULTITF_1H,TRIPLE,F3F6F7_SEC_BRD_COMP,1.5,1538,38.69,0.0691,1.124,97.22,0.0,1099,0.0795,1.15,2.11,-0.0119,0.0001,0.1382,0.0166,-0.0359,36.58,0.081,36.58,-0.028
MULTITF_1H,TRIPLE,F1F2F4_CPOS_RS_VOL,0.0,96,48.96,0.3404,1.632,9.13,0.0,69,0.2836,1.497,12.38,0.2594,0.0229,0.6579,0.2879,0.2354,36.58,0.081,36.58,-0.028
MULTITF_1H,TRIPLE,F1F2F4_CPOS_RS_VOL,0.5,96,48.96,0.455,2.073,5.65,0.0,69,0.3851,1.82,12.38,0.374,0.1528,0.7571,0.4025,0.35,36.58,0.081,36.58,-0.028
MULTITF_1H,TRIPLE,F1F2F4_CPOS_RS_VOL,1.0,96,48.96,0.4237,1.931,5.65,0.0,69,0.3561,1.715,12.38,0.3427,0.1171,0.7303,0.3712,0.3187,36.58,0.081,36.58,-0.028
MULTITF_1H,TRIPLE,F1F2F4_CPOS_RS_VOL,1.5,96,48.96,0.4029,1.846,5.65,0.0,69,0.3416,1.666,12.38,0.3219,0.0934,0.7124,0.3504,0.2979,36.58,0.081,36.58,-0.028
MULTITF_1H,TRIPLE,F2F4F6_RS_VOL_BRD,0.0,663,39.37,0.0083,1.013,69.95,0.0,487,0.0318,1.051,2.79,-0.0727,-0.1007,0.1172,-0.0442,-0.0967,36.58,0.081,36.58,-0.028
MULTITF_1H,TRIPLE,F2F4F6_RS_VOL_BRD,0.5,663,39.37,0.1395,1.28,52.31,0.0,487,0.1665,1.343,2.79,0.0585,0.0354,0.2436,0.087,0.0345,36.58,0.081,36.58,-0.028
MULTITF_1H,TRIPLE,F2F4F6_RS_VOL_BRD,1.0,663,39.37,0.1093,1.207,52.31,0.0,487,0.1398,1.273,2.79,0.0283,0.004,0.2146,0.0568,0.0043,36.58,0.081,36.58,-0.028
MULTITF_1H,TRIPLE,F2F4F6_RS_VOL_BRD,1.5,663,39.37,0.0805,1.145,52.31,0.0,487,0.1088,1.2,2.79,-0.0005,-0.026,0.1869,0.028,-0.0245,36.58,0.081,36.58,-0.028
MULTITF_1H,TRIPLE,F1F6F12_CPOS_BRD_MOM,0.0,333,39.34,0.0401,1.066,27.12,0.0,237,0.0653,1.109,2.76,-0.0409,-0.1142,0.1944,-0.0124,-0.0649,36.58,0.081,36.58,-0.028
MULTITF_1H,TRIPLE,F1F6F12_CPOS_BRD_MOM,0.5,333,39.34,0.1753,1.369,21.72,0.0,237,0.1878,1.396,2.76,0.0943,0.0285,0.3222,0.1228,0.0703,36.58,0.081,36.58,-0.028
MULTITF_1H,TRIPLE,F1F6F12_CPOS_BRD_MOM,1.0,333,39.34,0.1453,1.287,22.04,0.0,237,0.1498,1.293,2.76,0.0643,-0.0034,0.294,0.0928,0.0403,36.58,0.081,36.58,-0.028
MULTITF_1H,TRIPLE,F1F6F12_CPOS_BRD_MOM,1.5,333,39.34,0.1153,1.215,26.04,0.0,237,0.1287,1.242,2.76,0.0343,-0.0351,0.2657,0.0628,0.0103,36.58,0.081,36.58,-0.028
MULTITF_1H,TRIPLE,F1F5F3_CPOS_MTF_SEC,0.0,253,35.97,-0.0921,0.859,32.18,0.0,193,-0.0573,0.911,-0.61,-0.1731,-0.2602,0.076,-0.1446,-0.1971,36.58,0.081,36.58,-0.028
MULTITF_1H,TRIPLE,F1F5F3_CPOS_MTF_SEC,0.5,253,35.97,0.0534,1.105,27.24,0.0,193,0.092,1.188,-0.61,-0.0276,-0.1068,0.2135,0.0009,-0.0516,36.58,0.081,36.58,-0.028
MULTITF_1H,TRIPLE,F1F5F3_CPOS_MTF_SEC,1.0,253,35.97,0.0218,1.04,32.18,0.0,193,0.0558,1.106,-0.61,-0.0592,-0.1403,0.1839,-0.0307,-0.0832,36.58,0.081,36.58,-0.028
MULTITF_1H,TRIPLE,F1F5F3_CPOS_MTF_SEC,1.5,253,35.97,-0.0099,0.983,32.18,0.0,193,0.0299,1.054,-0.61,-0.0909,-0.1738,0.1541,-0.0624,-0.1149,36.58,0.081,36.58,-0.028
MULTITF_1H,TRIPLE,F4F7F10_VOL_COMP_BODY,0.0,353,38.24,0.0271,1.044,42.72,0.0,249,0.0851,1.143,1.66,-0.0539,-0.1222,0.1765,-0.0254,-0.0779,36.58,0.081,36.58,-0.028
MULTITF_1H,TRIPLE,F4F7F10_VOL_COMP_BODY,0.5,353,38.24,0.1542,1.315,31.45,0.0,249,0.1971,1.408,1.66,0.0732,0.0114,0.297,0.1017,0.0492,36.58,0.081,36.58,-0.028
MULTITF_1H,TRIPLE,F4F7F10_VOL_COMP_BODY,1.0,353,38.24,0.1231,1.237,33.77,0.0,249,0.181,1.362,1.66,0.0421,-0.0215,0.2677,0.0706,0.0181,36.58,0.081,36.58,-0.028
MULTITF_1H,TRIPLE,F4F7F10_VOL_COMP_BODY,1.5,353,38.24,0.0961,1.176,38.43,0.0,249,0.1589,1.304,1.66,0.0151,-0.0499,0.2421,0.0436,-0.0089,36.58,0.081,36.58,-0.028
MULTITF_1H,TRIPLE,F1F3F12_CPOS_SEC_MOM,0.0,247,38.87,0.0101,1.016,29.89,0.0,183,0.0746,1.128,2.29,-0.0709,-0.167,0.1871,-0.0424,-0.0949,36.58,0.081,36.58,-0.028
MULTITF_1H,TRIPLE,F1F3F12_CPOS_SEC_MOM,0.5,247,38.87,0.1437,1.3,23.25,0.0,183,0.1895,1.403,2.29,0.0627,-0.0251,0.3126,0.0912,0.0387,36.58,0.081,36.58,-0.028
MULTITF_1H,TRIPLE,F1F3F12_CPOS_SEC_MOM,1.0,247,38.87,0.1174,1.232,26.29,0.0,183,0.1649,1.334,2.29,0.0364,-0.0532,0.288,0.0649,0.0124,36.58,0.081,36.58,-0.028
MULTITF_1H,TRIPLE,F1F3F12_CPOS_SEC_MOM,1.5,247,38.87,0.085,1.158,29.08,0.0,183,0.1321,1.251,2.29,0.004,-0.0877,0.2577,0.0325,-0.02,36.58,0.081,36.58,-0.028
MULTITF_1H,TRIPLE,F3F4F12_SEC_VOL_MOM,0.0,469,37.74,-0.0236,0.962,53.87,0.0,326,0.0306,1.052,1.16,-0.1046,-0.149,0.1019,-0.0761,-0.1286,36.58,0.081,36.58,-0.028
MULTITF_1H,TRIPLE,F3F4F12_SEC_VOL_MOM,0.5,469,37.74,0.1047,1.215,40.17,0.0,326,0.1464,1.31,1.16,0.0237,-0.0153,0.2246,0.0522,-0.0003,36.58,0.081,36.58,-0.028
MULTITF_1H,TRIPLE,F3F4F12_SEC_VOL_MOM,1.0,469,37.74,0.0759,1.147,40.17,0.0,326,0.1203,1.241,1.16,-0.0051,-0.0454,0.1972,0.0234,-0.0291,36.58,0.081,36.58,-0.028
MULTITF_1H,TRIPLE,F3F4F12_SEC_VOL_MOM,1.5,469,37.74,0.0471,1.087,46.5,0.0,326,0.0973,1.186,1.16,-0.0339,-0.0755,0.1696,-0.0054,-0.0579,36.58,0.081,36.58,-0.028
MULTITF_1H,TRIPLE,F1F2F6_CPOS_RS_BRD,0.0,178,38.76,0.0776,1.122,13.44,0.0,129,0.09,1.141,2.18,-0.0034,-0.1454,0.3007,0.0251,-0.0274,36.58,0.081,36.58,-0.028
MULTITF_1H,TRIPLE,F1F2F6_CPOS_RS_BRD,0.5,178,38.76,0.2181,1.441,12.84,0.0,129,0.245,1.506,2.18,0.1371,0.0057,0.4304,0.1656,0.1131,36.58,0.081,36.58,-0.028
MULTITF_1H,TRIPLE,F1F2F6_CPOS_RS_BRD,1.0,178,38.76,0.1844,1.349,12.84,0.0,129,0.1985,1.374,2.18,0.1034,-0.0308,0.3995,0.1319,0.0794,36.58,0.081,36.58,-0.028
MULTITF_1H,TRIPLE,F1F2F6_CPOS_RS_BRD,1.5,178,38.76,0.1563,1.281,12.84,0.0,129,0.1752,1.316,2.18,0.0753,-0.0611,0.3736,0.1038,0.0513,36.58,0.081,36.58,-0.028
