run_id,scanner_id,scanner_name,scanner_version,symbol,instrument_key,exchange,segment,universe_membership,stock_sequence_number,data_request_timestamp,data_received_timestamp,calculation_timestamp,decision_timestamp,overall_status,final_decision,alert_generated,alert_type,blocked,rejected,rejection_stage,rejection_reason
c6c800bcad0f4cbe9ed5c8195049c221,QUALITY_COMPOUNDER,Quality Compounder,FROZEN_V2_PROD_1.0,360ONE,NSE_EQ|360ONE,NSE,EQUITY,CERTIFIED_CLEAN_886,1,2026-10-02T17:12:51.176370+05:30,2026-10-02T17:13:50.720200+05:30,2026-10-02T17:13:50.720200+05:30,2026-10-02T17:13:50.720200+05:30,FULLY_EVALUABLE,REJECTED,False,NONE,False,True,QUALITY_GATE,METRIC_NOT_APPLICABLE_FINANCIAL
c6c800bcad0f4cbe9ed5c8195049c221,QUALITY_COMPOUNDER,Quality Compounder,FROZEN_V2_PROD_1.0,3BBLACKBIO,NSE_EQ|3BBLACKBIO,NSE,EQUITY,CERTIFIED_CLEAN_886,2,2026-10-02T17:12:51.176370+05:30,2026-10-02T17:13:50.797788+05:30,2026-10-02T17:13:50.797788+05:30,2026-10-02T17:13:50.797788+05:30,FULLY_EVALUABLE,REJECTED,False,NONE,False,True,QUALITY_GATE,FAIL_SALES_CAGR
c6c800bcad0f4cbe9ed5c8195049c221,QUALITY_COMPOUNDER,Quality Compounder,FROZEN_V2_PROD_1.0,3MINDIA,NSE_EQ|3MINDIA,NSE,EQUITY,CERTIFIED_CLEAN_886,3,2026-10-02T17:12:51.176370+05:30,2026-10-02T17:13:50.815257+05:30,2026-10-02T17:13:50.815257+05:30,2026-10-02T17:13:50.815257+05:30,FULLY_EVALUABLE,REJECTED,False,NONE,False,True,QUALITY_GATE,FAIL_SALES_CAGR
c6c800bcad0f4cbe9ed5c8195049c221,QUALITY_COMPOUNDER,Quality Compounder,FROZEN_V2_PROD_1.0,AADHARHFC,NSE_EQ|AADHARHFC,NSE,EQUITY,CERTIFIED_CLEAN_886,4,2026-10-02T17:12:51.176370+05:30,2026-10-02T17:13:50.854000+05:30,2026-10-02T17:13:50.854000+05:30,2026-10-02T17:13:50.854000+05:30,FULLY_EVALUABLE,REJECTED,False,NONE,False,True,QUALITY_GATE,METRIC_NOT_APPLICABLE_FINANCIAL
c6c800bcad0f4cbe9ed5c8195049c221,QUALITY_COMPOUNDER,Quality Compounder,FROZEN_V2_PROD_1.0,AARTIDRUGS,NSE_EQ|AARTIDRUGS,NSE,EQUITY,CERTIFIED_CLEAN_886,5,2026-10-02T17:12:51.176370+05:30,2026-10-02T17:13:50.904082+05:30,2026-10-02T17:13:50.904082+05:30,2026-10-02T17:13:50.904082+05:30,FULLY_EVALUABLE,REJECTED,False,NONE,False,True,QUALITY_GATE,FAIL_SALES_CAGR
c6c800bcad0f4cbe9ed5c8195049c221,QUALITY_COMPOUNDER,Quality Compounder,FROZEN_V2_PROD_1.0,AAVAS,NSE_EQ|AAVAS,NSE,EQUITY,CERTIFIED_CLEAN_886,6,2026-10-02T17:12:51.176370+05:30,2026-10-02T17:13:50.939931+05:30,2026-10-02T17:13:50.939931+05:30,2026-10-02T17:13:50.939931+05:30,FULLY_EVALUABLE,REJECTED,False,NONE,False,True,QUALITY_GATE,METRIC_NOT_APPLICABLE_FINANCIAL
c6c800bcad0f4cbe9ed5c8195049c221,QUALITY_COMPOUNDER,Quality Compounder,FROZEN_V2_PROD_1.0,ABB,NSE_EQ|ABB,NSE,EQUITY,CERTIFIED_CLEAN_886,7,2026-10-02T17:12:51.176370+05:30,2026-10-02T17:13:51.010617+05:30,2026-10-02T17:13:51.010617+05:30,2026-10-02T17:13:51.010617+05:30,DATA_FAILURE,BLOCKED,False,NONE,True,True,DATA_GATE,DATA_INSUFFICIENT_QUALITY
c6c800bcad0f4cbe9ed5c8195049c221,QUALITY_COMPOUNDER,Quality Compounder,FROZEN_V2_PROD_1.0,ABBOTINDIA,NSE_EQ|ABBOTINDIA,NSE,EQUITY,CERTIFIED_CLEAN_886,8,2026-10-02T17:12:51.176370+05:30,2026-10-02T17:13:51.029946+05:30,2026-10-02T17:13:51.029946+05:30,2026-10-02T17:13:51.029946+05:30,FULLY_EVALUABLE,REJECTED,False,NONE,False,True,QUALITY_GATE,FAIL_SALES_CAGR
c6c800bcad0f4cbe9ed5c8195049c221,QUALITY_COMPOUNDER,Quality Compounder,FROZEN_V2_PROD_1.0,ABCAPITAL,NSE_EQ|ABCAPITAL,NSE,EQUITY,CERTIFIED_CLEAN_886,9,2026-10-02T17:12:51.176370+05:30,2026-10-02T17:13:51.083983+05:30,2026-10-02T17:13:51.083983+05:30,2026-10-02T17:13:51.083983+05:30,FULLY_EVALUABLE,REJECTED,False,NONE,False,True,QUALITY_GATE,METRIC_NOT_APPLICABLE_FINANCIAL
c6c800bcad0f4cbe9ed5c8195049c221,QUALITY_COMPOUNDER,Quality Compounder,FROZEN_V2_PROD_1.0,ABDL,NSE_EQ|ABDL,NSE,EQUITY,CERTIFIED_CLEAN_886,10,2026-10-02T17:12:51.176370+05:30,2026-10-02T17:13:51.150559+05:30,2026-10-02T17:13:51.150559+05:30,2026-10-02T17:13:51.150559+05:30,FULLY_EVALUABLE,REJECTED,False,NONE,False,True,QUALITY_GATE,FAIL_CFO_PAT
c6c800bcad0f4cbe9ed5c8195049c221,QUALITY_COMPOUNDER,Quality Compounder,FROZEN_V2_PROD_1.0,ABSLAMC,NSE_EQ|ABSLAMC,NSE,EQUITY,CERTIFIED_CLEAN_886,11,2026-10-02T17:12:51.176370+05:30,2026-10-02T17:13:51.188001+05:30,2026-10-02T17:13:51.188001+05:30,2026-10-02T17:13:51.188001+05:30,FULLY_EVALUABLE,REJECTED,False,NONE,False,True,QUALITY_GATE,METRIC_NOT_APPLICABLE_FINANCIAL
c6c800bcad0f4cbe9ed5c8195049c221,QUALITY_COMPOUNDER,Quality Compounder,FROZEN_V2_PROD_1.0,ACC,NSE_EQ|ACC,NSE,EQUITY,CERTIFIED_CLEAN_886,12,2026-10-02T17:12:51.176370+05:30,2026-10-02T17:13:51.220911+05:30,2026-10-02T17:13:51.220911+05:30,2026-10-02T17:13:51.220911+05:30,DATA_FAILURE,BLOCKED,False,NONE,True,True,DATA_GATE,DATA_INSUFFICIENT_QUALITY
c6c800bcad0f4cbe9ed5c8195049c221,QUALITY_COMPOUNDER,Quality Compounder,FROZEN_V2_PROD_1.0,ACCELYA,NSE_EQ|ACCELYA,NSE,EQUITY,CERTIFIED_CLEAN_886,13,2026-10-02T17:12:51.176370+05:30,2026-10-02T17:13:51.284938+05:30,2026-10-02T17:13:51.284938+05:30,2026-10-02T17:13:51.284938+05:30,FULLY_EVALUABLE,REJECTED,False,NONE,False,True,QUALITY_GATE,FAIL_LIQUIDITY
c6c800bcad0f4cbe9ed5c8195049c221,QUALITY_COMPOUNDER,Quality Compounder,FROZEN_V2_PROD_1.0,ACCENTMIC,NSE_EQ|ACCENTMIC,NSE,EQUITY,CERTIFIED_CLEAN_886,14,2026-10-02T17:12:51.176370+05:30,2026-10-02T17:13:51.325228+05:30,2026-10-02T17:13:51.325228+05:30,2026-10-02T17:13:51.325228+05:30,DATA_FAILURE,BLOCKED,False,NONE,True,True,DATA_GATE,FAIL_CFO_PAT
c6c800bcad0f4cbe9ed5c8195049c221,QUALITY_COMPOUNDER,Quality Compounder,FROZEN_V2_PROD_1.0,ACE,NSE_EQ|ACE,NSE,EQUITY,CERTIFIED_CLEAN_886,15,2026-10-02T17:12:51.176370+05:30,2026-10-02T17:13:51.539160+05:30,2026-10-02T17:13:51.539160+05:30,2026-10-02T17:13:51.539160+05:30,DATA_FAILURE,BLOCKED,False,NONE,True,True,DATA_GATE,DATA_INSUFFICIENT_VALUATION
c6c800bcad0f4cbe9ed5c8195049c221,QUALITY_COMPOUNDER,Quality Compounder,FROZEN_V2_PROD_1.0,ACMESOLAR,NSE_EQ|ACMESOLAR,NSE,EQUITY,CERTIFIED_CLEAN_886,16,2026-10-02T17:12:51.176370+05:30,2026-10-02T17:13:51.556654+05:30,2026-10-02T17:13:51.556654+05:30,2026-10-02T17:13:51.556654+05:30,DATA_FAILURE,BLOCKED,False,NONE,True,True,DATA_GATE,FAIL_ROCE
c6c800bcad0f4cbe9ed5c8195049c221,QUALITY_COMPOUNDER,Quality Compounder,FROZEN_V2_PROD_1.0,ACUTAAS,NSE_EQ|ACUTAAS,NSE,EQUITY,CERTIFIED_CLEAN_886,17,2026-10-02T17:12:51.176370+05:30,2026-10-02T17:13:51.573712+05:30,2026-10-02T17:13:51.573712+05:30,2026-10-02T17:13:51.573712+05:30,FULLY_EVALUABLE,REJECTED,False,NONE,False,True,VALUATION_GATE,FAIL_VALUATION
c6c800bcad0f4cbe9ed5c8195049c221,QUALITY_COMPOUNDER,Quality Compounder,FROZEN_V2_PROD_1.0,ADANIENSOL,NSE_EQ|ADANIENSOL,NSE,EQUITY,CERTIFIED_CLEAN_886,18,2026-10-02T17:12:51.176370+05:30,2026-10-02T17:13:51.592789+05:30,2026-10-02T17:13:51.592789+05:30,2026-10-02T17:13:51.592789+05:30,FULLY_EVALUABLE,REJECTED,False,NONE,False,True,QUALITY_GATE,FAIL_ROCE
c6c800bcad0f4cbe9ed5c8195049c221,QUALITY_COMPOUNDER,Quality Compounder,FROZEN_V2_PROD_1.0,ADANIENT,NSE_EQ|ADANIENT,NSE,EQUITY,CERTIFIED_CLEAN_886,19,2026-10-02T17:12:51.176370+05:30,2026-10-02T17:13:51.618086+05:30,2026-10-02T17:13:51.618086+05:30,2026-10-02T17:13:51.618086+05:30,FULLY_EVALUABLE,REJECTED,False,NONE,False,True,QUALITY_GATE,FAIL_ROCE
c6c800bcad0f4cbe9ed5c8195049c221,QUALITY_COMPOUNDER,Quality Compounder,FROZEN_V2_PROD_1.0,ADANIGREEN,NSE_EQ|ADANIGREEN,NSE,EQUITY,CERTIFIED_CLEAN_886,20,2026-10-02T17:12:51.176370+05:30,2026-10-02T17:13:51.643049+05:30,2026-10-02T17:13:51.643049+05:30,2026-10-02T17:13:51.643049+05:30,DATA_FAILURE,BLOCKED,False,NONE,True,True,DATA_GATE,FAIL_ROCE
c6c800bcad0f4cbe9ed5c8195049c221,QUALITY_COMPOUNDER,Quality Compounder,FROZEN_V2_PROD_1.0,ADANIPORTS,NSE_EQ|ADANIPORTS,NSE,EQUITY,CERTIFIED_CLEAN_886,21,2026-10-02T17:12:51.176370+05:30,2026-10-02T17:13:51.667265+05:30,2026-10-02T17:13:51.667265+05:30,2026-10-02T17:13:51.667265+05:30,FULLY_EVALUABLE,REJECTED,False,NONE,False,True,QUALITY_GATE,FAIL_ROCE
c6c800bcad0f4cbe9ed5c8195049c221,QUALITY_COMPOUNDER,Quality Compounder,FROZEN_V2_PROD_1.0,ADANIPOWER,NSE_EQ|ADANIPOWER,NSE,EQUITY,CERTIFIED_CLEAN_886,22,2026-10-02T17:12:51.176370+05:30,2026-10-02T17:13:51.683322+05:30,2026-10-02T17:13:51.683322+05:30,2026-10-02T17:13:51.683322+05:30,FULLY_EVALUABLE,REJECTED,False,NONE,False,True,QUALITY_GATE,FAIL_UNIVERSE_MARKET_CAP
c6c800bcad0f4cbe9ed5c8195049c221,QUALITY_COMPOUNDER,Quality Compounder,FROZEN_V2_PROD_1.0,ADFFOODS,NSE_EQ|ADFFOODS,NSE,EQUITY,CERTIFIED_CLEAN_886,23,2026-10-02T17:12:51.176370+05:30,2026-10-02T17:13:51.714271+05:30,2026-10-02T17:13:51.714271+05:30,2026-10-02T17:13:51.714271+05:30,DATA_FAILURE,BLOCKED,False,NONE,True,True,DATA_GATE,FAIL_CFO_PAT
c6c800bcad0f4cbe9ed5c8195049c221,QUALITY_COMPOUNDER,Quality Compounder,FROZEN_V2_PROD_1.0,ADOR,NSE_EQ|ADOR,NSE,EQUITY,CERTIFIED_CLEAN_886,24,2026-10-02T17:12:51.176370+05:30,2026-10-02T17:13:51.790443+05:30,2026-10-02T17:13:51.790443+05:30,2026-10-02T17:13:51.790443+05:30,DATA_FAILURE,BLOCKED,False,NONE,True,True,DATA_GATE,DATA_INSUFFICIENT_QUALITY
c6c800bcad0f4cbe9ed5c8195049c221,QUALITY_COMPOUNDER,Quality Compounder,FROZEN_V2_PROD_1.0,ADVAIT,NSE_EQ|ADVAIT,NSE,EQUITY,CERTIFIED_CLEAN_886,25,2026-10-02T17:12:51.176370+05:30,2026-10-02T17:13:51.838002+05:30,2026-10-02T17:13:51.838002+05:30,2026-10-02T17:13:51.838002+05:30,DATA_FAILURE,BLOCKED,False,NONE,True,True,DATA_GATE,FAIL_CFO_PAT
c6c800bcad0f4cbe9ed5c8195049c221,QUALITY_COMPOUNDER,Quality Compounder,FROZEN_V2_PROD_1.0,ADVENZYMES,NSE_EQ|ADVENZYMES,NSE,EQUITY,CERTIFIED_CLEAN_886,26,2026-10-02T17:12:51.176370+05:30,2026-10-02T17:13:51.860827+05:30,2026-10-02T17:13:51.860827+05:30,2026-10-02T17:13:51.860827+05:30,FULLY_EVALUABLE,REJECTED,False,NONE,False,True,QUALITY_GATE,FAIL_SALES_CAGR
c6c800bcad0f4cbe9ed5c8195049c221,QUALITY_COMPOUNDER,Quality Compounder,FROZEN_V2_PROD_1.0,AEGISLOG,NSE_EQ|AEGISLOG,NSE,EQUITY,CERTIFIED_CLEAN_886,27,2026-10-02T17:12:51.176370+05:30,2026-10-02T17:13:51.907257+05:30,2026-10-02T17:13:51.907257+05:30,2026-10-02T17:13:51.907257+05:30,DATA_FAILURE,BLOCKED,False,NONE,True,True,DATA_GATE,FAIL_CFO_PAT
c6c800bcad0f4cbe9ed5c8195049c221,QUALITY_COMPOUNDER,Quality Compounder,FROZEN_V2_PROD_1.0,AEGISVOPAK,NSE_EQ|AEGISVOPAK,NSE,EQUITY,CERTIFIED_CLEAN_886,28,2026-10-02T17:12:51.176370+05:30,2026-10-02T17:13:51.940685+05:30,2026-10-02T17:13:51.940685+05:30,2026-10-02T17:13:51.940685+05:30,DATA_FAILURE,BLOCKED,False,NONE,True,True,DATA_GATE,DATA_INSUFFICIENT_QUALITY
c6c800bcad0f4cbe9ed5c8195049c221,QUALITY_COMPOUNDER,Quality Compounder,FROZEN_V2_PROD_1.0,AEROENTER,NSE_EQ|AEROENTER,NSE,EQUITY,CERTIFIED_CLEAN_886,29,2026-10-02T17:12:51.176370+05:30,2026-10-02T17:13:51.978897+05:30,2026-10-02T17:13:51.978897+05:30,2026-10-02T17:13:51.978897+05:30,FULLY_EVALUABLE,REJECTED,False,NONE,False,True,QUALITY_GATE,FAIL_CFO_PAT
c6c800bcad0f4cbe9ed5c8195049c221,QUALITY_COMPOUNDER,Quality Compounder,FROZEN_V2_PROD_1.0,AEROFLEX,NSE_EQ|AEROFLEX,NSE,EQUITY,CERTIFIED_CLEAN_886,30,2026-10-02T17:12:51.176370+05:30,2026-10-02T17:13:52.221531+05:30,2026-10-02T17:13:52.221531+05:30,2026-10-02T17:13:52.221531+05:30,DATA_FAILURE,BLOCKED,False,NONE,True,True,DATA_GATE,DATA_INSUFFICIENT_VALUATION
c6c800bcad0f4cbe9ed5c8195049c221,QUALITY_COMPOUNDER,Quality Compounder,FROZEN_V2_PROD_1.0,AETHER,NSE_EQ|AETHER,NSE,EQUITY,CERTIFIED_CLEAN_886,31,2026-10-02T17:12:51.176370+05:30,2026-10-02T17:13:52.406153+05:30,2026-10-02T17:13:52.406153+05:30,2026-10-02T17:13:52.406153+05:30,FULLY_EVALUABLE,REJECTED,False,NONE,False,True,QUALITY_GATE,FAIL_CFO_PAT
c6c800bcad0f4cbe9ed5c8195049c221,QUALITY_COMPOUNDER,Quality Compounder,FROZEN_V2_PROD_1.0,AFFLE,NSE_EQ|AFFLE,NSE,EQUITY,CERTIFIED_CLEAN_886,32,2026-10-02T17:12:51.176370+05:30,2026-10-02T17:13:52.836840+05:30,2026-10-02T17:13:52.836840+05:30,2026-10-02T17:13:52.836840+05:30,FULLY_EVALUABLE,ALERT_BUY,True,BUY,False,False,NONE,PASS
c6c800bcad0f4cbe9ed5c8195049c221,QUALITY_COMPOUNDER,Quality Compounder,FROZEN_V2_PROD_1.0,AFSL,NSE_EQ|AFSL,NSE,EQUITY,CERTIFIED_CLEAN_886,33,2026-10-02T17:12:51.176370+05:30,2026-10-02T17:13:52.869761+05:30,2026-10-02T17:13:52.869761+05:30,2026-10-02T17:13:52.869761+05:30,FULLY_EVALUABLE,REJECTED,False,NONE,False,True,QUALITY_GATE,FAIL_LIQUIDITY
c6c800bcad0f4cbe9ed5c8195049c221,QUALITY_COMPOUNDER,Quality Compounder,FROZEN_V2_PROD_1.0,AGIIL,NSE_EQ|AGIIL,NSE,EQUITY,CERTIFIED_CLEAN_886,34,2026-10-02T17:12:51.176370+05:30,2026-10-02T17:13:52.888144+05:30,2026-10-02T17:13:52.888144+05:30,2026-10-02T17:13:52.888144+05:30,DATA_FAILURE,BLOCKED,False,NONE,True,True,DATA_GATE,FAIL_CFO_PAT
c6c800bcad0f4cbe9ed5c8195049c221,QUALITY_COMPOUNDER,Quality Compounder,FROZEN_V2_PROD_1.0,AHLUCONT,NSE_EQ|AHLUCONT,NSE,EQUITY,CERTIFIED_CLEAN_886,35,2026-10-02T17:12:51.176370+05:30,2026-10-02T17:13:53.598967+05:30,2026-10-02T17:13:53.598967+05:30,2026-10-02T17:13:53.598967+05:30,FULLY_EVALUABLE,ALERT_BUY,True,BUY,False,False,NONE,PASS
c6c800bcad0f4cbe9ed5c8195049c221,QUALITY_COMPOUNDER,Quality Compounder,FROZEN_V2_PROD_1.0,AIAENG,NSE_EQ|AIAENG,NSE,EQUITY,CERTIFIED_CLEAN_886,36,2026-10-02T17:12:51.176370+05:30,2026-10-02T17:13:53.639178+05:30,2026-10-02T17:13:53.639178+05:30,2026-10-02T17:13:53.639178+05:30,DATA_FAILURE,BLOCKED,False,NONE,True,True,DATA_GATE,FAIL_SALES_CAGR
c6c800bcad0f4cbe9ed5c8195049c221,QUALITY_COMPOUNDER,Quality Compounder,FROZEN_V2_PROD_1.0,AIIL,NSE_EQ|AIIL,NSE,EQUITY,CERTIFIED_CLEAN_886,37,2026-10-02T17:12:51.176370+05:30,2026-10-02T17:13:53.672005+05:30,2026-10-02T17:13:53.672005+05:30,2026-10-02T17:13:53.672005+05:30,FULLY_EVALUABLE,REJECTED,False,NONE,False,True,QUALITY_GATE,METRIC_NOT_APPLICABLE_FINANCIAL
c6c800bcad0f4cbe9ed5c8195049c221,QUALITY_COMPOUNDER,Quality Compounder,FROZEN_V2_PROD_1.0,AIMTRON,NSE_EQ|AIMTRON,NSE,EQUITY,CERTIFIED_CLEAN_886,38,2026-10-02T17:12:51.176370+05:30,2026-10-02T17:13:53.687489+05:30,2026-10-02T17:13:53.687489+05:30,2026-10-02T17:13:53.687489+05:30,STRUCTURAL_INELIGIBLE,BLOCKED,False,NONE,True,True,DATA_GATE,DATA_INSUFFICIENT_QUALITY
c6c800bcad0f4cbe9ed5c8195049c221,QUALITY_COMPOUNDER,Quality Compounder,FROZEN_V2_PROD_1.0,AJANTPHARM,NSE_EQ|AJANTPHARM,NSE,EQUITY,CERTIFIED_CLEAN_886,39,2026-10-02T17:12:51.176370+05:30,2026-10-02T17:13:53.708995+05:30,2026-10-02T17:13:53.708995+05:30,2026-10-02T17:13:53.708995+05:30,DATA_FAILURE,BLOCKED,False,NONE,True,True,DATA_GATE,FAIL_PAT_CAGR
c6c800bcad0f4cbe9ed5c8195049c221,QUALITY_COMPOUNDER,Quality Compounder,FROZEN_V2_PROD_1.0,AJAXENGG,NSE_EQ|AJAXENGG,NSE,EQUITY,CERTIFIED_CLEAN_886,40,2026-10-02T17:12:51.176370+05:30,2026-10-02T17:13:54.133523+05:30,2026-10-02T17:13:54.133523+05:30,2026-10-02T17:13:54.133523+05:30,DATA_FAILURE,BLOCKED,False,NONE,True,True,DATA_GATE,DATA_INSUFFICIENT_VALUATION
c6c800bcad0f4cbe9ed5c8195049c221,QUALITY_COMPOUNDER,Quality Compounder,FROZEN_V2_PROD_1.0,AJMERA,NSE_EQ|AJMERA,NSE,EQUITY,CERTIFIED_CLEAN_886,41,2026-10-02T17:12:51.176370+05:30,2026-10-02T17:13:54.149768+05:30,2026-10-02T17:13:54.149768+05:30,2026-10-02T17:13:54.149768+05:30,DATA_FAILURE,BLOCKED,False,NONE,True,True,DATA_GATE,FAIL_ROCE
c6c800bcad0f4cbe9ed5c8195049c221,QUALITY_COMPOUNDER,Quality Compounder,FROZEN_V2_PROD_1.0,AKUMS,NSE_EQ|AKUMS,NSE,EQUITY,CERTIFIED_CLEAN_886,42,2026-10-02T17:12:51.176370+05:30,2026-10-02T17:13:54.164325+05:30,2026-10-02T17:13:54.164325+05:30,2026-10-02T17:13:54.164325+05:30,DATA_FAILURE,BLOCKED,False,NONE,True,True,DATA_GATE,FAIL_ROCE
c6c800bcad0f4cbe9ed5c8195049c221,QUALITY_COMPOUNDER,Quality Compounder,FROZEN_V2_PROD_1.0,ALKEM,NSE_EQ|ALKEM,NSE,EQUITY,CERTIFIED_CLEAN_886,43,2026-10-02T17:12:51.176370+05:30,2026-10-02T17:13:54.179661+05:30,2026-10-02T17:13:54.179661+05:30,2026-10-02T17:13:54.179661+05:30,FULLY_EVALUABLE,REJECTED,False,NONE,False,True,QUALITY_GATE,FAIL_PAT_CAGR
c6c800bcad0f4cbe9ed5c8195049c221,QUALITY_COMPOUNDER,Quality Compounder,FROZEN_V2_PROD_1.0,ALKYLAMINE,NSE_EQ|ALKYLAMINE,NSE,EQUITY,CERTIFIED_CLEAN_886,44,2026-10-02T17:12:51.176370+05:30,2026-10-02T17:13:54.301785+05:30,2026-10-02T17:13:54.301785+05:30,2026-10-02T17:13:54.301785+05:30,DATA_FAILURE,BLOCKED,False,NONE,True,True,DATA_GATE,DATA_INSUFFICIENT_VALUATION
c6c800bcad0f4cbe9ed5c8195049c221,QUALITY_COMPOUNDER,Quality Compounder,FROZEN_V2_PROD_1.0,ALLDIGI,NSE_EQ|ALLDIGI,NSE,EQUITY,CERTIFIED_CLEAN_886,45,2026-10-02T17:12:51.176370+05:30,2026-10-02T17:13:54.322680+05:30,2026-10-02T17:13:54.322680+05:30,2026-10-02T17:13:54.322680+05:30,FULLY_EVALUABLE,REJECTED,False,NONE,False,True,QUALITY_GATE,FAIL_LIQUIDITY
c6c800bcad0f4cbe9ed5c8195049c221,QUALITY_COMPOUNDER,Quality Compounder,FROZEN_V2_PROD_1.0,ALPEXSOLAR,NSE_EQ|ALPEXSOLAR,NSE,EQUITY,CERTIFIED_CLEAN_886,46,2026-10-02T17:12:51.176370+05:30,2026-10-02T17:13:54.339454+05:30,2026-10-02T17:13:54.339454+05:30,2026-10-02T17:13:54.339454+05:30,DATA_FAILURE,BLOCKED,False,NONE,True,True,DATA_GATE,FAIL_CFO_PAT
c6c800bcad0f4cbe9ed5c8195049c221,QUALITY_COMPOUNDER,Quality Compounder,FROZEN_V2_PROD_1.0,AMBUJACEM,NSE_EQ|AMBUJACEM,NSE,EQUITY,CERTIFIED_CLEAN_886,47,2026-10-02T17:12:51.176370+05:30,2026-10-02T17:13:54.383540+05:30,2026-10-02T17:13:54.383540+05:30,2026-10-02T17:13:54.383540+05:30,DATA_FAILURE,BLOCKED,False,NONE,True,True,DATA_GATE,DATA_INSUFFICIENT_QUALITY
c6c800bcad0f4cbe9ed5c8195049c221,QUALITY_COMPOUNDER,Quality Compounder,FROZEN_V2_PROD_1.0,AMNPLST,NSE_EQ|AMNPLST,NSE,EQUITY,CERTIFIED_CLEAN_886,48,2026-10-02T17:12:51.176370+05:30,2026-10-02T17:13:54.425532+05:30,2026-10-02T17:13:54.425532+05:30,2026-10-02T17:13:54.425532+05:30,FULLY_EVALUABLE,REJECTED,False,NONE,False,True,QUALITY_GATE,FAIL_UNIVERSE_MARKET_CAP
c6c800bcad0f4cbe9ed5c8195049c221,QUALITY_COMPOUNDER,Quality Compounder,FROZEN_V2_PROD_1.0,AMRUTANJAN,NSE_EQ|AMRUTANJAN,NSE,EQUITY,CERTIFIED_CLEAN_886,49,2026-10-02T17:12:51.176370+05:30,2026-10-02T17:13:54.482892+05:30,2026-10-02T17:13:54.482892+05:30,2026-10-02T17:13:54.482892+05:30,FULLY_EVALUABLE,REJECTED,False,NONE,False,True,QUALITY_GATE,FAIL_SALES_CAGR
c6c800bcad0f4cbe9ed5c8195049c221,QUALITY_COMPOUNDER,Quality Compounder,FROZEN_V2_PROD_1.0,ANANDRATHI,NSE_EQ|ANANDRATHI,NSE,EQUITY,CERTIFIED_CLEAN_886,50,2026-10-02T17:12:51.176370+05:30,2026-10-02T17:13:54.505518+05:30,2026-10-02T17:13:54.505518+05:30,2026-10-02T17:13:54.505518+05:30,FULLY_EVALUABLE,REJECTED,False,NONE,False,True,QUALITY_GATE,METRIC_NOT_APPLICABLE_FINANCIAL
c6c800bcad0f4cbe9ed5c8195049c221,QUALITY_COMPOUNDER,Quality Compounder,FROZEN_V2_PROD_1.0,ANANTRAJ,NSE_EQ|ANANTRAJ,NSE,EQUITY,CERTIFIED_CLEAN_886,51,2026-10-02T17:12:51.176370+05:30,2026-10-02T17:13:54.525774+05:30,2026-10-02T17:13:54.525774+05:30,2026-10-02T17:13:54.525774+05:30,FULLY_EVALUABLE,REJECTED,False,NONE,False,True,QUALITY_GATE,FAIL_ROCE
c6c800bcad0f4cbe9ed5c8195049c221,QUALITY_COMPOUNDER,Quality Compounder,FROZEN_V2_PROD_1.0,ANONDITA,NSE_EQ|ANONDITA,NSE,EQUITY,CERTIFIED_CLEAN_886,52,2026-10-02T17:12:51.176370+05:30,2026-10-02T17:13:54.552321+05:30,2026-10-02T17:13:54.552321+05:30,2026-10-02T17:13:54.552321+05:30,STRUCTURAL_INELIGIBLE,BLOCKED,False,NONE,True,True,DATA_GATE,DATA_INSUFFICIENT_QUALITY
c6c800bcad0f4cbe9ed5c8195049c221,QUALITY_COMPOUNDER,Quality Compounder,FROZEN_V2_PROD_1.0,ANTELOPUS,NSE_EQ|ANTELOPUS,NSE,EQUITY,CERTIFIED_CLEAN_886,53,2026-10-02T17:12:51.176370+05:30,2026-10-02T17:13:54.575833+05:30,2026-10-02T17:13:54.575833+05:30,2026-10-02T17:13:54.575833+05:30,FULLY_EVALUABLE,REJECTED,False,NONE,False,True,QUALITY_GATE,FAIL_ROCE
c6c800bcad0f4cbe9ed5c8195049c221,QUALITY_COMPOUNDER,Quality Compounder,FROZEN_V2_PROD_1.0,ANTHEM,NSE_EQ|ANTHEM,NSE,EQUITY,CERTIFIED_CLEAN_886,54,2026-10-02T17:12:51.176370+05:30,2026-10-02T17:13:55.153654+05:30,2026-10-02T17:13:55.153654+05:30,2026-10-02T17:13:55.153654+05:30,DATA_FAILURE,BLOCKED,False,NONE,True,True,DATA_GATE,DATA_INSUFFICIENT_VALUATION
c6c800bcad0f4cbe9ed5c8195049c221,QUALITY_COMPOUNDER,Quality Compounder,FROZEN_V2_PROD_1.0,ANUP,NSE_EQ|ANUP,NSE,EQUITY,CERTIFIED_CLEAN_886,55,2026-10-02T17:12:51.176370+05:30,2026-10-02T17:13:55.458057+05:30,2026-10-02T17:13:55.458057+05:30,2026-10-02T17:13:55.458057+05:30,DATA_FAILURE,BLOCKED,False,NONE,True,True,DATA_GATE,DATA_INSUFFICIENT_QUALITY
c6c800bcad0f4cbe9ed5c8195049c221,QUALITY_COMPOUNDER,Quality Compounder,FROZEN_V2_PROD_1.0,APARINDS,NSE_EQ|APARINDS,NSE,EQUITY,CERTIFIED_CLEAN_886,56,2026-10-02T17:12:51.176370+05:30,2026-10-02T17:13:55.676799+05:30,2026-10-02T17:13:55.676799+05:30,2026-10-02T17:13:55.676799+05:30,DATA_FAILURE,BLOCKED,False,NONE,True,True,DATA_GATE,DATA_INSUFFICIENT_VALUATION
c6c800bcad0f4cbe9ed5c8195049c221,QUALITY_COMPOUNDER,Quality Compounder,FROZEN_V2_PROD_1.0,APCOTEXIND,NSE_EQ|APCOTEXIND,NSE,EQUITY,CERTIFIED_CLEAN_886,57,2026-10-02T17:12:51.176370+05:30,2026-10-02T17:13:55.700739+05:30,2026-10-02T17:13:55.700739+05:30,2026-10-02T17:13:55.700739+05:30,DATA_FAILURE,BLOCKED,False,NONE,True,True,DATA_GATE,DATA_INSUFFICIENT_QUALITY
c6c800bcad0f4cbe9ed5c8195049c221,QUALITY_COMPOUNDER,Quality Compounder,FROZEN_V2_PROD_1.0,APLAPOLLO,NSE_EQ|APLAPOLLO,NSE,EQUITY,CERTIFIED_CLEAN_886,58,2026-10-02T17:12:51.176370+05:30,2026-10-02T17:13:56.160538+05:30,2026-10-02T17:13:56.160538+05:30,2026-10-02T17:13:56.160538+05:30,DATA_FAILURE,BLOCKED,False,NONE,True,True,DATA_GATE,DATA_INSUFFICIENT_VALUATION
c6c800bcad0f4cbe9ed5c8195049c221,QUALITY_COMPOUNDER,Quality Compounder,FROZEN_V2_PROD_1.0,APLLTD,NSE_EQ|APLLTD,NSE,EQUITY,CERTIFIED_CLEAN_886,59,2026-10-02T17:12:51.176370+05:30,2026-10-02T17:14:00.252269+05:30,2026-10-02T17:14:00.252269+05:30,2026-10-02T17:14:00.252269+05:30,DATA_FAILURE,BLOCKED,False,NONE,True,True,DATA_GATE,FAIL_ROCE
c6c800bcad0f4cbe9ed5c8195049c221,QUALITY_COMPOUNDER,Quality Compounder,FROZEN_V2_PROD_1.0,APOLLO,NSE_EQ|APOLLO,NSE,EQUITY,CERTIFIED_CLEAN_886,60,2026-10-02T17:12:51.176370+05:30,2026-10-02T17:14:00.312286+05:30,2026-10-02T17:14:00.312286+05:30,2026-10-02T17:14:00.312286+05:30,DATA_FAILURE,BLOCKED,False,NONE,True,True,DATA_GATE,FAIL_ROCE
c6c800bcad0f4cbe9ed5c8195049c221,QUALITY_COMPOUNDER,Quality Compounder,FROZEN_V2_PROD_1.0,APOLLOHOSP,NSE_EQ|APOLLOHOSP,NSE,EQUITY,CERTIFIED_CLEAN_886,61,2026-10-02T17:12:51.176370+05:30,2026-10-02T17:14:00.327089+05:30,2026-10-02T17:14:00.327089+05:30,2026-10-02T17:14:00.327089+05:30,DATA_FAILURE,BLOCKED,False,NONE,True,True,DATA_GATE,FAIL_DEBT
c6c800bcad0f4cbe9ed5c8195049c221,QUALITY_COMPOUNDER,Quality Compounder,FROZEN_V2_PROD_1.0,APOLLOTYRE,NSE_EQ|APOLLOTYRE,NSE,EQUITY,CERTIFIED_CLEAN_886,62,2026-10-02T17:12:51.176370+05:30,2026-10-02T17:14:00.339042+05:30,2026-10-02T17:14:00.339042+05:30,2026-10-02T17:14:00.339042+05:30,DATA_FAILURE,BLOCKED,False,NONE,True,True,DATA_GATE,FAIL_ROCE
c6c800bcad0f4cbe9ed5c8195049c221,QUALITY_COMPOUNDER,Quality Compounder,FROZEN_V2_PROD_1.0,APTUS,NSE_EQ|APTUS,NSE,EQUITY,CERTIFIED_CLEAN_886,63,2026-10-02T17:12:51.176370+05:30,2026-10-02T17:14:00.349988+05:30,2026-10-02T17:14:00.349988+05:30,2026-10-02T17:14:00.349988+05:30,FULLY_EVALUABLE,REJECTED,False,NONE,False,True,QUALITY_GATE,METRIC_NOT_APPLICABLE_FINANCIAL
c6c800bcad0f4cbe9ed5c8195049c221,QUALITY_COMPOUNDER,Quality Compounder,FROZEN_V2_PROD_1.0,ARE&M,NSE_EQ|ARE&M,NSE,EQUITY,CERTIFIED_CLEAN_886,64,2026-10-02T17:12:51.176370+05:30,2026-10-02T17:14:00.524072+05:30,2026-10-02T17:14:00.524072+05:30,2026-10-02T17:14:00.524072+05:30,FULLY_EVALUABLE,REJECTED,False,NONE,False,True,QUALITY_GATE,FAIL_PAT_CAGR
c6c800bcad0f4cbe9ed5c8195049c221,QUALITY_COMPOUNDER,Quality Compounder,FROZEN_V2_PROD_1.0,ARIHANTSUP,NSE_EQ|ARIHANTSUP,NSE,EQUITY,CERTIFIED_CLEAN_886,65,2026-10-02T17:12:51.176370+05:30,2026-10-02T17:14:00.630523+05:30,2026-10-02T17:14:00.630523+05:30,2026-10-02T17:14:00.630523+05:30,FULLY_EVALUABLE,REJECTED,False,NONE,False,True,QUALITY_GATE,FAIL_UNIVERSE_MARKET_CAP
c6c800bcad0f4cbe9ed5c8195049c221,QUALITY_COMPOUNDER,Quality Compounder,FROZEN_V2_PROD_1.0,ARIS,NSE_EQ|ARIS,NSE,EQUITY,CERTIFIED_CLEAN_886,66,2026-10-02T17:12:51.176370+05:30,2026-10-02T17:14:00.665843+05:30,2026-10-02T17:14:00.665843+05:30,2026-10-02T17:14:00.665843+05:30,DATA_FAILURE,BLOCKED,False,NONE,True,True,DATA_GATE,DATA_INSUFFICIENT_QUALITY
c6c800bcad0f4cbe9ed5c8195049c221,QUALITY_COMPOUNDER,Quality Compounder,FROZEN_V2_PROD_1.0,ARSSBL,NSE_EQ|ARSSBL,NSE,EQUITY,CERTIFIED_CLEAN_886,67,2026-10-02T17:12:51.176370+05:30,2026-10-02T17:14:00.693296+05:30,2026-10-02T17:14:00.693296+05:30,2026-10-02T17:14:00.693296+05:30,STRUCTURAL_INELIGIBLE,BLOCKED,False,NONE,True,True,DATA_GATE,DATA_INSUFFICIENT_QUALITY
c6c800bcad0f4cbe9ed5c8195049c221,QUALITY_COMPOUNDER,Quality Compounder,FROZEN_V2_PROD_1.0,ARTEMISMED,NSE_EQ|ARTEMISMED,NSE,EQUITY,CERTIFIED_CLEAN_886,68,2026-10-02T17:12:51.176370+05:30,2026-10-02T17:14:01.109760+05:30,2026-10-02T17:14:01.109760+05:30,2026-10-02T17:14:01.109760+05:30,DATA_FAILURE,BLOCKED,False,NONE,True,True,DATA_GATE,FAIL_ROCE
c6c800bcad0f4cbe9ed5c8195049c221,QUALITY_COMPOUNDER,Quality Compounder,FROZEN_V2_PROD_1.0,ARVINDFASN,NSE_EQ|ARVINDFASN,NSE,EQUITY,CERTIFIED_CLEAN_886,69,2026-10-02T17:12:51.176370+05:30,2026-10-02T17:14:01.208716+05:30,2026-10-02T17:14:01.208716+05:30,2026-10-02T17:14:01.208716+05:30,DATA_FAILURE,BLOCKED,False,NONE,True,True,DATA_GATE,DATA_INSUFFICIENT_QUALITY
c6c800bcad0f4cbe9ed5c8195049c221,QUALITY_COMPOUNDER,Quality Compounder,FROZEN_V2_PROD_1.0,ARVSMART,NSE_EQ|ARVSMART,NSE,EQUITY,CERTIFIED_CLEAN_886,70,2026-10-02T17:12:51.176370+05:30,2026-10-02T17:14:01.231762+05:30,2026-10-02T17:14:01.231762+05:30,2026-10-02T17:14:01.231762+05:30,DATA_FAILURE,BLOCKED,False,NONE,True,True,DATA_GATE,FAIL_ROCE
c6c800bcad0f4cbe9ed5c8195049c221,QUALITY_COMPOUNDER,Quality Compounder,FROZEN_V2_PROD_1.0,ASAHIINDIA,NSE_EQ|ASAHIINDIA,NSE,EQUITY,CERTIFIED_CLEAN_886,71,2026-10-02T17:12:51.176370+05:30,2026-10-02T17:14:01.258239+05:30,2026-10-02T17:14:01.258239+05:30,2026-10-02T17:14:01.258239+05:30,DATA_FAILURE,BLOCKED,False,NONE,True,True,DATA_GATE,FAIL_DEBT
c6c800bcad0f4cbe9ed5c8195049c221,QUALITY_COMPOUNDER,Quality Compounder,FROZEN_V2_PROD_1.0,ASALCBR,NSE_EQ|ASALCBR,NSE,EQUITY,CERTIFIED_CLEAN_886,72,2026-10-02T17:12:51.176370+05:30,2026-10-02T17:14:01.306658+05:30,2026-10-02T17:14:01.306658+05:30,2026-10-02T17:14:01.306658+05:30,DATA_FAILURE,BLOCKED,False,NONE,True,True,DATA_GATE,DATA_INSUFFICIENT_QUALITY
c6c800bcad0f4cbe9ed5c8195049c221,QUALITY_COMPOUNDER,Quality Compounder,FROZEN_V2_PROD_1.0,ASHAPURMIN,NSE_EQ|ASHAPURMIN,NSE,EQUITY,CERTIFIED_CLEAN_886,73,2026-10-02T17:12:51.176370+05:30,2026-10-02T17:14:02.623516+05:30,2026-10-02T17:14:02.623516+05:30,2026-10-02T17:14:02.623516+05:30,DATA_FAILURE,BLOCKED,False,NONE,True,True,DATA_GATE,FAIL_DEBT
c6c800bcad0f4cbe9ed5c8195049c221,QUALITY_COMPOUNDER,Quality Compounder,FROZEN_V2_PROD_1.0,ASHIANA,NSE_EQ|ASHIANA,NSE,EQUITY,CERTIFIED_CLEAN_886,74,2026-10-02T17:12:51.176370+05:30,2026-10-02T17:14:02.643157+05:30,2026-10-02T17:14:02.643157+05:30,2026-10-02T17:14:02.643157+05:30,DATA_FAILURE,BLOCKED,False,NONE,True,True,DATA_GATE,FAIL_ROCE
c6c800bcad0f4cbe9ed5c8195049c221,QUALITY_COMPOUNDER,Quality Compounder,FROZEN_V2_PROD_1.0,ASHOKA,NSE_EQ|ASHOKA,NSE,EQUITY,CERTIFIED_CLEAN_886,75,2026-10-02T17:12:51.176370+05:30,2026-10-02T17:14:02.660285+05:30,2026-10-02T17:14:02.660285+05:30,2026-10-02T17:14:02.660285+05:30,DATA_FAILURE,BLOCKED,False,NONE,True,True,DATA_GATE,FAIL_SALES_CAGR
c6c800bcad0f4cbe9ed5c8195049c221,QUALITY_COMPOUNDER,Quality Compounder,FROZEN_V2_PROD_1.0,ASHOKLEY,NSE_EQ|ASHOKLEY,NSE,EQUITY,CERTIFIED_CLEAN_886,76,2026-10-02T17:12:51.176370+05:30,2026-10-02T17:14:02.693399+05:30,2026-10-02T17:14:02.693399+05:30,2026-10-02T17:14:02.693399+05:30,DATA_FAILURE,BLOCKED,False,NONE,True,True,DATA_GATE,DATA_INSUFFICIENT_QUALITY
c6c800bcad0f4cbe9ed5c8195049c221,QUALITY_COMPOUNDER,Quality Compounder,FROZEN_V2_PROD_1.0,ASIANPAINT,NSE_EQ|ASIANPAINT,NSE,EQUITY,CERTIFIED_CLEAN_886,77,2026-10-02T17:12:51.176370+05:30,2026-10-02T17:14:02.709437+05:30,2026-10-02T17:14:02.709437+05:30,2026-10-02T17:14:02.709437+05:30,DATA_FAILURE,BLOCKED,False,NONE,True,True,DATA_GATE,FAIL_PAT_CAGR
c6c800bcad0f4cbe9ed5c8195049c221,QUALITY_COMPOUNDER,Quality Compounder,FROZEN_V2_PROD_1.0,ASKAUTOLTD,NSE_EQ|ASKAUTOLTD,NSE,EQUITY,CERTIFIED_CLEAN_886,78,2026-10-02T17:12:51.176370+05:30,2026-10-02T17:14:02.726290+05:30,2026-10-02T17:14:02.726290+05:30,2026-10-02T17:14:02.726290+05:30,DATA_FAILURE,BLOCKED,False,NONE,True,True,DATA_GATE,FAIL_DEBT
c6c800bcad0f4cbe9ed5c8195049c221,QUALITY_COMPOUNDER,Quality Compounder,FROZEN_V2_PROD_1.0,ASTERDM,NSE_EQ|ASTERDM,NSE,EQUITY,CERTIFIED_CLEAN_886,79,2026-10-02T17:12:51.176370+05:30,2026-10-02T17:14:03.225597+05:30,2026-10-02T17:14:03.225597+05:30,2026-10-02T17:14:03.225597+05:30,FULLY_EVALUABLE,REJECTED,False,NONE,False,True,QUALITY_GATE,FAIL_ROCE
c6c800bcad0f4cbe9ed5c8195049c221,QUALITY_COMPOUNDER,Quality Compounder,FROZEN_V2_PROD_1.0,ASTRAL,NSE_EQ|ASTRAL,NSE,EQUITY,CERTIFIED_CLEAN_886,80,2026-10-02T17:12:51.176370+05:30,2026-10-02T17:14:03.359061+05:30,2026-10-02T17:14:03.359061+05:30,2026-10-02T17:14:03.359061+05:30,FULLY_EVALUABLE,REJECTED,False,NONE,False,True,VALUATION_GATE,FAIL_VALUATION
c6c800bcad0f4cbe9ed5c8195049c221,QUALITY_COMPOUNDER,Quality Compounder,FROZEN_V2_PROD_1.0,ASTRAMICRO,NSE_EQ|ASTRAMICRO,NSE,EQUITY,CERTIFIED_CLEAN_886,81,2026-10-02T17:12:51.176370+05:30,2026-10-02T17:14:03.886618+05:30,2026-10-02T17:14:03.886618+05:30,2026-10-02T17:14:03.886618+05:30,DATA_FAILURE,BLOCKED,False,NONE,True,True,DATA_GATE,FAIL_CFO_PAT
c6c800bcad0f4cbe9ed5c8195049c221,QUALITY_COMPOUNDER,Quality Compounder,FROZEN_V2_PROD_1.0,ASTRAZEN,NSE_EQ|ASTRAZEN,NSE,EQUITY,CERTIFIED_CLEAN_886,82,2026-10-02T17:12:51.176370+05:30,2026-10-02T17:14:04.586200+05:30,2026-10-02T17:14:04.586200+05:30,2026-10-02T17:14:04.586200+05:30,DATA_FAILURE,BLOCKED,False,NONE,True,True,DATA_GATE,FAIL_CFO_PAT
c6c800bcad0f4cbe9ed5c8195049c221,QUALITY_COMPOUNDER,Quality Compounder,FROZEN_V2_PROD_1.0,ATGL,NSE_EQ|ATGL,NSE,EQUITY,CERTIFIED_CLEAN_886,83,2026-10-02T17:12:51.176370+05:30,2026-10-02T17:14:04.809902+05:30,2026-10-02T17:14:04.809902+05:30,2026-10-02T17:14:04.809902+05:30,DATA_FAILURE,BLOCKED,False,NONE,True,True,DATA_GATE,FAIL_PAT_CAGR
c6c800bcad0f4cbe9ed5c8195049c221,QUALITY_COMPOUNDER,Quality Compounder,FROZEN_V2_PROD_1.0,ATUL,NSE_EQ|ATUL,NSE,EQUITY,CERTIFIED_CLEAN_886,84,2026-10-02T17:12:51.176370+05:30,2026-10-02T17:14:05.411376+05:30,2026-10-02T17:14:05.411376+05:30,2026-10-02T17:14:05.411376+05:30,DATA_FAILURE,BLOCKED,False,NONE,True,True,DATA_GATE,FAIL_ROCE
c6c800bcad0f4cbe9ed5c8195049c221,QUALITY_COMPOUNDER,Quality Compounder,FROZEN_V2_PROD_1.0,ATULAUTO,NSE_EQ|ATULAUTO,NSE,EQUITY,CERTIFIED_CLEAN_886,85,2026-10-02T17:12:51.176370+05:30,2026-10-02T17:14:05.969738+05:30,2026-10-02T17:14:05.969738+05:30,2026-10-02T17:14:05.969738+05:30,DATA_FAILURE,BLOCKED,False,NONE,True,True,DATA_GATE,DATA_INSUFFICIENT_QUALITY
c6c800bcad0f4cbe9ed5c8195049c221,QUALITY_COMPOUNDER,Quality Compounder,FROZEN_V2_PROD_1.0,AUBANK,NSE_EQ|AUBANK,NSE,EQUITY,CERTIFIED_CLEAN_886,86,2026-10-02T17:12:51.176370+05:30,2026-10-02T17:14:06.080283+05:30,2026-10-02T17:14:06.080283+05:30,2026-10-02T17:14:06.080283+05:30,FULLY_EVALUABLE,REJECTED,False,NONE,False,True,QUALITY_GATE,METRIC_NOT_APPLICABLE_FINANCIAL
c6c800bcad0f4cbe9ed5c8195049c221,QUALITY_COMPOUNDER,Quality Compounder,FROZEN_V2_PROD_1.0,AURIONPRO,NSE_EQ|AURIONPRO,NSE,EQUITY,CERTIFIED_CLEAN_886,87,2026-10-02T17:12:51.176370+05:30,2026-10-02T17:14:07.322271+05:30,2026-10-02T17:14:07.322271+05:30,2026-10-02T17:14:07.322271+05:30,DATA_FAILURE,BLOCKED,False,NONE,True,True,DATA_GATE,DATA_INSUFFICIENT_QUALITY
c6c800bcad0f4cbe9ed5c8195049c221,QUALITY_COMPOUNDER,Quality Compounder,FROZEN_V2_PROD_1.0,AUROPHARMA,NSE_EQ|AUROPHARMA,NSE,EQUITY,CERTIFIED_CLEAN_886,88,2026-10-02T17:12:51.176370+05:30,2026-10-02T17:14:07.703818+05:30,2026-10-02T17:14:07.703818+05:30,2026-10-02T17:14:07.703818+05:30,DATA_FAILURE,BLOCKED,False,NONE,True,True,DATA_GATE,FAIL_ROCE
c6c800bcad0f4cbe9ed5c8195049c221,QUALITY_COMPOUNDER,Quality Compounder,FROZEN_V2_PROD_1.0,AUTOAXLES,NSE_EQ|AUTOAXLES,NSE,EQUITY,CERTIFIED_CLEAN_886,89,2026-10-02T17:12:51.176370+05:30,2026-10-02T17:14:07.765805+05:30,2026-10-02T17:14:07.765805+05:30,2026-10-02T17:14:07.765805+05:30,DATA_FAILURE,BLOCKED,False,NONE,True,True,DATA_GATE,DATA_FAILURE_NO_PIT (PIT_INGESTION_GAP)
c6c800bcad0f4cbe9ed5c8195049c221,QUALITY_COMPOUNDER,Quality Compounder,FROZEN_V2_PROD_1.0,AVALON,NSE_EQ|AVALON,NSE,EQUITY,CERTIFIED_CLEAN_886,90,2026-10-02T17:12:51.176370+05:30,2026-10-02T17:14:07.859852+05:30,2026-10-02T17:14:07.859852+05:30,2026-10-02T17:14:07.859852+05:30,DATA_FAILURE,BLOCKED,False,NONE,True,True,DATA_GATE,FAIL_CFO_PAT
c6c800bcad0f4cbe9ed5c8195049c221,QUALITY_COMPOUNDER,Quality Compounder,FROZEN_V2_PROD_1.0,AVANTIFEED,NSE_EQ|AVANTIFEED,NSE,EQUITY,CERTIFIED_CLEAN_886,91,2026-10-02T17:12:51.176370+05:30,2026-10-02T17:14:08.066920+05:30,2026-10-02T17:14:08.066920+05:30,2026-10-02T17:14:08.066920+05:30,DATA_FAILURE,BLOCKED,False,NONE,True,True,DATA_GATE,FAIL_SALES_CAGR
c6c800bcad0f4cbe9ed5c8195049c221,QUALITY_COMPOUNDER,Quality Compounder,FROZEN_V2_PROD_1.0,AVL,NSE_EQ|AVL,NSE,EQUITY,CERTIFIED_CLEAN_886,92,2026-10-02T17:12:51.176370+05:30,2026-10-02T17:14:08.099991+05:30,2026-10-02T17:14:08.099991+05:30,2026-10-02T17:14:08.099991+05:30,DATA_FAILURE,BLOCKED,False,NONE,True,True,DATA_GATE,DATA_FAILURE_NO_PIT (PIT_INGESTION_GAP)
c6c800bcad0f4cbe9ed5c8195049c221,QUALITY_COMPOUNDER,Quality Compounder,FROZEN_V2_PROD_1.0,AWFIS,NSE_EQ|AWFIS,NSE,EQUITY,CERTIFIED_CLEAN_886,93,2026-10-02T17:12:51.176370+05:30,2026-10-02T17:14:08.402536+05:30,2026-10-02T17:14:08.402536+05:30,2026-10-02T17:14:08.402536+05:30,DATA_FAILURE,BLOCKED,False,NONE,True,True,DATA_GATE,DATA_INSUFFICIENT_QUALITY
c6c800bcad0f4cbe9ed5c8195049c221,QUALITY_COMPOUNDER,Quality Compounder,FROZEN_V2_PROD_1.0,AWHCL,NSE_EQ|AWHCL,NSE,EQUITY,CERTIFIED_CLEAN_886,94,2026-10-02T17:12:51.176370+05:30,2026-10-02T17:14:08.447586+05:30,2026-10-02T17:14:08.447586+05:30,2026-10-02T17:14:08.447586+05:30,DATA_FAILURE,BLOCKED,False,NONE,True,True,DATA_GATE,FAIL_ROCE
c6c800bcad0f4cbe9ed5c8195049c221,QUALITY_COMPOUNDER,Quality Compounder,FROZEN_V2_PROD_1.0,AWL,NSE_EQ|AWL,NSE,EQUITY,CERTIFIED_CLEAN_886,95,2026-10-02T17:12:51.176370+05:30,2026-10-02T17:14:08.768429+05:30,2026-10-02T17:14:08.768429+05:30,2026-10-02T17:14:08.768429+05:30,DATA_FAILURE,BLOCKED,False,NONE,True,True,DATA_GATE,FAIL_PAT_CAGR
c6c800bcad0f4cbe9ed5c8195049c221,QUALITY_COMPOUNDER,Quality Compounder,FROZEN_V2_PROD_1.0,AXISBANK,NSE_EQ|AXISBANK,NSE,EQUITY,CERTIFIED_CLEAN_886,96,2026-10-02T17:12:51.176370+05:30,2026-10-02T17:14:08.894863+05:30,2026-10-02T17:14:08.894863+05:30,2026-10-02T17:14:08.894863+05:30,FULLY_EVALUABLE,REJECTED,False,NONE,False,True,QUALITY_GATE,METRIC_NOT_APPLICABLE_FINANCIAL
c6c800bcad0f4cbe9ed5c8195049c221,QUALITY_COMPOUNDER,Quality Compounder,FROZEN_V2_PROD_1.0,AXISCADES,NSE_EQ|AXISCADES,NSE,EQUITY,CERTIFIED_CLEAN_886,97,2026-10-02T17:12:51.176370+05:30,2026-10-02T17:14:08.989245+05:30,2026-10-02T17:14:08.989245+05:30,2026-10-02T17:14:08.989245+05:30,DATA_FAILURE,BLOCKED,False,NONE,True,True,DATA_GATE,DATA_INSUFFICIENT_QUALITY
c6c800bcad0f4cbe9ed5c8195049c221,QUALITY_COMPOUNDER,Quality Compounder,FROZEN_V2_PROD_1.0,AYE,NSE_EQ|AYE,NSE,EQUITY,CERTIFIED_CLEAN_886,98,2026-10-02T17:12:51.176370+05:30,2026-10-02T17:14:09.130895+05:30,2026-10-02T17:14:09.130895+05:30,2026-10-02T17:14:09.130895+05:30,DATA_FAILURE,BLOCKED,False,NONE,True,True,DATA_GATE,DATA_FAILURE_NO_PIT (PIT_INGESTION_GAP)
c6c800bcad0f4cbe9ed5c8195049c221,QUALITY_COMPOUNDER,Quality Compounder,FROZEN_V2_PROD_1.0,AZAD,NSE_EQ|AZAD,NSE,EQUITY,CERTIFIED_CLEAN_886,99,2026-10-02T17:12:51.176370+05:30,2026-10-02T17:14:09.315179+05:30,2026-10-02T17:14:09.315179+05:30,2026-10-02T17:14:09.315179+05:30,DATA_FAILURE,BLOCKED,False,NONE,True,True,DATA_GATE,FAIL_CFO_PAT
c6c800bcad0f4cbe9ed5c8195049c221,QUALITY_COMPOUNDER,Quality Compounder,FROZEN_V2_PROD_1.0,BAJAJCON,NSE_EQ|BAJAJCON,NSE,EQUITY,CERTIFIED_CLEAN_886,100,2026-10-02T17:12:51.176370+05:30,2026-10-02T17:14:09.398844+05:30,2026-10-02T17:14:09.398844+05:30,2026-10-02T17:14:09.398844+05:30,DATA_FAILURE,BLOCKED,False,NONE,True,True,DATA_GATE,FAIL_SALES_CAGR
c6c800bcad0f4cbe9ed5c8195049c221,QUALITY_COMPOUNDER,Quality Compounder,FROZEN_V2_PROD_1.0,BAJAJFINSV,NSE_EQ|BAJAJFINSV,NSE,EQUITY,CERTIFIED_CLEAN_886,101,2026-10-02T17:12:51.176370+05:30,2026-10-02T17:14:09.534077+05:30,2026-10-02T17:14:09.534077+05:30,2026-10-02T17:14:09.534077+05:30,FULLY_EVALUABLE,REJECTED,False,NONE,False,True,QUALITY_GATE,METRIC_NOT_APPLICABLE_FINANCIAL
c6c800bcad0f4cbe9ed5c8195049c221,QUALITY_COMPOUNDER,Quality Compounder,FROZEN_V2_PROD_1.0,BAJAJHLDNG,NSE_EQ|BAJAJHLDNG,NSE,EQUITY,CERTIFIED_CLEAN_886,102,2026-10-02T17:12:51.176370+05:30,2026-10-02T17:14:09.603797+05:30,2026-10-02T17:14:09.603797+05:30,2026-10-02T17:14:09.603797+05:30,DATA_FAILURE,BLOCKED,False,NONE,True,True,DATA_GATE,FAIL_ROCE
c6c800bcad0f4cbe9ed5c8195049c221,QUALITY_COMPOUNDER,Quality Compounder,FROZEN_V2_PROD_1.0,BAJFINANCE,NSE_EQ|BAJFINANCE,NSE,EQUITY,CERTIFIED_CLEAN_886,103,2026-10-02T17:12:51.176370+05:30,2026-10-02T17:14:09.682906+05:30,2026-10-02T17:14:09.682906+05:30,2026-10-02T17:14:09.682906+05:30,FULLY_EVALUABLE,REJECTED,False,NONE,False,True,QUALITY_GATE,METRIC_NOT_APPLICABLE_FINANCIAL
c6c800bcad0f4cbe9ed5c8195049c221,QUALITY_COMPOUNDER,Quality Compounder,FROZEN_V2_PROD_1.0,BALAMINES,NSE_EQ|BALAMINES,NSE,EQUITY,CERTIFIED_CLEAN_886,104,2026-10-02T17:12:51.176370+05:30,2026-10-02T17:14:09.896359+05:30,2026-10-02T17:14:09.896359+05:30,2026-10-02T17:14:09.896359+05:30,DATA_FAILURE,BLOCKED,False,NONE,True,True,DATA_GATE,FAIL_SALES_CAGR
c6c800bcad0f4cbe9ed5c8195049c221,QUALITY_COMPOUNDER,Quality Compounder,FROZEN_V2_PROD_1.0,BALKRISIND,NSE_EQ|BALKRISIND,NSE,EQUITY,CERTIFIED_CLEAN_886,105,2026-10-02T17:12:51.176370+05:30,2026-10-02T17:14:12.582386+05:30,2026-10-02T17:14:12.582386+05:30,2026-10-02T17:14:12.582386+05:30,DATA_FAILURE,BLOCKED,False,NONE,True,True,DATA_GATE,FAIL_PAT_CAGR
c6c800bcad0f4cbe9ed5c8195049c221,QUALITY_COMPOUNDER,Quality Compounder,FROZEN_V2_PROD_1.0,BALMLAWRIE,NSE_EQ|BALMLAWRIE,NSE,EQUITY,CERTIFIED_CLEAN_886,106,2026-10-02T17:12:51.176370+05:30,2026-10-02T17:14:12.692433+05:30,2026-10-02T17:14:12.692433+05:30,2026-10-02T17:14:12.692433+05:30,DATA_FAILURE,BLOCKED,False,NONE,True,True,DATA_GATE,FAIL_ROCE
c6c800bcad0f4cbe9ed5c8195049c221,QUALITY_COMPOUNDER,Quality Compounder,FROZEN_V2_PROD_1.0,BALRAMCHIN,NSE_EQ|BALRAMCHIN,NSE,EQUITY,CERTIFIED_CLEAN_886,107,2026-10-02T17:12:51.176370+05:30,2026-10-02T17:14:12.735694+05:30,2026-10-02T17:14:12.735694+05:30,2026-10-02T17:14:12.735694+05:30,DATA_FAILURE,BLOCKED,False,NONE,True,True,DATA_GATE,FAIL_ROCE
c6c800bcad0f4cbe9ed5c8195049c221,QUALITY_COMPOUNDER,Quality Compounder,FROZEN_V2_PROD_1.0,BALUFORGE,NSE_EQ|BALUFORGE,NSE,EQUITY,CERTIFIED_CLEAN_886,108,2026-10-02T17:12:51.176370+05:30,2026-10-02T17:14:12.817531+05:30,2026-10-02T17:14:12.817531+05:30,2026-10-02T17:14:12.817531+05:30,DATA_FAILURE,BLOCKED,False,NONE,True,True,DATA_GATE,FAIL_CFO_PAT
c6c800bcad0f4cbe9ed5c8195049c221,QUALITY_COMPOUNDER,Quality Compounder,FROZEN_V2_PROD_1.0,BANARISUG,NSE_EQ|BANARISUG,NSE,EQUITY,CERTIFIED_CLEAN_886,109,2026-10-02T17:12:51.176370+05:30,2026-10-02T17:14:12.834327+05:30,2026-10-02T17:14:12.834327+05:30,2026-10-02T17:14:12.834327+05:30,DATA_FAILURE,BLOCKED,False,NONE,True,True,DATA_GATE,DATA_FAILURE_NO_PIT (PIT_INGESTION_GAP)
c6c800bcad0f4cbe9ed5c8195049c221,QUALITY_COMPOUNDER,Quality Compounder,FROZEN_V2_PROD_1.0,BANCOINDIA,NSE_EQ|BANCOINDIA,NSE,EQUITY,CERTIFIED_CLEAN_886,110,2026-10-02T17:12:51.176370+05:30,2026-10-02T17:14:12.972143+05:30,2026-10-02T17:14:12.972143+05:30,2026-10-02T17:14:12.972143+05:30,DATA_FAILURE,BLOCKED,False,NONE,True,True,DATA_GATE,FAIL_CFO_PAT
c6c800bcad0f4cbe9ed5c8195049c221,QUALITY_COMPOUNDER,Quality Compounder,FROZEN_V2_PROD_1.0,BANKBARODA,NSE_EQ|BANKBARODA,NSE,EQUITY,CERTIFIED_CLEAN_886,111,2026-10-02T17:12:51.176370+05:30,2026-10-02T17:14:13.060257+05:30,2026-10-02T17:14:13.060257+05:30,2026-10-02T17:14:13.060257+05:30,FULLY_EVALUABLE,REJECTED,False,NONE,False,True,QUALITY_GATE,METRIC_NOT_APPLICABLE_FINANCIAL
c6c800bcad0f4cbe9ed5c8195049c221,QUALITY_COMPOUNDER,Quality Compounder,FROZEN_V2_PROD_1.0,BANKINDIA,NSE_EQ|BANKINDIA,NSE,EQUITY,CERTIFIED_CLEAN_886,112,2026-10-02T17:12:51.176370+05:30,2026-10-02T17:14:13.109547+05:30,2026-10-02T17:14:13.109547+05:30,2026-10-02T17:14:13.109547+05:30,FULLY_EVALUABLE,REJECTED,False,NONE,False,True,QUALITY_GATE,METRIC_NOT_APPLICABLE_FINANCIAL
c6c800bcad0f4cbe9ed5c8195049c221,QUALITY_COMPOUNDER,Quality Compounder,FROZEN_V2_PROD_1.0,BANSALWIRE,NSE_EQ|BANSALWIRE,NSE,EQUITY,CERTIFIED_CLEAN_886,113,2026-10-02T17:12:51.176370+05:30,2026-10-02T17:14:13.327680+05:30,2026-10-02T17:14:13.327680+05:30,2026-10-02T17:14:13.327680+05:30,DATA_FAILURE,BLOCKED,False,NONE,True,True,DATA_GATE,DATA_INSUFFICIENT_QUALITY
c6c800bcad0f4cbe9ed5c8195049c221,QUALITY_COMPOUNDER,Quality Compounder,FROZEN_V2_PROD_1.0,BASF,NSE_EQ|BASF,NSE,EQUITY,CERTIFIED_CLEAN_886,114,2026-10-02T17:12:51.176370+05:30,2026-10-02T17:14:13.534641+05:30,2026-10-02T17:14:13.534641+05:30,2026-10-02T17:14:13.534641+05:30,DATA_FAILURE,BLOCKED,False,NONE,True,True,DATA_GATE,DATA_INSUFFICIENT_QUALITY
c6c800bcad0f4cbe9ed5c8195049c221,QUALITY_COMPOUNDER,Quality Compounder,FROZEN_V2_PROD_1.0,BATAINDIA,NSE_EQ|BATAINDIA,NSE,EQUITY,CERTIFIED_CLEAN_886,115,2026-10-02T17:12:51.176370+05:30,2026-10-02T17:14:13.648717+05:30,2026-10-02T17:14:13.648717+05:30,2026-10-02T17:14:13.648717+05:30,DATA_FAILURE,BLOCKED,False,NONE,True,True,DATA_GATE,DATA_INSUFFICIENT_QUALITY
c6c800bcad0f4cbe9ed5c8195049c221,QUALITY_COMPOUNDER,Quality Compounder,FROZEN_V2_PROD_1.0,BAYERCROP,NSE_EQ|BAYERCROP,NSE,EQUITY,CERTIFIED_CLEAN_886,116,2026-10-02T17:12:51.176370+05:30,2026-10-02T17:14:13.727402+05:30,2026-10-02T17:14:13.727402+05:30,2026-10-02T17:14:13.727402+05:30,DATA_FAILURE,BLOCKED,False,NONE,True,True,DATA_GATE,DATA_INSUFFICIENT_QUALITY
c6c800bcad0f4cbe9ed5c8195049c221,QUALITY_COMPOUNDER,Quality Compounder,FROZEN_V2_PROD_1.0,BBOX,NSE_EQ|BBOX,NSE,EQUITY,CERTIFIED_CLEAN_886,117,2026-10-02T17:12:51.176370+05:30,2026-10-02T17:14:13.905856+05:30,2026-10-02T17:14:13.905856+05:30,2026-10-02T17:14:13.905856+05:30,DATA_FAILURE,BLOCKED,False,NONE,True,True,DATA_GATE,FAIL_SALES_CAGR
c6c800bcad0f4cbe9ed5c8195049c221,QUALITY_COMPOUNDER,Quality Compounder,FROZEN_V2_PROD_1.0,BBTC,NSE_EQ|BBTC,NSE,EQUITY,CERTIFIED_CLEAN_886,118,2026-10-02T17:12:51.176370+05:30,2026-10-02T17:14:13.967813+05:30,2026-10-02T17:14:13.967813+05:30,2026-10-02T17:14:13.967813+05:30,DATA_FAILURE,BLOCKED,False,NONE,True,True,DATA_GATE,FAIL_SALES_CAGR
c6c800bcad0f4cbe9ed5c8195049c221,QUALITY_COMPOUNDER,Quality Compounder,FROZEN_V2_PROD_1.0,BDL,NSE_EQ|BDL,NSE,EQUITY,CERTIFIED_CLEAN_886,119,2026-10-02T17:12:51.176370+05:30,2026-10-02T17:14:13.979804+05:30,2026-10-02T17:14:13.979804+05:30,2026-10-02T17:14:13.979804+05:30,DATA_FAILURE,BLOCKED,False,NONE,True,True,DATA_GATE,DATA_FAILURE_NO_PIT (PIT_INGESTION_GAP)
c6c800bcad0f4cbe9ed5c8195049c221,QUALITY_COMPOUNDER,Quality Compounder,FROZEN_V2_PROD_1.0,BEL,NSE_EQ|BEL,NSE,EQUITY,CERTIFIED_CLEAN_886,120,2026-10-02T17:12:51.176370+05:30,2026-10-02T17:14:14.076367+05:30,2026-10-02T17:14:14.076367+05:30,2026-10-02T17:14:14.076367+05:30,DATA_FAILURE,BLOCKED,False,NONE,True,True,DATA_GATE,FAIL_CFO_PAT
c6c800bcad0f4cbe9ed5c8195049c221,QUALITY_COMPOUNDER,Quality Compounder,FROZEN_V2_PROD_1.0,BELRISE,NSE_EQ|BELRISE,NSE,EQUITY,CERTIFIED_CLEAN_886,121,2026-10-02T17:12:51.176370+05:30,2026-10-02T17:14:14.143172+05:30,2026-10-02T17:14:14.143172+05:30,2026-10-02T17:14:14.143172+05:30,DATA_FAILURE,BLOCKED,False,NONE,True,True,DATA_GATE,DATA_INSUFFICIENT_QUALITY
c6c800bcad0f4cbe9ed5c8195049c221,QUALITY_COMPOUNDER,Quality Compounder,FROZEN_V2_PROD_1.0,BENGALASM,NSE_EQ|BENGALASM,NSE,EQUITY,CERTIFIED_CLEAN_886,122,2026-10-02T17:12:51.176370+05:30,2026-10-02T17:14:15.085496+05:30,2026-10-02T17:14:15.085496+05:30,2026-10-02T17:14:15.085496+05:30,FULLY_EVALUABLE,REJECTED,False,NONE,False,True,QUALITY_GATE,METRIC_NOT_APPLICABLE_FINANCIAL
c6c800bcad0f4cbe9ed5c8195049c221,QUALITY_COMPOUNDER,Quality Compounder,FROZEN_V2_PROD_1.0,BERGEPAINT,NSE_EQ|BERGEPAINT,NSE,EQUITY,CERTIFIED_CLEAN_886,123,2026-10-02T17:12:51.176370+05:30,2026-10-02T17:14:15.148021+05:30,2026-10-02T17:14:15.148021+05:30,2026-10-02T17:14:15.148021+05:30,DATA_FAILURE,BLOCKED,False,NONE,True,True,DATA_GATE,FAIL_PAT_CAGR
c6c800bcad0f4cbe9ed5c8195049c221,QUALITY_COMPOUNDER,Quality Compounder,FROZEN_V2_PROD_1.0,BETA,NSE_EQ|BETA,NSE,EQUITY,CERTIFIED_CLEAN_886,124,2026-10-02T17:12:51.176370+05:30,2026-10-02T17:14:15.210707+05:30,2026-10-02T17:14:15.210707+05:30,2026-10-02T17:14:15.210707+05:30,DATA_FAILURE,BLOCKED,False,NONE,True,True,DATA_GATE,FAIL_DEBT
c6c800bcad0f4cbe9ed5c8195049c221,QUALITY_COMPOUNDER,Quality Compounder,FROZEN_V2_PROD_1.0,BFUTILITIE,NSE_EQ|BFUTILITIE,NSE,EQUITY,CERTIFIED_CLEAN_886,125,2026-10-02T17:12:51.176370+05:30,2026-10-02T17:14:15.257047+05:30,2026-10-02T17:14:15.257047+05:30,2026-10-02T17:14:15.257047+05:30,DATA_FAILURE,BLOCKED,False,NONE,True,True,DATA_GATE,DATA_INSUFFICIENT_QUALITY
c6c800bcad0f4cbe9ed5c8195049c221,QUALITY_COMPOUNDER,Quality Compounder,FROZEN_V2_PROD_1.0,BHAGYANGR,NSE_EQ|BHAGYANGR,NSE,EQUITY,CERTIFIED_CLEAN_886,126,2026-10-02T17:12:51.176370+05:30,2026-10-02T17:14:15.548985+05:30,2026-10-02T17:14:15.548985+05:30,2026-10-02T17:14:15.548985+05:30,DATA_FAILURE,BLOCKED,False,NONE,True,True,DATA_GATE,FAIL_ROCE
c6c800bcad0f4cbe9ed5c8195049c221,QUALITY_COMPOUNDER,Quality Compounder,FROZEN_V2_PROD_1.0,BHARATFORG,NSE_EQ|BHARATFORG,NSE,EQUITY,CERTIFIED_CLEAN_886,127,2026-10-02T17:12:51.176370+05:30,2026-10-02T17:14:15.594117+05:30,2026-10-02T17:14:15.594117+05:30,2026-10-02T17:14:15.594117+05:30,DATA_FAILURE,BLOCKED,False,NONE,True,True,DATA_GATE,DATA_INSUFFICIENT_QUALITY
c6c800bcad0f4cbe9ed5c8195049c221,QUALITY_COMPOUNDER,Quality Compounder,FROZEN_V2_PROD_1.0,BHARATRAS,NSE_EQ|BHARATRAS,NSE,EQUITY,CERTIFIED_CLEAN_886,128,2026-10-02T17:12:51.176370+05:30,2026-10-02T17:14:15.743920+05:30,2026-10-02T17:14:15.743920+05:30,2026-10-02T17:14:15.743920+05:30,DATA_FAILURE,BLOCKED,False,NONE,True,True,DATA_GATE,FAIL_LIQUIDITY
c6c800bcad0f4cbe9ed5c8195049c221,QUALITY_COMPOUNDER,Quality Compounder,FROZEN_V2_PROD_1.0,BHARATSE,NSE_EQ|BHARATSE,NSE,EQUITY,CERTIFIED_CLEAN_886,129,2026-10-02T17:12:51.176370+05:30,2026-10-02T17:14:15.764876+05:30,2026-10-02T17:14:15.764876+05:30,2026-10-02T17:14:15.764876+05:30,DATA_FAILURE,BLOCKED,False,NONE,True,True,DATA_GATE,DATA_FAILURE_NO_PIT (PIT_INGESTION_GAP)
c6c800bcad0f4cbe9ed5c8195049c221,QUALITY_COMPOUNDER,Quality Compounder,FROZEN_V2_PROD_1.0,BHARATWIRE,NSE_EQ|BHARATWIRE,NSE,EQUITY,CERTIFIED_CLEAN_886,130,2026-10-02T17:12:51.176370+05:30,2026-10-02T17:14:15.845618+05:30,2026-10-02T17:14:15.845618+05:30,2026-10-02T17:14:15.845618+05:30,DATA_FAILURE,BLOCKED,False,NONE,True,True,DATA_GATE,DATA_INSUFFICIENT_QUALITY
c6c800bcad0f4cbe9ed5c8195049c221,QUALITY_COMPOUNDER,Quality Compounder,FROZEN_V2_PROD_1.0,BHARTIARTL,NSE_EQ|BHARTIARTL,NSE,EQUITY,CERTIFIED_CLEAN_886,131,2026-10-02T17:12:51.176370+05:30,2026-10-02T17:14:16.131786+05:30,2026-10-02T17:14:16.131786+05:30,2026-10-02T17:14:16.131786+05:30,DATA_FAILURE,BLOCKED,False,NONE,True,True,DATA_GATE,FAIL_ROCE
c6c800bcad0f4cbe9ed5c8195049c221,QUALITY_COMPOUNDER,Quality Compounder,FROZEN_V2_PROD_1.0,BHARTIHEXA,NSE_EQ|BHARTIHEXA,NSE,EQUITY,CERTIFIED_CLEAN_886,132,2026-10-02T17:12:51.176370+05:30,2026-10-02T17:14:16.135937+05:30,2026-10-02T17:14:16.135937+05:30,2026-10-02T17:14:16.135937+05:30,DATA_FAILURE,BLOCKED,False,NONE,True,True,DATA_GATE,DATA_FAILURE_NO_PIT (PIT_INGESTION_GAP)
c6c800bcad0f4cbe9ed5c8195049c221,QUALITY_COMPOUNDER,Quality Compounder,FROZEN_V2_PROD_1.0,BIKAJI,NSE_EQ|BIKAJI,NSE,EQUITY,CERTIFIED_CLEAN_886,133,2026-10-02T17:12:51.176370+05:30,2026-10-02T17:14:16.834815+05:30,2026-10-02T17:14:16.834815+05:30,2026-10-02T17:14:16.834815+05:30,DATA_FAILURE,BLOCKED,False,NONE,True,True,DATA_GATE,DATA_INSUFFICIENT_VALUATION
c6c800bcad0f4cbe9ed5c8195049c221,QUALITY_COMPOUNDER,Quality Compounder,FROZEN_V2_PROD_1.0,BLACKBUCK,NSE_EQ|BLACKBUCK,NSE,EQUITY,CERTIFIED_CLEAN_886,134,2026-10-02T17:12:51.176370+05:30,2026-10-02T17:14:16.990347+05:30,2026-10-02T17:14:16.990347+05:30,2026-10-02T17:14:16.990347+05:30,DATA_FAILURE,BLOCKED,False,NONE,True,True,DATA_GATE,DATA_INSUFFICIENT_QUALITY
c6c800bcad0f4cbe9ed5c8195049c221,QUALITY_COMPOUNDER,Quality Compounder,FROZEN_V2_PROD_1.0,BLISSGVS,NSE_EQ|BLISSGVS,NSE,EQUITY,CERTIFIED_CLEAN_886,135,2026-10-02T17:12:51.176370+05:30,2026-10-02T17:14:17.039332+05:30,2026-10-02T17:14:17.039332+05:30,2026-10-02T17:14:17.039332+05:30,DATA_FAILURE,BLOCKED,False,NONE,True,True,DATA_GATE,FAIL_ROCE
c6c800bcad0f4cbe9ed5c8195049c221,QUALITY_COMPOUNDER,Quality Compounder,FROZEN_V2_PROD_1.0,BLS,NSE_EQ|BLS,NSE,EQUITY,CERTIFIED_CLEAN_886,136,2026-10-02T17:12:51.176370+05:30,2026-10-02T17:14:17.288245+05:30,2026-10-02T17:14:17.288245+05:30,2026-10-02T17:14:17.288245+05:30,DATA_FAILURE,BLOCKED,False,NONE,True,True,DATA_GATE,DATA_INSUFFICIENT_VALUATION
c6c800bcad0f4cbe9ed5c8195049c221,QUALITY_COMPOUNDER,Quality Compounder,FROZEN_V2_PROD_1.0,BLSE,NSE_EQ|BLSE,NSE,EQUITY,CERTIFIED_CLEAN_886,137,2026-10-02T17:12:51.176370+05:30,2026-10-02T17:14:17.716721+05:30,2026-10-02T17:14:17.716721+05:30,2026-10-02T17:14:17.716721+05:30,DATA_FAILURE,BLOCKED,False,NONE,True,True,DATA_GATE,DATA_INSUFFICIENT_VALUATION
c6c800bcad0f4cbe9ed5c8195049c221,QUALITY_COMPOUNDER,Quality Compounder,FROZEN_V2_PROD_1.0,BLUEDART,NSE_EQ|BLUEDART,NSE,EQUITY,CERTIFIED_CLEAN_886,138,2026-10-02T17:12:51.176370+05:30,2026-10-02T17:14:17.738135+05:30,2026-10-02T17:14:17.738135+05:30,2026-10-02T17:14:17.738135+05:30,DATA_FAILURE,BLOCKED,False,NONE,True,True,DATA_GATE,FAIL_DEBT
c6c800bcad0f4cbe9ed5c8195049c221,QUALITY_COMPOUNDER,Quality Compounder,FROZEN_V2_PROD_1.0,BLUEJET,NSE_EQ|BLUEJET,NSE,EQUITY,CERTIFIED_CLEAN_886,139,2026-10-02T17:12:51.176370+05:30,2026-10-02T17:14:17.760328+05:30,2026-10-02T17:14:17.760328+05:30,2026-10-02T17:14:17.760328+05:30,STRUCTURAL_INELIGIBLE,BLOCKED,False,NONE,True,True,DATA_GATE,FAIL_UNIVERSE_MARKET_CAP
c6c800bcad0f4cbe9ed5c8195049c221,QUALITY_COMPOUNDER,Quality Compounder,FROZEN_V2_PROD_1.0,BLUESTARCO,NSE_EQ|BLUESTARCO,NSE,EQUITY,CERTIFIED_CLEAN_886,140,2026-10-02T17:12:51.176370+05:30,2026-10-02T17:14:17.780882+05:30,2026-10-02T17:14:17.780882+05:30,2026-10-02T17:14:17.780882+05:30,DATA_FAILURE,BLOCKED,False,NONE,True,True,DATA_GATE,FAIL_CFO_PAT
c6c800bcad0f4cbe9ed5c8195049c221,QUALITY_COMPOUNDER,Quality Compounder,FROZEN_V2_PROD_1.0,BORORENEW,NSE_EQ|BORORENEW,NSE,EQUITY,CERTIFIED_CLEAN_886,141,2026-10-02T17:12:51.176370+05:30,2026-10-02T17:14:17.804885+05:30,2026-10-02T17:14:17.804885+05:30,2026-10-02T17:14:17.804885+05:30,DATA_FAILURE,BLOCKED,False,NONE,True,True,DATA_GATE,DATA_INSUFFICIENT_QUALITY
c6c800bcad0f4cbe9ed5c8195049c221,QUALITY_COMPOUNDER,Quality Compounder,FROZEN_V2_PROD_1.0,BOROSCI,NSE_EQ|BOROSCI,NSE,EQUITY,CERTIFIED_CLEAN_886,142,2026-10-02T17:12:51.176370+05:30,2026-10-02T17:14:17.834906+05:30,2026-10-02T17:14:17.834906+05:30,2026-10-02T17:14:17.834906+05:30,STRUCTURAL_INELIGIBLE,BLOCKED,False,NONE,True,True,DATA_GATE,DATA_INSUFFICIENT_QUALITY
c6c800bcad0f4cbe9ed5c8195049c221,QUALITY_COMPOUNDER,Quality Compounder,FROZEN_V2_PROD_1.0,BOSCHLTD,NSE_EQ|BOSCHLTD,NSE,EQUITY,CERTIFIED_CLEAN_886,143,2026-10-02T17:12:51.176370+05:30,2026-10-02T17:14:17.857457+05:30,2026-10-02T17:14:17.857457+05:30,2026-10-02T17:14:17.857457+05:30,DATA_FAILURE,BLOCKED,False,NONE,True,True,DATA_GATE,FAIL_CFO_PAT
c6c800bcad0f4cbe9ed5c8195049c221,QUALITY_COMPOUNDER,Quality Compounder,FROZEN_V2_PROD_1.0,BPCL,NSE_EQ|BPCL,NSE,EQUITY,CERTIFIED_CLEAN_886,144,2026-10-02T17:12:51.176370+05:30,2026-10-02T17:14:17.876811+05:30,2026-10-02T17:14:17.876811+05:30,2026-10-02T17:14:17.876811+05:30,DATA_FAILURE,BLOCKED,False,NONE,True,True,DATA_GATE,FAIL_PAT_CAGR
c6c800bcad0f4cbe9ed5c8195049c221,QUALITY_COMPOUNDER,Quality Compounder,FROZEN_V2_PROD_1.0,BRIGADE,NSE_EQ|BRIGADE,NSE,EQUITY,CERTIFIED_CLEAN_886,145,2026-10-02T17:12:51.176370+05:30,2026-10-02T17:14:17.899614+05:30,2026-10-02T17:14:17.899614+05:30,2026-10-02T17:14:17.899614+05:30,DATA_FAILURE,BLOCKED,False,NONE,True,True,DATA_GATE,DATA_INSUFFICIENT_QUALITY
c6c800bcad0f4cbe9ed5c8195049c221,QUALITY_COMPOUNDER,Quality Compounder,FROZEN_V2_PROD_1.0,BRITANNIA,NSE_EQ|BRITANNIA,NSE,EQUITY,CERTIFIED_CLEAN_886,146,2026-10-02T17:12:51.176370+05:30,2026-10-02T17:14:17.908605+05:30,2026-10-02T17:14:17.908605+05:30,2026-10-02T17:14:17.908605+05:30,DATA_FAILURE,BLOCKED,False,NONE,True,True,DATA_GATE,FAIL_SALES_CAGR
c6c800bcad0f4cbe9ed5c8195049c221,QUALITY_COMPOUNDER,Quality Compounder,FROZEN_V2_PROD_1.0,BSE,NSE_EQ|BSE,NSE,EQUITY,CERTIFIED_CLEAN_886,147,2026-10-02T17:12:51.176370+05:30,2026-10-02T17:14:17.924074+05:30,2026-10-02T17:14:17.924074+05:30,2026-10-02T17:14:17.924074+05:30,FULLY_EVALUABLE,REJECTED,False,NONE,False,True,QUALITY_GATE,METRIC_NOT_APPLICABLE_FINANCIAL
c6c800bcad0f4cbe9ed5c8195049c221,QUALITY_COMPOUNDER,Quality Compounder,FROZEN_V2_PROD_1.0,BSOFT,NSE_EQ|BSOFT,NSE,EQUITY,CERTIFIED_CLEAN_886,148,2026-10-02T17:12:51.176370+05:30,2026-10-02T17:14:17.943455+05:30,2026-10-02T17:14:17.943455+05:30,2026-10-02T17:14:17.943455+05:30,DATA_FAILURE,BLOCKED,False,NONE,True,True,DATA_GATE,FAIL_SALES_CAGR
c6c800bcad0f4cbe9ed5c8195049c221,QUALITY_COMPOUNDER,Quality Compounder,FROZEN_V2_PROD_1.0,BUILDPRO,NSE_EQ|BUILDPRO,NSE,EQUITY,CERTIFIED_CLEAN_886,149,2026-10-02T17:12:51.176370+05:30,2026-10-02T17:14:17.954734+05:30,2026-10-02T17:14:17.954734+05:30,2026-10-02T17:14:17.954734+05:30,DATA_FAILURE,BLOCKED,False,NONE,True,True,DATA_GATE,DATA_INSUFFICIENT_QUALITY
c6c800bcad0f4cbe9ed5c8195049c221,QUALITY_COMPOUNDER,Quality Compounder,FROZEN_V2_PROD_1.0,BUTTERFLY,NSE_EQ|BUTTERFLY,NSE,EQUITY,CERTIFIED_CLEAN_886,150,2026-10-02T17:12:51.176370+05:30,2026-10-02T17:14:17.958250+05:30,2026-10-02T17:14:17.958250+05:30,2026-10-02T17:14:17.958250+05:30,DATA_FAILURE,BLOCKED,False,NONE,True,True,DATA_GATE,DATA_FAILURE_NO_PIT (PIT_INGESTION_GAP)
c6c800bcad0f4cbe9ed5c8195049c221,QUALITY_COMPOUNDER,Quality Compounder,FROZEN_V2_PROD_1.0,CAMPUS,NSE_EQ|CAMPUS,NSE,EQUITY,CERTIFIED_CLEAN_886,151,2026-10-02T17:12:51.176370+05:30,2026-10-02T17:14:17.978174+05:30,2026-10-02T17:14:17.978174+05:30,2026-10-02T17:14:17.978174+05:30,DATA_FAILURE,BLOCKED,False,NONE,True,True,DATA_GATE,DATA_INSUFFICIENT_QUALITY
c6c800bcad0f4cbe9ed5c8195049c221,QUALITY_COMPOUNDER,Quality Compounder,FROZEN_V2_PROD_1.0,CAMS,NSE_EQ|CAMS,NSE,EQUITY,CERTIFIED_CLEAN_886,152,2026-10-02T17:12:51.176370+05:30,2026-10-02T17:14:17.987589+05:30,2026-10-02T17:14:17.987589+05:30,2026-10-02T17:14:17.987589+05:30,FULLY_EVALUABLE,REJECTED,False,NONE,False,True,QUALITY_GATE,METRIC_NOT_APPLICABLE_FINANCIAL
c6c800bcad0f4cbe9ed5c8195049c221,QUALITY_COMPOUNDER,Quality Compounder,FROZEN_V2_PROD_1.0,CANFINHOME,NSE_EQ|CANFINHOME,NSE,EQUITY,CERTIFIED_CLEAN_886,153,2026-10-02T17:12:51.176370+05:30,2026-10-02T17:14:17.989645+05:30,2026-10-02T17:14:17.989645+05:30,2026-10-02T17:14:17.989645+05:30,DATA_FAILURE,BLOCKED,False,NONE,True,True,DATA_GATE,DATA_FAILURE_NO_PIT (PIT_INGESTION_GAP)
c6c800bcad0f4cbe9ed5c8195049c221,QUALITY_COMPOUNDER,Quality Compounder,FROZEN_V2_PROD_1.0,CANTABIL,NSE_EQ|CANTABIL,NSE,EQUITY,CERTIFIED_CLEAN_886,154,2026-10-02T17:12:51.176370+05:30,2026-10-02T17:14:17.994909+05:30,2026-10-02T17:14:17.994909+05:30,2026-10-02T17:14:17.994909+05:30,DATA_FAILURE,BLOCKED,False,NONE,True,True,DATA_GATE,DATA_FAILURE_NO_PIT (PIT_INGESTION_GAP)
c6c800bcad0f4cbe9ed5c8195049c221,QUALITY_COMPOUNDER,Quality Compounder,FROZEN_V2_PROD_1.0,CAPACITE,NSE_EQ|CAPACITE,NSE,EQUITY,CERTIFIED_CLEAN_886,155,2026-10-02T17:12:51.176370+05:30,2026-10-02T17:14:18.012482+05:30,2026-10-02T17:14:18.012482+05:30,2026-10-02T17:14:18.012482+05:30,DATA_FAILURE,BLOCKED,False,NONE,True,True,DATA_GATE,FAIL_CFO_PAT
c6c800bcad0f4cbe9ed5c8195049c221,QUALITY_COMPOUNDER,Quality Compounder,FROZEN_V2_PROD_1.0,CAPITALSFB,NSE_EQ|CAPITALSFB,NSE,EQUITY,CERTIFIED_CLEAN_886,156,2026-10-02T17:12:51.176370+05:30,2026-10-02T17:14:18.016943+05:30,2026-10-02T17:14:18.016943+05:30,2026-10-02T17:14:18.016943+05:30,DATA_FAILURE,BLOCKED,False,NONE,True,True,DATA_GATE,DATA_FAILURE_NO_PIT (PIT_INGESTION_GAP)
c6c800bcad0f4cbe9ed5c8195049c221,QUALITY_COMPOUNDER,Quality Compounder,FROZEN_V2_PROD_1.0,CAPLIPOINT,NSE_EQ|CAPLIPOINT,NSE,EQUITY,CERTIFIED_CLEAN_886,157,2026-10-02T17:12:51.176370+05:30,2026-10-02T17:14:18.286668+05:30,2026-10-02T17:14:18.286668+05:30,2026-10-02T17:14:18.286668+05:30,DATA_FAILURE,BLOCKED,False,NONE,True,True,DATA_GATE,DATA_INSUFFICIENT_VALUATION
c6c800bcad0f4cbe9ed5c8195049c221,QUALITY_COMPOUNDER,Quality Compounder,FROZEN_V2_PROD_1.0,CARERATING,NSE_EQ|CARERATING,NSE,EQUITY,CERTIFIED_CLEAN_886,158,2026-10-02T17:12:51.176370+05:30,2026-10-02T17:14:18.509668+05:30,2026-10-02T17:14:18.509668+05:30,2026-10-02T17:14:18.509668+05:30,DATA_FAILURE,BLOCKED,False,NONE,True,True,DATA_GATE,DATA_INSUFFICIENT_VALUATION
c6c800bcad0f4cbe9ed5c8195049c221,QUALITY_COMPOUNDER,Quality Compounder,FROZEN_V2_PROD_1.0,CARRARO,NSE_EQ|CARRARO,NSE,EQUITY,CERTIFIED_CLEAN_886,159,2026-10-02T17:12:51.176370+05:30,2026-10-02T17:14:18.529803+05:30,2026-10-02T17:14:18.529803+05:30,2026-10-02T17:14:18.529803+05:30,DATA_FAILURE,BLOCKED,False,NONE,True,True,DATA_GATE,DATA_INSUFFICIENT_QUALITY
c6c800bcad0f4cbe9ed5c8195049c221,QUALITY_COMPOUNDER,Quality Compounder,FROZEN_V2_PROD_1.0,CARTRADE,NSE_EQ|CARTRADE,NSE,EQUITY,CERTIFIED_CLEAN_886,160,2026-10-02T17:12:51.176370+05:30,2026-10-02T17:14:18.573136+05:30,2026-10-02T17:14:18.573136+05:30,2026-10-02T17:14:18.573136+05:30,DATA_FAILURE,BLOCKED,False,NONE,True,True,DATA_GATE,FAIL_ROCE
c6c800bcad0f4cbe9ed5c8195049c221,QUALITY_COMPOUNDER,Quality Compounder,FROZEN_V2_PROD_1.0,CARYSIL,NSE_EQ|CARYSIL,NSE,EQUITY,CERTIFIED_CLEAN_886,161,2026-10-02T17:12:51.176370+05:30,2026-10-02T17:14:18.748106+05:30,2026-10-02T17:14:18.748106+05:30,2026-10-02T17:14:18.748106+05:30,DATA_FAILURE,BLOCKED,False,NONE,True,True,DATA_GATE,DATA_INSUFFICIENT_VALUATION
c6c800bcad0f4cbe9ed5c8195049c221,QUALITY_COMPOUNDER,Quality Compounder,FROZEN_V2_PROD_1.0,CASTROLIND,NSE_EQ|CASTROLIND,NSE,EQUITY,CERTIFIED_CLEAN_886,162,2026-10-02T17:12:51.176370+05:30,2026-10-02T17:14:18.752019+05:30,2026-10-02T17:14:18.752019+05:30,2026-10-02T17:14:18.752019+05:30,DATA_FAILURE,BLOCKED,False,NONE,True,True,DATA_GATE,DATA_FAILURE_NO_PIT (PIT_INGESTION_GAP)
c6c800bcad0f4cbe9ed5c8195049c221,QUALITY_COMPOUNDER,Quality Compounder,FROZEN_V2_PROD_1.0,CCL,NSE_EQ|CCL,NSE,EQUITY,CERTIFIED_CLEAN_886,163,2026-10-02T17:12:51.176370+05:30,2026-10-02T17:14:18.771757+05:30,2026-10-02T17:14:18.771757+05:30,2026-10-02T17:14:18.771757+05:30,DATA_FAILURE,BLOCKED,False,NONE,True,True,DATA_GATE,FAIL_ROCE
c6c800bcad0f4cbe9ed5c8195049c221,QUALITY_COMPOUNDER,Quality Compounder,FROZEN_V2_PROD_1.0,CDSL,NSE_EQ|CDSL,NSE,EQUITY,CERTIFIED_CLEAN_886,164,2026-10-02T17:12:51.176370+05:30,2026-10-02T17:14:18.798830+05:30,2026-10-02T17:14:18.798830+05:30,2026-10-02T17:14:18.798830+05:30,FULLY_EVALUABLE,REJECTED,False,NONE,False,True,QUALITY_GATE,METRIC_NOT_APPLICABLE_FINANCIAL
c6c800bcad0f4cbe9ed5c8195049c221,QUALITY_COMPOUNDER,Quality Compounder,FROZEN_V2_PROD_1.0,CEATLTD,NSE_EQ|CEATLTD,NSE,EQUITY,CERTIFIED_CLEAN_886,165,2026-10-02T17:12:51.176370+05:30,2026-10-02T17:14:18.841207+05:30,2026-10-02T17:14:18.841207+05:30,2026-10-02T17:14:18.841207+05:30,DATA_FAILURE,BLOCKED,False,NONE,True,True,DATA_GATE,FAIL_ROCE
c6c800bcad0f4cbe9ed5c8195049c221,QUALITY_COMPOUNDER,Quality Compounder,FROZEN_V2_PROD_1.0,CEIGALL,NSE_EQ|CEIGALL,NSE,EQUITY,CERTIFIED_CLEAN_886,166,2026-10-02T17:12:51.176370+05:30,2026-10-02T17:14:18.858620+05:30,2026-10-02T17:14:18.858620+05:30,2026-10-02T17:14:18.858620+05:30,DATA_FAILURE,BLOCKED,False,NONE,True,True,DATA_GATE,FAIL_CFO_PAT
c6c800bcad0f4cbe9ed5c8195049c221,QUALITY_COMPOUNDER,Quality Compounder,FROZEN_V2_PROD_1.0,CEINSYS,NSE_EQ|CEINSYS,NSE,EQUITY,CERTIFIED_CLEAN_886,167,2026-10-02T17:12:51.176370+05:30,2026-10-02T17:14:18.872647+05:30,2026-10-02T17:14:18.872647+05:30,2026-10-02T17:14:18.872647+05:30,DATA_FAILURE,BLOCKED,False,NONE,True,True,DATA_GATE,FAIL_CFO_PAT
c6c800bcad0f4cbe9ed5c8195049c221,QUALITY_COMPOUNDER,Quality Compounder,FROZEN_V2_PROD_1.0,CELLO,NSE_EQ|CELLO,NSE,EQUITY,CERTIFIED_CLEAN_886,168,2026-10-02T17:12:51.176370+05:30,2026-10-02T17:14:18.893007+05:30,2026-10-02T17:14:18.893007+05:30,2026-10-02T17:14:18.893007+05:30,DATA_FAILURE,BLOCKED,False,NONE,True,True,DATA_GATE,FAIL_CFO_PAT
c6c800bcad0f4cbe9ed5c8195049c221,QUALITY_COMPOUNDER,Quality Compounder,FROZEN_V2_PROD_1.0,CEMPRO,NSE_EQ|CEMPRO,NSE,EQUITY,CERTIFIED_CLEAN_886,169,2026-10-02T17:12:51.176370+05:30,2026-10-02T17:14:19.333889+05:30,2026-10-02T17:14:19.333889+05:30,2026-10-02T17:14:19.333889+05:30,DATA_FAILURE,BLOCKED,False,NONE,True,True,DATA_GATE,DATA_INSUFFICIENT_VALUATION
c6c800bcad0f4cbe9ed5c8195049c221,QUALITY_COMPOUNDER,Quality Compounder,FROZEN_V2_PROD_1.0,CENTURYPLY,NSE_EQ|CENTURYPLY,NSE,EQUITY,CERTIFIED_CLEAN_886,170,2026-10-02T17:12:51.176370+05:30,2026-10-02T17:14:21.086974+05:30,2026-10-02T17:14:21.086974+05:30,2026-10-02T17:14:21.086974+05:30,DATA_FAILURE,BLOCKED,False,NONE,True,True,DATA_GATE,FAIL_PAT_CAGR
c6c800bcad0f4cbe9ed5c8195049c221,QUALITY_COMPOUNDER,Quality Compounder,FROZEN_V2_PROD_1.0,CERA,NSE_EQ|CERA,NSE,EQUITY,CERTIFIED_CLEAN_886,171,2026-10-02T17:12:51.176370+05:30,2026-10-02T17:14:21.127646+05:30,2026-10-02T17:14:21.127646+05:30,2026-10-02T17:14:21.127646+05:30,DATA_FAILURE,BLOCKED,False,NONE,True,True,DATA_GATE,DATA_INSUFFICIENT_QUALITY
c6c800bcad0f4cbe9ed5c8195049c221,QUALITY_COMPOUNDER,Quality Compounder,FROZEN_V2_PROD_1.0,CESC,NSE_EQ|CESC,NSE,EQUITY,CERTIFIED_CLEAN_886,172,2026-10-02T17:12:51.176370+05:30,2026-10-02T17:14:21.164353+05:30,2026-10-02T17:14:21.164353+05:30,2026-10-02T17:14:21.164353+05:30,DATA_FAILURE,BLOCKED,False,NONE,True,True,DATA_GATE,FAIL_ROCE
c6c800bcad0f4cbe9ed5c8195049c221,QUALITY_COMPOUNDER,Quality Compounder,FROZEN_V2_PROD_1.0,CGCL,NSE_EQ|CGCL,NSE,EQUITY,CERTIFIED_CLEAN_886,173,2026-10-02T17:12:51.176370+05:30,2026-10-02T17:14:21.186315+05:30,2026-10-02T17:14:21.186315+05:30,2026-10-02T17:14:21.186315+05:30,FULLY_EVALUABLE,REJECTED,False,NONE,False,True,QUALITY_GATE,METRIC_NOT_APPLICABLE_FINANCIAL
c6c800bcad0f4cbe9ed5c8195049c221,QUALITY_COMPOUNDER,Quality Compounder,FROZEN_V2_PROD_1.0,CGPOWER,NSE_EQ|CGPOWER,NSE,EQUITY,CERTIFIED_CLEAN_886,174,2026-10-02T17:12:51.176370+05:30,2026-10-02T17:14:21.220549+05:30,2026-10-02T17:14:21.220549+05:30,2026-10-02T17:14:21.220549+05:30,DATA_FAILURE,BLOCKED,False,NONE,True,True,DATA_GATE,FAIL_PAT_CAGR
c6c800bcad0f4cbe9ed5c8195049c221,QUALITY_COMPOUNDER,Quality Compounder,FROZEN_V2_PROD_1.0,CHALET,NSE_EQ|CHALET,NSE,EQUITY,CERTIFIED_CLEAN_886,175,2026-10-02T17:12:51.176370+05:30,2026-10-02T17:14:21.245992+05:30,2026-10-02T17:14:21.245992+05:30,2026-10-02T17:14:21.245992+05:30,DATA_FAILURE,BLOCKED,False,NONE,True,True,DATA_GATE,DATA_INSUFFICIENT_QUALITY
c6c800bcad0f4cbe9ed5c8195049c221,QUALITY_COMPOUNDER,Quality Compounder,FROZEN_V2_PROD_1.0,CHAMBLFERT,NSE_EQ|CHAMBLFERT,NSE,EQUITY,CERTIFIED_CLEAN_886,176,2026-10-02T17:12:51.176370+05:30,2026-10-02T17:14:21.269103+05:30,2026-10-02T17:14:21.269103+05:30,2026-10-02T17:14:21.269103+05:30,DATA_FAILURE,BLOCKED,False,NONE,True,True,DATA_GATE,FAIL_PAT_CAGR
c6c800bcad0f4cbe9ed5c8195049c221,QUALITY_COMPOUNDER,Quality Compounder,FROZEN_V2_PROD_1.0,CHENNPETRO,NSE_EQ|CHENNPETRO,NSE,EQUITY,CERTIFIED_CLEAN_886,177,2026-10-02T17:12:51.176370+05:30,2026-10-02T17:14:21.746960+05:30,2026-10-02T17:14:21.746960+05:30,2026-10-02T17:14:21.746960+05:30,DATA_FAILURE,BLOCKED,False,NONE,True,True,DATA_GATE,DATA_INSUFFICIENT_VALUATION
c6c800bcad0f4cbe9ed5c8195049c221,QUALITY_COMPOUNDER,Quality Compounder,FROZEN_V2_PROD_1.0,CHOICEIN,NSE_EQ|CHOICEIN,NSE,EQUITY,CERTIFIED_CLEAN_886,178,2026-10-02T17:12:51.176370+05:30,2026-10-02T17:14:21.766261+05:30,2026-10-02T17:14:21.766261+05:30,2026-10-02T17:14:21.766261+05:30,FULLY_EVALUABLE,REJECTED,False,NONE,False,True,QUALITY_GATE,METRIC_NOT_APPLICABLE_FINANCIAL
c6c800bcad0f4cbe9ed5c8195049c221,QUALITY_COMPOUNDER,Quality Compounder,FROZEN_V2_PROD_1.0,CHOLAFIN,NSE_EQ|CHOLAFIN,NSE,EQUITY,CERTIFIED_CLEAN_886,179,2026-10-02T17:12:51.176370+05:30,2026-10-02T17:14:21.823981+05:30,2026-10-02T17:14:21.823981+05:30,2026-10-02T17:14:21.823981+05:30,FULLY_EVALUABLE,REJECTED,False,NONE,False,True,QUALITY_GATE,METRIC_NOT_APPLICABLE_FINANCIAL
c6c800bcad0f4cbe9ed5c8195049c221,QUALITY_COMPOUNDER,Quality Compounder,FROZEN_V2_PROD_1.0,CHOLAHLDNG,NSE_EQ|CHOLAHLDNG,NSE,EQUITY,CERTIFIED_CLEAN_886,180,2026-10-02T17:12:51.176370+05:30,2026-10-02T17:14:21.868732+05:30,2026-10-02T17:14:21.868732+05:30,2026-10-02T17:14:21.868732+05:30,FULLY_EVALUABLE,REJECTED,False,NONE,False,True,QUALITY_GATE,METRIC_NOT_APPLICABLE_FINANCIAL
c6c800bcad0f4cbe9ed5c8195049c221,QUALITY_COMPOUNDER,Quality Compounder,FROZEN_V2_PROD_1.0,CIEINDIA,NSE_EQ|CIEINDIA,NSE,EQUITY,CERTIFIED_CLEAN_886,181,2026-10-02T17:12:51.176370+05:30,2026-10-02T17:14:21.896932+05:30,2026-10-02T17:14:21.896932+05:30,2026-10-02T17:14:21.896932+05:30,DATA_FAILURE,BLOCKED,False,NONE,True,True,DATA_GATE,FAIL_SALES_CAGR
c6c800bcad0f4cbe9ed5c8195049c221,QUALITY_COMPOUNDER,Quality Compounder,FROZEN_V2_PROD_1.0,CIPLA,NSE_EQ|CIPLA,NSE,EQUITY,CERTIFIED_CLEAN_886,182,2026-10-02T17:12:51.176370+05:30,2026-10-02T17:14:21.921022+05:30,2026-10-02T17:14:21.921022+05:30,2026-10-02T17:14:21.921022+05:30,DATA_FAILURE,BLOCKED,False,NONE,True,True,DATA_GATE,FAIL_SALES_CAGR
c6c800bcad0f4cbe9ed5c8195049c221,QUALITY_COMPOUNDER,Quality Compounder,FROZEN_V2_PROD_1.0,CLEAN,NSE_EQ|CLEAN,NSE,EQUITY,CERTIFIED_CLEAN_886,183,2026-10-02T17:12:51.176370+05:30,2026-10-02T17:14:21.944736+05:30,2026-10-02T17:14:21.944736+05:30,2026-10-02T17:14:21.944736+05:30,DATA_FAILURE,BLOCKED,False,NONE,True,True,DATA_GATE,FAIL_PAT_CAGR
c6c800bcad0f4cbe9ed5c8195049c221,QUALITY_COMPOUNDER,Quality Compounder,FROZEN_V2_PROD_1.0,CLSEL,NSE_EQ|CLSEL,NSE,EQUITY,CERTIFIED_CLEAN_886,184,2026-10-02T17:12:51.176370+05:30,2026-10-02T17:14:21.948729+05:30,2026-10-02T17:14:21.948729+05:30,2026-10-02T17:14:21.948729+05:30,DATA_FAILURE,BLOCKED,False,NONE,True,True,DATA_GATE,DATA_FAILURE_NO_PIT (PIT_INGESTION_GAP)
c6c800bcad0f4cbe9ed5c8195049c221,QUALITY_COMPOUNDER,Quality Compounder,FROZEN_V2_PROD_1.0,CMSINFO,NSE_EQ|CMSINFO,NSE,EQUITY,CERTIFIED_CLEAN_886,185,2026-10-02T17:12:51.176370+05:30,2026-10-02T17:14:22.382107+05:30,2026-10-02T17:14:22.382107+05:30,2026-10-02T17:14:22.382107+05:30,DATA_FAILURE,BLOCKED,False,NONE,True,True,DATA_GATE,DATA_INSUFFICIENT_VALUATION
c6c800bcad0f4cbe9ed5c8195049c221,QUALITY_COMPOUNDER,Quality Compounder,FROZEN_V2_PROD_1.0,COALINDIA,NSE_EQ|COALINDIA,NSE,EQUITY,CERTIFIED_CLEAN_886,186,2026-10-02T17:12:51.176370+05:30,2026-10-02T17:14:22.499966+05:30,2026-10-02T17:14:22.499966+05:30,2026-10-02T17:14:22.499966+05:30,DATA_FAILURE,BLOCKED,False,NONE,True,True,DATA_GATE,DATA_INSUFFICIENT_VALUATION
c6c800bcad0f4cbe9ed5c8195049c221,QUALITY_COMPOUNDER,Quality Compounder,FROZEN_V2_PROD_1.0,COCHINSHIP,NSE_EQ|COCHINSHIP,NSE,EQUITY,CERTIFIED_CLEAN_886,187,2026-10-02T17:12:51.176370+05:30,2026-10-02T17:14:22.521224+05:30,2026-10-02T17:14:22.521224+05:30,2026-10-02T17:14:22.521224+05:30,DATA_FAILURE,BLOCKED,False,NONE,True,True,DATA_GATE,FAIL_PAT_CAGR
c6c800bcad0f4cbe9ed5c8195049c221,QUALITY_COMPOUNDER,Quality Compounder,FROZEN_V2_PROD_1.0,COFORGE,NSE_EQ|COFORGE,NSE,EQUITY,CERTIFIED_CLEAN_886,188,2026-10-02T17:12:51.176370+05:30,2026-10-02T17:14:22.834373+05:30,2026-10-02T17:14:22.834373+05:30,2026-10-02T17:14:22.834373+05:30,DATA_FAILURE,BLOCKED,False,NONE,True,True,DATA_GATE,DATA_INSUFFICIENT_VALUATION
c6c800bcad0f4cbe9ed5c8195049c221,QUALITY_COMPOUNDER,Quality Compounder,FROZEN_V2_PROD_1.0,COLPAL,NSE_EQ|COLPAL,NSE,EQUITY,CERTIFIED_CLEAN_886,189,2026-10-02T17:12:51.176370+05:30,2026-10-02T17:14:22.881404+05:30,2026-10-02T17:14:22.881404+05:30,2026-10-02T17:14:22.881404+05:30,DATA_FAILURE,BLOCKED,False,NONE,True,True,DATA_GATE,DATA_INSUFFICIENT_QUALITY
c6c800bcad0f4cbe9ed5c8195049c221,QUALITY_COMPOUNDER,Quality Compounder,FROZEN_V2_PROD_1.0,CONCOR,NSE_EQ|CONCOR,NSE,EQUITY,CERTIFIED_CLEAN_886,190,2026-10-02T17:12:51.176370+05:30,2026-10-02T17:14:23.150282+05:30,2026-10-02T17:14:23.150282+05:30,2026-10-02T17:14:23.150282+05:30,DATA_FAILURE,BLOCKED,False,NONE,True,True,DATA_GATE,FAIL_ROCE
c6c800bcad0f4cbe9ed5c8195049c221,QUALITY_COMPOUNDER,Quality Compounder,FROZEN_V2_PROD_1.0,CONCORDBIO,NSE_EQ|CONCORDBIO,NSE,EQUITY,CERTIFIED_CLEAN_886,191,2026-10-02T17:12:51.176370+05:30,2026-10-02T17:14:23.161315+05:30,2026-10-02T17:14:23.161315+05:30,2026-10-02T17:14:23.161315+05:30,DATA_FAILURE,BLOCKED,False,NONE,True,True,DATA_GATE,FAIL_PAT_CAGR
c6c800bcad0f4cbe9ed5c8195049c221,QUALITY_COMPOUNDER,Quality Compounder,FROZEN_V2_PROD_1.0,COROMANDEL,NSE_EQ|COROMANDEL,NSE,EQUITY,CERTIFIED_CLEAN_886,192,2026-10-02T17:12:51.176370+05:30,2026-10-02T17:14:23.530746+05:30,2026-10-02T17:14:23.530746+05:30,2026-10-02T17:14:23.530746+05:30,DATA_FAILURE,BLOCKED,False,NONE,True,True,DATA_GATE,FAIL_PAT_CAGR
c6c800bcad0f4cbe9ed5c8195049c221,QUALITY_COMPOUNDER,Quality Compounder,FROZEN_V2_PROD_1.0,COSMOFIRST,NSE_EQ|COSMOFIRST,NSE,EQUITY,CERTIFIED_CLEAN_886,193,2026-10-02T17:12:51.176370+05:30,2026-10-02T17:14:23.571708+05:30,2026-10-02T17:14:23.571708+05:30,2026-10-02T17:14:23.571708+05:30,DATA_FAILURE,BLOCKED,False,NONE,True,True,DATA_GATE,FAIL_SALES_CAGR
c6c800bcad0f4cbe9ed5c8195049c221,QUALITY_COMPOUNDER,Quality Compounder,FROZEN_V2_PROD_1.0,CPPLUS,NSE_EQ|CPPLUS,NSE,EQUITY,CERTIFIED_CLEAN_886,194,2026-10-02T17:12:51.176370+05:30,2026-10-02T17:14:23.590523+05:30,2026-10-02T17:14:23.590523+05:30,2026-10-02T17:14:23.590523+05:30,DATA_FAILURE,BLOCKED,False,NONE,True,True,DATA_GATE,FAIL_CFO_PAT
c6c800bcad0f4cbe9ed5c8195049c221,QUALITY_COMPOUNDER,Quality Compounder,FROZEN_V2_PROD_1.0,CRAFTSMAN,NSE_EQ|CRAFTSMAN,NSE,EQUITY,CERTIFIED_CLEAN_886,195,2026-10-02T17:12:51.176370+05:30,2026-10-02T17:14:23.605584+05:30,2026-10-02T17:14:23.605584+05:30,2026-10-02T17:14:23.605584+05:30,DATA_FAILURE,BLOCKED,False,NONE,True,True,DATA_GATE,FAIL_DEBT
c6c800bcad0f4cbe9ed5c8195049c221,QUALITY_COMPOUNDER,Quality Compounder,FROZEN_V2_PROD_1.0,CREDITACC,NSE_EQ|CREDITACC,NSE,EQUITY,CERTIFIED_CLEAN_886,196,2026-10-02T17:12:51.176370+05:30,2026-10-02T17:14:23.620666+05:30,2026-10-02T17:14:23.620666+05:30,2026-10-02T17:14:23.620666+05:30,FULLY_EVALUABLE,REJECTED,False,NONE,False,True,QUALITY_GATE,METRIC_NOT_APPLICABLE_FINANCIAL
c6c800bcad0f4cbe9ed5c8195049c221,QUALITY_COMPOUNDER,Quality Compounder,FROZEN_V2_PROD_1.0,CRISIL,NSE_EQ|CRISIL,NSE,EQUITY,CERTIFIED_CLEAN_886,197,2026-10-02T17:12:51.176370+05:30,2026-10-02T17:14:23.973730+05:30,2026-10-02T17:14:23.973730+05:30,2026-10-02T17:14:23.973730+05:30,DATA_FAILURE,BLOCKED,False,NONE,True,True,DATA_GATE,DATA_INSUFFICIENT_VALUATION
c6c800bcad0f4cbe9ed5c8195049c221,QUALITY_COMPOUNDER,Quality Compounder,FROZEN_V2_PROD_1.0,CSBBANK,NSE_EQ|CSBBANK,NSE,EQUITY,CERTIFIED_CLEAN_886,198,2026-10-02T17:12:51.176370+05:30,2026-10-02T17:14:24.116989+05:30,2026-10-02T17:14:24.116989+05:30,2026-10-02T17:14:24.116989+05:30,DATA_FAILURE,BLOCKED,False,NONE,True,True,DATA_GATE,DATA_FAILURE_NO_PIT (PIT_INGESTION_GAP)
c6c800bcad0f4cbe9ed5c8195049c221,QUALITY_COMPOUNDER,Quality Compounder,FROZEN_V2_PROD_1.0,CUB,NSE_EQ|CUB,NSE,EQUITY,CERTIFIED_CLEAN_886,199,2026-10-02T17:12:51.176370+05:30,2026-10-02T17:14:24.174311+05:30,2026-10-02T17:14:24.174311+05:30,2026-10-02T17:14:24.174311+05:30,DATA_FAILURE,BLOCKED,False,NONE,True,True,DATA_GATE,DATA_FAILURE_NO_PIT (PIT_INGESTION_GAP)
c6c800bcad0f4cbe9ed5c8195049c221,QUALITY_COMPOUNDER,Quality Compounder,FROZEN_V2_PROD_1.0,CUMMINSIND,NSE_EQ|CUMMINSIND,NSE,EQUITY,CERTIFIED_CLEAN_886,200,2026-10-02T17:12:51.176370+05:30,2026-10-02T17:14:24.216278+05:30,2026-10-02T17:14:24.216278+05:30,2026-10-02T17:14:24.216278+05:30,DATA_FAILURE,BLOCKED,False,NONE,True,True,DATA_GATE,FAIL_CFO_PAT
c6c800bcad0f4cbe9ed5c8195049c221,QUALITY_COMPOUNDER,Quality Compounder,FROZEN_V2_PROD_1.0,CUPID,NSE_EQ|CUPID,NSE,EQUITY,CERTIFIED_CLEAN_886,201,2026-10-02T17:12:51.176370+05:30,2026-10-02T17:14:24.448724+05:30,2026-10-02T17:14:24.448724+05:30,2026-10-02T17:14:24.448724+05:30,DATA_FAILURE,BLOCKED,False,NONE,True,True,DATA_GATE,DATA_INSUFFICIENT_QUALITY
c6c800bcad0f4cbe9ed5c8195049c221,QUALITY_COMPOUNDER,Quality Compounder,FROZEN_V2_PROD_1.0,DABUR,NSE_EQ|DABUR,NSE,EQUITY,CERTIFIED_CLEAN_886,202,2026-10-02T17:12:51.176370+05:30,2026-10-02T17:14:24.480993+05:30,2026-10-02T17:14:24.480993+05:30,2026-10-02T17:14:24.480993+05:30,DATA_FAILURE,BLOCKED,False,NONE,True,True,DATA_GATE,FAIL_SALES_CAGR
c6c800bcad0f4cbe9ed5c8195049c221,QUALITY_COMPOUNDER,Quality Compounder,FROZEN_V2_PROD_1.0,DAMCAPITAL,NSE_EQ|DAMCAPITAL,NSE,EQUITY,CERTIFIED_CLEAN_886,203,2026-10-02T17:12:51.176370+05:30,2026-10-02T17:14:24.501659+05:30,2026-10-02T17:14:24.501659+05:30,2026-10-02T17:14:24.501659+05:30,DATA_FAILURE,BLOCKED,False,NONE,True,True,DATA_GATE,DATA_INSUFFICIENT_QUALITY
c6c800bcad0f4cbe9ed5c8195049c221,QUALITY_COMPOUNDER,Quality Compounder,FROZEN_V2_PROD_1.0,DANISH,NSE_EQ|DANISH,NSE,EQUITY,CERTIFIED_CLEAN_886,204,2026-10-02T17:12:51.176370+05:30,2026-10-02T17:14:24.519592+05:30,2026-10-02T17:14:24.519592+05:30,2026-10-02T17:14:24.519592+05:30,STRUCTURAL_INELIGIBLE,BLOCKED,False,NONE,True,True,DATA_GATE,DATA_INSUFFICIENT_QUALITY
c6c800bcad0f4cbe9ed5c8195049c221,QUALITY_COMPOUNDER,Quality Compounder,FROZEN_V2_PROD_1.0,DATAMATICS,NSE_EQ|DATAMATICS,NSE,EQUITY,CERTIFIED_CLEAN_886,205,2026-10-02T17:12:51.176370+05:30,2026-10-02T17:14:26.259503+05:30,2026-10-02T17:14:26.259503+05:30,2026-10-02T17:14:26.259503+05:30,DATA_FAILURE,BLOCKED,False,NONE,True,True,DATA_GATE,DATA_INSUFFICIENT_VALUATION
c6c800bcad0f4cbe9ed5c8195049c221,QUALITY_COMPOUNDER,Quality Compounder,FROZEN_V2_PROD_1.0,DATAPATTNS,NSE_EQ|DATAPATTNS,NSE,EQUITY,CERTIFIED_CLEAN_886,206,2026-10-02T17:12:51.176370+05:30,2026-10-02T17:14:26.319370+05:30,2026-10-02T17:14:26.319370+05:30,2026-10-02T17:14:26.319370+05:30,DATA_FAILURE,BLOCKED,False,NONE,True,True,DATA_GATE,DATA_FAILURE_NO_PIT (PIT_INGESTION_GAP)
c6c800bcad0f4cbe9ed5c8195049c221,QUALITY_COMPOUNDER,Quality Compounder,FROZEN_V2_PROD_1.0,DBCORP,NSE_EQ|DBCORP,NSE,EQUITY,CERTIFIED_CLEAN_886,207,2026-10-02T17:12:51.176370+05:30,2026-10-02T17:14:26.363919+05:30,2026-10-02T17:14:26.363919+05:30,2026-10-02T17:14:26.363919+05:30,DATA_FAILURE,BLOCKED,False,NONE,True,True,DATA_GATE,FAIL_SALES_CAGR
c6c800bcad0f4cbe9ed5c8195049c221,QUALITY_COMPOUNDER,Quality Compounder,FROZEN_V2_PROD_1.0,DBL,NSE_EQ|DBL,NSE,EQUITY,CERTIFIED_CLEAN_886,208,2026-10-02T17:12:51.176370+05:30,2026-10-02T17:14:26.402932+05:30,2026-10-02T17:14:26.402932+05:30,2026-10-02T17:14:26.402932+05:30,DATA_FAILURE,BLOCKED,False,NONE,True,True,DATA_GATE,FAIL_ROCE
c6c800bcad0f4cbe9ed5c8195049c221,QUALITY_COMPOUNDER,Quality Compounder,FROZEN_V2_PROD_1.0,DCBBANK,NSE_EQ|DCBBANK,NSE,EQUITY,CERTIFIED_CLEAN_886,209,2026-10-02T17:12:51.176370+05:30,2026-10-02T17:14:26.542069+05:30,2026-10-02T17:14:26.542069+05:30,2026-10-02T17:14:26.542069+05:30,DATA_FAILURE,BLOCKED,False,NONE,True,True,DATA_GATE,DATA_FAILURE_NO_PIT (PIT_INGESTION_GAP)
c6c800bcad0f4cbe9ed5c8195049c221,QUALITY_COMPOUNDER,Quality Compounder,FROZEN_V2_PROD_1.0,DCMSHRIRAM,NSE_EQ|DCMSHRIRAM,NSE,EQUITY,CERTIFIED_CLEAN_886,210,2026-10-02T17:12:51.176370+05:30,2026-10-02T17:14:26.636339+05:30,2026-10-02T17:14:26.636339+05:30,2026-10-02T17:14:26.636339+05:30,DATA_FAILURE,BLOCKED,False,NONE,True,True,DATA_GATE,FAIL_PAT_CAGR
c6c800bcad0f4cbe9ed5c8195049c221,QUALITY_COMPOUNDER,Quality Compounder,FROZEN_V2_PROD_1.0,DDEVPLSTIK,NSE_EQ|DDEVPLSTIK,NSE,EQUITY,CERTIFIED_CLEAN_886,211,2026-10-02T17:12:51.176370+05:30,2026-10-02T17:14:26.641102+05:30,2026-10-02T17:14:26.641102+05:30,2026-10-02T17:14:26.641102+05:30,DATA_FAILURE,BLOCKED,False,NONE,True,True,DATA_GATE,DATA_FAILURE_NO_PIT (PIT_INGESTION_GAP)
c6c800bcad0f4cbe9ed5c8195049c221,QUALITY_COMPOUNDER,Quality Compounder,FROZEN_V2_PROD_1.0,DEEDEV,NSE_EQ|DEEDEV,NSE,EQUITY,CERTIFIED_CLEAN_886,212,2026-10-02T17:12:51.176370+05:30,2026-10-02T17:14:26.926618+05:30,2026-10-02T17:14:26.926618+05:30,2026-10-02T17:14:26.926618+05:30,DATA_FAILURE,BLOCKED,False,NONE,True,True,DATA_GATE,FAIL_ROCE
c6c800bcad0f4cbe9ed5c8195049c221,QUALITY_COMPOUNDER,Quality Compounder,FROZEN_V2_PROD_1.0,DEEPAKFERT,NSE_EQ|DEEPAKFERT,NSE,EQUITY,CERTIFIED_CLEAN_886,213,2026-10-02T17:12:51.176370+05:30,2026-10-02T17:14:26.984882+05:30,2026-10-02T17:14:26.984882+05:30,2026-10-02T17:14:26.984882+05:30,DATA_FAILURE,BLOCKED,False,NONE,True,True,DATA_GATE,FAIL_DEBT
c6c800bcad0f4cbe9ed5c8195049c221,QUALITY_COMPOUNDER,Quality Compounder,FROZEN_V2_PROD_1.0,DEEPAKNTR,NSE_EQ|DEEPAKNTR,NSE,EQUITY,CERTIFIED_CLEAN_886,214,2026-10-02T17:12:51.176370+05:30,2026-10-02T17:14:27.058050+05:30,2026-10-02T17:14:27.058050+05:30,2026-10-02T17:14:27.058050+05:30,DATA_FAILURE,BLOCKED,False,NONE,True,True,DATA_GATE,FAIL_PAT_CAGR
c6c800bcad0f4cbe9ed5c8195049c221,QUALITY_COMPOUNDER,Quality Compounder,FROZEN_V2_PROD_1.0,DEEPINDS,NSE_EQ|DEEPINDS,NSE,EQUITY,CERTIFIED_CLEAN_886,215,2026-10-02T17:12:51.176370+05:30,2026-10-02T17:14:27.077286+05:30,2026-10-02T17:14:27.077286+05:30,2026-10-02T17:14:27.077286+05:30,DATA_FAILURE,BLOCKED,False,NONE,True,True,DATA_GATE,FAIL_ROCE
c6c800bcad0f4cbe9ed5c8195049c221,QUALITY_COMPOUNDER,Quality Compounder,FROZEN_V2_PROD_1.0,DHANUKA,NSE_EQ|DHANUKA,NSE,EQUITY,CERTIFIED_CLEAN_886,216,2026-10-02T17:12:51.176370+05:30,2026-10-02T17:14:27.108221+05:30,2026-10-02T17:14:27.108221+05:30,2026-10-02T17:14:27.108221+05:30,DATA_FAILURE,BLOCKED,False,NONE,True,True,DATA_GATE,DATA_INSUFFICIENT_QUALITY
c6c800bcad0f4cbe9ed5c8195049c221,QUALITY_COMPOUNDER,Quality Compounder,FROZEN_V2_PROD_1.0,DIFFNKG,NSE_EQ|DIFFNKG,NSE,EQUITY,CERTIFIED_CLEAN_886,217,2026-10-02T17:12:51.176370+05:30,2026-10-02T17:14:27.136362+05:30,2026-10-02T17:14:27.136362+05:30,2026-10-02T17:14:27.136362+05:30,DATA_FAILURE,BLOCKED,False,NONE,True,True,DATA_GATE,FAIL_CFO_PAT
c6c800bcad0f4cbe9ed5c8195049c221,QUALITY_COMPOUNDER,Quality Compounder,FROZEN_V2_PROD_1.0,DISAQ,NSE_EQ|DISAQ,NSE,EQUITY,CERTIFIED_CLEAN_886,218,2026-10-02T17:12:51.176370+05:30,2026-10-02T17:14:27.340983+05:30,2026-10-02T17:14:27.340983+05:30,2026-10-02T17:14:27.340983+05:30,DATA_FAILURE,BLOCKED,False,NONE,True,True,DATA_GATE,FAIL_LIQUIDITY
c6c800bcad0f4cbe9ed5c8195049c221,QUALITY_COMPOUNDER,Quality Compounder,FROZEN_V2_PROD_1.0,DIVISLAB,NSE_EQ|DIVISLAB,NSE,EQUITY,CERTIFIED_CLEAN_886,219,2026-10-02T17:12:51.176370+05:30,2026-10-02T17:14:27.553312+05:30,2026-10-02T17:14:27.553312+05:30,2026-10-02T17:14:27.553312+05:30,DATA_FAILURE,BLOCKED,False,NONE,True,True,DATA_GATE,FAIL_SALES_CAGR
c6c800bcad0f4cbe9ed5c8195049c221,QUALITY_COMPOUNDER,Quality Compounder,FROZEN_V2_PROD_1.0,DIXON,NSE_EQ|DIXON,NSE,EQUITY,CERTIFIED_CLEAN_886,220,2026-10-02T17:12:51.176370+05:30,2026-10-02T17:14:28.751665+05:30,2026-10-02T17:14:28.751665+05:30,2026-10-02T17:14:28.751665+05:30,DATA_FAILURE,BLOCKED,False,NONE,True,True,DATA_GATE,DATA_INSUFFICIENT_VALUATION
c6c800bcad0f4cbe9ed5c8195049c221,QUALITY_COMPOUNDER,Quality Compounder,FROZEN_V2_PROD_1.0,DLF,NSE_EQ|DLF,NSE,EQUITY,CERTIFIED_CLEAN_886,221,2026-10-02T17:12:51.176370+05:30,2026-10-02T17:14:28.768845+05:30,2026-10-02T17:14:28.768845+05:30,2026-10-02T17:14:28.768845+05:30,DATA_FAILURE,BLOCKED,False,NONE,True,True,DATA_GATE,FAIL_ROCE
c6c800bcad0f4cbe9ed5c8195049c221,QUALITY_COMPOUNDER,Quality Compounder,FROZEN_V2_PROD_1.0,DLINKINDIA,NSE_EQ|DLINKINDIA,NSE,EQUITY,CERTIFIED_CLEAN_886,222,2026-10-02T17:12:51.176370+05:30,2026-10-02T17:14:29.151200+05:30,2026-10-02T17:14:29.151200+05:30,2026-10-02T17:14:29.151200+05:30,DATA_FAILURE,BLOCKED,False,NONE,True,True,DATA_GATE,FAIL_CFO_PAT
c6c800bcad0f4cbe9ed5c8195049c221,QUALITY_COMPOUNDER,Quality Compounder,FROZEN_V2_PROD_1.0,DMART,NSE_EQ|DMART,NSE,EQUITY,CERTIFIED_CLEAN_886,223,2026-10-02T17:12:51.176370+05:30,2026-10-02T17:14:29.693520+05:30,2026-10-02T17:14:29.693520+05:30,2026-10-02T17:14:29.693520+05:30,DATA_FAILURE,BLOCKED,False,NONE,True,True,DATA_GATE,DATA_INSUFFICIENT_VALUATION
c6c800bcad0f4cbe9ed5c8195049c221,QUALITY_COMPOUNDER,Quality Compounder,FROZEN_V2_PROD_1.0,DODLA,NSE_EQ|DODLA,NSE,EQUITY,CERTIFIED_CLEAN_886,224,2026-10-02T17:12:51.176370+05:30,2026-10-02T17:14:30.119667+05:30,2026-10-02T17:14:30.119667+05:30,2026-10-02T17:14:30.119667+05:30,DATA_FAILURE,BLOCKED,False,NONE,True,True,DATA_GATE,DATA_INSUFFICIENT_VALUATION
c6c800bcad0f4cbe9ed5c8195049c221,QUALITY_COMPOUNDER,Quality Compounder,FROZEN_V2_PROD_1.0,DOLLAR,NSE_EQ|DOLLAR,NSE,EQUITY,CERTIFIED_CLEAN_886,225,2026-10-02T17:12:51.176370+05:30,2026-10-02T17:14:30.162494+05:30,2026-10-02T17:14:30.162494+05:30,2026-10-02T17:14:30.162494+05:30,DATA_FAILURE,BLOCKED,False,NONE,True,True,DATA_GATE,FAIL_PAT_CAGR
c6c800bcad0f4cbe9ed5c8195049c221,QUALITY_COMPOUNDER,Quality Compounder,FROZEN_V2_PROD_1.0,DOLPHIN,NSE_EQ|DOLPHIN,NSE,EQUITY,CERTIFIED_CLEAN_886,226,2026-10-02T17:12:51.176370+05:30,2026-10-02T17:14:31.329710+05:30,2026-10-02T17:14:31.329710+05:30,2026-10-02T17:14:31.329710+05:30,DATA_FAILURE,BLOCKED,False,NONE,True,True,DATA_GATE,DATA_INSUFFICIENT_QUALITY
c6c800bcad0f4cbe9ed5c8195049c221,QUALITY_COMPOUNDER,Quality Compounder,FROZEN_V2_PROD_1.0,DOMS,NSE_EQ|DOMS,NSE,EQUITY,CERTIFIED_CLEAN_886,227,2026-10-02T17:12:51.176370+05:30,2026-10-02T17:14:31.348305+05:30,2026-10-02T17:14:31.348305+05:30,2026-10-02T17:14:31.348305+05:30,DATA_FAILURE,BLOCKED,False,NONE,True,True,DATA_GATE,DATA_INSUFFICIENT_QUALITY
c6c800bcad0f4cbe9ed5c8195049c221,QUALITY_COMPOUNDER,Quality Compounder,FROZEN_V2_PROD_1.0,DPABHUSHAN,NSE_EQ|DPABHUSHAN,NSE,EQUITY,CERTIFIED_CLEAN_886,228,2026-10-02T17:12:51.176370+05:30,2026-10-02T17:14:31.374729+05:30,2026-10-02T17:14:31.374729+05:30,2026-10-02T17:14:31.374729+05:30,DATA_FAILURE,BLOCKED,False,NONE,True,True,DATA_GATE,DATA_INSUFFICIENT_QUALITY
c6c800bcad0f4cbe9ed5c8195049c221,QUALITY_COMPOUNDER,Quality Compounder,FROZEN_V2_PROD_1.0,DPEL,NSE_EQ|DPEL,NSE,EQUITY,CERTIFIED_CLEAN_886,229,2026-10-02T17:12:51.176370+05:30,2026-10-02T17:14:31.393855+05:30,2026-10-02T17:14:31.393855+05:30,2026-10-02T17:14:31.393855+05:30,STRUCTURAL_INELIGIBLE,BLOCKED,False,NONE,True,True,DATA_GATE,DATA_INSUFFICIENT_QUALITY
c6c800bcad0f4cbe9ed5c8195049c221,QUALITY_COMPOUNDER,Quality Compounder,FROZEN_V2_PROD_1.0,DRREDDY,NSE_EQ|DRREDDY,NSE,EQUITY,CERTIFIED_CLEAN_886,230,2026-10-02T17:12:51.176370+05:30,2026-10-02T17:14:31.799983+05:30,2026-10-02T17:14:31.799983+05:30,2026-10-02T17:14:31.799983+05:30,DATA_FAILURE,BLOCKED,False,NONE,True,True,DATA_GATE,DATA_INSUFFICIENT_VALUATION
c6c800bcad0f4cbe9ed5c8195049c221,QUALITY_COMPOUNDER,Quality Compounder,FROZEN_V2_PROD_1.0,DSSL,NSE_EQ|DSSL,NSE,EQUITY,CERTIFIED_CLEAN_886,231,2026-10-02T17:12:51.176370+05:30,2026-10-02T17:14:31.818177+05:30,2026-10-02T17:14:31.818177+05:30,2026-10-02T17:14:31.818177+05:30,DATA_FAILURE,BLOCKED,False,NONE,True,True,DATA_GATE,FAIL_CFO_PAT
c6c800bcad0f4cbe9ed5c8195049c221,QUALITY_COMPOUNDER,Quality Compounder,FROZEN_V2_PROD_1.0,DYCL,NSE_EQ|DYCL,NSE,EQUITY,CERTIFIED_CLEAN_886,232,2026-10-02T17:12:51.176370+05:30,2026-10-02T17:14:31.823421+05:30,2026-10-02T17:14:31.823421+05:30,2026-10-02T17:14:31.823421+05:30,DATA_FAILURE,BLOCKED,False,NONE,True,True,DATA_GATE,DATA_FAILURE_NO_PIT (PIT_INGESTION_GAP)
c6c800bcad0f4cbe9ed5c8195049c221,QUALITY_COMPOUNDER,Quality Compounder,FROZEN_V2_PROD_1.0,EBGNG,NSE_EQ|EBGNG,NSE,EQUITY,CERTIFIED_CLEAN_886,233,2026-10-02T17:12:51.176370+05:30,2026-10-02T17:14:31.843455+05:30,2026-10-02T17:14:31.843455+05:30,2026-10-02T17:14:31.843455+05:30,DATA_FAILURE,BLOCKED,False,NONE,True,True,DATA_GATE,FAIL_CFO_PAT
c6c800bcad0f4cbe9ed5c8195049c221,QUALITY_COMPOUNDER,Quality Compounder,FROZEN_V2_PROD_1.0,ECLERX,NSE_EQ|ECLERX,NSE,EQUITY,CERTIFIED_CLEAN_886,234,2026-10-02T17:12:51.176370+05:30,2026-10-02T17:14:32.269487+05:30,2026-10-02T17:14:32.269487+05:30,2026-10-02T17:14:32.269487+05:30,DATA_FAILURE,BLOCKED,False,NONE,True,True,DATA_GATE,DATA_INSUFFICIENT_VALUATION
c6c800bcad0f4cbe9ed5c8195049c221,QUALITY_COMPOUNDER,Quality Compounder,FROZEN_V2_PROD_1.0,EDELWEISS,NSE_EQ|EDELWEISS,NSE,EQUITY,CERTIFIED_CLEAN_886,235,2026-10-02T17:12:51.176370+05:30,2026-10-02T17:14:32.787206+05:30,2026-10-02T17:14:32.787206+05:30,2026-10-02T17:14:32.787206+05:30,DATA_FAILURE,BLOCKED,False,NONE,True,True,DATA_GATE,FAIL_ROCE
c6c800bcad0f4cbe9ed5c8195049c221,QUALITY_COMPOUNDER,Quality Compounder,FROZEN_V2_PROD_1.0,EFCIL,NSE_EQ|EFCIL,NSE,EQUITY,CERTIFIED_CLEAN_886,236,2026-10-02T17:12:51.176370+05:30,2026-10-02T17:14:32.823687+05:30,2026-10-02T17:14:32.823687+05:30,2026-10-02T17:14:32.823687+05:30,DATA_FAILURE,BLOCKED,False,NONE,True,True,DATA_GATE,DATA_INSUFFICIENT_QUALITY
c6c800bcad0f4cbe9ed5c8195049c221,QUALITY_COMPOUNDER,Quality Compounder,FROZEN_V2_PROD_1.0,EICHERMOT,NSE_EQ|EICHERMOT,NSE,EQUITY,CERTIFIED_CLEAN_886,237,2026-10-02T17:12:51.176370+05:30,2026-10-02T17:14:33.284554+05:30,2026-10-02T17:14:33.284554+05:30,2026-10-02T17:14:33.284554+05:30,DATA_FAILURE,BLOCKED,False,NONE,True,True,DATA_GATE,DATA_INSUFFICIENT_VALUATION
c6c800bcad0f4cbe9ed5c8195049c221,QUALITY_COMPOUNDER,Quality Compounder,FROZEN_V2_PROD_1.0,EIEL,NSE_EQ|EIEL,NSE,EQUITY,CERTIFIED_CLEAN_886,238,2026-10-02T17:12:51.176370+05:30,2026-10-02T17:14:33.361214+05:30,2026-10-02T17:14:33.361214+05:30,2026-10-02T17:14:33.361214+05:30,DATA_FAILURE,BLOCKED,False,NONE,True,True,DATA_GATE,FAIL_CFO_PAT
c6c800bcad0f4cbe9ed5c8195049c221,QUALITY_COMPOUNDER,Quality Compounder,FROZEN_V2_PROD_1.0,EIHAHOTELS,NSE_EQ|EIHAHOTELS,NSE,EQUITY,CERTIFIED_CLEAN_886,239,2026-10-02T17:12:51.176370+05:30,2026-10-02T17:14:33.581911+05:30,2026-10-02T17:14:33.581911+05:30,2026-10-02T17:14:33.581911+05:30,DATA_FAILURE,BLOCKED,False,NONE,True,True,DATA_GATE,FAIL_LIQUIDITY
c6c800bcad0f4cbe9ed5c8195049c221,QUALITY_COMPOUNDER,Quality Compounder,FROZEN_V2_PROD_1.0,EIHOTEL,NSE_EQ|EIHOTEL,NSE,EQUITY,CERTIFIED_CLEAN_886,240,2026-10-02T17:12:51.176370+05:30,2026-10-02T17:14:34.442687+05:30,2026-10-02T17:14:34.442687+05:30,2026-10-02T17:14:34.442687+05:30,DATA_FAILURE,BLOCKED,False,NONE,True,True,DATA_GATE,DATA_INSUFFICIENT_QUALITY
c6c800bcad0f4cbe9ed5c8195049c221,QUALITY_COMPOUNDER,Quality Compounder,FROZEN_V2_PROD_1.0,EKC,NSE_EQ|EKC,NSE,EQUITY,CERTIFIED_CLEAN_886,241,2026-10-02T17:12:51.176370+05:30,2026-10-02T17:14:34.473900+05:30,2026-10-02T17:14:34.473900+05:30,2026-10-02T17:14:34.473900+05:30,DATA_FAILURE,BLOCKED,False,NONE,True,True,DATA_GATE,FAIL_SALES_CAGR
c6c800bcad0f4cbe9ed5c8195049c221,QUALITY_COMPOUNDER,Quality Compounder,FROZEN_V2_PROD_1.0,ELANTAS,NSE_EQ|ELANTAS,NSE,EQUITY,CERTIFIED_CLEAN_886,242,2026-10-02T17:12:51.176370+05:30,2026-10-02T17:14:34.503175+05:30,2026-10-02T17:14:34.503175+05:30,2026-10-02T17:14:34.503175+05:30,DATA_FAILURE,BLOCKED,False,NONE,True,True,DATA_GATE,DATA_FAILURE_NO_PIT (PIT_INGESTION_GAP)
c6c800bcad0f4cbe9ed5c8195049c221,QUALITY_COMPOUNDER,Quality Compounder,FROZEN_V2_PROD_1.0,ELECON,NSE_EQ|ELECON,NSE,EQUITY,CERTIFIED_CLEAN_886,243,2026-10-02T17:12:51.176370+05:30,2026-10-02T17:14:35.638214+05:30,2026-10-02T17:14:35.638214+05:30,2026-10-02T17:14:35.638214+05:30,DATA_FAILURE,BLOCKED,False,NONE,True,True,DATA_GATE,DATA_INSUFFICIENT_VALUATION
c6c800bcad0f4cbe9ed5c8195049c221,QUALITY_COMPOUNDER,Quality Compounder,FROZEN_V2_PROD_1.0,ELGIEQUIP,NSE_EQ|ELGIEQUIP,NSE,EQUITY,CERTIFIED_CLEAN_886,244,2026-10-02T17:12:51.176370+05:30,2026-10-02T17:14:36.571330+05:30,2026-10-02T17:14:36.571330+05:30,2026-10-02T17:14:36.571330+05:30,DATA_FAILURE,BLOCKED,False,NONE,True,True,DATA_GATE,DATA_INSUFFICIENT_VALUATION
c6c800bcad0f4cbe9ed5c8195049c221,QUALITY_COMPOUNDER,Quality Compounder,FROZEN_V2_PROD_1.0,ELLEN,NSE_EQ|ELLEN,NSE,EQUITY,CERTIFIED_CLEAN_886,245,2026-10-02T17:12:51.176370+05:30,2026-10-02T17:14:36.675588+05:30,2026-10-02T17:14:36.675588+05:30,2026-10-02T17:14:36.675588+05:30,DATA_FAILURE,BLOCKED,False,NONE,True,True,DATA_GATE,DATA_FAILURE_NO_PIT (PIT_INGESTION_GAP)
c6c800bcad0f4cbe9ed5c8195049c221,QUALITY_COMPOUNDER,Quality Compounder,FROZEN_V2_PROD_1.0,EMAMILTD,NSE_EQ|EMAMILTD,NSE,EQUITY,CERTIFIED_CLEAN_886,246,2026-10-02T17:12:51.176370+05:30,2026-10-02T17:14:36.762233+05:30,2026-10-02T17:14:36.762233+05:30,2026-10-02T17:14:36.762233+05:30,DATA_FAILURE,BLOCKED,False,NONE,True,True,DATA_GATE,FAIL_SALES_CAGR
c6c800bcad0f4cbe9ed5c8195049c221,QUALITY_COMPOUNDER,Quality Compounder,FROZEN_V2_PROD_1.0,EMCURE,NSE_EQ|EMCURE,NSE,EQUITY,CERTIFIED_CLEAN_886,247,2026-10-02T17:12:51.176370+05:30,2026-10-02T17:14:37.750686+05:30,2026-10-02T17:14:37.750686+05:30,2026-10-02T17:14:37.750686+05:30,DATA_FAILURE,BLOCKED,False,NONE,True,True,DATA_GATE,DATA_INSUFFICIENT_VALUATION
c6c800bcad0f4cbe9ed5c8195049c221,QUALITY_COMPOUNDER,Quality Compounder,FROZEN_V2_PROD_1.0,EMMVEE,NSE_EQ|EMMVEE,NSE,EQUITY,CERTIFIED_CLEAN_886,248,2026-10-02T17:12:51.176370+05:30,2026-10-02T17:14:39.177578+05:30,2026-10-02T17:14:39.177578+05:30,2026-10-02T17:14:39.177578+05:30,DATA_FAILURE,BLOCKED,False,NONE,True,True,DATA_GATE,DATA_INSUFFICIENT_VALUATION
c6c800bcad0f4cbe9ed5c8195049c221,QUALITY_COMPOUNDER,Quality Compounder,FROZEN_V2_PROD_1.0,EMSLIMITED,NSE_EQ|EMSLIMITED,NSE,EQUITY,CERTIFIED_CLEAN_886,249,2026-10-02T17:12:51.176370+05:30,2026-10-02T17:14:39.524710+05:30,2026-10-02T17:14:39.524710+05:30,2026-10-02T17:14:39.524710+05:30,DATA_FAILURE,BLOCKED,False,NONE,True,True,DATA_GATE,FAIL_PAT_CAGR
c6c800bcad0f4cbe9ed5c8195049c221,QUALITY_COMPOUNDER,Quality Compounder,FROZEN_V2_PROD_1.0,EMUDHRA,NSE_EQ|EMUDHRA,NSE,EQUITY,CERTIFIED_CLEAN_886,250,2026-10-02T17:12:51.176370+05:30,2026-10-02T17:14:40.593405+05:30,2026-10-02T17:14:40.593405+05:30,2026-10-02T17:14:40.593405+05:30,DATA_FAILURE,BLOCKED,False,NONE,True,True,DATA_GATE,DATA_INSUFFICIENT_VALUATION
c6c800bcad0f4cbe9ed5c8195049c221,QUALITY_COMPOUNDER,Quality Compounder,FROZEN_V2_PROD_1.0,ENDURANCE,NSE_EQ|ENDURANCE,NSE,EQUITY,CERTIFIED_CLEAN_886,251,2026-10-02T17:12:51.176370+05:30,2026-10-02T17:14:41.240436+05:30,2026-10-02T17:14:41.240436+05:30,2026-10-02T17:14:41.240436+05:30,DATA_FAILURE,BLOCKED,False,NONE,True,True,DATA_GATE,DATA_INSUFFICIENT_VALUATION
c6c800bcad0f4cbe9ed5c8195049c221,QUALITY_COMPOUNDER,Quality Compounder,FROZEN_V2_PROD_1.0,ENGINERSIN,NSE_EQ|ENGINERSIN,NSE,EQUITY,CERTIFIED_CLEAN_886,252,2026-10-02T17:12:51.176370+05:30,2026-10-02T17:14:41.284837+05:30,2026-10-02T17:14:41.284837+05:30,2026-10-02T17:14:41.284837+05:30,DATA_FAILURE,BLOCKED,False,NONE,True,True,DATA_GATE,FAIL_SALES_CAGR
c6c800bcad0f4cbe9ed5c8195049c221,QUALITY_COMPOUNDER,Quality Compounder,FROZEN_V2_PROD_1.0,EPACKPEB,NSE_EQ|EPACKPEB,NSE,EQUITY,CERTIFIED_CLEAN_886,253,2026-10-02T17:12:51.176370+05:30,2026-10-02T17:14:41.827857+05:30,2026-10-02T17:14:41.827857+05:30,2026-10-02T17:14:41.827857+05:30,DATA_FAILURE,BLOCKED,False,NONE,True,True,DATA_GATE,DATA_INSUFFICIENT_VALUATION
c6c800bcad0f4cbe9ed5c8195049c221,QUALITY_COMPOUNDER,Quality Compounder,FROZEN_V2_PROD_1.0,EPIGRAL,NSE_EQ|EPIGRAL,NSE,EQUITY,CERTIFIED_CLEAN_886,254,2026-10-02T17:12:51.176370+05:30,2026-10-02T17:14:42.356949+05:30,2026-10-02T17:14:42.356949+05:30,2026-10-02T17:14:42.356949+05:30,DATA_FAILURE,BLOCKED,False,NONE,True,True,DATA_GATE,DATA_INSUFFICIENT_VALUATION
c6c800bcad0f4cbe9ed5c8195049c221,QUALITY_COMPOUNDER,Quality Compounder,FROZEN_V2_PROD_1.0,EPL,NSE_EQ|EPL,NSE,EQUITY,CERTIFIED_CLEAN_886,255,2026-10-02T17:12:51.176370+05:30,2026-10-02T17:14:42.379838+05:30,2026-10-02T17:14:42.379838+05:30,2026-10-02T17:14:42.379838+05:30,DATA_FAILURE,BLOCKED,False,NONE,True,True,DATA_GATE,FAIL_SALES_CAGR
c6c800bcad0f4cbe9ed5c8195049c221,QUALITY_COMPOUNDER,Quality Compounder,FROZEN_V2_PROD_1.0,ERIS,NSE_EQ|ERIS,NSE,EQUITY,CERTIFIED_CLEAN_886,256,2026-10-02T17:12:51.176370+05:30,2026-10-02T17:14:42.402456+05:30,2026-10-02T17:14:42.402456+05:30,2026-10-02T17:14:42.402456+05:30,DATA_FAILURE,BLOCKED,False,NONE,True,True,DATA_GATE,FAIL_DEBT
c6c800bcad0f4cbe9ed5c8195049c221,QUALITY_COMPOUNDER,Quality Compounder,FROZEN_V2_PROD_1.0,ESABINDIA,NSE_EQ|ESABINDIA,NSE,EQUITY,CERTIFIED_CLEAN_886,257,2026-10-02T17:12:51.176370+05:30,2026-10-02T17:14:42.588249+05:30,2026-10-02T17:14:42.588249+05:30,2026-10-02T17:14:42.588249+05:30,DATA_FAILURE,BLOCKED,False,NONE,True,True,DATA_GATE,DATA_INSUFFICIENT_QUALITY
c6c800bcad0f4cbe9ed5c8195049c221,QUALITY_COMPOUNDER,Quality Compounder,FROZEN_V2_PROD_1.0,ESCORTS,NSE_EQ|ESCORTS,NSE,EQUITY,CERTIFIED_CLEAN_886,258,2026-10-02T17:12:51.176370+05:30,2026-10-02T17:14:42.777553+05:30,2026-10-02T17:14:42.777553+05:30,2026-10-02T17:14:42.777553+05:30,DATA_FAILURE,BLOCKED,False,NONE,True,True,DATA_GATE,FAIL_ROCE
c6c800bcad0f4cbe9ed5c8195049c221,QUALITY_COMPOUNDER,Quality Compounder,FROZEN_V2_PROD_1.0,EUROPRATIK,NSE_EQ|EUROPRATIK,NSE,EQUITY,CERTIFIED_CLEAN_886,259,2026-10-02T17:12:51.176370+05:30,2026-10-02T17:14:42.998081+05:30,2026-10-02T17:14:42.998081+05:30,2026-10-02T17:14:42.998081+05:30,STRUCTURAL_INELIGIBLE,BLOCKED,False,NONE,True,True,DATA_GATE,DATA_INSUFFICIENT_QUALITY
c6c800bcad0f4cbe9ed5c8195049c221,QUALITY_COMPOUNDER,Quality Compounder,FROZEN_V2_PROD_1.0,EVEREADY,NSE_EQ|EVEREADY,NSE,EQUITY,CERTIFIED_CLEAN_886,260,2026-10-02T17:12:51.176370+05:30,2026-10-02T17:14:43.078711+05:30,2026-10-02T17:14:43.078711+05:30,2026-10-02T17:14:43.078711+05:30,DATA_FAILURE,BLOCKED,False,NONE,True,True,DATA_GATE,DATA_INSUFFICIENT_QUALITY
c6c800bcad0f4cbe9ed5c8195049c221,QUALITY_COMPOUNDER,Quality Compounder,FROZEN_V2_PROD_1.0,EXPLEOSOL,NSE_EQ|EXPLEOSOL,NSE,EQUITY,CERTIFIED_CLEAN_886,261,2026-10-02T17:12:51.176370+05:30,2026-10-02T17:14:43.830650+05:30,2026-10-02T17:14:43.830650+05:30,2026-10-02T17:14:43.830650+05:30,DATA_FAILURE,BLOCKED,False,NONE,True,True,DATA_GATE,DATA_INSUFFICIENT_VALUATION
c6c800bcad0f4cbe9ed5c8195049c221,QUALITY_COMPOUNDER,Quality Compounder,FROZEN_V2_PROD_1.0,FDC,NSE_EQ|FDC,NSE,EQUITY,CERTIFIED_CLEAN_886,262,2026-10-02T17:12:51.176370+05:30,2026-10-02T17:14:43.951676+05:30,2026-10-02T17:14:43.951676+05:30,2026-10-02T17:14:43.951676+05:30,DATA_FAILURE,BLOCKED,False,NONE,True,True,DATA_GATE,FAIL_PAT_CAGR
c6c800bcad0f4cbe9ed5c8195049c221,QUALITY_COMPOUNDER,Quality Compounder,FROZEN_V2_PROD_1.0,FEDERALBNK,NSE_EQ|FEDERALBNK,NSE,EQUITY,CERTIFIED_CLEAN_886,263,2026-10-02T17:12:51.176370+05:30,2026-10-02T17:14:43.973970+05:30,2026-10-02T17:14:43.973970+05:30,2026-10-02T17:14:43.973970+05:30,FULLY_EVALUABLE,REJECTED,False,NONE,False,True,QUALITY_GATE,METRIC_NOT_APPLICABLE_FINANCIAL
c6c800bcad0f4cbe9ed5c8195049c221,QUALITY_COMPOUNDER,Quality Compounder,FROZEN_V2_PROD_1.0,FEDFINA,NSE_EQ|FEDFINA,NSE,EQUITY,CERTIFIED_CLEAN_886,264,2026-10-02T17:12:51.176370+05:30,2026-10-02T17:14:43.979200+05:30,2026-10-02T17:14:43.979200+05:30,2026-10-02T17:14:43.979200+05:30,DATA_FAILURE,BLOCKED,False,NONE,True,True,DATA_GATE,DATA_FAILURE_NO_PIT (PIT_INGESTION_GAP)
c6c800bcad0f4cbe9ed5c8195049c221,QUALITY_COMPOUNDER,Quality Compounder,FROZEN_V2_PROD_1.0,FIEMIND,NSE_EQ|FIEMIND,NSE,EQUITY,CERTIFIED_CLEAN_886,265,2026-10-02T17:12:51.176370+05:30,2026-10-02T17:14:44.389478+05:30,2026-10-02T17:14:44.389478+05:30,2026-10-02T17:14:44.389478+05:30,DATA_FAILURE,BLOCKED,False,NONE,True,True,DATA_GATE,DATA_INSUFFICIENT_VALUATION
c6c800bcad0f4cbe9ed5c8195049c221,QUALITY_COMPOUNDER,Quality Compounder,FROZEN_V2_PROD_1.0,FINCABLES,NSE_EQ|FINCABLES,NSE,EQUITY,CERTIFIED_CLEAN_886,266,2026-10-02T17:12:51.176370+05:30,2026-10-02T17:14:44.416295+05:30,2026-10-02T17:14:44.416295+05:30,2026-10-02T17:14:44.416295+05:30,DATA_FAILURE,BLOCKED,False,NONE,True,True,DATA_GATE,FAIL_PAT_CAGR
c6c800bcad0f4cbe9ed5c8195049c221,QUALITY_COMPOUNDER,Quality Compounder,FROZEN_V2_PROD_1.0,FINEORG,NSE_EQ|FINEORG,NSE,EQUITY,CERTIFIED_CLEAN_886,267,2026-10-02T17:12:51.176370+05:30,2026-10-02T17:14:45.743938+05:30,2026-10-02T17:14:45.743938+05:30,2026-10-02T17:14:45.743938+05:30,DATA_FAILURE,BLOCKED,False,NONE,True,True,DATA_GATE,DATA_INSUFFICIENT_VALUATION
c6c800bcad0f4cbe9ed5c8195049c221,QUALITY_COMPOUNDER,Quality Compounder,FROZEN_V2_PROD_1.0,FINPIPE,NSE_EQ|FINPIPE,NSE,EQUITY,CERTIFIED_CLEAN_886,268,2026-10-02T17:12:51.176370+05:30,2026-10-02T17:14:47.267741+05:30,2026-10-02T17:14:47.267741+05:30,2026-10-02T17:14:47.267741+05:30,DATA_FAILURE,BLOCKED,False,NONE,True,True,DATA_GATE,FAIL_ROCE
c6c800bcad0f4cbe9ed5c8195049c221,QUALITY_COMPOUNDER,Quality Compounder,FROZEN_V2_PROD_1.0,FIVESTAR,NSE_EQ|FIVESTAR,NSE,EQUITY,CERTIFIED_CLEAN_886,269,2026-10-02T17:12:51.176370+05:30,2026-10-02T17:14:47.292655+05:30,2026-10-02T17:14:47.292655+05:30,2026-10-02T17:14:47.292655+05:30,FULLY_EVALUABLE,REJECTED,False,NONE,False,True,QUALITY_GATE,METRIC_NOT_APPLICABLE_FINANCIAL
c6c800bcad0f4cbe9ed5c8195049c221,QUALITY_COMPOUNDER,Quality Compounder,FROZEN_V2_PROD_1.0,FLAIR,NSE_EQ|FLAIR,NSE,EQUITY,CERTIFIED_CLEAN_886,270,2026-10-02T17:12:51.176370+05:30,2026-10-02T17:14:47.308950+05:30,2026-10-02T17:14:47.308950+05:30,2026-10-02T17:14:47.308950+05:30,DATA_FAILURE,BLOCKED,False,NONE,True,True,DATA_GATE,FAIL_CFO_PAT
c6c800bcad0f4cbe9ed5c8195049c221,QUALITY_COMPOUNDER,Quality Compounder,FROZEN_V2_PROD_1.0,FMGOETZE,NSE_EQ|FMGOETZE,NSE,EQUITY,CERTIFIED_CLEAN_886,271,2026-10-02T17:12:51.176370+05:30,2026-10-02T17:14:48.813533+05:30,2026-10-02T17:14:48.813533+05:30,2026-10-02T17:14:48.813533+05:30,DATA_FAILURE,BLOCKED,False,NONE,True,True,DATA_GATE,DATA_INSUFFICIENT_VALUATION
c6c800bcad0f4cbe9ed5c8195049c221,QUALITY_COMPOUNDER,Quality Compounder,FROZEN_V2_PROD_1.0,FORCEMOT,NSE_EQ|FORCEMOT,NSE,EQUITY,CERTIFIED_CLEAN_886,272,2026-10-02T17:12:51.176370+05:30,2026-10-02T17:14:50.584646+05:30,2026-10-02T17:14:50.584646+05:30,2026-10-02T17:14:50.584646+05:30,DATA_FAILURE,BLOCKED,False,NONE,True,True,DATA_GATE,DATA_INSUFFICIENT_QUALITY
c6c800bcad0f4cbe9ed5c8195049c221,QUALITY_COMPOUNDER,Quality Compounder,FROZEN_V2_PROD_1.0,FORTIS,NSE_EQ|FORTIS,NSE,EQUITY,CERTIFIED_CLEAN_886,273,2026-10-02T17:12:51.176370+05:30,2026-10-02T17:14:50.659348+05:30,2026-10-02T17:14:50.659348+05:30,2026-10-02T17:14:50.659348+05:30,DATA_FAILURE,BLOCKED,False,NONE,True,True,DATA_GATE,DATA_INSUFFICIENT_QUALITY
c6c800bcad0f4cbe9ed5c8195049c221,QUALITY_COMPOUNDER,Quality Compounder,FROZEN_V2_PROD_1.0,FOSECOIND,NSE_EQ|FOSECOIND,NSE,EQUITY,CERTIFIED_CLEAN_886,274,2026-10-02T17:12:51.176370+05:30,2026-10-02T17:14:50.678933+05:30,2026-10-02T17:14:50.678933+05:30,2026-10-02T17:14:50.678933+05:30,DATA_FAILURE,BLOCKED,False,NONE,True,True,DATA_GATE,DATA_INSUFFICIENT_QUALITY
c6c800bcad0f4cbe9ed5c8195049c221,QUALITY_COMPOUNDER,Quality Compounder,FROZEN_V2_PROD_1.0,FRONTSP,NSE_EQ|FRONTSP,NSE,EQUITY,CERTIFIED_CLEAN_886,275,2026-10-02T17:12:51.176370+05:30,2026-10-02T17:14:50.692936+05:30,2026-10-02T17:14:50.692936+05:30,2026-10-02T17:14:50.692936+05:30,DATA_FAILURE,BLOCKED,False,NONE,True,True,DATA_GATE,DATA_INSUFFICIENT_QUALITY
c6c800bcad0f4cbe9ed5c8195049c221,QUALITY_COMPOUNDER,Quality Compounder,FROZEN_V2_PROD_1.0,FSL,NSE_EQ|FSL,NSE,EQUITY,CERTIFIED_CLEAN_886,276,2026-10-02T17:12:51.176370+05:30,2026-10-02T17:14:50.751028+05:30,2026-10-02T17:14:50.751028+05:30,2026-10-02T17:14:50.751028+05:30,DATA_FAILURE,BLOCKED,False,NONE,True,True,DATA_GATE,FAIL_DEBT
c6c800bcad0f4cbe9ed5c8195049c221,QUALITY_COMPOUNDER,Quality Compounder,FROZEN_V2_PROD_1.0,GABRIEL,NSE_EQ|GABRIEL,NSE,EQUITY,CERTIFIED_CLEAN_886,277,2026-10-02T17:12:51.176370+05:30,2026-10-02T17:14:50.776033+05:30,2026-10-02T17:14:50.776033+05:30,2026-10-02T17:14:50.776033+05:30,DATA_FAILURE,BLOCKED,False,NONE,True,True,DATA_GATE,DATA_INSUFFICIENT_QUALITY
c6c800bcad0f4cbe9ed5c8195049c221,QUALITY_COMPOUNDER,Quality Compounder,FROZEN_V2_PROD_1.0,GAEL,NSE_EQ|GAEL,NSE,EQUITY,CERTIFIED_CLEAN_886,278,2026-10-02T17:12:51.176370+05:30,2026-10-02T17:14:50.794407+05:30,2026-10-02T17:14:50.794407+05:30,2026-10-02T17:14:50.794407+05:30,DATA_FAILURE,BLOCKED,False,NONE,True,True,DATA_GATE,FAIL_SALES_CAGR
c6c800bcad0f4cbe9ed5c8195049c221,QUALITY_COMPOUNDER,Quality Compounder,FROZEN_V2_PROD_1.0,GAIL,NSE_EQ|GAIL,NSE,EQUITY,CERTIFIED_CLEAN_886,279,2026-10-02T17:12:51.176370+05:30,2026-10-02T17:14:50.812307+05:30,2026-10-02T17:14:50.812307+05:30,2026-10-02T17:14:50.812307+05:30,DATA_FAILURE,BLOCKED,False,NONE,True,True,DATA_GATE,FAIL_ROCE
c6c800bcad0f4cbe9ed5c8195049c221,QUALITY_COMPOUNDER,Quality Compounder,FROZEN_V2_PROD_1.0,GALAPREC,NSE_EQ|GALAPREC,NSE,EQUITY,CERTIFIED_CLEAN_886,280,2026-10-02T17:12:51.176370+05:30,2026-10-02T17:14:50.827042+05:30,2026-10-02T17:14:50.827042+05:30,2026-10-02T17:14:50.827042+05:30,DATA_FAILURE,BLOCKED,False,NONE,True,True,DATA_GATE,FAIL_CFO_PAT
c6c800bcad0f4cbe9ed5c8195049c221,QUALITY_COMPOUNDER,Quality Compounder,FROZEN_V2_PROD_1.0,GALAXYSURF,NSE_EQ|GALAXYSURF,NSE,EQUITY,CERTIFIED_CLEAN_886,281,2026-10-02T17:12:51.176370+05:30,2026-10-02T17:14:50.905899+05:30,2026-10-02T17:14:50.905899+05:30,2026-10-02T17:14:50.905899+05:30,DATA_FAILURE,BLOCKED,False,NONE,True,True,DATA_GATE,FAIL_PAT_CAGR
c6c800bcad0f4cbe9ed5c8195049c221,QUALITY_COMPOUNDER,Quality Compounder,FROZEN_V2_PROD_1.0,GALLANTT,NSE_EQ|GALLANTT,NSE,EQUITY,CERTIFIED_CLEAN_886,282,2026-10-02T17:12:51.176370+05:30,2026-10-02T17:14:51.363280+05:30,2026-10-02T17:14:51.363280+05:30,2026-10-02T17:14:51.363280+05:30,DATA_FAILURE,BLOCKED,False,NONE,True,True,DATA_GATE,DATA_INSUFFICIENT_VALUATION
c6c800bcad0f4cbe9ed5c8195049c221,QUALITY_COMPOUNDER,Quality Compounder,FROZEN_V2_PROD_1.0,GANDHAR,NSE_EQ|GANDHAR,NSE,EQUITY,CERTIFIED_CLEAN_886,283,2026-10-02T17:12:51.176370+05:30,2026-10-02T17:14:51.500234+05:30,2026-10-02T17:14:51.500234+05:30,2026-10-02T17:14:51.500234+05:30,DATA_FAILURE,BLOCKED,False,NONE,True,True,DATA_GATE,FAIL_PAT_CAGR
c6c800bcad0f4cbe9ed5c8195049c221,QUALITY_COMPOUNDER,Quality Compounder,FROZEN_V2_PROD_1.0,GANDHITUBE,NSE_EQ|GANDHITUBE,NSE,EQUITY,CERTIFIED_CLEAN_886,284,2026-10-02T17:12:51.176370+05:30,2026-10-02T17:14:51.507655+05:30,2026-10-02T17:14:51.507655+05:30,2026-10-02T17:14:51.507655+05:30,DATA_FAILURE,BLOCKED,False,NONE,True,True,DATA_GATE,DATA_FAILURE_NO_PIT (PIT_INGESTION_GAP)
c6c800bcad0f4cbe9ed5c8195049c221,QUALITY_COMPOUNDER,Quality Compounder,FROZEN_V2_PROD_1.0,GANESHHOU,NSE_EQ|GANESHHOU,NSE,EQUITY,CERTIFIED_CLEAN_886,285,2026-10-02T17:12:51.176370+05:30,2026-10-02T17:14:51.882224+05:30,2026-10-02T17:14:51.882224+05:30,2026-10-02T17:14:51.882224+05:30,DATA_FAILURE,BLOCKED,False,NONE,True,True,DATA_GATE,DATA_INSUFFICIENT_QUALITY
c6c800bcad0f4cbe9ed5c8195049c221,QUALITY_COMPOUNDER,Quality Compounder,FROZEN_V2_PROD_1.0,GARFIBRES,NSE_EQ|GARFIBRES,NSE,EQUITY,CERTIFIED_CLEAN_886,286,2026-10-02T17:12:51.176370+05:30,2026-10-02T17:14:51.897978+05:30,2026-10-02T17:14:51.897978+05:30,2026-10-02T17:14:51.897978+05:30,DATA_FAILURE,BLOCKED,False,NONE,True,True,DATA_GATE,FAIL_SALES_CAGR
c6c800bcad0f4cbe9ed5c8195049c221,QUALITY_COMPOUNDER,Quality Compounder,FROZEN_V2_PROD_1.0,GARUDA,NSE_EQ|GARUDA,NSE,EQUITY,CERTIFIED_CLEAN_886,287,2026-10-02T17:12:51.176370+05:30,2026-10-02T17:14:51.919512+05:30,2026-10-02T17:14:51.919512+05:30,2026-10-02T17:14:51.919512+05:30,STRUCTURAL_INELIGIBLE,BLOCKED,False,NONE,True,True,DATA_GATE,DATA_INSUFFICIENT_QUALITY
c6c800bcad0f4cbe9ed5c8195049c221,QUALITY_COMPOUNDER,Quality Compounder,FROZEN_V2_PROD_1.0,GCSL,NSE_EQ|GCSL,NSE,EQUITY,CERTIFIED_CLEAN_886,288,2026-10-02T17:12:51.176370+05:30,2026-10-02T17:14:51.933559+05:30,2026-10-02T17:14:51.933559+05:30,2026-10-02T17:14:51.933559+05:30,DATA_FAILURE,BLOCKED,False,NONE,True,True,DATA_GATE,DATA_INSUFFICIENT_QUALITY
c6c800bcad0f4cbe9ed5c8195049c221,QUALITY_COMPOUNDER,Quality Compounder,FROZEN_V2_PROD_1.0,GENUSPOWER,NSE_EQ|GENUSPOWER,NSE,EQUITY,CERTIFIED_CLEAN_886,289,2026-10-02T17:12:51.176370+05:30,2026-10-02T17:14:51.961649+05:30,2026-10-02T17:14:51.961649+05:30,2026-10-02T17:14:51.961649+05:30,DATA_FAILURE,BLOCKED,False,NONE,True,True,DATA_GATE,FAIL_ROCE
c6c800bcad0f4cbe9ed5c8195049c221,QUALITY_COMPOUNDER,Quality Compounder,FROZEN_V2_PROD_1.0,GESHIP,NSE_EQ|GESHIP,NSE,EQUITY,CERTIFIED_CLEAN_886,290,2026-10-02T17:12:51.176370+05:30,2026-10-02T17:14:52.512757+05:30,2026-10-02T17:14:52.512757+05:30,2026-10-02T17:14:52.512757+05:30,DATA_FAILURE,BLOCKED,False,NONE,True,True,DATA_GATE,DATA_INSUFFICIENT_VALUATION
c6c800bcad0f4cbe9ed5c8195049c221,QUALITY_COMPOUNDER,Quality Compounder,FROZEN_V2_PROD_1.0,GHCL,NSE_EQ|GHCL,NSE,EQUITY,CERTIFIED_CLEAN_886,291,2026-10-02T17:12:51.176370+05:30,2026-10-02T17:14:52.605853+05:30,2026-10-02T17:14:52.605853+05:30,2026-10-02T17:14:52.605853+05:30,DATA_FAILURE,BLOCKED,False,NONE,True,True,DATA_GATE,DATA_INSUFFICIENT_QUALITY
c6c800bcad0f4cbe9ed5c8195049c221,QUALITY_COMPOUNDER,Quality Compounder,FROZEN_V2_PROD_1.0,GICRE,NSE_EQ|GICRE,NSE,EQUITY,CERTIFIED_CLEAN_886,292,2026-10-02T17:12:51.176370+05:30,2026-10-02T17:14:52.626381+05:30,2026-10-02T17:14:52.626381+05:30,2026-10-02T17:14:52.626381+05:30,FULLY_EVALUABLE,REJECTED,False,NONE,False,True,QUALITY_GATE,METRIC_NOT_APPLICABLE_FINANCIAL
c6c800bcad0f4cbe9ed5c8195049c221,QUALITY_COMPOUNDER,Quality Compounder,FROZEN_V2_PROD_1.0,GILLETTE,NSE_EQ|GILLETTE,NSE,EQUITY,CERTIFIED_CLEAN_886,293,2026-10-02T17:12:51.176370+05:30,2026-10-02T17:14:52.632164+05:30,2026-10-02T17:14:52.632164+05:30,2026-10-02T17:14:52.632164+05:30,DATA_FAILURE,BLOCKED,False,NONE,True,True,DATA_GATE,DATA_FAILURE_NO_PIT (PIT_INGESTION_GAP)
c6c800bcad0f4cbe9ed5c8195049c221,QUALITY_COMPOUNDER,Quality Compounder,FROZEN_V2_PROD_1.0,GIPCL,NSE_EQ|GIPCL,NSE,EQUITY,CERTIFIED_CLEAN_886,294,2026-10-02T17:12:51.176370+05:30,2026-10-02T17:14:52.671719+05:30,2026-10-02T17:14:52.671719+05:30,2026-10-02T17:14:52.671719+05:30,DATA_FAILURE,BLOCKED,False,NONE,True,True,DATA_GATE,FAIL_ROCE
c6c800bcad0f4cbe9ed5c8195049c221,QUALITY_COMPOUNDER,Quality Compounder,FROZEN_V2_PROD_1.0,GKENERGY,NSE_EQ|GKENERGY,NSE,EQUITY,CERTIFIED_CLEAN_886,295,2026-10-02T17:12:51.176370+05:30,2026-10-02T17:14:52.695988+05:30,2026-10-02T17:14:52.695988+05:30,2026-10-02T17:14:52.695988+05:30,STRUCTURAL_INELIGIBLE,BLOCKED,False,NONE,True,True,DATA_GATE,DATA_INSUFFICIENT_QUALITY
c6c800bcad0f4cbe9ed5c8195049c221,QUALITY_COMPOUNDER,Quality Compounder,FROZEN_V2_PROD_1.0,GKSL,NSE_EQ|GKSL,NSE,EQUITY,CERTIFIED_CLEAN_886,296,2026-10-02T17:12:51.176370+05:30,2026-10-02T17:14:52.731954+05:30,2026-10-02T17:14:52.731954+05:30,2026-10-02T17:14:52.731954+05:30,DATA_FAILURE,BLOCKED,False,NONE,True,True,DATA_GATE,DATA_INSUFFICIENT_QUALITY
c6c800bcad0f4cbe9ed5c8195049c221,QUALITY_COMPOUNDER,Quality Compounder,FROZEN_V2_PROD_1.0,GLAND,NSE_EQ|GLAND,NSE,EQUITY,CERTIFIED_CLEAN_886,297,2026-10-02T17:12:51.176370+05:30,2026-10-02T17:14:52.752117+05:30,2026-10-02T17:14:52.752117+05:30,2026-10-02T17:14:52.752117+05:30,DATA_FAILURE,BLOCKED,False,NONE,True,True,DATA_GATE,FAIL_PAT_CAGR
c6c800bcad0f4cbe9ed5c8195049c221,QUALITY_COMPOUNDER,Quality Compounder,FROZEN_V2_PROD_1.0,GLAXO,NSE_EQ|GLAXO,NSE,EQUITY,CERTIFIED_CLEAN_886,298,2026-10-02T17:12:51.176370+05:30,2026-10-02T17:14:52.768701+05:30,2026-10-02T17:14:52.768701+05:30,2026-10-02T17:14:52.768701+05:30,DATA_FAILURE,BLOCKED,False,NONE,True,True,DATA_GATE,FAIL_SALES_CAGR
c6c800bcad0f4cbe9ed5c8195049c221,QUALITY_COMPOUNDER,Quality Compounder,FROZEN_V2_PROD_1.0,GLENMARK,NSE_EQ|GLENMARK,NSE,EQUITY,CERTIFIED_CLEAN_886,299,2026-10-02T17:12:51.176370+05:30,2026-10-02T17:14:52.784559+05:30,2026-10-02T17:14:52.784559+05:30,2026-10-02T17:14:52.784559+05:30,DATA_FAILURE,BLOCKED,False,NONE,True,True,DATA_GATE,FAIL_SALES_CAGR
c6c800bcad0f4cbe9ed5c8195049c221,QUALITY_COMPOUNDER,Quality Compounder,FROZEN_V2_PROD_1.0,GLOBUSSPR,NSE_EQ|GLOBUSSPR,NSE,EQUITY,CERTIFIED_CLEAN_886,300,2026-10-02T17:12:51.176370+05:30,2026-10-02T17:14:52.807899+05:30,2026-10-02T17:14:52.807899+05:30,2026-10-02T17:14:52.807899+05:30,DATA_FAILURE,BLOCKED,False,NONE,True,True,DATA_GATE,DATA_INSUFFICIENT_QUALITY
c6c800bcad0f4cbe9ed5c8195049c221,QUALITY_COMPOUNDER,Quality Compounder,FROZEN_V2_PROD_1.0,GMBREW,NSE_EQ|GMBREW,NSE,EQUITY,CERTIFIED_CLEAN_886,301,2026-10-02T17:12:51.176370+05:30,2026-10-02T17:14:52.837012+05:30,2026-10-02T17:14:52.837012+05:30,2026-10-02T17:14:52.837012+05:30,DATA_FAILURE,BLOCKED,False,NONE,True,True,DATA_GATE,DATA_INSUFFICIENT_QUALITY
c6c800bcad0f4cbe9ed5c8195049c221,QUALITY_COMPOUNDER,Quality Compounder,FROZEN_V2_PROD_1.0,GMDCLTD,NSE_EQ|GMDCLTD,NSE,EQUITY,CERTIFIED_CLEAN_886,302,2026-10-02T17:12:51.176370+05:30,2026-10-02T17:14:52.864573+05:30,2026-10-02T17:14:52.864573+05:30,2026-10-02T17:14:52.864573+05:30,DATA_FAILURE,BLOCKED,False,NONE,True,True,DATA_GATE,DATA_INSUFFICIENT_QUALITY
c6c800bcad0f4cbe9ed5c8195049c221,QUALITY_COMPOUNDER,Quality Compounder,FROZEN_V2_PROD_1.0,GMRP&UI,NSE_EQ|GMRP&UI,NSE,EQUITY,CERTIFIED_CLEAN_886,303,2026-10-02T17:12:51.176370+05:30,2026-10-02T17:14:52.923590+05:30,2026-10-02T17:14:52.923590+05:30,2026-10-02T17:14:52.923590+05:30,DATA_FAILURE,BLOCKED,False,NONE,True,True,DATA_GATE,DATA_INSUFFICIENT_QUALITY
c6c800bcad0f4cbe9ed5c8195049c221,QUALITY_COMPOUNDER,Quality Compounder,FROZEN_V2_PROD_1.0,GNA,NSE_EQ|GNA,NSE,EQUITY,CERTIFIED_CLEAN_886,304,2026-10-02T17:12:51.176370+05:30,2026-10-02T17:14:53.524977+05:30,2026-10-02T17:14:53.524977+05:30,2026-10-02T17:14:53.524977+05:30,DATA_FAILURE,BLOCKED,False,NONE,True,True,DATA_GATE,DATA_INSUFFICIENT_VALUATION
c6c800bcad0f4cbe9ed5c8195049c221,QUALITY_COMPOUNDER,Quality Compounder,FROZEN_V2_PROD_1.0,GNFC,NSE_EQ|GNFC,NSE,EQUITY,CERTIFIED_CLEAN_886,305,2026-10-02T17:12:51.176370+05:30,2026-10-02T17:14:53.546724+05:30,2026-10-02T17:14:53.546724+05:30,2026-10-02T17:14:53.546724+05:30,DATA_FAILURE,BLOCKED,False,NONE,True,True,DATA_GATE,FAIL_SALES_CAGR
c6c800bcad0f4cbe9ed5c8195049c221,QUALITY_COMPOUNDER,Quality Compounder,FROZEN_V2_PROD_1.0,GOCLCORP,NSE_EQ|GOCLCORP,NSE,EQUITY,CERTIFIED_CLEAN_886,306,2026-10-02T17:12:51.176370+05:30,2026-10-02T17:14:53.565492+05:30,2026-10-02T17:14:53.565492+05:30,2026-10-02T17:14:53.565492+05:30,FULLY_EVALUABLE,REJECTED,False,NONE,False,True,QUALITY_GATE,FAIL_ROCE
c6c800bcad0f4cbe9ed5c8195049c221,QUALITY_COMPOUNDER,Quality Compounder,FROZEN_V2_PROD_1.0,GOCOLORS,NSE_EQ|GOCOLORS,NSE,EQUITY,CERTIFIED_CLEAN_886,307,2026-10-02T17:12:51.176370+05:30,2026-10-02T17:14:53.581687+05:30,2026-10-02T17:14:53.581687+05:30,2026-10-02T17:14:53.581687+05:30,STRUCTURAL_INELIGIBLE,BLOCKED,False,NONE,True,True,DATA_GATE,FAIL_UNIVERSE_MARKET_CAP
c6c800bcad0f4cbe9ed5c8195049c221,QUALITY_COMPOUNDER,Quality Compounder,FROZEN_V2_PROD_1.0,GODFRYPHLP,NSE_EQ|GODFRYPHLP,NSE,EQUITY,CERTIFIED_CLEAN_886,308,2026-10-02T17:12:51.176370+05:30,2026-10-02T17:14:53.601448+05:30,2026-10-02T17:14:53.601448+05:30,2026-10-02T17:14:53.601448+05:30,DATA_FAILURE,BLOCKED,False,NONE,True,True,DATA_GATE,FAIL_CFO_PAT
c6c800bcad0f4cbe9ed5c8195049c221,QUALITY_COMPOUNDER,Quality Compounder,FROZEN_V2_PROD_1.0,GODIGIT,NSE_EQ|GODIGIT,NSE,EQUITY,CERTIFIED_CLEAN_886,309,2026-10-02T17:12:51.176370+05:30,2026-10-02T17:14:53.604639+05:30,2026-10-02T17:14:53.604639+05:30,2026-10-02T17:14:53.604639+05:30,DATA_FAILURE,BLOCKED,False,NONE,True,True,DATA_GATE,DATA_FAILURE_NO_PIT (PIT_INGESTION_GAP)
c6c800bcad0f4cbe9ed5c8195049c221,QUALITY_COMPOUNDER,Quality Compounder,FROZEN_V2_PROD_1.0,GODREJAGRO,NSE_EQ|GODREJAGRO,NSE,EQUITY,CERTIFIED_CLEAN_886,310,2026-10-02T17:12:51.176370+05:30,2026-10-02T17:14:53.622583+05:30,2026-10-02T17:14:53.622583+05:30,2026-10-02T17:14:53.622583+05:30,DATA_FAILURE,BLOCKED,False,NONE,True,True,DATA_GATE,FAIL_PAT_CAGR
c6c800bcad0f4cbe9ed5c8195049c221,QUALITY_COMPOUNDER,Quality Compounder,FROZEN_V2_PROD_1.0,GODREJCP,NSE_EQ|GODREJCP,NSE,EQUITY,CERTIFIED_CLEAN_886,311,2026-10-02T17:12:51.176370+05:30,2026-10-02T17:14:53.638722+05:30,2026-10-02T17:14:53.638722+05:30,2026-10-02T17:14:53.638722+05:30,DATA_FAILURE,BLOCKED,False,NONE,True,True,DATA_GATE,FAIL_SALES_CAGR
c6c800bcad0f4cbe9ed5c8195049c221,QUALITY_COMPOUNDER,Quality Compounder,FROZEN_V2_PROD_1.0,GODREJIND,NSE_EQ|GODREJIND,NSE,EQUITY,CERTIFIED_CLEAN_886,312,2026-10-02T17:12:51.176370+05:30,2026-10-02T17:14:53.656612+05:30,2026-10-02T17:14:53.656612+05:30,2026-10-02T17:14:53.656612+05:30,DATA_FAILURE,BLOCKED,False,NONE,True,True,DATA_GATE,FAIL_ROCE
c6c800bcad0f4cbe9ed5c8195049c221,QUALITY_COMPOUNDER,Quality Compounder,FROZEN_V2_PROD_1.0,GODREJPROP,NSE_EQ|GODREJPROP,NSE,EQUITY,CERTIFIED_CLEAN_886,313,2026-10-02T17:12:51.176370+05:30,2026-10-02T17:14:53.676052+05:30,2026-10-02T17:14:53.676052+05:30,2026-10-02T17:14:53.676052+05:30,DATA_FAILURE,BLOCKED,False,NONE,True,True,DATA_GATE,DATA_INSUFFICIENT_QUALITY
c6c800bcad0f4cbe9ed5c8195049c221,QUALITY_COMPOUNDER,Quality Compounder,FROZEN_V2_PROD_1.0,GOKULAGRO,NSE_EQ|GOKULAGRO,NSE,EQUITY,CERTIFIED_CLEAN_886,314,2026-10-02T17:12:51.176370+05:30,2026-10-02T17:14:54.374659+05:30,2026-10-02T17:14:54.374659+05:30,2026-10-02T17:14:54.374659+05:30,DATA_FAILURE,BLOCKED,False,NONE,True,True,DATA_GATE,DATA_INSUFFICIENT_VALUATION
c6c800bcad0f4cbe9ed5c8195049c221,QUALITY_COMPOUNDER,Quality Compounder,FROZEN_V2_PROD_1.0,GOODLUCK,NSE_EQ|GOODLUCK,NSE,EQUITY,CERTIFIED_CLEAN_886,315,2026-10-02T17:12:51.176370+05:30,2026-10-02T17:14:54.405435+05:30,2026-10-02T17:14:54.405435+05:30,2026-10-02T17:14:54.405435+05:30,DATA_FAILURE,BLOCKED,False,NONE,True,True,DATA_GATE,FAIL_CFO_PAT
c6c800bcad0f4cbe9ed5c8195049c221,QUALITY_COMPOUNDER,Quality Compounder,FROZEN_V2_PROD_1.0,GOODYEAR,NSE_EQ|GOODYEAR,NSE,EQUITY,CERTIFIED_CLEAN_886,316,2026-10-02T17:12:51.176370+05:30,2026-10-02T17:14:54.407488+05:30,2026-10-02T17:14:54.407488+05:30,2026-10-02T17:14:54.407488+05:30,DATA_FAILURE,BLOCKED,False,NONE,True,True,DATA_GATE,DATA_FAILURE_NO_PIT (PIT_INGESTION_GAP)
c6c800bcad0f4cbe9ed5c8195049c221,QUALITY_COMPOUNDER,Quality Compounder,FROZEN_V2_PROD_1.0,GOPAL,NSE_EQ|GOPAL,NSE,EQUITY,CERTIFIED_CLEAN_886,317,2026-10-02T17:12:51.176370+05:30,2026-10-02T17:14:54.419284+05:30,2026-10-02T17:14:54.419284+05:30,2026-10-02T17:14:54.419284+05:30,DATA_FAILURE,BLOCKED,False,NONE,True,True,DATA_GATE,DATA_FAILURE_NO_PIT (PIT_INGESTION_GAP)
c6c800bcad0f4cbe9ed5c8195049c221,QUALITY_COMPOUNDER,Quality Compounder,FROZEN_V2_PROD_1.0,GPIL,NSE_EQ|GPIL,NSE,EQUITY,CERTIFIED_CLEAN_886,318,2026-10-02T17:12:51.176370+05:30,2026-10-02T17:14:54.443733+05:30,2026-10-02T17:14:54.443733+05:30,2026-10-02T17:14:54.443733+05:30,DATA_FAILURE,BLOCKED,False,NONE,True,True,DATA_GATE,FAIL_SALES_CAGR
c6c800bcad0f4cbe9ed5c8195049c221,QUALITY_COMPOUNDER,Quality Compounder,FROZEN_V2_PROD_1.0,GPPL,NSE_EQ|GPPL,NSE,EQUITY,CERTIFIED_CLEAN_886,319,2026-10-02T17:12:51.176370+05:30,2026-10-02T17:14:54.496236+05:30,2026-10-02T17:14:54.496236+05:30,2026-10-02T17:14:54.496236+05:30,DATA_FAILURE,BLOCKED,False,NONE,True,True,DATA_GATE,FAIL_SALES_CAGR
c6c800bcad0f4cbe9ed5c8195049c221,QUALITY_COMPOUNDER,Quality Compounder,FROZEN_V2_PROD_1.0,GPTHEALTH,NSE_EQ|GPTHEALTH,NSE,EQUITY,CERTIFIED_CLEAN_886,320,2026-10-02T17:12:51.176370+05:30,2026-10-02T17:14:54.618518+05:30,2026-10-02T17:14:54.618518+05:30,2026-10-02T17:14:54.618518+05:30,STRUCTURAL_INELIGIBLE,BLOCKED,False,NONE,True,True,DATA_GATE,DATA_INSUFFICIENT_QUALITY
c6c800bcad0f4cbe9ed5c8195049c221,QUALITY_COMPOUNDER,Quality Compounder,FROZEN_V2_PROD_1.0,GPTINFRA,NSE_EQ|GPTINFRA,NSE,EQUITY,CERTIFIED_CLEAN_886,321,2026-10-02T17:12:51.176370+05:30,2026-10-02T17:14:54.951246+05:30,2026-10-02T17:14:54.951246+05:30,2026-10-02T17:14:54.951246+05:30,DATA_FAILURE,BLOCKED,False,NONE,True,True,DATA_GATE,DATA_INSUFFICIENT_VALUATION
c6c800bcad0f4cbe9ed5c8195049c221,QUALITY_COMPOUNDER,Quality Compounder,FROZEN_V2_PROD_1.0,GRANULES,NSE_EQ|GRANULES,NSE,EQUITY,CERTIFIED_CLEAN_886,322,2026-10-02T17:12:51.176370+05:30,2026-10-02T17:14:54.968531+05:30,2026-10-02T17:14:54.968531+05:30,2026-10-02T17:14:54.968531+05:30,DATA_FAILURE,BLOCKED,False,NONE,True,True,DATA_GATE,FAIL_PAT_CAGR
c6c800bcad0f4cbe9ed5c8195049c221,QUALITY_COMPOUNDER,Quality Compounder,FROZEN_V2_PROD_1.0,GRAVITA,NSE_EQ|GRAVITA,NSE,EQUITY,CERTIFIED_CLEAN_886,323,2026-10-02T17:12:51.176370+05:30,2026-10-02T17:14:54.984679+05:30,2026-10-02T17:14:54.984679+05:30,2026-10-02T17:14:54.984679+05:30,DATA_FAILURE,BLOCKED,False,NONE,True,True,DATA_GATE,FAIL_CFO_PAT
c6c800bcad0f4cbe9ed5c8195049c221,QUALITY_COMPOUNDER,Quality Compounder,FROZEN_V2_PROD_1.0,GREENPLY,NSE_EQ|GREENPLY,NSE,EQUITY,CERTIFIED_CLEAN_886,324,2026-10-02T17:12:51.176370+05:30,2026-10-02T17:14:54.996969+05:30,2026-10-02T17:14:54.996969+05:30,2026-10-02T17:14:54.996969+05:30,DATA_FAILURE,BLOCKED,False,NONE,True,True,DATA_GATE,FAIL_ROCE
c6c800bcad0f4cbe9ed5c8195049c221,QUALITY_COMPOUNDER,Quality Compounder,FROZEN_V2_PROD_1.0,GRINDWELL,NSE_EQ|GRINDWELL,NSE,EQUITY,CERTIFIED_CLEAN_886,325,2026-10-02T17:12:51.176370+05:30,2026-10-02T17:14:55.107224+05:30,2026-10-02T17:14:55.107224+05:30,2026-10-02T17:14:55.107224+05:30,DATA_FAILURE,BLOCKED,False,NONE,True,True,DATA_GATE,DATA_INSUFFICIENT_VALUATION
c6c800bcad0f4cbe9ed5c8195049c221,QUALITY_COMPOUNDER,Quality Compounder,FROZEN_V2_PROD_1.0,GRINFRA,NSE_EQ|GRINFRA,NSE,EQUITY,CERTIFIED_CLEAN_886,326,2026-10-02T17:12:51.176370+05:30,2026-10-02T17:14:55.120421+05:30,2026-10-02T17:14:55.120421+05:30,2026-10-02T17:14:55.120421+05:30,DATA_FAILURE,BLOCKED,False,NONE,True,True,DATA_GATE,FAIL_SALES_CAGR
c6c800bcad0f4cbe9ed5c8195049c221,QUALITY_COMPOUNDER,Quality Compounder,FROZEN_V2_PROD_1.0,GROWW,NSE_EQ|GROWW,NSE,EQUITY,CERTIFIED_CLEAN_886,327,2026-10-02T17:12:51.176370+05:30,2026-10-02T17:14:55.139495+05:30,2026-10-02T17:14:55.139495+05:30,2026-10-02T17:14:55.139495+05:30,DATA_FAILURE,BLOCKED,False,NONE,True,True,DATA_GATE,DATA_INSUFFICIENT_QUALITY
c6c800bcad0f4cbe9ed5c8195049c221,QUALITY_COMPOUNDER,Quality Compounder,FROZEN_V2_PROD_1.0,GRSE,NSE_EQ|GRSE,NSE,EQUITY,CERTIFIED_CLEAN_886,328,2026-10-02T17:12:51.176370+05:30,2026-10-02T17:14:55.159295+05:30,2026-10-02T17:14:55.159295+05:30,2026-10-02T17:14:55.159295+05:30,DATA_FAILURE,BLOCKED,False,NONE,True,True,DATA_GATE,DATA_FAILURE_NO_PIT (PIT_INGESTION_GAP)
c6c800bcad0f4cbe9ed5c8195049c221,QUALITY_COMPOUNDER,Quality Compounder,FROZEN_V2_PROD_1.0,GRWRHITECH,NSE_EQ|GRWRHITECH,NSE,EQUITY,CERTIFIED_CLEAN_886,329,2026-10-02T17:12:51.176370+05:30,2026-10-02T17:14:55.430184+05:30,2026-10-02T17:14:55.430184+05:30,2026-10-02T17:14:55.430184+05:30,DATA_FAILURE,BLOCKED,False,NONE,True,True,DATA_GATE,DATA_INSUFFICIENT_VALUATION
c6c800bcad0f4cbe9ed5c8195049c221,QUALITY_COMPOUNDER,Quality Compounder,FROZEN_V2_PROD_1.0,GUFICBIO,NSE_EQ|GUFICBIO,NSE,EQUITY,CERTIFIED_CLEAN_886,330,2026-10-02T17:12:51.176370+05:30,2026-10-02T17:14:55.462120+05:30,2026-10-02T17:14:55.462120+05:30,2026-10-02T17:14:55.462120+05:30,DATA_FAILURE,BLOCKED,False,NONE,True,True,DATA_GATE,DATA_INSUFFICIENT_QUALITY
c6c800bcad0f4cbe9ed5c8195049c221,QUALITY_COMPOUNDER,Quality Compounder,FROZEN_V2_PROD_1.0,GUJGASLTD,NSE_EQ|GUJGASLTD,NSE,EQUITY,CERTIFIED_CLEAN_886,331,2026-10-02T17:12:51.176370+05:30,2026-10-02T17:14:55.571355+05:30,2026-10-02T17:14:55.571355+05:30,2026-10-02T17:14:55.571355+05:30,DATA_FAILURE,BLOCKED,False,NONE,True,True,DATA_GATE,DATA_FAILURE_NO_PIT (PIT_INGESTION_GAP)
c6c800bcad0f4cbe9ed5c8195049c221,QUALITY_COMPOUNDER,Quality Compounder,FROZEN_V2_PROD_1.0,GUJTHEM,NSE_EQ|GUJTHEM,NSE,EQUITY,CERTIFIED_CLEAN_886,332,2026-10-02T17:12:51.176370+05:30,2026-10-02T17:14:55.601103+05:30,2026-10-02T17:14:55.601103+05:30,2026-10-02T17:14:55.601103+05:30,STRUCTURAL_INELIGIBLE,BLOCKED,False,NONE,True,True,DATA_GATE,DATA_INSUFFICIENT_QUALITY
c6c800bcad0f4cbe9ed5c8195049c221,QUALITY_COMPOUNDER,Quality Compounder,FROZEN_V2_PROD_1.0,GULFOILLUB,NSE_EQ|GULFOILLUB,NSE,EQUITY,CERTIFIED_CLEAN_886,333,2026-10-02T17:12:51.176370+05:30,2026-10-02T17:14:55.628472+05:30,2026-10-02T17:14:55.628472+05:30,2026-10-02T17:14:55.628472+05:30,DATA_FAILURE,BLOCKED,False,NONE,True,True,DATA_GATE,DATA_INSUFFICIENT_QUALITY
c6c800bcad0f4cbe9ed5c8195049c221,QUALITY_COMPOUNDER,Quality Compounder,FROZEN_V2_PROD_1.0,GULPOLY,NSE_EQ|GULPOLY,NSE,EQUITY,CERTIFIED_CLEAN_886,334,2026-10-02T17:12:51.176370+05:30,2026-10-02T17:14:55.642169+05:30,2026-10-02T17:14:55.642169+05:30,2026-10-02T17:14:55.642169+05:30,DATA_FAILURE,BLOCKED,False,NONE,True,True,DATA_GATE,DATA_INSUFFICIENT_QUALITY
c6c800bcad0f4cbe9ed5c8195049c221,QUALITY_COMPOUNDER,Quality Compounder,FROZEN_V2_PROD_1.0,GVPIL,NSE_EQ|GVPIL,NSE,EQUITY,CERTIFIED_CLEAN_886,335,2026-10-02T17:12:51.176370+05:30,2026-10-02T17:14:55.658073+05:30,2026-10-02T17:14:55.658073+05:30,2026-10-02T17:14:55.658073+05:30,DATA_FAILURE,BLOCKED,False,NONE,True,True,DATA_GATE,FAIL_ROCE
c6c800bcad0f4cbe9ed5c8195049c221,QUALITY_COMPOUNDER,Quality Compounder,FROZEN_V2_PROD_1.0,GVT&D,NSE_EQ|GVT&D,NSE,EQUITY,CERTIFIED_CLEAN_886,336,2026-10-02T17:12:51.176370+05:30,2026-10-02T17:14:55.678795+05:30,2026-10-02T17:14:55.678795+05:30,2026-10-02T17:14:55.678795+05:30,DATA_FAILURE,BLOCKED,False,NONE,True,True,DATA_GATE,DATA_INSUFFICIENT_QUALITY
c6c800bcad0f4cbe9ed5c8195049c221,QUALITY_COMPOUNDER,Quality Compounder,FROZEN_V2_PROD_1.0,HAL,NSE_EQ|HAL,NSE,EQUITY,CERTIFIED_CLEAN_886,337,2026-10-02T17:12:51.176370+05:30,2026-10-02T17:14:55.697506+05:30,2026-10-02T17:14:55.697506+05:30,2026-10-02T17:14:55.697506+05:30,DATA_FAILURE,BLOCKED,False,NONE,True,True,DATA_GATE,FAIL_SALES_CAGR
c6c800bcad0f4cbe9ed5c8195049c221,QUALITY_COMPOUNDER,Quality Compounder,FROZEN_V2_PROD_1.0,HAPPSTMNDS,NSE_EQ|HAPPSTMNDS,NSE,EQUITY,CERTIFIED_CLEAN_886,338,2026-10-02T17:12:51.176370+05:30,2026-10-02T17:14:55.744424+05:30,2026-10-02T17:14:55.744424+05:30,2026-10-02T17:14:55.744424+05:30,DATA_FAILURE,BLOCKED,False,NONE,True,True,DATA_GATE,FAIL_PAT_CAGR
c6c800bcad0f4cbe9ed5c8195049c221,QUALITY_COMPOUNDER,Quality Compounder,FROZEN_V2_PROD_1.0,HAPPYFORGE,NSE_EQ|HAPPYFORGE,NSE,EQUITY,CERTIFIED_CLEAN_886,339,2026-10-02T17:12:51.176370+05:30,2026-10-02T17:14:55.949531+05:30,2026-10-02T17:14:55.949531+05:30,2026-10-02T17:14:55.949531+05:30,DATA_FAILURE,BLOCKED,False,NONE,True,True,DATA_GATE,DATA_INSUFFICIENT_VALUATION
c6c800bcad0f4cbe9ed5c8195049c221,QUALITY_COMPOUNDER,Quality Compounder,FROZEN_V2_PROD_1.0,HARIOMPIPE,NSE_EQ|HARIOMPIPE,NSE,EQUITY,CERTIFIED_CLEAN_886,340,2026-10-02T17:12:51.176370+05:30,2026-10-02T17:14:55.980336+05:30,2026-10-02T17:14:55.980336+05:30,2026-10-02T17:14:55.980336+05:30,STRUCTURAL_INELIGIBLE,BLOCKED,False,NONE,True,True,DATA_GATE,DATA_INSUFFICIENT_QUALITY
c6c800bcad0f4cbe9ed5c8195049c221,QUALITY_COMPOUNDER,Quality Compounder,FROZEN_V2_PROD_1.0,HARSHA,NSE_EQ|HARSHA,NSE,EQUITY,CERTIFIED_CLEAN_886,341,2026-10-02T17:12:51.176370+05:30,2026-10-02T17:14:56.033516+05:30,2026-10-02T17:14:56.033516+05:30,2026-10-02T17:14:56.033516+05:30,DATA_FAILURE,BLOCKED,False,NONE,True,True,DATA_GATE,FAIL_ROCE
c6c800bcad0f4cbe9ed5c8195049c221,QUALITY_COMPOUNDER,Quality Compounder,FROZEN_V2_PROD_1.0,HATSUN,NSE_EQ|HATSUN,NSE,EQUITY,CERTIFIED_CLEAN_886,342,2026-10-02T17:12:51.176370+05:30,2026-10-02T17:14:56.105680+05:30,2026-10-02T17:14:56.105680+05:30,2026-10-02T17:14:56.105680+05:30,DATA_FAILURE,BLOCKED,False,NONE,True,True,DATA_GATE,DATA_INSUFFICIENT_QUALITY
c6c800bcad0f4cbe9ed5c8195049c221,QUALITY_COMPOUNDER,Quality Compounder,FROZEN_V2_PROD_1.0,HAVELLS,NSE_EQ|HAVELLS,NSE,EQUITY,CERTIFIED_CLEAN_886,343,2026-10-02T17:12:51.176370+05:30,2026-10-02T17:14:56.531773+05:30,2026-10-02T17:14:56.531773+05:30,2026-10-02T17:14:56.531773+05:30,DATA_FAILURE,BLOCKED,False,NONE,True,True,DATA_GATE,DATA_INSUFFICIENT_VALUATION
c6c800bcad0f4cbe9ed5c8195049c221,QUALITY_COMPOUNDER,Quality Compounder,FROZEN_V2_PROD_1.0,HAWKINCOOK,NSE_EQ|HAWKINCOOK,NSE,EQUITY,CERTIFIED_CLEAN_886,344,2026-10-02T17:12:51.176370+05:30,2026-10-02T17:14:56.536089+05:30,2026-10-02T17:14:56.536089+05:30,2026-10-02T17:14:56.536089+05:30,DATA_FAILURE,BLOCKED,False,NONE,True,True,DATA_GATE,DATA_FAILURE_NO_PIT (PIT_INGESTION_GAP)
c6c800bcad0f4cbe9ed5c8195049c221,QUALITY_COMPOUNDER,Quality Compounder,FROZEN_V2_PROD_1.0,HBLENGINE,NSE_EQ|HBLENGINE,NSE,EQUITY,CERTIFIED_CLEAN_886,345,2026-10-02T17:12:51.176370+05:30,2026-10-02T17:14:56.692572+05:30,2026-10-02T17:14:56.692572+05:30,2026-10-02T17:14:56.692572+05:30,DATA_FAILURE,BLOCKED,False,NONE,True,True,DATA_GATE,DATA_INSUFFICIENT_VALUATION
c6c800bcad0f4cbe9ed5c8195049c221,QUALITY_COMPOUNDER,Quality Compounder,FROZEN_V2_PROD_1.0,HCLTECH,NSE_EQ|HCLTECH,NSE,EQUITY,CERTIFIED_CLEAN_886,346,2026-10-02T17:12:51.176370+05:30,2026-10-02T17:14:56.742379+05:30,2026-10-02T17:14:56.742379+05:30,2026-10-02T17:14:56.742379+05:30,DATA_FAILURE,BLOCKED,False,NONE,True,True,DATA_GATE,FAIL_PAT_CAGR
c6c800bcad0f4cbe9ed5c8195049c221,QUALITY_COMPOUNDER,Quality Compounder,FROZEN_V2_PROD_1.0,HDBFS,NSE_EQ|HDBFS,NSE,EQUITY,CERTIFIED_CLEAN_886,347,2026-10-02T17:12:51.176370+05:30,2026-10-02T17:14:56.754829+05:30,2026-10-02T17:14:56.754829+05:30,2026-10-02T17:14:56.754829+05:30,FULLY_EVALUABLE,REJECTED,False,NONE,False,True,QUALITY_GATE,METRIC_NOT_APPLICABLE_FINANCIAL
c6c800bcad0f4cbe9ed5c8195049c221,QUALITY_COMPOUNDER,Quality Compounder,FROZEN_V2_PROD_1.0,HDFCAMC,NSE_EQ|HDFCAMC,NSE,EQUITY,CERTIFIED_CLEAN_886,348,2026-10-02T17:12:51.176370+05:30,2026-10-02T17:14:56.774994+05:30,2026-10-02T17:14:56.774994+05:30,2026-10-02T17:14:56.774994+05:30,FULLY_EVALUABLE,REJECTED,False,NONE,False,True,QUALITY_GATE,METRIC_NOT_APPLICABLE_FINANCIAL
c6c800bcad0f4cbe9ed5c8195049c221,QUALITY_COMPOUNDER,Quality Compounder,FROZEN_V2_PROD_1.0,HDFCBANK,NSE_EQ|HDFCBANK,NSE,EQUITY,CERTIFIED_CLEAN_886,349,2026-10-02T17:12:51.176370+05:30,2026-10-02T17:14:56.789233+05:30,2026-10-02T17:14:56.789233+05:30,2026-10-02T17:14:56.789233+05:30,FULLY_EVALUABLE,REJECTED,False,NONE,False,True,QUALITY_GATE,METRIC_NOT_APPLICABLE_FINANCIAL
c6c800bcad0f4cbe9ed5c8195049c221,QUALITY_COMPOUNDER,Quality Compounder,FROZEN_V2_PROD_1.0,HDFCLIFE,NSE_EQ|HDFCLIFE,NSE,EQUITY,CERTIFIED_CLEAN_886,350,2026-10-02T17:12:51.176370+05:30,2026-10-02T17:14:56.802461+05:30,2026-10-02T17:14:56.802461+05:30,2026-10-02T17:14:56.802461+05:30,FULLY_EVALUABLE,REJECTED,False,NONE,False,True,QUALITY_GATE,METRIC_NOT_APPLICABLE_FINANCIAL
c6c800bcad0f4cbe9ed5c8195049c221,QUALITY_COMPOUNDER,Quality Compounder,FROZEN_V2_PROD_1.0,HEIDELBERG,NSE_EQ|HEIDELBERG,NSE,EQUITY,CERTIFIED_CLEAN_886,351,2026-10-02T17:12:51.176370+05:30,2026-10-02T17:14:56.805734+05:30,2026-10-02T17:14:56.805734+05:30,2026-10-02T17:14:56.805734+05:30,DATA_FAILURE,BLOCKED,False,NONE,True,True,DATA_GATE,DATA_FAILURE_NO_PIT (PIT_INGESTION_GAP)
c6c800bcad0f4cbe9ed5c8195049c221,QUALITY_COMPOUNDER,Quality Compounder,FROZEN_V2_PROD_1.0,HERITGFOOD,NSE_EQ|HERITGFOOD,NSE,EQUITY,CERTIFIED_CLEAN_886,352,2026-10-02T17:12:51.176370+05:30,2026-10-02T17:14:56.824892+05:30,2026-10-02T17:14:56.824892+05:30,2026-10-02T17:14:56.824892+05:30,DATA_FAILURE,BLOCKED,False,NONE,True,True,DATA_GATE,FAIL_PAT_CAGR
c6c800bcad0f4cbe9ed5c8195049c221,QUALITY_COMPOUNDER,Quality Compounder,FROZEN_V2_PROD_1.0,HEROMOTOCO,NSE_EQ|HEROMOTOCO,NSE,EQUITY,CERTIFIED_CLEAN_886,353,2026-10-02T17:12:51.176370+05:30,2026-10-02T17:14:56.840644+05:30,2026-10-02T17:14:56.840644+05:30,2026-10-02T17:14:56.840644+05:30,DATA_FAILURE,BLOCKED,False,NONE,True,True,DATA_GATE,FAIL_SALES_CAGR
c6c800bcad0f4cbe9ed5c8195049c221,QUALITY_COMPOUNDER,Quality Compounder,FROZEN_V2_PROD_1.0,HESTERBIO,NSE_EQ|HESTERBIO,NSE,EQUITY,CERTIFIED_CLEAN_886,354,2026-10-02T17:12:51.176370+05:30,2026-10-02T17:14:56.857239+05:30,2026-10-02T17:14:56.857239+05:30,2026-10-02T17:14:56.857239+05:30,DATA_FAILURE,BLOCKED,False,NONE,True,True,DATA_GATE,FAIL_ROCE
c6c800bcad0f4cbe9ed5c8195049c221,QUALITY_COMPOUNDER,Quality Compounder,FROZEN_V2_PROD_1.0,HEXT,NSE_EQ|HEXT,NSE,EQUITY,CERTIFIED_CLEAN_886,355,2026-10-02T17:12:51.176370+05:30,2026-10-02T17:14:56.979843+05:30,2026-10-02T17:14:56.979843+05:30,2026-10-02T17:14:56.979843+05:30,DATA_FAILURE,BLOCKED,False,NONE,True,True,DATA_GATE,DATA_INSUFFICIENT_VALUATION
c6c800bcad0f4cbe9ed5c8195049c221,QUALITY_COMPOUNDER,Quality Compounder,FROZEN_V2_PROD_1.0,HGINFRA,NSE_EQ|HGINFRA,NSE,EQUITY,CERTIFIED_CLEAN_886,356,2026-10-02T17:12:51.176370+05:30,2026-10-02T17:14:56.999554+05:30,2026-10-02T17:14:56.999554+05:30,2026-10-02T17:14:56.999554+05:30,DATA_FAILURE,BLOCKED,False,NONE,True,True,DATA_GATE,FAIL_PAT_CAGR
c6c800bcad0f4cbe9ed5c8195049c221,QUALITY_COMPOUNDER,Quality Compounder,FROZEN_V2_PROD_1.0,HINDALCO,NSE_EQ|HINDALCO,NSE,EQUITY,CERTIFIED_CLEAN_886,357,2026-10-02T17:12:51.176370+05:30,2026-10-02T17:14:57.020057+05:30,2026-10-02T17:14:57.020057+05:30,2026-10-02T17:14:57.020057+05:30,DATA_FAILURE,BLOCKED,False,NONE,True,True,DATA_GATE,FAIL_ROCE
c6c800bcad0f4cbe9ed5c8195049c221,QUALITY_COMPOUNDER,Quality Compounder,FROZEN_V2_PROD_1.0,HINDCOPPER,NSE_EQ|HINDCOPPER,NSE,EQUITY,CERTIFIED_CLEAN_886,358,2026-10-02T17:12:51.176370+05:30,2026-10-02T17:14:57.196374+05:30,2026-10-02T17:14:57.196374+05:30,2026-10-02T17:14:57.196374+05:30,DATA_FAILURE,BLOCKED,False,NONE,True,True,DATA_GATE,DATA_INSUFFICIENT_VALUATION
c6c800bcad0f4cbe9ed5c8195049c221,QUALITY_COMPOUNDER,Quality Compounder,FROZEN_V2_PROD_1.0,HINDPETRO,NSE_EQ|HINDPETRO,NSE,EQUITY,CERTIFIED_CLEAN_886,359,2026-10-02T17:12:51.176370+05:30,2026-10-02T17:14:57.213581+05:30,2026-10-02T17:14:57.213581+05:30,2026-10-02T17:14:57.213581+05:30,DATA_FAILURE,BLOCKED,False,NONE,True,True,DATA_GATE,FAIL_ROCE
c6c800bcad0f4cbe9ed5c8195049c221,QUALITY_COMPOUNDER,Quality Compounder,FROZEN_V2_PROD_1.0,HINDUNILVR,NSE_EQ|HINDUNILVR,NSE,EQUITY,CERTIFIED_CLEAN_886,360,2026-10-02T17:12:51.176370+05:30,2026-10-02T17:14:57.540713+05:30,2026-10-02T17:14:57.540713+05:30,2026-10-02T17:14:57.540713+05:30,DATA_FAILURE,BLOCKED,False,NONE,True,True,DATA_GATE,DATA_INSUFFICIENT_VALUATION
c6c800bcad0f4cbe9ed5c8195049c221,QUALITY_COMPOUNDER,Quality Compounder,FROZEN_V2_PROD_1.0,HINDZINC,NSE_EQ|HINDZINC,NSE,EQUITY,CERTIFIED_CLEAN_886,361,2026-10-02T17:12:51.176370+05:30,2026-10-02T17:14:57.727393+05:30,2026-10-02T17:14:57.727393+05:30,2026-10-02T17:14:57.727393+05:30,DATA_FAILURE,BLOCKED,False,NONE,True,True,DATA_GATE,DATA_INSUFFICIENT_VALUATION
c6c800bcad0f4cbe9ed5c8195049c221,QUALITY_COMPOUNDER,Quality Compounder,FROZEN_V2_PROD_1.0,HIRECT,NSE_EQ|HIRECT,NSE,EQUITY,CERTIFIED_CLEAN_886,362,2026-10-02T17:12:51.176370+05:30,2026-10-02T17:14:57.758270+05:30,2026-10-02T17:14:57.758270+05:30,2026-10-02T17:14:57.758270+05:30,DATA_FAILURE,BLOCKED,False,NONE,True,True,DATA_GATE,DATA_INSUFFICIENT_QUALITY
c6c800bcad0f4cbe9ed5c8195049c221,QUALITY_COMPOUNDER,Quality Compounder,FROZEN_V2_PROD_1.0,HLEGLAS,NSE_EQ|HLEGLAS,NSE,EQUITY,CERTIFIED_CLEAN_886,363,2026-10-02T17:12:51.176370+05:30,2026-10-02T17:14:57.779299+05:30,2026-10-02T17:14:57.779299+05:30,2026-10-02T17:14:57.779299+05:30,DATA_FAILURE,BLOCKED,False,NONE,True,True,DATA_GATE,FAIL_PAT_CAGR
c6c800bcad0f4cbe9ed5c8195049c221,QUALITY_COMPOUNDER,Quality Compounder,FROZEN_V2_PROD_1.0,HNDFDS,NSE_EQ|HNDFDS,NSE,EQUITY,CERTIFIED_CLEAN_886,364,2026-10-02T17:12:51.176370+05:30,2026-10-02T17:14:57.794122+05:30,2026-10-02T17:14:57.794122+05:30,2026-10-02T17:14:57.794122+05:30,DATA_FAILURE,BLOCKED,False,NONE,True,True,DATA_GATE,FAIL_DEBT
c6c800bcad0f4cbe9ed5c8195049c221,QUALITY_COMPOUNDER,Quality Compounder,FROZEN_V2_PROD_1.0,HONASA,NSE_EQ|HONASA,NSE,EQUITY,CERTIFIED_CLEAN_886,365,2026-10-02T17:12:51.176370+05:30,2026-10-02T17:14:57.812707+05:30,2026-10-02T17:14:57.812707+05:30,2026-10-02T17:14:57.812707+05:30,DATA_FAILURE,BLOCKED,False,NONE,True,True,DATA_GATE,DATA_INSUFFICIENT_QUALITY
c6c800bcad0f4cbe9ed5c8195049c221,QUALITY_COMPOUNDER,Quality Compounder,FROZEN_V2_PROD_1.0,HONAUT,NSE_EQ|HONAUT,NSE,EQUITY,CERTIFIED_CLEAN_886,366,2026-10-02T17:12:51.176370+05:30,2026-10-02T17:14:57.817029+05:30,2026-10-02T17:14:57.817029+05:30,2026-10-02T17:14:57.817029+05:30,DATA_FAILURE,BLOCKED,False,NONE,True,True,DATA_GATE,DATA_FAILURE_NO_PIT (PIT_INGESTION_GAP)
c6c800bcad0f4cbe9ed5c8195049c221,QUALITY_COMPOUNDER,Quality Compounder,FROZEN_V2_PROD_1.0,HPL,NSE_EQ|HPL,NSE,EQUITY,CERTIFIED_CLEAN_886,367,2026-10-02T17:12:51.176370+05:30,2026-10-02T17:14:57.836193+05:30,2026-10-02T17:14:57.836193+05:30,2026-10-02T17:14:57.836193+05:30,DATA_FAILURE,BLOCKED,False,NONE,True,True,DATA_GATE,FAIL_ROCE
c6c800bcad0f4cbe9ed5c8195049c221,QUALITY_COMPOUNDER,Quality Compounder,FROZEN_V2_PROD_1.0,HSCL,NSE_EQ|HSCL,NSE,EQUITY,CERTIFIED_CLEAN_886,368,2026-10-02T17:12:51.176370+05:30,2026-10-02T17:14:58.092731+05:30,2026-10-02T17:14:58.092731+05:30,2026-10-02T17:14:58.092731+05:30,DATA_FAILURE,BLOCKED,False,NONE,True,True,DATA_GATE,DATA_INSUFFICIENT_VALUATION
c6c800bcad0f4cbe9ed5c8195049c221,QUALITY_COMPOUNDER,Quality Compounder,FROZEN_V2_PROD_1.0,HUDCO,NSE_EQ|HUDCO,NSE,EQUITY,CERTIFIED_CLEAN_886,369,2026-10-02T17:12:51.176370+05:30,2026-10-02T17:14:58.110483+05:30,2026-10-02T17:14:58.110483+05:30,2026-10-02T17:14:58.110483+05:30,FULLY_EVALUABLE,REJECTED,False,NONE,False,True,QUALITY_GATE,METRIC_NOT_APPLICABLE_FINANCIAL
c6c800bcad0f4cbe9ed5c8195049c221,QUALITY_COMPOUNDER,Quality Compounder,FROZEN_V2_PROD_1.0,HUHTAMAKI,NSE_EQ|HUHTAMAKI,NSE,EQUITY,CERTIFIED_CLEAN_886,370,2026-10-02T17:12:51.176370+05:30,2026-10-02T17:14:58.200291+05:30,2026-10-02T17:14:58.200291+05:30,2026-10-02T17:14:58.200291+05:30,DATA_FAILURE,BLOCKED,False,NONE,True,True,DATA_GATE,DATA_INSUFFICIENT_QUALITY
c6c800bcad0f4cbe9ed5c8195049c221,QUALITY_COMPOUNDER,Quality Compounder,FROZEN_V2_PROD_1.0,HYUNDAI,NSE_EQ|HYUNDAI,NSE,EQUITY,CERTIFIED_CLEAN_886,371,2026-10-02T17:12:51.176370+05:30,2026-10-02T17:14:58.563593+05:30,2026-10-02T17:14:58.563593+05:30,2026-10-02T17:14:58.563593+05:30,DATA_FAILURE,BLOCKED,False,NONE,True,True,DATA_GATE,DATA_INSUFFICIENT_VALUATION
c6c800bcad0f4cbe9ed5c8195049c221,QUALITY_COMPOUNDER,Quality Compounder,FROZEN_V2_PROD_1.0,ICEMAKE,NSE_EQ|ICEMAKE,NSE,EQUITY,CERTIFIED_CLEAN_886,372,2026-10-02T17:12:51.176370+05:30,2026-10-02T17:14:58.576333+05:30,2026-10-02T17:14:58.576333+05:30,2026-10-02T17:14:58.576333+05:30,DATA_FAILURE,BLOCKED,False,NONE,True,True,DATA_GATE,FAIL_UNIVERSE_MARKET_CAP
c6c800bcad0f4cbe9ed5c8195049c221,QUALITY_COMPOUNDER,Quality Compounder,FROZEN_V2_PROD_1.0,ICICIBANK,NSE_EQ|ICICIBANK,NSE,EQUITY,CERTIFIED_CLEAN_886,373,2026-10-02T17:12:51.176370+05:30,2026-10-02T17:14:58.585821+05:30,2026-10-02T17:14:58.585821+05:30,2026-10-02T17:14:58.585821+05:30,FULLY_EVALUABLE,REJECTED,False,NONE,False,True,QUALITY_GATE,METRIC_NOT_APPLICABLE_FINANCIAL
c6c800bcad0f4cbe9ed5c8195049c221,QUALITY_COMPOUNDER,Quality Compounder,FROZEN_V2_PROD_1.0,ICICIGI,NSE_EQ|ICICIGI,NSE,EQUITY,CERTIFIED_CLEAN_886,374,2026-10-02T17:12:51.176370+05:30,2026-10-02T17:14:58.588844+05:30,2026-10-02T17:14:58.588844+05:30,2026-10-02T17:14:58.588844+05:30,DATA_FAILURE,BLOCKED,False,NONE,True,True,DATA_GATE,DATA_FAILURE_NO_PIT (PIT_INGESTION_GAP)
c6c800bcad0f4cbe9ed5c8195049c221,QUALITY_COMPOUNDER,Quality Compounder,FROZEN_V2_PROD_1.0,ICICIPRULI,NSE_EQ|ICICIPRULI,NSE,EQUITY,CERTIFIED_CLEAN_886,375,2026-10-02T17:12:51.176370+05:30,2026-10-02T17:14:58.604210+05:30,2026-10-02T17:14:58.604210+05:30,2026-10-02T17:14:58.604210+05:30,FULLY_EVALUABLE,REJECTED,False,NONE,False,True,QUALITY_GATE,METRIC_NOT_APPLICABLE_FINANCIAL
c6c800bcad0f4cbe9ed5c8195049c221,QUALITY_COMPOUNDER,Quality Compounder,FROZEN_V2_PROD_1.0,ICRA,NSE_EQ|ICRA,NSE,EQUITY,CERTIFIED_CLEAN_886,376,2026-10-02T17:12:51.176370+05:30,2026-10-02T17:14:58.725845+05:30,2026-10-02T17:14:58.725845+05:30,2026-10-02T17:14:58.725845+05:30,DATA_FAILURE,BLOCKED,False,NONE,True,True,DATA_GATE,DATA_INSUFFICIENT_VALUATION
c6c800bcad0f4cbe9ed5c8195049c221,QUALITY_COMPOUNDER,Quality Compounder,FROZEN_V2_PROD_1.0,IEX,NSE_EQ|IEX,NSE,EQUITY,CERTIFIED_CLEAN_886,377,2026-10-02T17:12:51.176370+05:30,2026-10-02T17:14:59.069085+05:30,2026-10-02T17:14:59.069085+05:30,2026-10-02T17:14:59.069085+05:30,DATA_FAILURE,BLOCKED,False,NONE,True,True,DATA_GATE,DATA_INSUFFICIENT_VALUATION
c6c800bcad0f4cbe9ed5c8195049c221,QUALITY_COMPOUNDER,Quality Compounder,FROZEN_V2_PROD_1.0,IFBIND,NSE_EQ|IFBIND,NSE,EQUITY,CERTIFIED_CLEAN_886,378,2026-10-02T17:12:51.176370+05:30,2026-10-02T17:14:59.096053+05:30,2026-10-02T17:14:59.096053+05:30,2026-10-02T17:14:59.096053+05:30,DATA_FAILURE,BLOCKED,False,NONE,True,True,DATA_GATE,FAIL_ROCE
c6c800bcad0f4cbe9ed5c8195049c221,QUALITY_COMPOUNDER,Quality Compounder,FROZEN_V2_PROD_1.0,IGL,NSE_EQ|IGL,NSE,EQUITY,CERTIFIED_CLEAN_886,379,2026-10-02T17:12:51.176370+05:30,2026-10-02T17:14:59.114885+05:30,2026-10-02T17:14:59.114885+05:30,2026-10-02T17:14:59.114885+05:30,DATA_FAILURE,BLOCKED,False,NONE,True,True,DATA_GATE,FAIL_PAT_CAGR
c6c800bcad0f4cbe9ed5c8195049c221,QUALITY_COMPOUNDER,Quality Compounder,FROZEN_V2_PROD_1.0,IIFLCAPS,NSE_EQ|IIFLCAPS,NSE,EQUITY,CERTIFIED_CLEAN_886,380,2026-10-02T17:12:51.176370+05:30,2026-10-02T17:14:59.188045+05:30,2026-10-02T17:14:59.188045+05:30,2026-10-02T17:14:59.188045+05:30,FULLY_EVALUABLE,REJECTED,False,NONE,False,True,QUALITY_GATE,METRIC_NOT_APPLICABLE_FINANCIAL
c6c800bcad0f4cbe9ed5c8195049c221,QUALITY_COMPOUNDER,Quality Compounder,FROZEN_V2_PROD_1.0,IKS,NSE_EQ|IKS,NSE,EQUITY,CERTIFIED_CLEAN_886,381,2026-10-02T17:12:51.176370+05:30,2026-10-02T17:14:59.438712+05:30,2026-10-02T17:14:59.438712+05:30,2026-10-02T17:14:59.438712+05:30,DATA_FAILURE,BLOCKED,False,NONE,True,True,DATA_GATE,DATA_INSUFFICIENT_VALUATION
c6c800bcad0f4cbe9ed5c8195049c221,QUALITY_COMPOUNDER,Quality Compounder,FROZEN_V2_PROD_1.0,IMFA,NSE_EQ|IMFA,NSE,EQUITY,CERTIFIED_CLEAN_886,382,2026-10-02T17:12:51.176370+05:30,2026-10-02T17:14:59.455952+05:30,2026-10-02T17:14:59.455952+05:30,2026-10-02T17:14:59.455952+05:30,DATA_FAILURE,BLOCKED,False,NONE,True,True,DATA_GATE,FAIL_SALES_CAGR
c6c800bcad0f4cbe9ed5c8195049c221,QUALITY_COMPOUNDER,Quality Compounder,FROZEN_V2_PROD_1.0,INDGN,NSE_EQ|INDGN,NSE,EQUITY,CERTIFIED_CLEAN_886,383,2026-10-02T17:12:51.176370+05:30,2026-10-02T17:14:59.586788+05:30,2026-10-02T17:14:59.586788+05:30,2026-10-02T17:14:59.586788+05:30,DATA_FAILURE,BLOCKED,False,NONE,True,True,DATA_GATE,DATA_INSUFFICIENT_VALUATION
c6c800bcad0f4cbe9ed5c8195049c221,QUALITY_COMPOUNDER,Quality Compounder,FROZEN_V2_PROD_1.0,INDHOTEL,NSE_EQ|INDHOTEL,NSE,EQUITY,CERTIFIED_CLEAN_886,384,2026-10-02T17:12:51.176370+05:30,2026-10-02T17:14:59.615520+05:30,2026-10-02T17:14:59.615520+05:30,2026-10-02T17:14:59.615520+05:30,DATA_FAILURE,BLOCKED,False,NONE,True,True,DATA_GATE,DATA_INSUFFICIENT_QUALITY
c6c800bcad0f4cbe9ed5c8195049c221,QUALITY_COMPOUNDER,Quality Compounder,FROZEN_V2_PROD_1.0,INDIAMART,NSE_EQ|INDIAMART,NSE,EQUITY,CERTIFIED_CLEAN_886,385,2026-10-02T17:12:51.176370+05:30,2026-10-02T17:14:59.741427+05:30,2026-10-02T17:14:59.741427+05:30,2026-10-02T17:14:59.741427+05:30,DATA_FAILURE,BLOCKED,False,NONE,True,True,DATA_GATE,DATA_INSUFFICIENT_VALUATION
c6c800bcad0f4cbe9ed5c8195049c221,QUALITY_COMPOUNDER,Quality Compounder,FROZEN_V2_PROD_1.0,INDIANB,NSE_EQ|INDIANB,NSE,EQUITY,CERTIFIED_CLEAN_886,386,2026-10-02T17:12:51.176370+05:30,2026-10-02T17:14:59.765368+05:30,2026-10-02T17:14:59.765368+05:30,2026-10-02T17:14:59.765368+05:30,FULLY_EVALUABLE,REJECTED,False,NONE,False,True,QUALITY_GATE,METRIC_NOT_APPLICABLE_FINANCIAL
c6c800bcad0f4cbe9ed5c8195049c221,QUALITY_COMPOUNDER,Quality Compounder,FROZEN_V2_PROD_1.0,INDIANHUME,NSE_EQ|INDIANHUME,NSE,EQUITY,CERTIFIED_CLEAN_886,387,2026-10-02T17:12:51.176370+05:30,2026-10-02T17:14:59.767925+05:30,2026-10-02T17:14:59.767925+05:30,2026-10-02T17:14:59.767925+05:30,DATA_FAILURE,BLOCKED,False,NONE,True,True,DATA_GATE,DATA_FAILURE_NO_PIT (PIT_INGESTION_GAP)
c6c800bcad0f4cbe9ed5c8195049c221,QUALITY_COMPOUNDER,Quality Compounder,FROZEN_V2_PROD_1.0,INDIASHLTR,NSE_EQ|INDIASHLTR,NSE,EQUITY,CERTIFIED_CLEAN_886,388,2026-10-02T17:12:51.176370+05:30,2026-10-02T17:14:59.786784+05:30,2026-10-02T17:14:59.786784+05:30,2026-10-02T17:14:59.786784+05:30,FULLY_EVALUABLE,REJECTED,False,NONE,False,True,QUALITY_GATE,METRIC_NOT_APPLICABLE_FINANCIAL
c6c800bcad0f4cbe9ed5c8195049c221,QUALITY_COMPOUNDER,Quality Compounder,FROZEN_V2_PROD_1.0,INDNIPPON,NSE_EQ|INDNIPPON,NSE,EQUITY,CERTIFIED_CLEAN_886,389,2026-10-02T17:12:51.176370+05:30,2026-10-02T17:14:59.800874+05:30,2026-10-02T17:14:59.800874+05:30,2026-10-02T17:14:59.800874+05:30,DATA_FAILURE,BLOCKED,False,NONE,True,True,DATA_GATE,DATA_INSUFFICIENT_QUALITY
c6c800bcad0f4cbe9ed5c8195049c221,QUALITY_COMPOUNDER,Quality Compounder,FROZEN_V2_PROD_1.0,INDOBORAX,NSE_EQ|INDOBORAX,NSE,EQUITY,CERTIFIED_CLEAN_886,390,2026-10-02T17:12:51.176370+05:30,2026-10-02T17:14:59.811202+05:30,2026-10-02T17:14:59.811202+05:30,2026-10-02T17:14:59.811202+05:30,DATA_FAILURE,BLOCKED,False,NONE,True,True,DATA_GATE,FAIL_SALES_CAGR
c6c800bcad0f4cbe9ed5c8195049c221,QUALITY_COMPOUNDER,Quality Compounder,FROZEN_V2_PROD_1.0,INDOTECH,NSE_EQ|INDOTECH,NSE,EQUITY,CERTIFIED_CLEAN_886,391,2026-10-02T17:12:51.176370+05:30,2026-10-02T17:14:59.814936+05:30,2026-10-02T17:14:59.814936+05:30,2026-10-02T17:14:59.814936+05:30,DATA_FAILURE,BLOCKED,False,NONE,True,True,DATA_GATE,DATA_FAILURE_NO_PIT (PIT_INGESTION_GAP)
c6c800bcad0f4cbe9ed5c8195049c221,QUALITY_COMPOUNDER,Quality Compounder,FROZEN_V2_PROD_1.0,INDOTHAI,NSE_EQ|INDOTHAI,NSE,EQUITY,CERTIFIED_CLEAN_886,392,2026-10-02T17:12:51.176370+05:30,2026-10-02T17:14:59.831695+05:30,2026-10-02T17:14:59.831695+05:30,2026-10-02T17:14:59.831695+05:30,DATA_FAILURE,BLOCKED,False,NONE,True,True,DATA_GATE,FAIL_UNIVERSE_MARKET_CAP
c6c800bcad0f4cbe9ed5c8195049c221,QUALITY_COMPOUNDER,Quality Compounder,FROZEN_V2_PROD_1.0,INDRAMEDCO,NSE_EQ|INDRAMEDCO,NSE,EQUITY,CERTIFIED_CLEAN_886,393,2026-10-02T17:12:51.176370+05:30,2026-10-02T17:14:59.835601+05:30,2026-10-02T17:14:59.835601+05:30,2026-10-02T17:14:59.835601+05:30,DATA_FAILURE,BLOCKED,False,NONE,True,True,DATA_GATE,DATA_FAILURE_NO_PIT (PIT_INGESTION_GAP)
c6c800bcad0f4cbe9ed5c8195049c221,QUALITY_COMPOUNDER,Quality Compounder,FROZEN_V2_PROD_1.0,INDUSTOWER,NSE_EQ|INDUSTOWER,NSE,EQUITY,CERTIFIED_CLEAN_886,394,2026-10-02T17:12:51.176370+05:30,2026-10-02T17:14:59.859332+05:30,2026-10-02T17:14:59.859332+05:30,2026-10-02T17:14:59.859332+05:30,DATA_FAILURE,BLOCKED,False,NONE,True,True,DATA_GATE,FAIL_DEBT
c6c800bcad0f4cbe9ed5c8195049c221,QUALITY_COMPOUNDER,Quality Compounder,FROZEN_V2_PROD_1.0,INFOBEAN,NSE_EQ|INFOBEAN,NSE,EQUITY,CERTIFIED_CLEAN_886,395,2026-10-02T17:12:51.176370+05:30,2026-10-02T17:15:00.177480+05:30,2026-10-02T17:15:00.177480+05:30,2026-10-02T17:15:00.177480+05:30,DATA_FAILURE,BLOCKED,False,NONE,True,True,DATA_GATE,DATA_INSUFFICIENT_VALUATION
c6c800bcad0f4cbe9ed5c8195049c221,QUALITY_COMPOUNDER,Quality Compounder,FROZEN_V2_PROD_1.0,INFY,NSE_EQ|INFY,NSE,EQUITY,CERTIFIED_CLEAN_886,396,2026-10-02T17:12:51.176370+05:30,2026-10-02T17:15:00.208164+05:30,2026-10-02T17:15:00.208164+05:30,2026-10-02T17:15:00.208164+05:30,DATA_FAILURE,BLOCKED,False,NONE,True,True,DATA_GATE,FAIL_PAT_CAGR
c6c800bcad0f4cbe9ed5c8195049c221,QUALITY_COMPOUNDER,Quality Compounder,FROZEN_V2_PROD_1.0,INGERRAND,NSE_EQ|INGERRAND,NSE,EQUITY,CERTIFIED_CLEAN_886,397,2026-10-02T17:12:51.176370+05:30,2026-10-02T17:15:00.211801+05:30,2026-10-02T17:15:00.211801+05:30,2026-10-02T17:15:00.211801+05:30,DATA_FAILURE,BLOCKED,False,NONE,True,True,DATA_GATE,DATA_FAILURE_NO_PIT (PIT_INGESTION_GAP)
c6c800bcad0f4cbe9ed5c8195049c221,QUALITY_COMPOUNDER,Quality Compounder,FROZEN_V2_PROD_1.0,INNOVACAP,NSE_EQ|INNOVACAP,NSE,EQUITY,CERTIFIED_CLEAN_886,398,2026-10-02T17:12:51.176370+05:30,2026-10-02T17:15:00.496621+05:30,2026-10-02T17:15:00.496621+05:30,2026-10-02T17:15:00.496621+05:30,DATA_FAILURE,BLOCKED,False,NONE,True,True,DATA_GATE,DATA_INSUFFICIENT_VALUATION
c6c800bcad0f4cbe9ed5c8195049c221,QUALITY_COMPOUNDER,Quality Compounder,FROZEN_V2_PROD_1.0,INOXINDIA,NSE_EQ|INOXINDIA,NSE,EQUITY,CERTIFIED_CLEAN_886,399,2026-10-02T17:12:51.176370+05:30,2026-10-02T17:15:00.508195+05:30,2026-10-02T17:15:00.508195+05:30,2026-10-02T17:15:00.508195+05:30,DATA_FAILURE,BLOCKED,False,NONE,True,True,DATA_GATE,FAIL_CFO_PAT
c6c800bcad0f4cbe9ed5c8195049c221,QUALITY_COMPOUNDER,Quality Compounder,FROZEN_V2_PROD_1.0,INSECTICID,NSE_EQ|INSECTICID,NSE,EQUITY,CERTIFIED_CLEAN_886,400,2026-10-02T17:12:51.176370+05:30,2026-10-02T17:15:00.530392+05:30,2026-10-02T17:15:00.530392+05:30,2026-10-02T17:15:00.530392+05:30,DATA_FAILURE,BLOCKED,False,NONE,True,True,DATA_GATE,FAIL_LIQUIDITY
c6c800bcad0f4cbe9ed5c8195049c221,QUALITY_COMPOUNDER,Quality Compounder,FROZEN_V2_PROD_1.0,INTELLECT,NSE_EQ|INTELLECT,NSE,EQUITY,CERTIFIED_CLEAN_886,401,2026-10-02T17:12:51.176370+05:30,2026-10-02T17:15:00.544940+05:30,2026-10-02T17:15:00.544940+05:30,2026-10-02T17:15:00.544940+05:30,DATA_FAILURE,BLOCKED,False,NONE,True,True,DATA_GATE,FAIL_PAT_CAGR
c6c800bcad0f4cbe9ed5c8195049c221,QUALITY_COMPOUNDER,Quality Compounder,FROZEN_V2_PROD_1.0,INTERARCH,NSE_EQ|INTERARCH,NSE,EQUITY,CERTIFIED_CLEAN_886,402,2026-10-02T17:12:51.176370+05:30,2026-10-02T17:15:00.552288+05:30,2026-10-02T17:15:00.552288+05:30,2026-10-02T17:15:00.552288+05:30,DATA_FAILURE,BLOCKED,False,NONE,True,True,DATA_GATE,DATA_FAILURE_NO_PIT (PIT_INGESTION_GAP)
c6c800bcad0f4cbe9ed5c8195049c221,QUALITY_COMPOUNDER,Quality Compounder,FROZEN_V2_PROD_1.0,IOC,NSE_EQ|IOC,NSE,EQUITY,CERTIFIED_CLEAN_886,403,2026-10-02T17:12:51.176370+05:30,2026-10-02T17:15:00.579798+05:30,2026-10-02T17:15:00.579798+05:30,2026-10-02T17:15:00.579798+05:30,DATA_FAILURE,BLOCKED,False,NONE,True,True,DATA_GATE,FAIL_UNIVERSE_MARKET_CAP
c6c800bcad0f4cbe9ed5c8195049c221,QUALITY_COMPOUNDER,Quality Compounder,FROZEN_V2_PROD_1.0,IONEXCHANG,NSE_EQ|IONEXCHANG,NSE,EQUITY,CERTIFIED_CLEAN_886,404,2026-10-02T17:12:51.176370+05:30,2026-10-02T17:15:00.595300+05:30,2026-10-02T17:15:00.595300+05:30,2026-10-02T17:15:00.595300+05:30,DATA_FAILURE,BLOCKED,False,NONE,True,True,DATA_GATE,FAIL_PAT_CAGR
c6c800bcad0f4cbe9ed5c8195049c221,QUALITY_COMPOUNDER,Quality Compounder,FROZEN_V2_PROD_1.0,IPCALAB,NSE_EQ|IPCALAB,NSE,EQUITY,CERTIFIED_CLEAN_886,405,2026-10-02T17:12:51.176370+05:30,2026-10-02T17:15:00.655675+05:30,2026-10-02T17:15:00.655675+05:30,2026-10-02T17:15:00.655675+05:30,DATA_FAILURE,BLOCKED,False,NONE,True,True,DATA_GATE,FAIL_PAT_CAGR
c6c800bcad0f4cbe9ed5c8195049c221,QUALITY_COMPOUNDER,Quality Compounder,FROZEN_V2_PROD_1.0,IPL,NSE_EQ|IPL,NSE,EQUITY,CERTIFIED_CLEAN_886,406,2026-10-02T17:12:51.176370+05:30,2026-10-02T17:15:00.701206+05:30,2026-10-02T17:15:00.701206+05:30,2026-10-02T17:15:00.701206+05:30,DATA_FAILURE,BLOCKED,False,NONE,True,True,DATA_GATE,FAIL_PAT_CAGR
c6c800bcad0f4cbe9ed5c8195049c221,QUALITY_COMPOUNDER,Quality Compounder,FROZEN_V2_PROD_1.0,IRCON,NSE_EQ|IRCON,NSE,EQUITY,CERTIFIED_CLEAN_886,407,2026-10-02T17:12:51.176370+05:30,2026-10-02T17:15:00.864779+05:30,2026-10-02T17:15:00.864779+05:30,2026-10-02T17:15:00.864779+05:30,DATA_FAILURE,BLOCKED,False,NONE,True,True,DATA_GATE,FAIL_ROCE
c6c800bcad0f4cbe9ed5c8195049c221,QUALITY_COMPOUNDER,Quality Compounder,FROZEN_V2_PROD_1.0,IRCTC,NSE_EQ|IRCTC,NSE,EQUITY,CERTIFIED_CLEAN_886,408,2026-10-02T17:12:51.176370+05:30,2026-10-02T17:15:00.887573+05:30,2026-10-02T17:15:00.887573+05:30,2026-10-02T17:15:00.887573+05:30,DATA_FAILURE,BLOCKED,False,NONE,True,True,DATA_GATE,DATA_INSUFFICIENT_QUALITY
c6c800bcad0f4cbe9ed5c8195049c221,QUALITY_COMPOUNDER,Quality Compounder,FROZEN_V2_PROD_1.0,IREDA,NSE_EQ|IREDA,NSE,EQUITY,CERTIFIED_CLEAN_886,409,2026-10-02T17:12:51.176370+05:30,2026-10-02T17:15:00.910235+05:30,2026-10-02T17:15:00.910235+05:30,2026-10-02T17:15:00.910235+05:30,FULLY_EVALUABLE,REJECTED,False,NONE,False,True,QUALITY_GATE,METRIC_NOT_APPLICABLE_FINANCIAL
c6c800bcad0f4cbe9ed5c8195049c221,QUALITY_COMPOUNDER,Quality Compounder,FROZEN_V2_PROD_1.0,ITC,NSE_EQ|ITC,NSE,EQUITY,CERTIFIED_CLEAN_886,410,2026-10-02T17:12:51.176370+05:30,2026-10-02T17:15:00.931964+05:30,2026-10-02T17:15:00.931964+05:30,2026-10-02T17:15:00.931964+05:30,DATA_FAILURE,BLOCKED,False,NONE,True,True,DATA_GATE,FAIL_UNIVERSE_MARKET_CAP
c6c800bcad0f4cbe9ed5c8195049c221,QUALITY_COMPOUNDER,Quality Compounder,FROZEN_V2_PROD_1.0,ITDC,NSE_EQ|ITDC,NSE,EQUITY,CERTIFIED_CLEAN_886,411,2026-10-02T17:12:51.176370+05:30,2026-10-02T17:15:00.951309+05:30,2026-10-02T17:15:00.951309+05:30,2026-10-02T17:15:00.951309+05:30,DATA_FAILURE,BLOCKED,False,NONE,True,True,DATA_GATE,DATA_INSUFFICIENT_QUALITY
c6c800bcad0f4cbe9ed5c8195049c221,QUALITY_COMPOUNDER,Quality Compounder,FROZEN_V2_PROD_1.0,ITI,NSE_EQ|ITI,NSE,EQUITY,CERTIFIED_CLEAN_886,412,2026-10-02T17:12:51.176370+05:30,2026-10-02T17:15:00.973805+05:30,2026-10-02T17:15:00.973805+05:30,2026-10-02T17:15:00.973805+05:30,DATA_FAILURE,BLOCKED,False,NONE,True,True,DATA_GATE,FAIL_ROCE
c6c800bcad0f4cbe9ed5c8195049c221,QUALITY_COMPOUNDER,Quality Compounder,FROZEN_V2_PROD_1.0,IVALUE,NSE_EQ|IVALUE,NSE,EQUITY,CERTIFIED_CLEAN_886,413,2026-10-02T17:12:51.176370+05:30,2026-10-02T17:15:00.990102+05:30,2026-10-02T17:15:00.990102+05:30,2026-10-02T17:15:00.990102+05:30,DATA_FAILURE,BLOCKED,False,NONE,True,True,DATA_GATE,FAIL_SALES_CAGR
c6c800bcad0f4cbe9ed5c8195049c221,QUALITY_COMPOUNDER,Quality Compounder,FROZEN_V2_PROD_1.0,IZMO,NSE_EQ|IZMO,NSE,EQUITY,CERTIFIED_CLEAN_886,414,2026-10-02T17:12:51.176370+05:30,2026-10-02T17:15:01.015490+05:30,2026-10-02T17:15:01.015490+05:30,2026-10-02T17:15:01.015490+05:30,DATA_FAILURE,BLOCKED,False,NONE,True,True,DATA_GATE,FAIL_ROCE
c6c800bcad0f4cbe9ed5c8195049c221,QUALITY_COMPOUNDER,Quality Compounder,FROZEN_V2_PROD_1.0,J&KBANK,NSE_EQ|J&KBANK,NSE,EQUITY,CERTIFIED_CLEAN_886,415,2026-10-02T17:12:51.176370+05:30,2026-10-02T17:15:01.028190+05:30,2026-10-02T17:15:01.028190+05:30,2026-10-02T17:15:01.028190+05:30,FULLY_EVALUABLE,REJECTED,False,NONE,False,True,QUALITY_GATE,METRIC_NOT_APPLICABLE_FINANCIAL
c6c800bcad0f4cbe9ed5c8195049c221,QUALITY_COMPOUNDER,Quality Compounder,FROZEN_V2_PROD_1.0,JAGSNPHARM,NSE_EQ|JAGSNPHARM,NSE,EQUITY,CERTIFIED_CLEAN_886,416,2026-10-02T17:12:51.176370+05:30,2026-10-02T17:15:01.033092+05:30,2026-10-02T17:15:01.033092+05:30,2026-10-02T17:15:01.033092+05:30,DATA_FAILURE,BLOCKED,False,NONE,True,True,DATA_GATE,DATA_FAILURE_NO_PIT (PIT_INGESTION_GAP)
c6c800bcad0f4cbe9ed5c8195049c221,QUALITY_COMPOUNDER,Quality Compounder,FROZEN_V2_PROD_1.0,JAICORPLTD,NSE_EQ|JAICORPLTD,NSE,EQUITY,CERTIFIED_CLEAN_886,417,2026-10-02T17:12:51.176370+05:30,2026-10-02T17:15:01.055463+05:30,2026-10-02T17:15:01.055463+05:30,2026-10-02T17:15:01.055463+05:30,DATA_FAILURE,BLOCKED,False,NONE,True,True,DATA_GATE,FAIL_ROCE
c6c800bcad0f4cbe9ed5c8195049c221,QUALITY_COMPOUNDER,Quality Compounder,FROZEN_V2_PROD_1.0,JAINREC,NSE_EQ|JAINREC,NSE,EQUITY,CERTIFIED_CLEAN_886,418,2026-10-02T17:12:51.176370+05:30,2026-10-02T17:15:01.074927+05:30,2026-10-02T17:15:01.074927+05:30,2026-10-02T17:15:01.074927+05:30,STRUCTURAL_INELIGIBLE,BLOCKED,False,NONE,True,True,DATA_GATE,DATA_INSUFFICIENT_QUALITY
c6c800bcad0f4cbe9ed5c8195049c221,QUALITY_COMPOUNDER,Quality Compounder,FROZEN_V2_PROD_1.0,JAMNAAUTO,NSE_EQ|JAMNAAUTO,NSE,EQUITY,CERTIFIED_CLEAN_886,419,2026-10-02T17:12:51.176370+05:30,2026-10-02T17:15:01.339516+05:30,2026-10-02T17:15:01.339516+05:30,2026-10-02T17:15:01.339516+05:30,DATA_FAILURE,BLOCKED,False,NONE,True,True,DATA_GATE,DATA_INSUFFICIENT_VALUATION
c6c800bcad0f4cbe9ed5c8195049c221,QUALITY_COMPOUNDER,Quality Compounder,FROZEN_V2_PROD_1.0,JARO,NSE_EQ|JARO,NSE,EQUITY,CERTIFIED_CLEAN_886,420,2026-10-02T17:12:51.176370+05:30,2026-10-02T17:15:01.485121+05:30,2026-10-02T17:15:01.485121+05:30,2026-10-02T17:15:01.485121+05:30,DATA_FAILURE,BLOCKED,False,NONE,True,True,DATA_GATE,FAIL_UNIVERSE_MARKET_CAP
c6c800bcad0f4cbe9ed5c8195049c221,QUALITY_COMPOUNDER,Quality Compounder,FROZEN_V2_PROD_1.0,JAYBARMARU,NSE_EQ|JAYBARMARU,NSE,EQUITY,CERTIFIED_CLEAN_886,421,2026-10-02T17:12:51.176370+05:30,2026-10-02T17:15:01.504521+05:30,2026-10-02T17:15:01.504521+05:30,2026-10-02T17:15:01.504521+05:30,DATA_FAILURE,BLOCKED,False,NONE,True,True,DATA_GATE,FAIL_ROCE
c6c800bcad0f4cbe9ed5c8195049c221,QUALITY_COMPOUNDER,Quality Compounder,FROZEN_V2_PROD_1.0,JAYKAY,NSE_EQ|JAYKAY,NSE,EQUITY,CERTIFIED_CLEAN_886,422,2026-10-02T17:12:51.176370+05:30,2026-10-02T17:15:01.527538+05:30,2026-10-02T17:15:01.527538+05:30,2026-10-02T17:15:01.527538+05:30,DATA_FAILURE,BLOCKED,False,NONE,True,True,DATA_GATE,DATA_INSUFFICIENT_QUALITY
c6c800bcad0f4cbe9ed5c8195049c221,QUALITY_COMPOUNDER,Quality Compounder,FROZEN_V2_PROD_1.0,JBMA,NSE_EQ|JBMA,NSE,EQUITY,CERTIFIED_CLEAN_886,423,2026-10-02T17:12:51.176370+05:30,2026-10-02T17:15:01.646340+05:30,2026-10-02T17:15:01.646340+05:30,2026-10-02T17:15:01.646340+05:30,DATA_FAILURE,BLOCKED,False,NONE,True,True,DATA_GATE,FAIL_ROCE
c6c800bcad0f4cbe9ed5c8195049c221,QUALITY_COMPOUNDER,Quality Compounder,FROZEN_V2_PROD_1.0,JGCHEM,NSE_EQ|JGCHEM,NSE,EQUITY,CERTIFIED_CLEAN_886,424,2026-10-02T17:12:51.176370+05:30,2026-10-02T17:15:01.661108+05:30,2026-10-02T17:15:01.661108+05:30,2026-10-02T17:15:01.661108+05:30,DATA_FAILURE,BLOCKED,False,NONE,True,True,DATA_GATE,FAIL_CFO_PAT
c6c800bcad0f4cbe9ed5c8195049c221,QUALITY_COMPOUNDER,Quality Compounder,FROZEN_V2_PROD_1.0,JINDALSAW,NSE_EQ|JINDALSAW,NSE,EQUITY,CERTIFIED_CLEAN_886,425,2026-10-02T17:12:51.176370+05:30,2026-10-02T17:15:01.703514+05:30,2026-10-02T17:15:01.703514+05:30,2026-10-02T17:15:01.703514+05:30,DATA_FAILURE,BLOCKED,False,NONE,True,True,DATA_GATE,FAIL_ROCE
c6c800bcad0f4cbe9ed5c8195049c221,QUALITY_COMPOUNDER,Quality Compounder,FROZEN_V2_PROD_1.0,JINDRILL,NSE_EQ|JINDRILL,NSE,EQUITY,CERTIFIED_CLEAN_886,426,2026-10-02T17:12:51.176370+05:30,2026-10-02T17:15:01.779303+05:30,2026-10-02T17:15:01.779303+05:30,2026-10-02T17:15:01.779303+05:30,DATA_FAILURE,BLOCKED,False,NONE,True,True,DATA_GATE,DATA_INSUFFICIENT_QUALITY
c6c800bcad0f4cbe9ed5c8195049c221,QUALITY_COMPOUNDER,Quality Compounder,FROZEN_V2_PROD_1.0,JKCEMENT,NSE_EQ|JKCEMENT,NSE,EQUITY,CERTIFIED_CLEAN_886,427,2026-10-02T17:12:51.176370+05:30,2026-10-02T17:15:01.795729+05:30,2026-10-02T17:15:01.795729+05:30,2026-10-02T17:15:01.795729+05:30,DATA_FAILURE,BLOCKED,False,NONE,True,True,DATA_GATE,FAIL_ROCE
c6c800bcad0f4cbe9ed5c8195049c221,QUALITY_COMPOUNDER,Quality Compounder,FROZEN_V2_PROD_1.0,JKIL,NSE_EQ|JKIL,NSE,EQUITY,CERTIFIED_CLEAN_886,428,2026-10-02T17:12:51.176370+05:30,2026-10-02T17:15:01.818241+05:30,2026-10-02T17:15:01.818241+05:30,2026-10-02T17:15:01.818241+05:30,DATA_FAILURE,BLOCKED,False,NONE,True,True,DATA_GATE,DATA_INSUFFICIENT_QUALITY
c6c800bcad0f4cbe9ed5c8195049c221,QUALITY_COMPOUNDER,Quality Compounder,FROZEN_V2_PROD_1.0,JKLAKSHMI,NSE_EQ|JKLAKSHMI,NSE,EQUITY,CERTIFIED_CLEAN_886,429,2026-10-02T17:12:51.176370+05:30,2026-10-02T17:15:01.838683+05:30,2026-10-02T17:15:01.838683+05:30,2026-10-02T17:15:01.838683+05:30,DATA_FAILURE,BLOCKED,False,NONE,True,True,DATA_GATE,FAIL_ROCE
c6c800bcad0f4cbe9ed5c8195049c221,QUALITY_COMPOUNDER,Quality Compounder,FROZEN_V2_PROD_1.0,JKTYRE,NSE_EQ|JKTYRE,NSE,EQUITY,CERTIFIED_CLEAN_886,430,2026-10-02T17:12:51.176370+05:30,2026-10-02T17:15:01.916630+05:30,2026-10-02T17:15:01.916630+05:30,2026-10-02T17:15:01.916630+05:30,DATA_FAILURE,BLOCKED,False,NONE,True,True,DATA_GATE,FAIL_ROCE
c6c800bcad0f4cbe9ed5c8195049c221,QUALITY_COMPOUNDER,Quality Compounder,FROZEN_V2_PROD_1.0,JLHL,NSE_EQ|JLHL,NSE,EQUITY,CERTIFIED_CLEAN_886,431,2026-10-02T17:12:51.176370+05:30,2026-10-02T17:15:01.981479+05:30,2026-10-02T17:15:01.981479+05:30,2026-10-02T17:15:01.981479+05:30,DATA_FAILURE,BLOCKED,False,NONE,True,True,DATA_GATE,DATA_INSUFFICIENT_QUALITY
c6c800bcad0f4cbe9ed5c8195049c221,QUALITY_COMPOUNDER,Quality Compounder,FROZEN_V2_PROD_1.0,JMFINANCIL,NSE_EQ|JMFINANCIL,NSE,EQUITY,CERTIFIED_CLEAN_886,432,2026-10-02T17:12:51.176370+05:30,2026-10-02T17:15:02.027223+05:30,2026-10-02T17:15:02.027223+05:30,2026-10-02T17:15:02.027223+05:30,FULLY_EVALUABLE,REJECTED,False,NONE,False,True,QUALITY_GATE,METRIC_NOT_APPLICABLE_FINANCIAL
c6c800bcad0f4cbe9ed5c8195049c221,QUALITY_COMPOUNDER,Quality Compounder,FROZEN_V2_PROD_1.0,JNKINDIA,NSE_EQ|JNKINDIA,NSE,EQUITY,CERTIFIED_CLEAN_886,433,2026-10-02T17:12:51.176370+05:30,2026-10-02T17:15:02.055700+05:30,2026-10-02T17:15:02.055700+05:30,2026-10-02T17:15:02.055700+05:30,DATA_FAILURE,BLOCKED,False,NONE,True,True,DATA_GATE,FAIL_CFO_PAT
c6c800bcad0f4cbe9ed5c8195049c221,QUALITY_COMPOUNDER,Quality Compounder,FROZEN_V2_PROD_1.0,JPOLYINVST,NSE_EQ|JPOLYINVST,NSE,EQUITY,CERTIFIED_CLEAN_886,434,2026-10-02T17:12:51.176370+05:30,2026-10-02T17:15:02.120919+05:30,2026-10-02T17:15:02.120919+05:30,2026-10-02T17:15:02.120919+05:30,DATA_FAILURE,BLOCKED,False,NONE,True,True,DATA_GATE,FAIL_UNIVERSE_MARKET_CAP
c6c800bcad0f4cbe9ed5c8195049c221,QUALITY_COMPOUNDER,Quality Compounder,FROZEN_V2_PROD_1.0,JSL,NSE_EQ|JSL,NSE,EQUITY,CERTIFIED_CLEAN_886,435,2026-10-02T17:12:51.176370+05:30,2026-10-02T17:15:02.256200+05:30,2026-10-02T17:15:02.256200+05:30,2026-10-02T17:15:02.256200+05:30,DATA_FAILURE,BLOCKED,False,NONE,True,True,DATA_GATE,DATA_INSUFFICIENT_VALUATION
c6c800bcad0f4cbe9ed5c8195049c221,QUALITY_COMPOUNDER,Quality Compounder,FROZEN_V2_PROD_1.0,JSLL,NSE_EQ|JSLL,NSE,EQUITY,CERTIFIED_CLEAN_886,436,2026-10-02T17:12:51.176370+05:30,2026-10-02T17:15:02.295934+05:30,2026-10-02T17:15:02.295934+05:30,2026-10-02T17:15:02.295934+05:30,STRUCTURAL_INELIGIBLE,BLOCKED,False,NONE,True,True,DATA_GATE,DATA_INSUFFICIENT_QUALITY
c6c800bcad0f4cbe9ed5c8195049c221,QUALITY_COMPOUNDER,Quality Compounder,FROZEN_V2_PROD_1.0,JSWDULUX,NSE_EQ|JSWDULUX,NSE,EQUITY,CERTIFIED_CLEAN_886,437,2026-10-02T17:12:51.176370+05:30,2026-10-02T17:15:02.330921+05:30,2026-10-02T17:15:02.330921+05:30,2026-10-02T17:15:02.330921+05:30,DATA_FAILURE,BLOCKED,False,NONE,True,True,DATA_GATE,FAIL_SALES_CAGR
c6c800bcad0f4cbe9ed5c8195049c221,QUALITY_COMPOUNDER,Quality Compounder,FROZEN_V2_PROD_1.0,JSWINFRA,NSE_EQ|JSWINFRA,NSE,EQUITY,CERTIFIED_CLEAN_886,438,2026-10-02T17:12:51.176370+05:30,2026-10-02T17:15:02.369015+05:30,2026-10-02T17:15:02.369015+05:30,2026-10-02T17:15:02.369015+05:30,DATA_FAILURE,BLOCKED,False,NONE,True,True,DATA_GATE,FAIL_ROCE
c6c800bcad0f4cbe9ed5c8195049c221,QUALITY_COMPOUNDER,Quality Compounder,FROZEN_V2_PROD_1.0,JSWSTEEL,NSE_EQ|JSWSTEEL,NSE,EQUITY,CERTIFIED_CLEAN_886,439,2026-10-02T17:12:51.176370+05:30,2026-10-02T17:15:02.386203+05:30,2026-10-02T17:15:02.386203+05:30,2026-10-02T17:15:02.386203+05:30,DATA_FAILURE,BLOCKED,False,NONE,True,True,DATA_GATE,FAIL_ROCE
c6c800bcad0f4cbe9ed5c8195049c221,QUALITY_COMPOUNDER,Quality Compounder,FROZEN_V2_PROD_1.0,JUBLCPL,NSE_EQ|JUBLCPL,NSE,EQUITY,CERTIFIED_CLEAN_886,440,2026-10-02T17:12:51.176370+05:30,2026-10-02T17:15:02.403731+05:30,2026-10-02T17:15:02.403731+05:30,2026-10-02T17:15:02.403731+05:30,STRUCTURAL_INELIGIBLE,BLOCKED,False,NONE,True,True,DATA_GATE,DATA_INSUFFICIENT_QUALITY
c6c800bcad0f4cbe9ed5c8195049c221,QUALITY_COMPOUNDER,Quality Compounder,FROZEN_V2_PROD_1.0,JUBLFOOD,NSE_EQ|JUBLFOOD,NSE,EQUITY,CERTIFIED_CLEAN_886,441,2026-10-02T17:12:51.176370+05:30,2026-10-02T17:15:02.432545+05:30,2026-10-02T17:15:02.432545+05:30,2026-10-02T17:15:02.432545+05:30,DATA_FAILURE,BLOCKED,False,NONE,True,True,DATA_GATE,FAIL_DEBT
c6c800bcad0f4cbe9ed5c8195049c221,QUALITY_COMPOUNDER,Quality Compounder,FROZEN_V2_PROD_1.0,JUBLINGREA,NSE_EQ|JUBLINGREA,NSE,EQUITY,CERTIFIED_CLEAN_886,442,2026-10-02T17:12:51.176370+05:30,2026-10-02T17:15:02.682382+05:30,2026-10-02T17:15:02.682382+05:30,2026-10-02T17:15:02.682382+05:30,DATA_FAILURE,BLOCKED,False,NONE,True,True,DATA_GATE,DATA_INSUFFICIENT_VALUATION
c6c800bcad0f4cbe9ed5c8195049c221,QUALITY_COMPOUNDER,Quality Compounder,FROZEN_V2_PROD_1.0,JUSTDIAL,NSE_EQ|JUSTDIAL,NSE,EQUITY,CERTIFIED_CLEAN_886,443,2026-10-02T17:12:51.176370+05:30,2026-10-02T17:15:02.717707+05:30,2026-10-02T17:15:02.717707+05:30,2026-10-02T17:15:02.717707+05:30,DATA_FAILURE,BLOCKED,False,NONE,True,True,DATA_GATE,DATA_INSUFFICIENT_QUALITY
c6c800bcad0f4cbe9ed5c8195049c221,QUALITY_COMPOUNDER,Quality Compounder,FROZEN_V2_PROD_1.0,JYOTHYLAB,NSE_EQ|JYOTHYLAB,NSE,EQUITY,CERTIFIED_CLEAN_886,444,2026-10-02T17:12:51.176370+05:30,2026-10-02T17:15:02.828428+05:30,2026-10-02T17:15:02.828428+05:30,2026-10-02T17:15:02.828428+05:30,DATA_FAILURE,BLOCKED,False,NONE,True,True,DATA_GATE,DATA_INSUFFICIENT_QUALITY
c6c800bcad0f4cbe9ed5c8195049c221,QUALITY_COMPOUNDER,Quality Compounder,FROZEN_V2_PROD_1.0,JYOTICNC,NSE_EQ|JYOTICNC,NSE,EQUITY,CERTIFIED_CLEAN_886,445,2026-10-02T17:12:51.176370+05:30,2026-10-02T17:15:02.888473+05:30,2026-10-02T17:15:02.888473+05:30,2026-10-02T17:15:02.888473+05:30,DATA_FAILURE,BLOCKED,False,NONE,True,True,DATA_GATE,DATA_INSUFFICIENT_QUALITY
c6c800bcad0f4cbe9ed5c8195049c221,QUALITY_COMPOUNDER,Quality Compounder,FROZEN_V2_PROD_1.0,KAJARIACER,NSE_EQ|KAJARIACER,NSE,EQUITY,CERTIFIED_CLEAN_886,446,2026-10-02T17:12:51.176370+05:30,2026-10-02T17:15:02.909849+05:30,2026-10-02T17:15:02.909849+05:30,2026-10-02T17:15:02.909849+05:30,DATA_FAILURE,BLOCKED,False,NONE,True,True,DATA_GATE,FAIL_PAT_CAGR
c6c800bcad0f4cbe9ed5c8195049c221,QUALITY_COMPOUNDER,Quality Compounder,FROZEN_V2_PROD_1.0,KALAMANDIR,NSE_EQ|KALAMANDIR,NSE,EQUITY,CERTIFIED_CLEAN_886,447,2026-10-02T17:12:51.176370+05:30,2026-10-02T17:15:02.958617+05:30,2026-10-02T17:15:02.958617+05:30,2026-10-02T17:15:02.958617+05:30,STRUCTURAL_INELIGIBLE,BLOCKED,False,NONE,True,True,DATA_GATE,FAIL_UNIVERSE_MARKET_CAP
c6c800bcad0f4cbe9ed5c8195049c221,QUALITY_COMPOUNDER,Quality Compounder,FROZEN_V2_PROD_1.0,KALYANKJIL,NSE_EQ|KALYANKJIL,NSE,EQUITY,CERTIFIED_CLEAN_886,448,2026-10-02T17:12:51.176370+05:30,2026-10-02T17:15:02.997597+05:30,2026-10-02T17:15:02.997597+05:30,2026-10-02T17:15:02.997597+05:30,DATA_FAILURE,BLOCKED,False,NONE,True,True,DATA_GATE,DATA_INSUFFICIENT_QUALITY
c6c800bcad0f4cbe9ed5c8195049c221,QUALITY_COMPOUNDER,Quality Compounder,FROZEN_V2_PROD_1.0,KAMAHOLD,NSE_EQ|KAMAHOLD,NSE,EQUITY,CERTIFIED_CLEAN_886,449,2026-10-02T17:12:51.176370+05:30,2026-10-02T17:15:03.023483+05:30,2026-10-02T17:15:03.023483+05:30,2026-10-02T17:15:03.023483+05:30,DATA_FAILURE,BLOCKED,False,NONE,True,True,DATA_GATE,FAIL_LIQUIDITY
c6c800bcad0f4cbe9ed5c8195049c221,QUALITY_COMPOUNDER,Quality Compounder,FROZEN_V2_PROD_1.0,KANSAINER,NSE_EQ|KANSAINER,NSE,EQUITY,CERTIFIED_CLEAN_886,450,2026-10-02T17:12:51.176370+05:30,2026-10-02T17:15:03.041953+05:30,2026-10-02T17:15:03.041953+05:30,2026-10-02T17:15:03.041953+05:30,DATA_FAILURE,BLOCKED,False,NONE,True,True,DATA_GATE,FAIL_ROCE
c6c800bcad0f4cbe9ed5c8195049c221,QUALITY_COMPOUNDER,Quality Compounder,FROZEN_V2_PROD_1.0,KARURVYSYA,NSE_EQ|KARURVYSYA,NSE,EQUITY,CERTIFIED_CLEAN_886,451,2026-10-02T17:12:51.176370+05:30,2026-10-02T17:15:03.046889+05:30,2026-10-02T17:15:03.046889+05:30,2026-10-02T17:15:03.046889+05:30,DATA_FAILURE,BLOCKED,False,NONE,True,True,DATA_GATE,DATA_FAILURE_NO_PIT (PIT_INGESTION_GAP)
c6c800bcad0f4cbe9ed5c8195049c221,QUALITY_COMPOUNDER,Quality Compounder,FROZEN_V2_PROD_1.0,KAYNES,NSE_EQ|KAYNES,NSE,EQUITY,CERTIFIED_CLEAN_886,452,2026-10-02T17:12:51.176370+05:30,2026-10-02T17:15:03.092639+05:30,2026-10-02T17:15:03.092639+05:30,2026-10-02T17:15:03.092639+05:30,DATA_FAILURE,BLOCKED,False,NONE,True,True,DATA_GATE,FAIL_CFO_PAT
c6c800bcad0f4cbe9ed5c8195049c221,QUALITY_COMPOUNDER,Quality Compounder,FROZEN_V2_PROD_1.0,KCP,NSE_EQ|KCP,NSE,EQUITY,CERTIFIED_CLEAN_886,453,2026-10-02T17:12:51.176370+05:30,2026-10-02T17:15:03.134981+05:30,2026-10-02T17:15:03.134981+05:30,2026-10-02T17:15:03.134981+05:30,DATA_FAILURE,BLOCKED,False,NONE,True,True,DATA_GATE,FAIL_ROCE
c6c800bcad0f4cbe9ed5c8195049c221,QUALITY_COMPOUNDER,Quality Compounder,FROZEN_V2_PROD_1.0,KDDL,NSE_EQ|KDDL,NSE,EQUITY,CERTIFIED_CLEAN_886,454,2026-10-02T17:12:51.176370+05:30,2026-10-02T17:15:03.236103+05:30,2026-10-02T17:15:03.236103+05:30,2026-10-02T17:15:03.236103+05:30,DATA_FAILURE,BLOCKED,False,NONE,True,True,DATA_GATE,FAIL_CFO_PAT
c6c800bcad0f4cbe9ed5c8195049c221,QUALITY_COMPOUNDER,Quality Compounder,FROZEN_V2_PROD_1.0,KEC,NSE_EQ|KEC,NSE,EQUITY,CERTIFIED_CLEAN_886,455,2026-10-02T17:12:51.176370+05:30,2026-10-02T17:15:03.257778+05:30,2026-10-02T17:15:03.257778+05:30,2026-10-02T17:15:03.257778+05:30,DATA_FAILURE,BLOCKED,False,NONE,True,True,DATA_GATE,FAIL_PAT_CAGR
c6c800bcad0f4cbe9ed5c8195049c221,QUALITY_COMPOUNDER,Quality Compounder,FROZEN_V2_PROD_1.0,KEI,NSE_EQ|KEI,NSE,EQUITY,CERTIFIED_CLEAN_886,456,2026-10-02T17:12:51.176370+05:30,2026-10-02T17:15:03.280198+05:30,2026-10-02T17:15:03.280198+05:30,2026-10-02T17:15:03.280198+05:30,DATA_FAILURE,BLOCKED,False,NONE,True,True,DATA_GATE,FAIL_CFO_PAT
c6c800bcad0f4cbe9ed5c8195049c221,QUALITY_COMPOUNDER,Quality Compounder,FROZEN_V2_PROD_1.0,KENNAMET,NSE_EQ|KENNAMET,NSE,EQUITY,CERTIFIED_CLEAN_886,457,2026-10-02T17:12:51.176370+05:30,2026-10-02T17:15:03.319276+05:30,2026-10-02T17:15:03.319276+05:30,2026-10-02T17:15:03.319276+05:30,DATA_FAILURE,BLOCKED,False,NONE,True,True,DATA_GATE,DATA_INSUFFICIENT_QUALITY
c6c800bcad0f4cbe9ed5c8195049c221,QUALITY_COMPOUNDER,Quality Compounder,FROZEN_V2_PROD_1.0,KERNEX,NSE_EQ|KERNEX,NSE,EQUITY,CERTIFIED_CLEAN_886,458,2026-10-02T17:12:51.176370+05:30,2026-10-02T17:15:03.345904+05:30,2026-10-02T17:15:03.345904+05:30,2026-10-02T17:15:03.345904+05:30,DATA_FAILURE,BLOCKED,False,NONE,True,True,DATA_GATE,FAIL_ROCE
c6c800bcad0f4cbe9ed5c8195049c221,QUALITY_COMPOUNDER,Quality Compounder,FROZEN_V2_PROD_1.0,KIMS,NSE_EQ|KIMS,NSE,EQUITY,CERTIFIED_CLEAN_886,459,2026-10-02T17:12:51.176370+05:30,2026-10-02T17:15:03.422362+05:30,2026-10-02T17:15:03.422362+05:30,2026-10-02T17:15:03.422362+05:30,DATA_FAILURE,BLOCKED,False,NONE,True,True,DATA_GATE,FAIL_PAT_CAGR
c6c800bcad0f4cbe9ed5c8195049c221,QUALITY_COMPOUNDER,Quality Compounder,FROZEN_V2_PROD_1.0,KINGFA,NSE_EQ|KINGFA,NSE,EQUITY,CERTIFIED_CLEAN_886,460,2026-10-02T17:12:51.176370+05:30,2026-10-02T17:15:03.434116+05:30,2026-10-02T17:15:03.434116+05:30,2026-10-02T17:15:03.434116+05:30,DATA_FAILURE,BLOCKED,False,NONE,True,True,DATA_GATE,DATA_FAILURE_NO_PIT (PIT_INGESTION_GAP)
c6c800bcad0f4cbe9ed5c8195049c221,QUALITY_COMPOUNDER,Quality Compounder,FROZEN_V2_PROD_1.0,KIRIINDUS,NSE_EQ|KIRIINDUS,NSE,EQUITY,CERTIFIED_CLEAN_886,461,2026-10-02T17:12:51.176370+05:30,2026-10-02T17:15:03.478876+05:30,2026-10-02T17:15:03.478876+05:30,2026-10-02T17:15:03.478876+05:30,FULLY_EVALUABLE,REJECTED,False,NONE,False,True,QUALITY_GATE,FAIL_ROCE
c6c800bcad0f4cbe9ed5c8195049c221,QUALITY_COMPOUNDER,Quality Compounder,FROZEN_V2_PROD_1.0,KIRLFER,NSE_EQ|KIRLFER,NSE,EQUITY,CERTIFIED_CLEAN_886,462,2026-10-02T17:12:51.176370+05:30,2026-10-02T17:15:03.494147+05:30,2026-10-02T17:15:03.494147+05:30,2026-10-02T17:15:03.494147+05:30,DATA_FAILURE,BLOCKED,False,NONE,True,True,DATA_GATE,DATA_INSUFFICIENT_QUALITY
c6c800bcad0f4cbe9ed5c8195049c221,QUALITY_COMPOUNDER,Quality Compounder,FROZEN_V2_PROD_1.0,KIRLOSBROS,NSE_EQ|KIRLOSBROS,NSE,EQUITY,CERTIFIED_CLEAN_886,463,2026-10-02T17:12:51.176370+05:30,2026-10-02T17:15:03.996229+05:30,2026-10-02T17:15:03.996229+05:30,2026-10-02T17:15:03.996229+05:30,DATA_FAILURE,BLOCKED,False,NONE,True,True,DATA_GATE,DATA_INSUFFICIENT_VALUATION
c6c800bcad0f4cbe9ed5c8195049c221,QUALITY_COMPOUNDER,Quality Compounder,FROZEN_V2_PROD_1.0,KIRLOSENG,NSE_EQ|KIRLOSENG,NSE,EQUITY,CERTIFIED_CLEAN_886,464,2026-10-02T17:12:51.176370+05:30,2026-10-02T17:15:04.073169+05:30,2026-10-02T17:15:04.073169+05:30,2026-10-02T17:15:04.073169+05:30,DATA_FAILURE,BLOCKED,False,NONE,True,True,DATA_GATE,FAIL_ROCE
c6c800bcad0f4cbe9ed5c8195049c221,QUALITY_COMPOUNDER,Quality Compounder,FROZEN_V2_PROD_1.0,KIRLPNU,NSE_EQ|KIRLPNU,NSE,EQUITY,CERTIFIED_CLEAN_886,465,2026-10-02T17:12:51.176370+05:30,2026-10-02T17:15:04.392943+05:30,2026-10-02T17:15:04.392943+05:30,2026-10-02T17:15:04.392943+05:30,DATA_FAILURE,BLOCKED,False,NONE,True,True,DATA_GATE,DATA_INSUFFICIENT_QUALITY
c6c800bcad0f4cbe9ed5c8195049c221,QUALITY_COMPOUNDER,Quality Compounder,FROZEN_V2_PROD_1.0,KKCL,NSE_EQ|KKCL,NSE,EQUITY,CERTIFIED_CLEAN_886,466,2026-10-02T17:12:51.176370+05:30,2026-10-02T17:15:04.463947+05:30,2026-10-02T17:15:04.463947+05:30,2026-10-02T17:15:04.463947+05:30,DATA_FAILURE,BLOCKED,False,NONE,True,True,DATA_GATE,FAIL_CFO_PAT
c6c800bcad0f4cbe9ed5c8195049c221,QUALITY_COMPOUNDER,Quality Compounder,FROZEN_V2_PROD_1.0,KMEW,NSE_EQ|KMEW,NSE,EQUITY,CERTIFIED_CLEAN_886,467,2026-10-02T17:12:51.176370+05:30,2026-10-02T17:15:04.792244+05:30,2026-10-02T17:15:04.792244+05:30,2026-10-02T17:15:04.792244+05:30,DATA_FAILURE,BLOCKED,False,NONE,True,True,DATA_GATE,DATA_INSUFFICIENT_VALUATION
c6c800bcad0f4cbe9ed5c8195049c221,QUALITY_COMPOUNDER,Quality Compounder,FROZEN_V2_PROD_1.0,KNRCON,NSE_EQ|KNRCON,NSE,EQUITY,CERTIFIED_CLEAN_886,468,2026-10-02T17:12:51.176370+05:30,2026-10-02T17:15:04.809184+05:30,2026-10-02T17:15:04.809184+05:30,2026-10-02T17:15:04.809184+05:30,DATA_FAILURE,BLOCKED,False,NONE,True,True,DATA_GATE,FAIL_SALES_CAGR
c6c800bcad0f4cbe9ed5c8195049c221,QUALITY_COMPOUNDER,Quality Compounder,FROZEN_V2_PROD_1.0,KODYTECH,NSE_EQ|KODYTECH,NSE,EQUITY,CERTIFIED_CLEAN_886,469,2026-10-02T17:12:51.176370+05:30,2026-10-02T17:15:04.831819+05:30,2026-10-02T17:15:04.831819+05:30,2026-10-02T17:15:04.831819+05:30,STRUCTURAL_INELIGIBLE,BLOCKED,False,NONE,True,True,DATA_GATE,DATA_INSUFFICIENT_QUALITY
c6c800bcad0f4cbe9ed5c8195049c221,QUALITY_COMPOUNDER,Quality Compounder,FROZEN_V2_PROD_1.0,KOTAKBANK,NSE_EQ|KOTAKBANK,NSE,EQUITY,CERTIFIED_CLEAN_886,470,2026-10-02T17:12:51.176370+05:30,2026-10-02T17:15:04.904966+05:30,2026-10-02T17:15:04.904966+05:30,2026-10-02T17:15:04.904966+05:30,FULLY_EVALUABLE,REJECTED,False,NONE,False,True,QUALITY_GATE,METRIC_NOT_APPLICABLE_FINANCIAL
c6c800bcad0f4cbe9ed5c8195049c221,QUALITY_COMPOUNDER,Quality Compounder,FROZEN_V2_PROD_1.0,KOVAI,NSE_EQ|KOVAI,NSE,EQUITY,CERTIFIED_CLEAN_886,471,2026-10-02T17:12:51.176370+05:30,2026-10-02T17:15:04.936086+05:30,2026-10-02T17:15:04.936086+05:30,2026-10-02T17:15:04.936086+05:30,DATA_FAILURE,BLOCKED,False,NONE,True,True,DATA_GATE,FAIL_DEBT
c6c800bcad0f4cbe9ed5c8195049c221,QUALITY_COMPOUNDER,Quality Compounder,FROZEN_V2_PROD_1.0,KPEL,NSE_EQ|KPEL,NSE,EQUITY,CERTIFIED_CLEAN_886,472,2026-10-02T17:12:51.176370+05:30,2026-10-02T17:15:04.950260+05:30,2026-10-02T17:15:04.950260+05:30,2026-10-02T17:15:04.950260+05:30,DATA_FAILURE,BLOCKED,False,NONE,True,True,DATA_GATE,FAIL_DEBT
c6c800bcad0f4cbe9ed5c8195049c221,QUALITY_COMPOUNDER,Quality Compounder,FROZEN_V2_PROD_1.0,KPIGREEN,NSE_EQ|KPIGREEN,NSE,EQUITY,CERTIFIED_CLEAN_886,473,2026-10-02T17:12:51.176370+05:30,2026-10-02T17:15:04.977019+05:30,2026-10-02T17:15:04.977019+05:30,2026-10-02T17:15:04.977019+05:30,DATA_FAILURE,BLOCKED,False,NONE,True,True,DATA_GATE,FAIL_CFO_PAT
c6c800bcad0f4cbe9ed5c8195049c221,QUALITY_COMPOUNDER,Quality Compounder,FROZEN_V2_PROD_1.0,KPIL,NSE_EQ|KPIL,NSE,EQUITY,CERTIFIED_CLEAN_886,474,2026-10-02T17:12:51.176370+05:30,2026-10-02T17:15:05.002204+05:30,2026-10-02T17:15:05.002204+05:30,2026-10-02T17:15:05.002204+05:30,DATA_FAILURE,BLOCKED,False,NONE,True,True,DATA_GATE,FAIL_PAT_CAGR
c6c800bcad0f4cbe9ed5c8195049c221,QUALITY_COMPOUNDER,Quality Compounder,FROZEN_V2_PROD_1.0,KPITTECH,NSE_EQ|KPITTECH,NSE,EQUITY,CERTIFIED_CLEAN_886,475,2026-10-02T17:12:51.176370+05:30,2026-10-02T17:15:05.340385+05:30,2026-10-02T17:15:05.340385+05:30,2026-10-02T17:15:05.340385+05:30,DATA_FAILURE,BLOCKED,False,NONE,True,True,DATA_GATE,DATA_INSUFFICIENT_VALUATION
c6c800bcad0f4cbe9ed5c8195049c221,QUALITY_COMPOUNDER,Quality Compounder,FROZEN_V2_PROD_1.0,KPL,NSE_EQ|KPL,NSE,EQUITY,CERTIFIED_CLEAN_886,476,2026-10-02T17:12:51.176370+05:30,2026-10-02T17:15:05.807687+05:30,2026-10-02T17:15:05.807687+05:30,2026-10-02T17:15:05.807687+05:30,DATA_FAILURE,BLOCKED,False,NONE,True,True,DATA_GATE,DATA_INSUFFICIENT_VALUATION
c6c800bcad0f4cbe9ed5c8195049c221,QUALITY_COMPOUNDER,Quality Compounder,FROZEN_V2_PROD_1.0,KPRMILL,NSE_EQ|KPRMILL,NSE,EQUITY,CERTIFIED_CLEAN_886,477,2026-10-02T17:12:51.176370+05:30,2026-10-02T17:15:09.792821+05:30,2026-10-02T17:15:09.792821+05:30,2026-10-02T17:15:09.792821+05:30,DATA_FAILURE,BLOCKED,False,NONE,True,True,DATA_GATE,DATA_INSUFFICIENT_VALUATION
c6c800bcad0f4cbe9ed5c8195049c221,QUALITY_COMPOUNDER,Quality Compounder,FROZEN_V2_PROD_1.0,KRBL,NSE_EQ|KRBL,NSE,EQUITY,CERTIFIED_CLEAN_886,478,2026-10-02T17:12:51.176370+05:30,2026-10-02T17:15:09.845907+05:30,2026-10-02T17:15:09.845907+05:30,2026-10-02T17:15:09.845907+05:30,DATA_FAILURE,BLOCKED,False,NONE,True,True,DATA_GATE,FAIL_SALES_CAGR
c6c800bcad0f4cbe9ed5c8195049c221,QUALITY_COMPOUNDER,Quality Compounder,FROZEN_V2_PROD_1.0,KRISHANA,NSE_EQ|KRISHANA,NSE,EQUITY,CERTIFIED_CLEAN_886,479,2026-10-02T17:12:51.176370+05:30,2026-10-02T17:15:09.869511+05:30,2026-10-02T17:15:09.869511+05:30,2026-10-02T17:15:09.869511+05:30,FULLY_EVALUABLE,REJECTED,False,NONE,False,True,QUALITY_GATE,FAIL_CFO_PAT
c6c800bcad0f4cbe9ed5c8195049c221,QUALITY_COMPOUNDER,Quality Compounder,FROZEN_V2_PROD_1.0,KRISHIVAL,NSE_EQ|KRISHIVAL,NSE,EQUITY,CERTIFIED_CLEAN_886,480,2026-10-02T17:12:51.176370+05:30,2026-10-02T17:15:10.257451+05:30,2026-10-02T17:15:10.257451+05:30,2026-10-02T17:15:10.257451+05:30,DATA_FAILURE,BLOCKED,False,NONE,True,True,DATA_GATE,FAIL_LIQUIDITY
c6c800bcad0f4cbe9ed5c8195049c221,QUALITY_COMPOUNDER,Quality Compounder,FROZEN_V2_PROD_1.0,KRISHNADEF,NSE_EQ|KRISHNADEF,NSE,EQUITY,CERTIFIED_CLEAN_886,481,2026-10-02T17:12:51.176370+05:30,2026-10-02T17:15:10.288177+05:30,2026-10-02T17:15:10.288177+05:30,2026-10-02T17:15:10.288177+05:30,STRUCTURAL_INELIGIBLE,BLOCKED,False,NONE,True,True,DATA_GATE,DATA_INSUFFICIENT_QUALITY
c6c800bcad0f4cbe9ed5c8195049c221,QUALITY_COMPOUNDER,Quality Compounder,FROZEN_V2_PROD_1.0,KRN,NSE_EQ|KRN,NSE,EQUITY,CERTIFIED_CLEAN_886,482,2026-10-02T17:12:51.176370+05:30,2026-10-02T17:15:10.316180+05:30,2026-10-02T17:15:10.316180+05:30,2026-10-02T17:15:10.316180+05:30,STRUCTURAL_INELIGIBLE,BLOCKED,False,NONE,True,True,DATA_GATE,DATA_INSUFFICIENT_QUALITY
c6c800bcad0f4cbe9ed5c8195049c221,QUALITY_COMPOUNDER,Quality Compounder,FROZEN_V2_PROD_1.0,KROSS,NSE_EQ|KROSS,NSE,EQUITY,CERTIFIED_CLEAN_886,483,2026-10-02T17:12:51.176370+05:30,2026-10-02T17:15:10.476779+05:30,2026-10-02T17:15:10.476779+05:30,2026-10-02T17:15:10.476779+05:30,DATA_FAILURE,BLOCKED,False,NONE,True,True,DATA_GATE,DATA_FAILURE_NO_PIT (PIT_INGESTION_GAP)
c6c800bcad0f4cbe9ed5c8195049c221,QUALITY_COMPOUNDER,Quality Compounder,FROZEN_V2_PROD_1.0,KRSNAA,NSE_EQ|KRSNAA,NSE,EQUITY,CERTIFIED_CLEAN_886,484,2026-10-02T17:12:51.176370+05:30,2026-10-02T17:15:11.067391+05:30,2026-10-02T17:15:11.067391+05:30,2026-10-02T17:15:11.067391+05:30,DATA_FAILURE,BLOCKED,False,NONE,True,True,DATA_GATE,DATA_INSUFFICIENT_QUALITY
c6c800bcad0f4cbe9ed5c8195049c221,QUALITY_COMPOUNDER,Quality Compounder,FROZEN_V2_PROD_1.0,KSB,NSE_EQ|KSB,NSE,EQUITY,CERTIFIED_CLEAN_886,485,2026-10-02T17:12:51.176370+05:30,2026-10-02T17:15:11.096989+05:30,2026-10-02T17:15:11.096989+05:30,2026-10-02T17:15:11.096989+05:30,DATA_FAILURE,BLOCKED,False,NONE,True,True,DATA_GATE,FAIL_CFO_PAT
c6c800bcad0f4cbe9ed5c8195049c221,QUALITY_COMPOUNDER,Quality Compounder,FROZEN_V2_PROD_1.0,KSCL,NSE_EQ|KSCL,NSE,EQUITY,CERTIFIED_CLEAN_886,486,2026-10-02T17:12:51.176370+05:30,2026-10-02T17:15:11.112529+05:30,2026-10-02T17:15:11.112529+05:30,2026-10-02T17:15:11.112529+05:30,DATA_FAILURE,BLOCKED,False,NONE,True,True,DATA_GATE,FAIL_SALES_CAGR
c6c800bcad0f4cbe9ed5c8195049c221,QUALITY_COMPOUNDER,Quality Compounder,FROZEN_V2_PROD_1.0,KSHINTL,NSE_EQ|KSHINTL,NSE,EQUITY,CERTIFIED_CLEAN_886,487,2026-10-02T17:12:51.176370+05:30,2026-10-02T17:15:11.114423+05:30,2026-10-02T17:15:11.114423+05:30,2026-10-02T17:15:11.114423+05:30,DATA_FAILURE,BLOCKED,False,NONE,True,True,DATA_GATE,DATA_FAILURE_NO_PIT (PIT_INGESTION_GAP)
c6c800bcad0f4cbe9ed5c8195049c221,QUALITY_COMPOUNDER,Quality Compounder,FROZEN_V2_PROD_1.0,KSL,NSE_EQ|KSL,NSE,EQUITY,CERTIFIED_CLEAN_886,488,2026-10-02T17:12:51.176370+05:30,2026-10-02T17:15:11.145623+05:30,2026-10-02T17:15:11.145623+05:30,2026-10-02T17:15:11.145623+05:30,DATA_FAILURE,BLOCKED,False,NONE,True,True,DATA_GATE,DATA_INSUFFICIENT_QUALITY
c6c800bcad0f4cbe9ed5c8195049c221,QUALITY_COMPOUNDER,Quality Compounder,FROZEN_V2_PROD_1.0,KTKBANK,NSE_EQ|KTKBANK,NSE,EQUITY,CERTIFIED_CLEAN_886,489,2026-10-02T17:12:51.176370+05:30,2026-10-02T17:15:11.172724+05:30,2026-10-02T17:15:11.172724+05:30,2026-10-02T17:15:11.172724+05:30,FULLY_EVALUABLE,REJECTED,False,NONE,False,True,QUALITY_GATE,METRIC_NOT_APPLICABLE_FINANCIAL
c6c800bcad0f4cbe9ed5c8195049c221,QUALITY_COMPOUNDER,Quality Compounder,FROZEN_V2_PROD_1.0,LALPATHLAB,NSE_EQ|LALPATHLAB,NSE,EQUITY,CERTIFIED_CLEAN_886,490,2026-10-02T17:12:51.176370+05:30,2026-10-02T17:15:11.785807+05:30,2026-10-02T17:15:11.785807+05:30,2026-10-02T17:15:11.785807+05:30,DATA_FAILURE,BLOCKED,False,NONE,True,True,DATA_GATE,DATA_INSUFFICIENT_VALUATION
c6c800bcad0f4cbe9ed5c8195049c221,QUALITY_COMPOUNDER,Quality Compounder,FROZEN_V2_PROD_1.0,LAOPALA,NSE_EQ|LAOPALA,NSE,EQUITY,CERTIFIED_CLEAN_886,491,2026-10-02T17:12:51.176370+05:30,2026-10-02T17:15:11.788808+05:30,2026-10-02T17:15:11.788808+05:30,2026-10-02T17:15:11.788808+05:30,DATA_FAILURE,BLOCKED,False,NONE,True,True,DATA_GATE,DATA_FAILURE_NO_PIT (PIT_INGESTION_GAP)
c6c800bcad0f4cbe9ed5c8195049c221,QUALITY_COMPOUNDER,Quality Compounder,FROZEN_V2_PROD_1.0,LAURUSLABS,NSE_EQ|LAURUSLABS,NSE,EQUITY,CERTIFIED_CLEAN_886,492,2026-10-02T17:12:51.176370+05:30,2026-10-02T17:15:11.854281+05:30,2026-10-02T17:15:11.854281+05:30,2026-10-02T17:15:11.854281+05:30,DATA_FAILURE,BLOCKED,False,NONE,True,True,DATA_GATE,FAIL_SALES_CAGR
c6c800bcad0f4cbe9ed5c8195049c221,QUALITY_COMPOUNDER,Quality Compounder,FROZEN_V2_PROD_1.0,LAXMIDENTL,NSE_EQ|LAXMIDENTL,NSE,EQUITY,CERTIFIED_CLEAN_886,493,2026-10-02T17:12:51.176370+05:30,2026-10-02T17:15:11.877611+05:30,2026-10-02T17:15:11.877611+05:30,2026-10-02T17:15:11.877611+05:30,DATA_FAILURE,BLOCKED,False,NONE,True,True,DATA_GATE,DATA_INSUFFICIENT_QUALITY
c6c800bcad0f4cbe9ed5c8195049c221,QUALITY_COMPOUNDER,Quality Compounder,FROZEN_V2_PROD_1.0,LEMONTREE,NSE_EQ|LEMONTREE,NSE,EQUITY,CERTIFIED_CLEAN_886,494,2026-10-02T17:12:51.176370+05:30,2026-10-02T17:15:12.032532+05:30,2026-10-02T17:15:12.032532+05:30,2026-10-02T17:15:12.032532+05:30,DATA_FAILURE,BLOCKED,False,NONE,True,True,DATA_GATE,DATA_INSUFFICIENT_QUALITY
c6c800bcad0f4cbe9ed5c8195049c221,QUALITY_COMPOUNDER,Quality Compounder,FROZEN_V2_PROD_1.0,LGBBROSLTD,NSE_EQ|LGBBROSLTD,NSE,EQUITY,CERTIFIED_CLEAN_886,495,2026-10-02T17:12:51.176370+05:30,2026-10-02T17:15:12.378224+05:30,2026-10-02T17:15:12.378224+05:30,2026-10-02T17:15:12.378224+05:30,DATA_FAILURE,BLOCKED,False,NONE,True,True,DATA_GATE,DATA_INSUFFICIENT_VALUATION
c6c800bcad0f4cbe9ed5c8195049c221,QUALITY_COMPOUNDER,Quality Compounder,FROZEN_V2_PROD_1.0,LGEINDIA,NSE_EQ|LGEINDIA,NSE,EQUITY,CERTIFIED_CLEAN_886,496,2026-10-02T17:12:51.176370+05:30,2026-10-02T17:15:12.760325+05:30,2026-10-02T17:15:12.760325+05:30,2026-10-02T17:15:12.760325+05:30,DATA_FAILURE,BLOCKED,False,NONE,True,True,DATA_GATE,DATA_FAILURE_NO_PIT (PIT_INGESTION_GAP)
c6c800bcad0f4cbe9ed5c8195049c221,QUALITY_COMPOUNDER,Quality Compounder,FROZEN_V2_PROD_1.0,LICHSGFIN,NSE_EQ|LICHSGFIN,NSE,EQUITY,CERTIFIED_CLEAN_886,497,2026-10-02T17:12:51.176370+05:30,2026-10-02T17:15:12.789874+05:30,2026-10-02T17:15:12.789874+05:30,2026-10-02T17:15:12.789874+05:30,FULLY_EVALUABLE,REJECTED,False,NONE,False,True,QUALITY_GATE,METRIC_NOT_APPLICABLE_FINANCIAL
c6c800bcad0f4cbe9ed5c8195049c221,QUALITY_COMPOUNDER,Quality Compounder,FROZEN_V2_PROD_1.0,LICI,NSE_EQ|LICI,NSE,EQUITY,CERTIFIED_CLEAN_886,498,2026-10-02T17:12:51.176370+05:30,2026-10-02T17:15:12.806525+05:30,2026-10-02T17:15:12.806525+05:30,2026-10-02T17:15:12.806525+05:30,FULLY_EVALUABLE,REJECTED,False,NONE,False,True,QUALITY_GATE,METRIC_NOT_APPLICABLE_FINANCIAL
c6c800bcad0f4cbe9ed5c8195049c221,QUALITY_COMPOUNDER,Quality Compounder,FROZEN_V2_PROD_1.0,LINCOLN,NSE_EQ|LINCOLN,NSE,EQUITY,CERTIFIED_CLEAN_886,499,2026-10-02T17:12:51.176370+05:30,2026-10-02T17:15:12.828851+05:30,2026-10-02T17:15:12.828851+05:30,2026-10-02T17:15:12.828851+05:30,DATA_FAILURE,BLOCKED,False,NONE,True,True,DATA_GATE,FAIL_SALES_CAGR
c6c800bcad0f4cbe9ed5c8195049c221,QUALITY_COMPOUNDER,Quality Compounder,FROZEN_V2_PROD_1.0,LINDEINDIA,NSE_EQ|LINDEINDIA,NSE,EQUITY,CERTIFIED_CLEAN_886,500,2026-10-02T17:12:51.176370+05:30,2026-10-02T17:15:12.849181+05:30,2026-10-02T17:15:12.849181+05:30,2026-10-02T17:15:12.849181+05:30,DATA_FAILURE,BLOCKED,False,NONE,True,True,DATA_GATE,DATA_INSUFFICIENT_QUALITY
c6c800bcad0f4cbe9ed5c8195049c221,QUALITY_COMPOUNDER,Quality Compounder,FROZEN_V2_PROD_1.0,LLOYDSME,NSE_EQ|LLOYDSME,NSE,EQUITY,CERTIFIED_CLEAN_886,501,2026-10-02T17:12:51.176370+05:30,2026-10-02T17:15:12.867654+05:30,2026-10-02T17:15:12.867654+05:30,2026-10-02T17:15:12.867654+05:30,DATA_FAILURE,BLOCKED,False,NONE,True,True,DATA_GATE,DATA_INSUFFICIENT_QUALITY
c6c800bcad0f4cbe9ed5c8195049c221,QUALITY_COMPOUNDER,Quality Compounder,FROZEN_V2_PROD_1.0,LODHA,NSE_EQ|LODHA,NSE,EQUITY,CERTIFIED_CLEAN_886,502,2026-10-02T17:12:51.176370+05:30,2026-10-02T17:15:13.144560+05:30,2026-10-02T17:15:13.144560+05:30,2026-10-02T17:15:13.144560+05:30,DATA_FAILURE,BLOCKED,False,NONE,True,True,DATA_GATE,FAIL_ROCE
c6c800bcad0f4cbe9ed5c8195049c221,QUALITY_COMPOUNDER,Quality Compounder,FROZEN_V2_PROD_1.0,LOTUSDEV,NSE_EQ|LOTUSDEV,NSE,EQUITY,CERTIFIED_CLEAN_886,503,2026-10-02T17:12:51.176370+05:30,2026-10-02T17:15:13.201689+05:30,2026-10-02T17:15:13.201689+05:30,2026-10-02T17:15:13.201689+05:30,DATA_FAILURE,BLOCKED,False,NONE,True,True,DATA_GATE,DATA_INSUFFICIENT_QUALITY
c6c800bcad0f4cbe9ed5c8195049c221,QUALITY_COMPOUNDER,Quality Compounder,FROZEN_V2_PROD_1.0,LT,NSE_EQ|LT,NSE,EQUITY,CERTIFIED_CLEAN_886,504,2026-10-02T17:12:51.176370+05:30,2026-10-02T17:15:13.376688+05:30,2026-10-02T17:15:13.376688+05:30,2026-10-02T17:15:13.376688+05:30,DATA_FAILURE,BLOCKED,False,NONE,True,True,DATA_GATE,FAIL_ROCE
c6c800bcad0f4cbe9ed5c8195049c221,QUALITY_COMPOUNDER,Quality Compounder,FROZEN_V2_PROD_1.0,LTF,NSE_EQ|LTF,NSE,EQUITY,CERTIFIED_CLEAN_886,505,2026-10-02T17:12:51.176370+05:30,2026-10-02T17:15:13.392808+05:30,2026-10-02T17:15:13.392808+05:30,2026-10-02T17:15:13.392808+05:30,FULLY_EVALUABLE,REJECTED,False,NONE,False,True,QUALITY_GATE,METRIC_NOT_APPLICABLE_FINANCIAL
c6c800bcad0f4cbe9ed5c8195049c221,QUALITY_COMPOUNDER,Quality Compounder,FROZEN_V2_PROD_1.0,LTFOODS,NSE_EQ|LTFOODS,NSE,EQUITY,CERTIFIED_CLEAN_886,506,2026-10-02T17:12:51.176370+05:30,2026-10-02T17:15:13.763203+05:30,2026-10-02T17:15:13.763203+05:30,2026-10-02T17:15:13.763203+05:30,DATA_FAILURE,BLOCKED,False,NONE,True,True,DATA_GATE,DATA_INSUFFICIENT_VALUATION
c6c800bcad0f4cbe9ed5c8195049c221,QUALITY_COMPOUNDER,Quality Compounder,FROZEN_V2_PROD_1.0,LTM,NSE_EQ|LTM,NSE,EQUITY,CERTIFIED_CLEAN_886,507,2026-10-02T17:12:51.176370+05:30,2026-10-02T17:15:14.035037+05:30,2026-10-02T17:15:14.035037+05:30,2026-10-02T17:15:14.035037+05:30,DATA_FAILURE,BLOCKED,False,NONE,True,True,DATA_GATE,DATA_INSUFFICIENT_VALUATION
c6c800bcad0f4cbe9ed5c8195049c221,QUALITY_COMPOUNDER,Quality Compounder,FROZEN_V2_PROD_1.0,LTTS,NSE_EQ|LTTS,NSE,EQUITY,CERTIFIED_CLEAN_886,508,2026-10-02T17:12:51.176370+05:30,2026-10-02T17:15:14.435676+05:30,2026-10-02T17:15:14.435676+05:30,2026-10-02T17:15:14.435676+05:30,DATA_FAILURE,BLOCKED,False,NONE,True,True,DATA_GATE,DATA_INSUFFICIENT_VALUATION
c6c800bcad0f4cbe9ed5c8195049c221,QUALITY_COMPOUNDER,Quality Compounder,FROZEN_V2_PROD_1.0,LUMAXIND,NSE_EQ|LUMAXIND,NSE,EQUITY,CERTIFIED_CLEAN_886,509,2026-10-02T17:12:51.176370+05:30,2026-10-02T17:15:14.460394+05:30,2026-10-02T17:15:14.460394+05:30,2026-10-02T17:15:14.460394+05:30,DATA_FAILURE,BLOCKED,False,NONE,True,True,DATA_GATE,FAIL_DEBT
c6c800bcad0f4cbe9ed5c8195049c221,QUALITY_COMPOUNDER,Quality Compounder,FROZEN_V2_PROD_1.0,LUMAXTECH,NSE_EQ|LUMAXTECH,NSE,EQUITY,CERTIFIED_CLEAN_886,510,2026-10-02T17:12:51.176370+05:30,2026-10-02T17:15:14.474832+05:30,2026-10-02T17:15:14.474832+05:30,2026-10-02T17:15:14.474832+05:30,DATA_FAILURE,BLOCKED,False,NONE,True,True,DATA_GATE,FAIL_DEBT
c6c800bcad0f4cbe9ed5c8195049c221,QUALITY_COMPOUNDER,Quality Compounder,FROZEN_V2_PROD_1.0,LUPIN,NSE_EQ|LUPIN,NSE,EQUITY,CERTIFIED_CLEAN_886,511,2026-10-02T17:12:51.176370+05:30,2026-10-02T17:15:14.671566+05:30,2026-10-02T17:15:14.671566+05:30,2026-10-02T17:15:14.671566+05:30,DATA_FAILURE,BLOCKED,False,NONE,True,True,DATA_GATE,FAIL_ROCE
c6c800bcad0f4cbe9ed5c8195049c221,QUALITY_COMPOUNDER,Quality Compounder,FROZEN_V2_PROD_1.0,M&M,NSE_EQ|M&M,NSE,EQUITY,CERTIFIED_CLEAN_886,512,2026-10-02T17:12:51.176370+05:30,2026-10-02T17:15:14.713292+05:30,2026-10-02T17:15:14.713292+05:30,2026-10-02T17:15:14.713292+05:30,DATA_FAILURE,BLOCKED,False,NONE,True,True,DATA_GATE,FAIL_ROCE
c6c800bcad0f4cbe9ed5c8195049c221,QUALITY_COMPOUNDER,Quality Compounder,FROZEN_V2_PROD_1.0,M&MFIN,NSE_EQ|M&MFIN,NSE,EQUITY,CERTIFIED_CLEAN_886,513,2026-10-02T17:12:51.176370+05:30,2026-10-02T17:15:14.769071+05:30,2026-10-02T17:15:14.769071+05:30,2026-10-02T17:15:14.769071+05:30,FULLY_EVALUABLE,REJECTED,False,NONE,False,True,QUALITY_GATE,METRIC_NOT_APPLICABLE_FINANCIAL
c6c800bcad0f4cbe9ed5c8195049c221,QUALITY_COMPOUNDER,Quality Compounder,FROZEN_V2_PROD_1.0,MAHLIFE,NSE_EQ|MAHLIFE,NSE,EQUITY,CERTIFIED_CLEAN_886,514,2026-10-02T17:12:51.176370+05:30,2026-10-02T17:15:14.823257+05:30,2026-10-02T17:15:14.823257+05:30,2026-10-02T17:15:14.823257+05:30,DATA_FAILURE,BLOCKED,False,NONE,True,True,DATA_GATE,DATA_INSUFFICIENT_QUALITY
c6c800bcad0f4cbe9ed5c8195049c221,QUALITY_COMPOUNDER,Quality Compounder,FROZEN_V2_PROD_1.0,MAHSEAMLES,NSE_EQ|MAHSEAMLES,NSE,EQUITY,CERTIFIED_CLEAN_886,515,2026-10-02T17:12:51.176370+05:30,2026-10-02T17:15:14.965001+05:30,2026-10-02T17:15:14.965001+05:30,2026-10-02T17:15:14.965001+05:30,DATA_FAILURE,BLOCKED,False,NONE,True,True,DATA_GATE,DATA_INSUFFICIENT_VALUATION
c6c800bcad0f4cbe9ed5c8195049c221,QUALITY_COMPOUNDER,Quality Compounder,FROZEN_V2_PROD_1.0,MAITHANALL,NSE_EQ|MAITHANALL,NSE,EQUITY,CERTIFIED_CLEAN_886,516,2026-10-02T17:12:51.176370+05:30,2026-10-02T17:15:15.004827+05:30,2026-10-02T17:15:15.004827+05:30,2026-10-02T17:15:15.004827+05:30,DATA_FAILURE,BLOCKED,False,NONE,True,True,DATA_GATE,FAIL_SALES_CAGR
c6c800bcad0f4cbe9ed5c8195049c221,QUALITY_COMPOUNDER,Quality Compounder,FROZEN_V2_PROD_1.0,MANAKCOAT,NSE_EQ|MANAKCOAT,NSE,EQUITY,CERTIFIED_CLEAN_886,517,2026-10-02T17:12:51.176370+05:30,2026-10-02T17:15:15.068337+05:30,2026-10-02T17:15:15.068337+05:30,2026-10-02T17:15:15.068337+05:30,DATA_FAILURE,BLOCKED,False,NONE,True,True,DATA_GATE,FAIL_ROCE
c6c800bcad0f4cbe9ed5c8195049c221,QUALITY_COMPOUNDER,Quality Compounder,FROZEN_V2_PROD_1.0,MANGLMCEM,NSE_EQ|MANGLMCEM,NSE,EQUITY,CERTIFIED_CLEAN_886,518,2026-10-02T17:12:51.176370+05:30,2026-10-02T17:15:15.071781+05:30,2026-10-02T17:15:15.071781+05:30,2026-10-02T17:15:15.071781+05:30,DATA_FAILURE,BLOCKED,False,NONE,True,True,DATA_GATE,DATA_FAILURE_NO_PIT (PIT_INGESTION_GAP)
c6c800bcad0f4cbe9ed5c8195049c221,QUALITY_COMPOUNDER,Quality Compounder,FROZEN_V2_PROD_1.0,MANINDS,NSE_EQ|MANINDS,NSE,EQUITY,CERTIFIED_CLEAN_886,519,2026-10-02T17:12:51.176370+05:30,2026-10-02T17:15:15.226583+05:30,2026-10-02T17:15:15.226583+05:30,2026-10-02T17:15:15.226583+05:30,DATA_FAILURE,BLOCKED,False,NONE,True,True,DATA_GATE,FAIL_ROCE
c6c800bcad0f4cbe9ed5c8195049c221,QUALITY_COMPOUNDER,Quality Compounder,FROZEN_V2_PROD_1.0,MANINFRA,NSE_EQ|MANINFRA,NSE,EQUITY,CERTIFIED_CLEAN_886,520,2026-10-02T17:12:51.176370+05:30,2026-10-02T17:15:15.295369+05:30,2026-10-02T17:15:15.295369+05:30,2026-10-02T17:15:15.295369+05:30,DATA_FAILURE,BLOCKED,False,NONE,True,True,DATA_GATE,FAIL_SALES_CAGR
c6c800bcad0f4cbe9ed5c8195049c221,QUALITY_COMPOUNDER,Quality Compounder,FROZEN_V2_PROD_1.0,MANKIND,NSE_EQ|MANKIND,NSE,EQUITY,CERTIFIED_CLEAN_886,521,2026-10-02T17:12:51.176370+05:30,2026-10-02T17:15:15.326219+05:30,2026-10-02T17:15:15.326219+05:30,2026-10-02T17:15:15.326219+05:30,DATA_FAILURE,BLOCKED,False,NONE,True,True,DATA_GATE,FAIL_PAT_CAGR
c6c800bcad0f4cbe9ed5c8195049c221,QUALITY_COMPOUNDER,Quality Compounder,FROZEN_V2_PROD_1.0,MANORAMA,NSE_EQ|MANORAMA,NSE,EQUITY,CERTIFIED_CLEAN_886,522,2026-10-02T17:12:51.176370+05:30,2026-10-02T17:15:15.348013+05:30,2026-10-02T17:15:15.348013+05:30,2026-10-02T17:15:15.348013+05:30,STRUCTURAL_INELIGIBLE,BLOCKED,False,NONE,True,True,DATA_GATE,DATA_INSUFFICIENT_QUALITY
c6c800bcad0f4cbe9ed5c8195049c221,QUALITY_COMPOUNDER,Quality Compounder,FROZEN_V2_PROD_1.0,MANYAVAR,NSE_EQ|MANYAVAR,NSE,EQUITY,CERTIFIED_CLEAN_886,523,2026-10-02T17:12:51.176370+05:30,2026-10-02T17:15:15.370569+05:30,2026-10-02T17:15:15.370569+05:30,2026-10-02T17:15:15.370569+05:30,DATA_FAILURE,BLOCKED,False,NONE,True,True,DATA_GATE,DATA_INSUFFICIENT_QUALITY
c6c800bcad0f4cbe9ed5c8195049c221,QUALITY_COMPOUNDER,Quality Compounder,FROZEN_V2_PROD_1.0,MAPMYINDIA,NSE_EQ|MAPMYINDIA,NSE,EQUITY,CERTIFIED_CLEAN_886,524,2026-10-02T17:12:51.176370+05:30,2026-10-02T17:15:15.430760+05:30,2026-10-02T17:15:15.430760+05:30,2026-10-02T17:15:15.430760+05:30,DATA_FAILURE,BLOCKED,False,NONE,True,True,DATA_GATE,FAIL_CFO_PAT
c6c800bcad0f4cbe9ed5c8195049c221,QUALITY_COMPOUNDER,Quality Compounder,FROZEN_V2_PROD_1.0,MARATHON,NSE_EQ|MARATHON,NSE,EQUITY,CERTIFIED_CLEAN_886,525,2026-10-02T17:12:51.176370+05:30,2026-10-02T17:15:15.456350+05:30,2026-10-02T17:15:15.456350+05:30,2026-10-02T17:15:15.456350+05:30,DATA_FAILURE,BLOCKED,False,NONE,True,True,DATA_GATE,FAIL_ROCE
c6c800bcad0f4cbe9ed5c8195049c221,QUALITY_COMPOUNDER,Quality Compounder,FROZEN_V2_PROD_1.0,MARICO,NSE_EQ|MARICO,NSE,EQUITY,CERTIFIED_CLEAN_886,526,2026-10-02T17:12:51.176370+05:30,2026-10-02T17:15:15.484503+05:30,2026-10-02T17:15:15.484503+05:30,2026-10-02T17:15:15.484503+05:30,DATA_FAILURE,BLOCKED,False,NONE,True,True,DATA_GATE,FAIL_PAT_CAGR
c6c800bcad0f4cbe9ed5c8195049c221,QUALITY_COMPOUNDER,Quality Compounder,FROZEN_V2_PROD_1.0,MARKSANS,NSE_EQ|MARKSANS,NSE,EQUITY,CERTIFIED_CLEAN_886,527,2026-10-02T17:12:51.176370+05:30,2026-10-02T17:15:15.515546+05:30,2026-10-02T17:15:15.515546+05:30,2026-10-02T17:15:15.515546+05:30,DATA_FAILURE,BLOCKED,False,NONE,True,True,DATA_GATE,FAIL_CFO_PAT
c6c800bcad0f4cbe9ed5c8195049c221,QUALITY_COMPOUNDER,Quality Compounder,FROZEN_V2_PROD_1.0,MARSONS,NSE_EQ|MARSONS,NSE,EQUITY,CERTIFIED_CLEAN_886,528,2026-10-02T17:12:51.176370+05:30,2026-10-02T17:15:15.647150+05:30,2026-10-02T17:15:15.647150+05:30,2026-10-02T17:15:15.647150+05:30,DATA_FAILURE,BLOCKED,False,NONE,True,True,DATA_GATE,DATA_INSUFFICIENT_QUALITY
c6c800bcad0f4cbe9ed5c8195049c221,QUALITY_COMPOUNDER,Quality Compounder,FROZEN_V2_PROD_1.0,MARUTI,NSE_EQ|MARUTI,NSE,EQUITY,CERTIFIED_CLEAN_886,529,2026-10-02T17:12:51.176370+05:30,2026-10-02T17:15:15.916819+05:30,2026-10-02T17:15:15.916819+05:30,2026-10-02T17:15:15.916819+05:30,DATA_FAILURE,BLOCKED,False,NONE,True,True,DATA_GATE,DATA_INSUFFICIENT_VALUATION
c6c800bcad0f4cbe9ed5c8195049c221,QUALITY_COMPOUNDER,Quality Compounder,FROZEN_V2_PROD_1.0,MASFIN,NSE_EQ|MASFIN,NSE,EQUITY,CERTIFIED_CLEAN_886,530,2026-10-02T17:12:51.176370+05:30,2026-10-02T17:15:15.933889+05:30,2026-10-02T17:15:15.933889+05:30,2026-10-02T17:15:15.933889+05:30,FULLY_EVALUABLE,REJECTED,False,NONE,False,True,QUALITY_GATE,METRIC_NOT_APPLICABLE_FINANCIAL
c6c800bcad0f4cbe9ed5c8195049c221,QUALITY_COMPOUNDER,Quality Compounder,FROZEN_V2_PROD_1.0,MASTEK,NSE_EQ|MASTEK,NSE,EQUITY,CERTIFIED_CLEAN_886,531,2026-10-02T17:12:51.176370+05:30,2026-10-02T17:15:15.957467+05:30,2026-10-02T17:15:15.957467+05:30,2026-10-02T17:15:15.957467+05:30,DATA_FAILURE,BLOCKED,False,NONE,True,True,DATA_GATE,FAIL_PAT_CAGR
c6c800bcad0f4cbe9ed5c8195049c221,QUALITY_COMPOUNDER,Quality Compounder,FROZEN_V2_PROD_1.0,MAXHEALTH,NSE_EQ|MAXHEALTH,NSE,EQUITY,CERTIFIED_CLEAN_886,532,2026-10-02T17:12:51.176370+05:30,2026-10-02T17:15:15.983059+05:30,2026-10-02T17:15:15.983059+05:30,2026-10-02T17:15:15.983059+05:30,DATA_FAILURE,BLOCKED,False,NONE,True,True,DATA_GATE,DATA_INSUFFICIENT_QUALITY
c6c800bcad0f4cbe9ed5c8195049c221,QUALITY_COMPOUNDER,Quality Compounder,FROZEN_V2_PROD_1.0,MAYURUNIQ,NSE_EQ|MAYURUNIQ,NSE,EQUITY,CERTIFIED_CLEAN_886,533,2026-10-02T17:12:51.176370+05:30,2026-10-02T17:15:16.287104+05:30,2026-10-02T17:15:16.287104+05:30,2026-10-02T17:15:16.287104+05:30,DATA_FAILURE,BLOCKED,False,NONE,True,True,DATA_GATE,DATA_INSUFFICIENT_VALUATION
c6c800bcad0f4cbe9ed5c8195049c221,QUALITY_COMPOUNDER,Quality Compounder,FROZEN_V2_PROD_1.0,MBAPL,NSE_EQ|MBAPL,NSE,EQUITY,CERTIFIED_CLEAN_886,534,2026-10-02T17:12:51.176370+05:30,2026-10-02T17:15:16.395490+05:30,2026-10-02T17:15:16.395490+05:30,2026-10-02T17:15:16.395490+05:30,DATA_FAILURE,BLOCKED,False,NONE,True,True,DATA_GATE,DATA_FAILURE_NO_PIT (PIT_INGESTION_GAP)
c6c800bcad0f4cbe9ed5c8195049c221,QUALITY_COMPOUNDER,Quality Compounder,FROZEN_V2_PROD_1.0,MCX,NSE_EQ|MCX,NSE,EQUITY,CERTIFIED_CLEAN_886,535,2026-10-02T17:12:51.176370+05:30,2026-10-02T17:15:16.420171+05:30,2026-10-02T17:15:16.420171+05:30,2026-10-02T17:15:16.420171+05:30,FULLY_EVALUABLE,REJECTED,False,NONE,False,True,QUALITY_GATE,METRIC_NOT_APPLICABLE_FINANCIAL
c6c800bcad0f4cbe9ed5c8195049c221,QUALITY_COMPOUNDER,Quality Compounder,FROZEN_V2_PROD_1.0,MEDIASSIST,NSE_EQ|MEDIASSIST,NSE,EQUITY,CERTIFIED_CLEAN_886,536,2026-10-02T17:12:51.176370+05:30,2026-10-02T17:15:16.439758+05:30,2026-10-02T17:15:16.439758+05:30,2026-10-02T17:15:16.439758+05:30,DATA_FAILURE,BLOCKED,False,NONE,True,True,DATA_GATE,DATA_INSUFFICIENT_QUALITY
c6c800bcad0f4cbe9ed5c8195049c221,QUALITY_COMPOUNDER,Quality Compounder,FROZEN_V2_PROD_1.0,METROBRAND,NSE_EQ|METROBRAND,NSE,EQUITY,CERTIFIED_CLEAN_886,537,2026-10-02T17:12:51.176370+05:30,2026-10-02T17:15:16.460801+05:30,2026-10-02T17:15:16.460801+05:30,2026-10-02T17:15:16.460801+05:30,DATA_FAILURE,BLOCKED,False,NONE,True,True,DATA_GATE,FAIL_DEBT
c6c800bcad0f4cbe9ed5c8195049c221,QUALITY_COMPOUNDER,Quality Compounder,FROZEN_V2_PROD_1.0,METROPOLIS,NSE_EQ|METROPOLIS,NSE,EQUITY,CERTIFIED_CLEAN_886,538,2026-10-02T17:12:51.176370+05:30,2026-10-02T17:15:16.477933+05:30,2026-10-02T17:15:16.477933+05:30,2026-10-02T17:15:16.477933+05:30,DATA_FAILURE,BLOCKED,False,NONE,True,True,DATA_GATE,FAIL_PAT_CAGR
c6c800bcad0f4cbe9ed5c8195049c221,QUALITY_COMPOUNDER,Quality Compounder,FROZEN_V2_PROD_1.0,MGL,NSE_EQ|MGL,NSE,EQUITY,CERTIFIED_CLEAN_886,539,2026-10-02T17:12:51.176370+05:30,2026-10-02T17:15:16.508647+05:30,2026-10-02T17:15:16.508647+05:30,2026-10-02T17:15:16.508647+05:30,DATA_FAILURE,BLOCKED,False,NONE,True,True,DATA_GATE,DATA_INSUFFICIENT_QUALITY
c6c800bcad0f4cbe9ed5c8195049c221,QUALITY_COMPOUNDER,Quality Compounder,FROZEN_V2_PROD_1.0,MHRIL,NSE_EQ|MHRIL,NSE,EQUITY,CERTIFIED_CLEAN_886,540,2026-10-02T17:12:51.176370+05:30,2026-10-02T17:15:16.902641+05:30,2026-10-02T17:15:16.902641+05:30,2026-10-02T17:15:16.902641+05:30,DATA_FAILURE,BLOCKED,False,NONE,True,True,DATA_GATE,DATA_INSUFFICIENT_QUALITY
c6c800bcad0f4cbe9ed5c8195049c221,QUALITY_COMPOUNDER,Quality Compounder,FROZEN_V2_PROD_1.0,MIDHANI,NSE_EQ|MIDHANI,NSE,EQUITY,CERTIFIED_CLEAN_886,541,2026-10-02T17:12:51.176370+05:30,2026-10-02T17:15:16.918856+05:30,2026-10-02T17:15:16.918856+05:30,2026-10-02T17:15:16.918856+05:30,DATA_FAILURE,BLOCKED,False,NONE,True,True,DATA_GATE,FAIL_ROCE
c6c800bcad0f4cbe9ed5c8195049c221,QUALITY_COMPOUNDER,Quality Compounder,FROZEN_V2_PROD_1.0,MIDWESTLTD,NSE_EQ|MIDWESTLTD,NSE,EQUITY,CERTIFIED_CLEAN_886,542,2026-10-02T17:12:51.176370+05:30,2026-10-02T17:15:17.153618+05:30,2026-10-02T17:15:17.153618+05:30,2026-10-02T17:15:17.153618+05:30,DATA_FAILURE,BLOCKED,False,NONE,True,True,DATA_GATE,DATA_INSUFFICIENT_VALUATION
c6c800bcad0f4cbe9ed5c8195049c221,QUALITY_COMPOUNDER,Quality Compounder,FROZEN_V2_PROD_1.0,MINDACORP,NSE_EQ|MINDACORP,NSE,EQUITY,CERTIFIED_CLEAN_886,543,2026-10-02T17:12:51.176370+05:30,2026-10-02T17:15:17.254939+05:30,2026-10-02T17:15:17.254939+05:30,2026-10-02T17:15:17.254939+05:30,DATA_FAILURE,BLOCKED,False,NONE,True,True,DATA_GATE,FAIL_ROCE
c6c800bcad0f4cbe9ed5c8195049c221,QUALITY_COMPOUNDER,Quality Compounder,FROZEN_V2_PROD_1.0,MMFL,NSE_EQ|MMFL,NSE,EQUITY,CERTIFIED_CLEAN_886,544,2026-10-02T17:12:51.176370+05:30,2026-10-02T17:15:17.306178+05:30,2026-10-02T17:15:17.306178+05:30,2026-10-02T17:15:17.306178+05:30,DATA_FAILURE,BLOCKED,False,NONE,True,True,DATA_GATE,FAIL_ROCE
c6c800bcad0f4cbe9ed5c8195049c221,QUALITY_COMPOUNDER,Quality Compounder,FROZEN_V2_PROD_1.0,MOIL,NSE_EQ|MOIL,NSE,EQUITY,CERTIFIED_CLEAN_886,545,2026-10-02T17:12:51.176370+05:30,2026-10-02T17:15:17.519755+05:30,2026-10-02T17:15:17.519755+05:30,2026-10-02T17:15:17.519755+05:30,DATA_FAILURE,BLOCKED,False,NONE,True,True,DATA_GATE,DATA_INSUFFICIENT_QUALITY
c6c800bcad0f4cbe9ed5c8195049c221,QUALITY_COMPOUNDER,Quality Compounder,FROZEN_V2_PROD_1.0,MOLDTKPAC,NSE_EQ|MOLDTKPAC,NSE,EQUITY,CERTIFIED_CLEAN_886,546,2026-10-02T17:12:51.176370+05:30,2026-10-02T17:15:17.545180+05:30,2026-10-02T17:15:17.545180+05:30,2026-10-02T17:15:17.545180+05:30,DATA_FAILURE,BLOCKED,False,NONE,True,True,DATA_GATE,DATA_INSUFFICIENT_QUALITY
c6c800bcad0f4cbe9ed5c8195049c221,QUALITY_COMPOUNDER,Quality Compounder,FROZEN_V2_PROD_1.0,MONARCH,NSE_EQ|MONARCH,NSE,EQUITY,CERTIFIED_CLEAN_886,547,2026-10-02T17:12:51.176370+05:30,2026-10-02T17:15:17.596465+05:30,2026-10-02T17:15:17.596465+05:30,2026-10-02T17:15:17.596465+05:30,DATA_FAILURE,BLOCKED,False,NONE,True,True,DATA_GATE,FAIL_CFO_PAT
c6c800bcad0f4cbe9ed5c8195049c221,QUALITY_COMPOUNDER,Quality Compounder,FROZEN_V2_PROD_1.0,MONOLITH,NSE_EQ|MONOLITH,NSE,EQUITY,CERTIFIED_CLEAN_886,548,2026-10-02T17:12:51.176370+05:30,2026-10-02T17:15:17.622276+05:30,2026-10-02T17:15:17.622276+05:30,2026-10-02T17:15:17.622276+05:30,STRUCTURAL_INELIGIBLE,BLOCKED,False,NONE,True,True,DATA_GATE,DATA_INSUFFICIENT_QUALITY
c6c800bcad0f4cbe9ed5c8195049c221,QUALITY_COMPOUNDER,Quality Compounder,FROZEN_V2_PROD_1.0,MONTECARLO,NSE_EQ|MONTECARLO,NSE,EQUITY,CERTIFIED_CLEAN_886,549,2026-10-02T17:12:51.176370+05:30,2026-10-02T17:15:17.663248+05:30,2026-10-02T17:15:17.663248+05:30,2026-10-02T17:15:17.663248+05:30,DATA_FAILURE,BLOCKED,False,NONE,True,True,DATA_GATE,FAIL_CFO_PAT
c6c800bcad0f4cbe9ed5c8195049c221,QUALITY_COMPOUNDER,Quality Compounder,FROZEN_V2_PROD_1.0,MOSCHIP,NSE_EQ|MOSCHIP,NSE,EQUITY,CERTIFIED_CLEAN_886,550,2026-10-02T17:12:51.176370+05:30,2026-10-02T17:15:17.691258+05:30,2026-10-02T17:15:17.691258+05:30,2026-10-02T17:15:17.691258+05:30,DATA_FAILURE,BLOCKED,False,NONE,True,True,DATA_GATE,DATA_INSUFFICIENT_QUALITY
c6c800bcad0f4cbe9ed5c8195049c221,QUALITY_COMPOUNDER,Quality Compounder,FROZEN_V2_PROD_1.0,MOTHERSON,NSE_EQ|MOTHERSON,NSE,EQUITY,CERTIFIED_CLEAN_886,551,2026-10-02T17:12:51.176370+05:30,2026-10-02T17:15:17.714093+05:30,2026-10-02T17:15:17.714093+05:30,2026-10-02T17:15:17.714093+05:30,DATA_FAILURE,BLOCKED,False,NONE,True,True,DATA_GATE,FAIL_UNIVERSE_MARKET_CAP
c6c800bcad0f4cbe9ed5c8195049c221,QUALITY_COMPOUNDER,Quality Compounder,FROZEN_V2_PROD_1.0,MOTILALOFS,NSE_EQ|MOTILALOFS,NSE,EQUITY,CERTIFIED_CLEAN_886,552,2026-10-02T17:12:51.176370+05:30,2026-10-02T17:15:17.723157+05:30,2026-10-02T17:15:17.723157+05:30,2026-10-02T17:15:17.723157+05:30,FULLY_EVALUABLE,REJECTED,False,NONE,False,True,QUALITY_GATE,METRIC_NOT_APPLICABLE_FINANCIAL
c6c800bcad0f4cbe9ed5c8195049c221,QUALITY_COMPOUNDER,Quality Compounder,FROZEN_V2_PROD_1.0,MPHASIS,NSE_EQ|MPHASIS,NSE,EQUITY,CERTIFIED_CLEAN_886,553,2026-10-02T17:12:51.176370+05:30,2026-10-02T17:15:17.739714+05:30,2026-10-02T17:15:17.739714+05:30,2026-10-02T17:15:17.739714+05:30,DATA_FAILURE,BLOCKED,False,NONE,True,True,DATA_GATE,FAIL_PAT_CAGR
c6c800bcad0f4cbe9ed5c8195049c221,QUALITY_COMPOUNDER,Quality Compounder,FROZEN_V2_PROD_1.0,MPSLTD,NSE_EQ|MPSLTD,NSE,EQUITY,CERTIFIED_CLEAN_886,554,2026-10-02T17:12:51.176370+05:30,2026-10-02T17:15:18.059619+05:30,2026-10-02T17:15:18.059619+05:30,2026-10-02T17:15:18.059619+05:30,DATA_FAILURE,BLOCKED,False,NONE,True,True,DATA_GATE,DATA_INSUFFICIENT_VALUATION
c6c800bcad0f4cbe9ed5c8195049c221,QUALITY_COMPOUNDER,Quality Compounder,FROZEN_V2_PROD_1.0,MRF,NSE_EQ|MRF,NSE,EQUITY,CERTIFIED_CLEAN_886,555,2026-10-02T17:12:51.176370+05:30,2026-10-02T17:15:18.082799+05:30,2026-10-02T17:15:18.082799+05:30,2026-10-02T17:15:18.082799+05:30,DATA_FAILURE,BLOCKED,False,NONE,True,True,DATA_GATE,FAIL_ROCE
c6c800bcad0f4cbe9ed5c8195049c221,QUALITY_COMPOUNDER,Quality Compounder,FROZEN_V2_PROD_1.0,MRPL,NSE_EQ|MRPL,NSE,EQUITY,CERTIFIED_CLEAN_886,556,2026-10-02T17:12:51.176370+05:30,2026-10-02T17:15:18.102606+05:30,2026-10-02T17:15:18.102606+05:30,2026-10-02T17:15:18.102606+05:30,DATA_FAILURE,BLOCKED,False,NONE,True,True,DATA_GATE,DATA_INSUFFICIENT_QUALITY
c6c800bcad0f4cbe9ed5c8195049c221,QUALITY_COMPOUNDER,Quality Compounder,FROZEN_V2_PROD_1.0,MSTCLTD,NSE_EQ|MSTCLTD,NSE,EQUITY,CERTIFIED_CLEAN_886,557,2026-10-02T17:12:51.176370+05:30,2026-10-02T17:15:18.150222+05:30,2026-10-02T17:15:18.150222+05:30,2026-10-02T17:15:18.150222+05:30,DATA_FAILURE,BLOCKED,False,NONE,True,True,DATA_GATE,FAIL_SALES_CAGR
c6c800bcad0f4cbe9ed5c8195049c221,QUALITY_COMPOUNDER,Quality Compounder,FROZEN_V2_PROD_1.0,MTARTECH,NSE_EQ|MTARTECH,NSE,EQUITY,CERTIFIED_CLEAN_886,558,2026-10-02T17:12:51.176370+05:30,2026-10-02T17:15:18.167045+05:30,2026-10-02T17:15:18.167045+05:30,2026-10-02T17:15:18.167045+05:30,DATA_FAILURE,BLOCKED,False,NONE,True,True,DATA_GATE,FAIL_ROCE
c6c800bcad0f4cbe9ed5c8195049c221,QUALITY_COMPOUNDER,Quality Compounder,FROZEN_V2_PROD_1.0,MUKANDLTD,NSE_EQ|MUKANDLTD,NSE,EQUITY,CERTIFIED_CLEAN_886,559,2026-10-02T17:12:51.176370+05:30,2026-10-02T17:15:18.193859+05:30,2026-10-02T17:15:18.193859+05:30,2026-10-02T17:15:18.193859+05:30,DATA_FAILURE,BLOCKED,False,NONE,True,True,DATA_GATE,DATA_INSUFFICIENT_QUALITY
c6c800bcad0f4cbe9ed5c8195049c221,QUALITY_COMPOUNDER,Quality Compounder,FROZEN_V2_PROD_1.0,MUTHOOTFIN,NSE_EQ|MUTHOOTFIN,NSE,EQUITY,CERTIFIED_CLEAN_886,560,2026-10-02T17:12:51.176370+05:30,2026-10-02T17:15:18.206763+05:30,2026-10-02T17:15:18.206763+05:30,2026-10-02T17:15:18.206763+05:30,FULLY_EVALUABLE,REJECTED,False,NONE,False,True,QUALITY_GATE,METRIC_NOT_APPLICABLE_FINANCIAL
c6c800bcad0f4cbe9ed5c8195049c221,QUALITY_COMPOUNDER,Quality Compounder,FROZEN_V2_PROD_1.0,MWL,NSE_EQ|MWL,NSE,EQUITY,CERTIFIED_CLEAN_886,561,2026-10-02T17:12:51.176370+05:30,2026-10-02T17:15:18.229184+05:30,2026-10-02T17:15:18.229184+05:30,2026-10-02T17:15:18.229184+05:30,DATA_FAILURE,BLOCKED,False,NONE,True,True,DATA_GATE,FAIL_ROCE
c6c800bcad0f4cbe9ed5c8195049c221,QUALITY_COMPOUNDER,Quality Compounder,FROZEN_V2_PROD_1.0,NATCOPHARM,NSE_EQ|NATCOPHARM,NSE,EQUITY,CERTIFIED_CLEAN_886,562,2026-10-02T17:12:51.176370+05:30,2026-10-02T17:15:18.551479+05:30,2026-10-02T17:15:18.551479+05:30,2026-10-02T17:15:18.551479+05:30,DATA_FAILURE,BLOCKED,False,NONE,True,True,DATA_GATE,DATA_INSUFFICIENT_VALUATION
c6c800bcad0f4cbe9ed5c8195049c221,QUALITY_COMPOUNDER,Quality Compounder,FROZEN_V2_PROD_1.0,NATIONALUM,NSE_EQ|NATIONALUM,NSE,EQUITY,CERTIFIED_CLEAN_886,563,2026-10-02T17:12:51.176370+05:30,2026-10-02T17:15:21.697733+05:30,2026-10-02T17:15:21.697733+05:30,2026-10-02T17:15:21.697733+05:30,DATA_FAILURE,BLOCKED,False,NONE,True,True,DATA_GATE,DATA_INSUFFICIENT_VALUATION
c6c800bcad0f4cbe9ed5c8195049c221,QUALITY_COMPOUNDER,Quality Compounder,FROZEN_V2_PROD_1.0,NAVA,NSE_EQ|NAVA,NSE,EQUITY,CERTIFIED_CLEAN_886,564,2026-10-02T17:12:51.176370+05:30,2026-10-02T17:15:22.280440+05:30,2026-10-02T17:15:22.280440+05:30,2026-10-02T17:15:22.280440+05:30,DATA_FAILURE,BLOCKED,False,NONE,True,True,DATA_GATE,DATA_INSUFFICIENT_VALUATION
c6c800bcad0f4cbe9ed5c8195049c221,QUALITY_COMPOUNDER,Quality Compounder,FROZEN_V2_PROD_1.0,NAVINFLUOR,NSE_EQ|NAVINFLUOR,NSE,EQUITY,CERTIFIED_CLEAN_886,565,2026-10-02T17:12:51.176370+05:30,2026-10-02T17:15:22.521152+05:30,2026-10-02T17:15:22.521152+05:30,2026-10-02T17:15:22.521152+05:30,DATA_FAILURE,BLOCKED,False,NONE,True,True,DATA_GATE,DATA_INSUFFICIENT_VALUATION
c6c800bcad0f4cbe9ed5c8195049c221,QUALITY_COMPOUNDER,Quality Compounder,FROZEN_V2_PROD_1.0,NAVNETEDUL,NSE_EQ|NAVNETEDUL,NSE,EQUITY,CERTIFIED_CLEAN_886,566,2026-10-02T17:12:51.176370+05:30,2026-10-02T17:15:22.587386+05:30,2026-10-02T17:15:22.587386+05:30,2026-10-02T17:15:22.587386+05:30,DATA_FAILURE,BLOCKED,False,NONE,True,True,DATA_GATE,FAIL_ROCE
c6c800bcad0f4cbe9ed5c8195049c221,QUALITY_COMPOUNDER,Quality Compounder,FROZEN_V2_PROD_1.0,NBCC,NSE_EQ|NBCC,NSE,EQUITY,CERTIFIED_CLEAN_886,567,2026-10-02T17:12:51.176370+05:30,2026-10-02T17:15:22.609498+05:30,2026-10-02T17:15:22.609498+05:30,2026-10-02T17:15:22.609498+05:30,DATA_FAILURE,BLOCKED,False,NONE,True,True,DATA_GATE,FAIL_CFO_PAT
c6c800bcad0f4cbe9ed5c8195049c221,QUALITY_COMPOUNDER,Quality Compounder,FROZEN_V2_PROD_1.0,NCC,NSE_EQ|NCC,NSE,EQUITY,CERTIFIED_CLEAN_886,568,2026-10-02T17:12:51.176370+05:30,2026-10-02T17:15:23.209349+05:30,2026-10-02T17:15:23.209349+05:30,2026-10-02T17:15:23.209349+05:30,DATA_FAILURE,BLOCKED,False,NONE,True,True,DATA_GATE,DATA_INSUFFICIENT_VALUATION
c6c800bcad0f4cbe9ed5c8195049c221,QUALITY_COMPOUNDER,Quality Compounder,FROZEN_V2_PROD_1.0,NDRAUTO,NSE_EQ|NDRAUTO,NSE,EQUITY,CERTIFIED_CLEAN_886,569,2026-10-02T17:12:51.176370+05:30,2026-10-02T17:15:23.603245+05:30,2026-10-02T17:15:23.603245+05:30,2026-10-02T17:15:23.603245+05:30,DATA_FAILURE,BLOCKED,False,NONE,True,True,DATA_GATE,DATA_INSUFFICIENT_VALUATION
c6c800bcad0f4cbe9ed5c8195049c221,QUALITY_COMPOUNDER,Quality Compounder,FROZEN_V2_PROD_1.0,NELCAST,NSE_EQ|NELCAST,NSE,EQUITY,CERTIFIED_CLEAN_886,570,2026-10-02T17:12:51.176370+05:30,2026-10-02T17:15:23.631841+05:30,2026-10-02T17:15:23.631841+05:30,2026-10-02T17:15:23.631841+05:30,DATA_FAILURE,BLOCKED,False,NONE,True,True,DATA_GATE,FAIL_ROCE
c6c800bcad0f4cbe9ed5c8195049c221,QUALITY_COMPOUNDER,Quality Compounder,FROZEN_V2_PROD_1.0,NESCO,NSE_EQ|NESCO,NSE,EQUITY,CERTIFIED_CLEAN_886,571,2026-10-02T17:12:51.176370+05:30,2026-10-02T17:15:23.907493+05:30,2026-10-02T17:15:23.907493+05:30,2026-10-02T17:15:23.907493+05:30,DATA_FAILURE,BLOCKED,False,NONE,True,True,DATA_GATE,DATA_INSUFFICIENT_VALUATION
c6c800bcad0f4cbe9ed5c8195049c221,QUALITY_COMPOUNDER,Quality Compounder,FROZEN_V2_PROD_1.0,NESTLEIND,NSE_EQ|NESTLEIND,NSE,EQUITY,CERTIFIED_CLEAN_886,572,2026-10-02T17:12:51.176370+05:30,2026-10-02T17:15:23.945011+05:30,2026-10-02T17:15:23.945011+05:30,2026-10-02T17:15:23.945011+05:30,DATA_FAILURE,BLOCKED,False,NONE,True,True,DATA_GATE,DATA_INSUFFICIENT_QUALITY
c6c800bcad0f4cbe9ed5c8195049c221,QUALITY_COMPOUNDER,Quality Compounder,FROZEN_V2_PROD_1.0,NETWEB,NSE_EQ|NETWEB,NSE,EQUITY,CERTIFIED_CLEAN_886,573,2026-10-02T17:12:51.176370+05:30,2026-10-02T17:15:23.951122+05:30,2026-10-02T17:15:23.951122+05:30,2026-10-02T17:15:23.951122+05:30,DATA_FAILURE,BLOCKED,False,NONE,True,True,DATA_GATE,DATA_FAILURE_NO_PIT (PIT_INGESTION_GAP)
c6c800bcad0f4cbe9ed5c8195049c221,QUALITY_COMPOUNDER,Quality Compounder,FROZEN_V2_PROD_1.0,NEULANDLAB,NSE_EQ|NEULANDLAB,NSE,EQUITY,CERTIFIED_CLEAN_886,574,2026-10-02T17:12:51.176370+05:30,2026-10-02T17:15:24.335888+05:30,2026-10-02T17:15:24.335888+05:30,2026-10-02T17:15:24.335888+05:30,DATA_FAILURE,BLOCKED,False,NONE,True,True,DATA_GATE,DATA_INSUFFICIENT_VALUATION
c6c800bcad0f4cbe9ed5c8195049c221,QUALITY_COMPOUNDER,Quality Compounder,FROZEN_V2_PROD_1.0,NEWGEN,NSE_EQ|NEWGEN,NSE,EQUITY,CERTIFIED_CLEAN_886,575,2026-10-02T17:12:51.176370+05:30,2026-10-02T17:15:24.494416+05:30,2026-10-02T17:15:24.494416+05:30,2026-10-02T17:15:24.494416+05:30,DATA_FAILURE,BLOCKED,False,NONE,True,True,DATA_GATE,DATA_INSUFFICIENT_VALUATION
c6c800bcad0f4cbe9ed5c8195049c221,QUALITY_COMPOUNDER,Quality Compounder,FROZEN_V2_PROD_1.0,NGLFINE,NSE_EQ|NGLFINE,NSE,EQUITY,CERTIFIED_CLEAN_886,576,2026-10-02T17:12:51.176370+05:30,2026-10-02T17:15:24.528092+05:30,2026-10-02T17:15:24.528092+05:30,2026-10-02T17:15:24.528092+05:30,DATA_FAILURE,BLOCKED,False,NONE,True,True,DATA_GATE,FAIL_PAT_CAGR
c6c800bcad0f4cbe9ed5c8195049c221,QUALITY_COMPOUNDER,Quality Compounder,FROZEN_V2_PROD_1.0,NH,NSE_EQ|NH,NSE,EQUITY,CERTIFIED_CLEAN_886,577,2026-10-02T17:12:51.176370+05:30,2026-10-02T17:15:24.552908+05:30,2026-10-02T17:15:24.552908+05:30,2026-10-02T17:15:24.552908+05:30,DATA_FAILURE,BLOCKED,False,NONE,True,True,DATA_GATE,DATA_INSUFFICIENT_QUALITY
c6c800bcad0f4cbe9ed5c8195049c221,QUALITY_COMPOUNDER,Quality Compounder,FROZEN_V2_PROD_1.0,NIITMTS,NSE_EQ|NIITMTS,NSE,EQUITY,CERTIFIED_CLEAN_886,578,2026-10-02T17:12:51.176370+05:30,2026-10-02T17:15:24.607300+05:30,2026-10-02T17:15:24.607300+05:30,2026-10-02T17:15:24.607300+05:30,DATA_FAILURE,BLOCKED,False,NONE,True,True,DATA_GATE,DATA_INSUFFICIENT_QUALITY
c6c800bcad0f4cbe9ed5c8195049c221,QUALITY_COMPOUNDER,Quality Compounder,FROZEN_V2_PROD_1.0,NINSYS,NSE_EQ|NINSYS,NSE,EQUITY,CERTIFIED_CLEAN_886,579,2026-10-02T17:12:51.176370+05:30,2026-10-02T17:15:24.638127+05:30,2026-10-02T17:15:24.638127+05:30,2026-10-02T17:15:24.638127+05:30,STRUCTURAL_INELIGIBLE,BLOCKED,False,NONE,True,True,DATA_GATE,FAIL_LIQUIDITY
c6c800bcad0f4cbe9ed5c8195049c221,QUALITY_COMPOUNDER,Quality Compounder,FROZEN_V2_PROD_1.0,NIRLON,NSE_EQ|NIRLON,NSE,EQUITY,CERTIFIED_CLEAN_886,580,2026-10-02T17:12:51.176370+05:30,2026-10-02T17:15:24.643602+05:30,2026-10-02T17:15:24.643602+05:30,2026-10-02T17:15:24.643602+05:30,DATA_FAILURE,BLOCKED,False,NONE,True,True,DATA_GATE,DATA_FAILURE_NO_PIT (PIT_INGESTION_GAP)
c6c800bcad0f4cbe9ed5c8195049c221,QUALITY_COMPOUNDER,Quality Compounder,FROZEN_V2_PROD_1.0,NITINSPIN,NSE_EQ|NITINSPIN,NSE,EQUITY,CERTIFIED_CLEAN_886,581,2026-10-02T17:12:51.176370+05:30,2026-10-02T17:15:24.789074+05:30,2026-10-02T17:15:24.789074+05:30,2026-10-02T17:15:24.789074+05:30,DATA_FAILURE,BLOCKED,False,NONE,True,True,DATA_GATE,DATA_FAILURE_NO_PIT (PIT_INGESTION_GAP)
c6c800bcad0f4cbe9ed5c8195049c221,QUALITY_COMPOUNDER,Quality Compounder,FROZEN_V2_PROD_1.0,NITTAGELA,NSE_EQ|NITTAGELA,NSE,EQUITY,CERTIFIED_CLEAN_886,582,2026-10-02T17:12:51.176370+05:30,2026-10-02T17:15:24.841858+05:30,2026-10-02T17:15:24.841858+05:30,2026-10-02T17:15:24.841858+05:30,DATA_FAILURE,BLOCKED,False,NONE,True,True,DATA_GATE,FAIL_SALES_CAGR
c6c800bcad0f4cbe9ed5c8195049c221,QUALITY_COMPOUNDER,Quality Compounder,FROZEN_V2_PROD_1.0,NLCINDIA,NSE_EQ|NLCINDIA,NSE,EQUITY,CERTIFIED_CLEAN_886,583,2026-10-02T17:12:51.176370+05:30,2026-10-02T17:15:24.874057+05:30,2026-10-02T17:15:24.874057+05:30,2026-10-02T17:15:24.874057+05:30,DATA_FAILURE,BLOCKED,False,NONE,True,True,DATA_GATE,FAIL_ROCE
c6c800bcad0f4cbe9ed5c8195049c221,QUALITY_COMPOUNDER,Quality Compounder,FROZEN_V2_PROD_1.0,NORTHARC,NSE_EQ|NORTHARC,NSE,EQUITY,CERTIFIED_CLEAN_886,584,2026-10-02T17:12:51.176370+05:30,2026-10-02T17:15:24.895196+05:30,2026-10-02T17:15:24.895196+05:30,2026-10-02T17:15:24.895196+05:30,FULLY_EVALUABLE,REJECTED,False,NONE,False,True,QUALITY_GATE,METRIC_NOT_APPLICABLE_FINANCIAL
c6c800bcad0f4cbe9ed5c8195049c221,QUALITY_COMPOUNDER,Quality Compounder,FROZEN_V2_PROD_1.0,NOVARTIND,NSE_EQ|NOVARTIND,NSE,EQUITY,CERTIFIED_CLEAN_886,585,2026-10-02T17:12:51.176370+05:30,2026-10-02T17:15:24.899448+05:30,2026-10-02T17:15:24.899448+05:30,2026-10-02T17:15:24.899448+05:30,DATA_FAILURE,BLOCKED,False,NONE,True,True,DATA_GATE,DATA_FAILURE_NO_PIT (PIT_INGESTION_GAP)
c6c800bcad0f4cbe9ed5c8195049c221,QUALITY_COMPOUNDER,Quality Compounder,FROZEN_V2_PROD_1.0,NPST,NSE_EQ|NPST,NSE,EQUITY,CERTIFIED_CLEAN_886,586,2026-10-02T17:12:51.176370+05:30,2026-10-02T17:15:24.992854+05:30,2026-10-02T17:15:24.992854+05:30,2026-10-02T17:15:24.992854+05:30,DATA_FAILURE,BLOCKED,False,NONE,True,True,DATA_GATE,FAIL_CFO_PAT
c6c800bcad0f4cbe9ed5c8195049c221,QUALITY_COMPOUNDER,Quality Compounder,FROZEN_V2_PROD_1.0,NRBBEARING,NSE_EQ|NRBBEARING,NSE,EQUITY,CERTIFIED_CLEAN_886,587,2026-10-02T17:12:51.176370+05:30,2026-10-02T17:15:25.360840+05:30,2026-10-02T17:15:25.360840+05:30,2026-10-02T17:15:25.360840+05:30,DATA_FAILURE,BLOCKED,False,NONE,True,True,DATA_GATE,DATA_INSUFFICIENT_VALUATION
c6c800bcad0f4cbe9ed5c8195049c221,QUALITY_COMPOUNDER,Quality Compounder,FROZEN_V2_PROD_1.0,NTPC,NSE_EQ|NTPC,NSE,EQUITY,CERTIFIED_CLEAN_886,588,2026-10-02T17:12:51.176370+05:30,2026-10-02T17:15:25.390048+05:30,2026-10-02T17:15:25.390048+05:30,2026-10-02T17:15:25.390048+05:30,DATA_FAILURE,BLOCKED,False,NONE,True,True,DATA_GATE,FAIL_ROCE
c6c800bcad0f4cbe9ed5c8195049c221,QUALITY_COMPOUNDER,Quality Compounder,FROZEN_V2_PROD_1.0,NUCLEUS,NSE_EQ|NUCLEUS,NSE,EQUITY,CERTIFIED_CLEAN_886,589,2026-10-02T17:12:51.176370+05:30,2026-10-02T17:15:25.401750+05:30,2026-10-02T17:15:25.401750+05:30,2026-10-02T17:15:25.401750+05:30,DATA_FAILURE,BLOCKED,False,NONE,True,True,DATA_GATE,FAIL_PAT_CAGR
c6c800bcad0f4cbe9ed5c8195049c221,QUALITY_COMPOUNDER,Quality Compounder,FROZEN_V2_PROD_1.0,NUVAMA,NSE_EQ|NUVAMA,NSE,EQUITY,CERTIFIED_CLEAN_886,590,2026-10-02T17:12:51.176370+05:30,2026-10-02T17:15:25.414837+05:30,2026-10-02T17:15:25.414837+05:30,2026-10-02T17:15:25.414837+05:30,FULLY_EVALUABLE,REJECTED,False,NONE,False,True,QUALITY_GATE,METRIC_NOT_APPLICABLE_FINANCIAL
c6c800bcad0f4cbe9ed5c8195049c221,QUALITY_COMPOUNDER,Quality Compounder,FROZEN_V2_PROD_1.0,NYKAA,NSE_EQ|NYKAA,NSE,EQUITY,CERTIFIED_CLEAN_886,591,2026-10-02T17:12:51.176370+05:30,2026-10-02T17:15:25.433219+05:30,2026-10-02T17:15:25.433219+05:30,2026-10-02T17:15:25.433219+05:30,DATA_FAILURE,BLOCKED,False,NONE,True,True,DATA_GATE,FAIL_ROCE
c6c800bcad0f4cbe9ed5c8195049c221,QUALITY_COMPOUNDER,Quality Compounder,FROZEN_V2_PROD_1.0,OBEROIRLTY,NSE_EQ|OBEROIRLTY,NSE,EQUITY,CERTIFIED_CLEAN_886,592,2026-10-02T17:12:51.176370+05:30,2026-10-02T17:15:25.445087+05:30,2026-10-02T17:15:25.445087+05:30,2026-10-02T17:15:25.445087+05:30,DATA_FAILURE,BLOCKED,False,NONE,True,True,DATA_GATE,FAIL_CFO_PAT
c6c800bcad0f4cbe9ed5c8195049c221,QUALITY_COMPOUNDER,Quality Compounder,FROZEN_V2_PROD_1.0,OBSCP,NSE_EQ|OBSCP,NSE,EQUITY,CERTIFIED_CLEAN_886,593,2026-10-02T17:12:51.176370+05:30,2026-10-02T17:15:25.448321+05:30,2026-10-02T17:15:25.448321+05:30,2026-10-02T17:15:25.448321+05:30,DATA_FAILURE,BLOCKED,False,NONE,True,True,DATA_GATE,DATA_FAILURE_NO_PIT (PIT_INGESTION_GAP)
c6c800bcad0f4cbe9ed5c8195049c221,QUALITY_COMPOUNDER,Quality Compounder,FROZEN_V2_PROD_1.0,OFSS,NSE_EQ|OFSS,NSE,EQUITY,CERTIFIED_CLEAN_886,594,2026-10-02T17:12:51.176370+05:30,2026-10-02T17:15:25.465509+05:30,2026-10-02T17:15:25.465509+05:30,2026-10-02T17:15:25.465509+05:30,DATA_FAILURE,BLOCKED,False,NONE,True,True,DATA_GATE,FAIL_SALES_CAGR
c6c800bcad0f4cbe9ed5c8195049c221,QUALITY_COMPOUNDER,Quality Compounder,FROZEN_V2_PROD_1.0,OIL,NSE_EQ|OIL,NSE,EQUITY,CERTIFIED_CLEAN_886,595,2026-10-02T17:12:51.176370+05:30,2026-10-02T17:15:25.488386+05:30,2026-10-02T17:15:25.488386+05:30,2026-10-02T17:15:25.488386+05:30,DATA_FAILURE,BLOCKED,False,NONE,True,True,DATA_GATE,FAIL_DEBT
c6c800bcad0f4cbe9ed5c8195049c221,QUALITY_COMPOUNDER,Quality Compounder,FROZEN_V2_PROD_1.0,OLECTRA,NSE_EQ|OLECTRA,NSE,EQUITY,CERTIFIED_CLEAN_886,596,2026-10-02T17:12:51.176370+05:30,2026-10-02T17:15:25.686880+05:30,2026-10-02T17:15:25.686880+05:30,2026-10-02T17:15:25.686880+05:30,DATA_FAILURE,BLOCKED,False,NONE,True,True,DATA_GATE,DATA_INSUFFICIENT_VALUATION
c6c800bcad0f4cbe9ed5c8195049c221,QUALITY_COMPOUNDER,Quality Compounder,FROZEN_V2_PROD_1.0,ONGC,NSE_EQ|ONGC,NSE,EQUITY,CERTIFIED_CLEAN_886,597,2026-10-02T17:12:51.176370+05:30,2026-10-02T17:15:25.706633+05:30,2026-10-02T17:15:25.706633+05:30,2026-10-02T17:15:25.706633+05:30,DATA_FAILURE,BLOCKED,False,NONE,True,True,DATA_GATE,FAIL_UNIVERSE_MARKET_CAP
c6c800bcad0f4cbe9ed5c8195049c221,QUALITY_COMPOUNDER,Quality Compounder,FROZEN_V2_PROD_1.0,OPTIEMUS,NSE_EQ|OPTIEMUS,NSE,EQUITY,CERTIFIED_CLEAN_886,598,2026-10-02T17:12:51.176370+05:30,2026-10-02T17:15:25.717133+05:30,2026-10-02T17:15:25.717133+05:30,2026-10-02T17:15:25.717133+05:30,DATA_FAILURE,BLOCKED,False,NONE,True,True,DATA_GATE,FAIL_ROCE
c6c800bcad0f4cbe9ed5c8195049c221,QUALITY_COMPOUNDER,Quality Compounder,FROZEN_V2_PROD_1.0,ORIANA,NSE_EQ|ORIANA,NSE,EQUITY,CERTIFIED_CLEAN_886,599,2026-10-02T17:12:51.176370+05:30,2026-10-02T17:15:25.731079+05:30,2026-10-02T17:15:25.731079+05:30,2026-10-02T17:15:25.731079+05:30,DATA_FAILURE,BLOCKED,False,NONE,True,True,DATA_GATE,FAIL_DEBT
c6c800bcad0f4cbe9ed5c8195049c221,QUALITY_COMPOUNDER,Quality Compounder,FROZEN_V2_PROD_1.0,ORIENTCEM,NSE_EQ|ORIENTCEM,NSE,EQUITY,CERTIFIED_CLEAN_886,600,2026-10-02T17:12:51.176370+05:30,2026-10-02T17:15:25.788329+05:30,2026-10-02T17:15:25.788329+05:30,2026-10-02T17:15:25.788329+05:30,DATA_FAILURE,BLOCKED,False,NONE,True,True,DATA_GATE,DATA_FAILURE_NO_PIT (PIT_INGESTION_GAP)
c6c800bcad0f4cbe9ed5c8195049c221,QUALITY_COMPOUNDER,Quality Compounder,FROZEN_V2_PROD_1.0,ORIENTELEC,NSE_EQ|ORIENTELEC,NSE,EQUITY,CERTIFIED_CLEAN_886,601,2026-10-02T17:12:51.176370+05:30,2026-10-02T17:15:25.797927+05:30,2026-10-02T17:15:25.797927+05:30,2026-10-02T17:15:25.797927+05:30,DATA_FAILURE,BLOCKED,False,NONE,True,True,DATA_GATE,DATA_FAILURE_NO_PIT (PIT_INGESTION_GAP)
c6c800bcad0f4cbe9ed5c8195049c221,QUALITY_COMPOUNDER,Quality Compounder,FROZEN_V2_PROD_1.0,ORIENTHOT,NSE_EQ|ORIENTHOT,NSE,EQUITY,CERTIFIED_CLEAN_886,602,2026-10-02T17:12:51.176370+05:30,2026-10-02T17:15:25.832628+05:30,2026-10-02T17:15:25.832628+05:30,2026-10-02T17:15:25.832628+05:30,DATA_FAILURE,BLOCKED,False,NONE,True,True,DATA_GATE,DATA_INSUFFICIENT_QUALITY
c6c800bcad0f4cbe9ed5c8195049c221,QUALITY_COMPOUNDER,Quality Compounder,FROZEN_V2_PROD_1.0,ORKLAINDIA,NSE_EQ|ORKLAINDIA,NSE,EQUITY,CERTIFIED_CLEAN_886,603,2026-10-02T17:12:51.176370+05:30,2026-10-02T17:15:25.845320+05:30,2026-10-02T17:15:25.845320+05:30,2026-10-02T17:15:25.845320+05:30,DATA_FAILURE,BLOCKED,False,NONE,True,True,DATA_GATE,FAIL_ROCE
c6c800bcad0f4cbe9ed5c8195049c221,QUALITY_COMPOUNDER,Quality Compounder,FROZEN_V2_PROD_1.0,OSWALPUMPS,NSE_EQ|OSWALPUMPS,NSE,EQUITY,CERTIFIED_CLEAN_886,604,2026-10-02T17:12:51.176370+05:30,2026-10-02T17:15:25.858392+05:30,2026-10-02T17:15:25.858392+05:30,2026-10-02T17:15:25.858392+05:30,DATA_FAILURE,BLOCKED,False,NONE,True,True,DATA_GATE,DATA_INSUFFICIENT_QUALITY
c6c800bcad0f4cbe9ed5c8195049c221,QUALITY_COMPOUNDER,Quality Compounder,FROZEN_V2_PROD_1.0,PACEDIGITK,NSE_EQ|PACEDIGITK,NSE,EQUITY,CERTIFIED_CLEAN_886,605,2026-10-02T17:12:51.176370+05:30,2026-10-02T17:15:25.873394+05:30,2026-10-02T17:15:25.873394+05:30,2026-10-02T17:15:25.873394+05:30,DATA_FAILURE,BLOCKED,False,NONE,True,True,DATA_GATE,DATA_INSUFFICIENT_QUALITY
c6c800bcad0f4cbe9ed5c8195049c221,QUALITY_COMPOUNDER,Quality Compounder,FROZEN_V2_PROD_1.0,PAGEIND,NSE_EQ|PAGEIND,NSE,EQUITY,CERTIFIED_CLEAN_886,606,2026-10-02T17:12:51.176370+05:30,2026-10-02T17:15:25.877793+05:30,2026-10-02T17:15:25.877793+05:30,2026-10-02T17:15:25.877793+05:30,DATA_FAILURE,BLOCKED,False,NONE,True,True,DATA_GATE,DATA_FAILURE_NO_PIT (PIT_INGESTION_GAP)
c6c800bcad0f4cbe9ed5c8195049c221,QUALITY_COMPOUNDER,Quality Compounder,FROZEN_V2_PROD_1.0,PANAMAPET,NSE_EQ|PANAMAPET,NSE,EQUITY,CERTIFIED_CLEAN_886,607,2026-10-02T17:12:51.176370+05:30,2026-10-02T17:15:25.896023+05:30,2026-10-02T17:15:25.896023+05:30,2026-10-02T17:15:25.896023+05:30,DATA_FAILURE,BLOCKED,False,NONE,True,True,DATA_GATE,FAIL_PAT_CAGR
c6c800bcad0f4cbe9ed5c8195049c221,QUALITY_COMPOUNDER,Quality Compounder,FROZEN_V2_PROD_1.0,PARADEEP,NSE_EQ|PARADEEP,NSE,EQUITY,CERTIFIED_CLEAN_886,608,2026-10-02T17:12:51.176370+05:30,2026-10-02T17:15:25.921196+05:30,2026-10-02T17:15:25.921196+05:30,2026-10-02T17:15:25.921196+05:30,DATA_FAILURE,BLOCKED,False,NONE,True,True,DATA_GATE,FAIL_ROCE
c6c800bcad0f4cbe9ed5c8195049c221,QUALITY_COMPOUNDER,Quality Compounder,FROZEN_V2_PROD_1.0,PARAGMILK,NSE_EQ|PARAGMILK,NSE,EQUITY,CERTIFIED_CLEAN_886,609,2026-10-02T17:12:51.176370+05:30,2026-10-02T17:15:25.940024+05:30,2026-10-02T17:15:25.940024+05:30,2026-10-02T17:15:25.940024+05:30,DATA_FAILURE,BLOCKED,False,NONE,True,True,DATA_GATE,FAIL_ROCE
c6c800bcad0f4cbe9ed5c8195049c221,QUALITY_COMPOUNDER,Quality Compounder,FROZEN_V2_PROD_1.0,PARAS,NSE_EQ|PARAS,NSE,EQUITY,CERTIFIED_CLEAN_886,610,2026-10-02T17:12:51.176370+05:30,2026-10-02T17:15:25.955166+05:30,2026-10-02T17:15:25.955166+05:30,2026-10-02T17:15:25.955166+05:30,DATA_FAILURE,BLOCKED,False,NONE,True,True,DATA_GATE,FAIL_ROCE
c6c800bcad0f4cbe9ed5c8195049c221,QUALITY_COMPOUNDER,Quality Compounder,FROZEN_V2_PROD_1.0,PATANJALI,NSE_EQ|PATANJALI,NSE,EQUITY,CERTIFIED_CLEAN_886,611,2026-10-02T17:12:51.176370+05:30,2026-10-02T17:15:25.979820+05:30,2026-10-02T17:15:25.979820+05:30,2026-10-02T17:15:25.979820+05:30,DATA_FAILURE,BLOCKED,False,NONE,True,True,DATA_GATE,DATA_INSUFFICIENT_QUALITY
c6c800bcad0f4cbe9ed5c8195049c221,QUALITY_COMPOUNDER,Quality Compounder,FROZEN_V2_PROD_1.0,PAUSHAKLTD,NSE_EQ|PAUSHAKLTD,NSE,EQUITY,CERTIFIED_CLEAN_886,612,2026-10-02T17:12:51.176370+05:30,2026-10-02T17:15:26.007461+05:30,2026-10-02T17:15:26.007461+05:30,2026-10-02T17:15:26.007461+05:30,DATA_FAILURE,BLOCKED,False,NONE,True,True,DATA_GATE,DATA_FAILURE_NO_PIT (PIT_INGESTION_GAP)
c6c800bcad0f4cbe9ed5c8195049c221,QUALITY_COMPOUNDER,Quality Compounder,FROZEN_V2_PROD_1.0,PENIND,NSE_EQ|PENIND,NSE,EQUITY,CERTIFIED_CLEAN_886,613,2026-10-02T17:12:51.176370+05:30,2026-10-02T17:15:26.047185+05:30,2026-10-02T17:15:26.047185+05:30,2026-10-02T17:15:26.047185+05:30,DATA_FAILURE,BLOCKED,False,NONE,True,True,DATA_GATE,FAIL_ROCE
c6c800bcad0f4cbe9ed5c8195049c221,QUALITY_COMPOUNDER,Quality Compounder,FROZEN_V2_PROD_1.0,PERSISTENT,NSE_EQ|PERSISTENT,NSE,EQUITY,CERTIFIED_CLEAN_886,614,2026-10-02T17:12:51.176370+05:30,2026-10-02T17:15:26.399393+05:30,2026-10-02T17:15:26.399393+05:30,2026-10-02T17:15:26.399393+05:30,DATA_FAILURE,BLOCKED,False,NONE,True,True,DATA_GATE,DATA_INSUFFICIENT_VALUATION
c6c800bcad0f4cbe9ed5c8195049c221,QUALITY_COMPOUNDER,Quality Compounder,FROZEN_V2_PROD_1.0,PETRONET,NSE_EQ|PETRONET,NSE,EQUITY,CERTIFIED_CLEAN_886,615,2026-10-02T17:12:51.176370+05:30,2026-10-02T17:15:26.413142+05:30,2026-10-02T17:15:26.413142+05:30,2026-10-02T17:15:26.413142+05:30,DATA_FAILURE,BLOCKED,False,NONE,True,True,DATA_GATE,FAIL_PAT_CAGR
c6c800bcad0f4cbe9ed5c8195049c221,QUALITY_COMPOUNDER,Quality Compounder,FROZEN_V2_PROD_1.0,PFC,NSE_EQ|PFC,NSE,EQUITY,CERTIFIED_CLEAN_886,616,2026-10-02T17:12:51.176370+05:30,2026-10-02T17:15:26.426434+05:30,2026-10-02T17:15:26.426434+05:30,2026-10-02T17:15:26.426434+05:30,FULLY_EVALUABLE,REJECTED,False,NONE,False,True,QUALITY_GATE,METRIC_NOT_APPLICABLE_FINANCIAL
c6c800bcad0f4cbe9ed5c8195049c221,QUALITY_COMPOUNDER,Quality Compounder,FROZEN_V2_PROD_1.0,PFIZER,NSE_EQ|PFIZER,NSE,EQUITY,CERTIFIED_CLEAN_886,617,2026-10-02T17:12:51.176370+05:30,2026-10-02T17:15:26.447783+05:30,2026-10-02T17:15:26.447783+05:30,2026-10-02T17:15:26.447783+05:30,DATA_FAILURE,BLOCKED,False,NONE,True,True,DATA_GATE,DATA_INSUFFICIENT_QUALITY
c6c800bcad0f4cbe9ed5c8195049c221,QUALITY_COMPOUNDER,Quality Compounder,FROZEN_V2_PROD_1.0,PFOCUS,NSE_EQ|PFOCUS,NSE,EQUITY,CERTIFIED_CLEAN_886,618,2026-10-02T17:12:51.176370+05:30,2026-10-02T17:15:26.471755+05:30,2026-10-02T17:15:26.471755+05:30,2026-10-02T17:15:26.471755+05:30,DATA_FAILURE,BLOCKED,False,NONE,True,True,DATA_GATE,DATA_INSUFFICIENT_QUALITY
c6c800bcad0f4cbe9ed5c8195049c221,QUALITY_COMPOUNDER,Quality Compounder,FROZEN_V2_PROD_1.0,PGHH,NSE_EQ|PGHH,NSE,EQUITY,CERTIFIED_CLEAN_886,619,2026-10-02T17:12:51.176370+05:30,2026-10-02T17:15:26.478895+05:30,2026-10-02T17:15:26.478895+05:30,2026-10-02T17:15:26.478895+05:30,DATA_FAILURE,BLOCKED,False,NONE,True,True,DATA_GATE,DATA_FAILURE_NO_PIT (PIT_INGESTION_GAP)
c6c800bcad0f4cbe9ed5c8195049c221,QUALITY_COMPOUNDER,Quality Compounder,FROZEN_V2_PROD_1.0,PGHL,NSE_EQ|PGHL,NSE,EQUITY,CERTIFIED_CLEAN_886,620,2026-10-02T17:12:51.176370+05:30,2026-10-02T17:15:26.488354+05:30,2026-10-02T17:15:26.488354+05:30,2026-10-02T17:15:26.488354+05:30,DATA_FAILURE,BLOCKED,False,NONE,True,True,DATA_GATE,DATA_FAILURE_NO_PIT (PIT_INGESTION_GAP)
c6c800bcad0f4cbe9ed5c8195049c221,QUALITY_COMPOUNDER,Quality Compounder,FROZEN_V2_PROD_1.0,PGIL,NSE_EQ|PGIL,NSE,EQUITY,CERTIFIED_CLEAN_886,621,2026-10-02T17:12:51.176370+05:30,2026-10-02T17:15:26.508935+05:30,2026-10-02T17:15:26.508935+05:30,2026-10-02T17:15:26.508935+05:30,DATA_FAILURE,BLOCKED,False,NONE,True,True,DATA_GATE,FAIL_DEBT
c6c800bcad0f4cbe9ed5c8195049c221,QUALITY_COMPOUNDER,Quality Compounder,FROZEN_V2_PROD_1.0,PHOENIXLTD,NSE_EQ|PHOENIXLTD,NSE,EQUITY,CERTIFIED_CLEAN_886,622,2026-10-02T17:12:51.176370+05:30,2026-10-02T17:15:26.524461+05:30,2026-10-02T17:15:26.524461+05:30,2026-10-02T17:15:26.524461+05:30,DATA_FAILURE,BLOCKED,False,NONE,True,True,DATA_GATE,FAIL_ROCE
c6c800bcad0f4cbe9ed5c8195049c221,QUALITY_COMPOUNDER,Quality Compounder,FROZEN_V2_PROD_1.0,PICCADIL,NSE_EQ|PICCADIL,NSE,EQUITY,CERTIFIED_CLEAN_886,623,2026-10-02T17:12:51.176370+05:30,2026-10-02T17:15:26.536901+05:30,2026-10-02T17:15:26.536901+05:30,2026-10-02T17:15:26.536901+05:30,DATA_FAILURE,BLOCKED,False,NONE,True,True,DATA_GATE,FAIL_CFO_PAT
c6c800bcad0f4cbe9ed5c8195049c221,QUALITY_COMPOUNDER,Quality Compounder,FROZEN_V2_PROD_1.0,PIDILITIND,NSE_EQ|PIDILITIND,NSE,EQUITY,CERTIFIED_CLEAN_886,624,2026-10-02T17:12:51.176370+05:30,2026-10-02T17:15:26.856052+05:30,2026-10-02T17:15:26.856052+05:30,2026-10-02T17:15:26.856052+05:30,DATA_FAILURE,BLOCKED,False,NONE,True,True,DATA_GATE,DATA_INSUFFICIENT_VALUATION
c6c800bcad0f4cbe9ed5c8195049c221,QUALITY_COMPOUNDER,Quality Compounder,FROZEN_V2_PROD_1.0,PIIND,NSE_EQ|PIIND,NSE,EQUITY,CERTIFIED_CLEAN_886,625,2026-10-02T17:12:51.176370+05:30,2026-10-02T17:15:27.016087+05:30,2026-10-02T17:15:27.016087+05:30,2026-10-02T17:15:27.016087+05:30,DATA_FAILURE,BLOCKED,False,NONE,True,True,DATA_GATE,FAIL_SALES_CAGR
c6c800bcad0f4cbe9ed5c8195049c221,QUALITY_COMPOUNDER,Quality Compounder,FROZEN_V2_PROD_1.0,PITTIENG,NSE_EQ|PITTIENG,NSE,EQUITY,CERTIFIED_CLEAN_886,626,2026-10-02T17:12:51.176370+05:30,2026-10-02T17:15:27.033558+05:30,2026-10-02T17:15:27.033558+05:30,2026-10-02T17:15:27.033558+05:30,DATA_FAILURE,BLOCKED,False,NONE,True,True,DATA_GATE,FAIL_DEBT
c6c800bcad0f4cbe9ed5c8195049c221,QUALITY_COMPOUNDER,Quality Compounder,FROZEN_V2_PROD_1.0,PIXTRANS,NSE_EQ|PIXTRANS,NSE,EQUITY,CERTIFIED_CLEAN_886,627,2026-10-02T17:12:51.176370+05:30,2026-10-02T17:15:27.050658+05:30,2026-10-02T17:15:27.050658+05:30,2026-10-02T17:15:27.050658+05:30,DATA_FAILURE,BLOCKED,False,NONE,True,True,DATA_GATE,FAIL_SALES_CAGR
c6c800bcad0f4cbe9ed5c8195049c221,QUALITY_COMPOUNDER,Quality Compounder,FROZEN_V2_PROD_1.0,PLATIND,NSE_EQ|PLATIND,NSE,EQUITY,CERTIFIED_CLEAN_886,628,2026-10-02T17:12:51.176370+05:30,2026-10-02T17:15:27.074861+05:30,2026-10-02T17:15:27.074861+05:30,2026-10-02T17:15:27.074861+05:30,DATA_FAILURE,BLOCKED,False,NONE,True,True,DATA_GATE,FAIL_LIQUIDITY
c6c800bcad0f4cbe9ed5c8195049c221,QUALITY_COMPOUNDER,Quality Compounder,FROZEN_V2_PROD_1.0,PNBHOUSING,NSE_EQ|PNBHOUSING,NSE,EQUITY,CERTIFIED_CLEAN_886,629,2026-10-02T17:12:51.176370+05:30,2026-10-02T17:15:27.102597+05:30,2026-10-02T17:15:27.102597+05:30,2026-10-02T17:15:27.102597+05:30,FULLY_EVALUABLE,REJECTED,False,NONE,False,True,QUALITY_GATE,METRIC_NOT_APPLICABLE_FINANCIAL
c6c800bcad0f4cbe9ed5c8195049c221,QUALITY_COMPOUNDER,Quality Compounder,FROZEN_V2_PROD_1.0,PNCINFRA,NSE_EQ|PNCINFRA,NSE,EQUITY,CERTIFIED_CLEAN_886,630,2026-10-02T17:12:51.176370+05:30,2026-10-02T17:15:27.126214+05:30,2026-10-02T17:15:27.126214+05:30,2026-10-02T17:15:27.126214+05:30,DATA_FAILURE,BLOCKED,False,NONE,True,True,DATA_GATE,FAIL_ROCE
c6c800bcad0f4cbe9ed5c8195049c221,QUALITY_COMPOUNDER,Quality Compounder,FROZEN_V2_PROD_1.0,PNGJL,NSE_EQ|PNGJL,NSE,EQUITY,CERTIFIED_CLEAN_886,631,2026-10-02T17:12:51.176370+05:30,2026-10-02T17:15:27.151895+05:30,2026-10-02T17:15:27.151895+05:30,2026-10-02T17:15:27.151895+05:30,DATA_FAILURE,BLOCKED,False,NONE,True,True,DATA_GATE,DATA_INSUFFICIENT_QUALITY
c6c800bcad0f4cbe9ed5c8195049c221,QUALITY_COMPOUNDER,Quality Compounder,FROZEN_V2_PROD_1.0,POKARNA,NSE_EQ|POKARNA,NSE,EQUITY,CERTIFIED_CLEAN_886,632,2026-10-02T17:12:51.176370+05:30,2026-10-02T17:15:27.195276+05:30,2026-10-02T17:15:27.195276+05:30,2026-10-02T17:15:27.195276+05:30,DATA_FAILURE,BLOCKED,False,NONE,True,True,DATA_GATE,FAIL_DEBT
c6c800bcad0f4cbe9ed5c8195049c221,QUALITY_COMPOUNDER,Quality Compounder,FROZEN_V2_PROD_1.0,POLYCAB,NSE_EQ|POLYCAB,NSE,EQUITY,CERTIFIED_CLEAN_886,633,2026-10-02T17:12:51.176370+05:30,2026-10-02T17:15:27.434011+05:30,2026-10-02T17:15:27.434011+05:30,2026-10-02T17:15:27.434011+05:30,DATA_FAILURE,BLOCKED,False,NONE,True,True,DATA_GATE,DATA_INSUFFICIENT_VALUATION
c6c800bcad0f4cbe9ed5c8195049c221,QUALITY_COMPOUNDER,Quality Compounder,FROZEN_V2_PROD_1.0,POLYMED,NSE_EQ|POLYMED,NSE,EQUITY,CERTIFIED_CLEAN_886,634,2026-10-02T17:12:51.176370+05:30,2026-10-02T17:15:27.592803+05:30,2026-10-02T17:15:27.592803+05:30,2026-10-02T17:15:27.592803+05:30,DATA_FAILURE,BLOCKED,False,NONE,True,True,DATA_GATE,DATA_INSUFFICIENT_VALUATION
c6c800bcad0f4cbe9ed5c8195049c221,QUALITY_COMPOUNDER,Quality Compounder,FROZEN_V2_PROD_1.0,POWERGRID,NSE_EQ|POWERGRID,NSE,EQUITY,CERTIFIED_CLEAN_886,635,2026-10-02T17:12:51.176370+05:30,2026-10-02T17:15:27.615439+05:30,2026-10-02T17:15:27.615439+05:30,2026-10-02T17:15:27.615439+05:30,DATA_FAILURE,BLOCKED,False,NONE,True,True,DATA_GATE,FAIL_ROCE
c6c800bcad0f4cbe9ed5c8195049c221,QUALITY_COMPOUNDER,Quality Compounder,FROZEN_V2_PROD_1.0,POWERINDIA,NSE_EQ|POWERINDIA,NSE,EQUITY,CERTIFIED_CLEAN_886,636,2026-10-02T17:12:51.176370+05:30,2026-10-02T17:15:27.619944+05:30,2026-10-02T17:15:27.619944+05:30,2026-10-02T17:15:27.619944+05:30,DATA_FAILURE,BLOCKED,False,NONE,True,True,DATA_GATE,DATA_FAILURE_NO_PIT (PIT_INGESTION_GAP)
c6c800bcad0f4cbe9ed5c8195049c221,QUALITY_COMPOUNDER,Quality Compounder,FROZEN_V2_PROD_1.0,POWERMECH,NSE_EQ|POWERMECH,NSE,EQUITY,CERTIFIED_CLEAN_886,637,2026-10-02T17:12:51.176370+05:30,2026-10-02T17:15:27.664152+05:30,2026-10-02T17:15:27.664152+05:30,2026-10-02T17:15:27.664152+05:30,DATA_FAILURE,BLOCKED,False,NONE,True,True,DATA_GATE,DATA_INSUFFICIENT_QUALITY
c6c800bcad0f4cbe9ed5c8195049c221,QUALITY_COMPOUNDER,Quality Compounder,FROZEN_V2_PROD_1.0,PRAKASH,NSE_EQ|PRAKASH,NSE,EQUITY,CERTIFIED_CLEAN_886,638,2026-10-02T17:12:51.176370+05:30,2026-10-02T17:15:27.686821+05:30,2026-10-02T17:15:27.686821+05:30,2026-10-02T17:15:27.686821+05:30,DATA_FAILURE,BLOCKED,False,NONE,True,True,DATA_GATE,DATA_INSUFFICIENT_QUALITY
c6c800bcad0f4cbe9ed5c8195049c221,QUALITY_COMPOUNDER,Quality Compounder,FROZEN_V2_PROD_1.0,PRECWIRE,NSE_EQ|PRECWIRE,NSE,EQUITY,CERTIFIED_CLEAN_886,639,2026-10-02T17:12:51.176370+05:30,2026-10-02T17:15:27.722321+05:30,2026-10-02T17:15:27.722321+05:30,2026-10-02T17:15:27.722321+05:30,DATA_FAILURE,BLOCKED,False,NONE,True,True,DATA_GATE,DATA_INSUFFICIENT_QUALITY
c6c800bcad0f4cbe9ed5c8195049c221,QUALITY_COMPOUNDER,Quality Compounder,FROZEN_V2_PROD_1.0,PREMEXPLN,NSE_EQ|PREMEXPLN,NSE,EQUITY,CERTIFIED_CLEAN_886,640,2026-10-02T17:12:51.176370+05:30,2026-10-02T17:15:27.754998+05:30,2026-10-02T17:15:27.754998+05:30,2026-10-02T17:15:27.754998+05:30,DATA_FAILURE,BLOCKED,False,NONE,True,True,DATA_GATE,DATA_INSUFFICIENT_QUALITY
c6c800bcad0f4cbe9ed5c8195049c221,QUALITY_COMPOUNDER,Quality Compounder,FROZEN_V2_PROD_1.0,PREMIERENE,NSE_EQ|PREMIERENE,NSE,EQUITY,CERTIFIED_CLEAN_886,641,2026-10-02T17:12:51.176370+05:30,2026-10-02T17:15:27.768981+05:30,2026-10-02T17:15:27.768981+05:30,2026-10-02T17:15:27.768981+05:30,DATA_FAILURE,BLOCKED,False,NONE,True,True,DATA_GATE,FAIL_DEBT
c6c800bcad0f4cbe9ed5c8195049c221,QUALITY_COMPOUNDER,Quality Compounder,FROZEN_V2_PROD_1.0,PRICOLLTD,NSE_EQ|PRICOLLTD,NSE,EQUITY,CERTIFIED_CLEAN_886,642,2026-10-02T17:12:51.176370+05:30,2026-10-02T17:15:27.900606+05:30,2026-10-02T17:15:27.900606+05:30,2026-10-02T17:15:27.900606+05:30,DATA_FAILURE,BLOCKED,False,NONE,True,True,DATA_GATE,DATA_INSUFFICIENT_VALUATION
c6c800bcad0f4cbe9ed5c8195049c221,QUALITY_COMPOUNDER,Quality Compounder,FROZEN_V2_PROD_1.0,PROTEAN,NSE_EQ|PROTEAN,NSE,EQUITY,CERTIFIED_CLEAN_886,643,2026-10-02T17:12:51.176370+05:30,2026-10-02T17:15:27.929635+05:30,2026-10-02T17:15:27.929635+05:30,2026-10-02T17:15:27.929635+05:30,DATA_FAILURE,BLOCKED,False,NONE,True,True,DATA_GATE,FAIL_PAT_CAGR
c6c800bcad0f4cbe9ed5c8195049c221,QUALITY_COMPOUNDER,Quality Compounder,FROZEN_V2_PROD_1.0,PRSMJOHNSN,NSE_EQ|PRSMJOHNSN,NSE,EQUITY,CERTIFIED_CLEAN_886,644,2026-10-02T17:12:51.176370+05:30,2026-10-02T17:15:27.955937+05:30,2026-10-02T17:15:27.955937+05:30,2026-10-02T17:15:27.955937+05:30,DATA_FAILURE,BLOCKED,False,NONE,True,True,DATA_GATE,FAIL_ROCE
c6c800bcad0f4cbe9ed5c8195049c221,QUALITY_COMPOUNDER,Quality Compounder,FROZEN_V2_PROD_1.0,PRUDENT,NSE_EQ|PRUDENT,NSE,EQUITY,CERTIFIED_CLEAN_886,645,2026-10-02T17:12:51.176370+05:30,2026-10-02T17:15:27.972139+05:30,2026-10-02T17:15:27.972139+05:30,2026-10-02T17:15:27.972139+05:30,FULLY_EVALUABLE,REJECTED,False,NONE,False,True,QUALITY_GATE,METRIC_NOT_APPLICABLE_FINANCIAL
c6c800bcad0f4cbe9ed5c8195049c221,QUALITY_COMPOUNDER,Quality Compounder,FROZEN_V2_PROD_1.0,PTC,NSE_EQ|PTC,NSE,EQUITY,CERTIFIED_CLEAN_886,646,2026-10-02T17:12:51.176370+05:30,2026-10-02T17:15:28.001614+05:30,2026-10-02T17:15:28.001614+05:30,2026-10-02T17:15:28.001614+05:30,DATA_FAILURE,BLOCKED,False,NONE,True,True,DATA_GATE,FAIL_ROCE
c6c800bcad0f4cbe9ed5c8195049c221,QUALITY_COMPOUNDER,Quality Compounder,FROZEN_V2_PROD_1.0,PUNJABCHEM,NSE_EQ|PUNJABCHEM,NSE,EQUITY,CERTIFIED_CLEAN_886,647,2026-10-02T17:12:51.176370+05:30,2026-10-02T17:15:28.017543+05:30,2026-10-02T17:15:28.017543+05:30,2026-10-02T17:15:28.017543+05:30,DATA_FAILURE,BLOCKED,False,NONE,True,True,DATA_GATE,FAIL_SALES_CAGR
c6c800bcad0f4cbe9ed5c8195049c221,QUALITY_COMPOUNDER,Quality Compounder,FROZEN_V2_PROD_1.0,QPOWER,NSE_EQ|QPOWER,NSE,EQUITY,CERTIFIED_CLEAN_886,648,2026-10-02T17:12:51.176370+05:30,2026-10-02T17:15:28.044313+05:30,2026-10-02T17:15:28.044313+05:30,2026-10-02T17:15:28.044313+05:30,DATA_FAILURE,BLOCKED,False,NONE,True,True,DATA_GATE,DATA_INSUFFICIENT_QUALITY
c6c800bcad0f4cbe9ed5c8195049c221,QUALITY_COMPOUNDER,Quality Compounder,FROZEN_V2_PROD_1.0,RACLGEAR,NSE_EQ|RACLGEAR,NSE,EQUITY,CERTIFIED_CLEAN_886,649,2026-10-02T17:12:51.176370+05:30,2026-10-02T17:15:28.057013+05:30,2026-10-02T17:15:28.057013+05:30,2026-10-02T17:15:28.057013+05:30,DATA_FAILURE,BLOCKED,False,NONE,True,True,DATA_GATE,FAIL_DEBT
c6c800bcad0f4cbe9ed5c8195049c221,QUALITY_COMPOUNDER,Quality Compounder,FROZEN_V2_PROD_1.0,RADICO,NSE_EQ|RADICO,NSE,EQUITY,CERTIFIED_CLEAN_886,650,2026-10-02T17:12:51.176370+05:30,2026-10-02T17:15:28.368363+05:30,2026-10-02T17:15:28.368363+05:30,2026-10-02T17:15:28.368363+05:30,DATA_FAILURE,BLOCKED,False,NONE,True,True,DATA_GATE,DATA_INSUFFICIENT_VALUATION
c6c800bcad0f4cbe9ed5c8195049c221,QUALITY_COMPOUNDER,Quality Compounder,FROZEN_V2_PROD_1.0,RAILTEL,NSE_EQ|RAILTEL,NSE,EQUITY,CERTIFIED_CLEAN_886,651,2026-10-02T17:12:51.176370+05:30,2026-10-02T17:15:28.389376+05:30,2026-10-02T17:15:28.389376+05:30,2026-10-02T17:15:28.389376+05:30,DATA_FAILURE,BLOCKED,False,NONE,True,True,DATA_GATE,FAIL_PAT_CAGR
c6c800bcad0f4cbe9ed5c8195049c221,QUALITY_COMPOUNDER,Quality Compounder,FROZEN_V2_PROD_1.0,RALLIS,NSE_EQ|RALLIS,NSE,EQUITY,CERTIFIED_CLEAN_886,652,2026-10-02T17:12:51.176370+05:30,2026-10-02T17:15:28.410010+05:30,2026-10-02T17:15:28.410010+05:30,2026-10-02T17:15:28.410010+05:30,DATA_FAILURE,BLOCKED,False,NONE,True,True,DATA_GATE,DATA_INSUFFICIENT_QUALITY
c6c800bcad0f4cbe9ed5c8195049c221,QUALITY_COMPOUNDER,Quality Compounder,FROZEN_V2_PROD_1.0,RAMCOCEM,NSE_EQ|RAMCOCEM,NSE,EQUITY,CERTIFIED_CLEAN_886,653,2026-10-02T17:12:51.176370+05:30,2026-10-02T17:15:28.422697+05:30,2026-10-02T17:15:28.422697+05:30,2026-10-02T17:15:28.422697+05:30,DATA_FAILURE,BLOCKED,False,NONE,True,True,DATA_GATE,FAIL_ROCE
c6c800bcad0f4cbe9ed5c8195049c221,QUALITY_COMPOUNDER,Quality Compounder,FROZEN_V2_PROD_1.0,RAMCOSYS,NSE_EQ|RAMCOSYS,NSE,EQUITY,CERTIFIED_CLEAN_886,654,2026-10-02T17:12:51.176370+05:30,2026-10-02T17:15:28.438348+05:30,2026-10-02T17:15:28.438348+05:30,2026-10-02T17:15:28.438348+05:30,DATA_FAILURE,BLOCKED,False,NONE,True,True,DATA_GATE,FAIL_ROCE
c6c800bcad0f4cbe9ed5c8195049c221,QUALITY_COMPOUNDER,Quality Compounder,FROZEN_V2_PROD_1.0,RAMKY,NSE_EQ|RAMKY,NSE,EQUITY,CERTIFIED_CLEAN_886,655,2026-10-02T17:12:51.176370+05:30,2026-10-02T17:15:28.564644+05:30,2026-10-02T17:15:28.564644+05:30,2026-10-02T17:15:28.564644+05:30,DATA_FAILURE,BLOCKED,False,NONE,True,True,DATA_GATE,DATA_INSUFFICIENT_VALUATION
c6c800bcad0f4cbe9ed5c8195049c221,QUALITY_COMPOUNDER,Quality Compounder,FROZEN_V2_PROD_1.0,RAMRAT,NSE_EQ|RAMRAT,NSE,EQUITY,CERTIFIED_CLEAN_886,656,2026-10-02T17:12:51.176370+05:30,2026-10-02T17:15:28.591106+05:30,2026-10-02T17:15:28.591106+05:30,2026-10-02T17:15:28.591106+05:30,DATA_FAILURE,BLOCKED,False,NONE,True,True,DATA_GATE,FAIL_DEBT
c6c800bcad0f4cbe9ed5c8195049c221,QUALITY_COMPOUNDER,Quality Compounder,FROZEN_V2_PROD_1.0,RANEHOLDIN,NSE_EQ|RANEHOLDIN,NSE,EQUITY,CERTIFIED_CLEAN_886,657,2026-10-02T17:12:51.176370+05:30,2026-10-02T17:15:28.619738+05:30,2026-10-02T17:15:28.619738+05:30,2026-10-02T17:15:28.619738+05:30,DATA_FAILURE,BLOCKED,False,NONE,True,True,DATA_GATE,DATA_INSUFFICIENT_QUALITY
c6c800bcad0f4cbe9ed5c8195049c221,QUALITY_COMPOUNDER,Quality Compounder,FROZEN_V2_PROD_1.0,RATEGAIN,NSE_EQ|RATEGAIN,NSE,EQUITY,CERTIFIED_CLEAN_886,658,2026-10-02T17:12:51.176370+05:30,2026-10-02T17:15:28.638047+05:30,2026-10-02T17:15:28.638047+05:30,2026-10-02T17:15:28.638047+05:30,DATA_FAILURE,BLOCKED,False,NONE,True,True,DATA_GATE,DATA_INSUFFICIENT_QUALITY
c6c800bcad0f4cbe9ed5c8195049c221,QUALITY_COMPOUNDER,Quality Compounder,FROZEN_V2_PROD_1.0,RATNAMANI,NSE_EQ|RATNAMANI,NSE,EQUITY,CERTIFIED_CLEAN_886,659,2026-10-02T17:12:51.176370+05:30,2026-10-02T17:15:28.663126+05:30,2026-10-02T17:15:28.663126+05:30,2026-10-02T17:15:28.663126+05:30,DATA_FAILURE,BLOCKED,False,NONE,True,True,DATA_GATE,FAIL_CFO_PAT
c6c800bcad0f4cbe9ed5c8195049c221,QUALITY_COMPOUNDER,Quality Compounder,FROZEN_V2_PROD_1.0,RATNAVEER,NSE_EQ|RATNAVEER,NSE,EQUITY,CERTIFIED_CLEAN_886,660,2026-10-02T17:12:51.176370+05:30,2026-10-02T17:15:28.683866+05:30,2026-10-02T17:15:28.683866+05:30,2026-10-02T17:15:28.683866+05:30,STRUCTURAL_INELIGIBLE,BLOCKED,False,NONE,True,True,DATA_GATE,DATA_INSUFFICIENT_QUALITY
c6c800bcad0f4cbe9ed5c8195049c221,QUALITY_COMPOUNDER,Quality Compounder,FROZEN_V2_PROD_1.0,RCF,NSE_EQ|RCF,NSE,EQUITY,CERTIFIED_CLEAN_886,661,2026-10-02T17:12:51.176370+05:30,2026-10-02T17:15:28.695556+05:30,2026-10-02T17:15:28.695556+05:30,2026-10-02T17:15:28.695556+05:30,DATA_FAILURE,BLOCKED,False,NONE,True,True,DATA_GATE,FAIL_ROCE
c6c800bcad0f4cbe9ed5c8195049c221,QUALITY_COMPOUNDER,Quality Compounder,FROZEN_V2_PROD_1.0,RECLTD,NSE_EQ|RECLTD,NSE,EQUITY,CERTIFIED_CLEAN_886,662,2026-10-02T17:12:51.176370+05:30,2026-10-02T17:15:28.707681+05:30,2026-10-02T17:15:28.707681+05:30,2026-10-02T17:15:28.707681+05:30,FULLY_EVALUABLE,REJECTED,False,NONE,False,True,QUALITY_GATE,METRIC_NOT_APPLICABLE_FINANCIAL
c6c800bcad0f4cbe9ed5c8195049c221,QUALITY_COMPOUNDER,Quality Compounder,FROZEN_V2_PROD_1.0,REDINGTON,NSE_EQ|REDINGTON,NSE,EQUITY,CERTIFIED_CLEAN_886,663,2026-10-02T17:12:51.176370+05:30,2026-10-02T17:15:28.721499+05:30,2026-10-02T17:15:28.721499+05:30,2026-10-02T17:15:28.721499+05:30,DATA_FAILURE,BLOCKED,False,NONE,True,True,DATA_GATE,FAIL_CFO_PAT
c6c800bcad0f4cbe9ed5c8195049c221,QUALITY_COMPOUNDER,Quality Compounder,FROZEN_V2_PROD_1.0,REDTAPE,NSE_EQ|REDTAPE,NSE,EQUITY,CERTIFIED_CLEAN_886,664,2026-10-02T17:12:51.176370+05:30,2026-10-02T17:15:28.732384+05:30,2026-10-02T17:15:28.732384+05:30,2026-10-02T17:15:28.732384+05:30,STRUCTURAL_INELIGIBLE,BLOCKED,False,NONE,True,True,DATA_GATE,DATA_INSUFFICIENT_QUALITY
c6c800bcad0f4cbe9ed5c8195049c221,QUALITY_COMPOUNDER,Quality Compounder,FROZEN_V2_PROD_1.0,REFEX,NSE_EQ|REFEX,NSE,EQUITY,CERTIFIED_CLEAN_886,665,2026-10-02T17:12:51.176370+05:30,2026-10-02T17:15:28.749659+05:30,2026-10-02T17:15:28.749659+05:30,2026-10-02T17:15:28.749659+05:30,DATA_FAILURE,BLOCKED,False,NONE,True,True,DATA_GATE,DATA_INSUFFICIENT_QUALITY
c6c800bcad0f4cbe9ed5c8195049c221,QUALITY_COMPOUNDER,Quality Compounder,FROZEN_V2_PROD_1.0,RELAXO,NSE_EQ|RELAXO,NSE,EQUITY,CERTIFIED_CLEAN_886,666,2026-10-02T17:12:51.176370+05:30,2026-10-02T17:15:28.760017+05:30,2026-10-02T17:15:28.760017+05:30,2026-10-02T17:15:28.760017+05:30,FULLY_EVALUABLE,REJECTED,False,NONE,False,True,QUALITY_GATE,FAIL_ROCE
c6c800bcad0f4cbe9ed5c8195049c221,QUALITY_COMPOUNDER,Quality Compounder,FROZEN_V2_PROD_1.0,RELIANCE,NSE_EQ|RELIANCE,NSE,EQUITY,CERTIFIED_CLEAN_886,667,2026-10-02T17:12:51.176370+05:30,2026-10-02T17:15:28.772240+05:30,2026-10-02T17:15:28.772240+05:30,2026-10-02T17:15:28.772240+05:30,DATA_FAILURE,BLOCKED,False,NONE,True,True,DATA_GATE,FAIL_ROCE
c6c800bcad0f4cbe9ed5c8195049c221,QUALITY_COMPOUNDER,Quality Compounder,FROZEN_V2_PROD_1.0,RELTD,NSE_EQ|RELTD,NSE,EQUITY,CERTIFIED_CLEAN_886,668,2026-10-02T17:12:51.176370+05:30,2026-10-02T17:15:28.782520+05:30,2026-10-02T17:15:28.782520+05:30,2026-10-02T17:15:28.782520+05:30,DATA_FAILURE,BLOCKED,False,NONE,True,True,DATA_GATE,FAIL_ROCE
c6c800bcad0f4cbe9ed5c8195049c221,QUALITY_COMPOUNDER,Quality Compounder,FROZEN_V2_PROD_1.0,REPCOHOME,NSE_EQ|REPCOHOME,NSE,EQUITY,CERTIFIED_CLEAN_886,669,2026-10-02T17:12:51.176370+05:30,2026-10-02T17:15:28.792458+05:30,2026-10-02T17:15:28.792458+05:30,2026-10-02T17:15:28.792458+05:30,FULLY_EVALUABLE,REJECTED,False,NONE,False,True,QUALITY_GATE,METRIC_NOT_APPLICABLE_FINANCIAL
c6c800bcad0f4cbe9ed5c8195049c221,QUALITY_COMPOUNDER,Quality Compounder,FROZEN_V2_PROD_1.0,RESPONIND,NSE_EQ|RESPONIND,NSE,EQUITY,CERTIFIED_CLEAN_886,670,2026-10-02T17:12:51.176370+05:30,2026-10-02T17:15:28.804879+05:30,2026-10-02T17:15:28.804879+05:30,2026-10-02T17:15:28.804879+05:30,DATA_FAILURE,BLOCKED,False,NONE,True,True,DATA_GATE,FAIL_ROCE
c6c800bcad0f4cbe9ed5c8195049c221,QUALITY_COMPOUNDER,Quality Compounder,FROZEN_V2_PROD_1.0,RISHABH,NSE_EQ|RISHABH,NSE,EQUITY,CERTIFIED_CLEAN_886,671,2026-10-02T17:12:51.176370+05:30,2026-10-02T17:15:28.817931+05:30,2026-10-02T17:15:28.817931+05:30,2026-10-02T17:15:28.817931+05:30,DATA_FAILURE,BLOCKED,False,NONE,True,True,DATA_GATE,FAIL_ROCE
c6c800bcad0f4cbe9ed5c8195049c221,QUALITY_COMPOUNDER,Quality Compounder,FROZEN_V2_PROD_1.0,RITES,NSE_EQ|RITES,NSE,EQUITY,CERTIFIED_CLEAN_886,672,2026-10-02T17:12:51.176370+05:30,2026-10-02T17:15:28.833463+05:30,2026-10-02T17:15:28.833463+05:30,2026-10-02T17:15:28.833463+05:30,DATA_FAILURE,BLOCKED,False,NONE,True,True,DATA_GATE,FAIL_SALES_CAGR
c6c800bcad0f4cbe9ed5c8195049c221,QUALITY_COMPOUNDER,Quality Compounder,FROZEN_V2_PROD_1.0,RML,NSE_EQ|RML,NSE,EQUITY,CERTIFIED_CLEAN_886,673,2026-10-02T17:12:51.176370+05:30,2026-10-02T17:15:28.846041+05:30,2026-10-02T17:15:28.846041+05:30,2026-10-02T17:15:28.846041+05:30,DATA_FAILURE,BLOCKED,False,NONE,True,True,DATA_GATE,DATA_INSUFFICIENT_QUALITY
c6c800bcad0f4cbe9ed5c8195049c221,QUALITY_COMPOUNDER,Quality Compounder,FROZEN_V2_PROD_1.0,ROLEXRINGS,NSE_EQ|ROLEXRINGS,NSE,EQUITY,CERTIFIED_CLEAN_886,674,2026-10-02T17:12:51.176370+05:30,2026-10-02T17:15:28.850341+05:30,2026-10-02T17:15:28.850341+05:30,2026-10-02T17:15:28.850341+05:30,DATA_FAILURE,BLOCKED,False,NONE,True,True,DATA_GATE,DATA_FAILURE_NO_PIT (PIT_INGESTION_GAP)
c6c800bcad0f4cbe9ed5c8195049c221,QUALITY_COMPOUNDER,Quality Compounder,FROZEN_V2_PROD_1.0,ROSSARI,NSE_EQ|ROSSARI,NSE,EQUITY,CERTIFIED_CLEAN_886,675,2026-10-02T17:12:51.176370+05:30,2026-10-02T17:15:28.869828+05:30,2026-10-02T17:15:28.869828+05:30,2026-10-02T17:15:28.869828+05:30,DATA_FAILURE,BLOCKED,False,NONE,True,True,DATA_GATE,FAIL_CFO_PAT
c6c800bcad0f4cbe9ed5c8195049c221,QUALITY_COMPOUNDER,Quality Compounder,FROZEN_V2_PROD_1.0,ROSSTECH,NSE_EQ|ROSSTECH,NSE,EQUITY,CERTIFIED_CLEAN_886,676,2026-10-02T17:12:51.176370+05:30,2026-10-02T17:15:28.885332+05:30,2026-10-02T17:15:28.885332+05:30,2026-10-02T17:15:28.885332+05:30,STRUCTURAL_INELIGIBLE,BLOCKED,False,NONE,True,True,DATA_GATE,DATA_INSUFFICIENT_QUALITY
c6c800bcad0f4cbe9ed5c8195049c221,QUALITY_COMPOUNDER,Quality Compounder,FROZEN_V2_PROD_1.0,ROUTE,NSE_EQ|ROUTE,NSE,EQUITY,CERTIFIED_CLEAN_886,677,2026-10-02T17:12:51.176370+05:30,2026-10-02T17:15:28.997648+05:30,2026-10-02T17:15:28.997648+05:30,2026-10-02T17:15:28.997648+05:30,DATA_FAILURE,BLOCKED,False,NONE,True,True,DATA_GATE,DATA_INSUFFICIENT_VALUATION
c6c800bcad0f4cbe9ed5c8195049c221,QUALITY_COMPOUNDER,Quality Compounder,FROZEN_V2_PROD_1.0,RPEL,NSE_EQ|RPEL,NSE,EQUITY,CERTIFIED_CLEAN_886,678,2026-10-02T17:12:51.176370+05:30,2026-10-02T17:15:29.011800+05:30,2026-10-02T17:15:29.011800+05:30,2026-10-02T17:15:29.011800+05:30,DATA_FAILURE,BLOCKED,False,NONE,True,True,DATA_GATE,FAIL_CFO_PAT
c6c800bcad0f4cbe9ed5c8195049c221,QUALITY_COMPOUNDER,Quality Compounder,FROZEN_V2_PROD_1.0,RPGLIFE,NSE_EQ|RPGLIFE,NSE,EQUITY,CERTIFIED_CLEAN_886,679,2026-10-02T17:12:51.176370+05:30,2026-10-02T17:15:29.027902+05:30,2026-10-02T17:15:29.027902+05:30,2026-10-02T17:15:29.027902+05:30,DATA_FAILURE,BLOCKED,False,NONE,True,True,DATA_GATE,DATA_INSUFFICIENT_QUALITY
c6c800bcad0f4cbe9ed5c8195049c221,QUALITY_COMPOUNDER,Quality Compounder,FROZEN_V2_PROD_1.0,RPTECH,NSE_EQ|RPTECH,NSE,EQUITY,CERTIFIED_CLEAN_886,680,2026-10-02T17:12:51.176370+05:30,2026-10-02T17:15:29.045995+05:30,2026-10-02T17:15:29.045995+05:30,2026-10-02T17:15:29.045995+05:30,DATA_FAILURE,BLOCKED,False,NONE,True,True,DATA_GATE,FAIL_CFO_PAT
c6c800bcad0f4cbe9ed5c8195049c221,QUALITY_COMPOUNDER,Quality Compounder,FROZEN_V2_PROD_1.0,RRKABEL,NSE_EQ|RRKABEL,NSE,EQUITY,CERTIFIED_CLEAN_886,681,2026-10-02T17:12:51.176370+05:30,2026-10-02T17:15:29.189582+05:30,2026-10-02T17:15:29.189582+05:30,2026-10-02T17:15:29.189582+05:30,DATA_FAILURE,BLOCKED,False,NONE,True,True,DATA_GATE,DATA_INSUFFICIENT_VALUATION
c6c800bcad0f4cbe9ed5c8195049c221,QUALITY_COMPOUNDER,Quality Compounder,FROZEN_V2_PROD_1.0,RSYSTEMS,NSE_EQ|RSYSTEMS,NSE,EQUITY,CERTIFIED_CLEAN_886,682,2026-10-02T17:12:51.176370+05:30,2026-10-02T17:15:29.219975+05:30,2026-10-02T17:15:29.219975+05:30,2026-10-02T17:15:29.219975+05:30,DATA_FAILURE,BLOCKED,False,NONE,True,True,DATA_GATE,FAIL_DEBT
c6c800bcad0f4cbe9ed5c8195049c221,QUALITY_COMPOUNDER,Quality Compounder,FROZEN_V2_PROD_1.0,RUBICON,NSE_EQ|RUBICON,NSE,EQUITY,CERTIFIED_CLEAN_886,683,2026-10-02T17:12:51.176370+05:30,2026-10-02T17:15:29.250107+05:30,2026-10-02T17:15:29.250107+05:30,2026-10-02T17:15:29.250107+05:30,DATA_FAILURE,BLOCKED,False,NONE,True,True,DATA_GATE,FAIL_ROCE
c6c800bcad0f4cbe9ed5c8195049c221,QUALITY_COMPOUNDER,Quality Compounder,FROZEN_V2_PROD_1.0,RVNL,NSE_EQ|RVNL,NSE,EQUITY,CERTIFIED_CLEAN_886,684,2026-10-02T17:12:51.176370+05:30,2026-10-02T17:15:29.276741+05:30,2026-10-02T17:15:29.276741+05:30,2026-10-02T17:15:29.276741+05:30,DATA_FAILURE,BLOCKED,False,NONE,True,True,DATA_GATE,FAIL_SALES_CAGR
c6c800bcad0f4cbe9ed5c8195049c221,QUALITY_COMPOUNDER,Quality Compounder,FROZEN_V2_PROD_1.0,SAATVIKGL,NSE_EQ|SAATVIKGL,NSE,EQUITY,CERTIFIED_CLEAN_886,685,2026-10-02T17:12:51.176370+05:30,2026-10-02T17:15:29.300057+05:30,2026-10-02T17:15:29.300057+05:30,2026-10-02T17:15:29.300057+05:30,STRUCTURAL_INELIGIBLE,BLOCKED,False,NONE,True,True,DATA_GATE,DATA_INSUFFICIENT_QUALITY
c6c800bcad0f4cbe9ed5c8195049c221,QUALITY_COMPOUNDER,Quality Compounder,FROZEN_V2_PROD_1.0,SAFARI,NSE_EQ|SAFARI,NSE,EQUITY,CERTIFIED_CLEAN_886,686,2026-10-02T17:12:51.176370+05:30,2026-10-02T17:15:29.317798+05:30,2026-10-02T17:15:29.317798+05:30,2026-10-02T17:15:29.317798+05:30,DATA_FAILURE,BLOCKED,False,NONE,True,True,DATA_GATE,DATA_INSUFFICIENT_QUALITY
c6c800bcad0f4cbe9ed5c8195049c221,QUALITY_COMPOUNDER,Quality Compounder,FROZEN_V2_PROD_1.0,SAILIFE,NSE_EQ|SAILIFE,NSE,EQUITY,CERTIFIED_CLEAN_886,687,2026-10-02T17:12:51.176370+05:30,2026-10-02T17:15:29.335716+05:30,2026-10-02T17:15:29.335716+05:30,2026-10-02T17:15:29.335716+05:30,DATA_FAILURE,BLOCKED,False,NONE,True,True,DATA_GATE,FAIL_ROCE
c6c800bcad0f4cbe9ed5c8195049c221,QUALITY_COMPOUNDER,Quality Compounder,FROZEN_V2_PROD_1.0,SAKAR,NSE_EQ|SAKAR,NSE,EQUITY,CERTIFIED_CLEAN_886,688,2026-10-02T17:12:51.176370+05:30,2026-10-02T17:15:29.352043+05:30,2026-10-02T17:15:29.352043+05:30,2026-10-02T17:15:29.352043+05:30,DATA_FAILURE,BLOCKED,False,NONE,True,True,DATA_GATE,FAIL_ROCE
c6c800bcad0f4cbe9ed5c8195049c221,QUALITY_COMPOUNDER,Quality Compounder,FROZEN_V2_PROD_1.0,SAKSOFT,NSE_EQ|SAKSOFT,NSE,EQUITY,CERTIFIED_CLEAN_886,689,2026-10-02T17:12:51.176370+05:30,2026-10-02T17:15:29.515157+05:30,2026-10-02T17:15:29.515157+05:30,2026-10-02T17:15:29.515157+05:30,DATA_FAILURE,BLOCKED,False,NONE,True,True,DATA_GATE,DATA_INSUFFICIENT_VALUATION
c6c800bcad0f4cbe9ed5c8195049c221,QUALITY_COMPOUNDER,Quality Compounder,FROZEN_V2_PROD_1.0,SALZERELEC,NSE_EQ|SALZERELEC,NSE,EQUITY,CERTIFIED_CLEAN_886,690,2026-10-02T17:12:51.176370+05:30,2026-10-02T17:15:29.527856+05:30,2026-10-02T17:15:29.527856+05:30,2026-10-02T17:15:29.527856+05:30,DATA_FAILURE,BLOCKED,False,NONE,True,True,DATA_GATE,FAIL_UNIVERSE_MARKET_CAP
c6c800bcad0f4cbe9ed5c8195049c221,QUALITY_COMPOUNDER,Quality Compounder,FROZEN_V2_PROD_1.0,SAMBHV,NSE_EQ|SAMBHV,NSE,EQUITY,CERTIFIED_CLEAN_886,691,2026-10-02T17:12:51.176370+05:30,2026-10-02T17:15:29.542695+05:30,2026-10-02T17:15:29.542695+05:30,2026-10-02T17:15:29.542695+05:30,STRUCTURAL_INELIGIBLE,BLOCKED,False,NONE,True,True,DATA_GATE,DATA_INSUFFICIENT_QUALITY
c6c800bcad0f4cbe9ed5c8195049c221,QUALITY_COMPOUNDER,Quality Compounder,FROZEN_V2_PROD_1.0,SAMHI,NSE_EQ|SAMHI,NSE,EQUITY,CERTIFIED_CLEAN_886,692,2026-10-02T17:12:51.176370+05:30,2026-10-02T17:15:29.561199+05:30,2026-10-02T17:15:29.561199+05:30,2026-10-02T17:15:29.561199+05:30,DATA_FAILURE,BLOCKED,False,NONE,True,True,DATA_GATE,DATA_INSUFFICIENT_QUALITY
c6c800bcad0f4cbe9ed5c8195049c221,QUALITY_COMPOUNDER,Quality Compounder,FROZEN_V2_PROD_1.0,SANDHAR,NSE_EQ|SANDHAR,NSE,EQUITY,CERTIFIED_CLEAN_886,693,2026-10-02T17:12:51.176370+05:30,2026-10-02T17:15:29.571543+05:30,2026-10-02T17:15:29.571543+05:30,2026-10-02T17:15:29.571543+05:30,DATA_FAILURE,BLOCKED,False,NONE,True,True,DATA_GATE,FAIL_ROCE
c6c800bcad0f4cbe9ed5c8195049c221,QUALITY_COMPOUNDER,Quality Compounder,FROZEN_V2_PROD_1.0,SANDUMA,NSE_EQ|SANDUMA,NSE,EQUITY,CERTIFIED_CLEAN_886,694,2026-10-02T17:12:51.176370+05:30,2026-10-02T17:15:29.586242+05:30,2026-10-02T17:15:29.586242+05:30,2026-10-02T17:15:29.586242+05:30,DATA_FAILURE,BLOCKED,False,NONE,True,True,DATA_GATE,DATA_INSUFFICIENT_QUALITY
c6c800bcad0f4cbe9ed5c8195049c221,QUALITY_COMPOUNDER,Quality Compounder,FROZEN_V2_PROD_1.0,SANGHVIMOV,NSE_EQ|SANGHVIMOV,NSE,EQUITY,CERTIFIED_CLEAN_886,695,2026-10-02T17:12:51.176370+05:30,2026-10-02T17:15:29.604320+05:30,2026-10-02T17:15:29.604320+05:30,2026-10-02T17:15:29.604320+05:30,DATA_FAILURE,BLOCKED,False,NONE,True,True,DATA_GATE,DATA_INSUFFICIENT_QUALITY
c6c800bcad0f4cbe9ed5c8195049c221,QUALITY_COMPOUNDER,Quality Compounder,FROZEN_V2_PROD_1.0,SANOFICONR,NSE_EQ|SANOFICONR,NSE,EQUITY,CERTIFIED_CLEAN_886,696,2026-10-02T17:12:51.176370+05:30,2026-10-02T17:15:29.606872+05:30,2026-10-02T17:15:29.606872+05:30,2026-10-02T17:15:29.606872+05:30,STRUCTURAL_INELIGIBLE,BLOCKED,False,NONE,True,True,DATA_GATE,STRUCTURAL_INELIGIBLE_NO_PIT (INSUFFICIENT_HISTORICAL_EXISTENCE)
c6c800bcad0f4cbe9ed5c8195049c221,QUALITY_COMPOUNDER,Quality Compounder,FROZEN_V2_PROD_1.0,SANSERA,NSE_EQ|SANSERA,NSE,EQUITY,CERTIFIED_CLEAN_886,697,2026-10-02T17:12:51.176370+05:30,2026-10-02T17:15:29.622277+05:30,2026-10-02T17:15:29.622277+05:30,2026-10-02T17:15:29.622277+05:30,DATA_FAILURE,BLOCKED,False,NONE,True,True,DATA_GATE,FAIL_ROCE
c6c800bcad0f4cbe9ed5c8195049c221,QUALITY_COMPOUNDER,Quality Compounder,FROZEN_V2_PROD_1.0,SARDAEN,NSE_EQ|SARDAEN,NSE,EQUITY,CERTIFIED_CLEAN_886,698,2026-10-02T17:12:51.176370+05:30,2026-10-02T17:15:29.901153+05:30,2026-10-02T17:15:29.901153+05:30,2026-10-02T17:15:29.901153+05:30,DATA_FAILURE,BLOCKED,False,NONE,True,True,DATA_GATE,DATA_INSUFFICIENT_VALUATION
c6c800bcad0f4cbe9ed5c8195049c221,QUALITY_COMPOUNDER,Quality Compounder,FROZEN_V2_PROD_1.0,SAREGAMA,NSE_EQ|SAREGAMA,NSE,EQUITY,CERTIFIED_CLEAN_886,699,2026-10-02T17:12:51.176370+05:30,2026-10-02T17:15:29.921459+05:30,2026-10-02T17:15:29.921459+05:30,2026-10-02T17:15:29.921459+05:30,DATA_FAILURE,BLOCKED,False,NONE,True,True,DATA_GATE,FAIL_CFO_PAT
c6c800bcad0f4cbe9ed5c8195049c221,QUALITY_COMPOUNDER,Quality Compounder,FROZEN_V2_PROD_1.0,SATIN,NSE_EQ|SATIN,NSE,EQUITY,CERTIFIED_CLEAN_886,700,2026-10-02T17:12:51.176370+05:30,2026-10-02T17:15:29.937067+05:30,2026-10-02T17:15:29.937067+05:30,2026-10-02T17:15:29.937067+05:30,FULLY_EVALUABLE,REJECTED,False,NONE,False,True,QUALITY_GATE,METRIC_NOT_APPLICABLE_FINANCIAL
c6c800bcad0f4cbe9ed5c8195049c221,QUALITY_COMPOUNDER,Quality Compounder,FROZEN_V2_PROD_1.0,SBCL,NSE_EQ|SBCL,NSE,EQUITY,CERTIFIED_CLEAN_886,701,2026-10-02T17:12:51.176370+05:30,2026-10-02T17:15:29.948140+05:30,2026-10-02T17:15:29.948140+05:30,2026-10-02T17:15:29.948140+05:30,DATA_FAILURE,BLOCKED,False,NONE,True,True,DATA_GATE,FAIL_CFO_PAT
c6c800bcad0f4cbe9ed5c8195049c221,QUALITY_COMPOUNDER,Quality Compounder,FROZEN_V2_PROD_1.0,SBICARD,NSE_EQ|SBICARD,NSE,EQUITY,CERTIFIED_CLEAN_886,702,2026-10-02T17:12:51.176370+05:30,2026-10-02T17:15:29.952821+05:30,2026-10-02T17:15:29.952821+05:30,2026-10-02T17:15:29.952821+05:30,DATA_FAILURE,BLOCKED,False,NONE,True,True,DATA_GATE,DATA_FAILURE_NO_PIT (PIT_INGESTION_GAP)
c6c800bcad0f4cbe9ed5c8195049c221,QUALITY_COMPOUNDER,Quality Compounder,FROZEN_V2_PROD_1.0,SBILIFE,NSE_EQ|SBILIFE,NSE,EQUITY,CERTIFIED_CLEAN_886,703,2026-10-02T17:12:51.176370+05:30,2026-10-02T17:15:29.962625+05:30,2026-10-02T17:15:29.962625+05:30,2026-10-02T17:15:29.962625+05:30,DATA_FAILURE,BLOCKED,False,NONE,True,True,DATA_GATE,DATA_FAILURE_NO_PIT (PIT_INGESTION_GAP)
c6c800bcad0f4cbe9ed5c8195049c221,QUALITY_COMPOUNDER,Quality Compounder,FROZEN_V2_PROD_1.0,SBIN,NSE_EQ|SBIN,NSE,EQUITY,CERTIFIED_CLEAN_886,704,2026-10-02T17:12:51.176370+05:30,2026-10-02T17:15:29.985757+05:30,2026-10-02T17:15:29.985757+05:30,2026-10-02T17:15:29.985757+05:30,FULLY_EVALUABLE,REJECTED,False,NONE,False,True,QUALITY_GATE,METRIC_NOT_APPLICABLE_FINANCIAL
c6c800bcad0f4cbe9ed5c8195049c221,QUALITY_COMPOUNDER,Quality Compounder,FROZEN_V2_PROD_1.0,SCHAEFFLER,NSE_EQ|SCHAEFFLER,NSE,EQUITY,CERTIFIED_CLEAN_886,705,2026-10-02T17:12:51.176370+05:30,2026-10-02T17:15:30.011824+05:30,2026-10-02T17:15:30.011824+05:30,2026-10-02T17:15:30.011824+05:30,DATA_FAILURE,BLOCKED,False,NONE,True,True,DATA_GATE,DATA_INSUFFICIENT_QUALITY
c6c800bcad0f4cbe9ed5c8195049c221,QUALITY_COMPOUNDER,Quality Compounder,FROZEN_V2_PROD_1.0,SCHNEIDER,NSE_EQ|SCHNEIDER,NSE,EQUITY,CERTIFIED_CLEAN_886,706,2026-10-02T17:12:51.176370+05:30,2026-10-02T17:15:30.016464+05:30,2026-10-02T17:15:30.016464+05:30,2026-10-02T17:15:30.016464+05:30,DATA_FAILURE,BLOCKED,False,NONE,True,True,DATA_GATE,DATA_FAILURE_NO_PIT (PIT_INGESTION_GAP)
c6c800bcad0f4cbe9ed5c8195049c221,QUALITY_COMPOUNDER,Quality Compounder,FROZEN_V2_PROD_1.0,SCI,NSE_EQ|SCI,NSE,EQUITY,CERTIFIED_CLEAN_886,707,2026-10-02T17:12:51.176370+05:30,2026-10-02T17:15:30.076235+05:30,2026-10-02T17:15:30.076235+05:30,2026-10-02T17:15:30.076235+05:30,DATA_FAILURE,BLOCKED,False,NONE,True,True,DATA_GATE,FAIL_ROCE
c6c800bcad0f4cbe9ed5c8195049c221,QUALITY_COMPOUNDER,Quality Compounder,FROZEN_V2_PROD_1.0,SEAMECLTD,NSE_EQ|SEAMECLTD,NSE,EQUITY,CERTIFIED_CLEAN_886,708,2026-10-02T17:12:51.176370+05:30,2026-10-02T17:15:30.119455+05:30,2026-10-02T17:15:30.119455+05:30,2026-10-02T17:15:30.119455+05:30,DATA_FAILURE,BLOCKED,False,NONE,True,True,DATA_GATE,FAIL_ROCE
c6c800bcad0f4cbe9ed5c8195049c221,QUALITY_COMPOUNDER,Quality Compounder,FROZEN_V2_PROD_1.0,SENCO,NSE_EQ|SENCO,NSE,EQUITY,CERTIFIED_CLEAN_886,709,2026-10-02T17:12:51.176370+05:30,2026-10-02T17:15:30.146202+05:30,2026-10-02T17:15:30.146202+05:30,2026-10-02T17:15:30.146202+05:30,DATA_FAILURE,BLOCKED,False,NONE,True,True,DATA_GATE,FAIL_CFO_PAT
c6c800bcad0f4cbe9ed5c8195049c221,QUALITY_COMPOUNDER,Quality Compounder,FROZEN_V2_PROD_1.0,SENORES,NSE_EQ|SENORES,NSE,EQUITY,CERTIFIED_CLEAN_886,710,2026-10-02T17:12:51.176370+05:30,2026-10-02T17:15:30.340632+05:30,2026-10-02T17:15:30.340632+05:30,2026-10-02T17:15:30.340632+05:30,DATA_FAILURE,BLOCKED,False,NONE,True,True,DATA_GATE,DATA_INSUFFICIENT_QUALITY
c6c800bcad0f4cbe9ed5c8195049c221,QUALITY_COMPOUNDER,Quality Compounder,FROZEN_V2_PROD_1.0,SERVOTECH,NSE_EQ|SERVOTECH,NSE,EQUITY,CERTIFIED_CLEAN_886,711,2026-10-02T17:12:51.176370+05:30,2026-10-02T17:15:30.377054+05:30,2026-10-02T17:15:30.377054+05:30,2026-10-02T17:15:30.377054+05:30,DATA_FAILURE,BLOCKED,False,NONE,True,True,DATA_GATE,FAIL_ROCE
c6c800bcad0f4cbe9ed5c8195049c221,QUALITY_COMPOUNDER,Quality Compounder,FROZEN_V2_PROD_1.0,SETL,NSE_EQ|SETL,NSE,EQUITY,CERTIFIED_CLEAN_886,712,2026-10-02T17:12:51.176370+05:30,2026-10-02T17:15:30.461384+05:30,2026-10-02T17:15:30.461384+05:30,2026-10-02T17:15:30.461384+05:30,DATA_FAILURE,BLOCKED,False,NONE,True,True,DATA_GATE,DATA_INSUFFICIENT_QUALITY
c6c800bcad0f4cbe9ed5c8195049c221,QUALITY_COMPOUNDER,Quality Compounder,FROZEN_V2_PROD_1.0,SGFIN,NSE_EQ|SGFIN,NSE,EQUITY,CERTIFIED_CLEAN_886,713,2026-10-02T17:12:51.176370+05:30,2026-10-02T17:15:30.500965+05:30,2026-10-02T17:15:30.500965+05:30,2026-10-02T17:15:30.500965+05:30,DATA_FAILURE,BLOCKED,False,NONE,True,True,DATA_GATE,DATA_FAILURE_NO_PIT (PIT_INGESTION_GAP)
c6c800bcad0f4cbe9ed5c8195049c221,QUALITY_COMPOUNDER,Quality Compounder,FROZEN_V2_PROD_1.0,SHAILY,NSE_EQ|SHAILY,NSE,EQUITY,CERTIFIED_CLEAN_886,714,2026-10-02T17:12:51.176370+05:30,2026-10-02T17:15:30.722985+05:30,2026-10-02T17:15:30.722985+05:30,2026-10-02T17:15:30.722985+05:30,DATA_FAILURE,BLOCKED,False,NONE,True,True,DATA_GATE,DATA_INSUFFICIENT_QUALITY
c6c800bcad0f4cbe9ed5c8195049c221,QUALITY_COMPOUNDER,Quality Compounder,FROZEN_V2_PROD_1.0,SHAKTIPUMP,NSE_EQ|SHAKTIPUMP,NSE,EQUITY,CERTIFIED_CLEAN_886,715,2026-10-02T17:12:51.176370+05:30,2026-10-02T17:15:30.741444+05:30,2026-10-02T17:15:30.741444+05:30,2026-10-02T17:15:30.741444+05:30,DATA_FAILURE,BLOCKED,False,NONE,True,True,DATA_GATE,FAIL_CFO_PAT
c6c800bcad0f4cbe9ed5c8195049c221,QUALITY_COMPOUNDER,Quality Compounder,FROZEN_V2_PROD_1.0,SHANTIGEAR,NSE_EQ|SHANTIGEAR,NSE,EQUITY,CERTIFIED_CLEAN_886,716,2026-10-02T17:12:51.176370+05:30,2026-10-02T17:15:30.754977+05:30,2026-10-02T17:15:30.754977+05:30,2026-10-02T17:15:30.754977+05:30,DATA_FAILURE,BLOCKED,False,NONE,True,True,DATA_GATE,DATA_FAILURE_NO_PIT (PIT_INGESTION_GAP)
c6c800bcad0f4cbe9ed5c8195049c221,QUALITY_COMPOUNDER,Quality Compounder,FROZEN_V2_PROD_1.0,SHARDACROP,NSE_EQ|SHARDACROP,NSE,EQUITY,CERTIFIED_CLEAN_886,717,2026-10-02T17:12:51.176370+05:30,2026-10-02T17:15:30.993963+05:30,2026-10-02T17:15:30.993963+05:30,2026-10-02T17:15:30.993963+05:30,DATA_FAILURE,BLOCKED,False,NONE,True,True,DATA_GATE,DATA_INSUFFICIENT_VALUATION
c6c800bcad0f4cbe9ed5c8195049c221,QUALITY_COMPOUNDER,Quality Compounder,FROZEN_V2_PROD_1.0,SHARDAMOTR,NSE_EQ|SHARDAMOTR,NSE,EQUITY,CERTIFIED_CLEAN_886,718,2026-10-02T17:12:51.176370+05:30,2026-10-02T17:15:31.020800+05:30,2026-10-02T17:15:31.020800+05:30,2026-10-02T17:15:31.020800+05:30,DATA_FAILURE,BLOCKED,False,NONE,True,True,DATA_GATE,FAIL_CFO_PAT
c6c800bcad0f4cbe9ed5c8195049c221,QUALITY_COMPOUNDER,Quality Compounder,FROZEN_V2_PROD_1.0,SHAREINDIA,NSE_EQ|SHAREINDIA,NSE,EQUITY,CERTIFIED_CLEAN_886,719,2026-10-02T17:12:51.176370+05:30,2026-10-02T17:15:31.041584+05:30,2026-10-02T17:15:31.041584+05:30,2026-10-02T17:15:31.041584+05:30,FULLY_EVALUABLE,REJECTED,False,NONE,False,True,QUALITY_GATE,METRIC_NOT_APPLICABLE_FINANCIAL
c6c800bcad0f4cbe9ed5c8195049c221,QUALITY_COMPOUNDER,Quality Compounder,FROZEN_V2_PROD_1.0,SHILCTECH,NSE_EQ|SHILCTECH,NSE,EQUITY,CERTIFIED_CLEAN_886,720,2026-10-02T17:12:51.176370+05:30,2026-10-02T17:15:31.043687+05:30,2026-10-02T17:15:31.043687+05:30,2026-10-02T17:15:31.043687+05:30,DATA_FAILURE,BLOCKED,False,NONE,True,True,DATA_GATE,DATA_FAILURE_NO_PIT (PIT_INGESTION_GAP)
c6c800bcad0f4cbe9ed5c8195049c221,QUALITY_COMPOUNDER,Quality Compounder,FROZEN_V2_PROD_1.0,SHILPAMED,NSE_EQ|SHILPAMED,NSE,EQUITY,CERTIFIED_CLEAN_886,721,2026-10-02T17:12:51.176370+05:30,2026-10-02T17:15:31.069465+05:30,2026-10-02T17:15:31.069465+05:30,2026-10-02T17:15:31.069465+05:30,DATA_FAILURE,BLOCKED,False,NONE,True,True,DATA_GATE,FAIL_ROCE
c6c800bcad0f4cbe9ed5c8195049c221,QUALITY_COMPOUNDER,Quality Compounder,FROZEN_V2_PROD_1.0,SHREEJISPG,NSE_EQ|SHREEJISPG,NSE,EQUITY,CERTIFIED_CLEAN_886,722,2026-10-02T17:12:51.176370+05:30,2026-10-02T17:15:31.086992+05:30,2026-10-02T17:15:31.086992+05:30,2026-10-02T17:15:31.086992+05:30,DATA_FAILURE,BLOCKED,False,NONE,True,True,DATA_GATE,DATA_INSUFFICIENT_QUALITY
c6c800bcad0f4cbe9ed5c8195049c221,QUALITY_COMPOUNDER,Quality Compounder,FROZEN_V2_PROD_1.0,SHREEPUSHK,NSE_EQ|SHREEPUSHK,NSE,EQUITY,CERTIFIED_CLEAN_886,723,2026-10-02T17:12:51.176370+05:30,2026-10-02T17:15:31.101337+05:30,2026-10-02T17:15:31.101337+05:30,2026-10-02T17:15:31.101337+05:30,DATA_FAILURE,BLOCKED,False,NONE,True,True,DATA_GATE,FAIL_ROCE
c6c800bcad0f4cbe9ed5c8195049c221,QUALITY_COMPOUNDER,Quality Compounder,FROZEN_V2_PROD_1.0,SHREMINVIT,NSE_EQ|SHREMINVIT,NSE,EQUITY,CERTIFIED_CLEAN_886,724,2026-10-02T17:12:51.176370+05:30,2026-10-02T17:15:31.128765+05:30,2026-10-02T17:15:31.128765+05:30,2026-10-02T17:15:31.128765+05:30,DATA_FAILURE,BLOCKED,False,NONE,True,True,DATA_GATE,FAIL_LIQUIDITY
c6c800bcad0f4cbe9ed5c8195049c221,QUALITY_COMPOUNDER,Quality Compounder,FROZEN_V2_PROD_1.0,SHRINGARMS,NSE_EQ|SHRINGARMS,NSE,EQUITY,CERTIFIED_CLEAN_886,725,2026-10-02T17:12:51.176370+05:30,2026-10-02T17:15:31.136677+05:30,2026-10-02T17:15:31.136677+05:30,2026-10-02T17:15:31.136677+05:30,DATA_FAILURE,BLOCKED,False,NONE,True,True,DATA_GATE,DATA_FAILURE_NO_PIT (PIT_INGESTION_GAP)
c6c800bcad0f4cbe9ed5c8195049c221,QUALITY_COMPOUNDER,Quality Compounder,FROZEN_V2_PROD_1.0,SHRIPISTON,NSE_EQ|SHRIPISTON,NSE,EQUITY,CERTIFIED_CLEAN_886,726,2026-10-02T17:12:51.176370+05:30,2026-10-02T17:15:31.162780+05:30,2026-10-02T17:15:31.162780+05:30,2026-10-02T17:15:31.162780+05:30,DATA_FAILURE,BLOCKED,False,NONE,True,True,DATA_GATE,FAIL_DEBT
c6c800bcad0f4cbe9ed5c8195049c221,QUALITY_COMPOUNDER,Quality Compounder,FROZEN_V2_PROD_1.0,SHRIRAMFIN,NSE_EQ|SHRIRAMFIN,NSE,EQUITY,CERTIFIED_CLEAN_886,727,2026-10-02T17:12:51.176370+05:30,2026-10-02T17:15:31.183286+05:30,2026-10-02T17:15:31.183286+05:30,2026-10-02T17:15:31.183286+05:30,FULLY_EVALUABLE,REJECTED,False,NONE,False,True,QUALITY_GATE,METRIC_NOT_APPLICABLE_FINANCIAL
c6c800bcad0f4cbe9ed5c8195049c221,QUALITY_COMPOUNDER,Quality Compounder,FROZEN_V2_PROD_1.0,SHYAMMETL,NSE_EQ|SHYAMMETL,NSE,EQUITY,CERTIFIED_CLEAN_886,728,2026-10-02T17:12:51.176370+05:30,2026-10-02T17:15:31.193563+05:30,2026-10-02T17:15:31.193563+05:30,2026-10-02T17:15:31.193563+05:30,DATA_FAILURE,BLOCKED,False,NONE,True,True,DATA_GATE,FAIL_PAT_CAGR
c6c800bcad0f4cbe9ed5c8195049c221,QUALITY_COMPOUNDER,Quality Compounder,FROZEN_V2_PROD_1.0,SIGMAADV,NSE_EQ|SIGMAADV,NSE,EQUITY,CERTIFIED_CLEAN_886,729,2026-10-02T17:12:51.176370+05:30,2026-10-02T17:15:31.205551+05:30,2026-10-02T17:15:31.205551+05:30,2026-10-02T17:15:31.205551+05:30,DATA_FAILURE,BLOCKED,False,NONE,True,True,DATA_GATE,FAIL_ROCE
c6c800bcad0f4cbe9ed5c8195049c221,QUALITY_COMPOUNDER,Quality Compounder,FROZEN_V2_PROD_1.0,SIGNATURE,NSE_EQ|SIGNATURE,NSE,EQUITY,CERTIFIED_CLEAN_886,730,2026-10-02T17:12:51.176370+05:30,2026-10-02T17:15:31.221581+05:30,2026-10-02T17:15:31.221581+05:30,2026-10-02T17:15:31.221581+05:30,DATA_FAILURE,BLOCKED,False,NONE,True,True,DATA_GATE,DATA_INSUFFICIENT_QUALITY
c6c800bcad0f4cbe9ed5c8195049c221,QUALITY_COMPOUNDER,Quality Compounder,FROZEN_V2_PROD_1.0,SIGNPOST,NSE_EQ|SIGNPOST,NSE,EQUITY,CERTIFIED_CLEAN_886,731,2026-10-02T17:12:51.176370+05:30,2026-10-02T17:15:31.235654+05:30,2026-10-02T17:15:31.235654+05:30,2026-10-02T17:15:31.235654+05:30,STRUCTURAL_INELIGIBLE,BLOCKED,False,NONE,True,True,DATA_GATE,DATA_INSUFFICIENT_QUALITY
c6c800bcad0f4cbe9ed5c8195049c221,QUALITY_COMPOUNDER,Quality Compounder,FROZEN_V2_PROD_1.0,SIKA,NSE_EQ|SIKA,NSE,EQUITY,CERTIFIED_CLEAN_886,732,2026-10-02T17:12:51.176370+05:30,2026-10-02T17:15:31.611720+05:30,2026-10-02T17:15:31.611720+05:30,2026-10-02T17:15:31.611720+05:30,DATA_FAILURE,BLOCKED,False,NONE,True,True,DATA_GATE,DATA_INSUFFICIENT_VALUATION
c6c800bcad0f4cbe9ed5c8195049c221,QUALITY_COMPOUNDER,Quality Compounder,FROZEN_V2_PROD_1.0,SIRCA,NSE_EQ|SIRCA,NSE,EQUITY,CERTIFIED_CLEAN_886,733,2026-10-02T17:12:51.176370+05:30,2026-10-02T17:15:31.626633+05:30,2026-10-02T17:15:31.626633+05:30,2026-10-02T17:15:31.626633+05:30,DATA_FAILURE,BLOCKED,False,NONE,True,True,DATA_GATE,FAIL_CFO_PAT
c6c800bcad0f4cbe9ed5c8195049c221,QUALITY_COMPOUNDER,Quality Compounder,FROZEN_V2_PROD_1.0,SIYSIL,NSE_EQ|SIYSIL,NSE,EQUITY,CERTIFIED_CLEAN_886,734,2026-10-02T17:12:51.176370+05:30,2026-10-02T17:15:31.639972+05:30,2026-10-02T17:15:31.639972+05:30,2026-10-02T17:15:31.639972+05:30,DATA_FAILURE,BLOCKED,False,NONE,True,True,DATA_GATE,FAIL_CFO_PAT
c6c800bcad0f4cbe9ed5c8195049c221,QUALITY_COMPOUNDER,Quality Compounder,FROZEN_V2_PROD_1.0,SJS,NSE_EQ|SJS,NSE,EQUITY,CERTIFIED_CLEAN_886,735,2026-10-02T17:12:51.176370+05:30,2026-10-02T17:15:31.653691+05:30,2026-10-02T17:15:31.653691+05:30,2026-10-02T17:15:31.653691+05:30,DATA_FAILURE,BLOCKED,False,NONE,True,True,DATA_GATE,DATA_INSUFFICIENT_QUALITY
c6c800bcad0f4cbe9ed5c8195049c221,QUALITY_COMPOUNDER,Quality Compounder,FROZEN_V2_PROD_1.0,SKIPPER,NSE_EQ|SKIPPER,NSE,EQUITY,CERTIFIED_CLEAN_886,736,2026-10-02T17:12:51.176370+05:30,2026-10-02T17:15:31.717237+05:30,2026-10-02T17:15:31.717237+05:30,2026-10-02T17:15:31.717237+05:30,DATA_FAILURE,BLOCKED,False,NONE,True,True,DATA_GATE,FAIL_DEBT
c6c800bcad0f4cbe9ed5c8195049c221,QUALITY_COMPOUNDER,Quality Compounder,FROZEN_V2_PROD_1.0,SKMEGGPROD,NSE_EQ|SKMEGGPROD,NSE,EQUITY,CERTIFIED_CLEAN_886,737,2026-10-02T17:12:51.176370+05:30,2026-10-02T17:15:31.985110+05:30,2026-10-02T17:15:31.985110+05:30,2026-10-02T17:15:31.985110+05:30,DATA_FAILURE,BLOCKED,False,NONE,True,True,DATA_GATE,DATA_INSUFFICIENT_VALUATION
c6c800bcad0f4cbe9ed5c8195049c221,QUALITY_COMPOUNDER,Quality Compounder,FROZEN_V2_PROD_1.0,SMLMAH,NSE_EQ|SMLMAH,NSE,EQUITY,CERTIFIED_CLEAN_886,738,2026-10-02T17:12:51.176370+05:30,2026-10-02T17:15:31.991154+05:30,2026-10-02T17:15:31.991154+05:30,2026-10-02T17:15:31.991154+05:30,DATA_FAILURE,BLOCKED,False,NONE,True,True,DATA_GATE,DATA_FAILURE_NO_PIT (PIT_INGESTION_GAP)
c6c800bcad0f4cbe9ed5c8195049c221,QUALITY_COMPOUNDER,Quality Compounder,FROZEN_V2_PROD_1.0,SMSPHARMA,NSE_EQ|SMSPHARMA,NSE,EQUITY,CERTIFIED_CLEAN_886,739,2026-10-02T17:12:51.176370+05:30,2026-10-02T17:15:32.019780+05:30,2026-10-02T17:15:32.019780+05:30,2026-10-02T17:15:32.019780+05:30,DATA_FAILURE,BLOCKED,False,NONE,True,True,DATA_GATE,FAIL_ROCE
c6c800bcad0f4cbe9ed5c8195049c221,QUALITY_COMPOUNDER,Quality Compounder,FROZEN_V2_PROD_1.0,SOLARINDS,NSE_EQ|SOLARINDS,NSE,EQUITY,CERTIFIED_CLEAN_886,740,2026-10-02T17:12:51.176370+05:30,2026-10-02T17:15:32.267153+05:30,2026-10-02T17:15:32.267153+05:30,2026-10-02T17:15:32.267153+05:30,DATA_FAILURE,BLOCKED,False,NONE,True,True,DATA_GATE,DATA_INSUFFICIENT_VALUATION
c6c800bcad0f4cbe9ed5c8195049c221,QUALITY_COMPOUNDER,Quality Compounder,FROZEN_V2_PROD_1.0,SOLARWORLD,NSE_EQ|SOLARWORLD,NSE,EQUITY,CERTIFIED_CLEAN_886,741,2026-10-02T17:12:51.176370+05:30,2026-10-02T17:15:32.288753+05:30,2026-10-02T17:15:32.288753+05:30,2026-10-02T17:15:32.288753+05:30,DATA_FAILURE,BLOCKED,False,NONE,True,True,DATA_GATE,DATA_INSUFFICIENT_QUALITY
c6c800bcad0f4cbe9ed5c8195049c221,QUALITY_COMPOUNDER,Quality Compounder,FROZEN_V2_PROD_1.0,SOLEX,NSE_EQ|SOLEX,NSE,EQUITY,CERTIFIED_CLEAN_886,742,2026-10-02T17:12:51.176370+05:30,2026-10-02T17:15:32.311535+05:30,2026-10-02T17:15:32.311535+05:30,2026-10-02T17:15:32.311535+05:30,DATA_FAILURE,BLOCKED,False,NONE,True,True,DATA_GATE,FAIL_UNIVERSE_MARKET_CAP
c6c800bcad0f4cbe9ed5c8195049c221,QUALITY_COMPOUNDER,Quality Compounder,FROZEN_V2_PROD_1.0,SOMANYCERA,NSE_EQ|SOMANYCERA,NSE,EQUITY,CERTIFIED_CLEAN_886,743,2026-10-02T17:12:51.176370+05:30,2026-10-02T17:15:32.326965+05:30,2026-10-02T17:15:32.326965+05:30,2026-10-02T17:15:32.326965+05:30,DATA_FAILURE,BLOCKED,False,NONE,True,True,DATA_GATE,FAIL_ROCE
c6c800bcad0f4cbe9ed5c8195049c221,QUALITY_COMPOUNDER,Quality Compounder,FROZEN_V2_PROD_1.0,SONACOMS,NSE_EQ|SONACOMS,NSE,EQUITY,CERTIFIED_CLEAN_886,744,2026-10-02T17:12:51.176370+05:30,2026-10-02T17:15:32.674021+05:30,2026-10-02T17:15:32.674021+05:30,2026-10-02T17:15:32.674021+05:30,DATA_FAILURE,BLOCKED,False,NONE,True,True,DATA_GATE,DATA_INSUFFICIENT_VALUATION
c6c800bcad0f4cbe9ed5c8195049c221,QUALITY_COMPOUNDER,Quality Compounder,FROZEN_V2_PROD_1.0,SONATSOFTW,NSE_EQ|SONATSOFTW,NSE,EQUITY,CERTIFIED_CLEAN_886,745,2026-10-02T17:12:51.176370+05:30,2026-10-02T17:15:32.769518+05:30,2026-10-02T17:15:32.769518+05:30,2026-10-02T17:15:32.769518+05:30,DATA_FAILURE,BLOCKED,False,NONE,True,True,DATA_GATE,DATA_INSUFFICIENT_VALUATION
c6c800bcad0f4cbe9ed5c8195049c221,QUALITY_COMPOUNDER,Quality Compounder,FROZEN_V2_PROD_1.0,SOTL,NSE_EQ|SOTL,NSE,EQUITY,CERTIFIED_CLEAN_886,746,2026-10-02T17:12:51.176370+05:30,2026-10-02T17:15:32.787011+05:30,2026-10-02T17:15:32.787011+05:30,2026-10-02T17:15:32.787011+05:30,DATA_FAILURE,BLOCKED,False,NONE,True,True,DATA_GATE,FAIL_PAT_CAGR
c6c800bcad0f4cbe9ed5c8195049c221,QUALITY_COMPOUNDER,Quality Compounder,FROZEN_V2_PROD_1.0,SPAL,NSE_EQ|SPAL,NSE,EQUITY,CERTIFIED_CLEAN_886,747,2026-10-02T17:12:51.176370+05:30,2026-10-02T17:15:32.806484+05:30,2026-10-02T17:15:32.806484+05:30,2026-10-02T17:15:32.806484+05:30,DATA_FAILURE,BLOCKED,False,NONE,True,True,DATA_GATE,FAIL_ROCE
c6c800bcad0f4cbe9ed5c8195049c221,QUALITY_COMPOUNDER,Quality Compounder,FROZEN_V2_PROD_1.0,SPARC,NSE_EQ|SPARC,NSE,EQUITY,CERTIFIED_CLEAN_886,748,2026-10-02T17:12:51.176370+05:30,2026-10-02T17:15:32.832805+05:30,2026-10-02T17:15:32.832805+05:30,2026-10-02T17:15:32.832805+05:30,DATA_FAILURE,BLOCKED,False,NONE,True,True,DATA_GATE,DATA_INSUFFICIENT_QUALITY
c6c800bcad0f4cbe9ed5c8195049c221,QUALITY_COMPOUNDER,Quality Compounder,FROZEN_V2_PROD_1.0,SPECTRUM,NSE_EQ|SPECTRUM,NSE,EQUITY,CERTIFIED_CLEAN_886,749,2026-10-02T17:12:51.176370+05:30,2026-10-02T17:15:32.847391+05:30,2026-10-02T17:15:32.847391+05:30,2026-10-02T17:15:32.847391+05:30,DATA_FAILURE,BLOCKED,False,NONE,True,True,DATA_GATE,FAIL_ROCE
c6c800bcad0f4cbe9ed5c8195049c221,QUALITY_COMPOUNDER,Quality Compounder,FROZEN_V2_PROD_1.0,SPMLINFRA,NSE_EQ|SPMLINFRA,NSE,EQUITY,CERTIFIED_CLEAN_886,750,2026-10-02T17:12:51.176370+05:30,2026-10-02T17:15:32.869954+05:30,2026-10-02T17:15:32.869954+05:30,2026-10-02T17:15:32.869954+05:30,DATA_FAILURE,BLOCKED,False,NONE,True,True,DATA_GATE,DATA_INSUFFICIENT_QUALITY
c6c800bcad0f4cbe9ed5c8195049c221,QUALITY_COMPOUNDER,Quality Compounder,FROZEN_V2_PROD_1.0,SPORTKING,NSE_EQ|SPORTKING,NSE,EQUITY,CERTIFIED_CLEAN_886,751,2026-10-02T17:12:51.176370+05:30,2026-10-02T17:15:32.873817+05:30,2026-10-02T17:15:32.873817+05:30,2026-10-02T17:15:32.873817+05:30,DATA_FAILURE,BLOCKED,False,NONE,True,True,DATA_GATE,DATA_FAILURE_NO_PIT (PIT_INGESTION_GAP)
c6c800bcad0f4cbe9ed5c8195049c221,QUALITY_COMPOUNDER,Quality Compounder,FROZEN_V2_PROD_1.0,SRF,NSE_EQ|SRF,NSE,EQUITY,CERTIFIED_CLEAN_886,752,2026-10-02T17:12:51.176370+05:30,2026-10-02T17:15:32.894913+05:30,2026-10-02T17:15:32.894913+05:30,2026-10-02T17:15:32.894913+05:30,DATA_FAILURE,BLOCKED,False,NONE,True,True,DATA_GATE,FAIL_PAT_CAGR
c6c800bcad0f4cbe9ed5c8195049c221,QUALITY_COMPOUNDER,Quality Compounder,FROZEN_V2_PROD_1.0,SRM,NSE_EQ|SRM,NSE,EQUITY,CERTIFIED_CLEAN_886,753,2026-10-02T17:12:51.176370+05:30,2026-10-02T17:15:32.915006+05:30,2026-10-02T17:15:32.915006+05:30,2026-10-02T17:15:32.915006+05:30,DATA_FAILURE,BLOCKED,False,NONE,True,True,DATA_GATE,FAIL_UNIVERSE_MARKET_CAP
c6c800bcad0f4cbe9ed5c8195049c221,QUALITY_COMPOUNDER,Quality Compounder,FROZEN_V2_PROD_1.0,SSWL,NSE_EQ|SSWL,NSE,EQUITY,CERTIFIED_CLEAN_886,754,2026-10-02T17:12:51.176370+05:30,2026-10-02T17:15:32.949164+05:30,2026-10-02T17:15:32.949164+05:30,2026-10-02T17:15:32.949164+05:30,DATA_FAILURE,BLOCKED,False,NONE,True,True,DATA_GATE,DATA_INSUFFICIENT_QUALITY
c6c800bcad0f4cbe9ed5c8195049c221,QUALITY_COMPOUNDER,Quality Compounder,FROZEN_V2_PROD_1.0,STALLION,NSE_EQ|STALLION,NSE,EQUITY,CERTIFIED_CLEAN_886,755,2026-10-02T17:12:51.176370+05:30,2026-10-02T17:15:32.984372+05:30,2026-10-02T17:15:32.984372+05:30,2026-10-02T17:15:32.984372+05:30,DATA_FAILURE,BLOCKED,False,NONE,True,True,DATA_GATE,DATA_FAILURE_NO_PIT (PIT_INGESTION_GAP)
c6c800bcad0f4cbe9ed5c8195049c221,QUALITY_COMPOUNDER,Quality Compounder,FROZEN_V2_PROD_1.0,STARCEMENT,NSE_EQ|STARCEMENT,NSE,EQUITY,CERTIFIED_CLEAN_886,756,2026-10-02T17:12:51.176370+05:30,2026-10-02T17:15:33.065337+05:30,2026-10-02T17:15:33.065337+05:30,2026-10-02T17:15:33.065337+05:30,DATA_FAILURE,BLOCKED,False,NONE,True,True,DATA_GATE,FAIL_ROCE
c6c800bcad0f4cbe9ed5c8195049c221,QUALITY_COMPOUNDER,Quality Compounder,FROZEN_V2_PROD_1.0,STEELCAS,NSE_EQ|STEELCAS,NSE,EQUITY,CERTIFIED_CLEAN_886,757,2026-10-02T17:12:51.176370+05:30,2026-10-02T17:15:33.067738+05:30,2026-10-02T17:15:33.067738+05:30,2026-10-02T17:15:33.067738+05:30,DATA_FAILURE,BLOCKED,False,NONE,True,True,DATA_GATE,DATA_FAILURE_NO_PIT (PIT_INGESTION_GAP)
c6c800bcad0f4cbe9ed5c8195049c221,QUALITY_COMPOUNDER,Quality Compounder,FROZEN_V2_PROD_1.0,STOVEKRAFT,NSE_EQ|STOVEKRAFT,NSE,EQUITY,CERTIFIED_CLEAN_886,758,2026-10-02T17:12:51.176370+05:30,2026-10-02T17:15:33.088499+05:30,2026-10-02T17:15:33.088499+05:30,2026-10-02T17:15:33.088499+05:30,DATA_FAILURE,BLOCKED,False,NONE,True,True,DATA_GATE,DATA_INSUFFICIENT_QUALITY
c6c800bcad0f4cbe9ed5c8195049c221,QUALITY_COMPOUNDER,Quality Compounder,FROZEN_V2_PROD_1.0,STYLAMIND,NSE_EQ|STYLAMIND,NSE,EQUITY,CERTIFIED_CLEAN_886,759,2026-10-02T17:12:51.176370+05:30,2026-10-02T17:15:33.222418+05:30,2026-10-02T17:15:33.222418+05:30,2026-10-02T17:15:33.222418+05:30,DATA_FAILURE,BLOCKED,False,NONE,True,True,DATA_GATE,DATA_INSUFFICIENT_VALUATION
c6c800bcad0f4cbe9ed5c8195049c221,QUALITY_COMPOUNDER,Quality Compounder,FROZEN_V2_PROD_1.0,STYLEBAAZA,NSE_EQ|STYLEBAAZA,NSE,EQUITY,CERTIFIED_CLEAN_886,760,2026-10-02T17:12:51.176370+05:30,2026-10-02T17:15:33.247334+05:30,2026-10-02T17:15:33.247334+05:30,2026-10-02T17:15:33.247334+05:30,STRUCTURAL_INELIGIBLE,BLOCKED,False,NONE,True,True,DATA_GATE,DATA_INSUFFICIENT_QUALITY
c6c800bcad0f4cbe9ed5c8195049c221,QUALITY_COMPOUNDER,Quality Compounder,FROZEN_V2_PROD_1.0,STYRENIX,NSE_EQ|STYRENIX,NSE,EQUITY,CERTIFIED_CLEAN_886,761,2026-10-02T17:12:51.176370+05:30,2026-10-02T17:15:33.265261+05:30,2026-10-02T17:15:33.265261+05:30,2026-10-02T17:15:33.265261+05:30,DATA_FAILURE,BLOCKED,False,NONE,True,True,DATA_GATE,DATA_INSUFFICIENT_QUALITY
c6c800bcad0f4cbe9ed5c8195049c221,QUALITY_COMPOUNDER,Quality Compounder,FROZEN_V2_PROD_1.0,SUBROS,NSE_EQ|SUBROS,NSE,EQUITY,CERTIFIED_CLEAN_886,762,2026-10-02T17:12:51.176370+05:30,2026-10-02T17:15:33.287161+05:30,2026-10-02T17:15:33.287161+05:30,2026-10-02T17:15:33.287161+05:30,DATA_FAILURE,BLOCKED,False,NONE,True,True,DATA_GATE,FAIL_ROCE
c6c800bcad0f4cbe9ed5c8195049c221,QUALITY_COMPOUNDER,Quality Compounder,FROZEN_V2_PROD_1.0,SUDEEPPHRM,NSE_EQ|SUDEEPPHRM,NSE,EQUITY,CERTIFIED_CLEAN_886,763,2026-10-02T17:12:51.176370+05:30,2026-10-02T17:15:33.306028+05:30,2026-10-02T17:15:33.306028+05:30,2026-10-02T17:15:33.306028+05:30,DATA_FAILURE,BLOCKED,False,NONE,True,True,DATA_GATE,FAIL_CFO_PAT
c6c800bcad0f4cbe9ed5c8195049c221,QUALITY_COMPOUNDER,Quality Compounder,FROZEN_V2_PROD_1.0,SUMICHEM,NSE_EQ|SUMICHEM,NSE,EQUITY,CERTIFIED_CLEAN_886,764,2026-10-02T17:12:51.176370+05:30,2026-10-02T17:15:33.318830+05:30,2026-10-02T17:15:33.318830+05:30,2026-10-02T17:15:33.318830+05:30,DATA_FAILURE,BLOCKED,False,NONE,True,True,DATA_GATE,FAIL_SALES_CAGR
c6c800bcad0f4cbe9ed5c8195049c221,QUALITY_COMPOUNDER,Quality Compounder,FROZEN_V2_PROD_1.0,SUNCLAY,NSE_EQ|SUNCLAY,NSE,EQUITY,CERTIFIED_CLEAN_886,765,2026-10-02T17:12:51.176370+05:30,2026-10-02T17:15:33.339166+05:30,2026-10-02T17:15:33.339166+05:30,2026-10-02T17:15:33.339166+05:30,DATA_FAILURE,BLOCKED,False,NONE,True,True,DATA_GATE,FAIL_LIQUIDITY
c6c800bcad0f4cbe9ed5c8195049c221,QUALITY_COMPOUNDER,Quality Compounder,FROZEN_V2_PROD_1.0,SUNDARMFIN,NSE_EQ|SUNDARMFIN,NSE,EQUITY,CERTIFIED_CLEAN_886,766,2026-10-02T17:12:51.176370+05:30,2026-10-02T17:15:33.369498+05:30,2026-10-02T17:15:33.369498+05:30,2026-10-02T17:15:33.369498+05:30,FULLY_EVALUABLE,REJECTED,False,NONE,False,True,QUALITY_GATE,METRIC_NOT_APPLICABLE_FINANCIAL
c6c800bcad0f4cbe9ed5c8195049c221,QUALITY_COMPOUNDER,Quality Compounder,FROZEN_V2_PROD_1.0,SUNDRMFAST,NSE_EQ|SUNDRMFAST,NSE,EQUITY,CERTIFIED_CLEAN_886,767,2026-10-02T17:12:51.176370+05:30,2026-10-02T17:15:33.698249+05:30,2026-10-02T17:15:33.698249+05:30,2026-10-02T17:15:33.698249+05:30,DATA_FAILURE,BLOCKED,False,NONE,True,True,DATA_GATE,DATA_INSUFFICIENT_VALUATION
c6c800bcad0f4cbe9ed5c8195049c221,QUALITY_COMPOUNDER,Quality Compounder,FROZEN_V2_PROD_1.0,SUNPHARMA,NSE_EQ|SUNPHARMA,NSE,EQUITY,CERTIFIED_CLEAN_886,768,2026-10-02T17:12:51.176370+05:30,2026-10-02T17:15:33.777924+05:30,2026-10-02T17:15:33.777924+05:30,2026-10-02T17:15:33.777924+05:30,DATA_FAILURE,BLOCKED,False,NONE,True,True,DATA_GATE,FAIL_ROCE
c6c800bcad0f4cbe9ed5c8195049c221,QUALITY_COMPOUNDER,Quality Compounder,FROZEN_V2_PROD_1.0,SUNTV,NSE_EQ|SUNTV,NSE,EQUITY,CERTIFIED_CLEAN_886,769,2026-10-02T17:12:51.176370+05:30,2026-10-02T17:15:33.851883+05:30,2026-10-02T17:15:33.851883+05:30,2026-10-02T17:15:33.851883+05:30,DATA_FAILURE,BLOCKED,False,NONE,True,True,DATA_GATE,FAIL_SALES_CAGR
c6c800bcad0f4cbe9ed5c8195049c221,QUALITY_COMPOUNDER,Quality Compounder,FROZEN_V2_PROD_1.0,SUPRAJIT,NSE_EQ|SUPRAJIT,NSE,EQUITY,CERTIFIED_CLEAN_886,770,2026-10-02T17:12:51.176370+05:30,2026-10-02T17:15:33.885607+05:30,2026-10-02T17:15:33.885607+05:30,2026-10-02T17:15:33.885607+05:30,DATA_FAILURE,BLOCKED,False,NONE,True,True,DATA_GATE,FAIL_ROCE
c6c800bcad0f4cbe9ed5c8195049c221,QUALITY_COMPOUNDER,Quality Compounder,FROZEN_V2_PROD_1.0,SUPREMEIND,NSE_EQ|SUPREMEIND,NSE,EQUITY,CERTIFIED_CLEAN_886,771,2026-10-02T17:12:51.176370+05:30,2026-10-02T17:15:33.916023+05:30,2026-10-02T17:15:33.916023+05:30,2026-10-02T17:15:33.916023+05:30,DATA_FAILURE,BLOCKED,False,NONE,True,True,DATA_GATE,FAIL_PAT_CAGR
c6c800bcad0f4cbe9ed5c8195049c221,QUALITY_COMPOUNDER,Quality Compounder,FROZEN_V2_PROD_1.0,SUPRIYA,NSE_EQ|SUPRIYA,NSE,EQUITY,CERTIFIED_CLEAN_886,772,2026-10-02T17:12:51.176370+05:30,2026-10-02T17:15:33.931752+05:30,2026-10-02T17:15:33.931752+05:30,2026-10-02T17:15:33.931752+05:30,DATA_FAILURE,BLOCKED,False,NONE,True,True,DATA_GATE,DATA_FAILURE_NO_PIT (PIT_INGESTION_GAP)
c6c800bcad0f4cbe9ed5c8195049c221,QUALITY_COMPOUNDER,Quality Compounder,FROZEN_V2_PROD_1.0,SURAKSHA,NSE_EQ|SURAKSHA,NSE,EQUITY,CERTIFIED_CLEAN_886,773,2026-10-02T17:12:51.176370+05:30,2026-10-02T17:15:33.965975+05:30,2026-10-02T17:15:33.965975+05:30,2026-10-02T17:15:33.965975+05:30,DATA_FAILURE,BLOCKED,False,NONE,True,True,DATA_GATE,FAIL_DEBT
c6c800bcad0f4cbe9ed5c8195049c221,QUALITY_COMPOUNDER,Quality Compounder,FROZEN_V2_PROD_1.0,SURYAROSNI,NSE_EQ|SURYAROSNI,NSE,EQUITY,CERTIFIED_CLEAN_886,774,2026-10-02T17:12:51.176370+05:30,2026-10-02T17:15:33.996190+05:30,2026-10-02T17:15:33.996190+05:30,2026-10-02T17:15:33.996190+05:30,DATA_FAILURE,BLOCKED,False,NONE,True,True,DATA_GATE,FAIL_SALES_CAGR
c6c800bcad0f4cbe9ed5c8195049c221,QUALITY_COMPOUNDER,Quality Compounder,FROZEN_V2_PROD_1.0,SWARAJENG,NSE_EQ|SWARAJENG,NSE,EQUITY,CERTIFIED_CLEAN_886,775,2026-10-02T17:12:51.176370+05:30,2026-10-02T17:15:34.000229+05:30,2026-10-02T17:15:34.000229+05:30,2026-10-02T17:15:34.000229+05:30,DATA_FAILURE,BLOCKED,False,NONE,True,True,DATA_GATE,DATA_FAILURE_NO_PIT (PIT_INGESTION_GAP)
c6c800bcad0f4cbe9ed5c8195049c221,QUALITY_COMPOUNDER,Quality Compounder,FROZEN_V2_PROD_1.0,SYRMA,NSE_EQ|SYRMA,NSE,EQUITY,CERTIFIED_CLEAN_886,776,2026-10-02T17:12:51.176370+05:30,2026-10-02T17:15:34.026088+05:30,2026-10-02T17:15:34.026088+05:30,2026-10-02T17:15:34.026088+05:30,DATA_FAILURE,BLOCKED,False,NONE,True,True,DATA_GATE,FAIL_ROCE
c6c800bcad0f4cbe9ed5c8195049c221,QUALITY_COMPOUNDER,Quality Compounder,FROZEN_V2_PROD_1.0,TAALTECH,NSE_EQ|TAALTECH,NSE,EQUITY,CERTIFIED_CLEAN_886,777,2026-10-02T17:12:51.176370+05:30,2026-10-02T17:15:34.100681+05:30,2026-10-02T17:15:34.100681+05:30,2026-10-02T17:15:34.100681+05:30,DATA_FAILURE,BLOCKED,False,NONE,True,True,DATA_GATE,FAIL_CFO_PAT
c6c800bcad0f4cbe9ed5c8195049c221,QUALITY_COMPOUNDER,Quality Compounder,FROZEN_V2_PROD_1.0,TAJGVK,NSE_EQ|TAJGVK,NSE,EQUITY,CERTIFIED_CLEAN_886,778,2026-10-02T17:12:51.176370+05:30,2026-10-02T17:15:34.183297+05:30,2026-10-02T17:15:34.183297+05:30,2026-10-02T17:15:34.183297+05:30,DATA_FAILURE,BLOCKED,False,NONE,True,True,DATA_GATE,DATA_INSUFFICIENT_QUALITY
c6c800bcad0f4cbe9ed5c8195049c221,QUALITY_COMPOUNDER,Quality Compounder,FROZEN_V2_PROD_1.0,TALBROAUTO,NSE_EQ|TALBROAUTO,NSE,EQUITY,CERTIFIED_CLEAN_886,779,2026-10-02T17:12:51.176370+05:30,2026-10-02T17:15:34.371585+05:30,2026-10-02T17:15:34.371585+05:30,2026-10-02T17:15:34.371585+05:30,DATA_FAILURE,BLOCKED,False,NONE,True,True,DATA_GATE,DATA_INSUFFICIENT_VALUATION
c6c800bcad0f4cbe9ed5c8195049c221,QUALITY_COMPOUNDER,Quality Compounder,FROZEN_V2_PROD_1.0,TANLA,NSE_EQ|TANLA,NSE,EQUITY,CERTIFIED_CLEAN_886,780,2026-10-02T17:12:51.176370+05:30,2026-10-02T17:15:34.388694+05:30,2026-10-02T17:15:34.388694+05:30,2026-10-02T17:15:34.388694+05:30,DATA_FAILURE,BLOCKED,False,NONE,True,True,DATA_GATE,FAIL_PAT_CAGR
c6c800bcad0f4cbe9ed5c8195049c221,QUALITY_COMPOUNDER,Quality Compounder,FROZEN_V2_PROD_1.0,TARIL,NSE_EQ|TARIL,NSE,EQUITY,CERTIFIED_CLEAN_886,781,2026-10-02T17:12:51.176370+05:30,2026-10-02T17:15:34.408014+05:30,2026-10-02T17:15:34.408014+05:30,2026-10-02T17:15:34.408014+05:30,DATA_FAILURE,BLOCKED,False,NONE,True,True,DATA_GATE,FAIL_CFO_PAT
c6c800bcad0f4cbe9ed5c8195049c221,QUALITY_COMPOUNDER,Quality Compounder,FROZEN_V2_PROD_1.0,TASTYBITE,NSE_EQ|TASTYBITE,NSE,EQUITY,CERTIFIED_CLEAN_886,782,2026-10-02T17:12:51.176370+05:30,2026-10-02T17:15:34.414832+05:30,2026-10-02T17:15:34.414832+05:30,2026-10-02T17:15:34.414832+05:30,DATA_FAILURE,BLOCKED,False,NONE,True,True,DATA_GATE,DATA_FAILURE_NO_PIT (PIT_INGESTION_GAP)
c6c800bcad0f4cbe9ed5c8195049c221,QUALITY_COMPOUNDER,Quality Compounder,FROZEN_V2_PROD_1.0,TATACAP,NSE_EQ|TATACAP,NSE,EQUITY,CERTIFIED_CLEAN_886,783,2026-10-02T17:12:51.176370+05:30,2026-10-02T17:15:34.432525+05:30,2026-10-02T17:15:34.432525+05:30,2026-10-02T17:15:34.432525+05:30,FULLY_EVALUABLE,REJECTED,False,NONE,False,True,QUALITY_GATE,METRIC_NOT_APPLICABLE_FINANCIAL
c6c800bcad0f4cbe9ed5c8195049c221,QUALITY_COMPOUNDER,Quality Compounder,FROZEN_V2_PROD_1.0,TATACOMM,NSE_EQ|TATACOMM,NSE,EQUITY,CERTIFIED_CLEAN_886,784,2026-10-02T17:12:51.176370+05:30,2026-10-02T17:15:34.467100+05:30,2026-10-02T17:15:34.467100+05:30,2026-10-02T17:15:34.467100+05:30,DATA_FAILURE,BLOCKED,False,NONE,True,True,DATA_GATE,FAIL_SALES_CAGR
c6c800bcad0f4cbe9ed5c8195049c221,QUALITY_COMPOUNDER,Quality Compounder,FROZEN_V2_PROD_1.0,TATAELXSI,NSE_EQ|TATAELXSI,NSE,EQUITY,CERTIFIED_CLEAN_886,785,2026-10-02T17:12:51.176370+05:30,2026-10-02T17:15:34.499543+05:30,2026-10-02T17:15:34.499543+05:30,2026-10-02T17:15:34.499543+05:30,DATA_FAILURE,BLOCKED,False,NONE,True,True,DATA_GATE,DATA_INSUFFICIENT_QUALITY
c6c800bcad0f4cbe9ed5c8195049c221,QUALITY_COMPOUNDER,Quality Compounder,FROZEN_V2_PROD_1.0,TATAPOWER,NSE_EQ|TATAPOWER,NSE,EQUITY,CERTIFIED_CLEAN_886,786,2026-10-02T17:12:51.176370+05:30,2026-10-02T17:15:34.537397+05:30,2026-10-02T17:15:34.537397+05:30,2026-10-02T17:15:34.537397+05:30,DATA_FAILURE,BLOCKED,False,NONE,True,True,DATA_GATE,FAIL_ROCE
c6c800bcad0f4cbe9ed5c8195049c221,QUALITY_COMPOUNDER,Quality Compounder,FROZEN_V2_PROD_1.0,TATASTEEL,NSE_EQ|TATASTEEL,NSE,EQUITY,CERTIFIED_CLEAN_886,787,2026-10-02T17:12:51.176370+05:30,2026-10-02T17:15:34.568011+05:30,2026-10-02T17:15:34.568011+05:30,2026-10-02T17:15:34.568011+05:30,DATA_FAILURE,BLOCKED,False,NONE,True,True,DATA_GATE,FAIL_UNIVERSE_MARKET_CAP
c6c800bcad0f4cbe9ed5c8195049c221,QUALITY_COMPOUNDER,Quality Compounder,FROZEN_V2_PROD_1.0,TATATECH,NSE_EQ|TATATECH,NSE,EQUITY,CERTIFIED_CLEAN_886,788,2026-10-02T17:12:51.176370+05:30,2026-10-02T17:15:34.590545+05:30,2026-10-02T17:15:34.590545+05:30,2026-10-02T17:15:34.590545+05:30,DATA_FAILURE,BLOCKED,False,NONE,True,True,DATA_GATE,FAIL_CFO_PAT
c6c800bcad0f4cbe9ed5c8195049c221,QUALITY_COMPOUNDER,Quality Compounder,FROZEN_V2_PROD_1.0,TBOTEK,NSE_EQ|TBOTEK,NSE,EQUITY,CERTIFIED_CLEAN_886,789,2026-10-02T17:12:51.176370+05:30,2026-10-02T17:15:34.634698+05:30,2026-10-02T17:15:34.634698+05:30,2026-10-02T17:15:34.634698+05:30,DATA_FAILURE,BLOCKED,False,NONE,True,True,DATA_GATE,DATA_INSUFFICIENT_QUALITY
c6c800bcad0f4cbe9ed5c8195049c221,QUALITY_COMPOUNDER,Quality Compounder,FROZEN_V2_PROD_1.0,TBZ,NSE_EQ|TBZ,NSE,EQUITY,CERTIFIED_CLEAN_886,790,2026-10-02T17:12:51.176370+05:30,2026-10-02T17:15:34.664984+05:30,2026-10-02T17:15:34.664984+05:30,2026-10-02T17:15:34.664984+05:30,DATA_FAILURE,BLOCKED,False,NONE,True,True,DATA_GATE,FAIL_ROCE
c6c800bcad0f4cbe9ed5c8195049c221,QUALITY_COMPOUNDER,Quality Compounder,FROZEN_V2_PROD_1.0,TCI,NSE_EQ|TCI,NSE,EQUITY,CERTIFIED_CLEAN_886,791,2026-10-02T17:12:51.176370+05:30,2026-10-02T17:15:34.902200+05:30,2026-10-02T17:15:34.902200+05:30,2026-10-02T17:15:34.902200+05:30,DATA_FAILURE,BLOCKED,False,NONE,True,True,DATA_GATE,DATA_INSUFFICIENT_VALUATION
c6c800bcad0f4cbe9ed5c8195049c221,QUALITY_COMPOUNDER,Quality Compounder,FROZEN_V2_PROD_1.0,TCIEXP,NSE_EQ|TCIEXP,NSE,EQUITY,CERTIFIED_CLEAN_886,792,2026-10-02T17:12:51.176370+05:30,2026-10-02T17:15:35.061472+05:30,2026-10-02T17:15:35.061472+05:30,2026-10-02T17:15:35.061472+05:30,DATA_FAILURE,BLOCKED,False,NONE,True,True,DATA_GATE,DATA_INSUFFICIENT_QUALITY
c6c800bcad0f4cbe9ed5c8195049c221,QUALITY_COMPOUNDER,Quality Compounder,FROZEN_V2_PROD_1.0,TCPLPACK,NSE_EQ|TCPLPACK,NSE,EQUITY,CERTIFIED_CLEAN_886,793,2026-10-02T17:12:51.176370+05:30,2026-10-02T17:15:35.077252+05:30,2026-10-02T17:15:35.077252+05:30,2026-10-02T17:15:35.077252+05:30,DATA_FAILURE,BLOCKED,False,NONE,True,True,DATA_GATE,FAIL_DEBT
c6c800bcad0f4cbe9ed5c8195049c221,QUALITY_COMPOUNDER,Quality Compounder,FROZEN_V2_PROD_1.0,TCS,NSE_EQ|TCS,NSE,EQUITY,CERTIFIED_CLEAN_886,794,2026-10-02T17:12:51.176370+05:30,2026-10-02T17:15:35.319721+05:30,2026-10-02T17:15:35.319721+05:30,2026-10-02T17:15:35.319721+05:30,DATA_FAILURE,BLOCKED,False,NONE,True,True,DATA_GATE,DATA_INSUFFICIENT_VALUATION
c6c800bcad0f4cbe9ed5c8195049c221,QUALITY_COMPOUNDER,Quality Compounder,FROZEN_V2_PROD_1.0,TDPOWERSYS,NSE_EQ|TDPOWERSYS,NSE,EQUITY,CERTIFIED_CLEAN_886,795,2026-10-02T17:12:51.176370+05:30,2026-10-02T17:15:35.338014+05:30,2026-10-02T17:15:35.338014+05:30,2026-10-02T17:15:35.338014+05:30,DATA_FAILURE,BLOCKED,False,NONE,True,True,DATA_GATE,FAIL_CFO_PAT
c6c800bcad0f4cbe9ed5c8195049c221,QUALITY_COMPOUNDER,Quality Compounder,FROZEN_V2_PROD_1.0,TEAMLEASE,NSE_EQ|TEAMLEASE,NSE,EQUITY,CERTIFIED_CLEAN_886,796,2026-10-02T17:12:51.176370+05:30,2026-10-02T17:15:35.357034+05:30,2026-10-02T17:15:35.357034+05:30,2026-10-02T17:15:35.357034+05:30,DATA_FAILURE,BLOCKED,False,NONE,True,True,DATA_GATE,FAIL_ROCE
c6c800bcad0f4cbe9ed5c8195049c221,QUALITY_COMPOUNDER,Quality Compounder,FROZEN_V2_PROD_1.0,TECHM,NSE_EQ|TECHM,NSE,EQUITY,CERTIFIED_CLEAN_886,797,2026-10-02T17:12:51.176370+05:30,2026-10-02T17:15:35.372907+05:30,2026-10-02T17:15:35.372907+05:30,2026-10-02T17:15:35.372907+05:30,DATA_FAILURE,BLOCKED,False,NONE,True,True,DATA_GATE,FAIL_SALES_CAGR
c6c800bcad0f4cbe9ed5c8195049c221,QUALITY_COMPOUNDER,Quality Compounder,FROZEN_V2_PROD_1.0,TECHNOE,NSE_EQ|TECHNOE,NSE,EQUITY,CERTIFIED_CLEAN_886,798,2026-10-02T17:12:51.176370+05:30,2026-10-02T17:15:35.393589+05:30,2026-10-02T17:15:35.393589+05:30,2026-10-02T17:15:35.393589+05:30,DATA_FAILURE,BLOCKED,False,NONE,True,True,DATA_GATE,FAIL_CFO_PAT
c6c800bcad0f4cbe9ed5c8195049c221,QUALITY_COMPOUNDER,Quality Compounder,FROZEN_V2_PROD_1.0,TENNIND,NSE_EQ|TENNIND,NSE,EQUITY,CERTIFIED_CLEAN_886,799,2026-10-02T17:12:51.176370+05:30,2026-10-02T17:15:35.418686+05:30,2026-10-02T17:15:35.418686+05:30,2026-10-02T17:15:35.418686+05:30,STRUCTURAL_INELIGIBLE,BLOCKED,False,NONE,True,True,DATA_GATE,DATA_INSUFFICIENT_QUALITY
c6c800bcad0f4cbe9ed5c8195049c221,QUALITY_COMPOUNDER,Quality Compounder,FROZEN_V2_PROD_1.0,THANGAMAYL,NSE_EQ|THANGAMAYL,NSE,EQUITY,CERTIFIED_CLEAN_886,800,2026-10-02T17:12:51.176370+05:30,2026-10-02T17:15:35.421781+05:30,2026-10-02T17:15:35.421781+05:30,2026-10-02T17:15:35.421781+05:30,DATA_FAILURE,BLOCKED,False,NONE,True,True,DATA_GATE,DATA_FAILURE_NO_PIT (PIT_INGESTION_GAP)
c6c800bcad0f4cbe9ed5c8195049c221,QUALITY_COMPOUNDER,Quality Compounder,FROZEN_V2_PROD_1.0,THEJO,NSE_EQ|THEJO,NSE,EQUITY,CERTIFIED_CLEAN_886,801,2026-10-02T17:12:51.176370+05:30,2026-10-02T17:15:35.630682+05:30,2026-10-02T17:15:35.630682+05:30,2026-10-02T17:15:35.630682+05:30,DATA_FAILURE,BLOCKED,False,NONE,True,True,DATA_GATE,FAIL_LIQUIDITY
c6c800bcad0f4cbe9ed5c8195049c221,QUALITY_COMPOUNDER,Quality Compounder,FROZEN_V2_PROD_1.0,THELEELA,NSE_EQ|THELEELA,NSE,EQUITY,CERTIFIED_CLEAN_886,802,2026-10-02T17:12:51.176370+05:30,2026-10-02T17:15:35.652680+05:30,2026-10-02T17:15:35.652680+05:30,2026-10-02T17:15:35.652680+05:30,STRUCTURAL_INELIGIBLE,BLOCKED,False,NONE,True,True,DATA_GATE,DATA_INSUFFICIENT_QUALITY
c6c800bcad0f4cbe9ed5c8195049c221,QUALITY_COMPOUNDER,Quality Compounder,FROZEN_V2_PROD_1.0,THERMAX,NSE_EQ|THERMAX,NSE,EQUITY,CERTIFIED_CLEAN_886,803,2026-10-02T17:12:51.176370+05:30,2026-10-02T17:15:35.788585+05:30,2026-10-02T17:15:35.788585+05:30,2026-10-02T17:15:35.788585+05:30,DATA_FAILURE,BLOCKED,False,NONE,True,True,DATA_GATE,FAIL_ROCE
c6c800bcad0f4cbe9ed5c8195049c221,QUALITY_COMPOUNDER,Quality Compounder,FROZEN_V2_PROD_1.0,THYROCARE,NSE_EQ|THYROCARE,NSE,EQUITY,CERTIFIED_CLEAN_886,804,2026-10-02T17:12:51.176370+05:30,2026-10-02T17:15:35.818862+05:30,2026-10-02T17:15:35.818862+05:30,2026-10-02T17:15:35.818862+05:30,DATA_FAILURE,BLOCKED,False,NONE,True,True,DATA_GATE,FAIL_PAT_CAGR
c6c800bcad0f4cbe9ed5c8195049c221,QUALITY_COMPOUNDER,Quality Compounder,FROZEN_V2_PROD_1.0,TIIL,NSE_EQ|TIIL,NSE,EQUITY,CERTIFIED_CLEAN_886,805,2026-10-02T17:12:51.176370+05:30,2026-10-02T17:15:35.833356+05:30,2026-10-02T17:15:35.833356+05:30,2026-10-02T17:15:35.833356+05:30,DATA_FAILURE,BLOCKED,False,NONE,True,True,DATA_GATE,FAIL_CFO_PAT
c6c800bcad0f4cbe9ed5c8195049c221,QUALITY_COMPOUNDER,Quality Compounder,FROZEN_V2_PROD_1.0,TIINDIA,NSE_EQ|TIINDIA,NSE,EQUITY,CERTIFIED_CLEAN_886,806,2026-10-02T17:12:51.176370+05:30,2026-10-02T17:15:36.136865+05:30,2026-10-02T17:15:36.136865+05:30,2026-10-02T17:15:36.136865+05:30,DATA_FAILURE,BLOCKED,False,NONE,True,True,DATA_GATE,DATA_INSUFFICIENT_VALUATION
c6c800bcad0f4cbe9ed5c8195049c221,QUALITY_COMPOUNDER,Quality Compounder,FROZEN_V2_PROD_1.0,TIMETECHNO,NSE_EQ|TIMETECHNO,NSE,EQUITY,CERTIFIED_CLEAN_886,807,2026-10-02T17:12:51.176370+05:30,2026-10-02T17:15:36.301406+05:30,2026-10-02T17:15:36.301406+05:30,2026-10-02T17:15:36.301406+05:30,DATA_FAILURE,BLOCKED,False,NONE,True,True,DATA_GATE,DATA_INSUFFICIENT_VALUATION
c6c800bcad0f4cbe9ed5c8195049c221,QUALITY_COMPOUNDER,Quality Compounder,FROZEN_V2_PROD_1.0,TIMEX,NSE_EQ|TIMEX,NSE,EQUITY,CERTIFIED_CLEAN_886,808,2026-10-02T17:12:51.176370+05:30,2026-10-02T17:15:36.324575+05:30,2026-10-02T17:15:36.324575+05:30,2026-10-02T17:15:36.324575+05:30,DATA_FAILURE,BLOCKED,False,NONE,True,True,DATA_GATE,DATA_FAILURE_NO_PIT (PIT_INGESTION_GAP)
c6c800bcad0f4cbe9ed5c8195049c221,QUALITY_COMPOUNDER,Quality Compounder,FROZEN_V2_PROD_1.0,TIMKEN,NSE_EQ|TIMKEN,NSE,EQUITY,CERTIFIED_CLEAN_886,809,2026-10-02T17:12:51.176370+05:30,2026-10-02T17:15:36.470121+05:30,2026-10-02T17:15:36.470121+05:30,2026-10-02T17:15:36.470121+05:30,DATA_FAILURE,BLOCKED,False,NONE,True,True,DATA_GATE,DATA_INSUFFICIENT_QUALITY
c6c800bcad0f4cbe9ed5c8195049c221,QUALITY_COMPOUNDER,Quality Compounder,FROZEN_V2_PROD_1.0,TINNARUBR,NSE_EQ|TINNARUBR,NSE,EQUITY,CERTIFIED_CLEAN_886,810,2026-10-02T17:12:51.176370+05:30,2026-10-02T17:15:36.577500+05:30,2026-10-02T17:15:36.577500+05:30,2026-10-02T17:15:36.577500+05:30,DATA_FAILURE,BLOCKED,False,NONE,True,True,DATA_GATE,DATA_INSUFFICIENT_QUALITY
c6c800bcad0f4cbe9ed5c8195049c221,QUALITY_COMPOUNDER,Quality Compounder,FROZEN_V2_PROD_1.0,TIPSMUSIC,NSE_EQ|TIPSMUSIC,NSE,EQUITY,CERTIFIED_CLEAN_886,811,2026-10-02T17:12:51.176370+05:30,2026-10-02T17:15:38.021656+05:30,2026-10-02T17:15:38.021656+05:30,2026-10-02T17:15:38.021656+05:30,FULLY_EVALUABLE,ALERT_BUY,True,BUY,False,False,NONE,PASS
c6c800bcad0f4cbe9ed5c8195049c221,QUALITY_COMPOUNDER,Quality Compounder,FROZEN_V2_PROD_1.0,TITAN,NSE_EQ|TITAN,NSE,EQUITY,CERTIFIED_CLEAN_886,812,2026-10-02T17:12:51.176370+05:30,2026-10-02T17:15:38.130700+05:30,2026-10-02T17:15:38.130700+05:30,2026-10-02T17:15:38.130700+05:30,DATA_FAILURE,BLOCKED,False,NONE,True,True,DATA_GATE,FAIL_CFO_PAT
c6c800bcad0f4cbe9ed5c8195049c221,QUALITY_COMPOUNDER,Quality Compounder,FROZEN_V2_PROD_1.0,TMB,NSE_EQ|TMB,NSE,EQUITY,CERTIFIED_CLEAN_886,813,2026-10-02T17:12:51.176370+05:30,2026-10-02T17:15:38.191608+05:30,2026-10-02T17:15:38.191608+05:30,2026-10-02T17:15:38.191608+05:30,DATA_FAILURE,BLOCKED,False,NONE,True,True,DATA_GATE,DATA_FAILURE_NO_PIT (PIT_INGESTION_GAP)
c6c800bcad0f4cbe9ed5c8195049c221,QUALITY_COMPOUNDER,Quality Compounder,FROZEN_V2_PROD_1.0,TNPL,NSE_EQ|TNPL,NSE,EQUITY,CERTIFIED_CLEAN_886,814,2026-10-02T17:12:51.176370+05:30,2026-10-02T17:15:38.200913+05:30,2026-10-02T17:15:38.200913+05:30,2026-10-02T17:15:38.200913+05:30,DATA_FAILURE,BLOCKED,False,NONE,True,True,DATA_GATE,DATA_FAILURE_NO_PIT (PIT_INGESTION_GAP)
c6c800bcad0f4cbe9ed5c8195049c221,QUALITY_COMPOUNDER,Quality Compounder,FROZEN_V2_PROD_1.0,TORNTPHARM,NSE_EQ|TORNTPHARM,NSE,EQUITY,CERTIFIED_CLEAN_886,815,2026-10-02T17:12:51.176370+05:30,2026-10-02T17:15:38.227968+05:30,2026-10-02T17:15:38.227968+05:30,2026-10-02T17:15:38.227968+05:30,DATA_FAILURE,BLOCKED,False,NONE,True,True,DATA_GATE,FAIL_DEBT
c6c800bcad0f4cbe9ed5c8195049c221,QUALITY_COMPOUNDER,Quality Compounder,FROZEN_V2_PROD_1.0,TORNTPOWER,NSE_EQ|TORNTPOWER,NSE,EQUITY,CERTIFIED_CLEAN_886,816,2026-10-02T17:12:51.176370+05:30,2026-10-02T17:15:38.240861+05:30,2026-10-02T17:15:38.240861+05:30,2026-10-02T17:15:38.240861+05:30,DATA_FAILURE,BLOCKED,False,NONE,True,True,DATA_GATE,FAIL_DEBT
c6c800bcad0f4cbe9ed5c8195049c221,QUALITY_COMPOUNDER,Quality Compounder,FROZEN_V2_PROD_1.0,TRANSRAILL,NSE_EQ|TRANSRAILL,NSE,EQUITY,CERTIFIED_CLEAN_886,817,2026-10-02T17:12:51.176370+05:30,2026-10-02T17:15:38.504869+05:30,2026-10-02T17:15:38.504869+05:30,2026-10-02T17:15:38.504869+05:30,DATA_FAILURE,BLOCKED,False,NONE,True,True,DATA_GATE,DATA_INSUFFICIENT_VALUATION
c6c800bcad0f4cbe9ed5c8195049c221,QUALITY_COMPOUNDER,Quality Compounder,FROZEN_V2_PROD_1.0,TRAVELFOOD,NSE_EQ|TRAVELFOOD,NSE,EQUITY,CERTIFIED_CLEAN_886,818,2026-10-02T17:12:51.176370+05:30,2026-10-02T17:15:38.551167+05:30,2026-10-02T17:15:38.551167+05:30,2026-10-02T17:15:38.551167+05:30,DATA_FAILURE,BLOCKED,False,NONE,True,True,DATA_GATE,DATA_INSUFFICIENT_QUALITY
c6c800bcad0f4cbe9ed5c8195049c221,QUALITY_COMPOUNDER,Quality Compounder,FROZEN_V2_PROD_1.0,TRENT,NSE_EQ|TRENT,NSE,EQUITY,CERTIFIED_CLEAN_886,819,2026-10-02T17:12:51.176370+05:30,2026-10-02T17:15:38.777318+05:30,2026-10-02T17:15:38.777318+05:30,2026-10-02T17:15:38.777318+05:30,DATA_FAILURE,BLOCKED,False,NONE,True,True,DATA_GATE,DATA_INSUFFICIENT_QUALITY
c6c800bcad0f4cbe9ed5c8195049c221,QUALITY_COMPOUNDER,Quality Compounder,FROZEN_V2_PROD_1.0,TRITURBINE,NSE_EQ|TRITURBINE,NSE,EQUITY,CERTIFIED_CLEAN_886,820,2026-10-02T17:12:51.176370+05:30,2026-10-02T17:15:39.024957+05:30,2026-10-02T17:15:39.024957+05:30,2026-10-02T17:15:39.024957+05:30,DATA_FAILURE,BLOCKED,False,NONE,True,True,DATA_GATE,DATA_INSUFFICIENT_VALUATION
c6c800bcad0f4cbe9ed5c8195049c221,QUALITY_COMPOUNDER,Quality Compounder,FROZEN_V2_PROD_1.0,TRUALT,NSE_EQ|TRUALT,NSE,EQUITY,CERTIFIED_CLEAN_886,821,2026-10-02T17:12:51.176370+05:30,2026-10-02T17:15:39.051811+05:30,2026-10-02T17:15:39.051811+05:30,2026-10-02T17:15:39.051811+05:30,STRUCTURAL_INELIGIBLE,BLOCKED,False,NONE,True,True,DATA_GATE,DATA_INSUFFICIENT_QUALITY
c6c800bcad0f4cbe9ed5c8195049c221,QUALITY_COMPOUNDER,Quality Compounder,FROZEN_V2_PROD_1.0,TSFINV,NSE_EQ|TSFINV,NSE,EQUITY,CERTIFIED_CLEAN_886,822,2026-10-02T17:12:51.176370+05:30,2026-10-02T17:15:39.149654+05:30,2026-10-02T17:15:39.149654+05:30,2026-10-02T17:15:39.149654+05:30,FULLY_EVALUABLE,REJECTED,False,NONE,False,True,QUALITY_GATE,METRIC_NOT_APPLICABLE_FINANCIAL
c6c800bcad0f4cbe9ed5c8195049c221,QUALITY_COMPOUNDER,Quality Compounder,FROZEN_V2_PROD_1.0,TTKPRESTIG,NSE_EQ|TTKPRESTIG,NSE,EQUITY,CERTIFIED_CLEAN_886,823,2026-10-02T17:12:51.176370+05:30,2026-10-02T17:15:39.171599+05:30,2026-10-02T17:15:39.171599+05:30,2026-10-02T17:15:39.171599+05:30,DATA_FAILURE,BLOCKED,False,NONE,True,True,DATA_GATE,FAIL_SALES_CAGR
c6c800bcad0f4cbe9ed5c8195049c221,QUALITY_COMPOUNDER,Quality Compounder,FROZEN_V2_PROD_1.0,TVSMOTOR,NSE_EQ|TVSMOTOR,NSE,EQUITY,CERTIFIED_CLEAN_886,824,2026-10-02T17:12:51.176370+05:30,2026-10-02T17:15:39.188471+05:30,2026-10-02T17:15:39.188471+05:30,2026-10-02T17:15:39.188471+05:30,DATA_FAILURE,BLOCKED,False,NONE,True,True,DATA_GATE,FAIL_ROCE
c6c800bcad0f4cbe9ed5c8195049c221,QUALITY_COMPOUNDER,Quality Compounder,FROZEN_V2_PROD_1.0,UBL,NSE_EQ|UBL,NSE,EQUITY,CERTIFIED_CLEAN_886,825,2026-10-02T17:12:51.176370+05:30,2026-10-02T17:15:39.205026+05:30,2026-10-02T17:15:39.205026+05:30,2026-10-02T17:15:39.205026+05:30,DATA_FAILURE,BLOCKED,False,NONE,True,True,DATA_GATE,FAIL_ROCE
c6c800bcad0f4cbe9ed5c8195049c221,QUALITY_COMPOUNDER,Quality Compounder,FROZEN_V2_PROD_1.0,UDS,NSE_EQ|UDS,NSE,EQUITY,CERTIFIED_CLEAN_886,826,2026-10-02T17:12:51.176370+05:30,2026-10-02T17:15:39.218721+05:30,2026-10-02T17:15:39.218721+05:30,2026-10-02T17:15:39.218721+05:30,DATA_FAILURE,BLOCKED,False,NONE,True,True,DATA_GATE,FAIL_ROCE
c6c800bcad0f4cbe9ed5c8195049c221,QUALITY_COMPOUNDER,Quality Compounder,FROZEN_V2_PROD_1.0,ULTRACEMCO,NSE_EQ|ULTRACEMCO,NSE,EQUITY,CERTIFIED_CLEAN_886,827,2026-10-02T17:12:51.176370+05:30,2026-10-02T17:15:39.241180+05:30,2026-10-02T17:15:39.241180+05:30,2026-10-02T17:15:39.241180+05:30,DATA_FAILURE,BLOCKED,False,NONE,True,True,DATA_GATE,FAIL_ROCE
c6c800bcad0f4cbe9ed5c8195049c221,QUALITY_COMPOUNDER,Quality Compounder,FROZEN_V2_PROD_1.0,ULTRAMAR,NSE_EQ|ULTRAMAR,NSE,EQUITY,CERTIFIED_CLEAN_886,828,2026-10-02T17:12:51.176370+05:30,2026-10-02T17:15:39.256595+05:30,2026-10-02T17:15:39.256595+05:30,2026-10-02T17:15:39.256595+05:30,DATA_FAILURE,BLOCKED,False,NONE,True,True,DATA_GATE,FAIL_ROCE
c6c800bcad0f4cbe9ed5c8195049c221,QUALITY_COMPOUNDER,Quality Compounder,FROZEN_V2_PROD_1.0,UNICHEMLAB,NSE_EQ|UNICHEMLAB,NSE,EQUITY,CERTIFIED_CLEAN_886,829,2026-10-02T17:12:51.176370+05:30,2026-10-02T17:15:39.278623+05:30,2026-10-02T17:15:39.278623+05:30,2026-10-02T17:15:39.278623+05:30,DATA_FAILURE,BLOCKED,False,NONE,True,True,DATA_GATE,FAIL_ROCE
c6c800bcad0f4cbe9ed5c8195049c221,QUALITY_COMPOUNDER,Quality Compounder,FROZEN_V2_PROD_1.0,UNIMECH,NSE_EQ|UNIMECH,NSE,EQUITY,CERTIFIED_CLEAN_886,830,2026-10-02T17:12:51.176370+05:30,2026-10-02T17:15:39.299251+05:30,2026-10-02T17:15:39.299251+05:30,2026-10-02T17:15:39.299251+05:30,DATA_FAILURE,BLOCKED,False,NONE,True,True,DATA_GATE,DATA_INSUFFICIENT_QUALITY
c6c800bcad0f4cbe9ed5c8195049c221,QUALITY_COMPOUNDER,Quality Compounder,FROZEN_V2_PROD_1.0,UNIONBANK,NSE_EQ|UNIONBANK,NSE,EQUITY,CERTIFIED_CLEAN_886,831,2026-10-02T17:12:51.176370+05:30,2026-10-02T17:15:39.339906+05:30,2026-10-02T17:15:39.339906+05:30,2026-10-02T17:15:39.339906+05:30,FULLY_EVALUABLE,REJECTED,False,NONE,False,True,QUALITY_GATE,METRIC_NOT_APPLICABLE_FINANCIAL
c6c800bcad0f4cbe9ed5c8195049c221,QUALITY_COMPOUNDER,Quality Compounder,FROZEN_V2_PROD_1.0,UNIPARTS,NSE_EQ|UNIPARTS,NSE,EQUITY,CERTIFIED_CLEAN_886,832,2026-10-02T17:12:51.176370+05:30,2026-10-02T17:15:39.368200+05:30,2026-10-02T17:15:39.368200+05:30,2026-10-02T17:15:39.368200+05:30,DATA_FAILURE,BLOCKED,False,NONE,True,True,DATA_GATE,FAIL_SALES_CAGR
c6c800bcad0f4cbe9ed5c8195049c221,QUALITY_COMPOUNDER,Quality Compounder,FROZEN_V2_PROD_1.0,UNITDSPR,NSE_EQ|UNITDSPR,NSE,EQUITY,CERTIFIED_CLEAN_886,833,2026-10-02T17:12:51.176370+05:30,2026-10-02T17:15:39.486225+05:30,2026-10-02T17:15:39.486225+05:30,2026-10-02T17:15:39.486225+05:30,DATA_FAILURE,BLOCKED,False,NONE,True,True,DATA_GATE,FAIL_SALES_CAGR
c6c800bcad0f4cbe9ed5c8195049c221,QUALITY_COMPOUNDER,Quality Compounder,FROZEN_V2_PROD_1.0,UNIVCABLES,NSE_EQ|UNIVCABLES,NSE,EQUITY,CERTIFIED_CLEAN_886,834,2026-10-02T17:12:51.176370+05:30,2026-10-02T17:15:39.544381+05:30,2026-10-02T17:15:39.544381+05:30,2026-10-02T17:15:39.544381+05:30,DATA_FAILURE,BLOCKED,False,NONE,True,True,DATA_GATE,FAIL_ROCE
c6c800bcad0f4cbe9ed5c8195049c221,QUALITY_COMPOUNDER,Quality Compounder,FROZEN_V2_PROD_1.0,UNOMINDA,NSE_EQ|UNOMINDA,NSE,EQUITY,CERTIFIED_CLEAN_886,835,2026-10-02T17:12:51.176370+05:30,2026-10-02T17:15:40.035747+05:30,2026-10-02T17:15:40.035747+05:30,2026-10-02T17:15:40.035747+05:30,DATA_FAILURE,BLOCKED,False,NONE,True,True,DATA_GATE,DATA_INSUFFICIENT_VALUATION
c6c800bcad0f4cbe9ed5c8195049c221,QUALITY_COMPOUNDER,Quality Compounder,FROZEN_V2_PROD_1.0,USHAMART,NSE_EQ|USHAMART,NSE,EQUITY,CERTIFIED_CLEAN_886,836,2026-10-02T17:12:51.176370+05:30,2026-10-02T17:15:40.147660+05:30,2026-10-02T17:15:40.147660+05:30,2026-10-02T17:15:40.147660+05:30,DATA_FAILURE,BLOCKED,False,NONE,True,True,DATA_GATE,DATA_INSUFFICIENT_VALUATION
c6c800bcad0f4cbe9ed5c8195049c221,QUALITY_COMPOUNDER,Quality Compounder,FROZEN_V2_PROD_1.0,UTIAMC,NSE_EQ|UTIAMC,NSE,EQUITY,CERTIFIED_CLEAN_886,837,2026-10-02T17:12:51.176370+05:30,2026-10-02T17:15:40.169036+05:30,2026-10-02T17:15:40.169036+05:30,2026-10-02T17:15:40.169036+05:30,FULLY_EVALUABLE,REJECTED,False,NONE,False,True,QUALITY_GATE,METRIC_NOT_APPLICABLE_FINANCIAL
c6c800bcad0f4cbe9ed5c8195049c221,QUALITY_COMPOUNDER,Quality Compounder,FROZEN_V2_PROD_1.0,UTLSOLAR,NSE_EQ|UTLSOLAR,NSE,EQUITY,CERTIFIED_CLEAN_886,838,2026-10-02T17:12:51.176370+05:30,2026-10-02T17:15:40.183529+05:30,2026-10-02T17:15:40.183529+05:30,2026-10-02T17:15:40.183529+05:30,STRUCTURAL_INELIGIBLE,BLOCKED,False,NONE,True,True,DATA_GATE,DATA_INSUFFICIENT_QUALITY
c6c800bcad0f4cbe9ed5c8195049c221,QUALITY_COMPOUNDER,Quality Compounder,FROZEN_V2_PROD_1.0,V2RETAIL,NSE_EQ|V2RETAIL,NSE,EQUITY,CERTIFIED_CLEAN_886,839,2026-10-02T17:12:51.176370+05:30,2026-10-02T17:15:40.347556+05:30,2026-10-02T17:15:40.347556+05:30,2026-10-02T17:15:40.347556+05:30,DATA_FAILURE,BLOCKED,False,NONE,True,True,DATA_GATE,DATA_INSUFFICIENT_QUALITY
c6c800bcad0f4cbe9ed5c8195049c221,QUALITY_COMPOUNDER,Quality Compounder,FROZEN_V2_PROD_1.0,VADILALIND,NSE_EQ|VADILALIND,NSE,EQUITY,CERTIFIED_CLEAN_886,840,2026-10-02T17:12:51.176370+05:30,2026-10-02T17:15:40.551262+05:30,2026-10-02T17:15:40.551262+05:30,2026-10-02T17:15:40.551262+05:30,DATA_FAILURE,BLOCKED,False,NONE,True,True,DATA_GATE,DATA_INSUFFICIENT_VALUATION
c6c800bcad0f4cbe9ed5c8195049c221,QUALITY_COMPOUNDER,Quality Compounder,FROZEN_V2_PROD_1.0,VAIBHAVGBL,NSE_EQ|VAIBHAVGBL,NSE,EQUITY,CERTIFIED_CLEAN_886,841,2026-10-02T17:12:51.176370+05:30,2026-10-02T17:15:40.580495+05:30,2026-10-02T17:15:40.580495+05:30,2026-10-02T17:15:40.580495+05:30,DATA_FAILURE,BLOCKED,False,NONE,True,True,DATA_GATE,FAIL_SALES_CAGR
c6c800bcad0f4cbe9ed5c8195049c221,QUALITY_COMPOUNDER,Quality Compounder,FROZEN_V2_PROD_1.0,VARROC,NSE_EQ|VARROC,NSE,EQUITY,CERTIFIED_CLEAN_886,842,2026-10-02T17:12:51.176370+05:30,2026-10-02T17:15:40.611418+05:30,2026-10-02T17:15:40.611418+05:30,2026-10-02T17:15:40.611418+05:30,DATA_FAILURE,BLOCKED,False,NONE,True,True,DATA_GATE,DATA_INSUFFICIENT_QUALITY
c6c800bcad0f4cbe9ed5c8195049c221,QUALITY_COMPOUNDER,Quality Compounder,FROZEN_V2_PROD_1.0,VBL,NSE_EQ|VBL,NSE,EQUITY,CERTIFIED_CLEAN_886,843,2026-10-02T17:12:51.176370+05:30,2026-10-02T17:15:40.989122+05:30,2026-10-02T17:15:40.989122+05:30,2026-10-02T17:15:40.989122+05:30,DATA_FAILURE,BLOCKED,False,NONE,True,True,DATA_GATE,DATA_INSUFFICIENT_VALUATION
c6c800bcad0f4cbe9ed5c8195049c221,QUALITY_COMPOUNDER,Quality Compounder,FROZEN_V2_PROD_1.0,VEEDOL,NSE_EQ|VEEDOL,NSE,EQUITY,CERTIFIED_CLEAN_886,844,2026-10-02T17:12:51.176370+05:30,2026-10-02T17:15:41.003017+05:30,2026-10-02T17:15:41.003017+05:30,2026-10-02T17:15:41.003017+05:30,DATA_FAILURE,BLOCKED,False,NONE,True,True,DATA_GATE,FAIL_LIQUIDITY
c6c800bcad0f4cbe9ed5c8195049c221,QUALITY_COMPOUNDER,Quality Compounder,FROZEN_V2_PROD_1.0,VENKEYS,NSE_EQ|VENKEYS,NSE,EQUITY,CERTIFIED_CLEAN_886,845,2026-10-02T17:12:51.176370+05:30,2026-10-02T17:15:41.007062+05:30,2026-10-02T17:15:41.007062+05:30,2026-10-02T17:15:41.007062+05:30,DATA_FAILURE,BLOCKED,False,NONE,True,True,DATA_GATE,DATA_FAILURE_NO_PIT (PIT_INGESTION_GAP)
c6c800bcad0f4cbe9ed5c8195049c221,QUALITY_COMPOUNDER,Quality Compounder,FROZEN_V2_PROD_1.0,VENTIVE,NSE_EQ|VENTIVE,NSE,EQUITY,CERTIFIED_CLEAN_886,846,2026-10-02T17:12:51.176370+05:30,2026-10-02T17:15:41.039441+05:30,2026-10-02T17:15:41.039441+05:30,2026-10-02T17:15:41.039441+05:30,STRUCTURAL_INELIGIBLE,BLOCKED,False,NONE,True,True,DATA_GATE,FAIL_LIQUIDITY
c6c800bcad0f4cbe9ed5c8195049c221,QUALITY_COMPOUNDER,Quality Compounder,FROZEN_V2_PROD_1.0,VENUSPIPES,NSE_EQ|VENUSPIPES,NSE,EQUITY,CERTIFIED_CLEAN_886,847,2026-10-02T17:12:51.176370+05:30,2026-10-02T17:15:41.043239+05:30,2026-10-02T17:15:41.043239+05:30,2026-10-02T17:15:41.043239+05:30,DATA_FAILURE,BLOCKED,False,NONE,True,True,DATA_GATE,DATA_FAILURE_NO_PIT (PIT_INGESTION_GAP)
c6c800bcad0f4cbe9ed5c8195049c221,QUALITY_COMPOUNDER,Quality Compounder,FROZEN_V2_PROD_1.0,VENUSREM,NSE_EQ|VENUSREM,NSE,EQUITY,CERTIFIED_CLEAN_886,848,2026-10-02T17:12:51.176370+05:30,2026-10-02T17:15:41.062544+05:30,2026-10-02T17:15:41.062544+05:30,2026-10-02T17:15:41.062544+05:30,DATA_FAILURE,BLOCKED,False,NONE,True,True,DATA_GATE,FAIL_ROCE
c6c800bcad0f4cbe9ed5c8195049c221,QUALITY_COMPOUNDER,Quality Compounder,FROZEN_V2_PROD_1.0,VERANDA,NSE_EQ|VERANDA,NSE,EQUITY,CERTIFIED_CLEAN_886,849,2026-10-02T17:12:51.176370+05:30,2026-10-02T17:15:41.084520+05:30,2026-10-02T17:15:41.084520+05:30,2026-10-02T17:15:41.084520+05:30,DATA_FAILURE,BLOCKED,False,NONE,True,True,DATA_GATE,DATA_INSUFFICIENT_QUALITY
c6c800bcad0f4cbe9ed5c8195049c221,QUALITY_COMPOUNDER,Quality Compounder,FROZEN_V2_PROD_1.0,VERTIS,NSE_EQ|VERTIS,NSE,EQUITY,CERTIFIED_CLEAN_886,850,2026-10-02T17:12:51.176370+05:30,2026-10-02T17:15:41.164340+05:30,2026-10-02T17:15:41.164340+05:30,2026-10-02T17:15:41.164340+05:30,STRUCTURAL_INELIGIBLE,BLOCKED,False,NONE,True,True,DATA_GATE,DATA_INSUFFICIENT_QUALITY
c6c800bcad0f4cbe9ed5c8195049c221,QUALITY_COMPOUNDER,Quality Compounder,FROZEN_V2_PROD_1.0,VESUVIUS,NSE_EQ|VESUVIUS,NSE,EQUITY,CERTIFIED_CLEAN_886,851,2026-10-02T17:12:51.176370+05:30,2026-10-02T17:15:41.168793+05:30,2026-10-02T17:15:41.168793+05:30,2026-10-02T17:15:41.168793+05:30,DATA_FAILURE,BLOCKED,False,NONE,True,True,DATA_GATE,DATA_FAILURE_NO_PIT (PIT_INGESTION_GAP)
c6c800bcad0f4cbe9ed5c8195049c221,QUALITY_COMPOUNDER,Quality Compounder,FROZEN_V2_PROD_1.0,VGUARD,NSE_EQ|VGUARD,NSE,EQUITY,CERTIFIED_CLEAN_886,852,2026-10-02T17:12:51.176370+05:30,2026-10-02T17:15:41.186176+05:30,2026-10-02T17:15:41.186176+05:30,2026-10-02T17:15:41.186176+05:30,DATA_FAILURE,BLOCKED,False,NONE,True,True,DATA_GATE,FAIL_PAT_CAGR
c6c800bcad0f4cbe9ed5c8195049c221,QUALITY_COMPOUNDER,Quality Compounder,FROZEN_V2_PROD_1.0,VIDHIING,NSE_EQ|VIDHIING,NSE,EQUITY,CERTIFIED_CLEAN_886,853,2026-10-02T17:12:51.176370+05:30,2026-10-02T17:15:41.247521+05:30,2026-10-02T17:15:41.247521+05:30,2026-10-02T17:15:41.247521+05:30,DATA_FAILURE,BLOCKED,False,NONE,True,True,DATA_GATE,FAIL_LIQUIDITY
c6c800bcad0f4cbe9ed5c8195049c221,QUALITY_COMPOUNDER,Quality Compounder,FROZEN_V2_PROD_1.0,VIJAYA,NSE_EQ|VIJAYA,NSE,EQUITY,CERTIFIED_CLEAN_886,854,2026-10-02T17:12:51.176370+05:30,2026-10-02T17:15:41.454857+05:30,2026-10-02T17:15:41.454857+05:30,2026-10-02T17:15:41.454857+05:30,DATA_FAILURE,BLOCKED,False,NONE,True,True,DATA_GATE,DATA_INSUFFICIENT_VALUATION
c6c800bcad0f4cbe9ed5c8195049c221,QUALITY_COMPOUNDER,Quality Compounder,FROZEN_V2_PROD_1.0,VIKRAMSOLR,NSE_EQ|VIKRAMSOLR,NSE,EQUITY,CERTIFIED_CLEAN_886,855,2026-10-02T17:12:51.176370+05:30,2026-10-02T17:15:41.576590+05:30,2026-10-02T17:15:41.576590+05:30,2026-10-02T17:15:41.576590+05:30,DATA_FAILURE,BLOCKED,False,NONE,True,True,DATA_GATE,DATA_INSUFFICIENT_VALUATION
c6c800bcad0f4cbe9ed5c8195049c221,QUALITY_COMPOUNDER,Quality Compounder,FROZEN_V2_PROD_1.0,VIMTALABS,NSE_EQ|VIMTALABS,NSE,EQUITY,CERTIFIED_CLEAN_886,856,2026-10-02T17:12:51.176370+05:30,2026-10-02T17:15:41.593970+05:30,2026-10-02T17:15:41.593970+05:30,2026-10-02T17:15:41.593970+05:30,DATA_FAILURE,BLOCKED,False,NONE,True,True,DATA_GATE,DATA_INSUFFICIENT_QUALITY
c6c800bcad0f4cbe9ed5c8195049c221,QUALITY_COMPOUNDER,Quality Compounder,FROZEN_V2_PROD_1.0,VINATIORGA,NSE_EQ|VINATIORGA,NSE,EQUITY,CERTIFIED_CLEAN_886,857,2026-10-02T17:12:51.176370+05:30,2026-10-02T17:15:41.710233+05:30,2026-10-02T17:15:41.710233+05:30,2026-10-02T17:15:41.710233+05:30,DATA_FAILURE,BLOCKED,False,NONE,True,True,DATA_GATE,DATA_INSUFFICIENT_VALUATION
c6c800bcad0f4cbe9ed5c8195049c221,QUALITY_COMPOUNDER,Quality Compounder,FROZEN_V2_PROD_1.0,VINCOFE,NSE_EQ|VINCOFE,NSE,EQUITY,CERTIFIED_CLEAN_886,858,2026-10-02T17:12:51.176370+05:30,2026-10-02T17:15:41.732784+05:30,2026-10-02T17:15:41.732784+05:30,2026-10-02T17:15:41.732784+05:30,DATA_FAILURE,BLOCKED,False,NONE,True,True,DATA_GATE,DATA_INSUFFICIENT_QUALITY
c6c800bcad0f4cbe9ed5c8195049c221,QUALITY_COMPOUNDER,Quality Compounder,FROZEN_V2_PROD_1.0,VINYAS,NSE_EQ|VINYAS,NSE,EQUITY,CERTIFIED_CLEAN_886,859,2026-10-02T17:12:51.176370+05:30,2026-10-02T17:15:41.752674+05:30,2026-10-02T17:15:41.752674+05:30,2026-10-02T17:15:41.752674+05:30,STRUCTURAL_INELIGIBLE,BLOCKED,False,NONE,True,True,DATA_GATE,FAIL_LIQUIDITY
c6c800bcad0f4cbe9ed5c8195049c221,QUALITY_COMPOUNDER,Quality Compounder,FROZEN_V2_PROD_1.0,VISHNU,NSE_EQ|VISHNU,NSE,EQUITY,CERTIFIED_CLEAN_886,860,2026-10-02T17:12:51.176370+05:30,2026-10-02T17:15:42.083772+05:30,2026-10-02T17:15:42.083772+05:30,2026-10-02T17:15:42.083772+05:30,DATA_FAILURE,BLOCKED,False,NONE,True,True,DATA_GATE,DATA_INSUFFICIENT_VALUATION
c6c800bcad0f4cbe9ed5c8195049c221,QUALITY_COMPOUNDER,Quality Compounder,FROZEN_V2_PROD_1.0,VIYASH,NSE_EQ|VIYASH,NSE,EQUITY,CERTIFIED_CLEAN_886,861,2026-10-02T17:12:51.176370+05:30,2026-10-02T17:15:42.104209+05:30,2026-10-02T17:15:42.104209+05:30,2026-10-02T17:15:42.104209+05:30,DATA_FAILURE,BLOCKED,False,NONE,True,True,DATA_GATE,FAIL_ROCE
c6c800bcad0f4cbe9ed5c8195049c221,QUALITY_COMPOUNDER,Quality Compounder,FROZEN_V2_PROD_1.0,VMARCIND,NSE_EQ|VMARCIND,NSE,EQUITY,CERTIFIED_CLEAN_886,862,2026-10-02T17:12:51.176370+05:30,2026-10-02T17:15:42.617956+05:30,2026-10-02T17:15:42.617956+05:30,2026-10-02T17:15:42.617956+05:30,DATA_FAILURE,BLOCKED,False,NONE,True,True,DATA_GATE,DATA_INSUFFICIENT_QUALITY
c6c800bcad0f4cbe9ed5c8195049c221,QUALITY_COMPOUNDER,Quality Compounder,FROZEN_V2_PROD_1.0,VMART,NSE_EQ|VMART,NSE,EQUITY,CERTIFIED_CLEAN_886,863,2026-10-02T17:12:51.176370+05:30,2026-10-02T17:15:42.625208+05:30,2026-10-02T17:15:42.625208+05:30,2026-10-02T17:15:42.625208+05:30,DATA_FAILURE,BLOCKED,False,NONE,True,True,DATA_GATE,DATA_FAILURE_NO_PIT (PIT_INGESTION_GAP)
c6c800bcad0f4cbe9ed5c8195049c221,QUALITY_COMPOUNDER,Quality Compounder,FROZEN_V2_PROD_1.0,VMM,NSE_EQ|VMM,NSE,EQUITY,CERTIFIED_CLEAN_886,864,2026-10-02T17:12:51.176370+05:30,2026-10-02T17:15:42.639608+05:30,2026-10-02T17:15:42.639608+05:30,2026-10-02T17:15:42.639608+05:30,DATA_FAILURE,BLOCKED,False,NONE,True,True,DATA_GATE,FAIL_ROCE
c6c800bcad0f4cbe9ed5c8195049c221,QUALITY_COMPOUNDER,Quality Compounder,FROZEN_V2_PROD_1.0,VOLTAMP,NSE_EQ|VOLTAMP,NSE,EQUITY,CERTIFIED_CLEAN_886,865,2026-10-02T17:12:51.176370+05:30,2026-10-02T17:15:42.643457+05:30,2026-10-02T17:15:42.643457+05:30,2026-10-02T17:15:42.643457+05:30,DATA_FAILURE,BLOCKED,False,NONE,True,True,DATA_GATE,DATA_FAILURE_NO_PIT (PIT_INGESTION_GAP)
c6c800bcad0f4cbe9ed5c8195049c221,QUALITY_COMPOUNDER,Quality Compounder,FROZEN_V2_PROD_1.0,VSSL,NSE_EQ|VSSL,NSE,EQUITY,CERTIFIED_CLEAN_886,866,2026-10-02T17:12:51.176370+05:30,2026-10-02T17:15:42.674229+05:30,2026-10-02T17:15:42.674229+05:30,2026-10-02T17:15:42.674229+05:30,DATA_FAILURE,BLOCKED,False,NONE,True,True,DATA_GATE,DATA_INSUFFICIENT_QUALITY
c6c800bcad0f4cbe9ed5c8195049c221,QUALITY_COMPOUNDER,Quality Compounder,FROZEN_V2_PROD_1.0,VSTIND,NSE_EQ|VSTIND,NSE,EQUITY,CERTIFIED_CLEAN_886,867,2026-10-02T17:12:51.176370+05:30,2026-10-02T17:15:42.691523+05:30,2026-10-02T17:15:42.691523+05:30,2026-10-02T17:15:42.691523+05:30,DATA_FAILURE,BLOCKED,False,NONE,True,True,DATA_GATE,DATA_INSUFFICIENT_QUALITY
c6c800bcad0f4cbe9ed5c8195049c221,QUALITY_COMPOUNDER,Quality Compounder,FROZEN_V2_PROD_1.0,VSTTILLERS,NSE_EQ|VSTTILLERS,NSE,EQUITY,CERTIFIED_CLEAN_886,868,2026-10-02T17:12:51.176370+05:30,2026-10-02T17:15:42.714340+05:30,2026-10-02T17:15:42.714340+05:30,2026-10-02T17:15:42.714340+05:30,DATA_FAILURE,BLOCKED,False,NONE,True,True,DATA_GATE,DATA_INSUFFICIENT_QUALITY
c6c800bcad0f4cbe9ed5c8195049c221,QUALITY_COMPOUNDER,Quality Compounder,FROZEN_V2_PROD_1.0,WAAREEENER,NSE_EQ|WAAREEENER,NSE,EQUITY,CERTIFIED_CLEAN_886,869,2026-10-02T17:12:51.176370+05:30,2026-10-02T17:15:42.821633+05:30,2026-10-02T17:15:42.821633+05:30,2026-10-02T17:15:42.821633+05:30,DATA_FAILURE,BLOCKED,False,NONE,True,True,DATA_GATE,DATA_INSUFFICIENT_VALUATION
c6c800bcad0f4cbe9ed5c8195049c221,QUALITY_COMPOUNDER,Quality Compounder,FROZEN_V2_PROD_1.0,WAAREEINDO,NSE_EQ|WAAREEINDO,NSE,EQUITY,CERTIFIED_CLEAN_886,870,2026-10-02T17:12:51.176370+05:30,2026-10-02T17:15:42.825712+05:30,2026-10-02T17:15:42.825712+05:30,2026-10-02T17:15:42.825712+05:30,DATA_FAILURE,BLOCKED,False,NONE,True,True,DATA_GATE,DATA_FAILURE_NO_PIT (PIT_INGESTION_GAP)
c6c800bcad0f4cbe9ed5c8195049c221,QUALITY_COMPOUNDER,Quality Compounder,FROZEN_V2_PROD_1.0,WAAREERTL,NSE_EQ|WAAREERTL,NSE,EQUITY,CERTIFIED_CLEAN_886,871,2026-10-02T17:12:51.176370+05:30,2026-10-02T17:15:42.848243+05:30,2026-10-02T17:15:42.848243+05:30,2026-10-02T17:15:42.848243+05:30,DATA_FAILURE,BLOCKED,False,NONE,True,True,DATA_GATE,DATA_INSUFFICIENT_QUALITY
c6c800bcad0f4cbe9ed5c8195049c221,QUALITY_COMPOUNDER,Quality Compounder,FROZEN_V2_PROD_1.0,WABAG,NSE_EQ|WABAG,NSE,EQUITY,CERTIFIED_CLEAN_886,872,2026-10-02T17:12:51.176370+05:30,2026-10-02T17:15:42.874763+05:30,2026-10-02T17:15:42.874763+05:30,2026-10-02T17:15:42.874763+05:30,DATA_FAILURE,BLOCKED,False,NONE,True,True,DATA_GATE,FAIL_SALES_CAGR
c6c800bcad0f4cbe9ed5c8195049c221,QUALITY_COMPOUNDER,Quality Compounder,FROZEN_V2_PROD_1.0,WEBELSOLAR,NSE_EQ|WEBELSOLAR,NSE,EQUITY,CERTIFIED_CLEAN_886,873,2026-10-02T17:12:51.176370+05:30,2026-10-02T17:15:42.911582+05:30,2026-10-02T17:15:42.911582+05:30,2026-10-02T17:15:42.911582+05:30,DATA_FAILURE,BLOCKED,False,NONE,True,True,DATA_GATE,DATA_INSUFFICIENT_QUALITY
c6c800bcad0f4cbe9ed5c8195049c221,QUALITY_COMPOUNDER,Quality Compounder,FROZEN_V2_PROD_1.0,WELCORP,NSE_EQ|WELCORP,NSE,EQUITY,CERTIFIED_CLEAN_886,874,2026-10-02T17:12:51.176370+05:30,2026-10-02T17:15:43.239877+05:30,2026-10-02T17:15:43.239877+05:30,2026-10-02T17:15:43.239877+05:30,DATA_FAILURE,BLOCKED,False,NONE,True,True,DATA_GATE,DATA_INSUFFICIENT_VALUATION
c6c800bcad0f4cbe9ed5c8195049c221,QUALITY_COMPOUNDER,Quality Compounder,FROZEN_V2_PROD_1.0,WELENT,NSE_EQ|WELENT,NSE,EQUITY,CERTIFIED_CLEAN_886,875,2026-10-02T17:12:51.176370+05:30,2026-10-02T17:15:43.254624+05:30,2026-10-02T17:15:43.254624+05:30,2026-10-02T17:15:43.254624+05:30,DATA_FAILURE,BLOCKED,False,NONE,True,True,DATA_GATE,FAIL_ROCE
c6c800bcad0f4cbe9ed5c8195049c221,QUALITY_COMPOUNDER,Quality Compounder,FROZEN_V2_PROD_1.0,WHEELS,NSE_EQ|WHEELS,NSE,EQUITY,CERTIFIED_CLEAN_886,876,2026-10-02T17:12:51.176370+05:30,2026-10-02T17:15:43.271959+05:30,2026-10-02T17:15:43.271959+05:30,2026-10-02T17:15:43.271959+05:30,DATA_FAILURE,BLOCKED,False,NONE,True,True,DATA_GATE,DATA_INSUFFICIENT_QUALITY
c6c800bcad0f4cbe9ed5c8195049c221,QUALITY_COMPOUNDER,Quality Compounder,FROZEN_V2_PROD_1.0,WINDLAS,NSE_EQ|WINDLAS,NSE,EQUITY,CERTIFIED_CLEAN_886,877,2026-10-02T17:12:51.176370+05:30,2026-10-02T17:15:43.288845+05:30,2026-10-02T17:15:43.288845+05:30,2026-10-02T17:15:43.288845+05:30,DATA_FAILURE,BLOCKED,False,NONE,True,True,DATA_GATE,DATA_INSUFFICIENT_QUALITY
c6c800bcad0f4cbe9ed5c8195049c221,QUALITY_COMPOUNDER,Quality Compounder,FROZEN_V2_PROD_1.0,WIPRO,NSE_EQ|WIPRO,NSE,EQUITY,CERTIFIED_CLEAN_886,878,2026-10-02T17:12:51.176370+05:30,2026-10-02T17:15:43.320911+05:30,2026-10-02T17:15:43.320911+05:30,2026-10-02T17:15:43.320911+05:30,DATA_FAILURE,BLOCKED,False,NONE,True,True,DATA_GATE,FAIL_UNIVERSE_MARKET_CAP
c6c800bcad0f4cbe9ed5c8195049c221,QUALITY_COMPOUNDER,Quality Compounder,FROZEN_V2_PROD_1.0,WPIL,NSE_EQ|WPIL,NSE,EQUITY,CERTIFIED_CLEAN_886,879,2026-10-02T17:12:51.176370+05:30,2026-10-02T17:15:43.333234+05:30,2026-10-02T17:15:43.333234+05:30,2026-10-02T17:15:43.333234+05:30,DATA_FAILURE,BLOCKED,False,NONE,True,True,DATA_GATE,FAIL_CFO_PAT
c6c800bcad0f4cbe9ed5c8195049c221,QUALITY_COMPOUNDER,Quality Compounder,FROZEN_V2_PROD_1.0,YATHARTH,NSE_EQ|YATHARTH,NSE,EQUITY,CERTIFIED_CLEAN_886,880,2026-10-02T17:12:51.176370+05:30,2026-10-02T17:15:43.695938+05:30,2026-10-02T17:15:43.695938+05:30,2026-10-02T17:15:43.695938+05:30,DATA_FAILURE,BLOCKED,False,NONE,True,True,DATA_GATE,DATA_INSUFFICIENT_VALUATION
c6c800bcad0f4cbe9ed5c8195049c221,QUALITY_COMPOUNDER,Quality Compounder,FROZEN_V2_PROD_1.0,ZAGGLE,NSE_EQ|ZAGGLE,NSE,EQUITY,CERTIFIED_CLEAN_886,881,2026-10-02T17:12:51.176370+05:30,2026-10-02T17:15:44.186844+05:30,2026-10-02T17:15:44.186844+05:30,2026-10-02T17:15:44.186844+05:30,STRUCTURAL_INELIGIBLE,BLOCKED,False,NONE,True,True,DATA_GATE,DATA_INSUFFICIENT_QUALITY
c6c800bcad0f4cbe9ed5c8195049c221,QUALITY_COMPOUNDER,Quality Compounder,FROZEN_V2_PROD_1.0,ZENSARTECH,NSE_EQ|ZENSARTECH,NSE,EQUITY,CERTIFIED_CLEAN_886,882,2026-10-02T17:12:51.176370+05:30,2026-10-02T17:15:44.211309+05:30,2026-10-02T17:15:44.211309+05:30,2026-10-02T17:15:44.211309+05:30,DATA_FAILURE,BLOCKED,False,NONE,True,True,DATA_GATE,FAIL_SALES_CAGR
c6c800bcad0f4cbe9ed5c8195049c221,QUALITY_COMPOUNDER,Quality Compounder,FROZEN_V2_PROD_1.0,ZENTEC,NSE_EQ|ZENTEC,NSE,EQUITY,CERTIFIED_CLEAN_886,883,2026-10-02T17:12:51.176370+05:30,2026-10-02T17:15:44.224939+05:30,2026-10-02T17:15:44.224939+05:30,2026-10-02T17:15:44.224939+05:30,DATA_FAILURE,BLOCKED,False,NONE,True,True,DATA_GATE,FAIL_CFO_PAT
c6c800bcad0f4cbe9ed5c8195049c221,QUALITY_COMPOUNDER,Quality Compounder,FROZEN_V2_PROD_1.0,ZFCVINDIA,NSE_EQ|ZFCVINDIA,NSE,EQUITY,CERTIFIED_CLEAN_886,884,2026-10-02T17:12:51.176370+05:30,2026-10-02T17:15:44.249003+05:30,2026-10-02T17:15:44.249003+05:30,2026-10-02T17:15:44.249003+05:30,DATA_FAILURE,BLOCKED,False,NONE,True,True,DATA_GATE,DATA_INSUFFICIENT_QUALITY
c6c800bcad0f4cbe9ed5c8195049c221,QUALITY_COMPOUNDER,Quality Compounder,FROZEN_V2_PROD_1.0,ZSARACOM,NSE_EQ|ZSARACOM,NSE,EQUITY,CERTIFIED_CLEAN_886,885,2026-10-02T17:12:51.176370+05:30,2026-10-02T17:15:44.264729+05:30,2026-10-02T17:15:44.264729+05:30,2026-10-02T17:15:44.264729+05:30,FULLY_EVALUABLE,REJECTED,False,NONE,False,True,QUALITY_GATE,METRIC_NOT_APPLICABLE_FINANCIAL
c6c800bcad0f4cbe9ed5c8195049c221,QUALITY_COMPOUNDER,Quality Compounder,FROZEN_V2_PROD_1.0,ZYDUSLIFE,NSE_EQ|ZYDUSLIFE,NSE,EQUITY,CERTIFIED_CLEAN_886,886,2026-10-02T17:12:51.176370+05:30,2026-10-02T17:15:44.594958+05:30,2026-10-02T17:15:44.594958+05:30,2026-10-02T17:15:44.594958+05:30,DATA_FAILURE,BLOCKED,False,NONE,True,True,DATA_GATE,DATA_INSUFFICIENT_VALUATION
