run_id,scanner_id,scanner_name,scanner_version,symbol,instrument_key,exchange,segment,universe_membership,stock_sequence_number,data_request_timestamp,data_received_timestamp,calculation_timestamp,decision_timestamp,overall_status,final_decision,alert_generated,alert_type,blocked,rejected,rejection_stage,rejection_reason
e715b83a3ce74f4ba7763b844d98ffbd,QUALITY_COMPOUNDER_VALUE_V2_FINAL,Quality Compounder Value V2 Final,FROZEN_V2_PROD_1.0,360ONE,NSE_EQ|360ONE,NSE,EQUITY,CERTIFIED_CLEAN_886,1,2026-10-01T14:32:15.021368+05:30,2026-10-01T14:32:26.571672+05:30,2026-10-01T14:32:26.571672+05:30,2026-10-01T14:32:26.571672+05:30,FULLY_EVALUABLE,REJECTED,False,NONE,False,True,QUALITY_GATE,METRIC_NOT_APPLICABLE_FINANCIAL
e715b83a3ce74f4ba7763b844d98ffbd,QUALITY_COMPOUNDER_VALUE_V2_FINAL,Quality Compounder Value V2 Final,FROZEN_V2_PROD_1.0,3BBLACKBIO,NSE_EQ|3BBLACKBIO,NSE,EQUITY,CERTIFIED_CLEAN_886,2,2026-10-01T14:32:15.021368+05:30,2026-10-01T14:32:26.590894+05:30,2026-10-01T14:32:26.590894+05:30,2026-10-01T14:32:26.590894+05:30,FULLY_EVALUABLE,REJECTED,False,NONE,False,True,QUALITY_GATE,FAIL_LIQUIDITY
e715b83a3ce74f4ba7763b844d98ffbd,QUALITY_COMPOUNDER_VALUE_V2_FINAL,Quality Compounder Value V2 Final,FROZEN_V2_PROD_1.0,3MINDIA,NSE_EQ|3MINDIA,NSE,EQUITY,CERTIFIED_CLEAN_886,3,2026-10-01T14:32:15.021368+05:30,2026-10-01T14:32:26.681523+05:30,2026-10-01T14:32:26.681523+05:30,2026-10-01T14:32:26.681523+05:30,FULLY_EVALUABLE,REJECTED,False,NONE,False,True,QUALITY_GATE,FAIL_SALES_CAGR
e715b83a3ce74f4ba7763b844d98ffbd,QUALITY_COMPOUNDER_VALUE_V2_FINAL,Quality Compounder Value V2 Final,FROZEN_V2_PROD_1.0,AADHARHFC,NSE_EQ|AADHARHFC,NSE,EQUITY,CERTIFIED_CLEAN_886,4,2026-10-01T14:32:15.021368+05:30,2026-10-01T14:32:26.714733+05:30,2026-10-01T14:32:26.714733+05:30,2026-10-01T14:32:26.714733+05:30,FULLY_EVALUABLE,REJECTED,False,NONE,False,True,QUALITY_GATE,METRIC_NOT_APPLICABLE_FINANCIAL
e715b83a3ce74f4ba7763b844d98ffbd,QUALITY_COMPOUNDER_VALUE_V2_FINAL,Quality Compounder Value V2 Final,FROZEN_V2_PROD_1.0,AARTIDRUGS,NSE_EQ|AARTIDRUGS,NSE,EQUITY,CERTIFIED_CLEAN_886,5,2026-10-01T14:32:15.021368+05:30,2026-10-01T14:32:26.745791+05:30,2026-10-01T14:32:26.745791+05:30,2026-10-01T14:32:26.745791+05:30,FULLY_EVALUABLE,REJECTED,False,NONE,False,True,QUALITY_GATE,FAIL_SALES_CAGR
e715b83a3ce74f4ba7763b844d98ffbd,QUALITY_COMPOUNDER_VALUE_V2_FINAL,Quality Compounder Value V2 Final,FROZEN_V2_PROD_1.0,AAVAS,NSE_EQ|AAVAS,NSE,EQUITY,CERTIFIED_CLEAN_886,6,2026-10-01T14:32:15.021368+05:30,2026-10-01T14:32:26.758012+05:30,2026-10-01T14:32:26.758012+05:30,2026-10-01T14:32:26.758012+05:30,FULLY_EVALUABLE,REJECTED,False,NONE,False,True,QUALITY_GATE,METRIC_NOT_APPLICABLE_FINANCIAL
e715b83a3ce74f4ba7763b844d98ffbd,QUALITY_COMPOUNDER_VALUE_V2_FINAL,Quality Compounder Value V2 Final,FROZEN_V2_PROD_1.0,ABB,NSE_EQ|ABB,NSE,EQUITY,CERTIFIED_CLEAN_886,7,2026-10-01T14:32:15.021368+05:30,2026-10-01T14:32:26.777525+05:30,2026-10-01T14:32:26.777525+05:30,2026-10-01T14:32:26.777525+05:30,FULLY_EVALUABLE,REJECTED,False,NONE,False,True,QUALITY_GATE,FAIL_SALES_CAGR
e715b83a3ce74f4ba7763b844d98ffbd,QUALITY_COMPOUNDER_VALUE_V2_FINAL,Quality Compounder Value V2 Final,FROZEN_V2_PROD_1.0,ABBOTINDIA,NSE_EQ|ABBOTINDIA,NSE,EQUITY,CERTIFIED_CLEAN_886,8,2026-10-01T14:32:15.021368+05:30,2026-10-01T14:32:26.799749+05:30,2026-10-01T14:32:26.799749+05:30,2026-10-01T14:32:26.799749+05:30,FULLY_EVALUABLE,REJECTED,False,NONE,False,True,QUALITY_GATE,FAIL_SALES_CAGR
e715b83a3ce74f4ba7763b844d98ffbd,QUALITY_COMPOUNDER_VALUE_V2_FINAL,Quality Compounder Value V2 Final,FROZEN_V2_PROD_1.0,ABCAPITAL,NSE_EQ|ABCAPITAL,NSE,EQUITY,CERTIFIED_CLEAN_886,9,2026-10-01T14:32:15.021368+05:30,2026-10-01T14:32:26.822186+05:30,2026-10-01T14:32:26.822186+05:30,2026-10-01T14:32:26.822186+05:30,FULLY_EVALUABLE,REJECTED,False,NONE,False,True,QUALITY_GATE,METRIC_NOT_APPLICABLE_FINANCIAL
e715b83a3ce74f4ba7763b844d98ffbd,QUALITY_COMPOUNDER_VALUE_V2_FINAL,Quality Compounder Value V2 Final,FROZEN_V2_PROD_1.0,ABDL,NSE_EQ|ABDL,NSE,EQUITY,CERTIFIED_CLEAN_886,10,2026-10-01T14:32:15.021368+05:30,2026-10-01T14:32:26.840179+05:30,2026-10-01T14:32:26.840179+05:30,2026-10-01T14:32:26.840179+05:30,FULLY_EVALUABLE,REJECTED,False,NONE,False,True,QUALITY_GATE,FAIL_CFO_PAT
e715b83a3ce74f4ba7763b844d98ffbd,QUALITY_COMPOUNDER_VALUE_V2_FINAL,Quality Compounder Value V2 Final,FROZEN_V2_PROD_1.0,ABSLAMC,NSE_EQ|ABSLAMC,NSE,EQUITY,CERTIFIED_CLEAN_886,11,2026-10-01T14:32:15.021368+05:30,2026-10-01T14:32:26.860987+05:30,2026-10-01T14:32:26.860987+05:30,2026-10-01T14:32:26.860987+05:30,FULLY_EVALUABLE,REJECTED,False,NONE,False,True,QUALITY_GATE,METRIC_NOT_APPLICABLE_FINANCIAL
e715b83a3ce74f4ba7763b844d98ffbd,QUALITY_COMPOUNDER_VALUE_V2_FINAL,Quality Compounder Value V2 Final,FROZEN_V2_PROD_1.0,ACC,NSE_EQ|ACC,NSE,EQUITY,CERTIFIED_CLEAN_886,12,2026-10-01T14:32:15.021368+05:30,2026-10-01T14:32:26.875324+05:30,2026-10-01T14:32:26.875324+05:30,2026-10-01T14:32:26.875324+05:30,FULLY_EVALUABLE,REJECTED,False,NONE,False,True,QUALITY_GATE,FAIL_SALES_CAGR
e715b83a3ce74f4ba7763b844d98ffbd,QUALITY_COMPOUNDER_VALUE_V2_FINAL,Quality Compounder Value V2 Final,FROZEN_V2_PROD_1.0,ACCELYA,NSE_EQ|ACCELYA,NSE,EQUITY,CERTIFIED_CLEAN_886,13,2026-10-01T14:32:15.021368+05:30,2026-10-01T14:32:26.904897+05:30,2026-10-01T14:32:26.904897+05:30,2026-10-01T14:32:26.904897+05:30,FULLY_EVALUABLE,REJECTED,False,NONE,False,True,QUALITY_GATE,FAIL_LIQUIDITY
e715b83a3ce74f4ba7763b844d98ffbd,QUALITY_COMPOUNDER_VALUE_V2_FINAL,Quality Compounder Value V2 Final,FROZEN_V2_PROD_1.0,ACCENTMIC,NSE_EQ|ACCENTMIC,NSE,EQUITY,CERTIFIED_CLEAN_886,14,2026-10-01T14:32:15.021368+05:30,2026-10-01T14:32:26.919761+05:30,2026-10-01T14:32:26.919761+05:30,2026-10-01T14:32:26.919761+05:30,FULLY_EVALUABLE,REJECTED,False,NONE,False,True,QUALITY_GATE,FAIL_CFO_PAT
e715b83a3ce74f4ba7763b844d98ffbd,QUALITY_COMPOUNDER_VALUE_V2_FINAL,Quality Compounder Value V2 Final,FROZEN_V2_PROD_1.0,ACE,NSE_EQ|ACE,NSE,EQUITY,CERTIFIED_CLEAN_886,15,2026-10-01T14:32:15.021368+05:30,2026-10-01T14:32:26.950923+05:30,2026-10-01T14:32:26.950923+05:30,2026-10-01T14:32:26.950923+05:30,FULLY_EVALUABLE,REJECTED,False,NONE,False,True,VALUATION_GATE,FAIL_VALUATION
e715b83a3ce74f4ba7763b844d98ffbd,QUALITY_COMPOUNDER_VALUE_V2_FINAL,Quality Compounder Value V2 Final,FROZEN_V2_PROD_1.0,ACMESOLAR,NSE_EQ|ACMESOLAR,NSE,EQUITY,CERTIFIED_CLEAN_886,16,2026-10-01T14:32:15.021368+05:30,2026-10-01T14:32:26.975930+05:30,2026-10-01T14:32:26.975930+05:30,2026-10-01T14:32:26.975930+05:30,FULLY_EVALUABLE,REJECTED,False,NONE,False,True,QUALITY_GATE,FAIL_ROCE
e715b83a3ce74f4ba7763b844d98ffbd,QUALITY_COMPOUNDER_VALUE_V2_FINAL,Quality Compounder Value V2 Final,FROZEN_V2_PROD_1.0,ACUTAAS,NSE_EQ|ACUTAAS,NSE,EQUITY,CERTIFIED_CLEAN_886,17,2026-10-01T14:32:15.021368+05:30,2026-10-01T14:32:26.998706+05:30,2026-10-01T14:32:26.998706+05:30,2026-10-01T14:32:26.998706+05:30,FULLY_EVALUABLE,REJECTED,False,NONE,False,True,VALUATION_GATE,FAIL_VALUATION
e715b83a3ce74f4ba7763b844d98ffbd,QUALITY_COMPOUNDER_VALUE_V2_FINAL,Quality Compounder Value V2 Final,FROZEN_V2_PROD_1.0,ADANIENSOL,NSE_EQ|ADANIENSOL,NSE,EQUITY,CERTIFIED_CLEAN_886,18,2026-10-01T14:32:15.021368+05:30,2026-10-01T14:32:27.022922+05:30,2026-10-01T14:32:27.022922+05:30,2026-10-01T14:32:27.022922+05:30,FULLY_EVALUABLE,REJECTED,False,NONE,False,True,QUALITY_GATE,FAIL_ROCE
e715b83a3ce74f4ba7763b844d98ffbd,QUALITY_COMPOUNDER_VALUE_V2_FINAL,Quality Compounder Value V2 Final,FROZEN_V2_PROD_1.0,ADANIENT,NSE_EQ|ADANIENT,NSE,EQUITY,CERTIFIED_CLEAN_886,19,2026-10-01T14:32:15.021368+05:30,2026-10-01T14:32:27.054025+05:30,2026-10-01T14:32:27.054025+05:30,2026-10-01T14:32:27.054025+05:30,FULLY_EVALUABLE,REJECTED,False,NONE,False,True,QUALITY_GATE,FAIL_ROCE
e715b83a3ce74f4ba7763b844d98ffbd,QUALITY_COMPOUNDER_VALUE_V2_FINAL,Quality Compounder Value V2 Final,FROZEN_V2_PROD_1.0,ADANIGREEN,NSE_EQ|ADANIGREEN,NSE,EQUITY,CERTIFIED_CLEAN_886,20,2026-10-01T14:32:15.021368+05:30,2026-10-01T14:32:27.068178+05:30,2026-10-01T14:32:27.068178+05:30,2026-10-01T14:32:27.068178+05:30,FULLY_EVALUABLE,REJECTED,False,NONE,False,True,QUALITY_GATE,FAIL_ROCE
e715b83a3ce74f4ba7763b844d98ffbd,QUALITY_COMPOUNDER_VALUE_V2_FINAL,Quality Compounder Value V2 Final,FROZEN_V2_PROD_1.0,ADANIPORTS,NSE_EQ|ADANIPORTS,NSE,EQUITY,CERTIFIED_CLEAN_886,21,2026-10-01T14:32:15.021368+05:30,2026-10-01T14:32:27.083952+05:30,2026-10-01T14:32:27.083952+05:30,2026-10-01T14:32:27.083952+05:30,FULLY_EVALUABLE,REJECTED,False,NONE,False,True,QUALITY_GATE,FAIL_ROCE
e715b83a3ce74f4ba7763b844d98ffbd,QUALITY_COMPOUNDER_VALUE_V2_FINAL,Quality Compounder Value V2 Final,FROZEN_V2_PROD_1.0,ADANIPOWER,NSE_EQ|ADANIPOWER,NSE,EQUITY,CERTIFIED_CLEAN_886,22,2026-10-01T14:32:15.021368+05:30,2026-10-01T14:32:27.105313+05:30,2026-10-01T14:32:27.105313+05:30,2026-10-01T14:32:27.105313+05:30,FULLY_EVALUABLE,REJECTED,False,NONE,False,True,QUALITY_GATE,FAIL_DEBT
e715b83a3ce74f4ba7763b844d98ffbd,QUALITY_COMPOUNDER_VALUE_V2_FINAL,Quality Compounder Value V2 Final,FROZEN_V2_PROD_1.0,ADFFOODS,NSE_EQ|ADFFOODS,NSE,EQUITY,CERTIFIED_CLEAN_886,23,2026-10-01T14:32:15.021368+05:30,2026-10-01T14:32:27.128211+05:30,2026-10-01T14:32:27.128211+05:30,2026-10-01T14:32:27.128211+05:30,FULLY_EVALUABLE,REJECTED,False,NONE,False,True,QUALITY_GATE,FAIL_CFO_PAT
e715b83a3ce74f4ba7763b844d98ffbd,QUALITY_COMPOUNDER_VALUE_V2_FINAL,Quality Compounder Value V2 Final,FROZEN_V2_PROD_1.0,ADOR,NSE_EQ|ADOR,NSE,EQUITY,CERTIFIED_CLEAN_886,24,2026-10-01T14:32:15.021368+05:30,2026-10-01T14:32:27.149594+05:30,2026-10-01T14:32:27.149594+05:30,2026-10-01T14:32:27.149594+05:30,FULLY_EVALUABLE,REJECTED,False,NONE,False,True,VALUATION_GATE,FAIL_VALUATION
e715b83a3ce74f4ba7763b844d98ffbd,QUALITY_COMPOUNDER_VALUE_V2_FINAL,Quality Compounder Value V2 Final,FROZEN_V2_PROD_1.0,ADVAIT,NSE_EQ|ADVAIT,NSE,EQUITY,CERTIFIED_CLEAN_886,25,2026-10-01T14:32:15.021368+05:30,2026-10-01T14:32:27.164029+05:30,2026-10-01T14:32:27.164029+05:30,2026-10-01T14:32:27.164029+05:30,FULLY_EVALUABLE,REJECTED,False,NONE,False,True,QUALITY_GATE,FAIL_CFO_PAT
e715b83a3ce74f4ba7763b844d98ffbd,QUALITY_COMPOUNDER_VALUE_V2_FINAL,Quality Compounder Value V2 Final,FROZEN_V2_PROD_1.0,ADVENZYMES,NSE_EQ|ADVENZYMES,NSE,EQUITY,CERTIFIED_CLEAN_886,26,2026-10-01T14:32:15.021368+05:30,2026-10-01T14:32:27.178983+05:30,2026-10-01T14:32:27.178983+05:30,2026-10-01T14:32:27.178983+05:30,FULLY_EVALUABLE,REJECTED,False,NONE,False,True,QUALITY_GATE,FAIL_ROCE
e715b83a3ce74f4ba7763b844d98ffbd,QUALITY_COMPOUNDER_VALUE_V2_FINAL,Quality Compounder Value V2 Final,FROZEN_V2_PROD_1.0,AEGISLOG,NSE_EQ|AEGISLOG,NSE,EQUITY,CERTIFIED_CLEAN_886,27,2026-10-01T14:32:15.021368+05:30,2026-10-01T14:32:27.192879+05:30,2026-10-01T14:32:27.192879+05:30,2026-10-01T14:32:27.192879+05:30,FULLY_EVALUABLE,REJECTED,False,NONE,False,True,QUALITY_GATE,FAIL_ROCE
e715b83a3ce74f4ba7763b844d98ffbd,QUALITY_COMPOUNDER_VALUE_V2_FINAL,Quality Compounder Value V2 Final,FROZEN_V2_PROD_1.0,AEGISVOPAK,NSE_EQ|AEGISVOPAK,NSE,EQUITY,CERTIFIED_CLEAN_886,28,2026-10-01T14:32:15.021368+05:30,2026-10-01T14:32:27.210283+05:30,2026-10-01T14:32:27.210283+05:30,2026-10-01T14:32:27.210283+05:30,FULLY_EVALUABLE,REJECTED,False,NONE,False,True,QUALITY_GATE,FAIL_ROCE
e715b83a3ce74f4ba7763b844d98ffbd,QUALITY_COMPOUNDER_VALUE_V2_FINAL,Quality Compounder Value V2 Final,FROZEN_V2_PROD_1.0,AEROENTER,NSE_EQ|AEROENTER,NSE,EQUITY,CERTIFIED_CLEAN_886,29,2026-10-01T14:32:15.021368+05:30,2026-10-01T14:32:27.239942+05:30,2026-10-01T14:32:27.239942+05:30,2026-10-01T14:32:27.239942+05:30,FULLY_EVALUABLE,REJECTED,False,NONE,False,True,QUALITY_GATE,FAIL_CFO_PAT
e715b83a3ce74f4ba7763b844d98ffbd,QUALITY_COMPOUNDER_VALUE_V2_FINAL,Quality Compounder Value V2 Final,FROZEN_V2_PROD_1.0,AEROFLEX,NSE_EQ|AEROFLEX,NSE,EQUITY,CERTIFIED_CLEAN_886,30,2026-10-01T14:32:15.021368+05:30,2026-10-01T14:32:27.264720+05:30,2026-10-01T14:32:27.264720+05:30,2026-10-01T14:32:27.264720+05:30,FULLY_EVALUABLE,REJECTED,False,NONE,False,True,VALUATION_GATE,FAIL_VALUATION
e715b83a3ce74f4ba7763b844d98ffbd,QUALITY_COMPOUNDER_VALUE_V2_FINAL,Quality Compounder Value V2 Final,FROZEN_V2_PROD_1.0,AETHER,NSE_EQ|AETHER,NSE,EQUITY,CERTIFIED_CLEAN_886,31,2026-10-01T14:32:15.021368+05:30,2026-10-01T14:32:27.288319+05:30,2026-10-01T14:32:27.288319+05:30,2026-10-01T14:32:27.288319+05:30,FULLY_EVALUABLE,REJECTED,False,NONE,False,True,QUALITY_GATE,FAIL_ROCE
e715b83a3ce74f4ba7763b844d98ffbd,QUALITY_COMPOUNDER_VALUE_V2_FINAL,Quality Compounder Value V2 Final,FROZEN_V2_PROD_1.0,AFFLE,NSE_EQ|AFFLE,NSE,EQUITY,CERTIFIED_CLEAN_886,32,2026-10-01T14:32:15.021368+05:30,2026-10-01T14:32:27.562650+05:30,2026-10-01T14:32:27.562650+05:30,2026-10-01T14:32:27.562650+05:30,FULLY_EVALUABLE,ALERT_BUY,True,BUY,False,False,NONE,PASS
e715b83a3ce74f4ba7763b844d98ffbd,QUALITY_COMPOUNDER_VALUE_V2_FINAL,Quality Compounder Value V2 Final,FROZEN_V2_PROD_1.0,AFSL,NSE_EQ|AFSL,NSE,EQUITY,CERTIFIED_CLEAN_886,33,2026-10-01T14:32:15.021368+05:30,2026-10-01T14:32:27.578702+05:30,2026-10-01T14:32:27.578702+05:30,2026-10-01T14:32:27.578702+05:30,FULLY_EVALUABLE,REJECTED,False,NONE,False,True,QUALITY_GATE,FAIL_LIQUIDITY
e715b83a3ce74f4ba7763b844d98ffbd,QUALITY_COMPOUNDER_VALUE_V2_FINAL,Quality Compounder Value V2 Final,FROZEN_V2_PROD_1.0,AGIIL,NSE_EQ|AGIIL,NSE,EQUITY,CERTIFIED_CLEAN_886,34,2026-10-01T14:32:15.021368+05:30,2026-10-01T14:32:27.619536+05:30,2026-10-01T14:32:27.619536+05:30,2026-10-01T14:32:27.619536+05:30,FULLY_EVALUABLE,REJECTED,False,NONE,False,True,QUALITY_GATE,FAIL_CFO_PAT
e715b83a3ce74f4ba7763b844d98ffbd,QUALITY_COMPOUNDER_VALUE_V2_FINAL,Quality Compounder Value V2 Final,FROZEN_V2_PROD_1.0,AHLUCONT,NSE_EQ|AHLUCONT,NSE,EQUITY,CERTIFIED_CLEAN_886,35,2026-10-01T14:32:15.021368+05:30,2026-10-01T14:32:28.072973+05:30,2026-10-01T14:32:28.072973+05:30,2026-10-01T14:32:28.072973+05:30,FULLY_EVALUABLE,ALERT_BUY,True,BUY,False,False,NONE,PASS
e715b83a3ce74f4ba7763b844d98ffbd,QUALITY_COMPOUNDER_VALUE_V2_FINAL,Quality Compounder Value V2 Final,FROZEN_V2_PROD_1.0,AIAENG,NSE_EQ|AIAENG,NSE,EQUITY,CERTIFIED_CLEAN_886,36,2026-10-01T14:32:15.021368+05:30,2026-10-01T14:32:28.545270+05:30,2026-10-01T14:32:28.545270+05:30,2026-10-01T14:32:28.545270+05:30,FULLY_EVALUABLE,REJECTED,False,NONE,False,True,QUALITY_GATE,FAIL_SALES_CAGR
e715b83a3ce74f4ba7763b844d98ffbd,QUALITY_COMPOUNDER_VALUE_V2_FINAL,Quality Compounder Value V2 Final,FROZEN_V2_PROD_1.0,AIIL,NSE_EQ|AIIL,NSE,EQUITY,CERTIFIED_CLEAN_886,37,2026-10-01T14:32:15.021368+05:30,2026-10-01T14:32:28.579943+05:30,2026-10-01T14:32:28.579943+05:30,2026-10-01T14:32:28.579943+05:30,FULLY_EVALUABLE,REJECTED,False,NONE,False,True,QUALITY_GATE,METRIC_NOT_APPLICABLE_FINANCIAL
e715b83a3ce74f4ba7763b844d98ffbd,QUALITY_COMPOUNDER_VALUE_V2_FINAL,Quality Compounder Value V2 Final,FROZEN_V2_PROD_1.0,AIMTRON,NSE_EQ|AIMTRON,NSE,EQUITY,CERTIFIED_CLEAN_886,38,2026-10-01T14:32:15.021368+05:30,2026-10-01T14:32:28.671400+05:30,2026-10-01T14:32:28.671400+05:30,2026-10-01T14:32:28.671400+05:30,FULLY_EVALUABLE,REJECTED,False,NONE,False,True,QUALITY_GATE,FAIL_CFO_PAT
e715b83a3ce74f4ba7763b844d98ffbd,QUALITY_COMPOUNDER_VALUE_V2_FINAL,Quality Compounder Value V2 Final,FROZEN_V2_PROD_1.0,AJANTPHARM,NSE_EQ|AJANTPHARM,NSE,EQUITY,CERTIFIED_CLEAN_886,39,2026-10-01T14:32:15.021368+05:30,2026-10-01T14:32:28.684178+05:30,2026-10-01T14:32:28.684178+05:30,2026-10-01T14:32:28.684178+05:30,FULLY_EVALUABLE,REJECTED,False,NONE,False,True,VALUATION_GATE,FAIL_VALUATION
e715b83a3ce74f4ba7763b844d98ffbd,QUALITY_COMPOUNDER_VALUE_V2_FINAL,Quality Compounder Value V2 Final,FROZEN_V2_PROD_1.0,AJAXENGG,NSE_EQ|AJAXENGG,NSE,EQUITY,CERTIFIED_CLEAN_886,40,2026-10-01T14:32:15.021368+05:30,2026-10-01T14:32:28.689439+05:30,2026-10-01T14:32:28.689439+05:30,2026-10-01T14:32:28.689439+05:30,FULLY_EVALUABLE,REJECTED,False,NONE,False,True,VALUATION_GATE,FAIL_VALUATION
e715b83a3ce74f4ba7763b844d98ffbd,QUALITY_COMPOUNDER_VALUE_V2_FINAL,Quality Compounder Value V2 Final,FROZEN_V2_PROD_1.0,AJMERA,NSE_EQ|AJMERA,NSE,EQUITY,CERTIFIED_CLEAN_886,41,2026-10-01T14:32:15.021368+05:30,2026-10-01T14:32:28.733466+05:30,2026-10-01T14:32:28.733466+05:30,2026-10-01T14:32:28.733466+05:30,FULLY_EVALUABLE,REJECTED,False,NONE,False,True,QUALITY_GATE,FAIL_ROCE
e715b83a3ce74f4ba7763b844d98ffbd,QUALITY_COMPOUNDER_VALUE_V2_FINAL,Quality Compounder Value V2 Final,FROZEN_V2_PROD_1.0,AKUMS,NSE_EQ|AKUMS,NSE,EQUITY,CERTIFIED_CLEAN_886,42,2026-10-01T14:32:15.021368+05:30,2026-10-01T14:32:28.743672+05:30,2026-10-01T14:32:28.743672+05:30,2026-10-01T14:32:28.743672+05:30,FULLY_EVALUABLE,REJECTED,False,NONE,False,True,QUALITY_GATE,FAIL_ROCE
e715b83a3ce74f4ba7763b844d98ffbd,QUALITY_COMPOUNDER_VALUE_V2_FINAL,Quality Compounder Value V2 Final,FROZEN_V2_PROD_1.0,ALKEM,NSE_EQ|ALKEM,NSE,EQUITY,CERTIFIED_CLEAN_886,43,2026-10-01T14:32:15.021368+05:30,2026-10-01T14:32:28.770377+05:30,2026-10-01T14:32:28.770377+05:30,2026-10-01T14:32:28.770377+05:30,FULLY_EVALUABLE,REJECTED,False,NONE,False,True,QUALITY_GATE,FAIL_PAT_CAGR
e715b83a3ce74f4ba7763b844d98ffbd,QUALITY_COMPOUNDER_VALUE_V2_FINAL,Quality Compounder Value V2 Final,FROZEN_V2_PROD_1.0,ALKYLAMINE,NSE_EQ|ALKYLAMINE,NSE,EQUITY,CERTIFIED_CLEAN_886,44,2026-10-01T14:32:15.021368+05:30,2026-10-01T14:32:28.814188+05:30,2026-10-01T14:32:28.814188+05:30,2026-10-01T14:32:28.814188+05:30,FULLY_EVALUABLE,REJECTED,False,NONE,False,True,VALUATION_GATE,FAIL_VALUATION
e715b83a3ce74f4ba7763b844d98ffbd,QUALITY_COMPOUNDER_VALUE_V2_FINAL,Quality Compounder Value V2 Final,FROZEN_V2_PROD_1.0,ALLDIGI,NSE_EQ|ALLDIGI,NSE,EQUITY,CERTIFIED_CLEAN_886,45,2026-10-01T14:32:15.021368+05:30,2026-10-01T14:32:28.824865+05:30,2026-10-01T14:32:28.824865+05:30,2026-10-01T14:32:28.824865+05:30,FULLY_EVALUABLE,REJECTED,False,NONE,False,True,QUALITY_GATE,FAIL_LIQUIDITY
e715b83a3ce74f4ba7763b844d98ffbd,QUALITY_COMPOUNDER_VALUE_V2_FINAL,Quality Compounder Value V2 Final,FROZEN_V2_PROD_1.0,ALPEXSOLAR,NSE_EQ|ALPEXSOLAR,NSE,EQUITY,CERTIFIED_CLEAN_886,46,2026-10-01T14:32:15.021368+05:30,2026-10-01T14:32:28.834370+05:30,2026-10-01T14:32:28.834370+05:30,2026-10-01T14:32:28.834370+05:30,FULLY_EVALUABLE,REJECTED,False,NONE,False,True,QUALITY_GATE,FAIL_CFO_PAT
e715b83a3ce74f4ba7763b844d98ffbd,QUALITY_COMPOUNDER_VALUE_V2_FINAL,Quality Compounder Value V2 Final,FROZEN_V2_PROD_1.0,AMBUJACEM,NSE_EQ|AMBUJACEM,NSE,EQUITY,CERTIFIED_CLEAN_886,47,2026-10-01T14:32:15.021368+05:30,2026-10-01T14:32:28.854263+05:30,2026-10-01T14:32:28.854263+05:30,2026-10-01T14:32:28.854263+05:30,FULLY_EVALUABLE,REJECTED,False,NONE,False,True,QUALITY_GATE,FAIL_ROCE
e715b83a3ce74f4ba7763b844d98ffbd,QUALITY_COMPOUNDER_VALUE_V2_FINAL,Quality Compounder Value V2 Final,FROZEN_V2_PROD_1.0,AMNPLST,NSE_EQ|AMNPLST,NSE,EQUITY,CERTIFIED_CLEAN_886,48,2026-10-01T14:32:15.021368+05:30,2026-10-01T14:32:28.865091+05:30,2026-10-01T14:32:28.865091+05:30,2026-10-01T14:32:28.865091+05:30,FULLY_EVALUABLE,REJECTED,False,NONE,False,True,QUALITY_GATE,FAIL_UNIVERSE_MARKET_CAP
e715b83a3ce74f4ba7763b844d98ffbd,QUALITY_COMPOUNDER_VALUE_V2_FINAL,Quality Compounder Value V2 Final,FROZEN_V2_PROD_1.0,AMRUTANJAN,NSE_EQ|AMRUTANJAN,NSE,EQUITY,CERTIFIED_CLEAN_886,49,2026-10-01T14:32:15.021368+05:30,2026-10-01T14:32:28.951610+05:30,2026-10-01T14:32:28.951610+05:30,2026-10-01T14:32:28.951610+05:30,FULLY_EVALUABLE,REJECTED,False,NONE,False,True,VALUATION_GATE,FAIL_VALUATION
e715b83a3ce74f4ba7763b844d98ffbd,QUALITY_COMPOUNDER_VALUE_V2_FINAL,Quality Compounder Value V2 Final,FROZEN_V2_PROD_1.0,ANANDRATHI,NSE_EQ|ANANDRATHI,NSE,EQUITY,CERTIFIED_CLEAN_886,50,2026-10-01T14:32:15.021368+05:30,2026-10-01T14:32:29.038400+05:30,2026-10-01T14:32:29.038400+05:30,2026-10-01T14:32:29.038400+05:30,FULLY_EVALUABLE,REJECTED,False,NONE,False,True,QUALITY_GATE,METRIC_NOT_APPLICABLE_FINANCIAL
e715b83a3ce74f4ba7763b844d98ffbd,QUALITY_COMPOUNDER_VALUE_V2_FINAL,Quality Compounder Value V2 Final,FROZEN_V2_PROD_1.0,ANANTRAJ,NSE_EQ|ANANTRAJ,NSE,EQUITY,CERTIFIED_CLEAN_886,51,2026-10-01T14:32:15.021368+05:30,2026-10-01T14:32:29.052041+05:30,2026-10-01T14:32:29.052041+05:30,2026-10-01T14:32:29.052041+05:30,FULLY_EVALUABLE,REJECTED,False,NONE,False,True,QUALITY_GATE,FAIL_ROCE
e715b83a3ce74f4ba7763b844d98ffbd,QUALITY_COMPOUNDER_VALUE_V2_FINAL,Quality Compounder Value V2 Final,FROZEN_V2_PROD_1.0,ANONDITA,NSE_EQ|ANONDITA,NSE,EQUITY,CERTIFIED_CLEAN_886,52,2026-10-01T14:32:15.021368+05:30,2026-10-01T14:32:29.063792+05:30,2026-10-01T14:32:29.063792+05:30,2026-10-01T14:32:29.063792+05:30,FULLY_EVALUABLE,REJECTED,False,NONE,False,True,QUALITY_GATE,FAIL_CFO_PAT
e715b83a3ce74f4ba7763b844d98ffbd,QUALITY_COMPOUNDER_VALUE_V2_FINAL,Quality Compounder Value V2 Final,FROZEN_V2_PROD_1.0,ANTELOPUS,NSE_EQ|ANTELOPUS,NSE,EQUITY,CERTIFIED_CLEAN_886,53,2026-10-01T14:32:15.021368+05:30,2026-10-01T14:32:29.075100+05:30,2026-10-01T14:32:29.075100+05:30,2026-10-01T14:32:29.075100+05:30,FULLY_EVALUABLE,REJECTED,False,NONE,False,True,QUALITY_GATE,FAIL_ROCE
e715b83a3ce74f4ba7763b844d98ffbd,QUALITY_COMPOUNDER_VALUE_V2_FINAL,Quality Compounder Value V2 Final,FROZEN_V2_PROD_1.0,ANTHEM,NSE_EQ|ANTHEM,NSE,EQUITY,CERTIFIED_CLEAN_886,54,2026-10-01T14:32:15.021368+05:30,2026-10-01T14:32:29.088823+05:30,2026-10-01T14:32:29.088823+05:30,2026-10-01T14:32:29.088823+05:30,FULLY_EVALUABLE,REJECTED,False,NONE,False,True,VALUATION_GATE,FAIL_VALUATION
e715b83a3ce74f4ba7763b844d98ffbd,QUALITY_COMPOUNDER_VALUE_V2_FINAL,Quality Compounder Value V2 Final,FROZEN_V2_PROD_1.0,ANUP,NSE_EQ|ANUP,NSE,EQUITY,CERTIFIED_CLEAN_886,55,2026-10-01T14:32:15.021368+05:30,2026-10-01T14:32:29.099854+05:30,2026-10-01T14:32:29.099854+05:30,2026-10-01T14:32:29.099854+05:30,FULLY_EVALUABLE,REJECTED,False,NONE,False,True,QUALITY_GATE,FAIL_CFO_PAT
e715b83a3ce74f4ba7763b844d98ffbd,QUALITY_COMPOUNDER_VALUE_V2_FINAL,Quality Compounder Value V2 Final,FROZEN_V2_PROD_1.0,APARINDS,NSE_EQ|APARINDS,NSE,EQUITY,CERTIFIED_CLEAN_886,56,2026-10-01T14:32:15.021368+05:30,2026-10-01T14:32:29.111610+05:30,2026-10-01T14:32:29.111610+05:30,2026-10-01T14:32:29.111610+05:30,FULLY_EVALUABLE,REJECTED,False,NONE,False,True,VALUATION_GATE,FAIL_VALUATION
e715b83a3ce74f4ba7763b844d98ffbd,QUALITY_COMPOUNDER_VALUE_V2_FINAL,Quality Compounder Value V2 Final,FROZEN_V2_PROD_1.0,APCOTEXIND,NSE_EQ|APCOTEXIND,NSE,EQUITY,CERTIFIED_CLEAN_886,57,2026-10-01T14:32:15.021368+05:30,2026-10-01T14:32:29.121039+05:30,2026-10-01T14:32:29.121039+05:30,2026-10-01T14:32:29.121039+05:30,FULLY_EVALUABLE,REJECTED,False,NONE,False,True,QUALITY_GATE,FAIL_SALES_CAGR
e715b83a3ce74f4ba7763b844d98ffbd,QUALITY_COMPOUNDER_VALUE_V2_FINAL,Quality Compounder Value V2 Final,FROZEN_V2_PROD_1.0,APLAPOLLO,NSE_EQ|APLAPOLLO,NSE,EQUITY,CERTIFIED_CLEAN_886,58,2026-10-01T14:32:15.021368+05:30,2026-10-01T14:32:29.131418+05:30,2026-10-01T14:32:29.131418+05:30,2026-10-01T14:32:29.131418+05:30,FULLY_EVALUABLE,REJECTED,False,NONE,False,True,VALUATION_GATE,FAIL_VALUATION
e715b83a3ce74f4ba7763b844d98ffbd,QUALITY_COMPOUNDER_VALUE_V2_FINAL,Quality Compounder Value V2 Final,FROZEN_V2_PROD_1.0,APLLTD,NSE_EQ|APLLTD,NSE,EQUITY,CERTIFIED_CLEAN_886,59,2026-10-01T14:32:15.021368+05:30,2026-10-01T14:32:29.283025+05:30,2026-10-01T14:32:29.283025+05:30,2026-10-01T14:32:29.283025+05:30,FULLY_EVALUABLE,REJECTED,False,NONE,False,True,QUALITY_GATE,FAIL_ROCE
e715b83a3ce74f4ba7763b844d98ffbd,QUALITY_COMPOUNDER_VALUE_V2_FINAL,Quality Compounder Value V2 Final,FROZEN_V2_PROD_1.0,APOLLO,NSE_EQ|APOLLO,NSE,EQUITY,CERTIFIED_CLEAN_886,60,2026-10-01T14:32:15.021368+05:30,2026-10-01T14:32:29.325741+05:30,2026-10-01T14:32:29.325741+05:30,2026-10-01T14:32:29.325741+05:30,FULLY_EVALUABLE,REJECTED,False,NONE,False,True,QUALITY_GATE,FAIL_ROCE
e715b83a3ce74f4ba7763b844d98ffbd,QUALITY_COMPOUNDER_VALUE_V2_FINAL,Quality Compounder Value V2 Final,FROZEN_V2_PROD_1.0,APOLLOHOSP,NSE_EQ|APOLLOHOSP,NSE,EQUITY,CERTIFIED_CLEAN_886,61,2026-10-01T14:32:15.021368+05:30,2026-10-01T14:32:29.339271+05:30,2026-10-01T14:32:29.339271+05:30,2026-10-01T14:32:29.339271+05:30,FULLY_EVALUABLE,REJECTED,False,NONE,False,True,QUALITY_GATE,FAIL_DEBT
e715b83a3ce74f4ba7763b844d98ffbd,QUALITY_COMPOUNDER_VALUE_V2_FINAL,Quality Compounder Value V2 Final,FROZEN_V2_PROD_1.0,APOLLOTYRE,NSE_EQ|APOLLOTYRE,NSE,EQUITY,CERTIFIED_CLEAN_886,62,2026-10-01T14:32:15.021368+05:30,2026-10-01T14:32:29.359201+05:30,2026-10-01T14:32:29.359201+05:30,2026-10-01T14:32:29.359201+05:30,FULLY_EVALUABLE,REJECTED,False,NONE,False,True,QUALITY_GATE,FAIL_ROCE
e715b83a3ce74f4ba7763b844d98ffbd,QUALITY_COMPOUNDER_VALUE_V2_FINAL,Quality Compounder Value V2 Final,FROZEN_V2_PROD_1.0,APTUS,NSE_EQ|APTUS,NSE,EQUITY,CERTIFIED_CLEAN_886,63,2026-10-01T14:32:15.021368+05:30,2026-10-01T14:32:29.374088+05:30,2026-10-01T14:32:29.374088+05:30,2026-10-01T14:32:29.374088+05:30,FULLY_EVALUABLE,REJECTED,False,NONE,False,True,QUALITY_GATE,METRIC_NOT_APPLICABLE_FINANCIAL
e715b83a3ce74f4ba7763b844d98ffbd,QUALITY_COMPOUNDER_VALUE_V2_FINAL,Quality Compounder Value V2 Final,FROZEN_V2_PROD_1.0,ARE&M,NSE_EQ|ARE&M,NSE,EQUITY,CERTIFIED_CLEAN_886,64,2026-10-01T14:32:15.021368+05:30,2026-10-01T14:32:29.385977+05:30,2026-10-01T14:32:29.385977+05:30,2026-10-01T14:32:29.385977+05:30,FULLY_EVALUABLE,REJECTED,False,NONE,False,True,QUALITY_GATE,FAIL_PAT_CAGR
e715b83a3ce74f4ba7763b844d98ffbd,QUALITY_COMPOUNDER_VALUE_V2_FINAL,Quality Compounder Value V2 Final,FROZEN_V2_PROD_1.0,ARIHANTSUP,NSE_EQ|ARIHANTSUP,NSE,EQUITY,CERTIFIED_CLEAN_886,65,2026-10-01T14:32:15.021368+05:30,2026-10-01T14:32:29.399849+05:30,2026-10-01T14:32:29.399849+05:30,2026-10-01T14:32:29.399849+05:30,FULLY_EVALUABLE,REJECTED,False,NONE,False,True,QUALITY_GATE,FAIL_UNIVERSE_MARKET_CAP
e715b83a3ce74f4ba7763b844d98ffbd,QUALITY_COMPOUNDER_VALUE_V2_FINAL,Quality Compounder Value V2 Final,FROZEN_V2_PROD_1.0,ARIS,NSE_EQ|ARIS,NSE,EQUITY,CERTIFIED_CLEAN_886,66,2026-10-01T14:32:15.021368+05:30,2026-10-01T14:32:29.413259+05:30,2026-10-01T14:32:29.413259+05:30,2026-10-01T14:32:29.413259+05:30,FULLY_EVALUABLE,REJECTED,False,NONE,False,True,QUALITY_GATE,FAIL_ROCE
e715b83a3ce74f4ba7763b844d98ffbd,QUALITY_COMPOUNDER_VALUE_V2_FINAL,Quality Compounder Value V2 Final,FROZEN_V2_PROD_1.0,ARSSBL,NSE_EQ|ARSSBL,NSE,EQUITY,CERTIFIED_CLEAN_886,67,2026-10-01T14:32:15.021368+05:30,2026-10-01T14:32:29.427978+05:30,2026-10-01T14:32:29.427978+05:30,2026-10-01T14:32:29.427978+05:30,FULLY_EVALUABLE,REJECTED,False,NONE,False,True,QUALITY_GATE,FAIL_DEBT
e715b83a3ce74f4ba7763b844d98ffbd,QUALITY_COMPOUNDER_VALUE_V2_FINAL,Quality Compounder Value V2 Final,FROZEN_V2_PROD_1.0,ARTEMISMED,NSE_EQ|ARTEMISMED,NSE,EQUITY,CERTIFIED_CLEAN_886,68,2026-10-01T14:32:15.021368+05:30,2026-10-01T14:32:29.446999+05:30,2026-10-01T14:32:29.446999+05:30,2026-10-01T14:32:29.446999+05:30,FULLY_EVALUABLE,REJECTED,False,NONE,False,True,QUALITY_GATE,FAIL_ROCE
e715b83a3ce74f4ba7763b844d98ffbd,QUALITY_COMPOUNDER_VALUE_V2_FINAL,Quality Compounder Value V2 Final,FROZEN_V2_PROD_1.0,ARVINDFASN,NSE_EQ|ARVINDFASN,NSE,EQUITY,CERTIFIED_CLEAN_886,69,2026-10-01T14:32:15.021368+05:30,2026-10-01T14:32:29.459640+05:30,2026-10-01T14:32:29.459640+05:30,2026-10-01T14:32:29.459640+05:30,FULLY_EVALUABLE,REJECTED,False,NONE,False,True,QUALITY_GATE,FAIL_ROCE
e715b83a3ce74f4ba7763b844d98ffbd,QUALITY_COMPOUNDER_VALUE_V2_FINAL,Quality Compounder Value V2 Final,FROZEN_V2_PROD_1.0,ARVSMART,NSE_EQ|ARVSMART,NSE,EQUITY,CERTIFIED_CLEAN_886,70,2026-10-01T14:32:15.021368+05:30,2026-10-01T14:32:29.468990+05:30,2026-10-01T14:32:29.468990+05:30,2026-10-01T14:32:29.468990+05:30,FULLY_EVALUABLE,REJECTED,False,NONE,False,True,QUALITY_GATE,FAIL_ROCE
e715b83a3ce74f4ba7763b844d98ffbd,QUALITY_COMPOUNDER_VALUE_V2_FINAL,Quality Compounder Value V2 Final,FROZEN_V2_PROD_1.0,ASAHIINDIA,NSE_EQ|ASAHIINDIA,NSE,EQUITY,CERTIFIED_CLEAN_886,71,2026-10-01T14:32:15.021368+05:30,2026-10-01T14:32:29.480075+05:30,2026-10-01T14:32:29.480075+05:30,2026-10-01T14:32:29.480075+05:30,FULLY_EVALUABLE,REJECTED,False,NONE,False,True,QUALITY_GATE,FAIL_DEBT
e715b83a3ce74f4ba7763b844d98ffbd,QUALITY_COMPOUNDER_VALUE_V2_FINAL,Quality Compounder Value V2 Final,FROZEN_V2_PROD_1.0,ASALCBR,NSE_EQ|ASALCBR,NSE,EQUITY,CERTIFIED_CLEAN_886,72,2026-10-01T14:32:15.021368+05:30,2026-10-01T14:32:29.742460+05:30,2026-10-01T14:32:29.742460+05:30,2026-10-01T14:32:29.742460+05:30,FULLY_EVALUABLE,ALERT_BUY,True,BUY,False,False,NONE,PASS
e715b83a3ce74f4ba7763b844d98ffbd,QUALITY_COMPOUNDER_VALUE_V2_FINAL,Quality Compounder Value V2 Final,FROZEN_V2_PROD_1.0,ASHAPURMIN,NSE_EQ|ASHAPURMIN,NSE,EQUITY,CERTIFIED_CLEAN_886,73,2026-10-01T14:32:15.021368+05:30,2026-10-01T14:32:29.761822+05:30,2026-10-01T14:32:29.761822+05:30,2026-10-01T14:32:29.761822+05:30,FULLY_EVALUABLE,REJECTED,False,NONE,False,True,QUALITY_GATE,FAIL_DEBT
e715b83a3ce74f4ba7763b844d98ffbd,QUALITY_COMPOUNDER_VALUE_V2_FINAL,Quality Compounder Value V2 Final,FROZEN_V2_PROD_1.0,ASHIANA,NSE_EQ|ASHIANA,NSE,EQUITY,CERTIFIED_CLEAN_886,74,2026-10-01T14:32:15.021368+05:30,2026-10-01T14:32:29.776731+05:30,2026-10-01T14:32:29.776731+05:30,2026-10-01T14:32:29.776731+05:30,FULLY_EVALUABLE,REJECTED,False,NONE,False,True,QUALITY_GATE,FAIL_ROCE
e715b83a3ce74f4ba7763b844d98ffbd,QUALITY_COMPOUNDER_VALUE_V2_FINAL,Quality Compounder Value V2 Final,FROZEN_V2_PROD_1.0,ASHOKA,NSE_EQ|ASHOKA,NSE,EQUITY,CERTIFIED_CLEAN_886,75,2026-10-01T14:32:15.021368+05:30,2026-10-01T14:32:29.792307+05:30,2026-10-01T14:32:29.792307+05:30,2026-10-01T14:32:29.792307+05:30,FULLY_EVALUABLE,REJECTED,False,NONE,False,True,QUALITY_GATE,FAIL_SALES_CAGR
e715b83a3ce74f4ba7763b844d98ffbd,QUALITY_COMPOUNDER_VALUE_V2_FINAL,Quality Compounder Value V2 Final,FROZEN_V2_PROD_1.0,ASHOKLEY,NSE_EQ|ASHOKLEY,NSE,EQUITY,CERTIFIED_CLEAN_886,76,2026-10-01T14:32:15.021368+05:30,2026-10-01T14:32:29.803884+05:30,2026-10-01T14:32:29.803884+05:30,2026-10-01T14:32:29.803884+05:30,FULLY_EVALUABLE,REJECTED,False,NONE,False,True,QUALITY_GATE,FAIL_ROCE
e715b83a3ce74f4ba7763b844d98ffbd,QUALITY_COMPOUNDER_VALUE_V2_FINAL,Quality Compounder Value V2 Final,FROZEN_V2_PROD_1.0,ASIANPAINT,NSE_EQ|ASIANPAINT,NSE,EQUITY,CERTIFIED_CLEAN_886,77,2026-10-01T14:32:15.021368+05:30,2026-10-01T14:32:29.815348+05:30,2026-10-01T14:32:29.815348+05:30,2026-10-01T14:32:29.815348+05:30,FULLY_EVALUABLE,REJECTED,False,NONE,False,True,QUALITY_GATE,FAIL_PAT_CAGR
e715b83a3ce74f4ba7763b844d98ffbd,QUALITY_COMPOUNDER_VALUE_V2_FINAL,Quality Compounder Value V2 Final,FROZEN_V2_PROD_1.0,ASKAUTOLTD,NSE_EQ|ASKAUTOLTD,NSE,EQUITY,CERTIFIED_CLEAN_886,78,2026-10-01T14:32:15.021368+05:30,2026-10-01T14:32:29.828450+05:30,2026-10-01T14:32:29.828450+05:30,2026-10-01T14:32:29.828450+05:30,FULLY_EVALUABLE,REJECTED,False,NONE,False,True,QUALITY_GATE,FAIL_DEBT
e715b83a3ce74f4ba7763b844d98ffbd,QUALITY_COMPOUNDER_VALUE_V2_FINAL,Quality Compounder Value V2 Final,FROZEN_V2_PROD_1.0,ASTERDM,NSE_EQ|ASTERDM,NSE,EQUITY,CERTIFIED_CLEAN_886,79,2026-10-01T14:32:15.021368+05:30,2026-10-01T14:32:29.839722+05:30,2026-10-01T14:32:29.839722+05:30,2026-10-01T14:32:29.839722+05:30,FULLY_EVALUABLE,REJECTED,False,NONE,False,True,QUALITY_GATE,FAIL_ROCE
e715b83a3ce74f4ba7763b844d98ffbd,QUALITY_COMPOUNDER_VALUE_V2_FINAL,Quality Compounder Value V2 Final,FROZEN_V2_PROD_1.0,ASTRAL,NSE_EQ|ASTRAL,NSE,EQUITY,CERTIFIED_CLEAN_886,80,2026-10-01T14:32:15.021368+05:30,2026-10-01T14:32:29.850550+05:30,2026-10-01T14:32:29.850550+05:30,2026-10-01T14:32:29.850550+05:30,FULLY_EVALUABLE,REJECTED,False,NONE,False,True,QUALITY_GATE,FAIL_PAT_CAGR
e715b83a3ce74f4ba7763b844d98ffbd,QUALITY_COMPOUNDER_VALUE_V2_FINAL,Quality Compounder Value V2 Final,FROZEN_V2_PROD_1.0,ASTRAMICRO,NSE_EQ|ASTRAMICRO,NSE,EQUITY,CERTIFIED_CLEAN_886,81,2026-10-01T14:32:15.021368+05:30,2026-10-01T14:32:29.861165+05:30,2026-10-01T14:32:29.861165+05:30,2026-10-01T14:32:29.861165+05:30,FULLY_EVALUABLE,REJECTED,False,NONE,False,True,QUALITY_GATE,FAIL_CFO_PAT
e715b83a3ce74f4ba7763b844d98ffbd,QUALITY_COMPOUNDER_VALUE_V2_FINAL,Quality Compounder Value V2 Final,FROZEN_V2_PROD_1.0,ASTRAZEN,NSE_EQ|ASTRAZEN,NSE,EQUITY,CERTIFIED_CLEAN_886,82,2026-10-01T14:32:15.021368+05:30,2026-10-01T14:32:29.870551+05:30,2026-10-01T14:32:29.870551+05:30,2026-10-01T14:32:29.870551+05:30,FULLY_EVALUABLE,REJECTED,False,NONE,False,True,QUALITY_GATE,FAIL_CFO_PAT
e715b83a3ce74f4ba7763b844d98ffbd,QUALITY_COMPOUNDER_VALUE_V2_FINAL,Quality Compounder Value V2 Final,FROZEN_V2_PROD_1.0,ATGL,NSE_EQ|ATGL,NSE,EQUITY,CERTIFIED_CLEAN_886,83,2026-10-01T14:32:15.021368+05:30,2026-10-01T14:32:29.881640+05:30,2026-10-01T14:32:29.881640+05:30,2026-10-01T14:32:29.881640+05:30,FULLY_EVALUABLE,REJECTED,False,NONE,False,True,QUALITY_GATE,FAIL_PAT_CAGR
e715b83a3ce74f4ba7763b844d98ffbd,QUALITY_COMPOUNDER_VALUE_V2_FINAL,Quality Compounder Value V2 Final,FROZEN_V2_PROD_1.0,ATUL,NSE_EQ|ATUL,NSE,EQUITY,CERTIFIED_CLEAN_886,84,2026-10-01T14:32:15.021368+05:30,2026-10-01T14:32:29.893118+05:30,2026-10-01T14:32:29.893118+05:30,2026-10-01T14:32:29.893118+05:30,FULLY_EVALUABLE,REJECTED,False,NONE,False,True,QUALITY_GATE,FAIL_ROCE
e715b83a3ce74f4ba7763b844d98ffbd,QUALITY_COMPOUNDER_VALUE_V2_FINAL,Quality Compounder Value V2 Final,FROZEN_V2_PROD_1.0,ATULAUTO,NSE_EQ|ATULAUTO,NSE,EQUITY,CERTIFIED_CLEAN_886,85,2026-10-01T14:32:15.021368+05:30,2026-10-01T14:32:29.902145+05:30,2026-10-01T14:32:29.902145+05:30,2026-10-01T14:32:29.902145+05:30,FULLY_EVALUABLE,REJECTED,False,NONE,False,True,QUALITY_GATE,FAIL_ROCE
e715b83a3ce74f4ba7763b844d98ffbd,QUALITY_COMPOUNDER_VALUE_V2_FINAL,Quality Compounder Value V2 Final,FROZEN_V2_PROD_1.0,AUBANK,NSE_EQ|AUBANK,NSE,EQUITY,CERTIFIED_CLEAN_886,86,2026-10-01T14:32:15.021368+05:30,2026-10-01T14:32:29.913689+05:30,2026-10-01T14:32:29.913689+05:30,2026-10-01T14:32:29.913689+05:30,FULLY_EVALUABLE,REJECTED,False,NONE,False,True,QUALITY_GATE,METRIC_NOT_APPLICABLE_FINANCIAL
e715b83a3ce74f4ba7763b844d98ffbd,QUALITY_COMPOUNDER_VALUE_V2_FINAL,Quality Compounder Value V2 Final,FROZEN_V2_PROD_1.0,AURIONPRO,NSE_EQ|AURIONPRO,NSE,EQUITY,CERTIFIED_CLEAN_886,87,2026-10-01T14:32:15.021368+05:30,2026-10-01T14:32:29.925520+05:30,2026-10-01T14:32:29.925520+05:30,2026-10-01T14:32:29.925520+05:30,FULLY_EVALUABLE,REJECTED,False,NONE,False,True,QUALITY_GATE,FAIL_PAT_CAGR
e715b83a3ce74f4ba7763b844d98ffbd,QUALITY_COMPOUNDER_VALUE_V2_FINAL,Quality Compounder Value V2 Final,FROZEN_V2_PROD_1.0,AUROPHARMA,NSE_EQ|AUROPHARMA,NSE,EQUITY,CERTIFIED_CLEAN_886,88,2026-10-01T14:32:15.021368+05:30,2026-10-01T14:32:29.934728+05:30,2026-10-01T14:32:29.934728+05:30,2026-10-01T14:32:29.934728+05:30,FULLY_EVALUABLE,REJECTED,False,NONE,False,True,QUALITY_GATE,FAIL_ROCE
e715b83a3ce74f4ba7763b844d98ffbd,QUALITY_COMPOUNDER_VALUE_V2_FINAL,Quality Compounder Value V2 Final,FROZEN_V2_PROD_1.0,AUTOAXLES,NSE_EQ|AUTOAXLES,NSE,EQUITY,CERTIFIED_CLEAN_886,89,2026-10-01T14:32:15.021368+05:30,2026-10-01T14:32:29.945827+05:30,2026-10-01T14:32:29.945827+05:30,2026-10-01T14:32:29.945827+05:30,FULLY_EVALUABLE,REJECTED,False,NONE,False,True,QUALITY_GATE,FAIL_LIQUIDITY
e715b83a3ce74f4ba7763b844d98ffbd,QUALITY_COMPOUNDER_VALUE_V2_FINAL,Quality Compounder Value V2 Final,FROZEN_V2_PROD_1.0,AVALON,NSE_EQ|AVALON,NSE,EQUITY,CERTIFIED_CLEAN_886,90,2026-10-01T14:32:15.021368+05:30,2026-10-01T14:32:29.957181+05:30,2026-10-01T14:32:29.957181+05:30,2026-10-01T14:32:29.957181+05:30,FULLY_EVALUABLE,REJECTED,False,NONE,False,True,QUALITY_GATE,FAIL_CFO_PAT
e715b83a3ce74f4ba7763b844d98ffbd,QUALITY_COMPOUNDER_VALUE_V2_FINAL,Quality Compounder Value V2 Final,FROZEN_V2_PROD_1.0,AVANTIFEED,NSE_EQ|AVANTIFEED,NSE,EQUITY,CERTIFIED_CLEAN_886,91,2026-10-01T14:32:15.021368+05:30,2026-10-01T14:32:29.969127+05:30,2026-10-01T14:32:29.969127+05:30,2026-10-01T14:32:29.969127+05:30,FULLY_EVALUABLE,REJECTED,False,NONE,False,True,QUALITY_GATE,FAIL_SALES_CAGR
e715b83a3ce74f4ba7763b844d98ffbd,QUALITY_COMPOUNDER_VALUE_V2_FINAL,Quality Compounder Value V2 Final,FROZEN_V2_PROD_1.0,AVL,NSE_EQ|AVL,NSE,EQUITY,CERTIFIED_CLEAN_886,92,2026-10-01T14:32:15.021368+05:30,2026-10-01T14:32:29.980038+05:30,2026-10-01T14:32:29.980038+05:30,2026-10-01T14:32:29.980038+05:30,FULLY_EVALUABLE,REJECTED,False,NONE,False,True,QUALITY_GATE,FAIL_CFO_PAT
e715b83a3ce74f4ba7763b844d98ffbd,QUALITY_COMPOUNDER_VALUE_V2_FINAL,Quality Compounder Value V2 Final,FROZEN_V2_PROD_1.0,AWFIS,NSE_EQ|AWFIS,NSE,EQUITY,CERTIFIED_CLEAN_886,93,2026-10-01T14:32:15.021368+05:30,2026-10-01T14:32:29.991028+05:30,2026-10-01T14:32:29.991028+05:30,2026-10-01T14:32:29.991028+05:30,FULLY_EVALUABLE,REJECTED,False,NONE,False,True,QUALITY_GATE,FAIL_ROCE
e715b83a3ce74f4ba7763b844d98ffbd,QUALITY_COMPOUNDER_VALUE_V2_FINAL,Quality Compounder Value V2 Final,FROZEN_V2_PROD_1.0,AWHCL,NSE_EQ|AWHCL,NSE,EQUITY,CERTIFIED_CLEAN_886,94,2026-10-01T14:32:15.021368+05:30,2026-10-01T14:32:29.999928+05:30,2026-10-01T14:32:29.999928+05:30,2026-10-01T14:32:29.999928+05:30,FULLY_EVALUABLE,REJECTED,False,NONE,False,True,QUALITY_GATE,FAIL_ROCE
e715b83a3ce74f4ba7763b844d98ffbd,QUALITY_COMPOUNDER_VALUE_V2_FINAL,Quality Compounder Value V2 Final,FROZEN_V2_PROD_1.0,AWL,NSE_EQ|AWL,NSE,EQUITY,CERTIFIED_CLEAN_886,95,2026-10-01T14:32:15.021368+05:30,2026-10-01T14:32:30.010888+05:30,2026-10-01T14:32:30.010888+05:30,2026-10-01T14:32:30.010888+05:30,FULLY_EVALUABLE,REJECTED,False,NONE,False,True,QUALITY_GATE,FAIL_PAT_CAGR
e715b83a3ce74f4ba7763b844d98ffbd,QUALITY_COMPOUNDER_VALUE_V2_FINAL,Quality Compounder Value V2 Final,FROZEN_V2_PROD_1.0,AXISBANK,NSE_EQ|AXISBANK,NSE,EQUITY,CERTIFIED_CLEAN_886,96,2026-10-01T14:32:15.021368+05:30,2026-10-01T14:32:30.020253+05:30,2026-10-01T14:32:30.020253+05:30,2026-10-01T14:32:30.020253+05:30,FULLY_EVALUABLE,REJECTED,False,NONE,False,True,QUALITY_GATE,METRIC_NOT_APPLICABLE_FINANCIAL
e715b83a3ce74f4ba7763b844d98ffbd,QUALITY_COMPOUNDER_VALUE_V2_FINAL,Quality Compounder Value V2 Final,FROZEN_V2_PROD_1.0,AXISCADES,NSE_EQ|AXISCADES,NSE,EQUITY,CERTIFIED_CLEAN_886,97,2026-10-01T14:32:15.021368+05:30,2026-10-01T14:32:30.029493+05:30,2026-10-01T14:32:30.029493+05:30,2026-10-01T14:32:30.029493+05:30,FULLY_EVALUABLE,REJECTED,False,NONE,False,True,QUALITY_GATE,FAIL_PAT_CAGR
e715b83a3ce74f4ba7763b844d98ffbd,QUALITY_COMPOUNDER_VALUE_V2_FINAL,Quality Compounder Value V2 Final,FROZEN_V2_PROD_1.0,AYE,NSE_EQ|AYE,NSE,EQUITY,CERTIFIED_CLEAN_886,98,2026-10-01T14:32:15.021368+05:30,2026-10-01T14:32:30.039487+05:30,2026-10-01T14:32:30.039487+05:30,2026-10-01T14:32:30.039487+05:30,FULLY_EVALUABLE,REJECTED,False,NONE,False,True,QUALITY_GATE,METRIC_NOT_APPLICABLE_FINANCIAL
e715b83a3ce74f4ba7763b844d98ffbd,QUALITY_COMPOUNDER_VALUE_V2_FINAL,Quality Compounder Value V2 Final,FROZEN_V2_PROD_1.0,AZAD,NSE_EQ|AZAD,NSE,EQUITY,CERTIFIED_CLEAN_886,99,2026-10-01T14:32:15.021368+05:30,2026-10-01T14:32:30.050400+05:30,2026-10-01T14:32:30.050400+05:30,2026-10-01T14:32:30.050400+05:30,FULLY_EVALUABLE,REJECTED,False,NONE,False,True,QUALITY_GATE,FAIL_CFO_PAT
e715b83a3ce74f4ba7763b844d98ffbd,QUALITY_COMPOUNDER_VALUE_V2_FINAL,Quality Compounder Value V2 Final,FROZEN_V2_PROD_1.0,BAJAJCON,NSE_EQ|BAJAJCON,NSE,EQUITY,CERTIFIED_CLEAN_886,100,2026-10-01T14:32:15.021368+05:30,2026-10-01T14:32:30.065502+05:30,2026-10-01T14:32:30.065502+05:30,2026-10-01T14:32:30.065502+05:30,FULLY_EVALUABLE,REJECTED,False,NONE,False,True,QUALITY_GATE,FAIL_SALES_CAGR
e715b83a3ce74f4ba7763b844d98ffbd,QUALITY_COMPOUNDER_VALUE_V2_FINAL,Quality Compounder Value V2 Final,FROZEN_V2_PROD_1.0,BAJAJFINSV,NSE_EQ|BAJAJFINSV,NSE,EQUITY,CERTIFIED_CLEAN_886,101,2026-10-01T14:32:15.021368+05:30,2026-10-01T14:32:30.077237+05:30,2026-10-01T14:32:30.077237+05:30,2026-10-01T14:32:30.077237+05:30,FULLY_EVALUABLE,REJECTED,False,NONE,False,True,QUALITY_GATE,METRIC_NOT_APPLICABLE_FINANCIAL
e715b83a3ce74f4ba7763b844d98ffbd,QUALITY_COMPOUNDER_VALUE_V2_FINAL,Quality Compounder Value V2 Final,FROZEN_V2_PROD_1.0,BAJAJHLDNG,NSE_EQ|BAJAJHLDNG,NSE,EQUITY,CERTIFIED_CLEAN_886,102,2026-10-01T14:32:15.021368+05:30,2026-10-01T14:32:30.088755+05:30,2026-10-01T14:32:30.088755+05:30,2026-10-01T14:32:30.088755+05:30,FULLY_EVALUABLE,REJECTED,False,NONE,False,True,QUALITY_GATE,FAIL_ROCE
e715b83a3ce74f4ba7763b844d98ffbd,QUALITY_COMPOUNDER_VALUE_V2_FINAL,Quality Compounder Value V2 Final,FROZEN_V2_PROD_1.0,BAJFINANCE,NSE_EQ|BAJFINANCE,NSE,EQUITY,CERTIFIED_CLEAN_886,103,2026-10-01T14:32:15.021368+05:30,2026-10-01T14:32:30.098301+05:30,2026-10-01T14:32:30.098301+05:30,2026-10-01T14:32:30.098301+05:30,FULLY_EVALUABLE,REJECTED,False,NONE,False,True,QUALITY_GATE,METRIC_NOT_APPLICABLE_FINANCIAL
e715b83a3ce74f4ba7763b844d98ffbd,QUALITY_COMPOUNDER_VALUE_V2_FINAL,Quality Compounder Value V2 Final,FROZEN_V2_PROD_1.0,BALAMINES,NSE_EQ|BALAMINES,NSE,EQUITY,CERTIFIED_CLEAN_886,104,2026-10-01T14:32:15.021368+05:30,2026-10-01T14:32:30.109892+05:30,2026-10-01T14:32:30.109892+05:30,2026-10-01T14:32:30.109892+05:30,FULLY_EVALUABLE,REJECTED,False,NONE,False,True,QUALITY_GATE,FAIL_SALES_CAGR
e715b83a3ce74f4ba7763b844d98ffbd,QUALITY_COMPOUNDER_VALUE_V2_FINAL,Quality Compounder Value V2 Final,FROZEN_V2_PROD_1.0,BALKRISIND,NSE_EQ|BALKRISIND,NSE,EQUITY,CERTIFIED_CLEAN_886,105,2026-10-01T14:32:15.021368+05:30,2026-10-01T14:32:30.121267+05:30,2026-10-01T14:32:30.121267+05:30,2026-10-01T14:32:30.121267+05:30,FULLY_EVALUABLE,REJECTED,False,NONE,False,True,QUALITY_GATE,FAIL_PAT_CAGR
e715b83a3ce74f4ba7763b844d98ffbd,QUALITY_COMPOUNDER_VALUE_V2_FINAL,Quality Compounder Value V2 Final,FROZEN_V2_PROD_1.0,BALMLAWRIE,NSE_EQ|BALMLAWRIE,NSE,EQUITY,CERTIFIED_CLEAN_886,106,2026-10-01T14:32:15.021368+05:30,2026-10-01T14:32:30.133799+05:30,2026-10-01T14:32:30.133799+05:30,2026-10-01T14:32:30.133799+05:30,FULLY_EVALUABLE,REJECTED,False,NONE,False,True,QUALITY_GATE,FAIL_ROCE
e715b83a3ce74f4ba7763b844d98ffbd,QUALITY_COMPOUNDER_VALUE_V2_FINAL,Quality Compounder Value V2 Final,FROZEN_V2_PROD_1.0,BALRAMCHIN,NSE_EQ|BALRAMCHIN,NSE,EQUITY,CERTIFIED_CLEAN_886,107,2026-10-01T14:32:15.021368+05:30,2026-10-01T14:32:30.146290+05:30,2026-10-01T14:32:30.146290+05:30,2026-10-01T14:32:30.146290+05:30,FULLY_EVALUABLE,REJECTED,False,NONE,False,True,QUALITY_GATE,FAIL_ROCE
e715b83a3ce74f4ba7763b844d98ffbd,QUALITY_COMPOUNDER_VALUE_V2_FINAL,Quality Compounder Value V2 Final,FROZEN_V2_PROD_1.0,BALUFORGE,NSE_EQ|BALUFORGE,NSE,EQUITY,CERTIFIED_CLEAN_886,108,2026-10-01T14:32:15.021368+05:30,2026-10-01T14:32:30.158096+05:30,2026-10-01T14:32:30.158096+05:30,2026-10-01T14:32:30.158096+05:30,FULLY_EVALUABLE,REJECTED,False,NONE,False,True,QUALITY_GATE,FAIL_CFO_PAT
e715b83a3ce74f4ba7763b844d98ffbd,QUALITY_COMPOUNDER_VALUE_V2_FINAL,Quality Compounder Value V2 Final,FROZEN_V2_PROD_1.0,BANARISUG,NSE_EQ|BANARISUG,NSE,EQUITY,CERTIFIED_CLEAN_886,109,2026-10-01T14:32:15.021368+05:30,2026-10-01T14:32:30.167953+05:30,2026-10-01T14:32:30.167953+05:30,2026-10-01T14:32:30.167953+05:30,FULLY_EVALUABLE,REJECTED,False,NONE,False,True,QUALITY_GATE,FAIL_LIQUIDITY
e715b83a3ce74f4ba7763b844d98ffbd,QUALITY_COMPOUNDER_VALUE_V2_FINAL,Quality Compounder Value V2 Final,FROZEN_V2_PROD_1.0,BANCOINDIA,NSE_EQ|BANCOINDIA,NSE,EQUITY,CERTIFIED_CLEAN_886,110,2026-10-01T14:32:15.021368+05:30,2026-10-01T14:32:30.178492+05:30,2026-10-01T14:32:30.178492+05:30,2026-10-01T14:32:30.178492+05:30,FULLY_EVALUABLE,REJECTED,False,NONE,False,True,QUALITY_GATE,FAIL_CFO_PAT
e715b83a3ce74f4ba7763b844d98ffbd,QUALITY_COMPOUNDER_VALUE_V2_FINAL,Quality Compounder Value V2 Final,FROZEN_V2_PROD_1.0,BANKBARODA,NSE_EQ|BANKBARODA,NSE,EQUITY,CERTIFIED_CLEAN_886,111,2026-10-01T14:32:15.021368+05:30,2026-10-01T14:32:30.189939+05:30,2026-10-01T14:32:30.189939+05:30,2026-10-01T14:32:30.189939+05:30,FULLY_EVALUABLE,REJECTED,False,NONE,False,True,QUALITY_GATE,METRIC_NOT_APPLICABLE_FINANCIAL
e715b83a3ce74f4ba7763b844d98ffbd,QUALITY_COMPOUNDER_VALUE_V2_FINAL,Quality Compounder Value V2 Final,FROZEN_V2_PROD_1.0,BANKINDIA,NSE_EQ|BANKINDIA,NSE,EQUITY,CERTIFIED_CLEAN_886,112,2026-10-01T14:32:15.021368+05:30,2026-10-01T14:32:30.200027+05:30,2026-10-01T14:32:30.200027+05:30,2026-10-01T14:32:30.200027+05:30,FULLY_EVALUABLE,REJECTED,False,NONE,False,True,QUALITY_GATE,METRIC_NOT_APPLICABLE_FINANCIAL
e715b83a3ce74f4ba7763b844d98ffbd,QUALITY_COMPOUNDER_VALUE_V2_FINAL,Quality Compounder Value V2 Final,FROZEN_V2_PROD_1.0,BANSALWIRE,NSE_EQ|BANSALWIRE,NSE,EQUITY,CERTIFIED_CLEAN_886,113,2026-10-01T14:32:15.021368+05:30,2026-10-01T14:32:30.210487+05:30,2026-10-01T14:32:30.210487+05:30,2026-10-01T14:32:30.210487+05:30,FULLY_EVALUABLE,REJECTED,False,NONE,False,True,QUALITY_GATE,FAIL_CFO_PAT
e715b83a3ce74f4ba7763b844d98ffbd,QUALITY_COMPOUNDER_VALUE_V2_FINAL,Quality Compounder Value V2 Final,FROZEN_V2_PROD_1.0,BASF,NSE_EQ|BASF,NSE,EQUITY,CERTIFIED_CLEAN_886,114,2026-10-01T14:32:15.021368+05:30,2026-10-01T14:32:30.221976+05:30,2026-10-01T14:32:30.221976+05:30,2026-10-01T14:32:30.221976+05:30,FULLY_EVALUABLE,REJECTED,False,NONE,False,True,QUALITY_GATE,FAIL_CFO_PAT
e715b83a3ce74f4ba7763b844d98ffbd,QUALITY_COMPOUNDER_VALUE_V2_FINAL,Quality Compounder Value V2 Final,FROZEN_V2_PROD_1.0,BATAINDIA,NSE_EQ|BATAINDIA,NSE,EQUITY,CERTIFIED_CLEAN_886,115,2026-10-01T14:32:15.021368+05:30,2026-10-01T14:32:30.230527+05:30,2026-10-01T14:32:30.230527+05:30,2026-10-01T14:32:30.230527+05:30,FULLY_EVALUABLE,REJECTED,False,NONE,False,True,QUALITY_GATE,FAIL_PAT_CAGR
e715b83a3ce74f4ba7763b844d98ffbd,QUALITY_COMPOUNDER_VALUE_V2_FINAL,Quality Compounder Value V2 Final,FROZEN_V2_PROD_1.0,BAYERCROP,NSE_EQ|BAYERCROP,NSE,EQUITY,CERTIFIED_CLEAN_886,116,2026-10-01T14:32:15.021368+05:30,2026-10-01T14:32:30.240198+05:30,2026-10-01T14:32:30.240198+05:30,2026-10-01T14:32:30.240198+05:30,FULLY_EVALUABLE,REJECTED,False,NONE,False,True,QUALITY_GATE,FAIL_SALES_CAGR
e715b83a3ce74f4ba7763b844d98ffbd,QUALITY_COMPOUNDER_VALUE_V2_FINAL,Quality Compounder Value V2 Final,FROZEN_V2_PROD_1.0,BBOX,NSE_EQ|BBOX,NSE,EQUITY,CERTIFIED_CLEAN_886,117,2026-10-01T14:32:15.021368+05:30,2026-10-01T14:32:30.251719+05:30,2026-10-01T14:32:30.251719+05:30,2026-10-01T14:32:30.251719+05:30,FULLY_EVALUABLE,REJECTED,False,NONE,False,True,QUALITY_GATE,FAIL_SALES_CAGR
e715b83a3ce74f4ba7763b844d98ffbd,QUALITY_COMPOUNDER_VALUE_V2_FINAL,Quality Compounder Value V2 Final,FROZEN_V2_PROD_1.0,BBTC,NSE_EQ|BBTC,NSE,EQUITY,CERTIFIED_CLEAN_886,118,2026-10-01T14:32:15.021368+05:30,2026-10-01T14:32:30.263008+05:30,2026-10-01T14:32:30.263008+05:30,2026-10-01T14:32:30.263008+05:30,FULLY_EVALUABLE,REJECTED,False,NONE,False,True,QUALITY_GATE,FAIL_SALES_CAGR
e715b83a3ce74f4ba7763b844d98ffbd,QUALITY_COMPOUNDER_VALUE_V2_FINAL,Quality Compounder Value V2 Final,FROZEN_V2_PROD_1.0,BDL,NSE_EQ|BDL,NSE,EQUITY,CERTIFIED_CLEAN_886,119,2026-10-01T14:32:15.021368+05:30,2026-10-01T14:32:30.275177+05:30,2026-10-01T14:32:30.275177+05:30,2026-10-01T14:32:30.275177+05:30,FULLY_EVALUABLE,REJECTED,False,NONE,False,True,QUALITY_GATE,FAIL_SALES_CAGR
e715b83a3ce74f4ba7763b844d98ffbd,QUALITY_COMPOUNDER_VALUE_V2_FINAL,Quality Compounder Value V2 Final,FROZEN_V2_PROD_1.0,BEL,NSE_EQ|BEL,NSE,EQUITY,CERTIFIED_CLEAN_886,120,2026-10-01T14:32:15.021368+05:30,2026-10-01T14:32:30.289292+05:30,2026-10-01T14:32:30.289292+05:30,2026-10-01T14:32:30.289292+05:30,FULLY_EVALUABLE,REJECTED,False,NONE,False,True,QUALITY_GATE,FAIL_CFO_PAT
e715b83a3ce74f4ba7763b844d98ffbd,QUALITY_COMPOUNDER_VALUE_V2_FINAL,Quality Compounder Value V2 Final,FROZEN_V2_PROD_1.0,BELRISE,NSE_EQ|BELRISE,NSE,EQUITY,CERTIFIED_CLEAN_886,121,2026-10-01T14:32:15.021368+05:30,2026-10-01T14:32:30.301832+05:30,2026-10-01T14:32:30.301832+05:30,2026-10-01T14:32:30.301832+05:30,FULLY_EVALUABLE,REJECTED,False,NONE,False,True,QUALITY_GATE,FAIL_ROCE
e715b83a3ce74f4ba7763b844d98ffbd,QUALITY_COMPOUNDER_VALUE_V2_FINAL,Quality Compounder Value V2 Final,FROZEN_V2_PROD_1.0,BENGALASM,NSE_EQ|BENGALASM,NSE,EQUITY,CERTIFIED_CLEAN_886,122,2026-10-01T14:32:15.021368+05:30,2026-10-01T14:32:30.309119+05:30,2026-10-01T14:32:30.309119+05:30,2026-10-01T14:32:30.309119+05:30,FULLY_EVALUABLE,REJECTED,False,NONE,False,True,QUALITY_GATE,METRIC_NOT_APPLICABLE_FINANCIAL
e715b83a3ce74f4ba7763b844d98ffbd,QUALITY_COMPOUNDER_VALUE_V2_FINAL,Quality Compounder Value V2 Final,FROZEN_V2_PROD_1.0,BERGEPAINT,NSE_EQ|BERGEPAINT,NSE,EQUITY,CERTIFIED_CLEAN_886,123,2026-10-01T14:32:15.021368+05:30,2026-10-01T14:32:30.320636+05:30,2026-10-01T14:32:30.320636+05:30,2026-10-01T14:32:30.320636+05:30,FULLY_EVALUABLE,REJECTED,False,NONE,False,True,QUALITY_GATE,FAIL_PAT_CAGR
e715b83a3ce74f4ba7763b844d98ffbd,QUALITY_COMPOUNDER_VALUE_V2_FINAL,Quality Compounder Value V2 Final,FROZEN_V2_PROD_1.0,BETA,NSE_EQ|BETA,NSE,EQUITY,CERTIFIED_CLEAN_886,124,2026-10-01T14:32:15.021368+05:30,2026-10-01T14:32:30.335426+05:30,2026-10-01T14:32:30.335426+05:30,2026-10-01T14:32:30.335426+05:30,FULLY_EVALUABLE,REJECTED,False,NONE,False,True,QUALITY_GATE,FAIL_DEBT
e715b83a3ce74f4ba7763b844d98ffbd,QUALITY_COMPOUNDER_VALUE_V2_FINAL,Quality Compounder Value V2 Final,FROZEN_V2_PROD_1.0,BFUTILITIE,NSE_EQ|BFUTILITIE,NSE,EQUITY,CERTIFIED_CLEAN_886,125,2026-10-01T14:32:15.021368+05:30,2026-10-01T14:32:30.345921+05:30,2026-10-01T14:32:30.345921+05:30,2026-10-01T14:32:30.345921+05:30,FULLY_EVALUABLE,REJECTED,False,NONE,False,True,QUALITY_GATE,FAIL_DEBT
e715b83a3ce74f4ba7763b844d98ffbd,QUALITY_COMPOUNDER_VALUE_V2_FINAL,Quality Compounder Value V2 Final,FROZEN_V2_PROD_1.0,BHAGYANGR,NSE_EQ|BHAGYANGR,NSE,EQUITY,CERTIFIED_CLEAN_886,126,2026-10-01T14:32:15.021368+05:30,2026-10-01T14:32:30.367020+05:30,2026-10-01T14:32:30.367020+05:30,2026-10-01T14:32:30.367020+05:30,FULLY_EVALUABLE,REJECTED,False,NONE,False,True,QUALITY_GATE,FAIL_ROCE
e715b83a3ce74f4ba7763b844d98ffbd,QUALITY_COMPOUNDER_VALUE_V2_FINAL,Quality Compounder Value V2 Final,FROZEN_V2_PROD_1.0,BHARATFORG,NSE_EQ|BHARATFORG,NSE,EQUITY,CERTIFIED_CLEAN_886,127,2026-10-01T14:32:15.021368+05:30,2026-10-01T14:32:30.380222+05:30,2026-10-01T14:32:30.380222+05:30,2026-10-01T14:32:30.380222+05:30,FULLY_EVALUABLE,REJECTED,False,NONE,False,True,QUALITY_GATE,FAIL_ROCE
e715b83a3ce74f4ba7763b844d98ffbd,QUALITY_COMPOUNDER_VALUE_V2_FINAL,Quality Compounder Value V2 Final,FROZEN_V2_PROD_1.0,BHARATRAS,NSE_EQ|BHARATRAS,NSE,EQUITY,CERTIFIED_CLEAN_886,128,2026-10-01T14:32:15.021368+05:30,2026-10-01T14:32:30.390927+05:30,2026-10-01T14:32:30.390927+05:30,2026-10-01T14:32:30.390927+05:30,FULLY_EVALUABLE,REJECTED,False,NONE,False,True,QUALITY_GATE,FAIL_LIQUIDITY
e715b83a3ce74f4ba7763b844d98ffbd,QUALITY_COMPOUNDER_VALUE_V2_FINAL,Quality Compounder Value V2 Final,FROZEN_V2_PROD_1.0,BHARATSE,NSE_EQ|BHARATSE,NSE,EQUITY,CERTIFIED_CLEAN_886,129,2026-10-01T14:32:15.021368+05:30,2026-10-01T14:32:30.401386+05:30,2026-10-01T14:32:30.401386+05:30,2026-10-01T14:32:30.401386+05:30,FULLY_EVALUABLE,REJECTED,False,NONE,False,True,VALUATION_GATE,FAIL_VALUATION
e715b83a3ce74f4ba7763b844d98ffbd,QUALITY_COMPOUNDER_VALUE_V2_FINAL,Quality Compounder Value V2 Final,FROZEN_V2_PROD_1.0,BHARATWIRE,NSE_EQ|BHARATWIRE,NSE,EQUITY,CERTIFIED_CLEAN_886,130,2026-10-01T14:32:15.021368+05:30,2026-10-01T14:32:30.409596+05:30,2026-10-01T14:32:30.409596+05:30,2026-10-01T14:32:30.409596+05:30,FULLY_EVALUABLE,REJECTED,False,NONE,False,True,QUALITY_GATE,FAIL_ROCE
e715b83a3ce74f4ba7763b844d98ffbd,QUALITY_COMPOUNDER_VALUE_V2_FINAL,Quality Compounder Value V2 Final,FROZEN_V2_PROD_1.0,BHARTIARTL,NSE_EQ|BHARTIARTL,NSE,EQUITY,CERTIFIED_CLEAN_886,131,2026-10-01T14:32:15.021368+05:30,2026-10-01T14:32:30.417516+05:30,2026-10-01T14:32:30.417516+05:30,2026-10-01T14:32:30.417516+05:30,FULLY_EVALUABLE,REJECTED,False,NONE,False,True,QUALITY_GATE,FAIL_ROCE
e715b83a3ce74f4ba7763b844d98ffbd,QUALITY_COMPOUNDER_VALUE_V2_FINAL,Quality Compounder Value V2 Final,FROZEN_V2_PROD_1.0,BHARTIHEXA,NSE_EQ|BHARTIHEXA,NSE,EQUITY,CERTIFIED_CLEAN_886,132,2026-10-01T14:32:15.021368+05:30,2026-10-01T14:32:30.425310+05:30,2026-10-01T14:32:30.425310+05:30,2026-10-01T14:32:30.425310+05:30,FULLY_EVALUABLE,REJECTED,False,NONE,False,True,QUALITY_GATE,FAIL_ROCE
e715b83a3ce74f4ba7763b844d98ffbd,QUALITY_COMPOUNDER_VALUE_V2_FINAL,Quality Compounder Value V2 Final,FROZEN_V2_PROD_1.0,BIKAJI,NSE_EQ|BIKAJI,NSE,EQUITY,CERTIFIED_CLEAN_886,133,2026-10-01T14:32:15.021368+05:30,2026-10-01T14:32:30.564203+05:30,2026-10-01T14:32:30.564203+05:30,2026-10-01T14:32:30.564203+05:30,FULLY_EVALUABLE,ALERT_BUY,True,BUY,False,False,NONE,PASS
e715b83a3ce74f4ba7763b844d98ffbd,QUALITY_COMPOUNDER_VALUE_V2_FINAL,Quality Compounder Value V2 Final,FROZEN_V2_PROD_1.0,BLACKBUCK,NSE_EQ|BLACKBUCK,NSE,EQUITY,CERTIFIED_CLEAN_886,134,2026-10-01T14:32:15.021368+05:30,2026-10-01T14:32:30.572491+05:30,2026-10-01T14:32:30.572491+05:30,2026-10-01T14:32:30.572491+05:30,FULLY_EVALUABLE,REJECTED,False,NONE,False,True,QUALITY_GATE,FAIL_ROCE
e715b83a3ce74f4ba7763b844d98ffbd,QUALITY_COMPOUNDER_VALUE_V2_FINAL,Quality Compounder Value V2 Final,FROZEN_V2_PROD_1.0,BLISSGVS,NSE_EQ|BLISSGVS,NSE,EQUITY,CERTIFIED_CLEAN_886,135,2026-10-01T14:32:15.021368+05:30,2026-10-01T14:32:30.581119+05:30,2026-10-01T14:32:30.581119+05:30,2026-10-01T14:32:30.581119+05:30,FULLY_EVALUABLE,REJECTED,False,NONE,False,True,QUALITY_GATE,FAIL_ROCE
e715b83a3ce74f4ba7763b844d98ffbd,QUALITY_COMPOUNDER_VALUE_V2_FINAL,Quality Compounder Value V2 Final,FROZEN_V2_PROD_1.0,BLS,NSE_EQ|BLS,NSE,EQUITY,CERTIFIED_CLEAN_886,136,2026-10-01T14:32:15.021368+05:30,2026-10-01T14:32:30.734007+05:30,2026-10-01T14:32:30.734007+05:30,2026-10-01T14:32:30.734007+05:30,FULLY_EVALUABLE,ALERT_BUY,True,BUY,False,False,NONE,PASS
e715b83a3ce74f4ba7763b844d98ffbd,QUALITY_COMPOUNDER_VALUE_V2_FINAL,Quality Compounder Value V2 Final,FROZEN_V2_PROD_1.0,BLSE,NSE_EQ|BLSE,NSE,EQUITY,CERTIFIED_CLEAN_886,137,2026-10-01T14:32:15.021368+05:30,2026-10-01T14:32:30.749833+05:30,2026-10-01T14:32:30.749833+05:30,2026-10-01T14:32:30.749833+05:30,FULLY_EVALUABLE,REJECTED,False,NONE,False,True,VALUATION_GATE,FAIL_VALUATION
e715b83a3ce74f4ba7763b844d98ffbd,QUALITY_COMPOUNDER_VALUE_V2_FINAL,Quality Compounder Value V2 Final,FROZEN_V2_PROD_1.0,BLUEDART,NSE_EQ|BLUEDART,NSE,EQUITY,CERTIFIED_CLEAN_886,138,2026-10-01T14:32:15.021368+05:30,2026-10-01T14:32:30.763413+05:30,2026-10-01T14:32:30.763413+05:30,2026-10-01T14:32:30.763413+05:30,FULLY_EVALUABLE,REJECTED,False,NONE,False,True,QUALITY_GATE,FAIL_DEBT
e715b83a3ce74f4ba7763b844d98ffbd,QUALITY_COMPOUNDER_VALUE_V2_FINAL,Quality Compounder Value V2 Final,FROZEN_V2_PROD_1.0,BLUEJET,NSE_EQ|BLUEJET,NSE,EQUITY,CERTIFIED_CLEAN_886,139,2026-10-01T14:32:15.021368+05:30,2026-10-01T14:32:30.773760+05:30,2026-10-01T14:32:30.773760+05:30,2026-10-01T14:32:30.773760+05:30,FULLY_EVALUABLE,REJECTED,False,NONE,False,True,QUALITY_GATE,FAIL_UNIVERSE_MARKET_CAP
e715b83a3ce74f4ba7763b844d98ffbd,QUALITY_COMPOUNDER_VALUE_V2_FINAL,Quality Compounder Value V2 Final,FROZEN_V2_PROD_1.0,BLUESTARCO,NSE_EQ|BLUESTARCO,NSE,EQUITY,CERTIFIED_CLEAN_886,140,2026-10-01T14:32:15.021368+05:30,2026-10-01T14:32:30.782981+05:30,2026-10-01T14:32:30.782981+05:30,2026-10-01T14:32:30.782981+05:30,FULLY_EVALUABLE,REJECTED,False,NONE,False,True,QUALITY_GATE,FAIL_CFO_PAT
e715b83a3ce74f4ba7763b844d98ffbd,QUALITY_COMPOUNDER_VALUE_V2_FINAL,Quality Compounder Value V2 Final,FROZEN_V2_PROD_1.0,BORORENEW,NSE_EQ|BORORENEW,NSE,EQUITY,CERTIFIED_CLEAN_886,141,2026-10-01T14:32:15.021368+05:30,2026-10-01T14:32:30.791834+05:30,2026-10-01T14:32:30.791834+05:30,2026-10-01T14:32:30.791834+05:30,FULLY_EVALUABLE,REJECTED,False,NONE,False,True,QUALITY_GATE,FAIL_ROCE
e715b83a3ce74f4ba7763b844d98ffbd,QUALITY_COMPOUNDER_VALUE_V2_FINAL,Quality Compounder Value V2 Final,FROZEN_V2_PROD_1.0,BOROSCI,NSE_EQ|BOROSCI,NSE,EQUITY,CERTIFIED_CLEAN_886,142,2026-10-01T14:32:15.021368+05:30,2026-10-01T14:32:30.800152+05:30,2026-10-01T14:32:30.800152+05:30,2026-10-01T14:32:30.800152+05:30,FULLY_EVALUABLE,REJECTED,False,NONE,False,True,QUALITY_GATE,FAIL_ROCE
e715b83a3ce74f4ba7763b844d98ffbd,QUALITY_COMPOUNDER_VALUE_V2_FINAL,Quality Compounder Value V2 Final,FROZEN_V2_PROD_1.0,BOSCHLTD,NSE_EQ|BOSCHLTD,NSE,EQUITY,CERTIFIED_CLEAN_886,143,2026-10-01T14:32:15.021368+05:30,2026-10-01T14:32:30.811400+05:30,2026-10-01T14:32:30.811400+05:30,2026-10-01T14:32:30.811400+05:30,FULLY_EVALUABLE,REJECTED,False,NONE,False,True,QUALITY_GATE,FAIL_CFO_PAT
e715b83a3ce74f4ba7763b844d98ffbd,QUALITY_COMPOUNDER_VALUE_V2_FINAL,Quality Compounder Value V2 Final,FROZEN_V2_PROD_1.0,BPCL,NSE_EQ|BPCL,NSE,EQUITY,CERTIFIED_CLEAN_886,144,2026-10-01T14:32:15.021368+05:30,2026-10-01T14:32:30.819651+05:30,2026-10-01T14:32:30.819651+05:30,2026-10-01T14:32:30.819651+05:30,FULLY_EVALUABLE,REJECTED,False,NONE,False,True,QUALITY_GATE,FAIL_PAT_CAGR
e715b83a3ce74f4ba7763b844d98ffbd,QUALITY_COMPOUNDER_VALUE_V2_FINAL,Quality Compounder Value V2 Final,FROZEN_V2_PROD_1.0,BRIGADE,NSE_EQ|BRIGADE,NSE,EQUITY,CERTIFIED_CLEAN_886,145,2026-10-01T14:32:15.021368+05:30,2026-10-01T14:32:30.829159+05:30,2026-10-01T14:32:30.829159+05:30,2026-10-01T14:32:30.829159+05:30,FULLY_EVALUABLE,REJECTED,False,NONE,False,True,QUALITY_GATE,FAIL_ROCE
e715b83a3ce74f4ba7763b844d98ffbd,QUALITY_COMPOUNDER_VALUE_V2_FINAL,Quality Compounder Value V2 Final,FROZEN_V2_PROD_1.0,BRITANNIA,NSE_EQ|BRITANNIA,NSE,EQUITY,CERTIFIED_CLEAN_886,146,2026-10-01T14:32:15.021368+05:30,2026-10-01T14:32:30.836992+05:30,2026-10-01T14:32:30.836992+05:30,2026-10-01T14:32:30.836992+05:30,FULLY_EVALUABLE,REJECTED,False,NONE,False,True,QUALITY_GATE,FAIL_SALES_CAGR
e715b83a3ce74f4ba7763b844d98ffbd,QUALITY_COMPOUNDER_VALUE_V2_FINAL,Quality Compounder Value V2 Final,FROZEN_V2_PROD_1.0,BSE,NSE_EQ|BSE,NSE,EQUITY,CERTIFIED_CLEAN_886,147,2026-10-01T14:32:15.021368+05:30,2026-10-01T14:32:30.846359+05:30,2026-10-01T14:32:30.846359+05:30,2026-10-01T14:32:30.846359+05:30,FULLY_EVALUABLE,REJECTED,False,NONE,False,True,QUALITY_GATE,METRIC_NOT_APPLICABLE_FINANCIAL
e715b83a3ce74f4ba7763b844d98ffbd,QUALITY_COMPOUNDER_VALUE_V2_FINAL,Quality Compounder Value V2 Final,FROZEN_V2_PROD_1.0,BSOFT,NSE_EQ|BSOFT,NSE,EQUITY,CERTIFIED_CLEAN_886,148,2026-10-01T14:32:15.021368+05:30,2026-10-01T14:32:30.855031+05:30,2026-10-01T14:32:30.855031+05:30,2026-10-01T14:32:30.855031+05:30,FULLY_EVALUABLE,REJECTED,False,NONE,False,True,QUALITY_GATE,FAIL_SALES_CAGR
e715b83a3ce74f4ba7763b844d98ffbd,QUALITY_COMPOUNDER_VALUE_V2_FINAL,Quality Compounder Value V2 Final,FROZEN_V2_PROD_1.0,BUILDPRO,NSE_EQ|BUILDPRO,NSE,EQUITY,CERTIFIED_CLEAN_886,149,2026-10-01T14:32:15.021368+05:30,2026-10-01T14:32:30.863018+05:30,2026-10-01T14:32:30.863018+05:30,2026-10-01T14:32:30.863018+05:30,FULLY_EVALUABLE,REJECTED,False,NONE,False,True,QUALITY_GATE,FAIL_CFO_PAT
e715b83a3ce74f4ba7763b844d98ffbd,QUALITY_COMPOUNDER_VALUE_V2_FINAL,Quality Compounder Value V2 Final,FROZEN_V2_PROD_1.0,BUTTERFLY,NSE_EQ|BUTTERFLY,NSE,EQUITY,CERTIFIED_CLEAN_886,150,2026-10-01T14:32:15.021368+05:30,2026-10-01T14:32:30.874658+05:30,2026-10-01T14:32:30.874658+05:30,2026-10-01T14:32:30.874658+05:30,FULLY_EVALUABLE,REJECTED,False,NONE,False,True,QUALITY_GATE,FAIL_UNIVERSE_MARKET_CAP
e715b83a3ce74f4ba7763b844d98ffbd,QUALITY_COMPOUNDER_VALUE_V2_FINAL,Quality Compounder Value V2 Final,FROZEN_V2_PROD_1.0,CAMPUS,NSE_EQ|CAMPUS,NSE,EQUITY,CERTIFIED_CLEAN_886,151,2026-10-01T14:32:15.021368+05:30,2026-10-01T14:32:30.880643+05:30,2026-10-01T14:32:30.880643+05:30,2026-10-01T14:32:30.880643+05:30,FULLY_EVALUABLE,REJECTED,False,NONE,False,True,QUALITY_GATE,FAIL_PAT_CAGR
e715b83a3ce74f4ba7763b844d98ffbd,QUALITY_COMPOUNDER_VALUE_V2_FINAL,Quality Compounder Value V2 Final,FROZEN_V2_PROD_1.0,CAMS,NSE_EQ|CAMS,NSE,EQUITY,CERTIFIED_CLEAN_886,152,2026-10-01T14:32:15.021368+05:30,2026-10-01T14:32:30.890417+05:30,2026-10-01T14:32:30.890417+05:30,2026-10-01T14:32:30.890417+05:30,FULLY_EVALUABLE,REJECTED,False,NONE,False,True,QUALITY_GATE,METRIC_NOT_APPLICABLE_FINANCIAL
e715b83a3ce74f4ba7763b844d98ffbd,QUALITY_COMPOUNDER_VALUE_V2_FINAL,Quality Compounder Value V2 Final,FROZEN_V2_PROD_1.0,CANFINHOME,NSE_EQ|CANFINHOME,NSE,EQUITY,CERTIFIED_CLEAN_886,153,2026-10-01T14:32:15.021368+05:30,2026-10-01T14:32:30.901337+05:30,2026-10-01T14:32:30.901337+05:30,2026-10-01T14:32:30.901337+05:30,FULLY_EVALUABLE,REJECTED,False,NONE,False,True,QUALITY_GATE,METRIC_NOT_APPLICABLE_FINANCIAL
e715b83a3ce74f4ba7763b844d98ffbd,QUALITY_COMPOUNDER_VALUE_V2_FINAL,Quality Compounder Value V2 Final,FROZEN_V2_PROD_1.0,CANTABIL,NSE_EQ|CANTABIL,NSE,EQUITY,CERTIFIED_CLEAN_886,154,2026-10-01T14:32:15.021368+05:30,2026-10-01T14:32:30.914217+05:30,2026-10-01T14:32:30.914217+05:30,2026-10-01T14:32:30.914217+05:30,FULLY_EVALUABLE,REJECTED,False,NONE,False,True,QUALITY_GATE,FAIL_DEBT
e715b83a3ce74f4ba7763b844d98ffbd,QUALITY_COMPOUNDER_VALUE_V2_FINAL,Quality Compounder Value V2 Final,FROZEN_V2_PROD_1.0,CAPACITE,NSE_EQ|CAPACITE,NSE,EQUITY,CERTIFIED_CLEAN_886,155,2026-10-01T14:32:15.021368+05:30,2026-10-01T14:32:30.924293+05:30,2026-10-01T14:32:30.924293+05:30,2026-10-01T14:32:30.924293+05:30,FULLY_EVALUABLE,REJECTED,False,NONE,False,True,QUALITY_GATE,FAIL_CFO_PAT
e715b83a3ce74f4ba7763b844d98ffbd,QUALITY_COMPOUNDER_VALUE_V2_FINAL,Quality Compounder Value V2 Final,FROZEN_V2_PROD_1.0,CAPITALSFB,NSE_EQ|CAPITALSFB,NSE,EQUITY,CERTIFIED_CLEAN_886,156,2026-10-01T14:32:15.021368+05:30,2026-10-01T14:32:30.934318+05:30,2026-10-01T14:32:30.934318+05:30,2026-10-01T14:32:30.934318+05:30,FULLY_EVALUABLE,REJECTED,False,NONE,False,True,QUALITY_GATE,METRIC_NOT_APPLICABLE_FINANCIAL
e715b83a3ce74f4ba7763b844d98ffbd,QUALITY_COMPOUNDER_VALUE_V2_FINAL,Quality Compounder Value V2 Final,FROZEN_V2_PROD_1.0,CAPLIPOINT,NSE_EQ|CAPLIPOINT,NSE,EQUITY,CERTIFIED_CLEAN_886,157,2026-10-01T14:32:15.021368+05:30,2026-10-01T14:32:30.950766+05:30,2026-10-01T14:32:30.950766+05:30,2026-10-01T14:32:30.950766+05:30,FULLY_EVALUABLE,REJECTED,False,NONE,False,True,VALUATION_GATE,FAIL_VALUATION
e715b83a3ce74f4ba7763b844d98ffbd,QUALITY_COMPOUNDER_VALUE_V2_FINAL,Quality Compounder Value V2 Final,FROZEN_V2_PROD_1.0,CARERATING,NSE_EQ|CARERATING,NSE,EQUITY,CERTIFIED_CLEAN_886,158,2026-10-01T14:32:15.021368+05:30,2026-10-01T14:32:30.962346+05:30,2026-10-01T14:32:30.962346+05:30,2026-10-01T14:32:30.962346+05:30,FULLY_EVALUABLE,REJECTED,False,NONE,False,True,VALUATION_GATE,FAIL_VALUATION
e715b83a3ce74f4ba7763b844d98ffbd,QUALITY_COMPOUNDER_VALUE_V2_FINAL,Quality Compounder Value V2 Final,FROZEN_V2_PROD_1.0,CARRARO,NSE_EQ|CARRARO,NSE,EQUITY,CERTIFIED_CLEAN_886,159,2026-10-01T14:32:15.021368+05:30,2026-10-01T14:32:30.975116+05:30,2026-10-01T14:32:30.975116+05:30,2026-10-01T14:32:30.975116+05:30,FULLY_EVALUABLE,REJECTED,False,NONE,False,True,VALUATION_GATE,FAIL_VALUATION
e715b83a3ce74f4ba7763b844d98ffbd,QUALITY_COMPOUNDER_VALUE_V2_FINAL,Quality Compounder Value V2 Final,FROZEN_V2_PROD_1.0,CARTRADE,NSE_EQ|CARTRADE,NSE,EQUITY,CERTIFIED_CLEAN_886,160,2026-10-01T14:32:15.021368+05:30,2026-10-01T14:32:30.992987+05:30,2026-10-01T14:32:30.992987+05:30,2026-10-01T14:32:30.992987+05:30,FULLY_EVALUABLE,REJECTED,False,NONE,False,True,QUALITY_GATE,FAIL_ROCE
e715b83a3ce74f4ba7763b844d98ffbd,QUALITY_COMPOUNDER_VALUE_V2_FINAL,Quality Compounder Value V2 Final,FROZEN_V2_PROD_1.0,CARYSIL,NSE_EQ|CARYSIL,NSE,EQUITY,CERTIFIED_CLEAN_886,161,2026-10-01T14:32:15.021368+05:30,2026-10-01T14:32:31.000965+05:30,2026-10-01T14:32:31.000965+05:30,2026-10-01T14:32:31.000965+05:30,FULLY_EVALUABLE,REJECTED,False,NONE,False,True,VALUATION_GATE,FAIL_VALUATION
e715b83a3ce74f4ba7763b844d98ffbd,QUALITY_COMPOUNDER_VALUE_V2_FINAL,Quality Compounder Value V2 Final,FROZEN_V2_PROD_1.0,CASTROLIND,NSE_EQ|CASTROLIND,NSE,EQUITY,CERTIFIED_CLEAN_886,162,2026-10-01T14:32:15.021368+05:30,2026-10-01T14:32:31.015605+05:30,2026-10-01T14:32:31.015605+05:30,2026-10-01T14:32:31.015605+05:30,FULLY_EVALUABLE,REJECTED,False,NONE,False,True,VALUATION_GATE,FAIL_VALUATION
e715b83a3ce74f4ba7763b844d98ffbd,QUALITY_COMPOUNDER_VALUE_V2_FINAL,Quality Compounder Value V2 Final,FROZEN_V2_PROD_1.0,CCL,NSE_EQ|CCL,NSE,EQUITY,CERTIFIED_CLEAN_886,163,2026-10-01T14:32:15.021368+05:30,2026-10-01T14:32:31.027982+05:30,2026-10-01T14:32:31.027982+05:30,2026-10-01T14:32:31.027982+05:30,FULLY_EVALUABLE,REJECTED,False,NONE,False,True,QUALITY_GATE,FAIL_ROCE
e715b83a3ce74f4ba7763b844d98ffbd,QUALITY_COMPOUNDER_VALUE_V2_FINAL,Quality Compounder Value V2 Final,FROZEN_V2_PROD_1.0,CDSL,NSE_EQ|CDSL,NSE,EQUITY,CERTIFIED_CLEAN_886,164,2026-10-01T14:32:15.021368+05:30,2026-10-01T14:32:31.035802+05:30,2026-10-01T14:32:31.035802+05:30,2026-10-01T14:32:31.035802+05:30,FULLY_EVALUABLE,REJECTED,False,NONE,False,True,QUALITY_GATE,METRIC_NOT_APPLICABLE_FINANCIAL
e715b83a3ce74f4ba7763b844d98ffbd,QUALITY_COMPOUNDER_VALUE_V2_FINAL,Quality Compounder Value V2 Final,FROZEN_V2_PROD_1.0,CEATLTD,NSE_EQ|CEATLTD,NSE,EQUITY,CERTIFIED_CLEAN_886,165,2026-10-01T14:32:15.021368+05:30,2026-10-01T14:32:31.045380+05:30,2026-10-01T14:32:31.045380+05:30,2026-10-01T14:32:31.045380+05:30,FULLY_EVALUABLE,REJECTED,False,NONE,False,True,QUALITY_GATE,FAIL_ROCE
e715b83a3ce74f4ba7763b844d98ffbd,QUALITY_COMPOUNDER_VALUE_V2_FINAL,Quality Compounder Value V2 Final,FROZEN_V2_PROD_1.0,CEIGALL,NSE_EQ|CEIGALL,NSE,EQUITY,CERTIFIED_CLEAN_886,166,2026-10-01T14:32:15.021368+05:30,2026-10-01T14:32:31.055095+05:30,2026-10-01T14:32:31.055095+05:30,2026-10-01T14:32:31.055095+05:30,FULLY_EVALUABLE,REJECTED,False,NONE,False,True,QUALITY_GATE,FAIL_CFO_PAT
e715b83a3ce74f4ba7763b844d98ffbd,QUALITY_COMPOUNDER_VALUE_V2_FINAL,Quality Compounder Value V2 Final,FROZEN_V2_PROD_1.0,CEINSYS,NSE_EQ|CEINSYS,NSE,EQUITY,CERTIFIED_CLEAN_886,167,2026-10-01T14:32:15.021368+05:30,2026-10-01T14:32:31.063695+05:30,2026-10-01T14:32:31.063695+05:30,2026-10-01T14:32:31.063695+05:30,FULLY_EVALUABLE,REJECTED,False,NONE,False,True,QUALITY_GATE,FAIL_CFO_PAT
e715b83a3ce74f4ba7763b844d98ffbd,QUALITY_COMPOUNDER_VALUE_V2_FINAL,Quality Compounder Value V2 Final,FROZEN_V2_PROD_1.0,CELLO,NSE_EQ|CELLO,NSE,EQUITY,CERTIFIED_CLEAN_886,168,2026-10-01T14:32:15.021368+05:30,2026-10-01T14:32:31.072615+05:30,2026-10-01T14:32:31.072615+05:30,2026-10-01T14:32:31.072615+05:30,FULLY_EVALUABLE,REJECTED,False,NONE,False,True,QUALITY_GATE,FAIL_CFO_PAT
e715b83a3ce74f4ba7763b844d98ffbd,QUALITY_COMPOUNDER_VALUE_V2_FINAL,Quality Compounder Value V2 Final,FROZEN_V2_PROD_1.0,CEMPRO,NSE_EQ|CEMPRO,NSE,EQUITY,CERTIFIED_CLEAN_886,169,2026-10-01T14:32:15.021368+05:30,2026-10-01T14:32:31.082115+05:30,2026-10-01T14:32:31.082115+05:30,2026-10-01T14:32:31.082115+05:30,FULLY_EVALUABLE,REJECTED,False,NONE,False,True,VALUATION_GATE,FAIL_VALUATION
e715b83a3ce74f4ba7763b844d98ffbd,QUALITY_COMPOUNDER_VALUE_V2_FINAL,Quality Compounder Value V2 Final,FROZEN_V2_PROD_1.0,CENTURYPLY,NSE_EQ|CENTURYPLY,NSE,EQUITY,CERTIFIED_CLEAN_886,170,2026-10-01T14:32:15.021368+05:30,2026-10-01T14:32:31.090404+05:30,2026-10-01T14:32:31.090404+05:30,2026-10-01T14:32:31.090404+05:30,FULLY_EVALUABLE,REJECTED,False,NONE,False,True,QUALITY_GATE,FAIL_PAT_CAGR
e715b83a3ce74f4ba7763b844d98ffbd,QUALITY_COMPOUNDER_VALUE_V2_FINAL,Quality Compounder Value V2 Final,FROZEN_V2_PROD_1.0,CERA,NSE_EQ|CERA,NSE,EQUITY,CERTIFIED_CLEAN_886,171,2026-10-01T14:32:15.021368+05:30,2026-10-01T14:32:31.098382+05:30,2026-10-01T14:32:31.098382+05:30,2026-10-01T14:32:31.098382+05:30,FULLY_EVALUABLE,REJECTED,False,NONE,False,True,QUALITY_GATE,FAIL_SALES_CAGR
e715b83a3ce74f4ba7763b844d98ffbd,QUALITY_COMPOUNDER_VALUE_V2_FINAL,Quality Compounder Value V2 Final,FROZEN_V2_PROD_1.0,CESC,NSE_EQ|CESC,NSE,EQUITY,CERTIFIED_CLEAN_886,172,2026-10-01T14:32:15.021368+05:30,2026-10-01T14:32:31.108673+05:30,2026-10-01T14:32:31.108673+05:30,2026-10-01T14:32:31.108673+05:30,FULLY_EVALUABLE,REJECTED,False,NONE,False,True,QUALITY_GATE,FAIL_ROCE
e715b83a3ce74f4ba7763b844d98ffbd,QUALITY_COMPOUNDER_VALUE_V2_FINAL,Quality Compounder Value V2 Final,FROZEN_V2_PROD_1.0,CGCL,NSE_EQ|CGCL,NSE,EQUITY,CERTIFIED_CLEAN_886,173,2026-10-01T14:32:15.021368+05:30,2026-10-01T14:32:31.116893+05:30,2026-10-01T14:32:31.116893+05:30,2026-10-01T14:32:31.116893+05:30,FULLY_EVALUABLE,REJECTED,False,NONE,False,True,QUALITY_GATE,METRIC_NOT_APPLICABLE_FINANCIAL
e715b83a3ce74f4ba7763b844d98ffbd,QUALITY_COMPOUNDER_VALUE_V2_FINAL,Quality Compounder Value V2 Final,FROZEN_V2_PROD_1.0,CGPOWER,NSE_EQ|CGPOWER,NSE,EQUITY,CERTIFIED_CLEAN_886,174,2026-10-01T14:32:15.021368+05:30,2026-10-01T14:32:31.129818+05:30,2026-10-01T14:32:31.129818+05:30,2026-10-01T14:32:31.129818+05:30,FULLY_EVALUABLE,REJECTED,False,NONE,False,True,QUALITY_GATE,FAIL_PAT_CAGR
e715b83a3ce74f4ba7763b844d98ffbd,QUALITY_COMPOUNDER_VALUE_V2_FINAL,Quality Compounder Value V2 Final,FROZEN_V2_PROD_1.0,CHALET,NSE_EQ|CHALET,NSE,EQUITY,CERTIFIED_CLEAN_886,175,2026-10-01T14:32:15.021368+05:30,2026-10-01T14:32:31.138248+05:30,2026-10-01T14:32:31.138248+05:30,2026-10-01T14:32:31.138248+05:30,FULLY_EVALUABLE,REJECTED,False,NONE,False,True,QUALITY_GATE,FAIL_ROCE
e715b83a3ce74f4ba7763b844d98ffbd,QUALITY_COMPOUNDER_VALUE_V2_FINAL,Quality Compounder Value V2 Final,FROZEN_V2_PROD_1.0,CHAMBLFERT,NSE_EQ|CHAMBLFERT,NSE,EQUITY,CERTIFIED_CLEAN_886,176,2026-10-01T14:32:15.021368+05:30,2026-10-01T14:32:31.149588+05:30,2026-10-01T14:32:31.149588+05:30,2026-10-01T14:32:31.149588+05:30,FULLY_EVALUABLE,REJECTED,False,NONE,False,True,QUALITY_GATE,FAIL_PAT_CAGR
e715b83a3ce74f4ba7763b844d98ffbd,QUALITY_COMPOUNDER_VALUE_V2_FINAL,Quality Compounder Value V2 Final,FROZEN_V2_PROD_1.0,CHENNPETRO,NSE_EQ|CHENNPETRO,NSE,EQUITY,CERTIFIED_CLEAN_886,177,2026-10-01T14:32:15.021368+05:30,2026-10-01T14:32:31.163841+05:30,2026-10-01T14:32:31.163841+05:30,2026-10-01T14:32:31.163841+05:30,FULLY_EVALUABLE,REJECTED,False,NONE,False,True,VALUATION_GATE,FAIL_VALUATION
e715b83a3ce74f4ba7763b844d98ffbd,QUALITY_COMPOUNDER_VALUE_V2_FINAL,Quality Compounder Value V2 Final,FROZEN_V2_PROD_1.0,CHOICEIN,NSE_EQ|CHOICEIN,NSE,EQUITY,CERTIFIED_CLEAN_886,178,2026-10-01T14:32:15.021368+05:30,2026-10-01T14:32:31.178284+05:30,2026-10-01T14:32:31.178284+05:30,2026-10-01T14:32:31.178284+05:30,FULLY_EVALUABLE,REJECTED,False,NONE,False,True,QUALITY_GATE,METRIC_NOT_APPLICABLE_FINANCIAL
e715b83a3ce74f4ba7763b844d98ffbd,QUALITY_COMPOUNDER_VALUE_V2_FINAL,Quality Compounder Value V2 Final,FROZEN_V2_PROD_1.0,CHOLAFIN,NSE_EQ|CHOLAFIN,NSE,EQUITY,CERTIFIED_CLEAN_886,179,2026-10-01T14:32:15.021368+05:30,2026-10-01T14:32:31.192223+05:30,2026-10-01T14:32:31.192223+05:30,2026-10-01T14:32:31.192223+05:30,FULLY_EVALUABLE,REJECTED,False,NONE,False,True,QUALITY_GATE,METRIC_NOT_APPLICABLE_FINANCIAL
e715b83a3ce74f4ba7763b844d98ffbd,QUALITY_COMPOUNDER_VALUE_V2_FINAL,Quality Compounder Value V2 Final,FROZEN_V2_PROD_1.0,CHOLAHLDNG,NSE_EQ|CHOLAHLDNG,NSE,EQUITY,CERTIFIED_CLEAN_886,180,2026-10-01T14:32:15.021368+05:30,2026-10-01T14:32:31.206159+05:30,2026-10-01T14:32:31.206159+05:30,2026-10-01T14:32:31.206159+05:30,FULLY_EVALUABLE,REJECTED,False,NONE,False,True,QUALITY_GATE,METRIC_NOT_APPLICABLE_FINANCIAL
e715b83a3ce74f4ba7763b844d98ffbd,QUALITY_COMPOUNDER_VALUE_V2_FINAL,Quality Compounder Value V2 Final,FROZEN_V2_PROD_1.0,CIEINDIA,NSE_EQ|CIEINDIA,NSE,EQUITY,CERTIFIED_CLEAN_886,181,2026-10-01T14:32:15.021368+05:30,2026-10-01T14:32:31.222547+05:30,2026-10-01T14:32:31.222547+05:30,2026-10-01T14:32:31.222547+05:30,FULLY_EVALUABLE,REJECTED,False,NONE,False,True,QUALITY_GATE,FAIL_SALES_CAGR
e715b83a3ce74f4ba7763b844d98ffbd,QUALITY_COMPOUNDER_VALUE_V2_FINAL,Quality Compounder Value V2 Final,FROZEN_V2_PROD_1.0,CIPLA,NSE_EQ|CIPLA,NSE,EQUITY,CERTIFIED_CLEAN_886,182,2026-10-01T14:32:15.021368+05:30,2026-10-01T14:32:31.231534+05:30,2026-10-01T14:32:31.231534+05:30,2026-10-01T14:32:31.231534+05:30,FULLY_EVALUABLE,REJECTED,False,NONE,False,True,QUALITY_GATE,FAIL_SALES_CAGR
e715b83a3ce74f4ba7763b844d98ffbd,QUALITY_COMPOUNDER_VALUE_V2_FINAL,Quality Compounder Value V2 Final,FROZEN_V2_PROD_1.0,CLEAN,NSE_EQ|CLEAN,NSE,EQUITY,CERTIFIED_CLEAN_886,183,2026-10-01T14:32:15.021368+05:30,2026-10-01T14:32:31.244431+05:30,2026-10-01T14:32:31.244431+05:30,2026-10-01T14:32:31.244431+05:30,FULLY_EVALUABLE,REJECTED,False,NONE,False,True,QUALITY_GATE,FAIL_PAT_CAGR
e715b83a3ce74f4ba7763b844d98ffbd,QUALITY_COMPOUNDER_VALUE_V2_FINAL,Quality Compounder Value V2 Final,FROZEN_V2_PROD_1.0,CLSEL,NSE_EQ|CLSEL,NSE,EQUITY,CERTIFIED_CLEAN_886,184,2026-10-01T14:32:15.021368+05:30,2026-10-01T14:32:31.275241+05:30,2026-10-01T14:32:31.275241+05:30,2026-10-01T14:32:31.275241+05:30,FULLY_EVALUABLE,REJECTED,False,NONE,False,True,QUALITY_GATE,FAIL_PAT_CAGR
e715b83a3ce74f4ba7763b844d98ffbd,QUALITY_COMPOUNDER_VALUE_V2_FINAL,Quality Compounder Value V2 Final,FROZEN_V2_PROD_1.0,CMSINFO,NSE_EQ|CMSINFO,NSE,EQUITY,CERTIFIED_CLEAN_886,185,2026-10-01T14:32:15.021368+05:30,2026-10-01T14:32:31.485244+05:30,2026-10-01T14:32:31.485244+05:30,2026-10-01T14:32:31.485244+05:30,FULLY_EVALUABLE,ALERT_BUY,True,BUY,False,False,NONE,PASS
e715b83a3ce74f4ba7763b844d98ffbd,QUALITY_COMPOUNDER_VALUE_V2_FINAL,Quality Compounder Value V2 Final,FROZEN_V2_PROD_1.0,COALINDIA,NSE_EQ|COALINDIA,NSE,EQUITY,CERTIFIED_CLEAN_886,186,2026-10-01T14:32:15.021368+05:30,2026-10-01T14:32:31.497351+05:30,2026-10-01T14:32:31.497351+05:30,2026-10-01T14:32:31.497351+05:30,FULLY_EVALUABLE,REJECTED,False,NONE,False,True,VALUATION_GATE,FAIL_VALUATION
e715b83a3ce74f4ba7763b844d98ffbd,QUALITY_COMPOUNDER_VALUE_V2_FINAL,Quality Compounder Value V2 Final,FROZEN_V2_PROD_1.0,COCHINSHIP,NSE_EQ|COCHINSHIP,NSE,EQUITY,CERTIFIED_CLEAN_886,187,2026-10-01T14:32:15.021368+05:30,2026-10-01T14:32:31.511920+05:30,2026-10-01T14:32:31.511920+05:30,2026-10-01T14:32:31.511920+05:30,FULLY_EVALUABLE,REJECTED,False,NONE,False,True,QUALITY_GATE,FAIL_PAT_CAGR
e715b83a3ce74f4ba7763b844d98ffbd,QUALITY_COMPOUNDER_VALUE_V2_FINAL,Quality Compounder Value V2 Final,FROZEN_V2_PROD_1.0,COFORGE,NSE_EQ|COFORGE,NSE,EQUITY,CERTIFIED_CLEAN_886,188,2026-10-01T14:32:15.021368+05:30,2026-10-01T14:32:31.526832+05:30,2026-10-01T14:32:31.526832+05:30,2026-10-01T14:32:31.526832+05:30,FULLY_EVALUABLE,REJECTED,False,NONE,False,True,VALUATION_GATE,FAIL_VALUATION
e715b83a3ce74f4ba7763b844d98ffbd,QUALITY_COMPOUNDER_VALUE_V2_FINAL,Quality Compounder Value V2 Final,FROZEN_V2_PROD_1.0,COLPAL,NSE_EQ|COLPAL,NSE,EQUITY,CERTIFIED_CLEAN_886,189,2026-10-01T14:32:15.021368+05:30,2026-10-01T14:32:31.535585+05:30,2026-10-01T14:32:31.535585+05:30,2026-10-01T14:32:31.535585+05:30,FULLY_EVALUABLE,REJECTED,False,NONE,False,True,VALUATION_GATE,FAIL_VALUATION
e715b83a3ce74f4ba7763b844d98ffbd,QUALITY_COMPOUNDER_VALUE_V2_FINAL,Quality Compounder Value V2 Final,FROZEN_V2_PROD_1.0,CONCOR,NSE_EQ|CONCOR,NSE,EQUITY,CERTIFIED_CLEAN_886,190,2026-10-01T14:32:15.021368+05:30,2026-10-01T14:32:31.558204+05:30,2026-10-01T14:32:31.558204+05:30,2026-10-01T14:32:31.558204+05:30,FULLY_EVALUABLE,REJECTED,False,NONE,False,True,QUALITY_GATE,FAIL_ROCE
e715b83a3ce74f4ba7763b844d98ffbd,QUALITY_COMPOUNDER_VALUE_V2_FINAL,Quality Compounder Value V2 Final,FROZEN_V2_PROD_1.0,CONCORDBIO,NSE_EQ|CONCORDBIO,NSE,EQUITY,CERTIFIED_CLEAN_886,191,2026-10-01T14:32:15.021368+05:30,2026-10-01T14:32:31.572123+05:30,2026-10-01T14:32:31.572123+05:30,2026-10-01T14:32:31.572123+05:30,FULLY_EVALUABLE,REJECTED,False,NONE,False,True,QUALITY_GATE,FAIL_PAT_CAGR
e715b83a3ce74f4ba7763b844d98ffbd,QUALITY_COMPOUNDER_VALUE_V2_FINAL,Quality Compounder Value V2 Final,FROZEN_V2_PROD_1.0,COROMANDEL,NSE_EQ|COROMANDEL,NSE,EQUITY,CERTIFIED_CLEAN_886,192,2026-10-01T14:32:15.021368+05:30,2026-10-01T14:32:31.580008+05:30,2026-10-01T14:32:31.580008+05:30,2026-10-01T14:32:31.580008+05:30,FULLY_EVALUABLE,REJECTED,False,NONE,False,True,QUALITY_GATE,FAIL_PAT_CAGR
e715b83a3ce74f4ba7763b844d98ffbd,QUALITY_COMPOUNDER_VALUE_V2_FINAL,Quality Compounder Value V2 Final,FROZEN_V2_PROD_1.0,COSMOFIRST,NSE_EQ|COSMOFIRST,NSE,EQUITY,CERTIFIED_CLEAN_886,193,2026-10-01T14:32:15.021368+05:30,2026-10-01T14:32:31.589325+05:30,2026-10-01T14:32:31.589325+05:30,2026-10-01T14:32:31.589325+05:30,FULLY_EVALUABLE,REJECTED,False,NONE,False,True,QUALITY_GATE,FAIL_SALES_CAGR
e715b83a3ce74f4ba7763b844d98ffbd,QUALITY_COMPOUNDER_VALUE_V2_FINAL,Quality Compounder Value V2 Final,FROZEN_V2_PROD_1.0,CPPLUS,NSE_EQ|CPPLUS,NSE,EQUITY,CERTIFIED_CLEAN_886,194,2026-10-01T14:32:15.021368+05:30,2026-10-01T14:32:31.598582+05:30,2026-10-01T14:32:31.598582+05:30,2026-10-01T14:32:31.598582+05:30,FULLY_EVALUABLE,REJECTED,False,NONE,False,True,QUALITY_GATE,FAIL_CFO_PAT
e715b83a3ce74f4ba7763b844d98ffbd,QUALITY_COMPOUNDER_VALUE_V2_FINAL,Quality Compounder Value V2 Final,FROZEN_V2_PROD_1.0,CRAFTSMAN,NSE_EQ|CRAFTSMAN,NSE,EQUITY,CERTIFIED_CLEAN_886,195,2026-10-01T14:32:15.021368+05:30,2026-10-01T14:32:31.610912+05:30,2026-10-01T14:32:31.610912+05:30,2026-10-01T14:32:31.610912+05:30,FULLY_EVALUABLE,REJECTED,False,NONE,False,True,QUALITY_GATE,FAIL_DEBT
e715b83a3ce74f4ba7763b844d98ffbd,QUALITY_COMPOUNDER_VALUE_V2_FINAL,Quality Compounder Value V2 Final,FROZEN_V2_PROD_1.0,CREDITACC,NSE_EQ|CREDITACC,NSE,EQUITY,CERTIFIED_CLEAN_886,196,2026-10-01T14:32:15.021368+05:30,2026-10-01T14:32:31.618998+05:30,2026-10-01T14:32:31.618998+05:30,2026-10-01T14:32:31.618998+05:30,FULLY_EVALUABLE,REJECTED,False,NONE,False,True,QUALITY_GATE,METRIC_NOT_APPLICABLE_FINANCIAL
e715b83a3ce74f4ba7763b844d98ffbd,QUALITY_COMPOUNDER_VALUE_V2_FINAL,Quality Compounder Value V2 Final,FROZEN_V2_PROD_1.0,CRISIL,NSE_EQ|CRISIL,NSE,EQUITY,CERTIFIED_CLEAN_886,197,2026-10-01T14:32:15.021368+05:30,2026-10-01T14:32:31.630365+05:30,2026-10-01T14:32:31.630365+05:30,2026-10-01T14:32:31.630365+05:30,FULLY_EVALUABLE,REJECTED,False,NONE,False,True,VALUATION_GATE,FAIL_VALUATION
e715b83a3ce74f4ba7763b844d98ffbd,QUALITY_COMPOUNDER_VALUE_V2_FINAL,Quality Compounder Value V2 Final,FROZEN_V2_PROD_1.0,CSBBANK,NSE_EQ|CSBBANK,NSE,EQUITY,CERTIFIED_CLEAN_886,198,2026-10-01T14:32:15.021368+05:30,2026-10-01T14:32:31.641122+05:30,2026-10-01T14:32:31.641122+05:30,2026-10-01T14:32:31.641122+05:30,FULLY_EVALUABLE,REJECTED,False,NONE,False,True,QUALITY_GATE,METRIC_NOT_APPLICABLE_FINANCIAL
e715b83a3ce74f4ba7763b844d98ffbd,QUALITY_COMPOUNDER_VALUE_V2_FINAL,Quality Compounder Value V2 Final,FROZEN_V2_PROD_1.0,CUB,NSE_EQ|CUB,NSE,EQUITY,CERTIFIED_CLEAN_886,199,2026-10-01T14:32:15.021368+05:30,2026-10-01T14:32:31.651339+05:30,2026-10-01T14:32:31.651339+05:30,2026-10-01T14:32:31.651339+05:30,FULLY_EVALUABLE,REJECTED,False,NONE,False,True,QUALITY_GATE,METRIC_NOT_APPLICABLE_FINANCIAL
e715b83a3ce74f4ba7763b844d98ffbd,QUALITY_COMPOUNDER_VALUE_V2_FINAL,Quality Compounder Value V2 Final,FROZEN_V2_PROD_1.0,CUMMINSIND,NSE_EQ|CUMMINSIND,NSE,EQUITY,CERTIFIED_CLEAN_886,200,2026-10-01T14:32:15.021368+05:30,2026-10-01T14:32:31.664442+05:30,2026-10-01T14:32:31.664442+05:30,2026-10-01T14:32:31.664442+05:30,FULLY_EVALUABLE,REJECTED,False,NONE,False,True,QUALITY_GATE,FAIL_CFO_PAT
e715b83a3ce74f4ba7763b844d98ffbd,QUALITY_COMPOUNDER_VALUE_V2_FINAL,Quality Compounder Value V2 Final,FROZEN_V2_PROD_1.0,CUPID,NSE_EQ|CUPID,NSE,EQUITY,CERTIFIED_CLEAN_886,201,2026-10-01T14:32:15.021368+05:30,2026-10-01T14:32:31.676582+05:30,2026-10-01T14:32:31.676582+05:30,2026-10-01T14:32:31.676582+05:30,FULLY_EVALUABLE,REJECTED,False,NONE,False,True,QUALITY_GATE,FAIL_CFO_PAT
e715b83a3ce74f4ba7763b844d98ffbd,QUALITY_COMPOUNDER_VALUE_V2_FINAL,Quality Compounder Value V2 Final,FROZEN_V2_PROD_1.0,DABUR,NSE_EQ|DABUR,NSE,EQUITY,CERTIFIED_CLEAN_886,202,2026-10-01T14:32:15.021368+05:30,2026-10-01T14:32:31.689368+05:30,2026-10-01T14:32:31.689368+05:30,2026-10-01T14:32:31.689368+05:30,FULLY_EVALUABLE,REJECTED,False,NONE,False,True,QUALITY_GATE,FAIL_SALES_CAGR
e715b83a3ce74f4ba7763b844d98ffbd,QUALITY_COMPOUNDER_VALUE_V2_FINAL,Quality Compounder Value V2 Final,FROZEN_V2_PROD_1.0,DAMCAPITAL,NSE_EQ|DAMCAPITAL,NSE,EQUITY,CERTIFIED_CLEAN_886,203,2026-10-01T14:32:15.021368+05:30,2026-10-01T14:32:31.703905+05:30,2026-10-01T14:32:31.703905+05:30,2026-10-01T14:32:31.703905+05:30,FULLY_EVALUABLE,REJECTED,False,NONE,False,True,QUALITY_GATE,FAIL_CFO_PAT
e715b83a3ce74f4ba7763b844d98ffbd,QUALITY_COMPOUNDER_VALUE_V2_FINAL,Quality Compounder Value V2 Final,FROZEN_V2_PROD_1.0,DANISH,NSE_EQ|DANISH,NSE,EQUITY,CERTIFIED_CLEAN_886,204,2026-10-01T14:32:15.021368+05:30,2026-10-01T14:32:31.731223+05:30,2026-10-01T14:32:31.731223+05:30,2026-10-01T14:32:31.731223+05:30,FULLY_EVALUABLE,REJECTED,False,NONE,False,True,QUALITY_GATE,FAIL_CFO_PAT
e715b83a3ce74f4ba7763b844d98ffbd,QUALITY_COMPOUNDER_VALUE_V2_FINAL,Quality Compounder Value V2 Final,FROZEN_V2_PROD_1.0,DATAMATICS,NSE_EQ|DATAMATICS,NSE,EQUITY,CERTIFIED_CLEAN_886,205,2026-10-01T14:32:15.021368+05:30,2026-10-01T14:32:31.742903+05:30,2026-10-01T14:32:31.742903+05:30,2026-10-01T14:32:31.742903+05:30,FULLY_EVALUABLE,REJECTED,False,NONE,False,True,VALUATION_GATE,FAIL_VALUATION
e715b83a3ce74f4ba7763b844d98ffbd,QUALITY_COMPOUNDER_VALUE_V2_FINAL,Quality Compounder Value V2 Final,FROZEN_V2_PROD_1.0,DATAPATTNS,NSE_EQ|DATAPATTNS,NSE,EQUITY,CERTIFIED_CLEAN_886,206,2026-10-01T14:32:15.021368+05:30,2026-10-01T14:32:31.754127+05:30,2026-10-01T14:32:31.754127+05:30,2026-10-01T14:32:31.754127+05:30,FULLY_EVALUABLE,REJECTED,False,NONE,False,True,QUALITY_GATE,FAIL_CFO_PAT
e715b83a3ce74f4ba7763b844d98ffbd,QUALITY_COMPOUNDER_VALUE_V2_FINAL,Quality Compounder Value V2 Final,FROZEN_V2_PROD_1.0,DBCORP,NSE_EQ|DBCORP,NSE,EQUITY,CERTIFIED_CLEAN_886,207,2026-10-01T14:32:15.021368+05:30,2026-10-01T14:32:31.769659+05:30,2026-10-01T14:32:31.769659+05:30,2026-10-01T14:32:31.769659+05:30,FULLY_EVALUABLE,REJECTED,False,NONE,False,True,QUALITY_GATE,FAIL_SALES_CAGR
e715b83a3ce74f4ba7763b844d98ffbd,QUALITY_COMPOUNDER_VALUE_V2_FINAL,Quality Compounder Value V2 Final,FROZEN_V2_PROD_1.0,DBL,NSE_EQ|DBL,NSE,EQUITY,CERTIFIED_CLEAN_886,208,2026-10-01T14:32:15.021368+05:30,2026-10-01T14:32:31.781212+05:30,2026-10-01T14:32:31.781212+05:30,2026-10-01T14:32:31.781212+05:30,FULLY_EVALUABLE,REJECTED,False,NONE,False,True,QUALITY_GATE,FAIL_ROCE
e715b83a3ce74f4ba7763b844d98ffbd,QUALITY_COMPOUNDER_VALUE_V2_FINAL,Quality Compounder Value V2 Final,FROZEN_V2_PROD_1.0,DCBBANK,NSE_EQ|DCBBANK,NSE,EQUITY,CERTIFIED_CLEAN_886,209,2026-10-01T14:32:15.021368+05:30,2026-10-01T14:32:31.793452+05:30,2026-10-01T14:32:31.793452+05:30,2026-10-01T14:32:31.793452+05:30,FULLY_EVALUABLE,REJECTED,False,NONE,False,True,QUALITY_GATE,METRIC_NOT_APPLICABLE_FINANCIAL
e715b83a3ce74f4ba7763b844d98ffbd,QUALITY_COMPOUNDER_VALUE_V2_FINAL,Quality Compounder Value V2 Final,FROZEN_V2_PROD_1.0,DCMSHRIRAM,NSE_EQ|DCMSHRIRAM,NSE,EQUITY,CERTIFIED_CLEAN_886,210,2026-10-01T14:32:15.021368+05:30,2026-10-01T14:32:31.804618+05:30,2026-10-01T14:32:31.804618+05:30,2026-10-01T14:32:31.804618+05:30,FULLY_EVALUABLE,REJECTED,False,NONE,False,True,QUALITY_GATE,FAIL_PAT_CAGR
e715b83a3ce74f4ba7763b844d98ffbd,QUALITY_COMPOUNDER_VALUE_V2_FINAL,Quality Compounder Value V2 Final,FROZEN_V2_PROD_1.0,DDEVPLSTIK,NSE_EQ|DDEVPLSTIK,NSE,EQUITY,CERTIFIED_CLEAN_886,211,2026-10-01T14:32:15.021368+05:30,2026-10-01T14:32:31.812760+05:30,2026-10-01T14:32:31.812760+05:30,2026-10-01T14:32:31.812760+05:30,FULLY_EVALUABLE,REJECTED,False,NONE,False,True,QUALITY_GATE,FAIL_SALES_CAGR
e715b83a3ce74f4ba7763b844d98ffbd,QUALITY_COMPOUNDER_VALUE_V2_FINAL,Quality Compounder Value V2 Final,FROZEN_V2_PROD_1.0,DEEDEV,NSE_EQ|DEEDEV,NSE,EQUITY,CERTIFIED_CLEAN_886,212,2026-10-01T14:32:15.021368+05:30,2026-10-01T14:32:31.823652+05:30,2026-10-01T14:32:31.823652+05:30,2026-10-01T14:32:31.823652+05:30,FULLY_EVALUABLE,REJECTED,False,NONE,False,True,QUALITY_GATE,FAIL_ROCE
e715b83a3ce74f4ba7763b844d98ffbd,QUALITY_COMPOUNDER_VALUE_V2_FINAL,Quality Compounder Value V2 Final,FROZEN_V2_PROD_1.0,DEEPAKFERT,NSE_EQ|DEEPAKFERT,NSE,EQUITY,CERTIFIED_CLEAN_886,213,2026-10-01T14:32:15.021368+05:30,2026-10-01T14:32:31.833373+05:30,2026-10-01T14:32:31.833373+05:30,2026-10-01T14:32:31.833373+05:30,FULLY_EVALUABLE,REJECTED,False,NONE,False,True,QUALITY_GATE,FAIL_DEBT
e715b83a3ce74f4ba7763b844d98ffbd,QUALITY_COMPOUNDER_VALUE_V2_FINAL,Quality Compounder Value V2 Final,FROZEN_V2_PROD_1.0,DEEPAKNTR,NSE_EQ|DEEPAKNTR,NSE,EQUITY,CERTIFIED_CLEAN_886,214,2026-10-01T14:32:15.021368+05:30,2026-10-01T14:32:31.844434+05:30,2026-10-01T14:32:31.844434+05:30,2026-10-01T14:32:31.844434+05:30,FULLY_EVALUABLE,REJECTED,False,NONE,False,True,QUALITY_GATE,FAIL_PAT_CAGR
e715b83a3ce74f4ba7763b844d98ffbd,QUALITY_COMPOUNDER_VALUE_V2_FINAL,Quality Compounder Value V2 Final,FROZEN_V2_PROD_1.0,DEEPINDS,NSE_EQ|DEEPINDS,NSE,EQUITY,CERTIFIED_CLEAN_886,215,2026-10-01T14:32:15.021368+05:30,2026-10-01T14:32:31.855292+05:30,2026-10-01T14:32:31.855292+05:30,2026-10-01T14:32:31.855292+05:30,FULLY_EVALUABLE,REJECTED,False,NONE,False,True,QUALITY_GATE,FAIL_ROCE
e715b83a3ce74f4ba7763b844d98ffbd,QUALITY_COMPOUNDER_VALUE_V2_FINAL,Quality Compounder Value V2 Final,FROZEN_V2_PROD_1.0,DHANUKA,NSE_EQ|DHANUKA,NSE,EQUITY,CERTIFIED_CLEAN_886,216,2026-10-01T14:32:15.021368+05:30,2026-10-01T14:32:32.035420+05:30,2026-10-01T14:32:32.035420+05:30,2026-10-01T14:32:32.035420+05:30,FULLY_EVALUABLE,ALERT_BUY,True,BUY,False,False,NONE,PASS
e715b83a3ce74f4ba7763b844d98ffbd,QUALITY_COMPOUNDER_VALUE_V2_FINAL,Quality Compounder Value V2 Final,FROZEN_V2_PROD_1.0,DIFFNKG,NSE_EQ|DIFFNKG,NSE,EQUITY,CERTIFIED_CLEAN_886,217,2026-10-01T14:32:15.021368+05:30,2026-10-01T14:32:32.047353+05:30,2026-10-01T14:32:32.047353+05:30,2026-10-01T14:32:32.047353+05:30,FULLY_EVALUABLE,REJECTED,False,NONE,False,True,QUALITY_GATE,FAIL_CFO_PAT
e715b83a3ce74f4ba7763b844d98ffbd,QUALITY_COMPOUNDER_VALUE_V2_FINAL,Quality Compounder Value V2 Final,FROZEN_V2_PROD_1.0,DISAQ,NSE_EQ|DISAQ,NSE,EQUITY,CERTIFIED_CLEAN_886,218,2026-10-01T14:32:15.021368+05:30,2026-10-01T14:32:32.060638+05:30,2026-10-01T14:32:32.060638+05:30,2026-10-01T14:32:32.060638+05:30,FULLY_EVALUABLE,REJECTED,False,NONE,False,True,QUALITY_GATE,FAIL_LIQUIDITY
e715b83a3ce74f4ba7763b844d98ffbd,QUALITY_COMPOUNDER_VALUE_V2_FINAL,Quality Compounder Value V2 Final,FROZEN_V2_PROD_1.0,DIVISLAB,NSE_EQ|DIVISLAB,NSE,EQUITY,CERTIFIED_CLEAN_886,219,2026-10-01T14:32:15.021368+05:30,2026-10-01T14:32:32.072092+05:30,2026-10-01T14:32:32.072092+05:30,2026-10-01T14:32:32.072092+05:30,FULLY_EVALUABLE,REJECTED,False,NONE,False,True,QUALITY_GATE,FAIL_SALES_CAGR
e715b83a3ce74f4ba7763b844d98ffbd,QUALITY_COMPOUNDER_VALUE_V2_FINAL,Quality Compounder Value V2 Final,FROZEN_V2_PROD_1.0,DIXON,NSE_EQ|DIXON,NSE,EQUITY,CERTIFIED_CLEAN_886,220,2026-10-01T14:32:15.021368+05:30,2026-10-01T14:32:32.240501+05:30,2026-10-01T14:32:32.240501+05:30,2026-10-01T14:32:32.240501+05:30,FULLY_EVALUABLE,ALERT_BUY,True,BUY,False,False,NONE,PASS
e715b83a3ce74f4ba7763b844d98ffbd,QUALITY_COMPOUNDER_VALUE_V2_FINAL,Quality Compounder Value V2 Final,FROZEN_V2_PROD_1.0,DLF,NSE_EQ|DLF,NSE,EQUITY,CERTIFIED_CLEAN_886,221,2026-10-01T14:32:15.021368+05:30,2026-10-01T14:32:32.250598+05:30,2026-10-01T14:32:32.250598+05:30,2026-10-01T14:32:32.250598+05:30,FULLY_EVALUABLE,REJECTED,False,NONE,False,True,QUALITY_GATE,FAIL_ROCE
e715b83a3ce74f4ba7763b844d98ffbd,QUALITY_COMPOUNDER_VALUE_V2_FINAL,Quality Compounder Value V2 Final,FROZEN_V2_PROD_1.0,DLINKINDIA,NSE_EQ|DLINKINDIA,NSE,EQUITY,CERTIFIED_CLEAN_886,222,2026-10-01T14:32:15.021368+05:30,2026-10-01T14:32:32.260206+05:30,2026-10-01T14:32:32.260206+05:30,2026-10-01T14:32:32.260206+05:30,FULLY_EVALUABLE,REJECTED,False,NONE,False,True,QUALITY_GATE,FAIL_CFO_PAT
e715b83a3ce74f4ba7763b844d98ffbd,QUALITY_COMPOUNDER_VALUE_V2_FINAL,Quality Compounder Value V2 Final,FROZEN_V2_PROD_1.0,DMART,NSE_EQ|DMART,NSE,EQUITY,CERTIFIED_CLEAN_886,223,2026-10-01T14:32:15.021368+05:30,2026-10-01T14:32:32.266851+05:30,2026-10-01T14:32:32.266851+05:30,2026-10-01T14:32:32.266851+05:30,FULLY_EVALUABLE,REJECTED,False,NONE,False,True,VALUATION_GATE,FAIL_VALUATION
e715b83a3ce74f4ba7763b844d98ffbd,QUALITY_COMPOUNDER_VALUE_V2_FINAL,Quality Compounder Value V2 Final,FROZEN_V2_PROD_1.0,DODLA,NSE_EQ|DODLA,NSE,EQUITY,CERTIFIED_CLEAN_886,224,2026-10-01T14:32:15.021368+05:30,2026-10-01T14:32:32.279227+05:30,2026-10-01T14:32:32.279227+05:30,2026-10-01T14:32:32.279227+05:30,FULLY_EVALUABLE,REJECTED,False,NONE,False,True,VALUATION_GATE,FAIL_VALUATION
e715b83a3ce74f4ba7763b844d98ffbd,QUALITY_COMPOUNDER_VALUE_V2_FINAL,Quality Compounder Value V2 Final,FROZEN_V2_PROD_1.0,DOLLAR,NSE_EQ|DOLLAR,NSE,EQUITY,CERTIFIED_CLEAN_886,225,2026-10-01T14:32:15.021368+05:30,2026-10-01T14:32:32.291298+05:30,2026-10-01T14:32:32.291298+05:30,2026-10-01T14:32:32.291298+05:30,FULLY_EVALUABLE,REJECTED,False,NONE,False,True,QUALITY_GATE,FAIL_PAT_CAGR
e715b83a3ce74f4ba7763b844d98ffbd,QUALITY_COMPOUNDER_VALUE_V2_FINAL,Quality Compounder Value V2 Final,FROZEN_V2_PROD_1.0,DOLPHIN,NSE_EQ|DOLPHIN,NSE,EQUITY,CERTIFIED_CLEAN_886,226,2026-10-01T14:32:15.021368+05:30,2026-10-01T14:32:32.302543+05:30,2026-10-01T14:32:32.302543+05:30,2026-10-01T14:32:32.302543+05:30,FULLY_EVALUABLE,REJECTED,False,NONE,False,True,QUALITY_GATE,FAIL_ROCE
e715b83a3ce74f4ba7763b844d98ffbd,QUALITY_COMPOUNDER_VALUE_V2_FINAL,Quality Compounder Value V2 Final,FROZEN_V2_PROD_1.0,DOMS,NSE_EQ|DOMS,NSE,EQUITY,CERTIFIED_CLEAN_886,227,2026-10-01T14:32:15.021368+05:30,2026-10-01T14:32:32.314169+05:30,2026-10-01T14:32:32.314169+05:30,2026-10-01T14:32:32.314169+05:30,FULLY_EVALUABLE,REJECTED,False,NONE,False,True,QUALITY_GATE,FAIL_PAT_CAGR
e715b83a3ce74f4ba7763b844d98ffbd,QUALITY_COMPOUNDER_VALUE_V2_FINAL,Quality Compounder Value V2 Final,FROZEN_V2_PROD_1.0,DPABHUSHAN,NSE_EQ|DPABHUSHAN,NSE,EQUITY,CERTIFIED_CLEAN_886,228,2026-10-01T14:32:15.021368+05:30,2026-10-01T14:32:32.326202+05:30,2026-10-01T14:32:32.326202+05:30,2026-10-01T14:32:32.326202+05:30,FULLY_EVALUABLE,REJECTED,False,NONE,False,True,QUALITY_GATE,FAIL_CFO_PAT
e715b83a3ce74f4ba7763b844d98ffbd,QUALITY_COMPOUNDER_VALUE_V2_FINAL,Quality Compounder Value V2 Final,FROZEN_V2_PROD_1.0,DPEL,NSE_EQ|DPEL,NSE,EQUITY,CERTIFIED_CLEAN_886,229,2026-10-01T14:32:15.021368+05:30,2026-10-01T14:32:32.334065+05:30,2026-10-01T14:32:32.334065+05:30,2026-10-01T14:32:32.334065+05:30,FULLY_EVALUABLE,REJECTED,False,NONE,False,True,QUALITY_GATE,FAIL_CFO_PAT
e715b83a3ce74f4ba7763b844d98ffbd,QUALITY_COMPOUNDER_VALUE_V2_FINAL,Quality Compounder Value V2 Final,FROZEN_V2_PROD_1.0,DRREDDY,NSE_EQ|DRREDDY,NSE,EQUITY,CERTIFIED_CLEAN_886,230,2026-10-01T14:32:15.021368+05:30,2026-10-01T14:32:32.346693+05:30,2026-10-01T14:32:32.346693+05:30,2026-10-01T14:32:32.346693+05:30,FULLY_EVALUABLE,REJECTED,False,NONE,False,True,VALUATION_GATE,FAIL_VALUATION
e715b83a3ce74f4ba7763b844d98ffbd,QUALITY_COMPOUNDER_VALUE_V2_FINAL,Quality Compounder Value V2 Final,FROZEN_V2_PROD_1.0,DSSL,NSE_EQ|DSSL,NSE,EQUITY,CERTIFIED_CLEAN_886,231,2026-10-01T14:32:15.021368+05:30,2026-10-01T14:32:32.358243+05:30,2026-10-01T14:32:32.358243+05:30,2026-10-01T14:32:32.358243+05:30,FULLY_EVALUABLE,REJECTED,False,NONE,False,True,QUALITY_GATE,FAIL_CFO_PAT
e715b83a3ce74f4ba7763b844d98ffbd,QUALITY_COMPOUNDER_VALUE_V2_FINAL,Quality Compounder Value V2 Final,FROZEN_V2_PROD_1.0,DYCL,NSE_EQ|DYCL,NSE,EQUITY,CERTIFIED_CLEAN_886,232,2026-10-01T14:32:15.021368+05:30,2026-10-01T14:32:32.369886+05:30,2026-10-01T14:32:32.369886+05:30,2026-10-01T14:32:32.369886+05:30,FULLY_EVALUABLE,REJECTED,False,NONE,False,True,VALUATION_GATE,FAIL_VALUATION
e715b83a3ce74f4ba7763b844d98ffbd,QUALITY_COMPOUNDER_VALUE_V2_FINAL,Quality Compounder Value V2 Final,FROZEN_V2_PROD_1.0,EBGNG,NSE_EQ|EBGNG,NSE,EQUITY,CERTIFIED_CLEAN_886,233,2026-10-01T14:32:15.021368+05:30,2026-10-01T14:32:32.382093+05:30,2026-10-01T14:32:32.382093+05:30,2026-10-01T14:32:32.382093+05:30,FULLY_EVALUABLE,REJECTED,False,NONE,False,True,QUALITY_GATE,FAIL_CFO_PAT
e715b83a3ce74f4ba7763b844d98ffbd,QUALITY_COMPOUNDER_VALUE_V2_FINAL,Quality Compounder Value V2 Final,FROZEN_V2_PROD_1.0,ECLERX,NSE_EQ|ECLERX,NSE,EQUITY,CERTIFIED_CLEAN_886,234,2026-10-01T14:32:15.021368+05:30,2026-10-01T14:32:32.393689+05:30,2026-10-01T14:32:32.393689+05:30,2026-10-01T14:32:32.393689+05:30,FULLY_EVALUABLE,REJECTED,False,NONE,False,True,VALUATION_GATE,FAIL_VALUATION
e715b83a3ce74f4ba7763b844d98ffbd,QUALITY_COMPOUNDER_VALUE_V2_FINAL,Quality Compounder Value V2 Final,FROZEN_V2_PROD_1.0,EDELWEISS,NSE_EQ|EDELWEISS,NSE,EQUITY,CERTIFIED_CLEAN_886,235,2026-10-01T14:32:15.021368+05:30,2026-10-01T14:32:32.403332+05:30,2026-10-01T14:32:32.403332+05:30,2026-10-01T14:32:32.403332+05:30,FULLY_EVALUABLE,REJECTED,False,NONE,False,True,QUALITY_GATE,FAIL_ROCE
e715b83a3ce74f4ba7763b844d98ffbd,QUALITY_COMPOUNDER_VALUE_V2_FINAL,Quality Compounder Value V2 Final,FROZEN_V2_PROD_1.0,EFCIL,NSE_EQ|EFCIL,NSE,EQUITY,CERTIFIED_CLEAN_886,236,2026-10-01T14:32:15.021368+05:30,2026-10-01T14:32:32.414340+05:30,2026-10-01T14:32:32.414340+05:30,2026-10-01T14:32:32.414340+05:30,FULLY_EVALUABLE,REJECTED,False,NONE,False,True,QUALITY_GATE,FAIL_SALES_CAGR
e715b83a3ce74f4ba7763b844d98ffbd,QUALITY_COMPOUNDER_VALUE_V2_FINAL,Quality Compounder Value V2 Final,FROZEN_V2_PROD_1.0,EICHERMOT,NSE_EQ|EICHERMOT,NSE,EQUITY,CERTIFIED_CLEAN_886,237,2026-10-01T14:32:15.021368+05:30,2026-10-01T14:32:32.427618+05:30,2026-10-01T14:32:32.427618+05:30,2026-10-01T14:32:32.427618+05:30,FULLY_EVALUABLE,REJECTED,False,NONE,False,True,VALUATION_GATE,FAIL_VALUATION
e715b83a3ce74f4ba7763b844d98ffbd,QUALITY_COMPOUNDER_VALUE_V2_FINAL,Quality Compounder Value V2 Final,FROZEN_V2_PROD_1.0,EIEL,NSE_EQ|EIEL,NSE,EQUITY,CERTIFIED_CLEAN_886,238,2026-10-01T14:32:15.021368+05:30,2026-10-01T14:32:32.436533+05:30,2026-10-01T14:32:32.436533+05:30,2026-10-01T14:32:32.436533+05:30,FULLY_EVALUABLE,REJECTED,False,NONE,False,True,QUALITY_GATE,FAIL_CFO_PAT
e715b83a3ce74f4ba7763b844d98ffbd,QUALITY_COMPOUNDER_VALUE_V2_FINAL,Quality Compounder Value V2 Final,FROZEN_V2_PROD_1.0,EIHAHOTELS,NSE_EQ|EIHAHOTELS,NSE,EQUITY,CERTIFIED_CLEAN_886,239,2026-10-01T14:32:15.021368+05:30,2026-10-01T14:32:32.445143+05:30,2026-10-01T14:32:32.445143+05:30,2026-10-01T14:32:32.445143+05:30,FULLY_EVALUABLE,REJECTED,False,NONE,False,True,QUALITY_GATE,FAIL_LIQUIDITY
e715b83a3ce74f4ba7763b844d98ffbd,QUALITY_COMPOUNDER_VALUE_V2_FINAL,Quality Compounder Value V2 Final,FROZEN_V2_PROD_1.0,EIHOTEL,NSE_EQ|EIHOTEL,NSE,EQUITY,CERTIFIED_CLEAN_886,240,2026-10-01T14:32:15.021368+05:30,2026-10-01T14:32:32.455005+05:30,2026-10-01T14:32:32.455005+05:30,2026-10-01T14:32:32.455005+05:30,FULLY_EVALUABLE,REJECTED,False,NONE,False,True,QUALITY_GATE,FAIL_PAT_CAGR
e715b83a3ce74f4ba7763b844d98ffbd,QUALITY_COMPOUNDER_VALUE_V2_FINAL,Quality Compounder Value V2 Final,FROZEN_V2_PROD_1.0,EKC,NSE_EQ|EKC,NSE,EQUITY,CERTIFIED_CLEAN_886,241,2026-10-01T14:32:15.021368+05:30,2026-10-01T14:32:32.464194+05:30,2026-10-01T14:32:32.464194+05:30,2026-10-01T14:32:32.464194+05:30,FULLY_EVALUABLE,REJECTED,False,NONE,False,True,QUALITY_GATE,FAIL_SALES_CAGR
e715b83a3ce74f4ba7763b844d98ffbd,QUALITY_COMPOUNDER_VALUE_V2_FINAL,Quality Compounder Value V2 Final,FROZEN_V2_PROD_1.0,ELANTAS,NSE_EQ|ELANTAS,NSE,EQUITY,CERTIFIED_CLEAN_886,242,2026-10-01T14:32:15.021368+05:30,2026-10-01T14:32:32.474320+05:30,2026-10-01T14:32:32.474320+05:30,2026-10-01T14:32:32.474320+05:30,FULLY_EVALUABLE,REJECTED,False,NONE,False,True,QUALITY_GATE,FAIL_CFO_PAT
e715b83a3ce74f4ba7763b844d98ffbd,QUALITY_COMPOUNDER_VALUE_V2_FINAL,Quality Compounder Value V2 Final,FROZEN_V2_PROD_1.0,ELECON,NSE_EQ|ELECON,NSE,EQUITY,CERTIFIED_CLEAN_886,243,2026-10-01T14:32:15.021368+05:30,2026-10-01T14:32:32.663998+05:30,2026-10-01T14:32:32.663998+05:30,2026-10-01T14:32:32.663998+05:30,FULLY_EVALUABLE,ALERT_BUY,True,BUY,False,False,NONE,PASS
e715b83a3ce74f4ba7763b844d98ffbd,QUALITY_COMPOUNDER_VALUE_V2_FINAL,Quality Compounder Value V2 Final,FROZEN_V2_PROD_1.0,ELGIEQUIP,NSE_EQ|ELGIEQUIP,NSE,EQUITY,CERTIFIED_CLEAN_886,244,2026-10-01T14:32:15.021368+05:30,2026-10-01T14:32:32.675674+05:30,2026-10-01T14:32:32.675674+05:30,2026-10-01T14:32:32.675674+05:30,FULLY_EVALUABLE,REJECTED,False,NONE,False,True,VALUATION_GATE,FAIL_VALUATION
e715b83a3ce74f4ba7763b844d98ffbd,QUALITY_COMPOUNDER_VALUE_V2_FINAL,Quality Compounder Value V2 Final,FROZEN_V2_PROD_1.0,ELLEN,NSE_EQ|ELLEN,NSE,EQUITY,CERTIFIED_CLEAN_886,245,2026-10-01T14:32:15.021368+05:30,2026-10-01T14:32:32.686374+05:30,2026-10-01T14:32:32.686374+05:30,2026-10-01T14:32:32.686374+05:30,FULLY_EVALUABLE,REJECTED,False,NONE,False,True,QUALITY_GATE,FAIL_ROCE
e715b83a3ce74f4ba7763b844d98ffbd,QUALITY_COMPOUNDER_VALUE_V2_FINAL,Quality Compounder Value V2 Final,FROZEN_V2_PROD_1.0,EMAMILTD,NSE_EQ|EMAMILTD,NSE,EQUITY,CERTIFIED_CLEAN_886,246,2026-10-01T14:32:15.021368+05:30,2026-10-01T14:32:32.698246+05:30,2026-10-01T14:32:32.698246+05:30,2026-10-01T14:32:32.698246+05:30,FULLY_EVALUABLE,REJECTED,False,NONE,False,True,QUALITY_GATE,FAIL_SALES_CAGR
e715b83a3ce74f4ba7763b844d98ffbd,QUALITY_COMPOUNDER_VALUE_V2_FINAL,Quality Compounder Value V2 Final,FROZEN_V2_PROD_1.0,EMCURE,NSE_EQ|EMCURE,NSE,EQUITY,CERTIFIED_CLEAN_886,247,2026-10-01T14:32:15.021368+05:30,2026-10-01T14:32:32.704659+05:30,2026-10-01T14:32:32.704659+05:30,2026-10-01T14:32:32.704659+05:30,FULLY_EVALUABLE,REJECTED,False,NONE,False,True,VALUATION_GATE,FAIL_VALUATION
e715b83a3ce74f4ba7763b844d98ffbd,QUALITY_COMPOUNDER_VALUE_V2_FINAL,Quality Compounder Value V2 Final,FROZEN_V2_PROD_1.0,EMMVEE,NSE_EQ|EMMVEE,NSE,EQUITY,CERTIFIED_CLEAN_886,248,2026-10-01T14:32:15.021368+05:30,2026-10-01T14:32:32.714893+05:30,2026-10-01T14:32:32.714893+05:30,2026-10-01T14:32:32.714893+05:30,FULLY_EVALUABLE,REJECTED,False,NONE,False,True,VALUATION_GATE,FAIL_VALUATION
e715b83a3ce74f4ba7763b844d98ffbd,QUALITY_COMPOUNDER_VALUE_V2_FINAL,Quality Compounder Value V2 Final,FROZEN_V2_PROD_1.0,EMSLIMITED,NSE_EQ|EMSLIMITED,NSE,EQUITY,CERTIFIED_CLEAN_886,249,2026-10-01T14:32:15.021368+05:30,2026-10-01T14:32:32.722033+05:30,2026-10-01T14:32:32.722033+05:30,2026-10-01T14:32:32.722033+05:30,FULLY_EVALUABLE,REJECTED,False,NONE,False,True,QUALITY_GATE,FAIL_PAT_CAGR
e715b83a3ce74f4ba7763b844d98ffbd,QUALITY_COMPOUNDER_VALUE_V2_FINAL,Quality Compounder Value V2 Final,FROZEN_V2_PROD_1.0,EMUDHRA,NSE_EQ|EMUDHRA,NSE,EQUITY,CERTIFIED_CLEAN_886,250,2026-10-01T14:32:15.021368+05:30,2026-10-01T14:32:32.867607+05:30,2026-10-01T14:32:32.867607+05:30,2026-10-01T14:32:32.867607+05:30,FULLY_EVALUABLE,ALERT_BUY,True,BUY,False,False,NONE,PASS
e715b83a3ce74f4ba7763b844d98ffbd,QUALITY_COMPOUNDER_VALUE_V2_FINAL,Quality Compounder Value V2 Final,FROZEN_V2_PROD_1.0,ENDURANCE,NSE_EQ|ENDURANCE,NSE,EQUITY,CERTIFIED_CLEAN_886,251,2026-10-01T14:32:15.021368+05:30,2026-10-01T14:32:32.880309+05:30,2026-10-01T14:32:32.880309+05:30,2026-10-01T14:32:32.880309+05:30,FULLY_EVALUABLE,REJECTED,False,NONE,False,True,VALUATION_GATE,FAIL_VALUATION
e715b83a3ce74f4ba7763b844d98ffbd,QUALITY_COMPOUNDER_VALUE_V2_FINAL,Quality Compounder Value V2 Final,FROZEN_V2_PROD_1.0,ENGINERSIN,NSE_EQ|ENGINERSIN,NSE,EQUITY,CERTIFIED_CLEAN_886,252,2026-10-01T14:32:15.021368+05:30,2026-10-01T14:32:32.889290+05:30,2026-10-01T14:32:32.889290+05:30,2026-10-01T14:32:32.889290+05:30,FULLY_EVALUABLE,REJECTED,False,NONE,False,True,QUALITY_GATE,FAIL_SALES_CAGR
e715b83a3ce74f4ba7763b844d98ffbd,QUALITY_COMPOUNDER_VALUE_V2_FINAL,Quality Compounder Value V2 Final,FROZEN_V2_PROD_1.0,EPACKPEB,NSE_EQ|EPACKPEB,NSE,EQUITY,CERTIFIED_CLEAN_886,253,2026-10-01T14:32:15.021368+05:30,2026-10-01T14:32:32.901331+05:30,2026-10-01T14:32:32.901331+05:30,2026-10-01T14:32:32.901331+05:30,FULLY_EVALUABLE,REJECTED,False,NONE,False,True,VALUATION_GATE,FAIL_VALUATION
e715b83a3ce74f4ba7763b844d98ffbd,QUALITY_COMPOUNDER_VALUE_V2_FINAL,Quality Compounder Value V2 Final,FROZEN_V2_PROD_1.0,EPIGRAL,NSE_EQ|EPIGRAL,NSE,EQUITY,CERTIFIED_CLEAN_886,254,2026-10-01T14:32:15.021368+05:30,2026-10-01T14:32:32.911798+05:30,2026-10-01T14:32:32.911798+05:30,2026-10-01T14:32:32.911798+05:30,FULLY_EVALUABLE,REJECTED,False,NONE,False,True,VALUATION_GATE,FAIL_VALUATION
e715b83a3ce74f4ba7763b844d98ffbd,QUALITY_COMPOUNDER_VALUE_V2_FINAL,Quality Compounder Value V2 Final,FROZEN_V2_PROD_1.0,EPL,NSE_EQ|EPL,NSE,EQUITY,CERTIFIED_CLEAN_886,255,2026-10-01T14:32:15.021368+05:30,2026-10-01T14:32:32.920429+05:30,2026-10-01T14:32:32.920429+05:30,2026-10-01T14:32:32.920429+05:30,FULLY_EVALUABLE,REJECTED,False,NONE,False,True,QUALITY_GATE,FAIL_SALES_CAGR
e715b83a3ce74f4ba7763b844d98ffbd,QUALITY_COMPOUNDER_VALUE_V2_FINAL,Quality Compounder Value V2 Final,FROZEN_V2_PROD_1.0,ERIS,NSE_EQ|ERIS,NSE,EQUITY,CERTIFIED_CLEAN_886,256,2026-10-01T14:32:15.021368+05:30,2026-10-01T14:32:32.939629+05:30,2026-10-01T14:32:32.939629+05:30,2026-10-01T14:32:32.939629+05:30,FULLY_EVALUABLE,REJECTED,False,NONE,False,True,QUALITY_GATE,FAIL_DEBT
e715b83a3ce74f4ba7763b844d98ffbd,QUALITY_COMPOUNDER_VALUE_V2_FINAL,Quality Compounder Value V2 Final,FROZEN_V2_PROD_1.0,ESABINDIA,NSE_EQ|ESABINDIA,NSE,EQUITY,CERTIFIED_CLEAN_886,257,2026-10-01T14:32:15.021368+05:30,2026-10-01T14:32:32.958821+05:30,2026-10-01T14:32:32.958821+05:30,2026-10-01T14:32:32.958821+05:30,FULLY_EVALUABLE,REJECTED,False,NONE,False,True,VALUATION_GATE,FAIL_VALUATION
e715b83a3ce74f4ba7763b844d98ffbd,QUALITY_COMPOUNDER_VALUE_V2_FINAL,Quality Compounder Value V2 Final,FROZEN_V2_PROD_1.0,ESCORTS,NSE_EQ|ESCORTS,NSE,EQUITY,CERTIFIED_CLEAN_886,258,2026-10-01T14:32:15.021368+05:30,2026-10-01T14:32:32.975779+05:30,2026-10-01T14:32:32.975779+05:30,2026-10-01T14:32:32.975779+05:30,FULLY_EVALUABLE,REJECTED,False,NONE,False,True,QUALITY_GATE,FAIL_ROCE
e715b83a3ce74f4ba7763b844d98ffbd,QUALITY_COMPOUNDER_VALUE_V2_FINAL,Quality Compounder Value V2 Final,FROZEN_V2_PROD_1.0,EUROPRATIK,NSE_EQ|EUROPRATIK,NSE,EQUITY,CERTIFIED_CLEAN_886,259,2026-10-01T14:32:15.021368+05:30,2026-10-01T14:32:32.984273+05:30,2026-10-01T14:32:32.984273+05:30,2026-10-01T14:32:32.984273+05:30,FULLY_EVALUABLE,REJECTED,False,NONE,False,True,QUALITY_GATE,FAIL_CFO_PAT
e715b83a3ce74f4ba7763b844d98ffbd,QUALITY_COMPOUNDER_VALUE_V2_FINAL,Quality Compounder Value V2 Final,FROZEN_V2_PROD_1.0,EVEREADY,NSE_EQ|EVEREADY,NSE,EQUITY,CERTIFIED_CLEAN_886,260,2026-10-01T14:32:15.021368+05:30,2026-10-01T14:32:32.995903+05:30,2026-10-01T14:32:32.995903+05:30,2026-10-01T14:32:32.995903+05:30,FULLY_EVALUABLE,REJECTED,False,NONE,False,True,QUALITY_GATE,FAIL_SALES_CAGR
e715b83a3ce74f4ba7763b844d98ffbd,QUALITY_COMPOUNDER_VALUE_V2_FINAL,Quality Compounder Value V2 Final,FROZEN_V2_PROD_1.0,EXPLEOSOL,NSE_EQ|EXPLEOSOL,NSE,EQUITY,CERTIFIED_CLEAN_886,261,2026-10-01T14:32:15.021368+05:30,2026-10-01T14:32:33.003745+05:30,2026-10-01T14:32:33.003745+05:30,2026-10-01T14:32:33.003745+05:30,FULLY_EVALUABLE,REJECTED,False,NONE,False,True,VALUATION_GATE,FAIL_VALUATION
e715b83a3ce74f4ba7763b844d98ffbd,QUALITY_COMPOUNDER_VALUE_V2_FINAL,Quality Compounder Value V2 Final,FROZEN_V2_PROD_1.0,FDC,NSE_EQ|FDC,NSE,EQUITY,CERTIFIED_CLEAN_886,262,2026-10-01T14:32:15.021368+05:30,2026-10-01T14:32:33.012530+05:30,2026-10-01T14:32:33.012530+05:30,2026-10-01T14:32:33.012530+05:30,FULLY_EVALUABLE,REJECTED,False,NONE,False,True,QUALITY_GATE,FAIL_PAT_CAGR
e715b83a3ce74f4ba7763b844d98ffbd,QUALITY_COMPOUNDER_VALUE_V2_FINAL,Quality Compounder Value V2 Final,FROZEN_V2_PROD_1.0,FEDERALBNK,NSE_EQ|FEDERALBNK,NSE,EQUITY,CERTIFIED_CLEAN_886,263,2026-10-01T14:32:15.021368+05:30,2026-10-01T14:32:33.023369+05:30,2026-10-01T14:32:33.023369+05:30,2026-10-01T14:32:33.023369+05:30,FULLY_EVALUABLE,REJECTED,False,NONE,False,True,QUALITY_GATE,METRIC_NOT_APPLICABLE_FINANCIAL
e715b83a3ce74f4ba7763b844d98ffbd,QUALITY_COMPOUNDER_VALUE_V2_FINAL,Quality Compounder Value V2 Final,FROZEN_V2_PROD_1.0,FEDFINA,NSE_EQ|FEDFINA,NSE,EQUITY,CERTIFIED_CLEAN_886,264,2026-10-01T14:32:15.021368+05:30,2026-10-01T14:32:33.031384+05:30,2026-10-01T14:32:33.031384+05:30,2026-10-01T14:32:33.031384+05:30,FULLY_EVALUABLE,REJECTED,False,NONE,False,True,QUALITY_GATE,METRIC_NOT_APPLICABLE_FINANCIAL
e715b83a3ce74f4ba7763b844d98ffbd,QUALITY_COMPOUNDER_VALUE_V2_FINAL,Quality Compounder Value V2 Final,FROZEN_V2_PROD_1.0,FIEMIND,NSE_EQ|FIEMIND,NSE,EQUITY,CERTIFIED_CLEAN_886,265,2026-10-01T14:32:15.021368+05:30,2026-10-01T14:32:33.042051+05:30,2026-10-01T14:32:33.042051+05:30,2026-10-01T14:32:33.042051+05:30,FULLY_EVALUABLE,REJECTED,False,NONE,False,True,VALUATION_GATE,FAIL_VALUATION
e715b83a3ce74f4ba7763b844d98ffbd,QUALITY_COMPOUNDER_VALUE_V2_FINAL,Quality Compounder Value V2 Final,FROZEN_V2_PROD_1.0,FINCABLES,NSE_EQ|FINCABLES,NSE,EQUITY,CERTIFIED_CLEAN_886,266,2026-10-01T14:32:15.021368+05:30,2026-10-01T14:32:33.067549+05:30,2026-10-01T14:32:33.067549+05:30,2026-10-01T14:32:33.067549+05:30,FULLY_EVALUABLE,REJECTED,False,NONE,False,True,QUALITY_GATE,FAIL_PAT_CAGR
e715b83a3ce74f4ba7763b844d98ffbd,QUALITY_COMPOUNDER_VALUE_V2_FINAL,Quality Compounder Value V2 Final,FROZEN_V2_PROD_1.0,FINEORG,NSE_EQ|FINEORG,NSE,EQUITY,CERTIFIED_CLEAN_886,267,2026-10-01T14:32:15.021368+05:30,2026-10-01T14:32:33.081081+05:30,2026-10-01T14:32:33.081081+05:30,2026-10-01T14:32:33.081081+05:30,FULLY_EVALUABLE,REJECTED,False,NONE,False,True,VALUATION_GATE,FAIL_VALUATION
e715b83a3ce74f4ba7763b844d98ffbd,QUALITY_COMPOUNDER_VALUE_V2_FINAL,Quality Compounder Value V2 Final,FROZEN_V2_PROD_1.0,FINPIPE,NSE_EQ|FINPIPE,NSE,EQUITY,CERTIFIED_CLEAN_886,268,2026-10-01T14:32:15.021368+05:30,2026-10-01T14:32:33.091525+05:30,2026-10-01T14:32:33.091525+05:30,2026-10-01T14:32:33.091525+05:30,FULLY_EVALUABLE,REJECTED,False,NONE,False,True,QUALITY_GATE,FAIL_ROCE
e715b83a3ce74f4ba7763b844d98ffbd,QUALITY_COMPOUNDER_VALUE_V2_FINAL,Quality Compounder Value V2 Final,FROZEN_V2_PROD_1.0,FIVESTAR,NSE_EQ|FIVESTAR,NSE,EQUITY,CERTIFIED_CLEAN_886,269,2026-10-01T14:32:15.021368+05:30,2026-10-01T14:32:33.106277+05:30,2026-10-01T14:32:33.106277+05:30,2026-10-01T14:32:33.106277+05:30,FULLY_EVALUABLE,REJECTED,False,NONE,False,True,QUALITY_GATE,METRIC_NOT_APPLICABLE_FINANCIAL
e715b83a3ce74f4ba7763b844d98ffbd,QUALITY_COMPOUNDER_VALUE_V2_FINAL,Quality Compounder Value V2 Final,FROZEN_V2_PROD_1.0,FLAIR,NSE_EQ|FLAIR,NSE,EQUITY,CERTIFIED_CLEAN_886,270,2026-10-01T14:32:15.021368+05:30,2026-10-01T14:32:33.118054+05:30,2026-10-01T14:32:33.118054+05:30,2026-10-01T14:32:33.118054+05:30,FULLY_EVALUABLE,REJECTED,False,NONE,False,True,QUALITY_GATE,FAIL_CFO_PAT
e715b83a3ce74f4ba7763b844d98ffbd,QUALITY_COMPOUNDER_VALUE_V2_FINAL,Quality Compounder Value V2 Final,FROZEN_V2_PROD_1.0,FMGOETZE,NSE_EQ|FMGOETZE,NSE,EQUITY,CERTIFIED_CLEAN_886,271,2026-10-01T14:32:15.021368+05:30,2026-10-01T14:32:33.130169+05:30,2026-10-01T14:32:33.130169+05:30,2026-10-01T14:32:33.130169+05:30,FULLY_EVALUABLE,REJECTED,False,NONE,False,True,VALUATION_GATE,FAIL_VALUATION
e715b83a3ce74f4ba7763b844d98ffbd,QUALITY_COMPOUNDER_VALUE_V2_FINAL,Quality Compounder Value V2 Final,FROZEN_V2_PROD_1.0,FORCEMOT,NSE_EQ|FORCEMOT,NSE,EQUITY,CERTIFIED_CLEAN_886,272,2026-10-01T14:32:15.021368+05:30,2026-10-01T14:32:33.141836+05:30,2026-10-01T14:32:33.141836+05:30,2026-10-01T14:32:33.141836+05:30,FULLY_EVALUABLE,REJECTED,False,NONE,False,True,QUALITY_GATE,FAIL_PAT_CAGR
e715b83a3ce74f4ba7763b844d98ffbd,QUALITY_COMPOUNDER_VALUE_V2_FINAL,Quality Compounder Value V2 Final,FROZEN_V2_PROD_1.0,FORTIS,NSE_EQ|FORTIS,NSE,EQUITY,CERTIFIED_CLEAN_886,273,2026-10-01T14:32:15.021368+05:30,2026-10-01T14:32:33.154034+05:30,2026-10-01T14:32:33.154034+05:30,2026-10-01T14:32:33.154034+05:30,FULLY_EVALUABLE,REJECTED,False,NONE,False,True,QUALITY_GATE,FAIL_ROCE
e715b83a3ce74f4ba7763b844d98ffbd,QUALITY_COMPOUNDER_VALUE_V2_FINAL,Quality Compounder Value V2 Final,FROZEN_V2_PROD_1.0,FOSECOIND,NSE_EQ|FOSECOIND,NSE,EQUITY,CERTIFIED_CLEAN_886,274,2026-10-01T14:32:15.021368+05:30,2026-10-01T14:32:33.177634+05:30,2026-10-01T14:32:33.177634+05:30,2026-10-01T14:32:33.177634+05:30,FULLY_EVALUABLE,REJECTED,False,NONE,False,True,QUALITY_GATE,FAIL_PAT_CAGR
e715b83a3ce74f4ba7763b844d98ffbd,QUALITY_COMPOUNDER_VALUE_V2_FINAL,Quality Compounder Value V2 Final,FROZEN_V2_PROD_1.0,FRONTSP,NSE_EQ|FRONTSP,NSE,EQUITY,CERTIFIED_CLEAN_886,275,2026-10-01T14:32:15.021368+05:30,2026-10-01T14:32:33.193539+05:30,2026-10-01T14:32:33.193539+05:30,2026-10-01T14:32:33.193539+05:30,STRUCTURAL_INELIGIBLE,BLOCKED,False,NONE,True,True,DATA_GATE,DATA_INSUFFICIENT_QUALITY
e715b83a3ce74f4ba7763b844d98ffbd,QUALITY_COMPOUNDER_VALUE_V2_FINAL,Quality Compounder Value V2 Final,FROZEN_V2_PROD_1.0,FSL,NSE_EQ|FSL,NSE,EQUITY,CERTIFIED_CLEAN_886,276,2026-10-01T14:32:15.021368+05:30,2026-10-01T14:32:33.206474+05:30,2026-10-01T14:32:33.206474+05:30,2026-10-01T14:32:33.206474+05:30,FULLY_EVALUABLE,REJECTED,False,NONE,False,True,QUALITY_GATE,FAIL_DEBT
e715b83a3ce74f4ba7763b844d98ffbd,QUALITY_COMPOUNDER_VALUE_V2_FINAL,Quality Compounder Value V2 Final,FROZEN_V2_PROD_1.0,GABRIEL,NSE_EQ|GABRIEL,NSE,EQUITY,CERTIFIED_CLEAN_886,277,2026-10-01T14:32:15.021368+05:30,2026-10-01T14:32:33.225978+05:30,2026-10-01T14:32:33.225978+05:30,2026-10-01T14:32:33.225978+05:30,FULLY_EVALUABLE,REJECTED,False,NONE,False,True,VALUATION_GATE,FAIL_VALUATION
e715b83a3ce74f4ba7763b844d98ffbd,QUALITY_COMPOUNDER_VALUE_V2_FINAL,Quality Compounder Value V2 Final,FROZEN_V2_PROD_1.0,GAEL,NSE_EQ|GAEL,NSE,EQUITY,CERTIFIED_CLEAN_886,278,2026-10-01T14:32:15.021368+05:30,2026-10-01T14:32:33.238223+05:30,2026-10-01T14:32:33.238223+05:30,2026-10-01T14:32:33.238223+05:30,FULLY_EVALUABLE,REJECTED,False,NONE,False,True,QUALITY_GATE,FAIL_SALES_CAGR
e715b83a3ce74f4ba7763b844d98ffbd,QUALITY_COMPOUNDER_VALUE_V2_FINAL,Quality Compounder Value V2 Final,FROZEN_V2_PROD_1.0,GAIL,NSE_EQ|GAIL,NSE,EQUITY,CERTIFIED_CLEAN_886,279,2026-10-01T14:32:15.021368+05:30,2026-10-01T14:32:33.251522+05:30,2026-10-01T14:32:33.251522+05:30,2026-10-01T14:32:33.251522+05:30,FULLY_EVALUABLE,REJECTED,False,NONE,False,True,QUALITY_GATE,FAIL_ROCE
e715b83a3ce74f4ba7763b844d98ffbd,QUALITY_COMPOUNDER_VALUE_V2_FINAL,Quality Compounder Value V2 Final,FROZEN_V2_PROD_1.0,GALAPREC,NSE_EQ|GALAPREC,NSE,EQUITY,CERTIFIED_CLEAN_886,280,2026-10-01T14:32:15.021368+05:30,2026-10-01T14:32:33.264155+05:30,2026-10-01T14:32:33.264155+05:30,2026-10-01T14:32:33.264155+05:30,FULLY_EVALUABLE,REJECTED,False,NONE,False,True,QUALITY_GATE,FAIL_CFO_PAT
e715b83a3ce74f4ba7763b844d98ffbd,QUALITY_COMPOUNDER_VALUE_V2_FINAL,Quality Compounder Value V2 Final,FROZEN_V2_PROD_1.0,GALAXYSURF,NSE_EQ|GALAXYSURF,NSE,EQUITY,CERTIFIED_CLEAN_886,281,2026-10-01T14:32:15.021368+05:30,2026-10-01T14:32:33.277838+05:30,2026-10-01T14:32:33.277838+05:30,2026-10-01T14:32:33.277838+05:30,FULLY_EVALUABLE,REJECTED,False,NONE,False,True,QUALITY_GATE,FAIL_PAT_CAGR
e715b83a3ce74f4ba7763b844d98ffbd,QUALITY_COMPOUNDER_VALUE_V2_FINAL,Quality Compounder Value V2 Final,FROZEN_V2_PROD_1.0,GALLANTT,NSE_EQ|GALLANTT,NSE,EQUITY,CERTIFIED_CLEAN_886,282,2026-10-01T14:32:15.021368+05:30,2026-10-01T14:32:33.286492+05:30,2026-10-01T14:32:33.286492+05:30,2026-10-01T14:32:33.286492+05:30,FULLY_EVALUABLE,REJECTED,False,NONE,False,True,VALUATION_GATE,FAIL_VALUATION
e715b83a3ce74f4ba7763b844d98ffbd,QUALITY_COMPOUNDER_VALUE_V2_FINAL,Quality Compounder Value V2 Final,FROZEN_V2_PROD_1.0,GANDHAR,NSE_EQ|GANDHAR,NSE,EQUITY,CERTIFIED_CLEAN_886,283,2026-10-01T14:32:15.021368+05:30,2026-10-01T14:32:33.303268+05:30,2026-10-01T14:32:33.303268+05:30,2026-10-01T14:32:33.303268+05:30,FULLY_EVALUABLE,REJECTED,False,NONE,False,True,QUALITY_GATE,FAIL_PAT_CAGR
e715b83a3ce74f4ba7763b844d98ffbd,QUALITY_COMPOUNDER_VALUE_V2_FINAL,Quality Compounder Value V2 Final,FROZEN_V2_PROD_1.0,GANDHITUBE,NSE_EQ|GANDHITUBE,NSE,EQUITY,CERTIFIED_CLEAN_886,284,2026-10-01T14:32:15.021368+05:30,2026-10-01T14:32:33.315782+05:30,2026-10-01T14:32:33.315782+05:30,2026-10-01T14:32:33.315782+05:30,FULLY_EVALUABLE,REJECTED,False,NONE,False,True,QUALITY_GATE,FAIL_LIQUIDITY
e715b83a3ce74f4ba7763b844d98ffbd,QUALITY_COMPOUNDER_VALUE_V2_FINAL,Quality Compounder Value V2 Final,FROZEN_V2_PROD_1.0,GANESHHOU,NSE_EQ|GANESHHOU,NSE,EQUITY,CERTIFIED_CLEAN_886,285,2026-10-01T14:32:15.021368+05:30,2026-10-01T14:32:33.326824+05:30,2026-10-01T14:32:33.326824+05:30,2026-10-01T14:32:33.326824+05:30,FULLY_EVALUABLE,REJECTED,False,NONE,False,True,QUALITY_GATE,FAIL_PAT_CAGR
e715b83a3ce74f4ba7763b844d98ffbd,QUALITY_COMPOUNDER_VALUE_V2_FINAL,Quality Compounder Value V2 Final,FROZEN_V2_PROD_1.0,GARFIBRES,NSE_EQ|GARFIBRES,NSE,EQUITY,CERTIFIED_CLEAN_886,286,2026-10-01T14:32:15.021368+05:30,2026-10-01T14:32:33.339228+05:30,2026-10-01T14:32:33.339228+05:30,2026-10-01T14:32:33.339228+05:30,FULLY_EVALUABLE,REJECTED,False,NONE,False,True,QUALITY_GATE,FAIL_SALES_CAGR
e715b83a3ce74f4ba7763b844d98ffbd,QUALITY_COMPOUNDER_VALUE_V2_FINAL,Quality Compounder Value V2 Final,FROZEN_V2_PROD_1.0,GARUDA,NSE_EQ|GARUDA,NSE,EQUITY,CERTIFIED_CLEAN_886,287,2026-10-01T14:32:15.021368+05:30,2026-10-01T14:32:33.347819+05:30,2026-10-01T14:32:33.347819+05:30,2026-10-01T14:32:33.347819+05:30,FULLY_EVALUABLE,REJECTED,False,NONE,False,True,QUALITY_GATE,FAIL_CFO_PAT
e715b83a3ce74f4ba7763b844d98ffbd,QUALITY_COMPOUNDER_VALUE_V2_FINAL,Quality Compounder Value V2 Final,FROZEN_V2_PROD_1.0,GCSL,NSE_EQ|GCSL,NSE,EQUITY,CERTIFIED_CLEAN_886,288,2026-10-01T14:32:15.021368+05:30,2026-10-01T14:32:33.359200+05:30,2026-10-01T14:32:33.359200+05:30,2026-10-01T14:32:33.359200+05:30,FULLY_EVALUABLE,REJECTED,False,NONE,False,True,QUALITY_GATE,FAIL_PAT_CAGR
e715b83a3ce74f4ba7763b844d98ffbd,QUALITY_COMPOUNDER_VALUE_V2_FINAL,Quality Compounder Value V2 Final,FROZEN_V2_PROD_1.0,GENUSPOWER,NSE_EQ|GENUSPOWER,NSE,EQUITY,CERTIFIED_CLEAN_886,289,2026-10-01T14:32:15.021368+05:30,2026-10-01T14:32:33.368624+05:30,2026-10-01T14:32:33.368624+05:30,2026-10-01T14:32:33.368624+05:30,FULLY_EVALUABLE,REJECTED,False,NONE,False,True,QUALITY_GATE,FAIL_ROCE
e715b83a3ce74f4ba7763b844d98ffbd,QUALITY_COMPOUNDER_VALUE_V2_FINAL,Quality Compounder Value V2 Final,FROZEN_V2_PROD_1.0,GESHIP,NSE_EQ|GESHIP,NSE,EQUITY,CERTIFIED_CLEAN_886,290,2026-10-01T14:32:15.021368+05:30,2026-10-01T14:32:33.378134+05:30,2026-10-01T14:32:33.378134+05:30,2026-10-01T14:32:33.378134+05:30,FULLY_EVALUABLE,REJECTED,False,NONE,False,True,VALUATION_GATE,FAIL_VALUATION
e715b83a3ce74f4ba7763b844d98ffbd,QUALITY_COMPOUNDER_VALUE_V2_FINAL,Quality Compounder Value V2 Final,FROZEN_V2_PROD_1.0,GHCL,NSE_EQ|GHCL,NSE,EQUITY,CERTIFIED_CLEAN_886,291,2026-10-01T14:32:15.021368+05:30,2026-10-01T14:32:33.389322+05:30,2026-10-01T14:32:33.389322+05:30,2026-10-01T14:32:33.389322+05:30,FULLY_EVALUABLE,REJECTED,False,NONE,False,True,QUALITY_GATE,FAIL_SALES_CAGR
e715b83a3ce74f4ba7763b844d98ffbd,QUALITY_COMPOUNDER_VALUE_V2_FINAL,Quality Compounder Value V2 Final,FROZEN_V2_PROD_1.0,GICRE,NSE_EQ|GICRE,NSE,EQUITY,CERTIFIED_CLEAN_886,292,2026-10-01T14:32:15.021368+05:30,2026-10-01T14:32:33.400110+05:30,2026-10-01T14:32:33.400110+05:30,2026-10-01T14:32:33.400110+05:30,FULLY_EVALUABLE,REJECTED,False,NONE,False,True,QUALITY_GATE,METRIC_NOT_APPLICABLE_FINANCIAL
e715b83a3ce74f4ba7763b844d98ffbd,QUALITY_COMPOUNDER_VALUE_V2_FINAL,Quality Compounder Value V2 Final,FROZEN_V2_PROD_1.0,GILLETTE,NSE_EQ|GILLETTE,NSE,EQUITY,CERTIFIED_CLEAN_886,293,2026-10-01T14:32:15.021368+05:30,2026-10-01T14:32:33.411680+05:30,2026-10-01T14:32:33.411680+05:30,2026-10-01T14:32:33.411680+05:30,FULLY_EVALUABLE,REJECTED,False,NONE,False,True,QUALITY_GATE,FAIL_SALES_CAGR
e715b83a3ce74f4ba7763b844d98ffbd,QUALITY_COMPOUNDER_VALUE_V2_FINAL,Quality Compounder Value V2 Final,FROZEN_V2_PROD_1.0,GIPCL,NSE_EQ|GIPCL,NSE,EQUITY,CERTIFIED_CLEAN_886,294,2026-10-01T14:32:15.021368+05:30,2026-10-01T14:32:33.421327+05:30,2026-10-01T14:32:33.421327+05:30,2026-10-01T14:32:33.421327+05:30,FULLY_EVALUABLE,REJECTED,False,NONE,False,True,QUALITY_GATE,FAIL_ROCE
e715b83a3ce74f4ba7763b844d98ffbd,QUALITY_COMPOUNDER_VALUE_V2_FINAL,Quality Compounder Value V2 Final,FROZEN_V2_PROD_1.0,GKENERGY,NSE_EQ|GKENERGY,NSE,EQUITY,CERTIFIED_CLEAN_886,295,2026-10-01T14:32:15.021368+05:30,2026-10-01T14:32:33.428905+05:30,2026-10-01T14:32:33.428905+05:30,2026-10-01T14:32:33.428905+05:30,FULLY_EVALUABLE,REJECTED,False,NONE,False,True,QUALITY_GATE,FAIL_CFO_PAT
e715b83a3ce74f4ba7763b844d98ffbd,QUALITY_COMPOUNDER_VALUE_V2_FINAL,Quality Compounder Value V2 Final,FROZEN_V2_PROD_1.0,GKSL,NSE_EQ|GKSL,NSE,EQUITY,CERTIFIED_CLEAN_886,296,2026-10-01T14:32:15.021368+05:30,2026-10-01T14:32:33.438382+05:30,2026-10-01T14:32:33.438382+05:30,2026-10-01T14:32:33.438382+05:30,FULLY_EVALUABLE,REJECTED,False,NONE,False,True,QUALITY_GATE,FAIL_SALES_CAGR
e715b83a3ce74f4ba7763b844d98ffbd,QUALITY_COMPOUNDER_VALUE_V2_FINAL,Quality Compounder Value V2 Final,FROZEN_V2_PROD_1.0,GLAND,NSE_EQ|GLAND,NSE,EQUITY,CERTIFIED_CLEAN_886,297,2026-10-01T14:32:15.021368+05:30,2026-10-01T14:32:33.448568+05:30,2026-10-01T14:32:33.448568+05:30,2026-10-01T14:32:33.448568+05:30,FULLY_EVALUABLE,REJECTED,False,NONE,False,True,QUALITY_GATE,FAIL_PAT_CAGR
e715b83a3ce74f4ba7763b844d98ffbd,QUALITY_COMPOUNDER_VALUE_V2_FINAL,Quality Compounder Value V2 Final,FROZEN_V2_PROD_1.0,GLAXO,NSE_EQ|GLAXO,NSE,EQUITY,CERTIFIED_CLEAN_886,298,2026-10-01T14:32:15.021368+05:30,2026-10-01T14:32:33.457382+05:30,2026-10-01T14:32:33.457382+05:30,2026-10-01T14:32:33.457382+05:30,FULLY_EVALUABLE,REJECTED,False,NONE,False,True,QUALITY_GATE,FAIL_SALES_CAGR
e715b83a3ce74f4ba7763b844d98ffbd,QUALITY_COMPOUNDER_VALUE_V2_FINAL,Quality Compounder Value V2 Final,FROZEN_V2_PROD_1.0,GLENMARK,NSE_EQ|GLENMARK,NSE,EQUITY,CERTIFIED_CLEAN_886,299,2026-10-01T14:32:15.021368+05:30,2026-10-01T14:32:33.465509+05:30,2026-10-01T14:32:33.465509+05:30,2026-10-01T14:32:33.465509+05:30,FULLY_EVALUABLE,REJECTED,False,NONE,False,True,QUALITY_GATE,FAIL_SALES_CAGR
e715b83a3ce74f4ba7763b844d98ffbd,QUALITY_COMPOUNDER_VALUE_V2_FINAL,Quality Compounder Value V2 Final,FROZEN_V2_PROD_1.0,GLOBUSSPR,NSE_EQ|GLOBUSSPR,NSE,EQUITY,CERTIFIED_CLEAN_886,300,2026-10-01T14:32:15.021368+05:30,2026-10-01T14:32:33.474878+05:30,2026-10-01T14:32:33.474878+05:30,2026-10-01T14:32:33.474878+05:30,FULLY_EVALUABLE,REJECTED,False,NONE,False,True,VALUATION_GATE,FAIL_VALUATION
e715b83a3ce74f4ba7763b844d98ffbd,QUALITY_COMPOUNDER_VALUE_V2_FINAL,Quality Compounder Value V2 Final,FROZEN_V2_PROD_1.0,GMBREW,NSE_EQ|GMBREW,NSE,EQUITY,CERTIFIED_CLEAN_886,301,2026-10-01T14:32:15.021368+05:30,2026-10-01T14:32:33.482147+05:30,2026-10-01T14:32:33.482147+05:30,2026-10-01T14:32:33.482147+05:30,FULLY_EVALUABLE,REJECTED,False,NONE,False,True,QUALITY_GATE,FAIL_CFO_PAT
e715b83a3ce74f4ba7763b844d98ffbd,QUALITY_COMPOUNDER_VALUE_V2_FINAL,Quality Compounder Value V2 Final,FROZEN_V2_PROD_1.0,GMDCLTD,NSE_EQ|GMDCLTD,NSE,EQUITY,CERTIFIED_CLEAN_886,302,2026-10-01T14:32:15.021368+05:30,2026-10-01T14:32:33.504886+05:30,2026-10-01T14:32:33.504886+05:30,2026-10-01T14:32:33.504886+05:30,FULLY_EVALUABLE,REJECTED,False,NONE,False,True,QUALITY_GATE,FAIL_PAT_CAGR
e715b83a3ce74f4ba7763b844d98ffbd,QUALITY_COMPOUNDER_VALUE_V2_FINAL,Quality Compounder Value V2 Final,FROZEN_V2_PROD_1.0,GMRP&UI,NSE_EQ|GMRP&UI,NSE,EQUITY,CERTIFIED_CLEAN_886,303,2026-10-01T14:32:15.021368+05:30,2026-10-01T14:32:33.518972+05:30,2026-10-01T14:32:33.518972+05:30,2026-10-01T14:32:33.518972+05:30,FULLY_EVALUABLE,REJECTED,False,NONE,False,True,QUALITY_GATE,FAIL_ROCE
e715b83a3ce74f4ba7763b844d98ffbd,QUALITY_COMPOUNDER_VALUE_V2_FINAL,Quality Compounder Value V2 Final,FROZEN_V2_PROD_1.0,GNA,NSE_EQ|GNA,NSE,EQUITY,CERTIFIED_CLEAN_886,304,2026-10-01T14:32:15.021368+05:30,2026-10-01T14:32:33.530482+05:30,2026-10-01T14:32:33.530482+05:30,2026-10-01T14:32:33.530482+05:30,FULLY_EVALUABLE,REJECTED,False,NONE,False,True,VALUATION_GATE,FAIL_VALUATION
e715b83a3ce74f4ba7763b844d98ffbd,QUALITY_COMPOUNDER_VALUE_V2_FINAL,Quality Compounder Value V2 Final,FROZEN_V2_PROD_1.0,GNFC,NSE_EQ|GNFC,NSE,EQUITY,CERTIFIED_CLEAN_886,305,2026-10-01T14:32:15.021368+05:30,2026-10-01T14:32:33.541719+05:30,2026-10-01T14:32:33.541719+05:30,2026-10-01T14:32:33.541719+05:30,FULLY_EVALUABLE,REJECTED,False,NONE,False,True,QUALITY_GATE,FAIL_SALES_CAGR
e715b83a3ce74f4ba7763b844d98ffbd,QUALITY_COMPOUNDER_VALUE_V2_FINAL,Quality Compounder Value V2 Final,FROZEN_V2_PROD_1.0,GOCLCORP,NSE_EQ|GOCLCORP,NSE,EQUITY,CERTIFIED_CLEAN_886,306,2026-10-01T14:32:15.021368+05:30,2026-10-01T14:32:33.550614+05:30,2026-10-01T14:32:33.550614+05:30,2026-10-01T14:32:33.550614+05:30,FULLY_EVALUABLE,REJECTED,False,NONE,False,True,QUALITY_GATE,FAIL_ROCE
e715b83a3ce74f4ba7763b844d98ffbd,QUALITY_COMPOUNDER_VALUE_V2_FINAL,Quality Compounder Value V2 Final,FROZEN_V2_PROD_1.0,GOCOLORS,NSE_EQ|GOCOLORS,NSE,EQUITY,CERTIFIED_CLEAN_886,307,2026-10-01T14:32:15.021368+05:30,2026-10-01T14:32:33.559749+05:30,2026-10-01T14:32:33.559749+05:30,2026-10-01T14:32:33.559749+05:30,FULLY_EVALUABLE,REJECTED,False,NONE,False,True,QUALITY_GATE,FAIL_UNIVERSE_MARKET_CAP
e715b83a3ce74f4ba7763b844d98ffbd,QUALITY_COMPOUNDER_VALUE_V2_FINAL,Quality Compounder Value V2 Final,FROZEN_V2_PROD_1.0,GODFRYPHLP,NSE_EQ|GODFRYPHLP,NSE,EQUITY,CERTIFIED_CLEAN_886,308,2026-10-01T14:32:15.021368+05:30,2026-10-01T14:32:33.569903+05:30,2026-10-01T14:32:33.569903+05:30,2026-10-01T14:32:33.569903+05:30,FULLY_EVALUABLE,REJECTED,False,NONE,False,True,QUALITY_GATE,FAIL_CFO_PAT
e715b83a3ce74f4ba7763b844d98ffbd,QUALITY_COMPOUNDER_VALUE_V2_FINAL,Quality Compounder Value V2 Final,FROZEN_V2_PROD_1.0,GODIGIT,NSE_EQ|GODIGIT,NSE,EQUITY,CERTIFIED_CLEAN_886,309,2026-10-01T14:32:15.021368+05:30,2026-10-01T14:32:33.579015+05:30,2026-10-01T14:32:33.579015+05:30,2026-10-01T14:32:33.579015+05:30,FULLY_EVALUABLE,REJECTED,False,NONE,False,True,QUALITY_GATE,METRIC_NOT_APPLICABLE_FINANCIAL
e715b83a3ce74f4ba7763b844d98ffbd,QUALITY_COMPOUNDER_VALUE_V2_FINAL,Quality Compounder Value V2 Final,FROZEN_V2_PROD_1.0,GODREJAGRO,NSE_EQ|GODREJAGRO,NSE,EQUITY,CERTIFIED_CLEAN_886,310,2026-10-01T14:32:15.021368+05:30,2026-10-01T14:32:33.590887+05:30,2026-10-01T14:32:33.590887+05:30,2026-10-01T14:32:33.590887+05:30,FULLY_EVALUABLE,REJECTED,False,NONE,False,True,QUALITY_GATE,FAIL_PAT_CAGR
e715b83a3ce74f4ba7763b844d98ffbd,QUALITY_COMPOUNDER_VALUE_V2_FINAL,Quality Compounder Value V2 Final,FROZEN_V2_PROD_1.0,GODREJCP,NSE_EQ|GODREJCP,NSE,EQUITY,CERTIFIED_CLEAN_886,311,2026-10-01T14:32:15.021368+05:30,2026-10-01T14:32:33.598447+05:30,2026-10-01T14:32:33.598447+05:30,2026-10-01T14:32:33.598447+05:30,FULLY_EVALUABLE,REJECTED,False,NONE,False,True,QUALITY_GATE,FAIL_SALES_CAGR
e715b83a3ce74f4ba7763b844d98ffbd,QUALITY_COMPOUNDER_VALUE_V2_FINAL,Quality Compounder Value V2 Final,FROZEN_V2_PROD_1.0,GODREJIND,NSE_EQ|GODREJIND,NSE,EQUITY,CERTIFIED_CLEAN_886,312,2026-10-01T14:32:15.021368+05:30,2026-10-01T14:32:33.606854+05:30,2026-10-01T14:32:33.606854+05:30,2026-10-01T14:32:33.606854+05:30,FULLY_EVALUABLE,REJECTED,False,NONE,False,True,QUALITY_GATE,FAIL_ROCE
e715b83a3ce74f4ba7763b844d98ffbd,QUALITY_COMPOUNDER_VALUE_V2_FINAL,Quality Compounder Value V2 Final,FROZEN_V2_PROD_1.0,GODREJPROP,NSE_EQ|GODREJPROP,NSE,EQUITY,CERTIFIED_CLEAN_886,313,2026-10-01T14:32:15.021368+05:30,2026-10-01T14:32:33.617102+05:30,2026-10-01T14:32:33.617102+05:30,2026-10-01T14:32:33.617102+05:30,FULLY_EVALUABLE,REJECTED,False,NONE,False,True,QUALITY_GATE,FAIL_ROCE
e715b83a3ce74f4ba7763b844d98ffbd,QUALITY_COMPOUNDER_VALUE_V2_FINAL,Quality Compounder Value V2 Final,FROZEN_V2_PROD_1.0,GOKULAGRO,NSE_EQ|GOKULAGRO,NSE,EQUITY,CERTIFIED_CLEAN_886,314,2026-10-01T14:32:15.021368+05:30,2026-10-01T14:32:33.628558+05:30,2026-10-01T14:32:33.628558+05:30,2026-10-01T14:32:33.628558+05:30,FULLY_EVALUABLE,REJECTED,False,NONE,False,True,VALUATION_GATE,FAIL_VALUATION
e715b83a3ce74f4ba7763b844d98ffbd,QUALITY_COMPOUNDER_VALUE_V2_FINAL,Quality Compounder Value V2 Final,FROZEN_V2_PROD_1.0,GOODLUCK,NSE_EQ|GOODLUCK,NSE,EQUITY,CERTIFIED_CLEAN_886,315,2026-10-01T14:32:15.021368+05:30,2026-10-01T14:32:33.637050+05:30,2026-10-01T14:32:33.637050+05:30,2026-10-01T14:32:33.637050+05:30,FULLY_EVALUABLE,REJECTED,False,NONE,False,True,QUALITY_GATE,FAIL_CFO_PAT
e715b83a3ce74f4ba7763b844d98ffbd,QUALITY_COMPOUNDER_VALUE_V2_FINAL,Quality Compounder Value V2 Final,FROZEN_V2_PROD_1.0,GOODYEAR,NSE_EQ|GOODYEAR,NSE,EQUITY,CERTIFIED_CLEAN_886,316,2026-10-01T14:32:15.021368+05:30,2026-10-01T14:32:33.647183+05:30,2026-10-01T14:32:33.647183+05:30,2026-10-01T14:32:33.647183+05:30,FULLY_EVALUABLE,REJECTED,False,NONE,False,True,QUALITY_GATE,FAIL_LIQUIDITY
e715b83a3ce74f4ba7763b844d98ffbd,QUALITY_COMPOUNDER_VALUE_V2_FINAL,Quality Compounder Value V2 Final,FROZEN_V2_PROD_1.0,GOPAL,NSE_EQ|GOPAL,NSE,EQUITY,CERTIFIED_CLEAN_886,317,2026-10-01T14:32:15.021368+05:30,2026-10-01T14:32:33.655944+05:30,2026-10-01T14:32:33.655944+05:30,2026-10-01T14:32:33.655944+05:30,FULLY_EVALUABLE,REJECTED,False,NONE,False,True,QUALITY_GATE,FAIL_SALES_CAGR
e715b83a3ce74f4ba7763b844d98ffbd,QUALITY_COMPOUNDER_VALUE_V2_FINAL,Quality Compounder Value V2 Final,FROZEN_V2_PROD_1.0,GPIL,NSE_EQ|GPIL,NSE,EQUITY,CERTIFIED_CLEAN_886,318,2026-10-01T14:32:15.021368+05:30,2026-10-01T14:32:33.667707+05:30,2026-10-01T14:32:33.667707+05:30,2026-10-01T14:32:33.667707+05:30,FULLY_EVALUABLE,REJECTED,False,NONE,False,True,QUALITY_GATE,FAIL_SALES_CAGR
e715b83a3ce74f4ba7763b844d98ffbd,QUALITY_COMPOUNDER_VALUE_V2_FINAL,Quality Compounder Value V2 Final,FROZEN_V2_PROD_1.0,GPPL,NSE_EQ|GPPL,NSE,EQUITY,CERTIFIED_CLEAN_886,319,2026-10-01T14:32:15.021368+05:30,2026-10-01T14:32:33.682097+05:30,2026-10-01T14:32:33.682097+05:30,2026-10-01T14:32:33.682097+05:30,FULLY_EVALUABLE,REJECTED,False,NONE,False,True,QUALITY_GATE,FAIL_SALES_CAGR
e715b83a3ce74f4ba7763b844d98ffbd,QUALITY_COMPOUNDER_VALUE_V2_FINAL,Quality Compounder Value V2 Final,FROZEN_V2_PROD_1.0,GPTHEALTH,NSE_EQ|GPTHEALTH,NSE,EQUITY,CERTIFIED_CLEAN_886,320,2026-10-01T14:32:15.021368+05:30,2026-10-01T14:32:33.693714+05:30,2026-10-01T14:32:33.693714+05:30,2026-10-01T14:32:33.693714+05:30,FULLY_EVALUABLE,REJECTED,False,NONE,False,True,QUALITY_GATE,FAIL_DEBT
e715b83a3ce74f4ba7763b844d98ffbd,QUALITY_COMPOUNDER_VALUE_V2_FINAL,Quality Compounder Value V2 Final,FROZEN_V2_PROD_1.0,GPTINFRA,NSE_EQ|GPTINFRA,NSE,EQUITY,CERTIFIED_CLEAN_886,321,2026-10-01T14:32:15.021368+05:30,2026-10-01T14:32:33.709818+05:30,2026-10-01T14:32:33.709818+05:30,2026-10-01T14:32:33.709818+05:30,FULLY_EVALUABLE,REJECTED,False,NONE,False,True,VALUATION_GATE,FAIL_VALUATION
e715b83a3ce74f4ba7763b844d98ffbd,QUALITY_COMPOUNDER_VALUE_V2_FINAL,Quality Compounder Value V2 Final,FROZEN_V2_PROD_1.0,GRANULES,NSE_EQ|GRANULES,NSE,EQUITY,CERTIFIED_CLEAN_886,322,2026-10-01T14:32:15.021368+05:30,2026-10-01T14:32:33.720977+05:30,2026-10-01T14:32:33.720977+05:30,2026-10-01T14:32:33.720977+05:30,FULLY_EVALUABLE,REJECTED,False,NONE,False,True,QUALITY_GATE,FAIL_PAT_CAGR
e715b83a3ce74f4ba7763b844d98ffbd,QUALITY_COMPOUNDER_VALUE_V2_FINAL,Quality Compounder Value V2 Final,FROZEN_V2_PROD_1.0,GRAVITA,NSE_EQ|GRAVITA,NSE,EQUITY,CERTIFIED_CLEAN_886,323,2026-10-01T14:32:15.021368+05:30,2026-10-01T14:32:33.734981+05:30,2026-10-01T14:32:33.734981+05:30,2026-10-01T14:32:33.734981+05:30,FULLY_EVALUABLE,REJECTED,False,NONE,False,True,QUALITY_GATE,FAIL_CFO_PAT
e715b83a3ce74f4ba7763b844d98ffbd,QUALITY_COMPOUNDER_VALUE_V2_FINAL,Quality Compounder Value V2 Final,FROZEN_V2_PROD_1.0,GREENPLY,NSE_EQ|GREENPLY,NSE,EQUITY,CERTIFIED_CLEAN_886,324,2026-10-01T14:32:15.021368+05:30,2026-10-01T14:32:33.750008+05:30,2026-10-01T14:32:33.750008+05:30,2026-10-01T14:32:33.750008+05:30,FULLY_EVALUABLE,REJECTED,False,NONE,False,True,QUALITY_GATE,FAIL_ROCE
e715b83a3ce74f4ba7763b844d98ffbd,QUALITY_COMPOUNDER_VALUE_V2_FINAL,Quality Compounder Value V2 Final,FROZEN_V2_PROD_1.0,GRINDWELL,NSE_EQ|GRINDWELL,NSE,EQUITY,CERTIFIED_CLEAN_886,325,2026-10-01T14:32:15.021368+05:30,2026-10-01T14:32:33.768965+05:30,2026-10-01T14:32:33.768965+05:30,2026-10-01T14:32:33.768965+05:30,FULLY_EVALUABLE,REJECTED,False,NONE,False,True,VALUATION_GATE,FAIL_VALUATION
e715b83a3ce74f4ba7763b844d98ffbd,QUALITY_COMPOUNDER_VALUE_V2_FINAL,Quality Compounder Value V2 Final,FROZEN_V2_PROD_1.0,GRINFRA,NSE_EQ|GRINFRA,NSE,EQUITY,CERTIFIED_CLEAN_886,326,2026-10-01T14:32:15.021368+05:30,2026-10-01T14:32:33.781209+05:30,2026-10-01T14:32:33.781209+05:30,2026-10-01T14:32:33.781209+05:30,FULLY_EVALUABLE,REJECTED,False,NONE,False,True,QUALITY_GATE,FAIL_SALES_CAGR
e715b83a3ce74f4ba7763b844d98ffbd,QUALITY_COMPOUNDER_VALUE_V2_FINAL,Quality Compounder Value V2 Final,FROZEN_V2_PROD_1.0,GROWW,NSE_EQ|GROWW,NSE,EQUITY,CERTIFIED_CLEAN_886,327,2026-10-01T14:32:15.021368+05:30,2026-10-01T14:32:33.794618+05:30,2026-10-01T14:32:33.794618+05:30,2026-10-01T14:32:33.794618+05:30,FULLY_EVALUABLE,REJECTED,False,NONE,False,True,QUALITY_GATE,FAIL_PAT_CAGR
e715b83a3ce74f4ba7763b844d98ffbd,QUALITY_COMPOUNDER_VALUE_V2_FINAL,Quality Compounder Value V2 Final,FROZEN_V2_PROD_1.0,GRSE,NSE_EQ|GRSE,NSE,EQUITY,CERTIFIED_CLEAN_886,328,2026-10-01T14:32:15.021368+05:30,2026-10-01T14:32:33.817789+05:30,2026-10-01T14:32:33.817789+05:30,2026-10-01T14:32:33.817789+05:30,FULLY_EVALUABLE,REJECTED,False,NONE,False,True,QUALITY_GATE,FAIL_CFO_PAT
e715b83a3ce74f4ba7763b844d98ffbd,QUALITY_COMPOUNDER_VALUE_V2_FINAL,Quality Compounder Value V2 Final,FROZEN_V2_PROD_1.0,GRWRHITECH,NSE_EQ|GRWRHITECH,NSE,EQUITY,CERTIFIED_CLEAN_886,329,2026-10-01T14:32:15.021368+05:30,2026-10-01T14:32:33.829459+05:30,2026-10-01T14:32:33.829459+05:30,2026-10-01T14:32:33.829459+05:30,FULLY_EVALUABLE,REJECTED,False,NONE,False,True,VALUATION_GATE,FAIL_VALUATION
e715b83a3ce74f4ba7763b844d98ffbd,QUALITY_COMPOUNDER_VALUE_V2_FINAL,Quality Compounder Value V2 Final,FROZEN_V2_PROD_1.0,GUFICBIO,NSE_EQ|GUFICBIO,NSE,EQUITY,CERTIFIED_CLEAN_886,330,2026-10-01T14:32:15.021368+05:30,2026-10-01T14:32:33.842323+05:30,2026-10-01T14:32:33.842323+05:30,2026-10-01T14:32:33.842323+05:30,FULLY_EVALUABLE,REJECTED,False,NONE,False,True,QUALITY_GATE,FAIL_ROCE
e715b83a3ce74f4ba7763b844d98ffbd,QUALITY_COMPOUNDER_VALUE_V2_FINAL,Quality Compounder Value V2 Final,FROZEN_V2_PROD_1.0,GUJGASLTD,NSE_EQ|GUJGASLTD,NSE,EQUITY,CERTIFIED_CLEAN_886,331,2026-10-01T14:32:15.021368+05:30,2026-10-01T14:32:33.846278+05:30,2026-10-01T14:32:33.846278+05:30,2026-10-01T14:32:33.846278+05:30,DATA_FAILURE,BLOCKED,False,NONE,True,True,DATA_GATE,FAIL_LIQUIDITY
e715b83a3ce74f4ba7763b844d98ffbd,QUALITY_COMPOUNDER_VALUE_V2_FINAL,Quality Compounder Value V2 Final,FROZEN_V2_PROD_1.0,GUJTHEM,NSE_EQ|GUJTHEM,NSE,EQUITY,CERTIFIED_CLEAN_886,332,2026-10-01T14:32:15.021368+05:30,2026-10-01T14:32:33.864261+05:30,2026-10-01T14:32:33.864261+05:30,2026-10-01T14:32:33.864261+05:30,STRUCTURAL_INELIGIBLE,BLOCKED,False,NONE,True,True,DATA_GATE,DATA_INSUFFICIENT_QUALITY
e715b83a3ce74f4ba7763b844d98ffbd,QUALITY_COMPOUNDER_VALUE_V2_FINAL,Quality Compounder Value V2 Final,FROZEN_V2_PROD_1.0,GULFOILLUB,NSE_EQ|GULFOILLUB,NSE,EQUITY,CERTIFIED_CLEAN_886,333,2026-10-01T14:32:15.021368+05:30,2026-10-01T14:32:33.889553+05:30,2026-10-01T14:32:33.889553+05:30,2026-10-01T14:32:33.889553+05:30,FULLY_EVALUABLE,REJECTED,False,NONE,False,True,VALUATION_GATE,FAIL_VALUATION
e715b83a3ce74f4ba7763b844d98ffbd,QUALITY_COMPOUNDER_VALUE_V2_FINAL,Quality Compounder Value V2 Final,FROZEN_V2_PROD_1.0,GULPOLY,NSE_EQ|GULPOLY,NSE,EQUITY,CERTIFIED_CLEAN_886,334,2026-10-01T14:32:15.021368+05:30,2026-10-01T14:32:33.902850+05:30,2026-10-01T14:32:33.902850+05:30,2026-10-01T14:32:33.902850+05:30,FULLY_EVALUABLE,REJECTED,False,NONE,False,True,QUALITY_GATE,FAIL_ROCE
e715b83a3ce74f4ba7763b844d98ffbd,QUALITY_COMPOUNDER_VALUE_V2_FINAL,Quality Compounder Value V2 Final,FROZEN_V2_PROD_1.0,GVPIL,NSE_EQ|GVPIL,NSE,EQUITY,CERTIFIED_CLEAN_886,335,2026-10-01T14:32:15.021368+05:30,2026-10-01T14:32:33.920369+05:30,2026-10-01T14:32:33.920369+05:30,2026-10-01T14:32:33.920369+05:30,FULLY_EVALUABLE,REJECTED,False,NONE,False,True,QUALITY_GATE,FAIL_ROCE
e715b83a3ce74f4ba7763b844d98ffbd,QUALITY_COMPOUNDER_VALUE_V2_FINAL,Quality Compounder Value V2 Final,FROZEN_V2_PROD_1.0,GVT&D,NSE_EQ|GVT&D,NSE,EQUITY,CERTIFIED_CLEAN_886,336,2026-10-01T14:32:15.021368+05:30,2026-10-01T14:32:33.936365+05:30,2026-10-01T14:32:33.936365+05:30,2026-10-01T14:32:33.936365+05:30,FULLY_EVALUABLE,REJECTED,False,NONE,False,True,VALUATION_GATE,FAIL_VALUATION
e715b83a3ce74f4ba7763b844d98ffbd,QUALITY_COMPOUNDER_VALUE_V2_FINAL,Quality Compounder Value V2 Final,FROZEN_V2_PROD_1.0,HAL,NSE_EQ|HAL,NSE,EQUITY,CERTIFIED_CLEAN_886,337,2026-10-01T14:32:15.021368+05:30,2026-10-01T14:32:33.952002+05:30,2026-10-01T14:32:33.952002+05:30,2026-10-01T14:32:33.952002+05:30,FULLY_EVALUABLE,REJECTED,False,NONE,False,True,QUALITY_GATE,FAIL_SALES_CAGR
e715b83a3ce74f4ba7763b844d98ffbd,QUALITY_COMPOUNDER_VALUE_V2_FINAL,Quality Compounder Value V2 Final,FROZEN_V2_PROD_1.0,HAPPSTMNDS,NSE_EQ|HAPPSTMNDS,NSE,EQUITY,CERTIFIED_CLEAN_886,338,2026-10-01T14:32:15.021368+05:30,2026-10-01T14:32:33.963597+05:30,2026-10-01T14:32:33.963597+05:30,2026-10-01T14:32:33.963597+05:30,FULLY_EVALUABLE,REJECTED,False,NONE,False,True,QUALITY_GATE,FAIL_PAT_CAGR
e715b83a3ce74f4ba7763b844d98ffbd,QUALITY_COMPOUNDER_VALUE_V2_FINAL,Quality Compounder Value V2 Final,FROZEN_V2_PROD_1.0,HAPPYFORGE,NSE_EQ|HAPPYFORGE,NSE,EQUITY,CERTIFIED_CLEAN_886,339,2026-10-01T14:32:15.021368+05:30,2026-10-01T14:32:33.976516+05:30,2026-10-01T14:32:33.976516+05:30,2026-10-01T14:32:33.976516+05:30,FULLY_EVALUABLE,REJECTED,False,NONE,False,True,VALUATION_GATE,FAIL_VALUATION
e715b83a3ce74f4ba7763b844d98ffbd,QUALITY_COMPOUNDER_VALUE_V2_FINAL,Quality Compounder Value V2 Final,FROZEN_V2_PROD_1.0,HARIOMPIPE,NSE_EQ|HARIOMPIPE,NSE,EQUITY,CERTIFIED_CLEAN_886,340,2026-10-01T14:32:15.021368+05:30,2026-10-01T14:32:33.989233+05:30,2026-10-01T14:32:33.989233+05:30,2026-10-01T14:32:33.989233+05:30,FULLY_EVALUABLE,REJECTED,False,NONE,False,True,QUALITY_GATE,FAIL_DEBT
e715b83a3ce74f4ba7763b844d98ffbd,QUALITY_COMPOUNDER_VALUE_V2_FINAL,Quality Compounder Value V2 Final,FROZEN_V2_PROD_1.0,HARSHA,NSE_EQ|HARSHA,NSE,EQUITY,CERTIFIED_CLEAN_886,341,2026-10-01T14:32:15.021368+05:30,2026-10-01T14:32:34.005301+05:30,2026-10-01T14:32:34.005301+05:30,2026-10-01T14:32:34.005301+05:30,FULLY_EVALUABLE,REJECTED,False,NONE,False,True,QUALITY_GATE,FAIL_ROCE
e715b83a3ce74f4ba7763b844d98ffbd,QUALITY_COMPOUNDER_VALUE_V2_FINAL,Quality Compounder Value V2 Final,FROZEN_V2_PROD_1.0,HATSUN,NSE_EQ|HATSUN,NSE,EQUITY,CERTIFIED_CLEAN_886,342,2026-10-01T14:32:15.021368+05:30,2026-10-01T14:32:34.027006+05:30,2026-10-01T14:32:34.027006+05:30,2026-10-01T14:32:34.027006+05:30,FULLY_EVALUABLE,REJECTED,False,NONE,False,True,QUALITY_GATE,FAIL_DEBT
e715b83a3ce74f4ba7763b844d98ffbd,QUALITY_COMPOUNDER_VALUE_V2_FINAL,Quality Compounder Value V2 Final,FROZEN_V2_PROD_1.0,HAVELLS,NSE_EQ|HAVELLS,NSE,EQUITY,CERTIFIED_CLEAN_886,343,2026-10-01T14:32:15.021368+05:30,2026-10-01T14:32:34.224412+05:30,2026-10-01T14:32:34.224412+05:30,2026-10-01T14:32:34.224412+05:30,FULLY_EVALUABLE,ALERT_BUY,True,BUY,False,False,NONE,PASS
e715b83a3ce74f4ba7763b844d98ffbd,QUALITY_COMPOUNDER_VALUE_V2_FINAL,Quality Compounder Value V2 Final,FROZEN_V2_PROD_1.0,HAWKINCOOK,NSE_EQ|HAWKINCOOK,NSE,EQUITY,CERTIFIED_CLEAN_886,344,2026-10-01T14:32:15.021368+05:30,2026-10-01T14:32:34.233770+05:30,2026-10-01T14:32:34.233770+05:30,2026-10-01T14:32:34.233770+05:30,FULLY_EVALUABLE,REJECTED,False,NONE,False,True,QUALITY_GATE,FAIL_LIQUIDITY
e715b83a3ce74f4ba7763b844d98ffbd,QUALITY_COMPOUNDER_VALUE_V2_FINAL,Quality Compounder Value V2 Final,FROZEN_V2_PROD_1.0,HBLENGINE,NSE_EQ|HBLENGINE,NSE,EQUITY,CERTIFIED_CLEAN_886,345,2026-10-01T14:32:15.021368+05:30,2026-10-01T14:32:34.382784+05:30,2026-10-01T14:32:34.382784+05:30,2026-10-01T14:32:34.382784+05:30,FULLY_EVALUABLE,ALERT_BUY,True,BUY,False,False,NONE,PASS
e715b83a3ce74f4ba7763b844d98ffbd,QUALITY_COMPOUNDER_VALUE_V2_FINAL,Quality Compounder Value V2 Final,FROZEN_V2_PROD_1.0,HCLTECH,NSE_EQ|HCLTECH,NSE,EQUITY,CERTIFIED_CLEAN_886,346,2026-10-01T14:32:15.021368+05:30,2026-10-01T14:32:34.394156+05:30,2026-10-01T14:32:34.394156+05:30,2026-10-01T14:32:34.394156+05:30,FULLY_EVALUABLE,REJECTED,False,NONE,False,True,QUALITY_GATE,FAIL_PAT_CAGR
e715b83a3ce74f4ba7763b844d98ffbd,QUALITY_COMPOUNDER_VALUE_V2_FINAL,Quality Compounder Value V2 Final,FROZEN_V2_PROD_1.0,HDBFS,NSE_EQ|HDBFS,NSE,EQUITY,CERTIFIED_CLEAN_886,347,2026-10-01T14:32:15.021368+05:30,2026-10-01T14:32:34.403839+05:30,2026-10-01T14:32:34.403839+05:30,2026-10-01T14:32:34.403839+05:30,FULLY_EVALUABLE,REJECTED,False,NONE,False,True,QUALITY_GATE,METRIC_NOT_APPLICABLE_FINANCIAL
e715b83a3ce74f4ba7763b844d98ffbd,QUALITY_COMPOUNDER_VALUE_V2_FINAL,Quality Compounder Value V2 Final,FROZEN_V2_PROD_1.0,HDFCAMC,NSE_EQ|HDFCAMC,NSE,EQUITY,CERTIFIED_CLEAN_886,348,2026-10-01T14:32:15.021368+05:30,2026-10-01T14:32:34.415822+05:30,2026-10-01T14:32:34.415822+05:30,2026-10-01T14:32:34.415822+05:30,FULLY_EVALUABLE,REJECTED,False,NONE,False,True,QUALITY_GATE,METRIC_NOT_APPLICABLE_FINANCIAL
e715b83a3ce74f4ba7763b844d98ffbd,QUALITY_COMPOUNDER_VALUE_V2_FINAL,Quality Compounder Value V2 Final,FROZEN_V2_PROD_1.0,HDFCBANK,NSE_EQ|HDFCBANK,NSE,EQUITY,CERTIFIED_CLEAN_886,349,2026-10-01T14:32:15.021368+05:30,2026-10-01T14:32:34.428349+05:30,2026-10-01T14:32:34.428349+05:30,2026-10-01T14:32:34.428349+05:30,FULLY_EVALUABLE,REJECTED,False,NONE,False,True,QUALITY_GATE,METRIC_NOT_APPLICABLE_FINANCIAL
e715b83a3ce74f4ba7763b844d98ffbd,QUALITY_COMPOUNDER_VALUE_V2_FINAL,Quality Compounder Value V2 Final,FROZEN_V2_PROD_1.0,HDFCLIFE,NSE_EQ|HDFCLIFE,NSE,EQUITY,CERTIFIED_CLEAN_886,350,2026-10-01T14:32:15.021368+05:30,2026-10-01T14:32:34.441744+05:30,2026-10-01T14:32:34.441744+05:30,2026-10-01T14:32:34.441744+05:30,FULLY_EVALUABLE,REJECTED,False,NONE,False,True,QUALITY_GATE,METRIC_NOT_APPLICABLE_FINANCIAL
e715b83a3ce74f4ba7763b844d98ffbd,QUALITY_COMPOUNDER_VALUE_V2_FINAL,Quality Compounder Value V2 Final,FROZEN_V2_PROD_1.0,HEIDELBERG,NSE_EQ|HEIDELBERG,NSE,EQUITY,CERTIFIED_CLEAN_886,351,2026-10-01T14:32:15.021368+05:30,2026-10-01T14:32:34.452873+05:30,2026-10-01T14:32:34.452873+05:30,2026-10-01T14:32:34.452873+05:30,FULLY_EVALUABLE,REJECTED,False,NONE,False,True,QUALITY_GATE,FAIL_ROCE
e715b83a3ce74f4ba7763b844d98ffbd,QUALITY_COMPOUNDER_VALUE_V2_FINAL,Quality Compounder Value V2 Final,FROZEN_V2_PROD_1.0,HERITGFOOD,NSE_EQ|HERITGFOOD,NSE,EQUITY,CERTIFIED_CLEAN_886,352,2026-10-01T14:32:15.021368+05:30,2026-10-01T14:32:34.464292+05:30,2026-10-01T14:32:34.464292+05:30,2026-10-01T14:32:34.464292+05:30,FULLY_EVALUABLE,REJECTED,False,NONE,False,True,QUALITY_GATE,FAIL_PAT_CAGR
e715b83a3ce74f4ba7763b844d98ffbd,QUALITY_COMPOUNDER_VALUE_V2_FINAL,Quality Compounder Value V2 Final,FROZEN_V2_PROD_1.0,HEROMOTOCO,NSE_EQ|HEROMOTOCO,NSE,EQUITY,CERTIFIED_CLEAN_886,353,2026-10-01T14:32:15.021368+05:30,2026-10-01T14:32:34.477266+05:30,2026-10-01T14:32:34.477266+05:30,2026-10-01T14:32:34.477266+05:30,FULLY_EVALUABLE,REJECTED,False,NONE,False,True,QUALITY_GATE,FAIL_SALES_CAGR
e715b83a3ce74f4ba7763b844d98ffbd,QUALITY_COMPOUNDER_VALUE_V2_FINAL,Quality Compounder Value V2 Final,FROZEN_V2_PROD_1.0,HESTERBIO,NSE_EQ|HESTERBIO,NSE,EQUITY,CERTIFIED_CLEAN_886,354,2026-10-01T14:32:15.021368+05:30,2026-10-01T14:32:34.492075+05:30,2026-10-01T14:32:34.492075+05:30,2026-10-01T14:32:34.492075+05:30,FULLY_EVALUABLE,REJECTED,False,NONE,False,True,QUALITY_GATE,FAIL_ROCE
e715b83a3ce74f4ba7763b844d98ffbd,QUALITY_COMPOUNDER_VALUE_V2_FINAL,Quality Compounder Value V2 Final,FROZEN_V2_PROD_1.0,HEXT,NSE_EQ|HEXT,NSE,EQUITY,CERTIFIED_CLEAN_886,355,2026-10-01T14:32:15.021368+05:30,2026-10-01T14:32:34.500792+05:30,2026-10-01T14:32:34.500792+05:30,2026-10-01T14:32:34.500792+05:30,FULLY_EVALUABLE,REJECTED,False,NONE,False,True,VALUATION_GATE,FAIL_VALUATION
e715b83a3ce74f4ba7763b844d98ffbd,QUALITY_COMPOUNDER_VALUE_V2_FINAL,Quality Compounder Value V2 Final,FROZEN_V2_PROD_1.0,HGINFRA,NSE_EQ|HGINFRA,NSE,EQUITY,CERTIFIED_CLEAN_886,356,2026-10-01T14:32:15.021368+05:30,2026-10-01T14:32:34.514885+05:30,2026-10-01T14:32:34.514885+05:30,2026-10-01T14:32:34.514885+05:30,FULLY_EVALUABLE,REJECTED,False,NONE,False,True,QUALITY_GATE,FAIL_PAT_CAGR
e715b83a3ce74f4ba7763b844d98ffbd,QUALITY_COMPOUNDER_VALUE_V2_FINAL,Quality Compounder Value V2 Final,FROZEN_V2_PROD_1.0,HINDALCO,NSE_EQ|HINDALCO,NSE,EQUITY,CERTIFIED_CLEAN_886,357,2026-10-01T14:32:15.021368+05:30,2026-10-01T14:32:34.527542+05:30,2026-10-01T14:32:34.527542+05:30,2026-10-01T14:32:34.527542+05:30,FULLY_EVALUABLE,REJECTED,False,NONE,False,True,QUALITY_GATE,FAIL_ROCE
e715b83a3ce74f4ba7763b844d98ffbd,QUALITY_COMPOUNDER_VALUE_V2_FINAL,Quality Compounder Value V2 Final,FROZEN_V2_PROD_1.0,HINDCOPPER,NSE_EQ|HINDCOPPER,NSE,EQUITY,CERTIFIED_CLEAN_886,358,2026-10-01T14:32:15.021368+05:30,2026-10-01T14:32:34.546125+05:30,2026-10-01T14:32:34.546125+05:30,2026-10-01T14:32:34.546125+05:30,FULLY_EVALUABLE,REJECTED,False,NONE,False,True,VALUATION_GATE,FAIL_VALUATION
e715b83a3ce74f4ba7763b844d98ffbd,QUALITY_COMPOUNDER_VALUE_V2_FINAL,Quality Compounder Value V2 Final,FROZEN_V2_PROD_1.0,HINDPETRO,NSE_EQ|HINDPETRO,NSE,EQUITY,CERTIFIED_CLEAN_886,359,2026-10-01T14:32:15.021368+05:30,2026-10-01T14:32:34.561026+05:30,2026-10-01T14:32:34.561026+05:30,2026-10-01T14:32:34.561026+05:30,FULLY_EVALUABLE,REJECTED,False,NONE,False,True,QUALITY_GATE,FAIL_ROCE
e715b83a3ce74f4ba7763b844d98ffbd,QUALITY_COMPOUNDER_VALUE_V2_FINAL,Quality Compounder Value V2 Final,FROZEN_V2_PROD_1.0,HINDUNILVR,NSE_EQ|HINDUNILVR,NSE,EQUITY,CERTIFIED_CLEAN_886,360,2026-10-01T14:32:15.021368+05:30,2026-10-01T14:32:34.574826+05:30,2026-10-01T14:32:34.574826+05:30,2026-10-01T14:32:34.574826+05:30,FULLY_EVALUABLE,REJECTED,False,NONE,False,True,VALUATION_GATE,FAIL_VALUATION
e715b83a3ce74f4ba7763b844d98ffbd,QUALITY_COMPOUNDER_VALUE_V2_FINAL,Quality Compounder Value V2 Final,FROZEN_V2_PROD_1.0,HINDZINC,NSE_EQ|HINDZINC,NSE,EQUITY,CERTIFIED_CLEAN_886,361,2026-10-01T14:32:15.021368+05:30,2026-10-01T14:32:34.593898+05:30,2026-10-01T14:32:34.593898+05:30,2026-10-01T14:32:34.593898+05:30,FULLY_EVALUABLE,REJECTED,False,NONE,False,True,VALUATION_GATE,FAIL_VALUATION
e715b83a3ce74f4ba7763b844d98ffbd,QUALITY_COMPOUNDER_VALUE_V2_FINAL,Quality Compounder Value V2 Final,FROZEN_V2_PROD_1.0,HIRECT,NSE_EQ|HIRECT,NSE,EQUITY,CERTIFIED_CLEAN_886,362,2026-10-01T14:32:15.021368+05:30,2026-10-01T14:32:34.603272+05:30,2026-10-01T14:32:34.603272+05:30,2026-10-01T14:32:34.603272+05:30,FULLY_EVALUABLE,REJECTED,False,NONE,False,True,QUALITY_GATE,FAIL_DEBT
e715b83a3ce74f4ba7763b844d98ffbd,QUALITY_COMPOUNDER_VALUE_V2_FINAL,Quality Compounder Value V2 Final,FROZEN_V2_PROD_1.0,HLEGLAS,NSE_EQ|HLEGLAS,NSE,EQUITY,CERTIFIED_CLEAN_886,363,2026-10-01T14:32:15.021368+05:30,2026-10-01T14:32:34.617730+05:30,2026-10-01T14:32:34.617730+05:30,2026-10-01T14:32:34.617730+05:30,FULLY_EVALUABLE,REJECTED,False,NONE,False,True,QUALITY_GATE,FAIL_PAT_CAGR
e715b83a3ce74f4ba7763b844d98ffbd,QUALITY_COMPOUNDER_VALUE_V2_FINAL,Quality Compounder Value V2 Final,FROZEN_V2_PROD_1.0,HNDFDS,NSE_EQ|HNDFDS,NSE,EQUITY,CERTIFIED_CLEAN_886,364,2026-10-01T14:32:15.021368+05:30,2026-10-01T14:32:34.631502+05:30,2026-10-01T14:32:34.631502+05:30,2026-10-01T14:32:34.631502+05:30,FULLY_EVALUABLE,REJECTED,False,NONE,False,True,QUALITY_GATE,FAIL_DEBT
e715b83a3ce74f4ba7763b844d98ffbd,QUALITY_COMPOUNDER_VALUE_V2_FINAL,Quality Compounder Value V2 Final,FROZEN_V2_PROD_1.0,HONASA,NSE_EQ|HONASA,NSE,EQUITY,CERTIFIED_CLEAN_886,365,2026-10-01T14:32:15.021368+05:30,2026-10-01T14:32:34.650765+05:30,2026-10-01T14:32:34.650765+05:30,2026-10-01T14:32:34.650765+05:30,FULLY_EVALUABLE,REJECTED,False,NONE,False,True,QUALITY_GATE,FAIL_ROCE
e715b83a3ce74f4ba7763b844d98ffbd,QUALITY_COMPOUNDER_VALUE_V2_FINAL,Quality Compounder Value V2 Final,FROZEN_V2_PROD_1.0,HONAUT,NSE_EQ|HONAUT,NSE,EQUITY,CERTIFIED_CLEAN_886,366,2026-10-01T14:32:15.021368+05:30,2026-10-01T14:32:34.664870+05:30,2026-10-01T14:32:34.664870+05:30,2026-10-01T14:32:34.664870+05:30,FULLY_EVALUABLE,REJECTED,False,NONE,False,True,QUALITY_GATE,FAIL_SALES_CAGR
e715b83a3ce74f4ba7763b844d98ffbd,QUALITY_COMPOUNDER_VALUE_V2_FINAL,Quality Compounder Value V2 Final,FROZEN_V2_PROD_1.0,HPL,NSE_EQ|HPL,NSE,EQUITY,CERTIFIED_CLEAN_886,367,2026-10-01T14:32:15.021368+05:30,2026-10-01T14:32:34.674651+05:30,2026-10-01T14:32:34.674651+05:30,2026-10-01T14:32:34.674651+05:30,FULLY_EVALUABLE,REJECTED,False,NONE,False,True,QUALITY_GATE,FAIL_ROCE
e715b83a3ce74f4ba7763b844d98ffbd,QUALITY_COMPOUNDER_VALUE_V2_FINAL,Quality Compounder Value V2 Final,FROZEN_V2_PROD_1.0,HSCL,NSE_EQ|HSCL,NSE,EQUITY,CERTIFIED_CLEAN_886,368,2026-10-01T14:32:15.021368+05:30,2026-10-01T14:32:34.686885+05:30,2026-10-01T14:32:34.686885+05:30,2026-10-01T14:32:34.686885+05:30,FULLY_EVALUABLE,REJECTED,False,NONE,False,True,VALUATION_GATE,FAIL_VALUATION
e715b83a3ce74f4ba7763b844d98ffbd,QUALITY_COMPOUNDER_VALUE_V2_FINAL,Quality Compounder Value V2 Final,FROZEN_V2_PROD_1.0,HUDCO,NSE_EQ|HUDCO,NSE,EQUITY,CERTIFIED_CLEAN_886,369,2026-10-01T14:32:15.021368+05:30,2026-10-01T14:32:34.699474+05:30,2026-10-01T14:32:34.699474+05:30,2026-10-01T14:32:34.699474+05:30,FULLY_EVALUABLE,REJECTED,False,NONE,False,True,QUALITY_GATE,METRIC_NOT_APPLICABLE_FINANCIAL
e715b83a3ce74f4ba7763b844d98ffbd,QUALITY_COMPOUNDER_VALUE_V2_FINAL,Quality Compounder Value V2 Final,FROZEN_V2_PROD_1.0,HUHTAMAKI,NSE_EQ|HUHTAMAKI,NSE,EQUITY,CERTIFIED_CLEAN_886,370,2026-10-01T14:32:15.021368+05:30,2026-10-01T14:32:34.710246+05:30,2026-10-01T14:32:34.710246+05:30,2026-10-01T14:32:34.710246+05:30,FULLY_EVALUABLE,REJECTED,False,NONE,False,True,QUALITY_GATE,FAIL_DEBT
e715b83a3ce74f4ba7763b844d98ffbd,QUALITY_COMPOUNDER_VALUE_V2_FINAL,Quality Compounder Value V2 Final,FROZEN_V2_PROD_1.0,HYUNDAI,NSE_EQ|HYUNDAI,NSE,EQUITY,CERTIFIED_CLEAN_886,371,2026-10-01T14:32:15.021368+05:30,2026-10-01T14:32:34.718901+05:30,2026-10-01T14:32:34.718901+05:30,2026-10-01T14:32:34.718901+05:30,FULLY_EVALUABLE,REJECTED,False,NONE,False,True,VALUATION_GATE,FAIL_VALUATION
e715b83a3ce74f4ba7763b844d98ffbd,QUALITY_COMPOUNDER_VALUE_V2_FINAL,Quality Compounder Value V2 Final,FROZEN_V2_PROD_1.0,ICEMAKE,NSE_EQ|ICEMAKE,NSE,EQUITY,CERTIFIED_CLEAN_886,372,2026-10-01T14:32:15.021368+05:30,2026-10-01T14:32:34.729572+05:30,2026-10-01T14:32:34.729572+05:30,2026-10-01T14:32:34.729572+05:30,FULLY_EVALUABLE,REJECTED,False,NONE,False,True,QUALITY_GATE,FAIL_UNIVERSE_MARKET_CAP
e715b83a3ce74f4ba7763b844d98ffbd,QUALITY_COMPOUNDER_VALUE_V2_FINAL,Quality Compounder Value V2 Final,FROZEN_V2_PROD_1.0,ICICIBANK,NSE_EQ|ICICIBANK,NSE,EQUITY,CERTIFIED_CLEAN_886,373,2026-10-01T14:32:15.021368+05:30,2026-10-01T14:32:34.744353+05:30,2026-10-01T14:32:34.744353+05:30,2026-10-01T14:32:34.744353+05:30,FULLY_EVALUABLE,REJECTED,False,NONE,False,True,QUALITY_GATE,METRIC_NOT_APPLICABLE_FINANCIAL
e715b83a3ce74f4ba7763b844d98ffbd,QUALITY_COMPOUNDER_VALUE_V2_FINAL,Quality Compounder Value V2 Final,FROZEN_V2_PROD_1.0,ICICIGI,NSE_EQ|ICICIGI,NSE,EQUITY,CERTIFIED_CLEAN_886,374,2026-10-01T14:32:15.021368+05:30,2026-10-01T14:32:34.756170+05:30,2026-10-01T14:32:34.756170+05:30,2026-10-01T14:32:34.756170+05:30,FULLY_EVALUABLE,REJECTED,False,NONE,False,True,QUALITY_GATE,METRIC_NOT_APPLICABLE_FINANCIAL
e715b83a3ce74f4ba7763b844d98ffbd,QUALITY_COMPOUNDER_VALUE_V2_FINAL,Quality Compounder Value V2 Final,FROZEN_V2_PROD_1.0,ICICIPRULI,NSE_EQ|ICICIPRULI,NSE,EQUITY,CERTIFIED_CLEAN_886,375,2026-10-01T14:32:15.021368+05:30,2026-10-01T14:32:34.766934+05:30,2026-10-01T14:32:34.766934+05:30,2026-10-01T14:32:34.766934+05:30,FULLY_EVALUABLE,REJECTED,False,NONE,False,True,QUALITY_GATE,METRIC_NOT_APPLICABLE_FINANCIAL
e715b83a3ce74f4ba7763b844d98ffbd,QUALITY_COMPOUNDER_VALUE_V2_FINAL,Quality Compounder Value V2 Final,FROZEN_V2_PROD_1.0,ICRA,NSE_EQ|ICRA,NSE,EQUITY,CERTIFIED_CLEAN_886,376,2026-10-01T14:32:15.021368+05:30,2026-10-01T14:32:34.949939+05:30,2026-10-01T14:32:34.949939+05:30,2026-10-01T14:32:34.949939+05:30,FULLY_EVALUABLE,ALERT_BUY,True,BUY,False,False,NONE,PASS
e715b83a3ce74f4ba7763b844d98ffbd,QUALITY_COMPOUNDER_VALUE_V2_FINAL,Quality Compounder Value V2 Final,FROZEN_V2_PROD_1.0,IEX,NSE_EQ|IEX,NSE,EQUITY,CERTIFIED_CLEAN_886,377,2026-10-01T14:32:15.021368+05:30,2026-10-01T14:32:35.114573+05:30,2026-10-01T14:32:35.114573+05:30,2026-10-01T14:32:35.114573+05:30,FULLY_EVALUABLE,ALERT_BUY,True,BUY,False,False,NONE,PASS
e715b83a3ce74f4ba7763b844d98ffbd,QUALITY_COMPOUNDER_VALUE_V2_FINAL,Quality Compounder Value V2 Final,FROZEN_V2_PROD_1.0,IFBIND,NSE_EQ|IFBIND,NSE,EQUITY,CERTIFIED_CLEAN_886,378,2026-10-01T14:32:15.021368+05:30,2026-10-01T14:32:35.126184+05:30,2026-10-01T14:32:35.126184+05:30,2026-10-01T14:32:35.126184+05:30,FULLY_EVALUABLE,REJECTED,False,NONE,False,True,QUALITY_GATE,FAIL_ROCE
e715b83a3ce74f4ba7763b844d98ffbd,QUALITY_COMPOUNDER_VALUE_V2_FINAL,Quality Compounder Value V2 Final,FROZEN_V2_PROD_1.0,IGL,NSE_EQ|IGL,NSE,EQUITY,CERTIFIED_CLEAN_886,379,2026-10-01T14:32:15.021368+05:30,2026-10-01T14:32:35.136135+05:30,2026-10-01T14:32:35.136135+05:30,2026-10-01T14:32:35.136135+05:30,FULLY_EVALUABLE,REJECTED,False,NONE,False,True,QUALITY_GATE,FAIL_PAT_CAGR
e715b83a3ce74f4ba7763b844d98ffbd,QUALITY_COMPOUNDER_VALUE_V2_FINAL,Quality Compounder Value V2 Final,FROZEN_V2_PROD_1.0,IIFLCAPS,NSE_EQ|IIFLCAPS,NSE,EQUITY,CERTIFIED_CLEAN_886,380,2026-10-01T14:32:15.021368+05:30,2026-10-01T14:32:35.146043+05:30,2026-10-01T14:32:35.146043+05:30,2026-10-01T14:32:35.146043+05:30,FULLY_EVALUABLE,REJECTED,False,NONE,False,True,QUALITY_GATE,METRIC_NOT_APPLICABLE_FINANCIAL
e715b83a3ce74f4ba7763b844d98ffbd,QUALITY_COMPOUNDER_VALUE_V2_FINAL,Quality Compounder Value V2 Final,FROZEN_V2_PROD_1.0,IKS,NSE_EQ|IKS,NSE,EQUITY,CERTIFIED_CLEAN_886,381,2026-10-01T14:32:15.021368+05:30,2026-10-01T14:32:35.155678+05:30,2026-10-01T14:32:35.155678+05:30,2026-10-01T14:32:35.155678+05:30,FULLY_EVALUABLE,REJECTED,False,NONE,False,True,VALUATION_GATE,FAIL_VALUATION
e715b83a3ce74f4ba7763b844d98ffbd,QUALITY_COMPOUNDER_VALUE_V2_FINAL,Quality Compounder Value V2 Final,FROZEN_V2_PROD_1.0,IMFA,NSE_EQ|IMFA,NSE,EQUITY,CERTIFIED_CLEAN_886,382,2026-10-01T14:32:15.021368+05:30,2026-10-01T14:32:35.172341+05:30,2026-10-01T14:32:35.172341+05:30,2026-10-01T14:32:35.172341+05:30,FULLY_EVALUABLE,REJECTED,False,NONE,False,True,QUALITY_GATE,FAIL_SALES_CAGR
e715b83a3ce74f4ba7763b844d98ffbd,QUALITY_COMPOUNDER_VALUE_V2_FINAL,Quality Compounder Value V2 Final,FROZEN_V2_PROD_1.0,INDGN,NSE_EQ|INDGN,NSE,EQUITY,CERTIFIED_CLEAN_886,383,2026-10-01T14:32:15.021368+05:30,2026-10-01T14:32:35.180987+05:30,2026-10-01T14:32:35.180987+05:30,2026-10-01T14:32:35.180987+05:30,FULLY_EVALUABLE,REJECTED,False,NONE,False,True,VALUATION_GATE,FAIL_VALUATION
e715b83a3ce74f4ba7763b844d98ffbd,QUALITY_COMPOUNDER_VALUE_V2_FINAL,Quality Compounder Value V2 Final,FROZEN_V2_PROD_1.0,INDHOTEL,NSE_EQ|INDHOTEL,NSE,EQUITY,CERTIFIED_CLEAN_886,384,2026-10-01T14:32:15.021368+05:30,2026-10-01T14:32:35.195747+05:30,2026-10-01T14:32:35.195747+05:30,2026-10-01T14:32:35.195747+05:30,FULLY_EVALUABLE,REJECTED,False,NONE,False,True,QUALITY_GATE,FAIL_ROCE
e715b83a3ce74f4ba7763b844d98ffbd,QUALITY_COMPOUNDER_VALUE_V2_FINAL,Quality Compounder Value V2 Final,FROZEN_V2_PROD_1.0,INDIAMART,NSE_EQ|INDIAMART,NSE,EQUITY,CERTIFIED_CLEAN_886,385,2026-10-01T14:32:15.021368+05:30,2026-10-01T14:32:35.429155+05:30,2026-10-01T14:32:35.429155+05:30,2026-10-01T14:32:35.429155+05:30,FULLY_EVALUABLE,ALERT_BUY,True,BUY,False,False,NONE,PASS
e715b83a3ce74f4ba7763b844d98ffbd,QUALITY_COMPOUNDER_VALUE_V2_FINAL,Quality Compounder Value V2 Final,FROZEN_V2_PROD_1.0,INDIANB,NSE_EQ|INDIANB,NSE,EQUITY,CERTIFIED_CLEAN_886,386,2026-10-01T14:32:15.021368+05:30,2026-10-01T14:32:35.443197+05:30,2026-10-01T14:32:35.443197+05:30,2026-10-01T14:32:35.443197+05:30,FULLY_EVALUABLE,REJECTED,False,NONE,False,True,QUALITY_GATE,METRIC_NOT_APPLICABLE_FINANCIAL
e715b83a3ce74f4ba7763b844d98ffbd,QUALITY_COMPOUNDER_VALUE_V2_FINAL,Quality Compounder Value V2 Final,FROZEN_V2_PROD_1.0,INDIANHUME,NSE_EQ|INDIANHUME,NSE,EQUITY,CERTIFIED_CLEAN_886,387,2026-10-01T14:32:15.021368+05:30,2026-10-01T14:32:35.458401+05:30,2026-10-01T14:32:35.458401+05:30,2026-10-01T14:32:35.458401+05:30,FULLY_EVALUABLE,REJECTED,False,NONE,False,True,QUALITY_GATE,FAIL_ROCE
e715b83a3ce74f4ba7763b844d98ffbd,QUALITY_COMPOUNDER_VALUE_V2_FINAL,Quality Compounder Value V2 Final,FROZEN_V2_PROD_1.0,INDIASHLTR,NSE_EQ|INDIASHLTR,NSE,EQUITY,CERTIFIED_CLEAN_886,388,2026-10-01T14:32:15.021368+05:30,2026-10-01T14:32:35.467316+05:30,2026-10-01T14:32:35.467316+05:30,2026-10-01T14:32:35.467316+05:30,FULLY_EVALUABLE,REJECTED,False,NONE,False,True,QUALITY_GATE,METRIC_NOT_APPLICABLE_FINANCIAL
e715b83a3ce74f4ba7763b844d98ffbd,QUALITY_COMPOUNDER_VALUE_V2_FINAL,Quality Compounder Value V2 Final,FROZEN_V2_PROD_1.0,INDNIPPON,NSE_EQ|INDNIPPON,NSE,EQUITY,CERTIFIED_CLEAN_886,389,2026-10-01T14:32:15.021368+05:30,2026-10-01T14:32:35.480166+05:30,2026-10-01T14:32:35.480166+05:30,2026-10-01T14:32:35.480166+05:30,FULLY_EVALUABLE,REJECTED,False,NONE,False,True,QUALITY_GATE,FAIL_ROCE
e715b83a3ce74f4ba7763b844d98ffbd,QUALITY_COMPOUNDER_VALUE_V2_FINAL,Quality Compounder Value V2 Final,FROZEN_V2_PROD_1.0,INDOBORAX,NSE_EQ|INDOBORAX,NSE,EQUITY,CERTIFIED_CLEAN_886,390,2026-10-01T14:32:15.021368+05:30,2026-10-01T14:32:35.492847+05:30,2026-10-01T14:32:35.492847+05:30,2026-10-01T14:32:35.492847+05:30,FULLY_EVALUABLE,REJECTED,False,NONE,False,True,QUALITY_GATE,FAIL_SALES_CAGR
e715b83a3ce74f4ba7763b844d98ffbd,QUALITY_COMPOUNDER_VALUE_V2_FINAL,Quality Compounder Value V2 Final,FROZEN_V2_PROD_1.0,INDOTECH,NSE_EQ|INDOTECH,NSE,EQUITY,CERTIFIED_CLEAN_886,391,2026-10-01T14:32:15.021368+05:30,2026-10-01T14:32:35.503148+05:30,2026-10-01T14:32:35.503148+05:30,2026-10-01T14:32:35.503148+05:30,FULLY_EVALUABLE,REJECTED,False,NONE,False,True,QUALITY_GATE,FAIL_CFO_PAT
e715b83a3ce74f4ba7763b844d98ffbd,QUALITY_COMPOUNDER_VALUE_V2_FINAL,Quality Compounder Value V2 Final,FROZEN_V2_PROD_1.0,INDOTHAI,NSE_EQ|INDOTHAI,NSE,EQUITY,CERTIFIED_CLEAN_886,392,2026-10-01T14:32:15.021368+05:30,2026-10-01T14:32:35.517429+05:30,2026-10-01T14:32:35.517429+05:30,2026-10-01T14:32:35.517429+05:30,FULLY_EVALUABLE,REJECTED,False,NONE,False,True,QUALITY_GATE,FAIL_UNIVERSE_MARKET_CAP
e715b83a3ce74f4ba7763b844d98ffbd,QUALITY_COMPOUNDER_VALUE_V2_FINAL,Quality Compounder Value V2 Final,FROZEN_V2_PROD_1.0,INDRAMEDCO,NSE_EQ|INDRAMEDCO,NSE,EQUITY,CERTIFIED_CLEAN_886,393,2026-10-01T14:32:15.021368+05:30,2026-10-01T14:32:35.530919+05:30,2026-10-01T14:32:35.530919+05:30,2026-10-01T14:32:35.530919+05:30,FULLY_EVALUABLE,REJECTED,False,NONE,False,True,VALUATION_GATE,FAIL_VALUATION
e715b83a3ce74f4ba7763b844d98ffbd,QUALITY_COMPOUNDER_VALUE_V2_FINAL,Quality Compounder Value V2 Final,FROZEN_V2_PROD_1.0,INDUSTOWER,NSE_EQ|INDUSTOWER,NSE,EQUITY,CERTIFIED_CLEAN_886,394,2026-10-01T14:32:15.021368+05:30,2026-10-01T14:32:35.543390+05:30,2026-10-01T14:32:35.543390+05:30,2026-10-01T14:32:35.543390+05:30,FULLY_EVALUABLE,REJECTED,False,NONE,False,True,QUALITY_GATE,FAIL_DEBT
e715b83a3ce74f4ba7763b844d98ffbd,QUALITY_COMPOUNDER_VALUE_V2_FINAL,Quality Compounder Value V2 Final,FROZEN_V2_PROD_1.0,INFOBEAN,NSE_EQ|INFOBEAN,NSE,EQUITY,CERTIFIED_CLEAN_886,395,2026-10-01T14:32:15.021368+05:30,2026-10-01T14:32:35.555132+05:30,2026-10-01T14:32:35.555132+05:30,2026-10-01T14:32:35.555132+05:30,FULLY_EVALUABLE,REJECTED,False,NONE,False,True,VALUATION_GATE,FAIL_VALUATION
e715b83a3ce74f4ba7763b844d98ffbd,QUALITY_COMPOUNDER_VALUE_V2_FINAL,Quality Compounder Value V2 Final,FROZEN_V2_PROD_1.0,INFY,NSE_EQ|INFY,NSE,EQUITY,CERTIFIED_CLEAN_886,396,2026-10-01T14:32:15.021368+05:30,2026-10-01T14:32:35.568125+05:30,2026-10-01T14:32:35.568125+05:30,2026-10-01T14:32:35.568125+05:30,FULLY_EVALUABLE,REJECTED,False,NONE,False,True,QUALITY_GATE,FAIL_PAT_CAGR
e715b83a3ce74f4ba7763b844d98ffbd,QUALITY_COMPOUNDER_VALUE_V2_FINAL,Quality Compounder Value V2 Final,FROZEN_V2_PROD_1.0,INGERRAND,NSE_EQ|INGERRAND,NSE,EQUITY,CERTIFIED_CLEAN_886,397,2026-10-01T14:32:15.021368+05:30,2026-10-01T14:32:35.585916+05:30,2026-10-01T14:32:35.585916+05:30,2026-10-01T14:32:35.585916+05:30,FULLY_EVALUABLE,REJECTED,False,NONE,False,True,VALUATION_GATE,FAIL_VALUATION
e715b83a3ce74f4ba7763b844d98ffbd,QUALITY_COMPOUNDER_VALUE_V2_FINAL,Quality Compounder Value V2 Final,FROZEN_V2_PROD_1.0,INNOVACAP,NSE_EQ|INNOVACAP,NSE,EQUITY,CERTIFIED_CLEAN_886,398,2026-10-01T14:32:15.021368+05:30,2026-10-01T14:32:35.598842+05:30,2026-10-01T14:32:35.598842+05:30,2026-10-01T14:32:35.598842+05:30,FULLY_EVALUABLE,REJECTED,False,NONE,False,True,VALUATION_GATE,FAIL_VALUATION
e715b83a3ce74f4ba7763b844d98ffbd,QUALITY_COMPOUNDER_VALUE_V2_FINAL,Quality Compounder Value V2 Final,FROZEN_V2_PROD_1.0,INOXINDIA,NSE_EQ|INOXINDIA,NSE,EQUITY,CERTIFIED_CLEAN_886,399,2026-10-01T14:32:15.021368+05:30,2026-10-01T14:32:35.607331+05:30,2026-10-01T14:32:35.607331+05:30,2026-10-01T14:32:35.607331+05:30,FULLY_EVALUABLE,REJECTED,False,NONE,False,True,QUALITY_GATE,FAIL_CFO_PAT
e715b83a3ce74f4ba7763b844d98ffbd,QUALITY_COMPOUNDER_VALUE_V2_FINAL,Quality Compounder Value V2 Final,FROZEN_V2_PROD_1.0,INSECTICID,NSE_EQ|INSECTICID,NSE,EQUITY,CERTIFIED_CLEAN_886,400,2026-10-01T14:32:15.021368+05:30,2026-10-01T14:32:35.626432+05:30,2026-10-01T14:32:35.626432+05:30,2026-10-01T14:32:35.626432+05:30,FULLY_EVALUABLE,REJECTED,False,NONE,False,True,QUALITY_GATE,FAIL_LIQUIDITY
e715b83a3ce74f4ba7763b844d98ffbd,QUALITY_COMPOUNDER_VALUE_V2_FINAL,Quality Compounder Value V2 Final,FROZEN_V2_PROD_1.0,INTELLECT,NSE_EQ|INTELLECT,NSE,EQUITY,CERTIFIED_CLEAN_886,401,2026-10-01T14:32:15.021368+05:30,2026-10-01T14:32:35.636715+05:30,2026-10-01T14:32:35.636715+05:30,2026-10-01T14:32:35.636715+05:30,FULLY_EVALUABLE,REJECTED,False,NONE,False,True,QUALITY_GATE,FAIL_PAT_CAGR
e715b83a3ce74f4ba7763b844d98ffbd,QUALITY_COMPOUNDER_VALUE_V2_FINAL,Quality Compounder Value V2 Final,FROZEN_V2_PROD_1.0,INTERARCH,NSE_EQ|INTERARCH,NSE,EQUITY,CERTIFIED_CLEAN_886,402,2026-10-01T14:32:15.021368+05:30,2026-10-01T14:32:35.645997+05:30,2026-10-01T14:32:35.645997+05:30,2026-10-01T14:32:35.645997+05:30,FULLY_EVALUABLE,REJECTED,False,NONE,False,True,QUALITY_GATE,FAIL_CFO_PAT
e715b83a3ce74f4ba7763b844d98ffbd,QUALITY_COMPOUNDER_VALUE_V2_FINAL,Quality Compounder Value V2 Final,FROZEN_V2_PROD_1.0,IOC,NSE_EQ|IOC,NSE,EQUITY,CERTIFIED_CLEAN_886,403,2026-10-01T14:32:15.021368+05:30,2026-10-01T14:32:35.659247+05:30,2026-10-01T14:32:35.659247+05:30,2026-10-01T14:32:35.659247+05:30,FULLY_EVALUABLE,REJECTED,False,NONE,False,True,QUALITY_GATE,FAIL_ROCE
e715b83a3ce74f4ba7763b844d98ffbd,QUALITY_COMPOUNDER_VALUE_V2_FINAL,Quality Compounder Value V2 Final,FROZEN_V2_PROD_1.0,IONEXCHANG,NSE_EQ|IONEXCHANG,NSE,EQUITY,CERTIFIED_CLEAN_886,404,2026-10-01T14:32:15.021368+05:30,2026-10-01T14:32:35.681495+05:30,2026-10-01T14:32:35.681495+05:30,2026-10-01T14:32:35.681495+05:30,FULLY_EVALUABLE,REJECTED,False,NONE,False,True,QUALITY_GATE,FAIL_PAT_CAGR
e715b83a3ce74f4ba7763b844d98ffbd,QUALITY_COMPOUNDER_VALUE_V2_FINAL,Quality Compounder Value V2 Final,FROZEN_V2_PROD_1.0,IPCALAB,NSE_EQ|IPCALAB,NSE,EQUITY,CERTIFIED_CLEAN_886,405,2026-10-01T14:32:15.021368+05:30,2026-10-01T14:32:35.696648+05:30,2026-10-01T14:32:35.696648+05:30,2026-10-01T14:32:35.696648+05:30,FULLY_EVALUABLE,REJECTED,False,NONE,False,True,QUALITY_GATE,FAIL_PAT_CAGR
e715b83a3ce74f4ba7763b844d98ffbd,QUALITY_COMPOUNDER_VALUE_V2_FINAL,Quality Compounder Value V2 Final,FROZEN_V2_PROD_1.0,IPL,NSE_EQ|IPL,NSE,EQUITY,CERTIFIED_CLEAN_886,406,2026-10-01T14:32:15.021368+05:30,2026-10-01T14:32:35.706877+05:30,2026-10-01T14:32:35.706877+05:30,2026-10-01T14:32:35.706877+05:30,FULLY_EVALUABLE,REJECTED,False,NONE,False,True,QUALITY_GATE,FAIL_PAT_CAGR
e715b83a3ce74f4ba7763b844d98ffbd,QUALITY_COMPOUNDER_VALUE_V2_FINAL,Quality Compounder Value V2 Final,FROZEN_V2_PROD_1.0,IRCON,NSE_EQ|IRCON,NSE,EQUITY,CERTIFIED_CLEAN_886,407,2026-10-01T14:32:15.021368+05:30,2026-10-01T14:32:35.719989+05:30,2026-10-01T14:32:35.719989+05:30,2026-10-01T14:32:35.719989+05:30,FULLY_EVALUABLE,REJECTED,False,NONE,False,True,QUALITY_GATE,FAIL_ROCE
e715b83a3ce74f4ba7763b844d98ffbd,QUALITY_COMPOUNDER_VALUE_V2_FINAL,Quality Compounder Value V2 Final,FROZEN_V2_PROD_1.0,IRCTC,NSE_EQ|IRCTC,NSE,EQUITY,CERTIFIED_CLEAN_886,408,2026-10-01T14:32:15.021368+05:30,2026-10-01T14:32:35.730774+05:30,2026-10-01T14:32:35.730774+05:30,2026-10-01T14:32:35.730774+05:30,FULLY_EVALUABLE,REJECTED,False,NONE,False,True,QUALITY_GATE,FAIL_CFO_PAT
e715b83a3ce74f4ba7763b844d98ffbd,QUALITY_COMPOUNDER_VALUE_V2_FINAL,Quality Compounder Value V2 Final,FROZEN_V2_PROD_1.0,IREDA,NSE_EQ|IREDA,NSE,EQUITY,CERTIFIED_CLEAN_886,409,2026-10-01T14:32:15.021368+05:30,2026-10-01T14:32:35.742746+05:30,2026-10-01T14:32:35.742746+05:30,2026-10-01T14:32:35.742746+05:30,FULLY_EVALUABLE,REJECTED,False,NONE,False,True,QUALITY_GATE,METRIC_NOT_APPLICABLE_FINANCIAL
e715b83a3ce74f4ba7763b844d98ffbd,QUALITY_COMPOUNDER_VALUE_V2_FINAL,Quality Compounder Value V2 Final,FROZEN_V2_PROD_1.0,ITC,NSE_EQ|ITC,NSE,EQUITY,CERTIFIED_CLEAN_886,410,2026-10-01T14:32:15.021368+05:30,2026-10-01T14:32:35.764369+05:30,2026-10-01T14:32:35.764369+05:30,2026-10-01T14:32:35.764369+05:30,FULLY_EVALUABLE,REJECTED,False,NONE,False,True,QUALITY_GATE,FAIL_SALES_CAGR
e715b83a3ce74f4ba7763b844d98ffbd,QUALITY_COMPOUNDER_VALUE_V2_FINAL,Quality Compounder Value V2 Final,FROZEN_V2_PROD_1.0,ITDC,NSE_EQ|ITDC,NSE,EQUITY,CERTIFIED_CLEAN_886,411,2026-10-01T14:32:15.021368+05:30,2026-10-01T14:32:35.776928+05:30,2026-10-01T14:32:35.776928+05:30,2026-10-01T14:32:35.776928+05:30,FULLY_EVALUABLE,REJECTED,False,NONE,False,True,QUALITY_GATE,FAIL_PAT_CAGR
e715b83a3ce74f4ba7763b844d98ffbd,QUALITY_COMPOUNDER_VALUE_V2_FINAL,Quality Compounder Value V2 Final,FROZEN_V2_PROD_1.0,ITI,NSE_EQ|ITI,NSE,EQUITY,CERTIFIED_CLEAN_886,412,2026-10-01T14:32:15.021368+05:30,2026-10-01T14:32:35.790651+05:30,2026-10-01T14:32:35.790651+05:30,2026-10-01T14:32:35.790651+05:30,FULLY_EVALUABLE,REJECTED,False,NONE,False,True,QUALITY_GATE,FAIL_ROCE
e715b83a3ce74f4ba7763b844d98ffbd,QUALITY_COMPOUNDER_VALUE_V2_FINAL,Quality Compounder Value V2 Final,FROZEN_V2_PROD_1.0,IVALUE,NSE_EQ|IVALUE,NSE,EQUITY,CERTIFIED_CLEAN_886,413,2026-10-01T14:32:15.021368+05:30,2026-10-01T14:32:35.801325+05:30,2026-10-01T14:32:35.801325+05:30,2026-10-01T14:32:35.801325+05:30,FULLY_EVALUABLE,REJECTED,False,NONE,False,True,QUALITY_GATE,FAIL_SALES_CAGR
e715b83a3ce74f4ba7763b844d98ffbd,QUALITY_COMPOUNDER_VALUE_V2_FINAL,Quality Compounder Value V2 Final,FROZEN_V2_PROD_1.0,IZMO,NSE_EQ|IZMO,NSE,EQUITY,CERTIFIED_CLEAN_886,414,2026-10-01T14:32:15.021368+05:30,2026-10-01T14:32:35.831399+05:30,2026-10-01T14:32:35.831399+05:30,2026-10-01T14:32:35.831399+05:30,FULLY_EVALUABLE,REJECTED,False,NONE,False,True,QUALITY_GATE,FAIL_ROCE
e715b83a3ce74f4ba7763b844d98ffbd,QUALITY_COMPOUNDER_VALUE_V2_FINAL,Quality Compounder Value V2 Final,FROZEN_V2_PROD_1.0,J&KBANK,NSE_EQ|J&KBANK,NSE,EQUITY,CERTIFIED_CLEAN_886,415,2026-10-01T14:32:15.021368+05:30,2026-10-01T14:32:35.854620+05:30,2026-10-01T14:32:35.854620+05:30,2026-10-01T14:32:35.854620+05:30,FULLY_EVALUABLE,REJECTED,False,NONE,False,True,QUALITY_GATE,METRIC_NOT_APPLICABLE_FINANCIAL
e715b83a3ce74f4ba7763b844d98ffbd,QUALITY_COMPOUNDER_VALUE_V2_FINAL,Quality Compounder Value V2 Final,FROZEN_V2_PROD_1.0,JAGSNPHARM,NSE_EQ|JAGSNPHARM,NSE,EQUITY,CERTIFIED_CLEAN_886,416,2026-10-01T14:32:15.021368+05:30,2026-10-01T14:32:35.872383+05:30,2026-10-01T14:32:35.872383+05:30,2026-10-01T14:32:35.872383+05:30,FULLY_EVALUABLE,REJECTED,False,NONE,False,True,QUALITY_GATE,FAIL_SALES_CAGR
e715b83a3ce74f4ba7763b844d98ffbd,QUALITY_COMPOUNDER_VALUE_V2_FINAL,Quality Compounder Value V2 Final,FROZEN_V2_PROD_1.0,JAICORPLTD,NSE_EQ|JAICORPLTD,NSE,EQUITY,CERTIFIED_CLEAN_886,417,2026-10-01T14:32:15.021368+05:30,2026-10-01T14:32:35.896012+05:30,2026-10-01T14:32:35.896012+05:30,2026-10-01T14:32:35.896012+05:30,FULLY_EVALUABLE,REJECTED,False,NONE,False,True,QUALITY_GATE,FAIL_ROCE
e715b83a3ce74f4ba7763b844d98ffbd,QUALITY_COMPOUNDER_VALUE_V2_FINAL,Quality Compounder Value V2 Final,FROZEN_V2_PROD_1.0,JAINREC,NSE_EQ|JAINREC,NSE,EQUITY,CERTIFIED_CLEAN_886,418,2026-10-01T14:32:15.021368+05:30,2026-10-01T14:32:35.926255+05:30,2026-10-01T14:32:35.926255+05:30,2026-10-01T14:32:35.926255+05:30,FULLY_EVALUABLE,REJECTED,False,NONE,False,True,QUALITY_GATE,FAIL_CFO_PAT
e715b83a3ce74f4ba7763b844d98ffbd,QUALITY_COMPOUNDER_VALUE_V2_FINAL,Quality Compounder Value V2 Final,FROZEN_V2_PROD_1.0,JAMNAAUTO,NSE_EQ|JAMNAAUTO,NSE,EQUITY,CERTIFIED_CLEAN_886,419,2026-10-01T14:32:15.021368+05:30,2026-10-01T14:32:35.942078+05:30,2026-10-01T14:32:35.942078+05:30,2026-10-01T14:32:35.942078+05:30,FULLY_EVALUABLE,REJECTED,False,NONE,False,True,VALUATION_GATE,FAIL_VALUATION
e715b83a3ce74f4ba7763b844d98ffbd,QUALITY_COMPOUNDER_VALUE_V2_FINAL,Quality Compounder Value V2 Final,FROZEN_V2_PROD_1.0,JARO,NSE_EQ|JARO,NSE,EQUITY,CERTIFIED_CLEAN_886,420,2026-10-01T14:32:15.021368+05:30,2026-10-01T14:32:35.962398+05:30,2026-10-01T14:32:35.962398+05:30,2026-10-01T14:32:35.962398+05:30,FULLY_EVALUABLE,REJECTED,False,NONE,False,True,QUALITY_GATE,FAIL_UNIVERSE_MARKET_CAP
e715b83a3ce74f4ba7763b844d98ffbd,QUALITY_COMPOUNDER_VALUE_V2_FINAL,Quality Compounder Value V2 Final,FROZEN_V2_PROD_1.0,JAYBARMARU,NSE_EQ|JAYBARMARU,NSE,EQUITY,CERTIFIED_CLEAN_886,421,2026-10-01T14:32:15.021368+05:30,2026-10-01T14:32:35.989161+05:30,2026-10-01T14:32:35.989161+05:30,2026-10-01T14:32:35.989161+05:30,FULLY_EVALUABLE,REJECTED,False,NONE,False,True,QUALITY_GATE,FAIL_ROCE
e715b83a3ce74f4ba7763b844d98ffbd,QUALITY_COMPOUNDER_VALUE_V2_FINAL,Quality Compounder Value V2 Final,FROZEN_V2_PROD_1.0,JAYKAY,NSE_EQ|JAYKAY,NSE,EQUITY,CERTIFIED_CLEAN_886,422,2026-10-01T14:32:15.021368+05:30,2026-10-01T14:32:36.011913+05:30,2026-10-01T14:32:36.011913+05:30,2026-10-01T14:32:36.011913+05:30,FULLY_EVALUABLE,REJECTED,False,NONE,False,True,QUALITY_GATE,FAIL_ROCE
e715b83a3ce74f4ba7763b844d98ffbd,QUALITY_COMPOUNDER_VALUE_V2_FINAL,Quality Compounder Value V2 Final,FROZEN_V2_PROD_1.0,JBMA,NSE_EQ|JBMA,NSE,EQUITY,CERTIFIED_CLEAN_886,423,2026-10-01T14:32:15.021368+05:30,2026-10-01T14:32:36.059914+05:30,2026-10-01T14:32:36.059914+05:30,2026-10-01T14:32:36.059914+05:30,FULLY_EVALUABLE,REJECTED,False,NONE,False,True,QUALITY_GATE,FAIL_ROCE
e715b83a3ce74f4ba7763b844d98ffbd,QUALITY_COMPOUNDER_VALUE_V2_FINAL,Quality Compounder Value V2 Final,FROZEN_V2_PROD_1.0,JGCHEM,NSE_EQ|JGCHEM,NSE,EQUITY,CERTIFIED_CLEAN_886,424,2026-10-01T14:32:15.021368+05:30,2026-10-01T14:32:36.104384+05:30,2026-10-01T14:32:36.104384+05:30,2026-10-01T14:32:36.104384+05:30,FULLY_EVALUABLE,REJECTED,False,NONE,False,True,QUALITY_GATE,FAIL_CFO_PAT
e715b83a3ce74f4ba7763b844d98ffbd,QUALITY_COMPOUNDER_VALUE_V2_FINAL,Quality Compounder Value V2 Final,FROZEN_V2_PROD_1.0,JINDALSAW,NSE_EQ|JINDALSAW,NSE,EQUITY,CERTIFIED_CLEAN_886,425,2026-10-01T14:32:15.021368+05:30,2026-10-01T14:32:36.120324+05:30,2026-10-01T14:32:36.120324+05:30,2026-10-01T14:32:36.120324+05:30,FULLY_EVALUABLE,REJECTED,False,NONE,False,True,QUALITY_GATE,FAIL_ROCE
e715b83a3ce74f4ba7763b844d98ffbd,QUALITY_COMPOUNDER_VALUE_V2_FINAL,Quality Compounder Value V2 Final,FROZEN_V2_PROD_1.0,JINDRILL,NSE_EQ|JINDRILL,NSE,EQUITY,CERTIFIED_CLEAN_886,426,2026-10-01T14:32:15.021368+05:30,2026-10-01T14:32:36.134899+05:30,2026-10-01T14:32:36.134899+05:30,2026-10-01T14:32:36.134899+05:30,FULLY_EVALUABLE,REJECTED,False,NONE,False,True,QUALITY_GATE,FAIL_ROCE
e715b83a3ce74f4ba7763b844d98ffbd,QUALITY_COMPOUNDER_VALUE_V2_FINAL,Quality Compounder Value V2 Final,FROZEN_V2_PROD_1.0,JKCEMENT,NSE_EQ|JKCEMENT,NSE,EQUITY,CERTIFIED_CLEAN_886,427,2026-10-01T14:32:15.021368+05:30,2026-10-01T14:32:36.150139+05:30,2026-10-01T14:32:36.150139+05:30,2026-10-01T14:32:36.150139+05:30,FULLY_EVALUABLE,REJECTED,False,NONE,False,True,QUALITY_GATE,FAIL_ROCE
e715b83a3ce74f4ba7763b844d98ffbd,QUALITY_COMPOUNDER_VALUE_V2_FINAL,Quality Compounder Value V2 Final,FROZEN_V2_PROD_1.0,JKIL,NSE_EQ|JKIL,NSE,EQUITY,CERTIFIED_CLEAN_886,428,2026-10-01T14:32:15.021368+05:30,2026-10-01T14:32:36.360304+05:30,2026-10-01T14:32:36.360304+05:30,2026-10-01T14:32:36.360304+05:30,FULLY_EVALUABLE,ALERT_BUY,True,BUY,False,False,NONE,PASS
e715b83a3ce74f4ba7763b844d98ffbd,QUALITY_COMPOUNDER_VALUE_V2_FINAL,Quality Compounder Value V2 Final,FROZEN_V2_PROD_1.0,JKLAKSHMI,NSE_EQ|JKLAKSHMI,NSE,EQUITY,CERTIFIED_CLEAN_886,429,2026-10-01T14:32:15.021368+05:30,2026-10-01T14:32:36.375956+05:30,2026-10-01T14:32:36.375956+05:30,2026-10-01T14:32:36.375956+05:30,FULLY_EVALUABLE,REJECTED,False,NONE,False,True,QUALITY_GATE,FAIL_ROCE
e715b83a3ce74f4ba7763b844d98ffbd,QUALITY_COMPOUNDER_VALUE_V2_FINAL,Quality Compounder Value V2 Final,FROZEN_V2_PROD_1.0,JKTYRE,NSE_EQ|JKTYRE,NSE,EQUITY,CERTIFIED_CLEAN_886,430,2026-10-01T14:32:15.021368+05:30,2026-10-01T14:32:36.391903+05:30,2026-10-01T14:32:36.391903+05:30,2026-10-01T14:32:36.391903+05:30,FULLY_EVALUABLE,REJECTED,False,NONE,False,True,QUALITY_GATE,FAIL_ROCE
e715b83a3ce74f4ba7763b844d98ffbd,QUALITY_COMPOUNDER_VALUE_V2_FINAL,Quality Compounder Value V2 Final,FROZEN_V2_PROD_1.0,JLHL,NSE_EQ|JLHL,NSE,EQUITY,CERTIFIED_CLEAN_886,431,2026-10-01T14:32:15.021368+05:30,2026-10-01T14:32:36.403896+05:30,2026-10-01T14:32:36.403896+05:30,2026-10-01T14:32:36.403896+05:30,FULLY_EVALUABLE,REJECTED,False,NONE,False,True,QUALITY_GATE,FAIL_PAT_CAGR
e715b83a3ce74f4ba7763b844d98ffbd,QUALITY_COMPOUNDER_VALUE_V2_FINAL,Quality Compounder Value V2 Final,FROZEN_V2_PROD_1.0,JMFINANCIL,NSE_EQ|JMFINANCIL,NSE,EQUITY,CERTIFIED_CLEAN_886,432,2026-10-01T14:32:15.021368+05:30,2026-10-01T14:32:36.460163+05:30,2026-10-01T14:32:36.460163+05:30,2026-10-01T14:32:36.460163+05:30,FULLY_EVALUABLE,REJECTED,False,NONE,False,True,QUALITY_GATE,METRIC_NOT_APPLICABLE_FINANCIAL
e715b83a3ce74f4ba7763b844d98ffbd,QUALITY_COMPOUNDER_VALUE_V2_FINAL,Quality Compounder Value V2 Final,FROZEN_V2_PROD_1.0,JNKINDIA,NSE_EQ|JNKINDIA,NSE,EQUITY,CERTIFIED_CLEAN_886,433,2026-10-01T14:32:15.021368+05:30,2026-10-01T14:32:36.487509+05:30,2026-10-01T14:32:36.487509+05:30,2026-10-01T14:32:36.487509+05:30,FULLY_EVALUABLE,REJECTED,False,NONE,False,True,QUALITY_GATE,FAIL_CFO_PAT
e715b83a3ce74f4ba7763b844d98ffbd,QUALITY_COMPOUNDER_VALUE_V2_FINAL,Quality Compounder Value V2 Final,FROZEN_V2_PROD_1.0,JPOLYINVST,NSE_EQ|JPOLYINVST,NSE,EQUITY,CERTIFIED_CLEAN_886,434,2026-10-01T14:32:15.021368+05:30,2026-10-01T14:32:36.504768+05:30,2026-10-01T14:32:36.504768+05:30,2026-10-01T14:32:36.504768+05:30,FULLY_EVALUABLE,REJECTED,False,NONE,False,True,QUALITY_GATE,FAIL_UNIVERSE_MARKET_CAP
e715b83a3ce74f4ba7763b844d98ffbd,QUALITY_COMPOUNDER_VALUE_V2_FINAL,Quality Compounder Value V2 Final,FROZEN_V2_PROD_1.0,JSL,NSE_EQ|JSL,NSE,EQUITY,CERTIFIED_CLEAN_886,435,2026-10-01T14:32:15.021368+05:30,2026-10-01T14:32:36.519014+05:30,2026-10-01T14:32:36.519014+05:30,2026-10-01T14:32:36.519014+05:30,FULLY_EVALUABLE,REJECTED,False,NONE,False,True,VALUATION_GATE,FAIL_VALUATION
e715b83a3ce74f4ba7763b844d98ffbd,QUALITY_COMPOUNDER_VALUE_V2_FINAL,Quality Compounder Value V2 Final,FROZEN_V2_PROD_1.0,JSLL,NSE_EQ|JSLL,NSE,EQUITY,CERTIFIED_CLEAN_886,436,2026-10-01T14:32:15.021368+05:30,2026-10-01T14:32:36.740155+05:30,2026-10-01T14:32:36.740155+05:30,2026-10-01T14:32:36.740155+05:30,FULLY_EVALUABLE,ALERT_BUY,True,BUY,False,False,NONE,PASS
e715b83a3ce74f4ba7763b844d98ffbd,QUALITY_COMPOUNDER_VALUE_V2_FINAL,Quality Compounder Value V2 Final,FROZEN_V2_PROD_1.0,JSWDULUX,NSE_EQ|JSWDULUX,NSE,EQUITY,CERTIFIED_CLEAN_886,437,2026-10-01T14:32:15.021368+05:30,2026-10-01T14:32:36.757537+05:30,2026-10-01T14:32:36.757537+05:30,2026-10-01T14:32:36.757537+05:30,FULLY_EVALUABLE,REJECTED,False,NONE,False,True,QUALITY_GATE,FAIL_SALES_CAGR
e715b83a3ce74f4ba7763b844d98ffbd,QUALITY_COMPOUNDER_VALUE_V2_FINAL,Quality Compounder Value V2 Final,FROZEN_V2_PROD_1.0,JSWINFRA,NSE_EQ|JSWINFRA,NSE,EQUITY,CERTIFIED_CLEAN_886,438,2026-10-01T14:32:15.021368+05:30,2026-10-01T14:32:36.777580+05:30,2026-10-01T14:32:36.777580+05:30,2026-10-01T14:32:36.777580+05:30,FULLY_EVALUABLE,REJECTED,False,NONE,False,True,QUALITY_GATE,FAIL_ROCE
e715b83a3ce74f4ba7763b844d98ffbd,QUALITY_COMPOUNDER_VALUE_V2_FINAL,Quality Compounder Value V2 Final,FROZEN_V2_PROD_1.0,JSWSTEEL,NSE_EQ|JSWSTEEL,NSE,EQUITY,CERTIFIED_CLEAN_886,439,2026-10-01T14:32:15.021368+05:30,2026-10-01T14:32:36.799153+05:30,2026-10-01T14:32:36.799153+05:30,2026-10-01T14:32:36.799153+05:30,FULLY_EVALUABLE,REJECTED,False,NONE,False,True,QUALITY_GATE,FAIL_ROCE
e715b83a3ce74f4ba7763b844d98ffbd,QUALITY_COMPOUNDER_VALUE_V2_FINAL,Quality Compounder Value V2 Final,FROZEN_V2_PROD_1.0,JUBLCPL,NSE_EQ|JUBLCPL,NSE,EQUITY,CERTIFIED_CLEAN_886,440,2026-10-01T14:32:15.021368+05:30,2026-10-01T14:32:36.811444+05:30,2026-10-01T14:32:36.811444+05:30,2026-10-01T14:32:36.811444+05:30,FULLY_EVALUABLE,REJECTED,False,NONE,False,True,VALUATION_GATE,FAIL_VALUATION
e715b83a3ce74f4ba7763b844d98ffbd,QUALITY_COMPOUNDER_VALUE_V2_FINAL,Quality Compounder Value V2 Final,FROZEN_V2_PROD_1.0,JUBLFOOD,NSE_EQ|JUBLFOOD,NSE,EQUITY,CERTIFIED_CLEAN_886,441,2026-10-01T14:32:15.021368+05:30,2026-10-01T14:32:36.823086+05:30,2026-10-01T14:32:36.823086+05:30,2026-10-01T14:32:36.823086+05:30,FULLY_EVALUABLE,REJECTED,False,NONE,False,True,QUALITY_GATE,FAIL_DEBT
e715b83a3ce74f4ba7763b844d98ffbd,QUALITY_COMPOUNDER_VALUE_V2_FINAL,Quality Compounder Value V2 Final,FROZEN_V2_PROD_1.0,JUBLINGREA,NSE_EQ|JUBLINGREA,NSE,EQUITY,CERTIFIED_CLEAN_886,442,2026-10-01T14:32:15.021368+05:30,2026-10-01T14:32:36.841673+05:30,2026-10-01T14:32:36.841673+05:30,2026-10-01T14:32:36.841673+05:30,FULLY_EVALUABLE,REJECTED,False,NONE,False,True,VALUATION_GATE,FAIL_VALUATION
e715b83a3ce74f4ba7763b844d98ffbd,QUALITY_COMPOUNDER_VALUE_V2_FINAL,Quality Compounder Value V2 Final,FROZEN_V2_PROD_1.0,JUSTDIAL,NSE_EQ|JUSTDIAL,NSE,EQUITY,CERTIFIED_CLEAN_886,443,2026-10-01T14:32:15.021368+05:30,2026-10-01T14:32:36.857515+05:30,2026-10-01T14:32:36.857515+05:30,2026-10-01T14:32:36.857515+05:30,FULLY_EVALUABLE,REJECTED,False,NONE,False,True,QUALITY_GATE,FAIL_ROCE
e715b83a3ce74f4ba7763b844d98ffbd,QUALITY_COMPOUNDER_VALUE_V2_FINAL,Quality Compounder Value V2 Final,FROZEN_V2_PROD_1.0,JYOTHYLAB,NSE_EQ|JYOTHYLAB,NSE,EQUITY,CERTIFIED_CLEAN_886,444,2026-10-01T14:32:15.021368+05:30,2026-10-01T14:32:36.868993+05:30,2026-10-01T14:32:36.868993+05:30,2026-10-01T14:32:36.868993+05:30,FULLY_EVALUABLE,REJECTED,False,NONE,False,True,QUALITY_GATE,FAIL_SALES_CAGR
e715b83a3ce74f4ba7763b844d98ffbd,QUALITY_COMPOUNDER_VALUE_V2_FINAL,Quality Compounder Value V2 Final,FROZEN_V2_PROD_1.0,JYOTICNC,NSE_EQ|JYOTICNC,NSE,EQUITY,CERTIFIED_CLEAN_886,445,2026-10-01T14:32:15.021368+05:30,2026-10-01T14:32:36.881643+05:30,2026-10-01T14:32:36.881643+05:30,2026-10-01T14:32:36.881643+05:30,FULLY_EVALUABLE,REJECTED,False,NONE,False,True,QUALITY_GATE,FAIL_PAT_CAGR
e715b83a3ce74f4ba7763b844d98ffbd,QUALITY_COMPOUNDER_VALUE_V2_FINAL,Quality Compounder Value V2 Final,FROZEN_V2_PROD_1.0,KAJARIACER,NSE_EQ|KAJARIACER,NSE,EQUITY,CERTIFIED_CLEAN_886,446,2026-10-01T14:32:15.021368+05:30,2026-10-01T14:32:36.893184+05:30,2026-10-01T14:32:36.893184+05:30,2026-10-01T14:32:36.893184+05:30,FULLY_EVALUABLE,REJECTED,False,NONE,False,True,QUALITY_GATE,FAIL_PAT_CAGR
e715b83a3ce74f4ba7763b844d98ffbd,QUALITY_COMPOUNDER_VALUE_V2_FINAL,Quality Compounder Value V2 Final,FROZEN_V2_PROD_1.0,KALAMANDIR,NSE_EQ|KALAMANDIR,NSE,EQUITY,CERTIFIED_CLEAN_886,447,2026-10-01T14:32:15.021368+05:30,2026-10-01T14:32:36.909579+05:30,2026-10-01T14:32:36.909579+05:30,2026-10-01T14:32:36.909579+05:30,STRUCTURAL_INELIGIBLE,BLOCKED,False,NONE,True,True,DATA_GATE,FAIL_UNIVERSE_MARKET_CAP
e715b83a3ce74f4ba7763b844d98ffbd,QUALITY_COMPOUNDER_VALUE_V2_FINAL,Quality Compounder Value V2 Final,FROZEN_V2_PROD_1.0,KALYANKJIL,NSE_EQ|KALYANKJIL,NSE,EQUITY,CERTIFIED_CLEAN_886,448,2026-10-01T14:32:15.021368+05:30,2026-10-01T14:32:36.921623+05:30,2026-10-01T14:32:36.921623+05:30,2026-10-01T14:32:36.921623+05:30,FULLY_EVALUABLE,REJECTED,False,NONE,False,True,QUALITY_GATE,FAIL_ROCE
e715b83a3ce74f4ba7763b844d98ffbd,QUALITY_COMPOUNDER_VALUE_V2_FINAL,Quality Compounder Value V2 Final,FROZEN_V2_PROD_1.0,KAMAHOLD,NSE_EQ|KAMAHOLD,NSE,EQUITY,CERTIFIED_CLEAN_886,449,2026-10-01T14:32:15.021368+05:30,2026-10-01T14:32:36.937355+05:30,2026-10-01T14:32:36.937355+05:30,2026-10-01T14:32:36.937355+05:30,FULLY_EVALUABLE,REJECTED,False,NONE,False,True,QUALITY_GATE,FAIL_LIQUIDITY
e715b83a3ce74f4ba7763b844d98ffbd,QUALITY_COMPOUNDER_VALUE_V2_FINAL,Quality Compounder Value V2 Final,FROZEN_V2_PROD_1.0,KANSAINER,NSE_EQ|KANSAINER,NSE,EQUITY,CERTIFIED_CLEAN_886,450,2026-10-01T14:32:15.021368+05:30,2026-10-01T14:32:36.956955+05:30,2026-10-01T14:32:36.956955+05:30,2026-10-01T14:32:36.956955+05:30,FULLY_EVALUABLE,REJECTED,False,NONE,False,True,QUALITY_GATE,FAIL_ROCE
e715b83a3ce74f4ba7763b844d98ffbd,QUALITY_COMPOUNDER_VALUE_V2_FINAL,Quality Compounder Value V2 Final,FROZEN_V2_PROD_1.0,KARURVYSYA,NSE_EQ|KARURVYSYA,NSE,EQUITY,CERTIFIED_CLEAN_886,451,2026-10-01T14:32:15.021368+05:30,2026-10-01T14:32:36.974337+05:30,2026-10-01T14:32:36.974337+05:30,2026-10-01T14:32:36.974337+05:30,FULLY_EVALUABLE,REJECTED,False,NONE,False,True,QUALITY_GATE,METRIC_NOT_APPLICABLE_FINANCIAL
e715b83a3ce74f4ba7763b844d98ffbd,QUALITY_COMPOUNDER_VALUE_V2_FINAL,Quality Compounder Value V2 Final,FROZEN_V2_PROD_1.0,KAYNES,NSE_EQ|KAYNES,NSE,EQUITY,CERTIFIED_CLEAN_886,452,2026-10-01T14:32:15.021368+05:30,2026-10-01T14:32:36.989715+05:30,2026-10-01T14:32:36.989715+05:30,2026-10-01T14:32:36.989715+05:30,FULLY_EVALUABLE,REJECTED,False,NONE,False,True,QUALITY_GATE,FAIL_CFO_PAT
e715b83a3ce74f4ba7763b844d98ffbd,QUALITY_COMPOUNDER_VALUE_V2_FINAL,Quality Compounder Value V2 Final,FROZEN_V2_PROD_1.0,KCP,NSE_EQ|KCP,NSE,EQUITY,CERTIFIED_CLEAN_886,453,2026-10-01T14:32:15.021368+05:30,2026-10-01T14:32:37.011156+05:30,2026-10-01T14:32:37.011156+05:30,2026-10-01T14:32:37.011156+05:30,FULLY_EVALUABLE,REJECTED,False,NONE,False,True,QUALITY_GATE,FAIL_ROCE
e715b83a3ce74f4ba7763b844d98ffbd,QUALITY_COMPOUNDER_VALUE_V2_FINAL,Quality Compounder Value V2 Final,FROZEN_V2_PROD_1.0,KDDL,NSE_EQ|KDDL,NSE,EQUITY,CERTIFIED_CLEAN_886,454,2026-10-01T14:32:15.021368+05:30,2026-10-01T14:32:37.025103+05:30,2026-10-01T14:32:37.025103+05:30,2026-10-01T14:32:37.025103+05:30,FULLY_EVALUABLE,REJECTED,False,NONE,False,True,QUALITY_GATE,FAIL_CFO_PAT
e715b83a3ce74f4ba7763b844d98ffbd,QUALITY_COMPOUNDER_VALUE_V2_FINAL,Quality Compounder Value V2 Final,FROZEN_V2_PROD_1.0,KEC,NSE_EQ|KEC,NSE,EQUITY,CERTIFIED_CLEAN_886,455,2026-10-01T14:32:15.021368+05:30,2026-10-01T14:32:37.042444+05:30,2026-10-01T14:32:37.042444+05:30,2026-10-01T14:32:37.042444+05:30,FULLY_EVALUABLE,REJECTED,False,NONE,False,True,QUALITY_GATE,FAIL_PAT_CAGR
e715b83a3ce74f4ba7763b844d98ffbd,QUALITY_COMPOUNDER_VALUE_V2_FINAL,Quality Compounder Value V2 Final,FROZEN_V2_PROD_1.0,KEI,NSE_EQ|KEI,NSE,EQUITY,CERTIFIED_CLEAN_886,456,2026-10-01T14:32:15.021368+05:30,2026-10-01T14:32:37.057032+05:30,2026-10-01T14:32:37.057032+05:30,2026-10-01T14:32:37.057032+05:30,FULLY_EVALUABLE,REJECTED,False,NONE,False,True,QUALITY_GATE,FAIL_CFO_PAT
e715b83a3ce74f4ba7763b844d98ffbd,QUALITY_COMPOUNDER_VALUE_V2_FINAL,Quality Compounder Value V2 Final,FROZEN_V2_PROD_1.0,KENNAMET,NSE_EQ|KENNAMET,NSE,EQUITY,CERTIFIED_CLEAN_886,457,2026-10-01T14:32:15.021368+05:30,2026-10-01T14:32:37.074124+05:30,2026-10-01T14:32:37.074124+05:30,2026-10-01T14:32:37.074124+05:30,FULLY_EVALUABLE,REJECTED,False,NONE,False,True,QUALITY_GATE,FAIL_SALES_CAGR
e715b83a3ce74f4ba7763b844d98ffbd,QUALITY_COMPOUNDER_VALUE_V2_FINAL,Quality Compounder Value V2 Final,FROZEN_V2_PROD_1.0,KERNEX,NSE_EQ|KERNEX,NSE,EQUITY,CERTIFIED_CLEAN_886,458,2026-10-01T14:32:15.021368+05:30,2026-10-01T14:32:37.089157+05:30,2026-10-01T14:32:37.089157+05:30,2026-10-01T14:32:37.089157+05:30,FULLY_EVALUABLE,REJECTED,False,NONE,False,True,QUALITY_GATE,FAIL_ROCE
e715b83a3ce74f4ba7763b844d98ffbd,QUALITY_COMPOUNDER_VALUE_V2_FINAL,Quality Compounder Value V2 Final,FROZEN_V2_PROD_1.0,KIMS,NSE_EQ|KIMS,NSE,EQUITY,CERTIFIED_CLEAN_886,459,2026-10-01T14:32:15.021368+05:30,2026-10-01T14:32:37.101565+05:30,2026-10-01T14:32:37.101565+05:30,2026-10-01T14:32:37.101565+05:30,FULLY_EVALUABLE,REJECTED,False,NONE,False,True,QUALITY_GATE,FAIL_PAT_CAGR
e715b83a3ce74f4ba7763b844d98ffbd,QUALITY_COMPOUNDER_VALUE_V2_FINAL,Quality Compounder Value V2 Final,FROZEN_V2_PROD_1.0,KINGFA,NSE_EQ|KINGFA,NSE,EQUITY,CERTIFIED_CLEAN_886,460,2026-10-01T14:32:15.021368+05:30,2026-10-01T14:32:37.110943+05:30,2026-10-01T14:32:37.110943+05:30,2026-10-01T14:32:37.110943+05:30,FULLY_EVALUABLE,REJECTED,False,NONE,False,True,QUALITY_GATE,FAIL_CFO_PAT
e715b83a3ce74f4ba7763b844d98ffbd,QUALITY_COMPOUNDER_VALUE_V2_FINAL,Quality Compounder Value V2 Final,FROZEN_V2_PROD_1.0,KIRIINDUS,NSE_EQ|KIRIINDUS,NSE,EQUITY,CERTIFIED_CLEAN_886,461,2026-10-01T14:32:15.021368+05:30,2026-10-01T14:32:37.124699+05:30,2026-10-01T14:32:37.124699+05:30,2026-10-01T14:32:37.124699+05:30,FULLY_EVALUABLE,REJECTED,False,NONE,False,True,QUALITY_GATE,FAIL_ROCE
e715b83a3ce74f4ba7763b844d98ffbd,QUALITY_COMPOUNDER_VALUE_V2_FINAL,Quality Compounder Value V2 Final,FROZEN_V2_PROD_1.0,KIRLFER,NSE_EQ|KIRLFER,NSE,EQUITY,CERTIFIED_CLEAN_886,462,2026-10-01T14:32:15.021368+05:30,2026-10-01T14:32:37.139798+05:30,2026-10-01T14:32:37.139798+05:30,2026-10-01T14:32:37.139798+05:30,FULLY_EVALUABLE,REJECTED,False,NONE,False,True,VALUATION_GATE,FAIL_VALUATION
e715b83a3ce74f4ba7763b844d98ffbd,QUALITY_COMPOUNDER_VALUE_V2_FINAL,Quality Compounder Value V2 Final,FROZEN_V2_PROD_1.0,KIRLOSBROS,NSE_EQ|KIRLOSBROS,NSE,EQUITY,CERTIFIED_CLEAN_886,463,2026-10-01T14:32:15.021368+05:30,2026-10-01T14:32:37.156713+05:30,2026-10-01T14:32:37.156713+05:30,2026-10-01T14:32:37.156713+05:30,FULLY_EVALUABLE,REJECTED,False,NONE,False,True,VALUATION_GATE,FAIL_VALUATION
e715b83a3ce74f4ba7763b844d98ffbd,QUALITY_COMPOUNDER_VALUE_V2_FINAL,Quality Compounder Value V2 Final,FROZEN_V2_PROD_1.0,KIRLOSENG,NSE_EQ|KIRLOSENG,NSE,EQUITY,CERTIFIED_CLEAN_886,464,2026-10-01T14:32:15.021368+05:30,2026-10-01T14:32:37.173453+05:30,2026-10-01T14:32:37.173453+05:30,2026-10-01T14:32:37.173453+05:30,FULLY_EVALUABLE,REJECTED,False,NONE,False,True,QUALITY_GATE,FAIL_ROCE
e715b83a3ce74f4ba7763b844d98ffbd,QUALITY_COMPOUNDER_VALUE_V2_FINAL,Quality Compounder Value V2 Final,FROZEN_V2_PROD_1.0,KIRLPNU,NSE_EQ|KIRLPNU,NSE,EQUITY,CERTIFIED_CLEAN_886,465,2026-10-01T14:32:15.021368+05:30,2026-10-01T14:32:37.186183+05:30,2026-10-01T14:32:37.186183+05:30,2026-10-01T14:32:37.186183+05:30,FULLY_EVALUABLE,REJECTED,False,NONE,False,True,QUALITY_GATE,FAIL_SALES_CAGR
e715b83a3ce74f4ba7763b844d98ffbd,QUALITY_COMPOUNDER_VALUE_V2_FINAL,Quality Compounder Value V2 Final,FROZEN_V2_PROD_1.0,KKCL,NSE_EQ|KKCL,NSE,EQUITY,CERTIFIED_CLEAN_886,466,2026-10-01T14:32:15.021368+05:30,2026-10-01T14:32:37.207604+05:30,2026-10-01T14:32:37.207604+05:30,2026-10-01T14:32:37.207604+05:30,FULLY_EVALUABLE,REJECTED,False,NONE,False,True,QUALITY_GATE,FAIL_CFO_PAT
e715b83a3ce74f4ba7763b844d98ffbd,QUALITY_COMPOUNDER_VALUE_V2_FINAL,Quality Compounder Value V2 Final,FROZEN_V2_PROD_1.0,KMEW,NSE_EQ|KMEW,NSE,EQUITY,CERTIFIED_CLEAN_886,467,2026-10-01T14:32:15.021368+05:30,2026-10-01T14:32:37.228172+05:30,2026-10-01T14:32:37.228172+05:30,2026-10-01T14:32:37.228172+05:30,FULLY_EVALUABLE,REJECTED,False,NONE,False,True,VALUATION_GATE,FAIL_VALUATION
e715b83a3ce74f4ba7763b844d98ffbd,QUALITY_COMPOUNDER_VALUE_V2_FINAL,Quality Compounder Value V2 Final,FROZEN_V2_PROD_1.0,KNRCON,NSE_EQ|KNRCON,NSE,EQUITY,CERTIFIED_CLEAN_886,468,2026-10-01T14:32:15.021368+05:30,2026-10-01T14:32:37.245667+05:30,2026-10-01T14:32:37.245667+05:30,2026-10-01T14:32:37.245667+05:30,FULLY_EVALUABLE,REJECTED,False,NONE,False,True,QUALITY_GATE,FAIL_SALES_CAGR
e715b83a3ce74f4ba7763b844d98ffbd,QUALITY_COMPOUNDER_VALUE_V2_FINAL,Quality Compounder Value V2 Final,FROZEN_V2_PROD_1.0,KODYTECH,NSE_EQ|KODYTECH,NSE,EQUITY,CERTIFIED_CLEAN_886,469,2026-10-01T14:32:15.021368+05:30,2026-10-01T14:32:37.255160+05:30,2026-10-01T14:32:37.255160+05:30,2026-10-01T14:32:37.255160+05:30,FULLY_EVALUABLE,REJECTED,False,NONE,False,True,QUALITY_GATE,FAIL_PAT_CAGR
e715b83a3ce74f4ba7763b844d98ffbd,QUALITY_COMPOUNDER_VALUE_V2_FINAL,Quality Compounder Value V2 Final,FROZEN_V2_PROD_1.0,KOTAKBANK,NSE_EQ|KOTAKBANK,NSE,EQUITY,CERTIFIED_CLEAN_886,470,2026-10-01T14:32:15.021368+05:30,2026-10-01T14:32:37.279822+05:30,2026-10-01T14:32:37.279822+05:30,2026-10-01T14:32:37.279822+05:30,FULLY_EVALUABLE,REJECTED,False,NONE,False,True,QUALITY_GATE,METRIC_NOT_APPLICABLE_FINANCIAL
e715b83a3ce74f4ba7763b844d98ffbd,QUALITY_COMPOUNDER_VALUE_V2_FINAL,Quality Compounder Value V2 Final,FROZEN_V2_PROD_1.0,KOVAI,NSE_EQ|KOVAI,NSE,EQUITY,CERTIFIED_CLEAN_886,471,2026-10-01T14:32:15.021368+05:30,2026-10-01T14:32:37.297176+05:30,2026-10-01T14:32:37.297176+05:30,2026-10-01T14:32:37.297176+05:30,FULLY_EVALUABLE,REJECTED,False,NONE,False,True,QUALITY_GATE,FAIL_DEBT
e715b83a3ce74f4ba7763b844d98ffbd,QUALITY_COMPOUNDER_VALUE_V2_FINAL,Quality Compounder Value V2 Final,FROZEN_V2_PROD_1.0,KPEL,NSE_EQ|KPEL,NSE,EQUITY,CERTIFIED_CLEAN_886,472,2026-10-01T14:32:15.021368+05:30,2026-10-01T14:32:37.309377+05:30,2026-10-01T14:32:37.309377+05:30,2026-10-01T14:32:37.309377+05:30,FULLY_EVALUABLE,REJECTED,False,NONE,False,True,QUALITY_GATE,FAIL_DEBT
e715b83a3ce74f4ba7763b844d98ffbd,QUALITY_COMPOUNDER_VALUE_V2_FINAL,Quality Compounder Value V2 Final,FROZEN_V2_PROD_1.0,KPIGREEN,NSE_EQ|KPIGREEN,NSE,EQUITY,CERTIFIED_CLEAN_886,473,2026-10-01T14:32:15.021368+05:30,2026-10-01T14:32:37.320912+05:30,2026-10-01T14:32:37.320912+05:30,2026-10-01T14:32:37.320912+05:30,FULLY_EVALUABLE,REJECTED,False,NONE,False,True,QUALITY_GATE,FAIL_CFO_PAT
e715b83a3ce74f4ba7763b844d98ffbd,QUALITY_COMPOUNDER_VALUE_V2_FINAL,Quality Compounder Value V2 Final,FROZEN_V2_PROD_1.0,KPIL,NSE_EQ|KPIL,NSE,EQUITY,CERTIFIED_CLEAN_886,474,2026-10-01T14:32:15.021368+05:30,2026-10-01T14:32:37.331640+05:30,2026-10-01T14:32:37.331640+05:30,2026-10-01T14:32:37.331640+05:30,FULLY_EVALUABLE,REJECTED,False,NONE,False,True,QUALITY_GATE,FAIL_PAT_CAGR
e715b83a3ce74f4ba7763b844d98ffbd,QUALITY_COMPOUNDER_VALUE_V2_FINAL,Quality Compounder Value V2 Final,FROZEN_V2_PROD_1.0,KPITTECH,NSE_EQ|KPITTECH,NSE,EQUITY,CERTIFIED_CLEAN_886,475,2026-10-01T14:32:15.021368+05:30,2026-10-01T14:32:37.679649+05:30,2026-10-01T14:32:37.679649+05:30,2026-10-01T14:32:37.679649+05:30,FULLY_EVALUABLE,ALERT_BUY,True,BUY,False,False,NONE,PASS
e715b83a3ce74f4ba7763b844d98ffbd,QUALITY_COMPOUNDER_VALUE_V2_FINAL,Quality Compounder Value V2 Final,FROZEN_V2_PROD_1.0,KPL,NSE_EQ|KPL,NSE,EQUITY,CERTIFIED_CLEAN_886,476,2026-10-01T14:32:15.021368+05:30,2026-10-01T14:32:37.693039+05:30,2026-10-01T14:32:37.693039+05:30,2026-10-01T14:32:37.693039+05:30,FULLY_EVALUABLE,REJECTED,False,NONE,False,True,VALUATION_GATE,FAIL_VALUATION
e715b83a3ce74f4ba7763b844d98ffbd,QUALITY_COMPOUNDER_VALUE_V2_FINAL,Quality Compounder Value V2 Final,FROZEN_V2_PROD_1.0,KPRMILL,NSE_EQ|KPRMILL,NSE,EQUITY,CERTIFIED_CLEAN_886,477,2026-10-01T14:32:15.021368+05:30,2026-10-01T14:32:37.715447+05:30,2026-10-01T14:32:37.715447+05:30,2026-10-01T14:32:37.715447+05:30,FULLY_EVALUABLE,REJECTED,False,NONE,False,True,VALUATION_GATE,FAIL_VALUATION
e715b83a3ce74f4ba7763b844d98ffbd,QUALITY_COMPOUNDER_VALUE_V2_FINAL,Quality Compounder Value V2 Final,FROZEN_V2_PROD_1.0,KRBL,NSE_EQ|KRBL,NSE,EQUITY,CERTIFIED_CLEAN_886,478,2026-10-01T14:32:15.021368+05:30,2026-10-01T14:32:37.731085+05:30,2026-10-01T14:32:37.731085+05:30,2026-10-01T14:32:37.731085+05:30,FULLY_EVALUABLE,REJECTED,False,NONE,False,True,QUALITY_GATE,FAIL_SALES_CAGR
e715b83a3ce74f4ba7763b844d98ffbd,QUALITY_COMPOUNDER_VALUE_V2_FINAL,Quality Compounder Value V2 Final,FROZEN_V2_PROD_1.0,KRISHANA,NSE_EQ|KRISHANA,NSE,EQUITY,CERTIFIED_CLEAN_886,479,2026-10-01T14:32:15.021368+05:30,2026-10-01T14:32:37.745091+05:30,2026-10-01T14:32:37.745091+05:30,2026-10-01T14:32:37.745091+05:30,FULLY_EVALUABLE,REJECTED,False,NONE,False,True,QUALITY_GATE,FAIL_CFO_PAT
e715b83a3ce74f4ba7763b844d98ffbd,QUALITY_COMPOUNDER_VALUE_V2_FINAL,Quality Compounder Value V2 Final,FROZEN_V2_PROD_1.0,KRISHIVAL,NSE_EQ|KRISHIVAL,NSE,EQUITY,CERTIFIED_CLEAN_886,480,2026-10-01T14:32:15.021368+05:30,2026-10-01T14:32:37.754460+05:30,2026-10-01T14:32:37.754460+05:30,2026-10-01T14:32:37.754460+05:30,FULLY_EVALUABLE,REJECTED,False,NONE,False,True,QUALITY_GATE,FAIL_LIQUIDITY
e715b83a3ce74f4ba7763b844d98ffbd,QUALITY_COMPOUNDER_VALUE_V2_FINAL,Quality Compounder Value V2 Final,FROZEN_V2_PROD_1.0,KRISHNADEF,NSE_EQ|KRISHNADEF,NSE,EQUITY,CERTIFIED_CLEAN_886,481,2026-10-01T14:32:15.021368+05:30,2026-10-01T14:32:37.905058+05:30,2026-10-01T14:32:37.905058+05:30,2026-10-01T14:32:37.905058+05:30,FULLY_EVALUABLE,ALERT_BUY,True,BUY,False,False,NONE,PASS
e715b83a3ce74f4ba7763b844d98ffbd,QUALITY_COMPOUNDER_VALUE_V2_FINAL,Quality Compounder Value V2 Final,FROZEN_V2_PROD_1.0,KRN,NSE_EQ|KRN,NSE,EQUITY,CERTIFIED_CLEAN_886,482,2026-10-01T14:32:15.021368+05:30,2026-10-01T14:32:37.919582+05:30,2026-10-01T14:32:37.919582+05:30,2026-10-01T14:32:37.919582+05:30,FULLY_EVALUABLE,REJECTED,False,NONE,False,True,QUALITY_GATE,FAIL_CFO_PAT
e715b83a3ce74f4ba7763b844d98ffbd,QUALITY_COMPOUNDER_VALUE_V2_FINAL,Quality Compounder Value V2 Final,FROZEN_V2_PROD_1.0,KROSS,NSE_EQ|KROSS,NSE,EQUITY,CERTIFIED_CLEAN_886,483,2026-10-01T14:32:15.021368+05:30,2026-10-01T14:32:37.935792+05:30,2026-10-01T14:32:37.935792+05:30,2026-10-01T14:32:37.935792+05:30,FULLY_EVALUABLE,REJECTED,False,NONE,False,True,QUALITY_GATE,FAIL_CFO_PAT
e715b83a3ce74f4ba7763b844d98ffbd,QUALITY_COMPOUNDER_VALUE_V2_FINAL,Quality Compounder Value V2 Final,FROZEN_V2_PROD_1.0,KRSNAA,NSE_EQ|KRSNAA,NSE,EQUITY,CERTIFIED_CLEAN_886,484,2026-10-01T14:32:15.021368+05:30,2026-10-01T14:32:37.949089+05:30,2026-10-01T14:32:37.949089+05:30,2026-10-01T14:32:37.949089+05:30,FULLY_EVALUABLE,REJECTED,False,NONE,False,True,QUALITY_GATE,FAIL_ROCE
e715b83a3ce74f4ba7763b844d98ffbd,QUALITY_COMPOUNDER_VALUE_V2_FINAL,Quality Compounder Value V2 Final,FROZEN_V2_PROD_1.0,KSB,NSE_EQ|KSB,NSE,EQUITY,CERTIFIED_CLEAN_886,485,2026-10-01T14:32:15.021368+05:30,2026-10-01T14:32:37.962376+05:30,2026-10-01T14:32:37.962376+05:30,2026-10-01T14:32:37.962376+05:30,FULLY_EVALUABLE,REJECTED,False,NONE,False,True,QUALITY_GATE,FAIL_CFO_PAT
e715b83a3ce74f4ba7763b844d98ffbd,QUALITY_COMPOUNDER_VALUE_V2_FINAL,Quality Compounder Value V2 Final,FROZEN_V2_PROD_1.0,KSCL,NSE_EQ|KSCL,NSE,EQUITY,CERTIFIED_CLEAN_886,486,2026-10-01T14:32:15.021368+05:30,2026-10-01T14:32:37.973717+05:30,2026-10-01T14:32:37.973717+05:30,2026-10-01T14:32:37.973717+05:30,FULLY_EVALUABLE,REJECTED,False,NONE,False,True,QUALITY_GATE,FAIL_SALES_CAGR
e715b83a3ce74f4ba7763b844d98ffbd,QUALITY_COMPOUNDER_VALUE_V2_FINAL,Quality Compounder Value V2 Final,FROZEN_V2_PROD_1.0,KSHINTL,NSE_EQ|KSHINTL,NSE,EQUITY,CERTIFIED_CLEAN_886,487,2026-10-01T14:32:15.021368+05:30,2026-10-01T14:32:37.980872+05:30,2026-10-01T14:32:37.980872+05:30,2026-10-01T14:32:37.980872+05:30,FULLY_EVALUABLE,REJECTED,False,NONE,False,True,QUALITY_GATE,FAIL_CFO_PAT
e715b83a3ce74f4ba7763b844d98ffbd,QUALITY_COMPOUNDER_VALUE_V2_FINAL,Quality Compounder Value V2 Final,FROZEN_V2_PROD_1.0,KSL,NSE_EQ|KSL,NSE,EQUITY,CERTIFIED_CLEAN_886,488,2026-10-01T14:32:15.021368+05:30,2026-10-01T14:32:37.993307+05:30,2026-10-01T14:32:37.993307+05:30,2026-10-01T14:32:37.993307+05:30,FULLY_EVALUABLE,REJECTED,False,NONE,False,True,QUALITY_GATE,FAIL_SALES_CAGR
e715b83a3ce74f4ba7763b844d98ffbd,QUALITY_COMPOUNDER_VALUE_V2_FINAL,Quality Compounder Value V2 Final,FROZEN_V2_PROD_1.0,KTKBANK,NSE_EQ|KTKBANK,NSE,EQUITY,CERTIFIED_CLEAN_886,489,2026-10-01T14:32:15.021368+05:30,2026-10-01T14:32:38.002291+05:30,2026-10-01T14:32:38.002291+05:30,2026-10-01T14:32:38.002291+05:30,FULLY_EVALUABLE,REJECTED,False,NONE,False,True,QUALITY_GATE,METRIC_NOT_APPLICABLE_FINANCIAL
e715b83a3ce74f4ba7763b844d98ffbd,QUALITY_COMPOUNDER_VALUE_V2_FINAL,Quality Compounder Value V2 Final,FROZEN_V2_PROD_1.0,LALPATHLAB,NSE_EQ|LALPATHLAB,NSE,EQUITY,CERTIFIED_CLEAN_886,490,2026-10-01T14:32:15.021368+05:30,2026-10-01T14:32:38.014171+05:30,2026-10-01T14:32:38.014171+05:30,2026-10-01T14:32:38.014171+05:30,FULLY_EVALUABLE,REJECTED,False,NONE,False,True,VALUATION_GATE,FAIL_VALUATION
e715b83a3ce74f4ba7763b844d98ffbd,QUALITY_COMPOUNDER_VALUE_V2_FINAL,Quality Compounder Value V2 Final,FROZEN_V2_PROD_1.0,LAOPALA,NSE_EQ|LAOPALA,NSE,EQUITY,CERTIFIED_CLEAN_886,491,2026-10-01T14:32:15.021368+05:30,2026-10-01T14:32:38.025560+05:30,2026-10-01T14:32:38.025560+05:30,2026-10-01T14:32:38.025560+05:30,FULLY_EVALUABLE,REJECTED,False,NONE,False,True,QUALITY_GATE,FAIL_SALES_CAGR
e715b83a3ce74f4ba7763b844d98ffbd,QUALITY_COMPOUNDER_VALUE_V2_FINAL,Quality Compounder Value V2 Final,FROZEN_V2_PROD_1.0,LAURUSLABS,NSE_EQ|LAURUSLABS,NSE,EQUITY,CERTIFIED_CLEAN_886,492,2026-10-01T14:32:15.021368+05:30,2026-10-01T14:32:38.044940+05:30,2026-10-01T14:32:38.044940+05:30,2026-10-01T14:32:38.044940+05:30,FULLY_EVALUABLE,REJECTED,False,NONE,False,True,QUALITY_GATE,FAIL_SALES_CAGR
e715b83a3ce74f4ba7763b844d98ffbd,QUALITY_COMPOUNDER_VALUE_V2_FINAL,Quality Compounder Value V2 Final,FROZEN_V2_PROD_1.0,LAXMIDENTL,NSE_EQ|LAXMIDENTL,NSE,EQUITY,CERTIFIED_CLEAN_886,493,2026-10-01T14:32:15.021368+05:30,2026-10-01T14:32:38.062480+05:30,2026-10-01T14:32:38.062480+05:30,2026-10-01T14:32:38.062480+05:30,FULLY_EVALUABLE,REJECTED,False,NONE,False,True,QUALITY_GATE,FAIL_ROCE
e715b83a3ce74f4ba7763b844d98ffbd,QUALITY_COMPOUNDER_VALUE_V2_FINAL,Quality Compounder Value V2 Final,FROZEN_V2_PROD_1.0,LEMONTREE,NSE_EQ|LEMONTREE,NSE,EQUITY,CERTIFIED_CLEAN_886,494,2026-10-01T14:32:15.021368+05:30,2026-10-01T14:32:38.078842+05:30,2026-10-01T14:32:38.078842+05:30,2026-10-01T14:32:38.078842+05:30,FULLY_EVALUABLE,REJECTED,False,NONE,False,True,QUALITY_GATE,FAIL_ROCE
e715b83a3ce74f4ba7763b844d98ffbd,QUALITY_COMPOUNDER_VALUE_V2_FINAL,Quality Compounder Value V2 Final,FROZEN_V2_PROD_1.0,LGBBROSLTD,NSE_EQ|LGBBROSLTD,NSE,EQUITY,CERTIFIED_CLEAN_886,495,2026-10-01T14:32:15.021368+05:30,2026-10-01T14:32:38.096786+05:30,2026-10-01T14:32:38.096786+05:30,2026-10-01T14:32:38.096786+05:30,FULLY_EVALUABLE,REJECTED,False,NONE,False,True,VALUATION_GATE,FAIL_VALUATION
e715b83a3ce74f4ba7763b844d98ffbd,QUALITY_COMPOUNDER_VALUE_V2_FINAL,Quality Compounder Value V2 Final,FROZEN_V2_PROD_1.0,LGEINDIA,NSE_EQ|LGEINDIA,NSE,EQUITY,CERTIFIED_CLEAN_886,496,2026-10-01T14:32:15.021368+05:30,2026-10-01T14:32:38.112661+05:30,2026-10-01T14:32:38.112661+05:30,2026-10-01T14:32:38.112661+05:30,FULLY_EVALUABLE,REJECTED,False,NONE,False,True,QUALITY_GATE,FAIL_PAT_CAGR
e715b83a3ce74f4ba7763b844d98ffbd,QUALITY_COMPOUNDER_VALUE_V2_FINAL,Quality Compounder Value V2 Final,FROZEN_V2_PROD_1.0,LICHSGFIN,NSE_EQ|LICHSGFIN,NSE,EQUITY,CERTIFIED_CLEAN_886,497,2026-10-01T14:32:15.021368+05:30,2026-10-01T14:32:38.127688+05:30,2026-10-01T14:32:38.127688+05:30,2026-10-01T14:32:38.127688+05:30,FULLY_EVALUABLE,REJECTED,False,NONE,False,True,QUALITY_GATE,METRIC_NOT_APPLICABLE_FINANCIAL
e715b83a3ce74f4ba7763b844d98ffbd,QUALITY_COMPOUNDER_VALUE_V2_FINAL,Quality Compounder Value V2 Final,FROZEN_V2_PROD_1.0,LICI,NSE_EQ|LICI,NSE,EQUITY,CERTIFIED_CLEAN_886,498,2026-10-01T14:32:15.021368+05:30,2026-10-01T14:32:38.141099+05:30,2026-10-01T14:32:38.141099+05:30,2026-10-01T14:32:38.141099+05:30,FULLY_EVALUABLE,REJECTED,False,NONE,False,True,QUALITY_GATE,METRIC_NOT_APPLICABLE_FINANCIAL
e715b83a3ce74f4ba7763b844d98ffbd,QUALITY_COMPOUNDER_VALUE_V2_FINAL,Quality Compounder Value V2 Final,FROZEN_V2_PROD_1.0,LINCOLN,NSE_EQ|LINCOLN,NSE,EQUITY,CERTIFIED_CLEAN_886,499,2026-10-01T14:32:15.021368+05:30,2026-10-01T14:32:38.156794+05:30,2026-10-01T14:32:38.156794+05:30,2026-10-01T14:32:38.156794+05:30,FULLY_EVALUABLE,REJECTED,False,NONE,False,True,QUALITY_GATE,FAIL_SALES_CAGR
e715b83a3ce74f4ba7763b844d98ffbd,QUALITY_COMPOUNDER_VALUE_V2_FINAL,Quality Compounder Value V2 Final,FROZEN_V2_PROD_1.0,LINDEINDIA,NSE_EQ|LINDEINDIA,NSE,EQUITY,CERTIFIED_CLEAN_886,500,2026-10-01T14:32:15.021368+05:30,2026-10-01T14:32:38.167355+05:30,2026-10-01T14:32:38.167355+05:30,2026-10-01T14:32:38.167355+05:30,FULLY_EVALUABLE,REJECTED,False,NONE,False,True,QUALITY_GATE,FAIL_SALES_CAGR
e715b83a3ce74f4ba7763b844d98ffbd,QUALITY_COMPOUNDER_VALUE_V2_FINAL,Quality Compounder Value V2 Final,FROZEN_V2_PROD_1.0,LLOYDSME,NSE_EQ|LLOYDSME,NSE,EQUITY,CERTIFIED_CLEAN_886,501,2026-10-01T14:32:15.021368+05:30,2026-10-01T14:32:38.178296+05:30,2026-10-01T14:32:38.178296+05:30,2026-10-01T14:32:38.178296+05:30,FULLY_EVALUABLE,REJECTED,False,NONE,False,True,QUALITY_GATE,FAIL_PAT_CAGR
e715b83a3ce74f4ba7763b844d98ffbd,QUALITY_COMPOUNDER_VALUE_V2_FINAL,Quality Compounder Value V2 Final,FROZEN_V2_PROD_1.0,LODHA,NSE_EQ|LODHA,NSE,EQUITY,CERTIFIED_CLEAN_886,502,2026-10-01T14:32:15.021368+05:30,2026-10-01T14:32:38.190591+05:30,2026-10-01T14:32:38.190591+05:30,2026-10-01T14:32:38.190591+05:30,FULLY_EVALUABLE,REJECTED,False,NONE,False,True,QUALITY_GATE,FAIL_ROCE
e715b83a3ce74f4ba7763b844d98ffbd,QUALITY_COMPOUNDER_VALUE_V2_FINAL,Quality Compounder Value V2 Final,FROZEN_V2_PROD_1.0,LOTUSDEV,NSE_EQ|LOTUSDEV,NSE,EQUITY,CERTIFIED_CLEAN_886,503,2026-10-01T14:32:15.021368+05:30,2026-10-01T14:32:38.199773+05:30,2026-10-01T14:32:38.199773+05:30,2026-10-01T14:32:38.199773+05:30,FULLY_EVALUABLE,REJECTED,False,NONE,False,True,QUALITY_GATE,FAIL_CFO_PAT
e715b83a3ce74f4ba7763b844d98ffbd,QUALITY_COMPOUNDER_VALUE_V2_FINAL,Quality Compounder Value V2 Final,FROZEN_V2_PROD_1.0,LT,NSE_EQ|LT,NSE,EQUITY,CERTIFIED_CLEAN_886,504,2026-10-01T14:32:15.021368+05:30,2026-10-01T14:32:38.217140+05:30,2026-10-01T14:32:38.217140+05:30,2026-10-01T14:32:38.217140+05:30,FULLY_EVALUABLE,REJECTED,False,NONE,False,True,QUALITY_GATE,FAIL_ROCE
e715b83a3ce74f4ba7763b844d98ffbd,QUALITY_COMPOUNDER_VALUE_V2_FINAL,Quality Compounder Value V2 Final,FROZEN_V2_PROD_1.0,LTF,NSE_EQ|LTF,NSE,EQUITY,CERTIFIED_CLEAN_886,505,2026-10-01T14:32:15.021368+05:30,2026-10-01T14:32:38.229856+05:30,2026-10-01T14:32:38.229856+05:30,2026-10-01T14:32:38.229856+05:30,FULLY_EVALUABLE,REJECTED,False,NONE,False,True,QUALITY_GATE,METRIC_NOT_APPLICABLE_FINANCIAL
e715b83a3ce74f4ba7763b844d98ffbd,QUALITY_COMPOUNDER_VALUE_V2_FINAL,Quality Compounder Value V2 Final,FROZEN_V2_PROD_1.0,LTFOODS,NSE_EQ|LTFOODS,NSE,EQUITY,CERTIFIED_CLEAN_886,506,2026-10-01T14:32:15.021368+05:30,2026-10-01T14:32:38.244269+05:30,2026-10-01T14:32:38.244269+05:30,2026-10-01T14:32:38.244269+05:30,FULLY_EVALUABLE,REJECTED,False,NONE,False,True,VALUATION_GATE,FAIL_VALUATION
e715b83a3ce74f4ba7763b844d98ffbd,QUALITY_COMPOUNDER_VALUE_V2_FINAL,Quality Compounder Value V2 Final,FROZEN_V2_PROD_1.0,LTM,NSE_EQ|LTM,NSE,EQUITY,CERTIFIED_CLEAN_886,507,2026-10-01T14:32:15.021368+05:30,2026-10-01T14:32:38.520651+05:30,2026-10-01T14:32:38.520651+05:30,2026-10-01T14:32:38.520651+05:30,FULLY_EVALUABLE,ALERT_BUY,True,BUY,False,False,NONE,PASS
e715b83a3ce74f4ba7763b844d98ffbd,QUALITY_COMPOUNDER_VALUE_V2_FINAL,Quality Compounder Value V2 Final,FROZEN_V2_PROD_1.0,LTTS,NSE_EQ|LTTS,NSE,EQUITY,CERTIFIED_CLEAN_886,508,2026-10-01T14:32:15.021368+05:30,2026-10-01T14:32:38.788656+05:30,2026-10-01T14:32:38.788656+05:30,2026-10-01T14:32:38.788656+05:30,FULLY_EVALUABLE,ALERT_BUY,True,BUY,False,False,NONE,PASS
e715b83a3ce74f4ba7763b844d98ffbd,QUALITY_COMPOUNDER_VALUE_V2_FINAL,Quality Compounder Value V2 Final,FROZEN_V2_PROD_1.0,LUMAXIND,NSE_EQ|LUMAXIND,NSE,EQUITY,CERTIFIED_CLEAN_886,509,2026-10-01T14:32:15.021368+05:30,2026-10-01T14:32:38.805098+05:30,2026-10-01T14:32:38.805098+05:30,2026-10-01T14:32:38.805098+05:30,FULLY_EVALUABLE,REJECTED,False,NONE,False,True,QUALITY_GATE,FAIL_DEBT
e715b83a3ce74f4ba7763b844d98ffbd,QUALITY_COMPOUNDER_VALUE_V2_FINAL,Quality Compounder Value V2 Final,FROZEN_V2_PROD_1.0,LUMAXTECH,NSE_EQ|LUMAXTECH,NSE,EQUITY,CERTIFIED_CLEAN_886,510,2026-10-01T14:32:15.021368+05:30,2026-10-01T14:32:38.843288+05:30,2026-10-01T14:32:38.843288+05:30,2026-10-01T14:32:38.843288+05:30,FULLY_EVALUABLE,REJECTED,False,NONE,False,True,QUALITY_GATE,FAIL_DEBT
e715b83a3ce74f4ba7763b844d98ffbd,QUALITY_COMPOUNDER_VALUE_V2_FINAL,Quality Compounder Value V2 Final,FROZEN_V2_PROD_1.0,LUPIN,NSE_EQ|LUPIN,NSE,EQUITY,CERTIFIED_CLEAN_886,511,2026-10-01T14:32:15.021368+05:30,2026-10-01T14:32:38.862628+05:30,2026-10-01T14:32:38.862628+05:30,2026-10-01T14:32:38.862628+05:30,FULLY_EVALUABLE,REJECTED,False,NONE,False,True,QUALITY_GATE,FAIL_ROCE
e715b83a3ce74f4ba7763b844d98ffbd,QUALITY_COMPOUNDER_VALUE_V2_FINAL,Quality Compounder Value V2 Final,FROZEN_V2_PROD_1.0,M&M,NSE_EQ|M&M,NSE,EQUITY,CERTIFIED_CLEAN_886,512,2026-10-01T14:32:15.021368+05:30,2026-10-01T14:32:38.878888+05:30,2026-10-01T14:32:38.878888+05:30,2026-10-01T14:32:38.878888+05:30,FULLY_EVALUABLE,REJECTED,False,NONE,False,True,QUALITY_GATE,FAIL_ROCE
e715b83a3ce74f4ba7763b844d98ffbd,QUALITY_COMPOUNDER_VALUE_V2_FINAL,Quality Compounder Value V2 Final,FROZEN_V2_PROD_1.0,M&MFIN,NSE_EQ|M&MFIN,NSE,EQUITY,CERTIFIED_CLEAN_886,513,2026-10-01T14:32:15.021368+05:30,2026-10-01T14:32:38.901477+05:30,2026-10-01T14:32:38.901477+05:30,2026-10-01T14:32:38.901477+05:30,FULLY_EVALUABLE,REJECTED,False,NONE,False,True,QUALITY_GATE,METRIC_NOT_APPLICABLE_FINANCIAL
e715b83a3ce74f4ba7763b844d98ffbd,QUALITY_COMPOUNDER_VALUE_V2_FINAL,Quality Compounder Value V2 Final,FROZEN_V2_PROD_1.0,MAHLIFE,NSE_EQ|MAHLIFE,NSE,EQUITY,CERTIFIED_CLEAN_886,514,2026-10-01T14:32:15.021368+05:30,2026-10-01T14:32:38.921695+05:30,2026-10-01T14:32:38.921695+05:30,2026-10-01T14:32:38.921695+05:30,FULLY_EVALUABLE,REJECTED,False,NONE,False,True,QUALITY_GATE,FAIL_ROCE
e715b83a3ce74f4ba7763b844d98ffbd,QUALITY_COMPOUNDER_VALUE_V2_FINAL,Quality Compounder Value V2 Final,FROZEN_V2_PROD_1.0,MAHSEAMLES,NSE_EQ|MAHSEAMLES,NSE,EQUITY,CERTIFIED_CLEAN_886,515,2026-10-01T14:32:15.021368+05:30,2026-10-01T14:32:38.940739+05:30,2026-10-01T14:32:38.940739+05:30,2026-10-01T14:32:38.940739+05:30,FULLY_EVALUABLE,REJECTED,False,NONE,False,True,VALUATION_GATE,FAIL_VALUATION
e715b83a3ce74f4ba7763b844d98ffbd,QUALITY_COMPOUNDER_VALUE_V2_FINAL,Quality Compounder Value V2 Final,FROZEN_V2_PROD_1.0,MAITHANALL,NSE_EQ|MAITHANALL,NSE,EQUITY,CERTIFIED_CLEAN_886,516,2026-10-01T14:32:15.021368+05:30,2026-10-01T14:32:38.957778+05:30,2026-10-01T14:32:38.957778+05:30,2026-10-01T14:32:38.957778+05:30,FULLY_EVALUABLE,REJECTED,False,NONE,False,True,QUALITY_GATE,FAIL_SALES_CAGR
e715b83a3ce74f4ba7763b844d98ffbd,QUALITY_COMPOUNDER_VALUE_V2_FINAL,Quality Compounder Value V2 Final,FROZEN_V2_PROD_1.0,MANAKCOAT,NSE_EQ|MANAKCOAT,NSE,EQUITY,CERTIFIED_CLEAN_886,517,2026-10-01T14:32:15.021368+05:30,2026-10-01T14:32:38.970206+05:30,2026-10-01T14:32:38.970206+05:30,2026-10-01T14:32:38.970206+05:30,FULLY_EVALUABLE,REJECTED,False,NONE,False,True,QUALITY_GATE,FAIL_ROCE
e715b83a3ce74f4ba7763b844d98ffbd,QUALITY_COMPOUNDER_VALUE_V2_FINAL,Quality Compounder Value V2 Final,FROZEN_V2_PROD_1.0,MANGLMCEM,NSE_EQ|MANGLMCEM,NSE,EQUITY,CERTIFIED_CLEAN_886,518,2026-10-01T14:32:15.021368+05:30,2026-10-01T14:32:38.983383+05:30,2026-10-01T14:32:38.983383+05:30,2026-10-01T14:32:38.983383+05:30,FULLY_EVALUABLE,REJECTED,False,NONE,False,True,QUALITY_GATE,FAIL_ROCE
e715b83a3ce74f4ba7763b844d98ffbd,QUALITY_COMPOUNDER_VALUE_V2_FINAL,Quality Compounder Value V2 Final,FROZEN_V2_PROD_1.0,MANINDS,NSE_EQ|MANINDS,NSE,EQUITY,CERTIFIED_CLEAN_886,519,2026-10-01T14:32:15.021368+05:30,2026-10-01T14:32:38.998253+05:30,2026-10-01T14:32:38.998253+05:30,2026-10-01T14:32:38.998253+05:30,FULLY_EVALUABLE,REJECTED,False,NONE,False,True,QUALITY_GATE,FAIL_ROCE
e715b83a3ce74f4ba7763b844d98ffbd,QUALITY_COMPOUNDER_VALUE_V2_FINAL,Quality Compounder Value V2 Final,FROZEN_V2_PROD_1.0,MANINFRA,NSE_EQ|MANINFRA,NSE,EQUITY,CERTIFIED_CLEAN_886,520,2026-10-01T14:32:15.021368+05:30,2026-10-01T14:32:39.012189+05:30,2026-10-01T14:32:39.012189+05:30,2026-10-01T14:32:39.012189+05:30,FULLY_EVALUABLE,REJECTED,False,NONE,False,True,QUALITY_GATE,FAIL_SALES_CAGR
e715b83a3ce74f4ba7763b844d98ffbd,QUALITY_COMPOUNDER_VALUE_V2_FINAL,Quality Compounder Value V2 Final,FROZEN_V2_PROD_1.0,MANKIND,NSE_EQ|MANKIND,NSE,EQUITY,CERTIFIED_CLEAN_886,521,2026-10-01T14:32:15.021368+05:30,2026-10-01T14:32:39.026061+05:30,2026-10-01T14:32:39.026061+05:30,2026-10-01T14:32:39.026061+05:30,FULLY_EVALUABLE,REJECTED,False,NONE,False,True,QUALITY_GATE,FAIL_PAT_CAGR
e715b83a3ce74f4ba7763b844d98ffbd,QUALITY_COMPOUNDER_VALUE_V2_FINAL,Quality Compounder Value V2 Final,FROZEN_V2_PROD_1.0,MANORAMA,NSE_EQ|MANORAMA,NSE,EQUITY,CERTIFIED_CLEAN_886,522,2026-10-01T14:32:15.021368+05:30,2026-10-01T14:32:39.036634+05:30,2026-10-01T14:32:39.036634+05:30,2026-10-01T14:32:39.036634+05:30,FULLY_EVALUABLE,REJECTED,False,NONE,False,True,QUALITY_GATE,FAIL_CFO_PAT
e715b83a3ce74f4ba7763b844d98ffbd,QUALITY_COMPOUNDER_VALUE_V2_FINAL,Quality Compounder Value V2 Final,FROZEN_V2_PROD_1.0,MANYAVAR,NSE_EQ|MANYAVAR,NSE,EQUITY,CERTIFIED_CLEAN_886,523,2026-10-01T14:32:15.021368+05:30,2026-10-01T14:32:39.278066+05:30,2026-10-01T14:32:39.278066+05:30,2026-10-01T14:32:39.278066+05:30,FULLY_EVALUABLE,ALERT_BUY,True,BUY,False,False,NONE,PASS
e715b83a3ce74f4ba7763b844d98ffbd,QUALITY_COMPOUNDER_VALUE_V2_FINAL,Quality Compounder Value V2 Final,FROZEN_V2_PROD_1.0,MAPMYINDIA,NSE_EQ|MAPMYINDIA,NSE,EQUITY,CERTIFIED_CLEAN_886,524,2026-10-01T14:32:15.021368+05:30,2026-10-01T14:32:39.310531+05:30,2026-10-01T14:32:39.310531+05:30,2026-10-01T14:32:39.310531+05:30,FULLY_EVALUABLE,REJECTED,False,NONE,False,True,QUALITY_GATE,FAIL_CFO_PAT
e715b83a3ce74f4ba7763b844d98ffbd,QUALITY_COMPOUNDER_VALUE_V2_FINAL,Quality Compounder Value V2 Final,FROZEN_V2_PROD_1.0,MARATHON,NSE_EQ|MARATHON,NSE,EQUITY,CERTIFIED_CLEAN_886,525,2026-10-01T14:32:15.021368+05:30,2026-10-01T14:32:39.325108+05:30,2026-10-01T14:32:39.325108+05:30,2026-10-01T14:32:39.325108+05:30,FULLY_EVALUABLE,REJECTED,False,NONE,False,True,QUALITY_GATE,FAIL_ROCE
e715b83a3ce74f4ba7763b844d98ffbd,QUALITY_COMPOUNDER_VALUE_V2_FINAL,Quality Compounder Value V2 Final,FROZEN_V2_PROD_1.0,MARICO,NSE_EQ|MARICO,NSE,EQUITY,CERTIFIED_CLEAN_886,526,2026-10-01T14:32:15.021368+05:30,2026-10-01T14:32:39.335875+05:30,2026-10-01T14:32:39.335875+05:30,2026-10-01T14:32:39.335875+05:30,FULLY_EVALUABLE,REJECTED,False,NONE,False,True,QUALITY_GATE,FAIL_PAT_CAGR
e715b83a3ce74f4ba7763b844d98ffbd,QUALITY_COMPOUNDER_VALUE_V2_FINAL,Quality Compounder Value V2 Final,FROZEN_V2_PROD_1.0,MARKSANS,NSE_EQ|MARKSANS,NSE,EQUITY,CERTIFIED_CLEAN_886,527,2026-10-01T14:32:15.021368+05:30,2026-10-01T14:32:39.352059+05:30,2026-10-01T14:32:39.352059+05:30,2026-10-01T14:32:39.352059+05:30,FULLY_EVALUABLE,REJECTED,False,NONE,False,True,QUALITY_GATE,FAIL_CFO_PAT
e715b83a3ce74f4ba7763b844d98ffbd,QUALITY_COMPOUNDER_VALUE_V2_FINAL,Quality Compounder Value V2 Final,FROZEN_V2_PROD_1.0,MARSONS,NSE_EQ|MARSONS,NSE,EQUITY,CERTIFIED_CLEAN_886,528,2026-10-01T14:32:15.021368+05:30,2026-10-01T14:32:39.362784+05:30,2026-10-01T14:32:39.362784+05:30,2026-10-01T14:32:39.362784+05:30,FULLY_EVALUABLE,REJECTED,False,NONE,False,True,QUALITY_GATE,FAIL_ROCE
e715b83a3ce74f4ba7763b844d98ffbd,QUALITY_COMPOUNDER_VALUE_V2_FINAL,Quality Compounder Value V2 Final,FROZEN_V2_PROD_1.0,MARUTI,NSE_EQ|MARUTI,NSE,EQUITY,CERTIFIED_CLEAN_886,529,2026-10-01T14:32:15.021368+05:30,2026-10-01T14:32:39.377979+05:30,2026-10-01T14:32:39.377979+05:30,2026-10-01T14:32:39.377979+05:30,FULLY_EVALUABLE,REJECTED,False,NONE,False,True,VALUATION_GATE,FAIL_VALUATION
e715b83a3ce74f4ba7763b844d98ffbd,QUALITY_COMPOUNDER_VALUE_V2_FINAL,Quality Compounder Value V2 Final,FROZEN_V2_PROD_1.0,MASFIN,NSE_EQ|MASFIN,NSE,EQUITY,CERTIFIED_CLEAN_886,530,2026-10-01T14:32:15.021368+05:30,2026-10-01T14:32:39.392278+05:30,2026-10-01T14:32:39.392278+05:30,2026-10-01T14:32:39.392278+05:30,FULLY_EVALUABLE,REJECTED,False,NONE,False,True,QUALITY_GATE,METRIC_NOT_APPLICABLE_FINANCIAL
e715b83a3ce74f4ba7763b844d98ffbd,QUALITY_COMPOUNDER_VALUE_V2_FINAL,Quality Compounder Value V2 Final,FROZEN_V2_PROD_1.0,MASTEK,NSE_EQ|MASTEK,NSE,EQUITY,CERTIFIED_CLEAN_886,531,2026-10-01T14:32:15.021368+05:30,2026-10-01T14:32:39.404831+05:30,2026-10-01T14:32:39.404831+05:30,2026-10-01T14:32:39.404831+05:30,FULLY_EVALUABLE,REJECTED,False,NONE,False,True,QUALITY_GATE,FAIL_PAT_CAGR
e715b83a3ce74f4ba7763b844d98ffbd,QUALITY_COMPOUNDER_VALUE_V2_FINAL,Quality Compounder Value V2 Final,FROZEN_V2_PROD_1.0,MAXHEALTH,NSE_EQ|MAXHEALTH,NSE,EQUITY,CERTIFIED_CLEAN_886,532,2026-10-01T14:32:15.021368+05:30,2026-10-01T14:32:39.415690+05:30,2026-10-01T14:32:39.415690+05:30,2026-10-01T14:32:39.415690+05:30,FULLY_EVALUABLE,REJECTED,False,NONE,False,True,QUALITY_GATE,FAIL_ROCE
e715b83a3ce74f4ba7763b844d98ffbd,QUALITY_COMPOUNDER_VALUE_V2_FINAL,Quality Compounder Value V2 Final,FROZEN_V2_PROD_1.0,MAYURUNIQ,NSE_EQ|MAYURUNIQ,NSE,EQUITY,CERTIFIED_CLEAN_886,533,2026-10-01T14:32:15.021368+05:30,2026-10-01T14:32:39.429255+05:30,2026-10-01T14:32:39.429255+05:30,2026-10-01T14:32:39.429255+05:30,FULLY_EVALUABLE,REJECTED,False,NONE,False,True,VALUATION_GATE,FAIL_VALUATION
e715b83a3ce74f4ba7763b844d98ffbd,QUALITY_COMPOUNDER_VALUE_V2_FINAL,Quality Compounder Value V2 Final,FROZEN_V2_PROD_1.0,MBAPL,NSE_EQ|MBAPL,NSE,EQUITY,CERTIFIED_CLEAN_886,534,2026-10-01T14:32:15.021368+05:30,2026-10-01T14:32:39.440885+05:30,2026-10-01T14:32:39.440885+05:30,2026-10-01T14:32:39.440885+05:30,FULLY_EVALUABLE,REJECTED,False,NONE,False,True,QUALITY_GATE,FAIL_CFO_PAT
e715b83a3ce74f4ba7763b844d98ffbd,QUALITY_COMPOUNDER_VALUE_V2_FINAL,Quality Compounder Value V2 Final,FROZEN_V2_PROD_1.0,MCX,NSE_EQ|MCX,NSE,EQUITY,CERTIFIED_CLEAN_886,535,2026-10-01T14:32:15.021368+05:30,2026-10-01T14:32:39.450288+05:30,2026-10-01T14:32:39.450288+05:30,2026-10-01T14:32:39.450288+05:30,FULLY_EVALUABLE,REJECTED,False,NONE,False,True,QUALITY_GATE,METRIC_NOT_APPLICABLE_FINANCIAL
e715b83a3ce74f4ba7763b844d98ffbd,QUALITY_COMPOUNDER_VALUE_V2_FINAL,Quality Compounder Value V2 Final,FROZEN_V2_PROD_1.0,MEDIASSIST,NSE_EQ|MEDIASSIST,NSE,EQUITY,CERTIFIED_CLEAN_886,536,2026-10-01T14:32:15.021368+05:30,2026-10-01T14:32:39.641458+05:30,2026-10-01T14:32:39.641458+05:30,2026-10-01T14:32:39.641458+05:30,FULLY_EVALUABLE,ALERT_BUY,True,BUY,False,False,NONE,PASS
e715b83a3ce74f4ba7763b844d98ffbd,QUALITY_COMPOUNDER_VALUE_V2_FINAL,Quality Compounder Value V2 Final,FROZEN_V2_PROD_1.0,METROBRAND,NSE_EQ|METROBRAND,NSE,EQUITY,CERTIFIED_CLEAN_886,537,2026-10-01T14:32:15.021368+05:30,2026-10-01T14:32:39.652490+05:30,2026-10-01T14:32:39.652490+05:30,2026-10-01T14:32:39.652490+05:30,FULLY_EVALUABLE,REJECTED,False,NONE,False,True,QUALITY_GATE,FAIL_DEBT
e715b83a3ce74f4ba7763b844d98ffbd,QUALITY_COMPOUNDER_VALUE_V2_FINAL,Quality Compounder Value V2 Final,FROZEN_V2_PROD_1.0,METROPOLIS,NSE_EQ|METROPOLIS,NSE,EQUITY,CERTIFIED_CLEAN_886,538,2026-10-01T14:32:15.021368+05:30,2026-10-01T14:32:39.663499+05:30,2026-10-01T14:32:39.663499+05:30,2026-10-01T14:32:39.663499+05:30,FULLY_EVALUABLE,REJECTED,False,NONE,False,True,QUALITY_GATE,FAIL_PAT_CAGR
e715b83a3ce74f4ba7763b844d98ffbd,QUALITY_COMPOUNDER_VALUE_V2_FINAL,Quality Compounder Value V2 Final,FROZEN_V2_PROD_1.0,MGL,NSE_EQ|MGL,NSE,EQUITY,CERTIFIED_CLEAN_886,539,2026-10-01T14:32:15.021368+05:30,2026-10-01T14:32:39.675010+05:30,2026-10-01T14:32:39.675010+05:30,2026-10-01T14:32:39.675010+05:30,FULLY_EVALUABLE,REJECTED,False,NONE,False,True,QUALITY_GATE,FAIL_SALES_CAGR
e715b83a3ce74f4ba7763b844d98ffbd,QUALITY_COMPOUNDER_VALUE_V2_FINAL,Quality Compounder Value V2 Final,FROZEN_V2_PROD_1.0,MHRIL,NSE_EQ|MHRIL,NSE,EQUITY,CERTIFIED_CLEAN_886,540,2026-10-01T14:32:15.021368+05:30,2026-10-01T14:32:39.686731+05:30,2026-10-01T14:32:39.686731+05:30,2026-10-01T14:32:39.686731+05:30,FULLY_EVALUABLE,REJECTED,False,NONE,False,True,QUALITY_GATE,FAIL_ROCE
e715b83a3ce74f4ba7763b844d98ffbd,QUALITY_COMPOUNDER_VALUE_V2_FINAL,Quality Compounder Value V2 Final,FROZEN_V2_PROD_1.0,MIDHANI,NSE_EQ|MIDHANI,NSE,EQUITY,CERTIFIED_CLEAN_886,541,2026-10-01T14:32:15.021368+05:30,2026-10-01T14:32:39.698560+05:30,2026-10-01T14:32:39.698560+05:30,2026-10-01T14:32:39.698560+05:30,FULLY_EVALUABLE,REJECTED,False,NONE,False,True,QUALITY_GATE,FAIL_ROCE
e715b83a3ce74f4ba7763b844d98ffbd,QUALITY_COMPOUNDER_VALUE_V2_FINAL,Quality Compounder Value V2 Final,FROZEN_V2_PROD_1.0,MIDWESTLTD,NSE_EQ|MIDWESTLTD,NSE,EQUITY,CERTIFIED_CLEAN_886,542,2026-10-01T14:32:15.021368+05:30,2026-10-01T14:32:39.709742+05:30,2026-10-01T14:32:39.709742+05:30,2026-10-01T14:32:39.709742+05:30,FULLY_EVALUABLE,REJECTED,False,NONE,False,True,VALUATION_GATE,FAIL_VALUATION
e715b83a3ce74f4ba7763b844d98ffbd,QUALITY_COMPOUNDER_VALUE_V2_FINAL,Quality Compounder Value V2 Final,FROZEN_V2_PROD_1.0,MINDACORP,NSE_EQ|MINDACORP,NSE,EQUITY,CERTIFIED_CLEAN_886,543,2026-10-01T14:32:15.021368+05:30,2026-10-01T14:32:39.723912+05:30,2026-10-01T14:32:39.723912+05:30,2026-10-01T14:32:39.723912+05:30,FULLY_EVALUABLE,REJECTED,False,NONE,False,True,QUALITY_GATE,FAIL_ROCE
e715b83a3ce74f4ba7763b844d98ffbd,QUALITY_COMPOUNDER_VALUE_V2_FINAL,Quality Compounder Value V2 Final,FROZEN_V2_PROD_1.0,MMFL,NSE_EQ|MMFL,NSE,EQUITY,CERTIFIED_CLEAN_886,544,2026-10-01T14:32:15.021368+05:30,2026-10-01T14:32:39.739625+05:30,2026-10-01T14:32:39.739625+05:30,2026-10-01T14:32:39.739625+05:30,FULLY_EVALUABLE,REJECTED,False,NONE,False,True,QUALITY_GATE,FAIL_ROCE
e715b83a3ce74f4ba7763b844d98ffbd,QUALITY_COMPOUNDER_VALUE_V2_FINAL,Quality Compounder Value V2 Final,FROZEN_V2_PROD_1.0,MOIL,NSE_EQ|MOIL,NSE,EQUITY,CERTIFIED_CLEAN_886,545,2026-10-01T14:32:15.021368+05:30,2026-10-01T14:32:39.754296+05:30,2026-10-01T14:32:39.754296+05:30,2026-10-01T14:32:39.754296+05:30,FULLY_EVALUABLE,REJECTED,False,NONE,False,True,QUALITY_GATE,FAIL_ROCE
e715b83a3ce74f4ba7763b844d98ffbd,QUALITY_COMPOUNDER_VALUE_V2_FINAL,Quality Compounder Value V2 Final,FROZEN_V2_PROD_1.0,MOLDTKPAC,NSE_EQ|MOLDTKPAC,NSE,EQUITY,CERTIFIED_CLEAN_886,546,2026-10-01T14:32:15.021368+05:30,2026-10-01T14:32:39.767769+05:30,2026-10-01T14:32:39.767769+05:30,2026-10-01T14:32:39.767769+05:30,FULLY_EVALUABLE,REJECTED,False,NONE,False,True,QUALITY_GATE,FAIL_CFO_PAT
e715b83a3ce74f4ba7763b844d98ffbd,QUALITY_COMPOUNDER_VALUE_V2_FINAL,Quality Compounder Value V2 Final,FROZEN_V2_PROD_1.0,MONARCH,NSE_EQ|MONARCH,NSE,EQUITY,CERTIFIED_CLEAN_886,547,2026-10-01T14:32:15.021368+05:30,2026-10-01T14:32:39.780666+05:30,2026-10-01T14:32:39.780666+05:30,2026-10-01T14:32:39.780666+05:30,FULLY_EVALUABLE,REJECTED,False,NONE,False,True,QUALITY_GATE,FAIL_CFO_PAT
e715b83a3ce74f4ba7763b844d98ffbd,QUALITY_COMPOUNDER_VALUE_V2_FINAL,Quality Compounder Value V2 Final,FROZEN_V2_PROD_1.0,MONOLITH,NSE_EQ|MONOLITH,NSE,EQUITY,CERTIFIED_CLEAN_886,548,2026-10-01T14:32:15.021368+05:30,2026-10-01T14:32:39.845072+05:30,2026-10-01T14:32:39.845072+05:30,2026-10-01T14:32:39.845072+05:30,FULLY_EVALUABLE,REJECTED,False,NONE,False,True,QUALITY_GATE,FAIL_CFO_PAT
e715b83a3ce74f4ba7763b844d98ffbd,QUALITY_COMPOUNDER_VALUE_V2_FINAL,Quality Compounder Value V2 Final,FROZEN_V2_PROD_1.0,MONTECARLO,NSE_EQ|MONTECARLO,NSE,EQUITY,CERTIFIED_CLEAN_886,549,2026-10-01T14:32:15.021368+05:30,2026-10-01T14:32:39.918207+05:30,2026-10-01T14:32:39.918207+05:30,2026-10-01T14:32:39.918207+05:30,FULLY_EVALUABLE,REJECTED,False,NONE,False,True,QUALITY_GATE,FAIL_CFO_PAT
e715b83a3ce74f4ba7763b844d98ffbd,QUALITY_COMPOUNDER_VALUE_V2_FINAL,Quality Compounder Value V2 Final,FROZEN_V2_PROD_1.0,MOSCHIP,NSE_EQ|MOSCHIP,NSE,EQUITY,CERTIFIED_CLEAN_886,550,2026-10-01T14:32:15.021368+05:30,2026-10-01T14:32:39.934761+05:30,2026-10-01T14:32:39.934761+05:30,2026-10-01T14:32:39.934761+05:30,FULLY_EVALUABLE,REJECTED,False,NONE,False,True,QUALITY_GATE,FAIL_ROCE
e715b83a3ce74f4ba7763b844d98ffbd,QUALITY_COMPOUNDER_VALUE_V2_FINAL,Quality Compounder Value V2 Final,FROZEN_V2_PROD_1.0,MOTHERSON,NSE_EQ|MOTHERSON,NSE,EQUITY,CERTIFIED_CLEAN_886,551,2026-10-01T14:32:15.021368+05:30,2026-10-01T14:32:39.948946+05:30,2026-10-01T14:32:39.948946+05:30,2026-10-01T14:32:39.948946+05:30,FULLY_EVALUABLE,REJECTED,False,NONE,False,True,QUALITY_GATE,FAIL_ROCE
e715b83a3ce74f4ba7763b844d98ffbd,QUALITY_COMPOUNDER_VALUE_V2_FINAL,Quality Compounder Value V2 Final,FROZEN_V2_PROD_1.0,MOTILALOFS,NSE_EQ|MOTILALOFS,NSE,EQUITY,CERTIFIED_CLEAN_886,552,2026-10-01T14:32:15.021368+05:30,2026-10-01T14:32:39.967460+05:30,2026-10-01T14:32:39.967460+05:30,2026-10-01T14:32:39.967460+05:30,FULLY_EVALUABLE,REJECTED,False,NONE,False,True,QUALITY_GATE,METRIC_NOT_APPLICABLE_FINANCIAL
e715b83a3ce74f4ba7763b844d98ffbd,QUALITY_COMPOUNDER_VALUE_V2_FINAL,Quality Compounder Value V2 Final,FROZEN_V2_PROD_1.0,MPHASIS,NSE_EQ|MPHASIS,NSE,EQUITY,CERTIFIED_CLEAN_886,553,2026-10-01T14:32:15.021368+05:30,2026-10-01T14:32:39.983731+05:30,2026-10-01T14:32:39.983731+05:30,2026-10-01T14:32:39.983731+05:30,FULLY_EVALUABLE,REJECTED,False,NONE,False,True,QUALITY_GATE,FAIL_PAT_CAGR
e715b83a3ce74f4ba7763b844d98ffbd,QUALITY_COMPOUNDER_VALUE_V2_FINAL,Quality Compounder Value V2 Final,FROZEN_V2_PROD_1.0,MPSLTD,NSE_EQ|MPSLTD,NSE,EQUITY,CERTIFIED_CLEAN_886,554,2026-10-01T14:32:15.021368+05:30,2026-10-01T14:32:39.997627+05:30,2026-10-01T14:32:39.997627+05:30,2026-10-01T14:32:39.997627+05:30,FULLY_EVALUABLE,REJECTED,False,NONE,False,True,VALUATION_GATE,FAIL_VALUATION
e715b83a3ce74f4ba7763b844d98ffbd,QUALITY_COMPOUNDER_VALUE_V2_FINAL,Quality Compounder Value V2 Final,FROZEN_V2_PROD_1.0,MRF,NSE_EQ|MRF,NSE,EQUITY,CERTIFIED_CLEAN_886,555,2026-10-01T14:32:15.021368+05:30,2026-10-01T14:32:40.011446+05:30,2026-10-01T14:32:40.011446+05:30,2026-10-01T14:32:40.011446+05:30,FULLY_EVALUABLE,REJECTED,False,NONE,False,True,QUALITY_GATE,FAIL_ROCE
e715b83a3ce74f4ba7763b844d98ffbd,QUALITY_COMPOUNDER_VALUE_V2_FINAL,Quality Compounder Value V2 Final,FROZEN_V2_PROD_1.0,MRPL,NSE_EQ|MRPL,NSE,EQUITY,CERTIFIED_CLEAN_886,556,2026-10-01T14:32:15.021368+05:30,2026-10-01T14:32:40.023632+05:30,2026-10-01T14:32:40.023632+05:30,2026-10-01T14:32:40.023632+05:30,FULLY_EVALUABLE,REJECTED,False,NONE,False,True,QUALITY_GATE,FAIL_PAT_CAGR
e715b83a3ce74f4ba7763b844d98ffbd,QUALITY_COMPOUNDER_VALUE_V2_FINAL,Quality Compounder Value V2 Final,FROZEN_V2_PROD_1.0,MSTCLTD,NSE_EQ|MSTCLTD,NSE,EQUITY,CERTIFIED_CLEAN_886,557,2026-10-01T14:32:15.021368+05:30,2026-10-01T14:32:40.036679+05:30,2026-10-01T14:32:40.036679+05:30,2026-10-01T14:32:40.036679+05:30,FULLY_EVALUABLE,REJECTED,False,NONE,False,True,QUALITY_GATE,FAIL_SALES_CAGR
e715b83a3ce74f4ba7763b844d98ffbd,QUALITY_COMPOUNDER_VALUE_V2_FINAL,Quality Compounder Value V2 Final,FROZEN_V2_PROD_1.0,MTARTECH,NSE_EQ|MTARTECH,NSE,EQUITY,CERTIFIED_CLEAN_886,558,2026-10-01T14:32:15.021368+05:30,2026-10-01T14:32:40.056307+05:30,2026-10-01T14:32:40.056307+05:30,2026-10-01T14:32:40.056307+05:30,FULLY_EVALUABLE,REJECTED,False,NONE,False,True,QUALITY_GATE,FAIL_ROCE
e715b83a3ce74f4ba7763b844d98ffbd,QUALITY_COMPOUNDER_VALUE_V2_FINAL,Quality Compounder Value V2 Final,FROZEN_V2_PROD_1.0,MUKANDLTD,NSE_EQ|MUKANDLTD,NSE,EQUITY,CERTIFIED_CLEAN_886,559,2026-10-01T14:32:15.021368+05:30,2026-10-01T14:32:40.068537+05:30,2026-10-01T14:32:40.068537+05:30,2026-10-01T14:32:40.068537+05:30,FULLY_EVALUABLE,REJECTED,False,NONE,False,True,QUALITY_GATE,FAIL_ROCE
e715b83a3ce74f4ba7763b844d98ffbd,QUALITY_COMPOUNDER_VALUE_V2_FINAL,Quality Compounder Value V2 Final,FROZEN_V2_PROD_1.0,MUTHOOTFIN,NSE_EQ|MUTHOOTFIN,NSE,EQUITY,CERTIFIED_CLEAN_886,560,2026-10-01T14:32:15.021368+05:30,2026-10-01T14:32:40.088492+05:30,2026-10-01T14:32:40.088492+05:30,2026-10-01T14:32:40.088492+05:30,FULLY_EVALUABLE,REJECTED,False,NONE,False,True,QUALITY_GATE,METRIC_NOT_APPLICABLE_FINANCIAL
e715b83a3ce74f4ba7763b844d98ffbd,QUALITY_COMPOUNDER_VALUE_V2_FINAL,Quality Compounder Value V2 Final,FROZEN_V2_PROD_1.0,MWL,NSE_EQ|MWL,NSE,EQUITY,CERTIFIED_CLEAN_886,561,2026-10-01T14:32:15.021368+05:30,2026-10-01T14:32:40.098301+05:30,2026-10-01T14:32:40.098301+05:30,2026-10-01T14:32:40.098301+05:30,FULLY_EVALUABLE,REJECTED,False,NONE,False,True,QUALITY_GATE,FAIL_ROCE
e715b83a3ce74f4ba7763b844d98ffbd,QUALITY_COMPOUNDER_VALUE_V2_FINAL,Quality Compounder Value V2 Final,FROZEN_V2_PROD_1.0,NATCOPHARM,NSE_EQ|NATCOPHARM,NSE,EQUITY,CERTIFIED_CLEAN_886,562,2026-10-01T14:32:15.021368+05:30,2026-10-01T14:32:40.113171+05:30,2026-10-01T14:32:40.113171+05:30,2026-10-01T14:32:40.113171+05:30,FULLY_EVALUABLE,REJECTED,False,NONE,False,True,VALUATION_GATE,FAIL_VALUATION
e715b83a3ce74f4ba7763b844d98ffbd,QUALITY_COMPOUNDER_VALUE_V2_FINAL,Quality Compounder Value V2 Final,FROZEN_V2_PROD_1.0,NATIONALUM,NSE_EQ|NATIONALUM,NSE,EQUITY,CERTIFIED_CLEAN_886,563,2026-10-01T14:32:15.021368+05:30,2026-10-01T14:32:40.127848+05:30,2026-10-01T14:32:40.127848+05:30,2026-10-01T14:32:40.127848+05:30,FULLY_EVALUABLE,REJECTED,False,NONE,False,True,VALUATION_GATE,FAIL_VALUATION
e715b83a3ce74f4ba7763b844d98ffbd,QUALITY_COMPOUNDER_VALUE_V2_FINAL,Quality Compounder Value V2 Final,FROZEN_V2_PROD_1.0,NAVA,NSE_EQ|NAVA,NSE,EQUITY,CERTIFIED_CLEAN_886,564,2026-10-01T14:32:15.021368+05:30,2026-10-01T14:32:40.141406+05:30,2026-10-01T14:32:40.141406+05:30,2026-10-01T14:32:40.141406+05:30,FULLY_EVALUABLE,REJECTED,False,NONE,False,True,VALUATION_GATE,FAIL_VALUATION
e715b83a3ce74f4ba7763b844d98ffbd,QUALITY_COMPOUNDER_VALUE_V2_FINAL,Quality Compounder Value V2 Final,FROZEN_V2_PROD_1.0,NAVINFLUOR,NSE_EQ|NAVINFLUOR,NSE,EQUITY,CERTIFIED_CLEAN_886,565,2026-10-01T14:32:15.021368+05:30,2026-10-01T14:32:40.152260+05:30,2026-10-01T14:32:40.152260+05:30,2026-10-01T14:32:40.152260+05:30,FULLY_EVALUABLE,REJECTED,False,NONE,False,True,VALUATION_GATE,FAIL_VALUATION
e715b83a3ce74f4ba7763b844d98ffbd,QUALITY_COMPOUNDER_VALUE_V2_FINAL,Quality Compounder Value V2 Final,FROZEN_V2_PROD_1.0,NAVNETEDUL,NSE_EQ|NAVNETEDUL,NSE,EQUITY,CERTIFIED_CLEAN_886,566,2026-10-01T14:32:15.021368+05:30,2026-10-01T14:32:40.164788+05:30,2026-10-01T14:32:40.164788+05:30,2026-10-01T14:32:40.164788+05:30,FULLY_EVALUABLE,REJECTED,False,NONE,False,True,QUALITY_GATE,FAIL_ROCE
e715b83a3ce74f4ba7763b844d98ffbd,QUALITY_COMPOUNDER_VALUE_V2_FINAL,Quality Compounder Value V2 Final,FROZEN_V2_PROD_1.0,NBCC,NSE_EQ|NBCC,NSE,EQUITY,CERTIFIED_CLEAN_886,567,2026-10-01T14:32:15.021368+05:30,2026-10-01T14:32:40.179079+05:30,2026-10-01T14:32:40.179079+05:30,2026-10-01T14:32:40.179079+05:30,FULLY_EVALUABLE,REJECTED,False,NONE,False,True,QUALITY_GATE,FAIL_CFO_PAT
e715b83a3ce74f4ba7763b844d98ffbd,QUALITY_COMPOUNDER_VALUE_V2_FINAL,Quality Compounder Value V2 Final,FROZEN_V2_PROD_1.0,NCC,NSE_EQ|NCC,NSE,EQUITY,CERTIFIED_CLEAN_886,568,2026-10-01T14:32:15.021368+05:30,2026-10-01T14:32:40.197298+05:30,2026-10-01T14:32:40.197298+05:30,2026-10-01T14:32:40.197298+05:30,FULLY_EVALUABLE,REJECTED,False,NONE,False,True,VALUATION_GATE,FAIL_VALUATION
e715b83a3ce74f4ba7763b844d98ffbd,QUALITY_COMPOUNDER_VALUE_V2_FINAL,Quality Compounder Value V2 Final,FROZEN_V2_PROD_1.0,NDRAUTO,NSE_EQ|NDRAUTO,NSE,EQUITY,CERTIFIED_CLEAN_886,569,2026-10-01T14:32:15.021368+05:30,2026-10-01T14:32:40.394021+05:30,2026-10-01T14:32:40.394021+05:30,2026-10-01T14:32:40.394021+05:30,FULLY_EVALUABLE,ALERT_BUY,True,BUY,False,False,NONE,PASS
e715b83a3ce74f4ba7763b844d98ffbd,QUALITY_COMPOUNDER_VALUE_V2_FINAL,Quality Compounder Value V2 Final,FROZEN_V2_PROD_1.0,NELCAST,NSE_EQ|NELCAST,NSE,EQUITY,CERTIFIED_CLEAN_886,570,2026-10-01T14:32:15.021368+05:30,2026-10-01T14:32:40.406770+05:30,2026-10-01T14:32:40.406770+05:30,2026-10-01T14:32:40.406770+05:30,FULLY_EVALUABLE,REJECTED,False,NONE,False,True,QUALITY_GATE,FAIL_ROCE
e715b83a3ce74f4ba7763b844d98ffbd,QUALITY_COMPOUNDER_VALUE_V2_FINAL,Quality Compounder Value V2 Final,FROZEN_V2_PROD_1.0,NESCO,NSE_EQ|NESCO,NSE,EQUITY,CERTIFIED_CLEAN_886,571,2026-10-01T14:32:15.021368+05:30,2026-10-01T14:32:40.421084+05:30,2026-10-01T14:32:40.421084+05:30,2026-10-01T14:32:40.421084+05:30,FULLY_EVALUABLE,REJECTED,False,NONE,False,True,VALUATION_GATE,FAIL_VALUATION
e715b83a3ce74f4ba7763b844d98ffbd,QUALITY_COMPOUNDER_VALUE_V2_FINAL,Quality Compounder Value V2 Final,FROZEN_V2_PROD_1.0,NESTLEIND,NSE_EQ|NESTLEIND,NSE,EQUITY,CERTIFIED_CLEAN_886,572,2026-10-01T14:32:15.021368+05:30,2026-10-01T14:32:40.434333+05:30,2026-10-01T14:32:40.434333+05:30,2026-10-01T14:32:40.434333+05:30,FULLY_EVALUABLE,REJECTED,False,NONE,False,True,QUALITY_GATE,FAIL_SALES_CAGR
e715b83a3ce74f4ba7763b844d98ffbd,QUALITY_COMPOUNDER_VALUE_V2_FINAL,Quality Compounder Value V2 Final,FROZEN_V2_PROD_1.0,NETWEB,NSE_EQ|NETWEB,NSE,EQUITY,CERTIFIED_CLEAN_886,573,2026-10-01T14:32:15.021368+05:30,2026-10-01T14:32:40.448075+05:30,2026-10-01T14:32:40.448075+05:30,2026-10-01T14:32:40.448075+05:30,FULLY_EVALUABLE,REJECTED,False,NONE,False,True,VALUATION_GATE,FAIL_VALUATION
e715b83a3ce74f4ba7763b844d98ffbd,QUALITY_COMPOUNDER_VALUE_V2_FINAL,Quality Compounder Value V2 Final,FROZEN_V2_PROD_1.0,NEULANDLAB,NSE_EQ|NEULANDLAB,NSE,EQUITY,CERTIFIED_CLEAN_886,574,2026-10-01T14:32:15.021368+05:30,2026-10-01T14:32:40.465492+05:30,2026-10-01T14:32:40.465492+05:30,2026-10-01T14:32:40.465492+05:30,FULLY_EVALUABLE,REJECTED,False,NONE,False,True,VALUATION_GATE,FAIL_VALUATION
e715b83a3ce74f4ba7763b844d98ffbd,QUALITY_COMPOUNDER_VALUE_V2_FINAL,Quality Compounder Value V2 Final,FROZEN_V2_PROD_1.0,NEWGEN,NSE_EQ|NEWGEN,NSE,EQUITY,CERTIFIED_CLEAN_886,575,2026-10-01T14:32:15.021368+05:30,2026-10-01T14:32:40.765437+05:30,2026-10-01T14:32:40.765437+05:30,2026-10-01T14:32:40.765437+05:30,FULLY_EVALUABLE,ALERT_BUY,True,BUY,False,False,NONE,PASS
e715b83a3ce74f4ba7763b844d98ffbd,QUALITY_COMPOUNDER_VALUE_V2_FINAL,Quality Compounder Value V2 Final,FROZEN_V2_PROD_1.0,NGLFINE,NSE_EQ|NGLFINE,NSE,EQUITY,CERTIFIED_CLEAN_886,576,2026-10-01T14:32:15.021368+05:30,2026-10-01T14:32:40.787644+05:30,2026-10-01T14:32:40.787644+05:30,2026-10-01T14:32:40.787644+05:30,FULLY_EVALUABLE,REJECTED,False,NONE,False,True,QUALITY_GATE,FAIL_PAT_CAGR
e715b83a3ce74f4ba7763b844d98ffbd,QUALITY_COMPOUNDER_VALUE_V2_FINAL,Quality Compounder Value V2 Final,FROZEN_V2_PROD_1.0,NH,NSE_EQ|NH,NSE,EQUITY,CERTIFIED_CLEAN_886,577,2026-10-01T14:32:15.021368+05:30,2026-10-01T14:32:40.803068+05:30,2026-10-01T14:32:40.803068+05:30,2026-10-01T14:32:40.803068+05:30,FULLY_EVALUABLE,REJECTED,False,NONE,False,True,QUALITY_GATE,FAIL_PAT_CAGR
e715b83a3ce74f4ba7763b844d98ffbd,QUALITY_COMPOUNDER_VALUE_V2_FINAL,Quality Compounder Value V2 Final,FROZEN_V2_PROD_1.0,NIITMTS,NSE_EQ|NIITMTS,NSE,EQUITY,CERTIFIED_CLEAN_886,578,2026-10-01T14:32:15.021368+05:30,2026-10-01T14:32:40.822534+05:30,2026-10-01T14:32:40.822534+05:30,2026-10-01T14:32:40.822534+05:30,FULLY_EVALUABLE,REJECTED,False,NONE,False,True,QUALITY_GATE,FAIL_PAT_CAGR
e715b83a3ce74f4ba7763b844d98ffbd,QUALITY_COMPOUNDER_VALUE_V2_FINAL,Quality Compounder Value V2 Final,FROZEN_V2_PROD_1.0,NINSYS,NSE_EQ|NINSYS,NSE,EQUITY,CERTIFIED_CLEAN_886,579,2026-10-01T14:32:15.021368+05:30,2026-10-01T14:32:40.836684+05:30,2026-10-01T14:32:40.836684+05:30,2026-10-01T14:32:40.836684+05:30,FULLY_EVALUABLE,REJECTED,False,NONE,False,True,QUALITY_GATE,FAIL_LIQUIDITY
e715b83a3ce74f4ba7763b844d98ffbd,QUALITY_COMPOUNDER_VALUE_V2_FINAL,Quality Compounder Value V2 Final,FROZEN_V2_PROD_1.0,NIRLON,NSE_EQ|NIRLON,NSE,EQUITY,CERTIFIED_CLEAN_886,580,2026-10-01T14:32:15.021368+05:30,2026-10-01T14:32:40.850335+05:30,2026-10-01T14:32:40.850335+05:30,2026-10-01T14:32:40.850335+05:30,FULLY_EVALUABLE,REJECTED,False,NONE,False,True,QUALITY_GATE,FAIL_LIQUIDITY
e715b83a3ce74f4ba7763b844d98ffbd,QUALITY_COMPOUNDER_VALUE_V2_FINAL,Quality Compounder Value V2 Final,FROZEN_V2_PROD_1.0,NITINSPIN,NSE_EQ|NITINSPIN,NSE,EQUITY,CERTIFIED_CLEAN_886,581,2026-10-01T14:32:15.021368+05:30,2026-10-01T14:32:40.865467+05:30,2026-10-01T14:32:40.865467+05:30,2026-10-01T14:32:40.865467+05:30,FULLY_EVALUABLE,REJECTED,False,NONE,False,True,QUALITY_GATE,FAIL_DEBT
e715b83a3ce74f4ba7763b844d98ffbd,QUALITY_COMPOUNDER_VALUE_V2_FINAL,Quality Compounder Value V2 Final,FROZEN_V2_PROD_1.0,NITTAGELA,NSE_EQ|NITTAGELA,NSE,EQUITY,CERTIFIED_CLEAN_886,582,2026-10-01T14:32:15.021368+05:30,2026-10-01T14:32:40.877566+05:30,2026-10-01T14:32:40.877566+05:30,2026-10-01T14:32:40.877566+05:30,FULLY_EVALUABLE,REJECTED,False,NONE,False,True,QUALITY_GATE,FAIL_SALES_CAGR
e715b83a3ce74f4ba7763b844d98ffbd,QUALITY_COMPOUNDER_VALUE_V2_FINAL,Quality Compounder Value V2 Final,FROZEN_V2_PROD_1.0,NLCINDIA,NSE_EQ|NLCINDIA,NSE,EQUITY,CERTIFIED_CLEAN_886,583,2026-10-01T14:32:15.021368+05:30,2026-10-01T14:32:40.894283+05:30,2026-10-01T14:32:40.894283+05:30,2026-10-01T14:32:40.894283+05:30,FULLY_EVALUABLE,REJECTED,False,NONE,False,True,QUALITY_GATE,FAIL_ROCE
e715b83a3ce74f4ba7763b844d98ffbd,QUALITY_COMPOUNDER_VALUE_V2_FINAL,Quality Compounder Value V2 Final,FROZEN_V2_PROD_1.0,NORTHARC,NSE_EQ|NORTHARC,NSE,EQUITY,CERTIFIED_CLEAN_886,584,2026-10-01T14:32:15.021368+05:30,2026-10-01T14:32:40.912564+05:30,2026-10-01T14:32:40.912564+05:30,2026-10-01T14:32:40.912564+05:30,FULLY_EVALUABLE,REJECTED,False,NONE,False,True,QUALITY_GATE,METRIC_NOT_APPLICABLE_FINANCIAL
e715b83a3ce74f4ba7763b844d98ffbd,QUALITY_COMPOUNDER_VALUE_V2_FINAL,Quality Compounder Value V2 Final,FROZEN_V2_PROD_1.0,NOVARTIND,NSE_EQ|NOVARTIND,NSE,EQUITY,CERTIFIED_CLEAN_886,585,2026-10-01T14:32:15.021368+05:30,2026-10-01T14:32:40.926223+05:30,2026-10-01T14:32:40.926223+05:30,2026-10-01T14:32:40.926223+05:30,FULLY_EVALUABLE,REJECTED,False,NONE,False,True,QUALITY_GATE,FAIL_ROCE
e715b83a3ce74f4ba7763b844d98ffbd,QUALITY_COMPOUNDER_VALUE_V2_FINAL,Quality Compounder Value V2 Final,FROZEN_V2_PROD_1.0,NPST,NSE_EQ|NPST,NSE,EQUITY,CERTIFIED_CLEAN_886,586,2026-10-01T14:32:15.021368+05:30,2026-10-01T14:32:40.937843+05:30,2026-10-01T14:32:40.937843+05:30,2026-10-01T14:32:40.937843+05:30,FULLY_EVALUABLE,REJECTED,False,NONE,False,True,QUALITY_GATE,FAIL_CFO_PAT
e715b83a3ce74f4ba7763b844d98ffbd,QUALITY_COMPOUNDER_VALUE_V2_FINAL,Quality Compounder Value V2 Final,FROZEN_V2_PROD_1.0,NRBBEARING,NSE_EQ|NRBBEARING,NSE,EQUITY,CERTIFIED_CLEAN_886,587,2026-10-01T14:32:15.021368+05:30,2026-10-01T14:32:40.949739+05:30,2026-10-01T14:32:40.949739+05:30,2026-10-01T14:32:40.949739+05:30,FULLY_EVALUABLE,REJECTED,False,NONE,False,True,VALUATION_GATE,FAIL_VALUATION
e715b83a3ce74f4ba7763b844d98ffbd,QUALITY_COMPOUNDER_VALUE_V2_FINAL,Quality Compounder Value V2 Final,FROZEN_V2_PROD_1.0,NTPC,NSE_EQ|NTPC,NSE,EQUITY,CERTIFIED_CLEAN_886,588,2026-10-01T14:32:15.021368+05:30,2026-10-01T14:32:40.963074+05:30,2026-10-01T14:32:40.963074+05:30,2026-10-01T14:32:40.963074+05:30,FULLY_EVALUABLE,REJECTED,False,NONE,False,True,QUALITY_GATE,FAIL_ROCE
e715b83a3ce74f4ba7763b844d98ffbd,QUALITY_COMPOUNDER_VALUE_V2_FINAL,Quality Compounder Value V2 Final,FROZEN_V2_PROD_1.0,NUCLEUS,NSE_EQ|NUCLEUS,NSE,EQUITY,CERTIFIED_CLEAN_886,589,2026-10-01T14:32:15.021368+05:30,2026-10-01T14:32:40.974917+05:30,2026-10-01T14:32:40.974917+05:30,2026-10-01T14:32:40.974917+05:30,FULLY_EVALUABLE,REJECTED,False,NONE,False,True,QUALITY_GATE,FAIL_PAT_CAGR
e715b83a3ce74f4ba7763b844d98ffbd,QUALITY_COMPOUNDER_VALUE_V2_FINAL,Quality Compounder Value V2 Final,FROZEN_V2_PROD_1.0,NUVAMA,NSE_EQ|NUVAMA,NSE,EQUITY,CERTIFIED_CLEAN_886,590,2026-10-01T14:32:15.021368+05:30,2026-10-01T14:32:40.984619+05:30,2026-10-01T14:32:40.984619+05:30,2026-10-01T14:32:40.984619+05:30,FULLY_EVALUABLE,REJECTED,False,NONE,False,True,QUALITY_GATE,METRIC_NOT_APPLICABLE_FINANCIAL
e715b83a3ce74f4ba7763b844d98ffbd,QUALITY_COMPOUNDER_VALUE_V2_FINAL,Quality Compounder Value V2 Final,FROZEN_V2_PROD_1.0,NYKAA,NSE_EQ|NYKAA,NSE,EQUITY,CERTIFIED_CLEAN_886,591,2026-10-01T14:32:15.021368+05:30,2026-10-01T14:32:40.997916+05:30,2026-10-01T14:32:40.997916+05:30,2026-10-01T14:32:40.997916+05:30,FULLY_EVALUABLE,REJECTED,False,NONE,False,True,QUALITY_GATE,FAIL_ROCE
e715b83a3ce74f4ba7763b844d98ffbd,QUALITY_COMPOUNDER_VALUE_V2_FINAL,Quality Compounder Value V2 Final,FROZEN_V2_PROD_1.0,OBEROIRLTY,NSE_EQ|OBEROIRLTY,NSE,EQUITY,CERTIFIED_CLEAN_886,592,2026-10-01T14:32:15.021368+05:30,2026-10-01T14:32:41.009596+05:30,2026-10-01T14:32:41.009596+05:30,2026-10-01T14:32:41.009596+05:30,FULLY_EVALUABLE,REJECTED,False,NONE,False,True,QUALITY_GATE,FAIL_CFO_PAT
e715b83a3ce74f4ba7763b844d98ffbd,QUALITY_COMPOUNDER_VALUE_V2_FINAL,Quality Compounder Value V2 Final,FROZEN_V2_PROD_1.0,OBSCP,NSE_EQ|OBSCP,NSE,EQUITY,CERTIFIED_CLEAN_886,593,2026-10-01T14:32:15.021368+05:30,2026-10-01T14:32:41.019529+05:30,2026-10-01T14:32:41.019529+05:30,2026-10-01T14:32:41.019529+05:30,FULLY_EVALUABLE,REJECTED,False,NONE,False,True,QUALITY_GATE,FAIL_CFO_PAT
e715b83a3ce74f4ba7763b844d98ffbd,QUALITY_COMPOUNDER_VALUE_V2_FINAL,Quality Compounder Value V2 Final,FROZEN_V2_PROD_1.0,OFSS,NSE_EQ|OFSS,NSE,EQUITY,CERTIFIED_CLEAN_886,594,2026-10-01T14:32:15.021368+05:30,2026-10-01T14:32:41.033874+05:30,2026-10-01T14:32:41.033874+05:30,2026-10-01T14:32:41.033874+05:30,FULLY_EVALUABLE,REJECTED,False,NONE,False,True,QUALITY_GATE,FAIL_SALES_CAGR
e715b83a3ce74f4ba7763b844d98ffbd,QUALITY_COMPOUNDER_VALUE_V2_FINAL,Quality Compounder Value V2 Final,FROZEN_V2_PROD_1.0,OIL,NSE_EQ|OIL,NSE,EQUITY,CERTIFIED_CLEAN_886,595,2026-10-01T14:32:15.021368+05:30,2026-10-01T14:32:41.053023+05:30,2026-10-01T14:32:41.053023+05:30,2026-10-01T14:32:41.053023+05:30,FULLY_EVALUABLE,REJECTED,False,NONE,False,True,QUALITY_GATE,FAIL_DEBT
e715b83a3ce74f4ba7763b844d98ffbd,QUALITY_COMPOUNDER_VALUE_V2_FINAL,Quality Compounder Value V2 Final,FROZEN_V2_PROD_1.0,OLECTRA,NSE_EQ|OLECTRA,NSE,EQUITY,CERTIFIED_CLEAN_886,596,2026-10-01T14:32:15.021368+05:30,2026-10-01T14:32:41.463133+05:30,2026-10-01T14:32:41.463133+05:30,2026-10-01T14:32:41.463133+05:30,FULLY_EVALUABLE,ALERT_BUY,True,BUY,False,False,NONE,PASS
e715b83a3ce74f4ba7763b844d98ffbd,QUALITY_COMPOUNDER_VALUE_V2_FINAL,Quality Compounder Value V2 Final,FROZEN_V2_PROD_1.0,ONGC,NSE_EQ|ONGC,NSE,EQUITY,CERTIFIED_CLEAN_886,597,2026-10-01T14:32:15.021368+05:30,2026-10-01T14:32:41.473204+05:30,2026-10-01T14:32:41.473204+05:30,2026-10-01T14:32:41.473204+05:30,FULLY_EVALUABLE,REJECTED,False,NONE,False,True,QUALITY_GATE,FAIL_ROCE
e715b83a3ce74f4ba7763b844d98ffbd,QUALITY_COMPOUNDER_VALUE_V2_FINAL,Quality Compounder Value V2 Final,FROZEN_V2_PROD_1.0,OPTIEMUS,NSE_EQ|OPTIEMUS,NSE,EQUITY,CERTIFIED_CLEAN_886,598,2026-10-01T14:32:15.021368+05:30,2026-10-01T14:32:41.483366+05:30,2026-10-01T14:32:41.483366+05:30,2026-10-01T14:32:41.483366+05:30,FULLY_EVALUABLE,REJECTED,False,NONE,False,True,QUALITY_GATE,FAIL_ROCE
e715b83a3ce74f4ba7763b844d98ffbd,QUALITY_COMPOUNDER_VALUE_V2_FINAL,Quality Compounder Value V2 Final,FROZEN_V2_PROD_1.0,ORIANA,NSE_EQ|ORIANA,NSE,EQUITY,CERTIFIED_CLEAN_886,599,2026-10-01T14:32:15.021368+05:30,2026-10-01T14:32:41.494588+05:30,2026-10-01T14:32:41.494588+05:30,2026-10-01T14:32:41.494588+05:30,FULLY_EVALUABLE,REJECTED,False,NONE,False,True,QUALITY_GATE,FAIL_DEBT
e715b83a3ce74f4ba7763b844d98ffbd,QUALITY_COMPOUNDER_VALUE_V2_FINAL,Quality Compounder Value V2 Final,FROZEN_V2_PROD_1.0,ORIENTCEM,NSE_EQ|ORIENTCEM,NSE,EQUITY,CERTIFIED_CLEAN_886,600,2026-10-01T14:32:15.021368+05:30,2026-10-01T14:32:41.507125+05:30,2026-10-01T14:32:41.507125+05:30,2026-10-01T14:32:41.507125+05:30,FULLY_EVALUABLE,REJECTED,False,NONE,False,True,QUALITY_GATE,FAIL_SALES_CAGR
e715b83a3ce74f4ba7763b844d98ffbd,QUALITY_COMPOUNDER_VALUE_V2_FINAL,Quality Compounder Value V2 Final,FROZEN_V2_PROD_1.0,ORIENTELEC,NSE_EQ|ORIENTELEC,NSE,EQUITY,CERTIFIED_CLEAN_886,601,2026-10-01T14:32:15.021368+05:30,2026-10-01T14:32:41.515914+05:30,2026-10-01T14:32:41.515914+05:30,2026-10-01T14:32:41.515914+05:30,FULLY_EVALUABLE,REJECTED,False,NONE,False,True,QUALITY_GATE,FAIL_PAT_CAGR
e715b83a3ce74f4ba7763b844d98ffbd,QUALITY_COMPOUNDER_VALUE_V2_FINAL,Quality Compounder Value V2 Final,FROZEN_V2_PROD_1.0,ORIENTHOT,NSE_EQ|ORIENTHOT,NSE,EQUITY,CERTIFIED_CLEAN_886,602,2026-10-01T14:32:15.021368+05:30,2026-10-01T14:32:41.526905+05:30,2026-10-01T14:32:41.526905+05:30,2026-10-01T14:32:41.526905+05:30,FULLY_EVALUABLE,REJECTED,False,NONE,False,True,QUALITY_GATE,FAIL_ROCE
e715b83a3ce74f4ba7763b844d98ffbd,QUALITY_COMPOUNDER_VALUE_V2_FINAL,Quality Compounder Value V2 Final,FROZEN_V2_PROD_1.0,ORKLAINDIA,NSE_EQ|ORKLAINDIA,NSE,EQUITY,CERTIFIED_CLEAN_886,603,2026-10-01T14:32:15.021368+05:30,2026-10-01T14:32:41.535887+05:30,2026-10-01T14:32:41.535887+05:30,2026-10-01T14:32:41.535887+05:30,FULLY_EVALUABLE,REJECTED,False,NONE,False,True,QUALITY_GATE,FAIL_ROCE
e715b83a3ce74f4ba7763b844d98ffbd,QUALITY_COMPOUNDER_VALUE_V2_FINAL,Quality Compounder Value V2 Final,FROZEN_V2_PROD_1.0,OSWALPUMPS,NSE_EQ|OSWALPUMPS,NSE,EQUITY,CERTIFIED_CLEAN_886,604,2026-10-01T14:32:15.021368+05:30,2026-10-01T14:32:41.574096+05:30,2026-10-01T14:32:41.574096+05:30,2026-10-01T14:32:41.574096+05:30,FULLY_EVALUABLE,REJECTED,False,NONE,False,True,QUALITY_GATE,FAIL_CFO_PAT
e715b83a3ce74f4ba7763b844d98ffbd,QUALITY_COMPOUNDER_VALUE_V2_FINAL,Quality Compounder Value V2 Final,FROZEN_V2_PROD_1.0,PACEDIGITK,NSE_EQ|PACEDIGITK,NSE,EQUITY,CERTIFIED_CLEAN_886,605,2026-10-01T14:32:15.021368+05:30,2026-10-01T14:32:41.587319+05:30,2026-10-01T14:32:41.587319+05:30,2026-10-01T14:32:41.587319+05:30,FULLY_EVALUABLE,REJECTED,False,NONE,False,True,QUALITY_GATE,FAIL_CFO_PAT
e715b83a3ce74f4ba7763b844d98ffbd,QUALITY_COMPOUNDER_VALUE_V2_FINAL,Quality Compounder Value V2 Final,FROZEN_V2_PROD_1.0,PAGEIND,NSE_EQ|PAGEIND,NSE,EQUITY,CERTIFIED_CLEAN_886,606,2026-10-01T14:32:15.021368+05:30,2026-10-01T14:32:41.890358+05:30,2026-10-01T14:32:41.890358+05:30,2026-10-01T14:32:41.890358+05:30,FULLY_EVALUABLE,ALERT_BUY,True,BUY,False,False,NONE,PASS
e715b83a3ce74f4ba7763b844d98ffbd,QUALITY_COMPOUNDER_VALUE_V2_FINAL,Quality Compounder Value V2 Final,FROZEN_V2_PROD_1.0,PANAMAPET,NSE_EQ|PANAMAPET,NSE,EQUITY,CERTIFIED_CLEAN_886,607,2026-10-01T14:32:15.021368+05:30,2026-10-01T14:32:41.902509+05:30,2026-10-01T14:32:41.902509+05:30,2026-10-01T14:32:41.902509+05:30,FULLY_EVALUABLE,REJECTED,False,NONE,False,True,QUALITY_GATE,FAIL_PAT_CAGR
e715b83a3ce74f4ba7763b844d98ffbd,QUALITY_COMPOUNDER_VALUE_V2_FINAL,Quality Compounder Value V2 Final,FROZEN_V2_PROD_1.0,PARADEEP,NSE_EQ|PARADEEP,NSE,EQUITY,CERTIFIED_CLEAN_886,608,2026-10-01T14:32:15.021368+05:30,2026-10-01T14:32:41.914484+05:30,2026-10-01T14:32:41.914484+05:30,2026-10-01T14:32:41.914484+05:30,FULLY_EVALUABLE,REJECTED,False,NONE,False,True,QUALITY_GATE,FAIL_ROCE
e715b83a3ce74f4ba7763b844d98ffbd,QUALITY_COMPOUNDER_VALUE_V2_FINAL,Quality Compounder Value V2 Final,FROZEN_V2_PROD_1.0,PARAGMILK,NSE_EQ|PARAGMILK,NSE,EQUITY,CERTIFIED_CLEAN_886,609,2026-10-01T14:32:15.021368+05:30,2026-10-01T14:32:41.929408+05:30,2026-10-01T14:32:41.929408+05:30,2026-10-01T14:32:41.929408+05:30,FULLY_EVALUABLE,REJECTED,False,NONE,False,True,QUALITY_GATE,FAIL_ROCE
e715b83a3ce74f4ba7763b844d98ffbd,QUALITY_COMPOUNDER_VALUE_V2_FINAL,Quality Compounder Value V2 Final,FROZEN_V2_PROD_1.0,PARAS,NSE_EQ|PARAS,NSE,EQUITY,CERTIFIED_CLEAN_886,610,2026-10-01T14:32:15.021368+05:30,2026-10-01T14:32:41.949733+05:30,2026-10-01T14:32:41.949733+05:30,2026-10-01T14:32:41.949733+05:30,FULLY_EVALUABLE,REJECTED,False,NONE,False,True,QUALITY_GATE,FAIL_ROCE
e715b83a3ce74f4ba7763b844d98ffbd,QUALITY_COMPOUNDER_VALUE_V2_FINAL,Quality Compounder Value V2 Final,FROZEN_V2_PROD_1.0,PATANJALI,NSE_EQ|PATANJALI,NSE,EQUITY,CERTIFIED_CLEAN_886,611,2026-10-01T14:32:15.021368+05:30,2026-10-01T14:32:41.967179+05:30,2026-10-01T14:32:41.967179+05:30,2026-10-01T14:32:41.967179+05:30,FULLY_EVALUABLE,REJECTED,False,NONE,False,True,QUALITY_GATE,FAIL_ROCE
e715b83a3ce74f4ba7763b844d98ffbd,QUALITY_COMPOUNDER_VALUE_V2_FINAL,Quality Compounder Value V2 Final,FROZEN_V2_PROD_1.0,PAUSHAKLTD,NSE_EQ|PAUSHAKLTD,NSE,EQUITY,CERTIFIED_CLEAN_886,612,2026-10-01T14:32:15.021368+05:30,2026-10-01T14:32:41.981564+05:30,2026-10-01T14:32:41.981564+05:30,2026-10-01T14:32:41.981564+05:30,FULLY_EVALUABLE,REJECTED,False,NONE,False,True,QUALITY_GATE,FAIL_ROCE
e715b83a3ce74f4ba7763b844d98ffbd,QUALITY_COMPOUNDER_VALUE_V2_FINAL,Quality Compounder Value V2 Final,FROZEN_V2_PROD_1.0,PENIND,NSE_EQ|PENIND,NSE,EQUITY,CERTIFIED_CLEAN_886,613,2026-10-01T14:32:15.021368+05:30,2026-10-01T14:32:41.999003+05:30,2026-10-01T14:32:41.999003+05:30,2026-10-01T14:32:41.999003+05:30,FULLY_EVALUABLE,REJECTED,False,NONE,False,True,QUALITY_GATE,FAIL_ROCE
e715b83a3ce74f4ba7763b844d98ffbd,QUALITY_COMPOUNDER_VALUE_V2_FINAL,Quality Compounder Value V2 Final,FROZEN_V2_PROD_1.0,PERSISTENT,NSE_EQ|PERSISTENT,NSE,EQUITY,CERTIFIED_CLEAN_886,614,2026-10-01T14:32:15.021368+05:30,2026-10-01T14:32:42.015437+05:30,2026-10-01T14:32:42.015437+05:30,2026-10-01T14:32:42.015437+05:30,FULLY_EVALUABLE,REJECTED,False,NONE,False,True,VALUATION_GATE,FAIL_VALUATION
e715b83a3ce74f4ba7763b844d98ffbd,QUALITY_COMPOUNDER_VALUE_V2_FINAL,Quality Compounder Value V2 Final,FROZEN_V2_PROD_1.0,PETRONET,NSE_EQ|PETRONET,NSE,EQUITY,CERTIFIED_CLEAN_886,615,2026-10-01T14:32:15.021368+05:30,2026-10-01T14:32:42.044162+05:30,2026-10-01T14:32:42.044162+05:30,2026-10-01T14:32:42.044162+05:30,FULLY_EVALUABLE,REJECTED,False,NONE,False,True,QUALITY_GATE,FAIL_PAT_CAGR
e715b83a3ce74f4ba7763b844d98ffbd,QUALITY_COMPOUNDER_VALUE_V2_FINAL,Quality Compounder Value V2 Final,FROZEN_V2_PROD_1.0,PFC,NSE_EQ|PFC,NSE,EQUITY,CERTIFIED_CLEAN_886,616,2026-10-01T14:32:15.021368+05:30,2026-10-01T14:32:42.061190+05:30,2026-10-01T14:32:42.061190+05:30,2026-10-01T14:32:42.061190+05:30,FULLY_EVALUABLE,REJECTED,False,NONE,False,True,QUALITY_GATE,METRIC_NOT_APPLICABLE_FINANCIAL
e715b83a3ce74f4ba7763b844d98ffbd,QUALITY_COMPOUNDER_VALUE_V2_FINAL,Quality Compounder Value V2 Final,FROZEN_V2_PROD_1.0,PFIZER,NSE_EQ|PFIZER,NSE,EQUITY,CERTIFIED_CLEAN_886,617,2026-10-01T14:32:15.021368+05:30,2026-10-01T14:32:42.075817+05:30,2026-10-01T14:32:42.075817+05:30,2026-10-01T14:32:42.075817+05:30,FULLY_EVALUABLE,REJECTED,False,NONE,False,True,QUALITY_GATE,FAIL_SALES_CAGR
e715b83a3ce74f4ba7763b844d98ffbd,QUALITY_COMPOUNDER_VALUE_V2_FINAL,Quality Compounder Value V2 Final,FROZEN_V2_PROD_1.0,PFOCUS,NSE_EQ|PFOCUS,NSE,EQUITY,CERTIFIED_CLEAN_886,618,2026-10-01T14:32:15.021368+05:30,2026-10-01T14:32:42.089143+05:30,2026-10-01T14:32:42.089143+05:30,2026-10-01T14:32:42.089143+05:30,FULLY_EVALUABLE,REJECTED,False,NONE,False,True,QUALITY_GATE,FAIL_ROCE
e715b83a3ce74f4ba7763b844d98ffbd,QUALITY_COMPOUNDER_VALUE_V2_FINAL,Quality Compounder Value V2 Final,FROZEN_V2_PROD_1.0,PGHH,NSE_EQ|PGHH,NSE,EQUITY,CERTIFIED_CLEAN_886,619,2026-10-01T14:32:15.021368+05:30,2026-10-01T14:32:42.101210+05:30,2026-10-01T14:32:42.101210+05:30,2026-10-01T14:32:42.101210+05:30,FULLY_EVALUABLE,REJECTED,False,NONE,False,True,QUALITY_GATE,FAIL_SALES_CAGR
e715b83a3ce74f4ba7763b844d98ffbd,QUALITY_COMPOUNDER_VALUE_V2_FINAL,Quality Compounder Value V2 Final,FROZEN_V2_PROD_1.0,PGHL,NSE_EQ|PGHL,NSE,EQUITY,CERTIFIED_CLEAN_886,620,2026-10-01T14:32:15.021368+05:30,2026-10-01T14:32:42.112272+05:30,2026-10-01T14:32:42.112272+05:30,2026-10-01T14:32:42.112272+05:30,FULLY_EVALUABLE,REJECTED,False,NONE,False,True,QUALITY_GATE,FAIL_SALES_CAGR
e715b83a3ce74f4ba7763b844d98ffbd,QUALITY_COMPOUNDER_VALUE_V2_FINAL,Quality Compounder Value V2 Final,FROZEN_V2_PROD_1.0,PGIL,NSE_EQ|PGIL,NSE,EQUITY,CERTIFIED_CLEAN_886,621,2026-10-01T14:32:15.021368+05:30,2026-10-01T14:32:42.123517+05:30,2026-10-01T14:32:42.123517+05:30,2026-10-01T14:32:42.123517+05:30,FULLY_EVALUABLE,REJECTED,False,NONE,False,True,QUALITY_GATE,FAIL_DEBT
e715b83a3ce74f4ba7763b844d98ffbd,QUALITY_COMPOUNDER_VALUE_V2_FINAL,Quality Compounder Value V2 Final,FROZEN_V2_PROD_1.0,PHOENIXLTD,NSE_EQ|PHOENIXLTD,NSE,EQUITY,CERTIFIED_CLEAN_886,622,2026-10-01T14:32:15.021368+05:30,2026-10-01T14:32:42.137835+05:30,2026-10-01T14:32:42.137835+05:30,2026-10-01T14:32:42.137835+05:30,FULLY_EVALUABLE,REJECTED,False,NONE,False,True,QUALITY_GATE,FAIL_ROCE
e715b83a3ce74f4ba7763b844d98ffbd,QUALITY_COMPOUNDER_VALUE_V2_FINAL,Quality Compounder Value V2 Final,FROZEN_V2_PROD_1.0,PICCADIL,NSE_EQ|PICCADIL,NSE,EQUITY,CERTIFIED_CLEAN_886,623,2026-10-01T14:32:15.021368+05:30,2026-10-01T14:32:42.148110+05:30,2026-10-01T14:32:42.148110+05:30,2026-10-01T14:32:42.148110+05:30,FULLY_EVALUABLE,REJECTED,False,NONE,False,True,QUALITY_GATE,FAIL_CFO_PAT
e715b83a3ce74f4ba7763b844d98ffbd,QUALITY_COMPOUNDER_VALUE_V2_FINAL,Quality Compounder Value V2 Final,FROZEN_V2_PROD_1.0,PIDILITIND,NSE_EQ|PIDILITIND,NSE,EQUITY,CERTIFIED_CLEAN_886,624,2026-10-01T14:32:15.021368+05:30,2026-10-01T14:32:42.160380+05:30,2026-10-01T14:32:42.160380+05:30,2026-10-01T14:32:42.160380+05:30,FULLY_EVALUABLE,REJECTED,False,NONE,False,True,VALUATION_GATE,FAIL_VALUATION
e715b83a3ce74f4ba7763b844d98ffbd,QUALITY_COMPOUNDER_VALUE_V2_FINAL,Quality Compounder Value V2 Final,FROZEN_V2_PROD_1.0,PIIND,NSE_EQ|PIIND,NSE,EQUITY,CERTIFIED_CLEAN_886,625,2026-10-01T14:32:15.021368+05:30,2026-10-01T14:32:42.174487+05:30,2026-10-01T14:32:42.174487+05:30,2026-10-01T14:32:42.174487+05:30,FULLY_EVALUABLE,REJECTED,False,NONE,False,True,QUALITY_GATE,FAIL_SALES_CAGR
e715b83a3ce74f4ba7763b844d98ffbd,QUALITY_COMPOUNDER_VALUE_V2_FINAL,Quality Compounder Value V2 Final,FROZEN_V2_PROD_1.0,PITTIENG,NSE_EQ|PITTIENG,NSE,EQUITY,CERTIFIED_CLEAN_886,626,2026-10-01T14:32:15.021368+05:30,2026-10-01T14:32:42.187891+05:30,2026-10-01T14:32:42.187891+05:30,2026-10-01T14:32:42.187891+05:30,FULLY_EVALUABLE,REJECTED,False,NONE,False,True,QUALITY_GATE,FAIL_DEBT
e715b83a3ce74f4ba7763b844d98ffbd,QUALITY_COMPOUNDER_VALUE_V2_FINAL,Quality Compounder Value V2 Final,FROZEN_V2_PROD_1.0,PIXTRANS,NSE_EQ|PIXTRANS,NSE,EQUITY,CERTIFIED_CLEAN_886,627,2026-10-01T14:32:15.021368+05:30,2026-10-01T14:32:42.215085+05:30,2026-10-01T14:32:42.215085+05:30,2026-10-01T14:32:42.215085+05:30,FULLY_EVALUABLE,REJECTED,False,NONE,False,True,QUALITY_GATE,FAIL_SALES_CAGR
e715b83a3ce74f4ba7763b844d98ffbd,QUALITY_COMPOUNDER_VALUE_V2_FINAL,Quality Compounder Value V2 Final,FROZEN_V2_PROD_1.0,PLATIND,NSE_EQ|PLATIND,NSE,EQUITY,CERTIFIED_CLEAN_886,628,2026-10-01T14:32:15.021368+05:30,2026-10-01T14:32:42.229906+05:30,2026-10-01T14:32:42.229906+05:30,2026-10-01T14:32:42.229906+05:30,FULLY_EVALUABLE,REJECTED,False,NONE,False,True,QUALITY_GATE,FAIL_LIQUIDITY
e715b83a3ce74f4ba7763b844d98ffbd,QUALITY_COMPOUNDER_VALUE_V2_FINAL,Quality Compounder Value V2 Final,FROZEN_V2_PROD_1.0,PNBHOUSING,NSE_EQ|PNBHOUSING,NSE,EQUITY,CERTIFIED_CLEAN_886,629,2026-10-01T14:32:15.021368+05:30,2026-10-01T14:32:42.249475+05:30,2026-10-01T14:32:42.249475+05:30,2026-10-01T14:32:42.249475+05:30,FULLY_EVALUABLE,REJECTED,False,NONE,False,True,QUALITY_GATE,METRIC_NOT_APPLICABLE_FINANCIAL
e715b83a3ce74f4ba7763b844d98ffbd,QUALITY_COMPOUNDER_VALUE_V2_FINAL,Quality Compounder Value V2 Final,FROZEN_V2_PROD_1.0,PNCINFRA,NSE_EQ|PNCINFRA,NSE,EQUITY,CERTIFIED_CLEAN_886,630,2026-10-01T14:32:15.021368+05:30,2026-10-01T14:32:42.278051+05:30,2026-10-01T14:32:42.278051+05:30,2026-10-01T14:32:42.278051+05:30,FULLY_EVALUABLE,REJECTED,False,NONE,False,True,QUALITY_GATE,FAIL_ROCE
e715b83a3ce74f4ba7763b844d98ffbd,QUALITY_COMPOUNDER_VALUE_V2_FINAL,Quality Compounder Value V2 Final,FROZEN_V2_PROD_1.0,PNGJL,NSE_EQ|PNGJL,NSE,EQUITY,CERTIFIED_CLEAN_886,631,2026-10-01T14:32:15.021368+05:30,2026-10-01T14:32:42.295574+05:30,2026-10-01T14:32:42.295574+05:30,2026-10-01T14:32:42.295574+05:30,FULLY_EVALUABLE,REJECTED,False,NONE,False,True,QUALITY_GATE,FAIL_PAT_CAGR
e715b83a3ce74f4ba7763b844d98ffbd,QUALITY_COMPOUNDER_VALUE_V2_FINAL,Quality Compounder Value V2 Final,FROZEN_V2_PROD_1.0,POKARNA,NSE_EQ|POKARNA,NSE,EQUITY,CERTIFIED_CLEAN_886,632,2026-10-01T14:32:15.021368+05:30,2026-10-01T14:32:42.311967+05:30,2026-10-01T14:32:42.311967+05:30,2026-10-01T14:32:42.311967+05:30,FULLY_EVALUABLE,REJECTED,False,NONE,False,True,QUALITY_GATE,FAIL_DEBT
e715b83a3ce74f4ba7763b844d98ffbd,QUALITY_COMPOUNDER_VALUE_V2_FINAL,Quality Compounder Value V2 Final,FROZEN_V2_PROD_1.0,POLYCAB,NSE_EQ|POLYCAB,NSE,EQUITY,CERTIFIED_CLEAN_886,633,2026-10-01T14:32:15.021368+05:30,2026-10-01T14:32:42.325617+05:30,2026-10-01T14:32:42.325617+05:30,2026-10-01T14:32:42.325617+05:30,FULLY_EVALUABLE,REJECTED,False,NONE,False,True,VALUATION_GATE,FAIL_VALUATION
e715b83a3ce74f4ba7763b844d98ffbd,QUALITY_COMPOUNDER_VALUE_V2_FINAL,Quality Compounder Value V2 Final,FROZEN_V2_PROD_1.0,POLYMED,NSE_EQ|POLYMED,NSE,EQUITY,CERTIFIED_CLEAN_886,634,2026-10-01T14:32:15.021368+05:30,2026-10-01T14:32:42.340827+05:30,2026-10-01T14:32:42.340827+05:30,2026-10-01T14:32:42.340827+05:30,FULLY_EVALUABLE,REJECTED,False,NONE,False,True,VALUATION_GATE,FAIL_VALUATION
e715b83a3ce74f4ba7763b844d98ffbd,QUALITY_COMPOUNDER_VALUE_V2_FINAL,Quality Compounder Value V2 Final,FROZEN_V2_PROD_1.0,POWERGRID,NSE_EQ|POWERGRID,NSE,EQUITY,CERTIFIED_CLEAN_886,635,2026-10-01T14:32:15.021368+05:30,2026-10-01T14:32:42.356054+05:30,2026-10-01T14:32:42.356054+05:30,2026-10-01T14:32:42.356054+05:30,FULLY_EVALUABLE,REJECTED,False,NONE,False,True,QUALITY_GATE,FAIL_ROCE
e715b83a3ce74f4ba7763b844d98ffbd,QUALITY_COMPOUNDER_VALUE_V2_FINAL,Quality Compounder Value V2 Final,FROZEN_V2_PROD_1.0,POWERINDIA,NSE_EQ|POWERINDIA,NSE,EQUITY,CERTIFIED_CLEAN_886,636,2026-10-01T14:32:15.021368+05:30,2026-10-01T14:32:42.368664+05:30,2026-10-01T14:32:42.368664+05:30,2026-10-01T14:32:42.368664+05:30,FULLY_EVALUABLE,REJECTED,False,NONE,False,True,VALUATION_GATE,FAIL_VALUATION
e715b83a3ce74f4ba7763b844d98ffbd,QUALITY_COMPOUNDER_VALUE_V2_FINAL,Quality Compounder Value V2 Final,FROZEN_V2_PROD_1.0,POWERMECH,NSE_EQ|POWERMECH,NSE,EQUITY,CERTIFIED_CLEAN_886,637,2026-10-01T14:32:15.021368+05:30,2026-10-01T14:32:42.385958+05:30,2026-10-01T14:32:42.385958+05:30,2026-10-01T14:32:42.385958+05:30,FULLY_EVALUABLE,REJECTED,False,NONE,False,True,QUALITY_GATE,FAIL_PAT_CAGR
e715b83a3ce74f4ba7763b844d98ffbd,QUALITY_COMPOUNDER_VALUE_V2_FINAL,Quality Compounder Value V2 Final,FROZEN_V2_PROD_1.0,PRAKASH,NSE_EQ|PRAKASH,NSE,EQUITY,CERTIFIED_CLEAN_886,638,2026-10-01T14:32:15.021368+05:30,2026-10-01T14:32:42.402270+05:30,2026-10-01T14:32:42.402270+05:30,2026-10-01T14:32:42.402270+05:30,FULLY_EVALUABLE,REJECTED,False,NONE,False,True,QUALITY_GATE,FAIL_ROCE
e715b83a3ce74f4ba7763b844d98ffbd,QUALITY_COMPOUNDER_VALUE_V2_FINAL,Quality Compounder Value V2 Final,FROZEN_V2_PROD_1.0,PRECWIRE,NSE_EQ|PRECWIRE,NSE,EQUITY,CERTIFIED_CLEAN_886,639,2026-10-01T14:32:15.021368+05:30,2026-10-01T14:32:42.421928+05:30,2026-10-01T14:32:42.421928+05:30,2026-10-01T14:32:42.421928+05:30,FULLY_EVALUABLE,REJECTED,False,NONE,False,True,QUALITY_GATE,FAIL_SALES_CAGR
e715b83a3ce74f4ba7763b844d98ffbd,QUALITY_COMPOUNDER_VALUE_V2_FINAL,Quality Compounder Value V2 Final,FROZEN_V2_PROD_1.0,PREMEXPLN,NSE_EQ|PREMEXPLN,NSE,EQUITY,CERTIFIED_CLEAN_886,640,2026-10-01T14:32:15.021368+05:30,2026-10-01T14:32:42.436183+05:30,2026-10-01T14:32:42.436183+05:30,2026-10-01T14:32:42.436183+05:30,FULLY_EVALUABLE,REJECTED,False,NONE,False,True,QUALITY_GATE,FAIL_ROCE
e715b83a3ce74f4ba7763b844d98ffbd,QUALITY_COMPOUNDER_VALUE_V2_FINAL,Quality Compounder Value V2 Final,FROZEN_V2_PROD_1.0,PREMIERENE,NSE_EQ|PREMIERENE,NSE,EQUITY,CERTIFIED_CLEAN_886,641,2026-10-01T14:32:15.021368+05:30,2026-10-01T14:32:42.451694+05:30,2026-10-01T14:32:42.451694+05:30,2026-10-01T14:32:42.451694+05:30,FULLY_EVALUABLE,REJECTED,False,NONE,False,True,QUALITY_GATE,FAIL_DEBT
e715b83a3ce74f4ba7763b844d98ffbd,QUALITY_COMPOUNDER_VALUE_V2_FINAL,Quality Compounder Value V2 Final,FROZEN_V2_PROD_1.0,PRICOLLTD,NSE_EQ|PRICOLLTD,NSE,EQUITY,CERTIFIED_CLEAN_886,642,2026-10-01T14:32:15.021368+05:30,2026-10-01T14:32:42.470247+05:30,2026-10-01T14:32:42.470247+05:30,2026-10-01T14:32:42.470247+05:30,FULLY_EVALUABLE,REJECTED,False,NONE,False,True,VALUATION_GATE,FAIL_VALUATION
e715b83a3ce74f4ba7763b844d98ffbd,QUALITY_COMPOUNDER_VALUE_V2_FINAL,Quality Compounder Value V2 Final,FROZEN_V2_PROD_1.0,PROTEAN,NSE_EQ|PROTEAN,NSE,EQUITY,CERTIFIED_CLEAN_886,643,2026-10-01T14:32:15.021368+05:30,2026-10-01T14:32:42.500960+05:30,2026-10-01T14:32:42.500960+05:30,2026-10-01T14:32:42.500960+05:30,FULLY_EVALUABLE,REJECTED,False,NONE,False,True,QUALITY_GATE,FAIL_PAT_CAGR
e715b83a3ce74f4ba7763b844d98ffbd,QUALITY_COMPOUNDER_VALUE_V2_FINAL,Quality Compounder Value V2 Final,FROZEN_V2_PROD_1.0,PRSMJOHNSN,NSE_EQ|PRSMJOHNSN,NSE,EQUITY,CERTIFIED_CLEAN_886,644,2026-10-01T14:32:15.021368+05:30,2026-10-01T14:32:42.518147+05:30,2026-10-01T14:32:42.518147+05:30,2026-10-01T14:32:42.518147+05:30,FULLY_EVALUABLE,REJECTED,False,NONE,False,True,QUALITY_GATE,FAIL_ROCE
e715b83a3ce74f4ba7763b844d98ffbd,QUALITY_COMPOUNDER_VALUE_V2_FINAL,Quality Compounder Value V2 Final,FROZEN_V2_PROD_1.0,PRUDENT,NSE_EQ|PRUDENT,NSE,EQUITY,CERTIFIED_CLEAN_886,645,2026-10-01T14:32:15.021368+05:30,2026-10-01T14:32:42.532857+05:30,2026-10-01T14:32:42.532857+05:30,2026-10-01T14:32:42.532857+05:30,FULLY_EVALUABLE,REJECTED,False,NONE,False,True,QUALITY_GATE,METRIC_NOT_APPLICABLE_FINANCIAL
e715b83a3ce74f4ba7763b844d98ffbd,QUALITY_COMPOUNDER_VALUE_V2_FINAL,Quality Compounder Value V2 Final,FROZEN_V2_PROD_1.0,PTC,NSE_EQ|PTC,NSE,EQUITY,CERTIFIED_CLEAN_886,646,2026-10-01T14:32:15.021368+05:30,2026-10-01T14:32:42.550670+05:30,2026-10-01T14:32:42.550670+05:30,2026-10-01T14:32:42.550670+05:30,FULLY_EVALUABLE,REJECTED,False,NONE,False,True,QUALITY_GATE,FAIL_ROCE
e715b83a3ce74f4ba7763b844d98ffbd,QUALITY_COMPOUNDER_VALUE_V2_FINAL,Quality Compounder Value V2 Final,FROZEN_V2_PROD_1.0,PUNJABCHEM,NSE_EQ|PUNJABCHEM,NSE,EQUITY,CERTIFIED_CLEAN_886,647,2026-10-01T14:32:15.021368+05:30,2026-10-01T14:32:42.565641+05:30,2026-10-01T14:32:42.565641+05:30,2026-10-01T14:32:42.565641+05:30,FULLY_EVALUABLE,REJECTED,False,NONE,False,True,QUALITY_GATE,FAIL_SALES_CAGR
e715b83a3ce74f4ba7763b844d98ffbd,QUALITY_COMPOUNDER_VALUE_V2_FINAL,Quality Compounder Value V2 Final,FROZEN_V2_PROD_1.0,QPOWER,NSE_EQ|QPOWER,NSE,EQUITY,CERTIFIED_CLEAN_886,648,2026-10-01T14:32:15.021368+05:30,2026-10-01T14:32:42.578440+05:30,2026-10-01T14:32:42.578440+05:30,2026-10-01T14:32:42.578440+05:30,FULLY_EVALUABLE,REJECTED,False,NONE,False,True,QUALITY_GATE,FAIL_CFO_PAT
e715b83a3ce74f4ba7763b844d98ffbd,QUALITY_COMPOUNDER_VALUE_V2_FINAL,Quality Compounder Value V2 Final,FROZEN_V2_PROD_1.0,RACLGEAR,NSE_EQ|RACLGEAR,NSE,EQUITY,CERTIFIED_CLEAN_886,649,2026-10-01T14:32:15.021368+05:30,2026-10-01T14:32:42.591503+05:30,2026-10-01T14:32:42.591503+05:30,2026-10-01T14:32:42.591503+05:30,FULLY_EVALUABLE,REJECTED,False,NONE,False,True,QUALITY_GATE,FAIL_DEBT
e715b83a3ce74f4ba7763b844d98ffbd,QUALITY_COMPOUNDER_VALUE_V2_FINAL,Quality Compounder Value V2 Final,FROZEN_V2_PROD_1.0,RADICO,NSE_EQ|RADICO,NSE,EQUITY,CERTIFIED_CLEAN_886,650,2026-10-01T14:32:15.021368+05:30,2026-10-01T14:32:42.609581+05:30,2026-10-01T14:32:42.609581+05:30,2026-10-01T14:32:42.609581+05:30,FULLY_EVALUABLE,REJECTED,False,NONE,False,True,VALUATION_GATE,FAIL_VALUATION
e715b83a3ce74f4ba7763b844d98ffbd,QUALITY_COMPOUNDER_VALUE_V2_FINAL,Quality Compounder Value V2 Final,FROZEN_V2_PROD_1.0,RAILTEL,NSE_EQ|RAILTEL,NSE,EQUITY,CERTIFIED_CLEAN_886,651,2026-10-01T14:32:15.021368+05:30,2026-10-01T14:32:42.624190+05:30,2026-10-01T14:32:42.624190+05:30,2026-10-01T14:32:42.624190+05:30,FULLY_EVALUABLE,REJECTED,False,NONE,False,True,QUALITY_GATE,FAIL_PAT_CAGR
e715b83a3ce74f4ba7763b844d98ffbd,QUALITY_COMPOUNDER_VALUE_V2_FINAL,Quality Compounder Value V2 Final,FROZEN_V2_PROD_1.0,RALLIS,NSE_EQ|RALLIS,NSE,EQUITY,CERTIFIED_CLEAN_886,652,2026-10-01T14:32:15.021368+05:30,2026-10-01T14:32:42.640266+05:30,2026-10-01T14:32:42.640266+05:30,2026-10-01T14:32:42.640266+05:30,FULLY_EVALUABLE,REJECTED,False,NONE,False,True,QUALITY_GATE,FAIL_SALES_CAGR
e715b83a3ce74f4ba7763b844d98ffbd,QUALITY_COMPOUNDER_VALUE_V2_FINAL,Quality Compounder Value V2 Final,FROZEN_V2_PROD_1.0,RAMCOCEM,NSE_EQ|RAMCOCEM,NSE,EQUITY,CERTIFIED_CLEAN_886,653,2026-10-01T14:32:15.021368+05:30,2026-10-01T14:32:42.654907+05:30,2026-10-01T14:32:42.654907+05:30,2026-10-01T14:32:42.654907+05:30,FULLY_EVALUABLE,REJECTED,False,NONE,False,True,QUALITY_GATE,FAIL_ROCE
e715b83a3ce74f4ba7763b844d98ffbd,QUALITY_COMPOUNDER_VALUE_V2_FINAL,Quality Compounder Value V2 Final,FROZEN_V2_PROD_1.0,RAMCOSYS,NSE_EQ|RAMCOSYS,NSE,EQUITY,CERTIFIED_CLEAN_886,654,2026-10-01T14:32:15.021368+05:30,2026-10-01T14:32:42.672365+05:30,2026-10-01T14:32:42.672365+05:30,2026-10-01T14:32:42.672365+05:30,FULLY_EVALUABLE,REJECTED,False,NONE,False,True,QUALITY_GATE,FAIL_ROCE
e715b83a3ce74f4ba7763b844d98ffbd,QUALITY_COMPOUNDER_VALUE_V2_FINAL,Quality Compounder Value V2 Final,FROZEN_V2_PROD_1.0,RAMKY,NSE_EQ|RAMKY,NSE,EQUITY,CERTIFIED_CLEAN_886,655,2026-10-01T14:32:15.021368+05:30,2026-10-01T14:32:42.708866+05:30,2026-10-01T14:32:42.708866+05:30,2026-10-01T14:32:42.708866+05:30,FULLY_EVALUABLE,REJECTED,False,NONE,False,True,VALUATION_GATE,FAIL_VALUATION
e715b83a3ce74f4ba7763b844d98ffbd,QUALITY_COMPOUNDER_VALUE_V2_FINAL,Quality Compounder Value V2 Final,FROZEN_V2_PROD_1.0,RAMRAT,NSE_EQ|RAMRAT,NSE,EQUITY,CERTIFIED_CLEAN_886,656,2026-10-01T14:32:15.021368+05:30,2026-10-01T14:32:42.725344+05:30,2026-10-01T14:32:42.725344+05:30,2026-10-01T14:32:42.725344+05:30,FULLY_EVALUABLE,REJECTED,False,NONE,False,True,QUALITY_GATE,FAIL_DEBT
e715b83a3ce74f4ba7763b844d98ffbd,QUALITY_COMPOUNDER_VALUE_V2_FINAL,Quality Compounder Value V2 Final,FROZEN_V2_PROD_1.0,RANEHOLDIN,NSE_EQ|RANEHOLDIN,NSE,EQUITY,CERTIFIED_CLEAN_886,657,2026-10-01T14:32:15.021368+05:30,2026-10-01T14:32:42.746029+05:30,2026-10-01T14:32:42.746029+05:30,2026-10-01T14:32:42.746029+05:30,FULLY_EVALUABLE,REJECTED,False,NONE,False,True,QUALITY_GATE,FAIL_ROCE
e715b83a3ce74f4ba7763b844d98ffbd,QUALITY_COMPOUNDER_VALUE_V2_FINAL,Quality Compounder Value V2 Final,FROZEN_V2_PROD_1.0,RATEGAIN,NSE_EQ|RATEGAIN,NSE,EQUITY,CERTIFIED_CLEAN_886,658,2026-10-01T14:32:15.021368+05:30,2026-10-01T14:32:42.768955+05:30,2026-10-01T14:32:42.768955+05:30,2026-10-01T14:32:42.768955+05:30,FULLY_EVALUABLE,REJECTED,False,NONE,False,True,QUALITY_GATE,FAIL_ROCE
e715b83a3ce74f4ba7763b844d98ffbd,QUALITY_COMPOUNDER_VALUE_V2_FINAL,Quality Compounder Value V2 Final,FROZEN_V2_PROD_1.0,RATNAMANI,NSE_EQ|RATNAMANI,NSE,EQUITY,CERTIFIED_CLEAN_886,659,2026-10-01T14:32:15.021368+05:30,2026-10-01T14:32:42.788024+05:30,2026-10-01T14:32:42.788024+05:30,2026-10-01T14:32:42.788024+05:30,FULLY_EVALUABLE,REJECTED,False,NONE,False,True,QUALITY_GATE,FAIL_CFO_PAT
e715b83a3ce74f4ba7763b844d98ffbd,QUALITY_COMPOUNDER_VALUE_V2_FINAL,Quality Compounder Value V2 Final,FROZEN_V2_PROD_1.0,RATNAVEER,NSE_EQ|RATNAVEER,NSE,EQUITY,CERTIFIED_CLEAN_886,660,2026-10-01T14:32:15.021368+05:30,2026-10-01T14:32:42.807640+05:30,2026-10-01T14:32:42.807640+05:30,2026-10-01T14:32:42.807640+05:30,FULLY_EVALUABLE,REJECTED,False,NONE,False,True,QUALITY_GATE,FAIL_ROCE
e715b83a3ce74f4ba7763b844d98ffbd,QUALITY_COMPOUNDER_VALUE_V2_FINAL,Quality Compounder Value V2 Final,FROZEN_V2_PROD_1.0,RCF,NSE_EQ|RCF,NSE,EQUITY,CERTIFIED_CLEAN_886,661,2026-10-01T14:32:15.021368+05:30,2026-10-01T14:32:42.822341+05:30,2026-10-01T14:32:42.822341+05:30,2026-10-01T14:32:42.822341+05:30,FULLY_EVALUABLE,REJECTED,False,NONE,False,True,QUALITY_GATE,FAIL_ROCE
e715b83a3ce74f4ba7763b844d98ffbd,QUALITY_COMPOUNDER_VALUE_V2_FINAL,Quality Compounder Value V2 Final,FROZEN_V2_PROD_1.0,RECLTD,NSE_EQ|RECLTD,NSE,EQUITY,CERTIFIED_CLEAN_886,662,2026-10-01T14:32:15.021368+05:30,2026-10-01T14:32:42.840107+05:30,2026-10-01T14:32:42.840107+05:30,2026-10-01T14:32:42.840107+05:30,FULLY_EVALUABLE,REJECTED,False,NONE,False,True,QUALITY_GATE,METRIC_NOT_APPLICABLE_FINANCIAL
e715b83a3ce74f4ba7763b844d98ffbd,QUALITY_COMPOUNDER_VALUE_V2_FINAL,Quality Compounder Value V2 Final,FROZEN_V2_PROD_1.0,REDINGTON,NSE_EQ|REDINGTON,NSE,EQUITY,CERTIFIED_CLEAN_886,663,2026-10-01T14:32:15.021368+05:30,2026-10-01T14:32:42.852932+05:30,2026-10-01T14:32:42.852932+05:30,2026-10-01T14:32:42.852932+05:30,FULLY_EVALUABLE,REJECTED,False,NONE,False,True,QUALITY_GATE,FAIL_CFO_PAT
e715b83a3ce74f4ba7763b844d98ffbd,QUALITY_COMPOUNDER_VALUE_V2_FINAL,Quality Compounder Value V2 Final,FROZEN_V2_PROD_1.0,REDTAPE,NSE_EQ|REDTAPE,NSE,EQUITY,CERTIFIED_CLEAN_886,664,2026-10-01T14:32:15.021368+05:30,2026-10-01T14:32:42.862722+05:30,2026-10-01T14:32:42.862722+05:30,2026-10-01T14:32:42.862722+05:30,FULLY_EVALUABLE,REJECTED,False,NONE,False,True,QUALITY_GATE,FAIL_CFO_PAT
e715b83a3ce74f4ba7763b844d98ffbd,QUALITY_COMPOUNDER_VALUE_V2_FINAL,Quality Compounder Value V2 Final,FROZEN_V2_PROD_1.0,REFEX,NSE_EQ|REFEX,NSE,EQUITY,CERTIFIED_CLEAN_886,665,2026-10-01T14:32:15.021368+05:30,2026-10-01T14:32:42.879179+05:30,2026-10-01T14:32:42.879179+05:30,2026-10-01T14:32:42.879179+05:30,FULLY_EVALUABLE,REJECTED,False,NONE,False,True,QUALITY_GATE,FAIL_CFO_PAT
e715b83a3ce74f4ba7763b844d98ffbd,QUALITY_COMPOUNDER_VALUE_V2_FINAL,Quality Compounder Value V2 Final,FROZEN_V2_PROD_1.0,RELAXO,NSE_EQ|RELAXO,NSE,EQUITY,CERTIFIED_CLEAN_886,666,2026-10-01T14:32:15.021368+05:30,2026-10-01T14:32:42.892609+05:30,2026-10-01T14:32:42.892609+05:30,2026-10-01T14:32:42.892609+05:30,FULLY_EVALUABLE,REJECTED,False,NONE,False,True,QUALITY_GATE,FAIL_ROCE
e715b83a3ce74f4ba7763b844d98ffbd,QUALITY_COMPOUNDER_VALUE_V2_FINAL,Quality Compounder Value V2 Final,FROZEN_V2_PROD_1.0,RELIANCE,NSE_EQ|RELIANCE,NSE,EQUITY,CERTIFIED_CLEAN_886,667,2026-10-01T14:32:15.021368+05:30,2026-10-01T14:32:42.906793+05:30,2026-10-01T14:32:42.906793+05:30,2026-10-01T14:32:42.906793+05:30,FULLY_EVALUABLE,REJECTED,False,NONE,False,True,QUALITY_GATE,FAIL_ROCE
e715b83a3ce74f4ba7763b844d98ffbd,QUALITY_COMPOUNDER_VALUE_V2_FINAL,Quality Compounder Value V2 Final,FROZEN_V2_PROD_1.0,RELTD,NSE_EQ|RELTD,NSE,EQUITY,CERTIFIED_CLEAN_886,668,2026-10-01T14:32:15.021368+05:30,2026-10-01T14:32:42.920234+05:30,2026-10-01T14:32:42.920234+05:30,2026-10-01T14:32:42.920234+05:30,FULLY_EVALUABLE,REJECTED,False,NONE,False,True,QUALITY_GATE,FAIL_ROCE
e715b83a3ce74f4ba7763b844d98ffbd,QUALITY_COMPOUNDER_VALUE_V2_FINAL,Quality Compounder Value V2 Final,FROZEN_V2_PROD_1.0,REPCOHOME,NSE_EQ|REPCOHOME,NSE,EQUITY,CERTIFIED_CLEAN_886,669,2026-10-01T14:32:15.021368+05:30,2026-10-01T14:32:42.944415+05:30,2026-10-01T14:32:42.944415+05:30,2026-10-01T14:32:42.944415+05:30,FULLY_EVALUABLE,REJECTED,False,NONE,False,True,QUALITY_GATE,METRIC_NOT_APPLICABLE_FINANCIAL
e715b83a3ce74f4ba7763b844d98ffbd,QUALITY_COMPOUNDER_VALUE_V2_FINAL,Quality Compounder Value V2 Final,FROZEN_V2_PROD_1.0,RESPONIND,NSE_EQ|RESPONIND,NSE,EQUITY,CERTIFIED_CLEAN_886,670,2026-10-01T14:32:15.021368+05:30,2026-10-01T14:32:42.961077+05:30,2026-10-01T14:32:42.961077+05:30,2026-10-01T14:32:42.961077+05:30,FULLY_EVALUABLE,REJECTED,False,NONE,False,True,QUALITY_GATE,FAIL_ROCE
e715b83a3ce74f4ba7763b844d98ffbd,QUALITY_COMPOUNDER_VALUE_V2_FINAL,Quality Compounder Value V2 Final,FROZEN_V2_PROD_1.0,RISHABH,NSE_EQ|RISHABH,NSE,EQUITY,CERTIFIED_CLEAN_886,671,2026-10-01T14:32:15.021368+05:30,2026-10-01T14:32:42.976966+05:30,2026-10-01T14:32:42.976966+05:30,2026-10-01T14:32:42.976966+05:30,FULLY_EVALUABLE,REJECTED,False,NONE,False,True,QUALITY_GATE,FAIL_ROCE
e715b83a3ce74f4ba7763b844d98ffbd,QUALITY_COMPOUNDER_VALUE_V2_FINAL,Quality Compounder Value V2 Final,FROZEN_V2_PROD_1.0,RITES,NSE_EQ|RITES,NSE,EQUITY,CERTIFIED_CLEAN_886,672,2026-10-01T14:32:15.021368+05:30,2026-10-01T14:32:42.991157+05:30,2026-10-01T14:32:42.991157+05:30,2026-10-01T14:32:42.991157+05:30,FULLY_EVALUABLE,REJECTED,False,NONE,False,True,QUALITY_GATE,FAIL_SALES_CAGR
e715b83a3ce74f4ba7763b844d98ffbd,QUALITY_COMPOUNDER_VALUE_V2_FINAL,Quality Compounder Value V2 Final,FROZEN_V2_PROD_1.0,RML,NSE_EQ|RML,NSE,EQUITY,CERTIFIED_CLEAN_886,673,2026-10-01T14:32:15.021368+05:30,2026-10-01T14:32:43.006580+05:30,2026-10-01T14:32:43.006580+05:30,2026-10-01T14:32:43.006580+05:30,FULLY_EVALUABLE,REJECTED,False,NONE,False,True,QUALITY_GATE,FAIL_ROCE
e715b83a3ce74f4ba7763b844d98ffbd,QUALITY_COMPOUNDER_VALUE_V2_FINAL,Quality Compounder Value V2 Final,FROZEN_V2_PROD_1.0,ROLEXRINGS,NSE_EQ|ROLEXRINGS,NSE,EQUITY,CERTIFIED_CLEAN_886,674,2026-10-01T14:32:15.021368+05:30,2026-10-01T14:32:43.021116+05:30,2026-10-01T14:32:43.021116+05:30,2026-10-01T14:32:43.021116+05:30,FULLY_EVALUABLE,REJECTED,False,NONE,False,True,VALUATION_GATE,FAIL_VALUATION
e715b83a3ce74f4ba7763b844d98ffbd,QUALITY_COMPOUNDER_VALUE_V2_FINAL,Quality Compounder Value V2 Final,FROZEN_V2_PROD_1.0,ROSSARI,NSE_EQ|ROSSARI,NSE,EQUITY,CERTIFIED_CLEAN_886,675,2026-10-01T14:32:15.021368+05:30,2026-10-01T14:32:43.037384+05:30,2026-10-01T14:32:43.037384+05:30,2026-10-01T14:32:43.037384+05:30,FULLY_EVALUABLE,REJECTED,False,NONE,False,True,QUALITY_GATE,FAIL_CFO_PAT
e715b83a3ce74f4ba7763b844d98ffbd,QUALITY_COMPOUNDER_VALUE_V2_FINAL,Quality Compounder Value V2 Final,FROZEN_V2_PROD_1.0,ROSSTECH,NSE_EQ|ROSSTECH,NSE,EQUITY,CERTIFIED_CLEAN_886,676,2026-10-01T14:32:15.021368+05:30,2026-10-01T14:32:43.048900+05:30,2026-10-01T14:32:43.048900+05:30,2026-10-01T14:32:43.048900+05:30,FULLY_EVALUABLE,REJECTED,False,NONE,False,True,QUALITY_GATE,FAIL_ROCE
e715b83a3ce74f4ba7763b844d98ffbd,QUALITY_COMPOUNDER_VALUE_V2_FINAL,Quality Compounder Value V2 Final,FROZEN_V2_PROD_1.0,ROUTE,NSE_EQ|ROUTE,NSE,EQUITY,CERTIFIED_CLEAN_886,677,2026-10-01T14:32:15.021368+05:30,2026-10-01T14:32:43.237949+05:30,2026-10-01T14:32:43.237949+05:30,2026-10-01T14:32:43.237949+05:30,FULLY_EVALUABLE,ALERT_BUY,True,BUY,False,False,NONE,PASS
e715b83a3ce74f4ba7763b844d98ffbd,QUALITY_COMPOUNDER_VALUE_V2_FINAL,Quality Compounder Value V2 Final,FROZEN_V2_PROD_1.0,RPEL,NSE_EQ|RPEL,NSE,EQUITY,CERTIFIED_CLEAN_886,678,2026-10-01T14:32:15.021368+05:30,2026-10-01T14:32:43.262902+05:30,2026-10-01T14:32:43.262902+05:30,2026-10-01T14:32:43.262902+05:30,FULLY_EVALUABLE,REJECTED,False,NONE,False,True,QUALITY_GATE,FAIL_CFO_PAT
e715b83a3ce74f4ba7763b844d98ffbd,QUALITY_COMPOUNDER_VALUE_V2_FINAL,Quality Compounder Value V2 Final,FROZEN_V2_PROD_1.0,RPGLIFE,NSE_EQ|RPGLIFE,NSE,EQUITY,CERTIFIED_CLEAN_886,679,2026-10-01T14:32:15.021368+05:30,2026-10-01T14:32:43.279615+05:30,2026-10-01T14:32:43.279615+05:30,2026-10-01T14:32:43.279615+05:30,FULLY_EVALUABLE,REJECTED,False,NONE,False,True,QUALITY_GATE,FAIL_SALES_CAGR
e715b83a3ce74f4ba7763b844d98ffbd,QUALITY_COMPOUNDER_VALUE_V2_FINAL,Quality Compounder Value V2 Final,FROZEN_V2_PROD_1.0,RPTECH,NSE_EQ|RPTECH,NSE,EQUITY,CERTIFIED_CLEAN_886,680,2026-10-01T14:32:15.021368+05:30,2026-10-01T14:32:43.295537+05:30,2026-10-01T14:32:43.295537+05:30,2026-10-01T14:32:43.295537+05:30,FULLY_EVALUABLE,REJECTED,False,NONE,False,True,QUALITY_GATE,FAIL_CFO_PAT
e715b83a3ce74f4ba7763b844d98ffbd,QUALITY_COMPOUNDER_VALUE_V2_FINAL,Quality Compounder Value V2 Final,FROZEN_V2_PROD_1.0,RRKABEL,NSE_EQ|RRKABEL,NSE,EQUITY,CERTIFIED_CLEAN_886,681,2026-10-01T14:32:15.021368+05:30,2026-10-01T14:32:43.307892+05:30,2026-10-01T14:32:43.307892+05:30,2026-10-01T14:32:43.307892+05:30,FULLY_EVALUABLE,REJECTED,False,NONE,False,True,VALUATION_GATE,FAIL_VALUATION
e715b83a3ce74f4ba7763b844d98ffbd,QUALITY_COMPOUNDER_VALUE_V2_FINAL,Quality Compounder Value V2 Final,FROZEN_V2_PROD_1.0,RSYSTEMS,NSE_EQ|RSYSTEMS,NSE,EQUITY,CERTIFIED_CLEAN_886,682,2026-10-01T14:32:15.021368+05:30,2026-10-01T14:32:43.322316+05:30,2026-10-01T14:32:43.322316+05:30,2026-10-01T14:32:43.322316+05:30,FULLY_EVALUABLE,REJECTED,False,NONE,False,True,QUALITY_GATE,FAIL_DEBT
e715b83a3ce74f4ba7763b844d98ffbd,QUALITY_COMPOUNDER_VALUE_V2_FINAL,Quality Compounder Value V2 Final,FROZEN_V2_PROD_1.0,RUBICON,NSE_EQ|RUBICON,NSE,EQUITY,CERTIFIED_CLEAN_886,683,2026-10-01T14:32:15.021368+05:30,2026-10-01T14:32:43.335807+05:30,2026-10-01T14:32:43.335807+05:30,2026-10-01T14:32:43.335807+05:30,FULLY_EVALUABLE,REJECTED,False,NONE,False,True,QUALITY_GATE,FAIL_ROCE
e715b83a3ce74f4ba7763b844d98ffbd,QUALITY_COMPOUNDER_VALUE_V2_FINAL,Quality Compounder Value V2 Final,FROZEN_V2_PROD_1.0,RVNL,NSE_EQ|RVNL,NSE,EQUITY,CERTIFIED_CLEAN_886,684,2026-10-01T14:32:15.021368+05:30,2026-10-01T14:32:43.348424+05:30,2026-10-01T14:32:43.348424+05:30,2026-10-01T14:32:43.348424+05:30,FULLY_EVALUABLE,REJECTED,False,NONE,False,True,QUALITY_GATE,FAIL_SALES_CAGR
e715b83a3ce74f4ba7763b844d98ffbd,QUALITY_COMPOUNDER_VALUE_V2_FINAL,Quality Compounder Value V2 Final,FROZEN_V2_PROD_1.0,SAATVIKGL,NSE_EQ|SAATVIKGL,NSE,EQUITY,CERTIFIED_CLEAN_886,685,2026-10-01T14:32:15.021368+05:30,2026-10-01T14:32:43.360657+05:30,2026-10-01T14:32:43.360657+05:30,2026-10-01T14:32:43.360657+05:30,FULLY_EVALUABLE,REJECTED,False,NONE,False,True,QUALITY_GATE,FAIL_CFO_PAT
e715b83a3ce74f4ba7763b844d98ffbd,QUALITY_COMPOUNDER_VALUE_V2_FINAL,Quality Compounder Value V2 Final,FROZEN_V2_PROD_1.0,SAFARI,NSE_EQ|SAFARI,NSE,EQUITY,CERTIFIED_CLEAN_886,686,2026-10-01T14:32:15.021368+05:30,2026-10-01T14:32:43.375497+05:30,2026-10-01T14:32:43.375497+05:30,2026-10-01T14:32:43.375497+05:30,FULLY_EVALUABLE,REJECTED,False,NONE,False,True,QUALITY_GATE,FAIL_PAT_CAGR
e715b83a3ce74f4ba7763b844d98ffbd,QUALITY_COMPOUNDER_VALUE_V2_FINAL,Quality Compounder Value V2 Final,FROZEN_V2_PROD_1.0,SAILIFE,NSE_EQ|SAILIFE,NSE,EQUITY,CERTIFIED_CLEAN_886,687,2026-10-01T14:32:15.021368+05:30,2026-10-01T14:32:43.389493+05:30,2026-10-01T14:32:43.389493+05:30,2026-10-01T14:32:43.389493+05:30,FULLY_EVALUABLE,REJECTED,False,NONE,False,True,QUALITY_GATE,FAIL_ROCE
e715b83a3ce74f4ba7763b844d98ffbd,QUALITY_COMPOUNDER_VALUE_V2_FINAL,Quality Compounder Value V2 Final,FROZEN_V2_PROD_1.0,SAKAR,NSE_EQ|SAKAR,NSE,EQUITY,CERTIFIED_CLEAN_886,688,2026-10-01T14:32:15.021368+05:30,2026-10-01T14:32:43.401033+05:30,2026-10-01T14:32:43.401033+05:30,2026-10-01T14:32:43.401033+05:30,FULLY_EVALUABLE,REJECTED,False,NONE,False,True,QUALITY_GATE,FAIL_ROCE
e715b83a3ce74f4ba7763b844d98ffbd,QUALITY_COMPOUNDER_VALUE_V2_FINAL,Quality Compounder Value V2 Final,FROZEN_V2_PROD_1.0,SAKSOFT,NSE_EQ|SAKSOFT,NSE,EQUITY,CERTIFIED_CLEAN_886,689,2026-10-01T14:32:15.021368+05:30,2026-10-01T14:32:43.619321+05:30,2026-10-01T14:32:43.619321+05:30,2026-10-01T14:32:43.619321+05:30,FULLY_EVALUABLE,ALERT_BUY,True,BUY,False,False,NONE,PASS
e715b83a3ce74f4ba7763b844d98ffbd,QUALITY_COMPOUNDER_VALUE_V2_FINAL,Quality Compounder Value V2 Final,FROZEN_V2_PROD_1.0,SALZERELEC,NSE_EQ|SALZERELEC,NSE,EQUITY,CERTIFIED_CLEAN_886,690,2026-10-01T14:32:15.021368+05:30,2026-10-01T14:32:43.636900+05:30,2026-10-01T14:32:43.636900+05:30,2026-10-01T14:32:43.636900+05:30,FULLY_EVALUABLE,REJECTED,False,NONE,False,True,QUALITY_GATE,FAIL_UNIVERSE_MARKET_CAP
e715b83a3ce74f4ba7763b844d98ffbd,QUALITY_COMPOUNDER_VALUE_V2_FINAL,Quality Compounder Value V2 Final,FROZEN_V2_PROD_1.0,SAMBHV,NSE_EQ|SAMBHV,NSE,EQUITY,CERTIFIED_CLEAN_886,691,2026-10-01T14:32:15.021368+05:30,2026-10-01T14:32:43.652414+05:30,2026-10-01T14:32:43.652414+05:30,2026-10-01T14:32:43.652414+05:30,FULLY_EVALUABLE,REJECTED,False,NONE,False,True,VALUATION_GATE,FAIL_VALUATION
e715b83a3ce74f4ba7763b844d98ffbd,QUALITY_COMPOUNDER_VALUE_V2_FINAL,Quality Compounder Value V2 Final,FROZEN_V2_PROD_1.0,SAMHI,NSE_EQ|SAMHI,NSE,EQUITY,CERTIFIED_CLEAN_886,692,2026-10-01T14:32:15.021368+05:30,2026-10-01T14:32:43.667937+05:30,2026-10-01T14:32:43.667937+05:30,2026-10-01T14:32:43.667937+05:30,FULLY_EVALUABLE,REJECTED,False,NONE,False,True,QUALITY_GATE,FAIL_ROCE
e715b83a3ce74f4ba7763b844d98ffbd,QUALITY_COMPOUNDER_VALUE_V2_FINAL,Quality Compounder Value V2 Final,FROZEN_V2_PROD_1.0,SANDHAR,NSE_EQ|SANDHAR,NSE,EQUITY,CERTIFIED_CLEAN_886,693,2026-10-01T14:32:15.021368+05:30,2026-10-01T14:32:43.684388+05:30,2026-10-01T14:32:43.684388+05:30,2026-10-01T14:32:43.684388+05:30,FULLY_EVALUABLE,REJECTED,False,NONE,False,True,QUALITY_GATE,FAIL_ROCE
e715b83a3ce74f4ba7763b844d98ffbd,QUALITY_COMPOUNDER_VALUE_V2_FINAL,Quality Compounder Value V2 Final,FROZEN_V2_PROD_1.0,SANDUMA,NSE_EQ|SANDUMA,NSE,EQUITY,CERTIFIED_CLEAN_886,694,2026-10-01T14:32:15.021368+05:30,2026-10-01T14:32:43.986816+05:30,2026-10-01T14:32:43.986816+05:30,2026-10-01T14:32:43.986816+05:30,FULLY_EVALUABLE,ALERT_BUY,True,BUY,False,False,NONE,PASS
e715b83a3ce74f4ba7763b844d98ffbd,QUALITY_COMPOUNDER_VALUE_V2_FINAL,Quality Compounder Value V2 Final,FROZEN_V2_PROD_1.0,SANGHVIMOV,NSE_EQ|SANGHVIMOV,NSE,EQUITY,CERTIFIED_CLEAN_886,695,2026-10-01T14:32:15.021368+05:30,2026-10-01T14:32:44.004336+05:30,2026-10-01T14:32:44.004336+05:30,2026-10-01T14:32:44.004336+05:30,FULLY_EVALUABLE,REJECTED,False,NONE,False,True,QUALITY_GATE,FAIL_PAT_CAGR
e715b83a3ce74f4ba7763b844d98ffbd,QUALITY_COMPOUNDER_VALUE_V2_FINAL,Quality Compounder Value V2 Final,FROZEN_V2_PROD_1.0,SANOFICONR,NSE_EQ|SANOFICONR,NSE,EQUITY,CERTIFIED_CLEAN_886,696,2026-10-01T14:32:15.021368+05:30,2026-10-01T14:32:44.019908+05:30,2026-10-01T14:32:44.019908+05:30,2026-10-01T14:32:44.019908+05:30,FULLY_EVALUABLE,REJECTED,False,NONE,False,True,VALUATION_GATE,FAIL_VALUATION
e715b83a3ce74f4ba7763b844d98ffbd,QUALITY_COMPOUNDER_VALUE_V2_FINAL,Quality Compounder Value V2 Final,FROZEN_V2_PROD_1.0,SANSERA,NSE_EQ|SANSERA,NSE,EQUITY,CERTIFIED_CLEAN_886,697,2026-10-01T14:32:15.021368+05:30,2026-10-01T14:32:44.035139+05:30,2026-10-01T14:32:44.035139+05:30,2026-10-01T14:32:44.035139+05:30,FULLY_EVALUABLE,REJECTED,False,NONE,False,True,QUALITY_GATE,FAIL_ROCE
e715b83a3ce74f4ba7763b844d98ffbd,QUALITY_COMPOUNDER_VALUE_V2_FINAL,Quality Compounder Value V2 Final,FROZEN_V2_PROD_1.0,SARDAEN,NSE_EQ|SARDAEN,NSE,EQUITY,CERTIFIED_CLEAN_886,698,2026-10-01T14:32:15.021368+05:30,2026-10-01T14:32:44.340574+05:30,2026-10-01T14:32:44.340574+05:30,2026-10-01T14:32:44.340574+05:30,FULLY_EVALUABLE,ALERT_BUY,True,BUY,False,False,NONE,PASS
e715b83a3ce74f4ba7763b844d98ffbd,QUALITY_COMPOUNDER_VALUE_V2_FINAL,Quality Compounder Value V2 Final,FROZEN_V2_PROD_1.0,SAREGAMA,NSE_EQ|SAREGAMA,NSE,EQUITY,CERTIFIED_CLEAN_886,699,2026-10-01T14:32:15.021368+05:30,2026-10-01T14:32:44.368166+05:30,2026-10-01T14:32:44.368166+05:30,2026-10-01T14:32:44.368166+05:30,FULLY_EVALUABLE,REJECTED,False,NONE,False,True,QUALITY_GATE,FAIL_CFO_PAT
e715b83a3ce74f4ba7763b844d98ffbd,QUALITY_COMPOUNDER_VALUE_V2_FINAL,Quality Compounder Value V2 Final,FROZEN_V2_PROD_1.0,SATIN,NSE_EQ|SATIN,NSE,EQUITY,CERTIFIED_CLEAN_886,700,2026-10-01T14:32:15.021368+05:30,2026-10-01T14:32:44.388432+05:30,2026-10-01T14:32:44.388432+05:30,2026-10-01T14:32:44.388432+05:30,FULLY_EVALUABLE,REJECTED,False,NONE,False,True,QUALITY_GATE,METRIC_NOT_APPLICABLE_FINANCIAL
e715b83a3ce74f4ba7763b844d98ffbd,QUALITY_COMPOUNDER_VALUE_V2_FINAL,Quality Compounder Value V2 Final,FROZEN_V2_PROD_1.0,SBCL,NSE_EQ|SBCL,NSE,EQUITY,CERTIFIED_CLEAN_886,701,2026-10-01T14:32:15.021368+05:30,2026-10-01T14:32:44.400734+05:30,2026-10-01T14:32:44.400734+05:30,2026-10-01T14:32:44.400734+05:30,FULLY_EVALUABLE,REJECTED,False,NONE,False,True,QUALITY_GATE,FAIL_CFO_PAT
e715b83a3ce74f4ba7763b844d98ffbd,QUALITY_COMPOUNDER_VALUE_V2_FINAL,Quality Compounder Value V2 Final,FROZEN_V2_PROD_1.0,SBICARD,NSE_EQ|SBICARD,NSE,EQUITY,CERTIFIED_CLEAN_886,702,2026-10-01T14:32:15.021368+05:30,2026-10-01T14:32:44.418658+05:30,2026-10-01T14:32:44.418658+05:30,2026-10-01T14:32:44.418658+05:30,FULLY_EVALUABLE,REJECTED,False,NONE,False,True,QUALITY_GATE,METRIC_NOT_APPLICABLE_FINANCIAL
e715b83a3ce74f4ba7763b844d98ffbd,QUALITY_COMPOUNDER_VALUE_V2_FINAL,Quality Compounder Value V2 Final,FROZEN_V2_PROD_1.0,SBILIFE,NSE_EQ|SBILIFE,NSE,EQUITY,CERTIFIED_CLEAN_886,703,2026-10-01T14:32:15.021368+05:30,2026-10-01T14:32:44.432384+05:30,2026-10-01T14:32:44.432384+05:30,2026-10-01T14:32:44.432384+05:30,FULLY_EVALUABLE,REJECTED,False,NONE,False,True,QUALITY_GATE,METRIC_NOT_APPLICABLE_FINANCIAL
e715b83a3ce74f4ba7763b844d98ffbd,QUALITY_COMPOUNDER_VALUE_V2_FINAL,Quality Compounder Value V2 Final,FROZEN_V2_PROD_1.0,SBIN,NSE_EQ|SBIN,NSE,EQUITY,CERTIFIED_CLEAN_886,704,2026-10-01T14:32:15.021368+05:30,2026-10-01T14:32:44.443458+05:30,2026-10-01T14:32:44.443458+05:30,2026-10-01T14:32:44.443458+05:30,FULLY_EVALUABLE,REJECTED,False,NONE,False,True,QUALITY_GATE,METRIC_NOT_APPLICABLE_FINANCIAL
e715b83a3ce74f4ba7763b844d98ffbd,QUALITY_COMPOUNDER_VALUE_V2_FINAL,Quality Compounder Value V2 Final,FROZEN_V2_PROD_1.0,SCHAEFFLER,NSE_EQ|SCHAEFFLER,NSE,EQUITY,CERTIFIED_CLEAN_886,705,2026-10-01T14:32:15.021368+05:30,2026-10-01T14:32:44.456008+05:30,2026-10-01T14:32:44.456008+05:30,2026-10-01T14:32:44.456008+05:30,FULLY_EVALUABLE,REJECTED,False,NONE,False,True,QUALITY_GATE,FAIL_PAT_CAGR
e715b83a3ce74f4ba7763b844d98ffbd,QUALITY_COMPOUNDER_VALUE_V2_FINAL,Quality Compounder Value V2 Final,FROZEN_V2_PROD_1.0,SCHNEIDER,NSE_EQ|SCHNEIDER,NSE,EQUITY,CERTIFIED_CLEAN_886,706,2026-10-01T14:32:15.021368+05:30,2026-10-01T14:32:44.467695+05:30,2026-10-01T14:32:44.467695+05:30,2026-10-01T14:32:44.467695+05:30,FULLY_EVALUABLE,REJECTED,False,NONE,False,True,QUALITY_GATE,FAIL_PAT_CAGR
e715b83a3ce74f4ba7763b844d98ffbd,QUALITY_COMPOUNDER_VALUE_V2_FINAL,Quality Compounder Value V2 Final,FROZEN_V2_PROD_1.0,SCI,NSE_EQ|SCI,NSE,EQUITY,CERTIFIED_CLEAN_886,707,2026-10-01T14:32:15.021368+05:30,2026-10-01T14:32:44.479749+05:30,2026-10-01T14:32:44.479749+05:30,2026-10-01T14:32:44.479749+05:30,FULLY_EVALUABLE,REJECTED,False,NONE,False,True,QUALITY_GATE,FAIL_ROCE
e715b83a3ce74f4ba7763b844d98ffbd,QUALITY_COMPOUNDER_VALUE_V2_FINAL,Quality Compounder Value V2 Final,FROZEN_V2_PROD_1.0,SEAMECLTD,NSE_EQ|SEAMECLTD,NSE,EQUITY,CERTIFIED_CLEAN_886,708,2026-10-01T14:32:15.021368+05:30,2026-10-01T14:32:44.490041+05:30,2026-10-01T14:32:44.490041+05:30,2026-10-01T14:32:44.490041+05:30,FULLY_EVALUABLE,REJECTED,False,NONE,False,True,QUALITY_GATE,FAIL_ROCE
e715b83a3ce74f4ba7763b844d98ffbd,QUALITY_COMPOUNDER_VALUE_V2_FINAL,Quality Compounder Value V2 Final,FROZEN_V2_PROD_1.0,SENCO,NSE_EQ|SENCO,NSE,EQUITY,CERTIFIED_CLEAN_886,709,2026-10-01T14:32:15.021368+05:30,2026-10-01T14:32:44.504516+05:30,2026-10-01T14:32:44.504516+05:30,2026-10-01T14:32:44.504516+05:30,FULLY_EVALUABLE,REJECTED,False,NONE,False,True,QUALITY_GATE,FAIL_CFO_PAT
e715b83a3ce74f4ba7763b844d98ffbd,QUALITY_COMPOUNDER_VALUE_V2_FINAL,Quality Compounder Value V2 Final,FROZEN_V2_PROD_1.0,SENORES,NSE_EQ|SENORES,NSE,EQUITY,CERTIFIED_CLEAN_886,710,2026-10-01T14:32:15.021368+05:30,2026-10-01T14:32:44.519633+05:30,2026-10-01T14:32:44.519633+05:30,2026-10-01T14:32:44.519633+05:30,FULLY_EVALUABLE,REJECTED,False,NONE,False,True,QUALITY_GATE,FAIL_ROCE
e715b83a3ce74f4ba7763b844d98ffbd,QUALITY_COMPOUNDER_VALUE_V2_FINAL,Quality Compounder Value V2 Final,FROZEN_V2_PROD_1.0,SERVOTECH,NSE_EQ|SERVOTECH,NSE,EQUITY,CERTIFIED_CLEAN_886,711,2026-10-01T14:32:15.021368+05:30,2026-10-01T14:32:44.531180+05:30,2026-10-01T14:32:44.531180+05:30,2026-10-01T14:32:44.531180+05:30,FULLY_EVALUABLE,REJECTED,False,NONE,False,True,QUALITY_GATE,FAIL_ROCE
e715b83a3ce74f4ba7763b844d98ffbd,QUALITY_COMPOUNDER_VALUE_V2_FINAL,Quality Compounder Value V2 Final,FROZEN_V2_PROD_1.0,SETL,NSE_EQ|SETL,NSE,EQUITY,CERTIFIED_CLEAN_886,712,2026-10-01T14:32:15.021368+05:30,2026-10-01T14:32:44.541987+05:30,2026-10-01T14:32:44.541987+05:30,2026-10-01T14:32:44.541987+05:30,FULLY_EVALUABLE,REJECTED,False,NONE,False,True,QUALITY_GATE,FAIL_CFO_PAT
e715b83a3ce74f4ba7763b844d98ffbd,QUALITY_COMPOUNDER_VALUE_V2_FINAL,Quality Compounder Value V2 Final,FROZEN_V2_PROD_1.0,SGFIN,NSE_EQ|SGFIN,NSE,EQUITY,CERTIFIED_CLEAN_886,713,2026-10-01T14:32:15.021368+05:30,2026-10-01T14:32:44.553379+05:30,2026-10-01T14:32:44.553379+05:30,2026-10-01T14:32:44.553379+05:30,FULLY_EVALUABLE,REJECTED,False,NONE,False,True,QUALITY_GATE,METRIC_NOT_APPLICABLE_FINANCIAL
e715b83a3ce74f4ba7763b844d98ffbd,QUALITY_COMPOUNDER_VALUE_V2_FINAL,Quality Compounder Value V2 Final,FROZEN_V2_PROD_1.0,SHAILY,NSE_EQ|SHAILY,NSE,EQUITY,CERTIFIED_CLEAN_886,714,2026-10-01T14:32:15.021368+05:30,2026-10-01T14:32:44.568567+05:30,2026-10-01T14:32:44.568567+05:30,2026-10-01T14:32:44.568567+05:30,FULLY_EVALUABLE,REJECTED,False,NONE,False,True,VALUATION_GATE,FAIL_VALUATION
e715b83a3ce74f4ba7763b844d98ffbd,QUALITY_COMPOUNDER_VALUE_V2_FINAL,Quality Compounder Value V2 Final,FROZEN_V2_PROD_1.0,SHAKTIPUMP,NSE_EQ|SHAKTIPUMP,NSE,EQUITY,CERTIFIED_CLEAN_886,715,2026-10-01T14:32:15.021368+05:30,2026-10-01T14:32:44.582561+05:30,2026-10-01T14:32:44.582561+05:30,2026-10-01T14:32:44.582561+05:30,FULLY_EVALUABLE,REJECTED,False,NONE,False,True,QUALITY_GATE,FAIL_CFO_PAT
e715b83a3ce74f4ba7763b844d98ffbd,QUALITY_COMPOUNDER_VALUE_V2_FINAL,Quality Compounder Value V2 Final,FROZEN_V2_PROD_1.0,SHANTIGEAR,NSE_EQ|SHANTIGEAR,NSE,EQUITY,CERTIFIED_CLEAN_886,716,2026-10-01T14:32:15.021368+05:30,2026-10-01T14:32:44.598806+05:30,2026-10-01T14:32:44.598806+05:30,2026-10-01T14:32:44.598806+05:30,FULLY_EVALUABLE,REJECTED,False,NONE,False,True,VALUATION_GATE,FAIL_VALUATION
e715b83a3ce74f4ba7763b844d98ffbd,QUALITY_COMPOUNDER_VALUE_V2_FINAL,Quality Compounder Value V2 Final,FROZEN_V2_PROD_1.0,SHARDACROP,NSE_EQ|SHARDACROP,NSE,EQUITY,CERTIFIED_CLEAN_886,717,2026-10-01T14:32:15.021368+05:30,2026-10-01T14:32:44.845752+05:30,2026-10-01T14:32:44.845752+05:30,2026-10-01T14:32:44.845752+05:30,FULLY_EVALUABLE,ALERT_BUY,True,BUY,False,False,NONE,PASS
e715b83a3ce74f4ba7763b844d98ffbd,QUALITY_COMPOUNDER_VALUE_V2_FINAL,Quality Compounder Value V2 Final,FROZEN_V2_PROD_1.0,SHARDAMOTR,NSE_EQ|SHARDAMOTR,NSE,EQUITY,CERTIFIED_CLEAN_886,718,2026-10-01T14:32:15.021368+05:30,2026-10-01T14:32:44.862978+05:30,2026-10-01T14:32:44.862978+05:30,2026-10-01T14:32:44.862978+05:30,FULLY_EVALUABLE,REJECTED,False,NONE,False,True,QUALITY_GATE,FAIL_CFO_PAT
e715b83a3ce74f4ba7763b844d98ffbd,QUALITY_COMPOUNDER_VALUE_V2_FINAL,Quality Compounder Value V2 Final,FROZEN_V2_PROD_1.0,SHAREINDIA,NSE_EQ|SHAREINDIA,NSE,EQUITY,CERTIFIED_CLEAN_886,719,2026-10-01T14:32:15.021368+05:30,2026-10-01T14:32:44.879676+05:30,2026-10-01T14:32:44.879676+05:30,2026-10-01T14:32:44.879676+05:30,FULLY_EVALUABLE,REJECTED,False,NONE,False,True,QUALITY_GATE,METRIC_NOT_APPLICABLE_FINANCIAL
e715b83a3ce74f4ba7763b844d98ffbd,QUALITY_COMPOUNDER_VALUE_V2_FINAL,Quality Compounder Value V2 Final,FROZEN_V2_PROD_1.0,SHILCTECH,NSE_EQ|SHILCTECH,NSE,EQUITY,CERTIFIED_CLEAN_886,720,2026-10-01T14:32:15.021368+05:30,2026-10-01T14:32:44.897265+05:30,2026-10-01T14:32:44.897265+05:30,2026-10-01T14:32:44.897265+05:30,FULLY_EVALUABLE,REJECTED,False,NONE,False,True,QUALITY_GATE,FAIL_CFO_PAT
e715b83a3ce74f4ba7763b844d98ffbd,QUALITY_COMPOUNDER_VALUE_V2_FINAL,Quality Compounder Value V2 Final,FROZEN_V2_PROD_1.0,SHILPAMED,NSE_EQ|SHILPAMED,NSE,EQUITY,CERTIFIED_CLEAN_886,721,2026-10-01T14:32:15.021368+05:30,2026-10-01T14:32:44.912963+05:30,2026-10-01T14:32:44.912963+05:30,2026-10-01T14:32:44.912963+05:30,FULLY_EVALUABLE,REJECTED,False,NONE,False,True,QUALITY_GATE,FAIL_ROCE
e715b83a3ce74f4ba7763b844d98ffbd,QUALITY_COMPOUNDER_VALUE_V2_FINAL,Quality Compounder Value V2 Final,FROZEN_V2_PROD_1.0,SHREEJISPG,NSE_EQ|SHREEJISPG,NSE,EQUITY,CERTIFIED_CLEAN_886,722,2026-10-01T14:32:15.021368+05:30,2026-10-01T14:32:44.927115+05:30,2026-10-01T14:32:44.927115+05:30,2026-10-01T14:32:44.927115+05:30,FULLY_EVALUABLE,REJECTED,False,NONE,False,True,QUALITY_GATE,FAIL_SALES_CAGR
e715b83a3ce74f4ba7763b844d98ffbd,QUALITY_COMPOUNDER_VALUE_V2_FINAL,Quality Compounder Value V2 Final,FROZEN_V2_PROD_1.0,SHREEPUSHK,NSE_EQ|SHREEPUSHK,NSE,EQUITY,CERTIFIED_CLEAN_886,723,2026-10-01T14:32:15.021368+05:30,2026-10-01T14:32:44.941114+05:30,2026-10-01T14:32:44.941114+05:30,2026-10-01T14:32:44.941114+05:30,FULLY_EVALUABLE,REJECTED,False,NONE,False,True,QUALITY_GATE,FAIL_ROCE
e715b83a3ce74f4ba7763b844d98ffbd,QUALITY_COMPOUNDER_VALUE_V2_FINAL,Quality Compounder Value V2 Final,FROZEN_V2_PROD_1.0,SHREMINVIT,NSE_EQ|SHREMINVIT,NSE,EQUITY,CERTIFIED_CLEAN_886,724,2026-10-01T14:32:15.021368+05:30,2026-10-01T14:32:44.952646+05:30,2026-10-01T14:32:44.952646+05:30,2026-10-01T14:32:44.952646+05:30,FULLY_EVALUABLE,REJECTED,False,NONE,False,True,QUALITY_GATE,FAIL_LIQUIDITY
e715b83a3ce74f4ba7763b844d98ffbd,QUALITY_COMPOUNDER_VALUE_V2_FINAL,Quality Compounder Value V2 Final,FROZEN_V2_PROD_1.0,SHRINGARMS,NSE_EQ|SHRINGARMS,NSE,EQUITY,CERTIFIED_CLEAN_886,725,2026-10-01T14:32:15.021368+05:30,2026-10-01T14:32:44.966515+05:30,2026-10-01T14:32:44.966515+05:30,2026-10-01T14:32:44.966515+05:30,FULLY_EVALUABLE,REJECTED,False,NONE,False,True,QUALITY_GATE,FAIL_CFO_PAT
e715b83a3ce74f4ba7763b844d98ffbd,QUALITY_COMPOUNDER_VALUE_V2_FINAL,Quality Compounder Value V2 Final,FROZEN_V2_PROD_1.0,SHRIPISTON,NSE_EQ|SHRIPISTON,NSE,EQUITY,CERTIFIED_CLEAN_886,726,2026-10-01T14:32:15.021368+05:30,2026-10-01T14:32:44.978927+05:30,2026-10-01T14:32:44.978927+05:30,2026-10-01T14:32:44.978927+05:30,FULLY_EVALUABLE,REJECTED,False,NONE,False,True,QUALITY_GATE,FAIL_DEBT
e715b83a3ce74f4ba7763b844d98ffbd,QUALITY_COMPOUNDER_VALUE_V2_FINAL,Quality Compounder Value V2 Final,FROZEN_V2_PROD_1.0,SHRIRAMFIN,NSE_EQ|SHRIRAMFIN,NSE,EQUITY,CERTIFIED_CLEAN_886,727,2026-10-01T14:32:15.021368+05:30,2026-10-01T14:32:44.992137+05:30,2026-10-01T14:32:44.992137+05:30,2026-10-01T14:32:44.992137+05:30,FULLY_EVALUABLE,REJECTED,False,NONE,False,True,QUALITY_GATE,METRIC_NOT_APPLICABLE_FINANCIAL
e715b83a3ce74f4ba7763b844d98ffbd,QUALITY_COMPOUNDER_VALUE_V2_FINAL,Quality Compounder Value V2 Final,FROZEN_V2_PROD_1.0,SHYAMMETL,NSE_EQ|SHYAMMETL,NSE,EQUITY,CERTIFIED_CLEAN_886,728,2026-10-01T14:32:15.021368+05:30,2026-10-01T14:32:45.002057+05:30,2026-10-01T14:32:45.002057+05:30,2026-10-01T14:32:45.002057+05:30,FULLY_EVALUABLE,REJECTED,False,NONE,False,True,QUALITY_GATE,FAIL_PAT_CAGR
e715b83a3ce74f4ba7763b844d98ffbd,QUALITY_COMPOUNDER_VALUE_V2_FINAL,Quality Compounder Value V2 Final,FROZEN_V2_PROD_1.0,SIGMAADV,NSE_EQ|SIGMAADV,NSE,EQUITY,CERTIFIED_CLEAN_886,729,2026-10-01T14:32:15.021368+05:30,2026-10-01T14:32:45.015313+05:30,2026-10-01T14:32:45.015313+05:30,2026-10-01T14:32:45.015313+05:30,FULLY_EVALUABLE,REJECTED,False,NONE,False,True,QUALITY_GATE,FAIL_ROCE
e715b83a3ce74f4ba7763b844d98ffbd,QUALITY_COMPOUNDER_VALUE_V2_FINAL,Quality Compounder Value V2 Final,FROZEN_V2_PROD_1.0,SIGNATURE,NSE_EQ|SIGNATURE,NSE,EQUITY,CERTIFIED_CLEAN_886,730,2026-10-01T14:32:15.021368+05:30,2026-10-01T14:32:45.029459+05:30,2026-10-01T14:32:45.029459+05:30,2026-10-01T14:32:45.029459+05:30,FULLY_EVALUABLE,REJECTED,False,NONE,False,True,QUALITY_GATE,FAIL_ROCE
e715b83a3ce74f4ba7763b844d98ffbd,QUALITY_COMPOUNDER_VALUE_V2_FINAL,Quality Compounder Value V2 Final,FROZEN_V2_PROD_1.0,SIGNPOST,NSE_EQ|SIGNPOST,NSE,EQUITY,CERTIFIED_CLEAN_886,731,2026-10-01T14:32:15.021368+05:30,2026-10-01T14:32:45.040197+05:30,2026-10-01T14:32:45.040197+05:30,2026-10-01T14:32:45.040197+05:30,FULLY_EVALUABLE,REJECTED,False,NONE,False,True,QUALITY_GATE,FAIL_CFO_PAT
e715b83a3ce74f4ba7763b844d98ffbd,QUALITY_COMPOUNDER_VALUE_V2_FINAL,Quality Compounder Value V2 Final,FROZEN_V2_PROD_1.0,SIKA,NSE_EQ|SIKA,NSE,EQUITY,CERTIFIED_CLEAN_886,732,2026-10-01T14:32:15.021368+05:30,2026-10-01T14:32:45.052296+05:30,2026-10-01T14:32:45.052296+05:30,2026-10-01T14:32:45.052296+05:30,FULLY_EVALUABLE,REJECTED,False,NONE,False,True,VALUATION_GATE,FAIL_VALUATION
e715b83a3ce74f4ba7763b844d98ffbd,QUALITY_COMPOUNDER_VALUE_V2_FINAL,Quality Compounder Value V2 Final,FROZEN_V2_PROD_1.0,SIRCA,NSE_EQ|SIRCA,NSE,EQUITY,CERTIFIED_CLEAN_886,733,2026-10-01T14:32:15.021368+05:30,2026-10-01T14:32:45.067348+05:30,2026-10-01T14:32:45.067348+05:30,2026-10-01T14:32:45.067348+05:30,FULLY_EVALUABLE,REJECTED,False,NONE,False,True,QUALITY_GATE,FAIL_CFO_PAT
e715b83a3ce74f4ba7763b844d98ffbd,QUALITY_COMPOUNDER_VALUE_V2_FINAL,Quality Compounder Value V2 Final,FROZEN_V2_PROD_1.0,SIYSIL,NSE_EQ|SIYSIL,NSE,EQUITY,CERTIFIED_CLEAN_886,734,2026-10-01T14:32:15.021368+05:30,2026-10-01T14:32:45.084821+05:30,2026-10-01T14:32:45.084821+05:30,2026-10-01T14:32:45.084821+05:30,FULLY_EVALUABLE,REJECTED,False,NONE,False,True,QUALITY_GATE,FAIL_CFO_PAT
e715b83a3ce74f4ba7763b844d98ffbd,QUALITY_COMPOUNDER_VALUE_V2_FINAL,Quality Compounder Value V2 Final,FROZEN_V2_PROD_1.0,SJS,NSE_EQ|SJS,NSE,EQUITY,CERTIFIED_CLEAN_886,735,2026-10-01T14:32:15.021368+05:30,2026-10-01T14:32:45.100072+05:30,2026-10-01T14:32:45.100072+05:30,2026-10-01T14:32:45.100072+05:30,FULLY_EVALUABLE,REJECTED,False,NONE,False,True,VALUATION_GATE,FAIL_VALUATION
e715b83a3ce74f4ba7763b844d98ffbd,QUALITY_COMPOUNDER_VALUE_V2_FINAL,Quality Compounder Value V2 Final,FROZEN_V2_PROD_1.0,SKIPPER,NSE_EQ|SKIPPER,NSE,EQUITY,CERTIFIED_CLEAN_886,736,2026-10-01T14:32:15.021368+05:30,2026-10-01T14:32:45.117253+05:30,2026-10-01T14:32:45.117253+05:30,2026-10-01T14:32:45.117253+05:30,FULLY_EVALUABLE,REJECTED,False,NONE,False,True,QUALITY_GATE,FAIL_DEBT
e715b83a3ce74f4ba7763b844d98ffbd,QUALITY_COMPOUNDER_VALUE_V2_FINAL,Quality Compounder Value V2 Final,FROZEN_V2_PROD_1.0,SKMEGGPROD,NSE_EQ|SKMEGGPROD,NSE,EQUITY,CERTIFIED_CLEAN_886,737,2026-10-01T14:32:15.021368+05:30,2026-10-01T14:32:45.134781+05:30,2026-10-01T14:32:45.134781+05:30,2026-10-01T14:32:45.134781+05:30,FULLY_EVALUABLE,REJECTED,False,NONE,False,True,VALUATION_GATE,FAIL_VALUATION
e715b83a3ce74f4ba7763b844d98ffbd,QUALITY_COMPOUNDER_VALUE_V2_FINAL,Quality Compounder Value V2 Final,FROZEN_V2_PROD_1.0,SMLMAH,NSE_EQ|SMLMAH,NSE,EQUITY,CERTIFIED_CLEAN_886,738,2026-10-01T14:32:15.021368+05:30,2026-10-01T14:32:45.151747+05:30,2026-10-01T14:32:45.151747+05:30,2026-10-01T14:32:45.151747+05:30,FULLY_EVALUABLE,REJECTED,False,NONE,False,True,QUALITY_GATE,FAIL_PAT_CAGR
e715b83a3ce74f4ba7763b844d98ffbd,QUALITY_COMPOUNDER_VALUE_V2_FINAL,Quality Compounder Value V2 Final,FROZEN_V2_PROD_1.0,SMSPHARMA,NSE_EQ|SMSPHARMA,NSE,EQUITY,CERTIFIED_CLEAN_886,739,2026-10-01T14:32:15.021368+05:30,2026-10-01T14:32:45.165537+05:30,2026-10-01T14:32:45.165537+05:30,2026-10-01T14:32:45.165537+05:30,FULLY_EVALUABLE,REJECTED,False,NONE,False,True,QUALITY_GATE,FAIL_ROCE
e715b83a3ce74f4ba7763b844d98ffbd,QUALITY_COMPOUNDER_VALUE_V2_FINAL,Quality Compounder Value V2 Final,FROZEN_V2_PROD_1.0,SOLARINDS,NSE_EQ|SOLARINDS,NSE,EQUITY,CERTIFIED_CLEAN_886,740,2026-10-01T14:32:15.021368+05:30,2026-10-01T14:32:45.184328+05:30,2026-10-01T14:32:45.184328+05:30,2026-10-01T14:32:45.184328+05:30,FULLY_EVALUABLE,REJECTED,False,NONE,False,True,VALUATION_GATE,FAIL_VALUATION
e715b83a3ce74f4ba7763b844d98ffbd,QUALITY_COMPOUNDER_VALUE_V2_FINAL,Quality Compounder Value V2 Final,FROZEN_V2_PROD_1.0,SOLARWORLD,NSE_EQ|SOLARWORLD,NSE,EQUITY,CERTIFIED_CLEAN_886,741,2026-10-01T14:32:15.021368+05:30,2026-10-01T14:32:45.197694+05:30,2026-10-01T14:32:45.197694+05:30,2026-10-01T14:32:45.197694+05:30,FULLY_EVALUABLE,REJECTED,False,NONE,False,True,QUALITY_GATE,FAIL_CFO_PAT
e715b83a3ce74f4ba7763b844d98ffbd,QUALITY_COMPOUNDER_VALUE_V2_FINAL,Quality Compounder Value V2 Final,FROZEN_V2_PROD_1.0,SOLEX,NSE_EQ|SOLEX,NSE,EQUITY,CERTIFIED_CLEAN_886,742,2026-10-01T14:32:15.021368+05:30,2026-10-01T14:32:45.213042+05:30,2026-10-01T14:32:45.213042+05:30,2026-10-01T14:32:45.213042+05:30,FULLY_EVALUABLE,REJECTED,False,NONE,False,True,QUALITY_GATE,FAIL_UNIVERSE_MARKET_CAP
e715b83a3ce74f4ba7763b844d98ffbd,QUALITY_COMPOUNDER_VALUE_V2_FINAL,Quality Compounder Value V2 Final,FROZEN_V2_PROD_1.0,SOMANYCERA,NSE_EQ|SOMANYCERA,NSE,EQUITY,CERTIFIED_CLEAN_886,743,2026-10-01T14:32:15.021368+05:30,2026-10-01T14:32:45.232234+05:30,2026-10-01T14:32:45.232234+05:30,2026-10-01T14:32:45.232234+05:30,FULLY_EVALUABLE,REJECTED,False,NONE,False,True,QUALITY_GATE,FAIL_ROCE
e715b83a3ce74f4ba7763b844d98ffbd,QUALITY_COMPOUNDER_VALUE_V2_FINAL,Quality Compounder Value V2 Final,FROZEN_V2_PROD_1.0,SONACOMS,NSE_EQ|SONACOMS,NSE,EQUITY,CERTIFIED_CLEAN_886,744,2026-10-01T14:32:15.021368+05:30,2026-10-01T14:32:45.246783+05:30,2026-10-01T14:32:45.246783+05:30,2026-10-01T14:32:45.246783+05:30,FULLY_EVALUABLE,REJECTED,False,NONE,False,True,VALUATION_GATE,FAIL_VALUATION
e715b83a3ce74f4ba7763b844d98ffbd,QUALITY_COMPOUNDER_VALUE_V2_FINAL,Quality Compounder Value V2 Final,FROZEN_V2_PROD_1.0,SONATSOFTW,NSE_EQ|SONATSOFTW,NSE,EQUITY,CERTIFIED_CLEAN_886,745,2026-10-01T14:32:15.021368+05:30,2026-10-01T14:32:45.260883+05:30,2026-10-01T14:32:45.260883+05:30,2026-10-01T14:32:45.260883+05:30,FULLY_EVALUABLE,REJECTED,False,NONE,False,True,VALUATION_GATE,FAIL_VALUATION
e715b83a3ce74f4ba7763b844d98ffbd,QUALITY_COMPOUNDER_VALUE_V2_FINAL,Quality Compounder Value V2 Final,FROZEN_V2_PROD_1.0,SOTL,NSE_EQ|SOTL,NSE,EQUITY,CERTIFIED_CLEAN_886,746,2026-10-01T14:32:15.021368+05:30,2026-10-01T14:32:45.275055+05:30,2026-10-01T14:32:45.275055+05:30,2026-10-01T14:32:45.275055+05:30,FULLY_EVALUABLE,REJECTED,False,NONE,False,True,QUALITY_GATE,FAIL_PAT_CAGR
e715b83a3ce74f4ba7763b844d98ffbd,QUALITY_COMPOUNDER_VALUE_V2_FINAL,Quality Compounder Value V2 Final,FROZEN_V2_PROD_1.0,SPAL,NSE_EQ|SPAL,NSE,EQUITY,CERTIFIED_CLEAN_886,747,2026-10-01T14:32:15.021368+05:30,2026-10-01T14:32:45.285654+05:30,2026-10-01T14:32:45.285654+05:30,2026-10-01T14:32:45.285654+05:30,FULLY_EVALUABLE,REJECTED,False,NONE,False,True,QUALITY_GATE,FAIL_ROCE
e715b83a3ce74f4ba7763b844d98ffbd,QUALITY_COMPOUNDER_VALUE_V2_FINAL,Quality Compounder Value V2 Final,FROZEN_V2_PROD_1.0,SPARC,NSE_EQ|SPARC,NSE,EQUITY,CERTIFIED_CLEAN_886,748,2026-10-01T14:32:15.021368+05:30,2026-10-01T14:32:45.296857+05:30,2026-10-01T14:32:45.296857+05:30,2026-10-01T14:32:45.296857+05:30,FULLY_EVALUABLE,REJECTED,False,NONE,False,True,QUALITY_GATE,FAIL_ROCE
e715b83a3ce74f4ba7763b844d98ffbd,QUALITY_COMPOUNDER_VALUE_V2_FINAL,Quality Compounder Value V2 Final,FROZEN_V2_PROD_1.0,SPECTRUM,NSE_EQ|SPECTRUM,NSE,EQUITY,CERTIFIED_CLEAN_886,749,2026-10-01T14:32:15.021368+05:30,2026-10-01T14:32:45.310356+05:30,2026-10-01T14:32:45.310356+05:30,2026-10-01T14:32:45.310356+05:30,FULLY_EVALUABLE,REJECTED,False,NONE,False,True,QUALITY_GATE,FAIL_ROCE
e715b83a3ce74f4ba7763b844d98ffbd,QUALITY_COMPOUNDER_VALUE_V2_FINAL,Quality Compounder Value V2 Final,FROZEN_V2_PROD_1.0,SPMLINFRA,NSE_EQ|SPMLINFRA,NSE,EQUITY,CERTIFIED_CLEAN_886,750,2026-10-01T14:32:15.021368+05:30,2026-10-01T14:32:45.324835+05:30,2026-10-01T14:32:45.324835+05:30,2026-10-01T14:32:45.324835+05:30,FULLY_EVALUABLE,REJECTED,False,NONE,False,True,QUALITY_GATE,FAIL_ROCE
e715b83a3ce74f4ba7763b844d98ffbd,QUALITY_COMPOUNDER_VALUE_V2_FINAL,Quality Compounder Value V2 Final,FROZEN_V2_PROD_1.0,SPORTKING,NSE_EQ|SPORTKING,NSE,EQUITY,CERTIFIED_CLEAN_886,751,2026-10-01T14:32:15.021368+05:30,2026-10-01T14:32:45.336235+05:30,2026-10-01T14:32:45.336235+05:30,2026-10-01T14:32:45.336235+05:30,FULLY_EVALUABLE,REJECTED,False,NONE,False,True,QUALITY_GATE,FAIL_PAT_CAGR
e715b83a3ce74f4ba7763b844d98ffbd,QUALITY_COMPOUNDER_VALUE_V2_FINAL,Quality Compounder Value V2 Final,FROZEN_V2_PROD_1.0,SRF,NSE_EQ|SRF,NSE,EQUITY,CERTIFIED_CLEAN_886,752,2026-10-01T14:32:15.021368+05:30,2026-10-01T14:32:45.354673+05:30,2026-10-01T14:32:45.354673+05:30,2026-10-01T14:32:45.354673+05:30,FULLY_EVALUABLE,REJECTED,False,NONE,False,True,QUALITY_GATE,FAIL_PAT_CAGR
e715b83a3ce74f4ba7763b844d98ffbd,QUALITY_COMPOUNDER_VALUE_V2_FINAL,Quality Compounder Value V2 Final,FROZEN_V2_PROD_1.0,SRM,NSE_EQ|SRM,NSE,EQUITY,CERTIFIED_CLEAN_886,753,2026-10-01T14:32:15.021368+05:30,2026-10-01T14:32:45.365685+05:30,2026-10-01T14:32:45.365685+05:30,2026-10-01T14:32:45.365685+05:30,FULLY_EVALUABLE,REJECTED,False,NONE,False,True,QUALITY_GATE,FAIL_UNIVERSE_MARKET_CAP
e715b83a3ce74f4ba7763b844d98ffbd,QUALITY_COMPOUNDER_VALUE_V2_FINAL,Quality Compounder Value V2 Final,FROZEN_V2_PROD_1.0,SSWL,NSE_EQ|SSWL,NSE,EQUITY,CERTIFIED_CLEAN_886,754,2026-10-01T14:32:15.021368+05:30,2026-10-01T14:32:45.380725+05:30,2026-10-01T14:32:45.380725+05:30,2026-10-01T14:32:45.380725+05:30,FULLY_EVALUABLE,REJECTED,False,NONE,False,True,QUALITY_GATE,FAIL_SALES_CAGR
e715b83a3ce74f4ba7763b844d98ffbd,QUALITY_COMPOUNDER_VALUE_V2_FINAL,Quality Compounder Value V2 Final,FROZEN_V2_PROD_1.0,STALLION,NSE_EQ|STALLION,NSE,EQUITY,CERTIFIED_CLEAN_886,755,2026-10-01T14:32:15.021368+05:30,2026-10-01T14:32:45.393380+05:30,2026-10-01T14:32:45.393380+05:30,2026-10-01T14:32:45.393380+05:30,FULLY_EVALUABLE,REJECTED,False,NONE,False,True,QUALITY_GATE,FAIL_CFO_PAT
e715b83a3ce74f4ba7763b844d98ffbd,QUALITY_COMPOUNDER_VALUE_V2_FINAL,Quality Compounder Value V2 Final,FROZEN_V2_PROD_1.0,STARCEMENT,NSE_EQ|STARCEMENT,NSE,EQUITY,CERTIFIED_CLEAN_886,756,2026-10-01T14:32:15.021368+05:30,2026-10-01T14:32:45.408209+05:30,2026-10-01T14:32:45.408209+05:30,2026-10-01T14:32:45.408209+05:30,FULLY_EVALUABLE,REJECTED,False,NONE,False,True,QUALITY_GATE,FAIL_ROCE
e715b83a3ce74f4ba7763b844d98ffbd,QUALITY_COMPOUNDER_VALUE_V2_FINAL,Quality Compounder Value V2 Final,FROZEN_V2_PROD_1.0,STEELCAS,NSE_EQ|STEELCAS,NSE,EQUITY,CERTIFIED_CLEAN_886,757,2026-10-01T14:32:15.021368+05:30,2026-10-01T14:32:45.417867+05:30,2026-10-01T14:32:45.417867+05:30,2026-10-01T14:32:45.417867+05:30,FULLY_EVALUABLE,REJECTED,False,NONE,False,True,VALUATION_GATE,FAIL_VALUATION
e715b83a3ce74f4ba7763b844d98ffbd,QUALITY_COMPOUNDER_VALUE_V2_FINAL,Quality Compounder Value V2 Final,FROZEN_V2_PROD_1.0,STOVEKRAFT,NSE_EQ|STOVEKRAFT,NSE,EQUITY,CERTIFIED_CLEAN_886,758,2026-10-01T14:32:15.021368+05:30,2026-10-01T14:32:45.434047+05:30,2026-10-01T14:32:45.434047+05:30,2026-10-01T14:32:45.434047+05:30,FULLY_EVALUABLE,REJECTED,False,NONE,False,True,QUALITY_GATE,FAIL_ROCE
e715b83a3ce74f4ba7763b844d98ffbd,QUALITY_COMPOUNDER_VALUE_V2_FINAL,Quality Compounder Value V2 Final,FROZEN_V2_PROD_1.0,STYLAMIND,NSE_EQ|STYLAMIND,NSE,EQUITY,CERTIFIED_CLEAN_886,759,2026-10-01T14:32:15.021368+05:30,2026-10-01T14:32:45.449683+05:30,2026-10-01T14:32:45.449683+05:30,2026-10-01T14:32:45.449683+05:30,FULLY_EVALUABLE,REJECTED,False,NONE,False,True,VALUATION_GATE,FAIL_VALUATION
e715b83a3ce74f4ba7763b844d98ffbd,QUALITY_COMPOUNDER_VALUE_V2_FINAL,Quality Compounder Value V2 Final,FROZEN_V2_PROD_1.0,STYLEBAAZA,NSE_EQ|STYLEBAAZA,NSE,EQUITY,CERTIFIED_CLEAN_886,760,2026-10-01T14:32:15.021368+05:30,2026-10-01T14:32:45.468319+05:30,2026-10-01T14:32:45.468319+05:30,2026-10-01T14:32:45.468319+05:30,FULLY_EVALUABLE,REJECTED,False,NONE,False,True,QUALITY_GATE,FAIL_ROCE
e715b83a3ce74f4ba7763b844d98ffbd,QUALITY_COMPOUNDER_VALUE_V2_FINAL,Quality Compounder Value V2 Final,FROZEN_V2_PROD_1.0,STYRENIX,NSE_EQ|STYRENIX,NSE,EQUITY,CERTIFIED_CLEAN_886,761,2026-10-01T14:32:15.021368+05:30,2026-10-01T14:32:45.484912+05:30,2026-10-01T14:32:45.484912+05:30,2026-10-01T14:32:45.484912+05:30,FULLY_EVALUABLE,REJECTED,False,NONE,False,True,QUALITY_GATE,FAIL_PAT_CAGR
e715b83a3ce74f4ba7763b844d98ffbd,QUALITY_COMPOUNDER_VALUE_V2_FINAL,Quality Compounder Value V2 Final,FROZEN_V2_PROD_1.0,SUBROS,NSE_EQ|SUBROS,NSE,EQUITY,CERTIFIED_CLEAN_886,762,2026-10-01T14:32:15.021368+05:30,2026-10-01T14:32:45.501308+05:30,2026-10-01T14:32:45.501308+05:30,2026-10-01T14:32:45.501308+05:30,FULLY_EVALUABLE,REJECTED,False,NONE,False,True,QUALITY_GATE,FAIL_ROCE
e715b83a3ce74f4ba7763b844d98ffbd,QUALITY_COMPOUNDER_VALUE_V2_FINAL,Quality Compounder Value V2 Final,FROZEN_V2_PROD_1.0,SUDEEPPHRM,NSE_EQ|SUDEEPPHRM,NSE,EQUITY,CERTIFIED_CLEAN_886,763,2026-10-01T14:32:15.021368+05:30,2026-10-01T14:32:45.516727+05:30,2026-10-01T14:32:45.516727+05:30,2026-10-01T14:32:45.516727+05:30,FULLY_EVALUABLE,REJECTED,False,NONE,False,True,QUALITY_GATE,FAIL_CFO_PAT
e715b83a3ce74f4ba7763b844d98ffbd,QUALITY_COMPOUNDER_VALUE_V2_FINAL,Quality Compounder Value V2 Final,FROZEN_V2_PROD_1.0,SUMICHEM,NSE_EQ|SUMICHEM,NSE,EQUITY,CERTIFIED_CLEAN_886,764,2026-10-01T14:32:15.021368+05:30,2026-10-01T14:32:45.534228+05:30,2026-10-01T14:32:45.534228+05:30,2026-10-01T14:32:45.534228+05:30,FULLY_EVALUABLE,REJECTED,False,NONE,False,True,QUALITY_GATE,FAIL_SALES_CAGR
e715b83a3ce74f4ba7763b844d98ffbd,QUALITY_COMPOUNDER_VALUE_V2_FINAL,Quality Compounder Value V2 Final,FROZEN_V2_PROD_1.0,SUNCLAY,NSE_EQ|SUNCLAY,NSE,EQUITY,CERTIFIED_CLEAN_886,765,2026-10-01T14:32:15.021368+05:30,2026-10-01T14:32:45.553808+05:30,2026-10-01T14:32:45.553808+05:30,2026-10-01T14:32:45.553808+05:30,FULLY_EVALUABLE,REJECTED,False,NONE,False,True,QUALITY_GATE,FAIL_LIQUIDITY
e715b83a3ce74f4ba7763b844d98ffbd,QUALITY_COMPOUNDER_VALUE_V2_FINAL,Quality Compounder Value V2 Final,FROZEN_V2_PROD_1.0,SUNDARMFIN,NSE_EQ|SUNDARMFIN,NSE,EQUITY,CERTIFIED_CLEAN_886,766,2026-10-01T14:32:15.021368+05:30,2026-10-01T14:32:45.568235+05:30,2026-10-01T14:32:45.568235+05:30,2026-10-01T14:32:45.568235+05:30,FULLY_EVALUABLE,REJECTED,False,NONE,False,True,QUALITY_GATE,METRIC_NOT_APPLICABLE_FINANCIAL
e715b83a3ce74f4ba7763b844d98ffbd,QUALITY_COMPOUNDER_VALUE_V2_FINAL,Quality Compounder Value V2 Final,FROZEN_V2_PROD_1.0,SUNDRMFAST,NSE_EQ|SUNDRMFAST,NSE,EQUITY,CERTIFIED_CLEAN_886,767,2026-10-01T14:32:15.021368+05:30,2026-10-01T14:32:45.583574+05:30,2026-10-01T14:32:45.583574+05:30,2026-10-01T14:32:45.583574+05:30,FULLY_EVALUABLE,REJECTED,False,NONE,False,True,VALUATION_GATE,FAIL_VALUATION
e715b83a3ce74f4ba7763b844d98ffbd,QUALITY_COMPOUNDER_VALUE_V2_FINAL,Quality Compounder Value V2 Final,FROZEN_V2_PROD_1.0,SUNPHARMA,NSE_EQ|SUNPHARMA,NSE,EQUITY,CERTIFIED_CLEAN_886,768,2026-10-01T14:32:15.021368+05:30,2026-10-01T14:32:45.598117+05:30,2026-10-01T14:32:45.598117+05:30,2026-10-01T14:32:45.598117+05:30,FULLY_EVALUABLE,REJECTED,False,NONE,False,True,QUALITY_GATE,FAIL_ROCE
e715b83a3ce74f4ba7763b844d98ffbd,QUALITY_COMPOUNDER_VALUE_V2_FINAL,Quality Compounder Value V2 Final,FROZEN_V2_PROD_1.0,SUNTV,NSE_EQ|SUNTV,NSE,EQUITY,CERTIFIED_CLEAN_886,769,2026-10-01T14:32:15.021368+05:30,2026-10-01T14:32:45.617370+05:30,2026-10-01T14:32:45.617370+05:30,2026-10-01T14:32:45.617370+05:30,FULLY_EVALUABLE,REJECTED,False,NONE,False,True,QUALITY_GATE,FAIL_SALES_CAGR
e715b83a3ce74f4ba7763b844d98ffbd,QUALITY_COMPOUNDER_VALUE_V2_FINAL,Quality Compounder Value V2 Final,FROZEN_V2_PROD_1.0,SUPRAJIT,NSE_EQ|SUPRAJIT,NSE,EQUITY,CERTIFIED_CLEAN_886,770,2026-10-01T14:32:15.021368+05:30,2026-10-01T14:32:45.636486+05:30,2026-10-01T14:32:45.636486+05:30,2026-10-01T14:32:45.636486+05:30,FULLY_EVALUABLE,REJECTED,False,NONE,False,True,QUALITY_GATE,FAIL_ROCE
e715b83a3ce74f4ba7763b844d98ffbd,QUALITY_COMPOUNDER_VALUE_V2_FINAL,Quality Compounder Value V2 Final,FROZEN_V2_PROD_1.0,SUPREMEIND,NSE_EQ|SUPREMEIND,NSE,EQUITY,CERTIFIED_CLEAN_886,771,2026-10-01T14:32:15.021368+05:30,2026-10-01T14:32:45.650324+05:30,2026-10-01T14:32:45.650324+05:30,2026-10-01T14:32:45.650324+05:30,FULLY_EVALUABLE,REJECTED,False,NONE,False,True,QUALITY_GATE,FAIL_PAT_CAGR
e715b83a3ce74f4ba7763b844d98ffbd,QUALITY_COMPOUNDER_VALUE_V2_FINAL,Quality Compounder Value V2 Final,FROZEN_V2_PROD_1.0,SUPRIYA,NSE_EQ|SUPRIYA,NSE,EQUITY,CERTIFIED_CLEAN_886,772,2026-10-01T14:32:15.021368+05:30,2026-10-01T14:32:45.664134+05:30,2026-10-01T14:32:45.664134+05:30,2026-10-01T14:32:45.664134+05:30,FULLY_EVALUABLE,REJECTED,False,NONE,False,True,QUALITY_GATE,FAIL_CFO_PAT
e715b83a3ce74f4ba7763b844d98ffbd,QUALITY_COMPOUNDER_VALUE_V2_FINAL,Quality Compounder Value V2 Final,FROZEN_V2_PROD_1.0,SURAKSHA,NSE_EQ|SURAKSHA,NSE,EQUITY,CERTIFIED_CLEAN_886,773,2026-10-01T14:32:15.021368+05:30,2026-10-01T14:32:45.677945+05:30,2026-10-01T14:32:45.677945+05:30,2026-10-01T14:32:45.677945+05:30,FULLY_EVALUABLE,REJECTED,False,NONE,False,True,QUALITY_GATE,FAIL_DEBT
e715b83a3ce74f4ba7763b844d98ffbd,QUALITY_COMPOUNDER_VALUE_V2_FINAL,Quality Compounder Value V2 Final,FROZEN_V2_PROD_1.0,SURYAROSNI,NSE_EQ|SURYAROSNI,NSE,EQUITY,CERTIFIED_CLEAN_886,774,2026-10-01T14:32:15.021368+05:30,2026-10-01T14:32:45.699031+05:30,2026-10-01T14:32:45.699031+05:30,2026-10-01T14:32:45.699031+05:30,FULLY_EVALUABLE,REJECTED,False,NONE,False,True,QUALITY_GATE,FAIL_SALES_CAGR
e715b83a3ce74f4ba7763b844d98ffbd,QUALITY_COMPOUNDER_VALUE_V2_FINAL,Quality Compounder Value V2 Final,FROZEN_V2_PROD_1.0,SWARAJENG,NSE_EQ|SWARAJENG,NSE,EQUITY,CERTIFIED_CLEAN_886,775,2026-10-01T14:32:15.021368+05:30,2026-10-01T14:32:45.718838+05:30,2026-10-01T14:32:45.718838+05:30,2026-10-01T14:32:45.718838+05:30,FULLY_EVALUABLE,REJECTED,False,NONE,False,True,VALUATION_GATE,FAIL_VALUATION
e715b83a3ce74f4ba7763b844d98ffbd,QUALITY_COMPOUNDER_VALUE_V2_FINAL,Quality Compounder Value V2 Final,FROZEN_V2_PROD_1.0,SYRMA,NSE_EQ|SYRMA,NSE,EQUITY,CERTIFIED_CLEAN_886,776,2026-10-01T14:32:15.021368+05:30,2026-10-01T14:32:45.733565+05:30,2026-10-01T14:32:45.733565+05:30,2026-10-01T14:32:45.733565+05:30,FULLY_EVALUABLE,REJECTED,False,NONE,False,True,QUALITY_GATE,FAIL_ROCE
e715b83a3ce74f4ba7763b844d98ffbd,QUALITY_COMPOUNDER_VALUE_V2_FINAL,Quality Compounder Value V2 Final,FROZEN_V2_PROD_1.0,TAALTECH,NSE_EQ|TAALTECH,NSE,EQUITY,CERTIFIED_CLEAN_886,777,2026-10-01T14:32:15.021368+05:30,2026-10-01T14:32:45.770311+05:30,2026-10-01T14:32:45.770311+05:30,2026-10-01T14:32:45.770311+05:30,FULLY_EVALUABLE,REJECTED,False,NONE,False,True,QUALITY_GATE,FAIL_CFO_PAT
e715b83a3ce74f4ba7763b844d98ffbd,QUALITY_COMPOUNDER_VALUE_V2_FINAL,Quality Compounder Value V2 Final,FROZEN_V2_PROD_1.0,TAJGVK,NSE_EQ|TAJGVK,NSE,EQUITY,CERTIFIED_CLEAN_886,778,2026-10-01T14:32:15.021368+05:30,2026-10-01T14:32:45.809932+05:30,2026-10-01T14:32:45.809932+05:30,2026-10-01T14:32:45.809932+05:30,FULLY_EVALUABLE,REJECTED,False,NONE,False,True,QUALITY_GATE,FAIL_PAT_CAGR
e715b83a3ce74f4ba7763b844d98ffbd,QUALITY_COMPOUNDER_VALUE_V2_FINAL,Quality Compounder Value V2 Final,FROZEN_V2_PROD_1.0,TALBROAUTO,NSE_EQ|TALBROAUTO,NSE,EQUITY,CERTIFIED_CLEAN_886,779,2026-10-01T14:32:15.021368+05:30,2026-10-01T14:32:45.827320+05:30,2026-10-01T14:32:45.827320+05:30,2026-10-01T14:32:45.827320+05:30,FULLY_EVALUABLE,REJECTED,False,NONE,False,True,VALUATION_GATE,FAIL_VALUATION
e715b83a3ce74f4ba7763b844d98ffbd,QUALITY_COMPOUNDER_VALUE_V2_FINAL,Quality Compounder Value V2 Final,FROZEN_V2_PROD_1.0,TANLA,NSE_EQ|TANLA,NSE,EQUITY,CERTIFIED_CLEAN_886,780,2026-10-01T14:32:15.021368+05:30,2026-10-01T14:32:45.846192+05:30,2026-10-01T14:32:45.846192+05:30,2026-10-01T14:32:45.846192+05:30,FULLY_EVALUABLE,REJECTED,False,NONE,False,True,QUALITY_GATE,FAIL_PAT_CAGR
e715b83a3ce74f4ba7763b844d98ffbd,QUALITY_COMPOUNDER_VALUE_V2_FINAL,Quality Compounder Value V2 Final,FROZEN_V2_PROD_1.0,TARIL,NSE_EQ|TARIL,NSE,EQUITY,CERTIFIED_CLEAN_886,781,2026-10-01T14:32:15.021368+05:30,2026-10-01T14:32:45.861300+05:30,2026-10-01T14:32:45.861300+05:30,2026-10-01T14:32:45.861300+05:30,FULLY_EVALUABLE,REJECTED,False,NONE,False,True,QUALITY_GATE,FAIL_CFO_PAT
e715b83a3ce74f4ba7763b844d98ffbd,QUALITY_COMPOUNDER_VALUE_V2_FINAL,Quality Compounder Value V2 Final,FROZEN_V2_PROD_1.0,TASTYBITE,NSE_EQ|TASTYBITE,NSE,EQUITY,CERTIFIED_CLEAN_886,782,2026-10-01T14:32:15.021368+05:30,2026-10-01T14:32:45.873361+05:30,2026-10-01T14:32:45.873361+05:30,2026-10-01T14:32:45.873361+05:30,FULLY_EVALUABLE,REJECTED,False,NONE,False,True,QUALITY_GATE,FAIL_ROCE
e715b83a3ce74f4ba7763b844d98ffbd,QUALITY_COMPOUNDER_VALUE_V2_FINAL,Quality Compounder Value V2 Final,FROZEN_V2_PROD_1.0,TATACAP,NSE_EQ|TATACAP,NSE,EQUITY,CERTIFIED_CLEAN_886,783,2026-10-01T14:32:15.021368+05:30,2026-10-01T14:32:45.882389+05:30,2026-10-01T14:32:45.882389+05:30,2026-10-01T14:32:45.882389+05:30,FULLY_EVALUABLE,REJECTED,False,NONE,False,True,QUALITY_GATE,METRIC_NOT_APPLICABLE_FINANCIAL
e715b83a3ce74f4ba7763b844d98ffbd,QUALITY_COMPOUNDER_VALUE_V2_FINAL,Quality Compounder Value V2 Final,FROZEN_V2_PROD_1.0,TATACOMM,NSE_EQ|TATACOMM,NSE,EQUITY,CERTIFIED_CLEAN_886,784,2026-10-01T14:32:15.021368+05:30,2026-10-01T14:32:45.897441+05:30,2026-10-01T14:32:45.897441+05:30,2026-10-01T14:32:45.897441+05:30,FULLY_EVALUABLE,REJECTED,False,NONE,False,True,QUALITY_GATE,FAIL_SALES_CAGR
e715b83a3ce74f4ba7763b844d98ffbd,QUALITY_COMPOUNDER_VALUE_V2_FINAL,Quality Compounder Value V2 Final,FROZEN_V2_PROD_1.0,TATAELXSI,NSE_EQ|TATAELXSI,NSE,EQUITY,CERTIFIED_CLEAN_886,785,2026-10-01T14:32:15.021368+05:30,2026-10-01T14:32:45.910120+05:30,2026-10-01T14:32:45.910120+05:30,2026-10-01T14:32:45.910120+05:30,FULLY_EVALUABLE,REJECTED,False,NONE,False,True,QUALITY_GATE,FAIL_PAT_CAGR
e715b83a3ce74f4ba7763b844d98ffbd,QUALITY_COMPOUNDER_VALUE_V2_FINAL,Quality Compounder Value V2 Final,FROZEN_V2_PROD_1.0,TATAPOWER,NSE_EQ|TATAPOWER,NSE,EQUITY,CERTIFIED_CLEAN_886,786,2026-10-01T14:32:15.021368+05:30,2026-10-01T14:32:45.920902+05:30,2026-10-01T14:32:45.920902+05:30,2026-10-01T14:32:45.920902+05:30,FULLY_EVALUABLE,REJECTED,False,NONE,False,True,QUALITY_GATE,FAIL_ROCE
e715b83a3ce74f4ba7763b844d98ffbd,QUALITY_COMPOUNDER_VALUE_V2_FINAL,Quality Compounder Value V2 Final,FROZEN_V2_PROD_1.0,TATASTEEL,NSE_EQ|TATASTEEL,NSE,EQUITY,CERTIFIED_CLEAN_886,787,2026-10-01T14:32:15.021368+05:30,2026-10-01T14:32:45.938140+05:30,2026-10-01T14:32:45.938140+05:30,2026-10-01T14:32:45.938140+05:30,FULLY_EVALUABLE,REJECTED,False,NONE,False,True,QUALITY_GATE,FAIL_ROCE
e715b83a3ce74f4ba7763b844d98ffbd,QUALITY_COMPOUNDER_VALUE_V2_FINAL,Quality Compounder Value V2 Final,FROZEN_V2_PROD_1.0,TATATECH,NSE_EQ|TATATECH,NSE,EQUITY,CERTIFIED_CLEAN_886,788,2026-10-01T14:32:15.021368+05:30,2026-10-01T14:32:45.954870+05:30,2026-10-01T14:32:45.954870+05:30,2026-10-01T14:32:45.954870+05:30,FULLY_EVALUABLE,REJECTED,False,NONE,False,True,QUALITY_GATE,FAIL_CFO_PAT
e715b83a3ce74f4ba7763b844d98ffbd,QUALITY_COMPOUNDER_VALUE_V2_FINAL,Quality Compounder Value V2 Final,FROZEN_V2_PROD_1.0,TBOTEK,NSE_EQ|TBOTEK,NSE,EQUITY,CERTIFIED_CLEAN_886,789,2026-10-01T14:32:15.021368+05:30,2026-10-01T14:32:45.971495+05:30,2026-10-01T14:32:45.971495+05:30,2026-10-01T14:32:45.971495+05:30,FULLY_EVALUABLE,REJECTED,False,NONE,False,True,QUALITY_GATE,FAIL_PAT_CAGR
e715b83a3ce74f4ba7763b844d98ffbd,QUALITY_COMPOUNDER_VALUE_V2_FINAL,Quality Compounder Value V2 Final,FROZEN_V2_PROD_1.0,TBZ,NSE_EQ|TBZ,NSE,EQUITY,CERTIFIED_CLEAN_886,790,2026-10-01T14:32:15.021368+05:30,2026-10-01T14:32:45.989102+05:30,2026-10-01T14:32:45.989102+05:30,2026-10-01T14:32:45.989102+05:30,FULLY_EVALUABLE,REJECTED,False,NONE,False,True,QUALITY_GATE,FAIL_ROCE
e715b83a3ce74f4ba7763b844d98ffbd,QUALITY_COMPOUNDER_VALUE_V2_FINAL,Quality Compounder Value V2 Final,FROZEN_V2_PROD_1.0,TCI,NSE_EQ|TCI,NSE,EQUITY,CERTIFIED_CLEAN_886,791,2026-10-01T14:32:15.021368+05:30,2026-10-01T14:32:46.005682+05:30,2026-10-01T14:32:46.005682+05:30,2026-10-01T14:32:46.005682+05:30,FULLY_EVALUABLE,REJECTED,False,NONE,False,True,VALUATION_GATE,FAIL_VALUATION
e715b83a3ce74f4ba7763b844d98ffbd,QUALITY_COMPOUNDER_VALUE_V2_FINAL,Quality Compounder Value V2 Final,FROZEN_V2_PROD_1.0,TCIEXP,NSE_EQ|TCIEXP,NSE,EQUITY,CERTIFIED_CLEAN_886,792,2026-10-01T14:32:15.021368+05:30,2026-10-01T14:32:46.022178+05:30,2026-10-01T14:32:46.022178+05:30,2026-10-01T14:32:46.022178+05:30,FULLY_EVALUABLE,REJECTED,False,NONE,False,True,QUALITY_GATE,FAIL_SALES_CAGR
e715b83a3ce74f4ba7763b844d98ffbd,QUALITY_COMPOUNDER_VALUE_V2_FINAL,Quality Compounder Value V2 Final,FROZEN_V2_PROD_1.0,TCPLPACK,NSE_EQ|TCPLPACK,NSE,EQUITY,CERTIFIED_CLEAN_886,793,2026-10-01T14:32:15.021368+05:30,2026-10-01T14:32:46.038947+05:30,2026-10-01T14:32:46.038947+05:30,2026-10-01T14:32:46.038947+05:30,FULLY_EVALUABLE,REJECTED,False,NONE,False,True,QUALITY_GATE,FAIL_DEBT
e715b83a3ce74f4ba7763b844d98ffbd,QUALITY_COMPOUNDER_VALUE_V2_FINAL,Quality Compounder Value V2 Final,FROZEN_V2_PROD_1.0,TCS,NSE_EQ|TCS,NSE,EQUITY,CERTIFIED_CLEAN_886,794,2026-10-01T14:32:15.021368+05:30,2026-10-01T14:32:46.280365+05:30,2026-10-01T14:32:46.280365+05:30,2026-10-01T14:32:46.280365+05:30,FULLY_EVALUABLE,ALERT_BUY,True,BUY,False,False,NONE,PASS
e715b83a3ce74f4ba7763b844d98ffbd,QUALITY_COMPOUNDER_VALUE_V2_FINAL,Quality Compounder Value V2 Final,FROZEN_V2_PROD_1.0,TDPOWERSYS,NSE_EQ|TDPOWERSYS,NSE,EQUITY,CERTIFIED_CLEAN_886,795,2026-10-01T14:32:15.021368+05:30,2026-10-01T14:32:46.295775+05:30,2026-10-01T14:32:46.295775+05:30,2026-10-01T14:32:46.295775+05:30,FULLY_EVALUABLE,REJECTED,False,NONE,False,True,QUALITY_GATE,FAIL_CFO_PAT
e715b83a3ce74f4ba7763b844d98ffbd,QUALITY_COMPOUNDER_VALUE_V2_FINAL,Quality Compounder Value V2 Final,FROZEN_V2_PROD_1.0,TEAMLEASE,NSE_EQ|TEAMLEASE,NSE,EQUITY,CERTIFIED_CLEAN_886,796,2026-10-01T14:32:15.021368+05:30,2026-10-01T14:32:46.315408+05:30,2026-10-01T14:32:46.315408+05:30,2026-10-01T14:32:46.315408+05:30,FULLY_EVALUABLE,REJECTED,False,NONE,False,True,QUALITY_GATE,FAIL_ROCE
e715b83a3ce74f4ba7763b844d98ffbd,QUALITY_COMPOUNDER_VALUE_V2_FINAL,Quality Compounder Value V2 Final,FROZEN_V2_PROD_1.0,TECHM,NSE_EQ|TECHM,NSE,EQUITY,CERTIFIED_CLEAN_886,797,2026-10-01T14:32:15.021368+05:30,2026-10-01T14:32:46.331609+05:30,2026-10-01T14:32:46.331609+05:30,2026-10-01T14:32:46.331609+05:30,FULLY_EVALUABLE,REJECTED,False,NONE,False,True,QUALITY_GATE,FAIL_SALES_CAGR
e715b83a3ce74f4ba7763b844d98ffbd,QUALITY_COMPOUNDER_VALUE_V2_FINAL,Quality Compounder Value V2 Final,FROZEN_V2_PROD_1.0,TECHNOE,NSE_EQ|TECHNOE,NSE,EQUITY,CERTIFIED_CLEAN_886,798,2026-10-01T14:32:15.021368+05:30,2026-10-01T14:32:46.345578+05:30,2026-10-01T14:32:46.345578+05:30,2026-10-01T14:32:46.345578+05:30,FULLY_EVALUABLE,REJECTED,False,NONE,False,True,QUALITY_GATE,FAIL_CFO_PAT
e715b83a3ce74f4ba7763b844d98ffbd,QUALITY_COMPOUNDER_VALUE_V2_FINAL,Quality Compounder Value V2 Final,FROZEN_V2_PROD_1.0,TENNIND,NSE_EQ|TENNIND,NSE,EQUITY,CERTIFIED_CLEAN_886,799,2026-10-01T14:32:15.021368+05:30,2026-10-01T14:32:46.357559+05:30,2026-10-01T14:32:46.357559+05:30,2026-10-01T14:32:46.357559+05:30,FULLY_EVALUABLE,REJECTED,False,NONE,False,True,QUALITY_GATE,FAIL_SALES_CAGR
e715b83a3ce74f4ba7763b844d98ffbd,QUALITY_COMPOUNDER_VALUE_V2_FINAL,Quality Compounder Value V2 Final,FROZEN_V2_PROD_1.0,THANGAMAYL,NSE_EQ|THANGAMAYL,NSE,EQUITY,CERTIFIED_CLEAN_886,800,2026-10-01T14:32:15.021368+05:30,2026-10-01T14:32:46.370149+05:30,2026-10-01T14:32:46.370149+05:30,2026-10-01T14:32:46.370149+05:30,FULLY_EVALUABLE,REJECTED,False,NONE,False,True,QUALITY_GATE,FAIL_CFO_PAT
e715b83a3ce74f4ba7763b844d98ffbd,QUALITY_COMPOUNDER_VALUE_V2_FINAL,Quality Compounder Value V2 Final,FROZEN_V2_PROD_1.0,THEJO,NSE_EQ|THEJO,NSE,EQUITY,CERTIFIED_CLEAN_886,801,2026-10-01T14:32:15.021368+05:30,2026-10-01T14:32:46.383105+05:30,2026-10-01T14:32:46.383105+05:30,2026-10-01T14:32:46.383105+05:30,FULLY_EVALUABLE,REJECTED,False,NONE,False,True,QUALITY_GATE,FAIL_LIQUIDITY
e715b83a3ce74f4ba7763b844d98ffbd,QUALITY_COMPOUNDER_VALUE_V2_FINAL,Quality Compounder Value V2 Final,FROZEN_V2_PROD_1.0,THELEELA,NSE_EQ|THELEELA,NSE,EQUITY,CERTIFIED_CLEAN_886,802,2026-10-01T14:32:15.021368+05:30,2026-10-01T14:32:46.396920+05:30,2026-10-01T14:32:46.396920+05:30,2026-10-01T14:32:46.396920+05:30,FULLY_EVALUABLE,REJECTED,False,NONE,False,True,QUALITY_GATE,FAIL_PAT_CAGR
e715b83a3ce74f4ba7763b844d98ffbd,QUALITY_COMPOUNDER_VALUE_V2_FINAL,Quality Compounder Value V2 Final,FROZEN_V2_PROD_1.0,THERMAX,NSE_EQ|THERMAX,NSE,EQUITY,CERTIFIED_CLEAN_886,803,2026-10-01T14:32:15.021368+05:30,2026-10-01T14:32:46.413723+05:30,2026-10-01T14:32:46.413723+05:30,2026-10-01T14:32:46.413723+05:30,FULLY_EVALUABLE,REJECTED,False,NONE,False,True,QUALITY_GATE,FAIL_ROCE
e715b83a3ce74f4ba7763b844d98ffbd,QUALITY_COMPOUNDER_VALUE_V2_FINAL,Quality Compounder Value V2 Final,FROZEN_V2_PROD_1.0,THYROCARE,NSE_EQ|THYROCARE,NSE,EQUITY,CERTIFIED_CLEAN_886,804,2026-10-01T14:32:15.021368+05:30,2026-10-01T14:32:46.427011+05:30,2026-10-01T14:32:46.427011+05:30,2026-10-01T14:32:46.427011+05:30,FULLY_EVALUABLE,REJECTED,False,NONE,False,True,QUALITY_GATE,FAIL_PAT_CAGR
e715b83a3ce74f4ba7763b844d98ffbd,QUALITY_COMPOUNDER_VALUE_V2_FINAL,Quality Compounder Value V2 Final,FROZEN_V2_PROD_1.0,TIIL,NSE_EQ|TIIL,NSE,EQUITY,CERTIFIED_CLEAN_886,805,2026-10-01T14:32:15.021368+05:30,2026-10-01T14:32:46.442632+05:30,2026-10-01T14:32:46.442632+05:30,2026-10-01T14:32:46.442632+05:30,FULLY_EVALUABLE,REJECTED,False,NONE,False,True,QUALITY_GATE,FAIL_CFO_PAT
e715b83a3ce74f4ba7763b844d98ffbd,QUALITY_COMPOUNDER_VALUE_V2_FINAL,Quality Compounder Value V2 Final,FROZEN_V2_PROD_1.0,TIINDIA,NSE_EQ|TIINDIA,NSE,EQUITY,CERTIFIED_CLEAN_886,806,2026-10-01T14:32:15.021368+05:30,2026-10-01T14:32:46.677466+05:30,2026-10-01T14:32:46.677466+05:30,2026-10-01T14:32:46.677466+05:30,FULLY_EVALUABLE,ALERT_BUY,True,BUY,False,False,NONE,PASS
e715b83a3ce74f4ba7763b844d98ffbd,QUALITY_COMPOUNDER_VALUE_V2_FINAL,Quality Compounder Value V2 Final,FROZEN_V2_PROD_1.0,TIMETECHNO,NSE_EQ|TIMETECHNO,NSE,EQUITY,CERTIFIED_CLEAN_886,807,2026-10-01T14:32:15.021368+05:30,2026-10-01T14:32:46.691836+05:30,2026-10-01T14:32:46.691836+05:30,2026-10-01T14:32:46.691836+05:30,FULLY_EVALUABLE,REJECTED,False,NONE,False,True,VALUATION_GATE,FAIL_VALUATION
e715b83a3ce74f4ba7763b844d98ffbd,QUALITY_COMPOUNDER_VALUE_V2_FINAL,Quality Compounder Value V2 Final,FROZEN_V2_PROD_1.0,TIMEX,NSE_EQ|TIMEX,NSE,EQUITY,CERTIFIED_CLEAN_886,808,2026-10-01T14:32:15.021368+05:30,2026-10-01T14:32:46.708717+05:30,2026-10-01T14:32:46.708717+05:30,2026-10-01T14:32:46.708717+05:30,FULLY_EVALUABLE,REJECTED,False,NONE,False,True,QUALITY_GATE,FAIL_PAT_CAGR
e715b83a3ce74f4ba7763b844d98ffbd,QUALITY_COMPOUNDER_VALUE_V2_FINAL,Quality Compounder Value V2 Final,FROZEN_V2_PROD_1.0,TIMKEN,NSE_EQ|TIMKEN,NSE,EQUITY,CERTIFIED_CLEAN_886,809,2026-10-01T14:32:15.021368+05:30,2026-10-01T14:32:46.724318+05:30,2026-10-01T14:32:46.724318+05:30,2026-10-01T14:32:46.724318+05:30,FULLY_EVALUABLE,REJECTED,False,NONE,False,True,QUALITY_GATE,FAIL_SALES_CAGR
e715b83a3ce74f4ba7763b844d98ffbd,QUALITY_COMPOUNDER_VALUE_V2_FINAL,Quality Compounder Value V2 Final,FROZEN_V2_PROD_1.0,TINNARUBR,NSE_EQ|TINNARUBR,NSE,EQUITY,CERTIFIED_CLEAN_886,810,2026-10-01T14:32:15.021368+05:30,2026-10-01T14:32:46.735703+05:30,2026-10-01T14:32:46.735703+05:30,2026-10-01T14:32:46.735703+05:30,FULLY_EVALUABLE,REJECTED,False,NONE,False,True,QUALITY_GATE,FAIL_PAT_CAGR
e715b83a3ce74f4ba7763b844d98ffbd,QUALITY_COMPOUNDER_VALUE_V2_FINAL,Quality Compounder Value V2 Final,FROZEN_V2_PROD_1.0,TIPSMUSIC,NSE_EQ|TIPSMUSIC,NSE,EQUITY,CERTIFIED_CLEAN_886,811,2026-10-01T14:32:15.021368+05:30,2026-10-01T14:32:47.055412+05:30,2026-10-01T14:32:47.055412+05:30,2026-10-01T14:32:47.055412+05:30,FULLY_EVALUABLE,ALERT_BUY,True,BUY,False,False,NONE,PASS
e715b83a3ce74f4ba7763b844d98ffbd,QUALITY_COMPOUNDER_VALUE_V2_FINAL,Quality Compounder Value V2 Final,FROZEN_V2_PROD_1.0,TITAN,NSE_EQ|TITAN,NSE,EQUITY,CERTIFIED_CLEAN_886,812,2026-10-01T14:32:15.021368+05:30,2026-10-01T14:32:47.072494+05:30,2026-10-01T14:32:47.072494+05:30,2026-10-01T14:32:47.072494+05:30,FULLY_EVALUABLE,REJECTED,False,NONE,False,True,QUALITY_GATE,FAIL_CFO_PAT
e715b83a3ce74f4ba7763b844d98ffbd,QUALITY_COMPOUNDER_VALUE_V2_FINAL,Quality Compounder Value V2 Final,FROZEN_V2_PROD_1.0,TMB,NSE_EQ|TMB,NSE,EQUITY,CERTIFIED_CLEAN_886,813,2026-10-01T14:32:15.021368+05:30,2026-10-01T14:32:47.092940+05:30,2026-10-01T14:32:47.092940+05:30,2026-10-01T14:32:47.092940+05:30,FULLY_EVALUABLE,REJECTED,False,NONE,False,True,QUALITY_GATE,METRIC_NOT_APPLICABLE_FINANCIAL
e715b83a3ce74f4ba7763b844d98ffbd,QUALITY_COMPOUNDER_VALUE_V2_FINAL,Quality Compounder Value V2 Final,FROZEN_V2_PROD_1.0,TNPL,NSE_EQ|TNPL,NSE,EQUITY,CERTIFIED_CLEAN_886,814,2026-10-01T14:32:15.021368+05:30,2026-10-01T14:32:47.110892+05:30,2026-10-01T14:32:47.110892+05:30,2026-10-01T14:32:47.110892+05:30,FULLY_EVALUABLE,REJECTED,False,NONE,False,True,QUALITY_GATE,FAIL_ROCE
e715b83a3ce74f4ba7763b844d98ffbd,QUALITY_COMPOUNDER_VALUE_V2_FINAL,Quality Compounder Value V2 Final,FROZEN_V2_PROD_1.0,TORNTPHARM,NSE_EQ|TORNTPHARM,NSE,EQUITY,CERTIFIED_CLEAN_886,815,2026-10-01T14:32:15.021368+05:30,2026-10-01T14:32:47.133095+05:30,2026-10-01T14:32:47.133095+05:30,2026-10-01T14:32:47.133095+05:30,FULLY_EVALUABLE,REJECTED,False,NONE,False,True,QUALITY_GATE,FAIL_DEBT
e715b83a3ce74f4ba7763b844d98ffbd,QUALITY_COMPOUNDER_VALUE_V2_FINAL,Quality Compounder Value V2 Final,FROZEN_V2_PROD_1.0,TORNTPOWER,NSE_EQ|TORNTPOWER,NSE,EQUITY,CERTIFIED_CLEAN_886,816,2026-10-01T14:32:15.021368+05:30,2026-10-01T14:32:47.156996+05:30,2026-10-01T14:32:47.156996+05:30,2026-10-01T14:32:47.156996+05:30,FULLY_EVALUABLE,REJECTED,False,NONE,False,True,QUALITY_GATE,FAIL_DEBT
e715b83a3ce74f4ba7763b844d98ffbd,QUALITY_COMPOUNDER_VALUE_V2_FINAL,Quality Compounder Value V2 Final,FROZEN_V2_PROD_1.0,TRANSRAILL,NSE_EQ|TRANSRAILL,NSE,EQUITY,CERTIFIED_CLEAN_886,817,2026-10-01T14:32:15.021368+05:30,2026-10-01T14:32:47.399328+05:30,2026-10-01T14:32:47.399328+05:30,2026-10-01T14:32:47.399328+05:30,FULLY_EVALUABLE,ALERT_BUY,True,BUY,False,False,NONE,PASS
e715b83a3ce74f4ba7763b844d98ffbd,QUALITY_COMPOUNDER_VALUE_V2_FINAL,Quality Compounder Value V2 Final,FROZEN_V2_PROD_1.0,TRAVELFOOD,NSE_EQ|TRAVELFOOD,NSE,EQUITY,CERTIFIED_CLEAN_886,818,2026-10-01T14:32:15.021368+05:30,2026-10-01T14:32:47.420426+05:30,2026-10-01T14:32:47.420426+05:30,2026-10-01T14:32:47.420426+05:30,FULLY_EVALUABLE,REJECTED,False,NONE,False,True,QUALITY_GATE,FAIL_PAT_CAGR
e715b83a3ce74f4ba7763b844d98ffbd,QUALITY_COMPOUNDER_VALUE_V2_FINAL,Quality Compounder Value V2 Final,FROZEN_V2_PROD_1.0,TRENT,NSE_EQ|TRENT,NSE,EQUITY,CERTIFIED_CLEAN_886,819,2026-10-01T14:32:15.021368+05:30,2026-10-01T14:32:47.445001+05:30,2026-10-01T14:32:47.445001+05:30,2026-10-01T14:32:47.445001+05:30,FULLY_EVALUABLE,REJECTED,False,NONE,False,True,QUALITY_GATE,FAIL_PAT_CAGR
e715b83a3ce74f4ba7763b844d98ffbd,QUALITY_COMPOUNDER_VALUE_V2_FINAL,Quality Compounder Value V2 Final,FROZEN_V2_PROD_1.0,TRITURBINE,NSE_EQ|TRITURBINE,NSE,EQUITY,CERTIFIED_CLEAN_886,820,2026-10-01T14:32:15.021368+05:30,2026-10-01T14:32:47.455980+05:30,2026-10-01T14:32:47.455980+05:30,2026-10-01T14:32:47.455980+05:30,FULLY_EVALUABLE,REJECTED,False,NONE,False,True,VALUATION_GATE,FAIL_VALUATION
e715b83a3ce74f4ba7763b844d98ffbd,QUALITY_COMPOUNDER_VALUE_V2_FINAL,Quality Compounder Value V2 Final,FROZEN_V2_PROD_1.0,TRUALT,NSE_EQ|TRUALT,NSE,EQUITY,CERTIFIED_CLEAN_886,821,2026-10-01T14:32:15.021368+05:30,2026-10-01T14:32:47.467918+05:30,2026-10-01T14:32:47.467918+05:30,2026-10-01T14:32:47.467918+05:30,FULLY_EVALUABLE,REJECTED,False,NONE,False,True,QUALITY_GATE,FAIL_ROCE
e715b83a3ce74f4ba7763b844d98ffbd,QUALITY_COMPOUNDER_VALUE_V2_FINAL,Quality Compounder Value V2 Final,FROZEN_V2_PROD_1.0,TSFINV,NSE_EQ|TSFINV,NSE,EQUITY,CERTIFIED_CLEAN_886,822,2026-10-01T14:32:15.021368+05:30,2026-10-01T14:32:47.480340+05:30,2026-10-01T14:32:47.480340+05:30,2026-10-01T14:32:47.480340+05:30,FULLY_EVALUABLE,REJECTED,False,NONE,False,True,QUALITY_GATE,METRIC_NOT_APPLICABLE_FINANCIAL
e715b83a3ce74f4ba7763b844d98ffbd,QUALITY_COMPOUNDER_VALUE_V2_FINAL,Quality Compounder Value V2 Final,FROZEN_V2_PROD_1.0,TTKPRESTIG,NSE_EQ|TTKPRESTIG,NSE,EQUITY,CERTIFIED_CLEAN_886,823,2026-10-01T14:32:15.021368+05:30,2026-10-01T14:32:47.498799+05:30,2026-10-01T14:32:47.498799+05:30,2026-10-01T14:32:47.498799+05:30,FULLY_EVALUABLE,REJECTED,False,NONE,False,True,QUALITY_GATE,FAIL_SALES_CAGR
e715b83a3ce74f4ba7763b844d98ffbd,QUALITY_COMPOUNDER_VALUE_V2_FINAL,Quality Compounder Value V2 Final,FROZEN_V2_PROD_1.0,TVSMOTOR,NSE_EQ|TVSMOTOR,NSE,EQUITY,CERTIFIED_CLEAN_886,824,2026-10-01T14:32:15.021368+05:30,2026-10-01T14:32:47.512438+05:30,2026-10-01T14:32:47.512438+05:30,2026-10-01T14:32:47.512438+05:30,FULLY_EVALUABLE,REJECTED,False,NONE,False,True,QUALITY_GATE,FAIL_ROCE
e715b83a3ce74f4ba7763b844d98ffbd,QUALITY_COMPOUNDER_VALUE_V2_FINAL,Quality Compounder Value V2 Final,FROZEN_V2_PROD_1.0,UBL,NSE_EQ|UBL,NSE,EQUITY,CERTIFIED_CLEAN_886,825,2026-10-01T14:32:15.021368+05:30,2026-10-01T14:32:47.524781+05:30,2026-10-01T14:32:47.524781+05:30,2026-10-01T14:32:47.524781+05:30,FULLY_EVALUABLE,REJECTED,False,NONE,False,True,QUALITY_GATE,FAIL_ROCE
e715b83a3ce74f4ba7763b844d98ffbd,QUALITY_COMPOUNDER_VALUE_V2_FINAL,Quality Compounder Value V2 Final,FROZEN_V2_PROD_1.0,UDS,NSE_EQ|UDS,NSE,EQUITY,CERTIFIED_CLEAN_886,826,2026-10-01T14:32:15.021368+05:30,2026-10-01T14:32:47.541510+05:30,2026-10-01T14:32:47.541510+05:30,2026-10-01T14:32:47.541510+05:30,FULLY_EVALUABLE,REJECTED,False,NONE,False,True,QUALITY_GATE,FAIL_ROCE
e715b83a3ce74f4ba7763b844d98ffbd,QUALITY_COMPOUNDER_VALUE_V2_FINAL,Quality Compounder Value V2 Final,FROZEN_V2_PROD_1.0,ULTRACEMCO,NSE_EQ|ULTRACEMCO,NSE,EQUITY,CERTIFIED_CLEAN_886,827,2026-10-01T14:32:15.021368+05:30,2026-10-01T14:32:47.634792+05:30,2026-10-01T14:32:47.634792+05:30,2026-10-01T14:32:47.634792+05:30,FULLY_EVALUABLE,REJECTED,False,NONE,False,True,QUALITY_GATE,FAIL_ROCE
e715b83a3ce74f4ba7763b844d98ffbd,QUALITY_COMPOUNDER_VALUE_V2_FINAL,Quality Compounder Value V2 Final,FROZEN_V2_PROD_1.0,ULTRAMAR,NSE_EQ|ULTRAMAR,NSE,EQUITY,CERTIFIED_CLEAN_886,828,2026-10-01T14:32:15.021368+05:30,2026-10-01T14:32:47.662701+05:30,2026-10-01T14:32:47.662701+05:30,2026-10-01T14:32:47.662701+05:30,FULLY_EVALUABLE,REJECTED,False,NONE,False,True,QUALITY_GATE,FAIL_ROCE
e715b83a3ce74f4ba7763b844d98ffbd,QUALITY_COMPOUNDER_VALUE_V2_FINAL,Quality Compounder Value V2 Final,FROZEN_V2_PROD_1.0,UNICHEMLAB,NSE_EQ|UNICHEMLAB,NSE,EQUITY,CERTIFIED_CLEAN_886,829,2026-10-01T14:32:15.021368+05:30,2026-10-01T14:32:47.682055+05:30,2026-10-01T14:32:47.682055+05:30,2026-10-01T14:32:47.682055+05:30,FULLY_EVALUABLE,REJECTED,False,NONE,False,True,QUALITY_GATE,FAIL_ROCE
e715b83a3ce74f4ba7763b844d98ffbd,QUALITY_COMPOUNDER_VALUE_V2_FINAL,Quality Compounder Value V2 Final,FROZEN_V2_PROD_1.0,UNIMECH,NSE_EQ|UNIMECH,NSE,EQUITY,CERTIFIED_CLEAN_886,830,2026-10-01T14:32:15.021368+05:30,2026-10-01T14:32:47.691713+05:30,2026-10-01T14:32:47.691713+05:30,2026-10-01T14:32:47.691713+05:30,FULLY_EVALUABLE,REJECTED,False,NONE,False,True,VALUATION_GATE,FAIL_VALUATION
e715b83a3ce74f4ba7763b844d98ffbd,QUALITY_COMPOUNDER_VALUE_V2_FINAL,Quality Compounder Value V2 Final,FROZEN_V2_PROD_1.0,UNIONBANK,NSE_EQ|UNIONBANK,NSE,EQUITY,CERTIFIED_CLEAN_886,831,2026-10-01T14:32:15.021368+05:30,2026-10-01T14:32:47.704652+05:30,2026-10-01T14:32:47.704652+05:30,2026-10-01T14:32:47.704652+05:30,FULLY_EVALUABLE,REJECTED,False,NONE,False,True,QUALITY_GATE,METRIC_NOT_APPLICABLE_FINANCIAL
e715b83a3ce74f4ba7763b844d98ffbd,QUALITY_COMPOUNDER_VALUE_V2_FINAL,Quality Compounder Value V2 Final,FROZEN_V2_PROD_1.0,UNIPARTS,NSE_EQ|UNIPARTS,NSE,EQUITY,CERTIFIED_CLEAN_886,832,2026-10-01T14:32:15.021368+05:30,2026-10-01T14:32:47.715542+05:30,2026-10-01T14:32:47.715542+05:30,2026-10-01T14:32:47.715542+05:30,FULLY_EVALUABLE,REJECTED,False,NONE,False,True,QUALITY_GATE,FAIL_SALES_CAGR
e715b83a3ce74f4ba7763b844d98ffbd,QUALITY_COMPOUNDER_VALUE_V2_FINAL,Quality Compounder Value V2 Final,FROZEN_V2_PROD_1.0,UNITDSPR,NSE_EQ|UNITDSPR,NSE,EQUITY,CERTIFIED_CLEAN_886,833,2026-10-01T14:32:15.021368+05:30,2026-10-01T14:32:47.727343+05:30,2026-10-01T14:32:47.727343+05:30,2026-10-01T14:32:47.727343+05:30,FULLY_EVALUABLE,REJECTED,False,NONE,False,True,QUALITY_GATE,FAIL_SALES_CAGR
e715b83a3ce74f4ba7763b844d98ffbd,QUALITY_COMPOUNDER_VALUE_V2_FINAL,Quality Compounder Value V2 Final,FROZEN_V2_PROD_1.0,UNIVCABLES,NSE_EQ|UNIVCABLES,NSE,EQUITY,CERTIFIED_CLEAN_886,834,2026-10-01T14:32:15.021368+05:30,2026-10-01T14:32:47.740692+05:30,2026-10-01T14:32:47.740692+05:30,2026-10-01T14:32:47.740692+05:30,FULLY_EVALUABLE,REJECTED,False,NONE,False,True,QUALITY_GATE,FAIL_ROCE
e715b83a3ce74f4ba7763b844d98ffbd,QUALITY_COMPOUNDER_VALUE_V2_FINAL,Quality Compounder Value V2 Final,FROZEN_V2_PROD_1.0,UNOMINDA,NSE_EQ|UNOMINDA,NSE,EQUITY,CERTIFIED_CLEAN_886,835,2026-10-01T14:32:15.021368+05:30,2026-10-01T14:32:47.751543+05:30,2026-10-01T14:32:47.751543+05:30,2026-10-01T14:32:47.751543+05:30,FULLY_EVALUABLE,REJECTED,False,NONE,False,True,VALUATION_GATE,FAIL_VALUATION
e715b83a3ce74f4ba7763b844d98ffbd,QUALITY_COMPOUNDER_VALUE_V2_FINAL,Quality Compounder Value V2 Final,FROZEN_V2_PROD_1.0,USHAMART,NSE_EQ|USHAMART,NSE,EQUITY,CERTIFIED_CLEAN_886,836,2026-10-01T14:32:15.021368+05:30,2026-10-01T14:32:47.765771+05:30,2026-10-01T14:32:47.765771+05:30,2026-10-01T14:32:47.765771+05:30,FULLY_EVALUABLE,REJECTED,False,NONE,False,True,VALUATION_GATE,FAIL_VALUATION
e715b83a3ce74f4ba7763b844d98ffbd,QUALITY_COMPOUNDER_VALUE_V2_FINAL,Quality Compounder Value V2 Final,FROZEN_V2_PROD_1.0,UTIAMC,NSE_EQ|UTIAMC,NSE,EQUITY,CERTIFIED_CLEAN_886,837,2026-10-01T14:32:15.021368+05:30,2026-10-01T14:32:47.777659+05:30,2026-10-01T14:32:47.777659+05:30,2026-10-01T14:32:47.777659+05:30,FULLY_EVALUABLE,REJECTED,False,NONE,False,True,QUALITY_GATE,METRIC_NOT_APPLICABLE_FINANCIAL
e715b83a3ce74f4ba7763b844d98ffbd,QUALITY_COMPOUNDER_VALUE_V2_FINAL,Quality Compounder Value V2 Final,FROZEN_V2_PROD_1.0,UTLSOLAR,NSE_EQ|UTLSOLAR,NSE,EQUITY,CERTIFIED_CLEAN_886,838,2026-10-01T14:32:15.021368+05:30,2026-10-01T14:32:47.792140+05:30,2026-10-01T14:32:47.792140+05:30,2026-10-01T14:32:47.792140+05:30,STRUCTURAL_INELIGIBLE,BLOCKED,False,NONE,True,True,DATA_GATE,DATA_INSUFFICIENT_QUALITY
e715b83a3ce74f4ba7763b844d98ffbd,QUALITY_COMPOUNDER_VALUE_V2_FINAL,Quality Compounder Value V2 Final,FROZEN_V2_PROD_1.0,V2RETAIL,NSE_EQ|V2RETAIL,NSE,EQUITY,CERTIFIED_CLEAN_886,839,2026-10-01T14:32:15.021368+05:30,2026-10-01T14:32:47.804780+05:30,2026-10-01T14:32:47.804780+05:30,2026-10-01T14:32:47.804780+05:30,FULLY_EVALUABLE,REJECTED,False,NONE,False,True,QUALITY_GATE,FAIL_ROCE
e715b83a3ce74f4ba7763b844d98ffbd,QUALITY_COMPOUNDER_VALUE_V2_FINAL,Quality Compounder Value V2 Final,FROZEN_V2_PROD_1.0,VADILALIND,NSE_EQ|VADILALIND,NSE,EQUITY,CERTIFIED_CLEAN_886,840,2026-10-01T14:32:15.021368+05:30,2026-10-01T14:32:47.824874+05:30,2026-10-01T14:32:47.824874+05:30,2026-10-01T14:32:47.824874+05:30,FULLY_EVALUABLE,REJECTED,False,NONE,False,True,VALUATION_GATE,FAIL_VALUATION
e715b83a3ce74f4ba7763b844d98ffbd,QUALITY_COMPOUNDER_VALUE_V2_FINAL,Quality Compounder Value V2 Final,FROZEN_V2_PROD_1.0,VAIBHAVGBL,NSE_EQ|VAIBHAVGBL,NSE,EQUITY,CERTIFIED_CLEAN_886,841,2026-10-01T14:32:15.021368+05:30,2026-10-01T14:32:47.839084+05:30,2026-10-01T14:32:47.839084+05:30,2026-10-01T14:32:47.839084+05:30,FULLY_EVALUABLE,REJECTED,False,NONE,False,True,QUALITY_GATE,FAIL_SALES_CAGR
e715b83a3ce74f4ba7763b844d98ffbd,QUALITY_COMPOUNDER_VALUE_V2_FINAL,Quality Compounder Value V2 Final,FROZEN_V2_PROD_1.0,VARROC,NSE_EQ|VARROC,NSE,EQUITY,CERTIFIED_CLEAN_886,842,2026-10-01T14:32:15.021368+05:30,2026-10-01T14:32:47.851183+05:30,2026-10-01T14:32:47.851183+05:30,2026-10-01T14:32:47.851183+05:30,FULLY_EVALUABLE,REJECTED,False,NONE,False,True,QUALITY_GATE,FAIL_ROCE
e715b83a3ce74f4ba7763b844d98ffbd,QUALITY_COMPOUNDER_VALUE_V2_FINAL,Quality Compounder Value V2 Final,FROZEN_V2_PROD_1.0,VBL,NSE_EQ|VBL,NSE,EQUITY,CERTIFIED_CLEAN_886,843,2026-10-01T14:32:15.021368+05:30,2026-10-01T14:32:48.091934+05:30,2026-10-01T14:32:48.091934+05:30,2026-10-01T14:32:48.091934+05:30,FULLY_EVALUABLE,ALERT_BUY,True,BUY,False,False,NONE,PASS
e715b83a3ce74f4ba7763b844d98ffbd,QUALITY_COMPOUNDER_VALUE_V2_FINAL,Quality Compounder Value V2 Final,FROZEN_V2_PROD_1.0,VEEDOL,NSE_EQ|VEEDOL,NSE,EQUITY,CERTIFIED_CLEAN_886,844,2026-10-01T14:32:15.021368+05:30,2026-10-01T14:32:48.106762+05:30,2026-10-01T14:32:48.106762+05:30,2026-10-01T14:32:48.106762+05:30,FULLY_EVALUABLE,REJECTED,False,NONE,False,True,QUALITY_GATE,FAIL_LIQUIDITY
e715b83a3ce74f4ba7763b844d98ffbd,QUALITY_COMPOUNDER_VALUE_V2_FINAL,Quality Compounder Value V2 Final,FROZEN_V2_PROD_1.0,VENKEYS,NSE_EQ|VENKEYS,NSE,EQUITY,CERTIFIED_CLEAN_886,845,2026-10-01T14:32:15.021368+05:30,2026-10-01T14:32:48.120838+05:30,2026-10-01T14:32:48.120838+05:30,2026-10-01T14:32:48.120838+05:30,FULLY_EVALUABLE,REJECTED,False,NONE,False,True,QUALITY_GATE,FAIL_ROCE
e715b83a3ce74f4ba7763b844d98ffbd,QUALITY_COMPOUNDER_VALUE_V2_FINAL,Quality Compounder Value V2 Final,FROZEN_V2_PROD_1.0,VENTIVE,NSE_EQ|VENTIVE,NSE,EQUITY,CERTIFIED_CLEAN_886,846,2026-10-01T14:32:15.021368+05:30,2026-10-01T14:32:48.131530+05:30,2026-10-01T14:32:48.131530+05:30,2026-10-01T14:32:48.131530+05:30,FULLY_EVALUABLE,REJECTED,False,NONE,False,True,QUALITY_GATE,FAIL_LIQUIDITY
e715b83a3ce74f4ba7763b844d98ffbd,QUALITY_COMPOUNDER_VALUE_V2_FINAL,Quality Compounder Value V2 Final,FROZEN_V2_PROD_1.0,VENUSPIPES,NSE_EQ|VENUSPIPES,NSE,EQUITY,CERTIFIED_CLEAN_886,847,2026-10-01T14:32:15.021368+05:30,2026-10-01T14:32:48.154501+05:30,2026-10-01T14:32:48.154501+05:30,2026-10-01T14:32:48.154501+05:30,FULLY_EVALUABLE,REJECTED,False,NONE,False,True,QUALITY_GATE,FAIL_CFO_PAT
e715b83a3ce74f4ba7763b844d98ffbd,QUALITY_COMPOUNDER_VALUE_V2_FINAL,Quality Compounder Value V2 Final,FROZEN_V2_PROD_1.0,VENUSREM,NSE_EQ|VENUSREM,NSE,EQUITY,CERTIFIED_CLEAN_886,848,2026-10-01T14:32:15.021368+05:30,2026-10-01T14:32:48.170967+05:30,2026-10-01T14:32:48.170967+05:30,2026-10-01T14:32:48.170967+05:30,FULLY_EVALUABLE,REJECTED,False,NONE,False,True,QUALITY_GATE,FAIL_ROCE
e715b83a3ce74f4ba7763b844d98ffbd,QUALITY_COMPOUNDER_VALUE_V2_FINAL,Quality Compounder Value V2 Final,FROZEN_V2_PROD_1.0,VERANDA,NSE_EQ|VERANDA,NSE,EQUITY,CERTIFIED_CLEAN_886,849,2026-10-01T14:32:15.021368+05:30,2026-10-01T14:32:48.183628+05:30,2026-10-01T14:32:48.183628+05:30,2026-10-01T14:32:48.183628+05:30,FULLY_EVALUABLE,REJECTED,False,NONE,False,True,QUALITY_GATE,FAIL_ROCE
e715b83a3ce74f4ba7763b844d98ffbd,QUALITY_COMPOUNDER_VALUE_V2_FINAL,Quality Compounder Value V2 Final,FROZEN_V2_PROD_1.0,VERTIS,NSE_EQ|VERTIS,NSE,EQUITY,CERTIFIED_CLEAN_886,850,2026-10-01T14:32:15.021368+05:30,2026-10-01T14:32:48.196337+05:30,2026-10-01T14:32:48.196337+05:30,2026-10-01T14:32:48.196337+05:30,FULLY_EVALUABLE,REJECTED,False,NONE,False,True,QUALITY_GATE,FAIL_ROCE
e715b83a3ce74f4ba7763b844d98ffbd,QUALITY_COMPOUNDER_VALUE_V2_FINAL,Quality Compounder Value V2 Final,FROZEN_V2_PROD_1.0,VESUVIUS,NSE_EQ|VESUVIUS,NSE,EQUITY,CERTIFIED_CLEAN_886,851,2026-10-01T14:32:15.021368+05:30,2026-10-01T14:32:48.207027+05:30,2026-10-01T14:32:48.207027+05:30,2026-10-01T14:32:48.207027+05:30,FULLY_EVALUABLE,REJECTED,False,NONE,False,True,QUALITY_GATE,FAIL_CFO_PAT
e715b83a3ce74f4ba7763b844d98ffbd,QUALITY_COMPOUNDER_VALUE_V2_FINAL,Quality Compounder Value V2 Final,FROZEN_V2_PROD_1.0,VGUARD,NSE_EQ|VGUARD,NSE,EQUITY,CERTIFIED_CLEAN_886,852,2026-10-01T14:32:15.021368+05:30,2026-10-01T14:32:48.220308+05:30,2026-10-01T14:32:48.220308+05:30,2026-10-01T14:32:48.220308+05:30,FULLY_EVALUABLE,REJECTED,False,NONE,False,True,QUALITY_GATE,FAIL_PAT_CAGR
e715b83a3ce74f4ba7763b844d98ffbd,QUALITY_COMPOUNDER_VALUE_V2_FINAL,Quality Compounder Value V2 Final,FROZEN_V2_PROD_1.0,VIDHIING,NSE_EQ|VIDHIING,NSE,EQUITY,CERTIFIED_CLEAN_886,853,2026-10-01T14:32:15.021368+05:30,2026-10-01T14:32:48.232357+05:30,2026-10-01T14:32:48.232357+05:30,2026-10-01T14:32:48.232357+05:30,FULLY_EVALUABLE,REJECTED,False,NONE,False,True,QUALITY_GATE,FAIL_LIQUIDITY
e715b83a3ce74f4ba7763b844d98ffbd,QUALITY_COMPOUNDER_VALUE_V2_FINAL,Quality Compounder Value V2 Final,FROZEN_V2_PROD_1.0,VIJAYA,NSE_EQ|VIJAYA,NSE,EQUITY,CERTIFIED_CLEAN_886,854,2026-10-01T14:32:15.021368+05:30,2026-10-01T14:32:48.244062+05:30,2026-10-01T14:32:48.244062+05:30,2026-10-01T14:32:48.244062+05:30,FULLY_EVALUABLE,REJECTED,False,NONE,False,True,VALUATION_GATE,FAIL_VALUATION
e715b83a3ce74f4ba7763b844d98ffbd,QUALITY_COMPOUNDER_VALUE_V2_FINAL,Quality Compounder Value V2 Final,FROZEN_V2_PROD_1.0,VIKRAMSOLR,NSE_EQ|VIKRAMSOLR,NSE,EQUITY,CERTIFIED_CLEAN_886,855,2026-10-01T14:32:15.021368+05:30,2026-10-01T14:32:48.316707+05:30,2026-10-01T14:32:48.316707+05:30,2026-10-01T14:32:48.316707+05:30,FULLY_EVALUABLE,ALERT_BUY,True,BUY,False,False,NONE,PASS
e715b83a3ce74f4ba7763b844d98ffbd,QUALITY_COMPOUNDER_VALUE_V2_FINAL,Quality Compounder Value V2 Final,FROZEN_V2_PROD_1.0,VIMTALABS,NSE_EQ|VIMTALABS,NSE,EQUITY,CERTIFIED_CLEAN_886,856,2026-10-01T14:32:15.021368+05:30,2026-10-01T14:32:48.327943+05:30,2026-10-01T14:32:48.327943+05:30,2026-10-01T14:32:48.327943+05:30,FULLY_EVALUABLE,REJECTED,False,NONE,False,True,VALUATION_GATE,FAIL_VALUATION
e715b83a3ce74f4ba7763b844d98ffbd,QUALITY_COMPOUNDER_VALUE_V2_FINAL,Quality Compounder Value V2 Final,FROZEN_V2_PROD_1.0,VINATIORGA,NSE_EQ|VINATIORGA,NSE,EQUITY,CERTIFIED_CLEAN_886,857,2026-10-01T14:32:15.021368+05:30,2026-10-01T14:32:48.570387+05:30,2026-10-01T14:32:48.570387+05:30,2026-10-01T14:32:48.570387+05:30,FULLY_EVALUABLE,ALERT_BUY,True,BUY,False,False,NONE,PASS
e715b83a3ce74f4ba7763b844d98ffbd,QUALITY_COMPOUNDER_VALUE_V2_FINAL,Quality Compounder Value V2 Final,FROZEN_V2_PROD_1.0,VINCOFE,NSE_EQ|VINCOFE,NSE,EQUITY,CERTIFIED_CLEAN_886,858,2026-10-01T14:32:15.021368+05:30,2026-10-01T14:32:48.585741+05:30,2026-10-01T14:32:48.585741+05:30,2026-10-01T14:32:48.585741+05:30,FULLY_EVALUABLE,REJECTED,False,NONE,False,True,QUALITY_GATE,FAIL_ROCE
e715b83a3ce74f4ba7763b844d98ffbd,QUALITY_COMPOUNDER_VALUE_V2_FINAL,Quality Compounder Value V2 Final,FROZEN_V2_PROD_1.0,VINYAS,NSE_EQ|VINYAS,NSE,EQUITY,CERTIFIED_CLEAN_886,859,2026-10-01T14:32:15.021368+05:30,2026-10-01T14:32:48.600134+05:30,2026-10-01T14:32:48.600134+05:30,2026-10-01T14:32:48.600134+05:30,STRUCTURAL_INELIGIBLE,BLOCKED,False,NONE,True,True,DATA_GATE,FAIL_LIQUIDITY
e715b83a3ce74f4ba7763b844d98ffbd,QUALITY_COMPOUNDER_VALUE_V2_FINAL,Quality Compounder Value V2 Final,FROZEN_V2_PROD_1.0,VISHNU,NSE_EQ|VISHNU,NSE,EQUITY,CERTIFIED_CLEAN_886,860,2026-10-01T14:32:15.021368+05:30,2026-10-01T14:32:48.614519+05:30,2026-10-01T14:32:48.614519+05:30,2026-10-01T14:32:48.614519+05:30,FULLY_EVALUABLE,REJECTED,False,NONE,False,True,VALUATION_GATE,FAIL_VALUATION
e715b83a3ce74f4ba7763b844d98ffbd,QUALITY_COMPOUNDER_VALUE_V2_FINAL,Quality Compounder Value V2 Final,FROZEN_V2_PROD_1.0,VIYASH,NSE_EQ|VIYASH,NSE,EQUITY,CERTIFIED_CLEAN_886,861,2026-10-01T14:32:15.021368+05:30,2026-10-01T14:32:48.630679+05:30,2026-10-01T14:32:48.630679+05:30,2026-10-01T14:32:48.630679+05:30,FULLY_EVALUABLE,REJECTED,False,NONE,False,True,QUALITY_GATE,FAIL_ROCE
e715b83a3ce74f4ba7763b844d98ffbd,QUALITY_COMPOUNDER_VALUE_V2_FINAL,Quality Compounder Value V2 Final,FROZEN_V2_PROD_1.0,VMARCIND,NSE_EQ|VMARCIND,NSE,EQUITY,CERTIFIED_CLEAN_886,862,2026-10-01T14:32:15.021368+05:30,2026-10-01T14:32:48.641995+05:30,2026-10-01T14:32:48.641995+05:30,2026-10-01T14:32:48.641995+05:30,FULLY_EVALUABLE,REJECTED,False,NONE,False,True,QUALITY_GATE,FAIL_DEBT
e715b83a3ce74f4ba7763b844d98ffbd,QUALITY_COMPOUNDER_VALUE_V2_FINAL,Quality Compounder Value V2 Final,FROZEN_V2_PROD_1.0,VMART,NSE_EQ|VMART,NSE,EQUITY,CERTIFIED_CLEAN_886,863,2026-10-01T14:32:15.021368+05:30,2026-10-01T14:32:48.659284+05:30,2026-10-01T14:32:48.659284+05:30,2026-10-01T14:32:48.659284+05:30,FULLY_EVALUABLE,REJECTED,False,NONE,False,True,QUALITY_GATE,FAIL_ROCE
e715b83a3ce74f4ba7763b844d98ffbd,QUALITY_COMPOUNDER_VALUE_V2_FINAL,Quality Compounder Value V2 Final,FROZEN_V2_PROD_1.0,VMM,NSE_EQ|VMM,NSE,EQUITY,CERTIFIED_CLEAN_886,864,2026-10-01T14:32:15.021368+05:30,2026-10-01T14:32:48.672446+05:30,2026-10-01T14:32:48.672446+05:30,2026-10-01T14:32:48.672446+05:30,FULLY_EVALUABLE,REJECTED,False,NONE,False,True,QUALITY_GATE,FAIL_ROCE
e715b83a3ce74f4ba7763b844d98ffbd,QUALITY_COMPOUNDER_VALUE_V2_FINAL,Quality Compounder Value V2 Final,FROZEN_V2_PROD_1.0,VOLTAMP,NSE_EQ|VOLTAMP,NSE,EQUITY,CERTIFIED_CLEAN_886,865,2026-10-01T14:32:15.021368+05:30,2026-10-01T14:32:48.684559+05:30,2026-10-01T14:32:48.684559+05:30,2026-10-01T14:32:48.684559+05:30,FULLY_EVALUABLE,REJECTED,False,NONE,False,True,QUALITY_GATE,FAIL_CFO_PAT
e715b83a3ce74f4ba7763b844d98ffbd,QUALITY_COMPOUNDER_VALUE_V2_FINAL,Quality Compounder Value V2 Final,FROZEN_V2_PROD_1.0,VSSL,NSE_EQ|VSSL,NSE,EQUITY,CERTIFIED_CLEAN_886,866,2026-10-01T14:32:15.021368+05:30,2026-10-01T14:32:48.699320+05:30,2026-10-01T14:32:48.699320+05:30,2026-10-01T14:32:48.699320+05:30,FULLY_EVALUABLE,REJECTED,False,NONE,False,True,QUALITY_GATE,FAIL_SALES_CAGR
e715b83a3ce74f4ba7763b844d98ffbd,QUALITY_COMPOUNDER_VALUE_V2_FINAL,Quality Compounder Value V2 Final,FROZEN_V2_PROD_1.0,VSTIND,NSE_EQ|VSTIND,NSE,EQUITY,CERTIFIED_CLEAN_886,867,2026-10-01T14:32:15.021368+05:30,2026-10-01T14:32:48.712443+05:30,2026-10-01T14:32:48.712443+05:30,2026-10-01T14:32:48.712443+05:30,FULLY_EVALUABLE,REJECTED,False,NONE,False,True,QUALITY_GATE,FAIL_SALES_CAGR
e715b83a3ce74f4ba7763b844d98ffbd,QUALITY_COMPOUNDER_VALUE_V2_FINAL,Quality Compounder Value V2 Final,FROZEN_V2_PROD_1.0,VSTTILLERS,NSE_EQ|VSTTILLERS,NSE,EQUITY,CERTIFIED_CLEAN_886,868,2026-10-01T14:32:15.021368+05:30,2026-10-01T14:32:48.724330+05:30,2026-10-01T14:32:48.724330+05:30,2026-10-01T14:32:48.724330+05:30,FULLY_EVALUABLE,REJECTED,False,NONE,False,True,QUALITY_GATE,FAIL_ROCE
e715b83a3ce74f4ba7763b844d98ffbd,QUALITY_COMPOUNDER_VALUE_V2_FINAL,Quality Compounder Value V2 Final,FROZEN_V2_PROD_1.0,WAAREEENER,NSE_EQ|WAAREEENER,NSE,EQUITY,CERTIFIED_CLEAN_886,869,2026-10-01T14:32:15.021368+05:30,2026-10-01T14:32:48.845170+05:30,2026-10-01T14:32:48.845170+05:30,2026-10-01T14:32:48.845170+05:30,FULLY_EVALUABLE,ALERT_BUY,True,BUY,False,False,NONE,PASS
e715b83a3ce74f4ba7763b844d98ffbd,QUALITY_COMPOUNDER_VALUE_V2_FINAL,Quality Compounder Value V2 Final,FROZEN_V2_PROD_1.0,WAAREEINDO,NSE_EQ|WAAREEINDO,NSE,EQUITY,CERTIFIED_CLEAN_886,870,2026-10-01T14:32:15.021368+05:30,2026-10-01T14:32:48.855468+05:30,2026-10-01T14:32:48.855468+05:30,2026-10-01T14:32:48.855468+05:30,FULLY_EVALUABLE,REJECTED,False,NONE,False,True,QUALITY_GATE,FAIL_UNIVERSE_MARKET_CAP
e715b83a3ce74f4ba7763b844d98ffbd,QUALITY_COMPOUNDER_VALUE_V2_FINAL,Quality Compounder Value V2 Final,FROZEN_V2_PROD_1.0,WAAREERTL,NSE_EQ|WAAREERTL,NSE,EQUITY,CERTIFIED_CLEAN_886,871,2026-10-01T14:32:15.021368+05:30,2026-10-01T14:32:48.866773+05:30,2026-10-01T14:32:48.866773+05:30,2026-10-01T14:32:48.866773+05:30,FULLY_EVALUABLE,REJECTED,False,NONE,False,True,QUALITY_GATE,FAIL_PAT_CAGR
e715b83a3ce74f4ba7763b844d98ffbd,QUALITY_COMPOUNDER_VALUE_V2_FINAL,Quality Compounder Value V2 Final,FROZEN_V2_PROD_1.0,WABAG,NSE_EQ|WABAG,NSE,EQUITY,CERTIFIED_CLEAN_886,872,2026-10-01T14:32:15.021368+05:30,2026-10-01T14:32:48.879735+05:30,2026-10-01T14:32:48.879735+05:30,2026-10-01T14:32:48.879735+05:30,FULLY_EVALUABLE,REJECTED,False,NONE,False,True,QUALITY_GATE,FAIL_SALES_CAGR
e715b83a3ce74f4ba7763b844d98ffbd,QUALITY_COMPOUNDER_VALUE_V2_FINAL,Quality Compounder Value V2 Final,FROZEN_V2_PROD_1.0,WEBELSOLAR,NSE_EQ|WEBELSOLAR,NSE,EQUITY,CERTIFIED_CLEAN_886,873,2026-10-01T14:32:15.021368+05:30,2026-10-01T14:32:49.081798+05:30,2026-10-01T14:32:49.081798+05:30,2026-10-01T14:32:49.081798+05:30,FULLY_EVALUABLE,ALERT_BUY,True,BUY,False,False,NONE,PASS
e715b83a3ce74f4ba7763b844d98ffbd,QUALITY_COMPOUNDER_VALUE_V2_FINAL,Quality Compounder Value V2 Final,FROZEN_V2_PROD_1.0,WELCORP,NSE_EQ|WELCORP,NSE,EQUITY,CERTIFIED_CLEAN_886,874,2026-10-01T14:32:15.021368+05:30,2026-10-01T14:32:49.099279+05:30,2026-10-01T14:32:49.099279+05:30,2026-10-01T14:32:49.099279+05:30,FULLY_EVALUABLE,REJECTED,False,NONE,False,True,VALUATION_GATE,FAIL_VALUATION
e715b83a3ce74f4ba7763b844d98ffbd,QUALITY_COMPOUNDER_VALUE_V2_FINAL,Quality Compounder Value V2 Final,FROZEN_V2_PROD_1.0,WELENT,NSE_EQ|WELENT,NSE,EQUITY,CERTIFIED_CLEAN_886,875,2026-10-01T14:32:15.021368+05:30,2026-10-01T14:32:49.115939+05:30,2026-10-01T14:32:49.115939+05:30,2026-10-01T14:32:49.115939+05:30,FULLY_EVALUABLE,REJECTED,False,NONE,False,True,QUALITY_GATE,FAIL_ROCE
e715b83a3ce74f4ba7763b844d98ffbd,QUALITY_COMPOUNDER_VALUE_V2_FINAL,Quality Compounder Value V2 Final,FROZEN_V2_PROD_1.0,WHEELS,NSE_EQ|WHEELS,NSE,EQUITY,CERTIFIED_CLEAN_886,876,2026-10-01T14:32:15.021368+05:30,2026-10-01T14:32:49.131547+05:30,2026-10-01T14:32:49.131547+05:30,2026-10-01T14:32:49.131547+05:30,FULLY_EVALUABLE,REJECTED,False,NONE,False,True,QUALITY_GATE,FAIL_ROCE
e715b83a3ce74f4ba7763b844d98ffbd,QUALITY_COMPOUNDER_VALUE_V2_FINAL,Quality Compounder Value V2 Final,FROZEN_V2_PROD_1.0,WINDLAS,NSE_EQ|WINDLAS,NSE,EQUITY,CERTIFIED_CLEAN_886,877,2026-10-01T14:32:15.021368+05:30,2026-10-01T14:32:49.148764+05:30,2026-10-01T14:32:49.148764+05:30,2026-10-01T14:32:49.148764+05:30,FULLY_EVALUABLE,REJECTED,False,NONE,False,True,VALUATION_GATE,FAIL_VALUATION
e715b83a3ce74f4ba7763b844d98ffbd,QUALITY_COMPOUNDER_VALUE_V2_FINAL,Quality Compounder Value V2 Final,FROZEN_V2_PROD_1.0,WIPRO,NSE_EQ|WIPRO,NSE,EQUITY,CERTIFIED_CLEAN_886,878,2026-10-01T14:32:15.021368+05:30,2026-10-01T14:32:49.169462+05:30,2026-10-01T14:32:49.169462+05:30,2026-10-01T14:32:49.169462+05:30,FULLY_EVALUABLE,REJECTED,False,NONE,False,True,QUALITY_GATE,FAIL_PAT_CAGR
e715b83a3ce74f4ba7763b844d98ffbd,QUALITY_COMPOUNDER_VALUE_V2_FINAL,Quality Compounder Value V2 Final,FROZEN_V2_PROD_1.0,WPIL,NSE_EQ|WPIL,NSE,EQUITY,CERTIFIED_CLEAN_886,879,2026-10-01T14:32:15.021368+05:30,2026-10-01T14:32:49.184939+05:30,2026-10-01T14:32:49.184939+05:30,2026-10-01T14:32:49.184939+05:30,FULLY_EVALUABLE,REJECTED,False,NONE,False,True,QUALITY_GATE,FAIL_CFO_PAT
e715b83a3ce74f4ba7763b844d98ffbd,QUALITY_COMPOUNDER_VALUE_V2_FINAL,Quality Compounder Value V2 Final,FROZEN_V2_PROD_1.0,YATHARTH,NSE_EQ|YATHARTH,NSE,EQUITY,CERTIFIED_CLEAN_886,880,2026-10-01T14:32:15.021368+05:30,2026-10-01T14:32:49.201523+05:30,2026-10-01T14:32:49.201523+05:30,2026-10-01T14:32:49.201523+05:30,FULLY_EVALUABLE,REJECTED,False,NONE,False,True,VALUATION_GATE,FAIL_VALUATION
e715b83a3ce74f4ba7763b844d98ffbd,QUALITY_COMPOUNDER_VALUE_V2_FINAL,Quality Compounder Value V2 Final,FROZEN_V2_PROD_1.0,ZAGGLE,NSE_EQ|ZAGGLE,NSE,EQUITY,CERTIFIED_CLEAN_886,881,2026-10-01T14:32:15.021368+05:30,2026-10-01T14:32:49.222889+05:30,2026-10-01T14:32:49.222889+05:30,2026-10-01T14:32:49.222889+05:30,FULLY_EVALUABLE,REJECTED,False,NONE,False,True,QUALITY_GATE,FAIL_CFO_PAT
e715b83a3ce74f4ba7763b844d98ffbd,QUALITY_COMPOUNDER_VALUE_V2_FINAL,Quality Compounder Value V2 Final,FROZEN_V2_PROD_1.0,ZENSARTECH,NSE_EQ|ZENSARTECH,NSE,EQUITY,CERTIFIED_CLEAN_886,882,2026-10-01T14:32:15.021368+05:30,2026-10-01T14:32:49.254432+05:30,2026-10-01T14:32:49.254432+05:30,2026-10-01T14:32:49.254432+05:30,FULLY_EVALUABLE,REJECTED,False,NONE,False,True,QUALITY_GATE,FAIL_SALES_CAGR
e715b83a3ce74f4ba7763b844d98ffbd,QUALITY_COMPOUNDER_VALUE_V2_FINAL,Quality Compounder Value V2 Final,FROZEN_V2_PROD_1.0,ZENTEC,NSE_EQ|ZENTEC,NSE,EQUITY,CERTIFIED_CLEAN_886,883,2026-10-01T14:32:15.021368+05:30,2026-10-01T14:32:49.272851+05:30,2026-10-01T14:32:49.272851+05:30,2026-10-01T14:32:49.272851+05:30,FULLY_EVALUABLE,REJECTED,False,NONE,False,True,QUALITY_GATE,FAIL_CFO_PAT
e715b83a3ce74f4ba7763b844d98ffbd,QUALITY_COMPOUNDER_VALUE_V2_FINAL,Quality Compounder Value V2 Final,FROZEN_V2_PROD_1.0,ZFCVINDIA,NSE_EQ|ZFCVINDIA,NSE,EQUITY,CERTIFIED_CLEAN_886,884,2026-10-01T14:32:15.021368+05:30,2026-10-01T14:32:49.289942+05:30,2026-10-01T14:32:49.289942+05:30,2026-10-01T14:32:49.289942+05:30,FULLY_EVALUABLE,REJECTED,False,NONE,False,True,VALUATION_GATE,FAIL_VALUATION
e715b83a3ce74f4ba7763b844d98ffbd,QUALITY_COMPOUNDER_VALUE_V2_FINAL,Quality Compounder Value V2 Final,FROZEN_V2_PROD_1.0,ZSARACOM,NSE_EQ|ZSARACOM,NSE,EQUITY,CERTIFIED_CLEAN_886,885,2026-10-01T14:32:15.021368+05:30,2026-10-01T14:32:49.305324+05:30,2026-10-01T14:32:49.305324+05:30,2026-10-01T14:32:49.305324+05:30,FULLY_EVALUABLE,REJECTED,False,NONE,False,True,QUALITY_GATE,METRIC_NOT_APPLICABLE_FINANCIAL
e715b83a3ce74f4ba7763b844d98ffbd,QUALITY_COMPOUNDER_VALUE_V2_FINAL,Quality Compounder Value V2 Final,FROZEN_V2_PROD_1.0,ZYDUSLIFE,NSE_EQ|ZYDUSLIFE,NSE,EQUITY,CERTIFIED_CLEAN_886,886,2026-10-01T14:32:15.021368+05:30,2026-10-01T14:32:49.320739+05:30,2026-10-01T14:32:49.320739+05:30,2026-10-01T14:32:49.320739+05:30,FULLY_EVALUABLE,REJECTED,False,NONE,False,True,VALUATION_GATE,FAIL_VALUATION
