symbol,signal_timestamp,signal_regime,entry_timestamp,entry_price,stop_loss,target_1,target_2,target_3,target_4,exit_timestamp,exit_price,exit_reason,r_multiple,holding_period_bars_or_days,composite_score,gate_pattern_type,gate_clv_floor,gate_rvol_floor,gate_upper_wick,gate_risk_pct,naive_baseline_fired,data_source_flags
AARTIDRUGS,2025-12-23 15:30:00 IST,SIDEWAYS,2025-12-23 09:15:00 IST,410.15,385.54,447.06,459.37,471.67,483.98,2026-01-08 15:30:00 IST,385.54,STOP_LOSS,-1.0,12,89.0,V_REVERSAL,True,True,True,6.0,True,NONE
AARTIDRUGS,2026-01-28 15:30:00 IST,BEAR,2026-01-28 09:15:00 IST,382.65,359.69,417.08,428.57,440.05,451.53,2026-02-02 15:30:00 IST,417.08,TARGET_1,1.5,4,87.0,SHAKEOUT_RECLAIM,True,True,True,6.0,True,NONE
AARTIDRUGS,2026-04-27 15:30:00 IST,BULL,2026-04-27 09:15:00 IST,381.8,359.05,415.92,427.3,438.68,450.05,2026-05-13 15:30:00 IST,359.05,STOP_LOSS,-1.0,13,83.0,CUP_HANDLE,True,True,True,5.96,True,NONE
AARTIDRUGS,2026-05-04 15:30:00 IST,BULL,2026-05-04 09:15:00 IST,395.85,373.74,429.02,440.07,451.13,462.18,2026-05-11 15:30:00 IST,373.74,STOP_LOSS,-1.0,6,95.0,MULTI_MONTH_BASE_BREAKOUT,True,True,True,5.59,True,NONE
AARTIDRUGS,2026-06-22 15:30:00 IST,SIDEWAYS,2026-06-22 09:15:00 IST,376.4,363.18,396.23,402.84,409.45,416.06,2026-07-07 15:30:00 IST,396.23,TARGET_1,1.5,12,92.0,SHAKEOUT_RECLAIM,True,True,True,3.51,True,NONE
AADHARHFC,2025-12-01 15:30:00 IST,BEAR,2025-12-01 09:15:00 IST,484.8,477.1,496.35,500.2,504.05,507.9,2025-12-14 15:30:00 IST,496.35,TARGET_1,1.5,10,86.0,SHAKEOUT_RECLAIM,True,True,True,1.59,True,NONE
AADHARHFC,2026-01-21 15:30:00 IST,BEAR,2026-01-21 09:15:00 IST,470.8,464.07,480.89,484.26,487.63,490.99,2026-01-29 15:30:00 IST,480.89,TARGET_1,1.5,6,84.0,SHAKEOUT_RECLAIM,True,True,True,1.43,True,NONE
AADHARHFC,2026-05-05 15:30:00 IST,BULL,2026-05-05 09:15:00 IST,517.45,486.4,564.03,579.55,595.08,610.6,2026-05-11 15:30:00 IST,486.4,STOP_LOSS,-1.0,5,88.0,BULL_FLAG,True,True,True,6.0,True,NONE
AADHARHFC,2026-06-12 15:30:00 IST,SIDEWAYS,2026-06-12 09:15:00 IST,473.65,447.55,512.8,525.85,538.9,551.95,2026-06-18 15:30:00 IST,512.8,TARGET_1,1.5,5,89.0,SHAKEOUT_RECLAIM,True,True,True,5.51,True,NONE
AADHARHFC,2026-06-19 15:30:00 IST,SIDEWAYS,2026-06-19 09:15:00 IST,515.1,484.19,561.46,576.92,592.38,607.83,2026-07-05 15:30:00 IST,561.46,TARGET_1,1.5,11,89.0,V_REVERSAL,True,True,True,6.0,True,NONE
AARTIPHARM,2025-12-22 15:30:00 IST,SIDEWAYS,2025-12-22 09:15:00 IST,777.7,731.04,847.69,871.02,894.35,917.68,2025-12-28 15:30:00 IST,731.04,STOP_LOSS,-1.0,4,85.0,BULL_PENNANT,True,True,True,6.0,True,NONE
AARTIPHARM,2026-01-21 15:30:00 IST,BULL,2026-01-21 09:15:00 IST,792.22,744.69,863.52,887.28,911.04,934.81,2026-01-26 15:30:00 IST,744.69,STOP_LOSS,-1.0,3,91.0,SHAKEOUT_RECLAIM,True,True,True,6.0,True,NONE
AARTIPHARM,2026-05-06 15:30:00 IST,BULL,2026-05-06 09:15:00 IST,788.45,741.14,859.42,883.07,906.73,930.38,2026-05-10 15:30:00 IST,741.14,STOP_LOSS,-1.0,3,81.0,V_REVERSAL,True,True,True,6.0,True,NONE
AARTIPHARM,2026-08-10 15:30:00 IST,BULL,2026-08-10 09:15:00 IST,823.0,773.62,897.07,921.76,946.45,971.14,2026-08-10 15:30:00 IST,897.07,TARGET_1,1.5,1,94.0,WYCKOFF_SPRING_TYPE_2,True,True,True,6.0,True,NONE
360ONE,2025-09-09 15:30:00 IST,SIDEWAYS,2025-09-09 09:15:00 IST,1081.43,1041.8,1140.89,1160.69,1180.51,1200.32,2025-09-22 15:30:00 IST,1041.8,STOP_LOSS,-1.0,9,90.0,V_REVERSAL,True,True,True,3.66,True,NONE
360ONE,2025-12-05 15:30:00 IST,BULL,2025-12-05 09:15:00 IST,1125.53,1065.08,1216.2,1246.43,1276.66,1306.88,2026-01-02 15:30:00 IST,1138.42,TIMEOUT_20D,0.21,20,90.0,MULTI_MONTH_BASE_BREAKOUT,True,True,True,5.37,True,NONE
360ONE,2026-06-17 15:30:00 IST,SIDEWAYS,2026-06-17 09:15:00 IST,930.5,883.35,1001.23,1024.8,1048.38,1071.95,2026-06-22 15:30:00 IST,883.35,STOP_LOSS,-1.0,3,88.0,WYCKOFF_SPRING_TYPE_2,True,True,True,5.07,True,NONE
3MINDIA,2025-06-05 15:30:00 IST,SIDEWAYS,2025-06-05 09:15:00 IST,1245.09,1191.58,1325.36,1352.11,1378.86,1405.62,2025-07-03 15:30:00 IST,1245.14,TIMEOUT_20D,0.0,20,90.0,WYCKOFF_SPRING_TYPE_2,True,True,True,4.3,True,NONE
3MINDIA,2026-02-04 15:30:00 IST,BULL,2026-02-04 09:15:00 IST,1721.08,1670.82,1796.47,1821.6,1846.73,1871.86,2026-03-02 15:30:00 IST,1796.47,TARGET_1,1.5,18,86.0,CUP_HANDLE,True,True,True,2.92,True,NONE
AAVAS,2026-05-05 15:30:00 IST,BULL,2026-05-05 09:15:00 IST,1445.8,1359.05,1575.93,1619.3,1662.67,1706.05,2026-05-12 15:30:00 IST,1359.05,STOP_LOSS,-1.0,6,88.0,BULL_FLAG,True,True,True,6.0,True,NONE
AAVAS,2026-06-10 15:30:00 IST,BEAR,2026-06-10 09:15:00 IST,1299.6,1241.36,1386.96,1416.08,1445.2,1474.32,2026-06-11 15:30:00 IST,1386.96,TARGET_1,1.5,2,88.0,SHAKEOUT_RECLAIM,True,True,True,4.48,True,NONE
AARTIIND,2025-11-28 15:30:00 IST,BULL,2025-11-28 09:15:00 IST,2049.62,1926.65,2234.08,2295.56,2357.04,2418.53,2025-11-30 15:30:00 IST,1926.65,STOP_LOSS,-1.0,1,100.0,SHAKEOUT_RECLAIM,True,True,True,6.0,True,NONE
AARTIIND,2026-01-28 15:30:00 IST,BULL,2026-01-28 09:15:00 IST,2129.02,2001.28,2320.63,2384.5,2448.37,2512.24,2026-01-28 15:30:00 IST,2001.28,STOP_LOSS,-1.0,1,95.0,WYCKOFF_SPRING_TYPE_2,True,True,True,6.0,True,NONE
AARTIIND,2026-03-16 15:30:00 IST,BULL,2026-03-16 09:15:00 IST,2156.49,2027.1,2350.57,2415.27,2479.96,2544.66,2026-03-16 15:30:00 IST,2027.1,STOP_LOSS,-1.0,1,99.0,WYCKOFF_SPRING_TYPE_2,True,True,True,6.0,True,NONE
AARTIIND,2026-04-10 15:30:00 IST,BULL,2026-04-10 09:15:00 IST,2138.72,2010.39,2331.21,2395.38,2459.54,2523.71,2026-04-12 15:30:00 IST,2010.39,STOP_LOSS,-1.0,1,97.0,WYCKOFF_SPRING_TYPE_2,True,True,True,6.0,True,NONE
AARTIIND,2026-05-18 15:30:00 IST,BULL,2026-05-18 09:15:00 IST,2119.31,2026.66,2258.29,2304.61,2350.93,2397.26,2026-05-18 15:30:00 IST,2026.66,STOP_LOSS,-1.0,1,94.0,DOUBLE_BOTTOM,True,True,True,4.37,True,NONE
AARTIIND,2026-05-22 15:30:00 IST,BULL,2026-05-22 09:15:00 IST,2149.93,2020.94,2343.42,2407.91,2472.4,2536.9,2026-05-24 15:30:00 IST,2020.94,STOP_LOSS,-1.0,1,90.0,WYCKOFF_SPRING_TYPE_2,True,True,True,6.0,True,NONE
AARTIIND,2026-05-28 15:30:00 IST,BULL,2026-05-28 09:15:00 IST,2148.64,2019.72,2342.02,2406.48,2470.94,2535.4,2026-05-28 15:30:00 IST,2019.72,STOP_LOSS,-1.0,1,96.0,SHAKEOUT_RECLAIM,True,True,True,6.0,True,NONE
AARTIIND,2026-07-22 15:30:00 IST,BULL,2026-07-22 09:15:00 IST,2134.38,2006.32,2326.48,2390.5,2454.53,2518.56,2026-07-22 15:30:00 IST,2006.32,STOP_LOSS,-1.0,1,87.0,HIGHER_LOW_REVERSAL,True,True,True,6.0,True,NONE
ABB,2026-01-29 15:30:00 IST,SIDEWAYS,2026-01-29 09:15:00 IST,5451.7,5185.75,5850.63,5983.6,6116.57,6249.55,2026-02-09 15:30:00 IST,5850.63,TARGET_1,1.5,8,95.0,MULTI_MONTH_BASE_BREAKOUT,True,True,True,4.88,True,NONE
ABB,2026-04-09 15:30:00 IST,BULL,2026-04-09 09:15:00 IST,6587.06,6266.21,7068.33,7228.76,7389.19,7549.61,2026-04-19 15:30:00 IST,7068.33,TARGET_1,1.5,6,85.0,DOUBLE_BOTTOM,True,True,True,4.87,True,NONE
ABB,2026-08-03 15:30:00 IST,BULL,2026-08-03 09:15:00 IST,7512.56,7061.81,8188.68,8414.06,8639.44,8864.81,2026-09-09 15:30:00 IST,7329.0,TIMEOUT_20D,-0.41,20,97.0,WYCKOFF_SPRING_TYPE_2,True,True,True,6.0,True,NONE
ABFRL,2026-04-13 15:30:00 IST,SIDEWAYS,2026-04-13 09:15:00 IST,61.96,58.24,67.54,69.4,71.26,73.12,2026-05-06 15:30:00 IST,67.54,TARGET_1,1.5,17,84.0,V_REVERSAL,True,True,True,6.0,True,NONE
ABFRL,2026-05-04 15:30:00 IST,BULL,2026-05-04 09:15:00 IST,65.93,61.97,71.87,73.85,75.83,77.81,2026-05-17 15:30:00 IST,61.97,STOP_LOSS,-1.0,10,93.0,SHAKEOUT_RECLAIM,True,True,True,6.01,True,NONE
ABFRL,2026-06-24 15:30:00 IST,SIDEWAYS,2026-06-24 09:15:00 IST,61.6,57.9,67.15,69.0,70.85,72.7,2026-06-29 15:30:00 IST,57.9,STOP_LOSS,-1.0,4,94.0,WYCKOFF_SPRING_TYPE_2,True,True,True,6.01,True,NONE
ABFRL,2026-08-03 15:30:00 IST,SIDEWAYS,2026-08-03 09:15:00 IST,62.41,58.67,68.02,69.89,71.76,73.63,2026-08-09 15:30:00 IST,58.67,STOP_LOSS,-1.0,5,90.0,WYCKOFF_SPRING_TYPE_2,True,True,True,5.99,True,NONE
ABLBL,2026-03-10 15:30:00 IST,BEAR,2026-03-10 09:15:00 IST,103.46,97.25,112.78,115.88,118.98,122.09,2026-03-12 15:30:00 IST,97.25,STOP_LOSS,-1.0,3,95.0,SHAKEOUT_RECLAIM,True,True,True,6.0,True,NONE
ABLBL,2026-05-05 15:30:00 IST,BULL,2026-05-05 09:15:00 IST,104.24,97.98,113.62,116.76,119.89,123.02,2026-05-06 15:30:00 IST,113.62,TARGET_1,1.5,2,95.0,SHAKEOUT_RECLAIM,True,True,True,6.0,True,NONE
ABLBL,2026-07-13 15:30:00 IST,SIDEWAYS,2026-07-13 09:15:00 IST,98.72,92.79,107.6,110.58,113.54,116.51,2026-07-22 15:30:00 IST,92.79,STOP_LOSS,-1.0,8,92.0,SHAKEOUT_RECLAIM,True,True,True,6.0,True,NONE
ABLBL,2026-08-03 15:30:00 IST,SIDEWAYS,2026-08-03 09:15:00 IST,95.4,90.96,102.07,104.28,106.5,108.72,2026-08-11 15:30:00 IST,90.96,STOP_LOSS,-1.0,7,90.0,WYCKOFF_SPRING_TYPE_2,True,True,True,4.66,True,NONE
ABSLAMC,2025-12-30 15:30:00 IST,BULL,2025-12-30 09:15:00 IST,808.49,759.98,881.26,905.51,929.76,954.02,2026-01-11 15:30:00 IST,759.98,STOP_LOSS,-1.0,9,89.0,HIGHER_LOW_REVERSAL,True,True,True,6.0,True,NONE
ABSLAMC,2026-02-02 15:30:00 IST,SIDEWAYS,2026-02-02 09:15:00 IST,757.66,717.91,817.29,837.16,857.03,876.91,2026-02-09 15:30:00 IST,817.29,TARGET_1,1.5,6,92.0,SHAKEOUT_RECLAIM,True,True,True,5.25,True,NONE
ABSLAMC,2026-02-18 15:30:00 IST,BULL,2026-02-18 09:15:00 IST,884.68,831.6,964.3,990.84,1017.38,1043.92,2026-03-03 15:30:00 IST,831.6,STOP_LOSS,-1.0,9,87.0,BULL_FLAG,True,True,True,6.0,True,NONE
ABSLAMC,2026-04-15 15:30:00 IST,BULL,2026-04-15 09:15:00 IST,1022.14,960.81,1114.13,1144.8,1175.47,1206.13,2026-05-12 15:30:00 IST,1008.53,TIMEOUT_20D,-0.22,20,78.0,V_REVERSAL,True,True,True,6.0,True,NONE
ABSLAMC,2026-06-09 15:30:00 IST,BULL,2026-06-09 09:15:00 IST,1036.43,980.13,1120.88,1149.03,1177.18,1205.33,2026-06-14 15:30:00 IST,1120.88,TARGET_1,1.5,4,91.0,DOUBLE_BOTTOM,True,True,True,5.43,True,NONE
ABSLAMC,2026-06-15 15:30:00 IST,BULL,2026-06-15 09:15:00 IST,1118.08,1052.19,1216.92,1249.86,1282.8,1315.75,2026-07-12 15:30:00 IST,1145.01,TIMEOUT_20D,0.41,20,89.0,DOUBLE_BOTTOM,True,True,True,5.89,True,NONE
ABSLAMC,2026-07-13 15:30:00 IST,BULL,2026-07-13 09:15:00 IST,1145.01,1082.5,1238.77,1270.03,1301.28,1332.54,2026-07-20 15:30:00 IST,1082.5,STOP_LOSS,-1.0,6,86.0,CUP_HANDLE,True,True,True,5.46,True,NONE
ABSLAMC,2026-08-26 15:30:00 IST,SIDEWAYS,2026-08-26 09:15:00 IST,1033.5,988.13,1101.56,1124.24,1146.92,1169.61,2026-09-10 15:30:00 IST,1101.56,TARGET_1,1.5,11,96.0,DOUBLE_BOTTOM,True,True,True,4.39,True,NONE
ABDL,2025-05-13 15:30:00 IST,BULL,2025-05-13 09:15:00 IST,1765.6,1683.24,1889.14,1930.32,1971.5,2012.68,2025-05-19 15:30:00 IST,1683.24,STOP_LOSS,-1.0,4,91.0,MULTI_MONTH_BASE_BREAKOUT,True,True,True,4.66,True,NONE
ABDL,2025-06-12 15:30:00 IST,BULL,2025-06-12 09:15:00 IST,1772.88,1719.13,1853.51,1880.38,1907.26,1934.13,2025-06-27 15:30:00 IST,1719.13,STOP_LOSS,-1.0,11,88.0,ASCENDING_TRIANGLE,True,True,True,3.03,True,NONE
ABDL,2025-08-08 15:30:00 IST,BULL,2025-08-08 09:15:00 IST,1821.83,1767.72,1903.0,1930.05,1957.1,1984.16,2025-08-15 15:30:00 IST,1767.72,STOP_LOSS,-1.0,5,90.0,CUP_HANDLE,True,True,True,2.97,True,NONE
ABDL,2026-01-12 15:30:00 IST,SIDEWAYS,2026-01-12 09:15:00 IST,1659.47,1620.31,1718.21,1737.79,1757.37,1776.95,2026-01-16 15:30:00 IST,1620.31,STOP_LOSS,-1.0,4,77.0,CUP_HANDLE,True,True,True,2.36,True,NONE
ABDL,2026-03-26 15:30:00 IST,BULL,2026-03-26 09:15:00 IST,1714.05,1653.3,1805.18,1835.55,1865.92,1896.3,2026-04-06 15:30:00 IST,1653.3,STOP_LOSS,-1.0,7,88.0,CUP_HANDLE,True,True,True,3.54,True,NONE
ABDL,2026-06-01 15:30:00 IST,SIDEWAYS,2026-06-01 09:15:00 IST,1619.21,1552.69,1718.98,1752.25,1785.51,1818.77,2026-06-29 15:30:00 IST,1664.86,TIMEOUT_20D,0.69,20,84.0,WYCKOFF_SPRING_TYPE_2,True,True,True,4.11,True,NONE
ABDL,2026-07-22 15:30:00 IST,BULL,2026-07-22 09:15:00 IST,1882.63,1813.28,1986.66,2021.33,2056.01,2090.68,2026-07-29 15:30:00 IST,1986.66,TARGET_1,1.5,5,98.0,MULTI_MONTH_BASE_BREAKOUT,True,True,True,3.68,True,NONE
ABCAPITAL,2026-02-10 15:30:00 IST,BEAR,2026-02-10 09:15:00 IST,353.75,332.52,385.6,396.21,406.83,417.44,2026-02-10 15:30:00 IST,385.6,TARGET_1,1.5,1,83.0,WYCKOFF_SPRING_TYPE_2,True,True,True,6.0,True,NONE
ABCAPITAL,2026-02-24 15:30:00 IST,BEAR,2026-02-24 09:15:00 IST,349.3,329.44,379.09,389.02,398.95,408.88,2026-02-24 15:30:00 IST,379.09,TARGET_1,1.5,1,93.0,WYCKOFF_SPRING_TYPE_2,True,True,True,5.69,True,NONE
ABCAPITAL,2026-04-08 15:30:00 IST,BEAR,2026-04-08 09:15:00 IST,338.4,318.1,368.85,379.0,389.15,399.3,2026-04-08 15:30:00 IST,368.85,TARGET_1,1.5,1,93.0,WYCKOFF_SPRING_TYPE_2,True,True,True,6.0,True,NONE
ABCAPITAL,2026-04-10 15:30:00 IST,BEAR,2026-04-10 09:15:00 IST,341.9,321.39,372.66,382.92,393.17,403.43,2026-04-10 15:30:00 IST,372.66,TARGET_1,1.5,1,83.0,WYCKOFF_SPRING_TYPE_2,True,True,True,6.0,True,NONE
ABCAPITAL,2026-06-16 15:30:00 IST,SIDEWAYS,2026-06-16 09:15:00 IST,373.8,351.37,407.44,418.66,429.88,441.09,2026-06-16 15:30:00 IST,407.44,TARGET_1,1.5,1,86.0,WYCKOFF_SPRING_TYPE_2,True,True,True,6.0,True,NONE
ABCAPITAL,2026-06-19 15:30:00 IST,BEAR,2026-06-19 09:15:00 IST,375.9,353.35,409.72,421.0,432.27,443.55,2026-06-19 15:30:00 IST,409.72,TARGET_1,1.5,1,90.0,WYCKOFF_SPRING_TYPE_2,True,True,True,6.0,True,NONE
ABCAPITAL,2026-07-17 15:30:00 IST,BEAR,2026-07-17 09:15:00 IST,401.55,382.08,430.75,440.49,450.23,459.96,2026-07-17 15:30:00 IST,430.75,TARGET_1,1.5,1,89.0,WYCKOFF_SPRING_TYPE_2,True,True,True,4.85,True,NONE
ABCAPITAL,2026-08-31 15:30:00 IST,BEAR,2026-08-31 09:15:00 IST,409.4,391.83,435.75,444.54,453.32,462.11,2026-08-31 15:30:00 IST,391.83,STOP_LOSS,-1.0,1,93.0,WYCKOFF_SPRING_TYPE_2,True,True,True,4.29,True,NONE
ACE,2025-12-15 15:30:00 IST,SIDEWAYS,2025-12-15 09:15:00 IST,995.9,936.15,1085.53,1115.4,1145.28,1175.15,2025-12-17 15:30:00 IST,936.15,STOP_LOSS,-1.0,3,92.0,SHAKEOUT_RECLAIM,True,True,True,6.0,True,NONE
ACE,2026-05-08 15:30:00 IST,BULL,2026-05-08 09:15:00 IST,947.25,890.41,1032.51,1060.93,1089.35,1117.77,2026-05-11 15:30:00 IST,890.41,STOP_LOSS,-1.0,2,89.0,CUP_HANDLE,True,True,True,6.0,True,NONE
ACE,2026-06-05 15:30:00 IST,BULL,2026-06-05 09:15:00 IST,900.3,846.28,981.33,1008.34,1035.35,1062.36,2026-06-18 15:30:00 IST,981.33,TARGET_1,1.5,10,83.0,CUP_HANDLE,True,True,True,6.0,True,NONE
ACE,2026-06-17 15:30:00 IST,BULL,2026-06-17 09:15:00 IST,962.1,909.02,1041.72,1068.26,1094.8,1121.34,2026-06-22 15:30:00 IST,1041.72,TARGET_1,1.5,4,92.0,DOUBLE_BOTTOM,True,True,True,5.52,True,NONE
ACE,2026-07-24 15:30:00 IST,BULL,2026-07-24 09:15:00 IST,1039.4,977.04,1132.94,1164.12,1195.3,1226.48,2026-08-04 15:30:00 IST,1132.94,TARGET_1,1.5,8,95.0,SHAKEOUT_RECLAIM,True,True,True,6.0,True,NONE
ACE,2026-08-18 15:30:00 IST,BULL,2026-08-18 09:15:00 IST,1184.8,1113.71,1291.44,1326.98,1362.52,1398.07,2026-08-30 15:30:00 IST,1113.71,STOP_LOSS,-1.0,9,94.0,BULL_FLAG,True,True,True,6.0,True,NONE
ABREL,2025-08-01 15:30:00 IST,BULL,2025-08-01 09:15:00 IST,854.19,808.74,922.36,945.09,967.82,990.54,2025-08-18 15:30:00 IST,808.74,STOP_LOSS,-1.0,11,85.0,WYCKOFF_SPRING_TYPE_2,True,True,True,5.32,True,NONE
ABREL,2025-11-14 15:30:00 IST,SIDEWAYS,2025-11-14 09:15:00 IST,712.52,679.31,762.34,778.94,795.55,812.15,2025-12-12 15:30:00 IST,710.9,TIMEOUT_20D,-0.05,20,90.0,WYCKOFF_SPRING_TYPE_2,True,True,True,4.66,True,NONE
ABREL,2025-11-24 15:30:00 IST,SIDEWAYS,2025-11-24 09:15:00 IST,713.7,688.53,751.45,764.04,776.63,789.21,2025-12-22 15:30:00 IST,715.4,TIMEOUT_20D,0.07,20,88.0,V_REVERSAL,True,True,True,3.53,True,NONE
ABREL,2026-02-17 15:30:00 IST,BEAR,2026-02-17 09:15:00 IST,667.28,629.62,723.77,742.6,761.43,780.26,2026-03-17 15:30:00 IST,698.73,TIMEOUT_20D,0.84,20,87.0,V_REVERSAL,True,True,True,5.64,True,NONE
ABREL,2026-02-25 15:30:00 IST,SIDEWAYS,2026-02-25 09:15:00 IST,692.22,650.69,754.53,775.28,796.04,816.81,2026-03-25 15:30:00 IST,702.19,TIMEOUT_20D,0.24,20,87.0,WYCKOFF_SPRING_TYPE_2,True,True,True,6.0,True,NONE
ABREL,2026-04-07 15:30:00 IST,BULL,2026-04-07 09:15:00 IST,692.74,664.62,734.92,748.98,763.04,777.1,2026-05-01 15:30:00 IST,734.92,TARGET_1,1.5,18,81.0,CUP_HANDLE,True,True,True,4.06,True,NONE
ACMESOLAR,2025-10-21 15:30:00 IST,SIDEWAYS,2025-10-21 09:15:00 IST,290.09,272.69,316.2,324.89,333.59,342.29,2025-11-02 15:30:00 IST,272.69,STOP_LOSS,-1.0,8,88.0,SHAKEOUT_RECLAIM,True,True,True,6.0,True,NONE
ACMESOLAR,2025-12-29 15:30:00 IST,SIDEWAYS,2025-12-29 09:15:00 IST,235.45,221.33,256.64,263.69,270.75,277.81,2026-01-08 15:30:00 IST,221.33,STOP_LOSS,-1.0,9,85.0,V_REVERSAL,True,True,True,6.0,True,NONE
ACMESOLAR,2026-01-30 15:30:00 IST,SIDEWAYS,2026-01-30 09:15:00 IST,225.58,212.05,245.88,252.64,259.41,266.17,2026-02-01 15:30:00 IST,212.05,STOP_LOSS,-1.0,1,84.0,V_REVERSAL,True,True,True,6.0,True,NONE
ACMESOLAR,2026-03-27 15:30:00 IST,BULL,2026-03-27 09:15:00 IST,269.41,253.25,293.65,301.73,309.81,317.89,2026-04-16 15:30:00 IST,293.65,TARGET_1,1.5,12,90.0,WYCKOFF_SPRING_TYPE_2,True,True,True,6.0,True,NONE
ACMESOLAR,2026-04-13 15:30:00 IST,BULL,2026-04-13 09:15:00 IST,284.05,267.01,309.61,318.13,326.65,335.17,2026-04-19 15:30:00 IST,309.61,TARGET_1,1.5,4,87.0,SHAKEOUT_RECLAIM,True,True,True,6.0,True,NONE
ACMESOLAR,2026-05-11 15:30:00 IST,SIDEWAYS,2026-05-11 09:15:00 IST,290.25,272.83,316.38,325.09,333.8,342.51,2026-05-17 15:30:00 IST,272.83,STOP_LOSS,-1.0,5,83.0,HIGHER_LOW_REVERSAL,True,True,True,6.0,True,NONE
ACMESOLAR,2026-06-04 15:30:00 IST,BULL,2026-06-04 09:15:00 IST,345.85,325.1,376.98,387.35,397.73,408.1,2026-06-28 15:30:00 IST,376.98,TARGET_1,1.5,17,90.0,SHAKEOUT_RECLAIM,True,True,True,6.0,True,NONE
ACMESOLAR,2026-06-29 15:30:00 IST,BULL,2026-06-29 09:15:00 IST,379.25,356.5,413.38,424.75,436.12,447.5,2026-07-26 15:30:00 IST,362.4,TIMEOUT_20D,-0.74,20,82.0,V_REVERSAL,True,True,True,6.0,True,NONE
ACC,2025-03-19 15:30:00 IST,BULL,2025-03-19 09:15:00 IST,1525.06,1463.49,1617.42,1648.2,1678.98,1709.77,2025-03-27 15:30:00 IST,1617.42,TARGET_1,1.5,6,89.0,WYCKOFF_SPRING_TYPE_2,True,True,True,4.04,True,NONE
ACC,2025-07-22 15:30:00 IST,BULL,2025-07-22 09:15:00 IST,2132.82,2031.36,2285.0,2335.74,2386.47,2437.2,2025-08-19 15:30:00 IST,2170.44,TIMEOUT_20D,0.37,20,94.0,MULTI_MONTH_BASE_BREAKOUT,True,True,True,4.76,True,NONE
ACC,2025-10-17 15:30:00 IST,BULL,2025-10-17 09:15:00 IST,2618.41,2461.31,2854.06,2932.61,3011.16,3089.71,2025-11-12 15:30:00 IST,2854.06,TARGET_1,1.5,18,84.0,V_REVERSAL,True,True,True,6.0,True,NONE
ACC,2026-02-25 15:30:00 IST,BULL,2026-02-25 09:15:00 IST,3356.03,3252.13,3511.88,3563.83,3615.78,3667.73,2026-03-10 15:30:00 IST,3511.88,TARGET_1,1.5,9,89.0,MULTI_MONTH_BASE_BREAKOUT,True,True,True,3.1,True,NONE
ACC,2026-04-09 15:30:00 IST,BULL,2026-04-09 09:15:00 IST,4050.07,3807.07,4414.58,4536.07,4657.57,4779.07,2026-05-05 15:30:00 IST,3807.07,STOP_LOSS,-1.0,18,79.0,V_REVERSAL,True,True,True,6.0,True,NONE
ACC,2026-06-23 15:30:00 IST,BULL,2026-06-23 09:15:00 IST,4082.8,3973.9,4246.15,4300.6,4355.05,4409.5,2026-06-30 15:30:00 IST,3973.9,STOP_LOSS,-1.0,5,89.0,CUP_HANDLE,True,True,True,2.67,True,NONE
ACC,2026-08-20 15:30:00 IST,SIDEWAYS,2026-08-20 09:15:00 IST,4124.51,3877.04,4495.71,4619.45,4743.19,4866.92,2026-08-20 15:30:00 IST,3877.04,STOP_LOSS,-1.0,1,89.0,V_REVERSAL,True,True,True,6.0,True,NONE
ACI,2025-02-28 15:30:00 IST,BEAR,2025-02-28 09:15:00 IST,1613.02,1587.53,1651.25,1664.0,1676.74,1689.49,2025-03-03 15:30:00 IST,1587.53,STOP_LOSS,-1.0,1,89.0,WYCKOFF_SPRING_TYPE_2,True,True,True,1.58,True,NONE
ACI,2025-09-30 15:30:00 IST,BULL,2025-09-30 09:15:00 IST,1401.37,1375.38,1440.35,1453.35,1466.34,1479.34,2025-10-02 15:30:00 IST,1375.38,STOP_LOSS,-1.0,2,94.0,CUP_HANDLE,True,True,True,1.85,True,NONE
ACI,2025-11-11 15:30:00 IST,BULL,2025-11-11 09:15:00 IST,1413.41,1329.54,1539.2,1581.15,1623.09,1665.02,2025-12-09 15:30:00 IST,1528.94,TIMEOUT_20D,1.38,20,84.0,V_REVERSAL,True,True,True,5.93,True,NONE
ACI,2026-03-20 15:30:00 IST,SIDEWAYS,2026-03-20 09:15:00 IST,1632.1,1595.91,1686.38,1704.48,1722.57,1740.67,2026-04-02 15:30:00 IST,1686.38,TARGET_1,1.5,9,88.0,CUP_HANDLE,True,True,True,2.22,True,NONE
ACI,2026-08-10 15:30:00 IST,BULL,2026-08-10 09:15:00 IST,1951.92,1885.44,2051.64,2084.88,2118.12,2151.36,2026-08-18 15:30:00 IST,1885.44,STOP_LOSS,-1.0,7,90.0,MULTI_MONTH_BASE_BREAKOUT,True,True,True,3.41,True,NONE
ADANIENSOL,2025-10-23 15:30:00 IST,BULL,2025-10-23 09:15:00 IST,952.4,903.61,1025.59,1049.98,1074.38,1098.77,2025-11-12 15:30:00 IST,1025.59,TARGET_1,1.5,14,82.0,HIGHER_LOW_REVERSAL,True,True,True,5.12,True,NONE
ADANIENSOL,2025-10-29 15:30:00 IST,BULL,2025-10-29 09:15:00 IST,967.55,909.5,1054.62,1083.65,1112.67,1141.7,2025-11-26 15:30:00 IST,984.35,TIMEOUT_20D,0.29,20,92.0,ASCENDING_TRIANGLE,True,True,True,6.0,True,NONE
ADANIENSOL,2025-12-19 15:30:00 IST,BULL,2025-12-19 09:15:00 IST,988.25,941.62,1058.19,1081.51,1104.83,1128.14,2025-12-31 15:30:00 IST,1058.19,TARGET_1,1.5,8,93.0,CUP_HANDLE,True,True,True,4.72,True,NONE
ADANIENSOL,2026-02-03 15:30:00 IST,SIDEWAYS,2026-02-03 09:15:00 IST,974.4,915.94,1062.09,1091.32,1120.55,1149.78,2026-03-03 15:30:00 IST,960.5,TIMEOUT_20D,-0.24,20,88.0,BULL_PENNANT,True,True,True,6.0,True,NONE
ADANIENSOL,2026-03-10 15:30:00 IST,BULL,2026-03-10 09:15:00 IST,1013.6,953.31,1104.03,1134.18,1164.33,1194.47,2026-03-22 15:30:00 IST,953.31,STOP_LOSS,-1.0,9,86.0,CUP_HANDLE,True,True,True,5.95,True,NONE
ADANIENSOL,2026-04-10 15:30:00 IST,BULL,2026-04-10 09:15:00 IST,1157.9,1088.43,1262.11,1296.84,1331.58,1366.31,2026-04-16 15:30:00 IST,1262.11,TARGET_1,1.5,4,91.0,V_REVERSAL,True,True,True,6.0,True,NONE
ADANIENSOL,2026-04-17 15:30:00 IST,BULL,2026-04-17 09:15:00 IST,1259.8,1184.21,1373.19,1410.98,1448.77,1486.57,2026-04-21 15:30:00 IST,1373.19,TARGET_1,1.5,3,89.0,WYCKOFF_SPRING_TYPE_2,True,True,True,6.0,True,NONE
ADANIENSOL,2026-04-24 15:30:00 IST,BULL,2026-04-24 09:15:00 IST,1411.95,1327.23,1539.03,1581.39,1623.75,1666.11,2026-04-29 15:30:00 IST,1327.23,STOP_LOSS,-1.0,4,95.0,WYCKOFF_SPRING_TYPE_2,True,True,True,6.0,True,NONE
ADANIENSOL,2026-05-27 15:30:00 IST,BULL,2026-05-27 09:15:00 IST,1540.1,1447.69,1678.71,1724.92,1771.12,1817.33,2026-06-02 15:30:00 IST,1447.69,STOP_LOSS,-1.0,5,83.0,V_REVERSAL,True,True,True,6.0,True,NONE
ADANIENSOL,2026-06-05 15:30:00 IST,BULL,2026-06-05 09:15:00 IST,1579.0,1484.26,1721.11,1768.48,1815.85,1863.22,2026-06-10 15:30:00 IST,1484.26,STOP_LOSS,-1.0,4,83.0,BULL_PENNANT,True,True,True,6.0,True,NONE
ADANIENSOL,2026-08-14 15:30:00 IST,SIDEWAYS,2026-08-14 09:15:00 IST,1616.0,1562.35,1696.48,1723.3,1750.13,1776.95,2026-08-18 15:30:00 IST,1562.35,STOP_LOSS,-1.0,3,92.0,SHAKEOUT_RECLAIM,True,True,True,3.32,True,NONE
ADANIENSOL,2026-08-27 15:30:00 IST,SIDEWAYS,2026-08-27 09:15:00 IST,1617.0,1519.98,1762.53,1811.04,1859.55,1908.06,2026-08-30 15:30:00 IST,1519.98,STOP_LOSS,-1.0,2,87.0,V_REVERSAL,True,True,True,6.0,True,NONE
ADANIGREEN,2025-12-11 15:30:00 IST,BEAR,2025-12-11 09:15:00 IST,1018.8,970.12,1091.82,1116.16,1140.5,1164.84,2026-01-08 15:30:00 IST,970.12,STOP_LOSS,-1.0,20,93.0,SHAKEOUT_RECLAIM,True,True,True,4.78,True,NONE
ADANIGREEN,2026-04-06 15:30:00 IST,SIDEWAYS,2026-04-06 09:15:00 IST,921.1,865.83,1004.0,1031.64,1059.28,1086.91,2026-04-07 15:30:00 IST,1004.0,TARGET_1,1.5,2,98.0,WYCKOFF_SPRING_TYPE_2,True,True,True,6.0,True,NONE
ADANIGREEN,2026-04-10 15:30:00 IST,BULL,2026-04-10 09:15:00 IST,1085.35,1020.23,1183.03,1215.59,1248.15,1280.71,2026-04-19 15:30:00 IST,1183.03,TARGET_1,1.5,5,84.0,V_REVERSAL,True,True,True,6.0,True,NONE
ADANIGREEN,2026-06-05 15:30:00 IST,BULL,2026-06-05 09:15:00 IST,1525.7,1434.16,1663.01,1708.78,1754.55,1800.32,2026-07-02 15:30:00 IST,1556.2,TIMEOUT_20D,0.33,20,93.0,SHAKEOUT_RECLAIM,True,True,True,6.0,True,NONE
ADANIGREEN,2026-08-25 15:30:00 IST,BEAR,2026-08-25 09:15:00 IST,1330.0,1274.69,1412.96,1440.62,1468.27,1495.93,2026-08-30 15:30:00 IST,1274.69,STOP_LOSS,-1.0,4,90.0,SHAKEOUT_RECLAIM,True,True,True,4.16,True,NONE
ACUTAAS,2025-03-13 15:30:00 IST,BULL,2025-03-13 09:15:00 IST,1959.66,1882.32,2075.68,2114.34,2153.01,2191.68,2025-03-24 15:30:00 IST,2075.68,TARGET_1,1.5,7,78.0,CUP_HANDLE,True,True,True,3.95,True,NONE
ACUTAAS,2025-03-21 15:30:00 IST,BULL,2025-03-21 09:15:00 IST,2047.68,1994.14,2128.0,2154.76,2181.53,2208.3,2025-03-25 15:30:00 IST,2128.0,TARGET_1,1.5,2,89.0,BULL_FLAG,True,True,True,2.61,True,NONE
ACUTAAS,2025-07-28 15:30:00 IST,BULL,2025-07-28 09:15:00 IST,2351.12,2317.36,2401.75,2418.64,2435.52,2452.4,2025-07-29 15:30:00 IST,2401.75,TARGET_1,1.5,1,90.0,CUP_HANDLE,True,True,True,1.44,True,NONE
ACUTAAS,2025-09-03 15:30:00 IST,BULL,2025-09-03 09:15:00 IST,2533.58,2446.07,2664.86,2708.6,2752.35,2796.11,2025-10-01 15:30:00 IST,2582.06,TIMEOUT_20D,0.55,20,87.0,BULL_FLAG,True,True,True,3.45,True,NONE
ACUTAAS,2025-10-14 15:30:00 IST,BULL,2025-10-14 09:15:00 IST,2619.97,2566.56,2700.09,2726.79,2753.49,2780.2,2025-10-20 15:30:00 IST,2566.56,STOP_LOSS,-1.0,4,88.0,CUP_HANDLE,True,True,True,2.04,True,NONE
ACUTAAS,2026-01-15 15:30:00 IST,BULL,2026-01-15 09:15:00 IST,2726.76,2576.31,2952.45,3027.66,3102.89,3178.11,2026-02-12 15:30:00 IST,2634.84,TIMEOUT_20D,-0.61,20,81.0,V_REVERSAL,True,True,True,5.52,True,NONE
ACUTAAS,2026-02-17 15:30:00 IST,BEAR,2026-02-17 09:15:00 IST,2631.77,2568.67,2726.43,2757.97,2789.52,2821.07,2026-02-26 15:30:00 IST,2726.43,TARGET_1,1.5,7,90.0,WYCKOFF_SPRING_TYPE_2,True,True,True,2.4,True,NONE
ACUTAAS,2026-07-03 15:30:00 IST,BEAR,2026-07-03 09:15:00 IST,2497.63,2428.51,2601.31,2635.87,2670.43,2704.99,2026-07-24 15:30:00 IST,2601.31,TARGET_1,1.5,15,81.0,WYCKOFF_SPRING_TYPE_2,True,True,True,2.77,True,NONE
ACUTAAS,2026-08-14 15:30:00 IST,BULL,2026-08-14 09:15:00 IST,2813.45,2682.59,3009.74,3075.17,3140.6,3206.03,2026-08-18 15:30:00 IST,3009.74,TARGET_1,1.5,3,95.0,MULTI_MONTH_BASE_BREAKOUT,True,True,True,4.65,True,NONE
ADANIENT,2024-11-27 15:30:00 IST,BEAR,2024-11-27 09:15:00 IST,2395.54,2251.81,2611.14,2683.0,2754.86,2826.73,2024-12-25 15:30:00 IST,2397.99,TIMEOUT_20D,0.02,20,93.0,SHAKEOUT_RECLAIM,True,True,True,6.0,True,NONE
ADANIENT,2024-12-30 15:30:00 IST,SIDEWAYS,2024-12-30 09:15:00 IST,2589.91,2434.51,2823.0,2900.71,2978.41,3056.11,2025-01-09 15:30:00 IST,2434.51,STOP_LOSS,-1.0,9,97.0,SHAKEOUT_RECLAIM,True,True,True,6.0,True,NONE
ADANIENT,2025-01-14 15:30:00 IST,BEAR,2025-01-14 09:15:00 IST,2378.31,2235.61,2592.35,2663.71,2735.06,2806.41,2025-01-29 15:30:00 IST,2235.61,STOP_LOSS,-1.0,12,90.0,SHAKEOUT_RECLAIM,True,True,True,6.0,True,NONE
ADANIENT,2025-03-27 15:30:00 IST,BULL,2025-03-27 09:15:00 IST,2361.12,2285.35,2474.78,2512.66,2550.55,2588.43,2025-04-06 15:30:00 IST,2285.35,STOP_LOSS,-1.0,6,87.0,CUP_HANDLE,True,True,True,3.21,True,NONE
ADANIENT,2025-05-05 15:30:00 IST,BULL,2025-05-05 09:15:00 IST,2453.19,2306.0,2673.97,2747.57,2821.16,2894.76,2025-05-07 15:30:00 IST,2306.0,STOP_LOSS,-1.0,3,91.0,SHAKEOUT_RECLAIM,True,True,True,6.0,True,NONE
ADANIENT,2025-05-12 15:30:00 IST,BULL,2025-05-12 09:15:00 IST,2423.02,2277.63,2641.09,2713.8,2786.49,2859.19,2025-06-08 15:30:00 IST,2579.67,TIMEOUT_20D,1.08,20,88.0,CUP_HANDLE,True,True,True,6.0,True,NONE
ADANIENT,2025-08-11 15:30:00 IST,BEAR,2025-08-11 09:15:00 IST,2282.38,2153.01,2476.43,2541.12,2605.8,2670.49,2025-09-09 15:30:00 IST,2339.15,TIMEOUT_20D,0.44,20,92.0,SHAKEOUT_RECLAIM,True,True,True,5.67,True,NONE
ADANIENT,2025-09-11 15:30:00 IST,SIDEWAYS,2025-09-11 09:15:00 IST,2397.73,2253.86,2613.53,2685.47,2757.4,2829.34,2025-09-21 15:30:00 IST,2613.53,TARGET_1,1.5,7,84.0,V_REVERSAL,True,True,True,6.0,True,NONE
ADANIENT,2025-09-22 15:30:00 IST,SIDEWAYS,2025-09-22 09:15:00 IST,2628.32,2470.63,2864.87,2943.7,3022.55,3101.39,2025-10-20 15:30:00 IST,2548.76,TIMEOUT_20D,-0.5,20,86.0,V_REVERSAL,True,True,True,6.0,True,NONE
ADANIENT,2025-11-12 15:30:00 IST,BEAR,2025-11-12 09:15:00 IST,2407.61,2263.15,2624.3,2696.53,2768.76,2840.99,2025-11-26 15:30:00 IST,2263.15,STOP_LOSS,-1.0,11,88.0,SHAKEOUT_RECLAIM,True,True,True,6.0,True,NONE
ADANIENT,2026-04-28 15:30:00 IST,BULL,2026-04-28 09:15:00 IST,2411.32,2266.64,2628.34,2700.68,2773.02,2845.36,2026-05-13 15:30:00 IST,2628.34,TARGET_1,1.5,12,90.0,BULL_FLAG,True,True,True,6.0,True,NONE
ADANIENT,2026-05-04 15:30:00 IST,BULL,2026-05-04 09:15:00 IST,2484.59,2335.51,2708.21,2782.75,2857.29,2931.83,2026-05-13 15:30:00 IST,2708.21,TARGET_1,1.5,8,91.0,SHAKEOUT_RECLAIM,True,True,True,6.0,True,NONE
ADANIENT,2026-05-14 15:30:00 IST,BULL,2026-05-14 09:15:00 IST,2711.69,2548.99,2955.73,3037.09,3118.44,3199.79,2026-05-25 15:30:00 IST,2955.73,TARGET_1,1.5,8,92.0,V_REVERSAL,True,True,True,6.0,True,NONE
ADANIENT,2026-05-26 15:30:00 IST,BULL,2026-05-26 09:15:00 IST,2967.97,2789.89,3235.1,3324.13,3413.17,3502.21,2026-06-22 15:30:00 IST,2962.9,TIMEOUT_20D,-0.03,20,90.0,BULL_FLAG,True,True,True,6.0,True,NONE
ADANIENT,2026-06-05 15:30:00 IST,BULL,2026-06-05 09:15:00 IST,3046.84,2864.03,3321.05,3412.46,3503.86,3595.27,2026-07-02 15:30:00 IST,3212.1,TIMEOUT_20D,0.9,20,95.0,BULL_FLAG,True,True,True,6.0,True,NONE
ADANIENT,2026-07-01 15:30:00 IST,BULL,2026-07-01 09:15:00 IST,3143.6,2954.98,3426.53,3520.84,3615.15,3709.46,2026-07-28 15:30:00 IST,3024.5,TIMEOUT_20D,-0.63,20,91.0,ASCENDING_TRIANGLE,True,True,True,6.0,True,NONE
ADANIENT,2026-08-14 15:30:00 IST,SIDEWAYS,2026-08-14 09:15:00 IST,3035.1,2918.14,3210.54,3269.02,3327.5,3385.98,2026-08-30 15:30:00 IST,2918.14,STOP_LOSS,-1.0,11,92.0,SHAKEOUT_RECLAIM,True,True,True,3.85,True,NONE
ADANIENT,2026-08-27 15:30:00 IST,SIDEWAYS,2026-08-27 09:15:00 IST,3169.0,2978.86,3454.21,3549.28,3644.35,3739.42,2026-08-30 15:30:00 IST,2978.86,STOP_LOSS,-1.0,2,88.0,V_REVERSAL,True,True,True,6.0,True,NONE
ADANIPORTS,2025-10-29 15:30:00 IST,BULL,2025-10-29 09:15:00 IST,1448.69,1397.06,1526.15,1551.95,1577.77,1603.58,2025-11-26 15:30:00 IST,1502.77,TIMEOUT_20D,1.05,20,86.0,CUP_HANDLE,True,True,True,3.56,True,NONE
ADANIPORTS,2025-11-12 15:30:00 IST,BULL,2025-11-12 09:15:00 IST,1500.58,1439.72,1591.86,1622.3,1652.73,1683.16,2025-12-09 15:30:00 IST,1491.81,TIMEOUT_20D,-0.14,20,89.0,MULTI_MONTH_BASE_BREAKOUT,True,True,True,4.06,True,NONE
ADANIPORTS,2026-01-29 15:30:00 IST,SIDEWAYS,2026-01-29 09:15:00 IST,1411.85,1327.14,1538.91,1581.27,1623.62,1665.98,2026-02-03 15:30:00 IST,1538.91,TARGET_1,1.5,4,82.0,V_REVERSAL,True,True,True,6.0,True,NONE
ADANIPORTS,2026-02-04 15:30:00 IST,SIDEWAYS,2026-02-04 09:15:00 IST,1561.32,1496.22,1658.97,1691.52,1724.07,1756.62,2026-02-15 15:30:00 IST,1496.22,STOP_LOSS,-1.0,8,97.0,MULTI_MONTH_BASE_BREAKOUT,True,True,True,4.17,True,NONE
ADANIPORTS,2026-05-04 15:30:00 IST,BULL,2026-05-04 09:15:00 IST,1735.29,1631.17,1891.46,1943.53,1995.59,2047.65,2026-05-31 15:30:00 IST,1776.02,TIMEOUT_20D,0.39,20,90.0,BULL_FLAG,True,True,True,6.0,True,NONE
ADANIPORTS,2026-06-17 15:30:00 IST,BULL,2026-06-17 09:15:00 IST,1828.6,1769.01,1917.98,1947.78,1977.57,2007.37,2026-07-14 15:30:00 IST,1829.1,TIMEOUT_20D,0.01,20,82.0,CUP_HANDLE,True,True,True,3.26,True,NONE
ADANIPORTS,2026-09-03 15:30:00 IST,SIDEWAYS,2026-09-03 09:15:00 IST,1706.5,1604.11,1860.09,1911.28,1962.48,2013.67,2026-09-10 15:30:00 IST,1764.6,TIMEOUT_20D,0.57,5,82.0,V_REVERSAL,True,True,True,6.0,True,NONE
ADVAIT,2026-06-03 15:30:00 IST,BULL,2026-06-03 09:15:00 IST,2063.6,1939.78,2249.33,2311.24,2373.15,2435.06,2026-06-03 15:30:00 IST,2249.33,TARGET_1,1.5,1,88.0,WYCKOFF_SPRING_TYPE_2,True,True,True,6.0,True,NONE
ADVAIT,2026-06-09 15:30:00 IST,BULL,2026-06-09 09:15:00 IST,2346.2,2205.43,2557.35,2627.74,2698.12,2768.51,2026-06-10 15:30:00 IST,2205.43,STOP_LOSS,-1.0,2,92.0,HIGHER_LOW_REVERSAL,True,True,True,6.0,True,NONE
ADVAIT,2026-07-20 15:30:00 IST,BULL,2026-07-20 09:15:00 IST,2232.8,2098.83,2433.76,2500.74,2567.73,2634.71,2026-08-06 15:30:00 IST,2433.76,TARGET_1,1.5,14,94.0,SHAKEOUT_RECLAIM,True,True,True,6.0,True,NONE
ADVENZYMES,2026-01-07 15:30:00 IST,SIDEWAYS,2026-01-07 09:15:00 IST,311.26,292.58,339.27,348.62,357.96,367.3,2026-01-11 15:30:00 IST,292.58,STOP_LOSS,-1.0,3,80.0,V_REVERSAL,True,True,True,6.0,True,NONE
ADVENZYMES,2026-01-29 15:30:00 IST,SIDEWAYS,2026-01-29 09:15:00 IST,296.82,279.01,323.53,332.44,341.35,350.25,2026-02-01 15:30:00 IST,279.01,STOP_LOSS,-1.0,2,87.0,V_REVERSAL,True,True,True,6.0,True,NONE
ADVENZYMES,2026-04-27 15:30:00 IST,BULL,2026-04-27 09:15:00 IST,329.13,309.38,358.75,368.63,378.5,388.38,2026-05-04 15:30:00 IST,358.75,TARGET_1,1.5,6,95.0,MULTI_MONTH_BASE_BREAKOUT,True,True,True,6.0,True,NONE
ADFFOODS,2025-10-27 15:30:00 IST,SIDEWAYS,2025-10-27 09:15:00 IST,216.51,203.52,236.01,242.49,248.98,255.48,2025-11-09 15:30:00 IST,236.01,TARGET_1,1.5,9,87.0,SHAKEOUT_RECLAIM,True,True,True,6.0,True,NONE
ADFFOODS,2025-11-06 15:30:00 IST,SIDEWAYS,2025-11-06 09:15:00 IST,224.22,210.77,244.4,251.12,257.84,264.57,2025-11-19 15:30:00 IST,210.77,STOP_LOSS,-1.0,10,88.0,WYCKOFF_SPRING_TYPE_2,True,True,True,6.0,True,NONE
ADFFOODS,2025-12-16 15:30:00 IST,SIDEWAYS,2025-12-16 09:15:00 IST,218.04,204.96,237.66,244.2,250.74,257.28,2025-12-28 15:30:00 IST,204.96,STOP_LOSS,-1.0,8,85.0,WYCKOFF_SPRING_TYPE_2,True,True,True,6.0,True,NONE
ADFFOODS,2026-02-04 15:30:00 IST,SIDEWAYS,2026-02-04 09:15:00 IST,225.52,211.99,245.82,252.58,259.35,266.11,2026-02-23 15:30:00 IST,211.99,STOP_LOSS,-1.0,14,91.0,V_REVERSAL,True,True,True,6.0,True,NONE
ADFFOODS,2026-04-22 15:30:00 IST,BULL,2026-04-22 09:15:00 IST,233.53,219.52,254.54,261.55,268.55,275.56,2026-04-22 15:30:00 IST,254.54,TARGET_1,1.5,1,94.0,WYCKOFF_SPRING_TYPE_2,True,True,True,6.0,True,NONE
ADFFOODS,2026-05-22 15:30:00 IST,BULL,2026-05-22 09:15:00 IST,283.25,266.25,308.75,317.25,325.75,334.25,2026-05-28 15:30:00 IST,266.25,STOP_LOSS,-1.0,5,90.0,SHAKEOUT_RECLAIM,True,True,True,6.0,True,NONE
ADFFOODS,2026-06-16 15:30:00 IST,BULL,2026-06-16 09:15:00 IST,301.25,283.18,328.36,337.39,346.42,355.46,2026-07-01 15:30:00 IST,328.36,TARGET_1,1.5,12,88.0,BULL_PENNANT,True,True,True,6.0,True,NONE
ADANIPOWER,2025-03-18 15:30:00 IST,SIDEWAYS,2025-03-18 09:15:00 IST,1756.72,1651.32,1914.82,1967.52,2020.22,2072.92,2025-04-15 15:30:00 IST,1826.62,TIMEOUT_20D,0.66,20,92.0,WYCKOFF_SPRING_TYPE_2,True,True,True,6.0,True,NONE
ADANIPOWER,2025-04-01 15:30:00 IST,BULL,2025-04-01 09:15:00 IST,1885.84,1817.18,1988.83,2023.16,2057.49,2091.82,2025-04-09 15:30:00 IST,1817.18,STOP_LOSS,-1.0,6,93.0,MULTI_MONTH_BASE_BREAKOUT,True,True,True,3.64,True,NONE
ADANIPOWER,2025-08-27 15:30:00 IST,BULL,2025-08-27 09:15:00 IST,1958.45,1840.94,2134.71,2193.47,2252.22,2310.98,2025-09-24 15:30:00 IST,1971.06,TIMEOUT_20D,0.11,20,84.0,V_REVERSAL,True,True,True,6.0,True,NONE
ADANIPOWER,2025-11-27 15:30:00 IST,BULL,2025-11-27 09:15:00 IST,2066.6,2016.2,2142.2,2167.4,2192.6,2217.8,2025-12-12 15:30:00 IST,2142.2,TARGET_1,1.5,11,84.0,CUP_HANDLE,True,True,True,2.44,True,NONE
ADANIPOWER,2026-04-03 15:30:00 IST,BULL,2026-04-03 09:15:00 IST,2465.3,2391.11,2576.6,2613.68,2650.78,2687.87,2026-04-29 15:30:00 IST,2576.6,TARGET_1,1.5,18,86.0,V_REVERSAL,True,True,True,3.01,True,NONE
ADANIPOWER,2026-08-06 15:30:00 IST,BULL,2026-08-06 09:15:00 IST,2711.45,2659.8,2788.92,2814.75,2840.57,2866.4,2026-08-11 15:30:00 IST,2659.8,STOP_LOSS,-1.0,3,85.0,CUP_HANDLE,True,True,True,1.9,True,NONE
ADANIPOWER,2026-08-25 15:30:00 IST,BEAR,2026-08-25 09:15:00 IST,206.33,200.42,215.2,218.15,221.11,224.06,2026-08-26 15:30:00 IST,215.2,TARGET_1,1.5,2,95.0,SHAKEOUT_RECLAIM,True,True,True,2.86,True,NONE
AEGISLOG,2025-04-15 15:30:00 IST,SIDEWAYS,2025-04-15 09:15:00 IST,889.09,842.05,959.64,983.17,1006.69,1030.21,2025-04-24 15:30:00 IST,959.64,TARGET_1,1.5,7,94.0,WYCKOFF_SPRING_TYPE_2,True,True,True,5.29,True,NONE
AEGISLOG,2025-05-19 15:30:00 IST,BULL,2025-05-19 09:15:00 IST,954.32,934.18,984.53,994.6,1004.67,1014.74,2025-05-23 15:30:00 IST,984.53,TARGET_1,1.5,4,86.0,CUP_HANDLE,True,True,True,2.11,True,NONE
AEGISLOG,2025-05-26 15:30:00 IST,BULL,2025-05-26 09:15:00 IST,997.56,955.25,1061.03,1082.18,1103.33,1124.49,2025-05-30 15:30:00 IST,955.25,STOP_LOSS,-1.0,4,92.0,MULTI_MONTH_BASE_BREAKOUT,True,True,True,4.24,True,NONE
AEGISLOG,2025-06-09 15:30:00 IST,BULL,2025-06-09 09:15:00 IST,1008.95,983.11,1047.71,1060.63,1073.55,1086.47,2025-06-12 15:30:00 IST,1047.71,TARGET_1,1.5,3,88.0,CUP_HANDLE,True,True,True,2.56,True,NONE
AEGISLOG,2025-10-03 15:30:00 IST,BULL,2025-10-03 09:15:00 IST,1171.03,1142.72,1213.51,1227.65,1241.8,1255.96,2025-10-14 15:30:00 IST,1142.72,STOP_LOSS,-1.0,7,82.0,CUP_HANDLE,True,True,True,2.42,True,NONE
AEGISLOG,2025-12-12 15:30:00 IST,SIDEWAYS,2025-12-12 09:15:00 IST,1039.45,988.64,1115.66,1141.07,1166.48,1191.88,2026-01-09 15:30:00 IST,1024.65,TIMEOUT_20D,-0.29,20,84.0,V_REVERSAL,True,True,True,4.89,True,NONE
AEGISLOG,2026-08-14 15:30:00 IST,SIDEWAYS,2026-08-14 09:15:00 IST,818.75,804.46,840.18,847.33,854.47,861.62,2026-08-18 15:30:00 IST,840.18,TARGET_1,1.5,3,84.0,CUP_HANDLE,True,True,True,1.75,True,NONE
AEGISVOPAK,2025-04-08 15:30:00 IST,BULL,2025-04-08 09:15:00 IST,1008.23,977.67,1054.08,1069.35,1084.63,1099.91,2025-04-21 15:30:00 IST,1054.08,TARGET_1,1.5,9,95.0,MULTI_MONTH_BASE_BREAKOUT,True,True,True,3.03,True,NONE
AEGISVOPAK,2025-11-26 15:30:00 IST,BULL,2025-11-26 09:15:00 IST,1413.59,1328.78,1540.82,1583.21,1625.61,1668.02,2025-12-24 15:30:00 IST,1427.87,TIMEOUT_20D,0.17,20,87.0,V_REVERSAL,True,True,True,6.0,True,NONE
AEGISVOPAK,2026-01-07 15:30:00 IST,BULL,2026-01-07 09:15:00 IST,1451.59,1385.55,1550.66,1583.67,1616.69,1649.71,2026-02-04 15:30:00 IST,1505.74,TIMEOUT_20D,0.82,20,91.0,HIGHER_LOW_REVERSAL,True,True,True,4.55,True,NONE
AEGISVOPAK,2026-02-17 15:30:00 IST,BULL,2026-02-17 09:15:00 IST,1479.11,1444.78,1530.59,1547.77,1564.93,1582.1,2026-02-19 15:30:00 IST,1444.78,STOP_LOSS,-1.0,2,86.0,CUP_HANDLE,True,True,True,2.32,True,NONE
AEGISVOPAK,2026-06-01 15:30:00 IST,BULL,2026-06-01 09:15:00 IST,1459.4,1427.78,1506.83,1522.64,1538.45,1554.26,2026-06-04 15:30:00 IST,1506.83,TARGET_1,1.5,3,84.0,CUP_HANDLE,True,True,True,2.17,True,NONE
AEGISVOPAK,2026-06-08 15:30:00 IST,BULL,2026-06-08 09:15:00 IST,1494.75,1465.48,1538.66,1553.29,1567.92,1582.56,2026-06-22 15:30:00 IST,1538.66,TARGET_1,1.5,10,87.0,CUP_HANDLE,True,True,True,1.96,True,NONE
AEROFLEX,2026-02-17 15:30:00 IST,BULL,2026-02-17 09:15:00 IST,206.49,194.1,225.08,231.27,237.47,243.66,2026-02-17 15:30:00 IST,225.08,TARGET_1,1.5,1,89.0,CUP_HANDLE,True,True,True,6.0,True,NONE
AEROFLEX,2026-03-24 15:30:00 IST,BULL,2026-03-24 09:15:00 IST,251.85,236.74,274.52,282.07,289.62,297.18,2026-03-29 15:30:00 IST,236.74,STOP_LOSS,-1.0,3,96.0,SHAKEOUT_RECLAIM,True,True,True,6.0,True,NONE
AEROFLEX,2026-04-22 15:30:00 IST,BULL,2026-04-22 09:15:00 IST,304.23,285.98,331.61,340.73,349.86,358.98,2026-04-23 15:30:00 IST,285.98,STOP_LOSS,-1.0,2,87.0,SHAKEOUT_RECLAIM,True,True,True,6.0,True,NONE
AEROFLEX,2026-04-29 15:30:00 IST,BULL,2026-04-29 09:15:00 IST,304.89,286.6,332.33,341.47,350.61,359.76,2026-05-05 15:30:00 IST,332.33,TARGET_1,1.5,5,88.0,SHAKEOUT_RECLAIM,True,True,True,6.0,True,NONE
AEROFLEX,2026-08-04 15:30:00 IST,SIDEWAYS,2026-08-04 09:15:00 IST,463.8,435.97,505.54,519.46,533.38,547.29,2026-08-05 15:30:00 IST,435.97,STOP_LOSS,-1.0,2,92.0,SHAKEOUT_RECLAIM,True,True,True,6.0,True,NONE
AEROFLEX,2026-08-26 15:30:00 IST,BULL,2026-08-26 09:15:00 IST,536.35,504.17,584.62,600.71,616.8,632.89,2026-09-10 15:30:00 IST,563.95,TIMEOUT_20D,0.86,11,98.0,DOUBLE_BOTTOM,True,True,True,6.0,True,NONE
AEQUS,2025-09-11 15:30:00 IST,SIDEWAYS,2025-09-11 09:15:00 IST,689.57,651.37,746.86,765.97,785.07,804.17,2025-10-09 15:30:00 IST,679.74,TIMEOUT_20D,-0.26,20,83.0,V_REVERSAL,True,True,True,5.54,True,NONE
AEQUS,2026-02-27 15:30:00 IST,BULL,2026-02-27 09:15:00 IST,716.79,673.79,781.3,802.79,824.29,845.79,2026-03-01 15:30:00 IST,673.79,STOP_LOSS,-1.0,1,94.0,WYCKOFF_SPRING_TYPE_2,True,True,True,6.0,True,NONE
AEQUS,2026-03-05 15:30:00 IST,BULL,2026-03-05 09:15:00 IST,722.19,678.86,787.19,808.85,830.52,852.18,2026-03-05 15:30:00 IST,678.86,STOP_LOSS,-1.0,1,97.0,WYCKOFF_SPRING_TYPE_2,True,True,True,6.0,True,NONE
AEQUS,2026-06-19 15:30:00 IST,BEAR,2026-06-19 09:15:00 IST,222.13,208.8,242.13,248.79,255.45,262.12,2026-06-19 15:30:00 IST,242.13,TARGET_1,1.5,1,93.0,WYCKOFF_SPRING_TYPE_2,True,True,True,6.0,True,NONE
AFFLE,2025-11-12 15:30:00 IST,BEAR,2025-11-12 09:15:00 IST,1775.3,1701.45,1886.08,1923.0,1959.92,1996.85,2025-11-17 15:30:00 IST,1701.45,STOP_LOSS,-1.0,4,91.0,SHAKEOUT_RECLAIM,True,True,True,4.16,True,NONE
AFFLE,2026-02-27 15:30:00 IST,BEAR,2026-02-27 09:15:00 IST,1377.2,1314.49,1471.26,1502.62,1533.98,1565.33,2026-03-08 15:30:00 IST,1314.49,STOP_LOSS,-1.0,5,90.0,SHAKEOUT_RECLAIM,True,True,True,4.55,True,NONE
AFFLE,2026-03-25 15:30:00 IST,SIDEWAYS,2026-03-25 09:15:00 IST,1393.7,1310.08,1519.13,1560.94,1602.75,1644.56,2026-04-16 15:30:00 IST,1519.13,TARGET_1,1.5,13,91.0,SHAKEOUT_RECLAIM,True,True,True,6.0,True,NONE
AFFLE,2026-07-28 15:30:00 IST,BULL,2026-07-28 09:15:00 IST,1631.8,1542.3,1766.05,1810.8,1855.55,1900.3,2026-08-23 15:30:00 IST,1766.05,TARGET_1,1.5,19,94.0,MULTI_MONTH_BASE_BREAKOUT,True,True,True,5.48,True,NONE
AETHER,2026-01-02 15:30:00 IST,BULL,2026-01-02 09:15:00 IST,944.1,903.07,1005.64,1026.16,1046.67,1067.19,2026-01-05 15:30:00 IST,1005.64,TARGET_1,1.5,2,97.0,MULTI_MONTH_BASE_BREAKOUT,True,True,True,4.35,True,NONE
AETHER,2026-02-02 15:30:00 IST,BULL,2026-02-02 09:15:00 IST,1038.0,975.72,1131.42,1162.56,1193.7,1224.84,2026-02-10 15:30:00 IST,975.72,STOP_LOSS,-1.0,7,92.0,BULL_FLAG,True,True,True,6.0,True,NONE
AETHER,2026-03-05 15:30:00 IST,BULL,2026-03-05 09:15:00 IST,967.3,909.26,1054.36,1083.38,1112.4,1141.42,2026-03-11 15:30:00 IST,1054.36,TARGET_1,1.5,5,78.0,V_REVERSAL,True,True,True,6.0,True,NONE
AETHER,2026-03-18 15:30:00 IST,BULL,2026-03-18 09:15:00 IST,1068.55,1004.44,1164.72,1196.77,1228.82,1260.88,2026-03-19 15:30:00 IST,1164.72,TARGET_1,1.5,2,88.0,BULL_PENNANT,True,True,True,6.0,True,NONE
AETHER,2026-03-24 15:30:00 IST,BULL,2026-03-24 09:15:00 IST,1224.65,1151.17,1334.87,1371.61,1408.35,1445.09,2026-03-24 15:30:00 IST,1151.17,STOP_LOSS,-1.0,1,90.0,SHAKEOUT_RECLAIM,True,True,True,6.0,True,NONE
AETHER,2026-05-04 15:30:00 IST,BULL,2026-05-04 09:15:00 IST,1252.0,1176.88,1364.68,1402.24,1439.8,1477.36,2026-05-11 15:30:00 IST,1176.88,STOP_LOSS,-1.0,6,88.0,BULL_FLAG,True,True,True,6.0,True,NONE
AETHER,2026-06-03 15:30:00 IST,SIDEWAYS,2026-06-03 09:15:00 IST,1139.4,1071.04,1241.94,1276.12,1310.3,1344.48,2026-06-22 15:30:00 IST,1241.94,TARGET_1,1.5,14,88.0,SHAKEOUT_RECLAIM,True,True,True,6.0,True,NONE
AETHER,2026-06-22 15:30:00 IST,SIDEWAYS,2026-06-22 09:15:00 IST,1226.8,1153.19,1337.22,1374.02,1410.82,1447.63,2026-06-23 15:30:00 IST,1337.22,TARGET_1,1.5,2,88.0,CUP_HANDLE,True,True,True,6.0,True,NONE
AETHER,2026-07-08 15:30:00 IST,BULL,2026-07-08 09:15:00 IST,1413.4,1328.6,1540.6,1583.0,1625.4,1667.8,2026-07-30 15:30:00 IST,1540.6,TARGET_1,1.5,17,93.0,BULL_FLAG,True,True,True,6.0,True,NONE
AGIIL,2026-01-07 15:30:00 IST,BULL,2026-01-07 09:15:00 IST,296.25,278.47,322.92,331.81,340.7,349.59,2026-01-18 15:30:00 IST,278.47,STOP_LOSS,-1.0,8,89.0,V_REVERSAL,True,True,True,6.0,True,NONE
AGIIL,2026-02-24 15:30:00 IST,SIDEWAYS,2026-02-24 09:15:00 IST,294.2,276.55,320.68,329.5,338.32,347.15,2026-03-10 15:30:00 IST,320.68,TARGET_1,1.5,10,92.0,WYCKOFF_SPRING_TYPE_2,True,True,True,6.0,True,NONE
AGIIL,2026-03-05 15:30:00 IST,BULL,2026-03-05 09:15:00 IST,311.35,292.67,339.37,348.71,358.05,367.39,2026-03-05 15:30:00 IST,292.67,STOP_LOSS,-1.0,1,85.0,WYCKOFF_SPRING_TYPE_2,True,True,True,6.0,True,NONE
AGIIL,2026-04-09 15:30:00 IST,BULL,2026-04-09 09:15:00 IST,361.7,340.0,394.25,405.1,415.95,426.8,2026-04-14 15:30:00 IST,340.0,STOP_LOSS,-1.0,3,85.0,V_REVERSAL,True,True,True,6.0,True,NONE
AGIIL,2026-04-29 15:30:00 IST,BULL,2026-04-29 09:15:00 IST,393.95,370.31,429.41,441.23,453.05,464.87,2026-05-03 15:30:00 IST,429.41,TARGET_1,1.5,3,90.0,BULL_FLAG,True,True,True,6.0,True,NONE
AGIIL,2026-06-02 15:30:00 IST,BULL,2026-06-02 09:15:00 IST,381.6,358.7,415.95,427.4,438.85,450.3,2026-06-17 15:30:00 IST,358.7,STOP_LOSS,-1.0,12,89.0,SHAKEOUT_RECLAIM,True,True,True,6.0,True,NONE
AGIIL,2026-06-25 15:30:00 IST,SIDEWAYS,2026-06-25 09:15:00 IST,370.25,348.03,403.58,414.69,425.8,436.91,2026-07-06 15:30:00 IST,348.03,STOP_LOSS,-1.0,8,88.0,SHAKEOUT_RECLAIM,True,True,True,6.0,True,NONE
AGARWALEYE,2025-04-09 15:30:00 IST,BULL,2025-04-09 09:15:00 IST,1419.58,1370.01,1493.93,1518.72,1543.5,1568.29,2025-04-16 15:30:00 IST,1370.01,STOP_LOSS,-1.0,5,84.0,CUP_HANDLE,True,True,True,3.49,True,NONE
AGARWALEYE,2025-04-16 15:30:00 IST,SIDEWAYS,2025-04-16 09:15:00 IST,1369.55,1303.94,1467.98,1500.77,1533.57,1566.38,2025-05-14 15:30:00 IST,1312.73,TIMEOUT_20D,-0.87,20,91.0,WYCKOFF_SPRING_TYPE_2,True,True,True,4.79,True,NONE
AGARWALEYE,2025-05-13 15:30:00 IST,SIDEWAYS,2025-05-13 09:15:00 IST,1351.04,1334.47,1375.89,1384.18,1392.46,1400.75,2025-05-14 15:30:00 IST,1334.47,STOP_LOSS,-1.0,1,92.0,WYCKOFF_SPRING_TYPE_2,True,True,True,1.23,True,NONE
AGARWALEYE,2025-06-27 15:30:00 IST,SIDEWAYS,2025-06-27 09:15:00 IST,1350.91,1318.74,1399.16,1415.25,1431.34,1447.42,2025-07-25 15:30:00 IST,1351.47,TIMEOUT_20D,0.02,20,90.0,BULL_FLAG,True,True,True,2.38,True,NONE
AGARWALEYE,2025-11-18 15:30:00 IST,BEAR,2025-11-18 09:15:00 IST,1388.43,1333.01,1471.55,1499.27,1526.98,1554.69,2025-12-01 15:30:00 IST,1471.55,TARGET_1,1.5,9,91.0,WYCKOFF_SPRING_TYPE_2,True,True,True,3.99,True,NONE
AGARWALEYE,2026-01-19 15:30:00 IST,BULL,2026-01-19 09:15:00 IST,1568.14,1507.85,1658.58,1688.72,1718.87,1749.01,2026-01-22 15:30:00 IST,1507.85,STOP_LOSS,-1.0,3,88.0,CUP_HANDLE,True,True,True,3.84,True,NONE
AGARWALEYE,2026-02-20 15:30:00 IST,SIDEWAYS,2026-02-20 09:15:00 IST,1524.46,1496.78,1565.97,1579.82,1593.66,1607.5,2026-02-24 15:30:00 IST,1565.97,TARGET_1,1.5,2,87.0,CUP_HANDLE,True,True,True,1.82,True,NONE
AGARWALEYE,2026-03-23 15:30:00 IST,SIDEWAYS,2026-03-23 09:15:00 IST,1528.79,1510.45,1556.31,1565.47,1574.64,1583.81,2026-03-24 15:30:00 IST,1510.45,STOP_LOSS,-1.0,1,91.0,CUP_HANDLE,True,True,True,1.2,True,NONE
AGARWALEYE,2026-04-02 15:30:00 IST,BEAR,2026-04-02 09:15:00 IST,1467.68,1437.87,1512.39,1527.3,1542.21,1557.11,2026-04-08 15:30:00 IST,1437.87,STOP_LOSS,-1.0,4,92.0,WYCKOFF_SPRING_TYPE_2,True,True,True,2.03,True,NONE
AGARWALEYE,2026-06-22 15:30:00 IST,BULL,2026-06-22 09:15:00 IST,1592.98,1567.98,1630.48,1642.98,1655.48,1667.98,2026-07-03 15:30:00 IST,1630.48,TARGET_1,1.5,9,92.0,CUP_HANDLE,True,True,True,1.57,True,NONE
AIAENG,2026-03-10 15:30:00 IST,BEAR,2026-03-10 09:15:00 IST,3787.8,3560.53,4128.71,4242.34,4355.98,4469.61,2026-03-18 15:30:00 IST,3560.53,STOP_LOSS,-1.0,7,83.0,SHAKEOUT_RECLAIM,True,True,True,6.0,True,NONE
AIAENG,2026-03-30 15:30:00 IST,SIDEWAYS,2026-03-30 09:15:00 IST,3636.6,3418.4,3963.9,4073.0,4182.1,4291.2,2026-04-15 15:30:00 IST,3963.9,TARGET_1,1.5,10,92.0,SHAKEOUT_RECLAIM,True,True,True,6.0,True,NONE
AIAENG,2026-05-26 15:30:00 IST,BULL,2026-05-26 09:15:00 IST,4143.4,3986.7,4378.45,4456.8,4535.15,4613.5,2026-05-26 15:30:00 IST,4378.45,TARGET_1,1.5,1,94.0,MULTI_MONTH_BASE_BREAKOUT,True,True,True,3.78,True,NONE
AIAENG,2026-06-22 15:30:00 IST,BULL,2026-06-22 09:15:00 IST,4848.0,4557.12,5284.32,5429.76,5575.2,5720.64,2026-07-19 15:30:00 IST,4657.5,TIMEOUT_20D,-0.65,20,86.0,HIGHER_LOW_REVERSAL,True,True,True,6.0,True,NONE
AFCONS,2025-06-11 15:30:00 IST,BULL,2025-06-11 09:15:00 IST,608.14,593.95,629.42,636.52,643.61,650.71,2025-07-07 15:30:00 IST,593.95,STOP_LOSS,-1.0,18,89.0,CUP_HANDLE,True,True,True,2.33,True,NONE
AFCONS,2025-07-09 15:30:00 IST,SIDEWAYS,2025-07-09 09:15:00 IST,603.05,587.4,626.52,634.35,642.17,650.0,2025-07-17 15:30:00 IST,626.52,TARGET_1,1.5,6,80.0,CUP_HANDLE,True,True,True,2.59,True,NONE
AFCONS,2025-07-21 15:30:00 IST,BULL,2025-07-21 09:15:00 IST,649.15,619.13,694.18,709.19,724.2,739.21,2025-07-28 15:30:00 IST,694.18,TARGET_1,1.5,5,89.0,MULTI_MONTH_BASE_BREAKOUT,True,True,True,4.62,True,NONE
AFCONS,2025-11-26 15:30:00 IST,BULL,2025-11-26 09:15:00 IST,683.35,662.15,715.15,725.75,736.35,746.95,2025-12-03 15:30:00 IST,662.15,STOP_LOSS,-1.0,5,88.0,BULL_FLAG,True,True,True,3.1,True,NONE
AFCONS,2026-01-30 15:30:00 IST,BULL,2026-01-30 09:15:00 IST,718.48,703.91,740.33,747.62,754.91,762.19,2026-02-18 15:30:00 IST,740.33,TARGET_1,1.5,13,85.0,CUP_HANDLE,True,True,True,2.03,True,NONE
AFCONS,2026-02-20 15:30:00 IST,BULL,2026-02-20 09:15:00 IST,768.23,722.14,837.38,860.41,883.46,906.5,2026-03-13 15:30:00 IST,837.38,TARGET_1,1.5,15,76.0,V_REVERSAL,True,True,True,6.0,True,NONE
AFCONS,2026-07-13 15:30:00 IST,BULL,2026-07-13 09:15:00 IST,823.44,811.7,841.05,846.92,852.79,858.66,2026-07-14 15:30:00 IST,841.05,TARGET_1,1.5,1,87.0,CUP_HANDLE,True,True,True,1.43,True,NONE
AFCONS,2026-07-20 15:30:00 IST,BULL,2026-07-20 09:15:00 IST,878.24,825.55,957.28,983.62,1009.97,1036.31,2026-08-17 15:30:00 IST,883.07,TIMEOUT_20D,0.09,20,87.0,V_REVERSAL,True,True,True,6.0,True,NONE
AJANTPHARM,2025-11-03 15:30:00 IST,SIDEWAYS,2025-11-03 09:15:00 IST,2511.23,2360.56,2737.24,2812.57,2887.91,2963.24,2025-12-01 15:30:00 IST,2588.6,TIMEOUT_20D,0.51,20,85.0,DOUBLE_BOTTOM,True,True,True,6.0,True,NONE
AJANTPHARM,2025-12-22 15:30:00 IST,BULL,2025-12-22 09:15:00 IST,2700.8,2609.3,2838.05,2883.8,2929.55,2975.3,2025-12-31 15:30:00 IST,2838.05,TARGET_1,1.5,7,97.0,MULTI_MONTH_BASE_BREAKOUT,True,True,True,3.39,True,NONE
AJANTPHARM,2026-01-01 15:30:00 IST,BULL,2026-01-01 09:15:00 IST,2938.4,2762.1,3202.85,3291.0,3379.15,3467.3,2026-01-08 15:30:00 IST,2762.1,STOP_LOSS,-1.0,6,95.0,MULTI_MONTH_BASE_BREAKOUT,True,True,True,6.0,True,NONE
AJANTPHARM,2026-02-23 15:30:00 IST,BULL,2026-02-23 09:15:00 IST,2978.4,2836.84,3190.74,3261.52,3332.3,3403.08,2026-03-01 15:30:00 IST,2836.84,STOP_LOSS,-1.0,5,87.0,CUP_HANDLE,True,True,True,4.75,True,NONE
AJANTPHARM,2026-03-12 15:30:00 IST,BULL,2026-03-12 09:15:00 IST,3119.5,2989.15,3315.02,3380.2,3445.38,3510.55,2026-03-15 15:30:00 IST,2989.15,STOP_LOSS,-1.0,2,92.0,MULTI_MONTH_BASE_BREAKOUT,True,True,True,4.18,True,NONE
AJANTPHARM,2026-05-14 15:30:00 IST,BULL,2026-05-14 09:15:00 IST,3259.2,3131.16,3451.26,3515.28,3579.3,3643.32,2026-05-21 15:30:00 IST,3131.16,STOP_LOSS,-1.0,6,97.0,MULTI_MONTH_BASE_BREAKOUT,True,True,True,3.93,True,NONE
AJANTPHARM,2026-07-21 15:30:00 IST,BULL,2026-07-21 09:15:00 IST,3575.3,3401.69,3835.72,3922.52,4009.33,4096.13,2026-07-21 15:30:00 IST,3401.69,STOP_LOSS,-1.0,1,91.0,MULTI_MONTH_BASE_BREAKOUT,True,True,True,4.86,True,NONE
AKUMS,2025-11-17 15:30:00 IST,BEAR,2025-11-17 09:15:00 IST,438.43,412.12,477.89,491.05,504.21,517.36,2025-11-23 15:30:00 IST,412.12,STOP_LOSS,-1.0,5,79.0,SHAKEOUT_RECLAIM,True,True,True,6.0,True,NONE
AKUMS,2026-04-13 15:30:00 IST,BULL,2026-04-13 09:15:00 IST,521.93,501.64,552.37,562.51,572.65,582.8,2026-04-16 15:30:00 IST,552.37,TARGET_1,1.5,3,97.0,MULTI_MONTH_BASE_BREAKOUT,True,True,True,3.89,True,NONE
AKUMS,2026-05-04 15:30:00 IST,BULL,2026-05-04 09:15:00 IST,556.52,523.13,606.6,623.3,639.99,656.69,2026-05-11 15:30:00 IST,523.13,STOP_LOSS,-1.0,6,88.0,BULL_FLAG,True,True,True,6.0,True,NONE
AKUMS,2026-06-10 15:30:00 IST,BULL,2026-06-10 09:15:00 IST,589.31,553.95,642.36,660.03,677.71,695.39,2026-07-02 15:30:00 IST,642.36,TARGET_1,1.5,17,96.0,MULTI_MONTH_BASE_BREAKOUT,True,True,True,6.0,True,NONE
AKUMS,2026-07-07 15:30:00 IST,BULL,2026-07-07 09:15:00 IST,649.85,616.9,699.27,715.75,732.23,748.7,2026-07-09 15:30:00 IST,699.27,TARGET_1,1.5,3,83.0,BULL_FLAG,True,True,True,5.07,True,NONE
AKUMS,2026-08-11 15:30:00 IST,BULL,2026-08-11 09:15:00 IST,760.95,715.29,829.44,852.27,875.1,897.93,2026-08-16 15:30:00 IST,715.29,STOP_LOSS,-1.0,4,86.0,V_REVERSAL,True,True,True,6.0,True,NONE
AKUMS,2026-08-24 15:30:00 IST,BULL,2026-08-24 09:15:00 IST,770.35,724.13,839.68,862.79,885.9,909.01,2026-09-10 15:30:00 IST,776.35,TIMEOUT_20D,0.13,14,84.0,SHAKEOUT_RECLAIM,True,True,True,6.0,True,NONE
AHLUCONT,2025-05-14 15:30:00 IST,SIDEWAYS,2025-05-14 09:15:00 IST,1868.92,1770.95,2015.87,2064.86,2113.85,2162.83,2025-06-11 15:30:00 IST,1975.4,TIMEOUT_20D,1.09,20,86.0,V_REVERSAL,True,True,True,5.24,True,NONE
AHLUCONT,2025-07-07 15:30:00 IST,BULL,2025-07-07 09:15:00 IST,2148.88,2064.49,2275.47,2317.66,2359.86,2402.05,2025-08-04 15:30:00 IST,2112.04,TIMEOUT_20D,-0.44,20,96.0,MULTI_MONTH_BASE_BREAKOUT,True,True,True,3.93,True,NONE
AHLUCONT,2025-11-18 15:30:00 IST,SIDEWAYS,2025-11-18 09:15:00 IST,2305.68,2195.46,2471.02,2526.12,2581.23,2636.34,2025-12-16 15:30:00 IST,2346.49,TIMEOUT_20D,0.37,20,83.0,V_REVERSAL,True,True,True,4.78,True,NONE
AHLUCONT,2026-01-14 15:30:00 IST,BEAR,2026-01-14 09:15:00 IST,2307.62,2241.12,2407.38,2440.62,2473.87,2507.12,2026-01-27 15:30:00 IST,2407.38,TARGET_1,1.5,9,89.0,V_REVERSAL,True,True,True,2.88,True,NONE
AHLUCONT,2026-01-21 15:30:00 IST,SIDEWAYS,2026-01-21 09:15:00 IST,2350.34,2241.12,2514.16,2568.78,2623.39,2678.0,2026-02-18 15:30:00 IST,2514.16,TARGET_1,1.5,20,87.0,WYCKOFF_SPRING_TYPE_2,True,True,True,4.65,True,NONE
AHLUCONT,2026-02-05 15:30:00 IST,BULL,2026-02-05 09:15:00 IST,2464.3,2379.56,2591.41,2633.78,2676.15,2718.52,2026-03-05 15:30:00 IST,2379.56,STOP_LOSS,-1.0,20,92.0,CUP_HANDLE,True,True,True,3.44,True,NONE
AHLUCONT,2026-02-17 15:30:00 IST,BULL,2026-02-17 09:15:00 IST,2469.03,2378.39,2604.98,2650.31,2695.63,2740.95,2026-03-05 15:30:00 IST,2378.39,STOP_LOSS,-1.0,12,88.0,CUP_HANDLE,True,True,True,3.67,True,NONE
AHLUCONT,2026-05-15 15:30:00 IST,BULL,2026-05-15 09:15:00 IST,2481.83,2332.92,2705.2,2779.65,2854.1,2928.56,2026-06-05 15:30:00 IST,2332.92,STOP_LOSS,-1.0,15,88.0,V_REVERSAL,True,True,True,6.0,True,NONE
AHLUCONT,2026-06-17 15:30:00 IST,SIDEWAYS,2026-06-17 09:15:00 IST,2369.69,2298.94,2475.81,2511.19,2546.57,2581.94,2026-07-07 15:30:00 IST,2475.81,TARGET_1,1.5,14,89.0,WYCKOFF_SPRING_TYPE_2,True,True,True,2.99,True,NONE
AHLUCONT,2026-07-09 15:30:00 IST,BULL,2026-07-09 09:15:00 IST,2471.11,2386.75,2597.64,2639.83,2682.01,2724.19,2026-08-06 15:30:00 IST,2528.02,TIMEOUT_20D,0.67,20,88.0,CUP_HANDLE,True,True,True,3.41,True,NONE
ALIVUS,2026-01-28 15:30:00 IST,SIDEWAYS,2026-01-28 09:15:00 IST,932.7,890.88,995.43,1016.34,1037.25,1058.16,2026-02-05 15:30:00 IST,890.88,STOP_LOSS,-1.0,7,88.0,DOUBLE_BOTTOM,True,True,True,4.48,True,NONE
ALIVUS,2026-06-23 15:30:00 IST,SIDEWAYS,2026-06-23 09:15:00 IST,1118.9,1051.77,1219.6,1253.16,1286.73,1320.29,2026-07-20 15:30:00 IST,1145.4,TIMEOUT_20D,0.39,20,89.0,V_REVERSAL,True,True,True,6.0,True,NONE
ALIVUS,2026-07-31 15:30:00 IST,BULL,2026-07-31 09:15:00 IST,1160.0,1102.46,1246.31,1275.08,1303.85,1332.62,2026-08-03 15:30:00 IST,1246.31,TARGET_1,1.5,2,89.0,DOUBLE_BOTTOM,True,True,True,4.96,True,NONE
ALIVUS,2026-08-10 15:30:00 IST,BULL,2026-08-10 09:15:00 IST,1374.5,1292.03,1498.2,1539.44,1580.68,1621.91,2026-09-07 15:30:00 IST,1372.0,TIMEOUT_20D,-0.03,20,85.0,WYCKOFF_SPRING_TYPE_2,True,True,True,6.0,True,NONE
ALKEM,2025-11-07 15:30:00 IST,BULL,2025-11-07 09:15:00 IST,5623.17,5378.72,5989.84,6112.07,6234.3,6356.52,2025-12-04 15:30:00 IST,5630.11,TIMEOUT_20D,0.03,20,87.0,DOUBLE_BOTTOM,True,True,True,4.35,True,NONE
ALKEM,2026-01-09 15:30:00 IST,SIDEWAYS,2026-01-09 09:15:00 IST,5752.62,5407.47,6270.36,6442.92,6615.49,6788.07,2026-02-01 15:30:00 IST,5407.47,STOP_LOSS,-1.0,14,87.0,V_REVERSAL,True,True,True,6.0,True,NONE
ALKEM,2026-02-25 15:30:00 IST,SIDEWAYS,2026-02-25 09:15:00 IST,5625.0,5287.5,6131.25,6300.0,6468.75,6637.5,2026-03-15 15:30:00 IST,5287.5,STOP_LOSS,-1.0,12,87.0,WYCKOFF_SPRING_TYPE_2,True,True,True,6.0,True,NONE
ALKEM,2026-04-15 15:30:00 IST,SIDEWAYS,2026-04-15 09:15:00 IST,5575.5,5240.97,6077.3,6244.56,6411.82,6579.09,2026-04-23 15:30:00 IST,5240.97,STOP_LOSS,-1.0,7,86.0,WYCKOFF_SPRING_TYPE_2,True,True,True,6.0,True,NONE
AIIL,2025-04-10 15:30:00 IST,BULL,2025-04-10 09:15:00 IST,1171.35,1139.2,1219.57,1235.65,1251.72,1267.8,2025-05-08 15:30:00 IST,1195.45,TIMEOUT_20D,0.75,20,85.0,CUP_HANDLE,True,True,True,2.74,True,NONE
AIIL,2025-05-26 15:30:00 IST,BULL,2025-05-26 09:15:00 IST,1248.23,1209.05,1307.0,1326.59,1346.18,1365.77,2025-06-03 15:30:00 IST,1307.0,TARGET_1,1.5,6,95.0,MULTI_MONTH_BASE_BREAKOUT,True,True,True,3.14,True,NONE
AIIL,2025-08-27 15:30:00 IST,BEAR,2025-08-27 09:15:00 IST,1253.56,1214.55,1312.07,1331.58,1351.09,1370.59,2025-09-08 15:30:00 IST,1312.07,TARGET_1,1.5,8,91.0,V_REVERSAL,True,True,True,3.11,True,NONE
AIIL,2025-09-02 15:30:00 IST,SIDEWAYS,2025-09-02 09:15:00 IST,1287.1,1214.55,1395.92,1432.2,1468.47,1504.75,2025-09-18 15:30:00 IST,1214.55,STOP_LOSS,-1.0,12,90.0,WYCKOFF_SPRING_TYPE_2,True,True,True,5.64,True,NONE
AIIL,2026-04-16 15:30:00 IST,BULL,2026-04-16 09:15:00 IST,1342.62,1278.82,1438.31,1470.22,1502.12,1534.02,2026-05-08 15:30:00 IST,1278.82,STOP_LOSS,-1.0,16,82.0,WYCKOFF_SPRING_TYPE_2,True,True,True,4.75,True,NONE
AIIL,2026-05-29 15:30:00 IST,BULL,2026-05-29 09:15:00 IST,1392.32,1325.37,1492.74,1526.22,1559.7,1593.17,2026-06-26 15:30:00 IST,1395.73,TIMEOUT_20D,0.05,20,90.0,DOUBLE_BOTTOM,True,True,True,4.81,True,NONE
ALOKINDS,2026-03-18 15:30:00 IST,BEAR,2026-03-18 09:15:00 IST,13.23,12.45,14.4,14.79,15.18,15.57,2026-03-22 15:30:00 IST,12.45,STOP_LOSS,-1.0,3,89.0,SHAKEOUT_RECLAIM,True,True,True,5.9,True,NONE
AMBUJACEM,2025-10-29 15:30:00 IST,SIDEWAYS,2025-10-29 09:15:00 IST,568.93,546.78,602.16,613.23,624.3,635.38,2025-11-20 15:30:00 IST,546.78,STOP_LOSS,-1.0,16,91.0,V_REVERSAL,True,True,True,3.89,True,NONE
AMBUJACEM,2025-12-11 15:30:00 IST,BEAR,2025-12-11 09:15:00 IST,533.46,518.22,556.32,563.94,571.56,579.18,2025-12-22 15:30:00 IST,556.32,TARGET_1,1.5,8,93.0,SHAKEOUT_RECLAIM,True,True,True,2.86,True,NONE
AMBUJACEM,2026-05-06 15:30:00 IST,BEAR,2026-05-06 09:15:00 IST,444.7,423.27,476.84,487.56,498.27,508.99,2026-05-11 15:30:00 IST,423.27,STOP_LOSS,-1.0,4,88.0,SHAKEOUT_RECLAIM,True,True,True,4.82,True,NONE
AMBUJACEM,2026-07-02 15:30:00 IST,SIDEWAYS,2026-07-02 09:15:00 IST,428.95,403.21,467.56,480.43,493.3,506.17,2026-07-29 15:30:00 IST,434.2,TIMEOUT_20D,0.2,20,86.0,WYCKOFF_SPRING_TYPE_2,True,True,True,6.0,True,NONE
ALKYLAMINE,2025-04-01 15:30:00 IST,BULL,2025-04-01 09:15:00 IST,2038.66,1964.3,2150.21,2187.38,2224.56,2261.74,2025-04-29 15:30:00 IST,2072.72,TIMEOUT_20D,0.46,20,94.0,WYCKOFF_SPRING_TYPE_2,True,True,True,3.65,True,NONE
ALKYLAMINE,2025-08-19 15:30:00 IST,BULL,2025-08-19 09:15:00 IST,2226.49,2138.39,2358.64,2402.69,2446.74,2490.79,2025-09-09 15:30:00 IST,2358.64,TARGET_1,1.5,15,91.0,MULTI_MONTH_BASE_BREAKOUT,True,True,True,3.96,True,NONE
ALKYLAMINE,2026-01-26 15:30:00 IST,BULL,2026-01-26 09:15:00 IST,2737.69,2603.71,2938.65,3005.65,3072.64,3139.63,2026-02-11 15:30:00 IST,2603.71,STOP_LOSS,-1.0,12,87.0,MULTI_MONTH_BASE_BREAKOUT,True,True,True,4.89,True,NONE
ANGELONE,2026-01-14 15:30:00 IST,SIDEWAYS,2026-01-14 09:15:00 IST,247.76,232.89,270.06,277.5,284.94,292.37,2026-01-15 15:30:00 IST,270.06,TARGET_1,1.5,2,86.0,V_REVERSAL,True,True,True,6.0,True,NONE
ANGELONE,2026-02-16 15:30:00 IST,SIDEWAYS,2026-02-16 09:15:00 IST,254.63,239.35,277.55,285.19,292.83,300.47,2026-02-24 15:30:00 IST,239.35,STOP_LOSS,-1.0,7,96.0,WYCKOFF_SPRING_TYPE_2,True,True,True,6.0,True,NONE
ANGELONE,2026-03-18 15:30:00 IST,SIDEWAYS,2026-03-18 09:15:00 IST,233.78,219.75,254.82,261.84,268.86,275.87,2026-03-22 15:30:00 IST,219.75,STOP_LOSS,-1.0,3,97.0,SHAKEOUT_RECLAIM,True,True,True,6.0,True,NONE
ANGELONE,2026-04-09 15:30:00 IST,SIDEWAYS,2026-04-09 09:15:00 IST,280.93,264.08,306.21,314.63,323.06,331.48,2026-04-16 15:30:00 IST,306.21,TARGET_1,1.5,5,93.0,DOUBLE_BOTTOM,True,True,True,6.0,True,NONE
ANGELONE,2026-04-17 15:30:00 IST,BULL,2026-04-17 09:15:00 IST,321.48,302.19,350.4,360.06,369.71,379.35,2026-05-11 15:30:00 IST,302.19,STOP_LOSS,-1.0,17,93.0,SHAKEOUT_RECLAIM,True,True,True,6.0,True,NONE
ANGELONE,2026-07-15 15:30:00 IST,BULL,2026-07-15 09:15:00 IST,342.34,324.91,368.49,377.2,385.91,394.63,2026-07-16 15:30:00 IST,324.91,STOP_LOSS,-1.0,2,87.0,CUP_HANDLE,True,True,True,5.09,True,NONE
ANGELONE,2026-08-25 15:30:00 IST,SIDEWAYS,2026-08-25 09:15:00 IST,300.9,282.85,327.97,337.0,346.02,355.05,2026-08-30 15:30:00 IST,282.85,STOP_LOSS,-1.0,4,100.0,WYCKOFF_SPRING_TYPE_2,True,True,True,6.0,True,NONE
AMBER,2025-08-14 15:30:00 IST,BULL,2025-08-14 09:15:00 IST,980.46,925.02,1063.62,1091.34,1119.06,1146.78,2025-08-27 15:30:00 IST,1063.62,TARGET_1,1.5,9,88.0,CUP_HANDLE,True,True,True,5.65,True,NONE
AMBER,2025-08-26 15:30:00 IST,BULL,2025-08-26 09:15:00 IST,1047.34,1015.27,1095.45,1111.48,1127.51,1143.55,2025-08-27 15:30:00 IST,1095.45,TARGET_1,1.5,1,95.0,MULTI_MONTH_BASE_BREAKOUT,True,True,True,3.06,True,NONE
AMBER,2025-11-25 15:30:00 IST,BEAR,2025-11-25 09:15:00 IST,992.75,961.53,1039.58,1055.19,1070.8,1086.41,2025-12-17 15:30:00 IST,1039.58,TARGET_1,1.5,16,83.0,V_REVERSAL,True,True,True,3.14,True,NONE
AMBER,2025-12-11 15:30:00 IST,SIDEWAYS,2025-12-11 09:15:00 IST,1010.54,966.5,1076.61,1098.62,1120.64,1142.66,2025-12-19 15:30:00 IST,1076.61,TARGET_1,1.5,6,90.0,DOUBLE_BOTTOM,True,True,True,4.36,True,NONE
AMBER,2026-03-02 15:30:00 IST,BULL,2026-03-02 09:15:00 IST,1092.72,1027.16,1191.06,1223.84,1256.62,1289.4,2026-03-30 15:30:00 IST,1098.79,TIMEOUT_20D,0.09,20,89.0,V_REVERSAL,True,True,True,6.0,True,NONE
AMBER,2026-05-20 15:30:00 IST,BULL,2026-05-20 09:15:00 IST,1148.67,1098.99,1223.2,1248.03,1272.87,1297.71,2026-06-17 15:30:00 IST,1183.33,TIMEOUT_20D,0.7,20,95.0,MULTI_MONTH_BASE_BREAKOUT,True,True,True,4.33,True,NONE
ANANTRAJ,2025-06-19 15:30:00 IST,BULL,2025-06-19 09:15:00 IST,672.13,648.91,706.96,718.57,730.18,741.79,2025-06-26 15:30:00 IST,706.96,TARGET_1,1.5,5,90.0,CUP_HANDLE,True,True,True,3.45,True,NONE
ANANTRAJ,2025-07-07 15:30:00 IST,BULL,2025-07-07 09:15:00 IST,728.28,704.76,763.55,775.32,787.08,798.84,2025-08-01 15:30:00 IST,704.76,STOP_LOSS,-1.0,19,86.0,CUP_HANDLE,True,True,True,3.23,True,NONE
ANANTRAJ,2025-08-28 15:30:00 IST,BULL,2025-08-28 09:15:00 IST,773.41,748.3,811.07,823.63,836.18,848.74,2025-09-25 15:30:00 IST,786.33,TIMEOUT_20D,0.51,20,97.0,MULTI_MONTH_BASE_BREAKOUT,True,True,True,3.25,True,NONE
ANANTRAJ,2025-11-06 15:30:00 IST,BULL,2025-11-06 09:15:00 IST,853.92,822.42,901.17,916.92,932.67,948.42,2025-12-04 15:30:00 IST,890.84,TIMEOUT_20D,1.17,20,87.0,BULL_FLAG,True,True,True,3.69,True,NONE
ANANTRAJ,2025-12-04 15:30:00 IST,BULL,2025-12-04 09:15:00 IST,890.84,837.39,971.01,997.74,1024.47,1051.19,2025-12-25 15:30:00 IST,837.39,STOP_LOSS,-1.0,15,87.0,V_REVERSAL,True,True,True,6.0,True,NONE
ANANTRAJ,2026-02-24 15:30:00 IST,BULL,2026-02-24 09:15:00 IST,1003.0,966.13,1058.31,1076.74,1095.17,1113.61,2026-03-04 15:30:00 IST,966.13,STOP_LOSS,-1.0,6,90.0,HIGHER_LOW_REVERSAL,True,True,True,3.68,True,NONE
ANUP,2026-03-18 15:30:00 IST,SIDEWAYS,2026-03-18 09:15:00 IST,1647.51,1548.66,1795.78,1845.21,1894.63,1944.06,2026-03-22 15:30:00 IST,1548.66,STOP_LOSS,-1.0,3,85.0,V_REVERSAL,True,True,True,6.0,True,NONE
ANUP,2026-03-24 15:30:00 IST,SIDEWAYS,2026-03-24 09:15:00 IST,1639.46,1541.09,1787.01,1836.2,1885.39,1934.57,2026-04-07 15:30:00 IST,1787.01,TARGET_1,1.5,8,90.0,SHAKEOUT_RECLAIM,True,True,True,6.0,True,NONE
ANUP,2026-06-18 15:30:00 IST,SIDEWAYS,2026-06-18 09:15:00 IST,2204.49,2072.22,2402.9,2469.03,2535.16,2601.3,2026-07-15 15:30:00 IST,2139.61,TIMEOUT_20D,-0.49,20,79.0,V_REVERSAL,True,True,True,6.0,True,NONE
ANURAS,2025-11-20 15:30:00 IST,BULL,2025-11-20 09:15:00 IST,1179.2,1130.05,1252.92,1277.5,1302.08,1326.65,2025-11-20 15:30:00 IST,1252.92,TARGET_1,1.5,1,92.0,MULTI_MONTH_BASE_BREAKOUT,True,True,True,4.17,True,NONE
ANURAS,2025-12-03 15:30:00 IST,BULL,2025-12-03 09:15:00 IST,1253.9,1189.03,1351.21,1383.64,1416.08,1448.51,2025-12-31 15:30:00 IST,1326.5,TIMEOUT_20D,1.12,20,87.0,BULL_FLAG,True,True,True,5.17,True,NONE
ANURAS,2026-01-30 15:30:00 IST,BEAR,2026-01-30 09:15:00 IST,1245.3,1195.29,1320.32,1345.32,1370.32,1395.33,2026-02-05 15:30:00 IST,1320.32,TARGET_1,1.5,5,86.0,SHAKEOUT_RECLAIM,True,True,True,4.02,True,NONE
ANURAS,2026-04-30 15:30:00 IST,BULL,2026-04-30 09:15:00 IST,1343.8,1263.17,1464.75,1505.06,1545.37,1585.69,2026-05-28 15:30:00 IST,1293.9,TIMEOUT_20D,-0.62,20,91.0,SHAKEOUT_RECLAIM,True,True,True,6.0,True,NONE
APCOTEXIND,2026-04-21 15:30:00 IST,BULL,2026-04-21 09:15:00 IST,396.33,373.23,430.97,442.53,454.08,465.63,2026-05-06 15:30:00 IST,430.97,TARGET_1,1.5,12,88.0,BULL_FLAG,True,True,True,5.83,True,NONE
APCOTEXIND,2026-05-06 15:30:00 IST,BULL,2026-05-06 09:15:00 IST,421.66,396.36,459.6,472.26,484.91,497.56,2026-05-06 15:30:00 IST,459.6,TARGET_1,1.5,1,88.0,BULL_FLAG,True,True,True,6.0,True,NONE
APCOTEXIND,2026-07-27 15:30:00 IST,BULL,2026-07-27 09:15:00 IST,588.5,562.36,627.71,640.78,653.85,666.92,2026-07-28 15:30:00 IST,627.71,TARGET_1,1.5,2,95.0,MULTI_MONTH_BASE_BREAKOUT,True,True,True,4.44,True,NONE
ANTHEM,2025-04-24 15:30:00 IST,BULL,2025-04-24 09:15:00 IST,749.52,711.92,805.91,824.72,843.52,862.32,2025-05-05 15:30:00 IST,711.92,STOP_LOSS,-1.0,7,95.0,MULTI_MONTH_BASE_BREAKOUT,True,True,True,5.02,True,NONE
ANTHEM,2026-07-24 15:30:00 IST,BEAR,2026-07-24 09:15:00 IST,814.97,788.7,854.37,867.51,880.64,893.78,2026-07-28 15:30:00 IST,788.7,STOP_LOSS,-1.0,2,80.0,HIGHER_LOW_REVERSAL,True,True,True,3.22,True,NONE
APARINDS,2025-10-27 15:30:00 IST,BULL,2025-10-27 09:15:00 IST,8991.0,8719.33,9398.51,9534.34,9670.17,9806.01,2025-10-28 15:30:00 IST,9398.51,TARGET_1,1.5,2,94.0,MULTI_MONTH_BASE_BREAKOUT,True,True,True,3.02,True,NONE
APARINDS,2026-01-30 15:30:00 IST,SIDEWAYS,2026-01-30 09:15:00 IST,7994.0,7514.36,8713.46,8953.28,9193.1,9432.92,2026-02-02 15:30:00 IST,8713.46,TARGET_1,1.5,2,88.0,V_REVERSAL,True,True,True,6.0,True,NONE
APARINDS,2026-03-27 15:30:00 IST,BULL,2026-03-27 09:15:00 IST,10608.0,9971.52,11562.72,11880.96,12199.2,12517.44,2026-03-29 15:30:00 IST,9971.52,STOP_LOSS,-1.0,1,85.0,V_REVERSAL,True,True,True,6.0,True,NONE
APARINDS,2026-04-20 15:30:00 IST,BULL,2026-04-20 09:15:00 IST,11977.0,11258.38,13054.93,13414.24,13773.55,14132.86,2026-05-17 15:30:00 IST,12154.0,TIMEOUT_20D,0.25,20,85.0,CUP_HANDLE,True,True,True,6.0,True,NONE
APARINDS,2026-06-12 15:30:00 IST,BULL,2026-06-12 09:15:00 IST,15221.0,14307.74,16590.89,17047.52,17504.15,17960.78,2026-06-17 15:30:00 IST,16590.89,TARGET_1,1.5,4,83.0,V_REVERSAL,True,True,True,6.0,True,NONE
APARINDS,2026-07-31 15:30:00 IST,SIDEWAYS,2026-07-31 09:15:00 IST,14348.0,13487.12,15639.32,16069.76,16500.2,16930.64,2026-08-04 15:30:00 IST,15639.32,TARGET_1,1.5,3,85.0,WYCKOFF_SPRING_TYPE_2,True,True,True,6.0,True,NONE
APARINDS,2026-08-06 15:30:00 IST,SIDEWAYS,2026-08-06 09:15:00 IST,16126.0,15158.44,17577.34,18061.12,18544.9,19028.68,2026-08-11 15:30:00 IST,17577.34,TARGET_1,1.5,4,86.0,WYCKOFF_SPRING_TYPE_2,True,True,True,6.0,True,NONE
APARINDS,2026-08-18 15:30:00 IST,BULL,2026-08-18 09:15:00 IST,17214.0,16181.16,18763.26,19279.68,19796.1,20312.52,2026-09-10 15:30:00 IST,17500.0,TIMEOUT_20D,0.28,17,94.0,SHAKEOUT_RECLAIM,True,True,True,6.0,True,NONE
APLAPOLLO,2026-04-20 15:30:00 IST,SIDEWAYS,2026-04-20 09:15:00 IST,2143.9,2015.27,2336.84,2401.16,2465.48,2529.79,2026-04-23 15:30:00 IST,2015.27,STOP_LOSS,-1.0,4,91.0,WYCKOFF_SPRING_TYPE_2,True,True,True,6.0,True,NONE
APLAPOLLO,2026-05-06 15:30:00 IST,BEAR,2026-05-06 09:15:00 IST,1914.7,1820.85,2055.47,2102.4,2149.33,2196.25,2026-05-28 15:30:00 IST,1820.85,STOP_LOSS,-1.0,17,88.0,SHAKEOUT_RECLAIM,True,True,True,4.9,True,NONE
APLAPOLLO,2026-08-03 15:30:00 IST,BULL,2026-08-03 09:15:00 IST,1941.5,1825.01,2116.24,2174.48,2232.72,2290.97,2026-08-17 15:30:00 IST,2116.24,TARGET_1,1.5,11,95.0,DOUBLE_BOTTOM,True,True,True,6.0,True,NONE
APLAPOLLO,2026-09-04 15:30:00 IST,BULL,2026-09-04 09:15:00 IST,2250.0,2115.0,2452.5,2520.0,2587.5,2655.0,2026-09-10 15:30:00 IST,2115.0,STOP_LOSS,-1.0,5,84.0,SHAKEOUT_RECLAIM,True,True,True,6.0,True,NONE
APLLTD,2025-11-17 15:30:00 IST,SIDEWAYS,2025-11-17 09:15:00 IST,948.85,891.92,1034.24,1062.71,1091.18,1119.64,2025-11-20 15:30:00 IST,891.92,STOP_LOSS,-1.0,4,90.0,WYCKOFF_SPRING_TYPE_2,True,True,True,6.0,True,NONE
APLLTD,2026-03-24 15:30:00 IST,BEAR,2026-03-24 09:15:00 IST,673.2,632.81,733.79,753.98,774.18,794.37,2026-04-07 15:30:00 IST,733.79,TARGET_1,1.5,8,97.0,SHAKEOUT_RECLAIM,True,True,True,6.0,True,NONE
APLLTD,2026-06-19 15:30:00 IST,SIDEWAYS,2026-06-19 09:15:00 IST,763.0,717.22,831.67,854.56,877.45,900.34,2026-06-29 15:30:00 IST,831.67,TARGET_1,1.5,7,89.0,WYCKOFF_SPRING_TYPE_2,True,True,True,6.0,True,NONE
APLLTD,2026-06-30 15:30:00 IST,BULL,2026-06-30 09:15:00 IST,822.75,784.73,879.78,898.79,917.8,936.81,2026-07-22 15:30:00 IST,784.73,STOP_LOSS,-1.0,17,93.0,MULTI_MONTH_BASE_BREAKOUT,True,True,True,4.62,True,NONE
APOLLO,2025-12-02 15:30:00 IST,SIDEWAYS,2025-12-02 09:15:00 IST,280.35,263.53,305.58,313.99,322.4,330.81,2025-12-04 15:30:00 IST,263.53,STOP_LOSS,-1.0,3,88.0,V_REVERSAL,True,True,True,6.0,True,NONE
APOLLO,2025-12-31 15:30:00 IST,SIDEWAYS,2025-12-31 09:15:00 IST,272.0,255.68,296.48,304.64,312.8,320.96,2026-01-07 15:30:00 IST,255.68,STOP_LOSS,-1.0,6,93.0,V_REVERSAL,True,True,True,6.0,True,NONE
APOLLO,2026-01-30 15:30:00 IST,SIDEWAYS,2026-01-30 09:15:00 IST,260.75,245.1,284.23,292.05,299.88,307.7,2026-02-01 15:30:00 IST,245.1,STOP_LOSS,-1.0,1,94.0,WYCKOFF_SPRING_TYPE_2,True,True,True,6.0,True,NONE
APOLLO,2026-03-17 15:30:00 IST,BEAR,2026-03-17 09:15:00 IST,202.1,192.53,216.46,221.24,226.02,230.81,2026-03-22 15:30:00 IST,192.53,STOP_LOSS,-1.0,4,84.0,SHAKEOUT_RECLAIM,True,True,True,4.74,True,NONE
APOLLO,2026-04-09 15:30:00 IST,SIDEWAYS,2026-04-09 09:15:00 IST,232.52,218.57,253.45,260.42,267.4,274.37,2026-04-16 15:30:00 IST,253.45,TARGET_1,1.5,5,92.0,SHAKEOUT_RECLAIM,True,True,True,6.0,True,NONE
APOLLO,2026-04-17 15:30:00 IST,BULL,2026-04-17 09:15:00 IST,282.9,265.93,308.35,316.84,325.32,333.81,2026-04-27 15:30:00 IST,308.35,TARGET_1,1.5,7,93.0,BULL_FLAG,True,True,True,6.0,True,NONE
APOLLO,2026-05-25 15:30:00 IST,BULL,2026-05-25 09:15:00 IST,408.2,383.71,444.94,457.18,469.43,481.67,2026-06-02 15:30:00 IST,444.94,TARGET_1,1.5,7,89.0,BULL_PENNANT,True,True,True,6.0,True,NONE
APOLLOHOSP,2026-02-06 15:30:00 IST,SIDEWAYS,2026-02-06 09:15:00 IST,7143.02,6714.44,7785.88,8000.18,8214.47,8428.76,2026-02-24 15:30:00 IST,7785.88,TARGET_1,1.5,13,89.0,WYCKOFF_SPRING_TYPE_2,True,True,True,6.0,True,NONE
APOLLOHOSP,2026-03-24 15:30:00 IST,SIDEWAYS,2026-03-24 09:15:00 IST,7413.0,6995.51,8039.23,8247.98,8456.72,8665.47,2026-04-26 15:30:00 IST,7825.0,TIMEOUT_20D,0.99,20,81.0,DOUBLE_BOTTOM,True,True,True,5.63,True,NONE
APOLLOHOSP,2026-05-08 15:30:00 IST,BULL,2026-05-08 09:15:00 IST,8097.0,7611.18,8825.73,9068.64,9311.55,9554.46,2026-06-04 15:30:00 IST,8304.5,TIMEOUT_20D,0.43,20,91.0,V_REVERSAL,True,True,True,6.0,True,NONE
APOLLOHOSP,2026-05-21 15:30:00 IST,BULL,2026-05-21 09:15:00 IST,8308.5,7934.6,8869.35,9056.3,9243.25,9430.2,2026-06-01 15:30:00 IST,7934.6,STOP_LOSS,-1.0,8,93.0,MULTI_MONTH_BASE_BREAKOUT,True,True,True,4.5,True,NONE
APOLLOHOSP,2026-06-03 15:30:00 IST,BULL,2026-06-03 09:15:00 IST,8290.5,7793.07,9036.65,9285.36,9534.08,9782.79,2026-06-30 15:30:00 IST,8618.5,TIMEOUT_20D,0.66,20,85.0,CUP_HANDLE,True,True,True,6.0,True,NONE
APOLLOHOSP,2026-06-09 15:30:00 IST,BULL,2026-06-09 09:15:00 IST,8524.0,8235.3,8957.05,9101.4,9245.75,9390.1,2026-07-06 15:30:00 IST,8837.0,TIMEOUT_20D,1.08,20,94.0,MULTI_MONTH_BASE_BREAKOUT,True,True,True,3.39,True,NONE
APTUS,2026-02-25 15:30:00 IST,BEAR,2026-02-25 09:15:00 IST,245.01,231.07,265.92,272.89,279.86,286.83,2026-03-03 15:30:00 IST,231.07,STOP_LOSS,-1.0,4,90.0,SHAKEOUT_RECLAIM,True,True,True,5.69,True,NONE
APTUS,2026-03-10 15:30:00 IST,BEAR,2026-03-10 09:15:00 IST,229.87,216.08,250.56,257.45,264.34,271.24,2026-03-15 15:30:00 IST,216.08,STOP_LOSS,-1.0,4,89.0,SHAKEOUT_RECLAIM,True,True,True,6.0,True,NONE
APTUS,2026-04-09 15:30:00 IST,SIDEWAYS,2026-04-09 09:15:00 IST,215.81,202.86,235.24,241.71,248.18,254.66,2026-04-15 15:30:00 IST,235.24,TARGET_1,1.5,4,88.0,V_REVERSAL,True,True,True,6.0,True,NONE
APTUS,2026-04-16 15:30:00 IST,SIDEWAYS,2026-04-16 09:15:00 IST,244.57,229.9,266.58,273.91,281.24,288.58,2026-05-05 15:30:00 IST,266.58,TARGET_1,1.5,14,92.0,BULL_FLAG,True,True,True,6.0,True,NONE
APTUS,2026-06-04 15:30:00 IST,BULL,2026-06-04 09:15:00 IST,262.95,249.25,283.5,290.35,297.2,304.05,2026-06-08 15:30:00 IST,249.25,STOP_LOSS,-1.0,3,89.0,SHAKEOUT_RECLAIM,True,True,True,5.21,True,NONE
APTUS,2026-06-11 15:30:00 IST,SIDEWAYS,2026-06-11 09:15:00 IST,258.45,246.76,275.99,281.83,287.67,293.52,2026-06-14 15:30:00 IST,275.99,TARGET_1,1.5,2,87.0,SHAKEOUT_RECLAIM,True,True,True,4.52,True,NONE
APTUS,2026-06-30 15:30:00 IST,BULL,2026-06-30 09:15:00 IST,278.85,262.12,303.95,312.31,320.68,329.04,2026-07-16 15:30:00 IST,303.95,TARGET_1,1.5,13,90.0,HIGHER_LOW_REVERSAL,True,True,True,6.0,True,NONE
ARE&M,2026-01-01 15:30:00 IST,SIDEWAYS,2026-01-01 09:15:00 IST,922.27,882.35,982.16,1002.11,1022.07,1042.03,2026-01-11 15:30:00 IST,882.35,STOP_LOSS,-1.0,7,86.0,V_REVERSAL,True,True,True,4.33,True,NONE
ARE&M,2026-04-22 15:30:00 IST,SIDEWAYS,2026-04-22 09:15:00 IST,893.35,839.75,973.74,1000.55,1027.35,1054.15,2026-05-11 15:30:00 IST,839.75,STOP_LOSS,-1.0,14,88.0,V_REVERSAL,True,True,True,6.0,True,NONE
ARE&M,2026-05-25 15:30:00 IST,BULL,2026-05-25 09:15:00 IST,878.14,825.45,957.17,983.52,1009.86,1036.21,2026-06-07 15:30:00 IST,825.45,STOP_LOSS,-1.0,10,88.0,CUP_HANDLE,True,True,True,6.0,True,NONE
ARE&M,2026-07-13 15:30:00 IST,BULL,2026-07-13 09:15:00 IST,903.63,849.42,984.96,1012.05,1039.16,1066.26,2026-08-09 15:30:00 IST,897.7,TIMEOUT_20D,-0.11,20,89.0,V_REVERSAL,True,True,True,6.0,True,NONE
ARE&M,2026-08-11 15:30:00 IST,BULL,2026-08-11 09:15:00 IST,970.25,928.29,1033.19,1054.17,1075.15,1096.13,2026-08-18 15:30:00 IST,928.29,STOP_LOSS,-1.0,6,99.0,MULTI_MONTH_BASE_BREAKOUT,True,True,True,4.32,True,NONE
ARVIND,2025-11-07 15:30:00 IST,BULL,2025-11-07 09:15:00 IST,328.3,308.6,357.85,367.7,377.55,387.4,2025-11-18 15:30:00 IST,357.85,TARGET_1,1.5,8,93.0,CUP_HANDLE,True,True,True,6.0,True,NONE
ARVIND,2026-01-21 15:30:00 IST,SIDEWAYS,2026-01-21 09:15:00 IST,306.6,288.2,334.2,343.4,352.6,361.8,2026-02-02 15:30:00 IST,334.2,TARGET_1,1.5,8,97.0,SHAKEOUT_RECLAIM,True,True,True,6.0,True,NONE
ARVIND,2026-02-04 15:30:00 IST,SIDEWAYS,2026-02-04 09:15:00 IST,371.65,349.35,405.1,416.25,427.4,438.55,2026-02-25 15:30:00 IST,349.35,STOP_LOSS,-1.0,16,87.0,DOUBLE_BOTTOM,True,True,True,6.0,True,NONE
ARVIND,2026-04-02 15:30:00 IST,BULL,2026-04-02 09:15:00 IST,365.25,343.33,398.13,409.09,420.05,431.01,2026-04-14 15:30:00 IST,398.13,TARGET_1,1.5,7,89.0,WYCKOFF_SPRING_TYPE_2,True,True,True,6.0,True,NONE
ARVIND,2026-05-07 15:30:00 IST,BULL,2026-05-07 09:15:00 IST,447.9,421.03,488.2,501.64,515.08,528.51,2026-05-18 15:30:00 IST,488.2,TARGET_1,1.5,8,90.0,SHAKEOUT_RECLAIM,True,True,True,6.0,True,NONE
ARVIND,2026-06-24 15:30:00 IST,BULL,2026-06-24 09:15:00 IST,556.1,522.73,606.15,622.84,639.53,656.21,2026-07-07 15:30:00 IST,522.73,STOP_LOSS,-1.0,10,89.0,V_REVERSAL,True,True,True,6.0,True,NONE
ARVIND,2026-08-13 15:30:00 IST,BULL,2026-08-13 09:15:00 IST,555.65,522.31,605.66,622.33,639.0,655.67,2026-08-18 15:30:00 IST,522.31,STOP_LOSS,-1.0,4,91.0,WYCKOFF_SPRING_TYPE_2,True,True,True,6.0,True,NONE
ASAHIINDIA,2025-11-24 15:30:00 IST,BULL,2025-11-24 09:15:00 IST,1052.65,989.49,1147.39,1178.97,1210.55,1242.13,2025-12-09 15:30:00 IST,989.49,STOP_LOSS,-1.0,12,92.0,MULTI_MONTH_BASE_BREAKOUT,True,True,True,6.0,True,NONE
ASAHIINDIA,2026-03-09 15:30:00 IST,BEAR,2026-03-09 09:15:00 IST,835.7,785.56,910.91,935.98,961.05,986.12,2026-03-17 15:30:00 IST,910.91,TARGET_1,1.5,7,84.0,SHAKEOUT_RECLAIM,True,True,True,6.0,True,NONE
ASAHIINDIA,2026-05-19 15:30:00 IST,SIDEWAYS,2026-05-19 09:15:00 IST,837.75,789.98,909.4,933.29,957.17,981.06,2026-05-26 15:30:00 IST,909.4,TARGET_1,1.5,6,88.0,SHAKEOUT_RECLAIM,True,True,True,5.7,True,NONE
ASAHIINDIA,2026-05-26 15:30:00 IST,BULL,2026-05-26 09:15:00 IST,891.6,851.71,951.43,971.38,991.33,1011.27,2026-06-18 15:30:00 IST,851.71,STOP_LOSS,-1.0,18,95.0,DOUBLE_BOTTOM,True,True,True,4.47,True,NONE
ASAHIINDIA,2026-06-25 15:30:00 IST,BULL,2026-06-25 09:15:00 IST,898.9,851.71,969.69,993.28,1016.87,1040.47,2026-06-28 15:30:00 IST,851.71,STOP_LOSS,-1.0,2,94.0,DOUBLE_BOTTOM,True,True,True,5.25,True,NONE
ASAHIINDIA,2026-07-02 15:30:00 IST,BULL,2026-07-02 09:15:00 IST,888.85,835.52,968.84,995.51,1022.18,1048.84,2026-07-29 15:30:00 IST,869.3,TIMEOUT_20D,-0.37,20,90.0,DOUBLE_BOTTOM,True,True,True,6.0,True,NONE
ASAHIINDIA,2026-08-14 15:30:00 IST,BULL,2026-08-14 09:15:00 IST,939.2,882.85,1023.73,1051.9,1080.08,1108.25,2026-09-10 15:30:00 IST,985.8,TIMEOUT_20D,0.83,19,93.0,HIGHER_LOW_REVERSAL,True,True,True,6.0,True,NONE
APOLLOTYRE,2025-02-25 15:30:00 IST,BULL,2025-02-25 09:15:00 IST,693.55,652.51,755.12,775.63,796.15,816.67,2025-03-25 15:30:00 IST,697.97,TIMEOUT_20D,0.11,20,90.0,CUP_HANDLE,True,True,True,5.92,True,NONE
APOLLOTYRE,2025-03-26 15:30:00 IST,BULL,2025-03-26 09:15:00 IST,699.59,682.54,725.15,733.69,742.22,750.74,2025-03-28 15:30:00 IST,725.15,TARGET_1,1.5,2,90.0,CUP_HANDLE,True,True,True,2.44,True,NONE
APOLLOTYRE,2025-07-09 15:30:00 IST,BULL,2025-07-09 09:15:00 IST,892.39,849.51,956.71,978.15,999.59,1021.03,2025-08-06 15:30:00 IST,944.94,TIMEOUT_20D,1.23,20,96.0,MULTI_MONTH_BASE_BREAKOUT,True,True,True,4.81,True,NONE
APOLLOTYRE,2025-10-15 15:30:00 IST,BULL,2025-10-15 09:15:00 IST,977.0,943.47,1027.29,1044.06,1060.82,1077.59,2025-11-12 15:30:00 IST,1017.3,TIMEOUT_20D,1.2,20,90.0,BULL_FLAG,True,True,True,3.43,True,NONE
APOLLOTYRE,2025-11-07 15:30:00 IST,BULL,2025-11-07 09:15:00 IST,999.11,973.14,1038.06,1051.05,1064.04,1077.02,2025-11-14 15:30:00 IST,1038.06,TARGET_1,1.5,5,85.0,CUP_HANDLE,True,True,True,2.6,True,NONE
APOLLOTYRE,2025-11-27 15:30:00 IST,BULL,2025-11-27 09:15:00 IST,1102.43,1060.33,1165.57,1186.63,1207.68,1228.73,2025-12-03 15:30:00 IST,1060.33,STOP_LOSS,-1.0,4,93.0,MULTI_MONTH_BASE_BREAKOUT,True,True,True,3.82,True,NONE
APOLLOTYRE,2026-01-05 15:30:00 IST,BULL,2026-01-05 09:15:00 IST,1125.75,1074.52,1202.59,1228.21,1253.83,1279.44,2026-02-02 15:30:00 IST,1082.74,TIMEOUT_20D,-0.84,20,93.0,HIGHER_LOW_REVERSAL,True,True,True,4.55,True,NONE
ASHOKA,2025-10-31 15:30:00 IST,BULL,2025-10-31 09:15:00 IST,205.66,193.94,223.24,229.1,234.96,240.82,2025-11-16 15:30:00 IST,193.94,STOP_LOSS,-1.0,10,90.0,MULTI_MONTH_BASE_BREAKOUT,True,True,True,5.7,True,NONE
ASHOKA,2025-12-09 15:30:00 IST,BEAR,2025-12-09 09:15:00 IST,167.49,158.43,181.08,185.61,190.14,194.67,2026-01-06 15:30:00 IST,169.1,TIMEOUT_20D,0.18,20,86.0,SHAKEOUT_RECLAIM,True,True,True,5.41,True,NONE
ASHOKA,2026-01-28 15:30:00 IST,BEAR,2026-01-28 09:15:00 IST,147.04,138.82,159.37,163.48,167.59,171.7,2026-02-08 15:30:00 IST,159.37,TARGET_1,1.5,8,86.0,SHAKEOUT_RECLAIM,True,True,True,5.59,True,NONE
ASHOKA,2026-02-09 15:30:00 IST,SIDEWAYS,2026-02-09 09:15:00 IST,163.97,154.13,178.73,183.65,188.57,193.49,2026-02-12 15:30:00 IST,154.13,STOP_LOSS,-1.0,4,86.0,BULL_FLAG,True,True,True,6.0,True,NONE
ASHOKA,2026-04-08 15:30:00 IST,SIDEWAYS,2026-04-08 09:15:00 IST,121.82,114.51,132.78,136.44,140.09,143.75,2026-04-14 15:30:00 IST,132.78,TARGET_1,1.5,4,85.0,V_REVERSAL,True,True,True,6.0,True,NONE
ASHOKA,2026-04-15 15:30:00 IST,SIDEWAYS,2026-04-15 09:15:00 IST,135.57,127.44,147.77,151.83,155.89,159.96,2026-05-11 15:30:00 IST,127.44,STOP_LOSS,-1.0,19,92.0,BULL_FLAG,True,True,True,6.0,True,NONE
ASHOKA,2026-06-12 15:30:00 IST,SIDEWAYS,2026-06-12 09:15:00 IST,123.06,115.68,134.13,137.82,141.51,145.2,2026-06-14 15:30:00 IST,134.13,TARGET_1,1.5,1,88.0,SHAKEOUT_RECLAIM,True,True,True,6.0,True,NONE
ARVINDFASN,2025-03-25 15:30:00 IST,SIDEWAYS,2025-03-25 09:15:00 IST,711.37,683.9,752.57,766.31,780.05,793.78,2025-04-22 15:30:00 IST,706.36,TIMEOUT_20D,-0.18,20,87.0,WYCKOFF_SPRING_TYPE_2,True,True,True,3.86,True,NONE
ARVINDFASN,2025-04-24 15:30:00 IST,BULL,2025-04-24 09:15:00 IST,728.4,696.74,775.89,791.72,807.55,823.38,2025-05-22 15:30:00 IST,741.61,TIMEOUT_20D,0.42,20,87.0,DOUBLE_BOTTOM,True,True,True,4.35,True,NONE
ARVINDFASN,2025-05-01 15:30:00 IST,BULL,2025-05-01 09:15:00 IST,731.28,722.5,744.44,748.84,753.23,757.62,2025-05-07 15:30:00 IST,722.5,STOP_LOSS,-1.0,4,89.0,CUP_HANDLE,True,True,True,1.2,True,NONE
ARVINDFASN,2025-08-26 15:30:00 IST,BULL,2025-08-26 09:15:00 IST,842.23,811.34,888.56,904.01,919.45,934.9,2025-09-04 15:30:00 IST,811.34,STOP_LOSS,-1.0,7,94.0,MULTI_MONTH_BASE_BREAKOUT,True,True,True,3.67,True,NONE
ARVINDFASN,2026-01-12 15:30:00 IST,BULL,2026-01-12 09:15:00 IST,1035.17,998.03,1090.89,1109.45,1128.02,1146.59,2026-02-09 15:30:00 IST,1090.89,TARGET_1,1.5,20,96.0,MULTI_MONTH_BASE_BREAKOUT,True,True,True,3.59,True,NONE
ARVINDFASN,2026-03-25 15:30:00 IST,BULL,2026-03-25 09:15:00 IST,1250.93,1210.22,1311.99,1332.35,1352.71,1373.06,2026-04-09 15:30:00 IST,1210.22,STOP_LOSS,-1.0,11,85.0,BULL_FLAG,True,True,True,3.25,True,NONE
ASIANPAINT,2025-11-14 15:30:00 IST,BULL,2025-11-14 09:15:00 IST,2876.91,2781.67,3019.77,3067.39,3115.01,3162.63,2025-12-08 15:30:00 IST,2781.67,STOP_LOSS,-1.0,17,93.0,MULTI_MONTH_BASE_BREAKOUT,True,True,True,3.31,True,NONE
ASIANPAINT,2025-12-19 15:30:00 IST,SIDEWAYS,2025-12-19 09:15:00 IST,2775.82,2708.77,2876.39,2909.92,2943.45,2976.97,2026-01-12 15:30:00 IST,2876.39,TARGET_1,1.5,16,89.0,SHAKEOUT_RECLAIM,True,True,True,2.42,True,NONE
ASIANPAINT,2026-04-06 15:30:00 IST,BEAR,2026-04-06 09:15:00 IST,2165.51,2086.32,2284.3,2323.89,2363.49,2403.08,2026-04-07 15:30:00 IST,2284.3,TARGET_1,1.5,2,86.0,WYCKOFF_SPRING_TYPE_2,True,True,True,3.66,True,NONE
ASIANPAINT,2026-04-10 15:30:00 IST,SIDEWAYS,2026-04-10 09:15:00 IST,2340.39,2199.97,2551.03,2621.23,2691.44,2761.65,2026-04-20 15:30:00 IST,2551.03,TARGET_1,1.5,6,93.0,WYCKOFF_SPRING_TYPE_2,True,True,True,6.0,True,NONE
ASIANPAINT,2026-05-08 15:30:00 IST,BULL,2026-05-08 09:15:00 IST,2577.54,2422.88,2809.52,2886.86,2964.19,3041.52,2026-06-04 15:30:00 IST,2663.59,TIMEOUT_20D,0.56,20,95.0,BULL_FLAG,True,True,True,6.0,True,NONE
ASHAPURMIN,2025-07-21 15:30:00 IST,BULL,2025-07-21 09:15:00 IST,2067.62,2020.99,2137.58,2160.88,2184.19,2207.51,2025-07-24 15:30:00 IST,2137.58,TARGET_1,1.5,3,87.0,CUP_HANDLE,True,True,True,2.26,True,NONE
ASHAPURMIN,2025-10-29 15:30:00 IST,BULL,2025-10-29 09:15:00 IST,2762.75,2596.98,3011.4,3094.29,3177.18,3260.06,2025-11-26 15:30:00 IST,2918.13,TIMEOUT_20D,0.94,20,92.0,MULTI_MONTH_BASE_BREAKOUT,True,True,True,6.0,True,NONE
ASHAPURMIN,2026-01-20 15:30:00 IST,SIDEWAYS,2026-01-20 09:15:00 IST,2762.47,2660.05,2916.1,2967.31,3018.52,3069.73,2026-01-26 15:30:00 IST,2660.05,STOP_LOSS,-1.0,4,92.0,WYCKOFF_SPRING_TYPE_2,True,True,True,3.71,True,NONE
ASHAPURMIN,2026-03-27 15:30:00 IST,BEAR,2026-03-27 09:15:00 IST,2566.47,2514.16,2644.94,2671.09,2697.24,2723.4,2026-03-31 15:30:00 IST,2514.16,STOP_LOSS,-1.0,2,91.0,WYCKOFF_SPRING_TYPE_2,True,True,True,2.04,True,NONE
ASHOKLEY,2025-06-20 15:30:00 IST,BEAR,2025-06-20 09:15:00 IST,856.97,839.4,883.32,892.11,900.9,909.68,2025-07-09 15:30:00 IST,883.32,TARGET_1,1.5,13,86.0,WYCKOFF_SPRING_TYPE_2,True,True,True,2.05,True,NONE
ASHOKLEY,2025-08-11 15:30:00 IST,BULL,2025-08-11 09:15:00 IST,889.42,862.5,929.8,943.26,956.72,970.18,2025-08-27 15:30:00 IST,929.8,TARGET_1,1.5,12,95.0,MULTI_MONTH_BASE_BREAKOUT,True,True,True,3.03,True,NONE
ASHOKLEY,2025-12-04 15:30:00 IST,BULL,2025-12-04 09:15:00 IST,1093.61,1028.0,1192.03,1224.83,1257.63,1290.44,2026-01-01 15:30:00 IST,1128.83,TIMEOUT_20D,0.54,20,86.0,HIGHER_LOW_REVERSAL,True,True,True,6.0,True,NONE
ASHOKLEY,2026-05-01 15:30:00 IST,BULL,2026-05-01 09:15:00 IST,1415.87,1387.17,1458.91,1473.27,1487.62,1501.97,2026-05-05 15:30:00 IST,1387.17,STOP_LOSS,-1.0,2,90.0,CUP_HANDLE,True,True,True,2.03,True,NONE
ASHOKLEY,2026-06-12 15:30:00 IST,BULL,2026-06-12 09:15:00 IST,1412.27,1381.3,1458.72,1474.21,1489.7,1505.18,2026-07-10 15:30:00 IST,1424.78,TIMEOUT_20D,0.4,20,87.0,CUP_HANDLE,True,True,True,2.19,True,NONE
ASHOKLEY,2026-08-24 15:30:00 IST,BEAR,2026-08-24 09:15:00 IST,173.29,170.79,177.04,178.29,179.54,180.79,2026-08-25 15:30:00 IST,177.04,TARGET_1,1.5,2,92.0,SHAKEOUT_RECLAIM,True,True,True,1.44,True,NONE
ATGL,2026-03-11 15:30:00 IST,SIDEWAYS,2026-03-11 09:15:00 IST,566.7,542.02,603.73,616.06,628.4,640.74,2026-03-11 15:30:00 IST,603.73,TARGET_1,1.5,1,94.0,DOUBLE_BOTTOM,True,True,True,4.36,True,NONE
ASKAUTOLTD,2025-05-05 15:30:00 IST,SIDEWAYS,2025-05-05 09:15:00 IST,1620.7,1524.76,1764.61,1812.58,1860.55,1908.52,2025-06-02 15:30:00 IST,1689.27,TIMEOUT_20D,0.71,20,89.0,WYCKOFF_SPRING_TYPE_2,True,True,True,5.92,True,NONE
ASKAUTOLTD,2025-06-12 15:30:00 IST,BULL,2025-06-12 09:15:00 IST,1737.52,1682.57,1819.95,1847.42,1874.89,1902.37,2025-06-25 15:30:00 IST,1682.57,STOP_LOSS,-1.0,9,94.0,MULTI_MONTH_BASE_BREAKOUT,True,True,True,3.16,True,NONE
ASKAUTOLTD,2025-09-15 15:30:00 IST,BULL,2025-09-15 09:15:00 IST,1963.43,1904.42,2051.95,2081.45,2110.95,2140.46,2025-10-03 15:30:00 IST,2051.95,TARGET_1,1.5,14,93.0,MULTI_MONTH_BASE_BREAKOUT,True,True,True,3.01,True,NONE
ASKAUTOLTD,2026-02-06 15:30:00 IST,SIDEWAYS,2026-02-06 09:15:00 IST,2168.2,2073.64,2310.05,2357.32,2404.6,2451.88,2026-02-27 15:30:00 IST,2310.05,TARGET_1,1.5,15,86.0,V_REVERSAL,True,True,True,4.36,True,NONE
ASKAUTOLTD,2026-02-18 15:30:00 IST,BEAR,2026-02-18 09:15:00 IST,2119.0,2073.64,2187.05,2209.72,2232.4,2255.08,2026-02-23 15:30:00 IST,2187.05,TARGET_1,1.5,3,91.0,WYCKOFF_SPRING_TYPE_2,True,True,True,2.14,True,NONE
ASKAUTOLTD,2026-03-24 15:30:00 IST,BULL,2026-03-24 09:15:00 IST,2358.37,2255.61,2512.51,2563.89,2615.27,2666.65,2026-04-21 15:30:00 IST,2310.73,TIMEOUT_20D,-0.46,20,89.0,MULTI_MONTH_BASE_BREAKOUT,True,True,True,4.36,True,NONE
ASKAUTOLTD,2026-04-24 15:30:00 IST,BULL,2026-04-24 09:15:00 IST,2331.83,2232.36,2481.02,2530.77,2580.5,2630.24,2026-05-22 15:30:00 IST,2273.47,TIMEOUT_20D,-0.59,20,88.0,DOUBLE_BOTTOM,True,True,True,4.27,True,NONE
ASTERDM,2025-03-05 15:30:00 IST,BULL,2025-03-05 09:15:00 IST,1128.29,1086.91,1190.35,1211.05,1231.74,1252.43,2025-04-02 15:30:00 IST,1159.83,TIMEOUT_20D,0.76,20,83.0,BULL_FLAG,True,True,True,3.67,True,NONE
ASTERDM,2025-03-19 15:30:00 IST,BULL,2025-03-19 09:15:00 IST,1150.11,1107.48,1214.06,1235.37,1256.68,1278.0,2025-04-16 15:30:00 IST,1133.28,TIMEOUT_20D,-0.39,20,89.0,BULL_FLAG,True,True,True,3.71,True,NONE
ASTERDM,2025-07-18 15:30:00 IST,BULL,2025-07-18 09:15:00 IST,1263.42,1195.14,1365.85,1399.98,1434.12,1468.26,2025-08-15 15:30:00 IST,1262.73,TIMEOUT_20D,-0.01,20,86.0,HIGHER_LOW_REVERSAL,True,True,True,5.4,True,NONE
ASTERDM,2025-08-14 15:30:00 IST,BULL,2025-08-14 09:15:00 IST,1286.64,1257.58,1330.22,1344.76,1359.29,1373.82,2025-08-21 15:30:00 IST,1257.58,STOP_LOSS,-1.0,5,93.0,CUP_HANDLE,True,True,True,2.26,True,NONE
ASTERDM,2025-10-17 15:30:00 IST,BULL,2025-10-17 09:15:00 IST,1335.02,1284.89,1410.21,1435.28,1460.34,1485.41,2025-10-21 15:30:00 IST,1284.89,STOP_LOSS,-1.0,2,86.0,MULTI_MONTH_BASE_BREAKOUT,True,True,True,3.75,True,NONE
ASTERDM,2025-12-10 15:30:00 IST,BULL,2025-12-10 09:15:00 IST,1503.32,1432.94,1608.9,1644.08,1679.27,1714.46,2026-01-05 15:30:00 IST,1608.9,TARGET_1,1.5,18,90.0,HIGHER_LOW_REVERSAL,True,True,True,4.68,True,NONE
ASTERDM,2026-04-15 15:30:00 IST,BULL,2026-04-15 09:15:00 IST,1684.02,1615.11,1787.39,1821.84,1856.3,1890.75,2026-04-21 15:30:00 IST,1615.11,STOP_LOSS,-1.0,4,93.0,MULTI_MONTH_BASE_BREAKOUT,True,True,True,4.09,True,NONE
ASTERDM,2026-05-18 15:30:00 IST,BULL,2026-05-18 09:15:00 IST,1733.26,1698.21,1785.83,1803.36,1820.88,1838.41,2026-05-19 15:30:00 IST,1698.21,STOP_LOSS,-1.0,1,88.0,CUP_HANDLE,True,True,True,2.02,True,NONE
ASTERDM,2026-06-18 15:30:00 IST,BEAR,2026-06-18 09:15:00 IST,1656.93,1616.84,1717.08,1737.11,1757.16,1777.2,2026-06-22 15:30:00 IST,1616.84,STOP_LOSS,-1.0,2,93.0,WYCKOFF_SPRING_TYPE_2,True,True,True,2.42,True,NONE
ASTERDM,2026-07-09 15:30:00 IST,SIDEWAYS,2026-07-09 09:15:00 IST,1718.27,1615.17,1872.92,1924.47,1976.02,2027.57,2026-08-06 15:30:00 IST,1737.32,TIMEOUT_20D,0.18,20,85.0,V_REVERSAL,True,True,True,6.0,True,NONE
ASTRAL,2025-11-06 15:30:00 IST,BULL,2025-11-06 09:15:00 IST,1562.15,1468.42,1702.73,1749.61,1796.48,1843.34,2025-11-06 15:30:00 IST,1468.42,STOP_LOSS,-1.0,1,99.0,DOUBLE_BOTTOM,True,True,True,6.0,True,NONE
ASTRAL,2026-02-11 15:30:00 IST,BULL,2026-02-11 09:15:00 IST,1589.6,1494.22,1732.67,1780.36,1828.05,1875.74,2026-02-11 15:30:00 IST,1494.22,STOP_LOSS,-1.0,1,90.0,DOUBLE_BOTTOM,True,True,True,6.0,True,NONE
ASTRAL,2026-03-11 15:30:00 IST,BULL,2026-03-11 09:15:00 IST,1743.56,1638.94,1900.48,1952.8,2005.11,2057.42,2026-03-11 15:30:00 IST,1638.94,STOP_LOSS,-1.0,1,94.0,DOUBLE_BOTTOM,True,True,True,6.0,True,NONE
ASTRAL,2026-04-02 15:30:00 IST,SIDEWAYS,2026-04-02 09:15:00 IST,1551.06,1458.0,1690.65,1737.18,1783.71,1830.24,2026-04-02 15:30:00 IST,1458.0,STOP_LOSS,-1.0,1,84.0,V_REVERSAL,True,True,True,6.0,True,NONE
ASTRAL,2026-08-13 15:30:00 IST,BULL,2026-08-13 09:15:00 IST,1589.5,1494.13,1732.55,1780.24,1827.92,1875.61,2026-08-13 15:30:00 IST,1494.13,STOP_LOSS,-1.0,1,97.0,DOUBLE_BOTTOM,True,True,True,6.0,True,NONE
ATUL,2025-12-23 15:30:00 IST,BULL,2025-12-23 09:15:00 IST,6060.62,5696.98,6606.07,6787.9,6969.72,7151.54,2026-01-19 15:30:00 IST,5696.98,STOP_LOSS,-1.0,19,91.0,V_REVERSAL,True,True,True,6.0,True,NONE
ATUL,2026-03-30 15:30:00 IST,SIDEWAYS,2026-03-30 09:15:00 IST,6337.25,5957.02,6907.6,7097.71,7287.82,7477.94,2026-04-23 15:30:00 IST,6907.6,TARGET_1,1.5,16,89.0,WYCKOFF_SPRING_TYPE_2,True,True,True,6.0,True,NONE
ATUL,2026-07-17 15:30:00 IST,BEAR,2026-07-17 09:15:00 IST,6149.5,5932.79,6474.57,6582.92,6691.27,6799.63,2026-07-23 15:30:00 IST,6474.57,TARGET_1,1.5,5,91.0,SHAKEOUT_RECLAIM,True,True,True,3.52,True,NONE
ATULAUTO,2026-02-02 15:30:00 IST,SIDEWAYS,2026-02-02 09:15:00 IST,423.15,397.76,461.23,473.93,486.62,499.32,2026-02-08 15:30:00 IST,461.23,TARGET_1,1.5,5,89.0,V_REVERSAL,True,True,True,6.0,True,NONE
ATULAUTO,2026-02-10 15:30:00 IST,BULL,2026-02-10 09:15:00 IST,518.15,487.06,564.79,580.33,595.87,611.42,2026-02-19 15:30:00 IST,487.06,STOP_LOSS,-1.0,8,88.0,V_REVERSAL,True,True,True,6.0,True,NONE
ATULAUTO,2026-05-15 15:30:00 IST,BULL,2026-05-15 09:15:00 IST,517.9,486.83,564.51,580.04,595.57,611.11,2026-05-19 15:30:00 IST,486.83,STOP_LOSS,-1.0,3,87.0,CUP_HANDLE,True,True,True,6.0,True,NONE
ATULAUTO,2026-07-30 15:30:00 IST,BULL,2026-07-30 09:15:00 IST,516.0,498.77,541.85,550.46,559.08,567.69,2026-08-02 15:30:00 IST,541.85,TARGET_1,1.5,2,95.0,MULTI_MONTH_BASE_BREAKOUT,True,True,True,3.34,True,NONE
AUBANK,2025-10-20 15:30:00 IST,BULL,2025-10-20 09:15:00 IST,865.2,813.29,943.07,969.02,994.98,1020.93,2025-11-18 15:30:00 IST,925.65,TIMEOUT_20D,1.16,20,93.0,MULTI_MONTH_BASE_BREAKOUT,True,True,True,6.0,True,NONE
AUBANK,2025-11-19 15:30:00 IST,BULL,2025-11-19 09:15:00 IST,925.65,874.41,1002.51,1028.13,1053.75,1079.37,2025-12-09 15:30:00 IST,1002.51,TARGET_1,1.5,15,87.0,HIGHER_LOW_REVERSAL,True,True,True,5.54,True,NONE
AUBANK,2026-02-18 15:30:00 IST,BULL,2026-02-18 09:15:00 IST,1022.05,975.4,1092.02,1115.35,1138.67,1162.0,2026-02-22 15:30:00 IST,975.4,STOP_LOSS,-1.0,3,87.0,HIGHER_LOW_REVERSAL,True,True,True,4.56,True,NONE
AUBANK,2026-04-21 15:30:00 IST,BULL,2026-04-21 09:15:00 IST,1037.9,975.63,1131.31,1162.44,1193.58,1224.71,2026-05-17 15:30:00 IST,975.63,STOP_LOSS,-1.0,19,86.0,BULL_FLAG,True,True,True,6.0,True,NONE
AUBANK,2026-06-12 15:30:00 IST,SIDEWAYS,2026-06-12 09:15:00 IST,1015.5,954.57,1106.89,1137.36,1167.82,1198.29,2026-07-09 15:30:00 IST,1072.1,TIMEOUT_20D,0.93,20,95.0,WYCKOFF_SPRING_TYPE_2,True,True,True,6.0,True,NONE
AUBANK,2026-06-24 15:30:00 IST,BULL,2026-06-24 09:15:00 IST,1067.2,1011.96,1150.06,1177.68,1205.3,1232.92,2026-07-19 15:30:00 IST,1011.96,STOP_LOSS,-1.0,18,92.0,BULL_FLAG,True,True,True,5.18,True,NONE
ATHERENERG,2025-03-07 15:30:00 IST,BULL,2025-03-07 09:15:00 IST,863.47,847.43,887.54,895.55,903.57,911.59,2025-03-12 15:30:00 IST,847.43,STOP_LOSS,-1.0,3,91.0,CUP_HANDLE,True,True,True,1.86,True,NONE
ATHERENERG,2026-03-02 15:30:00 IST,BULL,2026-03-02 09:15:00 IST,985.77,945.0,1046.93,1067.31,1087.69,1108.08,2026-03-19 15:30:00 IST,945.0,STOP_LOSS,-1.0,13,89.0,WYCKOFF_SPRING_TYPE_2,True,True,True,4.14,True,NONE
ATHERENERG,2026-05-05 15:30:00 IST,BEAR,2026-05-05 09:15:00 IST,960.1,930.02,1005.21,1020.26,1035.3,1050.34,2026-06-02 15:30:00 IST,965.56,TIMEOUT_20D,0.18,20,75.0,V_REVERSAL,True,True,True,3.13,True,NONE
ATHERENERG,2026-07-10 15:30:00 IST,BEAR,2026-07-10 09:15:00 IST,959.85,931.16,1002.89,1017.23,1031.58,1045.92,2026-08-06 15:30:00 IST,1002.89,TARGET_1,1.5,19,93.0,WYCKOFF_SPRING_TYPE_2,True,True,True,2.99,True,NONE
ATHERENERG,2026-08-26 15:30:00 IST,BULL,2026-08-26 09:15:00 IST,1494.6,1404.92,1629.12,1673.96,1718.8,1763.64,2026-08-27 15:30:00 IST,1629.12,TARGET_1,1.5,2,98.0,WYCKOFF_SPRING_TYPE_2,True,True,True,6.0,True,NONE
ATHERENERG,2026-09-01 15:30:00 IST,BULL,2026-09-01 09:15:00 IST,1725.6,1622.06,1880.91,1932.68,1984.45,2036.22,2026-09-03 15:30:00 IST,1622.06,STOP_LOSS,-1.0,3,92.0,WYCKOFF_SPRING_TYPE_2,True,True,True,6.0,True,NONE
AURIONPRO,2026-04-27 15:30:00 IST,SIDEWAYS,2026-04-27 09:15:00 IST,879.05,826.31,958.16,984.53,1010.9,1037.27,2026-05-11 15:30:00 IST,826.31,STOP_LOSS,-1.0,11,86.0,SHAKEOUT_RECLAIM,True,True,True,6.0,True,NONE
AURIONPRO,2026-05-08 15:30:00 IST,BULL,2026-05-08 09:15:00 IST,896.05,847.14,969.41,993.87,1018.32,1042.78,2026-05-11 15:30:00 IST,847.14,STOP_LOSS,-1.0,2,89.0,CUP_HANDLE,True,True,True,5.46,True,NONE
AURIONPRO,2026-05-20 15:30:00 IST,BEAR,2026-05-20 09:15:00 IST,788.95,741.61,859.96,883.63,907.3,930.97,2026-06-07 15:30:00 IST,741.61,STOP_LOSS,-1.0,13,92.0,SHAKEOUT_RECLAIM,True,True,True,6.0,True,NONE
ATLANTAELE,2025-04-25 15:30:00 IST,BEAR,2025-04-25 09:15:00 IST,1664.38,1638.98,1702.49,1715.18,1727.88,1740.58,2025-05-02 15:30:00 IST,1702.49,TARGET_1,1.5,5,91.0,WYCKOFF_SPRING_TYPE_2,True,True,True,1.53,True,NONE
ATLANTAELE,2025-08-25 15:30:00 IST,SIDEWAYS,2025-08-25 09:15:00 IST,1861.69,1787.78,1972.57,2009.51,2046.47,2083.42,2025-09-22 15:30:00 IST,1824.68,TIMEOUT_20D,-0.5,20,84.0,V_REVERSAL,True,True,True,3.97,True,NONE
ATLANTAELE,2026-06-03 15:30:00 IST,BULL,2026-06-03 09:15:00 IST,2037.53,1981.32,2121.85,2149.95,2178.06,2206.16,2026-06-05 15:30:00 IST,1981.32,STOP_LOSS,-1.0,2,86.0,CUP_HANDLE,True,True,True,2.76,True,NONE
AUTOIETF.NS,2025-12-01 15:30:00 IST,BULL,2025-12-01 09:15:00 IST,28.82,27.78,30.38,30.9,31.42,31.94,2025-12-29 15:30:00 IST,27.78,STOP_LOSS,-1.0,19,93.0,MULTI_MONTH_BASE_BREAKOUT,True,True,True,3.61,True,NONE
AUTOIETF.NS,2026-02-26 15:30:00 IST,BULL,2026-02-26 09:15:00 IST,29.59,28.32,31.5,32.13,32.77,33.4,2026-03-01 15:30:00 IST,28.32,STOP_LOSS,-1.0,2,90.0,CUP_HANDLE,True,True,True,4.29,True,NONE
AUTOIETF.NS,2026-04-08 15:30:00 IST,SIDEWAYS,2026-04-08 09:15:00 IST,26.74,25.42,28.72,29.38,30.04,30.7,2026-05-06 15:30:00 IST,28.08,TIMEOUT_20D,1.02,20,89.0,DOUBLE_BOTTOM,True,True,True,4.94,True,NONE
AUTOIETF.NS,2026-04-21 15:30:00 IST,SIDEWAYS,2026-04-21 09:15:00 IST,27.45,25.8,29.93,30.75,31.57,32.4,2026-05-18 15:30:00 IST,26.51,TIMEOUT_20D,-0.57,20,94.0,WYCKOFF_SPRING_TYPE_2,True,True,True,6.01,True,NONE
AUTOIETF.NS,2026-05-06 15:30:00 IST,SIDEWAYS,2026-05-06 09:15:00 IST,27.56,26.04,29.84,30.6,31.36,32.12,2026-06-02 15:30:00 IST,26.92,TIMEOUT_20D,-0.42,20,86.0,SHAKEOUT_RECLAIM,True,True,True,5.52,True,NONE
AUTOIETF.NS,2026-06-02 15:30:00 IST,SIDEWAYS,2026-06-02 09:15:00 IST,26.92,25.97,28.35,28.82,29.3,29.77,2026-06-14 15:30:00 IST,28.35,TARGET_1,1.51,9,92.0,WYCKOFF_SPRING_TYPE_2,True,True,True,3.53,True,NONE
AVALON,2026-01-02 15:30:00 IST,SIDEWAYS,2026-01-02 09:15:00 IST,893.75,840.12,974.19,1001.01,1027.83,1054.64,2026-01-20 15:30:00 IST,840.12,STOP_LOSS,-1.0,13,96.0,WYCKOFF_SPRING_TYPE_2,True,True,True,6.0,True,NONE
AVALON,2026-02-03 15:30:00 IST,SIDEWAYS,2026-02-03 09:15:00 IST,1022.7,961.34,1114.74,1145.42,1176.1,1206.78,2026-02-05 15:30:00 IST,1114.74,TARGET_1,1.5,3,97.0,DOUBLE_BOTTOM,True,True,True,6.0,True,NONE
AVALON,2026-03-24 15:30:00 IST,SIDEWAYS,2026-03-24 09:15:00 IST,949.4,892.44,1034.84,1063.32,1091.8,1120.28,2026-04-08 15:30:00 IST,1034.84,TARGET_1,1.5,9,91.0,SHAKEOUT_RECLAIM,True,True,True,6.0,True,NONE
AVALON,2026-04-09 15:30:00 IST,SIDEWAYS,2026-04-09 09:15:00 IST,1046.55,983.76,1140.74,1172.13,1203.52,1234.92,2026-04-15 15:30:00 IST,1140.74,TARGET_1,1.5,4,90.0,WYCKOFF_SPRING_TYPE_2,True,True,True,6.0,True,NONE
AVALON,2026-05-04 15:30:00 IST,BULL,2026-05-04 09:15:00 IST,1140.0,1071.6,1242.6,1276.8,1311.0,1345.2,2026-05-06 15:30:00 IST,1242.6,TARGET_1,1.5,3,87.0,SHAKEOUT_RECLAIM,True,True,True,6.0,True,NONE
AVALON,2026-05-20 15:30:00 IST,BULL,2026-05-20 09:15:00 IST,1464.4,1376.54,1596.19,1640.12,1684.05,1727.98,2026-05-25 15:30:00 IST,1376.54,STOP_LOSS,-1.0,4,92.0,BULL_PENNANT,True,True,True,6.0,True,NONE
AVALON,2026-08-07 15:30:00 IST,BULL,2026-08-07 09:15:00 IST,1965.3,1847.38,2142.18,2201.14,2260.1,2319.06,2026-08-17 15:30:00 IST,2142.18,TARGET_1,1.5,7,89.0,V_REVERSAL,True,True,True,6.0,True,NONE
AVALON,2026-08-17 15:30:00 IST,BULL,2026-08-17 09:15:00 IST,2059.4,1935.84,2244.74,2306.52,2368.3,2430.08,2026-08-17 15:30:00 IST,2244.74,TARGET_1,1.5,1,88.0,BULL_FLAG,True,True,True,6.0,True,NONE
AVANTIFEED,2025-11-19 15:30:00 IST,BULL,2025-11-19 09:15:00 IST,841.65,791.15,917.4,942.65,967.9,993.15,2025-11-30 15:30:00 IST,791.15,STOP_LOSS,-1.0,8,90.0,MULTI_MONTH_BASE_BREAKOUT,True,True,True,6.0,True,NONE
AVANTIFEED,2026-01-01 15:30:00 IST,BULL,2026-01-01 09:15:00 IST,878.5,825.79,957.57,983.92,1010.28,1036.63,2026-01-07 15:30:00 IST,825.79,STOP_LOSS,-1.0,5,92.0,HIGHER_LOW_REVERSAL,True,True,True,6.0,True,NONE
AVANTIFEED,2026-02-09 15:30:00 IST,BULL,2026-02-09 09:15:00 IST,1103.8,1037.57,1203.15,1236.26,1269.38,1302.49,2026-02-10 15:30:00 IST,1203.15,TARGET_1,1.5,2,90.0,SHAKEOUT_RECLAIM,True,True,True,6.0,True,NONE
AVANTIFEED,2026-04-10 15:30:00 IST,BULL,2026-04-10 09:15:00 IST,1459.1,1371.55,1590.42,1634.2,1677.97,1721.75,2026-04-15 15:30:00 IST,1371.55,STOP_LOSS,-1.0,3,93.0,WYCKOFF_SPRING_TYPE_2,True,True,True,6.0,True,NONE
AVANTIFEED,2026-07-15 15:30:00 IST,SIDEWAYS,2026-07-15 09:15:00 IST,989.2,929.85,1078.23,1107.9,1137.58,1167.25,2026-07-28 15:30:00 IST,929.85,STOP_LOSS,-1.0,10,94.0,SHAKEOUT_RECLAIM,True,True,True,6.0,True,NONE
AWFIS,2026-02-09 15:30:00 IST,BEAR,2026-02-09 09:15:00 IST,396.9,373.09,432.61,444.52,456.42,468.33,2026-02-11 15:30:00 IST,373.09,STOP_LOSS,-1.0,3,95.0,SHAKEOUT_RECLAIM,True,True,True,6.0,True,NONE
AWFIS,2026-02-23 15:30:00 IST,BEAR,2026-02-23 09:15:00 IST,318.05,298.97,346.67,356.21,365.75,375.29,2026-02-24 15:30:00 IST,298.97,STOP_LOSS,-1.0,2,92.0,SHAKEOUT_RECLAIM,True,True,True,6.0,True,NONE
AWFIS,2026-03-11 15:30:00 IST,BEAR,2026-03-11 09:15:00 IST,278.8,262.07,303.89,312.26,320.63,328.99,2026-03-15 15:30:00 IST,262.07,STOP_LOSS,-1.0,3,90.0,SHAKEOUT_RECLAIM,True,True,True,6.0,True,NONE
AWFIS,2026-05-21 15:30:00 IST,BULL,2026-05-21 09:15:00 IST,341.15,320.68,371.85,382.09,392.32,402.56,2026-05-24 15:30:00 IST,371.85,TARGET_1,1.5,2,91.0,SHAKEOUT_RECLAIM,True,True,True,6.0,True,NONE
AWL,2026-01-30 15:30:00 IST,BEAR,2026-01-30 09:15:00 IST,212.86,202.04,229.09,234.5,239.91,245.32,2026-02-12 15:30:00 IST,202.04,STOP_LOSS,-1.0,10,83.0,SHAKEOUT_RECLAIM,True,True,True,5.08,True,NONE
AWL,2026-03-20 15:30:00 IST,SIDEWAYS,2026-03-20 09:15:00 IST,191.1,179.64,208.29,214.02,219.75,225.48,2026-03-22 15:30:00 IST,179.64,STOP_LOSS,-1.0,1,89.0,BULL_PENNANT,True,True,True,6.0,True,NONE
AWL,2026-04-22 15:30:00 IST,SIDEWAYS,2026-04-22 09:15:00 IST,198.56,189.87,211.6,215.94,220.28,224.63,2026-05-06 15:30:00 IST,211.6,TARGET_1,1.5,11,97.0,DOUBLE_BOTTOM,True,True,True,4.38,True,NONE
AWL,2026-06-12 15:30:00 IST,BEAR,2026-06-12 09:15:00 IST,189.83,182.68,200.55,204.13,207.71,211.28,2026-06-23 15:30:00 IST,182.68,STOP_LOSS,-1.0,8,93.0,SHAKEOUT_RECLAIM,True,True,True,3.77,True,NONE
AVL,2026-01-05 15:30:00 IST,BEAR,2026-01-05 09:15:00 IST,490.65,471.73,519.03,528.49,537.95,547.41,2026-01-19 15:30:00 IST,471.73,STOP_LOSS,-1.0,10,85.0,WYCKOFF_SPRING_TYPE_2,True,True,True,3.86,True,NONE
AVL,2026-02-10 15:30:00 IST,SIDEWAYS,2026-02-10 09:15:00 IST,517.65,486.59,564.24,579.77,595.3,610.83,2026-02-17 15:30:00 IST,486.59,STOP_LOSS,-1.0,6,85.0,HIGHER_LOW_REVERSAL,True,True,True,6.0,True,NONE
AVL,2026-03-27 15:30:00 IST,SIDEWAYS,2026-03-27 09:15:00 IST,489.2,459.85,533.23,547.9,562.57,577.25,2026-03-31 15:30:00 IST,459.85,STOP_LOSS,-1.0,2,94.0,WYCKOFF_SPRING_TYPE_2,True,True,True,6.0,True,NONE
AVL,2026-06-16 15:30:00 IST,BULL,2026-06-16 09:15:00 IST,590.9,555.45,644.08,661.8,679.52,697.25,2026-06-21 15:30:00 IST,644.08,TARGET_1,1.5,4,96.0,MULTI_MONTH_BASE_BREAKOUT,True,True,True,6.0,True,NONE
AYE,2026-06-02 15:30:00 IST,BULL,2026-06-02 09:15:00 IST,163.98,154.14,178.74,183.66,188.58,193.5,2026-06-02 15:30:00 IST,154.14,STOP_LOSS,-1.0,1,93.0,WYCKOFF_SPRING_TYPE_2,True,True,True,6.0,True,NONE
AYE,2026-06-29 15:30:00 IST,BULL,2026-06-29 09:15:00 IST,176.6,166.0,192.5,197.8,203.1,208.4,2026-07-06 15:30:00 IST,166.0,STOP_LOSS,-1.0,6,89.0,BULL_FLAG,True,True,True,6.0,True,NONE
AUROPHARMA,2025-10-09 15:30:00 IST,SIDEWAYS,2025-10-09 09:15:00 IST,1119.9,1064.35,1203.23,1231.0,1258.78,1286.55,2025-10-09 15:30:00 IST,1064.35,STOP_LOSS,-1.0,1,94.0,DOUBLE_BOTTOM,True,True,True,4.96,True,NONE
AUROPHARMA,2025-11-03 15:30:00 IST,SIDEWAYS,2025-11-03 09:15:00 IST,1158.6,1092.48,1257.78,1290.84,1323.9,1356.96,2025-11-03 15:30:00 IST,1092.48,STOP_LOSS,-1.0,1,94.0,DOUBLE_BOTTOM,True,True,True,5.71,True,NONE
AUROPHARMA,2025-11-10 15:30:00 IST,BEAR,2025-11-10 09:15:00 IST,903.95,876.9,944.54,958.05,971.58,985.1,2025-11-10 15:30:00 IST,944.54,TARGET_1,1.5,1,86.0,WYCKOFF_SPRING_TYPE_2,True,True,True,2.99,True,NONE
AUROPHARMA,2026-01-06 15:30:00 IST,BULL,2026-01-06 09:15:00 IST,1231.3,1177.73,1311.66,1338.44,1365.22,1392.01,2026-01-06 15:30:00 IST,1177.73,STOP_LOSS,-1.0,1,92.0,DOUBLE_BOTTOM,True,True,True,4.35,True,NONE
AUROPHARMA,2026-03-09 15:30:00 IST,BULL,2026-03-09 09:15:00 IST,1247.3,1172.46,1359.56,1396.98,1434.4,1471.82,2026-03-09 15:30:00 IST,1172.46,STOP_LOSS,-1.0,1,90.0,DOUBLE_BOTTOM,True,True,True,6.0,True,NONE
AUROPHARMA,2026-05-05 15:30:00 IST,BULL,2026-05-05 09:15:00 IST,1428.1,1342.41,1556.63,1599.48,1642.32,1685.17,2026-05-05 15:30:00 IST,1342.41,STOP_LOSS,-1.0,1,92.0,WYCKOFF_SPRING_TYPE_2,True,True,True,6.0,True,NONE
AUROPHARMA,2026-06-08 15:30:00 IST,BEAR,2026-06-08 09:15:00 IST,957.34,940.06,983.27,991.9,1000.54,1009.18,2026-06-08 15:30:00 IST,983.27,TARGET_1,1.5,1,91.0,WYCKOFF_SPRING_TYPE_2,True,True,True,1.81,True,NONE
AUROPHARMA,2026-06-19 15:30:00 IST,BULL,2026-06-19 09:15:00 IST,1497.8,1407.93,1632.61,1677.54,1722.47,1767.41,2026-06-19 15:30:00 IST,1407.93,STOP_LOSS,-1.0,1,90.0,HIGHER_LOW_REVERSAL,True,True,True,6.0,True,NONE
AUROPHARMA,2026-06-30 15:30:00 IST,BULL,2026-06-30 09:15:00 IST,1578.7,1488.0,1714.75,1760.1,1805.45,1850.8,2026-06-30 15:30:00 IST,1488.0,STOP_LOSS,-1.0,1,93.0,DOUBLE_BOTTOM,True,True,True,5.75,True,NONE
AUROPHARMA,2026-07-28 15:30:00 IST,BEAR,2026-07-28 09:15:00 IST,1020.02,978.56,1082.21,1102.94,1123.67,1144.4,2026-07-28 15:30:00 IST,1082.21,TARGET_1,1.5,1,92.0,WYCKOFF_SPRING_TYPE_2,True,True,True,4.06,True,NONE
AUROPHARMA,2026-08-04 15:30:00 IST,BULL,2026-08-04 09:15:00 IST,1585.9,1490.75,1728.63,1776.2,1823.78,1871.35,2026-08-04 15:30:00 IST,1490.75,STOP_LOSS,-1.0,1,91.0,HIGHER_LOW_REVERSAL,True,True,True,6.0,True,NONE
AUROPHARMA,2026-08-07 15:30:00 IST,BULL,2026-08-07 09:15:00 IST,1658.0,1558.52,1807.22,1856.96,1906.7,1956.44,2026-08-07 15:30:00 IST,1558.52,STOP_LOSS,-1.0,1,92.0,DOUBLE_BOTTOM,True,True,True,6.0,True,NONE
AXISCADES,2025-12-22 15:30:00 IST,SIDEWAYS,2025-12-22 09:15:00 IST,1361.9,1280.19,1484.47,1525.32,1566.18,1607.03,2026-01-05 15:30:00 IST,1484.47,TARGET_1,1.5,10,89.0,V_REVERSAL,True,True,True,6.0,True,NONE
AXISCADES,2026-01-05 15:30:00 IST,SIDEWAYS,2026-01-05 09:15:00 IST,1439.3,1352.94,1568.84,1612.02,1655.2,1698.38,2026-01-11 15:30:00 IST,1352.94,STOP_LOSS,-1.0,5,88.0,BULL_FLAG,True,True,True,6.0,True,NONE
AXISCADES,2026-01-23 15:30:00 IST,BEAR,2026-01-23 09:15:00 IST,1152.4,1083.26,1256.11,1290.68,1325.25,1359.82,2026-02-10 15:30:00 IST,1256.11,TARGET_1,1.5,12,95.0,SHAKEOUT_RECLAIM,True,True,True,6.0,True,NONE
AXISCADES,2026-02-03 15:30:00 IST,BEAR,2026-02-03 09:15:00 IST,1169.9,1099.71,1275.19,1310.28,1345.38,1380.47,2026-02-10 15:30:00 IST,1275.19,TARGET_1,1.5,6,91.0,SHAKEOUT_RECLAIM,True,True,True,6.0,True,NONE
AXISCADES,2026-02-13 15:30:00 IST,SIDEWAYS,2026-02-13 09:15:00 IST,1422.1,1336.77,1550.09,1592.76,1635.42,1678.09,2026-03-12 15:30:00 IST,1336.77,STOP_LOSS,-1.0,19,97.0,WYCKOFF_SPRING_TYPE_2,True,True,True,6.0,True,NONE
AXISCADES,2026-02-24 15:30:00 IST,BULL,2026-02-24 09:15:00 IST,1474.6,1386.12,1607.32,1651.56,1695.8,1740.04,2026-03-01 15:30:00 IST,1386.12,STOP_LOSS,-1.0,4,87.0,CUP_HANDLE,True,True,True,6.0,True,NONE
AXISCADES,2026-03-04 15:30:00 IST,BULL,2026-03-04 09:15:00 IST,1497.8,1407.93,1632.61,1677.54,1722.47,1767.41,2026-03-08 15:30:00 IST,1407.93,STOP_LOSS,-1.0,3,87.0,CUP_HANDLE,True,True,True,6.0,True,NONE
AXISCADES,2026-03-27 15:30:00 IST,BULL,2026-03-27 09:15:00 IST,1459.7,1372.12,1591.07,1634.86,1678.65,1722.44,2026-04-01 15:30:00 IST,1591.07,TARGET_1,1.5,3,96.0,WYCKOFF_SPRING_TYPE_2,True,True,True,6.0,True,NONE
AXISCADES,2026-04-16 15:30:00 IST,BULL,2026-04-16 09:15:00 IST,1797.4,1689.56,1959.16,2013.08,2067.0,2120.92,2026-04-21 15:30:00 IST,1959.16,TARGET_1,1.5,4,88.0,BULL_FLAG,True,True,True,6.0,True,NONE
BAJAJ-AUTO,2025-12-30 15:30:00 IST,BULL,2025-12-30 09:15:00 IST,9153.18,8852.28,9604.54,9754.98,9905.43,10055.88,2026-01-05 15:30:00 IST,9604.54,TARGET_1,1.5,5,91.0,MULTI_MONTH_BASE_BREAKOUT,True,True,True,3.29,True,NONE
BAJAJ-AUTO,2026-04-30 15:30:00 IST,BULL,2026-04-30 09:15:00 IST,9855.3,9298.75,10690.13,10968.4,11246.67,11524.95,2026-05-27 15:30:00 IST,10658.5,TIMEOUT_20D,1.44,20,94.0,HIGHER_LOW_REVERSAL,True,True,True,5.65,True,NONE
BAJAJ-AUTO,2026-07-22 15:30:00 IST,BULL,2026-07-22 09:15:00 IST,10998.5,10427.5,11855.0,12140.5,12426.0,12711.5,2026-08-02 15:30:00 IST,11855.0,TARGET_1,1.5,8,94.0,MULTI_MONTH_BASE_BREAKOUT,True,True,True,5.19,True,NONE
BAJAJ-AUTO,2026-08-31 15:30:00 IST,BULL,2026-08-31 09:15:00 IST,12130.0,11614.78,12902.83,13160.44,13418.05,13675.66,2026-09-10 15:30:00 IST,11614.78,STOP_LOSS,-1.0,9,91.0,MULTI_MONTH_BASE_BREAKOUT,True,True,True,4.25,True,NONE
AXISBANK,2025-04-16 15:30:00 IST,BULL,2025-04-16 09:15:00 IST,1159.41,1089.85,1263.76,1298.53,1333.31,1368.09,2025-05-15 15:30:00 IST,1206.84,TIMEOUT_20D,0.68,20,90.0,MULTI_MONTH_BASE_BREAKOUT,True,True,True,6.0,True,NONE
AXISBANK,2025-06-26 15:30:00 IST,BULL,2025-06-26 09:15:00 IST,1231.5,1197.62,1282.31,1299.26,1316.2,1333.14,2025-06-29 15:30:00 IST,1197.62,STOP_LOSS,-1.0,2,81.0,CUP_HANDLE,True,True,True,2.75,True,NONE
AXISBANK,2025-09-23 15:30:00 IST,BULL,2025-09-23 09:15:00 IST,1169.9,1099.7,1275.19,1310.3,1345.4,1380.5,2025-10-22 15:30:00 IST,1257.83,TIMEOUT_20D,1.25,20,89.0,V_REVERSAL,True,True,True,6.0,True,NONE
AXISBANK,2026-01-29 15:30:00 IST,BULL,2026-01-29 09:15:00 IST,1362.65,1280.89,1485.29,1526.17,1567.05,1607.93,2026-02-25 15:30:00 IST,1394.42,TIMEOUT_20D,0.39,20,92.0,V_REVERSAL,True,True,True,6.0,True,NONE
AXISBANK,2026-04-08 15:30:00 IST,SIDEWAYS,2026-04-08 09:15:00 IST,1331.97,1272.94,1420.52,1450.03,1479.55,1509.06,2026-04-29 15:30:00 IST,1272.94,STOP_LOSS,-1.0,15,88.0,DOUBLE_BOTTOM,True,True,True,4.43,True,NONE
AXISBANK,2026-07-17 15:30:00 IST,BULL,2026-07-17 09:15:00 IST,1328.5,1292.11,1383.09,1401.28,1419.48,1437.67,2026-07-19 15:30:00 IST,1292.11,STOP_LOSS,-1.0,1,88.0,CUP_HANDLE,True,True,True,2.74,True,NONE
BAJAJCON,2026-01-01 15:30:00 IST,SIDEWAYS,2026-01-01 09:15:00 IST,265.7,249.76,289.61,297.58,305.55,313.52,2026-01-20 15:30:00 IST,249.76,STOP_LOSS,-1.0,14,88.0,WYCKOFF_SPRING_TYPE_2,True,True,True,6.0,True,NONE
BAJAJCON,2026-01-22 15:30:00 IST,BULL,2026-01-22 09:15:00 IST,296.9,279.41,323.13,331.88,340.62,349.37,2026-01-27 15:30:00 IST,323.13,TARGET_1,1.5,3,96.0,MULTI_MONTH_BASE_BREAKOUT,True,True,True,5.89,True,NONE
BAJAJCON,2026-02-02 15:30:00 IST,BULL,2026-02-02 09:15:00 IST,348.15,327.26,379.48,389.93,400.37,410.82,2026-02-08 15:30:00 IST,379.48,TARGET_1,1.5,5,88.0,WYCKOFF_SPRING_TYPE_2,True,True,True,6.0,True,NONE
BAJAJCON,2026-04-10 15:30:00 IST,BULL,2026-04-10 09:15:00 IST,432.25,406.31,471.16,484.13,497.1,510.07,2026-04-16 15:30:00 IST,471.16,TARGET_1,1.5,4,88.0,V_REVERSAL,True,True,True,6.0,True,NONE
BAJAJCON,2026-07-09 15:30:00 IST,BULL,2026-07-09 09:15:00 IST,643.55,604.94,701.46,720.77,740.07,759.38,2026-07-13 15:30:00 IST,604.94,STOP_LOSS,-1.0,3,84.0,ASCENDING_TRIANGLE,True,True,True,6.0,True,NONE
BAJAJCON,2026-08-28 15:30:00 IST,BEAR,2026-08-28 09:15:00 IST,477.45,448.8,520.43,534.75,549.07,563.4,2026-09-07 15:30:00 IST,520.43,TARGET_1,1.5,6,96.0,SHAKEOUT_RECLAIM,True,True,True,6.0,True,NONE
BAJAJCON,2026-09-03 15:30:00 IST,SIDEWAYS,2026-09-03 09:15:00 IST,508.95,478.41,554.76,570.03,585.3,600.57,2026-09-10 15:30:00 IST,,TIMEOUT_20D,,5,90.0,V_REVERSAL,True,True,True,6.0,True,NONE
BAJAJHFL,2026-06-09 15:30:00 IST,BEAR,2026-06-09 09:15:00 IST,84.02,81.39,87.96,89.28,90.59,91.91,2026-06-15 15:30:00 IST,87.96,TARGET_1,1.5,5,92.0,SHAKEOUT_RECLAIM,True,True,True,3.13,True,NONE
AZAD,2025-04-07 15:30:00 IST,BULL,2025-04-07 09:15:00 IST,1036.45,998.94,1092.7,1111.47,1130.22,1148.98,2025-05-05 15:30:00 IST,1067.82,TIMEOUT_20D,0.84,20,81.0,BULL_FLAG,True,True,True,3.62,True,NONE
AZAD,2025-08-18 15:30:00 IST,BULL,2025-08-18 09:15:00 IST,1116.28,1080.46,1170.01,1187.92,1205.83,1223.74,2025-08-27 15:30:00 IST,1170.01,TARGET_1,1.5,7,94.0,MULTI_MONTH_BASE_BREAKOUT,True,True,True,3.21,True,NONE
AZAD,2026-03-17 15:30:00 IST,BULL,2026-03-17 09:15:00 IST,1116.67,1080.78,1170.5,1188.45,1206.4,1224.34,2026-04-01 15:30:00 IST,1170.5,TARGET_1,1.5,11,91.0,MULTI_MONTH_BASE_BREAKOUT,True,True,True,3.21,True,NONE
AZAD,2026-04-21 15:30:00 IST,BULL,2026-04-21 09:15:00 IST,1169.23,1126.64,1233.1,1254.41,1275.7,1297.0,2026-05-08 15:30:00 IST,1233.1,TARGET_1,1.5,13,88.0,HIGHER_LOW_REVERSAL,True,True,True,3.64,True,NONE
AZAD,2026-07-01 15:30:00 IST,BULL,2026-07-01 09:15:00 IST,1331.71,1294.36,1387.74,1406.41,1425.09,1443.76,2026-07-20 15:30:00 IST,1387.74,TARGET_1,1.5,13,90.0,BULL_FLAG,True,True,True,2.8,True,NONE
BAJAJHLDNG,2025-10-23 15:30:00 IST,SIDEWAYS,2025-10-23 09:15:00 IST,12982.68,12203.72,14151.11,14540.6,14930.08,15319.56,2025-10-29 15:30:00 IST,12203.72,STOP_LOSS,-1.0,5,92.0,WYCKOFF_SPRING_TYPE_2,True,True,True,6.0,True,NONE
BAJAJHLDNG,2025-11-14 15:30:00 IST,SIDEWAYS,2025-11-14 09:15:00 IST,12415.72,11728.59,13446.42,13789.98,14133.54,14477.11,2025-11-17 15:30:00 IST,11728.59,STOP_LOSS,-1.0,2,89.0,SHAKEOUT_RECLAIM,True,True,True,5.53,True,NONE
BAJAJHLDNG,2026-04-08 15:30:00 IST,SIDEWAYS,2026-04-08 09:15:00 IST,9847.63,9256.78,10733.91,11029.33,11324.75,11620.18,2026-05-06 15:30:00 IST,10466.94,TIMEOUT_20D,1.05,20,83.0,V_REVERSAL,True,True,True,6.0,True,NONE
BAJAJHLDNG,2026-06-22 15:30:00 IST,BULL,2026-06-22 09:15:00 IST,10761.28,10278.68,11485.18,11726.48,11967.78,12209.08,2026-07-07 15:30:00 IST,10278.68,STOP_LOSS,-1.0,12,88.0,DOUBLE_BOTTOM,True,True,True,4.48,True,NONE
BAJAJHLDNG,2026-06-30 15:30:00 IST,BULL,2026-06-30 09:15:00 IST,10603.0,9966.82,11557.27,11875.36,12193.45,12511.54,2026-07-27 15:30:00 IST,10831.0,TIMEOUT_20D,0.36,20,89.0,SHAKEOUT_RECLAIM,True,True,True,6.0,True,NONE
BAJAJHLDNG,2026-07-13 15:30:00 IST,BULL,2026-07-13 09:15:00 IST,10752.0,10106.88,11719.68,12042.24,12364.8,12687.36,2026-08-09 15:30:00 IST,11471.0,TIMEOUT_20D,1.11,20,88.0,SHAKEOUT_RECLAIM,True,True,True,6.0,True,NONE
BAJAJHLDNG,2026-07-31 15:30:00 IST,BULL,2026-07-31 09:15:00 IST,11343.0,10881.46,12035.31,12266.08,12496.85,12727.62,2026-08-24 15:30:00 IST,10881.46,STOP_LOSS,-1.0,17,91.0,MULTI_MONTH_BASE_BREAKOUT,True,True,True,4.07,True,NONE
BAJAJHLDNG,2026-08-25 15:30:00 IST,BULL,2026-08-25 09:15:00 IST,11290.0,10769.28,12071.08,12331.44,12591.8,12852.16,2026-09-10 15:30:00 IST,11134.0,TIMEOUT_20D,-0.3,6,90.0,DOUBLE_BOTTOM,True,True,True,4.61,True,NONE
BAJAJELEC,2025-08-15 15:30:00 IST,BULL,2025-08-15 09:15:00 IST,1798.36,1737.16,1890.17,1920.76,1951.36,1981.96,2025-09-04 15:30:00 IST,1737.16,STOP_LOSS,-1.0,14,91.0,CUP_HANDLE,True,True,True,3.4,True,NONE
BAJAJELEC,2025-11-13 15:30:00 IST,SIDEWAYS,2025-11-13 09:15:00 IST,1690.4,1604.81,1818.78,1861.58,1904.38,1947.17,2025-12-02 15:30:00 IST,1818.78,TARGET_1,1.5,13,84.0,WYCKOFF_SPRING_TYPE_2,True,True,True,5.06,True,NONE
BAJAJELEC,2025-12-17 15:30:00 IST,BULL,2025-12-17 09:15:00 IST,1824.14,1760.34,1919.84,1951.74,1983.64,2015.54,2025-12-22 15:30:00 IST,1760.34,STOP_LOSS,-1.0,3,88.0,CUP_HANDLE,True,True,True,3.5,True,NONE
BAJAJELEC,2026-01-23 15:30:00 IST,BULL,2026-01-23 09:15:00 IST,1977.27,1916.99,2067.69,2097.83,2127.97,2158.11,2026-01-29 15:30:00 IST,1916.99,STOP_LOSS,-1.0,4,91.0,MULTI_MONTH_BASE_BREAKOUT,True,True,True,3.05,True,NONE
BAJFINANCE,2025-11-26 15:30:00 IST,BEAR,2025-11-26 09:15:00 IST,1004.52,970.43,1055.67,1072.7,1089.75,1106.79,2025-12-23 15:30:00 IST,1005.52,TIMEOUT_20D,0.03,20,86.0,SHAKEOUT_RECLAIM,True,True,True,3.39,True,NONE
BAJFINANCE,2026-03-24 15:30:00 IST,BEAR,2026-03-24 09:15:00 IST,843.81,793.18,919.76,945.07,970.38,995.7,2026-04-01 15:30:00 IST,793.18,STOP_LOSS,-1.0,5,90.0,SHAKEOUT_RECLAIM,True,True,True,6.0,True,NONE
BAJFINANCE,2026-07-31 15:30:00 IST,BULL,2026-07-31 09:15:00 IST,1141.2,1072.73,1243.9,1278.14,1312.38,1346.61,2026-08-09 15:30:00 IST,1072.73,STOP_LOSS,-1.0,6,93.0,MULTI_MONTH_BASE_BREAKOUT,True,True,True,6.0,True,NONE
BAJAJFINSV,2025-10-15 15:30:00 IST,BULL,2025-10-15 09:15:00 IST,2082.32,1957.38,2269.74,2332.2,2394.67,2457.14,2025-10-15 15:30:00 IST,1957.38,STOP_LOSS,-1.0,1,90.0,DOUBLE_BOTTOM,True,True,True,6.0,True,NONE
BAJAJFINSV,2025-10-20 15:30:00 IST,BULL,2025-10-20 09:15:00 IST,2137.98,2009.7,2330.39,2394.54,2458.68,2522.82,2025-10-20 15:30:00 IST,2009.7,STOP_LOSS,-1.0,1,89.0,DOUBLE_BOTTOM,True,True,True,6.0,True,NONE
BAJAJFINSV,2026-04-02 15:30:00 IST,SIDEWAYS,2026-04-02 09:15:00 IST,1639.3,1540.94,1786.84,1836.02,1885.2,1934.38,2026-04-02 15:30:00 IST,1540.94,STOP_LOSS,-1.0,1,89.0,V_REVERSAL,True,True,True,6.0,True,NONE
BAJAJFINSV,2026-04-07 15:30:00 IST,SIDEWAYS,2026-04-07 09:15:00 IST,1682.96,1581.99,1834.42,1884.9,1935.39,1985.87,2026-04-07 15:30:00 IST,1581.99,STOP_LOSS,-1.0,1,90.0,V_REVERSAL,True,True,True,6.0,True,NONE
BAJAJFINSV,2026-05-14 15:30:00 IST,BULL,2026-05-14 09:15:00 IST,1738.72,1634.39,1895.21,1947.38,1999.54,2051.71,2026-05-14 15:30:00 IST,1634.39,STOP_LOSS,-1.0,1,92.0,DOUBLE_BOTTOM,True,True,True,6.0,True,NONE
BAJAJFINSV,2026-07-31 15:30:00 IST,BULL,2026-07-31 09:15:00 IST,2029.1,1907.35,2211.72,2272.6,2333.47,2394.35,2026-07-31 15:30:00 IST,1907.35,STOP_LOSS,-1.0,1,97.0,DOUBLE_BOTTOM,True,True,True,6.0,True,NONE
BAJAJFINSV,2026-08-04 15:30:00 IST,BULL,2026-08-04 09:15:00 IST,2105.0,1978.7,2294.45,2357.6,2420.75,2483.9,2026-08-04 15:30:00 IST,1978.7,STOP_LOSS,-1.0,1,90.0,DOUBLE_BOTTOM,True,True,True,6.0,True,NONE
BALRAMCHIN,2025-10-28 15:30:00 IST,BEAR,2025-10-28 09:15:00 IST,465.72,449.52,490.02,498.12,506.22,514.32,2025-11-03 15:30:00 IST,449.52,STOP_LOSS,-1.0,5,95.0,SHAKEOUT_RECLAIM,True,True,True,3.48,True,NONE
BALRAMCHIN,2025-11-10 15:30:00 IST,BEAR,2025-11-10 09:15:00 IST,457.73,430.27,498.93,512.65,526.38,540.11,2025-12-07 15:30:00 IST,430.27,STOP_LOSS,-1.0,20,96.0,SHAKEOUT_RECLAIM,True,True,True,6.0,True,NONE
BALRAMCHIN,2026-03-09 15:30:00 IST,BULL,2026-03-09 09:15:00 IST,492.6,463.04,536.94,551.72,566.5,581.28,2026-03-23 15:30:00 IST,463.04,STOP_LOSS,-1.0,11,88.0,SHAKEOUT_RECLAIM,True,True,True,6.0,True,NONE
BALRAMCHIN,2026-03-25 15:30:00 IST,BULL,2026-03-25 09:15:00 IST,508.5,477.99,554.26,569.52,584.77,600.03,2026-04-07 15:30:00 IST,477.99,STOP_LOSS,-1.0,7,89.0,SHAKEOUT_RECLAIM,True,True,True,6.0,True,NONE
BALRAMCHIN,2026-04-20 15:30:00 IST,BULL,2026-04-20 09:15:00 IST,515.7,484.76,562.11,577.58,593.05,608.52,2026-05-17 15:30:00 IST,541.1,TIMEOUT_20D,0.82,20,93.0,WYCKOFF_SPRING_TYPE_2,True,True,True,6.0,True,NONE
BALRAMCHIN,2026-08-20 15:30:00 IST,BULL,2026-08-20 09:15:00 IST,767.1,721.07,836.14,859.16,882.17,905.19,2026-08-20 15:30:00 IST,721.07,STOP_LOSS,-1.0,1,94.0,SHAKEOUT_RECLAIM,True,True,True,6.0,True,NONE
BALUFORGE,2025-11-19 15:30:00 IST,SIDEWAYS,2025-11-19 09:15:00 IST,629.35,591.59,685.99,704.87,723.75,742.63,2025-12-07 15:30:00 IST,591.59,STOP_LOSS,-1.0,13,90.0,SHAKEOUT_RECLAIM,True,True,True,6.0,True,NONE
BALUFORGE,2026-01-29 15:30:00 IST,BEAR,2026-01-29 09:15:00 IST,391.9,368.39,427.16,438.92,450.67,462.43,2026-01-29 15:30:00 IST,427.16,TARGET_1,1.5,1,95.0,SHAKEOUT_RECLAIM,True,True,True,6.0,True,NONE
BALUFORGE,2026-02-26 15:30:00 IST,SIDEWAYS,2026-02-26 09:15:00 IST,489.4,460.04,533.44,548.12,562.8,577.48,2026-03-03 15:30:00 IST,460.04,STOP_LOSS,-1.0,3,97.0,SHAKEOUT_RECLAIM,True,True,True,6.0,True,NONE
BALUFORGE,2026-06-03 15:30:00 IST,SIDEWAYS,2026-06-03 09:15:00 IST,483.1,454.11,526.59,541.08,555.58,570.07,2026-06-08 15:30:00 IST,454.11,STOP_LOSS,-1.0,4,84.0,V_REVERSAL,True,True,True,6.0,True,NONE
BALUFORGE,2026-08-14 15:30:00 IST,BULL,2026-08-14 09:15:00 IST,493.75,472.78,525.21,535.69,546.18,556.66,2026-08-16 15:30:00 IST,525.21,TARGET_1,1.5,1,93.0,MULTI_MONTH_BASE_BREAKOUT,True,True,True,4.25,True,NONE
BALUFORGE,2026-08-24 15:30:00 IST,BULL,2026-08-24 09:15:00 IST,632.2,594.27,689.1,708.06,727.03,745.99,2026-09-01 15:30:00 IST,594.27,STOP_LOSS,-1.0,7,92.0,V_REVERSAL,True,True,True,6.0,True,NONE
BANCOINDIA,2025-12-04 15:30:00 IST,SIDEWAYS,2025-12-04 09:15:00 IST,712.08,669.36,776.17,797.52,818.88,840.24,2025-12-28 15:30:00 IST,669.36,STOP_LOSS,-1.0,16,96.0,SHAKEOUT_RECLAIM,True,True,True,6.0,True,NONE
BANCOINDIA,2026-02-04 15:30:00 IST,SIDEWAYS,2026-02-04 09:15:00 IST,635.16,597.06,692.32,711.36,730.41,749.46,2026-02-10 15:30:00 IST,692.32,TARGET_1,1.5,5,90.0,SHAKEOUT_RECLAIM,True,True,True,6.0,True,NONE
BANCOINDIA,2026-04-10 15:30:00 IST,SIDEWAYS,2026-04-10 09:15:00 IST,590.35,554.93,643.48,661.19,678.9,696.61,2026-04-28 15:30:00 IST,643.48,TARGET_1,1.5,12,85.0,SHAKEOUT_RECLAIM,True,True,True,6.0,True,NONE
BANCOINDIA,2026-06-09 15:30:00 IST,BULL,2026-06-09 09:15:00 IST,681.45,640.56,742.79,763.23,783.68,804.12,2026-06-10 15:30:00 IST,640.56,STOP_LOSS,-1.0,2,95.0,SHAKEOUT_RECLAIM,True,True,True,6.0,True,NONE
BALKRISIND,2025-11-20 15:30:00 IST,BEAR,2025-11-20 09:15:00 IST,1005.43,962.32,1070.09,1091.65,1113.2,1134.76,2025-11-20 15:30:00 IST,1070.09,TARGET_1,1.5,1,85.0,WYCKOFF_SPRING_TYPE_2,True,True,True,4.29,True,NONE
BALKRISIND,2025-12-02 15:30:00 IST,BULL,2025-12-02 09:15:00 IST,2432.89,2286.92,2651.85,2724.83,2797.81,2870.8,2025-12-02 15:30:00 IST,2286.92,STOP_LOSS,-1.0,1,96.0,DOUBLE_BOTTOM,True,True,True,6.0,True,NONE
BALKRISIND,2025-12-24 15:30:00 IST,BEAR,2025-12-24 09:15:00 IST,1041.58,1004.04,1097.89,1116.66,1135.43,1154.2,2025-12-25 15:30:00 IST,1097.89,TARGET_1,1.5,2,93.0,WYCKOFF_SPRING_TYPE_2,True,True,True,3.6,True,NONE
BALKRISIND,2026-03-02 15:30:00 IST,BEAR,2026-03-02 09:15:00 IST,996.96,978.89,1024.06,1033.1,1042.14,1051.17,2026-03-03 15:30:00 IST,1024.06,TARGET_1,1.5,2,95.0,WYCKOFF_SPRING_TYPE_2,True,True,True,1.81,True,NONE
BALKRISIND,2026-07-30 15:30:00 IST,BULL,2026-07-30 09:15:00 IST,2303.2,2170.4,2502.39,2568.8,2635.2,2701.6,2026-07-30 15:30:00 IST,2170.4,STOP_LOSS,-1.0,1,96.0,DOUBLE_BOTTOM,True,True,True,5.77,True,NONE
BALAMINES,2025-02-25 15:30:00 IST,BULL,2025-02-25 09:15:00 IST,1740.31,1670.56,1844.94,1879.81,1914.68,1949.56,2025-03-25 15:30:00 IST,1725.17,TIMEOUT_20D,-0.22,20,86.0,WYCKOFF_SPRING_TYPE_2,True,True,True,4.01,True,NONE
BALAMINES,2026-07-15 15:30:00 IST,SIDEWAYS,2026-07-15 09:15:00 IST,2336.75,2236.31,2487.4,2537.63,2587.85,2638.07,2026-07-24 15:30:00 IST,2487.4,TARGET_1,1.5,7,88.0,V_REVERSAL,True,True,True,4.3,True,NONE
BANKBEES.NS,2025-11-26 15:30:00 IST,BULL,2025-11-26 09:15:00 IST,614.22,601.98,632.58,638.7,644.82,650.94,2025-12-23 15:30:00 IST,610.18,TIMEOUT_20D,-0.33,20,87.0,BULL_FLAG,True,True,True,1.99,True,NONE
BANKBEES.NS,2026-04-08 15:30:00 IST,SIDEWAYS,2026-04-08 09:15:00 IST,575.71,541.17,627.52,644.79,662.06,679.33,2026-05-06 15:30:00 IST,577.66,TIMEOUT_20D,0.06,20,90.0,SHAKEOUT_RECLAIM,True,True,True,6.0,True,NONE
BANKBEES.NS,2026-05-14 15:30:00 IST,BEAR,2026-05-14 09:15:00 IST,558.69,546.45,577.05,583.17,589.29,595.41,2026-05-17 15:30:00 IST,546.45,STOP_LOSS,-1.0,2,85.0,SHAKEOUT_RECLAIM,True,True,True,2.19,True,NONE
BANKBEES.NS,2026-05-22 15:30:00 IST,BEAR,2026-05-22 09:15:00 IST,559.62,543.22,584.22,592.42,600.62,608.82,2026-06-11 15:30:00 IST,584.22,TARGET_1,1.5,15,82.0,SHAKEOUT_RECLAIM,True,True,True,2.93,True,NONE
BANKBEES.NS,2026-06-12 15:30:00 IST,SIDEWAYS,2026-06-12 09:15:00 IST,585.42,550.29,638.11,655.68,673.24,690.81,2026-07-09 15:30:00 IST,600.17,TIMEOUT_20D,0.42,20,84.0,V_REVERSAL,True,True,True,6.0,True,NONE
BANDHANBNK,2025-10-23 15:30:00 IST,BEAR,2025-10-23 09:15:00 IST,169.84,159.65,185.12,190.22,195.31,200.41,2025-10-23 15:30:00 IST,185.12,TARGET_1,1.5,1,90.0,WYCKOFF_SPRING_TYPE_2,True,True,True,6.0,True,NONE
BANDHANBNK,2025-10-28 15:30:00 IST,BEAR,2025-10-28 09:15:00 IST,174.11,163.66,189.79,195.01,200.24,205.46,2025-10-28 15:30:00 IST,189.79,TARGET_1,1.5,1,89.0,WYCKOFF_SPRING_TYPE_2,True,True,True,6.0,True,NONE
BANDHANBNK,2026-01-28 15:30:00 IST,BEAR,2026-01-28 09:15:00 IST,152.03,142.91,165.72,170.27,174.83,179.39,2026-01-28 15:30:00 IST,165.72,TARGET_1,1.5,1,86.0,WYCKOFF_SPRING_TYPE_2,True,True,True,6.0,True,NONE
BANDHANBNK,2026-04-08 15:30:00 IST,BEAR,2026-04-08 09:15:00 IST,163.33,153.53,178.04,182.93,187.83,192.73,2026-04-08 15:30:00 IST,178.04,TARGET_1,1.5,1,93.0,WYCKOFF_SPRING_TYPE_2,True,True,True,6.0,True,NONE
BANDHANBNK,2026-06-16 15:30:00 IST,BEAR,2026-06-16 09:15:00 IST,214.88,201.98,234.22,240.68,247.13,253.58,2026-06-16 15:30:00 IST,234.22,TARGET_1,1.5,1,93.0,WYCKOFF_SPRING_TYPE_2,True,True,True,6.0,True,NONE
BANDHANBNK,2026-07-06 15:30:00 IST,BEAR,2026-07-06 09:15:00 IST,205.61,194.82,221.79,227.19,232.59,237.98,2026-07-06 15:30:00 IST,221.79,TARGET_1,1.5,1,90.0,WYCKOFF_SPRING_TYPE_2,True,True,True,5.25,True,NONE
BANDHANBNK,2026-07-13 15:30:00 IST,BEAR,2026-07-13 09:15:00 IST,211.32,198.64,230.34,236.68,243.02,249.36,2026-07-13 15:30:00 IST,230.34,TARGET_1,1.5,1,87.0,WYCKOFF_SPRING_TYPE_2,True,True,True,6.0,True,NONE
BAYERCROP,2025-11-28 15:30:00 IST,SIDEWAYS,2025-11-28 09:15:00 IST,4658.4,4378.9,5077.65,5217.4,5357.15,5496.9,2025-12-15 15:30:00 IST,4378.9,STOP_LOSS,-1.0,12,91.0,WYCKOFF_SPRING_TYPE_2,True,True,True,6.0,True,NONE
BAYERCROP,2026-03-30 15:30:00 IST,BULL,2026-03-30 09:15:00 IST,4645.6,4366.86,5063.71,5203.08,5342.45,5481.82,2026-04-29 15:30:00 IST,4764.1,TIMEOUT_20D,0.43,20,92.0,WYCKOFF_SPRING_TYPE_2,True,True,True,6.0,True,NONE
BAYERCROP,2026-07-16 15:30:00 IST,SIDEWAYS,2026-07-16 09:15:00 IST,4221.9,4009.85,4539.97,4646.0,4752.02,4858.05,2026-07-20 15:30:00 IST,4539.97,TARGET_1,1.5,3,86.0,WYCKOFF_SPRING_TYPE_2,True,True,True,5.02,True,NONE
BANKBARODA,2025-12-19 15:30:00 IST,BEAR,2025-12-19 09:15:00 IST,282.9,270.35,301.72,308.0,314.27,320.55,2025-12-19 15:30:00 IST,301.72,TARGET_1,1.5,1,89.0,WYCKOFF_SPRING_TYPE_2,True,True,True,4.44,True,NONE
BANKBARODA,2026-04-13 15:30:00 IST,BEAR,2026-04-13 09:15:00 IST,267.08,251.06,291.11,299.12,307.13,315.14,2026-04-13 15:30:00 IST,291.11,TARGET_1,1.5,1,89.0,WYCKOFF_SPRING_TYPE_2,True,True,True,6.0,True,NONE
BANKBARODA,2026-05-06 15:30:00 IST,BEAR,2026-05-06 09:15:00 IST,261.83,250.59,278.69,284.31,289.93,295.55,2026-05-06 15:30:00 IST,278.69,TARGET_1,1.5,1,95.0,WYCKOFF_SPRING_TYPE_2,True,True,True,4.29,True,NONE
BANKBARODA,2026-05-25 15:30:00 IST,SIDEWAYS,2026-05-25 09:15:00 IST,263.72,247.9,287.45,295.36,303.27,311.18,2026-05-25 15:30:00 IST,287.45,TARGET_1,1.5,1,90.0,WYCKOFF_SPRING_TYPE_2,True,True,True,6.0,True,NONE
BANKBARODA,2026-06-11 15:30:00 IST,SIDEWAYS,2026-06-11 09:15:00 IST,267.6,251.54,291.69,299.72,307.75,315.78,2026-06-11 15:30:00 IST,291.69,TARGET_1,1.5,1,92.0,WYCKOFF_SPRING_TYPE_2,True,True,True,6.0,True,NONE
BANKBARODA,2026-08-06 15:30:00 IST,BEAR,2026-08-06 09:15:00 IST,251.0,237.26,271.61,278.48,285.35,292.22,2026-08-06 15:30:00 IST,271.61,TARGET_1,1.5,1,90.0,WYCKOFF_SPRING_TYPE_2,True,True,True,5.47,True,NONE
BANKBARODA,2026-09-02 15:30:00 IST,BEAR,2026-09-02 09:15:00 IST,241.2,234.66,251.01,254.28,257.55,260.82,2026-09-07 15:30:00 IST,234.66,STOP_LOSS,-1.0,4,89.0,SHAKEOUT_RECLAIM,True,True,True,2.71,True,NONE
BANKINDIA,2025-07-04 15:30:00 IST,SIDEWAYS,2025-07-04 09:15:00 IST,906.14,873.44,955.2,971.54,987.89,1004.24,2025-08-01 15:30:00 IST,893.45,TIMEOUT_20D,-0.39,20,85.0,BULL_FLAG,True,True,True,3.61,True,NONE
BANKINDIA,2025-10-10 15:30:00 IST,SIDEWAYS,2025-10-10 09:15:00 IST,894.67,865.59,938.29,952.83,967.37,981.91,2025-11-05 15:30:00 IST,865.59,STOP_LOSS,-1.0,18,80.0,V_REVERSAL,True,True,True,3.25,True,NONE
BANKINDIA,2026-03-11 15:30:00 IST,SIDEWAYS,2026-03-11 09:15:00 IST,778.57,738.5,838.67,858.71,878.75,898.78,2026-03-30 15:30:00 IST,738.5,STOP_LOSS,-1.0,13,88.0,V_REVERSAL,True,True,True,5.15,True,NONE
BANKINDIA,2026-08-17 15:30:00 IST,BULL,2026-08-17 09:15:00 IST,948.18,918.76,992.31,1007.02,1021.73,1036.44,2026-08-18 15:30:00 IST,918.76,STOP_LOSS,-1.0,2,90.0,BULL_FLAG,True,True,True,3.1,True,NONE
BATAINDIA,2025-10-20 15:30:00 IST,SIDEWAYS,2025-10-20 09:15:00 IST,1948.67,1831.75,2124.05,2182.51,2240.97,2299.43,2025-10-20 15:30:00 IST,1831.75,STOP_LOSS,-1.0,1,99.0,WYCKOFF_SPRING_TYPE_2,True,True,True,6.0,True,NONE
BATAINDIA,2025-11-21 15:30:00 IST,BULL,2025-11-21 09:15:00 IST,1946.66,1829.86,2121.86,2180.26,2238.66,2297.06,2025-11-23 15:30:00 IST,1829.86,STOP_LOSS,-1.0,1,90.0,SHAKEOUT_RECLAIM,True,True,True,6.0,True,NONE
BATAINDIA,2025-11-26 15:30:00 IST,BULL,2025-11-26 09:15:00 IST,1930.05,1814.25,2103.76,2161.65,2219.55,2277.45,2025-11-26 15:30:00 IST,1814.25,STOP_LOSS,-1.0,1,97.0,WYCKOFF_SPRING_TYPE_2,True,True,True,6.0,True,NONE
BATAINDIA,2025-12-16 15:30:00 IST,BULL,2025-12-16 09:15:00 IST,1959.55,1841.97,2135.91,2194.71,2253.5,2312.29,2025-12-16 15:30:00 IST,1841.97,STOP_LOSS,-1.0,1,97.0,WYCKOFF_SPRING_TYPE_2,True,True,True,6.0,True,NONE
BATAINDIA,2025-12-22 15:30:00 IST,BULL,2025-12-22 09:15:00 IST,1989.82,1899.72,2124.97,2170.02,2215.07,2260.12,2025-12-22 15:30:00 IST,1899.72,STOP_LOSS,-1.0,1,98.0,DOUBLE_BOTTOM,True,True,True,4.53,True,NONE
BATAINDIA,2025-12-29 15:30:00 IST,BULL,2025-12-29 09:15:00 IST,1979.86,1861.07,2158.05,2217.44,2276.84,2336.23,2025-12-29 15:30:00 IST,1861.07,STOP_LOSS,-1.0,1,94.0,WYCKOFF_SPRING_TYPE_2,True,True,True,6.0,True,NONE
BATAINDIA,2026-01-08 15:30:00 IST,BULL,2026-01-08 09:15:00 IST,2046.05,1923.29,2230.19,2291.57,2352.95,2414.33,2026-01-08 15:30:00 IST,1923.29,STOP_LOSS,-1.0,1,96.0,SHAKEOUT_RECLAIM,True,True,True,6.0,True,NONE
BATAINDIA,2026-02-18 15:30:00 IST,BULL,2026-02-18 09:15:00 IST,2064.57,1940.7,2250.38,2312.31,2374.25,2436.18,2026-02-18 15:30:00 IST,1940.7,STOP_LOSS,-1.0,1,100.0,SHAKEOUT_RECLAIM,True,True,True,6.0,True,NONE
BATAINDIA,2026-02-20 15:30:00 IST,BULL,2026-02-20 09:15:00 IST,2070.61,1946.37,2256.96,2319.09,2381.21,2443.33,2026-02-22 15:30:00 IST,1946.37,STOP_LOSS,-1.0,1,97.0,SHAKEOUT_RECLAIM,True,True,True,6.0,True,NONE
BATAINDIA,2026-03-09 15:30:00 IST,BULL,2026-03-09 09:15:00 IST,2110.98,1984.32,2300.97,2364.3,2427.63,2490.96,2026-03-09 15:30:00 IST,1984.32,STOP_LOSS,-1.0,1,94.0,SHAKEOUT_RECLAIM,True,True,True,6.0,True,NONE
BATAINDIA,2026-03-13 15:30:00 IST,BULL,2026-03-13 09:15:00 IST,2171.52,2041.23,2366.95,2432.1,2497.24,2562.39,2026-03-15 15:30:00 IST,2041.23,STOP_LOSS,-1.0,1,97.0,SHAKEOUT_RECLAIM,True,True,True,6.0,True,NONE
BATAINDIA,2026-03-25 15:30:00 IST,BULL,2026-03-25 09:15:00 IST,2179.69,2048.91,2375.87,2441.25,2506.64,2572.03,2026-03-26 15:30:00 IST,2048.91,STOP_LOSS,-1.0,2,87.0,V_REVERSAL,True,True,True,6.0,True,NONE
BATAINDIA,2026-04-02 15:30:00 IST,BULL,2026-04-02 09:15:00 IST,2195.5,2063.77,2393.11,2458.96,2524.82,2590.69,2026-04-05 15:30:00 IST,2063.77,STOP_LOSS,-1.0,2,92.0,V_REVERSAL,True,True,True,6.0,True,NONE
BATAINDIA,2026-04-07 15:30:00 IST,BULL,2026-04-07 09:15:00 IST,2089.2,1963.85,2277.23,2339.9,2402.57,2465.25,2026-04-07 15:30:00 IST,1963.85,STOP_LOSS,-1.0,1,96.0,WYCKOFF_SPRING_TYPE_2,True,True,True,6.0,True,NONE
BATAINDIA,2026-04-14 15:30:00 IST,BULL,2026-04-14 09:15:00 IST,2015.51,1894.58,2196.91,2257.37,2317.84,2378.3,2026-04-14 15:30:00 IST,1894.58,STOP_LOSS,-1.0,1,88.0,V_REVERSAL,True,True,True,6.0,True,NONE
BATAINDIA,2026-05-18 15:30:00 IST,SIDEWAYS,2026-05-18 09:15:00 IST,1826.66,1717.06,1991.06,2045.86,2100.66,2155.46,2026-05-18 15:30:00 IST,1717.06,STOP_LOSS,-1.0,1,96.0,SHAKEOUT_RECLAIM,True,True,True,6.0,True,NONE
BATAINDIA,2026-06-11 15:30:00 IST,BULL,2026-06-11 09:15:00 IST,1806.86,1698.45,1969.48,2023.68,2077.88,2132.09,2026-06-11 15:30:00 IST,1698.45,STOP_LOSS,-1.0,1,100.0,WYCKOFF_SPRING_TYPE_2,True,True,True,6.0,True,NONE
BATAINDIA,2026-06-29 15:30:00 IST,BULL,2026-06-29 09:15:00 IST,1873.07,1760.69,2041.65,2097.83,2154.02,2210.21,2026-06-29 15:30:00 IST,1760.69,STOP_LOSS,-1.0,1,91.0,SHAKEOUT_RECLAIM,True,True,True,6.0,True,NONE
BATAINDIA,2026-07-13 15:30:00 IST,BULL,2026-07-13 09:15:00 IST,1795.76,1688.01,1957.38,2011.26,2065.14,2119.01,2026-07-13 15:30:00 IST,1688.01,STOP_LOSS,-1.0,1,96.0,WYCKOFF_SPRING_TYPE_2,True,True,True,6.0,True,NONE
BATAINDIA,2026-07-16 15:30:00 IST,BULL,2026-07-16 09:15:00 IST,1858.6,1747.08,2025.87,2081.64,2137.4,2193.16,2026-07-16 15:30:00 IST,1747.08,STOP_LOSS,-1.0,1,96.0,WYCKOFF_SPRING_TYPE_2,True,True,True,6.0,True,NONE
BATAINDIA,2026-08-04 15:30:00 IST,BULL,2026-08-04 09:15:00 IST,1706.58,1604.19,1860.17,1911.36,1962.55,2013.75,2026-08-04 15:30:00 IST,1604.19,STOP_LOSS,-1.0,1,97.0,WYCKOFF_SPRING_TYPE_2,True,True,True,6.0,True,NONE
BBOX,2026-05-05 15:30:00 IST,BULL,2026-05-05 09:15:00 IST,962.74,941.53,994.55,1005.16,1015.77,1026.37,2026-05-11 15:30:00 IST,941.53,STOP_LOSS,-1.0,4,88.0,CUP_HANDLE,True,True,True,2.2,True,NONE
BBOX,2026-06-05 15:30:00 IST,BULL,2026-06-05 09:15:00 IST,956.18,934.38,988.87,999.78,1010.68,1021.58,2026-06-22 15:30:00 IST,934.38,STOP_LOSS,-1.0,11,87.0,CUP_HANDLE,True,True,True,2.28,True,NONE
BBTC,2025-09-12 15:30:00 IST,BULL,2025-09-12 09:15:00 IST,1269.4,1242.59,1309.6,1323.02,1336.43,1349.83,2025-09-15 15:30:00 IST,1242.59,STOP_LOSS,-1.0,1,88.0,CUP_HANDLE,True,True,True,2.11,True,NONE
BBTC,2025-10-06 15:30:00 IST,SIDEWAYS,2025-10-06 09:15:00 IST,1281.08,1217.1,1377.05,1409.04,1441.03,1473.02,2025-10-22 15:30:00 IST,1217.1,STOP_LOSS,-1.0,12,89.0,WYCKOFF_SPRING_TYPE_2,True,True,True,4.99,True,NONE
BBTC,2026-02-27 15:30:00 IST,BEAR,2026-02-27 09:15:00 IST,1364.72,1328.52,1419.02,1437.12,1455.22,1473.32,2026-03-13 15:30:00 IST,1328.52,STOP_LOSS,-1.0,10,87.0,WYCKOFF_SPRING_TYPE_2,True,True,True,2.65,True,NONE
BDL,2026-06-02 15:30:00 IST,BEAR,2026-06-02 09:15:00 IST,1644.68,1594.76,1719.55,1744.52,1769.48,1794.44,2026-06-04 15:30:00 IST,1594.76,STOP_LOSS,-1.0,2,94.0,WYCKOFF_SPRING_TYPE_2,True,True,True,3.04,True,NONE
BECTORFOOD,2025-02-28 15:30:00 IST,BEAR,2025-02-28 09:15:00 IST,1734.58,1679.18,1817.67,1845.38,1873.08,1900.78,2025-03-10 15:30:00 IST,1679.18,STOP_LOSS,-1.0,6,93.0,WYCKOFF_SPRING_TYPE_2,True,True,True,3.19,True,NONE
BECTORFOOD,2025-06-10 15:30:00 IST,SIDEWAYS,2025-06-10 09:15:00 IST,1381.04,1298.18,1505.33,1546.76,1588.19,1629.62,2025-07-02 15:30:00 IST,1298.18,STOP_LOSS,-1.0,16,84.0,V_REVERSAL,True,True,True,6.0,True,NONE
BECTORFOOD,2025-12-01 15:30:00 IST,BULL,2025-12-01 09:15:00 IST,1904.14,1839.08,2001.73,2034.26,2066.79,2099.32,2025-12-17 15:30:00 IST,2001.73,TARGET_1,1.5,12,97.0,MULTI_MONTH_BASE_BREAKOUT,True,True,True,3.42,True,NONE
BECTORFOOD,2026-02-13 15:30:00 IST,SIDEWAYS,2026-02-13 09:15:00 IST,2058.17,1972.95,2186.0,2228.61,2271.22,2313.83,2026-03-13 15:30:00 IST,2186.0,TARGET_1,1.5,20,94.0,HIGHER_LOW_REVERSAL,True,True,True,4.14,True,NONE
BECTORFOOD,2026-04-27 15:30:00 IST,SIDEWAYS,2026-04-27 09:15:00 IST,2182.84,2080.85,2335.82,2386.82,2437.82,2488.81,2026-05-07 15:30:00 IST,2335.82,TARGET_1,1.5,8,90.0,WYCKOFF_SPRING_TYPE_2,True,True,True,4.67,True,NONE
BERGEPAINT,2025-11-13 15:30:00 IST,BULL,2025-11-13 09:15:00 IST,577.9,552.32,616.27,629.06,641.85,654.64,2025-12-01 15:30:00 IST,552.32,STOP_LOSS,-1.0,13,92.0,MULTI_MONTH_BASE_BREAKOUT,True,True,True,4.43,True,NONE
BERGEPAINT,2026-02-03 15:30:00 IST,BEAR,2026-02-03 09:15:00 IST,480.05,451.25,523.25,537.65,552.05,566.45,2026-02-10 15:30:00 IST,451.25,STOP_LOSS,-1.0,6,91.0,SHAKEOUT_RECLAIM,True,True,True,6.0,True,NONE
BERGEPAINT,2026-04-10 15:30:00 IST,SIDEWAYS,2026-04-10 09:15:00 IST,454.0,426.76,494.86,508.48,522.1,535.72,2026-05-06 15:30:00 IST,494.86,TARGET_1,1.5,18,89.0,V_REVERSAL,True,True,True,6.0,True,NONE
BERGEPAINT,2026-05-08 15:30:00 IST,BULL,2026-05-08 09:15:00 IST,515.75,484.8,562.17,577.65,593.12,608.6,2026-05-11 15:30:00 IST,484.8,STOP_LOSS,-1.0,2,92.0,MULTI_MONTH_BASE_BREAKOUT,True,True,True,6.0,True,NONE
BERGEPAINT,2026-06-19 15:30:00 IST,BULL,2026-06-19 09:15:00 IST,550.7,524.14,590.54,603.82,617.1,630.38,2026-06-28 15:30:00 IST,524.14,STOP_LOSS,-1.0,6,96.0,MULTI_MONTH_BASE_BREAKOUT,True,True,True,4.82,True,NONE
BERGEPAINT,2026-08-12 15:30:00 IST,BULL,2026-08-12 09:15:00 IST,559.8,526.4,609.9,626.6,643.3,660.0,2026-08-19 15:30:00 IST,526.4,STOP_LOSS,-1.0,6,89.0,BULL_FLAG,True,True,True,5.97,True,NONE
BHARATFORG,2025-10-23 15:30:00 IST,BULL,2025-10-23 09:15:00 IST,1294.69,1234.98,1384.25,1414.11,1443.97,1473.82,2025-11-10 15:30:00 IST,1384.25,TARGET_1,1.5,12,92.0,MULTI_MONTH_BASE_BREAKOUT,True,True,True,4.61,True,NONE
BHARATFORG,2025-11-11 15:30:00 IST,BULL,2025-11-11 09:15:00 IST,1396.26,1312.49,1521.92,1563.8,1605.68,1647.57,2025-12-08 15:30:00 IST,1377.54,TIMEOUT_20D,-0.22,20,95.0,MULTI_MONTH_BASE_BREAKOUT,True,True,True,6.0,True,NONE
BHARATFORG,2025-11-19 15:30:00 IST,BULL,2025-11-19 09:15:00 IST,1440.18,1362.97,1555.99,1594.6,1633.21,1671.81,2025-12-07 15:30:00 IST,1362.97,STOP_LOSS,-1.0,13,94.0,MULTI_MONTH_BASE_BREAKOUT,True,True,True,5.36,True,NONE
BHARATFORG,2026-02-11 15:30:00 IST,BULL,2026-02-11 09:15:00 IST,1669.42,1569.26,1819.66,1869.74,1919.82,1969.9,2026-02-22 15:30:00 IST,1819.66,TARGET_1,1.5,8,91.0,BULL_FLAG,True,True,True,6.0,True,NONE
BHARATFORG,2026-05-07 15:30:00 IST,BULL,2026-05-07 09:15:00 IST,1986.87,1867.66,2165.69,2225.29,2284.89,2344.5,2026-05-17 15:30:00 IST,1867.66,STOP_LOSS,-1.0,7,90.0,BULL_FLAG,True,True,True,6.0,True,NONE
BHARATFORG,2026-05-29 15:30:00 IST,BULL,2026-05-29 09:15:00 IST,1951.28,1834.2,2126.9,2185.44,2243.98,2302.52,2026-06-22 15:30:00 IST,2126.9,TARGET_1,1.5,17,93.0,SHAKEOUT_RECLAIM,True,True,True,6.0,True,NONE
BHARATFORG,2026-06-22 15:30:00 IST,BULL,2026-06-22 09:15:00 IST,2097.44,1991.67,2256.09,2308.98,2361.86,2414.75,2026-07-19 15:30:00 IST,2209.0,TIMEOUT_20D,1.05,20,92.0,MULTI_MONTH_BASE_BREAKOUT,True,True,True,5.04,True,NONE
BHARATFORG,2026-07-17 15:30:00 IST,BULL,2026-07-17 09:15:00 IST,2190.5,2072.59,2367.36,2426.32,2485.27,2544.23,2026-08-09 15:30:00 IST,2072.59,STOP_LOSS,-1.0,16,86.0,HIGHER_LOW_REVERSAL,True,True,True,5.38,True,NONE
BHARATFORG,2026-08-07 15:30:00 IST,BULL,2026-08-07 09:15:00 IST,2265.2,2165.53,2414.7,2464.54,2514.37,2564.21,2026-08-09 15:30:00 IST,2165.53,STOP_LOSS,-1.0,1,91.0,MULTI_MONTH_BASE_BREAKOUT,True,True,True,4.4,True,NONE
BEML,2025-02-26 15:30:00 IST,SIDEWAYS,2025-02-26 09:15:00 IST,1325.25,1245.74,1444.52,1484.27,1524.03,1563.78,2025-03-20 15:30:00 IST,1444.52,TARGET_1,1.5,16,85.0,WYCKOFF_SPRING_TYPE_2,True,True,True,6.0,True,NONE
BEML,2025-05-22 15:30:00 IST,BULL,2025-05-22 09:15:00 IST,1626.7,1568.62,1713.82,1742.86,1771.9,1800.94,2025-06-03 15:30:00 IST,1713.82,TARGET_1,1.5,8,85.0,CUP_HANDLE,True,True,True,3.57,True,NONE
BEML,2025-07-29 15:30:00 IST,BULL,2025-07-29 09:15:00 IST,1788.01,1731.98,1872.05,1900.07,1928.09,1956.1,2025-08-06 15:30:00 IST,1731.98,STOP_LOSS,-1.0,6,96.0,MULTI_MONTH_BASE_BREAKOUT,True,True,True,3.13,True,NONE
BEML,2026-04-17 15:30:00 IST,BEAR,2026-04-17 09:15:00 IST,1968.94,1935.37,2019.3,2036.08,2052.87,2069.65,2026-04-21 15:30:00 IST,1935.37,STOP_LOSS,-1.0,2,91.0,WYCKOFF_SPRING_TYPE_2,True,True,True,1.71,True,NONE
BELRISE,2025-06-11 15:30:00 IST,BULL,2025-06-11 09:15:00 IST,1041.68,979.18,1135.43,1166.68,1197.93,1229.18,2025-07-09 15:30:00 IST,1054.81,TIMEOUT_20D,0.21,20,90.0,WYCKOFF_SPRING_TYPE_2,True,True,True,6.0,True,NONE
BELRISE,2025-10-28 15:30:00 IST,BULL,2025-10-28 09:15:00 IST,1001.19,967.12,1052.3,1069.33,1086.37,1103.4,2025-11-25 15:30:00 IST,992.45,TIMEOUT_20D,-0.26,20,90.0,WYCKOFF_SPRING_TYPE_2,True,True,True,3.4,True,NONE
BELRISE,2025-11-06 15:30:00 IST,BULL,2025-11-06 09:15:00 IST,1025.74,999.32,1065.37,1078.58,1091.79,1105.0,2025-11-14 15:30:00 IST,999.32,STOP_LOSS,-1.0,6,83.0,CUP_HANDLE,True,True,True,2.58,True,NONE
BELRISE,2025-12-19 15:30:00 IST,SIDEWAYS,2025-12-19 09:15:00 IST,990.23,946.48,1055.86,1077.73,1099.61,1121.48,2026-01-16 15:30:00 IST,1052.7,TIMEOUT_20D,1.43,20,90.0,WYCKOFF_SPRING_TYPE_2,True,True,True,4.42,True,NONE
BELRISE,2026-06-16 15:30:00 IST,BULL,2026-06-16 09:15:00 IST,1109.23,1042.68,1209.06,1242.33,1275.61,1308.88,2026-07-14 15:30:00 IST,1063.97,TIMEOUT_20D,-0.68,20,81.0,CUP_HANDLE,True,True,True,6.0,True,NONE
BELRISE,2026-06-29 15:30:00 IST,BULL,2026-06-29 09:15:00 IST,1089.77,1039.93,1164.52,1189.45,1214.37,1239.29,2026-07-22 15:30:00 IST,1039.93,STOP_LOSS,-1.0,17,88.0,WYCKOFF_SPRING_TYPE_2,True,True,True,4.57,True,NONE
BELRISE,2026-09-02 15:30:00 IST,BEAR,2026-09-02 09:15:00 IST,234.31,225.07,248.17,252.79,257.41,262.03,2026-09-07 15:30:00 IST,225.07,STOP_LOSS,-1.0,4,88.0,SHAKEOUT_RECLAIM,True,True,True,3.94,True,NONE
BHARTIARTL,2025-10-20 15:30:00 IST,BULL,2025-10-20 09:15:00 IST,2051.5,1928.41,2236.13,2297.68,2359.22,2420.77,2025-11-18 15:30:00 IST,2159.8,TIMEOUT_20D,0.88,20,87.0,V_REVERSAL,True,True,True,6.0,True,NONE
BHARTIARTL,2025-12-30 15:30:00 IST,SIDEWAYS,2025-12-30 09:15:00 IST,2099.8,2027.81,2207.79,2243.78,2279.78,2315.77,2026-01-08 15:30:00 IST,2027.81,STOP_LOSS,-1.0,8,86.0,WYCKOFF_SPRING_TYPE_2,True,True,True,3.43,True,NONE
BHARTIARTL,2026-02-06 15:30:00 IST,SIDEWAYS,2026-02-06 09:15:00 IST,2038.4,1929.31,2202.04,2256.58,2311.13,2365.67,2026-02-23 15:30:00 IST,1929.31,STOP_LOSS,-1.0,12,90.0,WYCKOFF_SPRING_TYPE_2,True,True,True,5.35,True,NONE
BHARTIARTL,2026-05-14 15:30:00 IST,SIDEWAYS,2026-05-14 09:15:00 IST,1883.5,1794.24,2017.39,2062.02,2106.65,2151.28,2026-06-01 15:30:00 IST,1794.24,STOP_LOSS,-1.0,13,92.0,DOUBLE_BOTTOM,True,True,True,4.74,True,NONE
BHARTIARTL,2026-06-19 15:30:00 IST,SIDEWAYS,2026-06-19 09:15:00 IST,1910.8,1796.15,2082.78,2140.1,2197.42,2254.75,2026-07-16 15:30:00 IST,1908.8,TIMEOUT_20D,-0.02,20,88.0,V_REVERSAL,True,True,True,6.0,True,NONE
BHARTIARTL,2026-08-12 15:30:00 IST,BULL,2026-08-12 09:15:00 IST,1945.0,1868.61,2059.59,2097.78,2135.98,2174.17,2026-08-27 15:30:00 IST,1868.61,STOP_LOSS,-1.0,12,93.0,SHAKEOUT_RECLAIM,True,True,True,3.93,True,NONE
BHARTIHEXA,2025-10-27 15:30:00 IST,BULL,2025-10-27 09:15:00 IST,1870.1,1757.89,2038.41,2094.52,2150.62,2206.73,2025-11-06 15:30:00 IST,1757.89,STOP_LOSS,-1.0,8,90.0,CUP_HANDLE,True,True,True,6.0,True,NONE
BHARTIHEXA,2026-03-18 15:30:00 IST,SIDEWAYS,2026-03-18 09:15:00 IST,1593.6,1497.98,1737.03,1784.84,1832.65,1880.46,2026-03-26 15:30:00 IST,1497.98,STOP_LOSS,-1.0,6,83.0,V_REVERSAL,True,True,True,6.0,True,NONE
BHARTIHEXA,2026-03-24 15:30:00 IST,BEAR,2026-03-24 09:15:00 IST,1581.2,1486.33,1723.5,1770.94,1818.38,1865.81,2026-03-26 15:30:00 IST,1486.33,STOP_LOSS,-1.0,2,85.0,V_REVERSAL,True,True,True,6.0,True,NONE
BHARTIHEXA,2026-06-19 15:30:00 IST,SIDEWAYS,2026-06-19 09:15:00 IST,1494.5,1423.85,1600.48,1635.8,1671.13,1706.45,2026-07-08 15:30:00 IST,1600.48,TARGET_1,1.5,14,95.0,SHAKEOUT_RECLAIM,True,True,True,4.73,True,NONE
BIOCON,2025-10-31 15:30:00 IST,BULL,2025-10-31 09:15:00 IST,956.3,898.92,1042.36,1071.06,1099.75,1128.44,2025-11-02 15:30:00 IST,898.92,STOP_LOSS,-1.0,1,95.0,SHAKEOUT_RECLAIM,True,True,True,6.0,True,NONE
BIOCON,2026-01-12 15:30:00 IST,SIDEWAYS,2026-01-12 09:15:00 IST,972.93,914.56,1060.5,1089.67,1118.86,1148.04,2026-01-12 15:30:00 IST,914.56,STOP_LOSS,-1.0,1,89.0,V_REVERSAL,True,True,True,6.0,True,NONE
BIOCON,2026-02-02 15:30:00 IST,SIDEWAYS,2026-02-02 09:15:00 IST,369.71,356.83,389.02,395.47,401.91,408.35,2026-02-02 15:30:00 IST,389.02,TARGET_1,1.5,1,89.0,WYCKOFF_SPRING_TYPE_2,True,True,True,3.48,True,NONE
BIOCON,2026-08-25 15:30:00 IST,BEAR,2026-08-25 09:15:00 IST,417.2,404.96,435.56,441.68,447.8,453.92,2026-08-30 15:30:00 IST,404.96,STOP_LOSS,-1.0,4,86.0,SHAKEOUT_RECLAIM,True,True,True,2.93,True,NONE
BIKAJI,2025-03-13 15:30:00 IST,BULL,2025-03-13 09:15:00 IST,816.65,801.32,839.65,847.31,854.97,862.64,2025-03-19 15:30:00 IST,801.32,STOP_LOSS,-1.0,4,91.0,CUP_HANDLE,True,True,True,1.88,True,NONE
BIKAJI,2025-05-06 15:30:00 IST,SIDEWAYS,2025-05-06 09:15:00 IST,805.74,788.79,831.16,839.64,848.12,856.59,2025-05-14 15:30:00 IST,788.79,STOP_LOSS,-1.0,6,87.0,BULL_FLAG,True,True,True,2.1,True,NONE
BIKAJI,2025-09-30 15:30:00 IST,BEAR,2025-09-30 09:15:00 IST,682.52,661.63,713.87,724.3,734.74,745.19,2025-10-02 15:30:00 IST,713.87,TARGET_1,1.5,2,90.0,WYCKOFF_SPRING_TYPE_2,True,True,True,3.06,True,NONE
BIKAJI,2025-11-13 15:30:00 IST,BULL,2025-11-13 09:15:00 IST,818.77,795.97,852.98,864.37,875.77,887.17,2025-12-11 15:30:00 IST,819.06,TIMEOUT_20D,0.01,20,87.0,BULL_FLAG,True,True,True,2.78,True,NONE
BIKAJI,2026-02-11 15:30:00 IST,BULL,2026-02-11 09:15:00 IST,836.86,787.17,911.4,936.24,961.09,985.93,2026-03-11 15:30:00 IST,829.38,TIMEOUT_20D,-0.15,20,84.0,V_REVERSAL,True,True,True,5.94,True,NONE
BIKAJI,2026-04-28 15:30:00 IST,SIDEWAYS,2026-04-28 09:15:00 IST,793.04,759.4,843.51,860.32,877.14,893.96,2026-05-14 15:30:00 IST,843.51,TARGET_1,1.5,12,93.0,WYCKOFF_SPRING_TYPE_2,True,True,True,4.24,True,NONE
BIKAJI,2026-05-07 15:30:00 IST,SIDEWAYS,2026-05-07 09:15:00 IST,818.67,775.03,884.13,905.95,927.77,949.59,2026-05-18 15:30:00 IST,884.13,TARGET_1,1.5,7,89.0,DOUBLE_BOTTOM,True,True,True,5.33,True,NONE
BHEL,2025-10-29 15:30:00 IST,BEAR,2025-10-29 09:15:00 IST,244.6,229.92,266.62,273.96,281.3,288.64,2025-10-29 15:30:00 IST,266.62,TARGET_1,1.5,1,93.0,WYCKOFF_SPRING_TYPE_2,True,True,True,6.0,True,NONE
BHEL,2025-10-31 15:30:00 IST,BEAR,2025-10-31 09:15:00 IST,264.64,248.76,288.45,296.4,304.34,312.28,2025-10-31 15:30:00 IST,288.45,TARGET_1,1.5,1,90.0,WYCKOFF_SPRING_TYPE_2,True,True,True,6.0,True,NONE
BHEL,2025-12-12 15:30:00 IST,BEAR,2025-12-12 09:15:00 IST,284.23,267.18,309.81,318.33,326.86,335.38,2025-12-12 15:30:00 IST,309.81,TARGET_1,1.5,1,90.0,WYCKOFF_SPRING_TYPE_2,True,True,True,6.0,True,NONE
BHEL,2026-02-04 15:30:00 IST,BEAR,2026-02-04 09:15:00 IST,271.82,255.51,296.29,304.44,312.6,320.75,2026-02-04 15:30:00 IST,296.29,TARGET_1,1.5,1,89.0,WYCKOFF_SPRING_TYPE_2,True,True,True,6.0,True,NONE
BHEL,2026-03-12 15:30:00 IST,BEAR,2026-03-12 09:15:00 IST,266.99,250.97,291.02,299.03,307.04,315.05,2026-03-12 15:30:00 IST,291.02,TARGET_1,1.5,1,93.0,WYCKOFF_SPRING_TYPE_2,True,True,True,6.0,True,NONE
BHEL,2026-04-09 15:30:00 IST,SIDEWAYS,2026-04-09 09:15:00 IST,276.31,259.73,301.18,309.47,317.76,326.05,2026-04-09 15:30:00 IST,301.18,TARGET_1,1.5,1,90.0,WYCKOFF_SPRING_TYPE_2,True,True,True,6.0,True,NONE
BHEL,2026-04-16 15:30:00 IST,SIDEWAYS,2026-04-16 09:15:00 IST,308.27,289.77,336.01,345.27,354.52,363.77,2026-04-16 15:30:00 IST,336.01,TARGET_1,1.5,1,90.0,WYCKOFF_SPRING_TYPE_2,True,True,True,6.0,True,NONE
BIRLACORPN,2025-03-21 15:30:00 IST,BULL,2025-03-21 09:15:00 IST,1800.15,1755.22,1867.53,1890.01,1912.48,1934.94,2025-04-10 15:30:00 IST,1867.53,TARGET_1,1.5,14,90.0,HIGHER_LOW_REVERSAL,True,True,True,2.5,True,NONE
BIRLACORPN,2025-08-26 15:30:00 IST,BULL,2025-08-26 09:15:00 IST,2312.62,2276.24,2367.18,2385.38,2403.57,2421.76,2025-09-09 15:30:00 IST,2276.24,STOP_LOSS,-1.0,10,94.0,CUP_HANDLE,True,True,True,1.57,True,NONE
BIRLACORPN,2025-11-10 15:30:00 IST,SIDEWAYS,2025-11-10 09:15:00 IST,2205.44,2138.26,2306.2,2339.8,2373.39,2406.98,2025-11-19 15:30:00 IST,2138.26,STOP_LOSS,-1.0,7,88.0,CUP_HANDLE,True,True,True,3.05,True,NONE
BIRLACORPN,2025-12-05 15:30:00 IST,BULL,2025-12-05 09:15:00 IST,2224.1,2156.64,2325.28,2359.02,2392.75,2426.48,2025-12-08 15:30:00 IST,2156.64,STOP_LOSS,-1.0,1,92.0,MULTI_MONTH_BASE_BREAKOUT,True,True,True,3.03,True,NONE
BIRLACORPN,2026-04-30 15:30:00 IST,SIDEWAYS,2026-04-30 09:15:00 IST,2027.96,1977.89,2103.05,2128.1,2153.13,2178.17,2026-05-11 15:30:00 IST,1977.89,STOP_LOSS,-1.0,7,91.0,CUP_HANDLE,True,True,True,2.47,True,NONE
BIRLACORPN,2026-06-25 15:30:00 IST,SIDEWAYS,2026-06-25 09:15:00 IST,2001.19,1919.25,2124.1,2165.07,2206.04,2247.01,2026-06-30 15:30:00 IST,2124.1,TARGET_1,1.5,3,76.0,WYCKOFF_SPRING_TYPE_2,True,True,True,4.09,True,NONE
BLS,2025-11-12 15:30:00 IST,SIDEWAYS,2025-11-12 09:15:00 IST,334.3,314.24,364.39,374.42,384.45,394.48,2025-11-23 15:30:00 IST,314.24,STOP_LOSS,-1.0,8,93.0,SHAKEOUT_RECLAIM,True,True,True,6.0,True,NONE
BLS,2026-02-04 15:30:00 IST,SIDEWAYS,2026-02-04 09:15:00 IST,287.29,270.05,313.14,321.77,330.39,339.01,2026-02-12 15:30:00 IST,270.05,STOP_LOSS,-1.0,7,95.0,SHAKEOUT_RECLAIM,True,True,True,6.0,True,NONE
BLS,2026-03-24 15:30:00 IST,SIDEWAYS,2026-03-24 09:15:00 IST,259.4,243.84,282.74,290.52,298.3,306.08,2026-03-29 15:30:00 IST,243.84,STOP_LOSS,-1.0,3,97.0,SHAKEOUT_RECLAIM,True,True,True,6.0,True,NONE
BLS,2026-08-13 15:30:00 IST,BULL,2026-08-13 09:15:00 IST,270.67,254.43,295.03,303.15,311.27,319.39,2026-08-23 15:30:00 IST,254.43,STOP_LOSS,-1.0,7,87.0,CUP_HANDLE,True,True,True,6.0,True,NONE
BLACKBUCK,2025-12-24 15:30:00 IST,SIDEWAYS,2025-12-24 09:15:00 IST,670.7,630.46,731.06,751.18,771.3,791.42,2026-01-11 15:30:00 IST,630.46,STOP_LOSS,-1.0,12,93.0,WYCKOFF_SPRING_TYPE_2,True,True,True,6.0,True,NONE
BLACKBUCK,2026-02-03 15:30:00 IST,SIDEWAYS,2026-02-03 09:15:00 IST,624.75,587.26,680.99,699.73,718.48,737.22,2026-02-25 15:30:00 IST,587.26,STOP_LOSS,-1.0,17,89.0,BULL_PENNANT,True,True,True,6.0,True,NONE
BLACKBUCK,2026-03-17 15:30:00 IST,BEAR,2026-03-17 09:15:00 IST,574.25,543.42,620.5,635.91,651.33,666.74,2026-03-19 15:30:00 IST,620.5,TARGET_1,1.5,3,86.0,SHAKEOUT_RECLAIM,True,True,True,5.37,True,NONE
BLACKBUCK,2026-06-19 15:30:00 IST,SIDEWAYS,2026-06-19 09:15:00 IST,574.05,539.61,625.71,642.93,660.15,677.37,2026-06-29 15:30:00 IST,539.61,STOP_LOSS,-1.0,7,87.0,BULL_FLAG,True,True,True,6.0,True,NONE
BLACKBUCK,2026-08-18 15:30:00 IST,BULL,2026-08-18 09:15:00 IST,588.8,554.91,639.63,656.58,673.52,690.47,2026-08-20 15:30:00 IST,639.63,TARGET_1,1.5,3,86.0,BULL_FLAG,True,True,True,5.76,True,NONE
BLSE,2026-02-04 15:30:00 IST,BEAR,2026-02-04 09:15:00 IST,172.28,161.94,187.79,192.96,198.13,203.3,2026-02-12 15:30:00 IST,161.94,STOP_LOSS,-1.0,7,87.0,SHAKEOUT_RECLAIM,True,True,True,6.0,True,NONE
BLSE,2026-03-23 15:30:00 IST,SIDEWAYS,2026-03-23 09:15:00 IST,150.37,141.35,163.9,168.41,172.92,177.43,2026-03-23 15:30:00 IST,163.9,TARGET_1,1.5,1,85.0,V_REVERSAL,True,True,True,6.0,True,NONE
BLSE,2026-04-16 15:30:00 IST,BULL,2026-04-16 09:15:00 IST,176.13,165.56,191.99,197.27,202.55,207.84,2026-04-26 15:30:00 IST,191.99,TARGET_1,1.5,7,85.0,CUP_HANDLE,True,True,True,6.0,True,NONE
BLSE,2026-04-27 15:30:00 IST,BULL,2026-04-27 09:15:00 IST,192.23,180.7,209.52,215.29,221.06,226.82,2026-05-20 15:30:00 IST,209.52,TARGET_1,1.5,18,88.0,ASCENDING_TRIANGLE,True,True,True,6.0,True,NONE
BLSE,2026-05-29 15:30:00 IST,BULL,2026-05-29 09:15:00 IST,221.96,208.64,241.94,248.6,255.26,261.92,2026-06-25 15:30:00 IST,225.26,TIMEOUT_20D,0.25,20,86.0,SHAKEOUT_RECLAIM,True,True,True,6.0,True,NONE
BLSE,2026-07-01 15:30:00 IST,BULL,2026-07-01 09:15:00 IST,255.42,240.09,278.41,286.08,293.74,301.41,2026-07-05 15:30:00 IST,278.41,TARGET_1,1.5,3,91.0,SHAKEOUT_RECLAIM,True,True,True,6.0,True,NONE
BLSE,2026-07-24 15:30:00 IST,BULL,2026-07-24 09:15:00 IST,282.32,265.38,307.73,316.2,324.67,333.14,2026-08-04 15:30:00 IST,307.73,TARGET_1,1.5,8,90.0,HIGHER_LOW_REVERSAL,True,True,True,6.0,True,NONE
BLUEJET,2025-11-03 15:30:00 IST,SIDEWAYS,2025-11-03 09:15:00 IST,674.05,633.61,734.71,754.93,775.15,795.37,2025-11-03 15:30:00 IST,633.61,STOP_LOSS,-1.0,1,83.0,V_REVERSAL,True,True,True,6.0,True,NONE
BLUEJET,2026-02-23 15:30:00 IST,BEAR,2026-02-23 09:15:00 IST,391.4,367.92,426.62,438.36,450.1,461.84,2026-03-08 15:30:00 IST,367.92,STOP_LOSS,-1.0,9,93.0,SHAKEOUT_RECLAIM,True,True,True,6.0,True,NONE
BLUEJET,2026-04-27 15:30:00 IST,BULL,2026-04-27 09:15:00 IST,443.65,417.03,483.58,496.89,510.2,523.51,2026-05-04 15:30:00 IST,483.58,TARGET_1,1.5,6,93.0,SHAKEOUT_RECLAIM,True,True,True,6.0,True,NONE
BLUEJET,2026-05-04 15:30:00 IST,BULL,2026-05-04 09:15:00 IST,475.85,447.3,518.68,532.95,547.23,561.5,2026-05-11 15:30:00 IST,447.3,STOP_LOSS,-1.0,6,86.0,BULL_FLAG,True,True,True,6.0,True,NONE
BLUEJET,2026-05-25 15:30:00 IST,BULL,2026-05-25 09:15:00 IST,481.4,452.52,524.72,539.16,553.6,568.04,2026-05-28 15:30:00 IST,452.52,STOP_LOSS,-1.0,4,95.0,SHAKEOUT_RECLAIM,True,True,True,6.0,True,NONE
BLUEJET,2026-06-04 15:30:00 IST,BULL,2026-06-04 09:15:00 IST,475.6,447.06,518.41,532.68,546.95,561.22,2026-06-11 15:30:00 IST,518.41,TARGET_1,1.5,6,84.0,HIGHER_LOW_REVERSAL,True,True,True,6.0,True,NONE
BLUEJET,2026-07-01 15:30:00 IST,BULL,2026-07-01 09:15:00 IST,549.15,516.2,598.58,615.05,631.52,648.0,2026-07-09 15:30:00 IST,598.58,TARGET_1,1.5,7,86.0,BULL_FLAG,True,True,True,6.0,True,NONE
BLUEJET,2026-07-07 15:30:00 IST,BULL,2026-07-07 09:15:00 IST,579.15,544.4,631.28,648.65,666.02,683.4,2026-08-02 15:30:00 IST,631.28,TARGET_1,1.5,19,95.0,BULL_FLAG,True,True,True,6.0,True,NONE
BLUEJET,2026-07-29 15:30:00 IST,BULL,2026-07-29 09:15:00 IST,602.75,566.58,657.0,675.09,693.17,711.26,2026-08-25 15:30:00 IST,589.75,TIMEOUT_20D,-0.36,20,89.0,SHAKEOUT_RECLAIM,True,True,True,6.0,True,NONE
BLUEJET,2026-08-18 15:30:00 IST,BULL,2026-08-18 09:15:00 IST,607.25,579.49,648.89,662.77,676.65,690.53,2026-08-27 15:30:00 IST,579.49,STOP_LOSS,-1.0,8,78.0,CUP_HANDLE,True,True,True,4.57,True,NONE
BONDADA,2026-02-03 15:30:00 IST,BEAR,2026-02-03 09:15:00 IST,319.74,300.55,348.51,358.12,367.72,377.31,2026-02-08 15:30:00 IST,348.51,TARGET_1,1.5,4,88.0,SHAKEOUT_RECLAIM,True,True,True,6.0,True,NONE
BONDADA,2026-04-02 15:30:00 IST,SIDEWAYS,2026-04-02 09:15:00 IST,280.82,263.97,306.1,314.52,322.94,331.37,2026-04-07 15:30:00 IST,306.1,TARGET_1,1.5,3,88.0,V_REVERSAL,True,True,True,6.0,True,NONE
BONDADA,2026-06-16 15:30:00 IST,SIDEWAYS,2026-06-16 09:15:00 IST,343.16,322.57,374.05,384.34,394.64,404.93,2026-06-28 15:30:00 IST,322.57,STOP_LOSS,-1.0,9,95.0,SHAKEOUT_RECLAIM,True,True,True,6.0,True,NONE
BONDADA,2026-07-21 15:30:00 IST,SIDEWAYS,2026-07-21 09:15:00 IST,315.14,296.23,343.5,352.96,362.41,371.87,2026-07-29 15:30:00 IST,296.23,STOP_LOSS,-1.0,7,83.0,V_REVERSAL,True,True,True,6.0,True,NONE
BONDADA,2026-08-19 15:30:00 IST,SIDEWAYS,2026-08-19 09:15:00 IST,296.8,278.99,323.51,332.42,341.33,350.23,2026-08-26 15:30:00 IST,282.45,TIMEOUT_20D,-0.81,5,85.0,V_REVERSAL,True,True,True,6.0,True,NONE
BLUEDART,2025-03-12 15:30:00 IST,BULL,2025-03-12 09:15:00 IST,1476.85,1423.44,1556.97,1583.67,1610.37,1637.08,2025-03-19 15:30:00 IST,1556.97,TARGET_1,1.5,5,95.0,MULTI_MONTH_BASE_BREAKOUT,True,True,True,3.62,True,NONE
BLUEDART,2025-03-19 15:30:00 IST,BULL,2025-03-19 09:15:00 IST,1571.27,1495.57,1684.82,1722.67,1760.52,1798.37,2025-04-03 15:30:00 IST,1684.82,TARGET_1,1.5,11,88.0,MULTI_MONTH_BASE_BREAKOUT,True,True,True,4.82,True,NONE
BLUEDART,2025-09-22 15:30:00 IST,BULL,2025-09-22 09:15:00 IST,2053.53,1970.42,2178.2,2219.75,2261.31,2302.86,2025-10-20 15:30:00 IST,2007.35,TIMEOUT_20D,-0.56,20,91.0,MULTI_MONTH_BASE_BREAKOUT,True,True,True,4.05,True,NONE
BLUEDART,2025-11-17 15:30:00 IST,BULL,2025-11-17 09:15:00 IST,2134.81,2081.33,2215.04,2241.77,2268.51,2295.25,2025-11-20 15:30:00 IST,2081.33,STOP_LOSS,-1.0,3,91.0,CUP_HANDLE,True,True,True,2.51,True,NONE
BLUEDART,2026-03-24 15:30:00 IST,BEAR,2026-03-24 09:15:00 IST,1793.26,1744.62,1866.22,1890.54,1914.86,1939.18,2026-04-15 15:30:00 IST,1744.62,STOP_LOSS,-1.0,16,90.0,V_REVERSAL,True,True,True,2.71,True,NONE
BLUEDART,2026-06-16 15:30:00 IST,BULL,2026-06-16 09:15:00 IST,1763.69,1725.13,1821.53,1840.81,1860.09,1879.37,2026-06-22 15:30:00 IST,1725.13,STOP_LOSS,-1.0,4,87.0,CUP_HANDLE,True,True,True,2.19,True,NONE
BLUEDART,2026-06-29 15:30:00 IST,SIDEWAYS,2026-06-29 09:15:00 IST,1716.94,1681.5,1770.1,1787.82,1805.54,1823.26,2026-06-30 15:30:00 IST,1681.5,STOP_LOSS,-1.0,1,86.0,WYCKOFF_SPRING_TYPE_2,True,True,True,2.06,True,NONE
BLUESTARCO,2025-05-20 15:30:00 IST,SIDEWAYS,2025-05-20 09:15:00 IST,1510.28,1458.84,1587.44,1613.16,1638.88,1664.6,2025-06-17 15:30:00 IST,1553.26,TIMEOUT_20D,0.84,20,92.0,WYCKOFF_SPRING_TYPE_2,True,True,True,3.41,True,NONE
BLUESTARCO,2025-07-28 15:30:00 IST,SIDEWAYS,2025-07-28 09:15:00 IST,1575.47,1526.18,1649.4,1674.05,1698.69,1723.34,2025-08-01 15:30:00 IST,1649.4,TARGET_1,1.5,4,83.0,WYCKOFF_SPRING_TYPE_2,True,True,True,3.13,True,NONE
BLUESTARCO,2026-01-01 15:30:00 IST,BULL,2026-01-01 09:15:00 IST,1692.0,1655.39,1746.92,1765.22,1783.52,1801.83,2026-01-05 15:30:00 IST,1655.39,STOP_LOSS,-1.0,2,85.0,CUP_HANDLE,True,True,True,2.16,True,NONE
BLUESTARCO,2026-07-22 15:30:00 IST,BULL,2026-07-22 09:15:00 IST,1820.02,1780.67,1879.05,1898.72,1918.39,1938.07,2026-07-24 15:30:00 IST,1879.05,TARGET_1,1.5,2,89.0,CUP_HANDLE,True,True,True,2.16,True,NONE
BORORENEW,2025-12-19 15:30:00 IST,BEAR,2025-12-19 09:15:00 IST,556.05,522.69,606.09,622.77,639.45,656.13,2026-01-07 15:30:00 IST,522.69,STOP_LOSS,-1.0,13,92.0,SHAKEOUT_RECLAIM,True,True,True,6.0,True,NONE
BORORENEW,2026-01-16 15:30:00 IST,SIDEWAYS,2026-01-16 09:15:00 IST,540.55,508.12,589.19,605.41,621.62,637.84,2026-01-19 15:30:00 IST,508.12,STOP_LOSS,-1.0,2,94.0,SHAKEOUT_RECLAIM,True,True,True,6.0,True,NONE
BORORENEW,2026-02-09 15:30:00 IST,BEAR,2026-02-09 09:15:00 IST,508.75,478.22,554.54,569.81,585.07,600.34,2026-02-18 15:30:00 IST,478.22,STOP_LOSS,-1.0,8,84.0,SHAKEOUT_RECLAIM,True,True,True,6.0,True,NONE
BORORENEW,2026-03-18 15:30:00 IST,BEAR,2026-03-18 09:15:00 IST,437.25,411.01,476.61,489.73,502.85,515.97,2026-03-18 15:30:00 IST,411.01,STOP_LOSS,-1.0,1,90.0,BULL_PENNANT,True,True,True,6.0,True,NONE
BORORENEW,2026-04-02 15:30:00 IST,BEAR,2026-04-02 09:15:00 IST,414.7,389.82,452.02,464.46,476.9,489.34,2026-04-08 15:30:00 IST,452.02,TARGET_1,1.5,4,78.0,V_REVERSAL,True,True,True,6.0,True,NONE
BORORENEW,2026-05-04 15:30:00 IST,BULL,2026-05-04 09:15:00 IST,524.9,493.41,572.14,587.88,603.62,619.37,2026-05-07 15:30:00 IST,572.14,TARGET_1,1.5,4,89.0,SHAKEOUT_RECLAIM,True,True,True,6.0,True,NONE
BORORENEW,2026-07-09 15:30:00 IST,BULL,2026-07-09 09:15:00 IST,651.65,612.55,710.3,729.85,749.4,768.95,2026-07-14 15:30:00 IST,612.55,STOP_LOSS,-1.0,4,96.0,BULL_FLAG,True,True,True,6.0,True,NONE
BLUESTONE,2025-06-03 15:30:00 IST,BULL,2025-06-03 09:15:00 IST,1450.41,1387.18,1545.27,1576.87,1608.49,1640.1,2025-07-01 15:30:00 IST,1488.96,TIMEOUT_20D,0.61,20,93.0,DOUBLE_BOTTOM,True,True,True,4.36,True,NONE
BLUESTONE,2025-07-07 15:30:00 IST,BULL,2025-07-07 09:15:00 IST,1528.32,1494.78,1578.62,1595.4,1612.17,1628.94,2025-07-10 15:30:00 IST,1494.78,STOP_LOSS,-1.0,3,85.0,BULL_FLAG,True,True,True,2.19,True,NONE
BLUESTONE,2026-05-12 15:30:00 IST,SIDEWAYS,2026-05-12 09:15:00 IST,1336.06,1292.78,1400.99,1422.62,1444.26,1465.9,2026-06-09 15:30:00 IST,1382.99,TIMEOUT_20D,1.08,20,89.0,WYCKOFF_SPRING_TYPE_2,True,True,True,3.24,True,NONE
BLUESTONE,2026-05-29 15:30:00 IST,BEAR,2026-05-29 09:15:00 IST,1321.8,1291.71,1366.94,1381.98,1397.02,1412.07,2026-06-04 15:30:00 IST,1366.94,TARGET_1,1.5,4,90.0,V_REVERSAL,True,True,True,2.28,True,NONE
BLUESTONE,2026-06-19 15:30:00 IST,BULL,2026-06-19 09:15:00 IST,1393.57,1353.45,1453.75,1473.81,1493.87,1513.93,2026-07-17 15:30:00 IST,1393.17,TIMEOUT_20D,-0.01,20,89.0,CUP_HANDLE,True,True,True,2.88,True,NONE
BLUESTONE,2026-08-31 15:30:00 IST,BEAR,2026-08-31 09:15:00 IST,817.4,768.36,890.96,915.48,940.0,964.52,2026-09-10 15:30:00 IST,890.96,TARGET_1,1.5,9,85.0,SHAKEOUT_RECLAIM,True,True,True,6.0,True,NONE
BLUESTONE,2026-09-04 15:30:00 IST,BEAR,2026-09-04 09:15:00 IST,842.75,792.18,918.61,943.89,969.18,994.46,2026-09-10 15:30:00 IST,890.35,TIMEOUT_20D,0.94,5,86.0,SHAKEOUT_RECLAIM,True,True,True,6.0,True,NONE
BOSCHLTD,2026-01-02 15:30:00 IST,SIDEWAYS,2026-01-02 09:15:00 IST,39420.0,37054.8,42967.8,44150.4,45333.0,46515.6,2026-01-11 15:30:00 IST,37054.8,STOP_LOSS,-1.0,6,92.0,V_REVERSAL,True,True,True,6.0,True,NONE
BOSCHLTD,2026-04-01 15:30:00 IST,BEAR,2026-04-01 09:15:00 IST,30635.0,28796.9,33392.15,34311.2,35230.25,36149.3,2026-04-05 15:30:00 IST,33392.15,TARGET_1,1.5,2,90.0,SHAKEOUT_RECLAIM,True,True,True,6.0,True,NONE
BOSCHLTD,2026-08-12 15:30:00 IST,BULL,2026-08-12 09:15:00 IST,46480.0,44377.5,49633.75,50685.0,51736.25,52787.5,2026-09-10 15:30:00 IST,,TIMEOUT_20D,,15,95.0,MULTI_MONTH_BASE_BREAKOUT,True,True,True,4.52,True,NONE
BOSCHLTD,2026-08-18 15:30:00 IST,BULL,2026-08-18 09:15:00 IST,48730.0,46247.6,52453.6,53694.8,54936.0,56177.2,2026-09-10 15:30:00 IST,,TIMEOUT_20D,,11,96.0,BULL_FLAG,True,True,True,5.09,True,NONE
BRITANNIA,2025-11-04 15:30:00 IST,BEAR,2025-11-04 09:15:00 IST,5892.5,5746.12,6112.07,6185.26,6258.45,6331.64,2025-11-05 15:30:00 IST,6112.07,TARGET_1,1.5,1,83.0,SHAKEOUT_RECLAIM,True,True,True,2.48,True,NONE
BRITANNIA,2026-07-01 15:30:00 IST,SIDEWAYS,2026-07-01 09:15:00 IST,5262.0,5154.1,5423.85,5477.8,5531.75,5585.7,2026-07-02 15:30:00 IST,5423.85,TARGET_1,1.5,2,88.0,HIGHER_LOW_REVERSAL,True,True,True,2.05,True,NONE
BRITANNIA,2026-07-28 15:30:00 IST,BULL,2026-07-28 09:15:00 IST,5388.75,5086.56,5842.04,5993.13,6144.22,6295.32,2026-08-24 15:30:00 IST,5382.5,TIMEOUT_20D,-0.02,20,84.0,DOUBLE_BOTTOM,True,True,True,5.61,True,NONE
BPCL,2025-10-30 15:30:00 IST,BULL,2025-10-30 09:15:00 IST,340.7,324.38,365.18,373.34,381.5,389.66,2025-11-11 15:30:00 IST,365.18,TARGET_1,1.5,8,89.0,MULTI_MONTH_BASE_BREAKOUT,True,True,True,4.79,True,NONE
BPCL,2025-12-31 15:30:00 IST,BULL,2025-12-31 09:15:00 IST,373.47,359.95,393.74,400.51,407.27,414.03,2026-01-05 15:30:00 IST,359.95,STOP_LOSS,-1.0,4,97.0,MULTI_MONTH_BASE_BREAKOUT,True,True,True,3.62,True,NONE
BPCL,2026-02-02 15:30:00 IST,SIDEWAYS,2026-02-02 09:15:00 IST,366.7,344.7,399.7,410.7,421.7,432.7,2026-03-01 15:30:00 IST,374.8,TIMEOUT_20D,0.37,20,87.0,V_REVERSAL,True,True,True,6.0,True,NONE
BPCL,2026-03-24 15:30:00 IST,BEAR,2026-03-24 09:15:00 IST,282.25,268.65,302.65,309.45,316.25,323.05,2026-04-01 15:30:00 IST,268.65,STOP_LOSS,-1.0,5,90.0,SHAKEOUT_RECLAIM,True,True,True,4.82,True,NONE
BPCL,2026-04-15 15:30:00 IST,SIDEWAYS,2026-04-15 09:15:00 IST,310.45,291.82,338.4,347.71,357.02,366.34,2026-05-11 15:30:00 IST,291.82,STOP_LOSS,-1.0,19,88.0,V_REVERSAL,True,True,True,6.0,True,NONE
BSE,2025-10-31 15:30:00 IST,BULL,2025-10-31 09:15:00 IST,2472.49,2324.14,2695.01,2769.19,2843.36,2917.54,2025-11-06 15:30:00 IST,2695.01,TARGET_1,1.5,4,95.0,SHAKEOUT_RECLAIM,True,True,True,6.0,True,NONE
BSE,2025-11-07 15:30:00 IST,BULL,2025-11-07 09:15:00 IST,2671.26,2510.99,2911.67,2991.8,3071.94,3152.07,2025-11-19 15:30:00 IST,2911.67,TARGET_1,1.5,9,95.0,MULTI_MONTH_BASE_BREAKOUT,True,True,True,6.0,True,NONE
BSE,2026-01-12 15:30:00 IST,SIDEWAYS,2026-01-12 09:15:00 IST,2783.27,2616.27,3033.76,3117.27,3200.77,3284.27,2026-01-20 15:30:00 IST,2616.27,STOP_LOSS,-1.0,7,96.0,WYCKOFF_SPRING_TYPE_2,True,True,True,6.0,True,NONE
BSE,2026-04-08 15:30:00 IST,BULL,2026-04-08 09:15:00 IST,3155.29,2965.97,3439.26,3533.93,3628.59,3723.25,2026-04-15 15:30:00 IST,3439.26,TARGET_1,1.5,5,85.0,V_REVERSAL,True,True,True,6.0,True,NONE
BSE,2026-05-18 15:30:00 IST,BULL,2026-05-18 09:15:00 IST,4109.87,3863.28,4479.76,4603.05,4726.34,4849.64,2026-06-02 15:30:00 IST,3863.28,STOP_LOSS,-1.0,12,87.0,SHAKEOUT_RECLAIM,True,True,True,6.0,True,NONE
BSE,2026-08-10 15:30:00 IST,BEAR,2026-08-10 09:15:00 IST,3596.1,3398.42,3892.62,3991.46,4090.3,4189.14,2026-08-16 15:30:00 IST,3398.42,STOP_LOSS,-1.0,5,94.0,V_REVERSAL,True,True,True,5.5,True,NONE
CAMPUS,2026-02-10 15:30:00 IST,BULL,2026-02-10 09:15:00 IST,280.58,263.74,305.83,314.26,322.68,331.1,2026-02-19 15:30:00 IST,263.74,STOP_LOSS,-1.0,8,92.0,BULL_FLAG,True,True,True,6.0,True,NONE
CAMPUS,2026-06-18 15:30:00 IST,SIDEWAYS,2026-06-18 09:15:00 IST,238.86,227.98,255.19,260.62,266.06,271.5,2026-07-07 15:30:00 IST,227.98,STOP_LOSS,-1.0,14,87.0,SHAKEOUT_RECLAIM,True,True,True,4.56,True,NONE
CAMS,2025-10-30 15:30:00 IST,BULL,2025-10-30 09:15:00 IST,780.51,743.01,836.77,855.51,874.26,893.01,2025-11-05 15:30:00 IST,743.01,STOP_LOSS,-1.0,4,87.0,DOUBLE_BOTTOM,True,True,True,4.81,True,NONE
CAMS,2026-03-05 15:30:00 IST,BEAR,2026-03-05 09:15:00 IST,648.99,617.83,695.72,711.31,726.89,742.47,2026-03-22 15:30:00 IST,617.83,STOP_LOSS,-1.0,12,90.0,SHAKEOUT_RECLAIM,True,True,True,4.8,True,NONE
CAMS,2026-04-15 15:30:00 IST,SIDEWAYS,2026-04-15 09:15:00 IST,724.3,684.64,783.78,803.62,823.45,843.28,2026-05-04 15:30:00 IST,783.78,TARGET_1,1.5,14,85.0,CUP_HANDLE,True,True,True,5.48,True,NONE
CAMS,2026-04-23 15:30:00 IST,BULL,2026-04-23 09:15:00 IST,766.43,727.8,824.37,843.69,863.0,882.32,2026-04-29 15:30:00 IST,727.8,STOP_LOSS,-1.0,5,92.0,BULL_FLAG,True,True,True,5.04,True,NONE
CAMS,2026-05-05 15:30:00 IST,BULL,2026-05-05 09:15:00 IST,793.29,750.82,856.99,878.23,899.46,920.7,2026-06-01 15:30:00 IST,750.82,STOP_LOSS,-1.0,20,97.0,MULTI_MONTH_BASE_BREAKOUT,True,True,True,5.35,True,NONE
CAMS,2026-08-28 15:30:00 IST,BEAR,2026-08-28 09:15:00 IST,762.0,735.3,802.05,815.4,828.75,842.1,2026-09-01 15:30:00 IST,735.3,STOP_LOSS,-1.0,3,94.0,SHAKEOUT_RECLAIM,True,True,True,3.5,True,NONE
BRIGADE,2025-03-25 15:30:00 IST,SIDEWAYS,2025-03-25 09:15:00 IST,1625.35,1567.62,1711.96,1740.81,1769.67,1798.54,2025-04-04 15:30:00 IST,1567.62,STOP_LOSS,-1.0,8,87.0,BULL_FLAG,True,True,True,3.55,True,NONE
BRIGADE,2025-04-14 15:30:00 IST,SIDEWAYS,2025-04-14 09:15:00 IST,1659.45,1602.05,1745.55,1774.25,1802.95,1831.65,2025-04-21 15:30:00 IST,1745.55,TARGET_1,1.5,5,93.0,BULL_FLAG,True,True,True,3.46,True,NONE
BRIGADE,2025-06-13 15:30:00 IST,BEAR,2025-06-13 09:15:00 IST,1693.16,1640.48,1772.17,1798.52,1824.86,1851.2,2025-06-19 15:30:00 IST,1772.17,TARGET_1,1.5,4,85.0,CUP_HANDLE,True,True,True,3.11,True,NONE
BRIGADE,2025-07-14 15:30:00 IST,BULL,2025-07-14 09:15:00 IST,1840.98,1797.55,1906.12,1927.84,1949.56,1971.27,2025-07-16 15:30:00 IST,1797.55,STOP_LOSS,-1.0,2,88.0,CUP_HANDLE,True,True,True,2.36,True,NONE
BRIGADE,2025-10-23 15:30:00 IST,BULL,2025-10-23 09:15:00 IST,1967.76,1875.52,2106.13,2152.24,2198.36,2244.48,2025-11-14 15:30:00 IST,2106.13,TARGET_1,1.5,16,89.0,MULTI_MONTH_BASE_BREAKOUT,True,True,True,4.69,True,NONE
BRIGADE,2026-01-29 15:30:00 IST,BULL,2026-01-29 09:15:00 IST,2172.56,2118.87,2253.09,2279.94,2306.78,2333.63,2026-02-13 15:30:00 IST,2253.09,TARGET_1,1.5,11,81.0,CUP_HANDLE,True,True,True,2.47,True,NONE
BRIGADE,2026-04-08 15:30:00 IST,BULL,2026-04-08 09:15:00 IST,2424.68,2392.95,2472.29,2488.14,2504.01,2519.87,2026-04-13 15:30:00 IST,2472.29,TARGET_1,1.5,3,88.0,CUP_HANDLE,True,True,True,1.31,True,NONE
BRIGADE,2026-07-06 15:30:00 IST,BULL,2026-07-06 09:15:00 IST,2811.9,2726.75,2939.62,2982.2,3024.78,3067.35,2026-07-10 15:30:00 IST,2726.75,STOP_LOSS,-1.0,4,97.0,MULTI_MONTH_BASE_BREAKOUT,True,True,True,3.03,True,NONE
BRIGADE,2026-08-06 15:30:00 IST,BULL,2026-08-06 09:15:00 IST,2833.97,2751.02,2958.39,2999.87,3041.34,3082.82,2026-08-18 15:30:00 IST,2751.02,STOP_LOSS,-1.0,9,85.0,CUP_HANDLE,True,True,True,2.93,True,NONE
CANBK,2025-10-30 15:30:00 IST,BULL,2025-10-30 09:15:00 IST,128.65,123.74,136.01,138.47,140.93,143.38,2025-11-02 15:30:00 IST,136.01,TARGET_1,1.5,2,94.0,MULTI_MONTH_BASE_BREAKOUT,True,True,True,3.81,True,NONE
CANBK,2026-04-08 15:30:00 IST,SIDEWAYS,2026-04-08 09:15:00 IST,134.75,126.66,146.87,150.93,154.98,159.02,2026-05-06 15:30:00 IST,131.59,TIMEOUT_20D,-0.39,20,88.0,SHAKEOUT_RECLAIM,True,True,True,6.0,True,NONE
CANBK,2026-06-02 15:30:00 IST,BEAR,2026-06-02 09:15:00 IST,124.96,119.12,133.71,136.64,139.56,142.48,2026-06-09 15:30:00 IST,133.71,TARGET_1,1.5,6,89.0,WYCKOFF_SPRING_TYPE_2,True,True,True,4.67,True,NONE
CANBK,2026-06-17 15:30:00 IST,SIDEWAYS,2026-06-17 09:15:00 IST,135.24,127.13,147.41,151.46,155.52,159.57,2026-06-28 15:30:00 IST,127.13,STOP_LOSS,-1.0,8,80.0,HIGHER_LOW_REVERSAL,True,True,True,6.0,True,NONE
CANBK,2026-07-20 15:30:00 IST,SIDEWAYS,2026-07-20 09:15:00 IST,128.82,121.09,140.42,144.28,148.14,152.01,2026-08-16 15:30:00 IST,131.1,TIMEOUT_20D,0.29,20,84.0,WYCKOFF_SPRING_TYPE_2,True,True,True,6.0,True,NONE
BSOFT,2025-03-03 15:30:00 IST,BULL,2025-03-03 09:15:00 IST,983.48,956.56,1023.86,1037.32,1050.78,1064.24,2025-03-12 15:30:00 IST,1023.86,TARGET_1,1.5,7,81.0,CUP_HANDLE,True,True,True,2.74,True,NONE
BSOFT,2025-06-03 15:30:00 IST,SIDEWAYS,2025-06-03 09:15:00 IST,1084.72,1038.43,1154.15,1177.3,1200.44,1223.59,2025-06-25 15:30:00 IST,1038.43,STOP_LOSS,-1.0,16,93.0,WYCKOFF_SPRING_TYPE_2,True,True,True,4.27,True,NONE
BSOFT,2025-08-21 15:30:00 IST,BEAR,2025-08-21 09:15:00 IST,953.84,929.59,990.23,1002.34,1014.47,1026.59,2025-08-29 15:30:00 IST,929.59,STOP_LOSS,-1.0,6,80.0,WYCKOFF_SPRING_TYPE_2,True,True,True,2.54,True,NONE
BSOFT,2025-11-10 15:30:00 IST,BULL,2025-11-10 09:15:00 IST,1051.4,1012.26,1110.11,1129.68,1149.25,1168.82,2025-12-05 15:30:00 IST,1110.11,TARGET_1,1.5,19,95.0,MULTI_MONTH_BASE_BREAKOUT,True,True,True,3.72,True,NONE
BSOFT,2025-11-17 15:30:00 IST,BULL,2025-11-17 09:15:00 IST,1070.12,1042.85,1111.01,1124.66,1138.29,1151.93,2025-12-05 15:30:00 IST,1111.01,TARGET_1,1.5,14,88.0,CUP_HANDLE,True,True,True,2.55,True,NONE
BSOFT,2026-08-11 15:30:00 IST,BULL,2026-08-11 09:15:00 IST,1086.95,1051.62,1139.95,1157.61,1175.28,1192.94,2026-08-18 15:30:00 IST,1051.62,STOP_LOSS,-1.0,6,84.0,CUP_HANDLE,True,True,True,3.25,True,NONE
BSOFT,2026-08-28 15:30:00 IST,BEAR,2026-08-28 09:15:00 IST,300.9,285.81,323.53,331.08,338.62,346.17,2026-09-06 15:30:00 IST,285.81,STOP_LOSS,-1.0,6,92.0,SHAKEOUT_RECLAIM,True,True,True,5.01,True,NONE
CAPILLARY,2026-03-27 15:30:00 IST,SIDEWAYS,2026-03-27 09:15:00 IST,512.85,482.08,559.0,574.39,589.78,605.16,2026-03-29 15:30:00 IST,482.08,STOP_LOSS,-1.0,1,99.0,SHAKEOUT_RECLAIM,True,True,True,6.0,True,NONE
CAPILLARY,2026-04-09 15:30:00 IST,SIDEWAYS,2026-04-09 09:15:00 IST,544.85,512.16,593.88,610.23,626.58,642.92,2026-05-07 15:30:00 IST,572.9,TIMEOUT_20D,0.86,20,95.0,SHAKEOUT_RECLAIM,True,True,True,6.0,True,NONE
CANFINHOME,2026-01-19 15:30:00 IST,BULL,2026-01-19 09:15:00 IST,930.64,874.8,1014.39,1042.32,1070.24,1098.16,2026-01-20 15:30:00 IST,874.8,STOP_LOSS,-1.0,2,96.0,SHAKEOUT_RECLAIM,True,True,True,6.0,True,NONE
CANFINHOME,2026-04-24 15:30:00 IST,BULL,2026-04-24 09:15:00 IST,901.35,847.27,982.48,1009.51,1036.55,1063.59,2026-04-29 15:30:00 IST,847.27,STOP_LOSS,-1.0,4,86.0,SHAKEOUT_RECLAIM,True,True,True,6.0,True,NONE
CANFINHOME,2026-06-01 15:30:00 IST,BEAR,2026-06-01 09:15:00 IST,829.46,796.28,879.23,895.82,912.41,929.0,2026-06-03 15:30:00 IST,796.28,STOP_LOSS,-1.0,3,82.0,SHAKEOUT_RECLAIM,True,True,True,4.0,True,NONE
CANFINHOME,2026-06-08 15:30:00 IST,BEAR,2026-06-08 09:15:00 IST,815.29,781.78,865.56,882.31,899.06,915.82,2026-06-14 15:30:00 IST,865.56,TARGET_1,1.5,5,93.0,SHAKEOUT_RECLAIM,True,True,True,4.11,True,NONE
CANFINHOME,2026-06-12 15:30:00 IST,SIDEWAYS,2026-06-12 09:15:00 IST,854.48,803.21,931.39,957.02,982.65,1008.29,2026-07-09 15:30:00 IST,931.39,TARGET_1,1.5,20,90.0,WYCKOFF_SPRING_TYPE_2,True,True,True,6.0,True,NONE
CAPLIPOINT,2025-12-04 15:30:00 IST,SIDEWAYS,2025-12-04 09:15:00 IST,1972.19,1858.46,2142.79,2199.65,2256.52,2313.38,2025-12-29 15:30:00 IST,1858.46,STOP_LOSS,-1.0,17,97.0,V_REVERSAL,True,True,True,5.77,True,NONE
CAPLIPOINT,2026-04-07 15:30:00 IST,BEAR,2026-04-07 09:15:00 IST,1607.32,1510.88,1751.97,1800.2,1848.42,1896.64,2026-04-15 15:30:00 IST,1751.97,TARGET_1,1.5,6,89.0,SHAKEOUT_RECLAIM,True,True,True,6.0,True,NONE
CAPLIPOINT,2026-05-06 15:30:00 IST,BULL,2026-05-06 09:15:00 IST,1837.66,1742.35,1980.62,2028.28,2075.94,2123.59,2026-05-13 15:30:00 IST,1980.62,TARGET_1,1.5,6,95.0,MULTI_MONTH_BASE_BREAKOUT,True,True,True,5.19,True,NONE
CAPLIPOINT,2026-05-14 15:30:00 IST,BULL,2026-05-14 09:15:00 IST,2019.8,1898.61,2201.58,2262.18,2322.78,2383.37,2026-06-08 15:30:00 IST,2201.58,TARGET_1,1.5,18,95.0,MULTI_MONTH_BASE_BREAKOUT,True,True,True,6.0,True,NONE
CAPLIPOINT,2026-06-08 15:30:00 IST,BULL,2026-06-08 09:15:00 IST,2111.0,1984.34,2300.99,2364.32,2427.65,2490.98,2026-06-09 15:30:00 IST,2300.99,TARGET_1,1.5,2,88.0,BULL_FLAG,True,True,True,6.0,True,NONE
CARYSIL,2025-10-30 15:30:00 IST,BULL,2025-10-30 09:15:00 IST,950.4,894.06,1034.91,1063.08,1091.25,1119.42,2025-11-09 15:30:00 IST,1034.91,TARGET_1,1.5,6,92.0,CUP_HANDLE,True,True,True,5.93,True,NONE
CARYSIL,2026-03-24 15:30:00 IST,BEAR,2026-03-24 09:15:00 IST,794.0,746.36,865.46,889.28,913.1,936.92,2026-04-14 15:30:00 IST,865.46,TARGET_1,1.5,12,83.0,SHAKEOUT_RECLAIM,True,True,True,6.0,True,NONE
CARYSIL,2026-05-06 15:30:00 IST,BULL,2026-05-06 09:15:00 IST,948.95,892.01,1034.36,1062.83,1091.3,1119.77,2026-05-11 15:30:00 IST,892.01,STOP_LOSS,-1.0,4,87.0,BULL_FLAG,True,True,True,6.0,True,NONE
CARYSIL,2026-06-10 15:30:00 IST,BULL,2026-06-10 09:15:00 IST,1191.9,1120.39,1299.17,1334.92,1370.68,1406.43,2026-07-06 15:30:00 IST,1120.39,STOP_LOSS,-1.0,19,98.0,BULL_FLAG,True,True,True,6.0,True,NONE
CARYSIL,2026-06-18 15:30:00 IST,BULL,2026-06-18 09:15:00 IST,1237.8,1163.53,1349.21,1386.34,1423.47,1460.61,2026-06-22 15:30:00 IST,1163.53,STOP_LOSS,-1.0,3,88.0,BULL_FLAG,True,True,True,6.0,True,NONE
CANHLIFE,2025-04-09 15:30:00 IST,BULL,2025-04-09 09:15:00 IST,1175.13,1133.32,1237.83,1258.75,1279.66,1300.56,2025-04-29 15:30:00 IST,1237.83,TARGET_1,1.5,14,94.0,MULTI_MONTH_BASE_BREAKOUT,True,True,True,3.56,True,NONE
CANHLIFE,2025-07-01 15:30:00 IST,BULL,2025-07-01 09:15:00 IST,1356.64,1275.24,1478.73,1519.44,1560.14,1600.84,2025-07-29 15:30:00 IST,1290.91,TIMEOUT_20D,-0.81,20,82.0,V_REVERSAL,True,True,True,6.0,True,NONE
CANHLIFE,2025-12-10 15:30:00 IST,BULL,2025-12-10 09:15:00 IST,1413.37,1360.34,1492.93,1519.43,1545.94,1572.46,2026-01-05 15:30:00 IST,1360.34,STOP_LOSS,-1.0,18,86.0,WYCKOFF_SPRING_TYPE_2,True,True,True,3.75,True,NONE
CANHLIFE,2026-05-07 15:30:00 IST,SIDEWAYS,2026-05-07 09:15:00 IST,1503.13,1416.51,1633.07,1676.37,1719.68,1762.99,2026-06-04 15:30:00 IST,1633.07,TARGET_1,1.5,20,88.0,WYCKOFF_SPRING_TYPE_2,True,True,True,5.76,True,NONE
CANHLIFE,2026-08-10 15:30:00 IST,BULL,2026-08-10 09:15:00 IST,1708.11,1668.89,1766.95,1786.55,1806.16,1825.77,2026-08-18 15:30:00 IST,1668.89,STOP_LOSS,-1.0,7,92.0,CUP_HANDLE,True,True,True,2.3,True,NONE
CARBORUNIV,2025-04-07 15:30:00 IST,SIDEWAYS,2025-04-07 09:15:00 IST,937.2,903.11,988.33,1005.38,1022.43,1039.47,2025-04-14 15:30:00 IST,903.11,STOP_LOSS,-1.0,5,89.0,WYCKOFF_SPRING_TYPE_2,True,True,True,3.64,True,NONE
CARBORUNIV,2025-07-03 15:30:00 IST,SIDEWAYS,2025-07-03 09:15:00 IST,917.37,877.84,976.67,996.43,1016.19,1035.96,2025-07-30 15:30:00 IST,976.67,TARGET_1,1.5,19,86.0,DOUBLE_BOTTOM,True,True,True,4.31,True,NONE
CARBORUNIV,2025-10-23 15:30:00 IST,SIDEWAYS,2025-10-23 09:15:00 IST,875.62,829.64,944.59,967.58,990.57,1013.56,2025-11-20 15:30:00 IST,908.45,TIMEOUT_20D,0.71,20,82.0,V_REVERSAL,True,True,True,5.25,True,NONE
CARBORUNIV,2026-03-10 15:30:00 IST,BEAR,2026-03-10 09:15:00 IST,842.98,829.14,863.73,870.66,877.58,884.5,2026-03-18 15:30:00 IST,863.73,TARGET_1,1.5,6,94.0,WYCKOFF_SPRING_TYPE_2,True,True,True,1.64,True,NONE
CARBORUNIV,2026-03-20 15:30:00 IST,SIDEWAYS,2026-03-20 09:15:00 IST,880.17,834.72,948.35,971.07,993.79,1016.52,2026-04-17 15:30:00 IST,867.07,TIMEOUT_20D,-0.29,20,89.0,DOUBLE_BOTTOM,True,True,True,5.16,True,NONE
CARBORUNIV,2026-05-29 15:30:00 IST,BEAR,2026-05-29 09:15:00 IST,849.9,814.55,902.92,920.6,938.28,955.95,2026-06-26 15:30:00 IST,869.65,TIMEOUT_20D,0.56,20,87.0,WYCKOFF_SPRING_TYPE_2,True,True,True,4.16,True,NONE
CASTROLIND,2025-11-24 15:30:00 IST,SIDEWAYS,2025-11-24 09:15:00 IST,188.57,181.82,198.7,202.07,205.44,208.82,2025-12-08 15:30:00 IST,181.82,STOP_LOSS,-1.0,11,94.0,SHAKEOUT_RECLAIM,True,True,True,3.58,True,NONE
CASTROLIND,2026-03-18 15:30:00 IST,SIDEWAYS,2026-03-18 09:15:00 IST,181.96,178.05,187.83,189.78,191.74,193.69,2026-03-22 15:30:00 IST,178.05,STOP_LOSS,-1.0,3,88.0,V_REVERSAL,True,True,True,2.15,True,NONE
CCAVENUE,2025-12-29 15:30:00 IST,BEAR,2025-12-29 09:15:00 IST,16.51,15.94,17.37,17.65,17.94,18.22,2026-01-08 15:30:00 IST,15.94,STOP_LOSS,-1.0,9,92.0,SHAKEOUT_RECLAIM,True,True,True,3.45,True,NONE
CCAVENUE,2026-02-02 15:30:00 IST,SIDEWAYS,2026-02-02 09:15:00 IST,16.9,15.89,18.41,18.92,19.42,19.93,2026-02-09 15:30:00 IST,18.41,TARGET_1,1.5,6,87.0,V_REVERSAL,True,True,True,5.98,True,NONE
CCAVENUE,2026-02-09 15:30:00 IST,SIDEWAYS,2026-02-09 09:15:00 IST,17.97,16.89,19.59,20.13,20.67,21.21,2026-02-25 15:30:00 IST,16.89,STOP_LOSS,-1.0,13,85.0,BULL_FLAG,True,True,True,6.01,True,NONE
CCAVENUE,2026-04-06 15:30:00 IST,SIDEWAYS,2026-04-06 09:15:00 IST,14.97,14.07,16.32,16.77,17.22,17.67,2026-04-23 15:30:00 IST,14.07,STOP_LOSS,-1.0,13,84.0,V_REVERSAL,True,True,True,6.01,True,NONE
CCAVENUE,2026-06-16 15:30:00 IST,SIDEWAYS,2026-06-16 09:15:00 IST,14.31,13.45,15.6,16.03,16.46,16.89,2026-06-23 15:30:00 IST,15.6,TARGET_1,1.5,6,91.0,SHAKEOUT_RECLAIM,True,True,True,6.01,True,NONE
CCAVENUE,2026-06-24 15:30:00 IST,BULL,2026-06-24 09:15:00 IST,15.63,14.69,17.04,17.51,17.98,18.45,2026-06-28 15:30:00 IST,17.04,TARGET_1,1.5,3,88.0,BULL_FLAG,True,True,True,6.01,True,NONE
CARTRADE,2025-09-26 15:30:00 IST,SIDEWAYS,2025-09-26 09:15:00 IST,1267.09,1196.27,1373.33,1408.73,1444.14,1479.55,2025-10-09 15:30:00 IST,1373.33,TARGET_1,1.5,9,91.0,WYCKOFF_SPRING_TYPE_2,True,True,True,5.59,True,NONE
CARTRADE,2026-03-06 15:30:00 IST,SIDEWAYS,2026-03-06 09:15:00 IST,1534.74,1442.66,1672.86,1718.9,1764.94,1810.98,2026-04-02 15:30:00 IST,1442.66,STOP_LOSS,-1.0,19,87.0,V_REVERSAL,True,True,True,6.0,True,NONE
CARTRADE,2026-06-09 15:30:00 IST,SIDEWAYS,2026-06-09 09:15:00 IST,1465.35,1392.53,1574.58,1610.99,1647.4,1683.81,2026-07-07 15:30:00 IST,1425.59,TIMEOUT_20D,-0.55,20,90.0,DOUBLE_BOTTOM,True,True,True,4.97,True,NONE
CARTRADE,2026-07-22 15:30:00 IST,BULL,2026-07-22 09:15:00 IST,1464.77,1392.53,1573.12,1609.25,1645.37,1681.49,2026-08-18 15:30:00 IST,1573.12,TARGET_1,1.5,20,83.0,DOUBLE_BOTTOM,True,True,True,4.93,True,NONE
CCL,2025-11-07 15:30:00 IST,BULL,2025-11-07 09:15:00 IST,1022.39,971.26,1099.08,1124.65,1150.21,1175.78,2025-12-01 15:30:00 IST,971.26,STOP_LOSS,-1.0,17,97.0,MULTI_MONTH_BASE_BREAKOUT,True,True,True,5.0,True,NONE
CCL,2026-01-09 15:30:00 IST,BEAR,2026-01-09 09:15:00 IST,939.86,897.06,1004.06,1025.46,1046.86,1068.26,2026-02-03 15:30:00 IST,1004.06,TARGET_1,1.5,17,95.0,SHAKEOUT_RECLAIM,True,True,True,4.55,True,NONE
CCL,2026-02-24 15:30:00 IST,BULL,2026-02-24 09:15:00 IST,1061.75,998.04,1157.32,1189.17,1221.03,1252.88,2026-03-01 15:30:00 IST,998.04,STOP_LOSS,-1.0,4,85.0,ASCENDING_TRIANGLE,True,True,True,6.0,True,NONE
CCL,2026-04-06 15:30:00 IST,BULL,2026-04-06 09:15:00 IST,1116.9,1075.54,1178.94,1199.62,1220.3,1240.98,2026-04-07 15:30:00 IST,1178.94,TARGET_1,1.5,2,90.0,MULTI_MONTH_BASE_BREAKOUT,True,True,True,3.7,True,NONE
CEINSYS,2026-08-13 15:30:00 IST,BEAR,2026-08-13 09:15:00 IST,795.0,747.3,866.55,890.4,914.25,938.1,2026-08-23 15:30:00 IST,747.3,STOP_LOSS,-1.0,7,90.0,SHAKEOUT_RECLAIM,True,True,True,6.0,True,NONE
CDSL,2025-10-27 15:30:00 IST,BULL,2025-10-27 09:15:00 IST,1621.71,1524.4,1767.67,1816.33,1864.98,1913.64,2025-11-03 15:30:00 IST,1524.4,STOP_LOSS,-1.0,6,86.0,SHAKEOUT_RECLAIM,True,True,True,6.0,True,NONE
CDSL,2026-02-04 15:30:00 IST,BEAR,2026-02-04 09:15:00 IST,1353.95,1272.71,1475.81,1516.43,1557.05,1597.67,2026-02-15 15:30:00 IST,1272.71,STOP_LOSS,-1.0,8,84.0,V_REVERSAL,True,True,True,6.0,True,NONE
CDSL,2026-04-08 15:30:00 IST,SIDEWAYS,2026-04-08 09:15:00 IST,1275.76,1199.22,1390.58,1428.84,1467.11,1505.38,2026-05-06 15:30:00 IST,1258.32,TIMEOUT_20D,-0.23,20,96.0,WYCKOFF_SPRING_TYPE_2,True,True,True,6.0,True,NONE
CDSL,2026-05-06 15:30:00 IST,SIDEWAYS,2026-05-06 09:15:00 IST,1271.2,1200.28,1377.59,1413.04,1448.5,1483.96,2026-05-11 15:30:00 IST,1200.28,STOP_LOSS,-1.0,4,83.0,DOUBLE_BOTTOM,True,True,True,5.58,True,NONE
CDSL,2026-06-19 15:30:00 IST,SIDEWAYS,2026-06-19 09:15:00 IST,1357.91,1276.44,1480.12,1520.85,1561.59,1602.32,2026-07-16 15:30:00 IST,1418.2,TIMEOUT_20D,0.74,20,81.0,V_REVERSAL,True,True,True,6.0,True,NONE
CDSL,2026-07-10 15:30:00 IST,BULL,2026-07-10 09:15:00 IST,1418.96,1342.65,1533.42,1571.58,1609.73,1647.89,2026-07-21 15:30:00 IST,1342.65,STOP_LOSS,-1.0,8,96.0,MULTI_MONTH_BASE_BREAKOUT,True,True,True,5.38,True,NONE
CDSL,2026-08-26 15:30:00 IST,BULL,2026-08-26 09:15:00 IST,1434.0,1347.96,1563.06,1606.08,1649.1,1692.12,2026-09-10 15:30:00 IST,1347.96,STOP_LOSS,-1.0,11,86.0,V_REVERSAL,True,True,True,6.0,True,NONE
CEATLTD,2025-10-20 15:30:00 IST,BULL,2025-10-20 09:15:00 IST,4203.9,3951.67,4582.24,4708.36,4834.47,4960.59,2025-10-28 15:30:00 IST,3951.67,STOP_LOSS,-1.0,6,91.0,V_REVERSAL,True,True,True,6.0,True,NONE
CEATLTD,2025-12-19 15:30:00 IST,SIDEWAYS,2025-12-19 09:15:00 IST,3931.7,3695.8,4285.55,4403.5,4521.45,4639.4,2025-12-29 15:30:00 IST,3695.8,STOP_LOSS,-1.0,6,91.0,V_REVERSAL,True,True,True,6.0,True,NONE
CEATLTD,2026-02-09 15:30:00 IST,BULL,2026-02-09 09:15:00 IST,4015.6,3831.55,4291.68,4383.7,4475.72,4567.75,2026-02-18 15:30:00 IST,3831.55,STOP_LOSS,-1.0,8,89.0,BULL_FLAG,True,True,True,4.58,True,NONE
CEATLTD,2026-03-11 15:30:00 IST,BEAR,2026-03-11 09:15:00 IST,3553.3,3340.1,3873.1,3979.7,4086.3,4192.9,2026-03-11 15:30:00 IST,3873.1,TARGET_1,1.5,1,81.0,BULL_PENNANT,True,True,True,6.0,True,NONE
CEATLTD,2026-04-20 15:30:00 IST,SIDEWAYS,2026-04-20 09:15:00 IST,3799.4,3593.04,4108.94,4212.12,4315.3,4418.48,2026-04-23 15:30:00 IST,3593.04,STOP_LOSS,-1.0,4,86.0,CUP_HANDLE,True,True,True,5.43,True,NONE
CEATLTD,2026-05-06 15:30:00 IST,BEAR,2026-05-06 09:15:00 IST,3357.3,3233.75,3542.63,3604.4,3666.18,3727.95,2026-05-11 15:30:00 IST,3233.75,STOP_LOSS,-1.0,4,88.0,SHAKEOUT_RECLAIM,True,True,True,3.68,True,NONE
CEATLTD,2026-06-12 15:30:00 IST,SIDEWAYS,2026-06-12 09:15:00 IST,3334.3,3134.24,3634.39,3734.42,3834.45,3934.48,2026-06-30 15:30:00 IST,3634.39,TARGET_1,1.5,13,92.0,V_REVERSAL,True,True,True,6.0,True,NONE
CELLO,2026-03-02 15:30:00 IST,BEAR,2026-03-02 09:15:00 IST,421.48,396.19,459.42,472.06,484.71,497.35,2026-03-08 15:30:00 IST,396.19,STOP_LOSS,-1.0,4,92.0,SHAKEOUT_RECLAIM,True,True,True,6.0,True,NONE
CELLO,2026-03-18 15:30:00 IST,BEAR,2026-03-18 09:15:00 IST,406.45,382.06,443.04,455.23,467.42,479.62,2026-03-29 15:30:00 IST,382.06,STOP_LOSS,-1.0,7,86.0,SHAKEOUT_RECLAIM,True,True,True,6.0,True,NONE
CELLO,2026-04-08 15:30:00 IST,SIDEWAYS,2026-04-08 09:15:00 IST,420.64,395.4,458.49,471.12,483.74,496.36,2026-05-07 15:30:00 IST,421.78,TIMEOUT_20D,0.05,20,99.0,WYCKOFF_SPRING_TYPE_2,True,True,True,6.0,True,NONE
CELLO,2026-08-05 15:30:00 IST,SIDEWAYS,2026-08-05 09:15:00 IST,398.95,375.01,434.86,446.83,458.8,470.77,2026-08-06 15:30:00 IST,375.01,STOP_LOSS,-1.0,2,89.0,DOUBLE_BOTTOM,True,True,True,6.0,True,NONE
CENTURYPLY,2025-12-10 15:30:00 IST,BULL,2025-12-10 09:15:00 IST,828.9,779.17,903.5,928.36,953.23,978.09,2026-01-07 15:30:00 IST,779.17,STOP_LOSS,-1.0,20,85.0,HIGHER_LOW_REVERSAL,True,True,True,6.0,True,NONE
CENTRALBK,2026-05-07 15:30:00 IST,BULL,2026-05-07 09:15:00 IST,36.64,35.03,39.05,39.86,40.66,41.47,2026-05-11 15:30:00 IST,35.03,STOP_LOSS,-1.0,3,86.0,DOUBLE_BOTTOM,True,True,True,4.39,True,NONE
CESC,2025-10-20 15:30:00 IST,BULL,2025-10-20 09:15:00 IST,173.31,166.72,183.19,186.49,189.79,193.08,2025-10-28 15:30:00 IST,183.19,TARGET_1,1.5,6,97.0,MULTI_MONTH_BASE_BREAKOUT,True,True,True,3.8,True,NONE
CESC,2026-04-16 15:30:00 IST,BULL,2026-04-16 09:15:00 IST,170.48,160.63,185.25,190.18,195.1,200.03,2026-04-26 15:30:00 IST,185.25,TARGET_1,1.5,7,93.0,MULTI_MONTH_BASE_BREAKOUT,True,True,True,5.78,True,NONE
CESC,2026-07-15 15:30:00 IST,BEAR,2026-07-15 09:15:00 IST,163.54,158.14,171.64,174.34,177.04,179.74,2026-07-22 15:30:00 IST,158.14,STOP_LOSS,-1.0,6,88.0,SHAKEOUT_RECLAIM,True,True,True,3.3,True,NONE
CESC,2026-08-17 15:30:00 IST,SIDEWAYS,2026-08-17 09:15:00 IST,164.14,156.54,175.54,179.34,183.14,186.94,2026-08-19 15:30:00 IST,156.54,STOP_LOSS,-1.0,3,90.0,DOUBLE_BOTTOM,True,True,True,4.63,True,NONE
CEMPRO,2025-02-26 15:30:00 IST,SIDEWAYS,2025-02-26 09:15:00 IST,610.89,581.83,654.49,669.01,683.54,698.07,2025-03-26 15:30:00 IST,634.56,TIMEOUT_20D,0.81,20,86.0,WYCKOFF_SPRING_TYPE_2,True,True,True,4.76,True,NONE
CEMPRO,2025-03-04 15:30:00 IST,SIDEWAYS,2025-03-04 09:15:00 IST,616.43,588.44,658.41,672.41,686.4,700.4,2025-04-01 15:30:00 IST,658.41,TARGET_1,1.5,20,86.0,DOUBLE_BOTTOM,True,True,True,4.54,True,NONE
CEMPRO,2025-05-02 15:30:00 IST,BULL,2025-05-02 09:15:00 IST,763.26,739.35,799.13,811.08,823.03,834.99,2025-05-15 15:30:00 IST,739.35,STOP_LOSS,-1.0,9,96.0,MULTI_MONTH_BASE_BREAKOUT,True,True,True,3.13,True,NONE
CEMPRO,2025-09-11 15:30:00 IST,BULL,2025-09-11 09:15:00 IST,812.1,787.7,848.69,860.9,873.1,885.3,2025-09-18 15:30:00 IST,848.69,TARGET_1,1.5,5,91.0,MULTI_MONTH_BASE_BREAKOUT,True,True,True,3.0,True,NONE
CEMPRO,2025-11-05 15:30:00 IST,SIDEWAYS,2025-11-05 09:15:00 IST,852.01,838.71,871.95,878.61,885.26,891.91,2025-11-06 15:30:00 IST,871.95,TARGET_1,1.5,1,90.0,WYCKOFF_SPRING_TYPE_2,True,True,True,1.56,True,NONE
CEMPRO,2026-04-10 15:30:00 IST,BULL,2026-04-10 09:15:00 IST,1054.43,1001.45,1133.9,1160.39,1186.88,1213.37,2026-05-08 15:30:00 IST,1042.63,TIMEOUT_20D,-0.22,20,85.0,V_REVERSAL,True,True,True,5.02,True,NONE
CGCL,2025-10-23 15:30:00 IST,BULL,2025-10-23 09:15:00 IST,199.56,192.45,210.22,213.78,217.34,220.89,2025-10-27 15:30:00 IST,210.22,TARGET_1,1.5,3,92.0,MULTI_MONTH_BASE_BREAKOUT,True,True,True,3.56,True,NONE
CGCL,2025-12-30 15:30:00 IST,BEAR,2025-12-30 09:15:00 IST,180.64,173.0,192.1,195.92,199.74,203.56,2026-01-20 15:30:00 IST,173.0,STOP_LOSS,-1.0,16,89.0,SHAKEOUT_RECLAIM,True,True,True,4.23,True,NONE
CGCL,2026-01-05 15:30:00 IST,SIDEWAYS,2026-01-05 09:15:00 IST,190.05,178.65,207.15,212.85,218.55,224.25,2026-01-15 15:30:00 IST,178.65,STOP_LOSS,-1.0,9,84.0,SHAKEOUT_RECLAIM,True,True,True,6.0,True,NONE
CGCL,2026-03-11 15:30:00 IST,SIDEWAYS,2026-03-11 09:15:00 IST,169.24,159.09,184.47,189.54,194.62,199.69,2026-03-22 15:30:00 IST,159.09,STOP_LOSS,-1.0,8,87.0,V_REVERSAL,True,True,True,6.0,True,NONE
CGCL,2026-05-04 15:30:00 IST,BULL,2026-05-04 09:15:00 IST,194.85,185.81,208.41,212.93,217.45,221.97,2026-05-11 15:30:00 IST,185.81,STOP_LOSS,-1.0,6,97.0,MULTI_MONTH_BASE_BREAKOUT,True,True,True,4.64,True,NONE
CGCL,2026-06-30 15:30:00 IST,BULL,2026-06-30 09:15:00 IST,227.66,214.17,247.9,254.64,261.38,268.13,2026-07-08 15:30:00 IST,247.9,TARGET_1,1.5,7,91.0,BULL_FLAG,True,True,True,5.93,True,NONE
CGCL,2026-08-24 15:30:00 IST,SIDEWAYS,2026-08-24 09:15:00 IST,234.15,220.1,255.22,262.25,269.28,276.3,2026-08-25 15:30:00 IST,255.22,TARGET_1,1.5,2,94.0,SHAKEOUT_RECLAIM,True,True,True,6.0,True,NONE
CGCL,2026-09-03 15:30:00 IST,BULL,2026-09-03 09:15:00 IST,271.5,256.59,293.87,301.32,308.78,316.23,2026-09-10 15:30:00 IST,,TIMEOUT_20D,,6,93.0,MULTI_MONTH_BASE_BREAKOUT,True,True,True,5.49,True,NONE
CERA,2025-03-31 15:30:00 IST,BULL,2025-03-31 09:15:00 IST,1823.97,1764.58,1913.07,1942.75,1972.45,2002.14,2025-04-07 15:30:00 IST,1764.58,STOP_LOSS,-1.0,5,89.0,MULTI_MONTH_BASE_BREAKOUT,True,True,True,3.26,True,NONE
CERA,2025-08-25 15:30:00 IST,BEAR,2025-08-25 09:15:00 IST,1875.22,1791.68,2000.54,2042.3,2084.07,2125.84,2025-09-22 15:30:00 IST,1922.58,TIMEOUT_20D,0.57,20,86.0,V_REVERSAL,True,True,True,4.46,True,NONE
CERA,2025-09-05 15:30:00 IST,SIDEWAYS,2025-09-05 09:15:00 IST,1903.17,1791.68,2070.42,2126.15,2181.89,2237.64,2025-10-03 15:30:00 IST,2018.15,TIMEOUT_20D,1.03,20,85.0,WYCKOFF_SPRING_TYPE_2,True,True,True,5.86,True,NONE
CERA,2025-10-23 15:30:00 IST,SIDEWAYS,2025-10-23 09:15:00 IST,1972.63,1931.64,2034.12,2054.61,2075.11,2095.6,2025-10-28 15:30:00 IST,1931.64,STOP_LOSS,-1.0,3,82.0,CUP_HANDLE,True,True,True,2.08,True,NONE
CERA,2026-02-18 15:30:00 IST,BEAR,2026-02-18 09:15:00 IST,2022.69,1922.32,2173.24,2223.43,2273.62,2323.8,2026-03-09 15:30:00 IST,2173.24,TARGET_1,1.5,13,82.0,V_REVERSAL,True,True,True,4.96,True,NONE
CERA,2026-03-27 15:30:00 IST,BULL,2026-03-27 09:15:00 IST,2327.74,2237.71,2462.78,2507.8,2552.81,2597.83,2026-04-21 15:30:00 IST,2462.78,TARGET_1,1.5,17,90.0,MULTI_MONTH_BASE_BREAKOUT,True,True,True,3.87,True,NONE
CERA,2026-07-22 15:30:00 IST,BULL,2026-07-22 09:15:00 IST,3074.78,2960.6,3246.05,3303.14,3360.23,3417.32,2026-07-28 15:30:00 IST,2960.6,STOP_LOSS,-1.0,4,92.0,BULL_FLAG,True,True,True,3.71,True,NONE
CGPOWER,2025-11-03 15:30:00 IST,SIDEWAYS,2025-11-03 09:15:00 IST,743.71,714.08,788.15,802.97,817.79,832.6,2025-11-20 15:30:00 IST,714.08,STOP_LOSS,-1.0,13,89.0,WYCKOFF_SPRING_TYPE_2,True,True,True,3.98,True,NONE
CGPOWER,2026-01-28 15:30:00 IST,BEAR,2026-01-28 09:15:00 IST,580.67,545.83,632.93,650.35,667.77,685.19,2026-02-02 15:30:00 IST,632.93,TARGET_1,1.5,4,93.0,SHAKEOUT_RECLAIM,True,True,True,6.0,True,NONE
CGPOWER,2026-04-15 15:30:00 IST,BULL,2026-04-15 09:15:00 IST,748.0,703.12,815.32,837.76,860.2,882.64,2026-04-20 15:30:00 IST,815.32,TARGET_1,1.5,4,84.0,BULL_FLAG,True,True,True,6.0,True,NONE
CGPOWER,2026-05-05 15:30:00 IST,BULL,2026-05-05 09:15:00 IST,826.9,777.29,901.32,926.12,950.92,975.73,2026-05-26 15:30:00 IST,901.32,TARGET_1,1.5,16,90.0,SHAKEOUT_RECLAIM,True,True,True,6.0,True,NONE
CGPOWER,2026-05-27 15:30:00 IST,BULL,2026-05-27 09:15:00 IST,934.8,878.71,1018.93,1046.98,1075.02,1103.07,2026-06-23 15:30:00 IST,919.45,TIMEOUT_20D,-0.27,20,92.0,V_REVERSAL,True,True,True,6.0,True,NONE
CGPOWER,2026-08-04 15:30:00 IST,BEAR,2026-08-04 09:15:00 IST,880.05,827.25,959.25,985.65,1012.05,1038.45,2026-08-31 15:30:00 IST,885.5,TIMEOUT_20D,0.1,20,87.0,SHAKEOUT_RECLAIM,True,True,True,6.0,True,NONE
CGPOWER,2026-08-27 15:30:00 IST,SIDEWAYS,2026-08-27 09:15:00 IST,897.9,855.9,960.9,981.9,1002.9,1023.9,2026-09-10 15:30:00 IST,909.0,TIMEOUT_20D,0.26,11,94.0,SHAKEOUT_RECLAIM,True,True,True,4.68,True,NONE
CHAMBLFERT,2025-03-06 15:30:00 IST,BULL,2025-03-06 09:15:00 IST,2419.51,2338.98,2540.31,2580.57,2620.84,2661.1,2025-03-31 15:30:00 IST,2540.31,TARGET_1,1.5,17,95.0,MULTI_MONTH_BASE_BREAKOUT,True,True,True,3.33,True,NONE
CHAMBLFERT,2025-05-08 15:30:00 IST,BULL,2025-05-08 09:15:00 IST,2695.1,2602.41,2834.14,2880.48,2926.82,2973.17,2025-05-29 15:30:00 IST,2602.41,STOP_LOSS,-1.0,15,90.0,MULTI_MONTH_BASE_BREAKOUT,True,True,True,3.44,True,NONE
CHAMBLFERT,2025-09-19 15:30:00 IST,BULL,2025-09-19 09:15:00 IST,2722.4,2672.15,2797.77,2822.9,2848.03,2873.15,2025-09-23 15:30:00 IST,2672.15,STOP_LOSS,-1.0,2,91.0,CUP_HANDLE,True,True,True,1.85,True,NONE
CHAMBLFERT,2025-12-19 15:30:00 IST,BULL,2025-12-19 09:15:00 IST,2778.0,2690.09,2909.86,2953.82,2997.77,3041.73,2026-01-02 15:30:00 IST,2690.09,STOP_LOSS,-1.0,10,86.0,CUP_HANDLE,True,True,True,3.16,True,NONE
CHALET,2025-05-26 15:30:00 IST,BULL,2025-05-26 09:15:00 IST,1249.09,1212.27,1304.32,1322.73,1341.14,1359.55,2025-05-30 15:30:00 IST,1212.27,STOP_LOSS,-1.0,4,92.0,BULL_FLAG,True,True,True,2.95,True,NONE
CHALET,2025-07-10 15:30:00 IST,BULL,2025-07-10 09:15:00 IST,1304.63,1261.91,1368.71,1390.07,1411.43,1432.79,2025-08-07 15:30:00 IST,1313.96,TIMEOUT_20D,0.22,20,96.0,MULTI_MONTH_BASE_BREAKOUT,True,True,True,3.27,True,NONE
CHALET,2026-02-16 15:30:00 IST,BULL,2026-02-16 09:15:00 IST,1225.83,1192.57,1275.73,1292.35,1308.98,1325.61,2026-02-25 15:30:00 IST,1275.73,TARGET_1,1.5,7,82.0,BULL_FLAG,True,True,True,2.71,True,NONE
CHALET,2026-03-03 15:30:00 IST,BULL,2026-03-03 09:15:00 IST,1298.94,1253.33,1367.35,1390.16,1412.97,1435.77,2026-03-31 15:30:00 IST,1350.46,TIMEOUT_20D,1.13,20,91.0,MULTI_MONTH_BASE_BREAKOUT,True,True,True,3.51,True,NONE
CHALET,2026-04-22 15:30:00 IST,BULL,2026-04-22 09:15:00 IST,1375.6,1341.27,1427.09,1444.26,1461.42,1478.59,2026-05-07 15:30:00 IST,1341.27,STOP_LOSS,-1.0,11,87.0,CUP_HANDLE,True,True,True,2.5,True,NONE
CHEMICAL.NS,2025-06-18 15:30:00 IST,BULL,2025-06-18 09:15:00 IST,2126.39,2031.58,2268.61,2316.01,2363.41,2410.82,2025-06-25 15:30:00 IST,2031.58,STOP_LOSS,-1.0,5,94.0,DOUBLE_BOTTOM,True,True,True,4.46,True,NONE
CHEMICAL.NS,2025-09-09 15:30:00 IST,BULL,2025-09-09 09:15:00 IST,2575.95,2421.39,2807.79,2885.07,2962.35,3039.63,2025-10-07 15:30:00 IST,2483.52,TIMEOUT_20D,-0.6,20,87.0,V_REVERSAL,True,True,True,6.0,True,NONE
CHEMICAL.NS,2025-12-29 15:30:00 IST,SIDEWAYS,2025-12-29 09:15:00 IST,2285.63,2173.62,2453.64,2509.65,2565.66,2621.66,2026-01-26 15:30:00 IST,2374.96,TIMEOUT_20D,0.8,20,85.0,WYCKOFF_SPRING_TYPE_2,True,True,True,4.9,True,NONE
CHEMICAL.NS,2026-03-16 15:30:00 IST,BULL,2026-03-16 09:15:00 IST,2615.12,2535.64,2734.35,2774.08,2813.82,2853.56,2026-04-07 15:30:00 IST,2734.35,TARGET_1,1.5,16,91.0,MULTI_MONTH_BASE_BREAKOUT,True,True,True,3.04,True,NONE
CHEMICAL.NS,2026-05-22 15:30:00 IST,SIDEWAYS,2026-05-22 09:15:00 IST,2807.76,2639.29,3060.46,3144.7,3228.94,3313.17,2026-05-24 15:30:00 IST,2639.29,STOP_LOSS,-1.0,1,95.0,WYCKOFF_SPRING_TYPE_2,True,True,True,6.0,True,NONE
CHEMICAL.NS,2026-06-04 15:30:00 IST,BULL,2026-06-04 09:15:00 IST,2952.9,2775.73,3218.66,3307.24,3395.83,3484.41,2026-06-04 15:30:00 IST,2775.73,STOP_LOSS,-1.0,1,100.0,SHAKEOUT_RECLAIM,True,True,True,6.0,True,NONE
CHEMICAL.NS,2026-06-22 15:30:00 IST,BULL,2026-06-22 09:15:00 IST,3204.61,3012.33,3493.02,3589.17,3685.31,3781.45,2026-06-22 15:30:00 IST,3012.33,STOP_LOSS,-1.0,1,96.0,DOUBLE_BOTTOM,True,True,True,6.0,True,NONE
CHEMICAL.NS,2026-07-03 15:30:00 IST,BULL,2026-07-03 09:15:00 IST,3230.34,3036.52,3521.06,3617.98,3714.89,3811.8,2026-07-05 15:30:00 IST,3036.52,STOP_LOSS,-1.0,1,97.0,DOUBLE_BOTTOM,True,True,True,6.0,True,NONE
CHEMICAL.NS,2026-07-16 15:30:00 IST,BEAR,2026-07-16 09:15:00 IST,30.38,28.86,32.66,33.42,34.18,34.94,2026-07-16 15:30:00 IST,32.66,TARGET_1,1.5,1,90.0,WYCKOFF_SPRING_TYPE_2,True,True,True,5.0,True,NONE
CHENNPETRO,2025-05-22 15:30:00 IST,BULL,2025-05-22 09:15:00 IST,798.25,778.73,827.54,837.29,847.05,856.81,2025-05-28 15:30:00 IST,827.54,TARGET_1,1.5,4,90.0,CUP_HANDLE,True,True,True,2.45,True,NONE
CHENNPETRO,2025-11-21 15:30:00 IST,BEAR,2025-11-21 09:15:00 IST,944.2,895.25,1017.63,1042.1,1066.58,1091.05,2025-12-10 15:30:00 IST,1017.63,TARGET_1,1.5,13,88.0,WYCKOFF_SPRING_TYPE_2,True,True,True,5.18,True,NONE
CHENNPETRO,2026-01-13 15:30:00 IST,BULL,2026-01-13 09:15:00 IST,1069.9,1046.73,1104.66,1116.24,1127.83,1139.41,2026-01-14 15:30:00 IST,1046.73,STOP_LOSS,-1.0,1,86.0,BULL_FLAG,True,True,True,2.17,True,NONE
CHENNPETRO,2026-03-25 15:30:00 IST,BULL,2026-03-25 09:15:00 IST,1167.45,1132.0,1220.62,1238.35,1256.08,1273.8,2026-04-20 15:30:00 IST,1220.62,TARGET_1,1.5,18,92.0,MULTI_MONTH_BASE_BREAKOUT,True,True,True,3.04,True,NONE
CHENNPETRO,2026-04-02 15:30:00 IST,BULL,2026-04-02 09:15:00 IST,1203.31,1166.36,1258.74,1277.21,1295.68,1314.16,2026-04-07 15:30:00 IST,1166.36,STOP_LOSS,-1.0,3,81.0,CUP_HANDLE,True,True,True,3.07,True,NONE
CHENNPETRO,2026-04-08 15:30:00 IST,BULL,2026-04-08 09:15:00 IST,1184.46,1158.33,1223.67,1236.72,1249.79,1262.85,2026-04-14 15:30:00 IST,1158.33,STOP_LOSS,-1.0,4,86.0,CUP_HANDLE,True,True,True,2.21,True,NONE
CHENNPETRO,2026-07-20 15:30:00 IST,BULL,2026-07-20 09:15:00 IST,1215.52,1175.89,1274.97,1294.78,1314.59,1334.41,2026-08-13 15:30:00 IST,1274.97,TARGET_1,1.5,18,91.0,MULTI_MONTH_BASE_BREAKOUT,True,True,True,3.26,True,NONE
CHOICEIN,2025-10-31 15:30:00 IST,BULL,2025-10-31 09:15:00 IST,836.6,796.85,896.22,916.1,935.98,955.85,2025-11-05 15:30:00 IST,796.85,STOP_LOSS,-1.0,3,94.0,HIGHER_LOW_REVERSAL,True,True,True,4.75,True,NONE
CHOICEIN,2025-12-12 15:30:00 IST,BEAR,2025-12-12 09:15:00 IST,747.7,702.84,814.99,837.42,859.85,882.28,2025-12-23 15:30:00 IST,814.99,TARGET_1,1.5,8,88.0,SHAKEOUT_RECLAIM,True,True,True,6.0,True,NONE
CHOICEIN,2026-02-18 15:30:00 IST,SIDEWAYS,2026-02-18 09:15:00 IST,795.4,747.68,866.98,890.84,914.7,938.56,2026-02-25 15:30:00 IST,747.68,STOP_LOSS,-1.0,6,96.0,WYCKOFF_SPRING_TYPE_2,True,True,True,6.0,True,NONE
CHOICEIN,2026-03-24 15:30:00 IST,BEAR,2026-03-24 09:15:00 IST,620.35,583.13,676.18,694.79,713.4,732.01,2026-04-07 15:30:00 IST,676.18,TARGET_1,1.5,8,93.0,SHAKEOUT_RECLAIM,True,True,True,6.0,True,NONE
CHOICEIN,2026-06-03 15:30:00 IST,BULL,2026-06-03 09:15:00 IST,679.4,648.29,726.07,741.62,757.17,772.73,2026-06-07 15:30:00 IST,648.29,STOP_LOSS,-1.0,3,90.0,SHAKEOUT_RECLAIM,True,True,True,4.58,True,NONE
CHOICEIN,2026-06-11 15:30:00 IST,BEAR,2026-06-11 09:15:00 IST,656.1,628.89,696.91,710.52,724.13,737.73,2026-06-14 15:30:00 IST,696.91,TARGET_1,1.5,2,84.0,SHAKEOUT_RECLAIM,True,True,True,4.15,True,NONE
CHOICEIN,2026-07-03 15:30:00 IST,BULL,2026-07-03 09:15:00 IST,800.05,767.27,849.22,865.61,882.0,898.39,2026-07-07 15:30:00 IST,767.27,STOP_LOSS,-1.0,3,94.0,MULTI_MONTH_BASE_BREAKOUT,True,True,True,4.1,True,NONE
CHOICEIN,2026-07-09 15:30:00 IST,BULL,2026-07-09 09:15:00 IST,830.45,781.92,903.25,927.51,951.78,976.04,2026-08-05 15:30:00 IST,833.2,TIMEOUT_20D,0.06,20,98.0,MULTI_MONTH_BASE_BREAKOUT,True,True,True,5.84,True,NONE
CIEINDIA,2026-01-01 15:30:00 IST,SIDEWAYS,2026-01-01 09:15:00 IST,427.9,402.22,466.42,479.26,492.1,504.94,2026-01-07 15:30:00 IST,402.22,STOP_LOSS,-1.0,5,88.0,V_REVERSAL,True,True,True,6.0,True,NONE
CIEINDIA,2026-02-10 15:30:00 IST,BULL,2026-02-10 09:15:00 IST,449.73,422.75,490.21,503.69,517.18,530.67,2026-02-22 15:30:00 IST,490.21,TARGET_1,1.5,9,90.0,BULL_FLAG,True,True,True,6.0,True,NONE
CIEINDIA,2026-02-17 15:30:00 IST,BULL,2026-02-17 09:15:00 IST,455.65,436.21,484.81,494.53,504.25,513.97,2026-02-22 15:30:00 IST,484.81,TARGET_1,1.5,4,87.0,CUP_HANDLE,True,True,True,4.27,True,NONE
CHOLAFIN,2025-11-07 15:30:00 IST,BULL,2025-11-07 09:15:00 IST,1701.96,1643.26,1790.01,1819.36,1848.71,1878.06,2025-12-04 15:30:00 IST,1728.43,TIMEOUT_20D,0.45,20,81.0,CUP_HANDLE,True,True,True,3.45,True,NONE
CHOLAFIN,2026-02-24 15:30:00 IST,BULL,2026-02-24 09:15:00 IST,1734.42,1653.04,1856.49,1897.18,1937.87,1978.56,2026-02-25 15:30:00 IST,1653.04,STOP_LOSS,-1.0,2,88.0,CUP_HANDLE,True,True,True,4.69,True,NONE
CHOLAFIN,2026-04-06 15:30:00 IST,BEAR,2026-04-06 09:15:00 IST,1392.65,1309.09,1518.0,1559.77,1601.55,1643.33,2026-04-07 15:30:00 IST,1518.0,TARGET_1,1.5,2,89.0,SHAKEOUT_RECLAIM,True,True,True,6.0,True,NONE
CHOLAFIN,2026-04-30 15:30:00 IST,SIDEWAYS,2026-04-30 09:15:00 IST,1562.29,1493.9,1664.87,1699.07,1733.26,1767.46,2026-05-04 15:30:00 IST,1664.87,TARGET_1,1.5,3,90.0,V_REVERSAL,True,True,True,4.38,True,NONE
CHOLAFIN,2026-06-12 15:30:00 IST,SIDEWAYS,2026-06-12 09:15:00 IST,1567.48,1473.44,1708.55,1755.56,1802.58,1849.6,2026-06-21 15:30:00 IST,1708.55,TARGET_1,1.5,6,98.0,WYCKOFF_SPRING_TYPE_2,True,True,True,6.0,True,NONE
CHOLAFIN,2026-06-24 15:30:00 IST,BULL,2026-06-24 09:15:00 IST,1792.2,1684.66,1953.5,2007.28,2061.05,2114.82,2026-07-21 15:30:00 IST,1728.0,TIMEOUT_20D,-0.6,20,85.0,BULL_FLAG,True,True,True,6.0,True,NONE
CHOLAFIN,2026-07-06 15:30:00 IST,BULL,2026-07-06 09:15:00 IST,1849.77,1755.29,1991.5,2038.73,2085.97,2133.21,2026-07-08 15:30:00 IST,1755.29,STOP_LOSS,-1.0,3,92.0,BULL_FLAG,True,True,True,5.11,True,NONE
CHOLAFIN,2026-08-06 15:30:00 IST,BULL,2026-08-06 09:15:00 IST,1940.0,1850.1,2074.85,2119.8,2164.75,2209.7,2026-08-23 15:30:00 IST,1850.1,STOP_LOSS,-1.0,12,89.0,BULL_FLAG,True,True,True,4.63,True,NONE
CHOLAHLDNG,2025-10-24 15:30:00 IST,BULL,2025-10-24 09:15:00 IST,2012.7,1891.94,2193.84,2254.22,2314.6,2374.98,2025-11-06 15:30:00 IST,1891.94,STOP_LOSS,-1.0,9,88.0,V_REVERSAL,True,True,True,6.0,True,NONE
CHOLAHLDNG,2026-01-01 15:30:00 IST,SIDEWAYS,2026-01-01 09:15:00 IST,1878.6,1776.08,2032.38,2083.64,2134.9,2186.16,2026-01-15 15:30:00 IST,1776.08,STOP_LOSS,-1.0,11,93.0,WYCKOFF_SPRING_TYPE_2,True,True,True,5.46,True,NONE
CHOLAHLDNG,2026-02-26 15:30:00 IST,BEAR,2026-02-26 09:15:00 IST,1685.3,1610.41,1797.64,1835.08,1872.52,1909.97,2026-03-01 15:30:00 IST,1610.41,STOP_LOSS,-1.0,2,88.0,SHAKEOUT_RECLAIM,True,True,True,4.44,True,NONE
CHOLAHLDNG,2026-04-08 15:30:00 IST,SIDEWAYS,2026-04-08 09:15:00 IST,1633.8,1535.77,1780.85,1829.86,1878.88,1927.89,2026-04-12 15:30:00 IST,1535.77,STOP_LOSS,-1.0,3,91.0,SHAKEOUT_RECLAIM,True,True,True,6.0,True,NONE
CHOLAHLDNG,2026-06-12 15:30:00 IST,BEAR,2026-06-12 09:15:00 IST,1524.2,1432.75,1661.37,1707.1,1752.83,1798.55,2026-06-24 15:30:00 IST,1661.37,TARGET_1,1.5,9,89.0,SHAKEOUT_RECLAIM,True,True,True,6.0,True,NONE
CLEAN,2025-11-24 15:30:00 IST,BEAR,2025-11-24 09:15:00 IST,952.04,901.43,1027.96,1053.26,1078.57,1103.87,2025-12-01 15:30:00 IST,901.43,STOP_LOSS,-1.0,6,92.0,SHAKEOUT_RECLAIM,True,True,True,5.32,True,NONE
CLEAN,2026-04-08 15:30:00 IST,SIDEWAYS,2026-04-08 09:15:00 IST,731.85,687.94,797.71,819.67,841.62,863.58,2026-04-22 15:30:00 IST,797.71,TARGET_1,1.5,10,92.0,WYCKOFF_SPRING_TYPE_2,True,True,True,6.0,True,NONE
CLEAN,2026-07-21 15:30:00 IST,BEAR,2026-07-21 09:15:00 IST,756.55,711.92,823.49,845.81,868.12,890.44,2026-08-12 15:30:00 IST,823.49,TARGET_1,1.5,17,87.0,SHAKEOUT_RECLAIM,True,True,True,5.9,True,NONE
CLEAN,2026-08-13 15:30:00 IST,BULL,2026-08-13 09:15:00 IST,836.35,787.69,909.34,933.67,958.0,982.33,2026-09-10 15:30:00 IST,842.05,TIMEOUT_20D,0.12,20,87.0,CUP_HANDLE,True,True,True,5.82,True,NONE
COALINDIA,2025-12-23 15:30:00 IST,BULL,2025-12-23 09:15:00 IST,395.18,371.55,430.61,442.44,454.25,466.07,2026-01-04 15:30:00 IST,430.61,TARGET_1,1.5,8,92.0,HIGHER_LOW_REVERSAL,True,True,True,5.98,True,NONE
COALINDIA,2026-01-02 15:30:00 IST,BULL,2026-01-02 09:15:00 IST,422.32,396.98,460.32,473.0,485.67,498.34,2026-02-01 15:30:00 IST,417.97,TIMEOUT_20D,-0.17,20,92.0,HIGHER_LOW_REVERSAL,True,True,True,6.0,True,NONE
COALINDIA,2026-01-28 15:30:00 IST,BULL,2026-01-28 09:15:00 IST,438.26,423.15,460.92,468.48,476.04,483.59,2026-02-01 15:30:00 IST,423.15,STOP_LOSS,-1.0,3,94.0,MULTI_MONTH_BASE_BREAKOUT,True,True,True,3.45,True,NONE
COALINDIA,2026-03-04 15:30:00 IST,BULL,2026-03-04 09:15:00 IST,435.15,409.04,474.31,487.37,500.42,513.48,2026-03-12 15:30:00 IST,474.31,TARGET_1,1.5,7,90.0,WYCKOFF_SPRING_TYPE_2,True,True,True,6.0,True,NONE
COALINDIA,2026-03-12 15:30:00 IST,BULL,2026-03-12 09:15:00 IST,470.1,444.75,508.13,520.8,533.48,546.15,2026-03-23 15:30:00 IST,444.75,STOP_LOSS,-1.0,8,95.0,MULTI_MONTH_BASE_BREAKOUT,True,True,True,5.39,True,NONE
COALINDIA,2026-05-27 15:30:00 IST,BULL,2026-05-27 09:15:00 IST,463.05,450.44,481.96,488.27,494.58,500.88,2026-06-03 15:30:00 IST,481.96,TARGET_1,1.5,6,92.0,CUP_HANDLE,True,True,True,2.72,True,NONE
COALINDIA,2026-06-29 15:30:00 IST,BEAR,2026-06-29 09:15:00 IST,444.85,429.84,467.37,474.87,482.38,489.88,2026-07-06 15:30:00 IST,429.84,STOP_LOSS,-1.0,6,93.0,SHAKEOUT_RECLAIM,True,True,True,3.37,True,NONE
COALINDIA,2026-07-30 15:30:00 IST,BEAR,2026-07-30 09:15:00 IST,411.7,398.89,430.92,437.32,443.73,450.13,2026-08-18 15:30:00 IST,398.89,STOP_LOSS,-1.0,14,95.0,SHAKEOUT_RECLAIM,True,True,True,3.11,True,NONE
CIPLA,2025-02-06 15:30:00 IST,SIDEWAYS,2025-02-06 09:15:00 IST,1442.41,1355.87,1572.23,1615.49,1658.76,1702.03,2025-03-06 15:30:00 IST,1429.62,TIMEOUT_20D,-0.15,20,90.0,WYCKOFF_SPRING_TYPE_2,True,True,True,6.0,True,NONE
CIPLA,2025-07-25 15:30:00 IST,BULL,2025-07-25 09:15:00 IST,1518.26,1465.5,1597.39,1623.78,1650.16,1676.54,2025-08-05 15:30:00 IST,1465.5,STOP_LOSS,-1.0,8,90.0,MULTI_MONTH_BASE_BREAKOUT,True,True,True,3.47,True,NONE
CIPLA,2025-10-20 15:30:00 IST,BULL,2025-10-20 09:15:00 IST,1623.87,1526.43,1770.02,1818.75,1867.47,1916.19,2025-10-29 15:30:00 IST,1526.43,STOP_LOSS,-1.0,7,92.0,V_REVERSAL,True,True,True,6.0,True,NONE
CIPLA,2026-04-23 15:30:00 IST,SIDEWAYS,2026-04-23 09:15:00 IST,1293.76,1216.14,1410.2,1449.0,1487.81,1526.62,2026-05-13 15:30:00 IST,1410.2,TARGET_1,1.5,15,94.0,WYCKOFF_SPRING_TYPE_2,True,True,True,6.0,True,NONE
CIPLA,2026-05-14 15:30:00 IST,BULL,2026-05-14 09:15:00 IST,1423.35,1337.95,1551.44,1594.15,1636.85,1679.55,2026-06-10 15:30:00 IST,1383.3,TIMEOUT_20D,-0.47,20,93.0,MULTI_MONTH_BASE_BREAKOUT,True,True,True,6.0,True,NONE
COCHINSHIP,2025-12-22 15:30:00 IST,SIDEWAYS,2025-12-22 09:15:00 IST,1662.44,1562.7,1812.06,1861.92,1911.79,1961.66,2026-01-08 15:30:00 IST,1562.7,STOP_LOSS,-1.0,13,90.0,BULL_PENNANT,True,True,True,6.0,True,NONE
COCHINSHIP,2026-04-01 15:30:00 IST,BEAR,2026-04-01 09:15:00 IST,1338.6,1258.28,1459.08,1499.24,1539.4,1579.56,2026-04-09 15:30:00 IST,1459.08,TARGET_1,1.5,6,90.0,SHAKEOUT_RECLAIM,True,True,True,6.0,True,NONE
COCHINSHIP,2026-04-17 15:30:00 IST,SIDEWAYS,2026-04-17 09:15:00 IST,1561.1,1467.43,1701.6,1748.44,1795.27,1842.11,2026-04-23 15:30:00 IST,1701.6,TARGET_1,1.5,5,89.0,CUP_HANDLE,True,True,True,6.0,True,NONE
COCHINSHIP,2026-06-17 15:30:00 IST,SIDEWAYS,2026-06-17 09:15:00 IST,1500.2,1410.19,1635.21,1680.22,1725.22,1770.23,2026-07-07 15:30:00 IST,1410.19,STOP_LOSS,-1.0,15,91.0,BULL_PENNANT,True,True,True,6.0,True,NONE
COCHINSHIP,2026-06-30 15:30:00 IST,SIDEWAYS,2026-06-30 09:15:00 IST,1507.9,1417.43,1643.61,1688.84,1734.08,1779.31,2026-07-07 15:30:00 IST,1417.43,STOP_LOSS,-1.0,6,93.0,WYCKOFF_SPRING_TYPE_2,True,True,True,6.0,True,NONE
COCHINSHIP,2026-08-06 15:30:00 IST,SIDEWAYS,2026-08-06 09:15:00 IST,1490.0,1400.6,1624.1,1668.8,1713.5,1758.2,2026-09-02 15:30:00 IST,1487.0,TIMEOUT_20D,-0.03,20,93.0,WYCKOFF_SPRING_TYPE_2,True,True,True,6.0,True,NONE
COFORGE,2025-11-11 15:30:00 IST,BULL,2025-11-11 09:15:00 IST,1792.82,1702.36,1928.5,1973.74,2018.97,2064.2,2025-11-30 15:30:00 IST,1928.5,TARGET_1,1.5,14,85.0,CUP_HANDLE,True,True,True,5.05,True,NONE
COFORGE,2025-11-19 15:30:00 IST,BULL,2025-11-19 09:15:00 IST,1853.77,1743.06,2019.84,2075.19,2130.55,2185.9,2025-12-16 15:30:00 IST,1840.3,TIMEOUT_20D,-0.12,20,85.0,CUP_HANDLE,True,True,True,5.97,True,NONE
COFORGE,2026-03-18 15:30:00 IST,BEAR,2026-03-18 09:15:00 IST,1132.0,1064.08,1233.88,1267.84,1301.8,1335.76,2026-04-01 15:30:00 IST,1233.88,TARGET_1,1.5,9,86.0,SHAKEOUT_RECLAIM,True,True,True,6.0,True,NONE
COFORGE,2026-04-02 15:30:00 IST,SIDEWAYS,2026-04-02 09:15:00 IST,1213.4,1140.6,1322.6,1359.0,1395.4,1431.8,2026-04-15 15:30:00 IST,1322.6,TARGET_1,1.5,8,88.0,HIGHER_LOW_REVERSAL,True,True,True,6.0,True,NONE
COFORGE,2026-06-18 15:30:00 IST,BULL,2026-06-18 09:15:00 IST,1483.0,1394.02,1616.47,1660.96,1705.45,1749.94,2026-06-30 15:30:00 IST,1394.02,STOP_LOSS,-1.0,9,81.0,V_REVERSAL,True,True,True,6.0,True,NONE
COFORGE,2026-07-28 15:30:00 IST,BULL,2026-07-28 09:15:00 IST,1678.23,1577.54,1829.26,1879.61,1929.96,1980.3,2026-08-10 15:30:00 IST,1829.26,TARGET_1,1.5,10,94.0,DOUBLE_BOTTOM,True,True,True,6.0,True,NONE
COFORGE,2026-08-28 15:30:00 IST,BULL,2026-08-28 09:15:00 IST,2014.6,1893.72,2195.92,2256.36,2316.8,2377.24,2026-09-08 15:30:00 IST,1893.72,STOP_LOSS,-1.0,8,92.0,V_REVERSAL,True,True,True,6.0,True,NONE
CMSINFO,2025-09-04 15:30:00 IST,BULL,2025-09-04 09:15:00 IST,1008.83,969.7,1067.54,1087.09,1106.65,1126.22,2025-09-16 15:30:00 IST,1067.54,TARGET_1,1.5,8,94.0,MULTI_MONTH_BASE_BREAKOUT,True,True,True,3.88,True,NONE
COLPAL,2026-01-12 15:30:00 IST,SIDEWAYS,2026-01-12 09:15:00 IST,2072.07,1999.27,2181.28,2217.67,2254.07,2290.47,2026-01-18 15:30:00 IST,2181.28,TARGET_1,1.5,5,85.0,V_REVERSAL,True,True,True,3.51,True,NONE
COLPAL,2026-04-17 15:30:00 IST,SIDEWAYS,2026-04-17 09:15:00 IST,2081.46,1956.58,2268.79,2331.22,2393.66,2456.1,2026-05-14 15:30:00 IST,2134.83,TIMEOUT_20D,0.43,20,91.0,BULL_FLAG,True,True,True,6.0,True,NONE
COLPAL,2026-06-16 15:30:00 IST,SIDEWAYS,2026-06-16 09:15:00 IST,2096.9,1971.09,2285.61,2348.52,2411.43,2474.33,2026-06-23 15:30:00 IST,1971.09,STOP_LOSS,-1.0,6,83.0,WYCKOFF_SPRING_TYPE_2,True,True,True,6.0,True,NONE
COLPAL,2026-08-31 15:30:00 IST,BEAR,2026-08-31 09:15:00 IST,1897.6,1794.68,2051.98,2103.44,2154.9,2206.36,2026-09-08 15:30:00 IST,1794.68,STOP_LOSS,-1.0,7,95.0,SHAKEOUT_RECLAIM,True,True,True,5.42,True,NONE
CONCOR,2025-11-18 15:30:00 IST,BEAR,2025-11-18 09:15:00 IST,514.93,501.96,534.39,540.87,547.35,553.84,2025-11-30 15:30:00 IST,501.96,STOP_LOSS,-1.0,9,92.0,SHAKEOUT_RECLAIM,True,True,True,2.52,True,NONE
CONCOR,2025-12-26 15:30:00 IST,SIDEWAYS,2025-12-26 09:15:00 IST,515.25,494.5,546.38,556.75,567.12,577.5,2026-01-19 15:30:00 IST,494.5,STOP_LOSS,-1.0,17,85.0,BULL_FLAG,True,True,True,4.03,True,NONE
CONCOR,2026-03-05 15:30:00 IST,BEAR,2026-03-05 09:15:00 IST,478.49,455.51,512.95,524.45,535.94,547.43,2026-03-12 15:30:00 IST,455.51,STOP_LOSS,-1.0,6,86.0,SHAKEOUT_RECLAIM,True,True,True,4.8,True,NONE
CONCOR,2026-07-03 15:30:00 IST,SIDEWAYS,2026-07-03 09:15:00 IST,486.71,461.71,524.22,536.71,549.21,561.71,2026-07-07 15:30:00 IST,461.71,STOP_LOSS,-1.0,3,88.0,BULL_FLAG,True,True,True,5.14,True,NONE
CONCOR,2026-07-14 15:30:00 IST,SIDEWAYS,2026-07-14 09:15:00 IST,491.65,469.97,524.16,535.01,545.85,556.69,2026-07-26 15:30:00 IST,469.97,STOP_LOSS,-1.0,9,96.0,DOUBLE_BOTTOM,True,True,True,4.41,True,NONE
CONCOR,2026-07-27 15:30:00 IST,BULL,2026-07-27 09:15:00 IST,508.94,480.46,551.67,565.9,580.14,594.38,2026-08-23 15:30:00 IST,516.4,TIMEOUT_20D,0.26,20,94.0,HIGHER_LOW_REVERSAL,True,True,True,5.6,True,NONE
CONCOR,2026-08-13 15:30:00 IST,BULL,2026-08-13 09:15:00 IST,533.65,514.18,562.86,572.59,582.33,592.06,2026-08-18 15:30:00 IST,514.18,STOP_LOSS,-1.0,4,95.0,MULTI_MONTH_BASE_BREAKOUT,True,True,True,3.65,True,NONE
CONSUMBEES.NS,2026-07-06 15:30:00 IST,BULL,2026-07-06 09:15:00 IST,131.94,127.75,138.23,140.32,142.41,144.51,2026-08-02 15:30:00 IST,135.2,TIMEOUT_20D,0.78,20,92.0,MULTI_MONTH_BASE_BREAKOUT,True,True,True,3.18,True,NONE
COHANCE,2025-05-15 15:30:00 IST,BULL,2025-05-15 09:15:00 IST,1552.24,1497.73,1634.0,1661.26,1688.51,1715.77,2025-06-12 15:30:00 IST,1557.19,TIMEOUT_20D,0.09,20,93.0,WYCKOFF_SPRING_TYPE_2,True,True,True,3.51,True,NONE
COHANCE,2025-07-14 15:30:00 IST,BEAR,2025-07-14 09:15:00 IST,1504.14,1467.5,1559.1,1577.42,1595.74,1614.06,2025-07-17 15:30:00 IST,1467.5,STOP_LOSS,-1.0,3,87.0,WYCKOFF_SPRING_TYPE_2,True,True,True,2.44,True,NONE
COHANCE,2026-01-05 15:30:00 IST,BULL,2026-01-05 09:15:00 IST,2016.37,1962.59,2097.05,2123.93,2150.82,2177.71,2026-01-07 15:30:00 IST,2097.05,TARGET_1,1.5,2,85.0,CUP_HANDLE,True,True,True,2.67,True,NONE
COROMANDEL,2025-10-27 15:30:00 IST,SIDEWAYS,2025-10-27 09:15:00 IST,2233.81,2114.12,2413.35,2473.19,2533.03,2592.88,2025-10-30 15:30:00 IST,2114.12,STOP_LOSS,-1.0,4,89.0,SHAKEOUT_RECLAIM,True,True,True,5.36,True,NONE
COROMANDEL,2026-04-07 15:30:00 IST,SIDEWAYS,2026-04-07 09:15:00 IST,2008.94,1888.41,2189.75,2250.0,2310.26,2370.53,2026-04-09 15:30:00 IST,2189.75,TARGET_1,1.5,3,91.0,SHAKEOUT_RECLAIM,True,True,True,6.0,True,NONE
COROMANDEL,2026-06-10 15:30:00 IST,SIDEWAYS,2026-06-10 09:15:00 IST,1878.87,1766.14,2047.97,2104.33,2160.69,2217.06,2026-06-15 15:30:00 IST,2047.97,TARGET_1,1.5,4,88.0,BULL_PENNANT,True,True,True,6.0,True,NONE
COROMANDEL,2026-06-30 15:30:00 IST,BULL,2026-06-30 09:15:00 IST,2003.05,1882.87,2183.32,2243.41,2303.5,2363.59,2026-07-27 15:30:00 IST,2026.8,TIMEOUT_20D,0.2,20,87.0,SHAKEOUT_RECLAIM,True,True,True,6.0,True,NONE
CORONA,2026-03-16 15:30:00 IST,SIDEWAYS,2026-03-16 09:15:00 IST,1546.23,1471.3,1658.63,1696.09,1733.56,1771.02,2026-04-05 15:30:00 IST,1471.3,STOP_LOSS,-1.0,12,89.0,DOUBLE_BOTTOM,True,True,True,4.85,True,NONE
CORONA,2026-04-20 15:30:00 IST,BULL,2026-04-20 09:15:00 IST,1689.05,1587.71,1841.06,1891.73,1942.4,1993.07,2026-04-20 15:30:00 IST,1587.71,STOP_LOSS,-1.0,1,88.0,V_REVERSAL,True,True,True,6.0,True,NONE
CORONA,2026-05-13 15:30:00 IST,BULL,2026-05-13 09:15:00 IST,1697.9,1596.03,1850.71,1901.64,1952.58,2003.51,2026-05-18 15:30:00 IST,1850.71,TARGET_1,1.5,4,91.0,CUP_HANDLE,True,True,True,6.0,True,NONE
CORONA,2026-06-29 15:30:00 IST,BULL,2026-06-29 09:15:00 IST,1968.8,1850.67,2146.0,2205.06,2264.12,2323.19,2026-07-26 15:30:00 IST,2098.2,TIMEOUT_20D,1.1,20,93.0,SHAKEOUT_RECLAIM,True,True,True,6.0,True,NONE
CONCORDBIO,2025-05-27 15:30:00 IST,SIDEWAYS,2025-05-27 09:15:00 IST,1765.87,1698.52,1866.89,1900.57,1934.24,1967.92,2025-06-03 15:30:00 IST,1698.52,STOP_LOSS,-1.0,5,77.0,V_REVERSAL,True,True,True,3.81,True,NONE
CONCORDBIO,2025-07-31 15:30:00 IST,BULL,2025-07-31 09:15:00 IST,1772.66,1666.3,1932.21,1985.38,2038.56,2091.74,2025-08-28 15:30:00 IST,1932.21,TARGET_1,1.5,20,82.0,V_REVERSAL,True,True,True,6.0,True,NONE
CONCORDBIO,2025-08-18 15:30:00 IST,BULL,2025-08-18 09:15:00 IST,1845.83,1769.64,1960.12,1998.21,2036.3,2074.4,2025-09-05 15:30:00 IST,1960.12,TARGET_1,1.5,14,94.0,MULTI_MONTH_BASE_BREAKOUT,True,True,True,4.13,True,NONE
CONCORDBIO,2025-12-30 15:30:00 IST,BEAR,2025-12-30 09:15:00 IST,2201.01,2136.85,2297.25,2329.33,2361.41,2393.49,2026-01-07 15:30:00 IST,2297.25,TARGET_1,1.5,6,90.0,WYCKOFF_SPRING_TYPE_2,True,True,True,2.91,True,NONE
CONCORDBIO,2026-02-23 15:30:00 IST,BULL,2026-02-23 09:15:00 IST,2326.44,2278.96,2397.66,2421.4,2445.14,2468.88,2026-03-05 15:30:00 IST,2278.96,STOP_LOSS,-1.0,8,85.0,CUP_HANDLE,True,True,True,2.04,True,NONE
CONCORDBIO,2026-04-13 15:30:00 IST,SIDEWAYS,2026-04-13 09:15:00 IST,2244.4,2171.55,2353.67,2390.1,2426.52,2462.95,2026-04-16 15:30:00 IST,2171.55,STOP_LOSS,-1.0,3,79.0,V_REVERSAL,True,True,True,3.25,True,NONE
CRAFTSMAN,2025-12-26 15:30:00 IST,BULL,2025-12-26 09:15:00 IST,7370.51,7148.42,7703.63,7814.69,7925.74,8036.78,2025-12-28 15:30:00 IST,7148.42,STOP_LOSS,-1.0,1,97.0,MULTI_MONTH_BASE_BREAKOUT,True,True,True,3.01,True,NONE
CRAFTSMAN,2026-02-11 15:30:00 IST,BULL,2026-02-11 09:15:00 IST,8109.1,7622.56,8838.92,9082.18,9325.45,9568.72,2026-02-24 15:30:00 IST,7622.56,STOP_LOSS,-1.0,10,93.0,SHAKEOUT_RECLAIM,True,True,True,6.0,True,NONE
CRAFTSMAN,2026-05-07 15:30:00 IST,BULL,2026-05-07 09:15:00 IST,8626.47,8108.89,9402.85,9661.63,9920.42,10179.21,2026-05-07 15:30:00 IST,9402.85,TARGET_1,1.5,1,93.0,BULL_FLAG,True,True,True,6.0,True,NONE
CRAFTSMAN,2026-07-29 15:30:00 IST,BULL,2026-07-29 09:15:00 IST,9913.0,9318.22,10805.17,11102.56,11399.95,11697.34,2026-08-17 15:30:00 IST,10805.17,TARGET_1,1.5,14,91.0,SHAKEOUT_RECLAIM,True,True,True,6.0,True,NONE
CRISIL,2025-10-20 15:30:00 IST,SIDEWAYS,2025-10-20 09:15:00 IST,4850.95,4559.89,5287.54,5433.07,5578.6,5724.13,2025-11-12 15:30:00 IST,4559.89,STOP_LOSS,-1.0,16,91.0,BULL_FLAG,True,True,True,6.0,True,NONE
CRISIL,2026-04-06 15:30:00 IST,BEAR,2026-04-06 09:15:00 IST,3800.71,3659.97,4011.83,4082.19,4152.56,4222.93,2026-04-08 15:30:00 IST,4011.83,TARGET_1,1.5,3,92.0,SHAKEOUT_RECLAIM,True,True,True,3.7,True,NONE
CRISIL,2026-04-17 15:30:00 IST,SIDEWAYS,2026-04-17 09:15:00 IST,4326.42,4066.84,4715.79,4845.58,4975.37,5105.16,2026-05-11 15:30:00 IST,4066.84,STOP_LOSS,-1.0,17,90.0,BULL_FLAG,True,True,True,6.0,True,NONE
CRISIL,2026-07-22 15:30:00 IST,BULL,2026-07-22 09:15:00 IST,4484.86,4215.77,4888.49,5023.04,5157.58,5292.13,2026-08-18 15:30:00 IST,4499.4,TIMEOUT_20D,0.05,20,91.0,MULTI_MONTH_BASE_BREAKOUT,True,True,True,6.0,True,NONE
CRISIL,2026-08-27 15:30:00 IST,BULL,2026-08-27 09:15:00 IST,4703.2,4522.14,4974.79,5065.32,5155.85,5246.38,2026-09-10 15:30:00 IST,4697.9,TIMEOUT_20D,-0.03,11,98.0,MULTI_MONTH_BASE_BREAKOUT,True,True,True,3.85,True,NONE
CPPLUS,2025-04-25 15:30:00 IST,BULL,2025-04-25 09:15:00 IST,837.39,817.61,867.06,876.95,886.84,896.73,2025-05-23 15:30:00 IST,828.73,TIMEOUT_20D,-0.44,20,88.0,CUP_HANDLE,True,True,True,2.36,True,NONE
CPPLUS,2025-06-24 15:30:00 IST,BULL,2025-06-24 09:15:00 IST,861.74,843.2,889.56,898.82,908.09,917.36,2025-07-04 15:30:00 IST,843.2,STOP_LOSS,-1.0,8,90.0,CUP_HANDLE,True,True,True,2.15,True,NONE
CPPLUS,2025-10-21 15:30:00 IST,BULL,2025-10-21 09:15:00 IST,898.73,844.81,979.62,1006.57,1033.53,1060.49,2025-11-03 15:30:00 IST,844.81,STOP_LOSS,-1.0,9,87.0,V_REVERSAL,True,True,True,6.0,True,NONE
CPPLUS,2026-04-17 15:30:00 IST,BULL,2026-04-17 09:15:00 IST,970.72,945.29,1008.88,1021.58,1034.3,1047.01,2026-05-06 15:30:00 IST,1008.88,TARGET_1,1.5,13,90.0,CUP_HANDLE,True,True,True,2.62,True,NONE
CPPLUS,2026-06-23 15:30:00 IST,SIDEWAYS,2026-06-23 09:15:00 IST,991.27,968.72,1025.09,1036.37,1047.64,1058.92,2026-06-26 15:30:00 IST,1025.09,TARGET_1,1.5,3,91.0,WYCKOFF_SPRING_TYPE_2,True,True,True,2.27,True,NONE
CRAMC,2025-02-28 15:30:00 IST,BULL,2025-02-28 09:15:00 IST,1120.32,1098.34,1153.28,1164.28,1175.27,1186.26,2025-03-12 15:30:00 IST,1098.34,STOP_LOSS,-1.0,8,88.0,CUP_HANDLE,True,True,True,1.96,True,NONE
CRAMC,2025-12-17 15:30:00 IST,SIDEWAYS,2025-12-17 09:15:00 IST,1250.48,1192.67,1337.21,1366.1,1395.0,1423.91,2025-12-26 15:30:00 IST,1192.67,STOP_LOSS,-1.0,7,80.0,DOUBLE_BOTTOM,True,True,True,4.62,True,NONE
CRAMC,2026-01-09 15:30:00 IST,BULL,2026-01-09 09:15:00 IST,1305.13,1254.61,1380.92,1406.17,1431.43,1456.69,2026-01-26 15:30:00 IST,1380.92,TARGET_1,1.5,11,87.0,MULTI_MONTH_BASE_BREAKOUT,True,True,True,3.87,True,NONE
CRAMC,2026-03-24 15:30:00 IST,BULL,2026-03-24 09:15:00 IST,1473.53,1450.11,1508.66,1520.37,1532.08,1543.79,2026-03-27 15:30:00 IST,1508.66,TARGET_1,1.5,3,88.0,CUP_HANDLE,True,True,True,1.59,True,NONE
CRAMC,2026-04-09 15:30:00 IST,BULL,2026-04-09 09:15:00 IST,1586.67,1529.15,1672.96,1701.71,1730.47,1759.23,2026-04-15 15:30:00 IST,1529.15,STOP_LOSS,-1.0,4,91.0,MULTI_MONTH_BASE_BREAKOUT,True,True,True,3.63,True,NONE
CRAMC,2026-06-19 15:30:00 IST,BULL,2026-06-19 09:15:00 IST,1681.76,1658.47,1716.69,1728.34,1739.98,1751.63,2026-06-23 15:30:00 IST,1716.69,TARGET_1,1.5,2,88.0,CUP_HANDLE,True,True,True,1.38,True,NONE
CROMPTON,2026-01-05 15:30:00 IST,SIDEWAYS,2026-01-05 09:15:00 IST,256.66,243.34,276.65,283.3,289.96,296.62,2026-01-18 15:30:00 IST,243.34,STOP_LOSS,-1.0,10,87.0,V_REVERSAL,True,True,True,5.19,True,NONE
CROMPTON,2026-02-04 15:30:00 IST,SIDEWAYS,2026-02-04 09:15:00 IST,241.16,226.69,262.86,270.1,277.33,284.57,2026-02-09 15:30:00 IST,262.86,TARGET_1,1.5,4,90.0,SHAKEOUT_RECLAIM,True,True,True,6.0,True,NONE
CROMPTON,2026-04-01 15:30:00 IST,BEAR,2026-04-01 09:15:00 IST,229.83,218.41,246.95,252.67,258.38,264.09,2026-04-14 15:30:00 IST,246.95,TARGET_1,1.5,8,86.0,SHAKEOUT_RECLAIM,True,True,True,4.97,True,NONE
CROMPTON,2026-04-28 15:30:00 IST,BULL,2026-04-28 09:15:00 IST,266.43,250.44,290.4,298.41,306.41,314.4,2026-05-07 15:30:00 IST,290.4,TARGET_1,1.5,8,87.0,CUP_HANDLE,True,True,True,6.0,True,NONE
CROMPTON,2026-07-29 15:30:00 IST,SIDEWAYS,2026-07-29 09:15:00 IST,264.25,248.39,288.04,295.97,303.9,311.83,2026-08-06 15:30:00 IST,248.39,STOP_LOSS,-1.0,7,94.0,SHAKEOUT_RECLAIM,True,True,True,6.0,True,NONE
CREDITACC,2025-03-25 15:30:00 IST,BULL,2025-03-25 09:15:00 IST,2036.84,1934.54,2190.28,2241.44,2292.59,2343.74,2025-04-03 15:30:00 IST,1934.54,STOP_LOSS,-1.0,7,88.0,WYCKOFF_SPRING_TYPE_2,True,True,True,5.02,True,NONE
CREDITACC,2025-05-06 15:30:00 IST,BEAR,2025-05-06 09:15:00 IST,1945.8,1869.36,2060.47,2098.68,2136.9,2175.12,2025-06-03 15:30:00 IST,1934.43,TIMEOUT_20D,-0.15,20,85.0,WYCKOFF_SPRING_TYPE_2,True,True,True,3.93,True,NONE
CREDITACC,2025-08-01 15:30:00 IST,BEAR,2025-08-01 09:15:00 IST,1784.16,1699.29,1911.46,1953.9,1996.34,2038.77,2025-08-29 15:30:00 IST,1878.4,TIMEOUT_20D,1.11,20,89.0,WYCKOFF_SPRING_TYPE_2,True,True,True,4.76,True,NONE
CREDITACC,2026-05-28 15:30:00 IST,SIDEWAYS,2026-05-28 09:15:00 IST,1879.15,1778.03,2030.84,2081.39,2131.95,2182.51,2026-06-25 15:30:00 IST,2014.62,TIMEOUT_20D,1.34,20,81.0,V_REVERSAL,True,True,True,5.38,True,NONE
CREDITACC,2026-06-22 15:30:00 IST,BULL,2026-06-22 09:15:00 IST,1975.99,1906.28,2080.55,2115.41,2150.27,2185.12,2026-07-20 15:30:00 IST,1947.02,TIMEOUT_20D,-0.42,20,86.0,HIGHER_LOW_REVERSAL,True,True,True,3.53,True,NONE
CSBBANK,2025-10-20 15:30:00 IST,BULL,2025-10-20 09:15:00 IST,423.75,398.32,461.89,474.61,487.33,500.04,2025-11-18 15:30:00 IST,421.4,TIMEOUT_20D,-0.09,20,92.0,HIGHER_LOW_REVERSAL,True,True,True,6.0,True,NONE
CSBBANK,2025-11-07 15:30:00 IST,BULL,2025-11-07 09:15:00 IST,431.5,405.61,470.33,483.28,496.22,509.17,2025-11-20 15:30:00 IST,405.61,STOP_LOSS,-1.0,10,89.0,ASCENDING_TRIANGLE,True,True,True,6.0,True,NONE
CSBBANK,2025-12-31 15:30:00 IST,BULL,2025-12-31 09:15:00 IST,459.1,433.59,497.37,510.12,522.88,535.63,2026-01-04 15:30:00 IST,497.37,TARGET_1,1.5,3,95.0,MULTI_MONTH_BASE_BREAKOUT,True,True,True,5.56,True,NONE
CSBBANK,2026-02-26 15:30:00 IST,BEAR,2026-02-26 09:15:00 IST,403.05,378.87,439.32,451.41,463.5,475.59,2026-03-03 15:30:00 IST,378.87,STOP_LOSS,-1.0,3,86.0,SHAKEOUT_RECLAIM,True,True,True,6.0,True,NONE
CSBBANK,2026-03-16 15:30:00 IST,BEAR,2026-03-16 09:15:00 IST,357.15,335.72,389.29,400.01,410.72,421.44,2026-03-17 15:30:00 IST,389.29,TARGET_1,1.5,2,95.0,SHAKEOUT_RECLAIM,True,True,True,6.0,True,NONE
CSBBANK,2026-06-29 15:30:00 IST,BEAR,2026-06-29 09:15:00 IST,328.85,315.76,348.49,355.03,361.58,368.12,2026-07-01 15:30:00 IST,348.49,TARGET_1,1.5,3,90.0,SHAKEOUT_RECLAIM,True,True,True,3.98,True,NONE
CUB,2025-11-04 15:30:00 IST,BULL,2025-11-04 09:15:00 IST,193.99,182.35,211.44,217.27,223.09,228.91,2025-11-16 15:30:00 IST,211.44,TARGET_1,1.5,8,93.0,MULTI_MONTH_BASE_BREAKOUT,True,True,True,6.0,True,NONE
CUB,2025-11-14 15:30:00 IST,BULL,2025-11-14 09:15:00 IST,202.94,190.77,221.2,227.28,233.36,239.45,2025-12-11 15:30:00 IST,205.01,TIMEOUT_20D,0.17,20,88.0,BULL_FLAG,True,True,True,6.0,True,NONE
CUB,2025-12-24 15:30:00 IST,BULL,2025-12-24 09:15:00 IST,222.04,208.72,242.01,248.68,255.34,262.0,2026-01-07 15:30:00 IST,208.72,STOP_LOSS,-1.0,10,81.0,V_REVERSAL,True,True,True,6.0,True,NONE
CUB,2026-01-27 15:30:00 IST,BULL,2026-01-27 09:15:00 IST,213.19,200.4,232.37,238.77,245.16,251.56,2026-02-02 15:30:00 IST,232.37,TARGET_1,1.5,5,86.0,WYCKOFF_SPRING_TYPE_2,True,True,True,6.0,True,NONE
CUB,2026-03-25 15:30:00 IST,SIDEWAYS,2026-03-25 09:15:00 IST,189.71,178.33,206.79,212.47,218.16,223.85,2026-03-29 15:30:00 IST,178.33,STOP_LOSS,-1.0,2,94.0,SHAKEOUT_RECLAIM,True,True,True,6.0,True,NONE
CUB,2026-04-06 15:30:00 IST,SIDEWAYS,2026-04-06 09:15:00 IST,187.43,176.19,204.3,209.91,215.53,221.15,2026-04-19 15:30:00 IST,204.3,TARGET_1,1.5,9,86.0,V_REVERSAL,True,True,True,6.0,True,NONE
CUB,2026-04-22 15:30:00 IST,SIDEWAYS,2026-04-22 09:15:00 IST,202.61,190.46,220.84,226.91,232.99,239.06,2026-05-10 15:30:00 IST,190.46,STOP_LOSS,-1.0,13,78.0,V_REVERSAL,True,True,True,6.0,True,NONE
CUB,2026-08-31 15:30:00 IST,BULL,2026-08-31 09:15:00 IST,229.19,220.66,241.99,246.25,250.51,254.78,2026-09-03 15:30:00 IST,241.99,TARGET_1,1.5,4,90.0,CUP_HANDLE,True,True,True,3.72,True,NONE
CUMMINSIND,2025-10-24 15:30:00 IST,BULL,2025-10-24 09:15:00 IST,4130.01,3992.22,4336.69,4405.59,4474.49,4543.38,2025-10-29 15:30:00 IST,4336.69,TARGET_1,1.5,4,97.0,MULTI_MONTH_BASE_BREAKOUT,True,True,True,3.34,True,NONE
CUMMINSIND,2026-02-05 15:30:00 IST,SIDEWAYS,2026-02-05 09:15:00 IST,4335.56,4075.43,4725.76,4855.82,4985.89,5115.95,2026-02-17 15:30:00 IST,4725.76,TARGET_1,1.5,9,93.0,WYCKOFF_SPRING_TYPE_2,True,True,True,6.0,True,NONE
CUMMINSIND,2026-03-12 15:30:00 IST,BULL,2026-03-12 09:15:00 IST,4714.5,4436.42,5131.61,5270.66,5409.7,5548.74,2026-03-22 15:30:00 IST,4436.42,STOP_LOSS,-1.0,7,84.0,SHAKEOUT_RECLAIM,True,True,True,5.9,True,NONE
CUMMINSIND,2026-05-27 15:30:00 IST,BULL,2026-05-27 09:15:00 IST,5977.92,5619.24,6515.93,6695.28,6874.62,7053.96,2026-05-31 15:30:00 IST,5619.24,STOP_LOSS,-1.0,3,92.0,V_REVERSAL,True,True,True,6.0,True,NONE
CUMMINSIND,2026-08-24 15:30:00 IST,BEAR,2026-08-24 09:15:00 IST,5190.0,5057.58,5388.63,5454.84,5521.05,5587.26,2026-09-03 15:30:00 IST,5057.58,STOP_LOSS,-1.0,2,87.0,SHAKEOUT_RECLAIM,True,True,True,2.55,True,NONE
CRIZAC,2025-03-20 15:30:00 IST,SIDEWAYS,2025-03-20 09:15:00 IST,1407.35,1322.91,1534.01,1576.23,1618.45,1660.67,2025-04-17 15:30:00 IST,1438.22,TIMEOUT_20D,0.37,20,85.0,V_REVERSAL,True,True,True,6.0,True,NONE
CRIZAC,2025-04-03 15:30:00 IST,SIDEWAYS,2025-04-03 09:15:00 IST,1394.61,1335.25,1483.64,1513.33,1543.01,1572.69,2025-05-01 15:30:00 IST,1457.47,TIMEOUT_20D,1.06,20,85.0,V_REVERSAL,True,True,True,4.26,True,NONE
CRIZAC,2025-09-02 15:30:00 IST,BEAR,2025-09-02 09:15:00 IST,1404.93,1341.95,1499.39,1530.89,1562.38,1593.87,2025-09-30 15:30:00 IST,1422.59,TIMEOUT_20D,0.28,20,87.0,V_REVERSAL,True,True,True,4.48,True,NONE
CRIZAC,2025-09-22 15:30:00 IST,BULL,2025-09-22 09:15:00 IST,1475.47,1446.51,1518.9,1533.39,1547.87,1562.35,2025-09-23 15:30:00 IST,1446.51,STOP_LOSS,-1.0,1,90.0,CUP_HANDLE,True,True,True,1.96,True,NONE
CRIZAC,2025-12-23 15:30:00 IST,SIDEWAYS,2025-12-23 09:15:00 IST,1281.78,1217.34,1378.45,1410.66,1442.88,1475.1,2025-12-30 15:30:00 IST,1217.34,STOP_LOSS,-1.0,5,90.0,WYCKOFF_SPRING_TYPE_2,True,True,True,5.03,True,NONE
CYIENT,2025-12-01 15:30:00 IST,SIDEWAYS,2025-12-01 09:15:00 IST,1163.3,1095.59,1264.87,1298.72,1332.58,1366.43,2025-12-28 15:30:00 IST,1095.59,STOP_LOSS,-1.0,19,86.0,V_REVERSAL,True,True,True,5.82,True,NONE
CYIENT,2026-01-20 15:30:00 IST,BULL,2026-01-20 09:15:00 IST,1183.2,1146.54,1238.19,1256.52,1274.85,1293.18,2026-01-20 15:30:00 IST,1146.54,STOP_LOSS,-1.0,1,88.0,CUP_HANDLE,True,True,True,3.1,True,NONE
CYIENT,2026-06-02 15:30:00 IST,BULL,2026-06-02 09:15:00 IST,925.6,881.27,992.09,1014.26,1036.43,1058.59,2026-06-04 15:30:00 IST,881.27,STOP_LOSS,-1.0,3,88.0,CUP_HANDLE,True,True,True,4.79,True,NONE
CYIENT,2026-06-12 15:30:00 IST,BEAR,2026-06-12 09:15:00 IST,877.95,835.9,941.03,962.05,983.08,1004.1,2026-07-06 15:30:00 IST,835.9,STOP_LOSS,-1.0,17,85.0,SHAKEOUT_RECLAIM,True,True,True,4.79,True,NONE
CYIENT,2026-08-25 15:30:00 IST,BULL,2026-08-25 09:15:00 IST,979.05,920.31,1067.16,1096.53,1125.9,1155.27,2026-08-27 15:30:00 IST,1067.16,TARGET_1,1.5,3,92.0,V_REVERSAL,True,True,True,6.0,True,NONE
CYIENT,2026-08-31 15:30:00 IST,BULL,2026-08-31 09:15:00 IST,1174.8,1104.31,1280.54,1315.78,1351.03,1386.27,2026-09-02 15:30:00 IST,1104.31,STOP_LOSS,-1.0,3,82.0,V_REVERSAL,True,True,True,6.0,True,NONE
DABUR,2025-11-03 15:30:00 IST,SIDEWAYS,2025-11-03 09:15:00 IST,494.25,468.18,533.34,546.39,559.42,572.46,2025-12-01 15:30:00 IST,501.44,TIMEOUT_20D,0.28,20,93.0,SHAKEOUT_RECLAIM,True,True,True,5.27,True,NONE
DABUR,2026-01-02 15:30:00 IST,SIDEWAYS,2026-01-02 09:15:00 IST,515.91,485.51,561.5,576.71,591.91,607.11,2026-02-01 15:30:00 IST,492.61,TIMEOUT_20D,-0.77,20,93.0,DOUBLE_BOTTOM,True,True,True,5.89,True,NONE
DABUR,2026-03-16 15:30:00 IST,BEAR,2026-03-16 09:15:00 IST,452.97,441.23,470.59,476.45,482.32,488.19,2026-03-18 15:30:00 IST,441.23,STOP_LOSS,-1.0,3,86.0,SHAKEOUT_RECLAIM,True,True,True,2.59,True,NONE
DABUR,2026-04-17 15:30:00 IST,SIDEWAYS,2026-04-17 09:15:00 IST,437.18,410.95,476.52,489.64,502.76,515.87,2026-05-07 15:30:00 IST,476.52,TARGET_1,1.5,15,97.0,SHAKEOUT_RECLAIM,True,True,True,6.0,True,NONE
DABUR,2026-05-05 15:30:00 IST,SIDEWAYS,2026-05-05 09:15:00 IST,454.65,432.54,487.82,498.87,509.92,520.98,2026-05-31 15:30:00 IST,432.54,STOP_LOSS,-1.0,19,85.0,CUP_HANDLE,True,True,True,4.86,True,NONE
DABUR,2026-07-01 15:30:00 IST,SIDEWAYS,2026-07-01 09:15:00 IST,439.05,412.71,478.57,491.73,504.9,518.07,2026-07-28 15:30:00 IST,433.7,TIMEOUT_20D,-0.2,20,94.0,SHAKEOUT_RECLAIM,True,True,True,6.0,True,NONE
DATAMATICS,2025-12-22 15:30:00 IST,SIDEWAYS,2025-12-22 09:15:00 IST,851.3,800.22,927.92,953.46,979.0,1004.54,2025-12-28 15:30:00 IST,800.22,STOP_LOSS,-1.0,4,88.0,BULL_PENNANT,True,True,True,6.0,True,NONE
DATAMATICS,2026-02-04 15:30:00 IST,SIDEWAYS,2026-02-04 09:15:00 IST,784.8,737.71,855.43,878.98,902.52,926.07,2026-02-12 15:30:00 IST,737.71,STOP_LOSS,-1.0,7,93.0,BULL_FLAG,True,True,True,6.0,True,NONE
DATAMATICS,2026-05-06 15:30:00 IST,BULL,2026-05-06 09:15:00 IST,779.0,732.26,849.11,872.48,895.85,919.22,2026-05-13 15:30:00 IST,732.26,STOP_LOSS,-1.0,6,95.0,DOUBLE_BOTTOM,True,True,True,6.0,True,NONE
DATAMATICS,2026-06-02 15:30:00 IST,BULL,2026-06-02 09:15:00 IST,834.75,784.66,909.88,934.93,959.98,985.02,2026-06-07 15:30:00 IST,784.66,STOP_LOSS,-1.0,4,90.0,HIGHER_LOW_REVERSAL,True,True,True,6.0,True,NONE
DCBBANK,2026-01-22 15:30:00 IST,BULL,2026-01-22 09:15:00 IST,187.22,175.99,204.07,209.68,215.29,220.91,2026-02-19 15:30:00 IST,189.45,TIMEOUT_20D,0.2,20,87.0,SHAKEOUT_RECLAIM,True,True,True,6.0,True,NONE
DCBBANK,2026-05-06 15:30:00 IST,BULL,2026-05-06 09:15:00 IST,188.2,177.61,204.09,209.38,214.67,219.97,2026-05-07 15:30:00 IST,177.61,STOP_LOSS,-1.0,2,94.0,SHAKEOUT_RECLAIM,True,True,True,5.63,True,NONE
DCBBANK,2026-07-02 15:30:00 IST,BULL,2026-07-02 09:15:00 IST,193.49,182.88,209.41,214.71,220.02,225.32,2026-07-07 15:30:00 IST,182.88,STOP_LOSS,-1.0,4,91.0,CUP_HANDLE,True,True,True,5.48,True,NONE
DCBBANK,2026-08-06 15:30:00 IST,BULL,2026-08-06 09:15:00 IST,194.93,183.83,211.58,217.13,222.68,228.23,2026-08-10 15:30:00 IST,183.83,STOP_LOSS,-1.0,3,88.0,SHAKEOUT_RECLAIM,True,True,True,5.69,True,NONE
DALBHARAT,2025-04-28 15:30:00 IST,SIDEWAYS,2025-04-28 09:15:00 IST,1720.33,1617.32,1874.86,1926.35,1977.86,2029.36,2025-05-26 15:30:00 IST,1751.61,TIMEOUT_20D,0.3,20,82.0,V_REVERSAL,True,True,True,5.99,True,NONE
DALBHARAT,2025-05-06 15:30:00 IST,BEAR,2025-05-06 09:15:00 IST,1710.8,1617.32,1851.01,1897.76,1944.5,1991.24,2025-06-03 15:30:00 IST,1743.27,TIMEOUT_20D,0.35,20,85.0,WYCKOFF_SPRING_TYPE_2,True,True,True,5.46,True,NONE
DALBHARAT,2025-08-20 15:30:00 IST,BULL,2025-08-20 09:15:00 IST,2182.48,2082.19,2332.91,2383.06,2433.2,2483.35,2025-09-15 15:30:00 IST,2082.19,STOP_LOSS,-1.0,18,94.0,MULTI_MONTH_BASE_BREAKOUT,True,True,True,4.6,True,NONE
DALBHARAT,2025-10-08 15:30:00 IST,SIDEWAYS,2025-10-08 09:15:00 IST,2058.83,1959.92,2207.21,2256.65,2306.1,2355.56,2025-10-21 15:30:00 IST,2207.21,TARGET_1,1.5,9,81.0,V_REVERSAL,True,True,True,4.8,True,NONE
DALBHARAT,2025-12-16 15:30:00 IST,SIDEWAYS,2025-12-16 09:15:00 IST,2272.57,2231.69,2333.88,2354.33,2374.77,2395.21,2025-12-19 15:30:00 IST,2333.88,TARGET_1,1.5,3,88.0,CUP_HANDLE,True,True,True,1.8,True,NONE
DALBHARAT,2025-12-31 15:30:00 IST,BULL,2025-12-31 09:15:00 IST,2503.12,2389.92,2672.92,2729.52,2786.12,2842.72,2026-01-26 15:30:00 IST,2389.92,STOP_LOSS,-1.0,18,92.0,BULL_FLAG,True,True,True,4.52,True,NONE
DALBHARAT,2026-06-30 15:30:00 IST,SIDEWAYS,2026-06-30 09:15:00 IST,2239.86,2150.49,2373.92,2418.6,2463.29,2507.97,2026-07-21 15:30:00 IST,2150.49,STOP_LOSS,-1.0,15,84.0,WYCKOFF_SPRING_TYPE_2,True,True,True,3.99,True,NONE
DALBHARAT,2026-07-10 15:30:00 IST,SIDEWAYS,2026-07-10 09:15:00 IST,2251.39,2164.62,2381.54,2424.93,2468.31,2511.7,2026-07-21 15:30:00 IST,2164.62,STOP_LOSS,-1.0,7,87.0,V_REVERSAL,True,True,True,3.85,True,NONE
DALBHARAT,2026-08-05 15:30:00 IST,SIDEWAYS,2026-08-05 09:15:00 IST,2239.56,2118.33,2421.41,2482.02,2542.64,2603.25,2026-08-18 15:30:00 IST,2118.33,STOP_LOSS,-1.0,10,82.0,WYCKOFF_SPRING_TYPE_2,True,True,True,5.41,True,NONE
DBL,2025-10-22 15:30:00 IST,BULL,2025-10-22 09:15:00 IST,1724.61,1621.13,1879.82,1931.57,1983.31,2035.05,2025-10-22 15:30:00 IST,1621.13,STOP_LOSS,-1.0,1,95.0,V_REVERSAL,True,True,True,6.0,True,NONE
DBL,2025-11-20 15:30:00 IST,BULL,2025-11-20 09:15:00 IST,1720.97,1647.32,1831.45,1868.27,1905.1,1941.92,2025-11-20 15:30:00 IST,1647.32,STOP_LOSS,-1.0,1,98.0,DOUBLE_BOTTOM,True,True,True,4.28,True,NONE
DBL,2025-11-25 15:30:00 IST,BULL,2025-11-25 09:15:00 IST,1713.48,1639.83,1823.95,1860.78,1897.61,1934.43,2025-11-25 15:30:00 IST,1639.83,STOP_LOSS,-1.0,1,97.0,DOUBLE_BOTTOM,True,True,True,4.3,True,NONE
DBL,2025-12-16 15:30:00 IST,BULL,2025-12-16 09:15:00 IST,1760.99,1655.33,1919.47,1972.31,2025.14,2077.97,2025-12-16 15:30:00 IST,1655.33,STOP_LOSS,-1.0,1,99.0,WYCKOFF_SPRING_TYPE_2,True,True,True,6.0,True,NONE
DBL,2026-01-29 15:30:00 IST,BULL,2026-01-29 09:15:00 IST,1948.83,1831.9,2124.22,2182.69,2241.15,2299.62,2026-01-29 15:30:00 IST,1831.9,STOP_LOSS,-1.0,1,100.0,SHAKEOUT_RECLAIM,True,True,True,6.0,True,NONE
DBL,2026-02-10 15:30:00 IST,BULL,2026-02-10 09:15:00 IST,1897.88,1784.01,2068.69,2125.62,2182.56,2239.49,2026-02-10 15:30:00 IST,1784.01,STOP_LOSS,-1.0,1,100.0,WYCKOFF_SPRING_TYPE_2,True,True,True,6.0,True,NONE
DBL,2026-02-23 15:30:00 IST,SIDEWAYS,2026-02-23 09:15:00 IST,1825.83,1716.28,1990.15,2044.93,2099.7,2154.48,2026-02-23 15:30:00 IST,1716.28,STOP_LOSS,-1.0,1,93.0,V_REVERSAL,True,True,True,6.0,True,NONE
DBL,2026-03-03 15:30:00 IST,BULL,2026-03-03 09:15:00 IST,1998.39,1908.87,2132.67,2177.43,2222.19,2266.95,2026-03-03 15:30:00 IST,1908.87,STOP_LOSS,-1.0,1,94.0,DOUBLE_BOTTOM,True,True,True,4.48,True,NONE
DBL,2026-04-30 15:30:00 IST,BULL,2026-04-30 09:15:00 IST,2236.63,2102.43,2437.92,2505.03,2572.13,2639.23,2026-05-03 15:30:00 IST,2102.43,STOP_LOSS,-1.0,2,97.0,SHAKEOUT_RECLAIM,True,True,True,6.0,True,NONE
DBL,2026-06-03 15:30:00 IST,SIDEWAYS,2026-06-03 09:15:00 IST,2190.37,2084.61,2349.01,2401.89,2454.77,2507.65,2026-06-03 15:30:00 IST,2084.61,STOP_LOSS,-1.0,1,100.0,DOUBLE_BOTTOM,True,True,True,4.83,True,NONE
DBL,2026-07-10 15:30:00 IST,BULL,2026-07-10 09:15:00 IST,2212.26,2079.53,2411.37,2477.72,2544.09,2610.45,2026-07-12 15:30:00 IST,2079.53,STOP_LOSS,-1.0,1,95.0,V_REVERSAL,True,True,True,6.0,True,NONE
DBL,2026-07-23 15:30:00 IST,BULL,2026-07-23 09:15:00 IST,2283.53,2146.52,2489.05,2557.55,2626.06,2694.56,2026-07-23 15:30:00 IST,2146.52,STOP_LOSS,-1.0,1,93.0,SHAKEOUT_RECLAIM,True,True,True,6.0,True,NONE
DBL,2026-07-29 15:30:00 IST,BULL,2026-07-29 09:15:00 IST,2330.38,2190.56,2540.12,2610.02,2679.93,2749.84,2026-07-29 15:30:00 IST,2190.56,STOP_LOSS,-1.0,1,95.0,SHAKEOUT_RECLAIM,True,True,True,6.0,True,NONE
DBL,2026-08-20 15:30:00 IST,BULL,2026-08-20 09:15:00 IST,2280.33,2143.51,2485.55,2553.97,2622.38,2690.79,2026-08-20 15:30:00 IST,2143.51,STOP_LOSS,-1.0,1,94.0,WYCKOFF_SPRING_TYPE_2,True,True,True,6.0,True,NONE
DCMSHRIRAM,2025-11-21 15:30:00 IST,BULL,2025-11-21 09:15:00 IST,1259.55,1183.98,1372.91,1410.69,1448.47,1486.26,2025-11-24 15:30:00 IST,1183.98,STOP_LOSS,-1.0,2,96.0,SHAKEOUT_RECLAIM,True,True,True,6.0,True,NONE
DCMSHRIRAM,2026-03-16 15:30:00 IST,SIDEWAYS,2026-03-16 09:15:00 IST,1047.02,984.2,1141.25,1172.66,1204.07,1235.48,2026-03-31 15:30:00 IST,1141.25,TARGET_1,1.5,10,95.0,SHAKEOUT_RECLAIM,True,True,True,6.0,True,NONE
DEEPAKFERT,2026-02-09 15:30:00 IST,BEAR,2026-02-09 09:15:00 IST,1078.6,1013.88,1175.68,1208.04,1240.4,1272.76,2026-02-18 15:30:00 IST,1013.88,STOP_LOSS,-1.0,8,93.0,SHAKEOUT_RECLAIM,True,True,True,6.0,True,NONE
DEEPAKFERT,2026-03-18 15:30:00 IST,BEAR,2026-03-18 09:15:00 IST,943.4,896.69,1013.47,1036.82,1060.17,1083.53,2026-03-22 15:30:00 IST,896.69,STOP_LOSS,-1.0,3,83.0,SHAKEOUT_RECLAIM,True,True,True,4.95,True,NONE
DEEPAKFERT,2026-03-24 15:30:00 IST,BEAR,2026-03-24 09:15:00 IST,921.05,865.79,1003.94,1031.57,1059.2,1086.83,2026-03-24 15:30:00 IST,1003.94,TARGET_1,1.5,1,88.0,SHAKEOUT_RECLAIM,True,True,True,6.0,True,NONE
DEEPAKFERT,2026-04-15 15:30:00 IST,BULL,2026-04-15 09:15:00 IST,1212.15,1139.42,1321.25,1357.61,1393.98,1430.34,2026-05-06 15:30:00 IST,1321.25,TARGET_1,1.5,16,90.0,WYCKOFF_SPRING_TYPE_2,True,True,True,6.0,True,NONE
DEEPAKFERT,2026-05-21 15:30:00 IST,BULL,2026-05-21 09:15:00 IST,1383.7,1300.68,1508.23,1549.74,1591.25,1632.76,2026-06-08 15:30:00 IST,1508.23,TARGET_1,1.5,13,86.0,HIGHER_LOW_REVERSAL,True,True,True,6.0,True,NONE
DBREALTY,2025-07-14 15:30:00 IST,SIDEWAYS,2025-07-14 09:15:00 IST,1832.54,1748.72,1958.26,2000.18,2042.09,2084.0,2025-07-23 15:30:00 IST,1748.72,STOP_LOSS,-1.0,7,93.0,WYCKOFF_SPRING_TYPE_2,True,True,True,4.57,True,NONE
DBREALTY,2026-01-28 15:30:00 IST,SIDEWAYS,2026-01-28 09:15:00 IST,2120.96,2007.05,2291.83,2348.78,2405.74,2462.69,2026-02-25 15:30:00 IST,2146.42,TIMEOUT_20D,0.22,20,89.0,WYCKOFF_SPRING_TYPE_2,True,True,True,5.37,True,NONE
DBREALTY,2026-06-25 15:30:00 IST,BULL,2026-06-25 09:15:00 IST,2525.4,2434.55,2661.68,2707.1,2752.52,2797.95,2026-07-20 15:30:00 IST,2661.68,TARGET_1,1.5,17,85.0,CUP_HANDLE,True,True,True,3.6,True,NONE
DEEPINDS,2026-02-04 15:30:00 IST,SIDEWAYS,2026-02-04 09:15:00 IST,420.25,395.03,458.08,470.69,483.3,495.91,2026-02-05 15:30:00 IST,395.03,STOP_LOSS,-1.0,2,90.0,V_REVERSAL,True,True,True,6.0,True,NONE
DEEPINDS,2026-03-02 15:30:00 IST,BEAR,2026-03-02 09:15:00 IST,366.8,344.79,399.81,410.82,421.82,432.83,2026-03-04 15:30:00 IST,344.79,STOP_LOSS,-1.0,2,92.0,SHAKEOUT_RECLAIM,True,True,True,6.0,True,NONE
DEEPINDS,2026-04-07 15:30:00 IST,BULL,2026-04-07 09:15:00 IST,476.15,447.58,519.0,533.29,547.57,561.86,2026-04-07 15:30:00 IST,447.58,STOP_LOSS,-1.0,1,84.0,WYCKOFF_SPRING_TYPE_2,True,True,True,6.0,True,NONE
DEEPINDS,2026-06-01 15:30:00 IST,BULL,2026-06-01 09:15:00 IST,503.95,473.71,549.31,564.43,579.55,594.67,2026-06-24 15:30:00 IST,473.71,STOP_LOSS,-1.0,18,90.0,WYCKOFF_SPRING_TYPE_2,True,True,True,6.0,True,NONE
DEEPINDS,2026-07-16 15:30:00 IST,SIDEWAYS,2026-07-16 09:15:00 IST,474.6,446.12,517.32,531.56,545.8,560.04,2026-07-26 15:30:00 IST,517.32,TARGET_1,1.5,7,93.0,SHAKEOUT_RECLAIM,True,True,True,6.0,True,NONE
DEEPINDS,2026-07-24 15:30:00 IST,SIDEWAYS,2026-07-24 09:15:00 IST,479.6,450.82,522.77,537.16,551.55,565.94,2026-07-26 15:30:00 IST,522.77,TARGET_1,1.5,1,94.0,WYCKOFF_SPRING_TYPE_2,True,True,True,6.0,True,NONE
DEEPINDS,2026-07-31 15:30:00 IST,BULL,2026-07-31 09:15:00 IST,596.9,561.09,650.62,668.52,686.42,704.33,2026-08-02 15:30:00 IST,650.62,TARGET_1,1.5,1,89.0,V_REVERSAL,True,True,True,6.0,True,NONE
DEEPINDS,2026-09-03 15:30:00 IST,BULL,2026-09-03 09:15:00 IST,744.85,700.16,811.88,834.23,856.58,878.92,2026-09-07 15:30:00 IST,811.88,TARGET_1,1.5,2,92.0,DOUBLE_BOTTOM,True,True,True,6.0,True,NONE
DEVYANI,2025-12-22 15:30:00 IST,SIDEWAYS,2025-12-22 09:15:00 IST,139.27,130.91,151.81,155.99,160.17,164.35,2025-12-30 15:30:00 IST,151.81,TARGET_1,1.5,6,92.0,V_REVERSAL,True,True,True,6.0,True,NONE
DEVYANI,2026-04-21 15:30:00 IST,SIDEWAYS,2026-04-21 09:15:00 IST,111.15,104.48,121.16,124.49,127.83,131.16,2026-04-28 15:30:00 IST,121.16,TARGET_1,1.5,6,89.0,SHAKEOUT_RECLAIM,True,True,True,6.0,True,NONE
DEVYANI,2026-07-24 15:30:00 IST,SIDEWAYS,2026-07-24 09:15:00 IST,112.3,106.46,121.06,123.98,126.9,129.82,2026-07-28 15:30:00 IST,121.06,TARGET_1,1.5,3,86.0,SHAKEOUT_RECLAIM,True,True,True,5.2,True,NONE
DEVYANI,2026-08-11 15:30:00 IST,BULL,2026-08-11 09:15:00 IST,142.79,134.22,155.64,159.93,164.21,168.5,2026-08-26 15:30:00 IST,155.64,TARGET_1,1.5,12,89.0,V_REVERSAL,True,True,True,6.0,True,NONE
DIACABS,2025-11-28 15:30:00 IST,SIDEWAYS,2025-11-28 09:15:00 IST,150.12,141.11,163.63,168.14,172.64,177.15,2025-12-07 15:30:00 IST,141.11,STOP_LOSS,-1.0,6,89.0,V_REVERSAL,True,True,True,6.0,True,NONE
DIACABS,2026-01-05 15:30:00 IST,SIDEWAYS,2026-01-05 09:15:00 IST,143.13,135.24,154.97,158.91,162.85,166.8,2026-01-08 15:30:00 IST,135.24,STOP_LOSS,-1.0,4,97.0,SHAKEOUT_RECLAIM,True,True,True,5.51,True,NONE
DIACABS,2026-02-11 15:30:00 IST,SIDEWAYS,2026-02-11 09:15:00 IST,134.11,126.06,146.19,150.21,154.24,158.26,2026-03-11 15:30:00 IST,136.82,TIMEOUT_20D,0.34,20,91.0,V_REVERSAL,True,True,True,6.0,True,NONE
DIACABS,2026-04-16 15:30:00 IST,BULL,2026-04-16 09:15:00 IST,148.28,141.62,158.27,161.6,164.93,168.26,2026-04-19 15:30:00 IST,158.27,TARGET_1,1.5,2,94.0,MULTI_MONTH_BASE_BREAKOUT,True,True,True,4.49,True,NONE
DIACABS,2026-05-04 15:30:00 IST,BULL,2026-05-04 09:15:00 IST,166.02,156.06,180.96,185.94,190.92,195.9,2026-05-06 15:30:00 IST,180.96,TARGET_1,1.5,3,89.0,SHAKEOUT_RECLAIM,True,True,True,6.0,True,NONE
DIACABS,2026-05-14 15:30:00 IST,BULL,2026-05-14 09:15:00 IST,191.99,180.47,209.27,215.03,220.79,226.55,2026-05-25 15:30:00 IST,209.27,TARGET_1,1.5,8,92.0,HIGHER_LOW_REVERSAL,True,True,True,6.0,True,NONE
DIACABS,2026-05-26 15:30:00 IST,BULL,2026-05-26 09:15:00 IST,206.65,194.25,225.25,231.45,237.65,243.85,2026-05-28 15:30:00 IST,194.25,STOP_LOSS,-1.0,3,92.0,BULL_FLAG,True,True,True,6.0,True,NONE
DIACABS,2026-06-15 15:30:00 IST,BULL,2026-06-15 09:15:00 IST,215.34,202.42,234.72,241.18,247.64,254.1,2026-06-16 15:30:00 IST,202.42,STOP_LOSS,-1.0,2,85.0,BULL_PENNANT,True,True,True,6.0,True,NONE
DIACABS,2026-07-20 15:30:00 IST,BULL,2026-07-20 09:15:00 IST,244.61,229.93,266.63,273.97,281.31,288.65,2026-07-20 15:30:00 IST,266.63,TARGET_1,1.5,1,92.0,SHAKEOUT_RECLAIM,True,True,True,6.0,True,NONE
DIVGIITTS,2026-05-27 15:30:00 IST,BULL,2026-05-27 09:15:00 IST,791.55,744.06,862.78,886.53,910.27,934.02,2026-06-14 15:30:00 IST,862.78,TARGET_1,1.5,13,93.0,WYCKOFF_SPRING_TYPE_2,True,True,True,6.0,True,NONE
DIVGIITTS,2026-06-15 15:30:00 IST,BULL,2026-06-15 09:15:00 IST,869.2,817.05,947.43,973.5,999.58,1025.65,2026-06-29 15:30:00 IST,947.43,TARGET_1,1.5,11,97.0,BULL_FLAG,True,True,True,6.0,True,NONE
DIVGIITTS,2026-06-30 15:30:00 IST,BULL,2026-06-30 09:15:00 IST,987.55,928.3,1076.42,1106.05,1135.67,1165.3,2026-07-15 15:30:00 IST,928.3,STOP_LOSS,-1.0,12,90.0,ASCENDING_TRIANGLE,True,True,True,6.0,True,NONE
DIVGIITTS,2026-08-11 15:30:00 IST,BULL,2026-08-11 09:15:00 IST,1076.4,1011.82,1173.27,1205.56,1237.85,1270.14,2026-08-11 15:30:00 IST,1173.27,TARGET_1,1.5,1,93.0,SHAKEOUT_RECLAIM,True,True,True,6.0,True,NONE
DEEPAKNTR,2025-03-04 15:30:00 IST,BEAR,2025-03-04 09:15:00 IST,1462.93,1411.39,1540.23,1566.01,1591.78,1617.55,2025-03-20 15:30:00 IST,1540.23,TARGET_1,1.5,12,91.0,WYCKOFF_SPRING_TYPE_2,True,True,True,3.52,True,NONE
DEEPAKNTR,2025-03-14 15:30:00 IST,SIDEWAYS,2025-03-14 09:15:00 IST,1525.01,1452.13,1634.34,1670.77,1707.21,1743.65,2025-04-11 15:30:00 IST,1576.37,TIMEOUT_20D,0.7,20,91.0,DOUBLE_BOTTOM,True,True,True,4.78,True,NONE
DEEPAKNTR,2025-04-30 15:30:00 IST,BULL,2025-04-30 09:15:00 IST,1636.8,1607.41,1680.88,1695.58,1710.27,1724.97,2025-05-01 15:30:00 IST,1680.88,TARGET_1,1.5,1,90.0,BULL_FLAG,True,True,True,1.8,True,NONE
DEEPAKNTR,2025-09-01 15:30:00 IST,SIDEWAYS,2025-09-01 09:15:00 IST,1589.05,1493.71,1732.06,1779.73,1827.4,1875.07,2025-09-29 15:30:00 IST,1713.48,TIMEOUT_20D,1.31,20,87.0,V_REVERSAL,True,True,True,6.0,True,NONE
DEEPAKNTR,2025-11-07 15:30:00 IST,BULL,2025-11-07 09:15:00 IST,1835.72,1725.58,2000.94,2056.0,2111.07,2166.14,2025-12-05 15:30:00 IST,1867.18,TIMEOUT_20D,0.29,20,79.0,V_REVERSAL,True,True,True,6.0,True,NONE
DEEPAKNTR,2025-12-17 15:30:00 IST,BULL,2025-12-17 09:15:00 IST,1957.93,1912.65,2025.85,2048.49,2071.13,2093.77,2025-12-29 15:30:00 IST,2025.85,TARGET_1,1.5,8,88.0,BULL_FLAG,True,True,True,2.31,True,NONE
DEEPAKNTR,2026-03-18 15:30:00 IST,BEAR,2026-03-18 09:15:00 IST,2142.47,2082.05,2233.1,2263.31,2293.52,2323.73,2026-04-15 15:30:00 IST,2185.72,TIMEOUT_20D,0.72,20,90.0,WYCKOFF_SPRING_TYPE_2,True,True,True,2.82,True,NONE
DEEPAKNTR,2026-06-10 15:30:00 IST,BULL,2026-06-10 09:15:00 IST,2352.28,2280.6,2459.8,2495.64,2531.48,2567.32,2026-07-08 15:30:00 IST,2356.9,TIMEOUT_20D,0.06,20,86.0,MULTI_MONTH_BASE_BREAKOUT,True,True,True,3.05,True,NONE
DELHIVERY,2025-03-04 15:30:00 IST,BULL,2025-03-04 09:15:00 IST,603.6,579.38,639.93,652.04,664.15,676.26,2025-03-25 15:30:00 IST,579.38,STOP_LOSS,-1.0,15,92.0,MULTI_MONTH_BASE_BREAKOUT,True,True,True,4.01,True,NONE
DELHIVERY,2025-03-18 15:30:00 IST,BULL,2025-03-18 09:15:00 IST,600.18,583.77,624.8,633.0,641.2,649.41,2025-03-25 15:30:00 IST,583.77,STOP_LOSS,-1.0,5,85.0,CUP_HANDLE,True,True,True,2.73,True,NONE
DELHIVERY,2025-08-07 15:30:00 IST,BULL,2025-08-07 09:15:00 IST,783.32,767.79,806.63,814.38,822.15,829.91,2025-08-13 15:30:00 IST,806.63,TARGET_1,1.5,4,93.0,CUP_HANDLE,True,True,True,1.98,True,NONE
DELHIVERY,2026-03-18 15:30:00 IST,BULL,2026-03-18 09:15:00 IST,964.83,906.94,1051.66,1080.61,1109.56,1138.5,2026-04-15 15:30:00 IST,961.89,TIMEOUT_20D,-0.05,20,89.0,MULTI_MONTH_BASE_BREAKOUT,True,True,True,6.0,True,NONE
DELHIVERY,2026-09-03 15:30:00 IST,BEAR,2026-09-03 09:15:00 IST,464.35,436.9,505.53,519.25,532.98,546.7,2026-09-10 15:30:00 IST,436.9,STOP_LOSS,-1.0,5,89.0,SHAKEOUT_RECLAIM,True,True,True,5.91,True,NONE
DIVISLAB,2025-11-06 15:30:00 IST,BULL,2025-11-06 09:15:00 IST,6883.5,6470.49,7503.02,7709.52,7916.03,8122.53,2025-11-17 15:30:00 IST,6470.49,STOP_LOSS,-1.0,8,88.0,BULL_FLAG,True,True,True,6.0,True,NONE
DIVISLAB,2026-05-14 15:30:00 IST,BULL,2026-05-14 09:15:00 IST,6921.5,6521.28,7521.83,7721.94,7922.05,8122.16,2026-06-01 15:30:00 IST,6521.28,STOP_LOSS,-1.0,13,81.0,DOUBLE_BOTTOM,True,True,True,5.78,True,NONE
DIVISLAB,2026-07-14 15:30:00 IST,BULL,2026-07-14 09:15:00 IST,7188.5,6757.19,7835.47,8051.12,8266.78,8482.43,2026-07-29 15:30:00 IST,7835.47,TARGET_1,1.5,12,93.0,HIGHER_LOW_REVERSAL,True,True,True,6.0,True,NONE
DIVISLAB,2026-07-31 15:30:00 IST,BULL,2026-07-31 09:15:00 IST,8056.0,7699.86,8590.21,8768.28,8946.35,9124.42,2026-08-11 15:30:00 IST,8590.21,TARGET_1,1.5,8,91.0,MULTI_MONTH_BASE_BREAKOUT,True,True,True,4.42,True,NONE
DIVISLAB,2026-08-26 15:30:00 IST,BULL,2026-08-26 09:15:00 IST,9025.0,8483.5,9837.25,10108.0,10378.75,10649.5,2026-09-10 15:30:00 IST,,TIMEOUT_20D,,12,89.0,BULL_FLAG,True,True,True,6.0,True,NONE
DIXON,2025-12-15 15:30:00 IST,BEAR,2025-12-15 09:15:00 IST,13737.0,12912.78,14973.33,15385.44,15797.55,16209.66,2025-12-21 15:30:00 IST,12912.78,STOP_LOSS,-1.0,5,87.0,V_REVERSAL,True,True,True,6.0,True,NONE
DIXON,2026-02-04 15:30:00 IST,SIDEWAYS,2026-02-04 09:15:00 IST,11678.0,10977.32,12729.02,13079.36,13429.7,13780.04,2026-02-22 15:30:00 IST,10977.32,STOP_LOSS,-1.0,13,93.0,SHAKEOUT_RECLAIM,True,True,True,6.0,True,NONE
DIXON,2026-02-27 15:30:00 IST,BEAR,2026-02-27 09:15:00 IST,10528.0,10030.59,11274.11,11522.82,11771.52,12020.23,2026-03-03 15:30:00 IST,10030.59,STOP_LOSS,-1.0,2,89.0,SHAKEOUT_RECLAIM,True,True,True,4.72,True,NONE
DIXON,2026-03-10 15:30:00 IST,SIDEWAYS,2026-03-10 09:15:00 IST,10908.0,10253.52,11889.72,12216.96,12544.2,12871.44,2026-03-15 15:30:00 IST,10253.52,STOP_LOSS,-1.0,4,92.0,SHAKEOUT_RECLAIM,True,True,True,6.0,True,NONE
DIXON,2026-05-13 15:30:00 IST,BULL,2026-05-13 09:15:00 IST,11124.0,10634.88,11857.68,12102.24,12346.8,12591.36,2026-05-17 15:30:00 IST,10634.88,STOP_LOSS,-1.0,3,98.0,DOUBLE_BOTTOM,True,True,True,4.4,True,NONE
DIXON,2026-05-22 15:30:00 IST,BULL,2026-05-22 09:15:00 IST,11722.0,11323.78,12319.33,12518.44,12717.55,12916.66,2026-06-02 15:30:00 IST,11323.78,STOP_LOSS,-1.0,8,91.0,MULTI_MONTH_BASE_BREAKOUT,True,True,True,3.4,True,NONE
DIXON,2026-07-06 15:30:00 IST,BULL,2026-07-06 09:15:00 IST,13304.0,12542.1,14446.85,14827.8,15208.75,15589.7,2026-07-15 15:30:00 IST,14446.85,TARGET_1,1.5,8,98.0,MULTI_MONTH_BASE_BREAKOUT,True,True,True,5.73,True,NONE
DIXON,2026-08-20 15:30:00 IST,BULL,2026-08-20 09:15:00 IST,14850.0,13959.0,16186.5,16632.0,17077.5,17523.0,2026-09-06 15:30:00 IST,13959.0,STOP_LOSS,-1.0,12,89.0,ASCENDING_TRIANGLE,True,True,True,6.0,True,NONE
DLF,2026-01-05 15:30:00 IST,SIDEWAYS,2026-01-05 09:15:00 IST,702.53,668.41,753.71,770.77,787.83,804.89,2026-01-08 15:30:00 IST,668.41,STOP_LOSS,-1.0,4,91.0,DOUBLE_BOTTOM,True,True,True,4.86,True,NONE
DLF,2026-03-05 15:30:00 IST,BEAR,2026-03-05 09:15:00 IST,577.89,552.99,615.25,627.69,640.14,652.59,2026-03-08 15:30:00 IST,552.99,STOP_LOSS,-1.0,2,90.0,SHAKEOUT_RECLAIM,True,True,True,4.31,True,NONE
DLF,2026-08-24 15:30:00 IST,BULL,2026-08-24 09:15:00 IST,689.0,664.06,726.41,738.88,751.35,763.82,2026-08-30 15:30:00 IST,664.06,STOP_LOSS,-1.0,5,95.0,MULTI_MONTH_BASE_BREAKOUT,True,True,True,3.62,True,NONE
DPABHUSHAN,2026-04-22 15:30:00 IST,SIDEWAYS,2026-04-22 09:15:00 IST,1158.5,1088.99,1262.76,1297.52,1332.28,1367.03,2026-04-28 15:30:00 IST,1088.99,STOP_LOSS,-1.0,5,88.0,WYCKOFF_SPRING_TYPE_2,True,True,True,6.0,True,NONE
DOMS,2025-11-06 15:30:00 IST,SIDEWAYS,2025-11-06 09:15:00 IST,2548.2,2459.44,2681.34,2725.72,2770.1,2814.48,2025-11-09 15:30:00 IST,2459.44,STOP_LOSS,-1.0,2,89.0,V_REVERSAL,True,True,True,3.48,True,NONE
DOMS,2026-01-14 15:30:00 IST,BEAR,2026-01-14 09:15:00 IST,2517.2,2424.82,2655.77,2701.96,2748.15,2794.34,2026-01-19 15:30:00 IST,2424.82,STOP_LOSS,-1.0,4,81.0,SHAKEOUT_RECLAIM,True,True,True,3.67,True,NONE
DOMS,2026-02-24 15:30:00 IST,BEAR,2026-02-24 09:15:00 IST,2364.6,2270.09,2506.37,2553.62,2600.87,2648.13,2026-03-01 15:30:00 IST,2270.09,STOP_LOSS,-1.0,4,92.0,SHAKEOUT_RECLAIM,True,True,True,4.0,True,NONE
DOMS,2026-06-16 15:30:00 IST,SIDEWAYS,2026-06-16 09:15:00 IST,2314.0,2175.16,2522.26,2591.68,2661.1,2730.52,2026-07-13 15:30:00 IST,2295.0,TIMEOUT_20D,-0.14,20,90.0,WYCKOFF_SPRING_TYPE_2,True,True,True,6.0,True,NONE
DYNAMATECH,2026-02-17 15:30:00 IST,BULL,2026-02-17 09:15:00 IST,10114.19,9507.34,11024.47,11327.89,11631.32,11934.74,2026-03-11 15:30:00 IST,9507.34,STOP_LOSS,-1.0,16,92.0,BULL_FLAG,True,True,True,6.0,True,NONE
DYNAMATECH,2026-03-02 15:30:00 IST,BULL,2026-03-02 09:15:00 IST,10304.14,9685.89,11231.51,11540.64,11849.76,12158.89,2026-03-11 15:30:00 IST,9685.89,STOP_LOSS,-1.0,7,83.0,DOUBLE_BOTTOM,True,True,True,6.0,True,NONE
DYNAMATECH,2026-05-05 15:30:00 IST,BULL,2026-05-05 09:15:00 IST,12218.61,11485.49,13318.29,13684.85,14051.41,14417.97,2026-05-10 15:30:00 IST,11485.49,STOP_LOSS,-1.0,4,90.0,SHAKEOUT_RECLAIM,True,True,True,6.0,True,NONE
ECLERX,2025-10-27 15:30:00 IST,BULL,2025-10-27 09:15:00 IST,2393.65,2250.4,2608.52,2680.15,2751.78,2823.4,2025-10-28 15:30:00 IST,2250.4,STOP_LOSS,-1.0,2,95.0,MULTI_MONTH_BASE_BREAKOUT,True,True,True,5.98,True,NONE
ECLERX,2025-12-01 15:30:00 IST,BULL,2025-12-01 09:15:00 IST,2344.9,2227.2,2521.45,2580.3,2639.15,2698.0,2025-12-09 15:30:00 IST,2227.2,STOP_LOSS,-1.0,7,91.0,DOUBLE_BOTTOM,True,True,True,5.02,True,NONE
ECLERX,2026-01-01 15:30:00 IST,BULL,2026-01-01 09:15:00 IST,2410.85,2266.2,2627.83,2700.15,2772.48,2844.8,2026-01-11 15:30:00 IST,2266.2,STOP_LOSS,-1.0,7,83.0,WYCKOFF_SPRING_TYPE_2,True,True,True,6.0,True,NONE
ECLERX,2026-04-17 15:30:00 IST,SIDEWAYS,2026-04-17 09:15:00 IST,1631.1,1533.23,1777.9,1826.84,1875.77,1924.71,2026-04-21 15:30:00 IST,1533.23,STOP_LOSS,-1.0,3,86.0,HIGHER_LOW_REVERSAL,True,True,True,6.0,True,NONE
ECLERX,2026-05-06 15:30:00 IST,SIDEWAYS,2026-05-06 09:15:00 IST,1581.5,1486.61,1723.84,1771.28,1818.73,1866.17,2026-05-13 15:30:00 IST,1486.61,STOP_LOSS,-1.0,6,91.0,V_REVERSAL,True,True,True,6.0,True,NONE
ECLERX,2026-07-03 15:30:00 IST,SIDEWAYS,2026-07-03 09:15:00 IST,1488.8,1413.12,1602.32,1640.16,1678.0,1715.84,2026-07-09 15:30:00 IST,1602.32,TARGET_1,1.5,5,91.0,DOUBLE_BOTTOM,True,True,True,5.08,True,NONE
ECLERX,2026-07-09 15:30:00 IST,SIDEWAYS,2026-07-09 09:15:00 IST,1556.4,1463.02,1696.47,1743.16,1789.85,1836.54,2026-07-13 15:30:00 IST,1696.47,TARGET_1,1.5,3,86.0,BULL_FLAG,True,True,True,6.0,True,NONE
ECLERX,2026-07-17 15:30:00 IST,BULL,2026-07-17 09:15:00 IST,1979.8,1861.01,2157.99,2217.38,2276.77,2336.17,2026-07-19 15:30:00 IST,1861.01,STOP_LOSS,-1.0,1,89.0,V_REVERSAL,True,True,True,6.0,True,NONE
DRREDDY,2024-12-05 15:30:00 IST,SIDEWAYS,2024-12-05 09:15:00 IST,1224.27,1150.82,1334.45,1371.17,1407.89,1444.62,2024-12-19 15:30:00 IST,1334.45,TARGET_1,1.5,11,88.0,WYCKOFF_SPRING_TYPE_2,True,True,True,6.0,True,NONE
DRREDDY,2024-12-19 15:30:00 IST,SIDEWAYS,2024-12-19 09:15:00 IST,1308.94,1230.41,1426.75,1466.0,1505.26,1544.53,2025-01-16 15:30:00 IST,1292.95,TIMEOUT_20D,-0.2,20,91.0,V_REVERSAL,True,True,True,6.0,True,NONE
DRREDDY,2024-12-27 15:30:00 IST,BULL,2024-12-27 09:15:00 IST,1371.99,1307.02,1469.45,1501.93,1534.41,1566.9,2025-01-13 15:30:00 IST,1307.02,STOP_LOSS,-1.0,12,81.0,BULL_FLAG,True,True,True,4.74,True,NONE
DRREDDY,2025-05-12 15:30:00 IST,BULL,2025-05-12 09:15:00 IST,1180.58,1118.57,1273.59,1304.6,1335.61,1366.61,2025-06-04 15:30:00 IST,1273.59,TARGET_1,1.5,18,91.0,CUP_HANDLE,True,True,True,5.25,True,NONE
DRREDDY,2025-10-01 15:30:00 IST,SIDEWAYS,2025-10-01 09:15:00 IST,1236.86,1203.78,1286.47,1303.02,1319.56,1336.1,2025-10-22 15:30:00 IST,1286.47,TARGET_1,1.5,14,89.0,SHAKEOUT_RECLAIM,True,True,True,2.67,True,NONE
DRREDDY,2026-02-23 15:30:00 IST,BULL,2026-02-23 09:15:00 IST,1299.16,1242.93,1383.51,1411.62,1439.74,1467.85,2026-03-01 15:30:00 IST,1242.93,STOP_LOSS,-1.0,5,82.0,BULL_FLAG,True,True,True,4.33,True,NONE
DRREDDY,2026-04-23 15:30:00 IST,SIDEWAYS,2026-04-23 09:15:00 IST,1322.61,1243.26,1441.64,1481.31,1520.98,1560.66,2026-05-12 15:30:00 IST,1243.26,STOP_LOSS,-1.0,14,91.0,HIGHER_LOW_REVERSAL,True,True,True,6.0,True,NONE
DRREDDY,2026-08-11 15:30:00 IST,SIDEWAYS,2026-08-11 09:15:00 IST,1205.0,1132.7,1313.45,1349.6,1385.75,1421.9,2026-09-07 15:30:00 IST,1151.0,TIMEOUT_20D,-0.75,20,91.0,SHAKEOUT_RECLAIM,True,True,True,6.0,True,NONE
DMART,2025-07-21 15:30:00 IST,BULL,2025-07-21 09:15:00 IST,2671.5,2532.58,2879.87,2949.34,3018.8,3088.26,2025-08-06 15:30:00 IST,2879.87,TARGET_1,1.5,12,91.0,MULTI_MONTH_BASE_BREAKOUT,True,True,True,5.2,True,NONE
DMART,2025-11-05 15:30:00 IST,BULL,2025-11-05 09:15:00 IST,3156.87,2967.46,3440.99,3535.69,3630.39,3725.1,2025-12-03 15:30:00 IST,3204.71,TIMEOUT_20D,0.25,20,92.0,WYCKOFF_SPRING_TYPE_2,True,True,True,6.0,True,NONE
DMART,2026-04-02 15:30:00 IST,BULL,2026-04-02 09:15:00 IST,3920.5,3685.27,4273.34,4390.96,4508.57,4626.19,2026-04-29 15:30:00 IST,4273.34,TARGET_1,1.5,19,84.0,V_REVERSAL,True,True,True,6.0,True,NONE
DMART,2026-07-13 15:30:00 IST,BULL,2026-07-13 09:15:00 IST,5405.5,5117.49,5837.52,5981.52,6125.53,6269.53,2026-08-10 15:30:00 IST,5662.19,TIMEOUT_20D,0.89,20,88.0,HIGHER_LOW_REVERSAL,True,True,True,5.33,True,NONE
EDELWEISS,2025-10-20 15:30:00 IST,BULL,2025-10-20 09:15:00 IST,115.54,108.61,125.94,129.4,132.87,136.33,2025-11-06 15:30:00 IST,108.61,STOP_LOSS,-1.0,12,96.0,WYCKOFF_SPRING_TYPE_2,True,True,True,6.0,True,NONE
EDELWEISS,2026-02-09 15:30:00 IST,SIDEWAYS,2026-02-09 09:15:00 IST,111.26,104.58,121.28,124.62,127.96,131.3,2026-02-09 15:30:00 IST,121.28,TARGET_1,1.5,1,89.0,WYCKOFF_SPRING_TYPE_2,True,True,True,6.0,True,NONE
EDELWEISS,2026-05-04 15:30:00 IST,BULL,2026-05-04 09:15:00 IST,116.79,109.78,127.31,130.81,134.32,137.82,2026-05-17 15:30:00 IST,109.78,STOP_LOSS,-1.0,10,90.0,SHAKEOUT_RECLAIM,True,True,True,6.0,True,NONE
EDELWEISS,2026-05-08 15:30:00 IST,BULL,2026-05-08 09:15:00 IST,125.14,117.63,136.4,140.16,143.92,147.67,2026-05-12 15:30:00 IST,117.63,STOP_LOSS,-1.0,3,88.0,SHAKEOUT_RECLAIM,True,True,True,6.0,True,NONE
EDELWEISS,2026-06-15 15:30:00 IST,SIDEWAYS,2026-06-15 09:15:00 IST,114.52,107.65,124.82,128.26,131.69,135.13,2026-06-18 15:30:00 IST,124.82,TARGET_1,1.5,4,85.0,V_REVERSAL,True,True,True,6.0,True,NONE
EDELWEISS,2026-06-19 15:30:00 IST,SIDEWAYS,2026-06-19 09:15:00 IST,124.71,117.23,135.93,139.67,143.41,147.15,2026-07-07 15:30:00 IST,117.23,STOP_LOSS,-1.0,13,91.0,WYCKOFF_SPRING_TYPE_2,True,True,True,6.0,True,NONE
EDELWEISS,2026-08-13 15:30:00 IST,BULL,2026-08-13 09:15:00 IST,124.88,119.37,133.14,135.9,138.65,141.41,2026-09-02 15:30:00 IST,133.14,TARGET_1,1.5,15,92.0,DOUBLE_BOTTOM,True,True,True,4.41,True,NONE
EDELWEISS,2026-09-03 15:30:00 IST,BULL,2026-09-03 09:15:00 IST,134.76,128.72,143.82,146.84,149.86,152.88,2026-09-07 15:30:00 IST,128.72,STOP_LOSS,-1.0,3,96.0,MULTI_MONTH_BASE_BREAKOUT,True,True,True,4.48,True,NONE
EICHERMOT,2025-11-20 15:30:00 IST,SIDEWAYS,2025-11-20 09:15:00 IST,7125.5,6908.82,7450.52,7558.86,7667.2,7775.54,2025-12-17 15:30:00 IST,7106.5,TIMEOUT_20D,-0.09,20,91.0,MULTI_MONTH_BASE_BREAKOUT,True,True,True,3.04,True,NONE
EICHERMOT,2026-02-11 15:30:00 IST,BULL,2026-02-11 09:15:00 IST,7771.0,7304.74,8470.39,8703.52,8936.65,9169.78,2026-03-08 15:30:00 IST,7304.74,STOP_LOSS,-1.0,17,91.0,BULL_FLAG,True,True,True,6.0,True,NONE
EICHERMOT,2026-05-25 15:30:00 IST,BULL,2026-05-25 09:15:00 IST,7414.0,6969.16,8081.26,8303.68,8526.1,8748.52,2026-06-01 15:30:00 IST,6969.16,STOP_LOSS,-1.0,6,93.0,DOUBLE_BOTTOM,True,True,True,6.0,True,NONE
EICHERMOT,2026-06-15 15:30:00 IST,BULL,2026-06-15 09:15:00 IST,7624.5,7247.35,8190.22,8378.8,8567.38,8755.95,2026-06-29 15:30:00 IST,7247.35,STOP_LOSS,-1.0,11,89.0,MULTI_MONTH_BASE_BREAKOUT,True,True,True,4.95,True,NONE
EICHERMOT,2026-07-30 15:30:00 IST,BULL,2026-07-30 09:15:00 IST,7830.5,7443.84,8410.49,8603.82,8797.15,8990.48,2026-08-26 15:30:00 IST,8101.0,TIMEOUT_20D,0.7,20,94.0,DOUBLE_BOTTOM,True,True,True,4.94,True,NONE
EIHOTEL,2025-12-19 15:30:00 IST,BEAR,2025-12-19 09:15:00 IST,365.19,354.6,381.08,386.37,391.66,396.96,2026-01-05 15:30:00 IST,354.6,STOP_LOSS,-1.0,11,95.0,SHAKEOUT_RECLAIM,True,True,True,2.9,True,NONE
EIHOTEL,2026-05-18 15:30:00 IST,SIDEWAYS,2026-05-18 09:15:00 IST,321.04,309.53,338.31,344.06,349.82,355.57,2026-05-28 15:30:00 IST,309.53,STOP_LOSS,-1.0,9,86.0,CUP_HANDLE,True,True,True,3.59,True,NONE
EIHOTEL,2026-07-06 15:30:00 IST,BULL,2026-07-06 09:15:00 IST,332.89,316.96,356.78,364.75,372.72,380.68,2026-07-23 15:30:00 IST,316.96,STOP_LOSS,-1.0,14,86.0,BULL_FLAG,True,True,True,4.79,True,NONE
ELECON,2026-01-07 15:30:00 IST,SIDEWAYS,2026-01-07 09:15:00 IST,516.38,485.4,562.85,578.34,593.83,609.32,2026-01-08 15:30:00 IST,485.4,STOP_LOSS,-1.0,2,94.0,SHAKEOUT_RECLAIM,True,True,True,6.0,True,NONE
ELECON,2026-02-09 15:30:00 IST,SIDEWAYS,2026-02-09 09:15:00 IST,478.69,449.97,521.76,536.13,550.49,564.85,2026-02-11 15:30:00 IST,449.97,STOP_LOSS,-1.0,3,90.0,BULL_FLAG,True,True,True,6.0,True,NONE
ELECON,2026-04-08 15:30:00 IST,SIDEWAYS,2026-04-08 09:15:00 IST,418.41,393.3,456.07,468.63,481.19,493.74,2026-04-20 15:30:00 IST,456.07,TARGET_1,1.5,8,88.0,WYCKOFF_SPRING_TYPE_2,True,True,True,6.0,True,NONE
ELECON,2026-04-20 15:30:00 IST,SIDEWAYS,2026-04-20 09:15:00 IST,434.31,408.25,473.41,486.43,499.46,512.49,2026-04-20 15:30:00 IST,473.41,TARGET_1,1.5,1,90.0,WYCKOFF_SPRING_TYPE_2,True,True,True,6.0,True,NONE
ELECON,2026-05-22 15:30:00 IST,BULL,2026-05-22 09:15:00 IST,531.74,499.83,579.59,595.56,611.52,627.47,2026-05-31 15:30:00 IST,499.83,STOP_LOSS,-1.0,6,88.0,V_REVERSAL,True,True,True,6.0,True,NONE
ELECON,2026-06-05 15:30:00 IST,BULL,2026-06-05 09:15:00 IST,529.84,498.05,577.53,593.42,609.32,625.21,2026-07-02 15:30:00 IST,526.7,TIMEOUT_20D,-0.1,20,89.0,WYCKOFF_SPRING_TYPE_2,True,True,True,6.0,True,NONE
ELECON,2026-08-20 15:30:00 IST,SIDEWAYS,2026-08-20 09:15:00 IST,451.7,424.6,492.35,505.9,519.45,533.0,2026-08-25 15:30:00 IST,424.6,STOP_LOSS,-1.0,4,91.0,SHAKEOUT_RECLAIM,True,True,True,6.0,True,NONE
ELECTCAST,2025-12-09 15:30:00 IST,BEAR,2025-12-09 09:15:00 IST,70.3,66.08,76.63,78.74,80.85,82.96,2025-12-22 15:30:00 IST,76.63,TARGET_1,1.5,10,92.0,SHAKEOUT_RECLAIM,True,True,True,6.0,True,NONE
ELECTCAST,2025-12-15 15:30:00 IST,SIDEWAYS,2025-12-15 09:15:00 IST,74.12,69.68,80.79,83.0,85.22,87.44,2026-01-08 15:30:00 IST,69.68,STOP_LOSS,-1.0,18,88.0,V_REVERSAL,True,True,True,5.99,True,NONE
ELECTCAST,2026-01-16 15:30:00 IST,SIDEWAYS,2026-01-16 09:15:00 IST,75.53,70.99,82.33,84.61,86.88,89.15,2026-01-20 15:30:00 IST,70.99,STOP_LOSS,-1.0,3,88.0,BULL_PENNANT,True,True,True,6.0,True,NONE
ELECTCAST,2026-02-09 15:30:00 IST,SIDEWAYS,2026-02-09 09:15:00 IST,72.87,68.5,79.42,81.61,83.8,85.98,2026-02-23 15:30:00 IST,68.5,STOP_LOSS,-1.0,11,88.0,SHAKEOUT_RECLAIM,True,True,True,6.0,True,NONE
ELECTCAST,2026-03-11 15:30:00 IST,SIDEWAYS,2026-03-11 09:15:00 IST,74.69,71.43,79.57,81.21,82.84,84.47,2026-03-11 15:30:00 IST,79.57,TARGET_1,1.5,1,94.0,DOUBLE_BOTTOM,True,True,True,4.36,True,NONE
ELECTCAST,2026-03-27 15:30:00 IST,BULL,2026-03-27 09:15:00 IST,79.25,74.49,86.39,88.77,91.15,93.53,2026-03-29 15:30:00 IST,74.49,STOP_LOSS,-1.0,1,86.0,V_REVERSAL,True,True,True,6.0,True,NONE
ELECTCAST,2026-04-27 15:30:00 IST,BULL,2026-04-27 09:15:00 IST,84.68,79.6,92.3,94.84,97.38,99.92,2026-05-04 15:30:00 IST,92.3,TARGET_1,1.5,6,87.0,CUP_HANDLE,True,True,True,6.0,True,NONE
ELECTCAST,2026-05-05 15:30:00 IST,BULL,2026-05-05 09:15:00 IST,92.14,86.61,100.43,103.2,105.97,108.73,2026-05-11 15:30:00 IST,86.61,STOP_LOSS,-1.0,5,88.0,V_REVERSAL,True,True,True,6.0,True,NONE
ELECTCAST,2026-06-15 15:30:00 IST,SIDEWAYS,2026-06-15 09:15:00 IST,77.22,72.59,84.18,86.48,88.79,91.11,2026-06-21 15:30:00 IST,84.18,TARGET_1,1.5,5,89.0,V_REVERSAL,True,True,True,6.0,True,NONE
ELECTCAST,2026-08-21 15:30:00 IST,SIDEWAYS,2026-08-21 09:15:00 IST,73.87,69.44,80.52,82.73,84.95,87.16,2026-09-03 15:30:00 IST,80.52,TARGET_1,1.5,3,88.0,SHAKEOUT_RECLAIM,True,True,True,6.0,True,NONE
EIDPARRY,2025-07-02 15:30:00 IST,SIDEWAYS,2025-07-02 09:15:00 IST,1779.29,1736.55,1843.4,1864.77,1886.14,1907.51,2025-07-11 15:30:00 IST,1843.4,TARGET_1,1.5,7,82.0,CUP_HANDLE,True,True,True,2.4,True,NONE
EIDPARRY,2025-07-18 15:30:00 IST,BULL,2025-07-18 09:15:00 IST,1843.48,1806.97,1898.23,1916.5,1934.76,1953.01,2025-07-22 15:30:00 IST,1806.97,STOP_LOSS,-1.0,2,91.0,CUP_HANDLE,True,True,True,1.98,True,NONE
EIDPARRY,2025-08-14 15:30:00 IST,BULL,2025-08-14 09:15:00 IST,1907.64,1820.66,2038.12,2081.6,2125.09,2168.58,2025-08-22 15:30:00 IST,1820.66,STOP_LOSS,-1.0,6,82.0,DOUBLE_BOTTOM,True,True,True,4.56,True,NONE
EIDPARRY,2025-09-19 15:30:00 IST,BULL,2025-09-19 09:15:00 IST,2039.45,1956.89,2163.28,2204.57,2245.85,2287.13,2025-10-13 15:30:00 IST,2163.28,TARGET_1,1.5,16,94.0,MULTI_MONTH_BASE_BREAKOUT,True,True,True,4.05,True,NONE
EIDPARRY,2025-11-27 15:30:00 IST,BULL,2025-11-27 09:15:00 IST,2301.41,2224.19,2417.25,2455.85,2494.46,2533.07,2025-12-25 15:30:00 IST,2311.25,TIMEOUT_20D,0.13,20,86.0,CUP_HANDLE,True,True,True,3.36,True,NONE
EIDPARRY,2026-02-18 15:30:00 IST,BULL,2026-02-18 09:15:00 IST,2456.68,2382.29,2568.26,2605.46,2642.65,2679.85,2026-02-20 15:30:00 IST,2568.26,TARGET_1,1.5,2,93.0,MULTI_MONTH_BASE_BREAKOUT,True,True,True,3.03,True,NONE
EIEL,2025-03-12 15:30:00 IST,BULL,2025-03-12 09:15:00 IST,1183.09,1141.0,1246.22,1267.27,1288.31,1309.36,2025-03-28 15:30:00 IST,1246.22,TARGET_1,1.5,12,85.0,CUP_HANDLE,True,True,True,3.56,True,NONE
EIEL,2025-05-19 15:30:00 IST,BULL,2025-05-19 09:15:00 IST,1239.9,1212.63,1280.8,1294.44,1308.08,1321.71,2025-05-23 15:30:00 IST,1280.8,TARGET_1,1.5,4,83.0,CUP_HANDLE,True,True,True,2.2,True,NONE
EIEL,2025-07-18 15:30:00 IST,BEAR,2025-07-18 09:15:00 IST,1294.59,1260.81,1345.25,1362.15,1379.04,1395.93,2025-07-22 15:30:00 IST,1260.81,STOP_LOSS,-1.0,2,80.0,CUP_HANDLE,True,True,True,2.61,True,NONE
EIEL,2025-10-30 15:30:00 IST,SIDEWAYS,2025-10-30 09:15:00 IST,1212.78,1148.1,1309.8,1342.14,1374.48,1406.82,2025-11-21 15:30:00 IST,1309.8,TARGET_1,1.5,16,87.0,WYCKOFF_SPRING_TYPE_2,True,True,True,5.33,True,NONE
EIEL,2025-11-05 15:30:00 IST,BEAR,2025-11-05 09:15:00 IST,1198.49,1143.75,1280.61,1307.97,1335.34,1362.71,2025-11-17 15:30:00 IST,1280.61,TARGET_1,1.5,8,85.0,V_REVERSAL,True,True,True,4.57,True,NONE
EIEL,2025-11-26 15:30:00 IST,BULL,2025-11-26 09:15:00 IST,1306.02,1286.38,1335.48,1345.3,1355.12,1364.94,2025-11-27 15:30:00 IST,1286.38,STOP_LOSS,-1.0,1,90.0,CUP_HANDLE,True,True,True,1.5,True,NONE
ELGIEQUIP,2025-10-24 15:30:00 IST,SIDEWAYS,2025-10-24 09:15:00 IST,485.39,456.26,529.08,543.65,558.21,572.78,2025-11-16 15:30:00 IST,529.08,TARGET_1,1.5,15,94.0,WYCKOFF_SPRING_TYPE_2,True,True,True,6.0,True,NONE
ELGIEQUIP,2025-12-30 15:30:00 IST,BEAR,2025-12-30 09:15:00 IST,469.81,447.01,504.01,515.41,526.81,538.21,2026-01-08 15:30:00 IST,447.01,STOP_LOSS,-1.0,8,90.0,SHAKEOUT_RECLAIM,True,True,True,4.85,True,NONE
ELGIEQUIP,2026-02-03 15:30:00 IST,SIDEWAYS,2026-02-03 09:15:00 IST,490.06,460.66,534.17,548.86,563.56,578.26,2026-02-15 15:30:00 IST,460.66,STOP_LOSS,-1.0,9,92.0,HIGHER_LOW_REVERSAL,True,True,True,6.0,True,NONE
ELGIEQUIP,2026-04-07 15:30:00 IST,BEAR,2026-04-07 09:15:00 IST,480.41,451.58,523.65,538.07,552.49,566.9,2026-04-14 15:30:00 IST,523.65,TARGET_1,1.5,5,84.0,CUP_HANDLE,True,True,True,6.0,True,NONE
ELGIEQUIP,2026-05-18 15:30:00 IST,SIDEWAYS,2026-05-18 09:15:00 IST,530.97,503.86,571.64,585.19,598.75,612.3,2026-05-20 15:30:00 IST,571.64,TARGET_1,1.5,3,88.0,CUP_HANDLE,True,True,True,5.11,True,NONE
ELGIEQUIP,2026-06-03 15:30:00 IST,BULL,2026-06-03 09:15:00 IST,598.41,562.5,652.27,670.23,688.18,706.14,2026-06-30 15:30:00 IST,603.04,TIMEOUT_20D,0.13,20,89.0,WYCKOFF_SPRING_TYPE_2,True,True,True,6.0,True,NONE
ELGIEQUIP,2026-08-17 15:30:00 IST,SIDEWAYS,2026-08-17 09:15:00 IST,624.2,586.75,680.38,699.1,717.83,736.55,2026-09-10 15:30:00 IST,617.7,TIMEOUT_20D,-0.17,18,92.0,V_REVERSAL,True,True,True,6.0,True,NONE
EMAMILTD,2025-11-10 15:30:00 IST,BEAR,2025-11-10 09:15:00 IST,515.55,486.33,559.37,573.99,588.6,603.21,2025-12-07 15:30:00 IST,516.27,TIMEOUT_20D,0.02,20,95.0,SHAKEOUT_RECLAIM,True,True,True,5.67,True,NONE
EMAMILTD,2025-12-05 15:30:00 IST,SIDEWAYS,2025-12-05 09:15:00 IST,519.08,492.0,559.7,573.24,586.78,600.32,2026-01-04 15:30:00 IST,520.61,TIMEOUT_20D,0.06,20,90.0,V_REVERSAL,True,True,True,5.22,True,NONE
EMAMILTD,2025-12-29 15:30:00 IST,SIDEWAYS,2025-12-29 09:15:00 IST,525.9,501.83,562.0,574.04,586.07,598.11,2026-01-08 15:30:00 IST,501.83,STOP_LOSS,-1.0,9,92.0,DOUBLE_BOTTOM,True,True,True,4.58,True,NONE
EMAMILTD,2026-04-17 15:30:00 IST,SIDEWAYS,2026-04-17 09:15:00 IST,452.1,424.97,492.8,506.36,519.92,533.49,2026-05-13 15:30:00 IST,424.97,STOP_LOSS,-1.0,19,92.0,WYCKOFF_SPRING_TYPE_2,True,True,True,6.0,True,NONE
EMAMILTD,2026-06-19 15:30:00 IST,SIDEWAYS,2026-06-19 09:15:00 IST,413.5,393.27,443.85,453.96,464.08,474.19,2026-06-24 15:30:00 IST,393.27,STOP_LOSS,-1.0,4,95.0,BULL_FLAG,True,True,True,4.89,True,NONE
EMCURE,2026-01-06 15:30:00 IST,BULL,2026-01-06 09:15:00 IST,1528.0,1469.36,1615.96,1645.28,1674.6,1703.92,2026-01-11 15:30:00 IST,1469.36,STOP_LOSS,-1.0,4,94.0,MULTI_MONTH_BASE_BREAKOUT,True,True,True,3.84,True,NONE
EMCURE,2026-03-10 15:30:00 IST,SIDEWAYS,2026-03-10 09:15:00 IST,1567.8,1473.73,1708.91,1755.94,1802.97,1850.01,2026-03-12 15:30:00 IST,1473.73,STOP_LOSS,-1.0,3,88.0,V_REVERSAL,True,True,True,6.0,True,NONE
EMCURE,2026-03-27 15:30:00 IST,BULL,2026-03-27 09:15:00 IST,1652.7,1573.05,1772.17,1812.0,1851.83,1891.65,2026-04-01 15:30:00 IST,1573.05,STOP_LOSS,-1.0,3,92.0,MULTI_MONTH_BASE_BREAKOUT,True,True,True,4.82,True,NONE
EMCURE,2026-05-04 15:30:00 IST,BULL,2026-05-04 09:15:00 IST,1793.2,1685.61,1954.58,2008.38,2062.18,2115.97,2026-05-04 15:30:00 IST,1685.61,STOP_LOSS,-1.0,1,85.0,BULL_PENNANT,True,True,True,6.0,True,NONE
EMCURE,2026-09-04 15:30:00 IST,BULL,2026-09-04 09:15:00 IST,1927.6,1817.42,2092.87,2147.96,2203.05,2258.14,2026-09-10 15:30:00 IST,,TIMEOUT_20D,,5,97.0,WYCKOFF_SPRING_TYPE_2,True,True,True,5.72,True,NONE
ELLEN,2025-11-06 15:30:00 IST,BULL,2025-11-06 09:15:00 IST,1166.6,1130.68,1220.48,1238.44,1256.4,1274.36,2025-11-20 15:30:00 IST,1220.48,TARGET_1,1.5,10,86.0,DOUBLE_BOTTOM,True,True,True,3.08,True,NONE
ELLEN,2025-12-11 15:30:00 IST,BULL,2025-12-11 09:15:00 IST,1301.05,1259.17,1363.87,1384.81,1405.75,1426.69,2025-12-23 15:30:00 IST,1363.87,TARGET_1,1.5,8,91.0,HIGHER_LOW_REVERSAL,True,True,True,3.22,True,NONE
ELLEN,2026-01-27 15:30:00 IST,BEAR,2026-01-27 09:15:00 IST,1296.03,1247.58,1368.7,1392.93,1417.16,1441.38,2026-02-10 15:30:00 IST,1368.7,TARGET_1,1.5,10,84.0,V_REVERSAL,True,True,True,3.74,True,NONE
ELLEN,2026-04-21 15:30:00 IST,BULL,2026-04-21 09:15:00 IST,1563.47,1502.05,1655.61,1686.31,1717.02,1747.73,2026-05-15 15:30:00 IST,1655.61,TARGET_1,1.5,18,94.0,HIGHER_LOW_REVERSAL,True,True,True,3.93,True,NONE
ELLEN,2026-05-04 15:30:00 IST,BULL,2026-05-04 09:15:00 IST,1633.42,1579.2,1714.76,1741.86,1768.97,1796.08,2026-05-18 15:30:00 IST,1714.76,TARGET_1,1.5,10,96.0,MULTI_MONTH_BASE_BREAKOUT,True,True,True,3.32,True,NONE
EMBDL,2025-03-21 15:30:00 IST,BULL,2025-03-21 09:15:00 IST,1147.24,1112.25,1199.71,1217.22,1234.72,1252.21,2025-03-25 15:30:00 IST,1112.25,STOP_LOSS,-1.0,2,94.0,MULTI_MONTH_BASE_BREAKOUT,True,True,True,3.05,True,NONE
EMBDL,2025-05-21 15:30:00 IST,BULL,2025-05-21 09:15:00 IST,1127.05,1059.43,1228.49,1262.29,1296.1,1329.91,2025-06-06 15:30:00 IST,1228.49,TARGET_1,1.5,12,80.0,V_REVERSAL,True,True,True,6.0,True,NONE
EMBDL,2025-07-28 15:30:00 IST,SIDEWAYS,2025-07-28 09:15:00 IST,1198.06,1137.56,1288.8,1319.06,1349.31,1379.56,2025-08-25 15:30:00 IST,1208.79,TIMEOUT_20D,0.18,20,88.0,WYCKOFF_SPRING_TYPE_2,True,True,True,5.05,True,NONE
EMBDL,2025-12-05 15:30:00 IST,SIDEWAYS,2025-12-05 09:15:00 IST,1158.74,1093.28,1256.92,1289.66,1322.39,1355.12,2026-01-02 15:30:00 IST,1148.03,TIMEOUT_20D,-0.16,20,85.0,V_REVERSAL,True,True,True,5.65,True,NONE
EMBDL,2026-05-25 15:30:00 IST,BULL,2026-05-25 09:15:00 IST,1464.26,1408.29,1548.23,1576.2,1604.18,1632.17,2026-06-22 15:30:00 IST,1535.01,TIMEOUT_20D,1.26,20,97.0,MULTI_MONTH_BASE_BREAKOUT,True,True,True,3.82,True,NONE
ENDURANCE,2025-11-19 15:30:00 IST,BEAR,2025-11-19 09:15:00 IST,2736.7,2587.99,2959.76,3034.12,3108.47,3182.83,2025-12-08 15:30:00 IST,2587.99,STOP_LOSS,-1.0,14,91.0,SHAKEOUT_RECLAIM,True,True,True,5.43,True,NONE
ENDURANCE,2025-12-19 15:30:00 IST,SIDEWAYS,2025-12-19 09:15:00 IST,2695.8,2541.13,2927.81,3005.14,3082.48,3159.81,2025-12-25 15:30:00 IST,2541.13,STOP_LOSS,-1.0,4,88.0,WYCKOFF_SPRING_TYPE_2,True,True,True,5.74,True,NONE
ENDURANCE,2026-01-09 15:30:00 IST,SIDEWAYS,2026-01-09 09:15:00 IST,2622.0,2524.32,2768.52,2817.36,2866.2,2915.04,2026-01-12 15:30:00 IST,2524.32,STOP_LOSS,-1.0,2,86.0,WYCKOFF_SPRING_TYPE_2,True,True,True,3.73,True,NONE
ENDURANCE,2026-01-16 15:30:00 IST,BEAR,2026-01-16 09:15:00 IST,2526.0,2438.84,2656.74,2700.32,2743.9,2787.48,2026-01-20 15:30:00 IST,2438.84,STOP_LOSS,-1.0,3,88.0,SHAKEOUT_RECLAIM,True,True,True,3.45,True,NONE
ENDURANCE,2026-02-24 15:30:00 IST,SIDEWAYS,2026-02-24 09:15:00 IST,2685.0,2523.9,2926.65,3007.2,3087.75,3168.3,2026-03-03 15:30:00 IST,2523.9,STOP_LOSS,-1.0,5,92.0,HIGHER_LOW_REVERSAL,True,True,True,6.0,True,NONE
ENDURANCE,2026-04-08 15:30:00 IST,SIDEWAYS,2026-04-08 09:15:00 IST,2359.1,2217.55,2571.43,2642.2,2712.97,2783.75,2026-05-06 15:30:00 IST,2571.43,TARGET_1,1.5,20,89.0,BULL_PENNANT,True,True,True,6.0,True,NONE
ENDURANCE,2026-05-14 15:30:00 IST,BULL,2026-05-14 09:15:00 IST,2619.6,2462.42,2855.37,2933.96,3012.55,3091.14,2026-05-14 15:30:00 IST,2462.42,STOP_LOSS,-1.0,1,87.0,SHAKEOUT_RECLAIM,True,True,True,6.0,True,NONE
ENDURANCE,2026-05-22 15:30:00 IST,BULL,2026-05-22 09:15:00 IST,2721.8,2612.21,2886.19,2940.98,2995.78,3050.57,2026-06-02 15:30:00 IST,2612.21,STOP_LOSS,-1.0,8,92.0,MULTI_MONTH_BASE_BREAKOUT,True,True,True,4.03,True,NONE
EMIL,2025-06-20 15:30:00 IST,BULL,2025-06-20 09:15:00 IST,804.7,783.62,836.33,846.86,857.4,867.94,2025-07-16 15:30:00 IST,783.62,STOP_LOSS,-1.0,18,88.0,CUP_HANDLE,True,True,True,2.62,True,NONE
EMIL,2025-10-03 15:30:00 IST,BULL,2025-10-03 09:15:00 IST,805.63,787.4,832.98,842.09,851.21,860.32,2025-10-07 15:30:00 IST,787.4,STOP_LOSS,-1.0,2,87.0,CUP_HANDLE,True,True,True,2.26,True,NONE
EMIL,2026-02-13 15:30:00 IST,BULL,2026-02-13 09:15:00 IST,824.69,810.14,846.51,853.79,861.07,868.34,2026-03-04 15:30:00 IST,846.51,TARGET_1,1.5,13,92.0,CUP_HANDLE,True,True,True,1.76,True,NONE
EMIL,2026-06-30 15:30:00 IST,BULL,2026-06-30 09:15:00 IST,1050.6,1009.07,1112.89,1133.66,1154.42,1175.19,2026-07-21 15:30:00 IST,1112.89,TARGET_1,1.5,15,93.0,MULTI_MONTH_BASE_BREAKOUT,True,True,True,3.95,True,NONE
EMIL,2026-07-22 15:30:00 IST,BULL,2026-07-22 09:15:00 IST,1133.41,1065.4,1235.41,1269.43,1303.43,1337.44,2026-08-18 15:30:00 IST,1065.4,STOP_LOSS,-1.0,20,87.0,V_REVERSAL,True,True,True,6.0,True,NONE
EMMVEE,2025-09-16 15:30:00 IST,BULL,2025-09-16 09:15:00 IST,1485.24,1432.16,1564.85,1591.4,1617.94,1644.48,2025-09-26 15:30:00 IST,1564.85,TARGET_1,1.5,8,96.0,MULTI_MONTH_BASE_BREAKOUT,True,True,True,3.57,True,NONE
EMMVEE,2025-12-04 15:30:00 IST,BULL,2025-12-04 09:15:00 IST,1694.79,1624.73,1799.88,1834.91,1869.94,1904.97,2025-12-22 15:30:00 IST,1799.88,TARGET_1,1.5,12,93.0,MULTI_MONTH_BASE_BREAKOUT,True,True,True,4.13,True,NONE
EMMVEE,2026-04-15 15:30:00 IST,SIDEWAYS,2026-04-15 09:15:00 IST,1895.06,1800.73,2036.55,2083.72,2130.88,2178.05,2026-05-13 15:30:00 IST,1975.72,TIMEOUT_20D,0.86,20,86.0,V_REVERSAL,True,True,True,4.98,True,NONE
EMMVEE,2026-08-03 15:30:00 IST,SIDEWAYS,2026-08-03 09:15:00 IST,1935.23,1887.18,2007.29,2031.33,2055.36,2079.38,2026-08-05 15:30:00 IST,2007.29,TARGET_1,1.5,2,87.0,WYCKOFF_SPRING_TYPE_2,True,True,True,2.48,True,NONE
ENRIN,2026-02-06 15:30:00 IST,SIDEWAYS,2026-02-06 09:15:00 IST,2740.6,2576.16,2987.26,3069.48,3151.7,3233.92,2026-02-24 15:30:00 IST,2987.26,TARGET_1,1.5,13,90.0,BULL_FLAG,True,True,True,6.0,True,NONE
ENRIN,2026-04-20 15:30:00 IST,BULL,2026-04-20 09:15:00 IST,3138.4,2950.1,3420.85,3515.0,3609.15,3703.3,2026-05-17 15:30:00 IST,3060.7,TIMEOUT_20D,-0.41,20,85.0,V_REVERSAL,True,True,True,6.0,True,NONE
ENRIN,2026-05-27 15:30:00 IST,BULL,2026-05-27 09:15:00 IST,3766.1,3540.13,4105.06,4218.04,4331.02,4444.01,2026-06-07 15:30:00 IST,3540.13,STOP_LOSS,-1.0,8,92.0,BULL_FLAG,True,True,True,6.0,True,NONE
ENGINERSIN,2025-04-18 15:30:00 IST,BULL,2025-04-18 09:15:00 IST,785.48,756.53,828.91,843.38,857.86,872.33,2025-05-07 15:30:00 IST,828.91,TARGET_1,1.5,13,91.0,MULTI_MONTH_BASE_BREAKOUT,True,True,True,3.69,True,NONE
ENGINERSIN,2025-09-29 15:30:00 IST,BULL,2025-09-29 09:15:00 IST,895.44,877.3,922.66,931.72,940.79,949.86,2025-09-30 15:30:00 IST,877.3,STOP_LOSS,-1.0,1,88.0,CUP_HANDLE,True,True,True,2.03,True,NONE
ENGINERSIN,2026-01-02 15:30:00 IST,BULL,2026-01-02 09:15:00 IST,908.69,885.1,944.08,955.87,967.67,979.46,2026-01-09 15:30:00 IST,885.1,STOP_LOSS,-1.0,5,94.0,BULL_FLAG,True,True,True,2.6,True,NONE
ENGINERSIN,2026-03-12 15:30:00 IST,BEAR,2026-03-12 09:15:00 IST,882.48,846.59,936.32,954.26,972.2,990.15,2026-04-09 15:30:00 IST,896.71,TIMEOUT_20D,0.4,20,90.0,WYCKOFF_SPRING_TYPE_2,True,True,True,4.07,True,NONE
ENGINERSIN,2026-04-02 15:30:00 IST,SIDEWAYS,2026-04-02 09:15:00 IST,907.9,888.44,937.08,946.82,956.55,966.28,2026-04-03 15:30:00 IST,888.44,STOP_LOSS,-1.0,1,82.0,CUP_HANDLE,True,True,True,2.14,True,NONE
ENTERO,2025-02-28 15:30:00 IST,BULL,2025-02-28 09:15:00 IST,2531.07,2417.31,2701.71,2758.59,2815.47,2872.35,2025-03-13 15:30:00 IST,2417.31,STOP_LOSS,-1.0,9,89.0,HIGHER_LOW_REVERSAL,True,True,True,4.49,True,NONE
ENTERO,2025-04-18 15:30:00 IST,BEAR,2025-04-18 09:15:00 IST,2430.78,2362.98,2532.47,2566.38,2600.28,2634.18,2025-04-28 15:30:00 IST,2532.47,TARGET_1,1.5,6,92.0,WYCKOFF_SPRING_TYPE_2,True,True,True,2.79,True,NONE
ENTERO,2025-04-29 15:30:00 IST,SIDEWAYS,2025-04-29 09:15:00 IST,2482.26,2362.98,2661.19,2720.82,2780.46,2840.1,2025-05-12 15:30:00 IST,2362.98,STOP_LOSS,-1.0,9,89.0,WYCKOFF_SPRING_TYPE_2,True,True,True,4.81,True,NONE
ENTERO,2025-11-21 15:30:00 IST,BEAR,2025-11-21 09:15:00 IST,2938.26,2816.59,3120.77,3181.6,3242.44,3303.27,2025-12-19 15:30:00 IST,3042.95,TIMEOUT_20D,0.86,20,88.0,WYCKOFF_SPRING_TYPE_2,True,True,True,4.14,True,NONE
ENTERO,2026-01-13 15:30:00 IST,BULL,2026-01-13 09:15:00 IST,3078.71,3008.11,3184.62,3219.91,3255.21,3290.51,2026-01-15 15:30:00 IST,3008.11,STOP_LOSS,-1.0,2,91.0,CUP_HANDLE,True,True,True,2.29,True,NONE
ENTERO,2026-07-27 15:30:00 IST,BULL,2026-07-27 09:15:00 IST,3295.18,3197.8,3441.24,3489.94,3538.63,3587.32,2026-08-11 15:30:00 IST,3197.8,STOP_LOSS,-1.0,11,91.0,CUP_HANDLE,True,True,True,2.96,True,NONE
ESCORTS,2025-11-21 15:30:00 IST,BEAR,2025-11-21 09:15:00 IST,3559.07,3458.36,3710.14,3760.49,3810.85,3861.2,2025-11-26 15:30:00 IST,3710.14,TARGET_1,1.5,4,84.0,SHAKEOUT_RECLAIM,True,True,True,2.83,True,NONE
ESCORTS,2025-11-27 15:30:00 IST,BULL,2025-11-27 09:15:00 IST,3785.65,3603.15,4059.41,4150.65,4241.9,4333.15,2025-12-07 15:30:00 IST,3603.15,STOP_LOSS,-1.0,7,91.0,DOUBLE_BOTTOM,True,True,True,4.82,True,NONE
ESCORTS,2026-01-01 15:30:00 IST,BULL,2026-01-01 09:15:00 IST,3758.89,3583.32,4022.25,4110.03,4197.81,4285.6,2026-01-18 15:30:00 IST,3583.32,STOP_LOSS,-1.0,12,90.0,DOUBLE_BOTTOM,True,True,True,4.67,True,NONE
ESCORTS,2026-01-21 15:30:00 IST,BEAR,2026-01-21 09:15:00 IST,3517.65,3393.95,3703.21,3765.05,3826.9,3888.75,2026-01-26 15:30:00 IST,3393.95,STOP_LOSS,-1.0,3,86.0,SHAKEOUT_RECLAIM,True,True,True,3.52,True,NONE
ESCORTS,2026-03-25 15:30:00 IST,BEAR,2026-03-25 09:15:00 IST,2934.2,2789.26,3151.61,3224.08,3296.55,3369.02,2026-03-29 15:30:00 IST,2789.26,STOP_LOSS,-1.0,2,86.0,SHAKEOUT_RECLAIM,True,True,True,4.94,True,NONE
ESCORTS,2026-06-22 15:30:00 IST,SIDEWAYS,2026-06-22 09:15:00 IST,2917.39,2742.35,3179.95,3267.47,3354.99,3442.51,2026-07-19 15:30:00 IST,2981.4,TIMEOUT_20D,0.37,20,92.0,WYCKOFF_SPRING_TYPE_2,True,True,True,6.0,True,NONE
ESCORTS,2026-07-28 15:30:00 IST,BULL,2026-07-28 09:15:00 IST,3009.9,2865.6,3226.35,3298.5,3370.65,3442.8,2026-08-24 15:30:00 IST,3064.8,TIMEOUT_20D,0.38,20,87.0,CUP_HANDLE,True,True,True,4.79,True,NONE
ESCORTS,2026-08-03 15:30:00 IST,BULL,2026-08-03 09:15:00 IST,3135.5,3006.03,3329.7,3394.44,3459.17,3523.91,2026-09-03 15:30:00 IST,3006.03,STOP_LOSS,-1.0,17,99.0,MULTI_MONTH_BASE_BREAKOUT,True,True,True,4.13,True,NONE
EPL,2025-04-14 15:30:00 IST,BULL,2025-04-14 09:15:00 IST,1536.51,1485.78,1612.61,1637.97,1663.34,1688.7,2025-05-12 15:30:00 IST,1521.12,TIMEOUT_20D,-0.3,20,92.0,MULTI_MONTH_BASE_BREAKOUT,True,True,True,3.3,True,NONE
EPL,2025-08-06 15:30:00 IST,BULL,2025-08-06 09:15:00 IST,1530.49,1490.75,1590.1,1609.97,1629.84,1649.71,2025-08-08 15:30:00 IST,1490.75,STOP_LOSS,-1.0,2,91.0,CUP_HANDLE,True,True,True,2.6,True,NONE
EPL,2026-02-24 15:30:00 IST,BULL,2026-02-24 09:15:00 IST,1737.34,1684.45,1816.68,1843.12,1869.56,1896.01,2026-03-09 15:30:00 IST,1684.45,STOP_LOSS,-1.0,9,91.0,MULTI_MONTH_BASE_BREAKOUT,True,True,True,3.04,True,NONE
EPL,2026-05-29 15:30:00 IST,BULL,2026-05-29 09:15:00 IST,1624.49,1555.84,1727.47,1761.79,1796.12,1830.44,2026-06-02 15:30:00 IST,1555.84,STOP_LOSS,-1.0,2,92.0,DOUBLE_BOTTOM,True,True,True,4.23,True,NONE
EPL,2026-07-13 15:30:00 IST,SIDEWAYS,2026-07-13 09:15:00 IST,1454.92,1403.92,1531.43,1556.92,1582.42,1607.92,2026-07-31 15:30:00 IST,1531.43,TARGET_1,1.5,14,88.0,WYCKOFF_SPRING_TYPE_2,True,True,True,3.51,True,NONE
EPL,2026-08-31 15:30:00 IST,BEAR,2026-08-31 09:15:00 IST,262.06,246.34,285.64,293.5,301.36,309.22,2026-08-31 15:30:00 IST,246.34,STOP_LOSS,-1.0,1,90.0,SHAKEOUT_RECLAIM,True,True,True,6.0,True,NONE
EQUITASBNK,2025-03-06 15:30:00 IST,SIDEWAYS,2025-03-06 09:15:00 IST,1616.04,1579.31,1671.12,1689.5,1707.87,1726.23,2025-03-28 15:30:00 IST,1671.12,TARGET_1,1.5,16,91.0,WYCKOFF_SPRING_TYPE_2,True,True,True,2.27,True,NONE
EQUITASBNK,2025-03-19 15:30:00 IST,BULL,2025-03-19 09:15:00 IST,1635.19,1556.66,1752.98,1792.25,1831.51,1870.78,2025-04-04 15:30:00 IST,1752.98,TARGET_1,1.5,12,88.0,WYCKOFF_SPRING_TYPE_2,True,True,True,4.8,True,NONE
EQUITASBNK,2025-04-09 15:30:00 IST,BULL,2025-04-09 09:15:00 IST,1810.71,1702.07,1973.68,2027.99,2082.31,2136.63,2025-05-07 15:30:00 IST,1944.34,TIMEOUT_20D,1.23,20,84.0,V_REVERSAL,True,True,True,6.0,True,NONE
EQUITASBNK,2025-05-28 15:30:00 IST,BULL,2025-05-28 09:15:00 IST,2081.99,2001.97,2202.02,2242.03,2282.04,2322.05,2025-06-03 15:30:00 IST,2001.97,STOP_LOSS,-1.0,4,91.0,MULTI_MONTH_BASE_BREAKOUT,True,True,True,3.84,True,NONE
EQUITASBNK,2025-07-04 15:30:00 IST,BULL,2025-07-04 09:15:00 IST,2117.63,2068.31,2191.62,2216.27,2240.93,2265.59,2025-07-08 15:30:00 IST,2191.62,TARGET_1,1.5,2,88.0,CUP_HANDLE,True,True,True,2.33,True,NONE
EQUITASBNK,2025-11-04 15:30:00 IST,SIDEWAYS,2025-11-04 09:15:00 IST,1954.39,1867.23,2085.12,2128.71,2172.29,2215.87,2025-11-13 15:30:00 IST,1867.23,STOP_LOSS,-1.0,7,90.0,WYCKOFF_SPRING_TYPE_2,True,True,True,4.46,True,NONE
EQUITASBNK,2025-12-16 15:30:00 IST,BULL,2025-12-16 09:15:00 IST,1989.7,1931.65,2076.78,2105.8,2134.82,2163.85,2025-12-30 15:30:00 IST,1931.65,STOP_LOSS,-1.0,10,85.0,CUP_HANDLE,True,True,True,2.92,True,NONE
EQUITASBNK,2026-01-30 15:30:00 IST,SIDEWAYS,2026-01-30 09:15:00 IST,1928.2,1886.72,1990.42,2011.16,2031.9,2052.64,2026-02-10 15:30:00 IST,1886.72,STOP_LOSS,-1.0,7,84.0,CUP_HANDLE,True,True,True,2.15,True,NONE
EXIDEIND,2026-03-17 15:30:00 IST,BEAR,2026-03-17 09:15:00 IST,300.46,288.11,318.99,325.16,331.33,337.51,2026-03-29 15:30:00 IST,288.11,STOP_LOSS,-1.0,8,83.0,SHAKEOUT_RECLAIM,True,True,True,4.11,True,NONE
EXIDEIND,2026-04-08 15:30:00 IST,SIDEWAYS,2026-04-08 09:15:00 IST,312.65,293.89,340.79,350.17,359.55,368.93,2026-04-21 15:30:00 IST,340.79,TARGET_1,1.5,9,86.0,SHAKEOUT_RECLAIM,True,True,True,6.0,True,NONE
EXIDEIND,2026-04-22 15:30:00 IST,BULL,2026-04-22 09:15:00 IST,352.86,333.92,381.27,390.74,400.21,409.68,2026-05-17 15:30:00 IST,333.92,STOP_LOSS,-1.0,18,92.0,MULTI_MONTH_BASE_BREAKOUT,True,True,True,5.37,True,NONE
EXIDEIND,2026-05-07 15:30:00 IST,BULL,2026-05-07 09:15:00 IST,362.71,340.95,395.35,406.23,417.11,427.99,2026-05-17 15:30:00 IST,340.95,STOP_LOSS,-1.0,7,92.0,CUP_HANDLE,True,True,True,6.0,True,NONE
EXIDEIND,2026-05-26 15:30:00 IST,BULL,2026-05-26 09:15:00 IST,364.5,342.63,397.31,408.24,419.18,430.11,2026-06-01 15:30:00 IST,397.31,TARGET_1,1.5,5,89.0,CUP_HANDLE,True,True,True,6.0,True,NONE
EXIDEIND,2026-06-02 15:30:00 IST,BULL,2026-06-02 09:15:00 IST,404.31,380.8,439.58,451.33,463.08,474.84,2026-06-10 15:30:00 IST,380.8,STOP_LOSS,-1.0,7,91.0,BULL_FLAG,True,True,True,5.82,True,NONE
EXIDEIND,2026-06-24 15:30:00 IST,BULL,2026-06-24 09:15:00 IST,397.59,374.32,432.51,444.13,455.76,467.4,2026-07-16 15:30:00 IST,432.51,TARGET_1,1.5,17,93.0,CUP_HANDLE,True,True,True,5.85,True,NONE
EXIDEIND,2026-07-02 15:30:00 IST,BULL,2026-07-02 09:15:00 IST,417.35,396.29,448.94,459.47,470.0,480.53,2026-07-20 15:30:00 IST,448.94,TARGET_1,1.5,13,98.0,MULTI_MONTH_BASE_BREAKOUT,True,True,True,5.05,True,NONE
EXIDEIND,2026-07-17 15:30:00 IST,BULL,2026-07-17 09:15:00 IST,435.2,413.92,467.12,477.76,488.4,499.04,2026-08-04 15:30:00 IST,467.12,TARGET_1,1.5,13,94.0,BULL_FLAG,True,True,True,4.89,True,NONE
ETERNAL,2025-04-22 15:30:00 IST,BULL,2025-04-22 09:15:00 IST,2376.95,2281.04,2520.8,2568.77,2616.72,2664.68,2025-05-20 15:30:00 IST,2385.81,TIMEOUT_20D,0.09,20,90.0,MULTI_MONTH_BASE_BREAKOUT,True,True,True,4.03,True,NONE
ETERNAL,2025-08-20 15:30:00 IST,BULL,2025-08-20 09:15:00 IST,2831.04,2675.78,3063.93,3141.56,3219.19,3296.82,2025-09-17 15:30:00 IST,2956.33,TIMEOUT_20D,0.81,20,90.0,WYCKOFF_SPRING_TYPE_2,True,True,True,5.48,True,NONE
ETERNAL,2026-01-30 15:30:00 IST,BULL,2026-01-30 09:15:00 IST,3067.74,2954.32,3237.88,3294.58,3351.29,3408.0,2026-02-10 15:30:00 IST,3237.88,TARGET_1,1.5,7,85.0,CUP_HANDLE,True,True,True,3.7,True,NONE
ETERNAL,2026-04-17 15:30:00 IST,SIDEWAYS,2026-04-17 09:15:00 IST,3287.35,3203.96,3412.42,3454.13,3495.82,3537.52,2026-04-30 15:30:00 IST,3203.96,STOP_LOSS,-1.0,9,85.0,CUP_HANDLE,True,True,True,2.54,True,NONE
ETERNAL,2026-08-13 15:30:00 IST,BULL,2026-08-13 09:15:00 IST,3471.39,3323.64,3693.0,3766.89,3840.76,3914.64,2026-08-18 15:30:00 IST,3323.64,STOP_LOSS,-1.0,4,87.0,WYCKOFF_SPRING_TYPE_2,True,True,True,4.26,True,NONE
EXPLEOSOL,2026-08-17 15:30:00 IST,BULL,2026-08-17 09:15:00 IST,923.05,867.67,1006.12,1033.81,1061.5,1089.19,2026-08-24 15:30:00 IST,867.67,STOP_LOSS,-1.0,6,93.0,MULTI_MONTH_BASE_BREAKOUT,True,True,True,6.0,True,NONE
ETHOSLTD,2025-06-30 15:30:00 IST,SIDEWAYS,2025-06-30 09:15:00 IST,1466.4,1395.36,1572.96,1608.48,1644.0,1679.52,2025-07-09 15:30:00 IST,1395.36,STOP_LOSS,-1.0,7,87.0,V_REVERSAL,True,True,True,4.84,True,NONE
ETHOSLTD,2025-09-11 15:30:00 IST,BULL,2025-09-11 09:15:00 IST,1517.94,1456.66,1609.87,1640.5,1671.14,1701.78,2025-09-19 15:30:00 IST,1609.87,TARGET_1,1.5,6,89.0,MULTI_MONTH_BASE_BREAKOUT,True,True,True,4.04,True,NONE
ETHOSLTD,2025-10-23 15:30:00 IST,BULL,2025-10-23 09:15:00 IST,1603.88,1536.89,1704.37,1737.86,1771.36,1804.85,2025-11-12 15:30:00 IST,1536.89,STOP_LOSS,-1.0,14,85.0,HIGHER_LOW_REVERSAL,True,True,True,4.18,True,NONE
ETHOSLTD,2025-11-05 15:30:00 IST,BULL,2025-11-05 09:15:00 IST,1613.32,1584.29,1656.87,1671.38,1685.89,1700.41,2025-11-10 15:30:00 IST,1584.29,STOP_LOSS,-1.0,3,90.0,CUP_HANDLE,True,True,True,1.8,True,NONE
ETHOSLTD,2026-01-06 15:30:00 IST,BEAR,2026-01-06 09:15:00 IST,1343.51,1297.3,1412.83,1435.93,1459.04,1482.14,2026-02-03 15:30:00 IST,1391.37,TIMEOUT_20D,1.04,20,91.0,WYCKOFF_SPRING_TYPE_2,True,True,True,3.44,True,NONE
ETHOSLTD,2026-03-12 15:30:00 IST,BULL,2026-03-12 09:15:00 IST,1397.3,1346.03,1474.19,1499.84,1525.47,1551.11,2026-04-09 15:30:00 IST,1378.73,TIMEOUT_20D,-0.36,20,89.0,WYCKOFF_SPRING_TYPE_2,True,True,True,3.67,True,NONE
ETHOSLTD,2026-04-16 15:30:00 IST,SIDEWAYS,2026-04-16 09:15:00 IST,1412.65,1350.92,1505.25,1536.11,1566.98,1597.84,2026-05-14 15:30:00 IST,1396.05,TIMEOUT_20D,-0.27,20,89.0,DOUBLE_BOTTOM,True,True,True,4.37,True,NONE
FDC,2025-10-30 15:30:00 IST,SIDEWAYS,2025-10-30 09:15:00 IST,446.06,421.63,482.71,494.92,507.13,519.35,2025-11-05 15:30:00 IST,421.63,STOP_LOSS,-1.0,4,89.0,V_REVERSAL,True,True,True,5.48,True,NONE
FDC,2026-02-09 15:30:00 IST,SIDEWAYS,2026-02-09 09:15:00 IST,379.91,357.11,414.1,425.51,436.91,448.31,2026-02-22 15:30:00 IST,357.11,STOP_LOSS,-1.0,10,91.0,SHAKEOUT_RECLAIM,True,True,True,6.0,True,NONE
FDC,2026-03-02 15:30:00 IST,BEAR,2026-03-02 09:15:00 IST,372.05,349.73,405.53,416.69,427.85,439.01,2026-03-15 15:30:00 IST,349.73,STOP_LOSS,-1.0,9,89.0,SHAKEOUT_RECLAIM,True,True,True,6.0,True,NONE
FDC,2026-03-09 15:30:00 IST,SIDEWAYS,2026-03-09 09:15:00 IST,371.9,349.59,405.36,416.52,427.67,438.83,2026-03-15 15:30:00 IST,349.59,STOP_LOSS,-1.0,5,97.0,SHAKEOUT_RECLAIM,True,True,True,6.0,True,NONE
FDC,2026-04-23 15:30:00 IST,SIDEWAYS,2026-04-23 09:15:00 IST,371.95,349.63,405.43,416.59,427.75,438.91,2026-05-21 15:30:00 IST,373.25,TIMEOUT_20D,0.06,20,90.0,WYCKOFF_SPRING_TYPE_2,True,True,True,6.0,True,NONE
EUREKAFORB,2025-05-01 15:30:00 IST,SIDEWAYS,2025-05-01 09:15:00 IST,1045.4,1006.24,1104.13,1123.72,1143.3,1162.88,2025-05-13 15:30:00 IST,1006.24,STOP_LOSS,-1.0,8,92.0,WYCKOFF_SPRING_TYPE_2,True,True,True,3.75,True,NONE
EUREKAFORB,2025-06-06 15:30:00 IST,BULL,2025-06-06 09:15:00 IST,1130.74,1106.28,1167.44,1179.66,1191.89,1204.12,2025-06-12 15:30:00 IST,1167.44,TARGET_1,1.5,4,90.0,CUP_HANDLE,True,True,True,2.16,True,NONE
EUREKAFORB,2025-06-25 15:30:00 IST,BULL,2025-06-25 09:15:00 IST,1239.19,1164.84,1350.71,1387.89,1425.07,1462.24,2025-07-16 15:30:00 IST,1164.84,STOP_LOSS,-1.0,15,82.0,V_REVERSAL,True,True,True,6.0,True,NONE
EUREKAFORB,2025-11-19 15:30:00 IST,BULL,2025-11-19 09:15:00 IST,1414.05,1345.45,1516.96,1551.25,1585.55,1619.85,2025-11-28 15:30:00 IST,1516.96,TARGET_1,1.5,7,95.0,MULTI_MONTH_BASE_BREAKOUT,True,True,True,4.85,True,NONE
EUREKAFORB,2025-11-25 15:30:00 IST,BULL,2025-11-25 09:15:00 IST,1471.24,1420.8,1546.89,1572.12,1597.34,1622.56,2025-12-03 15:30:00 IST,1546.89,TARGET_1,1.5,6,89.0,BULL_FLAG,True,True,True,3.43,True,NONE
EUREKAFORB,2026-07-20 15:30:00 IST,BULL,2026-07-20 09:15:00 IST,1175.28,1138.65,1230.23,1248.54,1266.85,1285.17,2026-08-14 15:30:00 IST,1138.65,STOP_LOSS,-1.0,19,90.0,MULTI_MONTH_BASE_BREAKOUT,True,True,True,3.12,True,NONE
FACT,2025-03-13 15:30:00 IST,SIDEWAYS,2025-03-13 09:15:00 IST,1401.08,1362.17,1459.45,1478.9,1498.35,1517.81,2025-03-18 15:30:00 IST,1362.17,STOP_LOSS,-1.0,3,86.0,V_REVERSAL,True,True,True,2.78,True,NONE
FACT,2025-07-11 15:30:00 IST,SIDEWAYS,2025-07-11 09:15:00 IST,1461.37,1417.47,1527.21,1549.17,1571.12,1593.07,2025-07-30 15:30:00 IST,1527.21,TARGET_1,1.5,13,87.0,WYCKOFF_SPRING_TYPE_2,True,True,True,3.0,True,NONE
FACT,2025-08-06 15:30:00 IST,BULL,2025-08-06 09:15:00 IST,1513.24,1456.68,1598.09,1626.36,1654.64,1682.92,2025-08-12 15:30:00 IST,1456.68,STOP_LOSS,-1.0,4,90.0,HIGHER_LOW_REVERSAL,True,True,True,3.74,True,NONE
FACT,2025-11-14 15:30:00 IST,SIDEWAYS,2025-11-14 09:15:00 IST,1552.31,1459.17,1692.02,1738.59,1785.16,1831.73,2025-11-26 15:30:00 IST,1459.17,STOP_LOSS,-1.0,8,87.0,V_REVERSAL,True,True,True,6.0,True,NONE
FACT,2026-01-16 15:30:00 IST,BEAR,2026-01-16 09:15:00 IST,1325.67,1284.89,1386.85,1407.23,1427.62,1448.01,2026-01-20 15:30:00 IST,1284.89,STOP_LOSS,-1.0,2,89.0,WYCKOFF_SPRING_TYPE_2,True,True,True,3.08,True,NONE
FACT,2026-03-02 15:30:00 IST,BULL,2026-03-02 09:15:00 IST,1383.89,1339.39,1450.64,1472.89,1495.14,1517.39,2026-03-10 15:30:00 IST,1450.64,TARGET_1,1.5,6,91.0,MULTI_MONTH_BASE_BREAKOUT,True,True,True,3.22,True,NONE
FACT,2026-05-13 15:30:00 IST,BULL,2026-05-13 09:15:00 IST,1757.67,1675.05,1881.61,1922.91,1964.22,2005.53,2026-06-10 15:30:00 IST,1850.74,TIMEOUT_20D,1.13,20,96.0,MULTI_MONTH_BASE_BREAKOUT,True,True,True,4.7,True,NONE
FEDERALBNK,2025-05-09 15:30:00 IST,BEAR,2025-05-09 09:15:00 IST,2060.34,1963.98,2204.89,2253.06,2301.24,2349.42,2025-06-06 15:30:00 IST,2024.79,TIMEOUT_20D,-0.37,20,86.0,V_REVERSAL,True,True,True,4.68,True,NONE
FEDERALBNK,2025-06-16 15:30:00 IST,SIDEWAYS,2025-06-16 09:15:00 IST,2039.63,1967.29,2148.13,2184.31,2220.48,2256.65,2025-07-14 15:30:00 IST,2097.85,TIMEOUT_20D,0.8,20,84.0,WYCKOFF_SPRING_TYPE_2,True,True,True,3.55,True,NONE
FEDERALBNK,2025-09-04 15:30:00 IST,BULL,2025-09-04 09:15:00 IST,2366.35,2280.53,2495.07,2537.99,2580.9,2623.81,2025-10-02 15:30:00 IST,2369.12,TIMEOUT_20D,0.03,20,94.0,HIGHER_LOW_REVERSAL,True,True,True,3.63,True,NONE
FEDERALBNK,2025-09-29 15:30:00 IST,BULL,2025-09-29 09:15:00 IST,2351.36,2309.04,2414.84,2436.0,2457.16,2478.32,2025-10-03 15:30:00 IST,2309.04,STOP_LOSS,-1.0,4,93.0,CUP_HANDLE,True,True,True,1.8,True,NONE
FEDERALBNK,2026-01-05 15:30:00 IST,BULL,2026-01-05 09:15:00 IST,2368.84,2303.35,2467.07,2499.82,2532.57,2565.31,2026-01-21 15:30:00 IST,2303.35,STOP_LOSS,-1.0,12,84.0,CUP_HANDLE,True,True,True,2.76,True,NONE
FEDERALBNK,2026-01-16 15:30:00 IST,BEAR,2026-01-16 09:15:00 IST,2366.56,2303.35,2461.38,2492.98,2524.59,2556.19,2026-01-21 15:30:00 IST,2303.35,STOP_LOSS,-1.0,3,88.0,V_REVERSAL,True,True,True,2.67,True,NONE
FEDERALBNK,2026-03-31 15:30:00 IST,SIDEWAYS,2026-03-31 09:15:00 IST,2176.64,2075.08,2328.97,2379.76,2430.54,2481.32,2026-04-16 15:30:00 IST,2075.08,STOP_LOSS,-1.0,12,91.0,V_REVERSAL,True,True,True,4.67,True,NONE
FEDERALBNK,2026-04-06 15:30:00 IST,SIDEWAYS,2026-04-06 09:15:00 IST,2189.52,2075.08,2361.17,2418.4,2475.62,2532.84,2026-04-16 15:30:00 IST,2075.08,STOP_LOSS,-1.0,8,89.0,V_REVERSAL,True,True,True,5.23,True,NONE
FEDERALBNK,2026-06-01 15:30:00 IST,BULL,2026-06-01 09:15:00 IST,2230.4,2187.76,2294.35,2315.68,2337.0,2358.32,2026-06-08 15:30:00 IST,2294.35,TARGET_1,1.5,5,87.0,CUP_HANDLE,True,True,True,1.91,True,NONE
FEDERALBNK,2026-08-12 15:30:00 IST,SIDEWAYS,2026-08-12 09:15:00 IST,2403.34,2370.48,2452.63,2469.06,2485.49,2501.92,2026-08-13 15:30:00 IST,2452.63,TARGET_1,1.5,1,96.0,WYCKOFF_SPRING_TYPE_2,True,True,True,1.37,True,NONE
FEDFINA,2025-03-13 15:30:00 IST,BULL,2025-03-13 09:15:00 IST,1849.35,1794.57,1931.53,1958.91,1986.3,2013.69,2025-03-19 15:30:00 IST,1794.57,STOP_LOSS,-1.0,4,88.0,CUP_HANDLE,True,True,True,2.96,True,NONE
FEDFINA,2025-06-13 15:30:00 IST,BULL,2025-06-13 09:15:00 IST,1858.51,1814.16,1925.03,1947.21,1969.38,1991.56,2025-06-17 15:30:00 IST,1814.16,STOP_LOSS,-1.0,2,92.0,CUP_HANDLE,True,True,True,2.39,True,NONE
FEDFINA,2025-12-22 15:30:00 IST,BULL,2025-12-22 09:15:00 IST,1890.85,1862.05,1934.05,1948.45,1962.85,1977.25,2025-12-30 15:30:00 IST,1934.05,TARGET_1,1.5,6,87.0,CUP_HANDLE,True,True,True,1.52,True,NONE
FEDFINA,2026-06-03 15:30:00 IST,BULL,2026-06-03 09:15:00 IST,2480.0,2415.88,2576.17,2608.24,2640.3,2672.36,2026-06-19 15:30:00 IST,2576.17,TARGET_1,1.5,12,89.0,CUP_HANDLE,True,True,True,2.59,True,NONE
FEDFINA,2026-06-29 15:30:00 IST,BULL,2026-06-29 09:15:00 IST,2584.95,2545.77,2643.73,2663.31,2682.9,2702.49,2026-07-06 15:30:00 IST,2545.77,STOP_LOSS,-1.0,5,91.0,CUP_HANDLE,True,True,True,1.52,True,NONE
FINIETF.NS,2026-07-31 15:30:00 IST,BULL,2026-07-31 09:15:00 IST,33.54,32.19,35.57,36.24,36.92,37.59,2026-08-24 15:30:00 IST,33.52,TIMEOUT_20D,-0.01,16,89.0,CUP_HANDLE,True,True,True,4.03,True,NONE
FIEMIND,2025-04-29 15:30:00 IST,SIDEWAYS,2025-04-29 09:15:00 IST,1667.15,1595.11,1775.21,1811.23,1847.25,1883.27,2025-05-22 15:30:00 IST,1595.11,STOP_LOSS,-1.0,17,94.0,WYCKOFF_SPRING_TYPE_2,True,True,True,4.32,True,NONE
FIEMIND,2025-08-22 15:30:00 IST,SIDEWAYS,2025-08-22 09:15:00 IST,1299.89,1239.21,1390.9,1421.25,1451.59,1481.93,2025-09-19 15:30:00 IST,1271.45,TIMEOUT_20D,-0.47,20,88.0,DOUBLE_BOTTOM,True,True,True,4.67,True,NONE
FIEMIND,2025-10-13 15:30:00 IST,SIDEWAYS,2025-10-13 09:15:00 IST,1298.79,1239.21,1388.15,1417.95,1447.74,1477.53,2025-10-28 15:30:00 IST,1388.15,TARGET_1,1.5,11,91.0,DOUBLE_BOTTOM,True,True,True,4.59,True,NONE
FIEMIND,2026-01-14 15:30:00 IST,BULL,2026-01-14 09:15:00 IST,1714.59,1645.07,1818.87,1853.63,1888.39,1923.15,2026-02-11 15:30:00 IST,1758.06,TIMEOUT_20D,0.63,20,88.0,MULTI_MONTH_BASE_BREAKOUT,True,True,True,4.05,True,NONE
FIEMIND,2026-03-12 15:30:00 IST,BULL,2026-03-12 09:15:00 IST,1753.49,1725.34,1795.73,1809.79,1823.87,1837.94,2026-03-18 15:30:00 IST,1725.34,STOP_LOSS,-1.0,4,85.0,CUP_HANDLE,True,True,True,1.61,True,NONE
FIEMIND,2026-04-29 15:30:00 IST,BEAR,2026-04-29 09:15:00 IST,1653.55,1613.93,1712.98,1732.79,1752.6,1772.41,2026-05-14 15:30:00 IST,1712.98,TARGET_1,1.5,11,84.0,WYCKOFF_SPRING_TYPE_2,True,True,True,2.4,True,NONE
FIEMIND,2026-06-18 15:30:00 IST,BULL,2026-06-18 09:15:00 IST,1790.2,1695.91,1931.64,1978.78,2025.92,2073.07,2026-07-09 15:30:00 IST,1695.91,STOP_LOSS,-1.0,15,82.0,V_REVERSAL,True,True,True,5.27,True,NONE
FIEMIND,2026-08-17 15:30:00 IST,SIDEWAYS,2026-08-17 09:15:00 IST,1713.3,1661.16,1791.52,1817.58,1843.65,1869.72,2026-08-23 15:30:00 IST,1791.52,TARGET_1,1.5,4,84.0,V_REVERSAL,True,True,True,3.04,True,NONE
FIRSTCRY,2026-01-05 15:30:00 IST,SIDEWAYS,2026-01-05 09:15:00 IST,299.25,281.29,326.19,335.17,344.15,353.13,2026-01-08 15:30:00 IST,281.29,STOP_LOSS,-1.0,4,94.0,BULL_PENNANT,True,True,True,6.0,True,NONE
FIRSTCRY,2026-02-26 15:30:00 IST,BEAR,2026-02-26 09:15:00 IST,220.45,207.22,240.29,246.91,253.52,260.14,2026-03-19 15:30:00 IST,240.29,TARGET_1,1.5,15,83.0,SHAKEOUT_RECLAIM,True,True,True,6.0,True,NONE
FIRSTCRY,2026-03-20 15:30:00 IST,SIDEWAYS,2026-03-20 09:15:00 IST,250.87,235.82,273.44,280.97,288.5,296.02,2026-03-22 15:30:00 IST,235.82,STOP_LOSS,-1.0,1,96.0,SHAKEOUT_RECLAIM,True,True,True,6.0,True,NONE
FIRSTCRY,2026-05-12 15:30:00 IST,SIDEWAYS,2026-05-12 09:15:00 IST,235.48,222.0,255.7,262.44,269.18,275.92,2026-05-17 15:30:00 IST,222.0,STOP_LOSS,-1.0,4,94.0,SHAKEOUT_RECLAIM,True,True,True,5.72,True,NONE
FIRSTCRY,2026-05-21 15:30:00 IST,SIDEWAYS,2026-05-21 09:15:00 IST,234.09,220.04,255.16,262.19,269.22,276.24,2026-06-03 15:30:00 IST,220.04,STOP_LOSS,-1.0,10,88.0,V_REVERSAL,True,True,True,6.0,True,NONE
FIRSTCRY,2026-09-03 15:30:00 IST,BEAR,2026-09-03 09:15:00 IST,178.67,167.95,194.75,200.11,205.47,210.83,2026-09-10 15:30:00 IST,167.95,STOP_LOSS,-1.0,6,87.0,SHAKEOUT_RECLAIM,True,True,True,6.0,True,NONE
FINPIPE,2025-12-30 15:30:00 IST,SIDEWAYS,2025-12-30 09:15:00 IST,170.8,161.3,185.05,189.8,194.55,199.3,2026-01-04 15:30:00 IST,185.05,TARGET_1,1.5,4,88.0,WYCKOFF_SPRING_TYPE_2,True,True,True,5.56,True,NONE
FINPIPE,2026-02-11 15:30:00 IST,BULL,2026-02-11 09:15:00 IST,181.52,170.63,197.86,203.3,208.75,214.19,2026-03-11 15:30:00 IST,188.31,TIMEOUT_20D,0.62,20,82.0,HIGHER_LOW_REVERSAL,True,True,True,6.0,True,NONE
FIVESTAR,2025-10-29 15:30:00 IST,SIDEWAYS,2025-10-29 09:15:00 IST,605.05,583.94,636.71,647.27,657.82,668.38,2025-10-29 15:30:00 IST,636.71,TARGET_1,1.5,1,94.0,MULTI_MONTH_BASE_BREAKOUT,True,True,True,3.49,True,NONE
FIVESTAR,2026-03-18 15:30:00 IST,BEAR,2026-03-18 09:15:00 IST,376.8,354.19,410.71,422.02,433.33,444.63,2026-03-18 15:30:00 IST,354.19,STOP_LOSS,-1.0,1,93.0,SHAKEOUT_RECLAIM,True,True,True,6.0,True,NONE
FIVESTAR,2026-04-07 15:30:00 IST,BEAR,2026-04-07 09:15:00 IST,374.2,351.75,407.88,419.1,430.32,441.55,2026-04-07 15:30:00 IST,407.88,TARGET_1,1.5,1,92.0,SHAKEOUT_RECLAIM,True,True,True,6.0,True,NONE
FIVESTAR,2026-06-12 15:30:00 IST,BEAR,2026-06-12 09:15:00 IST,439.15,412.8,478.67,491.85,505.02,518.2,2026-06-14 15:30:00 IST,478.67,TARGET_1,1.5,1,86.0,SHAKEOUT_RECLAIM,True,True,True,6.0,True,NONE
FIVESTAR,2026-06-18 15:30:00 IST,SIDEWAYS,2026-06-18 09:15:00 IST,518.85,487.72,565.54,581.11,596.67,612.24,2026-06-28 15:30:00 IST,487.72,STOP_LOSS,-1.0,7,86.0,V_REVERSAL,True,True,True,6.0,True,NONE
FIVESTAR,2026-07-02 15:30:00 IST,BULL,2026-07-02 09:15:00 IST,543.9,511.27,592.85,609.16,625.47,641.79,2026-07-29 15:30:00 IST,551.0,TIMEOUT_20D,0.22,20,86.0,BULL_FLAG,True,True,True,6.0,True,NONE
FMCGIETF.NS,2026-04-17 15:30:00 IST,SIDEWAYS,2026-04-17 09:15:00 IST,53.21,50.02,57.99,59.59,61.18,62.78,2026-05-17 15:30:00 IST,54.56,TIMEOUT_20D,0.42,20,89.0,WYCKOFF_SPRING_TYPE_2,True,True,True,6.0,True,NONE
FLUOROCHEM,2025-12-09 15:30:00 IST,SIDEWAYS,2025-12-09 09:15:00 IST,3485.4,3276.28,3799.08,3903.64,4008.2,4112.76,2026-01-06 15:30:00 IST,3508.5,TIMEOUT_20D,0.11,20,90.0,V_REVERSAL,True,True,True,6.0,True,NONE
FLUOROCHEM,2026-03-18 15:30:00 IST,BEAR,2026-03-18 09:15:00 IST,3142.8,2954.23,3425.66,3519.94,3614.23,3708.51,2026-03-29 15:30:00 IST,2954.23,STOP_LOSS,-1.0,7,86.0,SHAKEOUT_RECLAIM,True,True,True,6.0,True,NONE
FLUOROCHEM,2026-04-24 15:30:00 IST,SIDEWAYS,2026-04-24 09:15:00 IST,3383.3,3234.25,3606.88,3681.4,3755.93,3830.45,2026-04-29 15:30:00 IST,3606.88,TARGET_1,1.5,4,90.0,CUP_HANDLE,True,True,True,4.41,True,NONE
FLUOROCHEM,2026-04-30 15:30:00 IST,BULL,2026-04-30 09:15:00 IST,3602.0,3443.5,3839.75,3919.0,3998.25,4077.5,2026-05-05 15:30:00 IST,3839.75,TARGET_1,1.5,4,97.0,MULTI_MONTH_BASE_BREAKOUT,True,True,True,4.4,True,NONE
FLUOROCHEM,2026-06-30 15:30:00 IST,BULL,2026-06-30 09:15:00 IST,3964.0,3772.94,4250.59,4346.12,4441.65,4537.18,2026-07-19 15:30:00 IST,4250.59,TARGET_1,1.5,14,87.0,BULL_FLAG,True,True,True,4.82,True,NONE
FLUOROCHEM,2026-07-15 15:30:00 IST,BULL,2026-07-15 09:15:00 IST,4131.6,3916.86,4453.71,4561.08,4668.45,4775.82,2026-07-20 15:30:00 IST,4453.71,TARGET_1,1.5,4,96.0,MULTI_MONTH_BASE_BREAKOUT,True,True,True,5.2,True,NONE
FLUOROCHEM,2026-07-21 15:30:00 IST,BULL,2026-07-21 09:15:00 IST,4607.1,4330.67,5021.75,5159.96,5298.18,5436.39,2026-08-17 15:30:00 IST,4674.8,TIMEOUT_20D,0.24,20,96.0,MULTI_MONTH_BASE_BREAKOUT,True,True,True,6.0,True,NONE
FINCABLES,2025-03-11 15:30:00 IST,BULL,2025-03-11 09:15:00 IST,1788.8,1741.2,1860.21,1884.0,1907.8,1931.6,2025-03-20 15:30:00 IST,1741.2,STOP_LOSS,-1.0,7,87.0,CUP_HANDLE,True,True,True,2.66,True,NONE
FINCABLES,2025-08-28 15:30:00 IST,BULL,2025-08-28 09:15:00 IST,1454.24,1366.98,1585.12,1628.76,1672.39,1716.02,2025-09-18 15:30:00 IST,1366.98,STOP_LOSS,-1.0,15,85.0,WYCKOFF_SPRING_TYPE_2,True,True,True,6.0,True,NONE
FINCABLES,2025-10-31 15:30:00 IST,SIDEWAYS,2025-10-31 09:15:00 IST,1344.31,1291.92,1422.9,1449.09,1475.28,1501.48,2025-11-28 15:30:00 IST,1364.17,TIMEOUT_20D,0.38,20,84.0,V_REVERSAL,True,True,True,3.9,True,NONE
FINCABLES,2025-12-08 15:30:00 IST,BULL,2025-12-08 09:15:00 IST,1407.85,1352.44,1490.98,1518.67,1546.37,1574.08,2025-12-16 15:30:00 IST,1352.44,STOP_LOSS,-1.0,6,88.0,CUP_HANDLE,True,True,True,3.94,True,NONE
FINCABLES,2026-01-07 15:30:00 IST,BULL,2026-01-07 09:15:00 IST,1426.69,1375.22,1503.89,1529.63,1555.37,1581.1,2026-01-14 15:30:00 IST,1503.89,TARGET_1,1.5,5,88.0,MULTI_MONTH_BASE_BREAKOUT,True,True,True,3.61,True,NONE
FINCABLES,2026-09-03 15:30:00 IST,BEAR,2026-09-03 09:15:00 IST,1263.9,1188.07,1377.65,1415.56,1453.48,1491.39,2026-09-09 15:30:00 IST,1377.65,TARGET_1,1.5,5,92.0,SHAKEOUT_RECLAIM,True,True,True,6.0,True,NONE
FORCEMOT,2025-12-30 15:30:00 IST,BULL,2025-12-30 09:15:00 IST,19845.0,18721.0,21531.0,22093.0,22655.0,23217.0,2026-01-01 15:30:00 IST,21531.0,TARGET_1,1.5,3,95.0,MULTI_MONTH_BASE_BREAKOUT,True,True,True,5.66,True,NONE
FORCEMOT,2026-01-12 15:30:00 IST,BULL,2026-01-12 09:15:00 IST,19900.0,18706.0,21691.0,22288.0,22885.0,23482.0,2026-01-26 15:30:00 IST,18706.0,STOP_LOSS,-1.0,10,90.0,DOUBLE_BOTTOM,True,True,True,6.0,True,NONE
FORCEMOT,2026-02-09 15:30:00 IST,BULL,2026-02-09 09:15:00 IST,22361.0,21019.34,24373.49,25044.32,25715.15,26385.98,2026-02-10 15:30:00 IST,24373.49,TARGET_1,1.5,2,86.0,DOUBLE_BOTTOM,True,True,True,6.0,True,NONE
FORCEMOT,2026-02-17 15:30:00 IST,BULL,2026-02-17 09:15:00 IST,25776.0,24229.44,28095.84,28869.12,29642.4,30415.68,2026-02-18 15:30:00 IST,24229.44,STOP_LOSS,-1.0,2,89.0,WYCKOFF_SPRING_TYPE_2,True,True,True,6.0,True,NONE
FORCEMOT,2026-04-08 15:30:00 IST,SIDEWAYS,2026-04-08 09:15:00 IST,22075.0,20750.5,24061.75,24724.0,25386.25,26048.5,2026-04-22 15:30:00 IST,20750.5,STOP_LOSS,-1.0,10,98.0,WYCKOFF_SPRING_TYPE_2,True,True,True,6.0,True,NONE
FORCEMOT,2026-05-06 15:30:00 IST,BEAR,2026-05-06 09:15:00 IST,20173.0,18962.62,21988.57,22593.76,23198.95,23804.14,2026-05-19 15:30:00 IST,18962.62,STOP_LOSS,-1.0,10,86.0,SHAKEOUT_RECLAIM,True,True,True,6.0,True,NONE
FORCEMOT,2026-06-04 15:30:00 IST,BEAR,2026-06-04 09:15:00 IST,18592.0,17476.48,20265.28,20823.04,21380.8,21938.56,2026-06-07 15:30:00 IST,17476.48,STOP_LOSS,-1.0,2,92.0,SHAKEOUT_RECLAIM,True,True,True,6.0,True,NONE
FORCEMOT,2026-06-30 15:30:00 IST,SIDEWAYS,2026-06-30 09:15:00 IST,18580.0,17465.2,20252.2,20809.6,21367.0,21924.4,2026-07-21 15:30:00 IST,17465.2,STOP_LOSS,-1.0,16,90.0,WYCKOFF_SPRING_TYPE_2,True,True,True,6.0,True,NONE
FORTIS,2026-01-06 15:30:00 IST,SIDEWAYS,2026-01-06 09:15:00 IST,945.0,888.3,1030.05,1058.4,1086.75,1115.1,2026-01-11 15:30:00 IST,888.3,STOP_LOSS,-1.0,4,90.0,SHAKEOUT_RECLAIM,True,True,True,6.0,True,NONE
FORTIS,2026-02-26 15:30:00 IST,BULL,2026-02-26 09:15:00 IST,963.65,905.83,1050.38,1079.29,1108.2,1137.11,2026-03-01 15:30:00 IST,905.83,STOP_LOSS,-1.0,2,88.0,BULL_FLAG,True,True,True,6.0,True,NONE
FORTIS,2026-05-11 15:30:00 IST,BULL,2026-05-11 09:15:00 IST,974.15,915.7,1061.83,1091.05,1120.27,1149.5,2026-06-01 15:30:00 IST,915.7,STOP_LOSS,-1.0,16,89.0,BULL_FLAG,True,True,True,6.0,True,NONE
FSL,2025-10-27 15:30:00 IST,SIDEWAYS,2025-10-27 09:15:00 IST,345.12,324.41,376.18,386.54,396.89,407.25,2025-11-24 15:30:00 IST,342.92,TIMEOUT_20D,-0.11,20,96.0,WYCKOFF_SPRING_TYPE_2,True,True,True,6.0,True,NONE
FSL,2025-12-22 15:30:00 IST,BULL,2025-12-22 09:15:00 IST,348.64,327.72,380.02,390.48,400.94,411.4,2025-12-29 15:30:00 IST,327.72,STOP_LOSS,-1.0,5,87.0,WYCKOFF_SPRING_TYPE_2,True,True,True,6.0,True,NONE
FSL,2026-01-13 15:30:00 IST,BEAR,2026-01-13 09:15:00 IST,315.17,297.24,342.07,351.03,360.0,368.96,2026-02-01 15:30:00 IST,297.24,STOP_LOSS,-1.0,13,93.0,SHAKEOUT_RECLAIM,True,True,True,5.69,True,NONE
FSL,2026-05-06 15:30:00 IST,BULL,2026-05-06 09:15:00 IST,243.41,228.81,265.31,272.61,279.91,287.21,2026-05-07 15:30:00 IST,265.31,TARGET_1,1.5,2,96.0,DOUBLE_BOTTOM,True,True,True,6.0,True,NONE
FSL,2026-07-06 15:30:00 IST,SIDEWAYS,2026-07-06 09:15:00 IST,249.32,234.36,271.76,279.24,286.72,294.2,2026-07-13 15:30:00 IST,271.76,TARGET_1,1.5,6,91.0,V_REVERSAL,True,True,True,6.0,True,NONE
FSL,2026-07-10 15:30:00 IST,SIDEWAYS,2026-07-10 09:15:00 IST,259.71,244.13,283.08,290.87,298.66,306.45,2026-07-28 15:30:00 IST,283.08,TARGET_1,1.5,13,95.0,WYCKOFF_SPRING_TYPE_2,True,True,True,6.0,True,NONE
FSL,2026-07-29 15:30:00 IST,BULL,2026-07-29 09:15:00 IST,293.58,275.97,319.99,328.8,337.6,346.41,2026-08-02 15:30:00 IST,319.99,TARGET_1,1.5,3,93.0,MULTI_MONTH_BASE_BREAKOUT,True,True,True,6.0,True,NONE
GABRIEL,2025-11-19 15:30:00 IST,BEAR,2025-11-19 09:15:00 IST,1114.79,1047.9,1215.12,1248.57,1282.01,1315.46,2025-11-19 15:30:00 IST,1047.9,STOP_LOSS,-1.0,1,93.0,SHAKEOUT_RECLAIM,True,True,True,6.0,True,NONE
GABRIEL,2026-02-04 15:30:00 IST,SIDEWAYS,2026-02-04 09:15:00 IST,968.9,910.77,1056.1,1085.16,1114.22,1143.29,2026-02-10 15:30:00 IST,1056.1,TARGET_1,1.5,5,92.0,SHAKEOUT_RECLAIM,True,True,True,6.0,True,NONE
GABRIEL,2026-02-25 15:30:00 IST,SIDEWAYS,2026-02-25 09:15:00 IST,1011.6,950.9,1102.65,1133.0,1163.35,1193.7,2026-03-01 15:30:00 IST,950.9,STOP_LOSS,-1.0,3,86.0,V_REVERSAL,True,True,True,6.0,True,NONE
GABRIEL,2026-05-07 15:30:00 IST,BULL,2026-05-07 09:15:00 IST,1126.6,1059.0,1228.0,1261.8,1295.6,1329.4,2026-05-17 15:30:00 IST,1059.0,STOP_LOSS,-1.0,7,87.0,V_REVERSAL,True,True,True,6.0,True,NONE
GABRIEL,2026-06-09 15:30:00 IST,SIDEWAYS,2026-06-09 09:15:00 IST,1054.3,991.04,1149.19,1180.82,1212.45,1244.08,2026-06-10 15:30:00 IST,991.04,STOP_LOSS,-1.0,2,90.0,SHAKEOUT_RECLAIM,True,True,True,6.0,True,NONE
GABRIEL,2026-06-19 15:30:00 IST,BULL,2026-06-19 09:15:00 IST,1197.4,1125.56,1305.16,1341.08,1377.0,1412.92,2026-07-14 15:30:00 IST,1305.16,TARGET_1,1.5,18,93.0,BULL_FLAG,True,True,True,6.0,True,NONE
GABRIEL,2026-06-29 15:30:00 IST,BULL,2026-06-29 09:15:00 IST,1275.2,1198.69,1389.96,1428.22,1466.47,1504.73,2026-07-19 15:30:00 IST,1389.96,TARGET_1,1.5,15,90.0,WYCKOFF_SPRING_TYPE_2,True,True,True,6.0,True,NONE
GABRIEL,2026-07-15 15:30:00 IST,BULL,2026-07-15 09:15:00 IST,1354.5,1273.23,1476.4,1517.04,1557.67,1598.31,2026-07-20 15:30:00 IST,1476.4,TARGET_1,1.5,4,94.0,SHAKEOUT_RECLAIM,True,True,True,6.0,True,NONE
GABRIEL,2026-08-31 15:30:00 IST,BULL,2026-08-31 09:15:00 IST,1437.9,1351.63,1567.31,1610.44,1653.58,1696.71,2026-09-02 15:30:00 IST,1351.63,STOP_LOSS,-1.0,3,87.0,V_REVERSAL,True,True,True,6.0,True,NONE
GALAPREC,2026-05-13 15:30:00 IST,BULL,2026-05-13 09:15:00 IST,861.85,810.14,939.41,965.27,991.13,1016.98,2026-05-25 15:30:00 IST,939.41,TARGET_1,1.5,9,82.0,CUP_HANDLE,True,True,True,6.0,True,NONE
GALAPREC,2026-06-22 15:30:00 IST,BULL,2026-06-22 09:15:00 IST,1173.1,1102.71,1278.68,1313.88,1349.07,1384.27,2026-06-22 15:30:00 IST,1102.71,STOP_LOSS,-1.0,1,91.0,BULL_FLAG,True,True,True,6.0,True,NONE
GALAXYSURF,2026-08-14 15:30:00 IST,BULL,2026-08-14 09:15:00 IST,2508.4,2357.9,2734.15,2809.4,2884.65,2959.9,2026-08-18 15:30:00 IST,2357.9,STOP_LOSS,-1.0,3,89.0,V_REVERSAL,True,True,True,6.0,True,NONE
GARFIBRES,2025-11-13 15:30:00 IST,SIDEWAYS,2025-11-13 09:15:00 IST,743.7,699.08,810.63,832.94,855.25,877.56,2025-11-16 15:30:00 IST,699.08,STOP_LOSS,-1.0,2,86.0,SHAKEOUT_RECLAIM,True,True,True,6.0,True,NONE
GARFIBRES,2025-12-09 15:30:00 IST,BEAR,2025-12-09 09:15:00 IST,690.1,648.69,752.21,772.92,793.62,814.33,2026-01-06 15:30:00 IST,675.1,TIMEOUT_20D,-0.36,20,87.0,SHAKEOUT_RECLAIM,True,True,True,6.0,True,NONE
GARFIBRES,2026-02-03 15:30:00 IST,SIDEWAYS,2026-02-03 09:15:00 IST,744.1,699.45,811.07,833.4,855.72,878.05,2026-02-05 15:30:00 IST,699.45,STOP_LOSS,-1.0,3,85.0,BULL_PENNANT,True,True,True,6.0,True,NONE
GARFIBRES,2026-05-04 15:30:00 IST,SIDEWAYS,2026-05-04 09:15:00 IST,634.65,596.93,691.23,710.09,728.95,747.81,2026-05-06 15:30:00 IST,691.23,TARGET_1,1.5,3,98.0,DOUBLE_BOTTOM,True,True,True,5.94,True,NONE
GARFIBRES,2026-06-09 15:30:00 IST,BULL,2026-06-09 09:15:00 IST,688.3,647.0,750.25,770.9,791.55,812.2,2026-06-18 15:30:00 IST,750.25,TARGET_1,1.5,8,91.0,DOUBLE_BOTTOM,True,True,True,6.0,True,NONE
GARFIBRES,2026-06-19 15:30:00 IST,BULL,2026-06-19 09:15:00 IST,796.4,748.62,868.07,891.96,915.85,939.74,2026-06-23 15:30:00 IST,748.62,STOP_LOSS,-1.0,3,89.0,BULL_FLAG,True,True,True,6.0,True,NONE
GARFIBRES,2026-08-06 15:30:00 IST,BULL,2026-08-06 09:15:00 IST,838.85,788.52,914.34,939.51,964.68,989.84,2026-08-10 15:30:00 IST,788.52,STOP_LOSS,-1.0,3,83.0,V_REVERSAL,True,True,True,6.0,True,NONE
GARFIBRES,2026-08-18 15:30:00 IST,BULL,2026-08-18 09:15:00 IST,775.7,729.16,845.51,868.78,892.05,915.32,2026-08-31 15:30:00 IST,845.51,TARGET_1,1.5,10,85.0,HIGHER_LOW_REVERSAL,True,True,True,6.0,True,NONE
GAIL,2025-02-26 15:30:00 IST,BULL,2025-02-26 09:15:00 IST,1351.0,1308.57,1414.65,1435.86,1457.08,1478.29,2025-03-26 15:30:00 IST,1346.97,TIMEOUT_20D,-0.09,20,92.0,MULTI_MONTH_BASE_BREAKOUT,True,True,True,3.14,True,NONE
GAIL,2025-05-28 15:30:00 IST,SIDEWAYS,2025-05-28 09:15:00 IST,1448.6,1411.8,1503.81,1522.2,1540.6,1559.0,2025-06-19 15:30:00 IST,1411.8,STOP_LOSS,-1.0,16,90.0,WYCKOFF_SPRING_TYPE_2,True,True,True,2.54,True,NONE
GAIL,2025-07-31 15:30:00 IST,SIDEWAYS,2025-07-31 09:15:00 IST,1406.53,1346.45,1496.64,1526.69,1556.73,1586.77,2025-08-20 15:30:00 IST,1346.45,STOP_LOSS,-1.0,14,86.0,WYCKOFF_SPRING_TYPE_2,True,True,True,4.27,True,NONE
GAIL,2026-02-20 15:30:00 IST,SIDEWAYS,2026-02-20 09:15:00 IST,1230.21,1156.39,1340.93,1377.85,1414.76,1451.67,2026-03-13 15:30:00 IST,1156.39,STOP_LOSS,-1.0,15,85.0,V_REVERSAL,True,True,True,6.0,True,NONE
GAIL,2026-05-22 15:30:00 IST,BULL,2026-05-22 09:15:00 IST,1352.38,1293.35,1440.91,1470.44,1499.96,1529.47,2026-05-28 15:30:00 IST,1293.35,STOP_LOSS,-1.0,4,95.0,MULTI_MONTH_BASE_BREAKOUT,True,True,True,4.36,True,NONE
GAIL,2026-07-17 15:30:00 IST,BEAR,2026-07-17 09:15:00 IST,1210.61,1171.37,1269.48,1289.09,1308.71,1328.33,2026-07-23 15:30:00 IST,1171.37,STOP_LOSS,-1.0,4,89.0,WYCKOFF_SPRING_TYPE_2,True,True,True,3.24,True,NONE
GAIL,2026-08-24 15:30:00 IST,BEAR,2026-08-24 09:15:00 IST,173.25,169.9,178.27,179.95,181.62,183.3,2026-08-27 15:30:00 IST,169.9,STOP_LOSS,-1.0,4,95.0,SHAKEOUT_RECLAIM,True,True,True,1.93,True,NONE
GAIL,2026-08-31 15:30:00 IST,BEAR,2026-08-31 09:15:00 IST,176.99,168.77,189.31,193.43,197.54,201.65,2026-09-10 15:30:00 IST,173.62,TIMEOUT_20D,-0.41,9,95.0,SHAKEOUT_RECLAIM,True,True,True,4.64,True,NONE
GAEL,2025-03-18 15:30:00 IST,BULL,2025-03-18 09:15:00 IST,1006.58,946.18,1097.18,1127.38,1157.58,1187.78,2025-04-15 15:30:00 IST,1035.43,TIMEOUT_20D,0.48,20,81.0,V_REVERSAL,True,True,True,6.0,True,NONE
GAEL,2025-06-27 15:30:00 IST,BULL,2025-06-27 09:15:00 IST,1077.77,1029.83,1149.68,1173.65,1197.62,1221.59,2025-07-25 15:30:00 IST,1043.42,TIMEOUT_20D,-0.72,20,91.0,DOUBLE_BOTTOM,True,True,True,4.45,True,NONE
GAEL,2025-12-16 15:30:00 IST,SIDEWAYS,2025-12-16 09:15:00 IST,1415.85,1393.52,1449.34,1460.51,1471.67,1482.84,2025-12-18 15:30:00 IST,1449.34,TARGET_1,1.5,2,89.0,WYCKOFF_SPRING_TYPE_2,True,True,True,1.58,True,NONE
GAEL,2026-04-06 15:30:00 IST,SIDEWAYS,2026-04-06 09:15:00 IST,1293.76,1258.71,1346.34,1363.86,1381.38,1398.91,2026-04-13 15:30:00 IST,1346.34,TARGET_1,1.5,5,90.0,HIGHER_LOW_REVERSAL,True,True,True,2.71,True,NONE
GAEL,2026-07-22 15:30:00 IST,SIDEWAYS,2026-07-22 09:15:00 IST,1375.93,1299.48,1490.59,1528.83,1567.06,1605.28,2026-08-10 15:30:00 IST,1490.59,TARGET_1,1.5,13,95.0,WYCKOFF_SPRING_TYPE_2,True,True,True,5.56,True,NONE
GAEL,2026-08-19 15:30:00 IST,SIDEWAYS,2026-08-19 09:15:00 IST,1474.68,1386.2,1607.4,1651.64,1695.88,1740.12,2026-08-19 15:30:00 IST,1386.2,STOP_LOSS,-1.0,1,100.0,SHAKEOUT_RECLAIM,True,True,True,6.0,True,NONE
GARUDA,2026-01-13 15:30:00 IST,SIDEWAYS,2026-01-13 09:15:00 IST,194.7,183.02,212.22,218.06,223.9,229.74,2026-01-13 15:30:00 IST,183.02,STOP_LOSS,-1.0,1,97.0,SHAKEOUT_RECLAIM,True,True,True,6.0,True,NONE
GARUDA,2026-02-11 15:30:00 IST,SIDEWAYS,2026-02-11 09:15:00 IST,203.29,191.09,221.59,227.69,233.79,239.89,2026-02-18 15:30:00 IST,191.09,STOP_LOSS,-1.0,6,88.0,V_REVERSAL,True,True,True,6.0,True,NONE
GARUDA,2026-04-01 15:30:00 IST,BEAR,2026-04-01 09:15:00 IST,147.36,138.52,160.62,165.04,169.46,173.88,2026-04-01 15:30:00 IST,138.52,STOP_LOSS,-1.0,1,87.0,SHAKEOUT_RECLAIM,True,True,True,6.0,True,NONE
GARUDA,2026-05-05 15:30:00 IST,BULL,2026-05-05 09:15:00 IST,196.62,184.82,214.32,220.22,226.12,232.02,2026-05-11 15:30:00 IST,184.82,STOP_LOSS,-1.0,5,92.0,CUP_HANDLE,True,True,True,6.0,True,NONE
GENUSPOWER,2025-12-09 15:30:00 IST,BEAR,2025-12-09 09:15:00 IST,307.6,292.83,329.76,337.14,344.53,351.91,2025-12-28 15:30:00 IST,292.83,STOP_LOSS,-1.0,13,87.0,SHAKEOUT_RECLAIM,True,True,True,4.8,True,NONE
GENUSPOWER,2026-01-27 15:30:00 IST,BEAR,2026-01-27 09:15:00 IST,264.35,248.49,288.14,296.07,304.0,311.93,2026-02-03 15:30:00 IST,248.49,STOP_LOSS,-1.0,6,91.0,SHAKEOUT_RECLAIM,True,True,True,6.0,True,NONE
GENUSPOWER,2026-03-17 15:30:00 IST,BEAR,2026-03-17 09:15:00 IST,249.35,235.07,270.77,277.91,285.05,292.19,2026-03-22 15:30:00 IST,235.07,STOP_LOSS,-1.0,4,95.0,SHAKEOUT_RECLAIM,True,True,True,5.73,True,NONE
GENUSPOWER,2026-04-15 15:30:00 IST,SIDEWAYS,2026-04-15 09:15:00 IST,296.67,278.87,323.37,332.27,341.17,350.07,2026-05-05 15:30:00 IST,323.37,TARGET_1,1.5,15,91.0,BULL_FLAG,True,True,True,6.0,True,NONE
GENUSPOWER,2026-04-27 15:30:00 IST,BULL,2026-04-27 09:15:00 IST,302.4,284.26,329.61,338.68,347.75,356.82,2026-05-05 15:30:00 IST,329.61,TARGET_1,1.5,7,91.0,BULL_FLAG,True,True,True,6.0,True,NONE
GENUSPOWER,2026-05-06 15:30:00 IST,BULL,2026-05-06 09:15:00 IST,335.05,314.95,365.2,375.25,385.3,395.35,2026-05-11 15:30:00 IST,314.95,STOP_LOSS,-1.0,4,92.0,HIGHER_LOW_REVERSAL,True,True,True,6.0,True,NONE
GENUSPOWER,2026-08-28 15:30:00 IST,BULL,2026-08-28 09:15:00 IST,349.7,328.72,381.17,391.66,402.15,412.64,2026-08-31 15:30:00 IST,328.72,STOP_LOSS,-1.0,2,93.0,BULL_FLAG,True,True,True,6.0,True,NONE
GALLANTT,2025-04-22 15:30:00 IST,SIDEWAYS,2025-04-22 09:15:00 IST,1280.76,1205.42,1393.77,1431.44,1469.11,1506.78,2025-05-20 15:30:00 IST,1302.72,TIMEOUT_20D,0.29,20,91.0,WYCKOFF_SPRING_TYPE_2,True,True,True,5.88,True,NONE
GALLANTT,2025-07-10 15:30:00 IST,BULL,2025-07-10 09:15:00 IST,1295.61,1247.43,1367.88,1391.97,1416.06,1440.15,2025-07-21 15:30:00 IST,1367.88,TARGET_1,1.5,7,90.0,BULL_FLAG,True,True,True,3.72,True,NONE
GALLANTT,2025-09-15 15:30:00 IST,BULL,2025-09-15 09:15:00 IST,1505.41,1458.36,1575.98,1599.51,1623.04,1646.56,2025-09-25 15:30:00 IST,1575.98,TARGET_1,1.5,8,97.0,MULTI_MONTH_BASE_BREAKOUT,True,True,True,3.13,True,NONE
GALLANTT,2025-09-24 15:30:00 IST,BULL,2025-09-24 09:15:00 IST,1570.05,1475.85,1711.35,1758.45,1805.55,1852.65,2025-10-22 15:30:00 IST,1610.7,TIMEOUT_20D,0.43,20,82.0,V_REVERSAL,True,True,True,6.0,True,NONE
GALLANTT,2026-01-09 15:30:00 IST,BULL,2026-01-09 09:15:00 IST,1847.3,1797.65,1921.77,1946.6,1971.42,1996.25,2026-02-06 15:30:00 IST,1884.38,TIMEOUT_20D,0.75,20,91.0,CUP_HANDLE,True,True,True,2.69,True,NONE
GALLANTT,2026-05-22 15:30:00 IST,BULL,2026-05-22 09:15:00 IST,2353.87,2281.01,2463.16,2499.59,2536.02,2572.45,2026-06-08 15:30:00 IST,2463.16,TARGET_1,1.5,11,93.0,HIGHER_LOW_REVERSAL,True,True,True,3.1,True,NONE
GALLANTT,2026-06-24 15:30:00 IST,BULL,2026-06-24 09:15:00 IST,2750.68,2585.64,2998.24,3080.76,3163.28,3245.8,2026-07-22 15:30:00 IST,2718.35,TIMEOUT_20D,-0.2,20,91.0,BULL_FLAG,True,True,True,6.0,True,NONE
GESHIP,2026-01-28 15:30:00 IST,BULL,2026-01-28 09:15:00 IST,1157.05,1087.63,1261.18,1295.89,1330.6,1365.31,2026-02-04 15:30:00 IST,1261.18,TARGET_1,1.5,6,88.0,V_REVERSAL,True,True,True,6.0,True,NONE
GESHIP,2026-03-12 15:30:00 IST,BULL,2026-03-12 09:15:00 IST,1476.36,1387.78,1609.24,1653.52,1697.81,1742.1,2026-03-15 15:30:00 IST,1387.78,STOP_LOSS,-1.0,2,92.0,HIGHER_LOW_REVERSAL,True,True,True,6.0,True,NONE
GESHIP,2026-04-30 15:30:00 IST,BULL,2026-04-30 09:15:00 IST,1566.05,1472.09,1706.99,1753.97,1800.95,1847.93,2026-05-13 15:30:00 IST,1472.09,STOP_LOSS,-1.0,10,86.0,WYCKOFF_SPRING_TYPE_2,True,True,True,6.0,True,NONE
GESHIP,2026-05-18 15:30:00 IST,BULL,2026-05-18 09:15:00 IST,1684.93,1583.84,1836.57,1887.11,1937.66,1988.2,2026-05-26 15:30:00 IST,1583.84,STOP_LOSS,-1.0,7,93.0,MULTI_MONTH_BASE_BREAKOUT,True,True,True,6.0,True,NONE
GESHIP,2026-06-29 15:30:00 IST,SIDEWAYS,2026-06-29 09:15:00 IST,1523.2,1431.81,1660.28,1705.98,1751.68,1797.37,2026-06-30 15:30:00 IST,1431.81,STOP_LOSS,-1.0,2,91.0,WYCKOFF_SPRING_TYPE_2,True,True,True,6.0,True,NONE
GESHIP,2026-08-03 15:30:00 IST,BEAR,2026-08-03 09:15:00 IST,1383.52,1324.92,1471.41,1500.72,1530.02,1559.32,2026-08-03 15:30:00 IST,1471.41,TARGET_1,1.5,1,81.0,SHAKEOUT_RECLAIM,True,True,True,4.24,True,NONE
GESHIP,2026-09-03 15:30:00 IST,SIDEWAYS,2026-09-03 09:15:00 IST,1353.6,1272.38,1475.43,1516.04,1556.65,1597.26,2026-09-10 15:30:00 IST,1412.2,TIMEOUT_20D,0.72,6,91.0,WYCKOFF_SPRING_TYPE_2,True,True,True,6.0,True,NONE
GILLETTE,2025-12-24 15:30:00 IST,SIDEWAYS,2025-12-24 09:15:00 IST,8119.93,7687.96,8767.89,8983.87,9199.86,9415.84,2026-01-08 15:30:00 IST,7687.96,STOP_LOSS,-1.0,11,89.0,V_REVERSAL,True,True,True,5.32,True,NONE
GILLETTE,2026-01-29 15:30:00 IST,SIDEWAYS,2026-01-29 09:15:00 IST,8132.18,7644.25,8864.06,9108.04,9352.01,9595.97,2026-02-10 15:30:00 IST,8864.06,TARGET_1,1.5,9,96.0,SHAKEOUT_RECLAIM,True,True,True,6.0,True,NONE
GILLETTE,2026-04-23 15:30:00 IST,SIDEWAYS,2026-04-23 09:15:00 IST,8081.0,7764.98,8555.03,8713.04,8871.05,9029.06,2026-05-17 15:30:00 IST,7764.98,STOP_LOSS,-1.0,17,86.0,BULL_FLAG,True,True,True,3.91,True,NONE
GILLETTE,2026-05-08 15:30:00 IST,BULL,2026-05-08 09:15:00 IST,8148.0,7845.57,8601.65,8752.86,8904.08,9055.29,2026-05-12 15:30:00 IST,7845.57,STOP_LOSS,-1.0,3,90.0,CUP_HANDLE,True,True,True,3.71,True,NONE
GILLETTE,2026-05-22 15:30:00 IST,BEAR,2026-05-22 09:15:00 IST,7783.5,7563.49,8113.52,8223.52,8333.53,8443.53,2026-05-26 15:30:00 IST,8113.52,TARGET_1,1.5,3,87.0,SHAKEOUT_RECLAIM,True,True,True,2.83,True,NONE
GICRE,2026-01-27 15:30:00 IST,SIDEWAYS,2026-01-27 09:15:00 IST,373.1,357.2,396.95,404.9,412.85,420.8,2026-02-09 15:30:00 IST,396.95,TARGET_1,1.5,10,90.0,WYCKOFF_SPRING_TYPE_2,True,True,True,4.26,True,NONE
GICRE,2026-02-10 15:30:00 IST,BULL,2026-02-10 09:15:00 IST,398.35,382.18,422.61,430.69,438.78,446.86,2026-02-17 15:30:00 IST,382.18,STOP_LOSS,-1.0,6,93.0,MULTI_MONTH_BASE_BREAKOUT,True,True,True,4.06,True,NONE
GICRE,2026-08-18 15:30:00 IST,SIDEWAYS,2026-08-18 09:15:00 IST,359.9,345.31,381.78,389.08,396.37,403.67,2026-08-23 15:30:00 IST,345.31,STOP_LOSS,-1.0,4,86.0,V_REVERSAL,True,True,True,4.05,True,NONE
GIPCL,2026-01-02 15:30:00 IST,SIDEWAYS,2026-01-02 09:15:00 IST,162.29,152.55,176.9,181.77,186.64,191.51,2026-01-08 15:30:00 IST,152.55,STOP_LOSS,-1.0,5,87.0,SHAKEOUT_RECLAIM,True,True,True,6.0,True,NONE
GIPCL,2026-02-04 15:30:00 IST,SIDEWAYS,2026-02-04 09:15:00 IST,146.91,138.1,160.13,164.53,168.94,173.34,2026-02-18 15:30:00 IST,138.1,STOP_LOSS,-1.0,11,89.0,SHAKEOUT_RECLAIM,True,True,True,6.0,True,NONE
GIPCL,2026-03-12 15:30:00 IST,BEAR,2026-03-12 09:15:00 IST,136.97,128.85,149.15,153.21,157.27,161.33,2026-03-15 15:30:00 IST,128.85,STOP_LOSS,-1.0,2,93.0,SHAKEOUT_RECLAIM,True,True,True,5.93,True,NONE
GIPCL,2026-06-02 15:30:00 IST,BULL,2026-06-02 09:15:00 IST,173.76,163.33,189.4,194.62,199.83,205.05,2026-06-07 15:30:00 IST,163.33,STOP_LOSS,-1.0,4,91.0,V_REVERSAL,True,True,True,6.0,True,NONE
GIPCL,2026-07-09 15:30:00 IST,BULL,2026-07-09 09:15:00 IST,162.96,155.27,174.5,178.34,182.19,186.03,2026-07-23 15:30:00 IST,155.27,STOP_LOSS,-1.0,11,88.0,SHAKEOUT_RECLAIM,True,True,True,4.72,True,NONE
GIPCL,2026-08-10 15:30:00 IST,SIDEWAYS,2026-08-10 09:15:00 IST,164.73,154.85,179.55,184.49,189.43,194.37,2026-08-11 15:30:00 IST,179.55,TARGET_1,1.5,2,92.0,WYCKOFF_SPRING_TYPE_2,True,True,True,6.0,True,NONE
GIPCL,2026-08-25 15:30:00 IST,BULL,2026-08-25 09:15:00 IST,190.72,179.28,207.88,213.6,219.32,225.04,2026-09-01 15:30:00 IST,207.88,TARGET_1,1.5,6,94.0,MULTI_MONTH_BASE_BREAKOUT,True,True,True,6.0,True,NONE
GLAND,2025-12-31 15:30:00 IST,SIDEWAYS,2025-12-31 09:15:00 IST,1722.0,1621.45,1872.82,1923.1,1973.38,2023.65,2026-01-29 15:30:00 IST,1872.82,TARGET_1,1.5,20,85.0,V_REVERSAL,True,True,True,5.84,True,NONE
GLAND,2026-01-28 15:30:00 IST,BEAR,2026-01-28 09:15:00 IST,1689.7,1641.75,1761.62,1785.6,1809.58,1833.55,2026-01-28 15:30:00 IST,1761.62,TARGET_1,1.5,1,86.0,SHAKEOUT_RECLAIM,True,True,True,2.84,True,NONE
GLAND,2026-04-07 15:30:00 IST,SIDEWAYS,2026-04-07 09:15:00 IST,1716.4,1613.42,1870.87,1922.36,1973.85,2025.34,2026-05-05 15:30:00 IST,1811.5,TIMEOUT_20D,0.92,20,89.0,WYCKOFF_SPRING_TYPE_2,True,True,True,6.0,True,NONE
GLAND,2026-04-17 15:30:00 IST,SIDEWAYS,2026-04-17 09:15:00 IST,1797.4,1689.56,1959.16,2013.08,2067.0,2120.92,2026-05-14 15:30:00 IST,1868.3,TIMEOUT_20D,0.66,20,84.0,V_REVERSAL,True,True,True,6.0,True,NONE
GLAND,2026-05-07 15:30:00 IST,BULL,2026-05-07 09:15:00 IST,1870.6,1758.36,2038.96,2095.08,2151.2,2207.32,2026-05-17 15:30:00 IST,2038.96,TARGET_1,1.5,7,84.0,CUP_HANDLE,True,True,True,6.0,True,NONE
GLAND,2026-06-30 15:30:00 IST,BULL,2026-06-30 09:15:00 IST,2495.0,2345.3,2719.55,2794.4,2869.25,2944.1,2026-07-21 15:30:00 IST,2345.3,STOP_LOSS,-1.0,16,89.0,V_REVERSAL,True,True,True,6.0,True,NONE
GLAND,2026-08-10 15:30:00 IST,BULL,2026-08-10 09:15:00 IST,2647.3,2536.11,2814.09,2869.68,2925.28,2980.87,2026-08-10 15:30:00 IST,2814.09,TARGET_1,1.5,1,91.0,MULTI_MONTH_BASE_BREAKOUT,True,True,True,4.2,True,NONE
GLAXO,2025-11-03 15:30:00 IST,BEAR,2025-11-03 09:15:00 IST,2616.2,2523.75,2754.88,2801.1,2847.32,2893.55,2025-11-05 15:30:00 IST,2523.75,STOP_LOSS,-1.0,2,88.0,SHAKEOUT_RECLAIM,True,True,True,3.53,True,NONE
GLAXO,2026-01-30 15:30:00 IST,SIDEWAYS,2026-01-30 09:15:00 IST,2341.98,2201.46,2552.77,2623.02,2693.28,2763.54,2026-02-09 15:30:00 IST,2552.77,TARGET_1,1.5,7,84.0,V_REVERSAL,True,True,True,6.0,True,NONE
GLAXO,2026-06-16 15:30:00 IST,SIDEWAYS,2026-06-16 09:15:00 IST,2202.8,2077.66,2390.51,2453.08,2515.65,2578.22,2026-06-22 15:30:00 IST,2390.51,TARGET_1,1.5,5,91.0,SHAKEOUT_RECLAIM,True,True,True,5.68,True,NONE
GLAXO,2026-06-30 15:30:00 IST,BULL,2026-06-30 09:15:00 IST,2450.3,2321.43,2643.61,2708.04,2772.48,2836.91,2026-07-27 15:30:00 IST,2643.61,TARGET_1,1.5,20,92.0,BULL_FLAG,True,True,True,5.26,True,NONE
GLAXO,2026-08-18 15:30:00 IST,BULL,2026-08-18 09:15:00 IST,2877.4,2704.76,3136.36,3222.68,3309.0,3395.32,2026-09-10 15:30:00 IST,,TIMEOUT_20D,,17,86.0,V_REVERSAL,True,True,True,6.0,True,NONE
GHCL,2025-05-01 15:30:00 IST,BULL,2025-05-01 09:15:00 IST,822.76,791.31,869.94,885.66,901.39,917.11,2025-05-29 15:30:00 IST,862.27,TIMEOUT_20D,1.26,20,88.0,CUP_HANDLE,True,True,True,3.82,True,NONE
GHCL,2025-07-10 15:30:00 IST,SIDEWAYS,2025-07-10 09:15:00 IST,827.67,794.3,877.74,894.41,911.1,927.78,2025-07-29 15:30:00 IST,794.3,STOP_LOSS,-1.0,13,91.0,WYCKOFF_SPRING_TYPE_2,True,True,True,4.03,True,NONE
GHCL,2025-09-04 15:30:00 IST,SIDEWAYS,2025-09-04 09:15:00 IST,791.67,769.7,824.62,835.61,846.59,857.58,2025-09-08 15:30:00 IST,769.7,STOP_LOSS,-1.0,2,85.0,V_REVERSAL,True,True,True,2.78,True,NONE
GHCL,2025-09-24 15:30:00 IST,SIDEWAYS,2025-09-24 09:15:00 IST,792.69,773.08,822.11,831.91,841.72,851.52,2025-10-08 15:30:00 IST,773.08,STOP_LOSS,-1.0,10,84.0,CUP_HANDLE,True,True,True,2.47,True,NONE
GHCL,2025-12-25 15:30:00 IST,SIDEWAYS,2025-12-25 09:15:00 IST,791.62,775.38,815.99,824.1,832.22,840.34,2025-12-30 15:30:00 IST,775.38,STOP_LOSS,-1.0,3,90.0,WYCKOFF_SPRING_TYPE_2,True,True,True,2.05,True,NONE
GHCL,2026-06-02 15:30:00 IST,BULL,2026-06-02 09:15:00 IST,829.52,812.4,855.19,863.76,872.32,880.88,2026-06-09 15:30:00 IST,812.4,STOP_LOSS,-1.0,5,82.0,CUP_HANDLE,True,True,True,2.06,True,NONE
GHCL,2026-08-06 15:30:00 IST,BULL,2026-08-06 09:15:00 IST,964.68,906.8,1051.51,1080.44,1109.38,1138.32,2026-08-18 15:30:00 IST,906.8,STOP_LOSS,-1.0,9,79.0,V_REVERSAL,True,True,True,6.0,True,NONE
GLENMARK,2025-10-29 15:30:00 IST,BEAR,2025-10-29 09:15:00 IST,1843.3,1783.64,1932.79,1962.62,1992.45,2022.28,2025-11-26 15:30:00 IST,1932.79,TARGET_1,1.5,20,91.0,SHAKEOUT_RECLAIM,True,True,True,3.24,True,NONE
GLENMARK,2025-11-12 15:30:00 IST,BEAR,2025-11-12 09:15:00 IST,1847.8,1783.64,1944.04,1976.12,2008.2,2040.28,2025-11-26 15:30:00 IST,1944.04,TARGET_1,1.5,11,92.0,SHAKEOUT_RECLAIM,True,True,True,3.47,True,NONE
GLENMARK,2026-04-23 15:30:00 IST,BULL,2026-04-23 09:15:00 IST,2335.0,2194.9,2545.15,2615.2,2685.25,2755.3,2026-05-20 15:30:00 IST,2393.0,TIMEOUT_20D,0.41,20,90.0,BULL_FLAG,True,True,True,6.0,True,NONE
GLENMARK,2026-08-28 15:30:00 IST,BULL,2026-08-28 09:15:00 IST,2512.5,2407.08,2670.63,2723.34,2776.05,2828.76,2026-09-08 15:30:00 IST,2407.08,STOP_LOSS,-1.0,8,89.0,MULTI_MONTH_BASE_BREAKOUT,True,True,True,4.2,True,NONE
GMDCLTD,2026-02-04 15:30:00 IST,BULL,2026-02-04 09:15:00 IST,614.55,577.68,669.85,688.29,706.72,725.16,2026-02-12 15:30:00 IST,577.68,STOP_LOSS,-1.0,7,82.0,WYCKOFF_SPRING_TYPE_2,True,True,True,6.0,True,NONE
GMDCLTD,2026-04-16 15:30:00 IST,BULL,2026-04-16 09:15:00 IST,746.75,701.94,813.96,836.37,858.77,881.18,2026-04-19 15:30:00 IST,701.94,STOP_LOSS,-1.0,2,93.0,BULL_FLAG,True,True,True,6.0,True,NONE
GMDCLTD,2026-05-26 15:30:00 IST,BULL,2026-05-26 09:15:00 IST,693.15,651.56,755.54,776.33,797.12,817.92,2026-06-07 15:30:00 IST,651.56,STOP_LOSS,-1.0,9,95.0,SHAKEOUT_RECLAIM,True,True,True,6.0,True,NONE
GMDCLTD,2026-07-01 15:30:00 IST,BEAR,2026-07-01 09:15:00 IST,610.65,574.01,665.61,683.93,702.25,720.57,2026-07-19 15:30:00 IST,574.01,STOP_LOSS,-1.0,13,92.0,V_REVERSAL,True,True,True,6.0,True,NONE
GMDCLTD,2026-08-05 15:30:00 IST,SIDEWAYS,2026-08-05 09:15:00 IST,579.9,545.36,631.71,648.98,666.25,683.52,2026-09-01 15:30:00 IST,557.65,TIMEOUT_20D,-0.64,20,97.0,SHAKEOUT_RECLAIM,True,True,True,5.96,True,NONE
GMRP&UI,2026-01-12 15:30:00 IST,BEAR,2026-01-12 09:15:00 IST,110.02,103.42,119.92,123.22,126.52,129.82,2026-01-18 15:30:00 IST,103.42,STOP_LOSS,-1.0,5,95.0,SHAKEOUT_RECLAIM,True,True,True,6.0,True,NONE
GMRP&UI,2026-02-06 15:30:00 IST,SIDEWAYS,2026-02-06 09:15:00 IST,109.58,103.01,119.44,122.72,126.0,129.29,2026-02-12 15:30:00 IST,103.01,STOP_LOSS,-1.0,5,86.0,V_REVERSAL,True,True,True,6.0,True,NONE
GMRP&UI,2026-02-18 15:30:00 IST,SIDEWAYS,2026-02-18 09:15:00 IST,109.69,103.11,119.56,122.85,126.14,129.43,2026-02-24 15:30:00 IST,119.56,TARGET_1,1.5,5,91.0,DOUBLE_BOTTOM,True,True,True,6.0,True,NONE
GMRP&UI,2026-02-25 15:30:00 IST,BULL,2026-02-25 09:15:00 IST,121.97,115.53,131.63,134.85,138.07,141.29,2026-03-01 15:30:00 IST,115.53,STOP_LOSS,-1.0,3,91.0,MULTI_MONTH_BASE_BREAKOUT,True,True,True,5.28,True,NONE
GMRP&UI,2026-07-22 15:30:00 IST,SIDEWAYS,2026-07-22 09:15:00 IST,100.94,94.88,110.03,113.06,116.09,119.12,2026-08-18 15:30:00 IST,98.67,TIMEOUT_20D,-0.37,20,94.0,SHAKEOUT_RECLAIM,True,True,True,6.0,True,NONE
GMRP&UI,2026-08-13 15:30:00 IST,SIDEWAYS,2026-08-13 09:15:00 IST,99.43,94.53,106.78,109.23,111.68,114.13,2026-08-26 15:30:00 IST,94.53,STOP_LOSS,-1.0,10,87.0,V_REVERSAL,True,True,True,4.93,True,NONE
GMRP&UI,2026-08-19 15:30:00 IST,SIDEWAYS,2026-08-19 09:15:00 IST,98.67,94.53,104.88,106.95,109.02,111.09,2026-08-26 15:30:00 IST,94.53,STOP_LOSS,-1.0,6,94.0,SHAKEOUT_RECLAIM,True,True,True,4.2,True,NONE
GNA,2026-01-05 15:30:00 IST,SIDEWAYS,2026-01-05 09:15:00 IST,342.35,321.81,373.15,383.43,393.7,403.97,2026-01-05 15:30:00 IST,373.15,TARGET_1,1.5,1,91.0,DOUBLE_BOTTOM,True,True,True,6.0,True,NONE
GNA,2026-04-08 15:30:00 IST,SIDEWAYS,2026-04-08 09:15:00 IST,406.83,382.42,443.45,455.65,467.85,480.06,2026-04-09 15:30:00 IST,443.45,TARGET_1,1.5,2,93.0,SHAKEOUT_RECLAIM,True,True,True,6.0,True,NONE
GNA,2026-05-07 15:30:00 IST,BULL,2026-05-07 09:15:00 IST,437.81,411.54,477.22,490.35,503.48,516.62,2026-05-07 15:30:00 IST,411.54,STOP_LOSS,-1.0,1,85.0,CUP_HANDLE,True,True,True,6.0,True,NONE
GNA,2026-07-13 15:30:00 IST,BULL,2026-07-13 09:15:00 IST,529.25,497.49,576.89,592.77,608.65,624.53,2026-07-14 15:30:00 IST,576.89,TARGET_1,1.5,2,94.0,BULL_FLAG,True,True,True,6.0,True,NONE
GNFC,2026-01-23 15:30:00 IST,BEAR,2026-01-23 09:15:00 IST,464.2,440.24,500.14,512.12,524.1,536.08,2026-02-22 15:30:00 IST,462.55,TIMEOUT_20D,-0.07,20,83.0,SHAKEOUT_RECLAIM,True,True,True,5.16,True,NONE
GNFC,2026-03-10 15:30:00 IST,BEAR,2026-03-10 09:15:00 IST,433.85,407.82,472.9,485.91,498.93,511.94,2026-03-19 15:30:00 IST,407.82,STOP_LOSS,-1.0,8,93.0,SHAKEOUT_RECLAIM,True,True,True,6.0,True,NONE
GNFC,2026-04-17 15:30:00 IST,SIDEWAYS,2026-04-17 09:15:00 IST,489.7,460.32,533.77,548.46,563.15,577.84,2026-05-14 15:30:00 IST,514.35,TIMEOUT_20D,0.84,20,85.0,V_REVERSAL,True,True,True,6.0,True,NONE
GNFC,2026-05-19 15:30:00 IST,BULL,2026-05-19 09:15:00 IST,545.95,513.19,595.09,611.47,627.85,644.23,2026-05-20 15:30:00 IST,513.19,STOP_LOSS,-1.0,2,85.0,V_REVERSAL,True,True,True,6.0,True,NONE
GNFC,2026-07-29 15:30:00 IST,SIDEWAYS,2026-07-29 09:15:00 IST,525.1,493.59,572.36,588.12,603.88,619.63,2026-08-16 15:30:00 IST,572.36,TARGET_1,1.5,13,89.0,SHAKEOUT_RECLAIM,True,True,True,6.0,True,NONE
GNFC,2026-08-05 15:30:00 IST,SIDEWAYS,2026-08-05 09:15:00 IST,538.3,506.0,586.75,602.9,619.05,635.2,2026-08-16 15:30:00 IST,586.75,TARGET_1,1.5,8,96.0,WYCKOFF_SPRING_TYPE_2,True,True,True,6.0,True,NONE
GNFC,2026-08-14 15:30:00 IST,BULL,2026-08-14 09:15:00 IST,568.95,538.05,615.3,630.75,646.2,661.65,2026-08-17 15:30:00 IST,615.3,TARGET_1,1.5,2,91.0,BULL_FLAG,True,True,True,5.43,True,NONE
GMRAIRPORT,2025-11-06 15:30:00 IST,SIDEWAYS,2025-11-06 09:15:00 IST,611.9,582.52,655.97,670.66,685.35,700.04,2025-11-24 15:30:00 IST,655.97,TARGET_1,1.5,12,86.0,V_REVERSAL,True,True,True,4.8,True,NONE
GMRAIRPORT,2026-01-13 15:30:00 IST,BULL,2026-01-13 09:15:00 IST,680.35,665.55,702.55,709.95,717.35,724.75,2026-01-21 15:30:00 IST,702.55,TARGET_1,1.5,6,86.0,CUP_HANDLE,True,True,True,2.18,True,NONE
GODFRYPHLP,2025-12-09 15:30:00 IST,BEAR,2025-12-09 09:15:00 IST,2772.1,2605.77,3021.6,3104.76,3187.92,3271.09,2025-12-31 15:30:00 IST,2605.77,STOP_LOSS,-1.0,16,95.0,SHAKEOUT_RECLAIM,True,True,True,6.0,True,NONE
GODFRYPHLP,2026-02-06 15:30:00 IST,SIDEWAYS,2026-02-06 09:15:00 IST,2188.3,2057.0,2385.25,2450.9,2516.55,2582.2,2026-02-15 15:30:00 IST,2057.0,STOP_LOSS,-1.0,6,94.0,SHAKEOUT_RECLAIM,True,True,True,6.0,True,NONE
GODFRYPHLP,2026-02-18 15:30:00 IST,SIDEWAYS,2026-02-18 09:15:00 IST,2477.7,2329.04,2700.69,2775.02,2849.35,2923.68,2026-02-22 15:30:00 IST,2329.04,STOP_LOSS,-1.0,3,94.0,WYCKOFF_SPRING_TYPE_2,True,True,True,6.0,True,NONE
GODFRYPHLP,2026-04-29 15:30:00 IST,BULL,2026-04-29 09:15:00 IST,2275.3,2138.78,2480.08,2548.34,2616.6,2684.86,2026-05-07 15:30:00 IST,2480.08,TARGET_1,1.5,7,93.0,DOUBLE_BOTTOM,True,True,True,6.0,True,NONE
GODFRYPHLP,2026-07-24 15:30:00 IST,BEAR,2026-07-24 09:15:00 IST,2098.9,1988.18,2264.98,2320.34,2375.7,2431.06,2026-07-28 15:30:00 IST,1988.18,STOP_LOSS,-1.0,3,90.0,SHAKEOUT_RECLAIM,True,True,True,5.28,True,NONE
GMMPFAUDLR,2025-04-17 15:30:00 IST,BULL,2025-04-17 09:15:00 IST,1548.03,1496.06,1625.98,1651.97,1677.95,1703.94,2025-05-06 15:30:00 IST,1496.06,STOP_LOSS,-1.0,13,86.0,CUP_HANDLE,True,True,True,3.36,True,NONE
GMMPFAUDLR,2025-08-28 15:30:00 IST,SIDEWAYS,2025-08-28 09:15:00 IST,1383.29,1310.67,1492.23,1528.53,1564.84,1601.15,2025-09-25 15:30:00 IST,1359.79,TIMEOUT_20D,-0.32,20,88.0,V_REVERSAL,True,True,True,5.25,True,NONE
GMMPFAUDLR,2025-09-04 15:30:00 IST,SIDEWAYS,2025-09-04 09:15:00 IST,1427.88,1342.21,1556.39,1599.22,1642.06,1684.89,2025-10-02 15:30:00 IST,1416.15,TIMEOUT_20D,-0.14,20,88.0,WYCKOFF_SPRING_TYPE_2,True,True,True,6.0,True,NONE
GMMPFAUDLR,2025-10-20 15:30:00 IST,BULL,2025-10-20 09:15:00 IST,1434.96,1397.3,1491.44,1510.28,1529.11,1547.94,2025-10-24 15:30:00 IST,1491.44,TARGET_1,1.5,4,89.0,CUP_HANDLE,True,True,True,2.62,True,NONE
GMMPFAUDLR,2025-10-31 15:30:00 IST,BULL,2025-10-31 09:15:00 IST,1521.23,1461.46,1610.88,1640.77,1670.65,1700.54,2025-11-28 15:30:00 IST,1461.46,STOP_LOSS,-1.0,20,91.0,MULTI_MONTH_BASE_BREAKOUT,True,True,True,3.93,True,NONE
GMMPFAUDLR,2026-03-05 15:30:00 IST,BULL,2026-03-05 09:15:00 IST,1625.61,1544.23,1747.69,1788.37,1829.06,1869.75,2026-03-24 15:30:00 IST,1747.69,TARGET_1,1.5,13,88.0,DOUBLE_BOTTOM,True,True,True,5.01,True,NONE
GMMPFAUDLR,2026-04-06 15:30:00 IST,BULL,2026-04-06 09:15:00 IST,1777.16,1735.29,1839.97,1860.9,1881.84,1902.77,2026-04-15 15:30:00 IST,1839.97,TARGET_1,1.5,7,89.0,BULL_FLAG,True,True,True,2.36,True,NONE
GMMPFAUDLR,2026-06-09 15:30:00 IST,BULL,2026-06-09 09:15:00 IST,1951.48,1885.08,2051.08,2084.28,2117.48,2150.68,2026-06-22 15:30:00 IST,1885.08,STOP_LOSS,-1.0,9,96.0,MULTI_MONTH_BASE_BREAKOUT,True,True,True,3.4,True,NONE
GMMPFAUDLR,2026-08-13 15:30:00 IST,BULL,2026-08-13 09:15:00 IST,1997.0,1918.78,2114.34,2153.44,2192.55,2231.66,2026-08-18 15:30:00 IST,1918.78,STOP_LOSS,-1.0,4,98.0,MULTI_MONTH_BASE_BREAKOUT,True,True,True,3.92,True,NONE
GMMPFAUDLR,2026-08-20 15:30:00 IST,SIDEWAYS,2026-08-20 09:15:00 IST,2021.98,1900.67,2203.96,2264.6,2325.26,2385.91,2026-08-20 15:30:00 IST,1900.67,STOP_LOSS,-1.0,1,97.0,SHAKEOUT_RECLAIM,True,True,True,6.0,True,NONE
GODIGIT,2026-02-13 15:30:00 IST,BEAR,2026-02-13 09:15:00 IST,322.6,308.55,343.68,350.7,357.73,364.75,2026-02-16 15:30:00 IST,343.68,TARGET_1,1.5,2,87.0,WYCKOFF_SPRING_TYPE_2,True,True,True,4.36,True,NONE
GODIGIT,2026-05-07 15:30:00 IST,SIDEWAYS,2026-05-07 09:15:00 IST,315.4,298.85,340.22,348.5,356.77,365.05,2026-06-01 15:30:00 IST,298.85,STOP_LOSS,-1.0,18,84.0,SHAKEOUT_RECLAIM,True,True,True,5.25,True,NONE
GODREJCP,2025-11-03 15:30:00 IST,SIDEWAYS,2025-11-03 09:15:00 IST,1162.6,1092.84,1267.24,1302.12,1337.0,1371.88,2025-12-01 15:30:00 IST,1121.63,TIMEOUT_20D,-0.59,20,92.0,WYCKOFF_SPRING_TYPE_2,True,True,True,6.0,True,NONE
GODREJCP,2025-11-25 15:30:00 IST,SIDEWAYS,2025-11-25 09:15:00 IST,1133.91,1087.89,1202.94,1225.95,1248.96,1271.97,2025-12-22 15:30:00 IST,1185.43,TIMEOUT_20D,1.12,20,93.0,SHAKEOUT_RECLAIM,True,True,True,4.06,True,NONE
GODREJCP,2026-03-16 15:30:00 IST,BEAR,2026-03-16 09:15:00 IST,1035.95,1009.39,1075.79,1089.07,1102.35,1115.63,2026-03-19 15:30:00 IST,1009.39,STOP_LOSS,-1.0,4,86.0,SHAKEOUT_RECLAIM,True,True,True,2.56,True,NONE
GODREJCP,2026-05-05 15:30:00 IST,SIDEWAYS,2026-05-05 09:15:00 IST,1096.05,1030.29,1194.69,1227.57,1260.45,1293.33,2026-05-06 15:30:00 IST,1030.29,STOP_LOSS,-1.0,2,81.0,V_REVERSAL,True,True,True,6.0,True,NONE
GODREJCP,2026-07-01 15:30:00 IST,SIDEWAYS,2026-07-01 09:15:00 IST,1043.6,989.73,1124.4,1151.34,1178.27,1205.21,2026-07-28 15:30:00 IST,1070.59,TIMEOUT_20D,0.5,20,88.0,V_REVERSAL,True,True,True,5.16,True,NONE
GODREJCP,2026-08-13 15:30:00 IST,BEAR,2026-08-13 09:15:00 IST,936.9,898.3,994.8,1014.1,1033.4,1052.7,2026-08-31 15:30:00 IST,898.3,STOP_LOSS,-1.0,13,93.0,SHAKEOUT_RECLAIM,True,True,True,4.12,True,NONE
GODREJPROP,2026-01-05 15:30:00 IST,SIDEWAYS,2026-01-05 09:15:00 IST,2113.98,1988.63,2302.01,2364.68,2427.35,2490.03,2026-01-08 15:30:00 IST,1988.63,STOP_LOSS,-1.0,4,91.0,DOUBLE_BOTTOM,True,True,True,5.93,True,NONE
GODREJPROP,2026-01-28 15:30:00 IST,BEAR,2026-01-28 09:15:00 IST,1542.84,1461.75,1664.48,1705.02,1745.56,1786.11,2026-02-02 15:30:00 IST,1664.48,TARGET_1,1.5,4,81.0,SHAKEOUT_RECLAIM,True,True,True,5.26,True,NONE
GODREJPROP,2026-02-09 15:30:00 IST,SIDEWAYS,2026-02-09 09:15:00 IST,1792.73,1685.17,1954.08,2007.85,2061.63,2115.41,2026-03-01 15:30:00 IST,1685.17,STOP_LOSS,-1.0,15,91.0,BULL_FLAG,True,True,True,6.0,True,NONE
GODREJPROP,2026-04-06 15:30:00 IST,SIDEWAYS,2026-04-06 09:15:00 IST,1577.08,1482.45,1719.02,1766.34,1813.65,1860.97,2026-04-09 15:30:00 IST,1719.02,TARGET_1,1.5,4,88.0,V_REVERSAL,True,True,True,6.0,True,NONE
GODREJPROP,2026-07-01 15:30:00 IST,BULL,2026-07-01 09:15:00 IST,1950.17,1833.16,2125.69,2184.19,2242.7,2301.2,2026-07-09 15:30:00 IST,2125.69,TARGET_1,1.5,7,88.0,BULL_FLAG,True,True,True,6.0,True,NONE
GODREJAGRO,2025-05-13 15:30:00 IST,BULL,2025-05-13 09:15:00 IST,950.97,913.86,1006.63,1025.19,1043.75,1062.3,2025-06-10 15:30:00 IST,968.72,TIMEOUT_20D,0.48,20,87.0,HIGHER_LOW_REVERSAL,True,True,True,3.9,True,NONE
GODREJAGRO,2025-07-29 15:30:00 IST,BULL,2025-07-29 09:15:00 IST,1032.61,999.1,1082.88,1099.63,1116.38,1133.14,2025-08-14 15:30:00 IST,1082.88,TARGET_1,1.5,12,93.0,MULTI_MONTH_BASE_BREAKOUT,True,True,True,3.25,True,NONE
GODREJAGRO,2025-09-15 15:30:00 IST,BULL,2025-09-15 09:15:00 IST,1121.11,1053.85,1222.01,1255.63,1289.26,1322.89,2025-10-13 15:30:00 IST,1130.07,TIMEOUT_20D,0.13,20,81.0,V_REVERSAL,True,True,True,6.0,True,NONE
GODREJAGRO,2025-11-03 15:30:00 IST,BULL,2025-11-03 09:15:00 IST,1164.91,1138.71,1204.22,1217.31,1230.41,1243.51,2025-11-17 15:30:00 IST,1204.22,TARGET_1,1.5,10,86.0,CUP_HANDLE,True,True,True,2.25,True,NONE
GODREJAGRO,2025-11-07 15:30:00 IST,BULL,2025-11-07 09:15:00 IST,1175.89,1141.25,1227.85,1245.17,1262.49,1279.81,2025-11-24 15:30:00 IST,1227.85,TARGET_1,1.5,11,89.0,CUP_HANDLE,True,True,True,2.95,True,NONE
GODREJAGRO,2026-03-31 15:30:00 IST,BEAR,2026-03-31 09:15:00 IST,1237.97,1211.13,1278.24,1291.65,1305.07,1318.49,2026-04-15 15:30:00 IST,1278.24,TARGET_1,1.5,11,92.0,WYCKOFF_SPRING_TYPE_2,True,True,True,2.17,True,NONE
GODREJAGRO,2026-08-04 15:30:00 IST,BULL,2026-08-04 09:15:00 IST,1315.68,1292.95,1349.78,1361.14,1372.51,1383.87,2026-08-05 15:30:00 IST,1292.95,STOP_LOSS,-1.0,1,85.0,CUP_HANDLE,True,True,True,1.73,True,NONE
GODREJAGRO,2026-08-11 15:30:00 IST,BULL,2026-08-11 09:15:00 IST,1301.5,1275.42,1340.62,1353.66,1366.7,1379.74,2026-08-17 15:30:00 IST,1275.42,STOP_LOSS,-1.0,4,90.0,CUP_HANDLE,True,True,True,2.0,True,NONE
GODREJIND,2025-04-07 15:30:00 IST,BULL,2025-04-07 09:15:00 IST,1877.17,1820.3,1962.48,1990.91,2019.35,2047.78,2025-04-16 15:30:00 IST,1962.48,TARGET_1,1.5,7,89.0,WYCKOFF_SPRING_TYPE_2,True,True,True,3.03,True,NONE
GODREJIND,2025-06-30 15:30:00 IST,BEAR,2025-06-30 09:15:00 IST,1909.86,1864.83,1977.41,1999.92,2022.43,2044.95,2025-07-08 15:30:00 IST,1864.83,STOP_LOSS,-1.0,6,90.0,V_REVERSAL,True,True,True,2.36,True,NONE
GODREJIND,2025-10-09 15:30:00 IST,SIDEWAYS,2025-10-09 09:15:00 IST,2064.73,1940.84,2250.55,2312.51,2374.46,2436.4,2025-11-04 15:30:00 IST,1940.84,STOP_LOSS,-1.0,18,90.0,V_REVERSAL,True,True,True,6.0,True,NONE
GODREJIND,2026-03-06 15:30:00 IST,BULL,2026-03-06 09:15:00 IST,2164.99,2114.98,2239.99,2265.01,2290.01,2315.02,2026-03-24 15:30:00 IST,2114.98,STOP_LOSS,-1.0,12,89.0,CUP_HANDLE,True,True,True,2.31,True,NONE
GODREJIND,2026-04-06 15:30:00 IST,BULL,2026-04-06 09:15:00 IST,2187.72,2149.74,2244.69,2263.68,2282.67,2301.66,2026-04-15 15:30:00 IST,2244.69,TARGET_1,1.5,7,88.0,CUP_HANDLE,True,True,True,1.74,True,NONE
GODREJIND,2026-07-21 15:30:00 IST,SIDEWAYS,2026-07-21 09:15:00 IST,2197.18,2160.49,2252.23,2270.56,2288.9,2307.25,2026-08-03 15:30:00 IST,2252.23,TARGET_1,1.5,9,94.0,BULL_FLAG,True,True,True,1.67,True,NONE
GPIL,2025-10-27 15:30:00 IST,BULL,2025-10-27 09:15:00 IST,270.5,254.27,294.84,302.96,311.07,319.19,2025-11-18 15:30:00 IST,254.27,STOP_LOSS,-1.0,16,89.0,WYCKOFF_SPRING_TYPE_2,True,True,True,6.0,True,NONE
GPIL,2025-12-15 15:30:00 IST,SIDEWAYS,2025-12-15 09:15:00 IST,247.21,232.38,269.46,276.87,284.29,291.7,2025-12-30 15:30:00 IST,269.46,TARGET_1,1.5,11,84.0,V_REVERSAL,True,True,True,6.0,True,NONE
GPIL,2025-12-23 15:30:00 IST,SIDEWAYS,2025-12-23 09:15:00 IST,258.95,243.41,282.26,290.03,297.8,305.57,2026-01-19 15:30:00 IST,243.41,STOP_LOSS,-1.0,19,97.0,WYCKOFF_SPRING_TYPE_2,True,True,True,6.0,True,NONE
GPIL,2026-02-12 15:30:00 IST,BULL,2026-02-12 09:15:00 IST,265.4,249.48,289.28,297.24,305.2,313.16,2026-03-01 15:30:00 IST,249.48,STOP_LOSS,-1.0,12,92.0,WYCKOFF_SPRING_TYPE_2,True,True,True,6.0,True,NONE
GPIL,2026-03-25 15:30:00 IST,BULL,2026-03-25 09:15:00 IST,277.3,260.66,302.26,310.58,318.9,327.22,2026-04-14 15:30:00 IST,302.26,TARGET_1,1.5,11,87.0,BULL_PENNANT,True,True,True,6.0,True,NONE
GPIL,2026-04-07 15:30:00 IST,BULL,2026-04-07 09:15:00 IST,284.85,276.01,298.11,302.53,306.95,311.37,2026-04-14 15:30:00 IST,298.11,TARGET_1,1.5,5,94.0,MULTI_MONTH_BASE_BREAKOUT,True,True,True,3.1,True,NONE
GPIL,2026-04-15 15:30:00 IST,BULL,2026-04-15 09:15:00 IST,303.35,285.15,330.65,339.75,348.85,357.95,2026-05-11 15:30:00 IST,285.15,STOP_LOSS,-1.0,19,91.0,BULL_FLAG,True,True,True,6.0,True,NONE
GPIL,2026-08-13 15:30:00 IST,BEAR,2026-08-13 09:15:00 IST,242.31,227.77,264.12,271.39,278.66,285.93,2026-09-09 15:30:00 IST,252.23,TIMEOUT_20D,0.68,20,93.0,SHAKEOUT_RECLAIM,True,True,True,6.0,True,NONE
GOKEX,2025-03-24 15:30:00 IST,BULL,2025-03-24 09:15:00 IST,2094.89,2032.93,2187.83,2218.81,2249.79,2280.77,2025-04-02 15:30:00 IST,2032.93,STOP_LOSS,-1.0,7,89.0,CUP_HANDLE,True,True,True,2.96,True,NONE
GOKEX,2025-07-24 15:30:00 IST,BEAR,2025-07-24 09:15:00 IST,1893.53,1820.49,2003.08,2039.61,2076.13,2112.65,2025-08-11 15:30:00 IST,2003.08,TARGET_1,1.5,12,88.0,WYCKOFF_SPRING_TYPE_2,True,True,True,3.86,True,NONE
GOKEX,2025-08-21 15:30:00 IST,BULL,2025-08-21 09:15:00 IST,2033.92,1993.35,2094.76,2115.06,2135.35,2155.63,2025-08-29 15:30:00 IST,2094.76,TARGET_1,1.5,6,90.0,CUP_HANDLE,True,True,True,1.99,True,NONE
GOKEX,2025-08-28 15:30:00 IST,BULL,2025-08-28 09:15:00 IST,2059.93,2007.66,2138.34,2164.47,2190.6,2216.74,2025-08-29 15:30:00 IST,2138.34,TARGET_1,1.5,1,93.0,CUP_HANDLE,True,True,True,2.54,True,NONE
GOKEX,2025-10-16 15:30:00 IST,BULL,2025-10-16 09:15:00 IST,2169.43,2067.6,2322.18,2373.09,2424.0,2474.92,2025-11-03 15:30:00 IST,2067.6,STOP_LOSS,-1.0,12,88.0,V_REVERSAL,True,True,True,4.69,True,NONE
GOKEX,2025-10-22 15:30:00 IST,BEAR,2025-10-22 09:15:00 IST,2148.91,2067.6,2270.88,2311.53,2352.18,2392.84,2025-11-03 15:30:00 IST,2067.6,STOP_LOSS,-1.0,8,82.0,V_REVERSAL,True,True,True,3.78,True,NONE
GOKEX,2026-05-04 15:30:00 IST,BULL,2026-05-04 09:15:00 IST,2405.84,2308.15,2552.38,2601.22,2650.07,2698.91,2026-05-22 15:30:00 IST,2552.38,TARGET_1,1.5,14,89.0,MULTI_MONTH_BASE_BREAKOUT,True,True,True,4.06,True,NONE
GOKEX,2026-05-29 15:30:00 IST,BULL,2026-05-29 09:15:00 IST,2639.39,2516.18,2824.2,2885.81,2947.41,3009.02,2026-06-08 15:30:00 IST,2824.2,TARGET_1,1.5,6,98.0,MULTI_MONTH_BASE_BREAKOUT,True,True,True,4.67,True,NONE
GOKEX,2026-06-09 15:30:00 IST,BULL,2026-06-09 09:15:00 IST,2862.57,2690.82,3120.2,3206.07,3291.95,3377.82,2026-07-07 15:30:00 IST,2923.77,TIMEOUT_20D,0.36,20,84.0,V_REVERSAL,True,True,True,6.0,True,NONE
GOKULAGRO,2025-03-27 15:30:00 IST,SIDEWAYS,2025-03-27 09:15:00 IST,1126.58,1071.77,1208.81,1236.2,1263.6,1291.01,2025-04-24 15:30:00 IST,1144.24,TIMEOUT_20D,0.32,20,91.0,WYCKOFF_SPRING_TYPE_2,True,True,True,4.87,True,NONE
GOKULAGRO,2025-08-07 15:30:00 IST,BULL,2025-08-07 09:15:00 IST,1383.92,1342.3,1446.34,1467.16,1487.97,1508.78,2025-08-12 15:30:00 IST,1342.3,STOP_LOSS,-1.0,3,95.0,MULTI_MONTH_BASE_BREAKOUT,True,True,True,3.01,True,NONE
GOKULAGRO,2025-12-15 15:30:00 IST,BULL,2025-12-15 09:15:00 IST,1699.76,1645.39,1781.31,1808.5,1835.68,1862.87,2025-12-22 15:30:00 IST,1645.39,STOP_LOSS,-1.0,5,93.0,HIGHER_LOW_REVERSAL,True,True,True,3.2,True,NONE
GOKULAGRO,2025-12-22 15:30:00 IST,SIDEWAYS,2025-12-22 09:15:00 IST,1641.75,1615.52,1681.09,1694.21,1707.33,1720.44,2025-12-31 15:30:00 IST,1681.09,TARGET_1,1.5,7,88.0,WYCKOFF_SPRING_TYPE_2,True,True,True,1.6,True,NONE
GOKULAGRO,2026-01-28 15:30:00 IST,BULL,2026-01-28 09:15:00 IST,1797.66,1689.8,1959.45,2013.38,2067.31,2121.24,2026-02-25 15:30:00 IST,1855.43,TIMEOUT_20D,0.54,20,79.0,V_REVERSAL,True,True,True,6.0,True,NONE
GOKULAGRO,2026-05-20 15:30:00 IST,SIDEWAYS,2026-05-20 09:15:00 IST,1781.1,1718.14,1875.53,1907.02,1938.5,1969.98,2026-06-17 15:30:00 IST,1847.05,TIMEOUT_20D,1.05,20,86.0,WYCKOFF_SPRING_TYPE_2,True,True,True,3.53,True,NONE
GOLDIAM,2024-10-16 15:30:00 IST,BULL,2024-10-16 09:15:00 IST,391.87,368.36,427.13,438.89,450.64,462.4,2024-10-17 15:30:00 IST,368.36,STOP_LOSS,-1.0,2,92.0,WYCKOFF_SPRING_TYPE_2,True,True,True,6.0,True,NONE
GOLDIAM,2024-12-02 15:30:00 IST,SIDEWAYS,2024-12-02 09:15:00 IST,345.63,324.89,376.73,387.11,397.48,407.85,2024-12-05 15:30:00 IST,376.73,TARGET_1,1.5,4,96.0,SHAKEOUT_RECLAIM,True,True,True,6.0,True,NONE
GOLDIAM,2025-04-11 15:30:00 IST,BEAR,2025-04-11 09:15:00 IST,323.8,304.37,352.95,362.66,372.38,382.09,2025-04-14 15:30:00 IST,352.95,TARGET_1,1.5,1,93.0,SHAKEOUT_RECLAIM,True,True,True,6.0,True,NONE
GOLDIAM,2025-08-07 15:30:00 IST,SIDEWAYS,2025-08-07 09:15:00 IST,358.22,340.9,384.21,392.86,401.52,410.18,2025-08-19 15:30:00 IST,340.9,STOP_LOSS,-1.0,8,92.0,DOUBLE_BOTTOM,True,True,True,4.84,True,NONE
GOLDIAM,2025-08-21 15:30:00 IST,BULL,2025-08-21 09:15:00 IST,359.61,340.9,387.68,397.03,406.39,415.74,2025-08-27 15:30:00 IST,340.9,STOP_LOSS,-1.0,4,93.0,DOUBLE_BOTTOM,True,True,True,5.2,True,NONE
GOLDIAM,2025-09-03 15:30:00 IST,BULL,2025-09-03 09:15:00 IST,398.29,374.39,434.14,446.09,458.04,469.99,2025-09-23 15:30:00 IST,374.39,STOP_LOSS,-1.0,15,85.0,V_REVERSAL,True,True,True,6.0,True,NONE
GOLDIAM,2025-11-03 15:30:00 IST,SIDEWAYS,2025-11-03 09:15:00 IST,374.9,352.41,408.64,419.88,431.12,442.37,2025-11-06 15:30:00 IST,352.41,STOP_LOSS,-1.0,3,96.0,WYCKOFF_SPRING_TYPE_2,True,True,True,6.0,True,NONE
GOLDIAM,2025-11-20 15:30:00 IST,SIDEWAYS,2025-11-20 09:15:00 IST,386.37,363.19,421.14,432.73,444.32,455.91,2025-12-07 15:30:00 IST,363.19,STOP_LOSS,-1.0,12,84.0,WYCKOFF_SPRING_TYPE_2,True,True,True,6.0,True,NONE
GOLDIAM,2026-06-03 15:30:00 IST,BULL,2026-06-03 09:15:00 IST,435.3,409.18,474.48,487.54,500.6,513.66,2026-06-07 15:30:00 IST,409.18,STOP_LOSS,-1.0,3,86.0,WYCKOFF_SPRING_TYPE_2,True,True,True,6.0,True,NONE
GOLDIAM,2026-06-12 15:30:00 IST,BULL,2026-06-12 09:15:00 IST,478.8,450.07,521.89,536.26,550.62,564.99,2026-08-02 15:30:00 IST,450.07,STOP_LOSS,-1.0,10,92.0,DOUBLE_BOTTOM,True,True,True,6.0,True,NONE
GPPL,2025-10-29 15:30:00 IST,BULL,2025-10-29 09:15:00 IST,161.02,155.82,168.82,171.42,174.02,176.62,2025-11-05 15:30:00 IST,168.82,TARGET_1,1.5,5,98.0,MULTI_MONTH_BASE_BREAKOUT,True,True,True,3.23,True,NONE
GPPL,2026-04-06 15:30:00 IST,BEAR,2026-04-06 09:15:00 IST,146.97,140.84,156.17,159.23,162.29,165.36,2026-04-07 15:30:00 IST,156.17,TARGET_1,1.5,2,83.0,SHAKEOUT_RECLAIM,True,True,True,4.17,True,NONE
GPPL,2026-04-10 15:30:00 IST,SIDEWAYS,2026-04-10 09:15:00 IST,153.09,143.9,166.87,171.47,176.06,180.66,2026-05-10 15:30:00 IST,157.13,TIMEOUT_20D,0.44,20,87.0,WYCKOFF_SPRING_TYPE_2,True,True,True,6.0,True,NONE
GPPL,2026-04-17 15:30:00 IST,SIDEWAYS,2026-04-17 09:15:00 IST,160.92,151.26,175.41,180.24,185.07,189.9,2026-05-12 15:30:00 IST,151.26,STOP_LOSS,-1.0,18,86.0,WYCKOFF_SPRING_TYPE_2,True,True,True,6.0,True,NONE
GPPL,2026-07-06 15:30:00 IST,SIDEWAYS,2026-07-06 09:15:00 IST,155.99,149.81,165.26,168.35,171.44,174.53,2026-07-07 15:30:00 IST,149.81,STOP_LOSS,-1.0,2,77.0,V_REVERSAL,True,True,True,3.96,True,NONE
GRANULES,2025-11-25 15:30:00 IST,SIDEWAYS,2025-11-25 09:15:00 IST,545.9,527.2,573.95,583.3,592.65,602.0,2025-12-01 15:30:00 IST,573.95,TARGET_1,1.5,5,90.0,SHAKEOUT_RECLAIM,True,True,True,3.43,True,NONE
GRANULES,2025-12-09 15:30:00 IST,BULL,2025-12-09 09:15:00 IST,560.45,537.85,594.35,605.65,616.95,628.25,2025-12-18 15:30:00 IST,594.35,TARGET_1,1.5,8,88.0,CUP_HANDLE,True,True,True,4.03,True,NONE
GRANULES,2025-12-17 15:30:00 IST,BULL,2025-12-17 09:15:00 IST,579.7,560.58,608.38,617.94,627.5,637.06,2025-12-22 15:30:00 IST,608.38,TARGET_1,1.5,4,81.0,BULL_FLAG,True,True,True,3.3,True,NONE
GRANULES,2025-12-23 15:30:00 IST,BULL,2025-12-23 09:15:00 IST,614.8,584.42,660.37,675.56,690.75,705.94,2026-01-11 15:30:00 IST,584.42,STOP_LOSS,-1.0,13,92.0,MULTI_MONTH_BASE_BREAKOUT,True,True,True,4.94,True,NONE
GRANULES,2026-01-22 15:30:00 IST,SIDEWAYS,2026-01-22 09:15:00 IST,571.3,537.02,622.72,639.86,657.0,674.14,2026-02-19 15:30:00 IST,599.05,TIMEOUT_20D,0.81,20,88.0,SHAKEOUT_RECLAIM,True,True,True,6.0,True,NONE
GRANULES,2026-06-30 15:30:00 IST,BULL,2026-06-30 09:15:00 IST,813.25,780.17,862.87,879.41,895.95,912.49,2026-07-05 15:30:00 IST,862.87,TARGET_1,1.5,4,88.0,MULTI_MONTH_BASE_BREAKOUT,True,True,True,4.07,True,NONE
GRAVITA,2025-11-24 15:30:00 IST,BULL,2025-11-24 09:15:00 IST,1831.9,1767.34,1928.74,1961.02,1993.3,2025.58,2025-12-02 15:30:00 IST,1767.34,STOP_LOSS,-1.0,7,96.0,MULTI_MONTH_BASE_BREAKOUT,True,True,True,3.52,True,NONE
GRAVITA,2026-04-06 15:30:00 IST,BEAR,2026-04-06 09:15:00 IST,1381.3,1298.42,1505.62,1547.06,1588.5,1629.94,2026-04-07 15:30:00 IST,1505.62,TARGET_1,1.5,2,89.0,SHAKEOUT_RECLAIM,True,True,True,6.0,True,NONE
GRAVITA,2026-06-18 15:30:00 IST,SIDEWAYS,2026-06-18 09:15:00 IST,1726.4,1622.82,1881.77,1933.56,1985.35,2037.14,2026-06-29 15:30:00 IST,1622.82,STOP_LOSS,-1.0,8,89.0,WYCKOFF_SPRING_TYPE_2,True,True,True,6.0,True,NONE
GRAVITA,2026-07-10 15:30:00 IST,BULL,2026-07-10 09:15:00 IST,1854.6,1797.41,1940.38,1968.98,1997.57,2026.17,2026-07-13 15:30:00 IST,1797.41,STOP_LOSS,-1.0,2,92.0,MULTI_MONTH_BASE_BREAKOUT,True,True,True,3.08,True,NONE
GREAVESCOT,2026-02-04 15:30:00 IST,SIDEWAYS,2026-02-04 09:15:00 IST,171.04,160.78,186.42,191.56,196.69,201.82,2026-02-12 15:30:00 IST,160.78,STOP_LOSS,-1.0,7,90.0,SHAKEOUT_RECLAIM,True,True,True,6.0,True,NONE
GREAVESCOT,2026-04-27 15:30:00 IST,BULL,2026-04-27 09:15:00 IST,162.84,153.07,177.48,182.38,187.27,192.15,2026-05-24 15:30:00 IST,170.24,TIMEOUT_20D,0.76,20,87.0,CUP_HANDLE,True,True,True,6.0,True,NONE
GREAVESCOT,2026-05-06 15:30:00 IST,BULL,2026-05-06 09:15:00 IST,171.76,161.46,187.22,192.36,197.51,202.66,2026-05-17 15:30:00 IST,161.46,STOP_LOSS,-1.0,8,87.0,CUP_HANDLE,True,True,True,6.0,True,NONE
GREAVESCOT,2026-06-05 15:30:00 IST,BULL,2026-06-05 09:15:00 IST,190.64,179.2,207.79,213.52,219.24,224.96,2026-06-09 15:30:00 IST,179.2,STOP_LOSS,-1.0,3,93.0,BULL_FLAG,True,True,True,6.0,True,NONE
GREAVESCOT,2026-06-19 15:30:00 IST,BULL,2026-06-19 09:15:00 IST,196.93,187.02,211.78,216.75,221.7,226.66,2026-06-21 15:30:00 IST,211.78,TARGET_1,1.5,1,86.0,BULL_FLAG,True,True,True,5.03,True,NONE
GREAVESCOT,2026-06-30 15:30:00 IST,BULL,2026-06-30 09:15:00 IST,218.19,205.1,237.83,244.37,250.92,257.46,2026-07-01 15:30:00 IST,237.83,TARGET_1,1.5,2,95.0,BULL_FLAG,True,True,True,6.0,True,NONE
GRINDWELL,2026-07-16 15:30:00 IST,BULL,2026-07-16 09:15:00 IST,2382.3,2239.36,2596.71,2668.18,2739.65,2811.12,2026-07-16 15:30:00 IST,2239.36,STOP_LOSS,-1.0,1,88.0,CUP_HANDLE,True,True,True,6.0,True,NONE
GRASIM,2024-12-02 15:30:00 IST,SIDEWAYS,2024-12-02 09:15:00 IST,2683.79,2522.76,2925.33,3005.85,3086.36,3166.88,2024-12-18 15:30:00 IST,2522.76,STOP_LOSS,-1.0,13,89.0,WYCKOFF_SPRING_TYPE_2,True,True,True,6.0,True,NONE
GRASIM,2025-01-16 15:30:00 IST,BEAR,2025-01-16 09:15:00 IST,2342.18,2257.35,2469.42,2511.84,2554.25,2596.67,2025-01-23 15:30:00 IST,2469.42,TARGET_1,1.5,6,90.0,SHAKEOUT_RECLAIM,True,True,True,3.62,True,NONE
GRASIM,2025-03-27 15:30:00 IST,BULL,2025-03-27 09:15:00 IST,2609.21,2515.66,2749.53,2796.31,2843.09,2889.86,2025-04-06 15:30:00 IST,2515.66,STOP_LOSS,-1.0,6,91.0,MULTI_MONTH_BASE_BREAKOUT,True,True,True,3.59,True,NONE
GRASIM,2025-04-08 15:30:00 IST,BULL,2025-04-08 09:15:00 IST,2580.66,2425.82,2812.93,2890.34,2967.76,3045.18,2025-05-11 15:30:00 IST,2732.86,TIMEOUT_20D,0.98,20,91.0,SHAKEOUT_RECLAIM,True,True,True,6.0,True,NONE
GRASIM,2025-04-17 15:30:00 IST,BULL,2025-04-17 09:15:00 IST,2750.69,2634.83,2924.49,2982.41,3040.34,3098.27,2025-05-08 15:30:00 IST,2634.83,STOP_LOSS,-1.0,14,93.0,MULTI_MONTH_BASE_BREAKOUT,True,True,True,4.21,True,NONE
GRASIM,2025-05-15 15:30:00 IST,BULL,2025-05-15 09:15:00 IST,2814.56,2693.88,2995.58,3055.92,3116.26,3176.6,2025-05-20 15:30:00 IST,2693.88,STOP_LOSS,-1.0,4,97.0,MULTI_MONTH_BASE_BREAKOUT,True,True,True,4.29,True,NONE
GRASIM,2025-06-03 15:30:00 IST,BEAR,2025-06-03 09:15:00 IST,2543.15,2489.39,2623.79,2650.67,2677.55,2704.43,2025-06-09 15:30:00 IST,2623.79,TARGET_1,1.5,5,94.0,SHAKEOUT_RECLAIM,True,True,True,2.11,True,NONE
GRASIM,2025-06-26 15:30:00 IST,BULL,2025-06-26 09:15:00 IST,2872.85,2749.65,3057.65,3119.25,3180.85,3242.45,2025-07-10 15:30:00 IST,2749.65,STOP_LOSS,-1.0,11,86.0,MULTI_MONTH_BASE_BREAKOUT,True,True,True,4.29,True,NONE
GRASIM,2025-07-24 15:30:00 IST,SIDEWAYS,2025-07-24 09:15:00 IST,2725.98,2644.34,2848.45,2889.26,2930.08,2970.9,2025-08-17 15:30:00 IST,2848.45,TARGET_1,1.5,16,84.0,SHAKEOUT_RECLAIM,True,True,True,3.0,True,NONE
GRASIM,2025-10-27 15:30:00 IST,BULL,2025-10-27 09:15:00 IST,2923.9,2827.07,3069.14,3117.56,3165.97,3214.39,2025-11-05 15:30:00 IST,2827.07,STOP_LOSS,-1.0,7,93.0,MULTI_MONTH_BASE_BREAKOUT,True,True,True,3.31,True,NONE
GRASIM,2026-03-25 15:30:00 IST,BEAR,2026-03-25 09:15:00 IST,2647.8,2489.99,2884.52,2963.42,3042.33,3121.23,2026-04-27 15:30:00 IST,2783.0,TIMEOUT_20D,0.86,20,84.0,SHAKEOUT_RECLAIM,True,True,True,5.96,True,NONE
GRASIM,2026-05-20 15:30:00 IST,BULL,2026-05-20 09:15:00 IST,2971.1,2857.94,3140.84,3197.42,3254.0,3310.58,2026-05-20 15:30:00 IST,3140.84,TARGET_1,1.5,1,85.0,CUP_HANDLE,True,True,True,3.81,True,NONE
GRASIM,2026-08-10 15:30:00 IST,BULL,2026-08-10 09:15:00 IST,3380.5,3249.11,3577.59,3643.28,3708.97,3774.67,2026-08-12 15:30:00 IST,3249.11,STOP_LOSS,-1.0,3,90.0,MULTI_MONTH_BASE_BREAKOUT,True,True,True,3.89,True,NONE
GRAPHITE,2025-03-21 15:30:00 IST,SIDEWAYS,2025-03-21 09:15:00 IST,623.46,595.05,666.07,680.28,694.49,708.69,2025-03-27 15:30:00 IST,595.05,STOP_LOSS,-1.0,4,82.0,DOUBLE_BOTTOM,True,True,True,4.56,True,NONE
GRAPHITE,2025-08-08 15:30:00 IST,BULL,2025-08-08 09:15:00 IST,711.03,686.63,747.62,759.83,772.03,784.23,2025-09-05 15:30:00 IST,725.02,TIMEOUT_20D,0.57,20,93.0,MULTI_MONTH_BASE_BREAKOUT,True,True,True,3.43,True,NONE
GRAPHITE,2025-08-20 15:30:00 IST,BULL,2025-08-20 09:15:00 IST,725.69,703.89,758.38,769.29,780.19,791.09,2025-09-11 15:30:00 IST,758.38,TARGET_1,1.5,16,92.0,BULL_FLAG,True,True,True,3.0,True,NONE
GRAPHITE,2025-12-10 15:30:00 IST,SIDEWAYS,2025-12-10 09:15:00 IST,780.67,743.64,836.22,854.73,873.24,891.76,2026-01-02 15:30:00 IST,836.22,TARGET_1,1.5,17,97.0,HIGHER_LOW_REVERSAL,True,True,True,4.74,True,NONE
GUJENERGY,2025-12-03 15:30:00 IST,SIDEWAYS,2025-12-03 09:15:00 IST,412.9,395.38,439.18,447.94,456.7,465.46,2025-12-09 15:30:00 IST,395.38,STOP_LOSS,-1.0,5,92.0,DOUBLE_BOTTOM,True,True,True,4.24,True,NONE
GUJENERGY,2026-01-01 15:30:00 IST,SIDEWAYS,2026-01-01 09:15:00 IST,420.75,395.5,458.62,471.25,483.88,496.5,2026-01-19 15:30:00 IST,395.5,STOP_LOSS,-1.0,12,84.0,V_REVERSAL,True,True,True,6.0,True,NONE
GUJENERGY,2026-04-17 15:30:00 IST,SIDEWAYS,2026-04-17 09:15:00 IST,362.8,341.03,395.45,406.34,417.23,428.11,2026-05-05 15:30:00 IST,395.45,TARGET_1,1.5,13,91.0,V_REVERSAL,True,True,True,6.0,True,NONE
GUJENERGY,2026-05-29 15:30:00 IST,BULL,2026-05-29 09:15:00 IST,401.15,377.08,437.25,449.29,461.32,473.36,2026-06-03 15:30:00 IST,377.08,STOP_LOSS,-1.0,4,91.0,SHAKEOUT_RECLAIM,True,True,True,6.0,True,NONE
GVT&D,2026-03-25 15:30:00 IST,BULL,2026-03-25 09:15:00 IST,3763.4,3537.6,4102.1,4215.0,4327.9,4440.8,2026-03-31 15:30:00 IST,4102.1,TARGET_1,1.5,3,89.0,WYCKOFF_SPRING_TYPE_2,True,True,True,6.0,True,NONE
GVT&D,2026-06-19 15:30:00 IST,BULL,2026-06-19 09:15:00 IST,5533.5,5201.49,6031.52,6197.52,6363.53,6529.53,2026-06-23 15:30:00 IST,5201.49,STOP_LOSS,-1.0,3,79.0,V_REVERSAL,True,True,True,6.0,True,NONE
GVT&D,2026-08-10 15:30:00 IST,BEAR,2026-08-10 09:15:00 IST,4330.0,4070.2,4719.7,4849.6,4979.5,5109.4,2026-08-18 15:30:00 IST,4070.2,STOP_LOSS,-1.0,7,87.0,V_REVERSAL,True,True,True,6.0,True,NONE
HAPPSTMNDS,2026-01-07 15:30:00 IST,BEAR,2026-01-07 09:15:00 IST,458.97,443.61,482.0,489.69,497.37,505.05,2026-01-08 15:30:00 IST,443.61,STOP_LOSS,-1.0,2,88.0,SHAKEOUT_RECLAIM,True,True,True,3.35,True,NONE
HAPPSTMNDS,2026-01-30 15:30:00 IST,BEAR,2026-01-30 09:15:00 IST,409.44,389.31,439.64,449.7,459.76,469.83,2026-02-04 15:30:00 IST,389.31,STOP_LOSS,-1.0,4,91.0,SHAKEOUT_RECLAIM,True,True,True,4.92,True,NONE
HAPPSTMNDS,2026-03-10 15:30:00 IST,SIDEWAYS,2026-03-10 09:15:00 IST,396.62,372.82,432.31,444.22,456.12,468.02,2026-03-10 15:30:00 IST,432.31,TARGET_1,1.5,1,92.0,V_REVERSAL,True,True,True,6.0,True,NONE
HAPPSTMNDS,2026-03-20 15:30:00 IST,SIDEWAYS,2026-03-20 09:15:00 IST,406.92,389.36,433.26,442.04,450.82,459.6,2026-03-22 15:30:00 IST,389.36,STOP_LOSS,-1.0,1,93.0,DOUBLE_BOTTOM,True,True,True,4.31,True,NONE
HAPPSTMNDS,2026-08-14 15:30:00 IST,BULL,2026-08-14 09:15:00 IST,420.2,407.21,439.69,446.18,452.68,459.17,2026-08-16 15:30:00 IST,407.21,STOP_LOSS,-1.0,1,95.0,MULTI_MONTH_BASE_BREAKOUT,True,True,True,3.09,True,NONE
HAPPSTMNDS,2026-08-21 15:30:00 IST,BULL,2026-08-21 09:15:00 IST,444.55,417.88,484.55,497.89,511.23,524.56,2026-08-26 15:30:00 IST,417.88,STOP_LOSS,-1.0,4,93.0,CUP_HANDLE,True,True,True,6.0,True,NONE
HAL,2026-01-28 15:30:00 IST,SIDEWAYS,2026-01-28 09:15:00 IST,4585.9,4359.62,4925.32,5038.46,5151.6,5264.74,2026-02-01 15:30:00 IST,4359.62,STOP_LOSS,-1.0,3,92.0,DOUBLE_BOTTOM,True,True,True,4.93,True,NONE
HAL,2026-05-04 15:30:00 IST,BULL,2026-05-04 09:15:00 IST,4559.5,4285.93,4969.85,5106.64,5243.42,5380.21,2026-05-17 15:30:00 IST,4285.93,STOP_LOSS,-1.0,10,95.0,MULTI_MONTH_BASE_BREAKOUT,True,True,True,6.0,True,NONE
HAL,2026-06-17 15:30:00 IST,SIDEWAYS,2026-06-17 09:15:00 IST,4460.5,4192.87,4861.94,4995.76,5129.58,5263.39,2026-07-14 15:30:00 IST,4420.5,TIMEOUT_20D,-0.15,20,90.0,WYCKOFF_SPRING_TYPE_2,True,True,True,6.0,True,NONE
HAL,2026-07-10 15:30:00 IST,SIDEWAYS,2026-07-10 09:15:00 IST,4506.8,4295.04,4824.44,4930.32,5036.2,5142.08,2026-08-05 15:30:00 IST,4824.44,TARGET_1,1.5,19,88.0,DOUBLE_BOTTOM,True,True,True,4.7,True,NONE
HAL,2026-08-06 15:30:00 IST,BULL,2026-08-06 09:15:00 IST,4910.05,4615.45,5351.95,5499.25,5646.55,5793.85,2026-09-02 15:30:00 IST,4779.95,TIMEOUT_20D,-0.44,20,93.0,HIGHER_LOW_REVERSAL,True,True,True,6.0,True,NONE
HAL,2026-08-12 15:30:00 IST,BULL,2026-08-12 09:15:00 IST,4984.9,4821.55,5229.92,5311.6,5393.27,5474.95,2026-08-24 15:30:00 IST,4821.55,STOP_LOSS,-1.0,9,93.0,BULL_FLAG,True,True,True,3.28,True,NONE
GSFC,2025-04-04 15:30:00 IST,SIDEWAYS,2025-04-04 09:15:00 IST,756.97,724.19,806.14,822.53,838.92,855.31,2025-04-23 15:30:00 IST,724.19,STOP_LOSS,-1.0,13,89.0,WYCKOFF_SPRING_TYPE_2,True,True,True,4.33,True,NONE
GSFC,2025-05-12 15:30:00 IST,BULL,2025-05-12 09:15:00 IST,780.67,767.15,800.95,807.71,814.47,821.23,2025-05-15 15:30:00 IST,767.15,STOP_LOSS,-1.0,3,94.0,CUP_HANDLE,True,True,True,1.73,True,NONE
GSFC,2025-05-19 15:30:00 IST,BULL,2025-05-19 09:15:00 IST,775.13,760.08,797.71,805.23,812.75,820.28,2025-05-21 15:30:00 IST,760.08,STOP_LOSS,-1.0,2,94.0,CUP_HANDLE,True,True,True,1.94,True,NONE
GSFC,2025-05-29 15:30:00 IST,BULL,2025-05-29 09:15:00 IST,778.77,756.78,811.75,822.75,833.75,844.74,2025-06-02 15:30:00 IST,756.78,STOP_LOSS,-1.0,2,90.0,CUP_HANDLE,True,True,True,2.82,True,NONE
GSFC,2025-07-09 15:30:00 IST,SIDEWAYS,2025-07-09 09:15:00 IST,744.84,713.62,791.67,807.28,822.89,838.5,2025-08-06 15:30:00 IST,744.07,TIMEOUT_20D,-0.02,20,88.0,WYCKOFF_SPRING_TYPE_2,True,True,True,4.19,True,NONE
GSFC,2025-08-28 15:30:00 IST,BULL,2025-08-28 09:15:00 IST,807.57,792.75,829.79,837.21,844.62,852.03,2025-09-18 15:30:00 IST,829.79,TARGET_1,1.5,15,90.0,CUP_HANDLE,True,True,True,1.83,True,NONE
GSFC,2025-12-19 15:30:00 IST,SIDEWAYS,2025-12-19 09:15:00 IST,778.3,746.9,825.39,841.1,856.8,872.5,2025-12-31 15:30:00 IST,746.9,STOP_LOSS,-1.0,8,92.0,WYCKOFF_SPRING_TYPE_2,True,True,True,4.03,True,NONE
GSFC,2025-12-25 15:30:00 IST,BEAR,2025-12-25 09:15:00 IST,767.68,746.9,798.85,809.24,819.63,830.02,2025-12-31 15:30:00 IST,746.9,STOP_LOSS,-1.0,4,91.0,WYCKOFF_SPRING_TYPE_2,True,True,True,2.71,True,NONE
GSFC,2026-03-06 15:30:00 IST,BULL,2026-03-06 09:15:00 IST,799.98,775.81,836.24,848.32,860.41,872.49,2026-03-26 15:30:00 IST,836.24,TARGET_1,1.5,14,91.0,CUP_HANDLE,True,True,True,3.02,True,NONE
GSFC,2026-07-01 15:30:00 IST,BULL,2026-07-01 09:15:00 IST,1036.62,993.41,1101.44,1123.04,1144.64,1166.25,2026-07-21 15:30:00 IST,993.41,STOP_LOSS,-1.0,14,93.0,MULTI_MONTH_BASE_BREAKOUT,True,True,True,4.17,True,NONE
GRWRHITECH,2025-04-04 15:30:00 IST,SIDEWAYS,2025-04-04 09:15:00 IST,1786.59,1714.28,1895.06,1931.21,1967.36,2003.52,2025-04-11 15:30:00 IST,1714.28,STOP_LOSS,-1.0,5,92.0,WYCKOFF_SPRING_TYPE_2,True,True,True,4.05,True,NONE
GRWRHITECH,2025-08-01 15:30:00 IST,BEAR,2025-08-01 09:15:00 IST,1597.7,1539.91,1684.39,1713.28,1742.17,1771.07,2025-08-27 15:30:00 IST,1684.39,TARGET_1,1.5,18,92.0,WYCKOFF_SPRING_TYPE_2,True,True,True,3.62,True,NONE
GRWRHITECH,2025-08-28 15:30:00 IST,BULL,2025-08-28 09:15:00 IST,1724.79,1621.3,1880.02,1931.77,1983.51,2035.26,2025-09-25 15:30:00 IST,1645.74,TIMEOUT_20D,-0.76,20,88.0,V_REVERSAL,True,True,True,6.0,True,NONE
GRWRHITECH,2025-09-05 15:30:00 IST,BULL,2025-09-05 09:15:00 IST,1680.61,1642.73,1737.44,1756.37,1775.31,1794.25,2025-09-23 15:30:00 IST,1642.73,STOP_LOSS,-1.0,12,93.0,CUP_HANDLE,True,True,True,2.25,True,NONE
GRWRHITECH,2026-02-09 15:30:00 IST,BULL,2026-02-09 09:15:00 IST,1932.41,1858.53,2043.23,2080.17,2117.11,2154.05,2026-03-09 15:30:00 IST,1973.54,TIMEOUT_20D,0.56,20,87.0,CUP_HANDLE,True,True,True,3.82,True,NONE
GRWRHITECH,2026-05-08 15:30:00 IST,BULL,2026-05-08 09:15:00 IST,2221.41,2153.38,2323.45,2357.47,2391.48,2425.5,2026-05-22 15:30:00 IST,2153.38,STOP_LOSS,-1.0,10,96.0,MULTI_MONTH_BASE_BREAKOUT,True,True,True,3.06,True,NONE
GRWRHITECH,2026-06-15 15:30:00 IST,SIDEWAYS,2026-06-15 09:15:00 IST,2088.41,1988.87,2237.72,2287.49,2337.26,2387.03,2026-06-23 15:30:00 IST,1988.87,STOP_LOSS,-1.0,6,85.0,V_REVERSAL,True,True,True,4.77,True,NONE
HAVELLS,2026-01-06 15:30:00 IST,SIDEWAYS,2026-01-06 09:15:00 IST,1489.7,1413.73,1603.64,1641.64,1679.62,1717.61,2026-01-12 15:30:00 IST,1413.73,STOP_LOSS,-1.0,5,91.0,DOUBLE_BOTTOM,True,True,True,5.1,True,NONE
HAVELLS,2026-01-30 15:30:00 IST,BEAR,2026-01-30 09:15:00 IST,1278.63,1245.4,1328.47,1345.09,1361.71,1378.32,2026-02-01 15:30:00 IST,1245.4,STOP_LOSS,-1.0,1,87.0,SHAKEOUT_RECLAIM,True,True,True,2.6,True,NONE
HAVELLS,2026-02-25 15:30:00 IST,SIDEWAYS,2026-02-25 09:15:00 IST,1410.57,1358.17,1489.17,1515.37,1541.57,1567.77,2026-03-01 15:30:00 IST,1358.17,STOP_LOSS,-1.0,3,90.0,CUP_HANDLE,True,True,True,3.71,True,NONE
HAVELLS,2026-04-27 15:30:00 IST,BEAR,2026-04-27 09:15:00 IST,1267.78,1191.71,1381.89,1419.92,1457.95,1495.99,2026-05-11 15:30:00 IST,1191.71,STOP_LOSS,-1.0,11,86.0,WYCKOFF_SPRING_TYPE_2,True,True,True,6.0,True,NONE
HAVELLS,2026-07-07 15:30:00 IST,SIDEWAYS,2026-07-07 09:15:00 IST,1225.0,1160.74,1321.39,1353.52,1385.65,1417.78,2026-07-16 15:30:00 IST,1160.74,STOP_LOSS,-1.0,8,90.0,DOUBLE_BOTTOM,True,True,True,5.25,True,NONE
HAPPYFORGE,2025-12-23 15:30:00 IST,BULL,2025-12-23 09:15:00 IST,1095.15,1059.49,1148.63,1166.47,1184.3,1202.13,2025-12-30 15:30:00 IST,1148.63,TARGET_1,1.5,5,94.0,MULTI_MONTH_BASE_BREAKOUT,True,True,True,3.26,True,NONE
HAPPYFORGE,2025-12-30 15:30:00 IST,BULL,2025-12-30 09:15:00 IST,1120.28,1082.42,1177.08,1196.0,1214.93,1233.86,2026-01-01 15:30:00 IST,1177.08,TARGET_1,1.5,3,95.0,MULTI_MONTH_BASE_BREAKOUT,True,True,True,3.38,True,NONE
HAPPYFORGE,2026-02-12 15:30:00 IST,BULL,2026-02-12 09:15:00 IST,1283.37,1206.37,1398.88,1437.37,1475.87,1514.37,2026-03-08 15:30:00 IST,1206.37,STOP_LOSS,-1.0,16,91.0,V_REVERSAL,True,True,True,6.0,True,NONE
HAPPYFORGE,2026-05-21 15:30:00 IST,BULL,2026-05-21 09:15:00 IST,1446.36,1359.58,1576.54,1619.92,1663.31,1706.7,2026-05-24 15:30:00 IST,1359.58,STOP_LOSS,-1.0,2,87.0,SHAKEOUT_RECLAIM,True,True,True,6.0,True,NONE
HAPPYFORGE,2026-06-22 15:30:00 IST,BULL,2026-06-22 09:15:00 IST,1550.9,1457.85,1690.48,1737.0,1783.53,1830.05,2026-07-19 15:30:00 IST,1608.0,TIMEOUT_20D,0.61,20,94.0,MULTI_MONTH_BASE_BREAKOUT,True,True,True,6.0,True,NONE
HAPPYFORGE,2026-08-05 15:30:00 IST,BULL,2026-08-05 09:15:00 IST,1817.0,1707.98,1980.53,2035.04,2089.55,2144.06,2026-08-11 15:30:00 IST,1980.53,TARGET_1,1.5,5,89.0,V_REVERSAL,True,True,True,6.0,True,NONE
HAPPYFORGE,2026-08-12 15:30:00 IST,BULL,2026-08-12 09:15:00 IST,2022.7,1901.34,2204.74,2265.42,2326.1,2386.78,2026-08-16 15:30:00 IST,2204.74,TARGET_1,1.5,3,96.0,BULL_FLAG,True,True,True,6.0,True,NONE
HCL-INSYS,2026-01-29 15:30:00 IST,SIDEWAYS,2026-01-29 09:15:00 IST,13.3,12.5,14.5,14.9,15.3,15.7,2026-02-01 15:30:00 IST,12.5,STOP_LOSS,-1.0,2,95.0,SHAKEOUT_RECLAIM,True,True,True,6.02,True,NONE
HBLENGINE,2025-10-27 15:30:00 IST,BULL,2025-10-27 09:15:00 IST,989.9,930.5,1078.99,1108.7,1138.4,1168.1,2025-11-09 15:30:00 IST,1078.99,TARGET_1,1.5,9,91.0,BULL_FLAG,True,True,True,6.0,True,NONE
HBLENGINE,2025-11-14 15:30:00 IST,BULL,2025-11-14 09:15:00 IST,1038.62,976.3,1132.1,1163.26,1194.42,1225.58,2025-11-18 15:30:00 IST,976.3,STOP_LOSS,-1.0,3,98.0,SHAKEOUT_RECLAIM,True,True,True,6.0,True,NONE
HBLENGINE,2025-12-18 15:30:00 IST,BEAR,2025-12-18 09:15:00 IST,816.74,767.74,890.25,914.74,939.24,963.74,2025-12-23 15:30:00 IST,890.25,TARGET_1,1.5,4,95.0,SHAKEOUT_RECLAIM,True,True,True,6.0,True,NONE
HBLENGINE,2026-03-24 15:30:00 IST,BEAR,2026-03-24 09:15:00 IST,660.25,620.63,719.68,739.49,759.3,779.11,2026-03-29 15:30:00 IST,620.63,STOP_LOSS,-1.0,3,87.0,SHAKEOUT_RECLAIM,True,True,True,6.0,True,NONE
HBLENGINE,2026-04-22 15:30:00 IST,BULL,2026-04-22 09:15:00 IST,816.4,767.89,889.17,913.42,937.67,961.93,2026-05-17 15:30:00 IST,767.89,STOP_LOSS,-1.0,18,94.0,BULL_FLAG,True,True,True,5.94,True,NONE
HBLENGINE,2026-05-06 15:30:00 IST,BULL,2026-05-06 09:15:00 IST,854.65,803.37,931.57,957.21,982.85,1008.49,2026-05-11 15:30:00 IST,803.37,STOP_LOSS,-1.0,4,93.0,BULL_FLAG,True,True,True,6.0,True,NONE
HBLENGINE,2026-06-30 15:30:00 IST,BULL,2026-06-30 09:15:00 IST,812.25,763.51,885.36,909.73,934.1,958.47,2026-07-07 15:30:00 IST,763.51,STOP_LOSS,-1.0,6,86.0,WYCKOFF_SPRING_TYPE_2,True,True,True,6.0,True,NONE
HCLTECH,2025-11-19 15:30:00 IST,BULL,2025-11-19 09:15:00 IST,1603.27,1507.07,1747.56,1795.67,1843.77,1891.87,2025-12-16 15:30:00 IST,1595.94,TIMEOUT_20D,-0.08,20,93.0,MULTI_MONTH_BASE_BREAKOUT,True,True,True,6.0,True,NONE
HCLTECH,2026-03-23 15:30:00 IST,BEAR,2026-03-23 09:15:00 IST,1319.61,1254.15,1417.79,1450.53,1483.26,1515.99,2026-04-07 15:30:00 IST,1417.79,TARGET_1,1.5,9,91.0,SHAKEOUT_RECLAIM,True,True,True,4.96,True,NONE
HCLTECH,2026-04-02 15:30:00 IST,SIDEWAYS,2026-04-02 09:15:00 IST,1361.95,1280.24,1484.53,1525.37,1566.23,1607.08,2026-04-21 15:30:00 IST,1280.24,STOP_LOSS,-1.0,12,92.0,WYCKOFF_SPRING_TYPE_2,True,True,True,6.0,True,NONE
HCLTECH,2026-06-02 15:30:00 IST,SIDEWAYS,2026-06-02 09:15:00 IST,1230.93,1157.08,1341.71,1378.63,1415.56,1452.48,2026-06-03 15:30:00 IST,1157.08,STOP_LOSS,-1.0,2,86.0,V_REVERSAL,True,True,True,6.0,True,NONE
HCLTECH,2026-06-16 15:30:00 IST,SIDEWAYS,2026-06-16 09:15:00 IST,1147.29,1078.45,1250.54,1284.97,1319.39,1353.81,2026-06-28 15:30:00 IST,1078.45,STOP_LOSS,-1.0,9,94.0,SHAKEOUT_RECLAIM,True,True,True,6.0,True,NONE
HCLTECH,2026-07-13 15:30:00 IST,SIDEWAYS,2026-07-13 09:15:00 IST,1208.86,1136.33,1317.65,1353.92,1390.18,1426.45,2026-07-14 15:30:00 IST,1136.33,STOP_LOSS,-1.0,2,91.0,DOUBLE_BOTTOM,True,True,True,6.0,True,NONE
HCC,2025-06-13 15:30:00 IST,BULL,2025-06-13 09:15:00 IST,1144.69,1093.31,1221.77,1247.45,1273.14,1298.83,2025-07-07 15:30:00 IST,1093.31,STOP_LOSS,-1.0,16,90.0,MULTI_MONTH_BASE_BREAKOUT,True,True,True,4.49,True,NONE
HCC,2025-12-10 15:30:00 IST,SIDEWAYS,2025-12-10 09:15:00 IST,897.72,846.45,974.62,1000.26,1025.89,1051.53,2026-01-07 15:30:00 IST,862.13,TIMEOUT_20D,-0.69,20,86.0,WYCKOFF_SPRING_TYPE_2,True,True,True,5.71,True,NONE
HCC,2025-12-17 15:30:00 IST,BEAR,2025-12-17 09:15:00 IST,884.62,841.88,948.72,970.1,991.47,1012.84,2026-01-14 15:30:00 IST,885.55,TIMEOUT_20D,0.02,20,92.0,WYCKOFF_SPRING_TYPE_2,True,True,True,4.83,True,NONE
HCC,2026-01-20 15:30:00 IST,SIDEWAYS,2026-01-20 09:15:00 IST,881.92,854.79,922.61,936.18,949.74,963.31,2026-02-11 15:30:00 IST,854.79,STOP_LOSS,-1.0,16,84.0,V_REVERSAL,True,True,True,3.08,True,NONE
HCC,2026-03-16 15:30:00 IST,SIDEWAYS,2026-03-16 09:15:00 IST,889.92,836.52,970.01,996.72,1023.42,1050.12,2026-03-27 15:30:00 IST,836.52,STOP_LOSS,-1.0,9,89.0,V_REVERSAL,True,True,True,6.0,True,NONE
HCC,2026-05-28 15:30:00 IST,SIDEWAYS,2026-05-28 09:15:00 IST,802.23,785.11,827.92,836.47,845.03,853.59,2026-05-29 15:30:00 IST,785.11,STOP_LOSS,-1.0,1,91.0,CUP_HANDLE,True,True,True,2.13,True,NONE
HCC,2026-07-03 15:30:00 IST,BULL,2026-07-03 09:15:00 IST,853.03,801.84,929.81,955.41,981.0,1006.6,2026-07-31 15:30:00 IST,891.2,TIMEOUT_20D,0.75,20,84.0,V_REVERSAL,True,True,True,6.0,True,NONE
HCG,2025-04-28 15:30:00 IST,SIDEWAYS,2025-04-28 09:15:00 IST,1706.69,1664.71,1769.66,1790.65,1811.64,1832.63,2025-05-01 15:30:00 IST,1769.66,TARGET_1,1.5,3,88.0,WYCKOFF_SPRING_TYPE_2,True,True,True,2.46,True,NONE
HCG,2025-05-05 15:30:00 IST,BULL,2025-05-05 09:15:00 IST,1767.43,1720.82,1837.34,1860.65,1883.96,1907.26,2025-05-07 15:30:00 IST,1837.34,TARGET_1,1.5,2,89.0,CUP_HANDLE,True,True,True,2.64,True,NONE
HCG,2025-06-25 15:30:00 IST,BEAR,2025-06-25 09:15:00 IST,1755.72,1717.69,1812.78,1831.78,1850.8,1869.81,2025-07-02 15:30:00 IST,1717.69,STOP_LOSS,-1.0,5,89.0,WYCKOFF_SPRING_TYPE_2,True,True,True,2.17,True,NONE
HCG,2025-07-17 15:30:00 IST,SIDEWAYS,2025-07-17 09:15:00 IST,1729.46,1663.52,1828.37,1861.34,1894.31,1927.28,2025-08-14 15:30:00 IST,1776.89,TIMEOUT_20D,0.72,20,86.0,WYCKOFF_SPRING_TYPE_2,True,True,True,3.81,True,NONE
HCG,2025-10-23 15:30:00 IST,SIDEWAYS,2025-10-23 09:15:00 IST,1813.09,1760.3,1892.28,1918.67,1945.06,1971.46,2025-11-05 15:30:00 IST,1760.3,STOP_LOSS,-1.0,9,88.0,V_REVERSAL,True,True,True,2.91,True,NONE
HCG,2026-01-09 15:30:00 IST,SIDEWAYS,2026-01-09 09:15:00 IST,1722.51,1627.82,1864.53,1911.89,1959.24,2006.58,2026-02-06 15:30:00 IST,1708.6,TIMEOUT_20D,-0.15,20,90.0,WYCKOFF_SPRING_TYPE_2,True,True,True,5.5,True,NONE
HDFCAMC,2025-12-11 15:30:00 IST,SIDEWAYS,2025-12-11 09:15:00 IST,2607.66,2451.2,2842.36,2920.58,2998.81,3077.04,2026-01-08 15:30:00 IST,2469.39,TIMEOUT_20D,-0.88,20,81.0,V_REVERSAL,True,True,True,6.0,True,NONE
HDFCAMC,2026-02-04 15:30:00 IST,SIDEWAYS,2026-02-04 09:15:00 IST,2666.67,2532.76,2867.55,2934.49,3001.44,3068.4,2026-03-03 15:30:00 IST,2532.76,STOP_LOSS,-1.0,19,88.0,DOUBLE_BOTTOM,True,True,True,5.02,True,NONE
HDFCAMC,2026-04-08 15:30:00 IST,SIDEWAYS,2026-04-08 09:15:00 IST,2485.05,2335.94,2708.71,2783.27,2857.83,2932.38,2026-04-16 15:30:00 IST,2708.71,TARGET_1,1.5,6,85.0,SHAKEOUT_RECLAIM,True,True,True,6.0,True,NONE
HDFCAMC,2026-07-09 15:30:00 IST,BULL,2026-07-09 09:15:00 IST,2737.1,2592.57,2953.9,3026.16,3098.42,3170.69,2026-07-15 15:30:00 IST,2592.57,STOP_LOSS,-1.0,5,89.0,CUP_HANDLE,True,True,True,5.28,True,NONE
HDBFS,2025-10-14 15:30:00 IST,BULL,2025-10-14 09:15:00 IST,2019.16,1972.28,2089.48,2112.92,2136.36,2159.8,2025-10-29 15:30:00 IST,2089.48,TARGET_1,1.5,11,82.0,CUP_HANDLE,True,True,True,2.32,True,NONE
HDBFS,2025-12-10 15:30:00 IST,BULL,2025-12-10 09:15:00 IST,2414.3,2290.62,2599.82,2661.66,2723.5,2785.34,2025-12-29 15:30:00 IST,2290.62,STOP_LOSS,-1.0,13,98.0,MULTI_MONTH_BASE_BREAKOUT,True,True,True,5.12,True,NONE
HDFCBANK,2026-01-27 15:30:00 IST,BEAR,2026-01-27 09:15:00 IST,911.33,885.82,949.59,962.35,975.11,987.86,2026-02-02 15:30:00 IST,949.59,TARGET_1,1.5,5,88.0,SHAKEOUT_RECLAIM,True,True,True,2.8,True,NONE
HDFCBANK,2026-03-16 15:30:00 IST,BEAR,2026-03-16 09:15:00 IST,826.92,794.79,875.12,891.18,907.24,923.31,2026-03-18 15:30:00 IST,794.79,STOP_LOSS,-1.0,3,91.0,SHAKEOUT_RECLAIM,True,True,True,3.89,True,NONE
HDFCBANK,2026-07-06 15:30:00 IST,BULL,2026-07-06 09:15:00 IST,829.85,780.06,904.53,929.43,954.33,979.22,2026-07-19 15:30:00 IST,780.06,STOP_LOSS,-1.0,10,92.0,DOUBLE_BOTTOM,True,True,True,6.0,True,NONE
HEG,2025-11-25 15:30:00 IST,SIDEWAYS,2025-11-25 09:15:00 IST,522.45,491.1,569.47,585.15,600.83,616.5,2025-12-22 15:30:00 IST,535.97,TIMEOUT_20D,0.43,20,92.0,SHAKEOUT_RECLAIM,True,True,True,6.0,True,NONE
HEG,2025-12-29 15:30:00 IST,BULL,2025-12-29 09:15:00 IST,596.88,561.06,650.6,668.52,686.43,704.34,2025-12-30 15:30:00 IST,650.6,TARGET_1,1.5,2,93.0,DOUBLE_BOTTOM,True,True,True,6.0,True,NONE
HEG,2026-02-18 15:30:00 IST,SIDEWAYS,2026-02-18 09:15:00 IST,550.49,517.46,600.03,616.55,633.06,649.58,2026-03-08 15:30:00 IST,517.46,STOP_LOSS,-1.0,12,94.0,WYCKOFF_SPRING_TYPE_2,True,True,True,6.0,True,NONE
HEG,2026-04-16 15:30:00 IST,BULL,2026-04-16 09:15:00 IST,623.33,585.93,679.42,698.13,716.83,735.53,2026-04-22 15:30:00 IST,679.42,TARGET_1,1.5,5,88.0,BULL_FLAG,True,True,True,6.0,True,NONE
HEG,2026-07-13 15:30:00 IST,SIDEWAYS,2026-07-13 09:15:00 IST,572.17,537.84,623.66,640.83,657.99,675.16,2026-07-22 15:30:00 IST,623.66,TARGET_1,1.5,8,96.0,DOUBLE_BOTTOM,True,True,True,6.0,True,NONE
HEG,2026-07-24 15:30:00 IST,BULL,2026-07-24 09:15:00 IST,643.15,604.56,701.04,720.33,739.62,758.92,2026-08-13 15:30:00 IST,701.04,TARGET_1,1.5,15,95.0,WYCKOFF_SPRING_TYPE_2,True,True,True,6.0,True,NONE
HEG,2026-08-18 15:30:00 IST,BULL,2026-08-18 09:15:00 IST,739.25,694.89,805.79,827.97,850.15,872.33,2026-09-03 15:30:00 IST,729.05,TIMEOUT_20D,-0.23,13,88.0,BULL_FLAG,True,True,True,6.0,True,NONE
HEROMOTOCO,2025-11-17 15:30:00 IST,BULL,2025-11-17 09:15:00 IST,5687.64,5439.47,6059.89,6183.98,6308.07,6432.15,2025-11-26 15:30:00 IST,6059.89,TARGET_1,1.5,8,93.0,MULTI_MONTH_BASE_BREAKOUT,True,True,True,4.36,True,NONE
HEROMOTOCO,2025-12-30 15:30:00 IST,SIDEWAYS,2025-12-30 09:15:00 IST,5601.81,5380.56,5933.69,6044.31,6154.94,6265.56,2026-01-21 15:30:00 IST,5380.56,STOP_LOSS,-1.0,17,95.0,WYCKOFF_SPRING_TYPE_2,True,True,True,3.95,True,NONE
HEROMOTOCO,2026-02-03 15:30:00 IST,SIDEWAYS,2026-02-03 09:15:00 IST,5652.82,5313.65,6161.57,6331.16,6500.74,6670.33,2026-03-03 15:30:00 IST,5500.0,TIMEOUT_20D,-0.45,20,85.0,WYCKOFF_SPRING_TYPE_2,True,True,True,6.0,True,NONE
HEROMOTOCO,2026-07-23 15:30:00 IST,BULL,2026-07-23 09:15:00 IST,5098.8,4870.46,5441.31,5555.48,5669.65,5783.82,2026-08-02 15:30:00 IST,5441.31,TARGET_1,1.5,7,92.0,DOUBLE_BOTTOM,True,True,True,4.48,True,NONE
HEROMOTOCO,2026-07-30 15:30:00 IST,BULL,2026-07-30 09:15:00 IST,5325.0,5071.06,5705.91,5832.88,5959.85,6086.82,2026-08-05 15:30:00 IST,5705.91,TARGET_1,1.5,5,90.0,MULTI_MONTH_BASE_BREAKOUT,True,True,True,4.77,True,NONE
HDFCLIFE,2025-10-28 15:30:00 IST,BEAR,2025-10-28 09:15:00 IST,744.35,719.8,781.17,793.45,805.73,818.0,2025-10-28 15:30:00 IST,781.17,TARGET_1,1.5,1,86.0,WYCKOFF_SPRING_TYPE_2,True,True,True,3.3,True,NONE
HDFCLIFE,2025-11-12 15:30:00 IST,BEAR,2025-11-12 09:15:00 IST,780.32,733.5,850.55,873.96,897.37,920.78,2025-11-12 15:30:00 IST,850.55,TARGET_1,1.5,1,90.0,WYCKOFF_SPRING_TYPE_2,True,True,True,6.0,True,NONE
HDFCLIFE,2026-01-06 15:30:00 IST,BEAR,2026-01-06 09:15:00 IST,775.09,729.47,843.51,866.33,889.14,911.95,2026-01-06 15:30:00 IST,843.51,TARGET_1,1.5,1,86.0,WYCKOFF_SPRING_TYPE_2,True,True,True,5.89,True,NONE
HDFCLIFE,2026-02-18 15:30:00 IST,SIDEWAYS,2026-02-18 09:15:00 IST,727.01,683.39,792.44,814.25,836.06,857.87,2026-02-18 15:30:00 IST,792.44,TARGET_1,1.5,1,93.0,WYCKOFF_SPRING_TYPE_2,True,True,True,6.0,True,NONE
HDFCLIFE,2026-05-07 15:30:00 IST,BEAR,2026-05-07 09:15:00 IST,623.18,585.79,679.26,697.96,716.65,735.35,2026-05-07 15:30:00 IST,679.26,TARGET_1,1.5,1,90.0,WYCKOFF_SPRING_TYPE_2,True,True,True,6.0,True,NONE
HERITGFOOD,2025-04-21 15:30:00 IST,BULL,2025-04-21 09:15:00 IST,1302.59,1256.57,1371.62,1394.63,1417.64,1440.65,2025-04-24 15:30:00 IST,1256.57,STOP_LOSS,-1.0,3,82.0,WYCKOFF_SPRING_TYPE_2,True,True,True,3.53,True,NONE
HERITGFOOD,2026-01-16 15:30:00 IST,BULL,2026-01-16 09:15:00 IST,1617.86,1591.98,1656.69,1669.62,1682.56,1695.5,2026-01-21 15:30:00 IST,1656.69,TARGET_1,1.5,3,90.0,CUP_HANDLE,True,True,True,1.6,True,NONE
HERITGFOOD,2026-03-30 15:30:00 IST,BULL,2026-03-30 09:15:00 IST,1849.58,1783.51,1948.69,1981.72,2014.75,2047.79,2026-04-27 15:30:00 IST,1902.88,TIMEOUT_20D,0.81,20,94.0,MULTI_MONTH_BASE_BREAKOUT,True,True,True,3.57,True,NONE
HERITGFOOD,2026-04-23 15:30:00 IST,BULL,2026-04-23 09:15:00 IST,1938.5,1860.23,2055.91,2095.04,2134.18,2173.31,2026-05-21 15:30:00 IST,1912.24,TIMEOUT_20D,-0.34,20,94.0,MULTI_MONTH_BASE_BREAKOUT,True,True,True,4.04,True,NONE
HEXT,2025-12-19 15:30:00 IST,BULL,2025-12-19 09:15:00 IST,777.85,731.18,847.86,871.19,894.53,917.86,2025-12-21 15:30:00 IST,731.18,STOP_LOSS,-1.0,1,89.0,CUP_HANDLE,True,True,True,6.0,True,NONE
HEXT,2026-03-20 15:30:00 IST,BEAR,2026-03-20 09:15:00 IST,431.3,405.42,470.12,483.06,496.0,508.94,2026-04-09 15:30:00 IST,470.12,TARGET_1,1.5,12,84.0,SHAKEOUT_RECLAIM,True,True,True,6.0,True,NONE
HEXT,2026-04-02 15:30:00 IST,BEAR,2026-04-02 09:15:00 IST,435.72,409.57,474.94,488.02,501.1,514.17,2026-04-14 15:30:00 IST,474.94,TARGET_1,1.5,7,91.0,V_REVERSAL,True,True,True,6.0,True,NONE
HEXT,2026-05-08 15:30:00 IST,BULL,2026-05-08 09:15:00 IST,485.7,456.56,529.41,543.98,558.55,573.12,2026-06-01 15:30:00 IST,529.41,TARGET_1,1.5,17,93.0,SHAKEOUT_RECLAIM,True,True,True,6.0,True,NONE
HEXT,2026-05-19 15:30:00 IST,BULL,2026-05-19 09:15:00 IST,510.55,479.92,556.49,571.81,587.12,602.44,2026-06-15 15:30:00 IST,499.75,TIMEOUT_20D,-0.35,20,89.0,CUP_HANDLE,True,True,True,6.0,True,NONE
HEXT,2026-06-02 15:30:00 IST,BULL,2026-06-02 09:15:00 IST,549.65,516.67,599.12,615.61,632.1,648.59,2026-06-07 15:30:00 IST,516.67,STOP_LOSS,-1.0,4,92.0,HIGHER_LOW_REVERSAL,True,True,True,6.0,True,NONE
HEXT,2026-07-01 15:30:00 IST,BULL,2026-07-01 09:15:00 IST,551.65,518.55,601.3,617.85,634.4,650.95,2026-07-06 15:30:00 IST,518.55,STOP_LOSS,-1.0,4,91.0,DOUBLE_BOTTOM,True,True,True,6.0,True,NONE
HEMIPROP,2025-06-09 15:30:00 IST,BULL,2025-06-09 09:15:00 IST,2077.4,2012.35,2174.97,2207.5,2240.03,2272.55,2025-07-03 15:30:00 IST,2012.35,STOP_LOSS,-1.0,18,93.0,BULL_FLAG,True,True,True,3.13,True,NONE
HEMIPROP,2025-08-11 15:30:00 IST,BULL,2025-08-11 09:15:00 IST,2120.27,2079.68,2181.14,2201.45,2221.75,2242.04,2025-08-14 15:30:00 IST,2079.68,STOP_LOSS,-1.0,3,88.0,CUP_HANDLE,True,True,True,1.91,True,NONE
HEMIPROP,2025-08-21 15:30:00 IST,BULL,2025-08-21 09:15:00 IST,2137.39,2074.16,2232.23,2263.85,2295.47,2327.08,2025-09-18 15:30:00 IST,2126.43,TIMEOUT_20D,-0.17,20,87.0,CUP_HANDLE,True,True,True,2.96,True,NONE
HEMIPROP,2025-09-18 15:30:00 IST,SIDEWAYS,2025-09-18 09:15:00 IST,2126.43,2087.54,2184.76,2204.21,2223.65,2243.1,2025-09-19 15:30:00 IST,2184.76,TARGET_1,1.5,1,91.0,CUP_HANDLE,True,True,True,1.83,True,NONE
HEMIPROP,2025-09-24 15:30:00 IST,BULL,2025-09-24 09:15:00 IST,2252.79,2166.57,2382.12,2425.23,2468.34,2511.45,2025-10-22 15:30:00 IST,2217.89,TIMEOUT_20D,-0.4,20,87.0,MULTI_MONTH_BASE_BREAKOUT,True,True,True,3.83,True,NONE
HEMIPROP,2025-10-02 15:30:00 IST,BULL,2025-10-02 09:15:00 IST,2341.35,2269.51,2449.11,2485.03,2520.95,2556.87,2025-10-07 15:30:00 IST,2269.51,STOP_LOSS,-1.0,3,94.0,MULTI_MONTH_BASE_BREAKOUT,True,True,True,3.07,True,NONE
HEMIPROP,2025-11-07 15:30:00 IST,BULL,2025-11-07 09:15:00 IST,2326.05,2265.71,2416.57,2446.73,2476.9,2507.07,2025-11-11 15:30:00 IST,2265.71,STOP_LOSS,-1.0,2,89.0,CUP_HANDLE,True,True,True,2.59,True,NONE
HEMIPROP,2026-01-28 15:30:00 IST,BULL,2026-01-28 09:15:00 IST,2713.1,2564.4,2936.16,3010.5,3084.85,3159.2,2026-02-25 15:30:00 IST,2796.37,TIMEOUT_20D,0.56,20,90.0,MULTI_MONTH_BASE_BREAKOUT,True,True,True,5.48,True,NONE
HEMIPROP,2026-05-04 15:30:00 IST,BULL,2026-05-04 09:15:00 IST,2981.97,2906.43,3095.28,3133.05,3170.82,3208.59,2026-05-06 15:30:00 IST,2906.43,STOP_LOSS,-1.0,2,88.0,CUP_HANDLE,True,True,True,2.53,True,NONE
HEMIPROP,2026-07-24 15:30:00 IST,BEAR,2026-07-24 09:15:00 IST,2580.78,2510.87,2685.64,2720.6,2755.56,2790.51,2026-07-28 15:30:00 IST,2510.87,STOP_LOSS,-1.0,2,89.0,WYCKOFF_SPRING_TYPE_2,True,True,True,2.71,True,NONE
HINDALCO,2025-10-24 15:30:00 IST,BULL,2025-10-24 09:15:00 IST,820.17,771.83,892.68,916.85,941.02,965.19,2025-11-05 15:30:00 IST,771.83,STOP_LOSS,-1.0,8,95.0,MULTI_MONTH_BASE_BREAKOUT,True,True,True,5.89,True,NONE
HINDALCO,2025-12-30 15:30:00 IST,BULL,2025-12-30 09:15:00 IST,879.56,826.79,958.72,985.1,1011.48,1037.87,2026-01-05 15:30:00 IST,958.72,TARGET_1,1.5,5,88.0,DOUBLE_BOTTOM,True,True,True,6.0,True,NONE
HINDALCO,2026-01-28 15:30:00 IST,BULL,2026-01-28 09:15:00 IST,993.02,950.49,1056.81,1078.08,1099.34,1120.61,2026-02-01 15:30:00 IST,950.49,STOP_LOSS,-1.0,3,94.0,MULTI_MONTH_BASE_BREAKOUT,True,True,True,4.28,True,NONE
HINDALCO,2026-04-16 15:30:00 IST,BULL,2026-04-16 09:15:00 IST,1034.5,972.43,1127.61,1158.64,1189.68,1220.71,2026-05-13 15:30:00 IST,1097.57,TIMEOUT_20D,1.02,20,81.0,BULL_FLAG,True,True,True,6.0,True,NONE
HINDALCO,2026-05-27 15:30:00 IST,BULL,2026-05-27 09:15:00 IST,1143.73,1075.11,1246.67,1280.97,1315.28,1349.59,2026-06-07 15:30:00 IST,1075.11,STOP_LOSS,-1.0,8,89.0,HIGHER_LOW_REVERSAL,True,True,True,6.0,True,NONE
HINDALCO,2026-06-17 15:30:00 IST,SIDEWAYS,2026-06-17 09:15:00 IST,1002.67,960.14,1066.46,1087.73,1108.99,1130.26,2026-06-24 15:30:00 IST,960.14,STOP_LOSS,-1.0,6,90.0,SHAKEOUT_RECLAIM,True,True,True,4.24,True,NONE
HINDALCO,2026-08-04 15:30:00 IST,SIDEWAYS,2026-08-04 09:15:00 IST,1020.0,972.3,1091.55,1115.4,1139.25,1163.1,2026-09-03 15:30:00 IST,1013.8,TIMEOUT_20D,-0.13,16,92.0,DOUBLE_BOTTOM,True,True,True,4.68,True,NONE
HINDCOPPER,2025-12-04 15:30:00 IST,SIDEWAYS,2025-12-04 09:15:00 IST,365.16,343.25,398.04,408.98,419.94,430.89,2025-12-21 15:30:00 IST,398.04,TARGET_1,1.5,12,91.0,V_REVERSAL,True,True,True,6.0,True,NONE
HINDCOPPER,2025-12-12 15:30:00 IST,BULL,2025-12-12 09:15:00 IST,381.69,358.79,416.04,427.49,438.94,450.39,2025-12-23 15:30:00 IST,416.04,TARGET_1,1.5,8,95.0,BULL_FLAG,True,True,True,6.0,True,NONE
HINDCOPPER,2025-12-18 15:30:00 IST,BULL,2025-12-18 09:15:00 IST,386.83,363.62,421.64,433.25,444.85,456.46,2025-12-23 15:30:00 IST,421.64,TARGET_1,1.5,4,90.0,SHAKEOUT_RECLAIM,True,True,True,6.0,True,NONE
HINDCOPPER,2025-12-24 15:30:00 IST,BULL,2025-12-24 09:15:00 IST,435.85,409.7,475.08,488.15,501.23,514.3,2025-12-25 15:30:00 IST,475.08,TARGET_1,1.5,1,88.0,V_REVERSAL,True,True,True,6.0,True,NONE
HINDCOPPER,2026-01-28 15:30:00 IST,BULL,2026-01-28 09:15:00 IST,632.39,594.44,689.31,708.29,727.26,746.24,2026-01-28 15:30:00 IST,689.31,TARGET_1,1.5,1,94.0,ASCENDING_TRIANGLE,True,True,True,6.0,True,NONE
HINDCOPPER,2026-05-13 15:30:00 IST,BULL,2026-05-13 09:15:00 IST,595.3,568.32,635.77,649.26,662.75,676.24,2026-05-14 15:30:00 IST,568.32,STOP_LOSS,-1.0,2,94.0,DOUBLE_BOTTOM,True,True,True,4.53,True,NONE
HINDCOPPER,2026-08-05 15:30:00 IST,SIDEWAYS,2026-08-05 09:15:00 IST,533.8,501.77,581.84,597.86,613.87,629.89,2026-08-23 15:30:00 IST,581.84,TARGET_1,1.5,13,94.0,WYCKOFF_SPRING_TYPE_2,True,True,True,6.0,True,NONE
HINDCOPPER,2026-08-17 15:30:00 IST,BULL,2026-08-17 09:15:00 IST,572.65,553.38,601.56,611.19,620.82,630.46,2026-08-18 15:30:00 IST,553.38,STOP_LOSS,-1.0,2,98.0,MULTI_MONTH_BASE_BREAKOUT,True,True,True,3.37,True,NONE
HINDCOPPER,2026-08-26 15:30:00 IST,BULL,2026-08-26 09:15:00 IST,556.05,522.69,606.09,622.77,639.45,656.13,2026-08-30 15:30:00 IST,522.69,STOP_LOSS,-1.0,3,94.0,SHAKEOUT_RECLAIM,True,True,True,6.0,True,NONE
HINDPETRO,2025-10-29 15:30:00 IST,BULL,2025-10-29 09:15:00 IST,464.02,446.59,490.15,498.88,507.6,516.31,2025-11-11 15:30:00 IST,490.15,TARGET_1,1.5,9,94.0,MULTI_MONTH_BASE_BREAKOUT,True,True,True,3.76,True,NONE
HINDPETRO,2025-12-31 15:30:00 IST,BULL,2025-12-31 09:15:00 IST,499.05,479.62,528.19,537.91,547.62,557.34,2026-01-05 15:30:00 IST,479.62,STOP_LOSS,-1.0,4,97.0,MULTI_MONTH_BASE_BREAKOUT,True,True,True,3.89,True,NONE
HINDPETRO,2026-01-16 15:30:00 IST,BEAR,2026-01-16 09:15:00 IST,457.9,435.06,492.16,503.58,515.0,526.42,2026-01-20 15:30:00 IST,435.06,STOP_LOSS,-1.0,3,86.0,SHAKEOUT_RECLAIM,True,True,True,4.99,True,NONE
HINDPETRO,2026-02-02 15:30:00 IST,SIDEWAYS,2026-02-02 09:15:00 IST,453.25,426.05,494.05,507.65,521.25,534.85,2026-03-01 15:30:00 IST,426.05,STOP_LOSS,-1.0,20,95.0,SHAKEOUT_RECLAIM,True,True,True,6.0,True,NONE
HINDPETRO,2026-04-08 15:30:00 IST,SIDEWAYS,2026-04-08 09:15:00 IST,364.25,342.39,397.04,407.97,418.9,429.83,2026-04-12 15:30:00 IST,342.39,STOP_LOSS,-1.0,3,86.0,V_REVERSAL,True,True,True,6.0,True,NONE
HINDPETRO,2026-05-06 15:30:00 IST,SIDEWAYS,2026-05-06 09:15:00 IST,399.2,375.25,435.13,447.1,459.07,471.05,2026-05-10 15:30:00 IST,375.25,STOP_LOSS,-1.0,3,93.0,BULL_FLAG,True,True,True,6.0,True,NONE
HINDPETRO,2026-05-13 15:30:00 IST,BULL,2026-05-13 09:15:00 IST,390.1,366.69,425.22,436.92,448.63,460.33,2026-05-14 15:30:00 IST,366.69,STOP_LOSS,-1.0,2,94.0,SHAKEOUT_RECLAIM,True,True,True,6.0,True,NONE
HINDPETRO,2026-07-20 15:30:00 IST,BULL,2026-07-20 09:15:00 IST,405.4,388.08,431.38,440.04,448.7,457.36,2026-07-21 15:30:00 IST,388.08,STOP_LOSS,-1.0,2,83.0,DOUBLE_BOTTOM,True,True,True,4.27,True,NONE
HINDUNILVR,2026-01-19 15:30:00 IST,SIDEWAYS,2026-01-19 09:15:00 IST,2389.59,2246.22,2604.65,2676.33,2748.02,2819.7,2026-02-16 15:30:00 IST,2289.02,TIMEOUT_20D,-0.7,20,81.0,DOUBLE_BOTTOM,True,True,True,6.0,True,NONE
HINDUNILVR,2026-04-17 15:30:00 IST,SIDEWAYS,2026-04-17 09:15:00 IST,2218.24,2085.14,2417.88,2484.44,2550.99,2617.54,2026-05-14 15:30:00 IST,2249.32,TIMEOUT_20D,0.23,20,95.0,WYCKOFF_SPRING_TYPE_2,True,True,True,6.0,True,NONE
HINDUNILVR,2026-07-01 15:30:00 IST,SIDEWAYS,2026-07-01 09:15:00 IST,2182.0,2078.41,2337.39,2389.18,2440.98,2492.77,2026-07-27 15:30:00 IST,2078.41,STOP_LOSS,-1.0,19,91.0,SHAKEOUT_RECLAIM,True,True,True,4.75,True,NONE
HINDWAREAP,2025-11-14 15:30:00 IST,SIDEWAYS,2025-11-14 09:15:00 IST,358.4,336.9,390.65,401.4,412.15,422.9,2025-11-19 15:30:00 IST,336.9,STOP_LOSS,-1.0,4,80.0,DOUBLE_BOTTOM,True,True,True,6.0,True,NONE
HINDWAREAP,2026-02-05 15:30:00 IST,SIDEWAYS,2026-02-05 09:15:00 IST,246.51,231.72,268.69,276.09,283.48,290.88,2026-02-18 15:30:00 IST,231.72,STOP_LOSS,-1.0,10,94.0,SHAKEOUT_RECLAIM,True,True,True,6.0,True,NONE
HINDWAREAP,2026-03-18 15:30:00 IST,BEAR,2026-03-18 09:15:00 IST,203.09,190.9,221.37,227.47,233.56,239.66,2026-03-22 15:30:00 IST,190.9,STOP_LOSS,-1.0,3,85.0,SHAKEOUT_RECLAIM,True,True,True,6.0,True,NONE
HINDWAREAP,2026-04-21 15:30:00 IST,SIDEWAYS,2026-04-21 09:15:00 IST,230.66,216.82,251.42,258.34,265.26,272.18,2026-04-27 15:30:00 IST,216.82,STOP_LOSS,-1.0,5,93.0,BULL_FLAG,True,True,True,6.0,True,NONE
HINDWAREAP,2026-05-21 15:30:00 IST,BULL,2026-05-21 09:15:00 IST,243.02,228.44,264.89,272.18,279.47,286.76,2026-05-26 15:30:00 IST,228.44,STOP_LOSS,-1.0,4,90.0,CUP_HANDLE,True,True,True,6.0,True,NONE
HINDWAREAP,2026-06-12 15:30:00 IST,BULL,2026-06-12 09:15:00 IST,251.79,238.74,271.36,277.89,284.41,290.94,2026-06-14 15:30:00 IST,271.36,TARGET_1,1.5,1,96.0,DOUBLE_BOTTOM,True,True,True,5.18,True,NONE
HFCL,2025-09-02 15:30:00 IST,SIDEWAYS,2025-09-02 09:15:00 IST,916.02,901.89,937.22,944.28,951.35,958.41,2025-09-08 15:30:00 IST,937.22,TARGET_1,1.5,4,91.0,WYCKOFF_SPRING_TYPE_2,True,True,True,1.54,True,NONE
HFCL,2025-09-12 15:30:00 IST,SIDEWAYS,2025-09-12 09:15:00 IST,934.64,901.89,983.75,1000.14,1016.51,1032.89,2025-09-17 15:30:00 IST,901.89,STOP_LOSS,-1.0,3,91.0,WYCKOFF_SPRING_TYPE_2,True,True,True,3.5,True,NONE
HFCL,2025-11-19 15:30:00 IST,SIDEWAYS,2025-11-19 09:15:00 IST,949.23,898.39,1025.48,1050.91,1076.33,1101.75,2025-12-17 15:30:00 IST,946.2,TIMEOUT_20D,-0.06,20,91.0,WYCKOFF_SPRING_TYPE_2,True,True,True,5.36,True,NONE
HFCL,2025-12-02 15:30:00 IST,BULL,2025-12-02 09:15:00 IST,966.43,925.88,1027.27,1047.53,1067.8,1088.08,2025-12-30 15:30:00 IST,930.5,TIMEOUT_20D,-0.89,20,87.0,DOUBLE_BOTTOM,True,True,True,4.2,True,NONE
HFCL,2025-12-08 15:30:00 IST,BULL,2025-12-08 09:15:00 IST,996.48,936.69,1086.16,1116.06,1145.95,1175.85,2025-12-12 15:30:00 IST,936.69,STOP_LOSS,-1.0,4,84.0,V_REVERSAL,True,True,True,6.0,True,NONE
HFCL,2026-02-26 15:30:00 IST,BULL,2026-02-26 09:15:00 IST,948.61,919.79,991.84,1006.25,1020.66,1035.07,2026-03-11 15:30:00 IST,919.79,STOP_LOSS,-1.0,9,89.0,BULL_FLAG,True,True,True,3.04,True,NONE
HFCL,2026-04-09 15:30:00 IST,SIDEWAYS,2026-04-09 09:15:00 IST,912.72,871.02,975.27,996.12,1016.97,1037.82,2026-05-01 15:30:00 IST,975.27,TARGET_1,1.5,16,93.0,DOUBLE_BOTTOM,True,True,True,4.57,True,NONE
HFCL,2026-04-17 15:30:00 IST,BEAR,2026-04-17 09:15:00 IST,899.05,853.09,968.0,990.97,1013.95,1036.93,2026-04-30 15:30:00 IST,968.0,TARGET_1,1.5,9,90.0,WYCKOFF_SPRING_TYPE_2,True,True,True,5.11,True,NONE
HFCL,2026-05-11 15:30:00 IST,BULL,2026-05-11 09:15:00 IST,972.91,945.04,1014.71,1028.65,1042.59,1056.52,2026-05-15 15:30:00 IST,945.04,STOP_LOSS,-1.0,4,88.0,CUP_HANDLE,True,True,True,2.86,True,NONE
HFCL,2026-05-21 15:30:00 IST,BULL,2026-05-21 09:15:00 IST,981.94,938.4,1047.25,1069.02,1090.79,1112.56,2026-05-26 15:30:00 IST,938.4,STOP_LOSS,-1.0,3,92.0,CUP_HANDLE,True,True,True,4.43,True,NONE
HFCL,2026-08-07 15:30:00 IST,BULL,2026-08-07 09:15:00 IST,998.25,975.06,1033.02,1044.63,1056.23,1067.82,2026-08-17 15:30:00 IST,975.06,STOP_LOSS,-1.0,6,88.0,CUP_HANDLE,True,True,True,2.32,True,NONE
HOMEFIRST,2025-11-03 15:30:00 IST,SIDEWAYS,2025-11-03 09:15:00 IST,1248.86,1173.93,1361.26,1398.72,1436.18,1473.65,2025-11-05 15:30:00 IST,1173.93,STOP_LOSS,-1.0,2,89.0,V_REVERSAL,True,True,True,6.0,True,NONE
HOMEFIRST,2026-01-23 15:30:00 IST,SIDEWAYS,2026-01-23 09:15:00 IST,1107.62,1041.17,1207.3,1240.52,1273.74,1306.97,2026-01-26 15:30:00 IST,1207.3,TARGET_1,1.5,1,92.0,SHAKEOUT_RECLAIM,True,True,True,6.0,True,NONE
HOMEFIRST,2026-04-21 15:30:00 IST,SIDEWAYS,2026-04-21 09:15:00 IST,1172.32,1101.98,1277.83,1313.0,1348.17,1383.34,2026-05-11 15:30:00 IST,1101.98,STOP_LOSS,-1.0,14,85.0,CUP_HANDLE,True,True,True,6.0,True,NONE
HOMEFIRST,2026-04-29 15:30:00 IST,BULL,2026-04-29 09:15:00 IST,1149.78,1103.27,1219.54,1242.8,1266.05,1289.31,2026-05-05 15:30:00 IST,1219.54,TARGET_1,1.5,4,84.0,CUP_HANDLE,True,True,True,4.04,True,NONE
HOMEFIRST,2026-06-24 15:30:00 IST,BULL,2026-06-24 09:15:00 IST,1163.5,1098.28,1261.33,1293.94,1326.55,1359.16,2026-07-12 15:30:00 IST,1261.33,TARGET_1,1.5,13,81.0,CUP_HANDLE,True,True,True,5.61,True,NONE
HOMEFIRST,2026-07-01 15:30:00 IST,BULL,2026-07-01 09:15:00 IST,1201.6,1129.5,1309.75,1345.8,1381.85,1417.9,2026-07-28 15:30:00 IST,1174.5,TIMEOUT_20D,-0.38,20,89.0,WYCKOFF_SPRING_TYPE_2,True,True,True,6.0,True,NONE
HINDZINC,2025-12-12 15:30:00 IST,BULL,2025-12-12 09:15:00 IST,551.57,518.48,601.21,617.75,634.3,650.84,2025-12-22 15:30:00 IST,601.21,TARGET_1,1.5,7,88.0,V_REVERSAL,True,True,True,6.0,True,NONE
HINDZINC,2025-12-18 15:30:00 IST,BULL,2025-12-18 09:15:00 IST,581.53,546.63,633.87,651.33,668.78,686.23,2025-12-25 15:30:00 IST,633.87,TARGET_1,1.5,5,86.0,BULL_FLAG,True,True,True,6.0,True,NONE
HINDZINC,2026-01-29 15:30:00 IST,BULL,2026-01-29 09:15:00 IST,702.37,660.23,765.57,786.65,807.72,828.79,2026-01-29 15:30:00 IST,660.23,STOP_LOSS,-1.0,1,90.0,SHAKEOUT_RECLAIM,True,True,True,6.0,True,NONE
HINDZINC,2026-04-27 15:30:00 IST,BULL,2026-04-27 09:15:00 IST,616.73,579.73,672.23,690.73,709.23,727.73,2026-05-12 15:30:00 IST,672.23,TARGET_1,1.5,12,93.0,BULL_FLAG,True,True,True,6.0,True,NONE
HINDZINC,2026-05-06 15:30:00 IST,BULL,2026-05-06 09:15:00 IST,634.6,607.1,675.85,689.6,703.35,717.1,2026-05-12 15:30:00 IST,675.85,TARGET_1,1.5,5,88.0,DOUBLE_BOTTOM,True,True,True,4.33,True,NONE
HINDZINC,2026-07-24 15:30:00 IST,BEAR,2026-07-24 09:15:00 IST,531.95,512.38,561.31,571.09,580.88,590.66,2026-08-03 15:30:00 IST,561.31,TARGET_1,1.5,7,84.0,V_REVERSAL,True,True,True,3.68,True,NONE
HINDZINC,2026-08-04 15:30:00 IST,SIDEWAYS,2026-08-04 09:15:00 IST,562.9,529.13,613.56,630.44,647.32,664.21,2026-08-23 15:30:00 IST,613.56,TARGET_1,1.5,14,95.0,DOUBLE_BOTTOM,True,True,True,6.0,True,NONE
HINDZINC,2026-08-26 15:30:00 IST,BULL,2026-08-26 09:15:00 IST,626.5,595.77,672.6,687.96,703.33,718.69,2026-08-30 15:30:00 IST,595.77,STOP_LOSS,-1.0,3,93.0,MULTI_MONTH_BASE_BREAKOUT,True,True,True,4.91,True,NONE
HONASA,2026-04-01 15:30:00 IST,BULL,2026-04-01 09:15:00 IST,307.45,292.99,329.14,336.37,343.6,350.83,2026-04-08 15:30:00 IST,329.14,TARGET_1,1.5,5,88.0,DOUBLE_BOTTOM,True,True,True,4.7,True,NONE
HONASA,2026-04-10 15:30:00 IST,BULL,2026-04-10 09:15:00 IST,344.85,324.16,375.89,386.23,396.58,406.92,2026-05-10 15:30:00 IST,352.95,TIMEOUT_20D,0.39,20,81.0,V_REVERSAL,True,True,True,6.0,True,NONE
HONASA,2026-05-25 15:30:00 IST,BULL,2026-05-25 09:15:00 IST,391.25,367.77,426.47,438.21,449.95,461.69,2026-06-10 15:30:00 IST,426.47,TARGET_1,1.5,13,87.0,SHAKEOUT_RECLAIM,True,True,True,6.0,True,NONE
HONASA,2026-06-29 15:30:00 IST,BULL,2026-06-29 09:15:00 IST,446.45,419.66,486.64,500.03,513.42,526.82,2026-07-13 15:30:00 IST,486.64,TARGET_1,1.5,11,93.0,HIGHER_LOW_REVERSAL,True,True,True,6.0,True,NONE
HUDCO,2025-12-26 15:30:00 IST,SIDEWAYS,2025-12-26 09:15:00 IST,218.77,205.64,238.46,245.03,251.6,258.16,2026-01-19 15:30:00 IST,205.64,STOP_LOSS,-1.0,17,85.0,V_REVERSAL,True,True,True,6.0,True,NONE
HUDCO,2026-01-02 15:30:00 IST,SIDEWAYS,2026-01-02 09:15:00 IST,228.43,214.72,248.99,255.85,262.71,269.56,2026-01-07 15:30:00 IST,214.72,STOP_LOSS,-1.0,4,92.0,WYCKOFF_SPRING_TYPE_2,True,True,True,6.0,True,NONE
HUDCO,2026-02-12 15:30:00 IST,SIDEWAYS,2026-02-12 09:15:00 IST,200.5,188.47,218.56,224.56,230.57,236.59,2026-02-23 15:30:00 IST,188.47,STOP_LOSS,-1.0,8,95.0,SHAKEOUT_RECLAIM,True,True,True,6.0,True,NONE
HUDCO,2026-04-13 15:30:00 IST,SIDEWAYS,2026-04-13 09:15:00 IST,187.97,176.69,204.89,210.53,216.17,221.81,2026-04-22 15:30:00 IST,204.89,TARGET_1,1.5,7,86.0,WYCKOFF_SPRING_TYPE_2,True,True,True,6.0,True,NONE
HUDCO,2026-04-23 15:30:00 IST,BULL,2026-04-23 09:15:00 IST,204.46,192.19,222.87,229.0,235.14,241.27,2026-04-29 15:30:00 IST,222.87,TARGET_1,1.5,5,83.0,WYCKOFF_SPRING_TYPE_2,True,True,True,6.0,True,NONE
HUDCO,2026-07-03 15:30:00 IST,SIDEWAYS,2026-07-03 09:15:00 IST,215.56,202.63,234.95,241.42,247.89,254.35,2026-07-07 15:30:00 IST,202.63,STOP_LOSS,-1.0,3,95.0,SHAKEOUT_RECLAIM,True,True,True,6.0,True,NONE
HSCL,2025-10-29 15:30:00 IST,BULL,2025-10-29 09:15:00 IST,485.09,464.68,515.71,525.91,536.11,546.32,2025-11-03 15:30:00 IST,464.68,STOP_LOSS,-1.0,4,89.0,DOUBLE_BOTTOM,True,True,True,4.21,True,NONE
HSCL,2025-12-03 15:30:00 IST,SIDEWAYS,2025-12-03 09:15:00 IST,448.94,422.0,489.35,502.82,516.29,529.76,2025-12-22 15:30:00 IST,489.35,TARGET_1,1.5,14,90.0,SHAKEOUT_RECLAIM,True,True,True,6.0,True,NONE
HSCL,2026-03-30 15:30:00 IST,BEAR,2026-03-30 09:15:00 IST,441.0,418.33,475.01,486.34,497.68,509.01,2026-04-07 15:30:00 IST,475.01,TARGET_1,1.5,5,94.0,WYCKOFF_SPRING_TYPE_2,True,True,True,5.14,True,NONE
HSCL,2026-06-05 15:30:00 IST,BULL,2026-06-05 09:15:00 IST,685.05,643.95,746.7,767.25,787.8,808.35,2026-06-07 15:30:00 IST,643.95,STOP_LOSS,-1.0,1,89.0,V_REVERSAL,True,True,True,6.0,True,NONE
HSCL,2026-07-16 15:30:00 IST,BULL,2026-07-16 09:15:00 IST,722.35,679.01,787.36,809.03,830.7,852.37,2026-07-20 15:30:00 IST,787.36,TARGET_1,1.5,3,86.0,V_REVERSAL,True,True,True,6.0,True,NONE
HYUNDAI,2025-10-30 15:30:00 IST,SIDEWAYS,2025-10-30 09:15:00 IST,2413.7,2268.88,2630.93,2703.34,2775.75,2848.16,2025-11-27 15:30:00 IST,2326.0,TIMEOUT_20D,-0.61,20,86.0,V_REVERSAL,True,True,True,6.0,True,NONE
HYUNDAI,2025-12-01 15:30:00 IST,SIDEWAYS,2025-12-01 09:15:00 IST,2395.7,2263.62,2593.82,2659.86,2725.9,2791.94,2025-12-07 15:30:00 IST,2263.62,STOP_LOSS,-1.0,5,87.0,BULL_PENNANT,True,True,True,5.51,True,NONE
HYUNDAI,2026-05-21 15:30:00 IST,SIDEWAYS,2026-05-21 09:15:00 IST,1845.2,1751.2,1986.2,2033.2,2080.2,2127.2,2026-05-28 15:30:00 IST,1986.2,TARGET_1,1.5,6,89.0,SHAKEOUT_RECLAIM,True,True,True,5.09,True,NONE
HYUNDAI,2026-07-31 15:30:00 IST,BULL,2026-07-31 09:15:00 IST,2160.07,2030.47,2354.47,2419.27,2484.07,2548.87,2026-08-27 15:30:00 IST,2266.0,TIMEOUT_20D,0.82,20,88.0,CUP_HANDLE,True,True,True,6.0,True,NONE
HONAUT,2025-04-15 15:30:00 IST,BEAR,2025-04-15 09:15:00 IST,690.16,675.61,711.99,719.26,726.53,733.81,2025-04-18 15:30:00 IST,675.61,STOP_LOSS,-1.0,3,92.0,V_REVERSAL,True,True,True,2.11,True,NONE
HONAUT,2025-05-02 15:30:00 IST,BULL,2025-05-02 09:15:00 IST,754.33,709.07,822.22,844.85,867.48,890.11,2025-05-14 15:30:00 IST,709.07,STOP_LOSS,-1.0,8,87.0,V_REVERSAL,True,True,True,6.0,True,NONE
HONAUT,2025-05-21 15:30:00 IST,SIDEWAYS,2025-05-21 09:15:00 IST,701.96,669.91,750.02,766.06,782.09,798.11,2025-06-11 15:30:00 IST,750.02,TARGET_1,1.5,15,82.0,DOUBLE_BOTTOM,True,True,True,4.57,True,NONE
HONAUT,2025-07-29 15:30:00 IST,BULL,2025-07-29 09:15:00 IST,861.18,829.21,909.12,925.12,941.1,957.09,2025-08-26 15:30:00 IST,851.67,TIMEOUT_20D,-0.3,20,85.0,HIGHER_LOW_REVERSAL,True,True,True,3.71,True,NONE
HONAUT,2025-12-18 15:30:00 IST,BEAR,2025-12-18 09:15:00 IST,983.45,960.46,1017.93,1029.43,1040.93,1052.42,2025-12-22 15:30:00 IST,960.46,STOP_LOSS,-1.0,2,92.0,WYCKOFF_SPRING_TYPE_2,True,True,True,2.34,True,NONE
HONAUT,2026-02-26 15:30:00 IST,SIDEWAYS,2026-02-26 09:15:00 IST,950.63,896.46,1031.89,1058.97,1086.05,1113.14,2026-03-12 15:30:00 IST,896.46,STOP_LOSS,-1.0,10,91.0,WYCKOFF_SPRING_TYPE_2,True,True,True,5.7,True,NONE
HONAUT,2026-04-24 15:30:00 IST,BEAR,2026-04-24 09:15:00 IST,870.27,855.48,892.47,899.85,907.24,914.64,2026-04-27 15:30:00 IST,892.47,TARGET_1,1.5,1,90.0,WYCKOFF_SPRING_TYPE_2,True,True,True,1.7,True,NONE
HONAUT,2026-07-09 15:30:00 IST,BULL,2026-07-09 09:15:00 IST,1062.75,1001.8,1154.18,1184.65,1215.12,1245.6,2026-08-06 15:30:00 IST,1154.18,TARGET_1,1.5,20,85.0,BULL_FLAG,True,True,True,5.74,True,NONE
HONAUT,2026-07-24 15:30:00 IST,BULL,2026-07-24 09:15:00 IST,1114.39,1050.7,1209.92,1241.77,1273.62,1305.46,2026-08-18 15:30:00 IST,1209.92,TARGET_1,1.5,17,88.0,BULL_FLAG,True,True,True,5.72,True,NONE
ICICIGI,2025-11-17 15:30:00 IST,BULL,2025-11-17 09:15:00 IST,2035.17,1960.57,2147.08,2184.37,2221.67,2258.97,2025-11-27 15:30:00 IST,1960.57,STOP_LOSS,-1.0,9,89.0,CUP_HANDLE,True,True,True,3.67,True,NONE
ICICIGI,2026-07-14 15:30:00 IST,BEAR,2026-07-14 09:15:00 IST,1788.1,1736.47,1865.54,1891.36,1917.17,1942.99,2026-07-15 15:30:00 IST,1736.47,STOP_LOSS,-1.0,2,85.0,CUP_HANDLE,True,True,True,2.89,True,NONE
ICICIBANK,2026-04-13 15:30:00 IST,SIDEWAYS,2026-04-13 09:15:00 IST,1351.1,1270.03,1472.7,1513.24,1553.77,1594.31,2026-04-29 15:30:00 IST,1270.03,STOP_LOSS,-1.0,12,91.0,WYCKOFF_SPRING_TYPE_2,True,True,True,6.0,True,NONE
ICICIBANK,2026-06-09 15:30:00 IST,SIDEWAYS,2026-06-09 09:15:00 IST,1275.0,1217.18,1361.73,1390.64,1419.55,1448.46,2026-06-14 15:30:00 IST,1361.73,TARGET_1,1.5,4,83.0,WYCKOFF_SPRING_TYPE_2,True,True,True,4.53,True,NONE
ICIL,2025-11-28 15:30:00 IST,BULL,2025-11-28 09:15:00 IST,323.07,303.69,352.14,361.83,371.52,381.21,2025-12-04 15:30:00 IST,303.69,STOP_LOSS,-1.0,5,93.0,BULL_FLAG,True,True,True,6.0,True,NONE
ICIL,2026-03-24 15:30:00 IST,BEAR,2026-03-24 09:15:00 IST,246.22,231.45,268.38,275.76,283.15,290.53,2026-03-24 15:30:00 IST,268.38,TARGET_1,1.5,1,93.0,SHAKEOUT_RECLAIM,True,True,True,6.0,True,NONE
ICIL,2026-04-15 15:30:00 IST,SIDEWAYS,2026-04-15 09:15:00 IST,261.75,246.05,285.31,293.15,301.0,308.85,2026-04-19 15:30:00 IST,285.31,TARGET_1,1.5,3,92.0,WYCKOFF_SPRING_TYPE_2,True,True,True,6.0,True,NONE
ICIL,2026-06-18 15:30:00 IST,BULL,2026-06-18 09:15:00 IST,404.25,379.99,440.63,452.77,464.9,477.03,2026-06-23 15:30:00 IST,440.63,TARGET_1,1.5,4,94.0,BULL_FLAG,True,True,True,6.0,True,NONE
ICIL,2026-06-24 15:30:00 IST,BULL,2026-06-24 09:15:00 IST,432.19,406.26,471.08,484.05,497.01,509.98,2026-06-28 15:30:00 IST,406.26,STOP_LOSS,-1.0,3,91.0,BULL_FLAG,True,True,True,6.0,True,NONE
ICICIAMC,2025-04-30 15:30:00 IST,BULL,2025-04-30 09:15:00 IST,1923.65,1869.52,2004.84,2031.91,2058.98,2086.04,2025-05-16 15:30:00 IST,1869.52,STOP_LOSS,-1.0,12,88.0,WYCKOFF_SPRING_TYPE_2,True,True,True,2.81,True,NONE
ICICIAMC,2025-10-29 15:30:00 IST,SIDEWAYS,2025-10-29 09:15:00 IST,1731.59,1652.27,1850.56,1890.23,1929.89,1969.55,2025-11-25 15:30:00 IST,1850.56,TARGET_1,1.5,19,84.0,V_REVERSAL,True,True,True,4.58,True,NONE
ICICIAMC,2026-02-16 15:30:00 IST,SIDEWAYS,2026-02-16 09:15:00 IST,2001.76,1923.95,2118.48,2157.38,2196.28,2235.19,2026-03-16 15:30:00 IST,1987.85,TIMEOUT_20D,-0.18,20,88.0,HIGHER_LOW_REVERSAL,True,True,True,3.89,True,NONE
ICICIPRULI,2025-06-11 15:30:00 IST,SIDEWAYS,2025-06-11 09:15:00 IST,1289.68,1227.91,1382.33,1413.22,1444.11,1474.99,2025-07-09 15:30:00 IST,1281.33,TIMEOUT_20D,-0.14,20,92.0,WYCKOFF_SPRING_TYPE_2,True,True,True,4.79,True,NONE
ICICIPRULI,2026-02-19 15:30:00 IST,BEAR,2026-02-19 09:15:00 IST,1222.93,1181.61,1284.91,1305.57,1326.23,1346.89,2026-03-02 15:30:00 IST,1284.91,TARGET_1,1.5,7,83.0,V_REVERSAL,True,True,True,3.38,True,NONE
ICICIPRULI,2026-03-04 15:30:00 IST,BULL,2026-03-04 09:15:00 IST,1279.53,1247.55,1327.51,1343.49,1359.48,1375.47,2026-03-16 15:30:00 IST,1327.51,TARGET_1,1.5,8,88.0,CUP_HANDLE,True,True,True,2.5,True,NONE
ICICIPRULI,2026-03-16 15:30:00 IST,BULL,2026-03-16 09:15:00 IST,1329.46,1277.13,1407.96,1434.12,1460.28,1486.45,2026-03-31 15:30:00 IST,1277.13,STOP_LOSS,-1.0,11,92.0,MULTI_MONTH_BASE_BREAKOUT,True,True,True,3.94,True,NONE
ICICIPRULI,2026-08-18 15:30:00 IST,SIDEWAYS,2026-08-18 09:15:00 IST,1231.66,1174.86,1316.87,1345.26,1373.66,1402.06,2026-08-18 15:30:00 IST,1174.86,STOP_LOSS,-1.0,1,85.0,V_REVERSAL,True,True,True,4.61,True,NONE
IDFCFIRSTB,2025-12-12 15:30:00 IST,BULL,2025-12-12 09:15:00 IST,82.05,77.72,88.54,90.71,92.88,95.04,2026-01-11 15:30:00 IST,84.52,TIMEOUT_20D,0.57,20,85.0,HIGHER_LOW_REVERSAL,True,True,True,5.28,True,NONE
IDFCFIRSTB,2025-12-19 15:30:00 IST,BULL,2025-12-19 09:15:00 IST,84.43,82.13,87.88,89.03,90.18,91.33,2026-01-12 15:30:00 IST,82.13,STOP_LOSS,-1.0,16,88.0,BULL_FLAG,True,True,True,2.73,True,NONE
IDFCFIRSTB,2026-01-08 15:30:00 IST,BULL,2026-01-08 09:15:00 IST,85.82,82.89,90.21,91.68,93.14,94.61,2026-01-12 15:30:00 IST,82.89,STOP_LOSS,-1.0,3,94.0,CUP_HANDLE,True,True,True,3.41,True,NONE
IDFCFIRSTB,2026-02-26 15:30:00 IST,BEAR,2026-02-26 09:15:00 IST,72.6,68.24,79.13,81.32,83.5,85.68,2026-03-08 15:30:00 IST,68.24,STOP_LOSS,-1.0,6,90.0,SHAKEOUT_RECLAIM,True,True,True,6.0,True,NONE
IDFCFIRSTB,2026-04-27 15:30:00 IST,SIDEWAYS,2026-04-27 09:15:00 IST,70.06,66.16,75.92,77.86,79.81,81.76,2026-05-17 15:30:00 IST,66.16,STOP_LOSS,-1.0,15,93.0,BULL_FLAG,True,True,True,5.57,True,NONE
IDFCFIRSTB,2026-06-12 15:30:00 IST,BULL,2026-06-12 09:15:00 IST,76.28,71.7,83.14,85.44,87.73,90.02,2026-07-09 15:30:00 IST,80.59,TIMEOUT_20D,0.94,20,86.0,HIGHER_LOW_REVERSAL,True,True,True,6.0,True,NONE
IDFCFIRSTB,2026-06-22 15:30:00 IST,BULL,2026-06-22 09:15:00 IST,80.45,76.28,86.71,88.79,90.88,92.96,2026-07-19 15:30:00 IST,81.54,TIMEOUT_20D,0.26,20,79.0,BULL_FLAG,True,True,True,5.19,True,NONE
IDBI,2025-03-11 15:30:00 IST,SIDEWAYS,2025-03-11 09:15:00 IST,1213.53,1142.62,1319.89,1355.35,1390.81,1426.26,2025-04-08 15:30:00 IST,1209.16,TIMEOUT_20D,-0.06,20,77.0,DOUBLE_BOTTOM,True,True,True,5.84,True,NONE
IDBI,2025-04-14 15:30:00 IST,BULL,2025-04-14 09:15:00 IST,1245.05,1170.35,1357.1,1394.45,1431.8,1469.15,2025-04-28 15:30:00 IST,1357.1,TARGET_1,1.5,10,85.0,V_REVERSAL,True,True,True,6.0,True,NONE
IDBI,2025-06-16 15:30:00 IST,BEAR,2025-06-16 09:15:00 IST,1279.75,1232.08,1351.25,1375.09,1398.93,1422.76,2025-07-14 15:30:00 IST,1278.24,TIMEOUT_20D,-0.03,20,83.0,V_REVERSAL,True,True,True,3.72,True,NONE
IDBI,2025-07-29 15:30:00 IST,BULL,2025-07-29 09:15:00 IST,1300.29,1248.31,1378.26,1404.25,1430.24,1456.23,2025-08-05 15:30:00 IST,1378.26,TARGET_1,1.5,5,89.0,DOUBLE_BOTTOM,True,True,True,4.0,True,NONE
IDBI,2025-09-15 15:30:00 IST,BULL,2025-09-15 09:15:00 IST,1543.5,1479.76,1639.1,1670.98,1702.85,1734.72,2025-09-19 15:30:00 IST,1639.1,TARGET_1,1.5,4,95.0,MULTI_MONTH_BASE_BREAKOUT,True,True,True,4.13,True,NONE
IDBI,2025-10-09 15:30:00 IST,BULL,2025-10-09 09:15:00 IST,1724.45,1680.3,1790.67,1812.75,1834.83,1856.9,2025-10-28 15:30:00 IST,1790.67,TARGET_1,1.5,13,87.0,HIGHER_LOW_REVERSAL,True,True,True,2.56,True,NONE
IDBI,2025-10-24 15:30:00 IST,BULL,2025-10-24 09:15:00 IST,1760.8,1718.95,1823.57,1844.5,1865.42,1886.35,2025-11-21 15:30:00 IST,1798.87,TIMEOUT_20D,0.91,20,86.0,CUP_HANDLE,True,True,True,2.38,True,NONE
IDBI,2025-11-25 15:30:00 IST,BULL,2025-11-25 09:15:00 IST,1813.12,1757.93,1895.91,1923.5,1951.09,1978.69,2025-12-04 15:30:00 IST,1895.91,TARGET_1,1.5,7,95.0,MULTI_MONTH_BASE_BREAKOUT,True,True,True,3.04,True,NONE
IDBI,2026-01-08 15:30:00 IST,BULL,2026-01-08 09:15:00 IST,1835.44,1785.77,1909.96,1934.78,1959.62,1984.45,2026-01-26 15:30:00 IST,1909.96,TARGET_1,1.5,12,92.0,CUP_HANDLE,True,True,True,2.71,True,NONE
IEX,2025-10-20 15:30:00 IST,BEAR,2025-10-20 09:15:00 IST,134.52,129.21,142.48,145.14,147.8,150.45,2025-10-23 15:30:00 IST,142.48,TARGET_1,1.5,3,86.0,SHAKEOUT_RECLAIM,True,True,True,3.95,True,NONE
IEX,2025-12-01 15:30:00 IST,SIDEWAYS,2025-12-01 09:15:00 IST,142.7,135.31,153.78,157.48,161.17,164.87,2025-12-09 15:30:00 IST,135.31,STOP_LOSS,-1.0,7,93.0,HIGHER_LOW_REVERSAL,True,True,True,5.18,True,NONE
IEX,2026-01-07 15:30:00 IST,SIDEWAYS,2026-01-07 09:15:00 IST,150.56,144.77,159.24,162.14,165.03,167.93,2026-01-08 15:30:00 IST,144.77,STOP_LOSS,-1.0,2,97.0,MULTI_MONTH_BASE_BREAKOUT,True,True,True,3.85,True,NONE
IEX,2026-04-06 15:30:00 IST,SIDEWAYS,2026-04-06 09:15:00 IST,124.2,117.28,134.57,138.04,141.5,144.96,2026-04-16 15:30:00 IST,134.57,TARGET_1,1.5,8,90.0,DOUBLE_BOTTOM,True,True,True,5.57,True,NONE
IEX,2026-04-27 15:30:00 IST,BULL,2026-04-27 09:15:00 IST,124.48,119.26,132.31,134.92,137.53,140.14,2026-05-07 15:30:00 IST,132.31,TARGET_1,1.5,9,85.0,DOUBLE_BOTTOM,True,True,True,4.19,True,NONE
IEX,2026-07-28 15:30:00 IST,BULL,2026-07-28 09:15:00 IST,132.11,125.91,141.41,144.51,147.61,150.71,2026-08-09 15:30:00 IST,125.91,STOP_LOSS,-1.0,9,94.0,MULTI_MONTH_BASE_BREAKOUT,True,True,True,4.69,True,NONE
IDEA,2025-04-23 15:30:00 IST,SIDEWAYS,2025-04-23 09:15:00 IST,729.95,715.32,751.9,759.21,766.53,773.84,2025-04-25 15:30:00 IST,715.32,STOP_LOSS,-1.0,2,82.0,CUP_HANDLE,True,True,True,2.0,True,NONE
IDEA,2025-06-06 15:30:00 IST,SIDEWAYS,2025-06-06 09:15:00 IST,677.78,653.06,714.87,727.22,739.58,751.94,2025-06-27 15:30:00 IST,714.87,TARGET_1,1.5,15,90.0,WYCKOFF_SPRING_TYPE_2,True,True,True,3.65,True,NONE
IDEA,2025-10-20 15:30:00 IST,BULL,2025-10-20 09:15:00 IST,778.28,763.93,799.8,806.98,814.15,821.33,2025-10-27 15:30:00 IST,799.8,TARGET_1,1.5,5,93.0,CUP_HANDLE,True,True,True,1.84,True,NONE
IDEA,2025-12-18 15:30:00 IST,BULL,2025-12-18 09:15:00 IST,883.01,837.48,951.31,974.07,996.83,1019.6,2026-01-07 15:30:00 IST,837.48,STOP_LOSS,-1.0,14,91.0,MULTI_MONTH_BASE_BREAKOUT,True,True,True,5.16,True,NONE
IDEA,2026-03-18 15:30:00 IST,BULL,2026-03-18 09:15:00 IST,869.36,828.73,930.31,950.62,970.93,991.25,2026-04-09 15:30:00 IST,828.73,STOP_LOSS,-1.0,16,87.0,WYCKOFF_SPRING_TYPE_2,True,True,True,4.67,True,NONE
IDEA,2026-05-11 15:30:00 IST,BULL,2026-05-11 09:15:00 IST,947.63,898.01,1022.06,1046.87,1071.68,1096.49,2026-05-22 15:30:00 IST,898.01,STOP_LOSS,-1.0,9,93.0,MULTI_MONTH_BASE_BREAKOUT,True,True,True,5.24,True,NONE
IDEA,2026-07-13 15:30:00 IST,BULL,2026-07-13 09:15:00 IST,1060.32,1019.05,1122.23,1142.86,1163.49,1184.13,2026-07-17 15:30:00 IST,1019.05,STOP_LOSS,-1.0,4,95.0,MULTI_MONTH_BASE_BREAKOUT,True,True,True,3.89,True,NONE
IGL,2026-01-29 15:30:00 IST,BEAR,2026-01-29 09:15:00 IST,177.13,167.08,192.2,197.23,202.25,207.28,2026-02-01 15:30:00 IST,167.08,STOP_LOSS,-1.0,2,88.0,SHAKEOUT_RECLAIM,True,True,True,5.67,True,NONE
IGL,2026-04-10 15:30:00 IST,SIDEWAYS,2026-04-10 09:15:00 IST,161.33,151.65,175.85,180.69,185.53,190.37,2026-05-10 15:30:00 IST,160.69,TIMEOUT_20D,-0.07,20,87.0,V_REVERSAL,True,True,True,6.0,True,NONE
IGL,2026-05-06 15:30:00 IST,BULL,2026-05-06 09:15:00 IST,169.46,164.7,176.6,178.98,181.36,183.74,2026-05-10 15:30:00 IST,164.7,STOP_LOSS,-1.0,3,84.0,CUP_HANDLE,True,True,True,2.81,True,NONE
IGL,2026-05-19 15:30:00 IST,SIDEWAYS,2026-05-19 09:15:00 IST,157.35,148.86,170.09,174.33,178.57,182.82,2026-06-14 15:30:00 IST,170.09,TARGET_1,1.5,19,83.0,SHAKEOUT_RECLAIM,True,True,True,5.4,True,NONE
IGIL,2025-12-22 15:30:00 IST,BEAR,2025-12-22 09:15:00 IST,318.69,303.03,342.18,350.01,357.84,365.67,2026-01-11 15:30:00 IST,303.03,STOP_LOSS,-1.0,14,88.0,WYCKOFF_SPRING_TYPE_2,True,True,True,4.91,True,NONE
IGIL,2026-02-27 15:30:00 IST,BULL,2026-02-27 09:15:00 IST,330.0,316.31,350.53,357.38,364.23,371.07,2026-03-01 15:30:00 IST,316.31,STOP_LOSS,-1.0,1,84.0,CUP_HANDLE,True,True,True,4.15,True,NONE
IGIL,2026-03-18 15:30:00 IST,BULL,2026-03-18 09:15:00 IST,339.15,324.85,360.6,367.75,374.9,382.05,2026-03-18 15:30:00 IST,324.85,STOP_LOSS,-1.0,1,91.0,DOUBLE_BOTTOM,True,True,True,4.22,True,NONE
IGIL,2026-04-08 15:30:00 IST,BULL,2026-04-08 09:15:00 IST,335.4,315.28,365.58,375.64,385.7,395.76,2026-04-15 15:30:00 IST,365.58,TARGET_1,1.5,5,84.0,WYCKOFF_SPRING_TYPE_2,True,True,True,6.0,True,NONE
IGIL,2026-05-19 15:30:00 IST,SIDEWAYS,2026-05-19 09:15:00 IST,332.7,312.74,362.64,372.62,382.6,392.58,2026-05-20 15:30:00 IST,362.64,TARGET_1,1.5,2,93.0,SHAKEOUT_RECLAIM,True,True,True,6.0,True,NONE
IGIL,2026-06-25 15:30:00 IST,BULL,2026-06-25 09:15:00 IST,359.7,341.88,386.43,395.34,404.25,413.16,2026-07-07 15:30:00 IST,341.88,STOP_LOSS,-1.0,9,84.0,SHAKEOUT_RECLAIM,True,True,True,4.95,True,NONE
IGIL,2026-07-29 15:30:00 IST,SIDEWAYS,2026-07-29 09:15:00 IST,347.0,326.18,378.23,388.64,399.05,409.46,2026-08-25 15:30:00 IST,347.85,TIMEOUT_20D,0.04,20,96.0,SHAKEOUT_RECLAIM,True,True,True,6.0,True,NONE
IFBIND,2025-03-07 15:30:00 IST,BULL,2025-03-07 09:15:00 IST,1039.73,1027.25,1058.44,1064.69,1070.93,1077.17,2025-03-11 15:30:00 IST,1058.44,TARGET_1,1.5,2,92.0,CUP_HANDLE,True,True,True,1.2,True,NONE
IFBIND,2025-07-02 15:30:00 IST,SIDEWAYS,2025-07-02 09:15:00 IST,1123.83,1094.69,1167.53,1182.11,1196.68,1211.25,2025-07-09 15:30:00 IST,1167.53,TARGET_1,1.5,5,86.0,WYCKOFF_SPRING_TYPE_2,True,True,True,2.59,True,NONE
IFBIND,2025-11-18 15:30:00 IST,BULL,2025-11-18 09:15:00 IST,1660.31,1560.69,1809.74,1859.55,1909.36,1959.17,2025-12-16 15:30:00 IST,1616.43,TIMEOUT_20D,-0.44,20,85.0,V_REVERSAL,True,True,True,6.0,True,NONE
IFBIND,2026-02-11 15:30:00 IST,SIDEWAYS,2026-02-11 09:15:00 IST,1553.58,1487.81,1652.24,1685.12,1718.0,1750.89,2026-02-25 15:30:00 IST,1487.81,STOP_LOSS,-1.0,10,84.0,V_REVERSAL,True,True,True,4.23,True,NONE
IFBIND,2026-04-30 15:30:00 IST,SIDEWAYS,2026-04-30 09:15:00 IST,1438.63,1362.66,1552.58,1590.57,1628.56,1666.54,2026-05-28 15:30:00 IST,1410.92,TIMEOUT_20D,-0.36,20,97.0,WYCKOFF_SPRING_TYPE_2,True,True,True,5.28,True,NONE
IFBIND,2026-05-27 15:30:00 IST,SIDEWAYS,2026-05-27 09:15:00 IST,1423.22,1365.93,1509.15,1537.8,1566.44,1595.09,2026-06-10 15:30:00 IST,1509.15,TARGET_1,1.5,10,77.0,V_REVERSAL,True,True,True,4.03,True,NONE
IFBIND,2026-06-08 15:30:00 IST,SIDEWAYS,2026-06-08 09:15:00 IST,1453.25,1389.38,1549.05,1580.99,1612.92,1644.86,2026-06-11 15:30:00 IST,1549.05,TARGET_1,1.5,3,86.0,DOUBLE_BOTTOM,True,True,True,4.39,True,NONE
IFBIND,2026-06-22 15:30:00 IST,BULL,2026-06-22 09:15:00 IST,1609.83,1517.46,1748.38,1794.57,1840.75,1886.94,2026-07-20 15:30:00 IST,1748.38,TARGET_1,1.5,20,86.0,BULL_FLAG,True,True,True,5.74,True,NONE
IIFL,2025-12-24 15:30:00 IST,BULL,2025-12-24 09:15:00 IST,597.73,570.79,638.13,651.61,665.08,678.55,2026-01-01 15:30:00 IST,638.13,TARGET_1,1.5,6,97.0,MULTI_MONTH_BASE_BREAKOUT,True,True,True,4.51,True,NONE
IIFL,2026-04-27 15:30:00 IST,BEAR,2026-04-27 09:15:00 IST,434.0,407.96,473.06,486.08,499.1,512.12,2026-04-29 15:30:00 IST,473.06,TARGET_1,1.5,3,92.0,SHAKEOUT_RECLAIM,True,True,True,6.0,True,NONE
IIFL,2026-06-03 15:30:00 IST,BULL,2026-06-03 09:15:00 IST,498.8,473.47,536.79,549.46,562.12,574.79,2026-06-15 15:30:00 IST,536.79,TARGET_1,1.5,9,84.0,DOUBLE_BOTTOM,True,True,True,5.08,True,NONE
IIFL,2026-07-16 15:30:00 IST,BULL,2026-07-16 09:15:00 IST,567.1,534.91,615.38,631.48,647.58,663.67,2026-07-29 15:30:00 IST,615.38,TARGET_1,1.5,10,96.0,BULL_FLAG,True,True,True,5.68,True,NONE
IIFL,2026-08-21 15:30:00 IST,BULL,2026-08-21 09:15:00 IST,679.8,639.01,740.98,761.38,781.77,802.17,2026-08-26 15:30:00 IST,639.01,STOP_LOSS,-1.0,4,89.0,V_REVERSAL,True,True,True,6.0,True,NONE
IIFLCAPS,2025-10-27 15:30:00 IST,BULL,2025-10-27 09:15:00 IST,379.07,356.33,413.18,424.55,435.92,447.29,2025-10-28 15:30:00 IST,356.33,STOP_LOSS,-1.0,2,91.0,BULL_FLAG,True,True,True,6.0,True,NONE
IIFLCAPS,2025-12-09 15:30:00 IST,SIDEWAYS,2025-12-09 09:15:00 IST,319.67,300.49,348.45,358.03,367.62,377.21,2025-12-29 15:30:00 IST,348.45,TARGET_1,1.5,14,88.0,SHAKEOUT_RECLAIM,True,True,True,6.0,True,NONE
IIFLCAPS,2025-12-30 15:30:00 IST,SIDEWAYS,2025-12-30 09:15:00 IST,346.97,326.15,378.2,388.61,399.02,409.43,2025-12-31 15:30:00 IST,378.2,TARGET_1,1.5,2,88.0,V_REVERSAL,True,True,True,6.0,True,NONE
IIFLCAPS,2026-01-05 15:30:00 IST,BULL,2026-01-05 09:15:00 IST,385.36,362.24,420.04,431.6,443.16,454.72,2026-01-12 15:30:00 IST,362.24,STOP_LOSS,-1.0,6,86.0,SHAKEOUT_RECLAIM,True,True,True,6.0,True,NONE
IIFLCAPS,2026-03-02 15:30:00 IST,SIDEWAYS,2026-03-02 09:15:00 IST,315.95,296.99,344.39,353.87,363.35,372.83,2026-03-08 15:30:00 IST,296.99,STOP_LOSS,-1.0,4,99.0,SHAKEOUT_RECLAIM,True,True,True,6.0,True,NONE
IIFLCAPS,2026-06-05 15:30:00 IST,BULL,2026-06-05 09:15:00 IST,342.75,334.92,354.5,358.41,362.32,366.24,2026-06-29 15:30:00 IST,334.92,STOP_LOSS,-1.0,17,87.0,CUP_HANDLE,True,True,True,2.28,True,NONE
IFCI,2025-02-27 15:30:00 IST,BULL,2025-02-27 09:15:00 IST,1034.54,1020.42,1055.72,1062.78,1069.84,1076.9,2025-02-28 15:30:00 IST,1055.72,TARGET_1,1.5,1,90.0,CUP_HANDLE,True,True,True,1.36,True,NONE
IFCI,2025-03-06 15:30:00 IST,BULL,2025-03-06 09:15:00 IST,1086.29,1049.66,1141.23,1159.55,1177.86,1196.18,2025-03-13 15:30:00 IST,1049.66,STOP_LOSS,-1.0,5,93.0,MULTI_MONTH_BASE_BREAKOUT,True,True,True,3.37,True,NONE
IFCI,2025-05-08 15:30:00 IST,BULL,2025-05-08 09:15:00 IST,1058.62,1040.84,1085.3,1094.18,1103.07,1111.96,2025-05-20 15:30:00 IST,1040.84,STOP_LOSS,-1.0,8,88.0,CUP_HANDLE,True,True,True,1.68,True,NONE
IFCI,2025-08-13 15:30:00 IST,SIDEWAYS,2025-08-13 09:15:00 IST,1153.06,1128.8,1189.46,1201.58,1213.71,1225.84,2025-08-15 15:30:00 IST,1189.46,TARGET_1,1.5,2,92.0,CUP_HANDLE,True,True,True,2.1,True,NONE
IFCI,2025-09-24 15:30:00 IST,BULL,2025-09-24 09:15:00 IST,1388.33,1325.27,1482.91,1514.45,1545.98,1577.51,2025-10-01 15:30:00 IST,1325.27,STOP_LOSS,-1.0,5,91.0,MULTI_MONTH_BASE_BREAKOUT,True,True,True,4.54,True,NONE
IFCI,2026-04-10 15:30:00 IST,SIDEWAYS,2026-04-10 09:15:00 IST,1557.03,1481.92,1669.69,1707.25,1744.8,1782.36,2026-05-08 15:30:00 IST,1628.25,TIMEOUT_20D,0.95,20,94.0,WYCKOFF_SPRING_TYPE_2,True,True,True,4.82,True,NONE
IFCI,2026-04-22 15:30:00 IST,BULL,2026-04-22 09:15:00 IST,1600.43,1552.09,1672.93,1697.11,1721.28,1745.45,2026-04-30 15:30:00 IST,1552.09,STOP_LOSS,-1.0,6,87.0,CUP_HANDLE,True,True,True,3.02,True,NONE
IKS,2025-12-22 15:30:00 IST,BULL,2025-12-22 09:15:00 IST,1740.0,1675.29,1837.07,1869.42,1901.78,1934.13,2025-12-28 15:30:00 IST,1675.29,STOP_LOSS,-1.0,4,97.0,MULTI_MONTH_BASE_BREAKOUT,True,True,True,3.72,True,NONE
IKS,2026-07-01 15:30:00 IST,BULL,2026-07-01 09:15:00 IST,1800.2,1711.95,1932.57,1976.7,2020.83,2064.95,2026-07-09 15:30:00 IST,1932.57,TARGET_1,1.5,7,98.0,MULTI_MONTH_BASE_BREAKOUT,True,True,True,4.9,True,NONE
IMFA,2025-10-31 15:30:00 IST,BULL,2025-10-31 09:15:00 IST,1198.05,1126.17,1305.88,1341.81,1377.75,1413.69,2025-11-05 15:30:00 IST,1126.17,STOP_LOSS,-1.0,3,88.0,SHAKEOUT_RECLAIM,True,True,True,6.0,True,NONE
IMFA,2025-11-07 15:30:00 IST,BULL,2025-11-07 09:15:00 IST,1192.47,1120.93,1299.79,1335.55,1371.32,1407.09,2025-11-09 15:30:00 IST,1299.79,TARGET_1,1.5,1,92.0,WYCKOFF_SPRING_TYPE_2,True,True,True,6.0,True,NONE
IMFA,2025-11-28 15:30:00 IST,BULL,2025-11-28 09:15:00 IST,1348.1,1267.21,1469.43,1509.88,1550.32,1590.77,2025-12-18 15:30:00 IST,1469.43,TARGET_1,1.5,15,87.0,V_REVERSAL,True,True,True,6.0,True,NONE
IMFA,2025-12-15 15:30:00 IST,BULL,2025-12-15 09:15:00 IST,1449.7,1362.72,1580.17,1623.66,1667.15,1710.64,2025-12-17 15:30:00 IST,1362.72,STOP_LOSS,-1.0,3,83.0,BULL_PENNANT,True,True,True,6.0,True,NONE
IMFA,2026-04-16 15:30:00 IST,BULL,2026-04-16 09:15:00 IST,1551.8,1458.69,1691.47,1738.02,1784.57,1831.13,2026-05-03 15:30:00 IST,1458.69,STOP_LOSS,-1.0,12,91.0,V_REVERSAL,True,True,True,6.0,True,NONE
IMFA,2026-04-28 15:30:00 IST,BULL,2026-04-28 09:15:00 IST,1631.9,1533.99,1778.77,1827.72,1876.68,1925.63,2026-04-29 15:30:00 IST,1533.99,STOP_LOSS,-1.0,2,92.0,BULL_FLAG,True,True,True,6.0,True,NONE
INDHOTEL,2025-10-29 15:30:00 IST,SIDEWAYS,2025-10-29 09:15:00 IST,743.44,711.74,790.99,806.84,822.69,838.54,2025-11-05 15:30:00 IST,711.74,STOP_LOSS,-1.0,5,83.0,SHAKEOUT_RECLAIM,True,True,True,4.26,True,NONE
INDHOTEL,2025-11-12 15:30:00 IST,BEAR,2025-11-12 09:15:00 IST,703.82,666.27,760.13,778.92,797.7,816.47,2025-12-09 15:30:00 IST,715.41,TIMEOUT_20D,0.31,20,87.0,SHAKEOUT_RECLAIM,True,True,True,5.33,True,NONE
INDHOTEL,2025-12-29 15:30:00 IST,BULL,2025-12-29 09:15:00 IST,738.86,712.38,778.58,791.82,805.06,818.3,2026-01-06 15:30:00 IST,712.38,STOP_LOSS,-1.0,7,83.0,DOUBLE_BOTTOM,True,True,True,3.58,True,NONE
INDHOTEL,2026-06-19 15:30:00 IST,BULL,2026-06-19 09:15:00 IST,721.54,687.38,772.77,789.86,806.94,824.02,2026-07-16 15:30:00 IST,727.9,TIMEOUT_20D,0.19,20,86.0,MULTI_MONTH_BASE_BREAKOUT,True,True,True,4.73,True,NONE
INDIAGLYCO,2026-02-09 15:30:00 IST,SIDEWAYS,2026-02-09 09:15:00 IST,956.49,899.1,1042.58,1071.27,1099.96,1128.66,2026-03-01 15:30:00 IST,899.1,STOP_LOSS,-1.0,15,91.0,BULL_FLAG,True,True,True,6.0,True,NONE
INDIAGLYCO,2026-02-27 15:30:00 IST,SIDEWAYS,2026-02-27 09:15:00 IST,953.77,896.54,1039.61,1068.23,1096.85,1125.46,2026-03-01 15:30:00 IST,896.54,STOP_LOSS,-1.0,1,91.0,SHAKEOUT_RECLAIM,True,True,True,6.0,True,NONE
INDIAGLYCO,2026-04-29 15:30:00 IST,BULL,2026-04-29 09:15:00 IST,1030.8,968.95,1123.58,1154.5,1185.42,1216.35,2026-05-06 15:30:00 IST,1123.58,TARGET_1,1.5,6,91.0,BULL_FLAG,True,True,True,6.0,True,NONE
INDIAGLYCO,2026-05-06 15:30:00 IST,BULL,2026-05-06 09:15:00 IST,1092.9,1027.33,1191.26,1224.04,1256.83,1289.61,2026-05-14 15:30:00 IST,1027.33,STOP_LOSS,-1.0,7,87.0,BULL_PENNANT,True,True,True,6.0,True,NONE
INDIAGLYCO,2026-07-01 15:30:00 IST,SIDEWAYS,2026-07-01 09:15:00 IST,1028.3,966.6,1120.85,1151.7,1182.55,1213.4,2026-07-14 15:30:00 IST,1120.85,TARGET_1,1.5,10,93.0,SHAKEOUT_RECLAIM,True,True,True,6.0,True,NONE
INDIAMART,2025-10-27 15:30:00 IST,SIDEWAYS,2025-10-27 09:15:00 IST,2386.19,2243.02,2600.95,2672.53,2744.12,2815.7,2025-11-23 15:30:00 IST,2243.02,STOP_LOSS,-1.0,19,85.0,V_REVERSAL,True,True,True,6.0,True,NONE
INDIAMART,2025-12-30 15:30:00 IST,BEAR,2025-12-30 09:15:00 IST,2183.83,2117.89,2282.75,2315.71,2348.68,2381.65,2026-01-01 15:30:00 IST,2117.89,STOP_LOSS,-1.0,3,92.0,SHAKEOUT_RECLAIM,True,True,True,3.02,True,NONE
INDIAMART,2026-01-16 15:30:00 IST,SIDEWAYS,2026-01-16 09:15:00 IST,2224.75,2091.27,2424.98,2491.71,2558.45,2625.19,2026-01-19 15:30:00 IST,2091.27,STOP_LOSS,-1.0,2,91.0,SHAKEOUT_RECLAIM,True,True,True,6.0,True,NONE
INDIAMART,2026-03-06 15:30:00 IST,BEAR,2026-03-06 09:15:00 IST,2061.08,1963.16,2207.96,2256.92,2305.88,2354.84,2026-03-18 15:30:00 IST,1963.16,STOP_LOSS,-1.0,9,89.0,SHAKEOUT_RECLAIM,True,True,True,4.75,True,NONE
INDIAMART,2026-07-31 15:30:00 IST,BEAR,2026-07-31 09:15:00 IST,1799.8,1721.35,1917.48,1956.7,1995.93,2035.15,2026-08-27 15:30:00 IST,1756.9,TIMEOUT_20D,-0.55,20,88.0,SHAKEOUT_RECLAIM,True,True,True,4.36,True,NONE
INDGN,2025-03-25 15:30:00 IST,BULL,2025-03-25 09:15:00 IST,1953.48,1867.2,2082.91,2126.04,2169.18,2212.32,2025-04-22 15:30:00 IST,2047.35,TIMEOUT_20D,1.09,20,93.0,MULTI_MONTH_BASE_BREAKOUT,True,True,True,4.42,True,NONE
INDGN,2025-11-10 15:30:00 IST,SIDEWAYS,2025-11-10 09:15:00 IST,1976.74,1919.02,2063.31,2092.18,2121.04,2149.9,2025-11-18 15:30:00 IST,2063.31,TARGET_1,1.5,6,89.0,WYCKOFF_SPRING_TYPE_2,True,True,True,2.92,True,NONE
INDGN,2026-01-20 15:30:00 IST,BULL,2026-01-20 09:15:00 IST,2159.76,2054.99,2316.91,2369.3,2421.69,2474.07,2026-02-17 15:30:00 IST,2137.91,TIMEOUT_20D,-0.21,20,90.0,HIGHER_LOW_REVERSAL,True,True,True,4.85,True,NONE
INDGN,2026-01-30 15:30:00 IST,BULL,2026-01-30 09:15:00 IST,2177.31,2099.16,2294.53,2333.61,2372.69,2411.76,2026-02-18 15:30:00 IST,2099.16,STOP_LOSS,-1.0,13,92.0,MULTI_MONTH_BASE_BREAKOUT,True,True,True,3.59,True,NONE
INDGN,2026-07-03 15:30:00 IST,SIDEWAYS,2026-07-03 09:15:00 IST,2142.43,2034.79,2303.9,2357.71,2411.53,2465.35,2026-07-15 15:30:00 IST,2303.9,TARGET_1,1.5,8,92.0,WYCKOFF_SPRING_TYPE_2,True,True,True,5.02,True,NONE
INDIANB,2025-12-30 15:30:00 IST,SIDEWAYS,2025-12-30 09:15:00 IST,792.13,744.6,863.41,887.19,910.95,934.72,2026-01-21 15:30:00 IST,863.41,TARGET_1,1.5,17,94.0,WYCKOFF_SPRING_TYPE_2,True,True,True,6.0,True,NONE
INDIANB,2026-01-22 15:30:00 IST,BULL,2026-01-22 09:15:00 IST,878.05,849.9,920.26,934.35,948.42,962.5,2026-01-26 15:30:00 IST,849.9,STOP_LOSS,-1.0,2,94.0,MULTI_MONTH_BASE_BREAKOUT,True,True,True,3.21,True,NONE
INDIANB,2026-02-23 15:30:00 IST,BULL,2026-02-23 09:15:00 IST,962.25,904.65,1048.65,1077.45,1106.25,1135.05,2026-03-03 15:30:00 IST,904.65,STOP_LOSS,-1.0,6,95.0,MULTI_MONTH_BASE_BREAKOUT,True,True,True,5.99,True,NONE
INDIANB,2026-07-10 15:30:00 IST,SIDEWAYS,2026-07-10 09:15:00 IST,870.7,822.48,943.03,967.14,991.25,1015.36,2026-07-15 15:30:00 IST,822.48,STOP_LOSS,-1.0,4,95.0,DOUBLE_BOTTOM,True,True,True,5.54,True,NONE
INDIACEM,2025-02-25 15:30:00 IST,SIDEWAYS,2025-02-25 09:15:00 IST,1141.47,1080.95,1232.25,1262.51,1292.77,1323.03,2025-03-20 15:30:00 IST,1232.25,TARGET_1,1.5,17,88.0,WYCKOFF_SPRING_TYPE_2,True,True,True,5.3,True,NONE
INDIACEM,2025-04-24 15:30:00 IST,BULL,2025-04-24 09:15:00 IST,1216.16,1143.19,1325.62,1362.1,1398.59,1435.07,2025-05-22 15:30:00 IST,1201.31,TIMEOUT_20D,-0.2,20,89.0,WYCKOFF_SPRING_TYPE_2,True,True,True,6.0,True,NONE
INDIACEM,2025-07-31 15:30:00 IST,SIDEWAYS,2025-07-31 09:15:00 IST,1148.8,1100.38,1221.42,1245.64,1269.85,1294.06,2025-08-19 15:30:00 IST,1100.38,STOP_LOSS,-1.0,13,87.0,WYCKOFF_SPRING_TYPE_2,True,True,True,4.21,True,NONE
INDIACEM,2025-11-12 15:30:00 IST,BULL,2025-11-12 09:15:00 IST,1112.1,1081.48,1158.03,1173.34,1188.65,1203.96,2025-11-13 15:30:00 IST,1158.03,TARGET_1,1.5,1,83.0,CUP_HANDLE,True,True,True,2.75,True,NONE
INDIACEM,2026-05-14 15:30:00 IST,BULL,2026-05-14 09:15:00 IST,1135.46,1093.08,1199.03,1220.22,1241.41,1262.6,2026-05-19 15:30:00 IST,1093.08,STOP_LOSS,-1.0,3,95.0,MULTI_MONTH_BASE_BREAKOUT,True,True,True,3.73,True,NONE
INDIACEM,2026-06-09 15:30:00 IST,BEAR,2026-06-09 09:15:00 IST,1073.31,1031.7,1135.72,1156.53,1177.33,1198.14,2026-07-07 15:30:00 IST,1106.46,TIMEOUT_20D,0.8,20,82.0,V_REVERSAL,True,True,True,3.88,True,NONE
INDIGOPNTS,2026-03-25 15:30:00 IST,BEAR,2026-03-25 09:15:00 IST,765.85,719.9,834.77,857.75,880.73,903.7,2026-03-29 15:30:00 IST,719.9,STOP_LOSS,-1.0,2,90.0,SHAKEOUT_RECLAIM,True,True,True,6.0,True,NONE
INDIGOPNTS,2026-05-08 15:30:00 IST,BULL,2026-05-08 09:15:00 IST,974.15,915.7,1061.83,1091.05,1120.27,1149.5,2026-06-04 15:30:00 IST,954.2,TIMEOUT_20D,-0.34,20,91.0,V_REVERSAL,True,True,True,6.0,True,NONE
INDIGOPNTS,2026-07-02 15:30:00 IST,BULL,2026-07-02 09:15:00 IST,1077.1,1012.47,1174.04,1206.36,1238.67,1270.99,2026-07-29 15:30:00 IST,1080.9,TIMEOUT_20D,0.06,20,89.0,BULL_FLAG,True,True,True,6.0,True,NONE
INDIGOPNTS,2026-08-06 15:30:00 IST,BULL,2026-08-06 09:15:00 IST,1128.6,1090.96,1185.06,1203.88,1222.7,1241.52,2026-08-13 15:30:00 IST,1185.06,TARGET_1,1.5,6,94.0,MULTI_MONTH_BASE_BREAKOUT,True,True,True,3.34,True,NONE
INDOBORAX,2025-12-12 15:30:00 IST,BULL,2025-12-12 09:15:00 IST,251.83,236.72,274.5,282.05,289.61,297.16,2025-12-21 15:30:00 IST,236.72,STOP_LOSS,-1.0,6,95.0,WYCKOFF_SPRING_TYPE_2,True,True,True,6.0,True,NONE
INDOBORAX,2026-04-29 15:30:00 IST,BULL,2026-04-29 09:15:00 IST,257.73,242.26,280.93,288.67,296.41,304.14,2026-05-06 15:30:00 IST,242.26,STOP_LOSS,-1.0,5,88.0,V_REVERSAL,True,True,True,6.0,True,NONE
INDOBORAX,2026-05-21 15:30:00 IST,BULL,2026-05-21 09:15:00 IST,297.38,279.54,324.14,333.06,341.98,350.9,2026-05-31 15:30:00 IST,324.14,TARGET_1,1.5,7,92.0,HIGHER_LOW_REVERSAL,True,True,True,6.0,True,NONE
INDOBORAX,2026-07-20 15:30:00 IST,BULL,2026-07-20 09:15:00 IST,441.05,414.59,480.74,493.97,507.2,520.43,2026-07-20 15:30:00 IST,414.59,STOP_LOSS,-1.0,1,85.0,V_REVERSAL,True,True,True,6.0,True,NONE
INDOBORAX,2026-08-20 15:30:00 IST,BULL,2026-08-20 09:15:00 IST,498.15,468.26,542.98,557.93,572.88,587.82,2026-09-03 15:30:00 IST,514.9,TIMEOUT_20D,0.56,11,91.0,BULL_PENNANT,True,True,True,6.0,True,NONE
INDRAMEDCO,2025-12-15 15:30:00 IST,BEAR,2025-12-15 09:15:00 IST,489.25,459.89,533.29,547.97,562.65,577.33,2025-12-17 15:30:00 IST,459.89,STOP_LOSS,-1.0,3,87.0,BULL_PENNANT,True,True,True,6.0,True,NONE
INDRAMEDCO,2026-01-28 15:30:00 IST,BEAR,2026-01-28 09:15:00 IST,366.0,344.04,398.94,409.92,420.9,431.88,2026-02-09 15:30:00 IST,398.94,TARGET_1,1.5,9,92.0,SHAKEOUT_RECLAIM,True,True,True,6.0,True,NONE
INDRAMEDCO,2026-02-03 15:30:00 IST,SIDEWAYS,2026-02-03 09:15:00 IST,393.7,370.08,429.13,440.94,452.75,464.56,2026-02-05 15:30:00 IST,370.08,STOP_LOSS,-1.0,3,94.0,SHAKEOUT_RECLAIM,True,True,True,6.0,True,NONE
INDRAMEDCO,2026-03-18 15:30:00 IST,BULL,2026-03-18 09:15:00 IST,407.15,382.72,443.79,456.01,468.22,480.44,2026-03-22 15:30:00 IST,382.72,STOP_LOSS,-1.0,3,87.0,V_REVERSAL,True,True,True,6.0,True,NONE
INDRAMEDCO,2026-03-24 15:30:00 IST,BEAR,2026-03-24 09:15:00 IST,393.6,369.98,429.03,440.84,452.65,464.46,2026-03-29 15:30:00 IST,369.98,STOP_LOSS,-1.0,3,88.0,SHAKEOUT_RECLAIM,True,True,True,6.0,True,NONE
INDRAMEDCO,2026-04-17 15:30:00 IST,BULL,2026-04-17 09:15:00 IST,427.1,401.47,465.55,478.36,491.18,503.99,2026-04-21 15:30:00 IST,401.47,STOP_LOSS,-1.0,3,94.0,WYCKOFF_SPRING_TYPE_2,True,True,True,6.0,True,NONE
INDRAMEDCO,2026-06-03 15:30:00 IST,SIDEWAYS,2026-06-03 09:15:00 IST,401.45,377.36,437.59,449.63,461.67,473.72,2026-06-09 15:30:00 IST,377.36,STOP_LOSS,-1.0,5,89.0,V_REVERSAL,True,True,True,6.0,True,NONE
INDIASHLTR,2025-03-04 15:30:00 IST,BULL,2025-03-04 09:15:00 IST,1784.14,1748.64,1837.39,1855.14,1872.89,1890.64,2025-03-06 15:30:00 IST,1748.64,STOP_LOSS,-1.0,2,90.0,CUP_HANDLE,True,True,True,1.99,True,NONE
INDIASHLTR,2025-07-29 15:30:00 IST,SIDEWAYS,2025-07-29 09:15:00 IST,1581.73,1502.69,1700.28,1739.81,1779.33,1818.85,2025-08-11 15:30:00 IST,1700.28,TARGET_1,1.5,9,84.0,V_REVERSAL,True,True,True,5.0,True,NONE
INDIASHLTR,2025-10-02 15:30:00 IST,BULL,2025-10-02 09:15:00 IST,1842.39,1777.41,1939.87,1972.35,2004.84,2037.33,2025-10-30 15:30:00 IST,1884.51,TIMEOUT_20D,0.65,20,93.0,MULTI_MONTH_BASE_BREAKOUT,True,True,True,3.53,True,NONE
INDIASHLTR,2026-04-21 15:30:00 IST,BULL,2026-04-21 09:15:00 IST,3010.26,2896.06,3181.56,3238.66,3295.76,3352.86,2026-05-19 15:30:00 IST,3056.58,TIMEOUT_20D,0.41,20,93.0,MULTI_MONTH_BASE_BREAKOUT,True,True,True,3.79,True,NONE
INDIASHLTR,2026-05-21 15:30:00 IST,BULL,2026-05-21 09:15:00 IST,3120.75,3001.22,3300.05,3359.81,3419.58,3479.34,2026-05-25 15:30:00 IST,3001.22,STOP_LOSS,-1.0,2,94.0,MULTI_MONTH_BASE_BREAKOUT,True,True,True,3.83,True,NONE
INDIGO,2025-03-07 15:30:00 IST,SIDEWAYS,2025-03-07 09:15:00 IST,880.85,837.38,946.06,967.79,989.53,1011.26,2025-04-04 15:30:00 IST,909.62,TIMEOUT_20D,0.66,20,93.0,WYCKOFF_SPRING_TYPE_2,True,True,True,4.94,True,NONE
INDIGO,2025-06-06 15:30:00 IST,BULL,2025-06-06 09:15:00 IST,960.36,943.11,986.23,994.86,1003.49,1012.11,2025-06-10 15:30:00 IST,986.23,TARGET_1,1.5,2,91.0,CUP_HANDLE,True,True,True,1.8,True,NONE
INDIGO,2025-12-26 15:30:00 IST,BULL,2025-12-26 09:15:00 IST,986.32,942.83,1051.57,1073.3,1095.05,1116.79,2026-01-06 15:30:00 IST,1051.57,TARGET_1,1.5,7,84.0,DOUBLE_BOTTOM,True,True,True,4.41,True,NONE
INDIGO,2026-01-19 15:30:00 IST,BULL,2026-01-19 09:15:00 IST,1095.86,1043.2,1174.84,1201.18,1227.51,1253.84,2026-01-30 15:30:00 IST,1043.2,STOP_LOSS,-1.0,9,95.0,MULTI_MONTH_BASE_BREAKOUT,True,True,True,4.81,True,NONE
INDIGO,2026-02-06 15:30:00 IST,BULL,2026-02-06 09:15:00 IST,1122.46,1065.73,1207.55,1235.92,1264.29,1292.65,2026-03-06 15:30:00 IST,1106.3,TIMEOUT_20D,-0.28,20,92.0,MULTI_MONTH_BASE_BREAKOUT,True,True,True,5.05,True,NONE
INDIGO,2026-03-04 15:30:00 IST,BULL,2026-03-04 09:15:00 IST,1129.95,1102.54,1171.07,1184.77,1198.48,1212.18,2026-03-09 15:30:00 IST,1102.54,STOP_LOSS,-1.0,3,80.0,CUP_HANDLE,True,True,True,2.43,True,NONE
INDIGO,2026-05-12 15:30:00 IST,BEAR,2026-05-12 09:15:00 IST,1125.7,1096.76,1169.1,1183.58,1198.05,1212.52,2026-06-02 15:30:00 IST,1169.1,TARGET_1,1.5,15,92.0,WYCKOFF_SPRING_TYPE_2,True,True,True,2.57,True,NONE
INDIGO,2026-08-05 15:30:00 IST,BULL,2026-08-05 09:15:00 IST,1347.0,1306.53,1407.7,1427.94,1448.18,1468.41,2026-08-14 15:30:00 IST,1407.7,TARGET_1,1.5,7,100.0,MULTI_MONTH_BASE_BREAKOUT,True,True,True,3.0,True,NONE
INDIGO,2026-08-11 15:30:00 IST,BULL,2026-08-11 09:15:00 IST,1395.29,1328.01,1496.22,1529.85,1563.49,1597.13,2026-08-18 15:30:00 IST,1496.22,TARGET_1,1.5,6,98.0,MULTI_MONTH_BASE_BREAKOUT,True,True,True,4.82,True,NONE
INDUSTOWER,2025-11-03 15:30:00 IST,BULL,2025-11-03 09:15:00 IST,382.75,359.78,417.21,428.69,440.18,451.66,2025-12-01 15:30:00 IST,401.95,TIMEOUT_20D,0.84,20,90.0,SHAKEOUT_RECLAIM,True,True,True,6.0,True,NONE
INDUSTOWER,2025-12-05 15:30:00 IST,BULL,2025-12-05 09:15:00 IST,415.7,401.58,436.88,443.94,451.0,458.06,2025-12-07 15:30:00 IST,401.58,STOP_LOSS,-1.0,1,96.0,MULTI_MONTH_BASE_BREAKOUT,True,True,True,3.4,True,NONE
INDUSTOWER,2026-01-01 15:30:00 IST,BULL,2026-01-01 09:15:00 IST,435.8,421.66,457.01,464.08,471.15,478.22,2026-01-19 15:30:00 IST,421.66,STOP_LOSS,-1.0,13,94.0,MULTI_MONTH_BASE_BREAKOUT,True,True,True,3.24,True,NONE
INDUSTOWER,2026-02-10 15:30:00 IST,BULL,2026-02-10 09:15:00 IST,459.15,443.44,482.71,490.57,498.42,506.28,2026-03-01 15:30:00 IST,443.44,STOP_LOSS,-1.0,14,92.0,MULTI_MONTH_BASE_BREAKOUT,True,True,True,3.42,True,NONE
INDUSTOWER,2026-08-12 15:30:00 IST,SIDEWAYS,2026-08-12 09:15:00 IST,383.4,360.4,417.9,429.4,440.9,452.4,2026-09-03 15:30:00 IST,375.0,TIMEOUT_20D,-0.37,17,95.0,WYCKOFF_SPRING_TYPE_2,True,True,True,6.0,True,NONE
INFRAIETF.NS,2025-11-19 15:30:00 IST,BULL,2025-11-19 09:15:00 IST,99.24,97.38,102.03,102.96,103.89,104.82,2025-12-02 15:30:00 IST,97.38,STOP_LOSS,-1.0,10,93.0,CUP_HANDLE,True,True,True,1.87,True,NONE
INFRAIETF.NS,2025-12-05 15:30:00 IST,SIDEWAYS,2025-12-05 09:15:00 IST,98.21,96.61,100.61,101.41,102.21,103.01,2025-12-07 15:30:00 IST,96.61,STOP_LOSS,-1.0,1,92.0,SHAKEOUT_RECLAIM,True,True,True,1.63,True,NONE
INFRAIETF.NS,2026-02-16 15:30:00 IST,BULL,2026-02-16 09:15:00 IST,99.35,97.33,102.38,103.39,104.4,105.41,2026-03-01 15:30:00 IST,97.33,STOP_LOSS,-1.0,10,89.0,CUP_HANDLE,True,True,True,2.03,True,NONE
INFRAIETF.NS,2026-08-14 15:30:00 IST,BULL,2026-08-14 09:15:00 IST,97.23,94.97,100.62,101.75,102.88,104.01,2026-08-24 15:30:00 IST,96.73,TIMEOUT_20D,-0.22,7,83.0,CUP_HANDLE,True,True,True,2.32,True,NONE
INFOBEAN,2025-10-24 15:30:00 IST,SIDEWAYS,2025-10-24 09:15:00 IST,132.8,124.83,144.76,148.74,152.73,156.71,2025-10-26 15:30:00 IST,144.76,TARGET_1,1.5,1,94.0,WYCKOFF_SPRING_TYPE_2,True,True,True,6.0,True,NONE
INFOBEAN,2025-12-04 15:30:00 IST,BULL,2025-12-04 09:15:00 IST,151.59,142.49,165.23,169.79,174.34,178.89,2025-12-04 15:30:00 IST,165.23,TARGET_1,1.5,1,96.0,SHAKEOUT_RECLAIM,True,True,True,6.0,True,NONE
INFOBEAN,2025-12-16 15:30:00 IST,BULL,2025-12-16 09:15:00 IST,194.46,182.79,211.97,217.8,223.64,229.47,2025-12-16 15:30:00 IST,182.79,STOP_LOSS,-1.0,1,87.0,V_REVERSAL,True,True,True,6.0,True,NONE
INFOBEAN,2026-01-02 15:30:00 IST,BULL,2026-01-02 09:15:00 IST,226.43,212.84,246.8,253.61,260.41,267.2,2026-01-06 15:30:00 IST,246.8,TARGET_1,1.5,3,92.0,BULL_FLAG,True,True,True,6.0,True,NONE
INFOBEAN,2026-04-02 15:30:00 IST,BEAR,2026-04-02 09:15:00 IST,142.03,133.51,154.81,159.07,163.33,167.59,2026-04-07 15:30:00 IST,154.81,TARGET_1,1.5,3,84.0,V_REVERSAL,True,True,True,6.0,True,NONE
INFOBEAN,2026-04-10 15:30:00 IST,SIDEWAYS,2026-04-10 09:15:00 IST,185.12,174.01,201.78,207.34,212.9,218.45,2026-04-14 15:30:00 IST,174.01,STOP_LOSS,-1.0,2,92.0,V_REVERSAL,True,True,True,6.0,True,NONE
INFOBEAN,2026-07-10 15:30:00 IST,SIDEWAYS,2026-07-10 09:15:00 IST,163.28,153.48,177.98,182.88,187.78,192.68,2026-07-22 15:30:00 IST,153.48,STOP_LOSS,-1.0,9,84.0,V_REVERSAL,True,True,True,6.0,True,NONE
INFY,2025-12-22 15:30:00 IST,BULL,2025-12-22 09:15:00 IST,1653.81,1571.25,1777.66,1818.93,1860.21,1901.49,2026-01-04 15:30:00 IST,1571.25,STOP_LOSS,-1.0,9,95.0,MULTI_MONTH_BASE_BREAKOUT,True,True,True,4.99,True,NONE
INFY,2026-01-16 15:30:00 IST,BULL,2026-01-16 09:15:00 IST,1654.01,1554.77,1802.87,1852.49,1902.11,1951.73,2026-02-03 15:30:00 IST,1554.77,STOP_LOSS,-1.0,12,91.0,BULL_PENNANT,True,True,True,6.0,True,NONE
INFY,2026-03-20 15:30:00 IST,BEAR,2026-03-20 09:15:00 IST,1229.3,1183.42,1298.12,1321.06,1344.0,1366.94,2026-04-06 15:30:00 IST,1298.12,TARGET_1,1.5,9,90.0,SHAKEOUT_RECLAIM,True,True,True,3.73,True,NONE
INFY,2026-05-19 15:30:00 IST,SIDEWAYS,2026-05-19 09:15:00 IST,1171.55,1101.26,1276.98,1312.13,1347.27,1382.42,2026-06-15 15:30:00 IST,1143.6,TIMEOUT_20D,-0.4,20,90.0,V_REVERSAL,True,True,True,6.0,True,NONE
INFY,2026-07-02 15:30:00 IST,BEAR,2026-07-02 09:15:00 IST,1040.9,978.45,1134.58,1165.8,1197.03,1228.25,2026-07-28 15:30:00 IST,1134.58,TARGET_1,1.5,19,86.0,SHAKEOUT_RECLAIM,True,True,True,6.0,True,NONE
INFY,2026-07-13 15:30:00 IST,SIDEWAYS,2026-07-13 09:15:00 IST,1102.6,1036.44,1201.84,1234.92,1268.0,1301.08,2026-07-22 15:30:00 IST,1036.44,STOP_LOSS,-1.0,8,86.0,WYCKOFF_SPRING_TYPE_2,True,True,True,6.0,True,NONE
INDUSINDBK,2025-10-27 15:30:00 IST,SIDEWAYS,2025-10-27 09:15:00 IST,768.8,722.68,837.99,861.04,884.1,907.16,2025-10-27 15:30:00 IST,837.99,TARGET_1,1.5,1,86.0,WYCKOFF_SPRING_TYPE_2,True,True,True,6.0,True,NONE
INDUSINDBK,2025-12-30 15:30:00 IST,SIDEWAYS,2025-12-30 09:15:00 IST,840.14,820.54,869.54,879.34,889.14,898.94,2025-12-30 15:30:00 IST,869.54,TARGET_1,1.5,1,88.0,WYCKOFF_SPRING_TYPE_2,True,True,True,2.33,True,NONE
INDUSINDBK,2026-04-08 15:30:00 IST,BEAR,2026-04-08 09:15:00 IST,834.6,784.52,909.72,934.76,959.8,984.84,2026-04-08 15:30:00 IST,909.72,TARGET_1,1.5,1,86.0,WYCKOFF_SPRING_TYPE_2,True,True,True,6.0,True,NONE
INDUSINDBK,2026-06-12 15:30:00 IST,BEAR,2026-06-12 09:15:00 IST,915.87,875.18,976.9,997.25,1017.6,1037.94,2026-06-12 15:30:00 IST,976.9,TARGET_1,1.5,1,86.0,WYCKOFF_SPRING_TYPE_2,True,True,True,4.44,True,NONE
INDUSINDBK,2026-08-10 15:30:00 IST,BULL,2026-08-10 09:15:00 IST,1795.15,1687.44,1956.71,2010.57,2064.43,2118.28,2026-08-10 15:30:00 IST,1687.44,STOP_LOSS,-1.0,1,94.0,DOUBLE_BOTTOM,True,True,True,6.0,True,NONE
INOXGREEN,2026-05-04 15:30:00 IST,BULL,2026-05-04 09:15:00 IST,188.98,177.64,205.99,211.66,217.33,223.0,2026-05-13 15:30:00 IST,177.64,STOP_LOSS,-1.0,8,92.0,BULL_FLAG,True,True,True,6.0,True,NONE
INOXGREEN,2026-06-12 15:30:00 IST,BULL,2026-06-12 09:15:00 IST,189.9,178.51,206.98,212.68,218.38,224.07,2026-06-22 15:30:00 IST,206.98,TARGET_1,1.5,7,91.0,WYCKOFF_SPRING_TYPE_2,True,True,True,6.0,True,NONE
INOXGREEN,2026-06-22 15:30:00 IST,BULL,2026-06-22 09:15:00 IST,205.11,192.8,223.58,229.73,235.89,242.04,2026-07-07 15:30:00 IST,192.8,STOP_LOSS,-1.0,12,87.0,WYCKOFF_SPRING_TYPE_2,True,True,True,6.0,True,NONE
IOB,2025-12-30 15:30:00 IST,SIDEWAYS,2025-12-30 09:15:00 IST,35.8,33.65,39.02,40.1,41.17,42.25,2026-01-20 15:30:00 IST,33.65,STOP_LOSS,-1.0,16,91.0,SHAKEOUT_RECLAIM,True,True,True,6.01,True,NONE
IOB,2026-06-09 15:30:00 IST,BEAR,2026-06-09 09:15:00 IST,33.43,32.28,35.16,35.73,36.3,36.88,2026-06-10 15:30:00 IST,32.28,STOP_LOSS,-1.0,2,90.0,SHAKEOUT_RECLAIM,True,True,True,3.44,True,NONE
INTELLECT,2025-10-24 15:30:00 IST,BULL,2025-10-24 09:15:00 IST,997.95,938.07,1087.77,1117.71,1147.65,1177.59,2025-10-30 15:30:00 IST,1087.77,TARGET_1,1.5,5,88.0,WYCKOFF_SPRING_TYPE_2,True,True,True,6.0,True,NONE
INTELLECT,2025-10-31 15:30:00 IST,BULL,2025-10-31 09:15:00 IST,1133.5,1065.49,1235.51,1269.52,1303.53,1337.53,2025-11-02 15:30:00 IST,1235.51,TARGET_1,1.5,1,91.0,BULL_FLAG,True,True,True,6.0,True,NONE
INTELLECT,2026-01-07 15:30:00 IST,BEAR,2026-01-07 09:15:00 IST,991.4,934.11,1077.34,1105.98,1134.62,1163.27,2026-01-08 15:30:00 IST,934.11,STOP_LOSS,-1.0,2,95.0,SHAKEOUT_RECLAIM,True,True,True,5.78,True,NONE
INTELLECT,2026-04-15 15:30:00 IST,SIDEWAYS,2026-04-15 09:15:00 IST,689.9,648.51,751.99,772.68,793.38,814.07,2026-04-27 15:30:00 IST,751.99,TARGET_1,1.5,9,85.0,V_REVERSAL,True,True,True,6.0,True,NONE
INTELLECT,2026-07-02 15:30:00 IST,BULL,2026-07-02 09:15:00 IST,755.4,710.08,823.38,846.04,868.7,891.36,2026-07-23 15:30:00 IST,710.08,STOP_LOSS,-1.0,16,82.0,V_REVERSAL,True,True,True,6.0,True,NONE
IOC,2025-10-29 15:30:00 IST,BULL,2025-10-29 09:15:00 IST,156.27,146.89,170.34,175.03,179.72,184.41,2025-11-26 15:30:00 IST,156.96,TIMEOUT_20D,0.07,20,93.0,MULTI_MONTH_BASE_BREAKOUT,True,True,True,6.0,True,NONE
IOC,2025-12-31 15:30:00 IST,BULL,2025-12-31 09:15:00 IST,164.39,157.62,174.54,177.93,181.31,184.7,2026-01-07 15:30:00 IST,157.62,STOP_LOSS,-1.0,6,91.0,HIGHER_LOW_REVERSAL,True,True,True,4.12,True,NONE
IOC,2026-02-04 15:30:00 IST,BULL,2026-02-04 09:15:00 IST,170.63,160.39,185.99,191.11,196.23,201.35,2026-02-26 15:30:00 IST,185.99,TARGET_1,1.5,17,91.0,V_REVERSAL,True,True,True,6.0,True,NONE
IOC,2026-02-11 15:30:00 IST,BULL,2026-02-11 09:15:00 IST,179.05,173.29,187.7,190.57,193.45,196.33,2026-02-11 15:30:00 IST,173.29,STOP_LOSS,-1.0,1,93.0,MULTI_MONTH_BASE_BREAKOUT,True,True,True,3.22,True,NONE
IOC,2026-05-13 15:30:00 IST,BEAR,2026-05-13 09:15:00 IST,141.69,136.56,149.39,151.95,154.51,157.08,2026-05-14 15:30:00 IST,136.56,STOP_LOSS,-1.0,2,85.0,SHAKEOUT_RECLAIM,True,True,True,3.62,True,NONE
IOC,2026-07-15 15:30:00 IST,BEAR,2026-07-15 09:15:00 IST,140.24,135.92,146.72,148.88,151.04,153.2,2026-07-23 15:30:00 IST,135.92,STOP_LOSS,-1.0,7,87.0,SHAKEOUT_RECLAIM,True,True,True,3.08,True,NONE
IPCALAB,2026-01-07 15:30:00 IST,BULL,2026-01-07 09:15:00 IST,1514.2,1423.35,1650.47,1695.9,1741.33,1786.75,2026-02-01 15:30:00 IST,1423.35,STOP_LOSS,-1.0,16,91.0,V_REVERSAL,True,True,True,6.0,True,NONE
IPCALAB,2026-03-30 15:30:00 IST,BULL,2026-03-30 09:15:00 IST,1601.2,1519.3,1724.05,1765.0,1805.95,1846.9,2026-03-31 15:30:00 IST,1519.3,STOP_LOSS,-1.0,1,89.0,DOUBLE_BOTTOM,True,True,True,5.11,True,NONE
IPCALAB,2026-05-18 15:30:00 IST,BULL,2026-05-18 09:15:00 IST,1646.3,1559.04,1777.19,1820.82,1864.45,1908.08,2026-05-28 15:30:00 IST,1559.04,STOP_LOSS,-1.0,9,91.0,DOUBLE_BOTTOM,True,True,True,5.3,True,NONE
IPCALAB,2026-07-03 15:30:00 IST,BULL,2026-07-03 09:15:00 IST,1778.9,1713.7,1876.7,1909.3,1941.9,1974.5,2026-07-14 15:30:00 IST,1876.7,TARGET_1,1.5,8,98.0,MULTI_MONTH_BASE_BREAKOUT,True,True,True,3.67,True,NONE
IPCALAB,2026-07-13 15:30:00 IST,BULL,2026-07-13 09:15:00 IST,1823.3,1732.3,1959.8,2005.3,2050.8,2096.3,2026-07-21 15:30:00 IST,1732.3,STOP_LOSS,-1.0,7,86.0,BULL_FLAG,True,True,True,4.99,True,NONE
INOXWIND,2025-05-27 15:30:00 IST,BULL,2025-05-27 09:15:00 IST,1851.49,1816.03,1904.69,1922.41,1940.14,1957.87,2025-05-29 15:30:00 IST,1904.69,TARGET_1,1.5,2,88.0,CUP_HANDLE,True,True,True,1.92,True,NONE
INOXWIND,2025-09-15 15:30:00 IST,BULL,2025-09-15 09:15:00 IST,2005.63,1885.29,2186.14,2246.31,2306.48,2366.65,2025-10-13 15:30:00 IST,2082.31,TIMEOUT_20D,0.64,20,87.0,V_REVERSAL,True,True,True,6.0,True,NONE
INOXWIND,2025-09-24 15:30:00 IST,BULL,2025-09-24 09:15:00 IST,2034.04,1961.9,2142.25,2178.32,2214.39,2250.46,2025-10-15 15:30:00 IST,2142.25,TARGET_1,1.5,15,86.0,CUP_HANDLE,True,True,True,3.55,True,NONE
INOXWIND,2025-11-12 15:30:00 IST,BULL,2025-11-12 09:15:00 IST,2123.07,2076.82,2192.45,2215.57,2238.7,2261.82,2025-11-19 15:30:00 IST,2076.82,STOP_LOSS,-1.0,5,94.0,CUP_HANDLE,True,True,True,2.18,True,NONE
INOXWIND,2025-12-05 15:30:00 IST,BULL,2025-12-05 09:15:00 IST,2194.54,2089.07,2352.74,2405.48,2458.21,2510.95,2025-12-25 15:30:00 IST,2352.74,TARGET_1,1.5,14,87.0,DOUBLE_BOTTOM,True,True,True,4.81,True,NONE
INOXWIND,2025-12-16 15:30:00 IST,BULL,2025-12-16 09:15:00 IST,2344.88,2204.19,2555.92,2626.26,2696.61,2766.95,2026-01-09 15:30:00 IST,2555.92,TARGET_1,1.5,18,85.0,V_REVERSAL,True,True,True,6.0,True,NONE
INOXWIND,2026-03-27 15:30:00 IST,BULL,2026-03-27 09:15:00 IST,3164.29,2974.44,3449.07,3543.99,3638.91,3733.84,2026-04-24 15:30:00 IST,2974.44,STOP_LOSS,-1.0,20,89.0,BULL_FLAG,True,True,True,6.0,True,NONE
INOXWIND,2026-05-14 15:30:00 IST,BULL,2026-05-14 09:15:00 IST,3170.99,3075.79,3313.8,3361.39,3408.99,3456.59,2026-05-20 15:30:00 IST,3313.8,TARGET_1,1.5,4,85.0,CUP_HANDLE,True,True,True,3.0,True,NONE
INOXWIND,2026-07-28 15:30:00 IST,BULL,2026-07-28 09:15:00 IST,3373.55,3267.82,3532.16,3585.01,3637.88,3690.74,2026-08-06 15:30:00 IST,3532.16,TARGET_1,1.5,7,91.0,MULTI_MONTH_BASE_BREAKOUT,True,True,True,3.13,True,NONE
INOXWIND,2026-08-12 15:30:00 IST,BULL,2026-08-12 09:15:00 IST,3644.63,3486.8,3881.37,3960.29,4039.2,4118.12,2026-08-18 15:30:00 IST,3486.8,STOP_LOSS,-1.0,5,91.0,MULTI_MONTH_BASE_BREAKOUT,True,True,True,4.33,True,NONE
IRCTC,2025-12-22 15:30:00 IST,SIDEWAYS,2025-12-22 09:15:00 IST,677.86,651.36,717.6,730.86,744.11,757.36,2026-01-07 15:30:00 IST,651.36,STOP_LOSS,-1.0,12,90.0,WYCKOFF_SPRING_TYPE_2,True,True,True,3.91,True,NONE
IRCTC,2026-02-10 15:30:00 IST,SIDEWAYS,2026-02-10 09:15:00 IST,632.66,594.7,689.6,708.58,727.56,746.54,2026-02-25 15:30:00 IST,594.7,STOP_LOSS,-1.0,12,87.0,WYCKOFF_SPRING_TYPE_2,True,True,True,6.0,True,NONE
IRCTC,2026-02-20 15:30:00 IST,SIDEWAYS,2026-02-20 09:15:00 IST,645.3,606.58,703.38,722.74,742.1,761.46,2026-02-24 15:30:00 IST,606.58,STOP_LOSS,-1.0,3,90.0,WYCKOFF_SPRING_TYPE_2,True,True,True,6.0,True,NONE
IRCTC,2026-05-04 15:30:00 IST,SIDEWAYS,2026-05-04 09:15:00 IST,555.25,523.07,603.52,619.61,635.7,651.79,2026-05-17 15:30:00 IST,523.07,STOP_LOSS,-1.0,10,89.0,SHAKEOUT_RECLAIM,True,True,True,5.8,True,NONE
IRCTC,2026-06-04 15:30:00 IST,BEAR,2026-06-04 09:15:00 IST,527.5,500.49,568.01,581.52,595.02,608.53,2026-07-01 15:30:00 IST,506.2,TIMEOUT_20D,-0.79,20,86.0,SHAKEOUT_RECLAIM,True,True,True,5.12,True,NONE
IONEXCHANG,2025-02-28 15:30:00 IST,SIDEWAYS,2025-02-28 09:15:00 IST,593.24,582.07,610.0,615.58,621.16,626.75,2025-03-04 15:30:00 IST,610.0,TARGET_1,1.5,2,84.0,CUP_HANDLE,True,True,True,1.88,True,NONE
IONEXCHANG,2025-09-29 15:30:00 IST,BULL,2025-09-29 09:15:00 IST,714.05,678.82,766.89,784.51,802.12,819.74,2025-10-27 15:30:00 IST,760.08,TIMEOUT_20D,1.31,20,90.0,WYCKOFF_SPRING_TYPE_2,True,True,True,4.93,True,NONE
IONEXCHANG,2025-10-27 15:30:00 IST,BULL,2025-10-27 09:15:00 IST,760.08,736.71,795.14,806.82,818.51,830.19,2025-11-19 15:30:00 IST,795.14,TARGET_1,1.5,17,96.0,MULTI_MONTH_BASE_BREAKOUT,True,True,True,3.07,True,NONE
IONEXCHANG,2026-02-03 15:30:00 IST,SIDEWAYS,2026-02-03 09:15:00 IST,789.53,762.71,829.75,843.17,856.58,869.99,2026-02-17 15:30:00 IST,829.75,TARGET_1,1.5,10,90.0,CUP_HANDLE,True,True,True,3.4,True,NONE
IONEXCHANG,2026-03-05 15:30:00 IST,BULL,2026-03-05 09:15:00 IST,807.4,772.8,859.3,876.6,893.9,911.2,2026-03-25 15:30:00 IST,772.8,STOP_LOSS,-1.0,14,86.0,CUP_HANDLE,True,True,True,4.29,True,NONE
IONEXCHANG,2026-03-18 15:30:00 IST,SIDEWAYS,2026-03-18 09:15:00 IST,806.78,772.8,857.74,874.74,891.73,908.72,2026-03-25 15:30:00 IST,772.8,STOP_LOSS,-1.0,5,92.0,WYCKOFF_SPRING_TYPE_2,True,True,True,4.21,True,NONE
IONEXCHANG,2026-03-24 15:30:00 IST,SIDEWAYS,2026-03-24 09:15:00 IST,790.03,772.8,815.87,824.49,833.11,841.72,2026-03-25 15:30:00 IST,772.8,STOP_LOSS,-1.0,1,87.0,WYCKOFF_SPRING_TYPE_2,True,True,True,2.18,True,NONE
IONEXCHANG,2026-05-04 15:30:00 IST,BULL,2026-05-04 09:15:00 IST,865.01,837.21,906.71,920.61,934.51,948.41,2026-05-20 15:30:00 IST,837.21,STOP_LOSS,-1.0,12,85.0,CUP_HANDLE,True,True,True,3.21,True,NONE
IONEXCHANG,2026-06-05 15:30:00 IST,BEAR,2026-06-05 09:15:00 IST,837.79,809.77,879.81,893.83,907.84,921.85,2026-06-29 15:30:00 IST,879.81,TARGET_1,1.5,16,88.0,CUP_HANDLE,True,True,True,3.34,True,NONE
IRB,2025-03-05 15:30:00 IST,BULL,2025-03-05 09:15:00 IST,2214.88,2142.86,2322.9,2358.92,2394.93,2430.94,2025-03-26 15:30:00 IST,2142.86,STOP_LOSS,-1.0,15,96.0,MULTI_MONTH_BASE_BREAKOUT,True,True,True,3.25,True,NONE
IRB,2025-05-19 15:30:00 IST,BEAR,2025-05-19 09:15:00 IST,2070.72,2037.88,2119.98,2136.4,2152.82,2169.24,2025-05-26 15:30:00 IST,2119.98,TARGET_1,1.5,5,94.0,WYCKOFF_SPRING_TYPE_2,True,True,True,1.59,True,NONE
IRB,2025-12-04 15:30:00 IST,BULL,2025-12-04 09:15:00 IST,2339.04,2262.65,2453.61,2491.82,2530.01,2568.21,2025-12-18 15:30:00 IST,2262.65,STOP_LOSS,-1.0,10,88.0,CUP_HANDLE,True,True,True,3.27,True,NONE
IREDA,2025-12-09 15:30:00 IST,BEAR,2025-12-09 09:15:00 IST,133.75,127.79,142.69,145.67,148.65,151.63,2026-01-01 15:30:00 IST,142.69,TARGET_1,1.5,17,90.0,SHAKEOUT_RECLAIM,True,True,True,4.46,True,NONE
IREDA,2026-01-12 15:30:00 IST,SIDEWAYS,2026-01-12 09:15:00 IST,140.75,132.31,153.42,157.63,161.85,166.07,2026-01-19 15:30:00 IST,132.31,STOP_LOSS,-1.0,6,85.0,V_REVERSAL,True,True,True,6.0,True,NONE
IREDA,2026-03-25 15:30:00 IST,SIDEWAYS,2026-03-25 09:15:00 IST,118.57,111.46,129.24,132.79,136.34,139.9,2026-03-29 15:30:00 IST,111.46,STOP_LOSS,-1.0,2,82.0,V_REVERSAL,True,True,True,6.0,True,NONE
IREDA,2026-04-17 15:30:00 IST,BULL,2026-04-17 09:15:00 IST,133.01,125.03,144.98,148.97,152.96,156.95,2026-05-11 15:30:00 IST,125.03,STOP_LOSS,-1.0,17,84.0,DOUBLE_BOTTOM,True,True,True,6.0,True,NONE
IREDA,2026-08-03 15:30:00 IST,SIDEWAYS,2026-08-03 09:15:00 IST,123.0,116.83,132.25,135.34,138.43,141.51,2026-08-13 15:30:00 IST,116.83,STOP_LOSS,-1.0,9,89.0,WYCKOFF_SPRING_TYPE_2,True,True,True,5.02,True,NONE
IRCON,2026-03-12 15:30:00 IST,SIDEWAYS,2026-03-12 09:15:00 IST,687.6,661.29,727.06,740.22,753.38,766.53,2026-04-09 15:30:00 IST,677.6,TIMEOUT_20D,-0.38,20,87.0,DOUBLE_BOTTOM,True,True,True,3.83,True,NONE
IRCON,2026-05-26 15:30:00 IST,BULL,2026-05-26 09:15:00 IST,851.36,800.28,927.97,953.52,979.06,1004.6,2026-06-23 15:30:00 IST,902.93,TIMEOUT_20D,1.01,20,84.0,V_REVERSAL,True,True,True,6.0,True,NONE
ITC,2026-02-06 15:30:00 IST,SIDEWAYS,2026-02-06 09:15:00 IST,317.16,298.13,345.7,355.22,364.74,374.25,2026-03-08 15:30:00 IST,298.13,STOP_LOSS,-1.0,20,97.0,SHAKEOUT_RECLAIM,True,True,True,6.0,True,NONE
ITC,2026-03-16 15:30:00 IST,BEAR,2026-03-16 09:15:00 IST,300.07,291.21,313.37,317.79,322.22,326.65,2026-03-18 15:30:00 IST,291.21,STOP_LOSS,-1.0,3,89.0,SHAKEOUT_RECLAIM,True,True,True,2.95,True,NONE
ITC,2026-04-29 15:30:00 IST,SIDEWAYS,2026-04-29 09:15:00 IST,307.86,294.85,327.38,333.88,340.38,346.89,2026-05-11 15:30:00 IST,294.85,STOP_LOSS,-1.0,9,89.0,DOUBLE_BOTTOM,True,True,True,4.23,True,NONE
ITC,2026-08-20 15:30:00 IST,BEAR,2026-08-20 09:15:00 IST,271.65,263.68,283.6,287.59,291.57,295.56,2026-08-30 15:30:00 IST,263.68,STOP_LOSS,-1.0,7,89.0,SHAKEOUT_RECLAIM,True,True,True,2.93,True,NONE
ITDC,2026-04-08 15:30:00 IST,SIDEWAYS,2026-04-08 09:15:00 IST,441.15,414.68,480.85,494.09,507.32,520.56,2026-04-08 15:30:00 IST,480.85,TARGET_1,1.5,1,84.0,BULL_PENNANT,True,True,True,6.0,True,NONE
ITDC,2026-06-04 15:30:00 IST,BULL,2026-06-04 09:15:00 IST,589.15,553.8,642.18,659.85,677.53,695.2,2026-06-04 15:30:00 IST,642.18,TARGET_1,1.5,1,97.0,SHAKEOUT_RECLAIM,True,True,True,6.0,True,NONE
ITDC,2026-07-07 15:30:00 IST,BULL,2026-07-07 09:15:00 IST,702.8,660.63,766.05,787.14,808.22,829.31,2026-07-07 15:30:00 IST,766.05,TARGET_1,1.5,1,96.0,SHAKEOUT_RECLAIM,True,True,True,6.0,True,NONE
ITDC,2026-07-15 15:30:00 IST,BULL,2026-07-15 09:15:00 IST,793.9,746.27,865.35,889.16,912.97,936.79,2026-07-15 15:30:00 IST,746.27,STOP_LOSS,-1.0,1,93.0,SHAKEOUT_RECLAIM,True,True,True,6.0,True,NONE
ITETF.NS,2025-11-19 15:30:00 IST,BULL,2025-11-19 09:15:00 IST,38.73,36.96,41.38,42.27,43.15,44.04,2025-12-16 15:30:00 IST,39.97,TIMEOUT_20D,0.7,20,84.0,DOUBLE_BOTTOM,True,True,True,4.57,True,NONE
ITETF.NS,2025-11-26 15:30:00 IST,BULL,2025-11-26 09:15:00 IST,39.12,38.28,40.38,40.8,41.22,41.64,2025-12-04 15:30:00 IST,40.38,TARGET_1,1.5,7,85.0,CUP_HANDLE,True,True,True,2.15,True,NONE
ITETF.NS,2025-12-22 15:30:00 IST,BULL,2025-12-22 09:15:00 IST,41.33,39.25,44.45,45.49,46.53,47.57,2026-01-04 15:30:00 IST,39.25,STOP_LOSS,-1.0,9,85.0,ASCENDING_TRIANGLE,True,True,True,5.03,True,NONE
ITETF.NS,2026-06-01 15:30:00 IST,SIDEWAYS,2026-06-01 09:15:00 IST,31.55,29.66,34.38,35.33,36.28,37.22,2026-06-10 15:30:00 IST,29.66,STOP_LOSS,-1.0,8,88.0,WYCKOFF_SPRING_TYPE_2,True,True,True,5.99,True,NONE
IRFC,2025-09-08 15:30:00 IST,BEAR,2025-09-08 09:15:00 IST,1882.36,1815.98,1981.92,2015.12,2048.31,2081.5,2025-10-02 15:30:00 IST,1981.92,TARGET_1,1.5,18,88.0,WYCKOFF_SPRING_TYPE_2,True,True,True,3.53,True,NONE
ITCHOTELS,2025-06-02 15:30:00 IST,BULL,2025-06-02 09:15:00 IST,1581.21,1550.02,1628.01,1643.59,1659.19,1674.78,2025-06-16 15:30:00 IST,1550.02,STOP_LOSS,-1.0,10,88.0,CUP_HANDLE,True,True,True,1.97,True,NONE
ITCHOTELS,2026-02-02 15:30:00 IST,SIDEWAYS,2026-02-02 09:15:00 IST,1848.59,1741.31,2009.52,2063.15,2116.79,2170.43,2026-03-02 15:30:00 IST,1841.85,TIMEOUT_20D,-0.06,20,86.0,WYCKOFF_SPRING_TYPE_2,True,True,True,5.8,True,NONE
ITCHOTELS,2026-03-05 15:30:00 IST,BULL,2026-03-05 09:15:00 IST,1861.2,1807.83,1941.25,1967.94,1994.63,2021.31,2026-03-17 15:30:00 IST,1941.25,TARGET_1,1.5,8,87.0,CUP_HANDLE,True,True,True,2.87,True,NONE
ITCHOTELS,2026-04-29 15:30:00 IST,BULL,2026-04-29 09:15:00 IST,1960.1,1884.85,2072.97,2110.6,2148.22,2185.85,2026-05-18 15:30:00 IST,1884.85,STOP_LOSS,-1.0,13,92.0,WYCKOFF_SPRING_TYPE_2,True,True,True,3.84,True,NONE
J&KBANK,2025-11-19 15:30:00 IST,BULL,2025-11-19 09:15:00 IST,108.87,105.53,113.88,115.55,117.22,118.89,2025-11-20 15:30:00 IST,105.53,STOP_LOSS,-1.0,2,83.0,CUP_HANDLE,True,True,True,3.07,True,NONE
J&KBANK,2026-02-26 15:30:00 IST,BULL,2026-02-26 09:15:00 IST,121.23,113.96,132.14,135.77,139.41,143.04,2026-03-03 15:30:00 IST,113.96,STOP_LOSS,-1.0,3,93.0,MULTI_MONTH_BASE_BREAKOUT,True,True,True,6.0,True,NONE
J&KBANK,2026-03-10 15:30:00 IST,BULL,2026-03-10 09:15:00 IST,120.85,113.6,131.72,135.35,138.97,142.6,2026-03-22 15:30:00 IST,113.6,STOP_LOSS,-1.0,9,88.0,SHAKEOUT_RECLAIM,True,True,True,6.0,True,NONE
J&KBANK,2026-04-29 15:30:00 IST,BULL,2026-04-29 09:15:00 IST,134.64,126.56,146.76,150.8,154.84,158.88,2026-05-17 15:30:00 IST,126.56,STOP_LOSS,-1.0,13,93.0,SHAKEOUT_RECLAIM,True,True,True,6.0,True,NONE
J&KBANK,2026-06-03 15:30:00 IST,BULL,2026-06-03 09:15:00 IST,148.65,139.73,162.03,166.49,170.95,175.41,2026-06-14 15:30:00 IST,162.03,TARGET_1,1.5,8,92.0,BULL_FLAG,True,True,True,6.0,True,NONE
J&KBANK,2026-06-09 15:30:00 IST,BULL,2026-06-09 09:15:00 IST,156.98,147.56,171.11,175.82,180.53,185.24,2026-07-06 15:30:00 IST,163.71,TIMEOUT_20D,0.71,20,91.0,CUP_HANDLE,True,True,True,6.0,True,NONE
JAIBALAJI,2025-12-15 15:30:00 IST,BEAR,2025-12-15 09:15:00 IST,66.9,62.89,72.92,74.92,76.93,78.93,2025-12-15 15:30:00 IST,62.89,STOP_LOSS,-1.0,1,95.0,SHAKEOUT_RECLAIM,True,True,True,5.99,True,NONE
JAIBALAJI,2025-12-31 15:30:00 IST,SIDEWAYS,2025-12-31 09:15:00 IST,72.29,67.95,78.8,80.97,83.14,85.31,2026-01-04 15:30:00 IST,78.8,TARGET_1,1.5,3,96.0,WYCKOFF_SPRING_TYPE_2,True,True,True,6.0,True,NONE
JAIBALAJI,2026-01-16 15:30:00 IST,SIDEWAYS,2026-01-16 09:15:00 IST,72.35,68.01,78.86,81.03,83.2,85.37,2026-01-19 15:30:00 IST,68.01,STOP_LOSS,-1.0,2,98.0,SHAKEOUT_RECLAIM,True,True,True,6.0,True,NONE
JAIBALAJI,2026-02-05 15:30:00 IST,BULL,2026-02-05 09:15:00 IST,75.07,71.52,80.39,82.17,83.94,85.72,2026-02-12 15:30:00 IST,71.52,STOP_LOSS,-1.0,6,92.0,DOUBLE_BOTTOM,True,True,True,4.73,True,NONE
JAIBALAJI,2026-04-27 15:30:00 IST,BULL,2026-04-27 09:15:00 IST,78.16,73.47,85.2,87.54,89.88,92.23,2026-05-10 15:30:00 IST,85.2,TARGET_1,1.5,10,97.0,BULL_FLAG,True,True,True,6.0,True,NONE
JAIBALAJI,2026-07-03 15:30:00 IST,SIDEWAYS,2026-07-03 09:15:00 IST,70.41,66.19,76.74,78.85,80.96,83.07,2026-07-07 15:30:00 IST,66.19,STOP_LOSS,-1.0,3,85.0,V_REVERSAL,True,True,True,5.99,True,NONE
JAIBALAJI,2026-08-04 15:30:00 IST,SIDEWAYS,2026-08-04 09:15:00 IST,63.34,59.54,69.04,70.94,72.84,74.74,2026-08-10 15:30:00 IST,69.04,TARGET_1,1.5,5,92.0,V_REVERSAL,True,True,True,6.0,True,NONE
JAIBALAJI,2026-08-10 15:30:00 IST,SIDEWAYS,2026-08-10 09:15:00 IST,68.54,64.43,74.71,76.76,78.81,80.87,2026-08-20 15:30:00 IST,64.43,STOP_LOSS,-1.0,9,88.0,V_REVERSAL,True,True,True,6.0,True,NONE
ITI,2025-04-10 15:30:00 IST,BULL,2025-04-10 09:15:00 IST,1229.29,1155.54,1339.92,1376.79,1413.66,1450.54,2025-05-08 15:30:00 IST,1197.9,TIMEOUT_20D,-0.43,20,87.0,V_REVERSAL,True,True,True,6.0,True,NONE
ITI,2025-08-15 15:30:00 IST,BULL,2025-08-15 09:15:00 IST,1365.74,1330.84,1418.08,1435.54,1452.99,1470.44,2025-08-29 15:30:00 IST,1418.08,TARGET_1,1.5,10,91.0,CUP_HANDLE,True,True,True,2.56,True,NONE
ITI,2025-08-21 15:30:00 IST,BULL,2025-08-21 09:15:00 IST,1372.16,1344.21,1414.08,1428.06,1442.04,1456.01,2025-08-28 15:30:00 IST,1414.08,TARGET_1,1.5,5,90.0,CUP_HANDLE,True,True,True,2.04,True,NONE
ITI,2025-09-11 15:30:00 IST,BULL,2025-09-11 09:15:00 IST,1478.66,1429.14,1552.95,1577.7,1602.46,1627.22,2025-09-18 15:30:00 IST,1552.95,TARGET_1,1.5,5,93.0,MULTI_MONTH_BASE_BREAKOUT,True,True,True,3.35,True,NONE
ITI,2025-10-27 15:30:00 IST,BULL,2025-10-27 09:15:00 IST,1535.7,1467.82,1637.51,1671.46,1705.4,1739.34,2025-11-24 15:30:00 IST,1537.97,TIMEOUT_20D,0.03,20,90.0,WYCKOFF_SPRING_TYPE_2,True,True,True,4.42,True,NONE
ITI,2026-03-24 15:30:00 IST,BULL,2026-03-24 09:15:00 IST,1586.46,1544.59,1649.26,1670.2,1691.14,1712.07,2026-03-30 15:30:00 IST,1649.26,TARGET_1,1.5,4,83.0,CUP_HANDLE,True,True,True,2.64,True,NONE
ITI,2026-04-08 15:30:00 IST,BULL,2026-04-08 09:15:00 IST,1651.26,1629.47,1683.94,1694.84,1705.73,1716.63,2026-04-09 15:30:00 IST,1683.94,TARGET_1,1.5,1,93.0,CUP_HANDLE,True,True,True,1.32,True,NONE
ITI,2026-07-30 15:30:00 IST,SIDEWAYS,2026-07-30 09:15:00 IST,1476.59,1415.48,1568.27,1598.81,1629.36,1659.92,2026-08-18 15:30:00 IST,1415.48,STOP_LOSS,-1.0,14,80.0,V_REVERSAL,True,True,True,4.14,True,NONE
ITI,2026-08-20 15:30:00 IST,SIDEWAYS,2026-08-20 09:15:00 IST,1503.61,1413.4,1638.94,1684.03,1729.13,1774.24,2026-08-20 15:30:00 IST,1413.4,STOP_LOSS,-1.0,1,91.0,SHAKEOUT_RECLAIM,True,True,True,6.0,True,NONE
IXIGO,2025-07-22 15:30:00 IST,BULL,2025-07-22 09:15:00 IST,1947.08,1863.0,2073.2,2115.24,2157.28,2199.32,2025-07-29 15:30:00 IST,1863.0,STOP_LOSS,-1.0,5,93.0,MULTI_MONTH_BASE_BREAKOUT,True,True,True,4.32,True,NONE
IXIGO,2025-08-22 15:30:00 IST,SIDEWAYS,2025-08-22 09:15:00 IST,1830.22,1792.51,1886.79,1905.64,1924.5,1943.35,2025-08-25 15:30:00 IST,1792.51,STOP_LOSS,-1.0,1,92.0,WYCKOFF_SPRING_TYPE_2,True,True,True,2.06,True,NONE
IXIGO,2025-11-27 15:30:00 IST,BULL,2025-11-27 09:15:00 IST,1797.9,1754.74,1862.65,1884.22,1905.8,1927.38,2025-12-09 15:30:00 IST,1862.65,TARGET_1,1.5,8,85.0,CUP_HANDLE,True,True,True,2.4,True,NONE
IXIGO,2026-03-31 15:30:00 IST,SIDEWAYS,2026-03-31 09:15:00 IST,1672.15,1637.92,1723.49,1740.61,1757.73,1774.84,2026-04-06 15:30:00 IST,1637.92,STOP_LOSS,-1.0,4,86.0,CUP_HANDLE,True,True,True,2.05,True,NONE
JAYKAY,2026-04-28 15:30:00 IST,BULL,2026-04-28 09:15:00 IST,185.16,174.05,201.83,207.38,212.93,218.49,2026-04-29 15:30:00 IST,174.05,STOP_LOSS,-1.0,2,94.0,BULL_FLAG,True,True,True,6.0,True,NONE
JAYKAY,2026-05-27 15:30:00 IST,BULL,2026-05-27 09:15:00 IST,213.94,201.1,233.2,239.62,246.04,252.46,2026-05-28 15:30:00 IST,201.1,STOP_LOSS,-1.0,2,90.0,WYCKOFF_SPRING_TYPE_2,True,True,True,6.0,True,NONE
JAYKAY,2026-07-31 15:30:00 IST,BEAR,2026-07-31 09:15:00 IST,167.36,157.32,182.42,187.44,192.46,197.48,2026-08-04 15:30:00 IST,157.32,STOP_LOSS,-1.0,3,88.0,SHAKEOUT_RECLAIM,True,True,True,6.0,True,NONE
JAMNAAUTO,2025-11-26 15:30:00 IST,BULL,2025-11-26 09:15:00 IST,109.57,103.0,119.42,122.71,125.99,129.28,2025-12-01 15:30:00 IST,119.42,TARGET_1,1.5,4,91.0,WYCKOFF_SPRING_TYPE_2,True,True,True,6.0,True,NONE
JAMNAAUTO,2025-12-02 15:30:00 IST,BULL,2025-12-02 09:15:00 IST,122.38,115.04,133.39,137.06,140.73,144.4,2025-12-30 15:30:00 IST,126.58,TIMEOUT_20D,0.57,20,90.0,SHAKEOUT_RECLAIM,True,True,True,6.0,True,NONE
JAMNAAUTO,2025-12-09 15:30:00 IST,BULL,2025-12-09 09:15:00 IST,122.47,115.12,133.5,137.17,140.84,144.52,2026-01-04 15:30:00 IST,133.5,TARGET_1,1.5,18,90.0,SHAKEOUT_RECLAIM,True,True,True,6.0,True,NONE
JAMNAAUTO,2026-01-02 15:30:00 IST,BULL,2026-01-02 09:15:00 IST,132.57,124.62,144.5,148.47,152.44,156.42,2026-01-11 15:30:00 IST,124.62,STOP_LOSS,-1.0,6,94.0,ASCENDING_TRIANGLE,True,True,True,6.0,True,NONE
JAMNAAUTO,2026-01-13 15:30:00 IST,BULL,2026-01-13 09:15:00 IST,133.52,125.51,145.54,149.54,153.55,157.55,2026-01-18 15:30:00 IST,125.51,STOP_LOSS,-1.0,4,87.0,SHAKEOUT_RECLAIM,True,True,True,6.0,True,NONE
JAMNAAUTO,2026-01-30 15:30:00 IST,SIDEWAYS,2026-01-30 09:15:00 IST,124.36,116.9,135.55,139.28,143.01,146.74,2026-02-08 15:30:00 IST,135.55,TARGET_1,1.5,6,85.0,SHAKEOUT_RECLAIM,True,True,True,6.0,True,NONE
JAMNAAUTO,2026-07-02 15:30:00 IST,BULL,2026-07-02 09:15:00 IST,139.46,131.09,152.02,156.2,160.39,164.57,2026-07-07 15:30:00 IST,131.09,STOP_LOSS,-1.0,4,96.0,BULL_FLAG,True,True,True,6.0,True,NONE
JAINREC,2025-03-10 15:30:00 IST,BULL,2025-03-10 09:15:00 IST,1286.2,1244.15,1349.27,1370.3,1391.32,1412.35,2025-03-26 15:30:00 IST,1349.27,TARGET_1,1.5,12,79.0,CUP_HANDLE,True,True,True,3.27,True,NONE
JAINREC,2025-03-24 15:30:00 IST,BULL,2025-03-24 09:15:00 IST,1343.95,1263.32,1464.91,1505.21,1545.53,1585.84,2025-04-21 15:30:00 IST,1307.35,TIMEOUT_20D,-0.45,20,83.0,V_REVERSAL,True,True,True,6.0,True,NONE
JAINREC,2025-06-03 15:30:00 IST,BULL,2025-06-03 09:15:00 IST,1451.4,1412.27,1510.09,1529.66,1549.23,1568.79,2025-06-11 15:30:00 IST,1510.09,TARGET_1,1.5,6,88.0,CUP_HANDLE,True,True,True,2.7,True,NONE
JAINREC,2025-12-10 15:30:00 IST,SIDEWAYS,2025-12-10 09:15:00 IST,1286.28,1218.92,1387.32,1421.0,1454.68,1488.36,2025-12-23 15:30:00 IST,1218.92,STOP_LOSS,-1.0,9,92.0,WYCKOFF_SPRING_TYPE_2,True,True,True,5.24,True,NONE
JAINREC,2025-12-16 15:30:00 IST,SIDEWAYS,2025-12-16 09:15:00 IST,1271.3,1218.92,1349.88,1376.06,1402.25,1428.44,2025-12-23 15:30:00 IST,1218.92,STOP_LOSS,-1.0,5,86.0,WYCKOFF_SPRING_TYPE_2,True,True,True,4.12,True,NONE
JAINREC,2026-01-12 15:30:00 IST,SIDEWAYS,2026-01-12 09:15:00 IST,1280.89,1251.38,1325.15,1339.91,1354.66,1369.42,2026-02-09 15:30:00 IST,1270.02,TIMEOUT_20D,-0.37,20,85.0,CUP_HANDLE,True,True,True,2.3,True,NONE
JAINREC,2026-04-15 15:30:00 IST,SIDEWAYS,2026-04-15 09:15:00 IST,1400.17,1376.76,1435.29,1446.99,1458.7,1470.4,2026-04-17 15:30:00 IST,1435.29,TARGET_1,1.5,2,87.0,WYCKOFF_SPRING_TYPE_2,True,True,True,1.67,True,NONE
JGCHEM,2026-01-12 15:30:00 IST,BEAR,2026-01-12 09:15:00 IST,326.55,307.06,355.78,365.53,375.28,385.02,2026-01-26 15:30:00 IST,307.06,STOP_LOSS,-1.0,10,95.0,SHAKEOUT_RECLAIM,True,True,True,5.97,True,NONE
JGCHEM,2026-02-09 15:30:00 IST,SIDEWAYS,2026-02-09 09:15:00 IST,364.75,342.86,397.58,408.53,419.47,430.42,2026-02-10 15:30:00 IST,397.58,TARGET_1,1.5,2,93.0,WYCKOFF_SPRING_TYPE_2,True,True,True,6.0,True,NONE
JGCHEM,2026-04-21 15:30:00 IST,BULL,2026-04-21 09:15:00 IST,400.0,376.0,436.0,448.0,460.0,472.0,2026-05-19 15:30:00 IST,396.05,TIMEOUT_20D,-0.16,20,85.0,CUP_HANDLE,True,True,True,6.0,True,NONE
JGCHEM,2026-07-09 15:30:00 IST,BULL,2026-07-09 09:15:00 IST,445.25,418.53,485.33,498.69,512.05,525.41,2026-07-19 15:30:00 IST,485.33,TARGET_1,1.5,7,81.0,CUP_HANDLE,True,True,True,6.0,True,NONE
JGCHEM,2026-07-24 15:30:00 IST,BULL,2026-07-24 09:15:00 IST,505.35,475.03,550.83,565.99,581.15,596.31,2026-08-04 15:30:00 IST,550.83,TARGET_1,1.5,8,89.0,SHAKEOUT_RECLAIM,True,True,True,6.0,True,NONE
JGCHEM,2026-08-05 15:30:00 IST,BULL,2026-08-05 09:15:00 IST,548.25,515.36,597.59,614.03,630.47,646.92,2026-08-09 15:30:00 IST,597.59,TARGET_1,1.5,3,94.0,BULL_FLAG,True,True,True,6.0,True,NONE
JBCHEPHARM,2025-11-10 15:30:00 IST,BULL,2025-11-10 09:15:00 IST,1793.72,1686.1,1955.16,2008.96,2062.77,2116.58,2025-11-10 15:30:00 IST,1686.1,STOP_LOSS,-1.0,1,95.0,DOUBLE_BOTTOM,True,True,True,6.0,True,NONE
JBCHEPHARM,2025-11-20 15:30:00 IST,BEAR,2025-11-20 09:15:00 IST,1171.98,1120.49,1249.22,1274.96,1300.7,1326.45,2025-11-20 15:30:00 IST,1249.22,TARGET_1,1.5,1,92.0,WYCKOFF_SPRING_TYPE_2,True,True,True,4.39,True,NONE
JBCHEPHARM,2025-12-29 15:30:00 IST,BEAR,2025-12-29 09:15:00 IST,1217.79,1174.76,1282.33,1303.85,1325.36,1346.88,2025-12-29 15:30:00 IST,1282.33,TARGET_1,1.5,1,95.0,WYCKOFF_SPRING_TYPE_2,True,True,True,3.53,True,NONE
JBCHEPHARM,2026-01-15 15:30:00 IST,SIDEWAYS,2026-01-15 09:15:00 IST,1222.74,1193.73,1266.25,1280.76,1295.26,1309.77,2026-01-15 15:30:00 IST,1266.25,TARGET_1,1.5,1,90.0,WYCKOFF_SPRING_TYPE_2,True,True,True,2.37,True,NONE
JBCHEPHARM,2026-01-30 15:30:00 IST,BEAR,2026-01-30 09:15:00 IST,1215.85,1186.2,1260.32,1275.15,1289.97,1304.8,2026-02-01 15:30:00 IST,1260.32,TARGET_1,1.5,1,89.0,WYCKOFF_SPRING_TYPE_2,True,True,True,2.44,True,NONE
JBCHEPHARM,2026-03-18 15:30:00 IST,SIDEWAYS,2026-03-18 09:15:00 IST,1259.65,1209.96,1334.19,1359.03,1383.88,1408.72,2026-03-18 15:30:00 IST,1334.19,TARGET_1,1.5,1,95.0,WYCKOFF_SPRING_TYPE_2,True,True,True,3.95,True,NONE
JAYNECOIND,2025-08-25 15:30:00 IST,BULL,2025-08-25 09:15:00 IST,780.49,759.54,811.91,822.39,832.87,843.34,2025-08-28 15:30:00 IST,811.91,TARGET_1,1.5,3,86.0,CUP_HANDLE,True,True,True,2.68,True,NONE
JAYNECOIND,2025-10-14 15:30:00 IST,BULL,2025-10-14 09:15:00 IST,960.19,921.81,1017.77,1036.95,1056.14,1075.33,2025-10-29 15:30:00 IST,1017.77,TARGET_1,1.5,11,95.0,MULTI_MONTH_BASE_BREAKOUT,True,True,True,4.0,True,NONE
JAYNECOIND,2026-06-08 15:30:00 IST,BULL,2026-06-08 09:15:00 IST,1531.71,1494.42,1587.65,1606.29,1624.93,1643.58,2026-06-10 15:30:00 IST,1587.65,TARGET_1,1.5,2,91.0,CUP_HANDLE,True,True,True,2.43,True,NONE
JAYNECOIND,2026-06-24 15:30:00 IST,BULL,2026-06-24 09:15:00 IST,1629.7,1568.05,1722.18,1753.0,1783.83,1814.65,2026-07-22 15:30:00 IST,1684.69,TIMEOUT_20D,0.89,20,95.0,MULTI_MONTH_BASE_BREAKOUT,True,True,True,3.78,True,NONE
JAYNECOIND,2026-08-06 15:30:00 IST,BULL,2026-08-06 09:15:00 IST,1750.05,1699.15,1826.41,1851.85,1877.3,1902.75,2026-08-18 15:30:00 IST,1699.15,STOP_LOSS,-1.0,9,85.0,CUP_HANDLE,True,True,True,2.91,True,NONE
JBMA,2025-03-17 15:30:00 IST,BEAR,2025-03-17 09:15:00 IST,1184.14,1143.34,1245.33,1265.74,1286.14,1306.54,2025-03-27 15:30:00 IST,1245.33,TARGET_1,1.5,8,89.0,WYCKOFF_SPRING_TYPE_2,True,True,True,3.45,True,NONE
JBMA,2025-05-12 15:30:00 IST,BULL,2025-05-12 09:15:00 IST,1300.71,1248.79,1378.59,1404.55,1430.51,1456.47,2025-05-19 15:30:00 IST,1378.59,TARGET_1,1.5,5,88.0,CUP_HANDLE,True,True,True,3.99,True,NONE
JBMA,2025-11-06 15:30:00 IST,BULL,2025-11-06 09:15:00 IST,1485.72,1461.21,1522.48,1534.74,1546.99,1559.25,2025-11-18 15:30:00 IST,1522.48,TARGET_1,1.5,8,90.0,CUP_HANDLE,True,True,True,1.65,True,NONE
JBMA,2026-01-21 15:30:00 IST,BULL,2026-01-21 09:15:00 IST,2090.81,2014.58,2205.15,2243.27,2281.39,2319.5,2026-02-09 15:30:00 IST,2205.15,TARGET_1,1.5,13,89.0,BULL_FLAG,True,True,True,3.65,True,NONE
JBMA,2026-02-09 15:30:00 IST,BULL,2026-02-09 09:15:00 IST,2264.65,2128.77,2468.46,2536.41,2604.35,2672.29,2026-03-03 15:30:00 IST,2468.46,TARGET_1,1.5,16,88.0,HIGHER_LOW_REVERSAL,True,True,True,6.0,True,NONE
JKCEMENT,2026-01-05 15:30:00 IST,SIDEWAYS,2026-01-05 09:15:00 IST,5739.64,5395.26,6256.2,6428.4,6600.59,6772.78,2026-01-26 15:30:00 IST,5395.26,STOP_LOSS,-1.0,15,88.0,WYCKOFF_SPRING_TYPE_2,True,True,True,6.0,True,NONE
JKCEMENT,2026-05-21 15:30:00 IST,BULL,2026-05-21 09:15:00 IST,5525.93,5194.38,6023.26,6189.03,6354.81,6520.58,2026-05-28 15:30:00 IST,5194.38,STOP_LOSS,-1.0,6,89.0,WYCKOFF_SPRING_TYPE_2,True,True,True,6.0,True,NONE
JKCEMENT,2026-06-23 15:30:00 IST,SIDEWAYS,2026-06-23 09:15:00 IST,5498.04,5170.18,5989.82,6153.76,6317.69,6481.62,2026-07-20 15:30:00 IST,5658.0,TIMEOUT_20D,0.49,20,87.0,CUP_HANDLE,True,True,True,5.96,True,NONE
JKCEMENT,2026-07-22 15:30:00 IST,BULL,2026-07-22 09:15:00 IST,5762.0,5577.5,6038.75,6131.0,6223.25,6315.5,2026-07-29 15:30:00 IST,5577.5,STOP_LOSS,-1.0,6,91.0,MULTI_MONTH_BASE_BREAKOUT,True,True,True,3.2,True,NONE
JINDALSAW,2025-04-07 15:30:00 IST,SIDEWAYS,2025-04-07 09:15:00 IST,2007.09,1925.82,2128.98,2169.63,2210.26,2250.9,2025-05-05 15:30:00 IST,1987.9,TIMEOUT_20D,-0.24,20,94.0,WYCKOFF_SPRING_TYPE_2,True,True,True,4.05,True,NONE
JINDALSAW,2025-05-29 15:30:00 IST,SIDEWAYS,2025-05-29 09:15:00 IST,2024.26,1911.9,2192.8,2248.98,2305.16,2361.34,2025-06-26 15:30:00 IST,2096.5,TIMEOUT_20D,0.64,20,85.0,WYCKOFF_SPRING_TYPE_2,True,True,True,5.55,True,NONE
JINDALSAW,2025-07-15 15:30:00 IST,BULL,2025-07-15 09:15:00 IST,2247.31,2168.88,2364.95,2404.17,2443.38,2482.6,2025-08-11 15:30:00 IST,2168.88,STOP_LOSS,-1.0,19,92.0,MULTI_MONTH_BASE_BREAKOUT,True,True,True,3.49,True,NONE
JINDALSAW,2025-07-24 15:30:00 IST,BULL,2025-07-24 09:15:00 IST,2240.72,2188.29,2319.35,2345.58,2371.79,2398.01,2025-07-31 15:30:00 IST,2188.29,STOP_LOSS,-1.0,5,88.0,CUP_HANDLE,True,True,True,2.34,True,NONE
JINDALSAW,2025-10-17 15:30:00 IST,BULL,2025-10-17 09:15:00 IST,2222.37,2183.69,2280.4,2299.73,2319.07,2338.41,2025-10-22 15:30:00 IST,2280.4,TARGET_1,1.5,3,85.0,CUP_HANDLE,True,True,True,1.74,True,NONE
JINDALSAW,2026-01-15 15:30:00 IST,BULL,2026-01-15 09:15:00 IST,2647.28,2572.0,2760.21,2797.84,2835.48,2873.12,2026-01-21 15:30:00 IST,2572.0,STOP_LOSS,-1.0,4,84.0,CUP_HANDLE,True,True,True,2.84,True,NONE
JINDALSAW,2026-08-26 15:30:00 IST,BEAR,2026-08-26 09:15:00 IST,302.45,284.3,329.68,338.75,347.82,356.9,2026-09-03 15:30:00 IST,305.3,TIMEOUT_20D,0.16,7,93.0,SHAKEOUT_RECLAIM,True,True,True,6.0,True,NONE
JKLAKSHMI,2026-01-16 15:30:00 IST,SIDEWAYS,2026-01-16 09:15:00 IST,792.66,755.54,848.34,866.9,885.46,904.02,2026-01-20 15:30:00 IST,755.54,STOP_LOSS,-1.0,3,89.0,DOUBLE_BOTTOM,True,True,True,4.68,True,NONE
JKLAKSHMI,2026-05-13 15:30:00 IST,BULL,2026-05-13 09:15:00 IST,655.87,634.44,688.02,698.73,709.44,720.16,2026-05-17 15:30:00 IST,634.44,STOP_LOSS,-1.0,3,89.0,CUP_HANDLE,True,True,True,3.27,True,NONE
JIOFIN,2025-06-04 15:30:00 IST,BULL,2025-06-04 09:15:00 IST,1209.03,1156.19,1288.29,1314.71,1341.13,1367.55,2025-06-30 15:30:00 IST,1156.19,STOP_LOSS,-1.0,18,90.0,DOUBLE_BOTTOM,True,True,True,4.37,True,NONE
JIOFIN,2025-12-26 15:30:00 IST,BULL,2025-12-26 09:15:00 IST,1305.42,1227.1,1422.91,1462.06,1501.22,1540.38,2026-01-23 15:30:00 IST,1300.31,TIMEOUT_20D,-0.07,20,86.0,V_REVERSAL,True,True,True,6.0,True,NONE
JIOFIN,2026-02-17 15:30:00 IST,BULL,2026-02-17 09:15:00 IST,1300.17,1233.71,1399.87,1433.09,1466.32,1499.55,2026-03-16 15:30:00 IST,1233.71,STOP_LOSS,-1.0,19,86.0,WYCKOFF_SPRING_TYPE_2,True,True,True,5.11,True,NONE
JIOFIN,2026-04-13 15:30:00 IST,SIDEWAYS,2026-04-13 09:15:00 IST,1208.82,1166.07,1272.95,1294.32,1315.69,1337.07,2026-04-28 15:30:00 IST,1166.07,STOP_LOSS,-1.0,11,91.0,WYCKOFF_SPRING_TYPE_2,True,True,True,3.54,True,NONE
JIOFIN,2026-06-18 15:30:00 IST,BULL,2026-06-18 09:15:00 IST,1241.51,1188.62,1320.84,1347.29,1373.74,1400.18,2026-07-01 15:30:00 IST,1188.62,STOP_LOSS,-1.0,9,86.0,DOUBLE_BOTTOM,True,True,True,4.26,True,NONE
JINDALSTEL,2025-03-12 15:30:00 IST,BULL,2025-03-12 09:15:00 IST,1904.13,1789.88,2075.51,2132.63,2189.76,2246.88,2025-03-20 15:30:00 IST,1789.88,STOP_LOSS,-1.0,6,88.0,V_REVERSAL,True,True,True,6.0,True,NONE
JINDALSTEL,2025-09-01 15:30:00 IST,BULL,2025-09-01 09:15:00 IST,1926.06,1853.11,2035.49,2071.96,2108.43,2144.91,2025-09-29 15:30:00 IST,1985.98,TIMEOUT_20D,0.82,20,84.0,BULL_FLAG,True,True,True,3.79,True,NONE
JINDALSTEL,2025-11-04 15:30:00 IST,SIDEWAYS,2025-11-04 09:15:00 IST,1944.86,1828.17,2119.9,2178.24,2236.58,2294.93,2025-12-02 15:30:00 IST,2061.7,TIMEOUT_20D,1.0,20,88.0,WYCKOFF_SPRING_TYPE_2,True,True,True,6.0,True,NONE
JINDALSTEL,2025-11-17 15:30:00 IST,BULL,2025-11-17 09:15:00 IST,1985.64,1946.65,2044.13,2063.62,2083.12,2102.61,2025-11-19 15:30:00 IST,2044.13,TARGET_1,1.5,2,91.0,BULL_FLAG,True,True,True,1.96,True,NONE
JINDALSTEL,2025-12-19 15:30:00 IST,BULL,2025-12-19 09:15:00 IST,2163.85,2074.6,2297.73,2342.35,2386.97,2431.6,2026-01-16 15:30:00 IST,2166.49,TIMEOUT_20D,0.03,20,88.0,MULTI_MONTH_BASE_BREAKOUT,True,True,True,4.12,True,NONE
JINDALSTEL,2026-03-20 15:30:00 IST,BULL,2026-03-20 09:15:00 IST,2576.88,2521.04,2660.64,2688.56,2716.48,2744.4,2026-03-23 15:30:00 IST,2521.04,STOP_LOSS,-1.0,1,88.0,CUP_HANDLE,True,True,True,2.17,True,NONE
JKTYRE,2025-10-20 15:30:00 IST,BULL,2025-10-20 09:15:00 IST,418.45,393.34,456.12,468.67,481.23,493.78,2025-11-03 15:30:00 IST,456.12,TARGET_1,1.5,10,95.0,MULTI_MONTH_BASE_BREAKOUT,True,True,True,6.0,True,NONE
JKTYRE,2026-02-11 15:30:00 IST,BULL,2026-02-11 09:15:00 IST,604.9,568.61,659.34,677.48,695.62,713.77,2026-02-16 15:30:00 IST,568.61,STOP_LOSS,-1.0,4,85.0,V_REVERSAL,True,True,True,6.0,True,NONE
JKTYRE,2026-05-25 15:30:00 IST,SIDEWAYS,2026-05-25 09:15:00 IST,386.45,363.26,421.24,432.83,444.42,456.02,2026-05-26 15:30:00 IST,421.24,TARGET_1,1.5,2,89.0,BULL_PENNANT,True,True,True,6.0,True,NONE
JKTYRE,2026-07-02 15:30:00 IST,BULL,2026-07-02 09:15:00 IST,416.5,391.51,453.99,466.48,478.98,491.47,2026-07-21 15:30:00 IST,391.51,STOP_LOSS,-1.0,14,93.0,WYCKOFF_SPRING_TYPE_2,True,True,True,6.0,True,NONE
JMFINANCIL,2025-12-30 15:30:00 IST,SIDEWAYS,2025-12-30 09:15:00 IST,146.02,137.26,159.15,163.54,167.92,172.3,2026-01-08 15:30:00 IST,137.26,STOP_LOSS,-1.0,8,92.0,WYCKOFF_SPRING_TYPE_2,True,True,True,6.0,True,NONE
JMFINANCIL,2026-02-09 15:30:00 IST,BEAR,2026-02-09 09:15:00 IST,128.7,120.98,140.29,144.14,148.0,151.86,2026-02-17 15:30:00 IST,140.29,TARGET_1,1.5,7,87.0,SHAKEOUT_RECLAIM,True,True,True,6.0,True,NONE
JMFINANCIL,2026-03-18 15:30:00 IST,SIDEWAYS,2026-03-18 09:15:00 IST,125.46,117.94,136.75,140.5,144.26,148.02,2026-03-22 15:30:00 IST,117.94,STOP_LOSS,-1.0,3,91.0,WYCKOFF_SPRING_TYPE_2,True,True,True,6.0,True,NONE
JMFINANCIL,2026-04-23 15:30:00 IST,BULL,2026-04-23 09:15:00 IST,137.0,128.78,149.32,153.44,157.55,161.66,2026-05-17 15:30:00 IST,128.78,STOP_LOSS,-1.0,17,89.0,WYCKOFF_SPRING_TYPE_2,True,True,True,6.0,True,NONE
JMFINANCIL,2026-06-02 15:30:00 IST,BEAR,2026-06-02 09:15:00 IST,127.21,119.57,138.66,142.49,146.31,150.13,2026-06-03 15:30:00 IST,119.57,STOP_LOSS,-1.0,2,93.0,SHAKEOUT_RECLAIM,True,True,True,6.0,True,NONE
JMFINANCIL,2026-07-01 15:30:00 IST,SIDEWAYS,2026-07-01 09:15:00 IST,128.97,121.23,140.58,144.45,148.32,152.19,2026-07-23 15:30:00 IST,121.23,STOP_LOSS,-1.0,17,93.0,SHAKEOUT_RECLAIM,True,True,True,6.0,True,NONE
JKPAPER,2025-03-12 15:30:00 IST,SIDEWAYS,2025-03-12 09:15:00 IST,1419.6,1381.39,1476.91,1496.02,1515.12,1534.23,2025-03-18 15:30:00 IST,1476.91,TARGET_1,1.5,4,87.0,WYCKOFF_SPRING_TYPE_2,True,True,True,2.69,True,NONE
JKPAPER,2025-03-27 15:30:00 IST,BULL,2025-03-27 09:15:00 IST,1522.66,1469.53,1602.35,1628.92,1655.49,1682.05,2025-04-02 15:30:00 IST,1469.53,STOP_LOSS,-1.0,4,86.0,BULL_FLAG,True,True,True,3.49,True,NONE
JKPAPER,2025-06-19 15:30:00 IST,BULL,2025-06-19 09:15:00 IST,1611.06,1553.44,1697.5,1726.3,1755.11,1783.92,2025-07-03 15:30:00 IST,1697.5,TARGET_1,1.5,10,84.0,MULTI_MONTH_BASE_BREAKOUT,True,True,True,3.58,True,NONE
JKPAPER,2025-07-01 15:30:00 IST,BULL,2025-07-01 09:15:00 IST,1675.52,1574.99,1826.32,1876.58,1926.84,1977.11,2025-07-29 15:30:00 IST,1669.86,TIMEOUT_20D,-0.06,20,81.0,V_REVERSAL,True,True,True,6.0,True,NONE
JKPAPER,2025-11-10 15:30:00 IST,BULL,2025-11-10 09:15:00 IST,1693.42,1659.12,1744.88,1762.02,1779.17,1796.32,2025-11-26 15:30:00 IST,1744.88,TARGET_1,1.5,12,93.0,CUP_HANDLE,True,True,True,2.03,True,NONE
JKPAPER,2026-04-20 15:30:00 IST,BULL,2026-04-20 09:15:00 IST,1914.21,1815.41,2062.42,2111.81,2161.21,2210.61,2026-05-18 15:30:00 IST,1969.15,TIMEOUT_20D,0.56,20,90.0,WYCKOFF_SPRING_TYPE_2,True,True,True,5.16,True,NONE
JKPAPER,2026-05-05 15:30:00 IST,BULL,2026-05-05 09:15:00 IST,1964.6,1846.72,2141.42,2200.36,2259.3,2318.24,2026-06-02 15:30:00 IST,1944.66,TIMEOUT_20D,-0.17,20,85.0,V_REVERSAL,True,True,True,6.0,True,NONE
JKPAPER,2026-08-20 15:30:00 IST,SIDEWAYS,2026-08-20 09:15:00 IST,1902.78,1788.61,2074.03,2131.12,2188.2,2245.29,2026-08-20 15:30:00 IST,1788.61,STOP_LOSS,-1.0,1,93.0,V_REVERSAL,True,True,True,6.0,True,NONE
JLHL,2025-05-19 15:30:00 IST,BULL,2025-05-19 09:15:00 IST,1583.63,1527.44,1667.91,1696.01,1724.11,1752.2,2025-06-05 15:30:00 IST,1667.91,TARGET_1,1.5,13,94.0,MULTI_MONTH_BASE_BREAKOUT,True,True,True,3.55,True,NONE
JLHL,2025-07-29 15:30:00 IST,BULL,2025-07-29 09:15:00 IST,1723.35,1667.99,1806.39,1834.07,1861.75,1889.43,2025-08-13 15:30:00 IST,1667.99,STOP_LOSS,-1.0,11,88.0,BULL_FLAG,True,True,True,3.21,True,NONE
JSL,2025-12-30 15:30:00 IST,BULL,2025-12-30 09:15:00 IST,834.97,800.23,887.07,904.45,921.82,939.19,2026-01-07 15:30:00 IST,800.23,STOP_LOSS,-1.0,7,92.0,MULTI_MONTH_BASE_BREAKOUT,True,True,True,4.16,True,NONE
JSL,2026-02-23 15:30:00 IST,SIDEWAYS,2026-02-23 09:15:00 IST,795.2,747.49,866.77,890.62,914.48,938.33,2026-03-01 15:30:00 IST,747.49,STOP_LOSS,-1.0,5,92.0,V_REVERSAL,True,True,True,6.0,True,NONE
JSL,2026-03-02 15:30:00 IST,BEAR,2026-03-02 09:15:00 IST,783.35,736.35,853.85,877.35,900.85,924.35,2026-03-08 15:30:00 IST,736.35,STOP_LOSS,-1.0,4,91.0,V_REVERSAL,True,True,True,6.0,True,NONE
JSL,2026-05-14 15:30:00 IST,SIDEWAYS,2026-05-14 09:15:00 IST,748.7,718.84,793.49,808.42,823.35,838.28,2026-05-28 15:30:00 IST,718.84,STOP_LOSS,-1.0,11,87.0,SHAKEOUT_RECLAIM,True,True,True,3.99,True,NONE
JPPOWER,2025-02-26 15:30:00 IST,BULL,2025-02-26 09:15:00 IST,1619.49,1570.55,1692.9,1717.37,1741.84,1766.31,2025-03-26 15:30:00 IST,1606.35,TIMEOUT_20D,-0.27,20,87.0,CUP_HANDLE,True,True,True,3.02,True,NONE
JPPOWER,2025-04-16 15:30:00 IST,BEAR,2025-04-16 09:15:00 IST,1549.91,1495.84,1631.01,1658.05,1685.09,1712.12,2025-05-02 15:30:00 IST,1631.01,TARGET_1,1.5,12,89.0,DOUBLE_BOTTOM,True,True,True,3.49,True,NONE
JPPOWER,2025-07-23 15:30:00 IST,BEAR,2025-07-23 09:15:00 IST,1721.75,1651.8,1826.67,1861.65,1896.62,1931.6,2025-08-08 15:30:00 IST,1826.67,TARGET_1,1.5,12,83.0,HIGHER_LOW_REVERSAL,True,True,True,4.06,True,NONE
JPPOWER,2026-01-26 15:30:00 IST,SIDEWAYS,2026-01-26 09:15:00 IST,2124.22,2070.82,2204.31,2231.02,2257.72,2284.42,2026-02-02 15:30:00 IST,2204.31,TARGET_1,1.5,5,84.0,WYCKOFF_SPRING_TYPE_2,True,True,True,2.51,True,NONE
JPPOWER,2026-02-05 15:30:00 IST,BULL,2026-02-05 09:15:00 IST,2276.94,2190.35,2406.83,2450.12,2493.42,2536.71,2026-02-11 15:30:00 IST,2406.83,TARGET_1,1.5,4,92.0,MULTI_MONTH_BASE_BREAKOUT,True,True,True,3.8,True,NONE
JPPOWER,2026-04-27 15:30:00 IST,SIDEWAYS,2026-04-27 09:15:00 IST,2074.99,1973.63,2227.03,2277.71,2328.39,2379.07,2026-05-25 15:30:00 IST,2061.42,TIMEOUT_20D,-0.13,20,88.0,V_REVERSAL,True,True,True,4.88,True,NONE
JPPOWER,2026-05-25 15:30:00 IST,SIDEWAYS,2026-05-25 09:15:00 IST,2061.42,2007.62,2142.11,2169.02,2195.92,2222.82,2026-06-05 15:30:00 IST,2142.11,TARGET_1,1.5,9,86.0,V_REVERSAL,True,True,True,2.61,True,NONE
JPPOWER,2026-06-02 15:30:00 IST,BULL,2026-06-02 09:15:00 IST,2103.58,1997.61,2262.53,2315.52,2368.51,2421.49,2026-06-09 15:30:00 IST,2262.53,TARGET_1,1.5,5,91.0,DOUBLE_BOTTOM,True,True,True,5.04,True,NONE
JPPOWER,2026-06-09 15:30:00 IST,BULL,2026-06-09 09:15:00 IST,2264.23,2163.24,2415.72,2466.21,2516.71,2567.2,2026-06-22 15:30:00 IST,2415.72,TARGET_1,1.5,9,89.0,MULTI_MONTH_BASE_BREAKOUT,True,True,True,4.46,True,NONE
JPPOWER,2026-07-29 15:30:00 IST,SIDEWAYS,2026-07-29 09:15:00 IST,2380.33,2325.5,2462.57,2489.99,2517.4,2544.82,2026-08-04 15:30:00 IST,2325.5,STOP_LOSS,-1.0,4,85.0,CUP_HANDLE,True,True,True,2.3,True,NONE
JSFB,2025-04-17 15:30:00 IST,BULL,2025-04-17 09:15:00 IST,1408.98,1356.51,1487.68,1513.92,1540.16,1566.39,2025-05-15 15:30:00 IST,1374.79,TIMEOUT_20D,-0.65,20,93.0,MULTI_MONTH_BASE_BREAKOUT,True,True,True,3.72,True,NONE
JSFB,2025-05-02 15:30:00 IST,BULL,2025-05-02 09:15:00 IST,1426.51,1383.4,1491.16,1512.73,1534.28,1555.84,2025-05-14 15:30:00 IST,1383.4,STOP_LOSS,-1.0,8,85.0,CUP_HANDLE,True,True,True,3.02,True,NONE
JSFB,2025-07-25 15:30:00 IST,BULL,2025-07-25 09:15:00 IST,1357.36,1326.23,1404.05,1419.62,1435.18,1450.75,2025-07-30 15:30:00 IST,1326.23,STOP_LOSS,-1.0,3,89.0,CUP_HANDLE,True,True,True,2.29,True,NONE
JSFB,2025-08-19 15:30:00 IST,SIDEWAYS,2025-08-19 09:15:00 IST,1332.95,1259.66,1442.88,1479.53,1516.17,1552.82,2025-09-16 15:30:00 IST,1396.24,TIMEOUT_20D,0.86,20,91.0,DOUBLE_BOTTOM,True,True,True,5.5,True,NONE
JSFB,2025-08-25 15:30:00 IST,SIDEWAYS,2025-08-25 09:15:00 IST,1339.78,1259.39,1460.37,1500.56,1540.75,1580.95,2025-09-19 15:30:00 IST,1460.37,TARGET_1,1.5,19,87.0,WYCKOFF_SPRING_TYPE_2,True,True,True,6.0,True,NONE
JSFB,2025-09-08 15:30:00 IST,BULL,2025-09-08 09:15:00 IST,1362.86,1320.46,1426.46,1447.66,1468.86,1490.06,2025-09-18 15:30:00 IST,1426.46,TARGET_1,1.5,8,88.0,CUP_HANDLE,True,True,True,3.11,True,NONE
JSFB,2025-09-29 15:30:00 IST,BULL,2025-09-29 09:15:00 IST,1403.21,1370.23,1452.69,1469.17,1485.66,1502.15,2025-10-01 15:30:00 IST,1452.69,TARGET_1,1.5,2,89.0,CUP_HANDLE,True,True,True,2.35,True,NONE
JSFB,2025-10-29 15:30:00 IST,BULL,2025-10-29 09:15:00 IST,1414.85,1388.69,1454.1,1467.17,1480.25,1493.33,2025-10-30 15:30:00 IST,1388.69,STOP_LOSS,-1.0,1,86.0,CUP_HANDLE,True,True,True,1.85,True,NONE
JSFB,2026-03-23 15:30:00 IST,BEAR,2026-03-23 09:15:00 IST,1291.89,1255.3,1346.78,1365.07,1383.37,1401.66,2026-03-24 15:30:00 IST,1255.3,STOP_LOSS,-1.0,1,85.0,WYCKOFF_SPRING_TYPE_2,True,True,True,2.83,True,NONE
JSFB,2026-06-19 15:30:00 IST,BULL,2026-06-19 09:15:00 IST,1398.55,1327.09,1505.73,1541.47,1577.2,1612.93,2026-07-03 15:30:00 IST,1505.73,TARGET_1,1.5,10,88.0,WYCKOFF_SPRING_TYPE_2,True,True,True,5.11,True,NONE
JSFB,2026-08-14 15:30:00 IST,BULL,2026-08-14 09:15:00 IST,1584.38,1534.5,1659.2,1684.14,1709.08,1734.02,2026-08-18 15:30:00 IST,1534.5,STOP_LOSS,-1.0,3,86.0,CUP_HANDLE,True,True,True,3.15,True,NONE
JSLL,2025-11-25 15:30:00 IST,BEAR,2025-11-25 09:15:00 IST,728.0,684.32,793.52,815.36,837.2,859.04,2025-12-04 15:30:00 IST,684.32,STOP_LOSS,-1.0,8,86.0,SHAKEOUT_RECLAIM,True,True,True,6.0,True,NONE
JSLL,2025-12-11 15:30:00 IST,BEAR,2025-12-11 09:15:00 IST,689.65,657.94,737.22,753.07,768.92,784.78,2025-12-14 15:30:00 IST,737.22,TARGET_1,1.5,2,83.0,SHAKEOUT_RECLAIM,True,True,True,4.6,True,NONE
JSLL,2026-01-21 15:30:00 IST,BEAR,2026-01-21 09:15:00 IST,697.15,655.32,759.9,780.81,801.72,822.64,2026-01-27 15:30:00 IST,655.32,STOP_LOSS,-1.0,4,86.0,WYCKOFF_SPRING_TYPE_2,True,True,True,6.0,True,NONE
JSLL,2026-04-01 15:30:00 IST,BEAR,2026-04-01 09:15:00 IST,588.75,553.42,641.75,659.41,677.08,694.74,2026-04-07 15:30:00 IST,641.75,TARGET_1,1.5,4,83.0,SHAKEOUT_RECLAIM,True,True,True,6.0,True,NONE
JSLL,2026-05-05 15:30:00 IST,BULL,2026-05-05 09:15:00 IST,719.2,676.05,783.93,805.5,827.08,848.65,2026-05-10 15:30:00 IST,783.93,TARGET_1,1.5,4,92.0,BULL_FLAG,True,True,True,6.0,True,NONE
JSLL,2026-06-02 15:30:00 IST,BEAR,2026-06-02 09:15:00 IST,590.6,555.16,643.76,661.48,679.2,696.92,2026-06-02 15:30:00 IST,643.76,TARGET_1,1.5,1,93.0,SHAKEOUT_RECLAIM,True,True,True,6.0,True,NONE
JSLL,2026-08-06 15:30:00 IST,SIDEWAYS,2026-08-06 09:15:00 IST,604.25,575.9,646.78,660.95,675.12,689.3,2026-08-09 15:30:00 IST,575.9,STOP_LOSS,-1.0,2,92.0,DOUBLE_BOTTOM,True,True,True,4.69,True,NONE
JSWINFRA,2026-03-05 15:30:00 IST,SIDEWAYS,2026-03-05 09:15:00 IST,260.66,245.02,284.13,291.94,299.76,307.58,2026-03-22 15:30:00 IST,245.02,STOP_LOSS,-1.0,12,82.0,V_REVERSAL,True,True,True,6.0,True,NONE
JSWINFRA,2026-03-24 15:30:00 IST,BEAR,2026-03-24 09:15:00 IST,251.69,238.08,272.11,278.91,285.71,292.52,2026-04-01 15:30:00 IST,238.08,STOP_LOSS,-1.0,5,87.0,SHAKEOUT_RECLAIM,True,True,True,5.41,True,NONE
JSWINFRA,2026-05-07 15:30:00 IST,BULL,2026-05-07 09:15:00 IST,280.35,267.84,299.13,305.37,311.63,317.88,2026-05-11 15:30:00 IST,267.84,STOP_LOSS,-1.0,3,91.0,CUP_HANDLE,True,True,True,4.46,True,NONE
JSWINFRA,2026-06-12 15:30:00 IST,BULL,2026-06-12 09:15:00 IST,290.12,272.72,316.23,324.92,333.62,342.32,2026-06-22 15:30:00 IST,316.23,TARGET_1,1.5,7,90.0,HIGHER_LOW_REVERSAL,True,True,True,6.0,True,NONE
JSWINFRA,2026-06-18 15:30:00 IST,BULL,2026-06-18 09:15:00 IST,307.95,291.38,332.81,341.09,349.38,357.66,2026-06-23 15:30:00 IST,332.81,TARGET_1,1.5,4,95.0,MULTI_MONTH_BASE_BREAKOUT,True,True,True,5.38,True,NONE
JSWINFRA,2026-06-24 15:30:00 IST,BULL,2026-06-24 09:15:00 IST,338.4,318.1,368.85,379.0,389.15,399.3,2026-07-07 15:30:00 IST,318.1,STOP_LOSS,-1.0,10,93.0,MULTI_MONTH_BASE_BREAKOUT,True,True,True,6.0,True,NONE
JSWINFRA,2026-07-13 15:30:00 IST,BULL,2026-07-13 09:15:00 IST,351.2,330.13,382.81,393.34,403.88,414.41,2026-07-21 15:30:00 IST,330.13,STOP_LOSS,-1.0,7,93.0,BULL_FLAG,True,True,True,6.0,True,NONE
JSWINFRA,2026-07-30 15:30:00 IST,SIDEWAYS,2026-07-30 09:15:00 IST,319.05,308.55,334.8,340.05,345.3,350.55,2026-08-03 15:30:00 IST,334.8,TARGET_1,1.5,3,88.0,SHAKEOUT_RECLAIM,True,True,True,3.29,True,NONE
JSWINFRA,2026-08-10 15:30:00 IST,BULL,2026-08-10 09:15:00 IST,342.0,321.48,372.78,383.04,393.3,403.56,2026-09-03 15:30:00 IST,333.0,TIMEOUT_20D,-0.44,19,86.0,WYCKOFF_SPRING_TYPE_2,True,True,True,6.0,True,NONE
JSWCEMENT,2025-04-29 15:30:00 IST,SIDEWAYS,2025-04-29 09:15:00 IST,1276.67,1231.46,1344.48,1367.09,1389.7,1412.3,2025-05-01 15:30:00 IST,1231.46,STOP_LOSS,-1.0,2,88.0,WYCKOFF_SPRING_TYPE_2,True,True,True,3.54,True,NONE
JSWCEMENT,2025-06-10 15:30:00 IST,BULL,2025-06-10 09:15:00 IST,1322.85,1290.4,1371.52,1387.75,1403.97,1420.2,2025-06-11 15:30:00 IST,1290.4,STOP_LOSS,-1.0,1,88.0,CUP_HANDLE,True,True,True,2.45,True,NONE
JSWCEMENT,2025-07-28 15:30:00 IST,BULL,2025-07-28 09:15:00 IST,1362.2,1280.47,1484.79,1525.66,1566.53,1607.39,2025-08-25 15:30:00 IST,1401.57,TIMEOUT_20D,0.48,20,82.0,V_REVERSAL,True,True,True,6.0,True,NONE
JSWCEMENT,2025-12-04 15:30:00 IST,BULL,2025-12-04 09:15:00 IST,1915.56,1851.54,2011.58,2043.6,2075.61,2107.62,2025-12-09 15:30:00 IST,1851.54,STOP_LOSS,-1.0,3,94.0,MULTI_MONTH_BASE_BREAKOUT,True,True,True,3.34,True,NONE
JSWCEMENT,2026-03-11 15:30:00 IST,BULL,2026-03-11 09:15:00 IST,2162.2,2089.84,2270.75,2306.92,2343.1,2379.28,2026-03-24 15:30:00 IST,2089.84,STOP_LOSS,-1.0,9,84.0,CUP_HANDLE,True,True,True,3.35,True,NONE
JSWCEMENT,2026-03-30 15:30:00 IST,SIDEWAYS,2026-03-30 09:15:00 IST,2131.96,2074.22,2218.56,2247.44,2276.31,2305.18,2026-04-06 15:30:00 IST,2074.22,STOP_LOSS,-1.0,5,80.0,CUP_HANDLE,True,True,True,2.71,True,NONE
JSWCEMENT,2026-05-18 15:30:00 IST,SIDEWAYS,2026-05-18 09:15:00 IST,2079.37,1954.6,2266.52,2328.91,2391.3,2453.68,2026-06-15 15:30:00 IST,1964.41,TIMEOUT_20D,-0.92,20,87.0,V_REVERSAL,True,True,True,6.0,True,NONE
JSWCEMENT,2026-07-27 15:30:00 IST,SIDEWAYS,2026-07-27 09:15:00 IST,1942.02,1864.16,2058.8,2097.74,2136.67,2175.6,2026-08-18 15:30:00 IST,1864.16,STOP_LOSS,-1.0,17,86.0,V_REVERSAL,True,True,True,4.01,True,NONE
JSWENERGY,2025-04-08 15:30:00 IST,SIDEWAYS,2025-04-08 09:15:00 IST,797.99,764.57,848.12,864.83,881.54,898.25,2025-05-06 15:30:00 IST,797.59,TIMEOUT_20D,-0.01,20,89.0,WYCKOFF_SPRING_TYPE_2,True,True,True,4.19,True,NONE
JSWENERGY,2025-04-14 15:30:00 IST,SIDEWAYS,2025-04-14 09:15:00 IST,801.37,764.57,856.56,874.97,893.37,911.77,2025-05-12 15:30:00 IST,770.78,TIMEOUT_20D,-0.83,20,91.0,WYCKOFF_SPRING_TYPE_2,True,True,True,4.59,True,NONE
JSWENERGY,2025-06-02 15:30:00 IST,BEAR,2025-06-02 09:15:00 IST,775.94,761.72,797.26,804.38,811.49,818.6,2025-06-10 15:30:00 IST,797.26,TARGET_1,1.5,6,90.0,WYCKOFF_SPRING_TYPE_2,True,True,True,1.83,True,NONE
JSWENERGY,2025-09-08 15:30:00 IST,BULL,2025-09-08 09:15:00 IST,930.38,874.93,1013.55,1041.28,1069.01,1096.73,2025-10-06 15:30:00 IST,995.65,TIMEOUT_20D,1.18,20,87.0,V_REVERSAL,True,True,True,5.96,True,NONE
JSWENERGY,2025-12-16 15:30:00 IST,BEAR,2025-12-16 09:15:00 IST,964.33,936.11,1006.66,1020.77,1034.88,1048.99,2025-12-18 15:30:00 IST,936.11,STOP_LOSS,-1.0,2,88.0,V_REVERSAL,True,True,True,2.93,True,NONE
JSWENERGY,2026-02-11 15:30:00 IST,BULL,2026-02-11 09:15:00 IST,949.24,892.29,1034.66,1063.14,1091.62,1120.09,2026-03-11 15:30:00 IST,930.69,TIMEOUT_20D,-0.33,20,92.0,WYCKOFF_SPRING_TYPE_2,True,True,True,6.0,True,NONE
JSWENERGY,2026-03-09 15:30:00 IST,BEAR,2026-03-09 09:15:00 IST,917.25,890.29,957.69,971.17,984.65,998.13,2026-03-20 15:30:00 IST,957.69,TARGET_1,1.5,9,89.0,V_REVERSAL,True,True,True,2.94,True,NONE
JSWENERGY,2026-03-25 15:30:00 IST,BULL,2026-03-25 09:15:00 IST,945.23,932.56,964.23,970.57,976.91,983.24,2026-04-03 15:30:00 IST,932.56,STOP_LOSS,-1.0,7,93.0,CUP_HANDLE,True,True,True,1.34,True,NONE
JSWDULUX,2025-03-20 15:30:00 IST,SIDEWAYS,2025-03-20 09:15:00 IST,1185.4,1135.5,1260.24,1285.2,1310.15,1335.1,2025-04-17 15:30:00 IST,1214.36,TIMEOUT_20D,0.58,20,94.0,WYCKOFF_SPRING_TYPE_2,True,True,True,4.21,True,NONE
JSWDULUX,2025-03-28 15:30:00 IST,BULL,2025-03-28 09:15:00 IST,1222.48,1149.13,1332.5,1369.18,1405.85,1442.53,2025-04-25 15:30:00 IST,1228.1,TIMEOUT_20D,0.08,20,82.0,V_REVERSAL,True,True,True,6.0,True,NONE
JSWDULUX,2025-09-04 15:30:00 IST,SIDEWAYS,2025-09-04 09:15:00 IST,1137.3,1097.56,1196.91,1216.78,1236.65,1256.52,2025-10-02 15:30:00 IST,1160.26,TIMEOUT_20D,0.58,20,86.0,V_REVERSAL,True,True,True,3.49,True,NONE
JSWDULUX,2025-09-19 15:30:00 IST,BULL,2025-09-19 09:15:00 IST,1191.87,1165.54,1231.36,1244.53,1257.69,1270.86,2025-09-23 15:30:00 IST,1165.54,STOP_LOSS,-1.0,2,86.0,CUP_HANDLE,True,True,True,2.21,True,NONE
JSWDULUX,2026-01-07 15:30:00 IST,SIDEWAYS,2026-01-07 09:15:00 IST,1357.44,1327.98,1401.63,1416.36,1431.09,1445.82,2026-01-16 15:30:00 IST,1327.98,STOP_LOSS,-1.0,7,93.0,WYCKOFF_SPRING_TYPE_2,True,True,True,2.17,True,NONE
JSWDULUX,2026-02-23 15:30:00 IST,BEAR,2026-02-23 09:15:00 IST,1252.02,1219.1,1301.4,1317.86,1334.32,1350.78,2026-03-09 15:30:00 IST,1301.4,TARGET_1,1.5,10,92.0,WYCKOFF_SPRING_TYPE_2,True,True,True,2.63,True,NONE
JSWDULUX,2026-04-21 15:30:00 IST,BEAR,2026-04-21 09:15:00 IST,1272.23,1225.55,1342.24,1365.59,1388.93,1412.27,2026-04-27 15:30:00 IST,1225.55,STOP_LOSS,-1.0,4,92.0,WYCKOFF_SPRING_TYPE_2,True,True,True,3.67,True,NONE
JSWDULUX,2026-05-25 15:30:00 IST,SIDEWAYS,2026-05-25 09:15:00 IST,1249.41,1176.06,1359.44,1396.11,1432.79,1469.46,2026-06-22 15:30:00 IST,1247.87,TIMEOUT_20D,-0.02,20,84.0,V_REVERSAL,True,True,True,5.87,True,NONE
JSWDULUX,2026-07-22 15:30:00 IST,BEAR,2026-07-22 09:15:00 IST,1191.98,1167.84,1228.18,1240.26,1252.33,1264.4,2026-07-23 15:30:00 IST,1228.18,TARGET_1,1.5,1,88.0,WYCKOFF_SPRING_TYPE_2,True,True,True,2.02,True,NONE
JUBLFOOD,2025-10-29 15:30:00 IST,SIDEWAYS,2025-10-29 09:15:00 IST,611.31,576.95,662.85,680.03,697.21,714.39,2025-11-06 15:30:00 IST,576.95,STOP_LOSS,-1.0,6,90.0,WYCKOFF_SPRING_TYPE_2,True,True,True,5.62,True,NONE
JUBLFOOD,2026-01-30 15:30:00 IST,BEAR,2026-01-30 09:15:00 IST,495.64,477.34,523.09,532.24,541.39,550.54,2026-02-04 15:30:00 IST,523.09,TARGET_1,1.5,4,86.0,SHAKEOUT_RECLAIM,True,True,True,3.69,True,NONE
JUBLFOOD,2026-02-05 15:30:00 IST,SIDEWAYS,2026-02-05 09:15:00 IST,543.55,510.94,592.48,608.77,625.07,641.38,2026-02-24 15:30:00 IST,510.94,STOP_LOSS,-1.0,14,89.0,V_REVERSAL,True,True,True,6.0,True,NONE
JUBLFOOD,2026-06-02 15:30:00 IST,BEAR,2026-06-02 09:15:00 IST,429.48,410.07,458.59,468.3,478.01,487.71,2026-06-11 15:30:00 IST,410.07,STOP_LOSS,-1.0,8,90.0,SHAKEOUT_RECLAIM,True,True,True,4.52,True,NONE
JUBLFOOD,2026-07-07 15:30:00 IST,SIDEWAYS,2026-07-07 09:15:00 IST,453.66,426.44,494.49,508.1,521.71,535.32,2026-07-07 15:30:00 IST,426.44,STOP_LOSS,-1.0,1,93.0,DOUBLE_BOTTOM,True,True,True,6.0,True,NONE
JUBLFOOD,2026-08-03 15:30:00 IST,BULL,2026-08-03 09:15:00 IST,470.0,441.8,512.3,526.4,540.5,554.6,2026-08-13 15:30:00 IST,512.3,TARGET_1,1.5,9,93.0,SHAKEOUT_RECLAIM,True,True,True,6.0,True,NONE
JUBLFOOD,2026-08-07 15:30:00 IST,BULL,2026-08-07 09:15:00 IST,486.5,457.31,530.28,544.88,559.48,574.07,2026-09-03 15:30:00 IST,481.65,TIMEOUT_20D,-0.17,20,89.0,WYCKOFF_SPRING_TYPE_2,True,True,True,6.0,True,NONE
JSWSTEEL,2025-02-07 15:30:00 IST,SIDEWAYS,2025-02-07 09:15:00 IST,972.53,914.18,1060.05,1089.23,1118.4,1147.58,2025-03-09 15:30:00 IST,1005.01,TIMEOUT_20D,0.56,20,88.0,HIGHER_LOW_REVERSAL,True,True,True,6.0,True,NONE
JSWSTEEL,2025-03-20 15:30:00 IST,BULL,2025-03-20 09:15:00 IST,1041.45,986.81,1123.4,1150.73,1178.05,1205.37,2025-04-06 15:30:00 IST,986.81,STOP_LOSS,-1.0,11,84.0,BULL_FLAG,True,True,True,5.25,True,NONE
JSWSTEEL,2025-05-26 15:30:00 IST,SIDEWAYS,2025-05-26 09:15:00 IST,1023.65,974.72,1097.04,1121.51,1145.97,1170.44,2025-06-01 15:30:00 IST,974.72,STOP_LOSS,-1.0,5,92.0,CUP_HANDLE,True,True,True,4.78,True,NONE
JSWSTEEL,2025-07-02 15:30:00 IST,BULL,2025-07-02 09:15:00 IST,1051.02,1000.97,1126.09,1151.12,1176.14,1201.17,2025-07-29 15:30:00 IST,1031.97,TIMEOUT_20D,-0.38,20,87.0,CUP_HANDLE,True,True,True,4.76,True,NONE
JSWSTEEL,2025-08-18 15:30:00 IST,BULL,2025-08-18 09:15:00 IST,1073.63,1036.7,1129.03,1147.49,1165.96,1184.42,2025-08-27 15:30:00 IST,1036.7,STOP_LOSS,-1.0,7,93.0,MULTI_MONTH_BASE_BREAKOUT,True,True,True,3.44,True,NONE
JSWSTEEL,2025-10-28 15:30:00 IST,BULL,2025-10-28 09:15:00 IST,1177.44,1136.91,1238.23,1258.5,1278.76,1299.03,2025-11-20 15:30:00 IST,1136.91,STOP_LOSS,-1.0,17,98.0,MULTI_MONTH_BASE_BREAKOUT,True,True,True,3.44,True,NONE
JSWSTEEL,2026-01-27 15:30:00 IST,BULL,2026-01-27 09:15:00 IST,1215.02,1159.18,1298.78,1326.7,1354.62,1382.54,2026-02-23 15:30:00 IST,1247.34,TIMEOUT_20D,0.58,20,91.0,MULTI_MONTH_BASE_BREAKOUT,True,True,True,4.6,True,NONE
JSWSTEEL,2026-04-07 15:30:00 IST,BEAR,2026-04-07 09:15:00 IST,1145.32,1090.72,1227.22,1254.52,1281.82,1309.12,2026-04-15 15:30:00 IST,1227.22,TARGET_1,1.5,6,80.0,V_REVERSAL,True,True,True,4.77,True,NONE
JSWSTEEL,2026-07-17 15:30:00 IST,BEAR,2026-07-17 09:15:00 IST,1237.3,1197.77,1296.6,1316.36,1336.12,1355.89,2026-07-29 15:30:00 IST,1296.6,TARGET_1,1.5,9,88.0,WYCKOFF_SPRING_TYPE_2,True,True,True,3.19,True,NONE
JUBLINGREA,2025-12-19 15:30:00 IST,BULL,2025-12-19 09:15:00 IST,704.85,663.29,767.19,787.97,808.75,829.53,2026-01-04 15:30:00 IST,767.19,TARGET_1,1.5,10,90.0,CUP_HANDLE,True,True,True,5.9,True,NONE
JUBLINGREA,2026-02-09 15:30:00 IST,SIDEWAYS,2026-02-09 09:15:00 IST,658.63,619.11,717.92,737.67,757.43,777.19,2026-02-17 15:30:00 IST,619.11,STOP_LOSS,-1.0,7,92.0,SHAKEOUT_RECLAIM,True,True,True,6.0,True,NONE
JUBLINGREA,2026-03-10 15:30:00 IST,BEAR,2026-03-10 09:15:00 IST,568.83,534.7,620.04,637.09,654.15,671.22,2026-04-07 15:30:00 IST,620.04,TARGET_1,1.5,18,87.0,SHAKEOUT_RECLAIM,True,True,True,6.0,True,NONE
JUBLINGREA,2026-04-23 15:30:00 IST,BULL,2026-04-23 09:15:00 IST,733.28,689.28,799.28,821.28,843.28,865.28,2026-05-20 15:30:00 IST,745.79,TIMEOUT_20D,0.28,20,88.0,V_REVERSAL,True,True,True,6.0,True,NONE
JUBLINGREA,2026-07-01 15:30:00 IST,SIDEWAYS,2026-07-01 09:15:00 IST,638.65,600.33,696.13,715.29,734.45,753.61,2026-07-08 15:30:00 IST,696.13,TARGET_1,1.5,6,97.0,SHAKEOUT_RECLAIM,True,True,True,6.0,True,NONE
JUBLINGREA,2026-07-09 15:30:00 IST,SIDEWAYS,2026-07-09 09:15:00 IST,713.1,670.31,777.28,798.68,820.08,841.47,2026-07-21 15:30:00 IST,777.28,TARGET_1,1.5,9,88.0,CUP_HANDLE,True,True,True,6.0,True,NONE
JYOTHYLAB,2026-02-09 15:30:00 IST,BEAR,2026-02-09 09:15:00 IST,245.59,233.37,263.93,270.03,276.14,282.25,2026-02-19 15:30:00 IST,233.37,STOP_LOSS,-1.0,9,91.0,V_REVERSAL,True,True,True,4.98,True,NONE
JYOTHYLAB,2026-02-23 15:30:00 IST,SIDEWAYS,2026-02-23 09:15:00 IST,247.47,232.62,269.75,277.17,284.59,292.02,2026-03-10 15:30:00 IST,232.62,STOP_LOSS,-1.0,11,87.0,V_REVERSAL,True,True,True,6.0,True,NONE
JYOTHYLAB,2026-03-24 15:30:00 IST,BEAR,2026-03-24 09:15:00 IST,206.53,194.55,224.5,230.49,236.48,242.47,2026-03-29 15:30:00 IST,194.55,STOP_LOSS,-1.0,3,92.0,SHAKEOUT_RECLAIM,True,True,True,5.8,True,NONE
JYOTHYLAB,2026-05-05 15:30:00 IST,BULL,2026-05-05 09:15:00 IST,260.62,244.98,284.07,291.9,299.72,307.54,2026-05-10 15:30:00 IST,244.98,STOP_LOSS,-1.0,4,83.0,V_REVERSAL,True,True,True,6.0,True,NONE
JYOTHYLAB,2026-07-09 15:30:00 IST,SIDEWAYS,2026-07-09 09:15:00 IST,201.64,189.54,219.79,225.84,231.89,237.94,2026-08-05 15:30:00 IST,205.87,TIMEOUT_20D,0.35,20,99.0,SHAKEOUT_RECLAIM,True,True,True,6.0,True,NONE
JYOTHYLAB,2026-08-17 15:30:00 IST,BULL,2026-08-17 09:15:00 IST,213.93,201.09,233.19,239.61,246.03,252.45,2026-08-30 15:30:00 IST,201.09,STOP_LOSS,-1.0,10,96.0,DOUBLE_BOTTOM,True,True,True,6.0,True,NONE
JWL,2025-03-20 15:30:00 IST,BULL,2025-03-20 09:15:00 IST,2251.22,2214.56,2306.22,2324.54,2342.87,2361.2,2025-03-27 15:30:00 IST,2306.22,TARGET_1,1.5,5,83.0,CUP_HANDLE,True,True,True,1.63,True,NONE
JWL,2025-07-24 15:30:00 IST,BULL,2025-07-24 09:15:00 IST,2806.71,2737.09,2911.13,2945.95,2980.76,3015.57,2025-08-21 15:30:00 IST,2795.32,TIMEOUT_20D,-0.16,20,86.0,BULL_FLAG,True,True,True,2.48,True,NONE
JWL,2026-01-19 15:30:00 IST,SIDEWAYS,2026-01-19 09:15:00 IST,3015.87,2939.16,3130.92,3169.29,3207.64,3246.0,2026-01-28 15:30:00 IST,2939.16,STOP_LOSS,-1.0,7,83.0,WYCKOFF_SPRING_TYPE_2,True,True,True,2.54,True,NONE
JUSTDIAL,2025-05-16 15:30:00 IST,SIDEWAYS,2025-05-16 09:15:00 IST,1129.0,1080.72,1201.43,1225.56,1249.7,1273.84,2025-06-13 15:30:00 IST,1159.68,TIMEOUT_20D,0.64,20,93.0,WYCKOFF_SPRING_TYPE_2,True,True,True,4.28,True,NONE
JUSTDIAL,2025-09-10 15:30:00 IST,BULL,2025-09-10 09:15:00 IST,1276.38,1220.85,1359.66,1387.44,1415.21,1442.97,2025-09-19 15:30:00 IST,1220.85,STOP_LOSS,-1.0,7,94.0,MULTI_MONTH_BASE_BREAKOUT,True,True,True,4.35,True,NONE
JUSTDIAL,2025-10-21 15:30:00 IST,BULL,2025-10-21 09:15:00 IST,1252.19,1177.06,1364.89,1402.45,1440.02,1477.58,2025-11-18 15:30:00 IST,1339.56,TIMEOUT_20D,1.16,20,91.0,WYCKOFF_SPRING_TYPE_2,True,True,True,6.0,True,NONE
JUSTDIAL,2025-11-03 15:30:00 IST,BULL,2025-11-03 09:15:00 IST,1283.81,1234.54,1357.71,1382.35,1406.98,1431.62,2025-11-20 15:30:00 IST,1357.71,TARGET_1,1.5,13,85.0,CUP_HANDLE,True,True,True,3.84,True,NONE
JUSTDIAL,2026-04-13 15:30:00 IST,SIDEWAYS,2026-04-13 09:15:00 IST,1345.21,1264.5,1466.27,1506.63,1546.99,1587.34,2026-05-11 15:30:00 IST,1387.5,TIMEOUT_20D,0.52,20,78.0,V_REVERSAL,True,True,True,6.0,True,NONE
JUSTDIAL,2026-05-21 15:30:00 IST,BULL,2026-05-21 09:15:00 IST,1399.78,1356.49,1464.72,1486.36,1508.0,1529.65,2026-05-25 15:30:00 IST,1356.49,STOP_LOSS,-1.0,2,85.0,CUP_HANDLE,True,True,True,3.09,True,NONE
JUSTDIAL,2026-08-05 15:30:00 IST,BULL,2026-08-05 09:15:00 IST,1500.25,1421.92,1617.75,1656.91,1696.07,1735.24,2026-08-18 15:30:00 IST,1421.92,STOP_LOSS,-1.0,10,85.0,DOUBLE_BOTTOM,True,True,True,5.22,True,NONE
JUBLPHARMA,2025-09-24 15:30:00 IST,BULL,2025-09-24 09:15:00 IST,1523.06,1494.11,1566.49,1580.96,1595.43,1609.91,2025-09-26 15:30:00 IST,1494.11,STOP_LOSS,-1.0,2,87.0,CUP_HANDLE,True,True,True,1.9,True,NONE
JUBLPHARMA,2025-10-01 15:30:00 IST,BULL,2025-10-01 09:15:00 IST,1555.58,1506.31,1629.48,1654.12,1678.75,1703.39,2025-10-08 15:30:00 IST,1629.48,TARGET_1,1.5,5,92.0,MULTI_MONTH_BASE_BREAKOUT,True,True,True,3.17,True,NONE
JUBLPHARMA,2025-10-21 15:30:00 IST,BULL,2025-10-21 09:15:00 IST,1665.62,1618.13,1736.86,1760.6,1784.34,1808.09,2025-10-27 15:30:00 IST,1736.86,TARGET_1,1.5,4,87.0,HIGHER_LOW_REVERSAL,True,True,True,2.85,True,NONE
JUBLPHARMA,2026-05-06 15:30:00 IST,SIDEWAYS,2026-05-06 09:15:00 IST,2277.44,2220.1,2363.46,2392.12,2420.79,2449.46,2026-05-20 15:30:00 IST,2363.46,TARGET_1,1.5,10,91.0,WYCKOFF_SPRING_TYPE_2,True,True,True,2.52,True,NONE
JUBLPHARMA,2026-05-29 15:30:00 IST,BULL,2026-05-29 09:15:00 IST,2421.41,2356.45,2518.84,2551.33,2583.81,2616.29,2026-06-18 15:30:00 IST,2518.84,TARGET_1,1.5,14,85.0,BULL_FLAG,True,True,True,2.68,True,NONE
JUBLPHARMA,2026-06-04 15:30:00 IST,BULL,2026-06-04 09:15:00 IST,2461.87,2387.24,2573.81,2611.13,2648.45,2685.76,2026-07-02 15:30:00 IST,2474.98,TIMEOUT_20D,0.18,20,90.0,MULTI_MONTH_BASE_BREAKOUT,True,True,True,3.03,True,NONE
KAJARIACER,2025-12-12 15:30:00 IST,BEAR,2025-12-12 09:15:00 IST,1053.0,1015.1,1109.85,1128.8,1147.75,1166.7,2025-12-22 15:30:00 IST,1015.1,STOP_LOSS,-1.0,7,90.0,SHAKEOUT_RECLAIM,True,True,True,3.6,True,NONE
KAJARIACER,2026-02-17 15:30:00 IST,SIDEWAYS,2026-02-17 09:15:00 IST,969.0,910.86,1056.21,1085.28,1114.35,1143.42,2026-03-01 15:30:00 IST,910.86,STOP_LOSS,-1.0,9,88.0,SHAKEOUT_RECLAIM,True,True,True,6.0,True,NONE
KAJARIACER,2026-04-01 15:30:00 IST,SIDEWAYS,2026-04-01 09:15:00 IST,991.8,932.29,1081.06,1110.82,1140.57,1170.33,2026-04-08 15:30:00 IST,1081.06,TARGET_1,1.5,5,88.0,WYCKOFF_SPRING_TYPE_2,True,True,True,6.0,True,NONE
KAJARIACER,2026-06-16 15:30:00 IST,SIDEWAYS,2026-06-16 09:15:00 IST,1139.1,1080.58,1226.88,1256.14,1285.4,1314.66,2026-06-24 15:30:00 IST,1226.88,TARGET_1,1.5,7,91.0,DOUBLE_BOTTOM,True,True,True,5.14,True,NONE
KAJARIACER,2026-06-23 15:30:00 IST,BULL,2026-06-23 09:15:00 IST,1193.1,1141.46,1270.56,1296.38,1322.2,1348.02,2026-07-13 15:30:00 IST,1270.56,TARGET_1,1.5,15,88.0,CUP_HANDLE,True,True,True,4.33,True,NONE
KAJARIACER,2026-07-16 15:30:00 IST,BULL,2026-07-16 09:15:00 IST,1241.8,1183.06,1329.91,1359.28,1388.65,1418.02,2026-07-30 15:30:00 IST,1183.06,STOP_LOSS,-1.0,11,87.0,ASCENDING_TRIANGLE,True,True,True,4.73,True,NONE
KALYANKJIL,2025-12-19 15:30:00 IST,SIDEWAYS,2025-12-19 09:15:00 IST,484.85,456.75,527.0,541.05,555.1,569.15,2026-01-06 15:30:00 IST,527.0,TARGET_1,1.5,12,88.0,WYCKOFF_SPRING_TYPE_2,True,True,True,5.8,True,NONE
KALYANKJIL,2026-02-09 15:30:00 IST,SIDEWAYS,2026-02-09 09:15:00 IST,437.35,411.11,476.71,489.83,502.95,516.07,2026-02-17 15:30:00 IST,411.11,STOP_LOSS,-1.0,7,92.0,V_REVERSAL,True,True,True,6.0,True,NONE
KALYANKJIL,2026-03-25 15:30:00 IST,SIDEWAYS,2026-03-25 09:15:00 IST,391.85,368.34,427.12,438.87,450.63,462.38,2026-04-06 15:30:00 IST,427.12,TARGET_1,1.5,6,94.0,SHAKEOUT_RECLAIM,True,True,True,6.0,True,NONE
KALYANKJIL,2026-04-06 15:30:00 IST,SIDEWAYS,2026-04-06 09:15:00 IST,420.35,395.13,458.18,470.79,483.4,496.01,2026-05-04 15:30:00 IST,406.6,TIMEOUT_20D,-0.55,20,93.0,V_REVERSAL,True,True,True,6.0,True,NONE
KALYANKJIL,2026-05-08 15:30:00 IST,BULL,2026-05-08 09:15:00 IST,424.55,403.37,456.32,466.91,477.5,488.09,2026-05-10 15:30:00 IST,403.37,STOP_LOSS,-1.0,1,90.0,CUP_HANDLE,True,True,True,4.99,True,NONE
KALYANKJIL,2026-06-15 15:30:00 IST,SIDEWAYS,2026-06-15 09:15:00 IST,383.0,360.02,417.47,428.96,440.45,451.94,2026-07-06 15:30:00 IST,360.02,STOP_LOSS,-1.0,16,97.0,DOUBLE_BOTTOM,True,True,True,6.0,True,NONE
KALYANKJIL,2026-07-09 15:30:00 IST,BULL,2026-07-09 09:15:00 IST,443.0,416.42,482.87,496.16,509.45,522.74,2026-07-09 15:30:00 IST,482.87,TARGET_1,1.5,1,93.0,HIGHER_LOW_REVERSAL,True,True,True,6.0,True,NONE
KALYANKJIL,2026-07-15 15:30:00 IST,BULL,2026-07-15 09:15:00 IST,548.1,515.21,597.43,613.88,630.33,646.77,2026-07-21 15:30:00 IST,597.43,TARGET_1,1.5,5,86.0,V_REVERSAL,True,True,True,6.0,True,NONE
JYOTICNC,2025-10-24 15:30:00 IST,BULL,2025-10-24 09:15:00 IST,1575.29,1480.78,1717.06,1764.31,1811.57,1858.82,2025-10-26 15:30:00 IST,1480.78,STOP_LOSS,-1.0,1,97.0,SHAKEOUT_RECLAIM,True,True,True,6.0,True,NONE
JYOTICNC,2025-10-30 15:30:00 IST,BULL,2025-10-30 09:15:00 IST,1613.17,1516.38,1758.36,1806.75,1855.14,1903.54,2025-10-30 15:30:00 IST,1516.38,STOP_LOSS,-1.0,1,95.0,DOUBLE_BOTTOM,True,True,True,6.0,True,NONE
JYOTICNC,2025-12-05 15:30:00 IST,BULL,2025-12-05 09:15:00 IST,1700.0,1598.0,1852.99,1904.0,1955.0,2006.0,2025-12-07 15:30:00 IST,1598.0,STOP_LOSS,-1.0,1,100.0,SHAKEOUT_RECLAIM,True,True,True,6.0,True,NONE
JYOTICNC,2025-12-09 15:30:00 IST,BULL,2025-12-09 09:15:00 IST,1689.56,1615.98,1799.93,1836.72,1873.51,1910.3,2025-12-09 15:30:00 IST,1615.98,STOP_LOSS,-1.0,1,95.0,DOUBLE_BOTTOM,True,True,True,4.35,True,NONE
JYOTICNC,2025-12-25 15:30:00 IST,BULL,2025-12-25 09:15:00 IST,1674.17,1573.72,1824.84,1875.07,1925.3,1975.52,2025-12-25 15:30:00 IST,1573.72,STOP_LOSS,-1.0,1,90.0,V_REVERSAL,True,True,True,6.0,True,NONE
JYOTICNC,2026-02-20 15:30:00 IST,BULL,2026-02-20 09:15:00 IST,1733.68,1629.66,1889.71,1941.72,1993.73,2045.74,2026-02-22 15:30:00 IST,1629.66,STOP_LOSS,-1.0,1,97.0,SHAKEOUT_RECLAIM,True,True,True,6.0,True,NONE
JYOTICNC,2026-03-11 15:30:00 IST,BULL,2026-03-11 09:15:00 IST,1798.15,1690.26,1959.98,2013.93,2067.88,2121.82,2026-03-11 15:30:00 IST,1690.26,STOP_LOSS,-1.0,1,100.0,SHAKEOUT_RECLAIM,True,True,True,6.0,True,NONE
JYOTICNC,2026-03-13 15:30:00 IST,BULL,2026-03-13 09:15:00 IST,1766.86,1673.1,1907.5,1954.38,2001.26,2048.14,2026-03-15 15:30:00 IST,1673.1,STOP_LOSS,-1.0,1,98.0,DOUBLE_BOTTOM,True,True,True,5.31,True,NONE
JYOTICNC,2026-04-01 15:30:00 IST,BULL,2026-04-01 09:15:00 IST,1642.62,1544.07,1790.46,1839.72,1888.99,1938.27,2026-04-01 15:30:00 IST,1544.07,STOP_LOSS,-1.0,1,80.0,V_REVERSAL,True,True,True,6.0,True,NONE
JYOTICNC,2026-04-09 15:30:00 IST,BULL,2026-04-09 09:15:00 IST,1644.5,1545.83,1792.5,1841.84,1891.18,1940.51,2026-04-09 15:30:00 IST,1545.83,STOP_LOSS,-1.0,1,88.0,V_REVERSAL,True,True,True,6.0,True,NONE
JYOTICNC,2026-05-18 15:30:00 IST,BULL,2026-05-18 09:15:00 IST,1660.15,1560.54,1809.57,1859.37,1909.18,1958.98,2026-05-18 15:30:00 IST,1560.54,STOP_LOSS,-1.0,1,100.0,SHAKEOUT_RECLAIM,True,True,True,6.0,True,NONE
JYOTICNC,2026-07-08 15:30:00 IST,BULL,2026-07-08 09:15:00 IST,1841.61,1731.11,2007.35,2062.61,2117.86,2173.11,2026-07-08 15:30:00 IST,1731.11,STOP_LOSS,-1.0,1,97.0,SHAKEOUT_RECLAIM,True,True,True,6.0,True,NONE
JYOTICNC,2026-07-14 15:30:00 IST,BULL,2026-07-14 09:15:00 IST,1938.78,1822.46,2113.27,2171.42,2229.58,2287.74,2026-07-14 15:30:00 IST,1822.46,STOP_LOSS,-1.0,1,95.0,DOUBLE_BOTTOM,True,True,True,6.0,True,NONE
JYOTICNC,2026-07-24 15:30:00 IST,BULL,2026-07-24 09:15:00 IST,1935.95,1819.79,2110.18,2168.27,2226.35,2284.43,2026-07-26 15:30:00 IST,1819.79,STOP_LOSS,-1.0,1,92.0,DOUBLE_BOTTOM,True,True,True,6.0,True,NONE
JYOTICNC,2026-07-31 15:30:00 IST,BULL,2026-07-31 09:15:00 IST,1916.27,1801.29,2088.73,2146.23,2203.72,2261.21,2026-08-02 15:30:00 IST,1801.29,STOP_LOSS,-1.0,1,99.0,SHAKEOUT_RECLAIM,True,True,True,6.0,True,NONE
KDDL,2026-05-20 15:30:00 IST,BULL,2026-05-20 09:15:00 IST,2614.2,2457.35,2849.47,2927.9,3006.32,3084.75,2026-05-20 15:30:00 IST,2849.47,TARGET_1,1.5,1,94.0,SHAKEOUT_RECLAIM,True,True,True,6.0,True,NONE
KDDL,2026-08-21 15:30:00 IST,BULL,2026-08-21 09:15:00 IST,4005.4,3765.08,4365.88,4486.04,4606.2,4726.36,2026-09-03 15:30:00 IST,3911.0,TIMEOUT_20D,-0.39,10,100.0,SHAKEOUT_RECLAIM,True,True,True,6.0,True,NONE
KARURVYSYA,2025-10-20 15:30:00 IST,BULL,2025-10-20 09:15:00 IST,241.31,226.83,263.03,270.27,277.51,284.75,2025-11-18 15:30:00 IST,253.7,TIMEOUT_20D,0.86,20,92.0,HIGHER_LOW_REVERSAL,True,True,True,6.0,True,NONE
KARURVYSYA,2025-12-30 15:30:00 IST,BULL,2025-12-30 09:15:00 IST,259.17,243.62,282.5,290.27,298.05,305.82,2026-01-26 15:30:00 IST,282.5,TARGET_1,1.5,19,87.0,WYCKOFF_SPRING_TYPE_2,True,True,True,6.0,True,NONE
KARURVYSYA,2026-01-27 15:30:00 IST,BULL,2026-01-27 09:15:00 IST,292.55,275.0,318.87,327.65,336.43,345.2,2026-02-02 15:30:00 IST,318.87,TARGET_1,1.5,5,90.0,MULTI_MONTH_BASE_BREAKOUT,True,True,True,6.0,True,NONE
KARURVYSYA,2026-02-24 15:30:00 IST,BULL,2026-02-24 09:15:00 IST,336.05,315.89,366.29,376.37,386.45,396.53,2026-03-01 15:30:00 IST,315.89,STOP_LOSS,-1.0,4,91.0,BULL_FLAG,True,True,True,6.0,True,NONE
KARURVYSYA,2026-03-27 15:30:00 IST,SIDEWAYS,2026-03-27 09:15:00 IST,295.75,278.0,322.38,331.25,340.12,349.0,2026-04-01 15:30:00 IST,278.0,STOP_LOSS,-1.0,3,87.0,V_REVERSAL,True,True,True,6.0,True,NONE
KARURVYSYA,2026-04-21 15:30:00 IST,SIDEWAYS,2026-04-21 09:15:00 IST,290.7,273.26,316.86,325.58,334.3,343.02,2026-05-06 15:30:00 IST,316.86,TARGET_1,1.5,12,97.0,SHAKEOUT_RECLAIM,True,True,True,6.0,True,NONE
KARURVYSYA,2026-06-12 15:30:00 IST,SIDEWAYS,2026-06-12 09:15:00 IST,288.95,271.61,314.96,323.63,332.3,340.97,2026-07-09 15:30:00 IST,305.65,TIMEOUT_20D,0.96,20,90.0,V_REVERSAL,True,True,True,6.0,True,NONE
KARURVYSYA,2026-06-29 15:30:00 IST,SIDEWAYS,2026-06-29 09:15:00 IST,298.85,287.85,315.35,320.85,326.35,331.85,2026-07-20 15:30:00 IST,315.35,TARGET_1,1.5,16,94.0,BULL_FLAG,True,True,True,3.68,True,NONE
KARURVYSYA,2026-07-21 15:30:00 IST,BULL,2026-07-21 09:15:00 IST,340.3,319.88,370.93,381.14,391.35,401.56,2026-08-17 15:30:00 IST,333.9,TIMEOUT_20D,-0.31,20,94.0,SHAKEOUT_RECLAIM,True,True,True,6.0,True,NONE
KARURVYSYA,2026-08-25 15:30:00 IST,BULL,2026-08-25 09:15:00 IST,346.0,329.54,370.69,378.92,387.15,395.38,2026-09-03 15:30:00 IST,348.85,TIMEOUT_20D,0.17,8,87.0,CUP_HANDLE,True,True,True,4.76,True,NONE
KAYNES,2026-02-04 15:30:00 IST,SIDEWAYS,2026-02-04 09:15:00 IST,3779.4,3552.64,4119.54,4232.92,4346.3,4459.68,2026-02-05 15:30:00 IST,3552.64,STOP_LOSS,-1.0,2,94.0,SHAKEOUT_RECLAIM,True,True,True,6.0,True,NONE
KAYNES,2026-02-11 15:30:00 IST,SIDEWAYS,2026-02-11 09:15:00 IST,4154.7,3905.42,4528.62,4653.26,4777.9,4902.54,2026-02-12 15:30:00 IST,3905.42,STOP_LOSS,-1.0,2,90.0,SHAKEOUT_RECLAIM,True,True,True,6.0,True,NONE
KAYNES,2026-04-06 15:30:00 IST,SIDEWAYS,2026-04-06 09:15:00 IST,3706.5,3484.11,4040.09,4151.28,4262.47,4373.67,2026-04-14 15:30:00 IST,4040.09,TARGET_1,1.5,6,87.0,V_REVERSAL,True,True,True,6.0,True,NONE
KAYNES,2026-04-16 15:30:00 IST,BULL,2026-04-16 09:15:00 IST,4202.2,3950.07,4580.4,4706.46,4832.52,4958.59,2026-05-13 15:30:00 IST,3950.07,STOP_LOSS,-1.0,20,84.0,BULL_FLAG,True,True,True,6.0,True,NONE
KAYNES,2026-06-18 15:30:00 IST,SIDEWAYS,2026-06-18 09:15:00 IST,3385.5,3182.37,3690.2,3791.76,3893.33,3994.89,2026-06-23 15:30:00 IST,3182.37,STOP_LOSS,-1.0,4,88.0,V_REVERSAL,True,True,True,6.0,True,NONE
KAYNES,2026-07-03 15:30:00 IST,SIDEWAYS,2026-07-03 09:15:00 IST,3333.8,3133.77,3633.85,3733.86,3833.88,3933.89,2026-07-23 15:30:00 IST,3133.77,STOP_LOSS,-1.0,15,94.0,SHAKEOUT_RECLAIM,True,True,True,6.0,True,NONE
KAYNES,2026-07-09 15:30:00 IST,SIDEWAYS,2026-07-09 09:15:00 IST,3429.1,3223.35,3737.73,3840.6,3943.47,4046.35,2026-07-21 15:30:00 IST,3223.35,STOP_LOSS,-1.0,9,98.0,SHAKEOUT_RECLAIM,True,True,True,6.0,True,NONE
KAYNES,2026-07-29 15:30:00 IST,BULL,2026-07-29 09:15:00 IST,3638.6,3420.28,3966.08,4075.24,4184.4,4293.56,2026-08-24 15:30:00 IST,3966.08,TARGET_1,1.5,19,98.0,DOUBLE_BOTTOM,True,True,True,6.0,True,NONE
KANSAINER,2025-09-19 15:30:00 IST,BULL,2025-09-19 09:15:00 IST,1115.29,1048.37,1215.67,1249.13,1282.59,1316.05,2025-10-17 15:30:00 IST,1121.06,TIMEOUT_20D,0.09,20,88.0,V_REVERSAL,True,True,True,6.0,True,NONE
KANSAINER,2025-11-12 15:30:00 IST,BULL,2025-11-12 09:15:00 IST,1179.79,1148.07,1227.37,1243.23,1259.09,1274.95,2025-11-18 15:30:00 IST,1148.07,STOP_LOSS,-1.0,4,81.0,CUP_HANDLE,True,True,True,2.69,True,NONE
KANSAINER,2026-02-13 15:30:00 IST,BULL,2026-02-13 09:15:00 IST,1137.61,1111.53,1176.74,1189.77,1202.81,1215.85,2026-03-09 15:30:00 IST,1111.53,STOP_LOSS,-1.0,16,87.0,CUP_HANDLE,True,True,True,2.29,True,NONE
KANSAINER,2026-03-17 15:30:00 IST,BULL,2026-03-17 09:15:00 IST,1147.84,1092.41,1230.99,1258.7,1286.41,1314.13,2026-04-14 15:30:00 IST,1131.22,TIMEOUT_20D,-0.3,20,86.0,CUP_HANDLE,True,True,True,4.83,True,NONE
KANSAINER,2026-03-30 15:30:00 IST,BULL,2026-03-30 09:15:00 IST,1136.33,1092.41,1202.21,1224.17,1246.13,1268.09,2026-04-27 15:30:00 IST,1187.72,TIMEOUT_20D,1.17,20,80.0,WYCKOFF_SPRING_TYPE_2,True,True,True,3.87,True,NONE
KANSAINER,2026-07-02 15:30:00 IST,BULL,2026-07-02 09:15:00 IST,1278.42,1224.64,1359.08,1385.98,1412.87,1439.76,2026-07-13 15:30:00 IST,1359.08,TARGET_1,1.5,7,90.0,DOUBLE_BOTTOM,True,True,True,4.21,True,NONE
KERNEX,2025-12-09 15:30:00 IST,BEAR,2025-12-09 09:15:00 IST,1038.7,976.38,1132.18,1163.34,1194.5,1225.66,2025-12-17 15:30:00 IST,1132.18,TARGET_1,1.5,7,95.0,SHAKEOUT_RECLAIM,True,True,True,6.0,True,NONE
KERNEX,2026-01-14 15:30:00 IST,BULL,2026-01-14 09:15:00 IST,1256.7,1181.3,1369.8,1407.5,1445.2,1482.9,2026-01-15 15:30:00 IST,1369.8,TARGET_1,1.5,2,91.0,SHAKEOUT_RECLAIM,True,True,True,6.0,True,NONE
KERNEX,2026-04-01 15:30:00 IST,BEAR,2026-04-01 09:15:00 IST,955.85,898.5,1041.87,1070.55,1099.23,1127.9,2026-04-06 15:30:00 IST,1041.87,TARGET_1,1.5,3,86.0,SHAKEOUT_RECLAIM,True,True,True,6.0,True,NONE
KERNEX,2026-05-07 15:30:00 IST,BULL,2026-05-07 09:15:00 IST,1518.5,1427.39,1655.16,1700.72,1746.27,1791.83,2026-05-11 15:30:00 IST,1427.39,STOP_LOSS,-1.0,3,91.0,V_REVERSAL,True,True,True,6.0,True,NONE
KERNEX,2026-06-01 15:30:00 IST,BULL,2026-06-01 09:15:00 IST,1836.7,1726.5,2002.0,2057.1,2112.2,2167.3,2026-06-14 15:30:00 IST,2002.0,TARGET_1,1.5,10,85.0,V_REVERSAL,True,True,True,6.0,True,NONE
KERNEX,2026-07-01 15:30:00 IST,BULL,2026-07-01 09:15:00 IST,2293.6,2155.98,2500.03,2568.84,2637.65,2706.46,2026-07-07 15:30:00 IST,2155.98,STOP_LOSS,-1.0,5,85.0,V_REVERSAL,True,True,True,6.0,True,NONE
KERNEX,2026-08-04 15:30:00 IST,BULL,2026-08-04 09:15:00 IST,2419.1,2273.95,2636.83,2709.4,2781.98,2854.55,2026-08-09 15:30:00 IST,2273.95,STOP_LOSS,-1.0,4,86.0,HIGHER_LOW_REVERSAL,True,True,True,6.0,True,NONE
KEI,2025-12-22 15:30:00 IST,BULL,2025-12-22 09:15:00 IST,4436.35,4170.17,4835.61,4968.71,5101.8,5234.89,2026-01-19 15:30:00 IST,4170.17,STOP_LOSS,-1.0,20,88.0,V_REVERSAL,True,True,True,6.0,True,NONE
KEI,2026-01-29 15:30:00 IST,BEAR,2026-01-29 09:15:00 IST,4005.3,3764.98,4365.78,4485.94,4606.1,4726.26,2026-02-02 15:30:00 IST,4365.78,TARGET_1,1.5,3,84.0,BULL_PENNANT,True,True,True,6.0,True,NONE
KEI,2026-02-20 15:30:00 IST,BULL,2026-02-20 09:15:00 IST,4756.0,4470.64,5184.04,5326.72,5469.4,5612.08,2026-03-01 15:30:00 IST,5184.04,TARGET_1,1.5,6,88.0,BULL_FLAG,True,True,True,6.0,True,NONE
KEI,2026-05-04 15:30:00 IST,BULL,2026-05-04 09:15:00 IST,5058.3,4754.8,5513.55,5665.3,5817.05,5968.8,2026-05-04 15:30:00 IST,4754.8,STOP_LOSS,-1.0,1,90.0,CUP_HANDLE,True,True,True,6.0,True,NONE
KEI,2026-06-17 15:30:00 IST,BULL,2026-06-17 09:15:00 IST,5643.5,5304.89,6151.41,6320.72,6490.02,6659.33,2026-06-24 15:30:00 IST,5304.89,STOP_LOSS,-1.0,6,88.0,V_REVERSAL,True,True,True,6.0,True,NONE
KIRLOSBROS,2025-12-09 15:30:00 IST,BEAR,2025-12-09 09:15:00 IST,1611.5,1514.81,1756.54,1804.88,1853.23,1901.57,2025-12-15 15:30:00 IST,1756.54,TARGET_1,1.5,5,88.0,SHAKEOUT_RECLAIM,True,True,True,6.0,True,NONE
KIRLOSBROS,2025-12-15 15:30:00 IST,SIDEWAYS,2025-12-15 09:15:00 IST,1699.0,1597.06,1851.91,1902.88,1953.85,2004.82,2025-12-17 15:30:00 IST,1597.06,STOP_LOSS,-1.0,3,92.0,V_REVERSAL,True,True,True,6.0,True,NONE
KIRLOSBROS,2026-01-30 15:30:00 IST,SIDEWAYS,2026-01-30 09:15:00 IST,1566.3,1472.32,1707.27,1754.26,1801.25,1848.24,2026-02-26 15:30:00 IST,1582.8,TIMEOUT_20D,0.18,20,89.0,SHAKEOUT_RECLAIM,True,True,True,6.0,True,NONE
KIRLOSBROS,2026-06-17 15:30:00 IST,BULL,2026-06-17 09:15:00 IST,1847.0,1736.18,2013.23,2068.64,2124.05,2179.46,2026-06-21 15:30:00 IST,2013.23,TARGET_1,1.5,3,82.0,V_REVERSAL,True,True,True,6.0,True,NONE
KIRLOSBROS,2026-08-05 15:30:00 IST,BULL,2026-08-05 09:15:00 IST,1984.9,1865.81,2163.54,2223.08,2282.63,2342.17,2026-09-01 15:30:00 IST,1865.81,STOP_LOSS,-1.0,20,96.0,WYCKOFF_SPRING_TYPE_2,True,True,True,6.0,True,NONE
KFINTECH,2025-12-11 15:30:00 IST,SIDEWAYS,2025-12-11 09:15:00 IST,1059.65,999.38,1150.06,1180.19,1210.33,1240.46,2026-01-08 15:30:00 IST,1047.12,TIMEOUT_20D,-0.21,20,94.0,SHAKEOUT_RECLAIM,True,True,True,5.69,True,NONE
KFINTECH,2025-12-18 15:30:00 IST,SIDEWAYS,2025-12-18 09:15:00 IST,1054.72,999.38,1137.73,1165.4,1193.07,1220.74,2026-01-15 15:30:00 IST,1056.49,TIMEOUT_20D,0.03,20,89.0,WYCKOFF_SPRING_TYPE_2,True,True,True,5.25,True,NONE
KFINTECH,2026-03-18 15:30:00 IST,SIDEWAYS,2026-03-18 09:15:00 IST,931.19,875.32,1015.0,1042.93,1070.87,1098.8,2026-03-22 15:30:00 IST,875.32,STOP_LOSS,-1.0,3,85.0,SHAKEOUT_RECLAIM,True,True,True,6.0,True,NONE
KFINTECH,2026-04-07 15:30:00 IST,BEAR,2026-04-07 09:15:00 IST,894.93,854.09,956.2,976.61,997.03,1017.45,2026-04-16 15:30:00 IST,956.2,TARGET_1,1.5,7,92.0,WYCKOFF_SPRING_TYPE_2,True,True,True,4.56,True,NONE
KFINTECH,2026-04-17 15:30:00 IST,SIDEWAYS,2026-04-17 09:15:00 IST,962.96,906.4,1047.8,1076.08,1104.36,1132.64,2026-04-29 15:30:00 IST,906.4,STOP_LOSS,-1.0,9,84.0,DOUBLE_BOTTOM,True,True,True,5.87,True,NONE
KFINTECH,2026-06-17 15:30:00 IST,SIDEWAYS,2026-06-17 09:15:00 IST,886.45,833.26,966.23,992.83,1019.43,1046.02,2026-07-01 15:30:00 IST,833.26,STOP_LOSS,-1.0,11,91.0,DOUBLE_BOTTOM,True,True,True,6.0,True,NONE
KFINTECH,2026-07-27 15:30:00 IST,BULL,2026-07-27 09:15:00 IST,949.25,892.29,1034.69,1063.17,1091.65,1120.13,2026-08-23 15:30:00 IST,969.9,TIMEOUT_20D,0.36,20,94.0,MULTI_MONTH_BASE_BREAKOUT,True,True,True,6.0,True,NONE
KEC,2025-05-05 15:30:00 IST,BULL,2025-05-05 09:15:00 IST,849.09,813.98,901.76,919.31,936.87,954.42,2025-05-23 15:30:00 IST,901.76,TARGET_1,1.5,14,85.0,CUP_HANDLE,True,True,True,4.14,True,NONE
KEC,2025-07-30 15:30:00 IST,BULL,2025-07-30 09:15:00 IST,1008.54,966.99,1070.87,1091.64,1112.41,1133.19,2025-08-25 15:30:00 IST,1070.87,TARGET_1,1.5,18,96.0,MULTI_MONTH_BASE_BREAKOUT,True,True,True,4.12,True,NONE
KEC,2025-11-07 15:30:00 IST,BULL,2025-11-07 09:15:00 IST,1215.39,1171.2,1281.67,1303.77,1325.87,1347.96,2025-11-21 15:30:00 IST,1281.67,TARGET_1,1.5,10,86.0,ASCENDING_TRIANGLE,True,True,True,3.64,True,NONE
KEC,2025-11-21 15:30:00 IST,BULL,2025-11-21 09:15:00 IST,1293.3,1232.6,1384.35,1414.7,1445.05,1475.4,2025-12-10 15:30:00 IST,1232.6,STOP_LOSS,-1.0,13,91.0,MULTI_MONTH_BASE_BREAKOUT,True,True,True,4.69,True,NONE
KEC,2026-04-03 15:30:00 IST,BEAR,2026-04-03 09:15:00 IST,1091.52,1070.44,1123.14,1133.68,1144.22,1154.76,2026-04-10 15:30:00 IST,1123.14,TARGET_1,1.5,5,88.0,WYCKOFF_SPRING_TYPE_2,True,True,True,1.93,True,NONE
KEC,2026-08-05 15:30:00 IST,BULL,2026-08-05 09:15:00 IST,1400.84,1332.43,1503.44,1537.66,1571.86,1606.07,2026-08-18 15:30:00 IST,1332.43,STOP_LOSS,-1.0,10,88.0,BULL_FLAG,True,True,True,4.88,True,NONE
KIRLOSENG,2025-12-04 15:30:00 IST,BULL,2025-12-04 09:15:00 IST,1160.6,1090.96,1265.06,1299.88,1334.7,1369.52,2025-12-07 15:30:00 IST,1090.96,STOP_LOSS,-1.0,2,91.0,SHAKEOUT_RECLAIM,True,True,True,6.0,True,NONE
KIRLOSENG,2025-12-22 15:30:00 IST,BULL,2025-12-22 09:15:00 IST,1306.83,1228.42,1424.45,1463.65,1502.85,1542.06,2025-12-28 15:30:00 IST,1228.42,STOP_LOSS,-1.0,4,87.0,SHAKEOUT_RECLAIM,True,True,True,6.0,True,NONE
KIRLOSENG,2026-01-30 15:30:00 IST,SIDEWAYS,2026-01-30 09:15:00 IST,1169.46,1099.3,1274.71,1309.78,1344.86,1379.94,2026-02-01 15:30:00 IST,1099.3,STOP_LOSS,-1.0,1,86.0,HIGHER_LOW_REVERSAL,True,True,True,6.0,True,NONE
KIRLOSENG,2026-02-10 15:30:00 IST,SIDEWAYS,2026-02-10 09:15:00 IST,1259.81,1184.22,1373.2,1410.99,1448.78,1486.58,2026-02-11 15:30:00 IST,1373.2,TARGET_1,1.5,2,86.0,WYCKOFF_SPRING_TYPE_2,True,True,True,6.0,True,NONE
KIRLOSENG,2026-04-08 15:30:00 IST,BULL,2026-04-08 09:15:00 IST,1462.31,1374.57,1593.92,1637.79,1681.66,1725.53,2026-04-14 15:30:00 IST,1593.92,TARGET_1,1.5,4,90.0,WYCKOFF_SPRING_TYPE_2,True,True,True,6.0,True,NONE
KIRLOSENG,2026-04-15 15:30:00 IST,BULL,2026-04-15 09:15:00 IST,1593.63,1498.01,1737.06,1784.87,1832.68,1880.49,2026-04-27 15:30:00 IST,1737.06,TARGET_1,1.5,9,95.0,DOUBLE_BOTTOM,True,True,True,6.0,True,NONE
KIRLOSENG,2026-04-27 15:30:00 IST,BULL,2026-04-27 09:15:00 IST,1677.45,1576.81,1828.42,1878.73,1929.05,1979.37,2026-05-11 15:30:00 IST,1576.81,STOP_LOSS,-1.0,11,88.0,BULL_FLAG,True,True,True,6.0,True,NONE
KIRLOSENG,2026-05-15 15:30:00 IST,BULL,2026-05-15 09:15:00 IST,1736.53,1632.34,1892.81,1944.91,1997.01,2049.1,2026-05-18 15:30:00 IST,1632.34,STOP_LOSS,-1.0,2,96.0,SHAKEOUT_RECLAIM,True,True,True,6.0,True,NONE
KIRLOSENG,2026-05-27 15:30:00 IST,BULL,2026-05-27 09:15:00 IST,1826.14,1716.57,1990.49,2045.28,2100.07,2154.85,2026-06-16 15:30:00 IST,1990.49,TARGET_1,1.5,15,85.0,HIGHER_LOW_REVERSAL,True,True,True,6.0,True,NONE
KIRLOSENG,2026-06-22 15:30:00 IST,BULL,2026-06-22 09:15:00 IST,2384.76,2241.67,2599.39,2670.94,2742.49,2814.03,2026-06-22 15:30:00 IST,2599.39,TARGET_1,1.5,1,93.0,HIGHER_LOW_REVERSAL,True,True,True,6.0,True,NONE
KIRLPNU,2025-12-31 15:30:00 IST,SIDEWAYS,2025-12-31 09:15:00 IST,1051.74,988.64,1146.39,1177.94,1209.49,1241.04,2026-01-28 15:30:00 IST,1135.9,TIMEOUT_20D,1.33,20,89.0,WYCKOFF_SPRING_TYPE_2,True,True,True,6.0,True,NONE
KIRLPNU,2026-04-13 15:30:00 IST,BULL,2026-04-13 09:15:00 IST,1232.65,1158.69,1343.59,1380.57,1417.55,1454.53,2026-04-19 15:30:00 IST,1343.59,TARGET_1,1.5,4,91.0,BULL_FLAG,True,True,True,6.0,True,NONE
KIRLPNU,2026-04-20 15:30:00 IST,BULL,2026-04-20 09:15:00 IST,1357.58,1276.12,1479.77,1520.5,1561.23,1601.96,2026-04-26 15:30:00 IST,1479.77,TARGET_1,1.5,5,95.0,MULTI_MONTH_BASE_BREAKOUT,True,True,True,6.0,True,NONE
KIRLPNU,2026-06-17 15:30:00 IST,BULL,2026-06-17 09:15:00 IST,1824.04,1714.6,1988.2,2042.92,2097.64,2152.36,2026-06-21 15:30:00 IST,1988.2,TARGET_1,1.5,3,90.0,HIGHER_LOW_REVERSAL,True,True,True,6.0,True,NONE
KIRLPNU,2026-07-29 15:30:00 IST,BEAR,2026-07-29 09:15:00 IST,751.3,711.42,811.12,831.06,851.0,870.94,2026-08-04 15:30:00 IST,711.42,STOP_LOSS,-1.0,5,80.0,SHAKEOUT_RECLAIM,True,True,True,5.31,True,NONE
KIMS,2025-03-12 15:30:00 IST,BULL,2025-03-12 09:15:00 IST,2463.8,2315.97,2685.55,2759.46,2833.38,2907.29,2025-04-09 15:30:00 IST,2315.97,STOP_LOSS,-1.0,20,83.0,V_REVERSAL,True,True,True,6.0,True,NONE
KIMS,2025-06-26 15:30:00 IST,SIDEWAYS,2025-06-26 09:15:00 IST,2242.55,2181.22,2334.54,2365.21,2395.88,2426.54,2025-07-09 15:30:00 IST,2334.54,TARGET_1,1.5,9,84.0,V_REVERSAL,True,True,True,2.73,True,NONE
KIMS,2025-07-09 15:30:00 IST,BULL,2025-07-09 09:15:00 IST,2354.55,2271.07,2479.78,2521.51,2563.25,2604.99,2025-07-22 15:30:00 IST,2479.78,TARGET_1,1.5,9,92.0,MULTI_MONTH_BASE_BREAKOUT,True,True,True,3.55,True,NONE
KIMS,2026-03-04 15:30:00 IST,BEAR,2026-03-04 09:15:00 IST,4041.01,3798.55,4404.71,4525.93,4647.16,4768.39,2026-03-27 15:30:00 IST,4404.71,TARGET_1,1.5,17,86.0,V_REVERSAL,True,True,True,6.0,True,NONE
KIMS,2026-03-16 15:30:00 IST,SIDEWAYS,2026-03-16 09:15:00 IST,4266.28,4194.15,4374.48,4410.54,4446.6,4482.67,2026-03-25 15:30:00 IST,4374.48,TARGET_1,1.5,7,88.0,CUP_HANDLE,True,True,True,1.69,True,NONE
KMEW,2025-12-01 15:30:00 IST,BULL,2025-12-01 09:15:00 IST,1488.45,1399.14,1622.41,1667.07,1711.72,1756.38,2025-12-03 15:30:00 IST,1399.14,STOP_LOSS,-1.0,3,88.0,BULL_PENNANT,True,True,True,6.0,True,NONE
KMEW,2025-12-05 15:30:00 IST,BULL,2025-12-05 09:15:00 IST,1516.3,1425.32,1652.77,1698.26,1743.75,1789.24,2025-12-08 15:30:00 IST,1652.77,TARGET_1,1.5,2,92.0,SHAKEOUT_RECLAIM,True,True,True,6.0,True,NONE
KMEW,2025-12-15 15:30:00 IST,BULL,2025-12-15 09:15:00 IST,1791.5,1684.01,1952.74,2006.48,2060.22,2113.97,2025-12-18 15:30:00 IST,1684.01,STOP_LOSS,-1.0,4,92.0,BULL_PENNANT,True,True,True,6.0,True,NONE
KMEW,2026-01-13 15:30:00 IST,BULL,2026-01-13 09:15:00 IST,1837.6,1727.34,2002.99,2058.12,2113.25,2168.38,2026-01-20 15:30:00 IST,1727.34,STOP_LOSS,-1.0,6,85.0,V_REVERSAL,True,True,True,6.0,True,NONE
KMEW,2026-04-10 15:30:00 IST,SIDEWAYS,2026-04-10 09:15:00 IST,1774.6,1668.12,1934.32,1987.56,2040.8,2094.04,2026-04-23 15:30:00 IST,1668.12,STOP_LOSS,-1.0,9,86.0,WYCKOFF_SPRING_TYPE_2,True,True,True,6.0,True,NONE
KMEW,2026-05-04 15:30:00 IST,BULL,2026-05-04 09:15:00 IST,2036.2,1914.03,2219.45,2280.54,2341.62,2402.71,2026-05-04 15:30:00 IST,2219.45,TARGET_1,1.5,1,90.0,SHAKEOUT_RECLAIM,True,True,True,6.0,True,NONE
KMEW,2026-06-22 15:30:00 IST,BULL,2026-06-22 09:15:00 IST,2337.0,2196.78,2547.33,2617.44,2687.55,2757.66,2026-06-28 15:30:00 IST,2196.78,STOP_LOSS,-1.0,5,93.0,DOUBLE_BOTTOM,True,True,True,6.0,True,NONE
KPGEL,2026-03-12 15:30:00 IST,SIDEWAYS,2026-03-12 09:15:00 IST,375.65,353.11,409.46,420.73,432.0,443.27,2026-03-15 15:30:00 IST,353.11,STOP_LOSS,-1.0,2,89.0,V_REVERSAL,True,True,True,6.0,True,NONE
KPGEL,2026-06-17 15:30:00 IST,SIDEWAYS,2026-06-17 09:15:00 IST,412.2,387.47,449.3,461.66,474.02,486.39,2026-06-18 15:30:00 IST,387.47,STOP_LOSS,-1.0,2,98.0,SHAKEOUT_RECLAIM,True,True,True,6.0,True,NONE
KITEX,2025-06-11 15:30:00 IST,BULL,2025-06-11 09:15:00 IST,1927.0,1875.45,2004.32,2030.1,2055.88,2081.65,2025-06-19 15:30:00 IST,1875.45,STOP_LOSS,-1.0,6,82.0,CUP_HANDLE,True,True,True,2.68,True,NONE
KITEX,2025-06-18 15:30:00 IST,BULL,2025-06-18 09:15:00 IST,1907.66,1868.08,1967.03,1986.82,2006.61,2026.4,2025-06-19 15:30:00 IST,1868.08,STOP_LOSS,-1.0,1,86.0,CUP_HANDLE,True,True,True,2.07,True,NONE
KITEX,2026-05-22 15:30:00 IST,BULL,2026-05-22 09:15:00 IST,2000.76,1924.17,2115.63,2153.94,2192.23,2230.53,2026-06-01 15:30:00 IST,1924.17,STOP_LOSS,-1.0,6,89.0,MULTI_MONTH_BASE_BREAKOUT,True,True,True,3.83,True,NONE
KPIGREEN,2025-10-29 15:30:00 IST,BULL,2025-10-29 09:15:00 IST,531.16,499.29,578.96,594.9,610.83,626.77,2025-11-06 15:30:00 IST,499.29,STOP_LOSS,-1.0,6,85.0,BULL_FLAG,True,True,True,6.0,True,NONE
KPIGREEN,2025-12-12 15:30:00 IST,BEAR,2025-12-12 09:15:00 IST,424.54,399.07,462.75,475.48,488.22,500.95,2025-12-29 15:30:00 IST,462.75,TARGET_1,1.5,11,86.0,BULL_PENNANT,True,True,True,6.0,True,NONE
KPIGREEN,2025-12-30 15:30:00 IST,SIDEWAYS,2025-12-30 09:15:00 IST,473.97,445.53,516.63,530.85,545.07,559.29,2026-01-08 15:30:00 IST,445.53,STOP_LOSS,-1.0,8,96.0,SHAKEOUT_RECLAIM,True,True,True,6.0,True,NONE
KPIGREEN,2026-03-10 15:30:00 IST,BEAR,2026-03-10 09:15:00 IST,356.45,335.06,388.54,399.23,409.92,420.62,2026-03-11 15:30:00 IST,388.54,TARGET_1,1.5,2,89.0,SHAKEOUT_RECLAIM,True,True,True,6.0,True,NONE
KPIGREEN,2026-07-20 15:30:00 IST,SIDEWAYS,2026-07-20 09:15:00 IST,412.95,395.18,439.61,448.49,457.37,466.26,2026-07-21 15:30:00 IST,395.18,STOP_LOSS,-1.0,2,87.0,DOUBLE_BOTTOM,True,True,True,4.3,True,NONE
KNRCON,2025-03-20 15:30:00 IST,BULL,2025-03-20 09:15:00 IST,1862.56,1800.72,1955.33,1986.24,2017.16,2048.08,2025-04-09 15:30:00 IST,1800.72,STOP_LOSS,-1.0,14,93.0,HIGHER_LOW_REVERSAL,True,True,True,3.32,True,NONE
KNRCON,2025-06-13 15:30:00 IST,BULL,2025-06-13 09:15:00 IST,1955.13,1914.64,2015.87,2036.11,2056.36,2076.6,2025-06-26 15:30:00 IST,2015.87,TARGET_1,1.5,9,86.0,CUP_HANDLE,True,True,True,2.07,True,NONE
KNRCON,2025-06-19 15:30:00 IST,BULL,2025-06-19 09:15:00 IST,1980.47,1919.53,2071.89,2102.35,2132.82,2163.29,2025-07-09 15:30:00 IST,1919.53,STOP_LOSS,-1.0,14,90.0,BULL_FLAG,True,True,True,3.08,True,NONE
KNRCON,2025-07-23 15:30:00 IST,BULL,2025-07-23 09:15:00 IST,2042.9,1920.33,2226.77,2288.04,2349.33,2410.61,2025-08-20 15:30:00 IST,1990.2,TIMEOUT_20D,-0.43,20,91.0,V_REVERSAL,True,True,True,6.0,True,NONE
KNRCON,2025-09-15 15:30:00 IST,BULL,2025-09-15 09:15:00 IST,2108.54,2043.88,2205.54,2237.86,2270.19,2302.52,2025-09-18 15:30:00 IST,2205.54,TARGET_1,1.5,3,89.0,MULTI_MONTH_BASE_BREAKOUT,True,True,True,3.07,True,NONE
KNRCON,2025-10-27 15:30:00 IST,BULL,2025-10-27 09:15:00 IST,2642.77,2582.32,2733.45,2763.67,2793.89,2824.12,2025-11-04 15:30:00 IST,2582.32,STOP_LOSS,-1.0,6,85.0,HIGHER_LOW_REVERSAL,True,True,True,2.29,True,NONE
KNRCON,2025-11-26 15:30:00 IST,BULL,2025-11-26 09:15:00 IST,2572.92,2482.23,2708.95,2754.3,2799.65,2844.99,2025-12-02 15:30:00 IST,2482.23,STOP_LOSS,-1.0,4,91.0,WYCKOFF_SPRING_TYPE_2,True,True,True,3.52,True,NONE
KNRCON,2026-01-21 15:30:00 IST,BEAR,2026-01-21 09:15:00 IST,2160.27,2087.08,2270.06,2306.65,2343.24,2379.84,2026-01-28 15:30:00 IST,2087.08,STOP_LOSS,-1.0,5,84.0,V_REVERSAL,True,True,True,3.39,True,NONE
KNRCON,2026-05-29 15:30:00 IST,BEAR,2026-05-29 09:15:00 IST,2298.66,2221.33,2414.65,2453.32,2491.98,2530.65,2026-06-03 15:30:00 IST,2221.33,STOP_LOSS,-1.0,3,89.0,WYCKOFF_SPRING_TYPE_2,True,True,True,3.36,True,NONE
KOTAKBANK,2024-11-25 15:30:00 IST,SIDEWAYS,2024-11-25 09:15:00 IST,357.12,335.69,389.27,399.98,410.7,421.41,2024-12-22 15:30:00 IST,348.07,TIMEOUT_20D,-0.42,20,94.0,WYCKOFF_SPRING_TYPE_2,True,True,True,6.0,True,NONE
KOTAKBANK,2025-01-20 15:30:00 IST,BULL,2025-01-20 09:15:00 IST,383.0,360.02,417.46,428.96,440.45,451.94,2025-02-16 15:30:00 IST,387.94,TIMEOUT_20D,0.22,20,94.0,DOUBLE_BOTTOM,True,True,True,6.0,True,NONE
KOTAKBANK,2025-03-12 15:30:00 IST,BULL,2025-03-12 09:15:00 IST,395.37,377.9,421.58,430.31,439.05,447.78,2025-03-23 15:30:00 IST,421.58,TARGET_1,1.5,7,80.0,CUP_HANDLE,True,True,True,4.42,True,NONE
KOTAKBANK,2025-06-26 15:30:00 IST,BULL,2025-06-26 09:15:00 IST,439.51,426.86,458.49,464.81,471.13,477.46,2025-07-02 15:30:00 IST,426.86,STOP_LOSS,-1.0,5,85.0,CUP_HANDLE,True,True,True,2.88,True,NONE
KOTAKBANK,2025-09-23 15:30:00 IST,SIDEWAYS,2025-09-23 09:15:00 IST,408.83,390.81,435.87,444.87,453.88,462.89,2025-10-15 15:30:00 IST,435.87,TARGET_1,1.5,16,89.0,DOUBLE_BOTTOM,True,True,True,4.41,True,NONE
KOTAKBANK,2025-10-01 15:30:00 IST,BULL,2025-10-01 09:15:00 IST,411.95,390.81,443.66,454.23,464.8,475.37,2025-10-19 15:30:00 IST,443.66,TARGET_1,1.5,12,91.0,DOUBLE_BOTTOM,True,True,True,5.13,True,NONE
KOTAKBANK,2025-10-16 15:30:00 IST,BULL,2025-10-16 09:15:00 IST,440.32,423.89,464.96,473.18,481.39,489.61,2025-10-26 15:30:00 IST,423.89,STOP_LOSS,-1.0,6,89.0,BULL_FLAG,True,True,True,3.73,True,NONE
KOTAKBANK,2026-05-06 15:30:00 IST,SIDEWAYS,2026-05-06 09:15:00 IST,375.95,360.56,399.04,406.73,414.42,422.12,2026-06-02 15:30:00 IST,380.34,TIMEOUT_20D,0.29,20,89.0,V_REVERSAL,True,True,True,4.09,True,NONE
KOTAKBANK,2026-07-01 15:30:00 IST,BULL,2026-07-01 09:15:00 IST,399.76,378.69,431.36,441.9,452.43,462.97,2026-07-06 15:30:00 IST,378.69,STOP_LOSS,-1.0,4,85.0,DOUBLE_BOTTOM,True,True,True,5.27,True,NONE
KOTAKBANK,2026-07-20 15:30:00 IST,BEAR,2026-07-20 09:15:00 IST,382.05,365.93,406.23,414.29,422.35,430.41,2026-08-16 15:30:00 IST,392.7,TIMEOUT_20D,0.66,20,88.0,WYCKOFF_SPRING_TYPE_2,True,True,True,4.22,True,NONE
KPIL,2025-12-24 15:30:00 IST,SIDEWAYS,2025-12-24 09:15:00 IST,1190.76,1119.32,1297.92,1333.64,1369.36,1405.08,2026-01-08 15:30:00 IST,1119.32,STOP_LOSS,-1.0,11,85.0,V_REVERSAL,True,True,True,6.0,True,NONE
KPIL,2026-02-03 15:30:00 IST,BEAR,2026-02-03 09:15:00 IST,1118.34,1051.24,1218.99,1252.54,1286.09,1319.64,2026-02-26 15:30:00 IST,1218.99,TARGET_1,1.5,18,89.0,V_REVERSAL,True,True,True,6.0,True,NONE
KPIL,2026-02-24 15:30:00 IST,SIDEWAYS,2026-02-24 09:15:00 IST,1195.82,1124.07,1303.45,1339.32,1375.19,1411.07,2026-03-03 15:30:00 IST,1124.07,STOP_LOSS,-1.0,5,84.0,V_REVERSAL,True,True,True,6.0,True,NONE
KPIL,2026-06-22 15:30:00 IST,BULL,2026-06-22 09:15:00 IST,1428.26,1356.73,1535.55,1571.32,1607.09,1642.85,2026-06-28 15:30:00 IST,1356.73,STOP_LOSS,-1.0,5,91.0,MULTI_MONTH_BASE_BREAKOUT,True,True,True,5.01,True,NONE
KPIL,2026-08-06 15:30:00 IST,BEAR,2026-08-06 09:15:00 IST,1294.1,1251.91,1357.38,1378.48,1399.57,1420.67,2026-08-10 15:30:00 IST,1357.38,TARGET_1,1.5,3,91.0,WYCKOFF_SPRING_TYPE_2,True,True,True,3.26,True,NONE
KPITTECH,2025-12-01 15:30:00 IST,BULL,2025-12-01 09:15:00 IST,1255.34,1180.02,1368.32,1405.98,1443.64,1481.3,2025-12-15 15:30:00 IST,1180.02,STOP_LOSS,-1.0,11,85.0,HIGHER_LOW_REVERSAL,True,True,True,6.0,True,NONE
KPITTECH,2025-12-19 15:30:00 IST,BULL,2025-12-19 09:15:00 IST,1221.82,1148.51,1331.78,1368.44,1405.09,1441.75,2026-01-01 15:30:00 IST,1148.51,STOP_LOSS,-1.0,9,92.0,V_REVERSAL,True,True,True,6.0,True,NONE
KPITTECH,2026-04-30 15:30:00 IST,SIDEWAYS,2026-04-30 09:15:00 IST,759.05,713.51,827.36,850.13,872.9,895.67,2026-05-06 15:30:00 IST,713.51,STOP_LOSS,-1.0,5,85.0,CUP_HANDLE,True,True,True,6.0,True,NONE
KPITTECH,2026-06-19 15:30:00 IST,BULL,2026-06-19 09:15:00 IST,760.05,732.62,801.19,814.91,828.62,842.34,2026-06-28 15:30:00 IST,732.62,STOP_LOSS,-1.0,6,87.0,CUP_HANDLE,True,True,True,3.61,True,NONE
KPITTECH,2026-07-24 15:30:00 IST,BEAR,2026-07-24 09:15:00 IST,578.32,543.62,630.36,647.72,665.07,682.42,2026-07-28 15:30:00 IST,630.36,TARGET_1,1.5,3,95.0,SHAKEOUT_RECLAIM,True,True,True,6.0,True,NONE
KPITTECH,2026-08-28 15:30:00 IST,SIDEWAYS,2026-08-28 09:15:00 IST,609.4,574.12,662.32,679.96,697.6,715.24,2026-09-03 15:30:00 IST,575.45,TIMEOUT_20D,-0.96,5,95.0,SHAKEOUT_RECLAIM,True,True,True,5.79,True,NONE
KPRMILL,2025-11-18 15:30:00 IST,BULL,2025-11-18 09:15:00 IST,1116.02,1055.4,1206.96,1237.26,1267.57,1297.88,2025-11-25 15:30:00 IST,1055.4,STOP_LOSS,-1.0,6,90.0,CUP_HANDLE,True,True,True,5.43,True,NONE
KPRMILL,2026-03-12 15:30:00 IST,SIDEWAYS,2026-03-12 09:15:00 IST,907.41,852.96,989.08,1016.31,1043.53,1070.76,2026-03-12 15:30:00 IST,852.96,STOP_LOSS,-1.0,1,95.0,SHAKEOUT_RECLAIM,True,True,True,6.0,True,NONE
KPRMILL,2026-04-17 15:30:00 IST,SIDEWAYS,2026-04-17 09:15:00 IST,925.67,870.13,1008.97,1036.75,1064.52,1092.29,2026-05-14 15:30:00 IST,921.43,TIMEOUT_20D,-0.08,20,91.0,DOUBLE_BOTTOM,True,True,True,6.0,True,NONE
KPRMILL,2026-05-19 15:30:00 IST,BULL,2026-05-19 09:15:00 IST,954.55,897.28,1040.46,1069.09,1097.72,1126.36,2026-06-02 15:30:00 IST,1040.46,TARGET_1,1.5,11,87.0,SHAKEOUT_RECLAIM,True,True,True,6.0,True,NONE
KPRMILL,2026-06-03 15:30:00 IST,BULL,2026-06-03 09:15:00 IST,1083.42,1018.41,1180.93,1213.44,1245.95,1278.45,2026-06-08 15:30:00 IST,1018.41,STOP_LOSS,-1.0,4,91.0,WYCKOFF_SPRING_TYPE_2,True,True,True,6.0,True,NONE
KPRMILL,2026-06-18 15:30:00 IST,BULL,2026-06-18 09:15:00 IST,1183.8,1112.77,1290.34,1325.86,1361.38,1396.89,2026-06-23 15:30:00 IST,1290.34,TARGET_1,1.5,4,93.0,HIGHER_LOW_REVERSAL,True,True,True,6.0,True,NONE
KRBL,2025-11-12 15:30:00 IST,SIDEWAYS,2025-11-12 09:15:00 IST,389.65,367.01,423.61,434.93,446.25,457.57,2025-11-13 15:30:00 IST,423.61,TARGET_1,1.5,2,91.0,SHAKEOUT_RECLAIM,True,True,True,5.81,True,NONE
KRBL,2025-12-09 15:30:00 IST,SIDEWAYS,2025-12-09 09:15:00 IST,392.8,369.44,427.84,439.52,451.2,462.88,2026-01-06 15:30:00 IST,386.75,TIMEOUT_20D,-0.26,20,83.0,SHAKEOUT_RECLAIM,True,True,True,5.95,True,NONE
KRBL,2026-03-05 15:30:00 IST,BEAR,2026-03-05 09:15:00 IST,333.45,313.44,363.47,373.47,383.47,393.48,2026-03-08 15:30:00 IST,313.44,STOP_LOSS,-1.0,2,83.0,SHAKEOUT_RECLAIM,True,True,True,6.0,True,NONE
KRBL,2026-04-16 15:30:00 IST,SIDEWAYS,2026-04-16 09:15:00 IST,353.6,332.38,385.43,396.04,406.65,417.26,2026-05-03 15:30:00 IST,385.43,TARGET_1,1.5,11,90.0,WYCKOFF_SPRING_TYPE_2,True,True,True,6.0,True,NONE
KRBL,2026-04-22 15:30:00 IST,BULL,2026-04-22 09:15:00 IST,376.35,353.77,410.22,421.51,432.8,444.09,2026-04-23 15:30:00 IST,353.77,STOP_LOSS,-1.0,2,92.0,CUP_HANDLE,True,True,True,6.0,True,NONE
KRBL,2026-06-18 15:30:00 IST,BULL,2026-06-18 09:15:00 IST,383.4,360.4,417.9,429.4,440.9,452.4,2026-07-07 15:30:00 IST,360.4,STOP_LOSS,-1.0,14,87.0,SHAKEOUT_RECLAIM,True,True,True,6.0,True,NONE
KRBL,2026-08-03 15:30:00 IST,SIDEWAYS,2026-08-03 09:15:00 IST,373.7,351.28,407.33,418.54,429.75,440.96,2026-08-18 15:30:00 IST,407.33,TARGET_1,1.5,12,94.0,WYCKOFF_SPRING_TYPE_2,True,True,True,6.0,True,NONE
KRBL,2026-08-17 15:30:00 IST,BULL,2026-08-17 09:15:00 IST,395.7,371.96,431.31,443.18,455.05,466.92,2026-08-23 15:30:00 IST,431.31,TARGET_1,1.5,5,85.0,SHAKEOUT_RECLAIM,True,True,True,6.0,True,NONE
KRISHANA,2025-12-09 15:30:00 IST,BEAR,2025-12-09 09:15:00 IST,99.08,93.46,107.5,110.32,113.13,115.94,2025-12-11 15:30:00 IST,107.5,TARGET_1,1.5,3,89.0,SHAKEOUT_RECLAIM,True,True,True,5.67,True,NONE
KRISHANA,2025-12-15 15:30:00 IST,SIDEWAYS,2025-12-15 09:15:00 IST,106.37,99.99,115.94,119.13,122.32,125.51,2026-01-08 15:30:00 IST,99.99,STOP_LOSS,-1.0,18,86.0,V_REVERSAL,True,True,True,6.0,True,NONE
KRISHANA,2025-12-22 15:30:00 IST,SIDEWAYS,2025-12-22 09:15:00 IST,107.67,101.21,117.36,120.59,123.82,127.05,2026-01-08 15:30:00 IST,101.21,STOP_LOSS,-1.0,13,89.0,SHAKEOUT_RECLAIM,True,True,True,6.0,True,NONE
KRISHANA,2026-02-11 15:30:00 IST,SIDEWAYS,2026-02-11 09:15:00 IST,104.07,97.83,113.44,116.55,119.67,122.79,2026-02-26 15:30:00 IST,97.83,STOP_LOSS,-1.0,12,89.0,WYCKOFF_SPRING_TYPE_2,True,True,True,6.0,True,NONE
KRISHANA,2026-03-10 15:30:00 IST,SIDEWAYS,2026-03-10 09:15:00 IST,99.79,94.58,107.6,110.21,112.82,115.42,2026-03-12 15:30:00 IST,94.58,STOP_LOSS,-1.0,3,84.0,DOUBLE_BOTTOM,True,True,True,5.22,True,NONE
KRISHANA,2026-04-02 15:30:00 IST,SIDEWAYS,2026-04-02 09:15:00 IST,107.76,104.23,113.06,114.82,116.59,118.35,2026-04-05 15:30:00 IST,113.06,TARGET_1,1.5,1,97.0,MULTI_MONTH_BASE_BREAKOUT,True,True,True,3.28,True,NONE
KRISHANA,2026-04-27 15:30:00 IST,BULL,2026-04-27 09:15:00 IST,137.27,129.03,149.63,153.75,157.87,161.99,2026-04-28 15:30:00 IST,129.03,STOP_LOSS,-1.0,2,92.0,BULL_FLAG,True,True,True,6.0,True,NONE
KRISHANA,2026-05-21 15:30:00 IST,BULL,2026-05-21 09:15:00 IST,140.4,131.97,153.04,157.26,161.48,165.69,2026-05-24 15:30:00 IST,131.97,STOP_LOSS,-1.0,2,88.0,BULL_PENNANT,True,True,True,6.0,True,NONE
KRISHANA,2026-06-24 15:30:00 IST,BULL,2026-06-24 09:15:00 IST,146.79,139.29,158.04,161.79,165.54,169.29,2026-06-28 15:30:00 IST,139.29,STOP_LOSS,-1.0,3,98.0,MULTI_MONTH_BASE_BREAKOUT,True,True,True,5.11,True,NONE
KRISHANA,2026-07-22 15:30:00 IST,BULL,2026-07-22 09:15:00 IST,143.65,135.03,156.58,160.89,165.2,169.51,2026-07-22 15:30:00 IST,156.58,TARGET_1,1.5,1,92.0,WYCKOFF_SPRING_TYPE_2,True,True,True,6.0,True,NONE
KRISHANA,2026-07-30 15:30:00 IST,BULL,2026-07-30 09:15:00 IST,180.05,169.25,196.25,201.65,207.05,212.45,2026-08-18 15:30:00 IST,196.25,TARGET_1,1.5,14,96.0,BULL_FLAG,True,True,True,6.0,True,NONE
KRN,2026-02-18 15:30:00 IST,SIDEWAYS,2026-02-18 09:15:00 IST,790.2,742.79,861.32,885.02,908.73,932.43,2026-02-19 15:30:00 IST,861.32,TARGET_1,1.5,2,92.0,CUP_HANDLE,True,True,True,6.0,True,NONE
KRN,2026-02-24 15:30:00 IST,BULL,2026-02-24 09:15:00 IST,946.25,889.47,1031.42,1059.81,1088.2,1116.59,2026-02-25 15:30:00 IST,1031.42,TARGET_1,1.5,2,85.0,V_REVERSAL,True,True,True,6.0,True,NONE
KRN,2026-04-13 15:30:00 IST,BULL,2026-04-13 09:15:00 IST,1050.05,987.05,1144.55,1176.05,1207.55,1239.05,2026-04-15 15:30:00 IST,1144.55,TARGET_1,1.5,2,88.0,V_REVERSAL,True,True,True,6.0,True,NONE
KRN,2026-06-29 15:30:00 IST,BULL,2026-06-29 09:15:00 IST,1250.5,1175.47,1363.05,1400.56,1438.07,1475.59,2026-07-26 15:30:00 IST,1244.6,TIMEOUT_20D,-0.08,20,93.0,SHAKEOUT_RECLAIM,True,True,True,6.0,True,NONE
KRN,2026-07-15 15:30:00 IST,BULL,2026-07-15 09:15:00 IST,1285.5,1208.37,1401.2,1439.76,1478.33,1516.89,2026-07-23 15:30:00 IST,1208.37,STOP_LOSS,-1.0,7,93.0,HIGHER_LOW_REVERSAL,True,True,True,6.0,True,NONE
KSB,2026-01-07 15:30:00 IST,BEAR,2026-01-07 09:15:00 IST,749.45,707.68,812.1,832.99,853.88,874.76,2026-01-19 15:30:00 IST,707.68,STOP_LOSS,-1.0,9,86.0,WYCKOFF_SPRING_TYPE_2,True,True,True,5.57,True,NONE
KSB,2026-06-05 15:30:00 IST,BEAR,2026-06-05 09:15:00 IST,814.1,765.25,887.37,911.8,936.23,960.65,2026-06-17 15:30:00 IST,887.37,TARGET_1,1.5,9,91.0,V_REVERSAL,True,True,True,6.0,True,NONE
KWIL,2026-06-03 15:30:00 IST,BULL,2026-06-03 09:15:00 IST,30.59,28.75,33.35,34.27,35.19,36.11,2026-06-03 15:30:00 IST,33.35,TARGET_1,1.5,1,86.0,WYCKOFF_SPRING_TYPE_2,True,True,True,6.02,True,NONE
KWIL,2026-06-12 15:30:00 IST,BULL,2026-06-12 09:15:00 IST,36.9,34.69,40.22,41.32,42.42,43.53,2026-06-24 15:30:00 IST,34.69,STOP_LOSS,-1.0,9,90.0,BULL_FLAG,True,True,True,5.99,True,NONE
KRISHNADEF,2024-12-09 15:30:00 IST,SIDEWAYS,2024-12-09 09:15:00 IST,718.18,675.09,782.81,804.36,825.9,847.45,2024-12-17 15:30:00 IST,782.81,TARGET_1,1.5,6,91.0,V_REVERSAL,True,True,True,6.0,True,NONE
KRISHNADEF,2024-12-16 15:30:00 IST,BULL,2024-12-16 09:15:00 IST,769.54,726.05,834.79,856.52,878.26,900.01,2024-12-19 15:30:00 IST,726.05,STOP_LOSS,-1.0,3,95.0,MULTI_MONTH_BASE_BREAKOUT,True,True,True,5.65,True,NONE
KRISHNADEF,2025-01-06 15:30:00 IST,BULL,2025-01-06 09:15:00 IST,799.17,751.22,871.11,895.07,919.04,943.02,2025-01-13 15:30:00 IST,751.22,STOP_LOSS,-1.0,5,92.0,HIGHER_LOW_REVERSAL,True,True,True,6.0,True,NONE
KRISHNADEF,2025-03-07 15:30:00 IST,SIDEWAYS,2025-03-07 09:15:00 IST,621.14,583.87,677.05,695.68,714.31,732.95,2025-03-10 15:30:00 IST,583.87,STOP_LOSS,-1.0,1,93.0,SHAKEOUT_RECLAIM,True,True,True,6.0,True,NONE
KRISHNADEF,2025-04-03 15:30:00 IST,BULL,2025-04-03 09:15:00 IST,768.3,722.2,837.44,860.5,883.55,906.6,2025-04-04 15:30:00 IST,722.2,STOP_LOSS,-1.0,1,92.0,HIGHER_LOW_REVERSAL,True,True,True,6.0,True,NONE
KRISHNADEF,2025-05-13 15:30:00 IST,BULL,2025-05-13 09:15:00 IST,848.69,797.77,925.08,950.53,975.99,1001.45,2025-05-14 15:30:00 IST,925.08,TARGET_1,1.5,1,85.0,SHAKEOUT_RECLAIM,True,True,True,6.0,True,NONE
KRISHNADEF,2025-06-05 15:30:00 IST,BULL,2025-06-05 09:15:00 IST,942.13,885.6,1026.93,1055.19,1083.45,1111.72,2025-06-13 15:30:00 IST,885.6,STOP_LOSS,-1.0,6,94.0,V_REVERSAL,True,True,True,6.0,True,NONE
KRISHNADEF,2025-09-12 15:30:00 IST,SIDEWAYS,2025-09-12 09:15:00 IST,820.1,770.89,893.91,918.52,943.13,967.73,2025-09-30 15:30:00 IST,770.89,STOP_LOSS,-1.0,12,94.0,SHAKEOUT_RECLAIM,True,True,True,6.0,True,NONE
KRISHNADEF,2026-01-05 15:30:00 IST,BULL,2026-01-05 09:15:00 IST,862.6,820.8,925.3,946.2,967.1,988.0,2026-01-06 15:30:00 IST,925.3,TARGET_1,1.5,1,89.0,DOUBLE_BOTTOM,True,True,True,4.85,True,NONE
KRISHNADEF,2026-02-18 15:30:00 IST,BULL,2026-02-18 09:15:00 IST,1129.6,1061.82,1231.27,1265.16,1299.05,1332.94,2026-02-23 15:30:00 IST,1061.82,STOP_LOSS,-1.0,3,86.0,V_REVERSAL,True,True,True,6.0,True,NONE
KRISHNADEF,2026-03-02 15:30:00 IST,BULL,2026-03-02 09:15:00 IST,1126.1,1058.53,1227.45,1261.24,1295.02,1328.81,2026-03-06 15:30:00 IST,1227.45,TARGET_1,1.5,3,85.0,V_REVERSAL,True,True,True,6.0,True,NONE
KRISHNADEF,2026-05-07 15:30:00 IST,BULL,2026-05-07 09:15:00 IST,1146.6,1077.8,1249.8,1284.2,1318.6,1353.0,2026-05-11 15:30:00 IST,1249.8,TARGET_1,1.5,2,95.0,CUP_HANDLE,True,True,True,6.0,True,NONE
LALPATHLAB,2025-11-03 15:30:00 IST,SIDEWAYS,2025-11-03 09:15:00 IST,1615.84,1518.89,1761.27,1809.74,1858.21,1906.69,2025-11-06 15:30:00 IST,1518.89,STOP_LOSS,-1.0,3,89.0,WYCKOFF_SPRING_TYPE_2,True,True,True,6.0,True,NONE
LALPATHLAB,2025-12-30 15:30:00 IST,SIDEWAYS,2025-12-30 09:15:00 IST,1450.87,1363.82,1581.44,1624.97,1668.49,1712.02,2026-01-12 15:30:00 IST,1363.82,STOP_LOSS,-1.0,10,83.0,V_REVERSAL,True,True,True,6.0,True,NONE
LALPATHLAB,2026-01-13 15:30:00 IST,BEAR,2026-01-13 09:15:00 IST,1414.05,1334.7,1533.07,1572.75,1612.42,1652.1,2026-02-10 15:30:00 IST,1440.32,TIMEOUT_20D,0.33,20,89.0,SHAKEOUT_RECLAIM,True,True,True,5.61,True,NONE
LALPATHLAB,2026-07-24 15:30:00 IST,BULL,2026-07-24 09:15:00 IST,1754.53,1656.34,1901.81,1950.91,2000.01,2049.1,2026-07-29 15:30:00 IST,1901.81,TARGET_1,1.5,4,90.0,CUP_HANDLE,True,True,True,5.6,True,NONE
LANDMARK,2026-03-13 15:30:00 IST,BEAR,2026-03-13 09:15:00 IST,362.55,340.8,395.17,406.05,416.93,427.8,2026-03-31 15:30:00 IST,395.17,TARGET_1,1.5,11,94.0,SHAKEOUT_RECLAIM,True,True,True,6.0,True,NONE
LANDMARK,2026-07-02 15:30:00 IST,BULL,2026-07-02 09:15:00 IST,436.45,418.99,462.64,471.37,480.1,488.83,2026-07-07 15:30:00 IST,418.99,STOP_LOSS,-1.0,4,88.0,CUP_HANDLE,True,True,True,4.0,True,NONE
LANDMARK,2026-07-14 15:30:00 IST,BULL,2026-07-14 09:15:00 IST,496.4,466.62,541.07,555.96,570.85,585.74,2026-07-14 15:30:00 IST,541.07,TARGET_1,1.5,1,94.0,DOUBLE_BOTTOM,True,True,True,6.0,True,NONE
LATENTVIEW,2025-10-31 15:30:00 IST,BULL,2025-10-31 09:15:00 IST,448.35,430.68,474.86,483.69,492.53,501.36,2025-11-02 15:30:00 IST,474.86,TARGET_1,1.5,1,96.0,MULTI_MONTH_BASE_BREAKOUT,True,True,True,3.94,True,NONE
LATENTVIEW,2025-11-11 15:30:00 IST,BULL,2025-11-11 09:15:00 IST,485.45,466.38,514.06,523.59,533.12,542.66,2025-11-17 15:30:00 IST,466.38,STOP_LOSS,-1.0,5,94.0,MULTI_MONTH_BASE_BREAKOUT,True,True,True,3.93,True,NONE
LATENTVIEW,2025-11-19 15:30:00 IST,BULL,2025-11-19 09:15:00 IST,494.25,464.59,538.74,553.57,568.4,583.23,2025-12-02 15:30:00 IST,464.59,STOP_LOSS,-1.0,10,90.0,WYCKOFF_SPRING_TYPE_2,True,True,True,6.0,True,NONE
LATENTVIEW,2026-02-02 15:30:00 IST,SIDEWAYS,2026-02-02 09:15:00 IST,457.2,429.77,498.35,512.06,525.77,539.49,2026-02-04 15:30:00 IST,429.77,STOP_LOSS,-1.0,3,88.0,V_REVERSAL,True,True,True,6.0,True,NONE
LATENTVIEW,2026-04-02 15:30:00 IST,SIDEWAYS,2026-04-02 09:15:00 IST,312.1,293.37,340.2,349.56,358.93,368.29,2026-04-06 15:30:00 IST,293.37,STOP_LOSS,-1.0,2,97.0,SHAKEOUT_RECLAIM,True,True,True,6.0,True,NONE
LATENTVIEW,2026-07-02 15:30:00 IST,BEAR,2026-07-02 09:15:00 IST,278.95,262.21,304.06,312.43,320.8,329.17,2026-07-06 15:30:00 IST,304.06,TARGET_1,1.5,3,92.0,SHAKEOUT_RECLAIM,True,True,True,6.0,True,NONE
KSCL,2025-10-01 15:30:00 IST,BULL,2025-10-01 09:15:00 IST,1476.93,1421.21,1560.5,1588.37,1616.23,1644.09,2025-10-10 15:30:00 IST,1560.5,TARGET_1,1.5,7,96.0,MULTI_MONTH_BASE_BREAKOUT,True,True,True,3.77,True,NONE
KSCL,2025-11-03 15:30:00 IST,BULL,2025-11-03 09:15:00 IST,1602.75,1545.41,1688.76,1717.43,1746.1,1774.77,2025-11-14 15:30:00 IST,1688.76,TARGET_1,1.5,9,94.0,MULTI_MONTH_BASE_BREAKOUT,True,True,True,3.58,True,NONE
KSCL,2026-03-06 15:30:00 IST,SIDEWAYS,2026-03-06 09:15:00 IST,1462.46,1403.48,1550.92,1580.42,1609.91,1639.4,2026-03-19 15:30:00 IST,1403.48,STOP_LOSS,-1.0,9,93.0,DOUBLE_BOTTOM,True,True,True,4.03,True,NONE
KSCL,2026-03-25 15:30:00 IST,BULL,2026-03-25 09:15:00 IST,1477.42,1413.78,1572.89,1604.7,1636.52,1668.34,2026-04-22 15:30:00 IST,1485.57,TIMEOUT_20D,0.13,20,83.0,DOUBLE_BOTTOM,True,True,True,4.31,True,NONE
KSCL,2026-04-29 15:30:00 IST,BULL,2026-04-29 09:15:00 IST,1541.02,1468.63,1649.59,1685.8,1721.99,1758.19,2026-05-27 15:30:00 IST,1533.82,TIMEOUT_20D,-0.1,20,87.0,HIGHER_LOW_REVERSAL,True,True,True,4.7,True,NONE
KSCL,2026-05-07 15:30:00 IST,BULL,2026-05-07 09:15:00 IST,1519.03,1500.8,1546.37,1555.49,1564.61,1573.72,2026-05-11 15:30:00 IST,1500.8,STOP_LOSS,-1.0,2,90.0,CUP_HANDLE,True,True,True,1.2,True,NONE
KSCL,2026-06-15 15:30:00 IST,BULL,2026-06-15 09:15:00 IST,1546.05,1522.37,1581.58,1593.41,1605.25,1617.09,2026-06-16 15:30:00 IST,1522.37,STOP_LOSS,-1.0,1,93.0,CUP_HANDLE,True,True,True,1.53,True,NONE
LAURUSLABS,2025-11-26 15:30:00 IST,BULL,2025-11-26 09:15:00 IST,985.62,949.98,1039.08,1056.9,1074.72,1092.54,2025-11-30 15:30:00 IST,1039.08,TARGET_1,1.5,3,85.0,SHAKEOUT_RECLAIM,True,True,True,3.62,True,NONE
LAURUSLABS,2025-12-19 15:30:00 IST,BULL,2025-12-19 09:15:00 IST,1044.16,1007.99,1098.42,1116.5,1134.59,1152.67,2025-12-30 15:30:00 IST,1098.42,TARGET_1,1.5,7,94.0,MULTI_MONTH_BASE_BREAKOUT,True,True,True,3.46,True,NONE
LAURUSLABS,2026-04-02 15:30:00 IST,BULL,2026-04-02 09:15:00 IST,1041.86,979.35,1135.63,1166.88,1198.13,1229.39,2026-04-16 15:30:00 IST,1135.63,TARGET_1,1.5,9,90.0,WYCKOFF_SPRING_TYPE_2,True,True,True,6.0,True,NONE
LAURUSLABS,2026-05-04 15:30:00 IST,BULL,2026-05-04 09:15:00 IST,1165.24,1109.4,1249.0,1276.92,1304.84,1332.76,2026-05-10 15:30:00 IST,1249.0,TARGET_1,1.5,5,97.0,MULTI_MONTH_BASE_BREAKOUT,True,True,True,4.79,True,NONE
LAURUSLABS,2026-05-11 15:30:00 IST,BULL,2026-05-11 09:15:00 IST,1266.8,1190.79,1380.82,1418.82,1456.82,1494.83,2026-05-26 15:30:00 IST,1380.82,TARGET_1,1.5,12,81.0,V_REVERSAL,True,True,True,6.0,True,NONE
LAURUSLABS,2026-07-27 15:30:00 IST,BULL,2026-07-27 09:15:00 IST,1713.4,1610.6,1867.6,1919.0,1970.4,2021.8,2026-08-09 15:30:00 IST,1867.6,TARGET_1,1.5,10,91.0,MULTI_MONTH_BASE_BREAKOUT,True,True,True,6.0,True,NONE
KTKBANK,2025-09-15 15:30:00 IST,BULL,2025-09-15 09:15:00 IST,1816.06,1731.67,1942.64,1984.84,2027.03,2069.23,2025-10-13 15:30:00 IST,1885.74,TIMEOUT_20D,0.83,20,89.0,DOUBLE_BOTTOM,True,True,True,4.65,True,NONE
KTKBANK,2025-10-03 15:30:00 IST,BULL,2025-10-03 09:15:00 IST,1834.2,1794.65,1893.52,1913.3,1933.07,1952.85,2025-10-13 15:30:00 IST,1893.52,TARGET_1,1.5,6,88.0,CUP_HANDLE,True,True,True,2.16,True,NONE
KTKBANK,2025-10-14 15:30:00 IST,BULL,2025-10-14 09:15:00 IST,1899.89,1840.61,1988.81,2018.45,2048.09,2077.73,2025-11-07 15:30:00 IST,1988.81,TARGET_1,1.5,18,99.0,MULTI_MONTH_BASE_BREAKOUT,True,True,True,3.12,True,NONE
KTKBANK,2025-10-24 15:30:00 IST,BULL,2025-10-24 09:15:00 IST,1921.77,1864.51,2007.66,2036.29,2064.92,2093.55,2025-11-07 15:30:00 IST,2007.66,TARGET_1,1.5,10,83.0,CUP_HANDLE,True,True,True,2.98,True,NONE
KTKBANK,2026-05-12 15:30:00 IST,SIDEWAYS,2026-05-12 09:15:00 IST,1927.86,1844.61,2052.74,2094.36,2135.98,2177.61,2026-05-19 15:30:00 IST,1844.61,STOP_LOSS,-1.0,5,85.0,V_REVERSAL,True,True,True,4.32,True,NONE
KTKBANK,2026-08-19 15:30:00 IST,SIDEWAYS,2026-08-19 09:15:00 IST,2059.75,1936.17,2245.13,2306.91,2368.7,2430.49,2026-08-19 15:30:00 IST,1936.17,STOP_LOSS,-1.0,1,90.0,DOUBLE_BOTTOM,True,True,True,6.0,True,NONE
LICHSGFIN,2025-12-02 15:30:00 IST,BEAR,2025-12-02 09:15:00 IST,554.65,541.08,575.01,581.79,588.57,595.36,2025-12-04 15:30:00 IST,541.08,STOP_LOSS,-1.0,3,88.0,SHAKEOUT_RECLAIM,True,True,True,2.45,True,NONE
LICHSGFIN,2026-01-14 15:30:00 IST,SIDEWAYS,2026-01-14 09:15:00 IST,535.25,509.84,573.37,586.07,598.78,611.48,2026-01-20 15:30:00 IST,509.84,STOP_LOSS,-1.0,5,88.0,V_REVERSAL,True,True,True,4.75,True,NONE
LICHSGFIN,2026-04-21 15:30:00 IST,BULL,2026-04-21 09:15:00 IST,565.15,531.24,616.02,632.97,649.92,666.88,2026-05-18 15:30:00 IST,543.0,TIMEOUT_20D,-0.65,20,93.0,BULL_FLAG,True,True,True,6.0,True,NONE
LICHSGFIN,2026-04-29 15:30:00 IST,BULL,2026-04-29 09:15:00 IST,562.15,529.34,611.37,627.77,644.17,660.58,2026-05-26 15:30:00 IST,556.45,TIMEOUT_20D,-0.17,20,78.0,DOUBLE_BOTTOM,True,True,True,5.84,True,NONE
LICHSGFIN,2026-05-06 15:30:00 IST,BULL,2026-05-06 09:15:00 IST,582.15,551.49,628.14,643.47,658.8,674.13,2026-05-13 15:30:00 IST,551.49,STOP_LOSS,-1.0,6,97.0,MULTI_MONTH_BASE_BREAKOUT,True,True,True,5.27,True,NONE
LICHSGFIN,2026-05-13 15:30:00 IST,BULL,2026-05-13 09:15:00 IST,585.65,550.51,638.36,655.93,673.5,691.07,2026-05-13 15:30:00 IST,550.51,STOP_LOSS,-1.0,1,89.0,ASCENDING_TRIANGLE,True,True,True,6.0,True,NONE
LICHSGFIN,2026-06-12 15:30:00 IST,SIDEWAYS,2026-06-12 09:15:00 IST,559.5,525.93,609.86,626.64,643.43,660.21,2026-07-09 15:30:00 IST,549.15,TIMEOUT_20D,-0.31,20,94.0,WYCKOFF_SPRING_TYPE_2,True,True,True,6.0,True,NONE
LICHSGFIN,2026-06-29 15:30:00 IST,SIDEWAYS,2026-06-29 09:15:00 IST,560.75,535.81,598.16,610.63,623.1,635.57,2026-07-07 15:30:00 IST,535.81,STOP_LOSS,-1.0,7,91.0,BULL_PENNANT,True,True,True,4.45,True,NONE
LICHSGFIN,2026-07-13 15:30:00 IST,SIDEWAYS,2026-07-13 09:15:00 IST,551.9,525.36,591.71,604.98,618.25,631.52,2026-07-30 15:30:00 IST,525.36,STOP_LOSS,-1.0,14,76.0,V_REVERSAL,True,True,True,4.81,True,NONE
LICHSGFIN,2026-07-20 15:30:00 IST,BULL,2026-07-20 09:15:00 IST,552.45,525.36,593.09,606.63,620.18,633.72,2026-07-30 15:30:00 IST,525.36,STOP_LOSS,-1.0,9,82.0,V_REVERSAL,True,True,True,4.9,True,NONE
LEMONTREE,2025-02-25 15:30:00 IST,BULL,2025-02-25 09:15:00 IST,1823.67,1714.25,1987.79,2042.51,2097.22,2151.93,2025-03-17 15:30:00 IST,1714.25,STOP_LOSS,-1.0,14,84.0,V_REVERSAL,True,True,True,6.0,True,NONE
LEMONTREE,2025-07-31 15:30:00 IST,BEAR,2025-07-31 09:15:00 IST,1537.16,1492.69,1603.86,1626.1,1648.34,1670.57,2025-08-05 15:30:00 IST,1492.69,STOP_LOSS,-1.0,3,93.0,WYCKOFF_SPRING_TYPE_2,True,True,True,2.89,True,NONE
LEMONTREE,2025-12-09 15:30:00 IST,BULL,2025-12-09 09:15:00 IST,1854.76,1755.31,2003.93,2053.66,2103.39,2153.11,2026-01-06 15:30:00 IST,1874.84,TIMEOUT_20D,0.2,20,92.0,BULL_FLAG,True,True,True,5.36,True,NONE
LEMONTREE,2025-12-26 15:30:00 IST,BULL,2025-12-26 09:15:00 IST,1882.6,1810.32,1991.01,2027.16,2063.3,2099.44,2026-01-15 15:30:00 IST,1991.01,TARGET_1,1.5,14,89.0,MULTI_MONTH_BASE_BREAKOUT,True,True,True,3.84,True,NONE
LEMONTREE,2026-02-25 15:30:00 IST,BULL,2026-02-25 09:15:00 IST,2446.71,2319.38,2637.71,2701.37,2765.03,2828.7,2026-03-25 15:30:00 IST,2447.06,TIMEOUT_20D,0.0,20,84.0,BULL_FLAG,True,True,True,5.2,True,NONE
LEMONTREE,2026-06-04 15:30:00 IST,SIDEWAYS,2026-06-04 09:15:00 IST,2317.03,2245.73,2423.98,2459.63,2495.28,2530.93,2026-07-02 15:30:00 IST,2313.76,TIMEOUT_20D,-0.05,20,83.0,V_REVERSAL,True,True,True,3.08,True,NONE
LEMONTREE,2026-08-12 15:30:00 IST,SIDEWAYS,2026-08-12 09:15:00 IST,2349.92,2208.92,2561.42,2631.92,2702.42,2772.92,2026-08-18 15:30:00 IST,2208.92,STOP_LOSS,-1.0,5,87.0,V_REVERSAL,True,True,True,6.0,True,NONE
LENSKART,2025-04-28 15:30:00 IST,SIDEWAYS,2025-04-28 09:15:00 IST,1493.97,1455.13,1552.23,1571.65,1591.07,1610.49,2025-05-26 15:30:00 IST,1509.04,TIMEOUT_20D,0.39,20,88.0,CUP_HANDLE,True,True,True,2.6,True,NONE
LENSKART,2025-06-23 15:30:00 IST,BULL,2025-06-23 09:15:00 IST,1665.87,1591.7,1777.13,1814.21,1851.29,1888.38,2025-07-10 15:30:00 IST,1591.7,STOP_LOSS,-1.0,13,90.0,MULTI_MONTH_BASE_BREAKOUT,True,True,True,4.45,True,NONE
LENSKART,2025-08-01 15:30:00 IST,BULL,2025-08-01 09:15:00 IST,1686.51,1640.49,1755.55,1778.55,1801.56,1824.57,2025-08-07 15:30:00 IST,1640.49,STOP_LOSS,-1.0,4,89.0,CUP_HANDLE,True,True,True,2.73,True,NONE
LENSKART,2025-09-03 15:30:00 IST,SIDEWAYS,2025-09-03 09:15:00 IST,1619.42,1545.72,1729.98,1766.82,1803.67,1840.52,2025-09-22 15:30:00 IST,1729.98,TARGET_1,1.5,13,88.0,WYCKOFF_SPRING_TYPE_2,True,True,True,4.55,True,NONE
LENSKART,2025-09-18 15:30:00 IST,BULL,2025-09-18 09:15:00 IST,1704.9,1651.73,1784.65,1811.24,1837.83,1864.41,2025-10-16 15:30:00 IST,1734.99,TIMEOUT_20D,0.57,20,94.0,MULTI_MONTH_BASE_BREAKOUT,True,True,True,3.12,True,NONE
LENSKART,2025-09-26 15:30:00 IST,BULL,2025-09-26 09:15:00 IST,1762.9,1715.7,1833.71,1857.3,1880.9,1904.5,2025-10-01 15:30:00 IST,1715.7,STOP_LOSS,-1.0,3,87.0,BULL_FLAG,True,True,True,2.68,True,NONE
LENSKART,2025-10-31 15:30:00 IST,BULL,2025-10-31 09:15:00 IST,1749.04,1704.17,1816.34,1838.78,1861.21,1883.65,2025-11-12 15:30:00 IST,1816.34,TARGET_1,1.5,8,82.0,CUP_HANDLE,True,True,True,2.57,True,NONE
LENSKART,2026-02-12 15:30:00 IST,BEAR,2026-02-12 09:15:00 IST,1734.96,1654.49,1855.66,1895.9,1936.14,1976.37,2026-03-11 15:30:00 IST,1654.49,STOP_LOSS,-1.0,19,92.0,WYCKOFF_SPRING_TYPE_2,True,True,True,4.64,True,NONE
LENSKART,2026-05-15 15:30:00 IST,SIDEWAYS,2026-05-15 09:15:00 IST,1577.13,1504.9,1685.49,1721.59,1757.71,1793.82,2026-06-12 15:30:00 IST,1615.69,TIMEOUT_20D,0.53,20,89.0,WYCKOFF_SPRING_TYPE_2,True,True,True,4.58,True,NONE
LENSKART,2026-06-03 15:30:00 IST,BULL,2026-06-03 09:15:00 IST,1594.07,1547.73,1663.59,1686.75,1709.92,1733.09,2026-06-23 15:30:00 IST,1663.59,TARGET_1,1.5,14,84.0,V_REVERSAL,True,True,True,2.91,True,NONE
LGEINDIA,2025-07-01 15:30:00 IST,BEAR,2025-07-01 09:15:00 IST,729.51,695.51,780.51,797.51,814.51,831.51,2025-07-18 15:30:00 IST,780.51,TARGET_1,1.5,13,91.0,WYCKOFF_SPRING_TYPE_2,True,True,True,4.66,True,NONE
LGEINDIA,2025-11-26 15:30:00 IST,BEAR,2025-11-26 09:15:00 IST,741.31,709.87,788.46,804.19,819.91,835.63,2025-12-03 15:30:00 IST,709.87,STOP_LOSS,-1.0,5,93.0,WYCKOFF_SPRING_TYPE_2,True,True,True,4.24,True,NONE
LGEINDIA,2026-01-12 15:30:00 IST,BEAR,2026-01-12 09:15:00 IST,687.9,666.3,720.3,731.1,741.9,752.7,2026-02-04 15:30:00 IST,720.3,TARGET_1,1.5,17,89.0,WYCKOFF_SPRING_TYPE_2,True,True,True,3.14,True,NONE
LGEINDIA,2026-01-21 15:30:00 IST,BEAR,2026-01-21 09:15:00 IST,691.32,666.3,728.85,741.36,753.87,766.38,2026-02-05 15:30:00 IST,728.85,TARGET_1,1.5,11,84.0,V_REVERSAL,True,True,True,3.62,True,NONE
LGEINDIA,2026-02-04 15:30:00 IST,BULL,2026-02-04 09:15:00 IST,721.84,679.64,785.14,806.24,827.34,848.44,2026-03-04 15:30:00 IST,714.74,TIMEOUT_20D,-0.17,20,86.0,DOUBLE_BOTTOM,True,True,True,5.85,True,NONE
LGEINDIA,2026-03-16 15:30:00 IST,BULL,2026-03-16 09:15:00 IST,772.6,746.83,811.25,824.14,837.02,849.91,2026-03-20 15:30:00 IST,746.83,STOP_LOSS,-1.0,4,91.0,BULL_FLAG,True,True,True,3.34,True,NONE
LINDEINDIA,2026-02-09 15:30:00 IST,BULL,2026-02-09 09:15:00 IST,6292.5,5914.95,6858.83,7047.6,7236.38,7425.15,2026-02-09 15:30:00 IST,6858.83,TARGET_1,1.5,1,88.0,HIGHER_LOW_REVERSAL,True,True,True,6.0,True,NONE
LINDEINDIA,2026-02-13 15:30:00 IST,BULL,2026-02-13 09:15:00 IST,6900.0,6486.0,7521.0,7728.0,7935.0,8142.0,2026-03-15 15:30:00 IST,7172.5,TIMEOUT_20D,0.66,20,93.0,SHAKEOUT_RECLAIM,True,True,True,6.0,True,NONE
LINDEINDIA,2026-03-12 15:30:00 IST,BULL,2026-03-12 09:15:00 IST,7189.5,6770.6,7817.85,8027.3,8236.75,8446.2,2026-03-22 15:30:00 IST,6770.6,STOP_LOSS,-1.0,7,95.0,MULTI_MONTH_BASE_BREAKOUT,True,True,True,5.83,True,NONE
LINDEINDIA,2026-06-18 15:30:00 IST,SIDEWAYS,2026-06-18 09:15:00 IST,7275.5,6875.45,7875.58,8075.6,8275.62,8475.65,2026-07-15 15:30:00 IST,7128.0,TIMEOUT_20D,-0.37,20,86.0,BULL_FLAG,True,True,True,5.5,True,NONE
LICI,2025-03-28 15:30:00 IST,SIDEWAYS,2025-03-28 09:15:00 IST,1026.66,979.5,1097.41,1120.98,1144.56,1168.14,2025-04-25 15:30:00 IST,1072.91,TIMEOUT_20D,0.98,20,92.0,WYCKOFF_SPRING_TYPE_2,True,True,True,4.59,True,NONE
LICI,2025-04-25 15:30:00 IST,BULL,2025-04-25 09:15:00 IST,1072.91,1036.14,1128.07,1146.45,1164.84,1183.22,2025-05-08 15:30:00 IST,1128.07,TARGET_1,1.5,9,87.0,CUP_HANDLE,True,True,True,3.43,True,NONE
LICI,2025-06-18 15:30:00 IST,SIDEWAYS,2025-06-18 09:15:00 IST,1115.31,1083.06,1163.68,1179.81,1195.93,1212.06,2025-06-19 15:30:00 IST,1083.06,STOP_LOSS,-1.0,1,93.0,WYCKOFF_SPRING_TYPE_2,True,True,True,2.89,True,NONE
LICI,2025-07-03 15:30:00 IST,SIDEWAYS,2025-07-03 09:15:00 IST,1153.44,1084.23,1257.25,1291.86,1326.47,1361.07,2025-07-28 15:30:00 IST,1257.25,TARGET_1,1.5,17,89.0,WYCKOFF_SPRING_TYPE_2,True,True,True,6.0,True,NONE
LICI,2025-12-04 15:30:00 IST,SIDEWAYS,2025-12-04 09:15:00 IST,1265.92,1213.52,1344.52,1370.72,1396.92,1423.12,2025-12-29 15:30:00 IST,1344.52,TARGET_1,1.5,17,91.0,WYCKOFF_SPRING_TYPE_2,True,True,True,4.14,True,NONE
LICI,2025-12-18 15:30:00 IST,SIDEWAYS,2025-12-18 09:15:00 IST,1289.42,1230.26,1378.16,1407.74,1437.32,1466.9,2026-01-09 15:30:00 IST,1378.16,TARGET_1,1.5,16,88.0,DOUBLE_BOTTOM,True,True,True,4.59,True,NONE
LICI,2026-06-09 15:30:00 IST,BEAR,2026-06-09 09:15:00 IST,1427.69,1379.16,1500.48,1524.75,1549.01,1573.28,2026-06-16 15:30:00 IST,1379.16,STOP_LOSS,-1.0,5,86.0,WYCKOFF_SPRING_TYPE_2,True,True,True,3.4,True,NONE
LLOYDSME,2025-11-26 15:30:00 IST,BEAR,2025-11-26 09:15:00 IST,1240.26,1165.84,1351.89,1389.1,1426.31,1463.52,2025-12-21 15:30:00 IST,1351.89,TARGET_1,1.5,18,79.0,SHAKEOUT_RECLAIM,True,True,True,6.0,True,NONE
LLOYDSME,2026-01-28 15:30:00 IST,BEAR,2026-01-28 09:15:00 IST,1141.32,1090.07,1218.19,1243.82,1269.44,1295.07,2026-01-29 15:30:00 IST,1090.07,STOP_LOSS,-1.0,2,91.0,SHAKEOUT_RECLAIM,True,True,True,4.49,True,NONE
LLOYDSME,2026-02-25 15:30:00 IST,SIDEWAYS,2026-02-25 09:15:00 IST,1251.05,1175.99,1363.65,1401.17,1438.7,1476.23,2026-03-03 15:30:00 IST,1175.99,STOP_LOSS,-1.0,4,86.0,V_REVERSAL,True,True,True,6.0,True,NONE
LLOYDSME,2026-03-05 15:30:00 IST,SIDEWAYS,2026-03-05 09:15:00 IST,1204.88,1132.59,1313.31,1349.46,1385.61,1421.75,2026-03-08 15:30:00 IST,1132.59,STOP_LOSS,-1.0,2,92.0,SHAKEOUT_RECLAIM,True,True,True,6.0,True,NONE
LLOYDSME,2026-03-17 15:30:00 IST,SIDEWAYS,2026-03-17 09:15:00 IST,1235.56,1161.43,1346.76,1383.82,1420.88,1457.95,2026-03-31 15:30:00 IST,1346.76,TARGET_1,1.5,9,92.0,V_REVERSAL,True,True,True,6.0,True,NONE
LLOYDSME,2026-04-17 15:30:00 IST,BULL,2026-04-17 09:15:00 IST,1622.33,1524.99,1768.34,1817.01,1865.68,1914.35,2026-04-28 15:30:00 IST,1768.34,TARGET_1,1.5,8,92.0,BULL_FLAG,True,True,True,6.0,True,NONE
LLOYDSME,2026-07-15 15:30:00 IST,BULL,2026-07-15 09:15:00 IST,1866.1,1774.08,2004.13,2050.14,2096.15,2142.16,2026-07-26 15:30:00 IST,2004.13,TARGET_1,1.5,8,88.0,DOUBLE_BOTTOM,True,True,True,4.93,True,NONE
LLOYDSME,2026-07-27 15:30:00 IST,BULL,2026-07-27 09:15:00 IST,2014.9,1894.01,2196.24,2256.68,2317.13,2377.57,2026-08-11 15:30:00 IST,1894.01,STOP_LOSS,-1.0,12,93.0,MULTI_MONTH_BASE_BREAKOUT,True,True,True,6.0,True,NONE
LLOYDSENGG,2025-03-07 15:30:00 IST,BULL,2025-03-07 09:15:00 IST,1748.71,1679.96,1851.83,1886.21,1920.59,1954.96,2025-03-31 15:30:00 IST,1679.96,STOP_LOSS,-1.0,16,91.0,MULTI_MONTH_BASE_BREAKOUT,True,True,True,3.93,True,NONE
LLOYDSENGG,2025-04-22 15:30:00 IST,SIDEWAYS,2025-04-22 09:15:00 IST,1643.25,1576.25,1743.74,1777.25,1810.75,1844.25,2025-05-01 15:30:00 IST,1576.25,STOP_LOSS,-1.0,7,87.0,V_REVERSAL,True,True,True,4.08,True,NONE
LLOYDSENGG,2025-08-29 15:30:00 IST,BULL,2025-08-29 09:15:00 IST,1859.77,1797.16,1953.68,1984.99,2016.29,2047.6,2025-09-09 15:30:00 IST,1953.68,TARGET_1,1.5,7,94.0,MULTI_MONTH_BASE_BREAKOUT,True,True,True,3.37,True,NONE
LLOYDSENGG,2026-03-13 15:30:00 IST,SIDEWAYS,2026-03-13 09:15:00 IST,2144.42,2015.75,2337.43,2401.76,2466.1,2530.43,2026-04-10 15:30:00 IST,2202.47,TIMEOUT_20D,0.45,20,85.0,V_REVERSAL,True,True,True,6.0,True,NONE
LLOYDSENGG,2026-04-16 15:30:00 IST,BULL,2026-04-16 09:15:00 IST,2193.99,2134.73,2282.87,2312.51,2342.14,2371.77,2026-04-29 15:30:00 IST,2282.87,TARGET_1,1.5,9,88.0,CUP_HANDLE,True,True,True,2.7,True,NONE
LLOYDSENGG,2026-05-01 15:30:00 IST,BULL,2026-05-01 09:15:00 IST,2330.86,2215.83,2503.4,2560.92,2618.44,2675.95,2026-05-29 15:30:00 IST,2337.25,TIMEOUT_20D,0.06,20,92.0,MULTI_MONTH_BASE_BREAKOUT,True,True,True,4.93,True,NONE
LODHA,2025-11-11 15:30:00 IST,BULL,2025-11-11 09:15:00 IST,1221.0,1178.28,1285.08,1306.44,1327.8,1349.16,2025-11-18 15:30:00 IST,1178.28,STOP_LOSS,-1.0,6,85.0,CUP_HANDLE,True,True,True,3.5,True,NONE
LODHA,2026-01-02 15:30:00 IST,BEAR,2026-01-02 09:15:00 IST,1085.7,1042.36,1150.71,1172.38,1194.05,1215.72,2026-01-11 15:30:00 IST,1042.36,STOP_LOSS,-1.0,6,87.0,WYCKOFF_SPRING_TYPE_2,True,True,True,3.99,True,NONE
LODHA,2026-01-29 15:30:00 IST,BEAR,2026-01-29 09:15:00 IST,951.4,894.32,1037.02,1065.56,1094.1,1122.64,2026-02-02 15:30:00 IST,1037.02,TARGET_1,1.5,3,90.0,BULL_PENNANT,True,True,True,6.0,True,NONE
LODHA,2026-04-02 15:30:00 IST,BEAR,2026-04-02 09:15:00 IST,696.05,654.29,758.69,779.57,800.45,821.33,2026-04-07 15:30:00 IST,758.69,TARGET_1,1.5,3,86.0,SHAKEOUT_RECLAIM,True,True,True,6.0,True,NONE
LODHA,2026-05-19 15:30:00 IST,BULL,2026-05-19 09:15:00 IST,892.2,838.67,972.5,999.26,1026.03,1052.79,2026-06-15 15:30:00 IST,937.95,TIMEOUT_20D,0.85,20,85.0,CUP_HANDLE,True,True,True,6.0,True,NONE
LODHA,2026-07-01 15:30:00 IST,BULL,2026-07-01 09:15:00 IST,992.3,935.9,1076.9,1105.1,1133.3,1161.5,2026-07-05 15:30:00 IST,1076.9,TARGET_1,1.5,3,86.0,DOUBLE_BOTTOM,True,True,True,5.68,True,NONE
LODHA,2026-07-09 15:30:00 IST,BULL,2026-07-09 09:15:00 IST,1192.15,1120.62,1299.45,1335.21,1370.98,1406.74,2026-07-23 15:30:00 IST,1120.62,STOP_LOSS,-1.0,11,83.0,V_REVERSAL,True,True,True,6.0,True,NONE
LODHA,2026-07-28 15:30:00 IST,BULL,2026-07-28 09:15:00 IST,1296.84,1219.03,1413.57,1452.46,1491.36,1530.27,2026-08-05 15:30:00 IST,1219.03,STOP_LOSS,-1.0,7,93.0,BULL_FLAG,True,True,True,6.0,True,NONE
LOTUSDEV,2025-12-09 15:30:00 IST,BEAR,2025-12-09 09:15:00 IST,158.06,151.22,168.32,171.74,175.16,178.58,2025-12-17 15:30:00 IST,151.22,STOP_LOSS,-1.0,7,88.0,SHAKEOUT_RECLAIM,True,True,True,4.33,True,NONE
LOTUSDEV,2026-01-02 15:30:00 IST,SIDEWAYS,2026-01-02 09:15:00 IST,166.36,156.38,181.33,186.32,191.31,196.3,2026-01-08 15:30:00 IST,156.38,STOP_LOSS,-1.0,5,90.0,WYCKOFF_SPRING_TYPE_2,True,True,True,6.0,True,NONE
LOTUSDEV,2026-01-28 15:30:00 IST,SIDEWAYS,2026-01-28 09:15:00 IST,157.38,147.94,171.54,176.26,180.98,185.7,2026-01-28 15:30:00 IST,147.94,STOP_LOSS,-1.0,1,87.0,SHAKEOUT_RECLAIM,True,True,True,6.0,True,NONE
LOTUSDEV,2026-05-06 15:30:00 IST,BULL,2026-05-06 09:15:00 IST,143.76,136.31,154.93,158.66,162.38,166.11,2026-05-17 15:30:00 IST,136.31,STOP_LOSS,-1.0,8,87.0,CUP_HANDLE,True,True,True,5.18,True,NONE
LOTUSDEV,2026-07-22 15:30:00 IST,BULL,2026-07-22 09:15:00 IST,162.7,152.94,177.34,182.22,187.1,191.98,2026-07-23 15:30:00 IST,177.34,TARGET_1,1.5,2,94.0,MULTI_MONTH_BASE_BREAKOUT,True,True,True,6.0,True,NONE
LOTUSDEV,2026-07-30 15:30:00 IST,BULL,2026-07-30 09:15:00 IST,193.24,181.65,210.63,216.42,222.22,228.01,2026-08-09 15:30:00 IST,181.65,STOP_LOSS,-1.0,7,86.0,WYCKOFF_SPRING_TYPE_2,True,True,True,6.0,True,NONE
LLOYDSENT,2025-08-11 15:30:00 IST,BULL,2025-08-11 09:15:00 IST,1424.99,1385.25,1484.59,1504.47,1524.34,1544.21,2025-08-19 15:30:00 IST,1385.25,STOP_LOSS,-1.0,6,89.0,CUP_HANDLE,True,True,True,2.79,True,NONE
LLOYDSENT,2026-01-06 15:30:00 IST,BULL,2026-01-06 09:15:00 IST,1665.56,1616.21,1739.59,1764.26,1788.93,1813.61,2026-01-15 15:30:00 IST,1739.59,TARGET_1,1.5,7,82.0,CUP_HANDLE,True,True,True,2.96,True,NONE
LLOYDSENT,2026-01-21 15:30:00 IST,BULL,2026-01-21 09:15:00 IST,1771.57,1712.5,1860.18,1889.71,1919.24,1948.78,2026-01-29 15:30:00 IST,1712.5,STOP_LOSS,-1.0,6,97.0,MULTI_MONTH_BASE_BREAKOUT,True,True,True,3.33,True,NONE
LLOYDSENT,2026-03-17 15:30:00 IST,BEAR,2026-03-17 09:15:00 IST,1592.0,1571.87,1622.2,1632.26,1642.33,1652.39,2026-03-19 15:30:00 IST,1571.87,STOP_LOSS,-1.0,2,90.0,WYCKOFF_SPRING_TYPE_2,True,True,True,1.26,True,NONE
LLOYDSENT,2026-04-06 15:30:00 IST,SIDEWAYS,2026-04-06 09:15:00 IST,1664.05,1589.69,1775.6,1812.77,1849.95,1887.13,2026-05-04 15:30:00 IST,1736.18,TIMEOUT_20D,0.97,20,89.0,BULL_FLAG,True,True,True,4.47,True,NONE
LLOYDSENT,2026-06-30 15:30:00 IST,BULL,2026-06-30 09:15:00 IST,1819.54,1728.23,1956.5,2002.16,2047.81,2093.47,2026-07-28 15:30:00 IST,1840.38,TIMEOUT_20D,0.23,20,82.0,V_REVERSAL,True,True,True,5.02,True,NONE
LTM,2025-11-12 15:30:00 IST,BULL,2025-11-12 09:15:00 IST,5815.56,5503.74,6283.3,6439.2,6595.11,6751.02,2025-12-04 15:30:00 IST,6283.3,TARGET_1,1.5,17,90.0,MULTI_MONTH_BASE_BREAKOUT,True,True,True,5.36,True,NONE
LTM,2025-12-04 15:30:00 IST,BULL,2025-12-04 09:15:00 IST,6183.14,5950.26,6532.45,6648.9,6765.34,6881.78,2025-12-18 15:30:00 IST,5950.26,STOP_LOSS,-1.0,11,90.0,MULTI_MONTH_BASE_BREAKOUT,True,True,True,3.77,True,NONE
LTM,2026-01-16 15:30:00 IST,BULL,2026-01-16 09:15:00 IST,6224.58,5851.11,6784.79,6971.52,7158.26,7344.99,2026-01-19 15:30:00 IST,5851.11,STOP_LOSS,-1.0,2,89.0,V_REVERSAL,True,True,True,6.0,True,NONE
LTM,2026-04-02 15:30:00 IST,BEAR,2026-04-02 09:15:00 IST,4246.98,3992.17,4629.21,4756.6,4884.0,5011.41,2026-04-15 15:30:00 IST,4629.21,TARGET_1,1.5,8,98.0,SHAKEOUT_RECLAIM,True,True,True,6.0,True,NONE
LTM,2026-07-07 15:30:00 IST,SIDEWAYS,2026-07-07 09:15:00 IST,3858.5,3626.99,4205.77,4321.52,4437.28,4553.03,2026-07-12 15:30:00 IST,4205.77,TARGET_1,1.5,4,85.0,SHAKEOUT_RECLAIM,True,True,True,6.0,True,NONE
LTM,2026-08-03 15:30:00 IST,BULL,2026-08-03 09:15:00 IST,4690.0,4408.6,5112.1,5252.8,5393.5,5534.2,2026-08-30 15:30:00 IST,4540.0,TIMEOUT_20D,-0.53,20,95.0,MULTI_MONTH_BASE_BREAKOUT,True,True,True,6.0,True,NONE
LTM,2026-08-28 15:30:00 IST,BULL,2026-08-28 09:15:00 IST,4675.0,4394.5,5095.75,5236.0,5376.25,5516.5,2026-09-03 15:30:00 IST,4554.0,TIMEOUT_20D,-0.43,5,94.0,SHAKEOUT_RECLAIM,True,True,True,6.0,True,NONE
LT,2024-11-25 15:30:00 IST,SIDEWAYS,2024-11-25 09:15:00 IST,3682.35,3461.41,4013.77,4124.23,4234.7,4345.17,2024-12-22 15:30:00 IST,3571.97,TIMEOUT_20D,-0.5,20,88.0,V_REVERSAL,True,True,True,6.0,True,NONE
LT,2024-12-03 15:30:00 IST,BULL,2024-12-03 09:15:00 IST,3715.76,3548.84,3966.15,4049.6,4133.06,4216.52,2024-12-19 15:30:00 IST,3548.84,STOP_LOSS,-1.0,13,88.0,BULL_FLAG,True,True,True,4.49,True,NONE
LT,2024-12-09 15:30:00 IST,BULL,2024-12-09 09:15:00 IST,3873.0,3696.56,4137.65,4225.88,4314.1,4402.32,2024-12-17 15:30:00 IST,3696.56,STOP_LOSS,-1.0,7,93.0,MULTI_MONTH_BASE_BREAKOUT,True,True,True,4.56,True,NONE
LT,2025-01-31 15:30:00 IST,SIDEWAYS,2025-01-31 09:15:00 IST,3500.25,3314.44,3778.96,3871.87,3964.77,4057.68,2025-02-02 15:30:00 IST,3314.44,STOP_LOSS,-1.0,1,92.0,SHAKEOUT_RECLAIM,True,True,True,5.31,True,NONE
LT,2025-03-20 15:30:00 IST,SIDEWAYS,2025-03-20 09:15:00 IST,3287.97,3132.39,3521.34,3599.13,3676.92,3754.71,2025-04-06 15:30:00 IST,3132.39,STOP_LOSS,-1.0,11,90.0,DOUBLE_BOTTOM,True,True,True,4.73,True,NONE
LT,2025-05-09 15:30:00 IST,BULL,2025-05-09 09:15:00 IST,3379.07,3206.17,3638.43,3724.87,3811.32,3897.77,2025-06-04 15:30:00 IST,3638.43,TARGET_1,1.5,19,87.0,CUP_HANDLE,True,True,True,5.12,True,NONE
LT,2025-10-15 15:30:00 IST,BULL,2025-10-15 09:15:00 IST,3791.67,3675.65,3965.69,4023.71,4081.72,4139.73,2025-10-28 15:30:00 IST,3965.69,TARGET_1,1.5,9,83.0,CUP_HANDLE,True,True,True,3.06,True,NONE
LT,2025-10-28 15:30:00 IST,BULL,2025-10-28 09:15:00 IST,3934.37,3773.99,4174.94,4255.13,4335.32,4415.51,2025-11-25 15:30:00 IST,4022.71,TIMEOUT_20D,0.55,20,86.0,BULL_FLAG,True,True,True,4.08,True,NONE
LTTS,2025-11-19 15:30:00 IST,SIDEWAYS,2025-11-19 09:15:00 IST,4390.49,4127.06,4785.64,4917.35,5049.06,5180.78,2025-12-16 15:30:00 IST,4431.92,TIMEOUT_20D,0.16,20,94.0,SHAKEOUT_RECLAIM,True,True,True,6.0,True,NONE
LTTS,2025-12-04 15:30:00 IST,BULL,2025-12-04 09:15:00 IST,4632.86,4354.89,5049.81,5188.8,5327.78,5466.77,2025-12-31 15:30:00 IST,4354.89,STOP_LOSS,-1.0,19,90.0,MULTI_MONTH_BASE_BREAKOUT,True,True,True,6.0,True,NONE
LTTS,2026-01-07 15:30:00 IST,SIDEWAYS,2026-01-07 09:15:00 IST,4343.62,4210.92,4542.67,4609.02,4675.37,4741.72,2026-01-11 15:30:00 IST,4210.92,STOP_LOSS,-1.0,3,88.0,SHAKEOUT_RECLAIM,True,True,True,3.06,True,NONE
LTTS,2026-01-21 15:30:00 IST,BEAR,2026-01-21 09:15:00 IST,3855.23,3656.19,4153.78,4253.31,4352.83,4452.35,2026-02-01 15:30:00 IST,3656.19,STOP_LOSS,-1.0,7,92.0,SHAKEOUT_RECLAIM,True,True,True,5.16,True,NONE
LTTS,2026-02-27 15:30:00 IST,BEAR,2026-02-27 09:15:00 IST,3473.24,3264.84,3785.83,3890.04,3994.24,4098.44,2026-03-04 15:30:00 IST,3264.84,STOP_LOSS,-1.0,3,90.0,BULL_PENNANT,True,True,True,6.0,True,NONE
LTTS,2026-04-27 15:30:00 IST,BULL,2026-04-27 09:15:00 IST,3549.77,3336.79,3869.25,3975.73,4082.22,4188.71,2026-05-24 15:30:00 IST,3546.2,TIMEOUT_20D,-0.02,20,87.0,SHAKEOUT_RECLAIM,True,True,True,6.0,True,NONE
LTTS,2026-06-09 15:30:00 IST,SIDEWAYS,2026-06-09 09:15:00 IST,3417.7,3212.64,3725.29,3827.82,3930.35,4032.88,2026-06-28 15:30:00 IST,3212.64,STOP_LOSS,-1.0,14,92.0,SHAKEOUT_RECLAIM,True,True,True,6.0,True,NONE
LTTS,2026-07-02 15:30:00 IST,BEAR,2026-07-02 09:15:00 IST,3166.9,3014.85,3394.97,3471.0,3547.03,3623.05,2026-07-14 15:30:00 IST,3394.97,TARGET_1,1.5,9,87.0,SHAKEOUT_RECLAIM,True,True,True,4.8,True,NONE
LTFOODS,2025-02-27 15:30:00 IST,BULL,2025-02-27 09:15:00 IST,582.85,575.86,593.34,596.83,600.33,603.82,2025-03-03 15:30:00 IST,593.34,TARGET_1,1.5,2,89.0,CUP_HANDLE,True,True,True,1.2,True,NONE
LTFOODS,2025-03-05 15:30:00 IST,BULL,2025-03-05 09:15:00 IST,587.82,579.81,599.83,603.84,607.85,611.85,2025-03-06 15:30:00 IST,599.83,TARGET_1,1.5,1,93.0,CUP_HANDLE,True,True,True,1.36,True,NONE
LTFOODS,2025-08-20 15:30:00 IST,BEAR,2025-08-20 09:15:00 IST,600.68,576.1,637.54,649.84,662.13,674.42,2025-08-27 15:30:00 IST,576.1,STOP_LOSS,-1.0,5,89.0,WYCKOFF_SPRING_TYPE_2,True,True,True,4.09,True,NONE
LTFOODS,2025-09-12 15:30:00 IST,SIDEWAYS,2025-09-12 09:15:00 IST,605.86,569.5,660.39,678.58,696.76,714.94,2025-10-10 15:30:00 IST,620.6,TIMEOUT_20D,0.41,20,85.0,V_REVERSAL,True,True,True,6.0,True,NONE
LTFOODS,2025-11-05 15:30:00 IST,SIDEWAYS,2025-11-05 09:15:00 IST,614.15,596.17,641.12,650.11,659.1,668.09,2025-11-14 15:30:00 IST,596.17,STOP_LOSS,-1.0,7,91.0,WYCKOFF_SPRING_TYPE_2,True,True,True,2.93,True,NONE
LTFOODS,2025-11-27 15:30:00 IST,SIDEWAYS,2025-11-27 09:15:00 IST,603.77,584.25,633.04,642.81,652.57,662.33,2025-12-08 15:30:00 IST,584.25,STOP_LOSS,-1.0,7,81.0,V_REVERSAL,True,True,True,3.23,True,NONE
LTFOODS,2026-02-10 15:30:00 IST,BULL,2026-02-10 09:15:00 IST,628.3,616.97,645.3,650.96,656.62,662.29,2026-02-18 15:30:00 IST,616.97,STOP_LOSS,-1.0,6,90.0,CUP_HANDLE,True,True,True,1.8,True,NONE
LTF,2025-06-24 15:30:00 IST,BULL,2025-06-24 09:15:00 IST,2036.78,1979.71,2122.39,2150.92,2179.45,2207.99,2025-07-10 15:30:00 IST,2122.39,TARGET_1,1.5,12,81.0,CUP_HANDLE,True,True,True,2.8,True,NONE
LTF,2025-09-09 15:30:00 IST,BULL,2025-09-09 09:15:00 IST,2321.18,2265.94,2404.05,2431.66,2459.28,2486.9,2025-09-11 15:30:00 IST,2404.05,TARGET_1,1.5,2,81.0,CUP_HANDLE,True,True,True,2.38,True,NONE
LTF,2025-11-04 15:30:00 IST,SIDEWAYS,2025-11-04 09:15:00 IST,2449.65,2380.39,2553.53,2588.17,2622.8,2657.43,2025-11-07 15:30:00 IST,2553.53,TARGET_1,1.5,3,89.0,WYCKOFF_SPRING_TYPE_2,True,True,True,2.83,True,NONE
LTF,2026-02-12 15:30:00 IST,BULL,2026-02-12 09:15:00 IST,2997.03,2817.21,3266.77,3356.67,3446.58,3536.49,2026-03-12 15:30:00 IST,3067.06,TIMEOUT_20D,0.39,20,90.0,V_REVERSAL,True,True,True,6.0,True,NONE
LTF,2026-02-27 15:30:00 IST,BULL,2026-02-27 09:15:00 IST,3026.89,2953.83,3136.48,3173.01,3209.54,3246.07,2026-03-25 15:30:00 IST,2953.83,STOP_LOSS,-1.0,18,91.0,CUP_HANDLE,True,True,True,2.41,True,NONE
LUMAXTECH,2025-11-07 15:30:00 IST,BULL,2025-11-07 09:15:00 IST,1200.2,1128.19,1308.21,1344.22,1380.22,1416.23,2025-11-09 15:30:00 IST,1308.21,TARGET_1,1.5,1,85.0,V_REVERSAL,True,True,True,6.0,True,NONE
LUMAXTECH,2025-12-15 15:30:00 IST,BULL,2025-12-15 09:15:00 IST,1575.7,1481.16,1717.51,1764.78,1812.05,1859.32,2025-12-15 15:30:00 IST,1481.16,STOP_LOSS,-1.0,1,87.0,BULL_PENNANT,True,True,True,6.0,True,NONE
LUMAXTECH,2026-01-02 15:30:00 IST,BULL,2026-01-02 09:15:00 IST,1655.4,1556.08,1804.38,1854.04,1903.7,1953.36,2026-01-07 15:30:00 IST,1556.08,STOP_LOSS,-1.0,4,88.0,HIGHER_LOW_REVERSAL,True,True,True,6.0,True,NONE
LUMAXTECH,2026-02-03 15:30:00 IST,SIDEWAYS,2026-02-03 09:15:00 IST,1471.8,1383.49,1604.27,1648.42,1692.57,1736.73,2026-02-09 15:30:00 IST,1604.27,TARGET_1,1.5,5,86.0,V_REVERSAL,True,True,True,6.0,True,NONE
LUMAXTECH,2026-05-07 15:30:00 IST,BULL,2026-05-07 09:15:00 IST,1707.3,1604.86,1860.96,1912.18,1963.4,2014.62,2026-05-13 15:30:00 IST,1604.86,STOP_LOSS,-1.0,5,87.0,CUP_HANDLE,True,True,True,6.0,True,NONE
LUMAXTECH,2026-08-11 15:30:00 IST,BULL,2026-08-11 09:15:00 IST,2076.3,1951.72,2263.17,2325.46,2387.75,2450.04,2026-08-23 15:30:00 IST,1951.72,STOP_LOSS,-1.0,9,92.0,BULL_FLAG,True,True,True,6.0,True,NONE
LUPIN,2025-11-12 15:30:00 IST,BULL,2025-11-12 09:15:00 IST,2019.26,1920.45,2167.47,2216.88,2266.28,2315.69,2025-12-09 15:30:00 IST,2040.6,TIMEOUT_20D,0.22,20,87.0,HIGHER_LOW_REVERSAL,True,True,True,4.89,True,NONE
LUPIN,2026-01-06 15:30:00 IST,BULL,2026-01-06 09:15:00 IST,2134.23,2067.5,2234.31,2267.69,2301.06,2334.42,2026-02-01 15:30:00 IST,2067.5,STOP_LOSS,-1.0,18,100.0,MULTI_MONTH_BASE_BREAKOUT,True,True,True,3.13,True,NONE
LUPIN,2026-06-29 15:30:00 IST,BULL,2026-06-29 09:15:00 IST,2391.96,2308.48,2517.17,2558.92,2600.66,2642.4,2026-07-20 15:30:00 IST,2517.17,TARGET_1,1.5,16,90.0,CUP_HANDLE,True,True,True,3.49,True,NONE
M&M,2026-01-28 15:30:00 IST,BEAR,2026-01-28 09:15:00 IST,3413.35,3292.8,3594.19,3654.45,3714.72,3775.0,2026-01-28 15:30:00 IST,3292.8,STOP_LOSS,-1.0,1,91.0,SHAKEOUT_RECLAIM,True,True,True,3.53,True,NONE
M&M,2026-03-16 15:30:00 IST,BEAR,2026-03-16 09:15:00 IST,3004.55,2851.57,3234.01,3310.51,3387.0,3463.49,2026-04-09 15:30:00 IST,3234.01,TARGET_1,1.5,16,91.0,SHAKEOUT_RECLAIM,True,True,True,5.09,True,NONE
M&M,2026-05-05 15:30:00 IST,SIDEWAYS,2026-05-05 09:15:00 IST,3177.43,2986.79,3463.4,3558.71,3654.03,3749.35,2026-05-28 15:30:00 IST,2986.79,STOP_LOSS,-1.0,18,94.0,SHAKEOUT_RECLAIM,True,True,True,6.0,True,NONE
M&MFIN,2025-11-28 15:30:00 IST,BULL,2025-11-28 09:15:00 IST,363.67,341.85,396.39,407.31,418.22,429.13,2025-12-03 15:30:00 IST,341.85,STOP_LOSS,-1.0,4,91.0,BULL_FLAG,True,True,True,6.0,True,NONE
M&MFIN,2025-12-05 15:30:00 IST,BULL,2025-12-05 09:15:00 IST,359.46,337.89,391.82,402.6,413.38,424.17,2025-12-07 15:30:00 IST,337.89,STOP_LOSS,-1.0,1,97.0,SHAKEOUT_RECLAIM,True,True,True,6.0,True,NONE
M&MFIN,2025-12-30 15:30:00 IST,BULL,2025-12-30 09:15:00 IST,395.5,371.77,431.1,442.96,454.83,466.69,2026-01-05 15:30:00 IST,371.77,STOP_LOSS,-1.0,5,90.0,BULL_FLAG,True,True,True,6.0,True,NONE
M&MFIN,2026-01-29 15:30:00 IST,BULL,2026-01-29 09:15:00 IST,366.02,344.05,398.96,409.96,420.94,431.93,2026-02-01 15:30:00 IST,344.05,STOP_LOSS,-1.0,2,80.0,V_REVERSAL,True,True,True,6.0,True,NONE
M&MFIN,2026-02-17 15:30:00 IST,BULL,2026-02-17 09:15:00 IST,375.94,353.39,409.77,421.04,432.32,443.59,2026-03-01 15:30:00 IST,353.39,STOP_LOSS,-1.0,9,90.0,WYCKOFF_SPRING_TYPE_2,True,True,True,6.0,True,NONE
M&MFIN,2026-04-08 15:30:00 IST,BEAR,2026-04-08 09:15:00 IST,290.17,272.76,316.29,324.99,333.7,342.4,2026-04-26 15:30:00 IST,316.29,TARGET_1,1.5,12,90.0,SHAKEOUT_RECLAIM,True,True,True,6.0,True,NONE
M&MFIN,2026-04-29 15:30:00 IST,SIDEWAYS,2026-04-29 09:15:00 IST,313.15,294.37,341.33,350.71,360.1,369.49,2026-05-04 15:30:00 IST,294.37,STOP_LOSS,-1.0,4,90.0,WYCKOFF_SPRING_TYPE_2,True,True,True,6.0,True,NONE
M&MFIN,2026-06-24 15:30:00 IST,SIDEWAYS,2026-06-24 09:15:00 IST,304.01,285.77,331.37,340.49,349.61,358.73,2026-07-05 15:30:00 IST,331.37,TARGET_1,1.5,8,94.0,SHAKEOUT_RECLAIM,True,True,True,6.0,True,NONE
M&MFIN,2026-07-03 15:30:00 IST,BULL,2026-07-03 09:15:00 IST,326.7,307.1,356.1,365.9,375.7,385.5,2026-07-20 15:30:00 IST,356.1,TARGET_1,1.5,12,91.0,CUP_HANDLE,True,True,True,6.0,True,NONE
MAHABANK,2025-12-31 15:30:00 IST,SIDEWAYS,2025-12-31 09:15:00 IST,60.2,57.94,63.6,64.72,65.85,66.98,2026-01-04 15:30:00 IST,63.6,TARGET_1,1.5,3,89.0,MULTI_MONTH_BASE_BREAKOUT,True,True,True,3.76,True,NONE
MAHABANK,2026-01-12 15:30:00 IST,BULL,2026-01-12 09:15:00 IST,61.87,58.18,67.41,69.25,71.09,72.94,2026-02-09 15:30:00 IST,66.03,TIMEOUT_20D,1.13,20,87.0,CUP_HANDLE,True,True,True,5.97,True,NONE
MAHABANK,2026-02-18 15:30:00 IST,BULL,2026-02-18 09:15:00 IST,67.95,63.88,74.06,76.09,78.12,80.16,2026-02-25 15:30:00 IST,74.06,TARGET_1,1.5,6,88.0,BULL_FLAG,True,True,True,6.0,True,NONE
MAHABANK,2026-02-25 15:30:00 IST,BULL,2026-02-25 09:15:00 IST,72.97,68.59,79.53,81.73,83.92,86.11,2026-03-03 15:30:00 IST,68.59,STOP_LOSS,-1.0,4,85.0,V_REVERSAL,True,True,True,6.0,True,NONE
MAHABANK,2026-06-09 15:30:00 IST,BULL,2026-06-09 09:15:00 IST,83.97,78.93,91.53,94.05,96.57,99.09,2026-06-28 15:30:00 IST,91.53,TARGET_1,1.5,14,91.0,V_REVERSAL,True,True,True,6.0,True,NONE
MAHABANK,2026-06-17 15:30:00 IST,BULL,2026-06-17 09:15:00 IST,90.14,84.73,98.25,100.96,103.66,106.37,2026-07-06 15:30:00 IST,84.73,STOP_LOSS,-1.0,14,87.0,SHAKEOUT_RECLAIM,True,True,True,6.0,True,NONE
MAHABANK,2026-06-29 15:30:00 IST,BULL,2026-06-29 09:15:00 IST,93.85,88.22,102.29,105.11,107.92,110.74,2026-07-02 15:30:00 IST,88.22,STOP_LOSS,-1.0,4,94.0,BULL_FLAG,True,True,True,6.0,True,NONE
MAHABANK,2026-08-12 15:30:00 IST,SIDEWAYS,2026-08-12 09:15:00 IST,81.87,76.96,89.24,91.69,94.15,96.6,2026-09-03 15:30:00 IST,85.95,TIMEOUT_20D,0.83,17,96.0,SHAKEOUT_RECLAIM,True,True,True,6.0,True,NONE
MAHSEAMLES,2026-02-04 15:30:00 IST,SIDEWAYS,2026-02-04 09:15:00 IST,536.65,504.45,584.95,601.05,617.15,633.25,2026-03-04 15:30:00 IST,552.35,TIMEOUT_20D,0.49,20,84.0,WYCKOFF_SPRING_TYPE_2,True,True,True,6.0,True,NONE
MAHSEAMLES,2026-02-26 15:30:00 IST,SIDEWAYS,2026-02-26 09:15:00 IST,568.95,534.81,620.16,637.23,654.3,671.37,2026-03-03 15:30:00 IST,534.81,STOP_LOSS,-1.0,3,91.0,V_REVERSAL,True,True,True,6.0,True,NONE
LXCHEM,2025-10-03 15:30:00 IST,SIDEWAYS,2025-10-03 09:15:00 IST,1356.23,1324.87,1403.26,1418.95,1434.63,1450.31,2025-10-14 15:30:00 IST,1403.26,TARGET_1,1.5,7,89.0,WYCKOFF_SPRING_TYPE_2,True,True,True,2.31,True,NONE
LXCHEM,2026-02-02 15:30:00 IST,SIDEWAYS,2026-02-02 09:15:00 IST,1252.53,1178.44,1363.65,1400.71,1437.75,1474.8,2026-03-02 15:30:00 IST,1256.61,TIMEOUT_20D,0.06,20,92.0,WYCKOFF_SPRING_TYPE_2,True,True,True,5.91,True,NONE
LXCHEM,2026-03-10 15:30:00 IST,BULL,2026-03-10 09:15:00 IST,1293.42,1261.68,1341.04,1356.9,1372.77,1388.64,2026-03-31 15:30:00 IST,1341.04,TARGET_1,1.5,15,89.0,CUP_HANDLE,True,True,True,2.45,True,NONE
LXCHEM,2026-06-09 15:30:00 IST,BULL,2026-06-09 09:15:00 IST,1435.42,1370.36,1533.02,1565.54,1598.07,1630.6,2026-06-25 15:30:00 IST,1370.36,STOP_LOSS,-1.0,12,90.0,DOUBLE_BOTTOM,True,True,True,4.53,True,NONE
LXCHEM,2026-06-15 15:30:00 IST,BULL,2026-06-15 09:15:00 IST,1477.55,1424.99,1556.39,1582.67,1608.95,1635.23,2026-06-23 15:30:00 IST,1424.99,STOP_LOSS,-1.0,6,94.0,MULTI_MONTH_BASE_BREAKOUT,True,True,True,3.56,True,NONE
LXCHEM,2026-07-13 15:30:00 IST,SIDEWAYS,2026-07-13 09:15:00 IST,1394.11,1320.1,1505.13,1542.13,1579.13,1616.14,2026-08-10 15:30:00 IST,1366.36,TIMEOUT_20D,-0.37,20,93.0,WYCKOFF_SPRING_TYPE_2,True,True,True,5.31,True,NONE
MANAPPURAM,2025-12-24 15:30:00 IST,BULL,2025-12-24 09:15:00 IST,312.62,293.86,340.76,350.14,359.52,368.9,2026-01-08 15:30:00 IST,293.86,STOP_LOSS,-1.0,11,93.0,WYCKOFF_SPRING_TYPE_2,True,True,True,6.0,True,NONE
MANAPPURAM,2026-01-07 15:30:00 IST,BULL,2026-01-07 09:15:00 IST,317.94,301.61,342.43,350.6,358.76,366.93,2026-01-08 15:30:00 IST,301.61,STOP_LOSS,-1.0,2,90.0,BULL_FLAG,True,True,True,5.14,True,NONE
MANAPPURAM,2026-01-13 15:30:00 IST,BULL,2026-01-13 09:15:00 IST,306.16,287.79,333.72,342.9,352.09,361.27,2026-01-27 15:30:00 IST,287.79,STOP_LOSS,-1.0,10,86.0,V_REVERSAL,True,True,True,6.0,True,NONE
MANAPPURAM,2026-05-13 15:30:00 IST,BULL,2026-05-13 09:15:00 IST,308.61,290.1,336.38,345.63,354.88,364.14,2026-06-09 15:30:00 IST,290.1,STOP_LOSS,-1.0,20,92.0,SHAKEOUT_RECLAIM,True,True,True,6.0,True,NONE
MANAPPURAM,2026-06-25 15:30:00 IST,BULL,2026-06-25 09:15:00 IST,317.59,298.53,346.17,355.71,365.24,374.77,2026-07-05 15:30:00 IST,346.17,TARGET_1,1.5,7,96.0,WYCKOFF_SPRING_TYPE_2,True,True,True,6.0,True,NONE
MANAPPURAM,2026-07-06 15:30:00 IST,BULL,2026-07-06 09:15:00 IST,345.11,324.5,376.02,386.33,396.64,406.94,2026-07-13 15:30:00 IST,324.5,STOP_LOSS,-1.0,6,96.0,MULTI_MONTH_BASE_BREAKOUT,True,True,True,5.97,True,NONE
MANAPPURAM,2026-07-20 15:30:00 IST,BULL,2026-07-20 09:15:00 IST,336.13,319.72,360.76,368.95,377.15,385.36,2026-07-27 15:30:00 IST,360.76,TARGET_1,1.5,6,85.0,DOUBLE_BOTTOM,True,True,True,4.88,True,NONE
MANKIND,2025-11-12 15:30:00 IST,BEAR,2025-11-12 09:15:00 IST,2270.0,2187.51,2393.73,2434.98,2476.22,2517.47,2025-12-02 15:30:00 IST,2187.51,STOP_LOSS,-1.0,15,92.0,SHAKEOUT_RECLAIM,True,True,True,3.63,True,NONE
MANKIND,2026-01-07 15:30:00 IST,SIDEWAYS,2026-01-07 09:15:00 IST,2311.8,2202.14,2476.29,2531.12,2585.95,2640.78,2026-01-08 15:30:00 IST,2202.14,STOP_LOSS,-1.0,2,97.0,DOUBLE_BOTTOM,True,True,True,4.74,True,NONE
MANKIND,2026-01-22 15:30:00 IST,BEAR,2026-01-22 09:15:00 IST,2147.0,2071.49,2260.27,2298.02,2335.78,2373.53,2026-01-26 15:30:00 IST,2071.49,STOP_LOSS,-1.0,2,84.0,SHAKEOUT_RECLAIM,True,True,True,3.52,True,NONE
MANKIND,2026-02-26 15:30:00 IST,SIDEWAYS,2026-02-26 09:15:00 IST,2279.7,2157.41,2463.13,2524.28,2585.42,2646.57,2026-03-08 15:30:00 IST,2157.41,STOP_LOSS,-1.0,6,90.0,DOUBLE_BOTTOM,True,True,True,5.36,True,NONE
MANKIND,2026-03-09 15:30:00 IST,BULL,2026-03-09 09:15:00 IST,2163.3,2033.5,2358.0,2422.9,2487.8,2552.7,2026-03-18 15:30:00 IST,2033.5,STOP_LOSS,-1.0,8,89.0,WYCKOFF_SPRING_TYPE_2,True,True,True,6.0,True,NONE
MANKIND,2026-05-06 15:30:00 IST,BULL,2026-05-06 09:15:00 IST,2361.0,2219.34,2573.49,2644.32,2715.15,2785.98,2026-05-19 15:30:00 IST,2573.49,TARGET_1,1.5,10,90.0,BULL_FLAG,True,True,True,6.0,True,NONE
MANKIND,2026-06-22 15:30:00 IST,BULL,2026-06-22 09:15:00 IST,2538.3,2386.0,2766.75,2842.9,2919.05,2995.2,2026-07-19 15:30:00 IST,2565.8,TIMEOUT_20D,0.18,20,91.0,WYCKOFF_SPRING_TYPE_2,True,True,True,6.0,True,NONE
MANKIND,2026-06-30 15:30:00 IST,BULL,2026-06-30 09:15:00 IST,2545.6,2444.72,2696.92,2747.36,2797.8,2848.24,2026-07-27 15:30:00 IST,2617.9,TIMEOUT_20D,0.72,20,89.0,CUP_HANDLE,True,True,True,3.96,True,NONE
MANKIND,2026-07-28 15:30:00 IST,BULL,2026-07-28 09:15:00 IST,2617.9,2488.79,2811.56,2876.12,2940.68,3005.23,2026-07-30 15:30:00 IST,2488.79,STOP_LOSS,-1.0,3,89.0,CUP_HANDLE,True,True,True,4.93,True,NONE
MANKIND,2026-08-12 15:30:00 IST,SIDEWAYS,2026-08-12 09:15:00 IST,2433.1,2369.39,2528.67,2560.52,2592.38,2624.23,2026-08-17 15:30:00 IST,2369.39,STOP_LOSS,-1.0,4,90.0,SHAKEOUT_RECLAIM,True,True,True,2.62,True,NONE
MANORAMA,2025-12-04 15:30:00 IST,SIDEWAYS,2025-12-04 09:15:00 IST,1370.6,1288.36,1493.96,1535.08,1576.2,1617.32,2025-12-29 15:30:00 IST,1288.36,STOP_LOSS,-1.0,17,89.0,SHAKEOUT_RECLAIM,True,True,True,6.0,True,NONE
MANORAMA,2026-01-02 15:30:00 IST,SIDEWAYS,2026-01-02 09:15:00 IST,1390.8,1307.35,1515.98,1557.7,1599.43,1641.15,2026-01-07 15:30:00 IST,1307.35,STOP_LOSS,-1.0,4,89.0,DOUBLE_BOTTOM,True,True,True,6.0,True,NONE
MANORAMA,2026-01-28 15:30:00 IST,SIDEWAYS,2026-01-28 09:15:00 IST,1277.5,1200.85,1392.48,1430.8,1469.13,1507.45,2026-01-29 15:30:00 IST,1392.48,TARGET_1,1.5,2,88.0,V_REVERSAL,True,True,True,6.0,True,NONE
MANORAMA,2026-04-01 15:30:00 IST,BEAR,2026-04-01 09:15:00 IST,1221.2,1147.93,1331.1,1367.74,1404.38,1441.01,2026-04-07 15:30:00 IST,1331.1,TARGET_1,1.5,4,87.0,SHAKEOUT_RECLAIM,True,True,True,6.0,True,NONE
MANORAMA,2026-04-30 15:30:00 IST,BULL,2026-04-30 09:15:00 IST,1509.0,1418.46,1644.81,1690.08,1735.35,1780.62,2026-05-11 15:30:00 IST,1418.46,STOP_LOSS,-1.0,8,86.0,BULL_FLAG,True,True,True,6.0,True,NONE
MANORAMA,2026-06-10 15:30:00 IST,BULL,2026-06-10 09:15:00 IST,1540.7,1448.26,1679.36,1725.58,1771.8,1818.02,2026-07-07 15:30:00 IST,1510.8,TIMEOUT_20D,-0.32,20,88.0,CUP_HANDLE,True,True,True,6.0,True,NONE
MANORAMA,2026-06-30 15:30:00 IST,BULL,2026-06-30 09:15:00 IST,1655.3,1588.86,1754.96,1788.18,1821.4,1854.62,2026-06-30 15:30:00 IST,1588.86,STOP_LOSS,-1.0,1,95.0,MULTI_MONTH_BASE_BREAKOUT,True,True,True,4.01,True,NONE
MANORAMA,2026-07-27 15:30:00 IST,BULL,2026-07-27 09:15:00 IST,1658.9,1559.37,1808.2,1857.96,1907.73,1957.49,2026-08-13 15:30:00 IST,1808.2,TARGET_1,1.5,14,86.0,CUP_HANDLE,True,True,True,6.0,True,NONE
MAHSCOOTER,2025-03-17 15:30:00 IST,BULL,2025-03-17 09:15:00 IST,1835.89,1788.44,1907.06,1930.79,1954.52,1978.24,2025-03-24 15:30:00 IST,1788.44,STOP_LOSS,-1.0,5,89.0,CUP_HANDLE,True,True,True,2.58,True,NONE
MAHSCOOTER,2025-06-13 15:30:00 IST,SIDEWAYS,2025-06-13 09:15:00 IST,1752.89,1674.91,1869.86,1908.85,1947.84,1986.83,2025-06-23 15:30:00 IST,1674.91,STOP_LOSS,-1.0,6,85.0,WYCKOFF_SPRING_TYPE_2,True,True,True,4.45,True,NONE
MAHSCOOTER,2025-09-19 15:30:00 IST,BULL,2025-09-19 09:15:00 IST,1791.31,1730.71,1882.21,1912.51,1942.81,1973.11,2025-09-26 15:30:00 IST,1730.71,STOP_LOSS,-1.0,5,86.0,CUP_HANDLE,True,True,True,3.38,True,NONE
MAHSCOOTER,2026-05-14 15:30:00 IST,BEAR,2026-05-14 09:15:00 IST,1888.94,1847.59,1950.97,1971.64,1992.32,2012.99,2026-06-11 15:30:00 IST,1950.97,TARGET_1,1.5,20,84.0,WYCKOFF_SPRING_TYPE_2,True,True,True,2.19,True,NONE
MAHSCOOTER,2026-05-27 15:30:00 IST,SIDEWAYS,2026-05-27 09:15:00 IST,1914.5,1837.71,2029.69,2068.08,2106.47,2144.87,2026-06-12 15:30:00 IST,2029.69,TARGET_1,1.5,12,86.0,DOUBLE_BOTTOM,True,True,True,4.01,True,NONE
MAHSCOOTER,2026-06-04 15:30:00 IST,SIDEWAYS,2026-06-04 09:15:00 IST,1917.96,1848.21,2022.58,2057.46,2092.34,2127.21,2026-06-12 15:30:00 IST,2022.58,TARGET_1,1.5,6,83.0,V_REVERSAL,True,True,True,3.64,True,NONE
MAHSCOOTER,2026-06-26 15:30:00 IST,BULL,2026-06-26 09:15:00 IST,2096.13,2014.7,2218.28,2258.99,2299.71,2340.42,2026-07-24 15:30:00 IST,2082.87,TIMEOUT_20D,-0.16,20,89.0,MULTI_MONTH_BASE_BREAKOUT,True,True,True,3.88,True,NONE
MAPMYINDIA,2025-12-29 15:30:00 IST,SIDEWAYS,2025-12-29 09:15:00 IST,1714.0,1611.16,1868.26,1919.68,1971.1,2022.52,2026-01-08 15:30:00 IST,1611.16,STOP_LOSS,-1.0,9,90.0,WYCKOFF_SPRING_TYPE_2,True,True,True,6.0,True,NONE
MAPMYINDIA,2026-05-11 15:30:00 IST,BULL,2026-05-11 09:15:00 IST,1077.0,1012.38,1173.93,1206.24,1238.55,1270.86,2026-05-11 15:30:00 IST,1012.38,STOP_LOSS,-1.0,1,87.0,SHAKEOUT_RECLAIM,True,True,True,6.0,True,NONE
MAPMYINDIA,2026-07-02 15:30:00 IST,SIDEWAYS,2026-07-02 09:15:00 IST,914.35,859.49,996.64,1024.07,1051.5,1078.93,2026-07-08 15:30:00 IST,996.64,TARGET_1,1.5,5,90.0,HIGHER_LOW_REVERSAL,True,True,True,6.0,True,NONE
MAPMYINDIA,2026-07-09 15:30:00 IST,BULL,2026-07-09 09:15:00 IST,1069.2,1005.05,1165.42,1197.5,1229.58,1261.65,2026-07-12 15:30:00 IST,1165.42,TARGET_1,1.5,2,95.0,DOUBLE_BOTTOM,True,True,True,6.0,True,NONE
MARSONS,2026-07-09 15:30:00 IST,SIDEWAYS,2026-07-09 09:15:00 IST,116.8,109.79,127.32,130.82,134.32,137.83,2026-07-23 15:30:00 IST,109.79,STOP_LOSS,-1.0,11,94.0,SHAKEOUT_RECLAIM,True,True,True,6.0,True,NONE
MARSONS,2026-08-20 15:30:00 IST,SIDEWAYS,2026-08-20 09:15:00 IST,112.15,105.42,122.25,125.61,128.98,132.34,2026-08-23 15:30:00 IST,122.25,TARGET_1,1.5,2,87.0,V_REVERSAL,True,True,True,6.0,True,NONE
MARICO,2026-01-05 15:30:00 IST,BULL,2026-01-05 09:15:00 IST,773.05,742.34,819.11,834.47,849.82,865.18,2026-01-20 15:30:00 IST,742.34,STOP_LOSS,-1.0,12,92.0,MULTI_MONTH_BASE_BREAKOUT,True,True,True,3.97,True,NONE
MARICO,2026-04-02 15:30:00 IST,SIDEWAYS,2026-04-02 09:15:00 IST,761.35,719.93,823.48,844.19,864.9,885.61,2026-05-03 15:30:00 IST,784.55,TIMEOUT_20D,0.56,20,88.0,WYCKOFF_SPRING_TYPE_2,True,True,True,5.44,True,NONE
MARICO,2026-05-05 15:30:00 IST,BULL,2026-05-05 09:15:00 IST,807.2,761.82,875.27,897.96,920.65,943.34,2026-06-01 15:30:00 IST,810.95,TIMEOUT_20D,0.08,20,92.0,HIGHER_LOW_REVERSAL,True,True,True,5.62,True,NONE
MARICO,2026-06-29 15:30:00 IST,BULL,2026-06-29 09:15:00 IST,839.95,806.4,890.28,907.05,923.83,940.6,2026-07-26 15:30:00 IST,854.74,TIMEOUT_20D,0.44,20,88.0,CUP_HANDLE,True,True,True,3.99,True,NONE
MARKSANS,2026-03-20 15:30:00 IST,BEAR,2026-03-20 09:15:00 IST,170.05,160.2,184.83,189.75,194.68,199.6,2026-03-22 15:30:00 IST,160.2,STOP_LOSS,-1.0,1,87.0,SHAKEOUT_RECLAIM,True,True,True,5.79,True,NONE
MARKSANS,2026-04-23 15:30:00 IST,BULL,2026-04-23 09:15:00 IST,193.25,181.66,210.63,216.43,222.23,228.02,2026-04-29 15:30:00 IST,181.66,STOP_LOSS,-1.0,5,91.0,BULL_FLAG,True,True,True,6.0,True,NONE
MARKSANS,2026-05-07 15:30:00 IST,BULL,2026-05-07 09:15:00 IST,203.02,190.84,221.29,227.38,233.47,239.56,2026-05-18 15:30:00 IST,221.29,TARGET_1,1.5,8,86.0,HIGHER_LOW_REVERSAL,True,True,True,6.0,True,NONE
MARKSANS,2026-05-18 15:30:00 IST,BULL,2026-05-18 09:15:00 IST,217.62,204.56,237.21,243.74,250.27,256.8,2026-05-25 15:30:00 IST,237.21,TARGET_1,1.5,6,90.0,HIGHER_LOW_REVERSAL,True,True,True,6.0,True,NONE
MARKSANS,2026-05-26 15:30:00 IST,BULL,2026-05-26 09:15:00 IST,254.79,239.5,277.72,285.37,293.01,300.66,2026-05-31 15:30:00 IST,239.5,STOP_LOSS,-1.0,4,92.0,V_REVERSAL,True,True,True,6.0,True,NONE
MARKSANS,2026-07-09 15:30:00 IST,BULL,2026-07-09 09:15:00 IST,277.3,260.66,302.26,310.58,318.9,327.22,2026-07-20 15:30:00 IST,260.66,STOP_LOSS,-1.0,8,85.0,CUP_HANDLE,True,True,True,6.0,True,NONE
MARKSANS,2026-08-12 15:30:00 IST,BULL,2026-08-12 09:15:00 IST,312.6,293.84,340.74,350.12,359.5,368.88,2026-08-16 15:30:00 IST,340.74,TARGET_1,1.5,3,89.0,BULL_FLAG,True,True,True,6.0,True,NONE
MANYAVAR,2025-03-26 15:30:00 IST,BULL,2025-03-26 09:15:00 IST,2379.84,2298.41,2501.97,2542.7,2583.42,2624.13,2025-04-09 15:30:00 IST,2298.41,STOP_LOSS,-1.0,10,88.0,MULTI_MONTH_BASE_BREAKOUT,True,True,True,3.42,True,NONE
MANYAVAR,2025-06-06 15:30:00 IST,BULL,2025-06-06 09:15:00 IST,2426.74,2281.14,2645.14,2717.94,2790.74,2863.54,2025-06-27 15:30:00 IST,2645.14,TARGET_1,1.5,15,84.0,V_REVERSAL,True,True,True,6.0,True,NONE
MANYAVAR,2025-09-30 15:30:00 IST,SIDEWAYS,2025-09-30 09:15:00 IST,2865.86,2717.92,3087.77,3161.74,3235.71,3309.68,2025-10-21 15:30:00 IST,3087.77,TARGET_1,1.5,15,86.0,WYCKOFF_SPRING_TYPE_2,True,True,True,5.16,True,NONE
MANYAVAR,2026-02-02 15:30:00 IST,BULL,2026-02-02 09:15:00 IST,3855.38,3624.06,4202.37,4318.02,4433.68,4549.34,2026-03-02 15:30:00 IST,3941.85,TIMEOUT_20D,0.37,20,82.0,V_REVERSAL,True,True,True,6.0,True,NONE
MANYAVAR,2026-03-19 15:30:00 IST,BULL,2026-03-19 09:15:00 IST,4121.52,3970.22,4348.47,4424.12,4499.77,4575.42,2026-04-16 15:30:00 IST,4136.55,TIMEOUT_20D,0.1,20,88.0,MULTI_MONTH_BASE_BREAKOUT,True,True,True,3.67,True,NONE
MANYAVAR,2026-05-05 15:30:00 IST,BULL,2026-05-05 09:15:00 IST,4237.0,4120.68,4411.48,4469.64,4527.8,4585.96,2026-05-20 15:30:00 IST,4120.68,STOP_LOSS,-1.0,11,91.0,CUP_HANDLE,True,True,True,2.75,True,NONE
MANYAVAR,2026-08-18 15:30:00 IST,BULL,2026-08-18 09:15:00 IST,5126.29,4818.71,5587.65,5741.45,5895.24,6049.03,2026-08-18 15:30:00 IST,4818.71,STOP_LOSS,-1.0,1,92.0,MULTI_MONTH_BASE_BREAKOUT,True,True,True,6.0,True,NONE
MAXHEALTH,2025-11-19 15:30:00 IST,SIDEWAYS,2025-11-19 09:15:00 IST,1162.33,1092.59,1266.95,1301.81,1336.68,1371.55,2025-12-02 15:30:00 IST,1092.59,STOP_LOSS,-1.0,10,94.0,WYCKOFF_SPRING_TYPE_2,True,True,True,6.0,True,NONE
MAXHEALTH,2026-05-11 15:30:00 IST,BULL,2026-05-11 09:15:00 IST,1036.11,999.19,1091.49,1109.95,1128.41,1146.87,2026-05-20 15:30:00 IST,1091.49,TARGET_1,1.5,8,88.0,CUP_HANDLE,True,True,True,3.56,True,NONE
MAXHEALTH,2026-06-18 15:30:00 IST,BULL,2026-06-18 09:15:00 IST,1088.52,1023.2,1186.49,1219.16,1251.82,1284.48,2026-07-15 15:30:00 IST,1098.2,TIMEOUT_20D,0.15,20,89.0,V_REVERSAL,True,True,True,6.0,True,NONE
MARUTI,2025-01-02 15:30:00 IST,SIDEWAYS,2025-01-02 09:15:00 IST,11714.51,11011.64,12768.81,13120.25,13471.69,13823.12,2025-01-29 15:30:00 IST,11871.51,TIMEOUT_20D,0.22,20,93.0,WYCKOFF_SPRING_TYPE_2,True,True,True,6.0,True,NONE
MARUTI,2025-01-14 15:30:00 IST,BULL,2025-01-14 09:15:00 IST,11615.43,10940.78,12627.41,12964.73,13302.06,13639.38,2025-02-02 15:30:00 IST,12627.41,TARGET_1,1.5,14,86.0,DOUBLE_BOTTOM,True,True,True,5.81,True,NONE
MARUTI,2025-04-30 15:30:00 IST,SIDEWAYS,2025-04-30 09:15:00 IST,12125.76,11468.12,13112.21,13441.04,13769.86,14098.68,2025-05-28 15:30:00 IST,12259.31,TIMEOUT_20D,0.2,20,91.0,DOUBLE_BOTTOM,True,True,True,5.42,True,NONE
MARUTI,2025-06-06 15:30:00 IST,BULL,2025-06-06 09:15:00 IST,12328.56,11827.9,13079.56,13329.88,13580.21,13830.54,2025-07-03 15:30:00 IST,12510.59,TIMEOUT_20D,0.36,20,84.0,CUP_HANDLE,True,True,True,4.06,True,NONE
MARUTI,2025-08-18 15:30:00 IST,BULL,2025-08-18 09:15:00 IST,14068.0,13223.92,15334.12,15756.16,16178.2,16600.24,2025-09-08 15:30:00 IST,15334.12,TARGET_1,1.5,15,94.0,WYCKOFF_SPRING_TYPE_2,True,True,True,6.0,True,NONE
MARUTI,2026-06-12 15:30:00 IST,SIDEWAYS,2026-06-12 09:15:00 IST,13366.0,12636.5,14460.25,14825.0,15189.75,15554.5,2026-07-09 15:30:00 IST,13716.25,TIMEOUT_20D,0.48,20,84.0,WYCKOFF_SPRING_TYPE_2,True,True,True,5.46,True,NONE
MARUTI,2026-06-30 15:30:00 IST,BULL,2026-06-30 09:15:00 IST,13974.65,13136.17,15232.38,15651.61,16070.85,16490.09,2026-07-23 15:30:00 IST,13136.17,STOP_LOSS,-1.0,18,92.0,DOUBLE_BOTTOM,True,True,True,6.0,True,NONE
MARUTI,2026-07-30 15:30:00 IST,BULL,2026-07-30 09:15:00 IST,14046.93,13416.96,14991.87,15306.87,15621.86,15936.84,2026-08-26 15:30:00 IST,13416.96,STOP_LOSS,-1.0,20,87.0,DOUBLE_BOTTOM,True,True,True,4.48,True,NONE
MAYURUNIQ,2025-10-31 15:30:00 IST,SIDEWAYS,2025-10-31 09:15:00 IST,545.35,512.63,594.43,610.79,627.15,643.51,2025-11-17 15:30:00 IST,512.63,STOP_LOSS,-1.0,11,85.0,V_REVERSAL,True,True,True,6.0,True,NONE
MAYURUNIQ,2025-11-11 15:30:00 IST,BULL,2025-11-11 09:15:00 IST,554.95,528.89,594.04,607.07,620.1,633.13,2025-11-11 15:30:00 IST,528.89,STOP_LOSS,-1.0,1,84.0,BULL_FLAG,True,True,True,4.7,True,NONE
MAYURUNIQ,2026-01-01 15:30:00 IST,SIDEWAYS,2026-01-01 09:15:00 IST,515.35,493.63,547.93,558.79,569.65,580.51,2026-01-04 15:30:00 IST,493.63,STOP_LOSS,-1.0,2,88.0,DOUBLE_BOTTOM,True,True,True,4.21,True,NONE
MAYURUNIQ,2026-04-21 15:30:00 IST,BULL,2026-04-21 09:15:00 IST,586.4,557.2,630.2,644.8,659.4,674.0,2026-04-27 15:30:00 IST,557.2,STOP_LOSS,-1.0,5,88.0,CUP_HANDLE,True,True,True,4.98,True,NONE
MAYURUNIQ,2026-05-07 15:30:00 IST,BULL,2026-05-07 09:15:00 IST,605.1,575.06,650.16,665.18,680.2,695.22,2026-05-19 15:30:00 IST,650.16,TARGET_1,1.5,9,94.0,MULTI_MONTH_BASE_BREAKOUT,True,True,True,4.96,True,NONE
MAYURUNIQ,2026-05-15 15:30:00 IST,BULL,2026-05-15 09:15:00 IST,628.4,590.7,684.95,703.8,722.65,741.5,2026-05-19 15:30:00 IST,684.95,TARGET_1,1.5,3,92.0,SHAKEOUT_RECLAIM,True,True,True,6.0,True,NONE
MAYURUNIQ,2026-06-09 15:30:00 IST,BULL,2026-06-09 09:15:00 IST,798.85,750.92,870.74,894.71,918.68,942.64,2026-06-29 15:30:00 IST,870.74,TARGET_1,1.5,15,92.0,BULL_FLAG,True,True,True,6.0,True,NONE
MASTEK,2025-02-28 15:30:00 IST,BULL,2025-02-28 09:15:00 IST,2238.34,2155.57,2362.5,2403.88,2445.27,2486.65,2025-03-06 15:30:00 IST,2155.57,STOP_LOSS,-1.0,4,94.0,MULTI_MONTH_BASE_BREAKOUT,True,True,True,3.7,True,NONE
MASTEK,2025-05-09 15:30:00 IST,BEAR,2025-05-09 09:15:00 IST,2093.56,2067.52,2132.61,2145.64,2158.66,2171.68,2025-05-12 15:30:00 IST,2067.52,STOP_LOSS,-1.0,1,87.0,WYCKOFF_SPRING_TYPE_2,True,True,True,1.24,True,NONE
MASTEK,2025-09-01 15:30:00 IST,BEAR,2025-09-01 09:15:00 IST,1980.45,1924.06,2065.03,2093.23,2121.43,2149.62,2025-09-05 15:30:00 IST,2065.03,TARGET_1,1.5,4,84.0,V_REVERSAL,True,True,True,2.85,True,NONE
MASTEK,2025-09-10 15:30:00 IST,BULL,2025-09-10 09:15:00 IST,2075.68,2040.66,2128.21,2145.72,2163.23,2180.74,2025-09-18 15:30:00 IST,2040.66,STOP_LOSS,-1.0,6,81.0,CUP_HANDLE,True,True,True,1.69,True,NONE
MASTEK,2025-09-26 15:30:00 IST,BULL,2025-09-26 09:15:00 IST,2078.09,1957.55,2258.9,2319.17,2379.44,2439.71,2025-10-08 15:30:00 IST,1957.55,STOP_LOSS,-1.0,8,83.0,DOUBLE_BOTTOM,True,True,True,5.8,True,NONE
MBAPL,2025-12-29 15:30:00 IST,SIDEWAYS,2025-12-29 09:15:00 IST,84.99,79.9,92.64,95.17,97.71,100.26,2026-01-08 15:30:00 IST,79.9,STOP_LOSS,-1.0,9,90.0,SHAKEOUT_RECLAIM,True,True,True,5.99,True,NONE
MBAPL,2026-02-16 15:30:00 IST,BULL,2026-02-16 09:15:00 IST,96.04,91.52,102.81,105.08,107.34,109.6,2026-02-18 15:30:00 IST,91.52,STOP_LOSS,-1.0,3,87.0,BULL_FLAG,True,True,True,4.7,True,NONE
MBAPL,2026-03-20 15:30:00 IST,SIDEWAYS,2026-03-20 09:15:00 IST,90.53,85.74,97.71,100.11,102.51,104.9,2026-03-31 15:30:00 IST,97.71,TARGET_1,1.5,6,87.0,SHAKEOUT_RECLAIM,True,True,True,5.29,True,NONE
MBAPL,2026-04-01 15:30:00 IST,BULL,2026-04-01 09:15:00 IST,100.87,94.87,109.87,112.87,115.87,118.87,2026-04-05 15:30:00 IST,109.87,TARGET_1,1.5,2,92.0,MULTI_MONTH_BASE_BREAKOUT,True,True,True,5.95,True,NONE
MBAPL,2026-06-24 15:30:00 IST,BULL,2026-06-24 09:15:00 IST,114.5,108.46,123.56,126.58,129.6,132.62,2026-06-30 15:30:00 IST,108.46,STOP_LOSS,-1.0,5,84.0,CUP_HANDLE,True,True,True,5.28,True,NONE
MBAPL,2026-07-01 15:30:00 IST,BULL,2026-07-01 09:15:00 IST,118.65,113.49,126.39,128.97,131.55,134.13,2026-07-02 15:30:00 IST,126.39,TARGET_1,1.5,2,98.0,MULTI_MONTH_BASE_BREAKOUT,True,True,True,4.35,True,NONE
MBAPL,2026-07-08 15:30:00 IST,BULL,2026-07-08 09:15:00 IST,118.05,112.32,126.65,129.51,132.38,135.24,2026-07-08 15:30:00 IST,126.65,TARGET_1,1.5,1,88.0,DOUBLE_BOTTOM,True,True,True,4.85,True,NONE
MBAPL,2026-07-16 15:30:00 IST,BULL,2026-07-16 09:15:00 IST,131.6,123.7,143.45,147.4,151.35,155.3,2026-07-19 15:30:00 IST,143.45,TARGET_1,1.5,2,96.0,WYCKOFF_SPRING_TYPE_2,True,True,True,6.0,True,NONE
MBAPL,2026-07-27 15:30:00 IST,BULL,2026-07-27 09:15:00 IST,163.95,154.11,178.71,183.63,188.55,193.47,2026-08-23 15:30:00 IST,168.91,TIMEOUT_20D,0.5,20,90.0,HIGHER_LOW_REVERSAL,True,True,True,6.0,True,NONE
MCX,2025-11-26 15:30:00 IST,BULL,2025-11-26 09:15:00 IST,2056.6,1933.2,2241.7,2303.4,2365.1,2426.8,2025-12-23 15:30:00 IST,2165.0,TIMEOUT_20D,0.88,20,88.0,HIGHER_LOW_REVERSAL,True,True,True,6.0,True,NONE
MCX,2025-12-22 15:30:00 IST,BULL,2025-12-22 09:15:00 IST,2164.2,2034.35,2358.97,2423.9,2488.82,2553.75,2026-01-13 15:30:00 IST,2358.97,TARGET_1,1.5,16,81.0,V_REVERSAL,True,True,True,6.0,True,NONE
MCX,2026-01-27 15:30:00 IST,BULL,2026-01-27 09:15:00 IST,2418.0,2272.92,2635.62,2708.16,2780.7,2853.24,2026-01-28 15:30:00 IST,2635.62,TARGET_1,1.5,2,93.0,SHAKEOUT_RECLAIM,True,True,True,6.0,True,NONE
MCX,2026-05-11 15:30:00 IST,BULL,2026-05-11 09:15:00 IST,3187.9,2996.63,3474.8,3570.44,3666.07,3761.71,2026-05-20 15:30:00 IST,3474.8,TARGET_1,1.5,8,85.0,V_REVERSAL,True,True,True,6.0,True,NONE
MCX,2026-06-29 15:30:00 IST,SIDEWAYS,2026-06-29 09:15:00 IST,2914.5,2739.63,3176.8,3264.24,3351.67,3439.11,2026-07-05 15:30:00 IST,2739.63,STOP_LOSS,-1.0,5,95.0,WYCKOFF_SPRING_TYPE_2,True,True,True,6.0,True,NONE
MCX,2026-07-08 15:30:00 IST,BEAR,2026-07-08 09:15:00 IST,2742.0,2577.48,2988.78,3071.04,3153.3,3235.56,2026-08-04 15:30:00 IST,2577.48,STOP_LOSS,-1.0,20,89.0,SHAKEOUT_RECLAIM,True,True,True,6.0,True,NONE
MCX,2026-08-10 15:30:00 IST,SIDEWAYS,2026-08-10 09:15:00 IST,2759.3,2593.74,3007.64,3090.42,3173.2,3255.98,2026-08-12 15:30:00 IST,3007.64,TARGET_1,1.5,3,86.0,V_REVERSAL,True,True,True,6.0,True,NONE
MCX,2026-08-18 15:30:00 IST,BULL,2026-08-18 09:15:00 IST,3040.0,2877.64,3283.54,3364.72,3445.9,3527.08,2026-08-24 15:30:00 IST,3283.54,TARGET_1,1.5,5,89.0,BULL_FLAG,True,True,True,5.34,True,NONE
MEDANTA,2026-01-07 15:30:00 IST,SIDEWAYS,2026-01-07 09:15:00 IST,1238.5,1164.19,1349.96,1387.12,1424.27,1461.43,2026-01-11 15:30:00 IST,1164.19,STOP_LOSS,-1.0,3,86.0,WYCKOFF_SPRING_TYPE_2,True,True,True,6.0,True,NONE
MEDANTA,2026-02-02 15:30:00 IST,SIDEWAYS,2026-02-02 09:15:00 IST,1140.2,1071.79,1242.81,1277.02,1311.23,1345.43,2026-03-01 15:30:00 IST,1130.0,TIMEOUT_20D,-0.15,20,88.0,V_REVERSAL,True,True,True,6.0,True,NONE
MEDANTA,2026-04-01 15:30:00 IST,BEAR,2026-04-01 09:15:00 IST,989.2,951.22,1046.17,1065.16,1084.15,1103.14,2026-04-07 15:30:00 IST,1046.17,TARGET_1,1.5,4,89.0,SHAKEOUT_RECLAIM,True,True,True,3.84,True,NONE
MEDANTA,2026-05-04 15:30:00 IST,BULL,2026-05-04 09:15:00 IST,1171.5,1101.21,1276.93,1312.08,1347.22,1382.37,2026-05-14 15:30:00 IST,1276.93,TARGET_1,1.5,9,87.0,CUP_HANDLE,True,True,True,6.0,True,NONE
MEDANTA,2026-05-11 15:30:00 IST,BULL,2026-05-11 09:15:00 IST,1239.2,1164.85,1350.72,1387.9,1425.08,1462.25,2026-05-31 15:30:00 IST,1164.85,STOP_LOSS,-1.0,15,84.0,V_REVERSAL,True,True,True,6.0,True,NONE
MEDANTA,2026-06-22 15:30:00 IST,BULL,2026-06-22 09:15:00 IST,1288.1,1245.48,1352.03,1373.34,1394.65,1415.96,2026-07-02 15:30:00 IST,1352.03,TARGET_1,1.5,9,92.0,MULTI_MONTH_BASE_BREAKOUT,True,True,True,3.31,True,NONE
MEDANTA,2026-07-27 15:30:00 IST,BULL,2026-07-27 09:15:00 IST,1406.7,1359.46,1477.56,1501.18,1524.8,1548.42,2026-07-30 15:30:00 IST,1359.46,STOP_LOSS,-1.0,4,94.0,MULTI_MONTH_BASE_BREAKOUT,True,True,True,3.36,True,NONE
MAZDOCK,2025-05-26 15:30:00 IST,BULL,2025-05-26 09:15:00 IST,2063.54,1990.03,2173.8,2210.56,2247.32,2284.07,2025-06-10 15:30:00 IST,2173.8,TARGET_1,1.5,11,90.0,BULL_FLAG,True,True,True,3.56,True,NONE
MAZDOCK,2025-10-15 15:30:00 IST,BULL,2025-10-15 09:15:00 IST,2536.69,2473.47,2631.52,2663.13,2694.74,2726.35,2025-10-27 15:30:00 IST,2473.47,STOP_LOSS,-1.0,8,85.0,CUP_HANDLE,True,True,True,2.49,True,NONE
MAZDOCK,2026-02-10 15:30:00 IST,BULL,2026-02-10 09:15:00 IST,3121.21,3041.22,3241.2,3281.19,3321.19,3361.18,2026-02-16 15:30:00 IST,3241.2,TARGET_1,1.5,4,90.0,BULL_FLAG,True,True,True,2.56,True,NONE
MAZDOCK,2026-08-06 15:30:00 IST,BEAR,2026-08-06 09:15:00 IST,2760.42,2658.08,2913.94,2965.1,3016.27,3067.44,2026-08-18 15:30:00 IST,2658.08,STOP_LOSS,-1.0,9,87.0,V_REVERSAL,True,True,True,3.71,True,NONE
MAZDOCK,2026-08-20 15:30:00 IST,SIDEWAYS,2026-08-20 09:15:00 IST,2833.77,2697.31,3038.45,3106.69,3174.92,3243.15,2026-08-20 15:30:00 IST,2697.31,STOP_LOSS,-1.0,1,85.0,DOUBLE_BOTTOM,True,True,True,4.82,True,NONE
MEDPLUS,2026-02-03 15:30:00 IST,SIDEWAYS,2026-02-03 09:15:00 IST,862.4,829.25,912.13,928.7,945.27,961.85,2026-02-18 15:30:00 IST,829.25,STOP_LOSS,-1.0,12,92.0,MULTI_MONTH_BASE_BREAKOUT,True,True,True,3.84,True,NONE
MEDPLUS,2026-02-25 15:30:00 IST,BULL,2026-02-25 09:15:00 IST,854.8,818.59,909.11,927.22,945.32,963.43,2026-03-01 15:30:00 IST,818.59,STOP_LOSS,-1.0,3,81.0,CUP_HANDLE,True,True,True,4.24,True,NONE
MEDPLUS,2026-05-13 15:30:00 IST,BULL,2026-05-13 09:15:00 IST,889.6,847.94,952.09,972.92,993.75,1014.58,2026-05-14 15:30:00 IST,952.09,TARGET_1,1.5,2,87.0,SHAKEOUT_RECLAIM,True,True,True,4.68,True,NONE
METALIETF.NS,2026-01-29 15:30:00 IST,BULL,2026-01-29 09:15:00 IST,12.56,11.81,13.69,14.06,14.44,14.81,2026-01-29 15:30:00 IST,11.81,STOP_LOSS,-1.0,1,90.0,V_REVERSAL,True,True,True,5.97,True,NONE
METALIETF.NS,2026-04-16 15:30:00 IST,BULL,2026-04-16 09:15:00 IST,12.83,12.18,13.8,14.13,14.46,14.78,2026-05-13 15:30:00 IST,13.66,TIMEOUT_20D,1.28,20,85.0,DOUBLE_BOTTOM,True,True,True,5.07,True,NONE
METALIETF.NS,2026-05-13 15:30:00 IST,BULL,2026-05-13 09:15:00 IST,13.39,12.76,14.34,14.65,14.97,15.28,2026-06-08 15:30:00 IST,12.76,STOP_LOSS,-1.0,19,87.0,CUP_HANDLE,True,True,True,4.71,True,NONE
METALIETF.NS,2026-08-03 15:30:00 IST,SIDEWAYS,2026-08-03 09:15:00 IST,12.97,12.32,13.95,14.27,14.6,14.92,2026-08-24 15:30:00 IST,12.32,STOP_LOSS,-1.0,15,86.0,SHAKEOUT_RECLAIM,True,True,True,5.01,True,NONE
METROPOLIS,2026-01-02 15:30:00 IST,SIDEWAYS,2026-01-02 09:15:00 IST,482.37,455.83,522.19,535.45,548.72,561.99,2026-01-22 15:30:00 IST,455.83,STOP_LOSS,-1.0,15,82.0,V_REVERSAL,True,True,True,5.5,True,NONE
METROPOLIS,2026-01-13 15:30:00 IST,BEAR,2026-01-13 09:15:00 IST,475.76,455.83,505.66,515.62,525.59,535.55,2026-01-22 15:30:00 IST,455.83,STOP_LOSS,-1.0,8,88.0,WYCKOFF_SPRING_TYPE_2,True,True,True,4.19,True,NONE
METROPOLIS,2026-05-04 15:30:00 IST,BULL,2026-05-04 09:15:00 IST,491.43,467.67,527.07,538.95,550.83,562.71,2026-05-07 15:30:00 IST,527.07,TARGET_1,1.5,4,89.0,CUP_HANDLE,True,True,True,4.83,True,NONE
METROPOLIS,2026-08-21 15:30:00 IST,SIDEWAYS,2026-08-21 09:15:00 IST,556.95,533.92,591.5,603.01,614.53,626.04,2026-08-27 15:30:00 IST,591.5,TARGET_1,1.5,5,85.0,SHAKEOUT_RECLAIM,True,True,True,4.14,True,NONE
MIDHANI,2026-01-29 15:30:00 IST,BULL,2026-01-29 09:15:00 IST,386.47,363.28,421.26,432.85,444.45,456.04,2026-02-01 15:30:00 IST,363.28,STOP_LOSS,-1.0,2,88.0,V_REVERSAL,True,True,True,6.0,True,NONE
MIDHANI,2026-05-07 15:30:00 IST,BULL,2026-05-07 09:15:00 IST,413.7,388.88,450.93,463.34,475.75,488.16,2026-05-11 15:30:00 IST,388.88,STOP_LOSS,-1.0,3,95.0,BULL_FLAG,True,True,True,6.0,True,NONE
MIDHANI,2026-05-13 15:30:00 IST,BULL,2026-05-13 09:15:00 IST,419.0,393.86,456.71,469.28,481.85,494.42,2026-05-17 15:30:00 IST,393.86,STOP_LOSS,-1.0,3,92.0,SHAKEOUT_RECLAIM,True,True,True,6.0,True,NONE
MIDHANI,2026-06-04 15:30:00 IST,BULL,2026-06-04 09:15:00 IST,443.25,416.65,483.15,496.45,509.75,523.05,2026-06-24 15:30:00 IST,416.65,STOP_LOSS,-1.0,15,90.0,BULL_PENNANT,True,True,True,6.0,True,NONE
MEESHO,2025-05-13 15:30:00 IST,SIDEWAYS,2025-05-13 09:15:00 IST,1469.38,1428.78,1530.28,1550.58,1570.88,1591.18,2025-05-16 15:30:00 IST,1428.78,STOP_LOSS,-1.0,3,86.0,CUP_HANDLE,True,True,True,2.76,True,NONE
MEESHO,2025-08-19 15:30:00 IST,SIDEWAYS,2025-08-19 09:15:00 IST,1393.96,1344.58,1468.02,1492.72,1517.41,1542.1,2025-09-16 15:30:00 IST,1428.01,TIMEOUT_20D,0.69,20,87.0,V_REVERSAL,True,True,True,3.54,True,NONE
MEESHO,2026-02-06 15:30:00 IST,BULL,2026-02-06 09:15:00 IST,1593.34,1508.23,1720.99,1763.56,1806.11,1848.67,2026-03-05 15:30:00 IST,1720.99,TARGET_1,1.5,19,90.0,WYCKOFF_SPRING_TYPE_2,True,True,True,5.34,True,NONE
MEESHO,2026-08-04 15:30:00 IST,BULL,2026-08-04 09:15:00 IST,2008.16,1907.06,2159.81,2210.36,2260.91,2311.46,2026-08-18 15:30:00 IST,1907.06,STOP_LOSS,-1.0,11,91.0,WYCKOFF_SPRING_TYPE_2,True,True,True,5.03,True,NONE
MFSL,2025-04-24 15:30:00 IST,BULL,2025-04-24 09:15:00 IST,1194.97,1155.56,1254.08,1273.79,1293.5,1313.2,2025-05-05 15:30:00 IST,1155.56,STOP_LOSS,-1.0,7,97.0,MULTI_MONTH_BASE_BREAKOUT,True,True,True,3.3,True,NONE
MFSL,2026-01-12 15:30:00 IST,BEAR,2026-01-12 09:15:00 IST,1391.94,1348.82,1456.62,1478.18,1499.74,1521.3,2026-01-19 15:30:00 IST,1456.62,TARGET_1,1.5,5,88.0,V_REVERSAL,True,True,True,3.1,True,NONE
MFSL,2026-04-07 15:30:00 IST,SIDEWAYS,2026-04-07 09:15:00 IST,1386.32,1303.15,1511.09,1552.66,1594.24,1635.83,2026-05-05 15:30:00 IST,1374.01,TIMEOUT_20D,-0.15,20,85.0,V_REVERSAL,True,True,True,6.0,True,NONE
MINDACORP,2026-01-22 15:30:00 IST,BEAR,2026-01-22 09:15:00 IST,563.98,530.14,614.73,631.66,648.58,665.5,2026-01-26 15:30:00 IST,530.14,STOP_LOSS,-1.0,2,86.0,SHAKEOUT_RECLAIM,True,True,True,6.0,True,NONE
MINDACORP,2026-04-17 15:30:00 IST,SIDEWAYS,2026-04-17 09:15:00 IST,532.8,500.83,580.75,596.74,612.72,628.71,2026-05-17 15:30:00 IST,515.35,TIMEOUT_20D,-0.55,20,89.0,SHAKEOUT_RECLAIM,True,True,True,6.0,True,NONE
MINDACORP,2026-04-27 15:30:00 IST,SIDEWAYS,2026-04-27 09:15:00 IST,526.8,495.19,574.21,590.02,605.82,621.63,2026-05-21 15:30:00 IST,574.21,TARGET_1,1.5,18,79.0,V_REVERSAL,True,True,True,6.0,True,NONE
MINDACORP,2026-06-30 15:30:00 IST,BULL,2026-06-30 09:15:00 IST,696.8,654.99,759.51,780.42,801.32,822.23,2026-07-22 15:30:00 IST,654.99,STOP_LOSS,-1.0,17,86.0,HIGHER_LOW_REVERSAL,True,True,True,6.0,True,NONE
MINDACORP,2026-08-03 15:30:00 IST,BULL,2026-08-03 09:15:00 IST,726.78,692.53,778.16,795.28,812.4,829.53,2026-08-26 15:30:00 IST,692.53,STOP_LOSS,-1.0,18,95.0,MULTI_MONTH_BASE_BREAKOUT,True,True,True,4.71,True,NONE
MGL,2025-03-14 15:30:00 IST,BULL,2025-03-14 09:15:00 IST,1290.73,1213.29,1406.89,1445.61,1484.33,1523.05,2025-04-11 15:30:00 IST,1300.99,TIMEOUT_20D,0.13,20,87.0,V_REVERSAL,True,True,True,6.0,True,NONE
MGL,2025-03-26 15:30:00 IST,BULL,2025-03-26 09:15:00 IST,1288.3,1261.35,1328.73,1342.2,1355.68,1369.15,2025-04-07 15:30:00 IST,1328.73,TARGET_1,1.5,8,87.0,CUP_HANDLE,True,True,True,2.09,True,NONE
MGL,2025-04-01 15:30:00 IST,BULL,2025-04-01 09:15:00 IST,1306.27,1245.6,1397.26,1427.61,1457.95,1488.28,2025-04-29 15:30:00 IST,1358.84,TIMEOUT_20D,0.87,20,90.0,DOUBLE_BOTTOM,True,True,True,4.64,True,NONE
MGL,2025-07-15 15:30:00 IST,BULL,2025-07-15 09:15:00 IST,1400.95,1342.87,1488.07,1517.11,1546.15,1575.19,2025-08-12 15:30:00 IST,1359.61,TIMEOUT_20D,-0.71,20,85.0,HIGHER_LOW_REVERSAL,True,True,True,4.15,True,NONE
MGL,2026-07-08 15:30:00 IST,SIDEWAYS,2026-07-08 09:15:00 IST,1569.23,1542.22,1609.75,1623.25,1636.76,1650.26,2026-07-13 15:30:00 IST,1542.22,STOP_LOSS,-1.0,3,82.0,CUP_HANDLE,True,True,True,1.72,True,NONE
MODEFENCE.NS,2026-01-05 15:30:00 IST,SIDEWAYS,2026-01-05 09:15:00 IST,87.23,82.0,95.08,97.69,100.31,102.92,2026-01-20 15:30:00 IST,82.0,STOP_LOSS,-1.0,12,93.0,WYCKOFF_SPRING_TYPE_2,True,True,True,6.0,True,NONE
MODEFENCE.NS,2026-03-05 15:30:00 IST,BULL,2026-03-05 09:15:00 IST,91.17,86.21,98.61,101.09,103.57,106.05,2026-03-15 15:30:00 IST,86.21,STOP_LOSS,-1.0,7,87.0,DOUBLE_BOTTOM,True,True,True,5.44,True,NONE
MODEFENCE.NS,2026-05-07 15:30:00 IST,BULL,2026-05-07 09:15:00 IST,103.57,97.36,112.88,115.99,119.09,122.2,2026-05-11 15:30:00 IST,97.36,STOP_LOSS,-1.0,3,89.0,BULL_FLAG,True,True,True,6.0,True,NONE
MODEFENCE.NS,2026-06-22 15:30:00 IST,BULL,2026-06-22 09:15:00 IST,106.92,103.26,112.41,114.24,116.07,117.9,2026-06-24 15:30:00 IST,103.26,STOP_LOSS,-1.0,3,94.0,MULTI_MONTH_BASE_BREAKOUT,True,True,True,3.42,True,NONE
MODISONLTD,2025-12-02 15:30:00 IST,SIDEWAYS,2025-12-02 09:15:00 IST,146.01,137.25,159.15,163.53,167.91,172.29,2025-12-08 15:30:00 IST,137.25,STOP_LOSS,-1.0,5,94.0,WYCKOFF_SPRING_TYPE_2,True,True,True,6.0,True,NONE
MODISONLTD,2026-01-02 15:30:00 IST,BULL,2026-01-02 09:15:00 IST,158.79,149.26,173.08,177.85,182.62,187.38,2026-01-08 15:30:00 IST,149.26,STOP_LOSS,-1.0,5,87.0,WYCKOFF_SPRING_TYPE_2,True,True,True,6.0,True,NONE
MODISONLTD,2026-02-06 15:30:00 IST,BULL,2026-02-06 09:15:00 IST,154.81,145.81,168.31,172.81,177.31,181.81,2026-02-10 15:30:00 IST,145.81,STOP_LOSS,-1.0,3,89.0,DOUBLE_BOTTOM,True,True,True,5.81,True,NONE
MODISONLTD,2026-04-27 15:30:00 IST,BULL,2026-04-27 09:15:00 IST,150.68,141.64,164.24,168.76,173.28,177.8,2026-04-27 15:30:00 IST,164.24,TARGET_1,1.5,1,89.0,SHAKEOUT_RECLAIM,True,True,True,6.0,True,NONE
MODISONLTD,2026-05-26 15:30:00 IST,BULL,2026-05-26 09:15:00 IST,248.59,233.68,270.96,278.41,285.87,293.32,2026-05-26 15:30:00 IST,270.96,TARGET_1,1.5,1,95.0,SHAKEOUT_RECLAIM,True,True,True,6.0,True,NONE
MODISONLTD,2026-08-10 15:30:00 IST,SIDEWAYS,2026-08-10 09:15:00 IST,292.85,275.28,319.21,327.99,336.78,345.56,2026-08-11 15:30:00 IST,319.21,TARGET_1,1.5,2,94.0,BULL_FLAG,True,True,True,6.0,True,NONE
MODISONLTD,2026-08-19 15:30:00 IST,BULL,2026-08-19 09:15:00 IST,392.35,368.81,427.66,439.43,451.2,462.97,2026-08-26 15:30:00 IST,411.9,TIMEOUT_20D,0.83,5,91.0,WYCKOFF_SPRING_TYPE_2,True,True,True,6.0,True,NONE
MOIL,2026-03-17 15:30:00 IST,SIDEWAYS,2026-03-17 09:15:00 IST,297.65,279.79,324.44,333.37,342.3,351.23,2026-03-22 15:30:00 IST,279.79,STOP_LOSS,-1.0,4,99.0,SHAKEOUT_RECLAIM,True,True,True,6.0,True,NONE
MOIL,2026-04-16 15:30:00 IST,SIDEWAYS,2026-04-16 09:15:00 IST,326.6,307.0,356.0,365.8,375.6,385.4,2026-05-10 15:30:00 IST,307.0,STOP_LOSS,-1.0,17,88.0,BULL_FLAG,True,True,True,6.0,True,NONE
MOIL,2026-07-29 15:30:00 IST,SIDEWAYS,2026-07-29 09:15:00 IST,274.15,257.7,298.82,307.05,315.27,323.5,2026-07-29 15:30:00 IST,298.82,TARGET_1,1.5,1,85.0,SHAKEOUT_RECLAIM,True,True,True,6.0,True,NONE
MOREALTY.NS,2026-04-08 15:30:00 IST,SIDEWAYS,2026-04-08 09:15:00 IST,74.57,70.1,81.27,83.51,85.74,87.98,2026-04-28 15:30:00 IST,81.27,TARGET_1,1.5,14,90.0,V_REVERSAL,True,True,True,5.99,True,NONE
MOREALTY.NS,2026-04-21 15:30:00 IST,SIDEWAYS,2026-04-21 09:15:00 IST,79.86,75.07,87.05,89.44,91.84,94.23,2026-05-13 15:30:00 IST,75.07,STOP_LOSS,-1.0,17,90.0,WYCKOFF_SPRING_TYPE_2,True,True,True,6.0,True,NONE
MOREALTY.NS,2026-04-27 15:30:00 IST,BULL,2026-04-27 09:15:00 IST,79.75,74.96,86.94,89.33,91.73,94.12,2026-05-13 15:30:00 IST,74.96,STOP_LOSS,-1.0,13,90.0,WYCKOFF_SPRING_TYPE_2,True,True,True,6.01,True,NONE
MOREALTY.NS,2026-05-06 15:30:00 IST,BULL,2026-05-06 09:15:00 IST,82.01,78.3,87.58,89.43,91.29,93.14,2026-05-11 15:30:00 IST,78.3,STOP_LOSS,-1.0,4,86.0,CUP_HANDLE,True,True,True,4.52,True,NONE
MOREALTY.NS,2026-07-01 15:30:00 IST,BULL,2026-07-01 09:15:00 IST,85.6,80.94,92.59,94.92,97.25,99.58,2026-07-09 15:30:00 IST,92.59,TARGET_1,1.5,7,94.0,BULL_FLAG,True,True,True,5.44,True,NONE
MOTILALOFS,2025-12-12 15:30:00 IST,BEAR,2025-12-12 09:15:00 IST,857.63,810.55,928.24,951.79,975.33,998.87,2026-01-08 15:30:00 IST,810.55,STOP_LOSS,-1.0,19,86.0,SHAKEOUT_RECLAIM,True,True,True,5.49,True,NONE
MOTILALOFS,2025-12-18 15:30:00 IST,BEAR,2025-12-18 09:15:00 IST,860.75,810.55,936.06,961.15,986.25,1011.35,2026-01-08 15:30:00 IST,810.55,STOP_LOSS,-1.0,15,90.0,SHAKEOUT_RECLAIM,True,True,True,5.83,True,NONE
MOTILALOFS,2026-01-13 15:30:00 IST,BEAR,2026-01-13 09:15:00 IST,830.55,780.71,905.3,930.23,955.15,980.07,2026-01-20 15:30:00 IST,780.71,STOP_LOSS,-1.0,6,93.0,SHAKEOUT_RECLAIM,True,True,True,6.0,True,NONE
MOTILALOFS,2026-04-08 15:30:00 IST,SIDEWAYS,2026-04-08 09:15:00 IST,757.4,711.96,825.56,848.28,871.0,893.72,2026-04-19 15:30:00 IST,825.56,TARGET_1,1.5,7,89.0,SHAKEOUT_RECLAIM,True,True,True,6.0,True,NONE
MOTILALOFS,2026-05-04 15:30:00 IST,BULL,2026-05-04 09:15:00 IST,836.6,786.4,911.9,937.0,962.1,987.2,2026-05-31 15:30:00 IST,851.7,TIMEOUT_20D,0.3,20,91.0,CUP_HANDLE,True,True,True,6.0,True,NONE
MOTILALOFS,2026-06-12 15:30:00 IST,BULL,2026-06-12 09:15:00 IST,888.45,835.14,968.42,995.07,1021.73,1048.38,2026-07-01 15:30:00 IST,968.42,TARGET_1,1.5,14,95.0,SHAKEOUT_RECLAIM,True,True,True,6.0,True,NONE
MOTILALOFS,2026-08-17 15:30:00 IST,SIDEWAYS,2026-08-17 09:15:00 IST,955.0,897.7,1040.95,1069.6,1098.25,1126.9,2026-08-25 15:30:00 IST,1040.95,TARGET_1,1.5,7,94.0,WYCKOFF_SPRING_TYPE_2,True,True,True,6.0,True,NONE
MMTC,2025-04-22 15:30:00 IST,BULL,2025-04-22 09:15:00 IST,1884.71,1804.42,2005.15,2045.29,2085.43,2125.58,2025-05-05 15:30:00 IST,1804.42,STOP_LOSS,-1.0,9,86.0,CUP_HANDLE,True,True,True,4.26,True,NONE
MMTC,2025-06-19 15:30:00 IST,SIDEWAYS,2025-06-19 09:15:00 IST,1753.11,1705.31,1824.8,1848.71,1872.61,1896.51,2025-06-26 15:30:00 IST,1705.31,STOP_LOSS,-1.0,5,94.0,WYCKOFF_SPRING_TYPE_2,True,True,True,2.73,True,NONE
MMTC,2025-08-29 15:30:00 IST,BULL,2025-08-29 09:15:00 IST,1824.96,1792.82,1873.16,1889.24,1905.31,1921.38,2025-09-09 15:30:00 IST,1873.16,TARGET_1,1.5,7,87.0,CUP_HANDLE,True,True,True,1.76,True,NONE
MMTC,2026-01-19 15:30:00 IST,BULL,2026-01-19 09:15:00 IST,2521.6,2426.45,2664.32,2711.9,2759.48,2807.05,2026-02-03 15:30:00 IST,2664.32,TARGET_1,1.5,11,92.0,BULL_FLAG,True,True,True,3.77,True,NONE
MMTC,2026-03-13 15:30:00 IST,BULL,2026-03-13 09:15:00 IST,2568.25,2433.79,2769.93,2837.17,2904.4,2971.63,2026-04-10 15:30:00 IST,2540.21,TIMEOUT_20D,-0.21,20,90.0,WYCKOFF_SPRING_TYPE_2,True,True,True,5.24,True,NONE
MPHASIS,2025-10-29 15:30:00 IST,SIDEWAYS,2025-10-29 09:15:00 IST,2799.55,2709.19,2935.08,2980.27,3025.45,3070.63,2025-10-30 15:30:00 IST,2709.19,STOP_LOSS,-1.0,2,83.0,CUP_HANDLE,True,True,True,3.23,True,NONE
MPHASIS,2026-04-15 15:30:00 IST,SIDEWAYS,2026-04-15 09:15:00 IST,2346.39,2205.61,2557.57,2627.95,2698.34,2768.73,2026-04-23 15:30:00 IST,2205.61,STOP_LOSS,-1.0,7,85.0,CUP_HANDLE,True,True,True,6.0,True,NONE
MOTHERSON,2025-03-07 15:30:00 IST,BULL,2025-03-07 09:15:00 IST,1489.04,1399.7,1623.05,1667.72,1712.39,1757.06,2025-04-04 15:30:00 IST,1514.32,TIMEOUT_20D,0.28,20,82.0,V_REVERSAL,True,True,True,6.0,True,NONE
MOTHERSON,2025-06-10 15:30:00 IST,BULL,2025-06-10 09:15:00 IST,1533.29,1501.83,1580.47,1596.21,1611.94,1627.67,2025-06-11 15:30:00 IST,1580.47,TARGET_1,1.5,1,95.0,CUP_HANDLE,True,True,True,2.05,True,NONE
MOTHERSON,2025-06-17 15:30:00 IST,BULL,2025-06-17 09:15:00 IST,1616.69,1551.45,1714.54,1747.17,1779.79,1812.41,2025-07-04 15:30:00 IST,1551.45,STOP_LOSS,-1.0,13,87.0,MULTI_MONTH_BASE_BREAKOUT,True,True,True,4.04,True,NONE
MOTHERSON,2025-09-01 15:30:00 IST,SIDEWAYS,2025-09-01 09:15:00 IST,1445.87,1359.12,1576.0,1619.37,1662.74,1706.12,2025-09-05 15:30:00 IST,1359.12,STOP_LOSS,-1.0,4,80.0,V_REVERSAL,True,True,True,6.0,True,NONE
MOTHERSON,2025-09-16 15:30:00 IST,BEAR,2025-09-16 09:15:00 IST,1385.36,1345.8,1444.7,1464.48,1484.26,1504.04,2025-09-17 15:30:00 IST,1345.8,STOP_LOSS,-1.0,1,88.0,WYCKOFF_SPRING_TYPE_2,True,True,True,2.86,True,NONE
MOTHERSON,2025-12-11 15:30:00 IST,SIDEWAYS,2025-12-11 09:15:00 IST,1270.19,1233.91,1324.6,1342.75,1360.89,1379.03,2025-12-25 15:30:00 IST,1233.91,STOP_LOSS,-1.0,10,93.0,WYCKOFF_SPRING_TYPE_2,True,True,True,2.86,True,NONE
MOTHERSON,2026-06-26 15:30:00 IST,SIDEWAYS,2026-06-26 09:15:00 IST,1234.13,1163.57,1339.97,1375.25,1410.53,1445.81,2026-07-24 15:30:00 IST,1276.49,TIMEOUT_20D,0.6,20,87.0,WYCKOFF_SPRING_TYPE_2,True,True,True,5.72,True,NONE
MRPL,2026-04-13 15:30:00 IST,BULL,2026-04-13 09:15:00 IST,1028.61,983.5,1096.26,1118.83,1141.38,1163.94,2026-05-06 15:30:00 IST,1096.26,TARGET_1,1.5,17,86.0,WYCKOFF_SPRING_TYPE_2,True,True,True,4.39,True,NONE
MRPL,2026-07-29 15:30:00 IST,BEAR,2026-07-29 09:15:00 IST,1046.76,1006.67,1106.88,1126.94,1146.99,1167.03,2026-08-18 15:30:00 IST,1006.67,STOP_LOSS,-1.0,15,88.0,WYCKOFF_SPRING_TYPE_2,True,True,True,3.83,True,NONE
MSTCLTD,2025-11-14 15:30:00 IST,BULL,2025-11-14 09:15:00 IST,1479.24,1427.02,1557.56,1583.68,1609.79,1635.9,2025-11-25 15:30:00 IST,1427.02,STOP_LOSS,-1.0,7,92.0,WYCKOFF_SPRING_TYPE_2,True,True,True,3.53,True,NONE
MSTCLTD,2026-04-09 15:30:00 IST,SIDEWAYS,2026-04-09 09:15:00 IST,1346.29,1275.23,1452.88,1488.41,1523.94,1559.47,2026-05-07 15:30:00 IST,1380.55,TIMEOUT_20D,0.48,20,87.0,DOUBLE_BOTTOM,True,True,True,5.28,True,NONE
MSTCLTD,2026-05-18 15:30:00 IST,BULL,2026-05-18 09:15:00 IST,1448.05,1403.75,1514.5,1536.65,1558.8,1580.95,2026-05-21 15:30:00 IST,1403.75,STOP_LOSS,-1.0,3,97.0,MULTI_MONTH_BASE_BREAKOUT,True,True,True,3.06,True,NONE
MSTCLTD,2026-06-30 15:30:00 IST,BULL,2026-06-30 09:15:00 IST,1539.96,1477.37,1633.85,1665.14,1696.44,1727.73,2026-07-13 15:30:00 IST,1633.85,TARGET_1,1.5,9,93.0,MULTI_MONTH_BASE_BREAKOUT,True,True,True,4.06,True,NONE
MSUMI,2025-09-09 15:30:00 IST,BULL,2025-09-09 09:15:00 IST,965.55,935.77,1010.22,1025.11,1040.0,1054.89,2025-10-02 15:30:00 IST,1010.22,TARGET_1,1.5,17,91.0,MULTI_MONTH_BASE_BREAKOUT,True,True,True,3.08,True,NONE
MSUMI,2025-09-29 15:30:00 IST,BULL,2025-09-29 09:15:00 IST,982.94,947.27,1036.46,1054.28,1072.12,1089.95,2025-10-20 15:30:00 IST,947.27,STOP_LOSS,-1.0,15,85.0,CUP_HANDLE,True,True,True,3.63,True,NONE
MSUMI,2025-10-30 15:30:00 IST,BULL,2025-10-30 09:15:00 IST,982.83,937.91,1050.21,1072.67,1095.13,1117.59,2025-11-07 15:30:00 IST,937.91,STOP_LOSS,-1.0,6,89.0,WYCKOFF_SPRING_TYPE_2,True,True,True,4.57,True,NONE
MSUMI,2025-12-25 15:30:00 IST,SIDEWAYS,2025-12-25 09:15:00 IST,875.14,828.76,944.72,967.9,991.09,1014.28,2026-01-19 15:30:00 IST,828.76,STOP_LOSS,-1.0,17,85.0,V_REVERSAL,True,True,True,5.3,True,NONE
MSUMI,2026-05-29 15:30:00 IST,BULL,2026-05-29 09:15:00 IST,1006.89,986.66,1037.22,1047.35,1057.47,1067.58,2026-06-02 15:30:00 IST,1037.22,TARGET_1,1.5,2,88.0,CUP_HANDLE,True,True,True,2.01,True,NONE
MSUMI,2026-06-15 15:30:00 IST,BULL,2026-06-15 09:15:00 IST,1070.7,1006.46,1167.05,1199.18,1231.3,1263.42,2026-07-10 15:30:00 IST,1006.46,STOP_LOSS,-1.0,19,82.0,V_REVERSAL,True,True,True,6.0,True,NONE
MUTHOOTFIN,2025-11-14 15:30:00 IST,BULL,2025-11-14 09:15:00 IST,3694.36,3472.7,4026.86,4137.68,4248.51,4359.34,2025-12-11 15:30:00 IST,3805.42,TIMEOUT_20D,0.5,20,90.0,MULTI_MONTH_BASE_BREAKOUT,True,True,True,6.0,True,NONE
MUTHOOTFIN,2025-12-30 15:30:00 IST,BULL,2025-12-30 09:15:00 IST,3767.25,3672.34,3909.61,3957.07,4004.52,4051.98,2026-01-05 15:30:00 IST,3909.61,TARGET_1,1.5,5,87.0,CUP_HANDLE,True,True,True,2.52,True,NONE
MUTHOOTFIN,2026-01-05 15:30:00 IST,BULL,2026-01-05 09:15:00 IST,3888.12,3741.66,4107.82,4181.04,4254.27,4327.5,2026-01-21 15:30:00 IST,3741.66,STOP_LOSS,-1.0,13,94.0,MULTI_MONTH_BASE_BREAKOUT,True,True,True,3.77,True,NONE
MUTHOOTFIN,2026-03-16 15:30:00 IST,BEAR,2026-03-16 09:15:00 IST,3332.82,3132.85,3632.77,3732.76,3832.75,3932.73,2026-03-22 15:30:00 IST,3132.85,STOP_LOSS,-1.0,5,84.0,V_REVERSAL,True,True,True,6.0,True,NONE
MUTHOOTFIN,2026-03-20 15:30:00 IST,BEAR,2026-03-20 09:15:00 IST,3288.1,3090.81,3584.03,3682.68,3781.32,3879.97,2026-03-22 15:30:00 IST,3090.81,STOP_LOSS,-1.0,1,88.0,HIGHER_LOW_REVERSAL,True,True,True,6.0,True,NONE
MUTHOOTFIN,2026-05-13 15:30:00 IST,BULL,2026-05-13 09:15:00 IST,3506.4,3325.07,3778.39,3869.06,3959.72,4050.39,2026-05-14 15:30:00 IST,3325.07,STOP_LOSS,-1.0,2,93.0,DOUBLE_BOTTOM,True,True,True,5.17,True,NONE
MUTHOOTFIN,2026-07-06 15:30:00 IST,SIDEWAYS,2026-07-06 09:15:00 IST,3137.6,2949.34,3419.99,3514.12,3608.25,3702.38,2026-07-16 15:30:00 IST,2949.34,STOP_LOSS,-1.0,9,86.0,V_REVERSAL,True,True,True,6.0,True,NONE
MUTHOOTFIN,2026-08-24 15:30:00 IST,SIDEWAYS,2026-08-24 09:15:00 IST,3209.0,3042.24,3459.14,3542.52,3625.9,3709.28,2026-08-30 15:30:00 IST,3042.24,STOP_LOSS,-1.0,5,93.0,DOUBLE_BOTTOM,True,True,True,5.2,True,NONE
NATCOPHARM,2025-11-12 15:30:00 IST,SIDEWAYS,2025-11-12 09:15:00 IST,819.47,785.33,870.69,887.75,904.82,921.89,2025-11-19 15:30:00 IST,870.69,TARGET_1,1.5,6,91.0,SHAKEOUT_RECLAIM,True,True,True,4.17,True,NONE
NATCOPHARM,2025-11-26 15:30:00 IST,BULL,2025-11-26 09:15:00 IST,925.83,870.28,1009.15,1036.93,1064.71,1092.48,2025-11-27 15:30:00 IST,870.28,STOP_LOSS,-1.0,2,93.0,DOUBLE_BOTTOM,True,True,True,6.0,True,NONE
NATCOPHARM,2025-12-11 15:30:00 IST,BULL,2025-12-11 09:15:00 IST,915.99,861.03,998.44,1025.91,1053.39,1080.87,2026-01-08 15:30:00 IST,888.69,TIMEOUT_20D,-0.5,20,90.0,SHAKEOUT_RECLAIM,True,True,True,6.0,True,NONE
NATCOPHARM,2026-02-24 15:30:00 IST,SIDEWAYS,2026-02-24 09:15:00 IST,944.85,888.16,1029.88,1058.23,1086.58,1114.92,2026-03-09 15:30:00 IST,1029.88,TARGET_1,1.5,9,90.0,BULL_PENNANT,True,True,True,6.0,True,NONE
NATCOPHARM,2026-04-07 15:30:00 IST,BULL,2026-04-07 09:15:00 IST,1082.4,1017.46,1179.81,1212.28,1244.75,1277.22,2026-05-05 15:30:00 IST,1150.1,TIMEOUT_20D,1.04,20,88.0,DOUBLE_BOTTOM,True,True,True,6.0,True,NONE
NATCOPHARM,2026-06-29 15:30:00 IST,BEAR,2026-06-29 09:15:00 IST,919.5,883.56,973.41,991.38,1009.35,1027.32,2026-07-06 15:30:00 IST,973.41,TARGET_1,1.5,6,87.0,BULL_FLAG,True,True,True,3.91,True,NONE
NATCOPHARM,2026-07-07 15:30:00 IST,SIDEWAYS,2026-07-07 09:15:00 IST,984.15,925.1,1072.73,1102.25,1131.77,1161.3,2026-07-22 15:30:00 IST,925.1,STOP_LOSS,-1.0,12,97.0,BULL_FLAG,True,True,True,6.0,True,NONE
MTARTECH,2025-10-03 15:30:00 IST,BEAR,2025-10-03 09:15:00 IST,807.17,775.82,854.2,869.87,885.54,901.22,2025-10-24 15:30:00 IST,854.2,TARGET_1,1.5,15,86.0,WYCKOFF_SPRING_TYPE_2,True,True,True,3.88,True,NONE
MTARTECH,2025-12-19 15:30:00 IST,BULL,2025-12-19 09:15:00 IST,927.94,899.23,971.0,985.36,999.72,1014.07,2025-12-24 15:30:00 IST,899.23,STOP_LOSS,-1.0,3,86.0,CUP_HANDLE,True,True,True,3.09,True,NONE
MTARTECH,2026-02-23 15:30:00 IST,SIDEWAYS,2026-02-23 09:15:00 IST,920.0,876.06,985.91,1007.88,1029.85,1051.82,2026-03-06 15:30:00 IST,876.06,STOP_LOSS,-1.0,9,92.0,WYCKOFF_SPRING_TYPE_2,True,True,True,4.78,True,NONE
MTARTECH,2026-04-17 15:30:00 IST,SIDEWAYS,2026-04-17 09:15:00 IST,867.12,834.29,916.37,932.78,949.2,965.61,2026-05-06 15:30:00 IST,834.29,STOP_LOSS,-1.0,13,88.0,BULL_FLAG,True,True,True,3.79,True,NONE
MTARTECH,2026-04-28 15:30:00 IST,BEAR,2026-04-28 09:15:00 IST,857.29,805.86,934.45,960.15,985.86,1011.58,2026-05-26 15:30:00 IST,869.08,TIMEOUT_20D,0.23,20,89.0,WYCKOFF_SPRING_TYPE_2,True,True,True,6.0,True,NONE
MTARTECH,2026-06-11 15:30:00 IST,BULL,2026-06-11 09:15:00 IST,940.01,906.08,990.91,1007.87,1024.83,1041.8,2026-06-16 15:30:00 IST,906.08,STOP_LOSS,-1.0,3,91.0,MULTI_MONTH_BASE_BREAKOUT,True,True,True,3.61,True,NONE
NAM-INDIA,2025-12-12 15:30:00 IST,SIDEWAYS,2025-12-12 09:15:00 IST,861.1,809.43,938.6,964.44,990.28,1016.11,2026-01-11 15:30:00 IST,852.2,TIMEOUT_20D,-0.17,20,86.0,BULL_PENNANT,True,True,True,6.0,True,NONE
NAM-INDIA,2026-01-28 15:30:00 IST,BEAR,2026-01-28 09:15:00 IST,825.78,783.27,889.56,910.8,932.05,953.31,2026-01-29 15:30:00 IST,889.56,TARGET_1,1.5,2,83.0,SHAKEOUT_RECLAIM,True,True,True,5.15,True,NONE
NAM-INDIA,2026-04-01 15:30:00 IST,SIDEWAYS,2026-04-01 09:15:00 IST,855.81,804.46,932.83,958.51,984.18,1009.86,2026-04-01 15:30:00 IST,804.46,STOP_LOSS,-1.0,1,92.0,SHAKEOUT_RECLAIM,True,True,True,6.0,True,NONE
NAM-INDIA,2026-04-10 15:30:00 IST,SIDEWAYS,2026-04-10 09:15:00 IST,944.93,888.24,1029.97,1058.31,1086.65,1115.0,2026-04-20 15:30:00 IST,1029.97,TARGET_1,1.5,6,95.0,WYCKOFF_SPRING_TYPE_2,True,True,True,6.0,True,NONE
NAM-INDIA,2026-04-17 15:30:00 IST,BULL,2026-04-17 09:15:00 IST,1004.09,968.16,1057.98,1075.95,1093.92,1111.88,2026-04-23 15:30:00 IST,968.16,STOP_LOSS,-1.0,5,94.0,MULTI_MONTH_BASE_BREAKOUT,True,True,True,3.58,True,NONE
NAM-INDIA,2026-06-04 15:30:00 IST,BULL,2026-06-04 09:15:00 IST,1116.91,1049.89,1217.43,1250.95,1284.46,1317.97,2026-06-07 15:30:00 IST,1049.89,STOP_LOSS,-1.0,2,92.0,ASCENDING_TRIANGLE,True,True,True,6.0,True,NONE
NAM-INDIA,2026-06-19 15:30:00 IST,BULL,2026-06-19 09:15:00 IST,1174.08,1118.31,1257.74,1285.62,1313.5,1341.39,2026-07-16 15:30:00 IST,1186.5,TIMEOUT_20D,0.22,20,85.0,BULL_FLAG,True,True,True,4.75,True,NONE
NAM-INDIA,2026-06-29 15:30:00 IST,BULL,2026-06-29 09:15:00 IST,1167.3,1097.26,1272.36,1307.38,1342.4,1377.42,2026-07-22 15:30:00 IST,1097.26,STOP_LOSS,-1.0,18,87.0,SHAKEOUT_RECLAIM,True,True,True,6.0,True,NONE
NAM-INDIA,2026-08-04 15:30:00 IST,BULL,2026-08-04 09:15:00 IST,1202.0,1129.88,1310.18,1346.24,1382.3,1418.36,2026-08-31 15:30:00 IST,1178.9,TIMEOUT_20D,-0.32,20,94.0,WYCKOFF_SPRING_TYPE_2,True,True,True,6.0,True,NONE
NAM-INDIA,2026-08-19 15:30:00 IST,BULL,2026-08-19 09:15:00 IST,1217.0,1149.32,1318.52,1352.36,1386.2,1420.04,2026-09-01 15:30:00 IST,1149.32,STOP_LOSS,-1.0,10,86.0,BULL_FLAG,True,True,True,5.56,True,NONE
NAVA,2025-12-09 15:30:00 IST,SIDEWAYS,2025-12-09 09:15:00 IST,552.09,518.97,601.78,618.33,634.89,651.45,2026-01-05 15:30:00 IST,601.78,TARGET_1,1.5,19,92.0,SHAKEOUT_RECLAIM,True,True,True,6.0,True,NONE
NAVA,2026-04-13 15:30:00 IST,BULL,2026-04-13 09:15:00 IST,602.87,566.7,657.12,675.21,693.29,711.38,2026-04-16 15:30:00 IST,657.12,TARGET_1,1.5,3,88.0,V_REVERSAL,True,True,True,6.0,True,NONE
NATIONALUM,2025-11-10 15:30:00 IST,BULL,2025-11-10 09:15:00 IST,249.15,234.2,271.58,279.05,286.53,294.0,2025-12-07 15:30:00 IST,263.72,TIMEOUT_20D,0.97,20,88.0,V_REVERSAL,True,True,True,6.0,True,NONE
NATIONALUM,2025-12-22 15:30:00 IST,BULL,2025-12-22 09:15:00 IST,285.29,268.17,310.97,319.53,328.09,336.65,2025-12-29 15:30:00 IST,310.97,TARGET_1,1.5,5,85.0,V_REVERSAL,True,True,True,6.0,True,NONE
NATIONALUM,2025-12-30 15:30:00 IST,BULL,2025-12-30 09:15:00 IST,311.13,292.47,339.13,348.45,357.78,367.11,2026-01-05 15:30:00 IST,339.13,TARGET_1,1.5,5,93.0,SHAKEOUT_RECLAIM,True,True,True,6.0,True,NONE
NATIONALUM,2026-01-14 15:30:00 IST,BULL,2026-01-14 09:15:00 IST,367.1,345.08,400.13,411.14,422.15,433.16,2026-01-27 15:30:00 IST,400.13,TARGET_1,1.5,9,85.0,HIGHER_LOW_REVERSAL,True,True,True,6.0,True,NONE
NATIONALUM,2026-01-29 15:30:00 IST,BULL,2026-01-29 09:15:00 IST,421.45,396.16,459.38,472.03,484.67,497.32,2026-01-29 15:30:00 IST,396.16,STOP_LOSS,-1.0,1,90.0,BULL_FLAG,True,True,True,6.0,True,NONE
NATIONALUM,2026-03-04 15:30:00 IST,BULL,2026-03-04 09:15:00 IST,371.65,349.35,405.1,416.25,427.4,438.55,2026-03-11 15:30:00 IST,405.1,TARGET_1,1.5,6,94.0,WYCKOFF_SPRING_TYPE_2,True,True,True,6.0,True,NONE
NATIONALUM,2026-03-12 15:30:00 IST,BULL,2026-03-12 09:15:00 IST,407.12,382.69,443.77,455.98,468.2,480.41,2026-03-12 15:30:00 IST,382.69,STOP_LOSS,-1.0,1,93.0,WYCKOFF_SPRING_TYPE_2,True,True,True,6.0,True,NONE
NATIONALUM,2026-06-29 15:30:00 IST,BEAR,2026-06-29 09:15:00 IST,347.4,329.74,373.89,382.72,391.55,400.38,2026-07-26 15:30:00 IST,339.35,TIMEOUT_20D,-0.46,20,93.0,SHAKEOUT_RECLAIM,True,True,True,5.08,True,NONE
NATIONALUM,2026-08-03 15:30:00 IST,SIDEWAYS,2026-08-03 09:15:00 IST,369.0,346.86,402.21,413.28,424.35,435.42,2026-08-11 15:30:00 IST,402.21,TARGET_1,1.5,7,95.0,SHAKEOUT_RECLAIM,True,True,True,6.0,True,NONE
NAVINFLUOR,2025-10-20 15:30:00 IST,BULL,2025-10-20 09:15:00 IST,5142.2,4833.67,5605.01,5759.26,5913.52,6067.79,2025-10-30 15:30:00 IST,5605.01,TARGET_1,1.5,8,83.0,V_REVERSAL,True,True,True,6.0,True,NONE
NAVINFLUOR,2025-11-04 15:30:00 IST,BULL,2025-11-04 09:15:00 IST,6041.26,5678.78,6584.98,6766.22,6947.46,7128.7,2025-11-27 15:30:00 IST,5678.78,STOP_LOSS,-1.0,17,81.0,V_REVERSAL,True,True,True,6.0,True,NONE
NAVINFLUOR,2025-12-30 15:30:00 IST,BULL,2025-12-30 09:15:00 IST,6129.13,5761.38,6680.74,6864.63,7048.51,7232.38,2026-01-05 15:30:00 IST,5761.38,STOP_LOSS,-1.0,5,89.0,CUP_HANDLE,True,True,True,6.0,True,NONE
NAVINFLUOR,2026-02-09 15:30:00 IST,BULL,2026-02-09 09:15:00 IST,6590.07,6271.27,7068.27,7227.67,7387.07,7546.47,2026-02-15 15:30:00 IST,6271.27,STOP_LOSS,-1.0,5,92.0,MULTI_MONTH_BASE_BREAKOUT,True,True,True,4.84,True,NONE
NAVINFLUOR,2026-03-05 15:30:00 IST,BULL,2026-03-05 09:15:00 IST,6496.68,6106.88,7081.39,7276.28,7471.18,7666.08,2026-03-12 15:30:00 IST,6106.88,STOP_LOSS,-1.0,6,92.0,SHAKEOUT_RECLAIM,True,True,True,6.0,True,NONE
NAVINFLUOR,2026-04-20 15:30:00 IST,SIDEWAYS,2026-04-20 09:15:00 IST,6463.72,6075.9,7045.46,7239.36,7433.27,7627.18,2026-04-29 15:30:00 IST,7045.46,TARGET_1,1.5,8,89.0,WYCKOFF_SPRING_TYPE_2,True,True,True,6.0,True,NONE
NAVINFLUOR,2026-04-24 15:30:00 IST,SIDEWAYS,2026-04-24 09:15:00 IST,6444.25,6057.59,7024.23,7217.57,7410.9,7604.23,2026-04-29 15:30:00 IST,7024.23,TARGET_1,1.5,4,90.0,WYCKOFF_SPRING_TYPE_2,True,True,True,6.0,True,NONE
NAVINFLUOR,2026-05-05 15:30:00 IST,BULL,2026-05-05 09:15:00 IST,6996.58,6576.79,7626.27,7836.16,8046.06,8255.95,2026-06-01 15:30:00 IST,7043.53,TIMEOUT_20D,0.11,20,91.0,SHAKEOUT_RECLAIM,True,True,True,6.0,True,NONE
NAVINFLUOR,2026-07-20 15:30:00 IST,BULL,2026-07-20 09:15:00 IST,7861.5,7575.7,8290.2,8433.1,8576.0,8718.9,2026-07-23 15:30:00 IST,7575.7,STOP_LOSS,-1.0,4,98.0,MULTI_MONTH_BASE_BREAKOUT,True,True,True,3.64,True,NONE
NAVINFLUOR,2026-08-06 15:30:00 IST,BULL,2026-08-06 09:15:00 IST,8650.0,8131.0,9428.5,9688.0,9947.5,10207.0,2026-08-11 15:30:00 IST,8131.0,STOP_LOSS,-1.0,4,94.0,SHAKEOUT_RECLAIM,True,True,True,6.0,True,NONE
NAZARA,2025-12-16 15:30:00 IST,SIDEWAYS,2025-12-16 09:15:00 IST,245.4,230.68,267.48,274.84,282.2,289.56,2025-12-18 15:30:00 IST,230.68,STOP_LOSS,-1.0,3,92.0,BULL_PENNANT,True,True,True,6.0,True,NONE
NAZARA,2026-03-18 15:30:00 IST,SIDEWAYS,2026-03-18 09:15:00 IST,255.25,239.93,278.23,285.89,293.55,301.21,2026-03-19 15:30:00 IST,239.93,STOP_LOSS,-1.0,2,88.0,DOUBLE_BOTTOM,True,True,True,6.0,True,NONE
NAZARA,2026-03-27 15:30:00 IST,BEAR,2026-03-27 09:15:00 IST,240.3,225.88,261.93,269.14,276.35,283.56,2026-04-15 15:30:00 IST,261.93,TARGET_1,1.5,11,98.0,SHAKEOUT_RECLAIM,True,True,True,6.0,True,NONE
NAZARA,2026-04-07 15:30:00 IST,SIDEWAYS,2026-04-07 09:15:00 IST,241.43,226.94,263.16,270.41,277.66,284.9,2026-04-16 15:30:00 IST,263.16,TARGET_1,1.5,7,87.0,SHAKEOUT_RECLAIM,True,True,True,6.0,True,NONE
NAZARA,2026-04-15 15:30:00 IST,SIDEWAYS,2026-04-15 09:15:00 IST,256.83,241.42,279.94,287.65,295.35,303.06,2026-05-12 15:30:00 IST,266.8,TIMEOUT_20D,0.65,20,88.0,WYCKOFF_SPRING_TYPE_2,True,True,True,6.0,True,NONE
NAZARA,2026-07-31 15:30:00 IST,BULL,2026-07-31 09:15:00 IST,339.0,318.66,369.51,379.68,389.85,400.02,2026-08-27 15:30:00 IST,369.51,TARGET_1,1.5,20,92.0,V_REVERSAL,True,True,True,6.0,True,NONE
NAZARA,2026-08-28 15:30:00 IST,BULL,2026-08-28 09:15:00 IST,374.6,352.12,408.32,419.56,430.8,442.04,2026-09-03 15:30:00 IST,368.65,TIMEOUT_20D,-0.26,5,93.0,BULL_FLAG,True,True,True,6.0,True,NONE
NAUKRI,2025-11-12 15:30:00 IST,SIDEWAYS,2025-11-12 09:15:00 IST,1366.75,1286.51,1487.11,1527.23,1567.35,1607.47,2025-11-12 15:30:00 IST,1487.11,TARGET_1,1.5,1,86.0,WYCKOFF_SPRING_TYPE_2,True,True,True,5.87,True,NONE
NAUKRI,2025-12-29 15:30:00 IST,BULL,2025-12-29 09:15:00 IST,1777.97,1671.29,1937.98,1991.33,2044.67,2098.01,2025-12-29 15:30:00 IST,1671.29,STOP_LOSS,-1.0,1,94.0,WYCKOFF_SPRING_TYPE_2,True,True,True,6.0,True,NONE
NAUKRI,2026-07-23 15:30:00 IST,BULL,2026-07-23 09:15:00 IST,2122.16,1994.83,2313.14,2376.82,2440.48,2504.15,2026-07-23 15:30:00 IST,1994.83,STOP_LOSS,-1.0,1,88.0,SHAKEOUT_RECLAIM,True,True,True,6.0,True,NONE
NEOGEN,2026-02-26 15:30:00 IST,BULL,2026-02-26 09:15:00 IST,1450.5,1363.47,1581.04,1624.56,1668.07,1711.59,2026-03-01 15:30:00 IST,1363.47,STOP_LOSS,-1.0,2,93.0,DOUBLE_BOTTOM,True,True,True,6.0,True,NONE
NEOGEN,2026-04-22 15:30:00 IST,BULL,2026-04-22 09:15:00 IST,1657.8,1558.33,1807.0,1856.74,1906.47,1956.21,2026-05-06 15:30:00 IST,1807.0,TARGET_1,1.5,11,92.0,DOUBLE_BOTTOM,True,True,True,6.0,True,NONE
NEOGEN,2026-06-30 15:30:00 IST,BULL,2026-06-30 09:15:00 IST,2023.92,1902.49,2206.07,2266.78,2327.5,2388.21,2026-07-14 15:30:00 IST,2206.07,TARGET_1,1.5,11,91.0,CUP_HANDLE,True,True,True,6.0,True,NONE
NEOGEN,2026-07-15 15:30:00 IST,BULL,2026-07-15 09:15:00 IST,2271.1,2134.84,2475.49,2543.62,2611.75,2679.88,2026-07-19 15:30:00 IST,2134.84,STOP_LOSS,-1.0,3,86.0,V_REVERSAL,True,True,True,6.0,True,NONE
NESTLEIND,2025-12-26 15:30:00 IST,SIDEWAYS,2025-12-26 09:15:00 IST,1259.71,1221.3,1317.33,1336.53,1355.74,1374.94,2026-01-06 15:30:00 IST,1317.33,TARGET_1,1.5,8,84.0,CUP_HANDLE,True,True,True,3.05,True,NONE
NESTLEIND,2026-01-05 15:30:00 IST,BULL,2026-01-05 09:15:00 IST,1301.29,1251.88,1375.39,1400.11,1424.81,1449.52,2026-01-28 15:30:00 IST,1251.88,STOP_LOSS,-1.0,17,93.0,MULTI_MONTH_BASE_BREAKOUT,True,True,True,3.8,True,NONE
NESTLEIND,2026-04-17 15:30:00 IST,SIDEWAYS,2026-04-17 09:15:00 IST,1279.45,1202.68,1394.6,1432.99,1471.38,1509.76,2026-04-21 15:30:00 IST,1394.6,TARGET_1,1.5,3,83.0,WYCKOFF_SPRING_TYPE_2,True,True,True,6.0,True,NONE
NBCC,2025-07-04 15:30:00 IST,SIDEWAYS,2025-07-04 09:15:00 IST,873.38,832.92,934.07,954.3,974.53,994.76,2025-07-25 15:30:00 IST,934.07,TARGET_1,1.5,15,93.0,HIGHER_LOW_REVERSAL,True,True,True,4.63,True,NONE
NBCC,2025-11-24 15:30:00 IST,BULL,2025-11-24 09:15:00 IST,1096.1,1056.63,1155.29,1175.04,1194.77,1214.51,2025-11-27 15:30:00 IST,1056.63,STOP_LOSS,-1.0,3,93.0,MULTI_MONTH_BASE_BREAKOUT,True,True,True,3.6,True,NONE
NBCC,2026-05-25 15:30:00 IST,SIDEWAYS,2026-05-25 09:15:00 IST,1044.55,995.29,1118.44,1143.07,1167.7,1192.33,2026-06-22 15:30:00 IST,1042.65,TIMEOUT_20D,-0.04,20,89.0,WYCKOFF_SPRING_TYPE_2,True,True,True,4.72,True,NONE
NBCC,2026-07-22 15:30:00 IST,BULL,2026-07-22 09:15:00 IST,1125.22,1088.8,1179.85,1198.06,1216.27,1234.48,2026-08-18 15:30:00 IST,1088.8,STOP_LOSS,-1.0,19,88.0,CUP_HANDLE,True,True,True,3.24,True,NONE
NCC,2025-06-13 15:30:00 IST,BEAR,2025-06-13 09:15:00 IST,1141.48,1120.68,1172.67,1183.08,1193.48,1203.88,2025-06-18 15:30:00 IST,1172.67,TARGET_1,1.5,3,85.0,WYCKOFF_SPRING_TYPE_2,True,True,True,1.82,True,NONE
NCC,2025-06-24 15:30:00 IST,SIDEWAYS,2025-06-24 09:15:00 IST,1177.04,1115.29,1269.65,1300.54,1331.41,1362.29,2025-07-08 15:30:00 IST,1115.29,STOP_LOSS,-1.0,10,87.0,V_REVERSAL,True,True,True,5.25,True,NONE
NCC,2025-08-06 15:30:00 IST,SIDEWAYS,2025-08-06 09:15:00 IST,1140.6,1086.69,1221.46,1248.42,1275.37,1302.33,2025-09-03 15:30:00 IST,1177.56,TIMEOUT_20D,0.69,20,88.0,WYCKOFF_SPRING_TYPE_2,True,True,True,4.73,True,NONE
NCC,2026-02-27 15:30:00 IST,BULL,2026-02-27 09:15:00 IST,1384.29,1301.23,1508.88,1550.41,1591.94,1633.47,2026-03-27 15:30:00 IST,1477.87,TIMEOUT_20D,1.13,20,87.0,V_REVERSAL,True,True,True,6.0,True,NONE
NCC,2026-06-30 15:30:00 IST,SIDEWAYS,2026-06-30 09:15:00 IST,1368.13,1311.98,1452.35,1480.43,1508.51,1536.58,2026-07-20 15:30:00 IST,1452.35,TARGET_1,1.5,14,89.0,WYCKOFF_SPRING_TYPE_2,True,True,True,4.1,True,NONE
NCC,2026-07-06 15:30:00 IST,SIDEWAYS,2026-07-06 09:15:00 IST,1394.12,1311.98,1517.32,1558.4,1599.47,1640.54,2026-08-03 15:30:00 IST,1468.49,TIMEOUT_20D,0.91,20,87.0,WYCKOFF_SPRING_TYPE_2,True,True,True,5.89,True,NONE
NETWEB,2026-01-16 15:30:00 IST,SIDEWAYS,2026-01-16 09:15:00 IST,3347.4,3146.56,3648.66,3749.08,3849.5,3949.92,2026-01-18 15:30:00 IST,3648.66,TARGET_1,1.5,1,82.0,V_REVERSAL,True,True,True,6.0,True,NONE
NETWEB,2026-02-12 15:30:00 IST,SIDEWAYS,2026-02-12 09:15:00 IST,3201.9,3009.79,3490.06,3586.12,3682.18,3778.23,2026-02-17 15:30:00 IST,3490.06,TARGET_1,1.5,4,100.0,WYCKOFF_SPRING_TYPE_2,True,True,True,6.0,True,NONE
NETWEB,2026-05-05 15:30:00 IST,BULL,2026-05-05 09:15:00 IST,4178.1,3927.41,4554.14,4679.48,4804.83,4930.17,2026-05-12 15:30:00 IST,3927.41,STOP_LOSS,-1.0,6,92.0,SHAKEOUT_RECLAIM,True,True,True,6.0,True,NONE
NETWEB,2026-05-29 15:30:00 IST,BULL,2026-05-29 09:15:00 IST,4670.7,4390.46,5091.06,5231.18,5371.3,5511.42,2026-06-07 15:30:00 IST,4390.46,STOP_LOSS,-1.0,6,94.0,DOUBLE_BOTTOM,True,True,True,6.0,True,NONE
NETWEB,2026-06-04 15:30:00 IST,BULL,2026-06-04 09:15:00 IST,4934.2,4638.15,5378.28,5526.3,5674.33,5822.35,2026-06-07 15:30:00 IST,4638.15,STOP_LOSS,-1.0,2,89.0,WYCKOFF_SPRING_TYPE_2,True,True,True,6.0,True,NONE
NETWEB,2026-06-12 15:30:00 IST,BULL,2026-06-12 09:15:00 IST,4587.4,4312.16,5000.26,5137.88,5275.5,5413.12,2026-06-16 15:30:00 IST,5000.26,TARGET_1,1.5,3,96.0,SHAKEOUT_RECLAIM,True,True,True,6.0,True,NONE
NETWEB,2026-07-31 15:30:00 IST,SIDEWAYS,2026-07-31 09:15:00 IST,4521.18,4249.91,4928.09,5063.72,5199.36,5334.99,2026-08-04 15:30:00 IST,4928.09,TARGET_1,1.5,3,96.0,WYCKOFF_SPRING_TYPE_2,True,True,True,6.0,True,NONE
NETWEB,2026-08-13 15:30:00 IST,BULL,2026-08-13 09:15:00 IST,5181.0,4870.14,5647.29,5802.72,5958.15,6113.58,2026-08-20 15:30:00 IST,5647.29,TARGET_1,1.5,6,94.0,SHAKEOUT_RECLAIM,True,True,True,6.0,True,NONE
NETWEB,2026-08-20 15:30:00 IST,BULL,2026-08-20 09:15:00 IST,5419.8,5094.61,5907.58,6070.18,6232.78,6395.37,2026-09-01 15:30:00 IST,5094.61,STOP_LOSS,-1.0,9,94.0,BULL_FLAG,True,True,True,6.0,True,NONE
NESCO,2025-05-09 15:30:00 IST,BULL,2025-05-09 09:15:00 IST,709.25,692.76,734.0,742.23,750.48,758.72,2025-05-12 15:30:00 IST,692.76,STOP_LOSS,-1.0,1,91.0,HIGHER_LOW_REVERSAL,True,True,True,2.33,True,NONE
NESCO,2025-05-29 15:30:00 IST,SIDEWAYS,2025-05-29 09:15:00 IST,689.96,658.94,736.5,752.0,767.51,783.02,2025-06-12 15:30:00 IST,658.94,STOP_LOSS,-1.0,10,91.0,WYCKOFF_SPRING_TYPE_2,True,True,True,4.5,True,NONE
NESCO,2025-10-30 15:30:00 IST,BEAR,2025-10-30 09:15:00 IST,593.65,576.02,620.08,628.91,637.72,646.54,2025-11-04 15:30:00 IST,620.08,TARGET_1,1.5,3,83.0,WYCKOFF_SPRING_TYPE_2,True,True,True,2.97,True,NONE
NESCO,2025-12-09 15:30:00 IST,BULL,2025-12-09 09:15:00 IST,658.77,636.12,692.73,704.07,715.39,726.72,2025-12-17 15:30:00 IST,692.73,TARGET_1,1.5,6,96.0,MULTI_MONTH_BASE_BREAKOUT,True,True,True,3.44,True,NONE
NESCO,2026-06-15 15:30:00 IST,BEAR,2026-06-15 09:15:00 IST,690.78,669.43,722.81,733.48,744.15,754.83,2026-06-17 15:30:00 IST,722.81,TARGET_1,1.5,2,85.0,WYCKOFF_SPRING_TYPE_2,True,True,True,3.09,True,NONE
NESCO,2026-07-21 15:30:00 IST,BULL,2026-07-21 09:15:00 IST,813.45,784.53,856.83,871.29,885.75,900.21,2026-08-18 15:30:00 IST,814.92,TIMEOUT_20D,0.05,20,91.0,MULTI_MONTH_BASE_BREAKOUT,True,True,True,3.56,True,NONE
NEULANDLAB,2025-10-30 15:30:00 IST,BULL,2025-10-30 09:15:00 IST,16158.0,15188.52,17612.22,18096.96,18581.7,19066.44,2025-11-03 15:30:00 IST,17612.22,TARGET_1,1.5,3,93.0,SHAKEOUT_RECLAIM,True,True,True,6.0,True,NONE
NEULANDLAB,2026-01-30 15:30:00 IST,BEAR,2026-01-30 09:15:00 IST,13251.0,12455.94,14443.59,14841.12,15238.65,15636.18,2026-02-26 15:30:00 IST,12825.0,TIMEOUT_20D,-0.54,20,88.0,SHAKEOUT_RECLAIM,True,True,True,6.0,True,NONE
NEULANDLAB,2026-02-09 15:30:00 IST,SIDEWAYS,2026-02-09 09:15:00 IST,13890.0,13056.6,15140.1,15556.8,15973.5,16390.2,2026-02-09 15:30:00 IST,13056.6,STOP_LOSS,-1.0,1,91.0,SHAKEOUT_RECLAIM,True,True,True,6.0,True,NONE
NEULANDLAB,2026-02-23 15:30:00 IST,SIDEWAYS,2026-02-23 09:15:00 IST,13651.0,12831.94,14879.59,15289.12,15698.65,16108.18,2026-02-26 15:30:00 IST,12831.94,STOP_LOSS,-1.0,4,97.0,SHAKEOUT_RECLAIM,True,True,True,6.0,True,NONE
NEULANDLAB,2026-04-08 15:30:00 IST,SIDEWAYS,2026-04-08 09:15:00 IST,14055.0,13440.0,14977.5,15285.0,15592.5,15900.0,2026-04-09 15:30:00 IST,14977.5,TARGET_1,1.5,2,91.0,DOUBLE_BOTTOM,True,True,True,4.38,True,NONE
NEULANDLAB,2026-05-04 15:30:00 IST,BULL,2026-05-04 09:15:00 IST,16124.0,15156.56,17575.16,18058.88,18542.6,19026.32,2026-05-07 15:30:00 IST,17575.16,TARGET_1,1.5,4,89.0,BULL_FLAG,True,True,True,6.0,True,NONE
NEULANDLAB,2026-05-08 15:30:00 IST,BULL,2026-05-08 09:15:00 IST,17666.0,16606.04,19255.94,19785.92,20315.9,20845.88,2026-05-12 15:30:00 IST,16606.04,STOP_LOSS,-1.0,3,82.0,V_REVERSAL,True,True,True,6.0,True,NONE
NEULANDLAB,2026-08-05 15:30:00 IST,BULL,2026-08-05 09:15:00 IST,19956.0,18758.64,21752.04,22350.72,22949.4,23548.08,2026-08-05 15:30:00 IST,21752.04,TARGET_1,1.5,1,86.0,HIGHER_LOW_REVERSAL,True,True,True,6.0,True,NONE
NFL,2026-02-09 15:30:00 IST,BEAR,2026-02-09 09:15:00 IST,81.24,76.37,88.54,90.98,93.41,95.85,2026-03-01 15:30:00 IST,76.37,STOP_LOSS,-1.0,15,87.0,SHAKEOUT_RECLAIM,True,True,True,5.99,True,NONE
NFL,2026-03-10 15:30:00 IST,SIDEWAYS,2026-03-10 09:15:00 IST,79.09,74.34,86.21,88.59,90.97,93.34,2026-03-11 15:30:00 IST,74.34,STOP_LOSS,-1.0,2,92.0,SHAKEOUT_RECLAIM,True,True,True,6.01,True,NONE
NEWGEN,2025-10-28 15:30:00 IST,BULL,2025-10-28 09:15:00 IST,985.52,926.39,1074.21,1103.78,1133.35,1162.91,2025-11-06 15:30:00 IST,926.39,STOP_LOSS,-1.0,7,88.0,V_REVERSAL,True,True,True,6.0,True,NONE
NEWGEN,2026-02-17 15:30:00 IST,BEAR,2026-02-17 09:15:00 IST,521.66,490.36,568.61,584.26,599.91,615.56,2026-02-18 15:30:00 IST,568.61,TARGET_1,1.5,2,92.0,SHAKEOUT_RECLAIM,True,True,True,6.0,True,NONE
NEWGEN,2026-06-02 15:30:00 IST,SIDEWAYS,2026-06-02 09:15:00 IST,512.36,481.62,558.48,573.84,589.21,604.58,2026-06-04 15:30:00 IST,481.62,STOP_LOSS,-1.0,3,93.0,CUP_HANDLE,True,True,True,6.0,True,NONE
NEWGEN,2026-07-13 15:30:00 IST,BULL,2026-07-13 09:15:00 IST,583.96,548.92,636.53,654.04,671.56,689.08,2026-07-13 15:30:00 IST,548.92,STOP_LOSS,-1.0,1,90.0,MULTI_MONTH_BASE_BREAKOUT,True,True,True,6.0,True,NONE
NH,2026-01-06 15:30:00 IST,BULL,2026-01-06 09:15:00 IST,1932.12,1816.19,2106.01,2163.98,2221.94,2279.91,2026-01-19 15:30:00 IST,1816.19,STOP_LOSS,-1.0,10,88.0,WYCKOFF_SPRING_TYPE_2,True,True,True,6.0,True,NONE
NH,2026-05-11 15:30:00 IST,BULL,2026-05-11 09:15:00 IST,1882.23,1823.44,1970.41,1999.81,2029.2,2058.6,2026-05-12 15:30:00 IST,1823.44,STOP_LOSS,-1.0,2,91.0,MULTI_MONTH_BASE_BREAKOUT,True,True,True,3.12,True,NONE
NH,2026-07-27 15:30:00 IST,BULL,2026-07-27 09:15:00 IST,2054.0,1986.08,2155.88,2189.84,2223.8,2257.76,2026-08-02 15:30:00 IST,1986.08,STOP_LOSS,-1.0,5,97.0,MULTI_MONTH_BASE_BREAKOUT,True,True,True,3.31,True,NONE
NETWORK18,2025-03-06 15:30:00 IST,BULL,2025-03-06 09:15:00 IST,1259.17,1183.62,1372.5,1410.27,1448.05,1485.82,2025-03-31 15:30:00 IST,1372.5,TARGET_1,1.5,17,86.0,V_REVERSAL,True,True,True,6.0,True,NONE
NETWORK18,2025-04-24 15:30:00 IST,BULL,2025-04-24 09:15:00 IST,1452.19,1396.5,1535.72,1563.57,1591.42,1619.26,2025-05-16 15:30:00 IST,1396.5,STOP_LOSS,-1.0,16,96.0,MULTI_MONTH_BASE_BREAKOUT,True,True,True,3.83,True,NONE
NETWORK18,2025-09-10 15:30:00 IST,BULL,2025-09-10 09:15:00 IST,1668.31,1599.29,1771.83,1806.35,1840.86,1875.37,2025-09-25 15:30:00 IST,1599.29,STOP_LOSS,-1.0,11,95.0,MULTI_MONTH_BASE_BREAKOUT,True,True,True,4.14,True,NONE
NETWORK18,2026-03-23 15:30:00 IST,SIDEWAYS,2026-03-23 09:15:00 IST,1431.85,1389.94,1494.71,1515.67,1536.62,1557.58,2026-04-02 15:30:00 IST,1494.71,TARGET_1,1.5,8,84.0,V_REVERSAL,True,True,True,2.93,True,NONE
NIACL,2026-02-09 15:30:00 IST,SIDEWAYS,2026-02-09 09:15:00 IST,151.72,142.62,165.37,169.92,174.47,179.02,2026-03-01 15:30:00 IST,142.62,STOP_LOSS,-1.0,15,88.0,WYCKOFF_SPRING_TYPE_2,True,True,True,6.0,True,NONE
NIACL,2026-03-25 15:30:00 IST,BEAR,2026-03-25 09:15:00 IST,127.23,119.66,138.59,142.37,146.16,149.94,2026-03-29 15:30:00 IST,119.66,STOP_LOSS,-1.0,2,89.0,SHAKEOUT_RECLAIM,True,True,True,5.95,True,NONE
NIACL,2026-05-13 15:30:00 IST,BULL,2026-05-13 09:15:00 IST,166.71,156.7,181.72,186.73,191.74,196.74,2026-05-28 15:30:00 IST,156.7,STOP_LOSS,-1.0,12,93.0,CUP_HANDLE,True,True,True,6.0,True,NONE
NIACL,2026-06-19 15:30:00 IST,BULL,2026-06-19 09:15:00 IST,200.66,188.62,218.71,224.74,230.76,236.78,2026-06-23 15:30:00 IST,188.62,STOP_LOSS,-1.0,3,86.0,V_REVERSAL,True,True,True,6.0,True,NONE
NIFTY 50,2025-11-14 15:30:00 IST,BULL,2025-11-14 09:15:00 IST,25910.05,25191.86,26987.34,27346.43,27705.52,28064.62,2025-12-11 15:30:00 IST,26046.95,TIMEOUT_20D,0.19,20,83.0,CUP_HANDLE,True,True,True,2.77,True,NONE
NIVABUPA,2025-12-16 15:30:00 IST,SIDEWAYS,2025-12-16 09:15:00 IST,77.47,73.42,83.55,85.57,87.59,89.62,2026-01-13 15:30:00 IST,78.98,TIMEOUT_20D,0.37,20,93.0,DOUBLE_BOTTOM,True,True,True,5.23,True,NONE
NIVABUPA,2026-01-08 15:30:00 IST,BULL,2026-01-08 09:15:00 IST,79.52,76.33,84.3,85.9,87.49,89.09,2026-01-08 15:30:00 IST,76.33,STOP_LOSS,-1.0,1,90.0,MULTI_MONTH_BASE_BREAKOUT,True,True,True,4.01,True,NONE
NIVABUPA,2026-01-30 15:30:00 IST,BULL,2026-01-30 09:15:00 IST,78.87,75.54,83.87,85.53,87.19,88.86,2026-02-12 15:30:00 IST,75.54,STOP_LOSS,-1.0,10,96.0,DOUBLE_BOTTOM,True,True,True,4.22,True,NONE
NIVABUPA,2026-05-08 15:30:00 IST,BULL,2026-05-08 09:15:00 IST,81.29,76.41,88.61,91.05,93.49,95.93,2026-05-10 15:30:00 IST,88.61,TARGET_1,1.5,1,89.0,CUP_HANDLE,True,True,True,6.0,True,NONE
NIITMTS,2025-11-24 15:30:00 IST,BULL,2025-11-24 09:15:00 IST,379.05,356.31,413.16,424.53,435.9,447.27,2025-12-08 15:30:00 IST,356.31,STOP_LOSS,-1.0,11,88.0,MULTI_MONTH_BASE_BREAKOUT,True,True,True,6.0,True,NONE
NIITMTS,2026-01-02 15:30:00 IST,BULL,2026-01-02 09:15:00 IST,414.15,389.3,451.42,463.85,476.27,488.7,2026-01-11 15:30:00 IST,389.3,STOP_LOSS,-1.0,6,90.0,SHAKEOUT_RECLAIM,True,True,True,6.0,True,NONE
NIITMTS,2026-04-29 15:30:00 IST,SIDEWAYS,2026-04-29 09:15:00 IST,326.3,308.75,352.62,361.4,370.18,378.95,2026-04-29 15:30:00 IST,308.75,STOP_LOSS,-1.0,1,87.0,CUP_HANDLE,True,True,True,5.38,True,NONE
NLCINDIA,2025-10-30 15:30:00 IST,SIDEWAYS,2025-10-30 09:15:00 IST,260.19,246.24,281.12,288.09,295.06,302.04,2025-11-19 15:30:00 IST,246.24,STOP_LOSS,-1.0,14,87.0,SHAKEOUT_RECLAIM,True,True,True,5.36,True,NONE
NLCINDIA,2025-12-23 15:30:00 IST,SIDEWAYS,2025-12-23 09:15:00 IST,248.35,233.45,270.71,278.15,285.6,293.05,2026-01-04 15:30:00 IST,270.71,TARGET_1,1.5,8,95.0,WYCKOFF_SPRING_TYPE_2,True,True,True,6.0,True,NONE
NLCINDIA,2026-01-02 15:30:00 IST,SIDEWAYS,2026-01-02 09:15:00 IST,268.18,257.46,284.26,289.62,294.98,300.34,2026-01-07 15:30:00 IST,257.46,STOP_LOSS,-1.0,4,97.0,MULTI_MONTH_BASE_BREAKOUT,True,True,True,4.0,True,NONE
NLCINDIA,2026-04-01 15:30:00 IST,BULL,2026-04-01 09:15:00 IST,283.2,267.72,306.42,314.16,321.9,329.64,2026-04-08 15:30:00 IST,267.72,STOP_LOSS,-1.0,5,88.0,MULTI_MONTH_BASE_BREAKOUT,True,True,True,5.47,True,NONE
NHPC,2025-12-09 15:30:00 IST,BULL,2025-12-09 09:15:00 IST,2278.57,2175.64,2432.96,2484.43,2535.9,2587.36,2026-01-05 15:30:00 IST,2432.96,TARGET_1,1.5,19,91.0,HIGHER_LOW_REVERSAL,True,True,True,4.52,True,NONE
NHPC,2026-01-26 15:30:00 IST,BULL,2026-01-26 09:15:00 IST,2564.85,2481.61,2689.7,2731.33,2772.95,2814.57,2026-02-11 15:30:00 IST,2689.7,TARGET_1,1.5,12,91.0,MULTI_MONTH_BASE_BREAKOUT,True,True,True,3.25,True,NONE
NHPC,2026-03-13 15:30:00 IST,BULL,2026-03-13 09:15:00 IST,2699.46,2608.54,2835.84,2881.3,2926.76,2972.22,2026-04-10 15:30:00 IST,2782.56,TIMEOUT_20D,0.91,20,86.0,CUP_HANDLE,True,True,True,3.37,True,NONE
NORTHARC,2025-12-09 15:30:00 IST,BEAR,2025-12-09 09:15:00 IST,260.55,244.92,283.99,291.81,299.63,307.44,2025-12-17 15:30:00 IST,244.92,STOP_LOSS,-1.0,7,86.0,SHAKEOUT_RECLAIM,True,True,True,6.0,True,NONE
NORTHARC,2026-01-02 15:30:00 IST,SIDEWAYS,2026-01-02 09:15:00 IST,259.45,243.88,282.81,290.59,298.38,306.16,2026-02-01 15:30:00 IST,243.88,STOP_LOSS,-1.0,20,90.0,WYCKOFF_SPRING_TYPE_2,True,True,True,6.0,True,NONE
NORTHARC,2026-04-22 15:30:00 IST,SIDEWAYS,2026-04-22 09:15:00 IST,248.03,233.15,270.35,277.79,285.23,292.67,2026-05-04 15:30:00 IST,270.35,TARGET_1,1.5,9,86.0,WYCKOFF_SPRING_TYPE_2,True,True,True,6.0,True,NONE
NORTHARC,2026-05-05 15:30:00 IST,BULL,2026-05-05 09:15:00 IST,272.9,256.53,297.45,305.64,313.82,322.01,2026-05-10 15:30:00 IST,297.45,TARGET_1,1.5,4,90.0,BULL_FLAG,True,True,True,6.0,True,NONE
NORTHARC,2026-07-10 15:30:00 IST,BULL,2026-07-10 09:15:00 IST,325.3,312.05,345.17,351.8,358.43,365.05,2026-07-15 15:30:00 IST,312.05,STOP_LOSS,-1.0,4,98.0,MULTI_MONTH_BASE_BREAKOUT,True,True,True,4.07,True,NONE
NRBBEARING,2025-12-01 15:30:00 IST,BULL,2025-12-01 09:15:00 IST,299.63,284.15,322.85,330.59,338.33,346.07,2025-12-02 15:30:00 IST,284.15,STOP_LOSS,-1.0,2,95.0,MULTI_MONTH_BASE_BREAKOUT,True,True,True,5.17,True,NONE
NRBBEARING,2026-01-07 15:30:00 IST,SIDEWAYS,2026-01-07 09:15:00 IST,276.3,260.31,300.29,308.28,316.28,324.27,2026-01-11 15:30:00 IST,260.31,STOP_LOSS,-1.0,3,85.0,V_REVERSAL,True,True,True,5.79,True,NONE
NRBBEARING,2026-04-01 15:30:00 IST,BEAR,2026-04-01 09:15:00 IST,235.45,221.32,256.64,263.71,270.77,277.84,2026-04-08 15:30:00 IST,256.64,TARGET_1,1.5,5,83.0,SHAKEOUT_RECLAIM,True,True,True,6.0,True,NONE
NRBBEARING,2026-08-07 15:30:00 IST,BULL,2026-08-07 09:15:00 IST,461.5,433.81,503.03,516.88,530.73,544.57,2026-08-18 15:30:00 IST,503.03,TARGET_1,1.5,8,87.0,WYCKOFF_SPRING_TYPE_2,True,True,True,6.0,True,NONE
NRBBEARING,2026-08-17 15:30:00 IST,BULL,2026-08-17 09:15:00 IST,484.05,468.51,507.36,515.13,522.9,530.67,2026-08-24 15:30:00 IST,468.51,STOP_LOSS,-1.0,6,94.0,MULTI_MONTH_BASE_BREAKOUT,True,True,True,3.21,True,NONE
NTPCGREEN,2026-01-02 15:30:00 IST,SIDEWAYS,2026-01-02 09:15:00 IST,97.11,91.28,105.86,108.77,111.69,114.6,2026-01-08 15:30:00 IST,91.28,STOP_LOSS,-1.0,5,81.0,V_REVERSAL,True,True,True,6.0,True,NONE
NTPCGREEN,2026-02-19 15:30:00 IST,SIDEWAYS,2026-02-19 09:15:00 IST,90.51,87.56,94.94,96.41,97.89,99.36,2026-03-01 15:30:00 IST,87.56,STOP_LOSS,-1.0,7,79.0,CUP_HANDLE,True,True,True,3.26,True,NONE
NTPCGREEN,2026-04-17 15:30:00 IST,BULL,2026-04-17 09:15:00 IST,111.96,105.24,122.04,125.4,128.76,132.12,2026-05-14 15:30:00 IST,107.99,TIMEOUT_20D,-0.59,20,85.0,V_REVERSAL,True,True,True,6.0,True,NONE
NTPCGREEN,2026-04-27 15:30:00 IST,BULL,2026-04-27 09:15:00 IST,118.86,111.73,129.56,133.12,136.69,140.25,2026-04-28 15:30:00 IST,111.73,STOP_LOSS,-1.0,2,90.0,BULL_FLAG,True,True,True,6.0,True,NONE
NTPC,2025-10-29 15:30:00 IST,BULL,2025-10-29 09:15:00 IST,341.99,328.24,362.62,369.49,376.37,383.24,2025-11-02 15:30:00 IST,328.24,STOP_LOSS,-1.0,3,89.0,HIGHER_LOW_REVERSAL,True,True,True,4.02,True,NONE
NTPC,2025-12-29 15:30:00 IST,SIDEWAYS,2025-12-29 09:15:00 IST,323.06,311.62,340.22,345.94,351.66,357.38,2026-01-01 15:30:00 IST,340.22,TARGET_1,1.5,4,87.0,V_REVERSAL,True,True,True,3.54,True,NONE
NTPC,2026-01-02 15:30:00 IST,BULL,2026-01-02 09:15:00 IST,349.46,334.12,372.47,380.14,387.81,395.48,2026-01-08 15:30:00 IST,334.12,STOP_LOSS,-1.0,5,93.0,MULTI_MONTH_BASE_BREAKOUT,True,True,True,4.39,True,NONE
NTPC,2026-01-29 15:30:00 IST,BULL,2026-01-29 09:15:00 IST,355.47,341.58,376.3,383.25,390.2,397.14,2026-02-01 15:30:00 IST,341.58,STOP_LOSS,-1.0,2,89.0,MULTI_MONTH_BASE_BREAKOUT,True,True,True,3.91,True,NONE
NTPC,2026-02-20 15:30:00 IST,BULL,2026-02-20 09:15:00 IST,372.95,360.39,391.79,398.07,404.35,410.63,2026-03-11 15:30:00 IST,391.79,TARGET_1,1.5,13,91.0,BULL_FLAG,True,True,True,3.37,True,NONE
NTPC,2026-03-12 15:30:00 IST,BULL,2026-03-12 09:15:00 IST,390.55,376.89,411.04,417.87,424.7,431.53,2026-03-15 15:30:00 IST,376.89,STOP_LOSS,-1.0,2,97.0,MULTI_MONTH_BASE_BREAKOUT,True,True,True,3.5,True,NONE
NTPC,2026-08-05 15:30:00 IST,SIDEWAYS,2026-08-05 09:15:00 IST,349.9,338.55,366.92,372.6,378.27,383.95,2026-08-09 15:30:00 IST,338.55,STOP_LOSS,-1.0,3,94.0,WYCKOFF_SPRING_TYPE_2,True,True,True,3.24,True,NONE
NMDC,2025-07-14 15:30:00 IST,BULL,2025-07-14 09:15:00 IST,1150.95,1110.65,1211.41,1231.55,1251.7,1271.85,2025-07-24 15:30:00 IST,1110.65,STOP_LOSS,-1.0,8,93.0,MULTI_MONTH_BASE_BREAKOUT,True,True,True,3.5,True,NONE
NMDC,2025-12-09 15:30:00 IST,BEAR,2025-12-09 09:15:00 IST,1290.13,1260.14,1335.12,1350.11,1365.11,1380.1,2025-12-16 15:30:00 IST,1260.14,STOP_LOSS,-1.0,5,85.0,CUP_HANDLE,True,True,True,2.32,True,NONE
NMDC,2026-06-15 15:30:00 IST,BULL,2026-06-15 09:15:00 IST,1706.1,1654.55,1783.43,1809.2,1834.97,1860.75,2026-07-02 15:30:00 IST,1783.43,TARGET_1,1.5,13,94.0,MULTI_MONTH_BASE_BREAKOUT,True,True,True,3.02,True,NONE
NUVOCO,2026-04-30 15:30:00 IST,BEAR,2026-04-30 09:15:00 IST,296.7,281.98,318.78,326.14,333.5,340.86,2026-05-06 15:30:00 IST,318.78,TARGET_1,1.5,5,88.0,SHAKEOUT_RECLAIM,True,True,True,4.96,True,NONE
NUVOCO,2026-05-06 15:30:00 IST,SIDEWAYS,2026-05-06 09:15:00 IST,307.8,289.33,335.5,344.74,353.98,363.21,2026-05-06 15:30:00 IST,335.5,TARGET_1,1.5,1,84.0,BULL_PENNANT,True,True,True,6.0,True,NONE
NSLNISP,2025-04-10 15:30:00 IST,BULL,2025-04-10 09:15:00 IST,1982.5,1882.26,2132.87,2182.98,2233.1,2283.22,2025-05-08 15:30:00 IST,1979.46,TIMEOUT_20D,-0.03,20,91.0,HIGHER_LOW_REVERSAL,True,True,True,5.06,True,NONE
NSLNISP,2026-01-30 15:30:00 IST,BULL,2026-01-30 09:15:00 IST,2531.31,2418.16,2701.04,2757.61,2814.19,2870.76,2026-02-11 15:30:00 IST,2418.16,STOP_LOSS,-1.0,8,84.0,DOUBLE_BOTTOM,True,True,True,4.47,True,NONE
NYKAA,2025-11-17 15:30:00 IST,BULL,2025-11-17 09:15:00 IST,268.74,260.2,281.55,285.82,290.09,294.36,2025-12-01 15:30:00 IST,260.2,STOP_LOSS,-1.0,11,94.0,MULTI_MONTH_BASE_BREAKOUT,True,True,True,3.18,True,NONE
NYKAA,2025-11-24 15:30:00 IST,BULL,2025-11-24 09:15:00 IST,271.16,264.2,281.6,285.08,288.56,292.04,2025-11-25 15:30:00 IST,264.2,STOP_LOSS,-1.0,2,88.0,CUP_HANDLE,True,True,True,2.57,True,NONE
NYKAA,2026-01-13 15:30:00 IST,SIDEWAYS,2026-01-13 09:15:00 IST,254.6,242.28,273.08,279.24,285.4,291.56,2026-01-19 15:30:00 IST,242.28,STOP_LOSS,-1.0,5,84.0,SHAKEOUT_RECLAIM,True,True,True,4.84,True,NONE
NYKAA,2026-02-06 15:30:00 IST,SIDEWAYS,2026-02-06 09:15:00 IST,276.99,264.76,295.33,301.45,307.57,313.68,2026-02-19 15:30:00 IST,264.76,STOP_LOSS,-1.0,10,97.0,MULTI_MONTH_BASE_BREAKOUT,True,True,True,4.42,True,NONE
OIL,2026-01-13 15:30:00 IST,BULL,2026-01-13 09:15:00 IST,441.15,426.0,463.88,471.45,479.02,486.6,2026-01-19 15:30:00 IST,426.0,STOP_LOSS,-1.0,5,97.0,MULTI_MONTH_BASE_BREAKOUT,True,True,True,3.43,True,NONE
OIL,2026-01-28 15:30:00 IST,BULL,2026-01-28 09:15:00 IST,483.11,454.12,526.6,541.09,555.59,570.08,2026-02-12 15:30:00 IST,454.12,STOP_LOSS,-1.0,12,93.0,MULTI_MONTH_BASE_BREAKOUT,True,True,True,6.0,True,NONE
OIL,2026-04-09 15:30:00 IST,BEAR,2026-04-09 09:15:00 IST,470.75,452.13,498.68,507.99,517.3,526.61,2026-04-27 15:30:00 IST,498.68,TARGET_1,1.5,12,92.0,WYCKOFF_SPRING_TYPE_2,True,True,True,3.96,True,NONE
OIL,2026-05-13 15:30:00 IST,BULL,2026-05-13 09:15:00 IST,507.1,491.06,531.16,539.18,547.2,555.22,2026-05-24 15:30:00 IST,491.06,STOP_LOSS,-1.0,8,90.0,MULTI_MONTH_BASE_BREAKOUT,True,True,True,3.16,True,NONE
OIL,2026-07-14 15:30:00 IST,SIDEWAYS,2026-07-14 09:15:00 IST,441.1,414.63,480.81,494.04,507.28,520.51,2026-08-10 15:30:00 IST,480.81,TARGET_1,1.5,20,89.0,WYCKOFF_SPRING_TYPE_2,True,True,True,6.0,True,NONE
OIL,2026-07-20 15:30:00 IST,SIDEWAYS,2026-07-20 09:15:00 IST,453.55,426.34,494.36,507.97,521.58,535.18,2026-08-16 15:30:00 IST,474.65,TIMEOUT_20D,0.78,20,91.0,BULL_FLAG,True,True,True,6.0,True,NONE
OFSS,2025-11-19 15:30:00 IST,BEAR,2025-11-19 09:15:00 IST,8100.92,7773.13,8592.6,8756.5,8920.4,9084.29,2025-12-07 15:30:00 IST,7773.13,STOP_LOSS,-1.0,13,81.0,SHAKEOUT_RECLAIM,True,True,True,4.05,True,NONE
OFSS,2026-01-16 15:30:00 IST,SIDEWAYS,2026-01-16 09:15:00 IST,7737.82,7401.24,8242.69,8410.98,8579.27,8747.56,2026-01-20 15:30:00 IST,7401.24,STOP_LOSS,-1.0,3,92.0,DOUBLE_BOTTOM,True,True,True,4.35,True,NONE
OFSS,2026-03-18 15:30:00 IST,BEAR,2026-03-18 09:15:00 IST,6410.84,6030.56,6981.25,7171.4,7361.54,7551.68,2026-04-06 15:30:00 IST,6981.25,TARGET_1,1.5,11,90.0,SHAKEOUT_RECLAIM,True,True,True,5.93,True,NONE
OFSS,2026-04-22 15:30:00 IST,BULL,2026-04-22 09:15:00 IST,7900.17,7463.6,8555.02,8773.31,8991.59,9209.88,2026-04-22 15:30:00 IST,8555.02,TARGET_1,1.5,1,91.0,CUP_HANDLE,True,True,True,5.53,True,NONE
OFSS,2026-05-27 15:30:00 IST,BULL,2026-05-27 09:15:00 IST,10299.5,9681.53,11226.45,11535.44,11844.42,12153.41,2026-06-08 15:30:00 IST,9681.53,STOP_LOSS,-1.0,9,86.0,BULL_FLAG,True,True,True,6.0,True,NONE
OFSS,2026-06-25 15:30:00 IST,BULL,2026-06-25 09:15:00 IST,10974.5,10316.03,11962.2,12291.44,12620.67,12949.91,2026-07-19 15:30:00 IST,11962.2,TARGET_1,1.5,17,89.0,V_REVERSAL,True,True,True,6.0,True,NONE
OFSS,2026-07-10 15:30:00 IST,BULL,2026-07-10 09:15:00 IST,11651.0,10951.94,12699.59,13049.12,13398.65,13748.18,2026-07-21 15:30:00 IST,10951.94,STOP_LOSS,-1.0,8,92.0,BULL_FLAG,True,True,True,6.0,True,NONE
NUVAMA,2025-11-21 15:30:00 IST,BULL,2025-11-21 09:15:00 IST,2721.0,2637.51,2846.24,2887.98,2929.72,2971.47,2025-11-27 15:30:00 IST,2637.51,STOP_LOSS,-1.0,4,81.0,CUP_HANDLE,True,True,True,3.07,True,NONE
NUVAMA,2025-12-22 15:30:00 IST,BULL,2025-12-22 09:15:00 IST,2763.24,2597.45,3011.93,3094.82,3177.71,3260.61,2026-01-19 15:30:00 IST,2826.2,TIMEOUT_20D,0.38,20,90.0,V_REVERSAL,True,True,True,6.0,True,NONE
NUVAMA,2026-07-01 15:30:00 IST,SIDEWAYS,2026-07-01 09:15:00 IST,3265.35,3129.24,3469.52,3537.57,3605.62,3673.68,2026-07-29 15:30:00 IST,3193.72,TIMEOUT_20D,-0.53,20,91.0,WYCKOFF_SPRING_TYPE_2,True,True,True,4.17,True,NONE
NUVAMA,2026-07-28 15:30:00 IST,SIDEWAYS,2026-07-28 09:15:00 IST,3257.02,3154.48,3410.82,3462.1,3513.37,3564.64,2026-08-13 15:30:00 IST,3154.48,STOP_LOSS,-1.0,12,83.0,V_REVERSAL,True,True,True,3.15,True,NONE
OILIETF.NS,2025-12-22 15:30:00 IST,BULL,2025-12-22 09:15:00 IST,12.19,11.87,12.67,12.83,12.99,13.15,2025-12-29 15:30:00 IST,11.87,STOP_LOSS,-1.0,5,87.0,CUP_HANDLE,True,True,True,2.63,True,NONE
OILIETF.NS,2026-02-04 15:30:00 IST,SIDEWAYS,2026-02-04 09:15:00 IST,12.3,11.56,13.41,13.78,14.15,14.52,2026-03-01 15:30:00 IST,13.41,TARGET_1,1.5,18,93.0,WYCKOFF_SPRING_TYPE_2,True,True,True,6.02,True,NONE
OBEROIRLTY,2025-06-23 15:30:00 IST,BULL,2025-06-23 09:15:00 IST,2139.06,2088.3,2215.19,2240.58,2265.96,2291.34,2025-07-03 15:30:00 IST,2088.3,STOP_LOSS,-1.0,8,94.0,CUP_HANDLE,True,True,True,2.37,True,NONE
OBEROIRLTY,2025-12-19 15:30:00 IST,BEAR,2025-12-19 09:15:00 IST,2075.02,2012.37,2169.01,2200.32,2231.65,2262.97,2026-01-07 15:30:00 IST,2169.01,TARGET_1,1.5,13,83.0,V_REVERSAL,True,True,True,3.02,True,NONE
OBEROIRLTY,2026-01-30 15:30:00 IST,BULL,2026-01-30 09:15:00 IST,2265.01,2209.66,2348.02,2375.71,2403.39,2431.06,2026-02-19 15:30:00 IST,2209.66,STOP_LOSS,-1.0,14,85.0,CUP_HANDLE,True,True,True,2.44,True,NONE
OBEROIRLTY,2026-07-30 15:30:00 IST,BULL,2026-07-30 09:15:00 IST,2469.44,2404.81,2566.4,2598.7,2631.02,2663.33,2026-08-07 15:30:00 IST,2566.4,TARGET_1,1.5,6,92.0,CUP_HANDLE,True,True,True,2.62,True,NONE
OLAELEC,2025-12-19 15:30:00 IST,BEAR,2025-12-19 09:15:00 IST,34.38,32.32,37.47,38.5,39.53,40.56,2025-12-30 15:30:00 IST,37.47,TARGET_1,1.5,7,93.0,SHAKEOUT_RECLAIM,True,True,True,5.99,True,NONE
OLAELEC,2026-01-02 15:30:00 IST,SIDEWAYS,2026-01-02 09:15:00 IST,40.89,38.44,44.56,45.79,47.02,48.24,2026-01-05 15:30:00 IST,44.56,TARGET_1,1.5,2,96.0,BULL_FLAG,True,True,True,5.99,True,NONE
OLAELEC,2026-04-01 15:30:00 IST,SIDEWAYS,2026-04-01 09:15:00 IST,25.89,24.34,28.21,28.99,29.77,30.54,2026-04-01 15:30:00 IST,28.21,TARGET_1,1.5,1,97.0,SHAKEOUT_RECLAIM,True,True,True,5.99,True,NONE
OLAELEC,2026-04-09 15:30:00 IST,SIDEWAYS,2026-04-09 09:15:00 IST,36.32,34.14,39.59,40.68,41.77,42.86,2026-04-09 15:30:00 IST,39.59,TARGET_1,1.5,1,91.0,V_REVERSAL,True,True,True,6.0,True,NONE
OLAELEC,2026-05-25 15:30:00 IST,BULL,2026-05-25 09:15:00 IST,37.89,35.62,41.29,42.43,43.57,44.7,2026-05-28 15:30:00 IST,41.29,TARGET_1,1.5,4,90.0,WYCKOFF_SPRING_TYPE_2,True,True,True,5.99,True,NONE
OLAELEC,2026-06-05 15:30:00 IST,BULL,2026-06-05 09:15:00 IST,44.88,42.19,48.92,50.26,51.61,52.95,2026-06-08 15:30:00 IST,48.92,TARGET_1,1.5,2,90.0,SHAKEOUT_RECLAIM,True,True,True,5.99,True,NONE
OLECTRA,2025-10-28 15:30:00 IST,SIDEWAYS,2025-10-28 09:15:00 IST,1495.3,1405.58,1629.88,1674.74,1719.6,1764.46,2025-11-10 15:30:00 IST,1405.58,STOP_LOSS,-1.0,9,86.0,BULL_PENNANT,True,True,True,6.0,True,NONE
OLECTRA,2026-01-28 15:30:00 IST,BEAR,2026-01-28 09:15:00 IST,1088.4,1023.1,1186.35,1219.0,1251.65,1284.3,2026-02-05 15:30:00 IST,1023.1,STOP_LOSS,-1.0,7,93.0,SHAKEOUT_RECLAIM,True,True,True,6.0,True,NONE
OLECTRA,2026-03-18 15:30:00 IST,SIDEWAYS,2026-03-18 09:15:00 IST,1055.95,992.59,1150.99,1182.67,1214.35,1246.03,2026-03-29 15:30:00 IST,992.59,STOP_LOSS,-1.0,7,94.0,SHAKEOUT_RECLAIM,True,True,True,6.0,True,NONE
OLECTRA,2026-04-28 15:30:00 IST,BULL,2026-04-28 09:15:00 IST,1286.0,1208.84,1401.74,1440.32,1478.9,1517.48,2026-05-17 15:30:00 IST,1208.84,STOP_LOSS,-1.0,14,94.0,BULL_FLAG,True,True,True,6.0,True,NONE
OLECTRA,2026-06-17 15:30:00 IST,BULL,2026-06-17 09:15:00 IST,1354.9,1273.61,1476.84,1517.48,1558.13,1598.77,2026-06-18 15:30:00 IST,1476.84,TARGET_1,1.5,2,94.0,WYCKOFF_SPRING_TYPE_2,True,True,True,6.0,True,NONE
OLECTRA,2026-08-05 15:30:00 IST,SIDEWAYS,2026-08-05 09:15:00 IST,1399.4,1315.44,1525.34,1567.32,1609.3,1651.28,2026-08-13 15:30:00 IST,1315.44,STOP_LOSS,-1.0,7,90.0,V_REVERSAL,True,True,True,6.0,True,NONE
ONGC,2025-10-23 15:30:00 IST,BULL,2025-10-23 09:15:00 IST,240.61,230.8,255.33,260.23,265.13,270.04,2025-11-20 15:30:00 IST,241.27,TIMEOUT_20D,0.07,20,83.0,MULTI_MONTH_BASE_BREAKOUT,True,True,True,4.08,True,NONE
ONGC,2025-12-31 15:30:00 IST,SIDEWAYS,2025-12-31 09:15:00 IST,234.85,222.24,253.77,260.07,266.37,272.68,2026-01-27 15:30:00 IST,253.77,TARGET_1,1.5,19,89.0,WYCKOFF_SPRING_TYPE_2,True,True,True,5.37,True,NONE
ONGC,2026-01-28 15:30:00 IST,BULL,2026-01-28 09:15:00 IST,262.41,246.66,286.02,293.91,301.79,309.66,2026-02-01 15:30:00 IST,246.66,STOP_LOSS,-1.0,3,91.0,DOUBLE_BOTTOM,True,True,True,6.0,True,NONE
ONGC,2026-02-19 15:30:00 IST,BULL,2026-02-19 09:15:00 IST,274.65,265.64,288.16,292.67,297.17,301.68,2026-03-01 15:30:00 IST,288.16,TARGET_1,1.5,7,90.0,MULTI_MONTH_BASE_BREAKOUT,True,True,True,3.28,True,NONE
ONGC,2026-03-27 15:30:00 IST,BULL,2026-03-27 09:15:00 IST,281.95,265.03,307.33,315.79,324.25,332.71,2026-04-28 15:30:00 IST,307.33,TARGET_1,1.5,20,90.0,WYCKOFF_SPRING_TYPE_2,True,True,True,6.0,True,NONE
ONGC,2026-04-28 15:30:00 IST,BULL,2026-04-28 09:15:00 IST,301.3,284.21,326.93,335.48,344.03,352.57,2026-05-05 15:30:00 IST,284.21,STOP_LOSS,-1.0,6,93.0,MULTI_MONTH_BASE_BREAKOUT,True,True,True,5.67,True,NONE
ONGC,2026-07-06 15:30:00 IST,BEAR,2026-07-06 09:15:00 IST,243.9,229.27,265.84,273.16,280.48,287.79,2026-08-02 15:30:00 IST,242.0,TIMEOUT_20D,-0.13,20,84.0,V_REVERSAL,True,True,True,6.0,True,NONE
ORIANA,2026-02-03 15:30:00 IST,SIDEWAYS,2026-02-03 09:15:00 IST,1907.65,1793.19,2079.34,2136.57,2193.8,2251.03,2026-02-05 15:30:00 IST,2079.34,TARGET_1,1.5,3,97.0,SHAKEOUT_RECLAIM,True,True,True,6.0,True,NONE
ORIANA,2026-04-02 15:30:00 IST,SIDEWAYS,2026-04-02 09:15:00 IST,1811.4,1702.72,1974.42,2028.76,2083.1,2137.44,2026-04-07 15:30:00 IST,1974.42,TARGET_1,1.5,3,85.0,V_REVERSAL,True,True,True,6.0,True,NONE
ORIANA,2026-08-06 15:30:00 IST,SIDEWAYS,2026-08-06 09:15:00 IST,1468.15,1380.06,1600.29,1644.33,1688.38,1732.42,2026-08-11 15:30:00 IST,1380.06,STOP_LOSS,-1.0,4,96.0,WYCKOFF_SPRING_TYPE_2,True,True,True,6.0,True,NONE
ORIENTCEM,2026-06-12 15:30:00 IST,BEAR,2026-06-12 09:15:00 IST,134.77,127.93,145.03,148.45,151.87,155.29,2026-07-09 15:30:00 IST,137.95,TIMEOUT_20D,0.46,20,84.0,SHAKEOUT_RECLAIM,True,True,True,5.08,True,NONE
ORIENTCEM,2026-06-24 15:30:00 IST,SIDEWAYS,2026-06-24 09:15:00 IST,136.4,128.22,148.67,152.76,156.85,160.94,2026-07-21 15:30:00 IST,136.61,TIMEOUT_20D,0.03,20,91.0,WYCKOFF_SPRING_TYPE_2,True,True,True,6.0,True,NONE
ORIENTCEM,2026-07-03 15:30:00 IST,SIDEWAYS,2026-07-03 09:15:00 IST,142.29,133.75,155.1,159.37,163.64,167.91,2026-07-07 15:30:00 IST,133.75,STOP_LOSS,-1.0,3,92.0,HIGHER_LOW_REVERSAL,True,True,True,6.0,True,NONE
ONESOURCE,2025-03-05 15:30:00 IST,BEAR,2025-03-05 09:15:00 IST,1198.77,1145.11,1279.25,1306.09,1332.92,1359.75,2025-03-26 15:30:00 IST,1279.25,TARGET_1,1.5,15,85.0,V_REVERSAL,True,True,True,4.48,True,NONE
ONESOURCE,2025-03-19 15:30:00 IST,BULL,2025-03-19 09:15:00 IST,1234.86,1166.64,1337.18,1371.3,1405.41,1439.52,2025-04-16 15:30:00 IST,1280.42,TIMEOUT_20D,0.67,20,84.0,V_REVERSAL,True,True,True,5.52,True,NONE
ONESOURCE,2025-04-15 15:30:00 IST,BULL,2025-04-15 09:15:00 IST,1288.79,1244.75,1354.84,1376.87,1398.89,1420.91,2025-04-24 15:30:00 IST,1244.75,STOP_LOSS,-1.0,7,85.0,CUP_HANDLE,True,True,True,3.42,True,NONE
ONESOURCE,2025-08-01 15:30:00 IST,BULL,2025-08-01 09:15:00 IST,1348.51,1299.61,1421.85,1446.31,1470.76,1495.21,2025-08-21 15:30:00 IST,1299.61,STOP_LOSS,-1.0,14,94.0,MULTI_MONTH_BASE_BREAKOUT,True,True,True,3.63,True,NONE
ONESOURCE,2025-10-30 15:30:00 IST,BULL,2025-10-30 09:15:00 IST,1427.85,1386.46,1489.93,1510.63,1531.32,1552.02,2025-11-03 15:30:00 IST,1386.46,STOP_LOSS,-1.0,2,86.0,CUP_HANDLE,True,True,True,2.9,True,NONE
ONESOURCE,2026-01-12 15:30:00 IST,SIDEWAYS,2026-01-12 09:15:00 IST,1313.37,1261.08,1391.8,1417.95,1444.09,1470.24,2026-02-09 15:30:00 IST,1377.74,TIMEOUT_20D,1.23,20,89.0,DOUBLE_BOTTOM,True,True,True,3.98,True,NONE
ONESOURCE,2026-05-12 15:30:00 IST,BULL,2026-05-12 09:15:00 IST,1739.06,1662.97,1853.19,1891.24,1929.28,1967.33,2026-06-01 15:30:00 IST,1853.19,TARGET_1,1.5,14,91.0,MULTI_MONTH_BASE_BREAKOUT,True,True,True,4.38,True,NONE
ONESOURCE,2026-06-09 15:30:00 IST,BULL,2026-06-09 09:15:00 IST,1936.6,1868.51,2038.74,2072.78,2106.82,2140.87,2026-06-15 15:30:00 IST,1868.51,STOP_LOSS,-1.0,4,89.0,BULL_FLAG,True,True,True,3.52,True,NONE
PAGEIND,2026-04-17 15:30:00 IST,BULL,2026-04-17 09:15:00 IST,37826.29,35841.25,40803.86,41796.37,42788.89,43781.41,2026-05-11 15:30:00 IST,35841.25,STOP_LOSS,-1.0,16,91.0,MULTI_MONTH_BASE_BREAKOUT,True,True,True,5.25,True,NONE
PAGEIND,2026-06-24 15:30:00 IST,BULL,2026-06-24 09:15:00 IST,40885.0,39265.6,43314.1,44123.8,44933.5,45743.2,2026-06-30 15:30:00 IST,43314.1,TARGET_1,1.5,5,91.0,MULTI_MONTH_BASE_BREAKOUT,True,True,True,3.96,True,NONE
OPTIEMUS,2025-09-18 15:30:00 IST,SIDEWAYS,2025-09-18 09:15:00 IST,664.77,652.78,682.76,688.75,694.75,700.74,2025-09-19 15:30:00 IST,652.78,STOP_LOSS,-1.0,1,89.0,CUP_HANDLE,True,True,True,1.8,True,NONE
OPTIEMUS,2025-12-16 15:30:00 IST,BULL,2025-12-16 09:15:00 IST,724.3,700.72,759.66,771.46,783.25,795.04,2025-12-25 15:30:00 IST,700.72,STOP_LOSS,-1.0,7,94.0,HIGHER_LOW_REVERSAL,True,True,True,3.26,True,NONE
OPTIEMUS,2026-01-14 15:30:00 IST,BULL,2026-01-14 09:15:00 IST,760.35,729.34,806.88,822.37,837.88,853.38,2026-02-11 15:30:00 IST,777.24,TIMEOUT_20D,0.54,20,91.0,MULTI_MONTH_BASE_BREAKOUT,True,True,True,4.08,True,NONE
OPTIEMUS,2026-03-19 15:30:00 IST,BULL,2026-03-19 09:15:00 IST,804.93,771.01,855.81,872.77,889.73,906.69,2026-04-16 15:30:00 IST,820.12,TIMEOUT_20D,0.45,20,94.0,MULTI_MONTH_BASE_BREAKOUT,True,True,True,4.21,True,NONE
PARADEEP,2026-01-30 15:30:00 IST,BEAR,2026-01-30 09:15:00 IST,138.99,130.65,151.5,155.67,159.84,164.01,2026-02-01 15:30:00 IST,130.65,STOP_LOSS,-1.0,1,83.0,SHAKEOUT_RECLAIM,True,True,True,6.0,True,NONE
PARADEEP,2026-07-29 15:30:00 IST,BULL,2026-07-29 09:15:00 IST,156.54,147.15,170.62,175.32,180.01,184.71,2026-07-30 15:30:00 IST,147.15,STOP_LOSS,-1.0,2,93.0,MULTI_MONTH_BASE_BREAKOUT,True,True,True,6.0,True,NONE
PARADEEP,2026-08-25 15:30:00 IST,BULL,2026-08-25 09:15:00 IST,158.07,148.59,172.29,177.03,181.77,186.51,2026-09-03 15:30:00 IST,157.0,TIMEOUT_20D,-0.11,8,92.0,V_REVERSAL,True,True,True,6.0,True,NONE
PANAMAPET,2025-12-23 15:30:00 IST,BULL,2025-12-23 09:15:00 IST,291.43,274.48,316.85,325.33,333.8,342.28,2025-12-31 15:30:00 IST,316.85,TARGET_1,1.5,6,91.0,DOUBLE_BOTTOM,True,True,True,5.82,True,NONE
PANAMAPET,2026-03-18 15:30:00 IST,BEAR,2026-03-18 09:15:00 IST,271.45,255.16,295.89,304.03,312.17,320.32,2026-03-22 15:30:00 IST,255.16,STOP_LOSS,-1.0,3,82.0,V_REVERSAL,True,True,True,6.0,True,NONE
PANAMAPET,2026-05-20 15:30:00 IST,BULL,2026-05-20 09:15:00 IST,320.69,301.45,349.56,359.17,368.79,378.41,2026-05-25 15:30:00 IST,349.56,TARGET_1,1.5,4,92.0,HIGHER_LOW_REVERSAL,True,True,True,6.0,True,NONE
PANAMAPET,2026-05-26 15:30:00 IST,BULL,2026-05-26 09:15:00 IST,348.37,327.47,379.72,390.17,400.62,411.07,2026-05-28 15:30:00 IST,327.47,STOP_LOSS,-1.0,3,92.0,SHAKEOUT_RECLAIM,True,True,True,6.0,True,NONE
PANAMAPET,2026-06-03 15:30:00 IST,BULL,2026-06-03 09:15:00 IST,335.7,315.56,365.91,375.98,386.05,396.12,2026-06-08 15:30:00 IST,365.91,TARGET_1,1.5,4,83.0,V_REVERSAL,True,True,True,6.0,True,NONE
PANAMAPET,2026-06-18 15:30:00 IST,BULL,2026-06-18 09:15:00 IST,405.71,381.37,442.23,454.39,466.56,478.73,2026-06-18 15:30:00 IST,442.23,TARGET_1,1.5,1,91.0,BULL_FLAG,True,True,True,6.0,True,NONE
PANAMAPET,2026-07-20 15:30:00 IST,BULL,2026-07-20 09:15:00 IST,450.48,423.45,491.03,504.54,518.06,531.57,2026-07-22 15:30:00 IST,491.03,TARGET_1,1.5,3,96.0,SHAKEOUT_RECLAIM,True,True,True,6.0,True,NONE
PARAS,2025-12-23 15:30:00 IST,SIDEWAYS,2025-12-23 09:15:00 IST,676.75,636.14,737.66,757.97,778.28,798.58,2026-01-19 15:30:00 IST,636.14,STOP_LOSS,-1.0,19,84.0,V_REVERSAL,True,True,True,6.0,True,NONE
PARAS,2026-01-28 15:30:00 IST,SIDEWAYS,2026-01-28 09:15:00 IST,685.6,644.46,747.31,767.88,788.45,809.02,2026-02-01 15:30:00 IST,644.46,STOP_LOSS,-1.0,3,88.0,V_REVERSAL,True,True,True,6.0,True,NONE
PARAS,2026-03-06 15:30:00 IST,BULL,2026-03-06 09:15:00 IST,749.35,704.39,816.79,839.27,861.75,884.23,2026-03-09 15:30:00 IST,704.39,STOP_LOSS,-1.0,2,90.0,SHAKEOUT_RECLAIM,True,True,True,6.0,True,NONE
PARAS,2026-04-13 15:30:00 IST,SIDEWAYS,2026-04-13 09:15:00 IST,705.9,663.55,769.43,790.6,811.78,832.95,2026-04-14 15:30:00 IST,769.43,TARGET_1,1.5,1,87.0,V_REVERSAL,True,True,True,6.0,True,NONE
PARAS,2026-04-22 15:30:00 IST,BULL,2026-04-22 09:15:00 IST,817.0,767.98,890.53,915.04,939.55,964.06,2026-05-14 15:30:00 IST,767.98,STOP_LOSS,-1.0,17,91.0,CUP_HANDLE,True,True,True,6.0,True,NONE
PARAS,2026-05-07 15:30:00 IST,BULL,2026-05-07 09:15:00 IST,869.5,817.33,947.75,973.84,999.92,1026.01,2026-05-11 15:30:00 IST,817.33,STOP_LOSS,-1.0,3,95.0,BULL_FLAG,True,True,True,6.0,True,NONE
PARAS,2026-05-25 15:30:00 IST,BULL,2026-05-25 09:15:00 IST,855.75,804.4,932.78,958.45,984.12,1009.8,2026-06-04 15:30:00 IST,932.78,TARGET_1,1.5,9,82.0,V_REVERSAL,True,True,True,6.0,True,NONE
PARAS,2026-06-09 15:30:00 IST,BULL,2026-06-09 09:15:00 IST,1039.15,976.8,1132.68,1163.85,1195.03,1226.2,2026-06-10 15:30:00 IST,976.8,STOP_LOSS,-1.0,2,88.0,V_REVERSAL,True,True,True,6.0,True,NONE
PARAS,2026-06-17 15:30:00 IST,BULL,2026-06-17 09:15:00 IST,1285.65,1208.51,1401.36,1439.93,1478.5,1517.07,2026-06-18 15:30:00 IST,1401.36,TARGET_1,1.5,2,92.0,BULL_FLAG,True,True,True,6.0,True,NONE
PARAS,2026-08-13 15:30:00 IST,BULL,2026-08-13 09:15:00 IST,1342.2,1261.67,1462.99,1503.26,1543.53,1583.79,2026-08-17 15:30:00 IST,1462.99,TARGET_1,1.5,3,90.0,WYCKOFF_SPRING_TYPE_2,True,True,True,6.0,True,NONE
OSWALPUMPS,2025-02-27 15:30:00 IST,BULL,2025-02-27 09:15:00 IST,1777.06,1690.71,1906.59,1949.76,1992.93,2036.11,2025-03-27 15:30:00 IST,1712.38,TIMEOUT_20D,-0.75,20,91.0,WYCKOFF_SPRING_TYPE_2,True,True,True,4.86,True,NONE
OSWALPUMPS,2025-04-15 15:30:00 IST,BULL,2025-04-15 09:15:00 IST,1817.95,1786.28,1865.45,1881.29,1897.13,1912.96,2025-04-22 15:30:00 IST,1865.45,TARGET_1,1.5,5,91.0,CUP_HANDLE,True,True,True,1.74,True,NONE
OSWALPUMPS,2025-06-23 15:30:00 IST,BULL,2025-06-23 09:15:00 IST,1996.06,1909.71,2125.58,2168.76,2211.93,2255.11,2025-07-03 15:30:00 IST,2125.58,TARGET_1,1.5,8,89.0,WYCKOFF_SPRING_TYPE_2,True,True,True,4.33,True,NONE
OSWALPUMPS,2026-06-23 15:30:00 IST,BULL,2026-06-23 09:15:00 IST,2570.12,2466.04,2726.25,2778.28,2830.32,2882.36,2026-07-08 15:30:00 IST,2726.25,TARGET_1,1.5,11,97.0,HIGHER_LOW_REVERSAL,True,True,True,4.05,True,NONE
OSWALPUMPS,2026-07-14 15:30:00 IST,BULL,2026-07-14 09:15:00 IST,2684.14,2620.36,2779.82,2811.7,2843.59,2875.48,2026-07-30 15:30:00 IST,2620.36,STOP_LOSS,-1.0,12,91.0,CUP_HANDLE,True,True,True,2.38,True,NONE
OSWALPUMPS,2026-08-07 15:30:00 IST,BULL,2026-08-07 09:15:00 IST,2653.99,2570.12,2779.8,2821.73,2863.66,2905.6,2026-08-18 15:30:00 IST,2570.12,STOP_LOSS,-1.0,8,81.0,CUP_HANDLE,True,True,True,3.16,True,NONE
PCBL,2026-02-09 15:30:00 IST,SIDEWAYS,2026-02-09 09:15:00 IST,296.71,278.9,323.42,332.33,341.24,350.14,2026-02-22 15:30:00 IST,323.42,TARGET_1,1.5,10,89.0,V_REVERSAL,True,True,True,6.0,True,NONE
PCBL,2026-03-25 15:30:00 IST,SIDEWAYS,2026-03-25 09:15:00 IST,266.04,250.07,289.98,297.98,305.97,313.95,2026-03-26 15:30:00 IST,250.07,STOP_LOSS,-1.0,1,94.0,SHAKEOUT_RECLAIM,True,True,True,6.0,True,NONE
PCBL,2026-05-04 15:30:00 IST,BULL,2026-05-04 09:15:00 IST,305.24,286.92,332.72,341.88,351.04,360.2,2026-05-11 15:30:00 IST,286.92,STOP_LOSS,-1.0,6,94.0,CUP_HANDLE,True,True,True,6.0,True,NONE
PCBL,2026-07-13 15:30:00 IST,BULL,2026-07-13 09:15:00 IST,319.09,299.95,347.81,357.37,366.94,376.51,2026-07-28 15:30:00 IST,347.81,TARGET_1,1.5,12,85.0,CUP_HANDLE,True,True,True,6.0,True,NONE
PCBL,2026-07-29 15:30:00 IST,BULL,2026-07-29 09:15:00 IST,360.66,339.02,393.13,403.94,414.76,425.58,2026-07-29 15:30:00 IST,339.02,STOP_LOSS,-1.0,1,91.0,WYCKOFF_SPRING_TYPE_2,True,True,True,6.0,True,NONE
PARKHOSPS,2025-03-17 15:30:00 IST,BEAR,2025-03-17 09:15:00 IST,1502.65,1462.09,1563.49,1583.77,1604.05,1624.33,2025-03-25 15:30:00 IST,1563.49,TARGET_1,1.5,6,84.0,WYCKOFF_SPRING_TYPE_2,True,True,True,2.7,True,NONE
PARKHOSPS,2025-05-09 15:30:00 IST,BULL,2025-05-09 09:15:00 IST,1849.41,1761.38,1981.45,2025.47,2069.49,2113.5,2025-06-06 15:30:00 IST,1789.1,TIMEOUT_20D,-0.69,20,87.0,HIGHER_LOW_REVERSAL,True,True,True,4.76,True,NONE
PARKHOSPS,2025-07-28 15:30:00 IST,BULL,2025-07-28 09:15:00 IST,1863.25,1831.85,1910.34,1926.05,1941.75,1957.45,2025-08-04 15:30:00 IST,1831.85,STOP_LOSS,-1.0,5,90.0,CUP_HANDLE,True,True,True,1.69,True,NONE
PARKHOSPS,2025-08-26 15:30:00 IST,BULL,2025-08-26 09:15:00 IST,1947.17,1884.31,2041.46,2072.89,2104.32,2135.75,2025-09-15 15:30:00 IST,2041.46,TARGET_1,1.5,14,92.0,CUP_HANDLE,True,True,True,3.23,True,NONE
PARKHOSPS,2026-01-22 15:30:00 IST,BULL,2026-01-22 09:15:00 IST,2468.0,2436.13,2515.8,2531.74,2547.67,2563.61,2026-01-27 15:30:00 IST,2436.13,STOP_LOSS,-1.0,3,89.0,CUP_HANDLE,True,True,True,1.29,True,NONE
PARKHOSPS,2026-05-01 15:30:00 IST,BULL,2026-05-01 09:15:00 IST,2246.59,2128.94,2423.06,2481.89,2540.72,2599.54,2026-05-11 15:30:00 IST,2128.94,STOP_LOSS,-1.0,6,87.0,DOUBLE_BOTTOM,True,True,True,5.24,True,NONE
PARKHOSPS,2026-07-09 15:30:00 IST,BULL,2026-07-09 09:15:00 IST,2508.56,2413.26,2651.52,2699.16,2746.81,2794.46,2026-08-03 15:30:00 IST,2413.26,STOP_LOSS,-1.0,17,90.0,BULL_FLAG,True,True,True,3.8,True,NONE
PATANJALI,2025-10-13 15:30:00 IST,BULL,2025-10-13 09:15:00 IST,2052.08,2011.99,2112.21,2132.26,2152.3,2172.35,2025-10-16 15:30:00 IST,2112.21,TARGET_1,1.5,3,83.0,CUP_HANDLE,True,True,True,1.95,True,NONE
PATANJALI,2025-11-18 15:30:00 IST,BULL,2025-11-18 09:15:00 IST,2218.14,2137.95,2338.42,2378.52,2418.61,2458.71,2025-12-03 15:30:00 IST,2338.42,TARGET_1,1.5,11,92.0,MULTI_MONTH_BASE_BREAKOUT,True,True,True,3.62,True,NONE
PATANJALI,2025-11-24 15:30:00 IST,BULL,2025-11-24 09:15:00 IST,2275.84,2199.07,2391.0,2429.38,2467.77,2506.15,2025-12-22 15:30:00 IST,2287.47,TIMEOUT_20D,0.15,20,95.0,MULTI_MONTH_BASE_BREAKOUT,True,True,True,3.37,True,NONE
PATANJALI,2026-06-17 15:30:00 IST,BULL,2026-06-17 09:15:00 IST,2899.12,2810.74,3031.7,3075.88,3120.07,3164.26,2026-06-19 15:30:00 IST,2810.74,STOP_LOSS,-1.0,2,85.0,BULL_FLAG,True,True,True,3.05,True,NONE
PATANJALI,2026-08-13 15:30:00 IST,BULL,2026-08-13 09:15:00 IST,3024.3,2911.26,3193.85,3250.38,3306.9,3363.42,2026-08-18 15:30:00 IST,2911.26,STOP_LOSS,-1.0,4,91.0,MULTI_MONTH_BASE_BREAKOUT,True,True,True,3.74,True,NONE
PAYTM,2025-03-13 15:30:00 IST,BULL,2025-03-13 09:15:00 IST,621.0,590.31,667.03,682.38,697.73,713.07,2025-04-10 15:30:00 IST,600.78,TIMEOUT_20D,-0.66,20,90.0,HIGHER_LOW_REVERSAL,True,True,True,4.94,True,NONE
PAYTM,2025-06-18 15:30:00 IST,BULL,2025-06-18 09:15:00 IST,674.17,658.22,698.09,706.07,714.04,722.02,2025-06-20 15:30:00 IST,658.22,STOP_LOSS,-1.0,2,87.0,CUP_HANDLE,True,True,True,2.37,True,NONE
PAYTM,2025-10-28 15:30:00 IST,BULL,2025-10-28 09:15:00 IST,622.72,612.47,638.1,643.22,648.35,653.47,2025-10-30 15:30:00 IST,638.1,TARGET_1,1.5,2,90.0,CUP_HANDLE,True,True,True,1.65,True,NONE
PAYTM,2025-11-10 15:30:00 IST,BULL,2025-11-10 09:15:00 IST,660.9,626.52,712.47,729.66,746.85,764.04,2025-12-01 15:30:00 IST,626.52,STOP_LOSS,-1.0,15,86.0,HIGHER_LOW_REVERSAL,True,True,True,5.2,True,NONE
PAYTM,2026-01-28 15:30:00 IST,BULL,2026-01-28 09:15:00 IST,653.15,638.18,675.6,683.09,690.58,698.06,2026-02-04 15:30:00 IST,675.6,TARGET_1,1.5,5,93.0,CUP_HANDLE,True,True,True,2.29,True,NONE
PAYTM,2026-02-04 15:30:00 IST,BULL,2026-02-04 09:15:00 IST,676.13,646.33,720.84,735.73,750.63,765.53,2026-02-16 15:30:00 IST,646.33,STOP_LOSS,-1.0,8,92.0,MULTI_MONTH_BASE_BREAKOUT,True,True,True,4.41,True,NONE
PAYTM,2026-04-14 15:30:00 IST,BULL,2026-04-14 09:15:00 IST,681.46,640.57,742.8,763.24,783.68,804.13,2026-05-12 15:30:00 IST,700.05,TIMEOUT_20D,0.45,20,82.0,V_REVERSAL,True,True,True,6.0,True,NONE
PAYTM,2026-08-21 15:30:00 IST,BULL,2026-08-21 09:15:00 IST,1632.0,1534.08,1778.88,1827.84,1876.8,1925.76,2026-09-03 15:30:00 IST,1659.5,TIMEOUT_20D,0.28,10,89.0,V_REVERSAL,True,True,True,6.0,True,NONE
PERSISTENT,2025-11-11 15:30:00 IST,BULL,2025-11-11 09:15:00 IST,6009.44,5650.24,6548.25,6727.84,6907.44,7087.04,2025-12-08 15:30:00 IST,6279.47,TIMEOUT_20D,0.75,20,86.0,BULL_FLAG,True,True,True,5.98,True,NONE
PERSISTENT,2025-11-19 15:30:00 IST,BULL,2025-11-19 09:15:00 IST,6293.42,5982.37,6760.01,6915.52,7071.05,7226.57,2025-12-16 15:30:00 IST,6260.04,TIMEOUT_20D,-0.11,20,94.0,HIGHER_LOW_REVERSAL,True,True,True,4.94,True,NONE
PERSISTENT,2026-07-02 15:30:00 IST,BEAR,2026-07-02 09:15:00 IST,4580.6,4305.76,4992.86,5130.28,5267.7,5405.12,2026-07-09 15:30:00 IST,4992.86,TARGET_1,1.5,6,96.0,SHAKEOUT_RECLAIM,True,True,True,6.0,True,NONE
PERSISTENT,2026-07-31 15:30:00 IST,BULL,2026-07-31 09:15:00 IST,5549.0,5309.12,5908.82,6028.76,6148.7,6268.64,2026-09-03 15:30:00 IST,5655.0,TIMEOUT_20D,0.44,18,97.0,CUP_HANDLE,True,True,True,4.32,True,NONE
PETRONET,2025-10-29 15:30:00 IST,BULL,2025-10-29 09:15:00 IST,273.47,263.0,289.18,294.41,299.65,304.88,2025-11-10 15:30:00 IST,263.0,STOP_LOSS,-1.0,8,92.0,SHAKEOUT_RECLAIM,True,True,True,3.83,True,NONE
PETRONET,2025-12-04 15:30:00 IST,BULL,2025-12-04 09:15:00 IST,277.75,266.03,295.32,301.19,307.05,312.91,2025-12-08 15:30:00 IST,266.03,STOP_LOSS,-1.0,3,95.0,HIGHER_LOW_REVERSAL,True,True,True,4.22,True,NONE
PETRONET,2026-01-06 15:30:00 IST,BULL,2026-01-06 09:15:00 IST,291.93,280.06,309.74,315.67,321.61,327.54,2026-01-07 15:30:00 IST,280.06,STOP_LOSS,-1.0,2,95.0,MULTI_MONTH_BASE_BREAKOUT,True,True,True,4.07,True,NONE
PETRONET,2026-04-09 15:30:00 IST,SIDEWAYS,2026-04-09 09:15:00 IST,268.28,252.18,292.42,300.48,308.53,316.58,2026-05-07 15:30:00 IST,280.56,TIMEOUT_20D,0.76,20,87.0,V_REVERSAL,True,True,True,6.0,True,NONE
PETRONET,2026-06-16 15:30:00 IST,BULL,2026-06-16 09:15:00 IST,290.55,273.12,316.69,325.41,334.12,342.84,2026-07-05 15:30:00 IST,273.12,STOP_LOSS,-1.0,14,82.0,V_REVERSAL,True,True,True,6.0,True,NONE
PETRONET,2026-07-22 15:30:00 IST,BULL,2026-07-22 09:15:00 IST,279.65,269.64,294.66,299.67,304.67,309.68,2026-07-22 15:30:00 IST,269.64,STOP_LOSS,-1.0,1,85.0,CUP_HANDLE,True,True,True,3.58,True,NONE
PETRONET,2026-08-14 15:30:00 IST,BULL,2026-08-14 09:15:00 IST,282.6,271.63,299.06,304.54,310.03,315.51,2026-08-30 15:30:00 IST,299.06,TARGET_1,1.5,11,91.0,CUP_HANDLE,True,True,True,3.88,True,NONE
PFC,2025-12-23 15:30:00 IST,SIDEWAYS,2025-12-23 09:15:00 IST,348.67,327.75,380.04,390.51,400.97,411.43,2026-01-20 15:30:00 IST,351.37,TIMEOUT_20D,0.13,20,86.0,V_REVERSAL,True,True,True,6.0,True,NONE
PFC,2026-01-28 15:30:00 IST,BULL,2026-01-28 09:15:00 IST,376.32,363.56,395.47,401.84,408.22,414.6,2026-02-02 15:30:00 IST,395.47,TARGET_1,1.5,4,95.0,MULTI_MONTH_BASE_BREAKOUT,True,True,True,3.39,True,NONE
PFC,2026-02-04 15:30:00 IST,BULL,2026-02-04 09:15:00 IST,407.32,385.0,440.8,451.96,463.12,474.28,2026-03-04 15:30:00 IST,410.39,TIMEOUT_20D,0.14,20,95.0,MULTI_MONTH_BASE_BREAKOUT,True,True,True,5.48,True,NONE
PFC,2026-03-18 15:30:00 IST,BULL,2026-03-18 09:15:00 IST,428.85,410.83,455.87,464.89,473.9,482.91,2026-03-18 15:30:00 IST,410.83,STOP_LOSS,-1.0,1,91.0,MULTI_MONTH_BASE_BREAKOUT,True,True,True,4.2,True,NONE
PCJEWELLER,2025-03-31 15:30:00 IST,BULL,2025-03-31 09:15:00 IST,1540.72,1467.42,1650.67,1687.32,1723.97,1760.62,2025-04-28 15:30:00 IST,1629.89,TIMEOUT_20D,1.22,20,93.0,MULTI_MONTH_BASE_BREAKOUT,True,True,True,4.76,True,NONE
PCJEWELLER,2025-05-01 15:30:00 IST,BULL,2025-05-01 09:15:00 IST,1644.92,1605.29,1704.37,1724.18,1744.0,1763.81,2025-05-02 15:30:00 IST,1605.29,STOP_LOSS,-1.0,1,86.0,BULL_FLAG,True,True,True,2.41,True,NONE
PCJEWELLER,2025-12-23 15:30:00 IST,BEAR,2025-12-23 09:15:00 IST,1431.74,1364.95,1531.92,1565.32,1598.71,1632.11,2026-01-15 15:30:00 IST,1364.95,STOP_LOSS,-1.0,17,93.0,V_REVERSAL,True,True,True,4.66,True,NONE
PCJEWELLER,2025-12-29 15:30:00 IST,BEAR,2025-12-29 09:15:00 IST,1433.34,1364.95,1535.92,1570.12,1604.31,1638.51,2026-01-15 15:30:00 IST,1364.95,STOP_LOSS,-1.0,13,87.0,WYCKOFF_SPRING_TYPE_2,True,True,True,4.77,True,NONE
PCJEWELLER,2026-02-09 15:30:00 IST,BEAR,2026-02-09 09:15:00 IST,1333.14,1287.04,1402.3,1425.34,1448.39,1471.44,2026-03-05 15:30:00 IST,1402.3,TARGET_1,1.5,18,88.0,WYCKOFF_SPRING_TYPE_2,True,True,True,3.46,True,NONE
PCJEWELLER,2026-03-13 15:30:00 IST,BULL,2026-03-13 09:15:00 IST,1444.8,1410.67,1495.99,1513.06,1530.12,1547.19,2026-03-19 15:30:00 IST,1495.99,TARGET_1,1.5,4,89.0,CUP_HANDLE,True,True,True,2.36,True,NONE
PFIZER,2026-02-11 15:30:00 IST,SIDEWAYS,2026-02-11 09:15:00 IST,5114.82,4807.93,5575.15,5728.6,5882.04,6035.49,2026-03-03 15:30:00 IST,4807.93,STOP_LOSS,-1.0,14,91.0,V_REVERSAL,True,True,True,6.0,True,NONE
PFIZER,2026-08-03 15:30:00 IST,BULL,2026-08-03 09:15:00 IST,4914.6,4688.74,5253.39,5366.32,5479.25,5592.18,2026-08-30 15:30:00 IST,4688.74,STOP_LOSS,-1.0,20,83.0,CUP_HANDLE,True,True,True,4.6,True,NONE
PHARMABEES.NS,2025-11-14 15:30:00 IST,BULL,2025-11-14 09:15:00 IST,23.34,22.29,24.92,25.44,25.97,26.49,2025-12-11 15:30:00 IST,23.33,TIMEOUT_20D,-0.01,20,82.0,SHAKEOUT_RECLAIM,True,True,True,4.5,True,NONE
PHARMABEES.NS,2026-02-25 15:30:00 IST,BULL,2026-02-25 09:15:00 IST,23.66,22.66,25.16,25.66,26.16,26.66,2026-03-08 15:30:00 IST,22.66,STOP_LOSS,-1.0,7,91.0,DOUBLE_BOTTOM,True,True,True,4.23,True,NONE
PHARMABEES.NS,2026-04-23 15:30:00 IST,SIDEWAYS,2026-04-23 09:15:00 IST,23.62,22.2,25.75,26.46,27.17,27.88,2026-05-19 15:30:00 IST,25.75,TARGET_1,1.5,18,95.0,WYCKOFF_SPRING_TYPE_2,True,True,True,6.01,True,NONE
PHARMABEES.NS,2026-05-06 15:30:00 IST,BULL,2026-05-06 09:15:00 IST,24.82,23.86,26.26,26.74,27.22,27.7,2026-06-03 15:30:00 IST,24.79,TIMEOUT_20D,-0.03,20,92.0,MULTI_MONTH_BASE_BREAKOUT,True,True,True,3.87,True,NONE
PHOENIXLTD,2025-11-03 15:30:00 IST,BULL,2025-11-03 09:15:00 IST,1746.5,1671.31,1859.29,1896.88,1934.48,1972.07,2025-11-23 15:30:00 IST,1671.31,STOP_LOSS,-1.0,14,94.0,MULTI_MONTH_BASE_BREAKOUT,True,True,True,4.31,True,NONE
PHOENIXLTD,2025-11-25 15:30:00 IST,BULL,2025-11-25 09:15:00 IST,1731.7,1651.8,1851.55,1891.5,1931.45,1971.4,2025-12-21 15:30:00 IST,1851.55,TARGET_1,1.5,19,93.0,SHAKEOUT_RECLAIM,True,True,True,4.61,True,NONE
PHOENIXLTD,2025-12-15 15:30:00 IST,BULL,2025-12-15 09:15:00 IST,1789.4,1732.03,1875.46,1904.14,1932.83,1961.51,2025-12-31 15:30:00 IST,1875.46,TARGET_1,1.5,12,90.0,MULTI_MONTH_BASE_BREAKOUT,True,True,True,3.21,True,NONE
PHOENIXLTD,2026-01-06 15:30:00 IST,BULL,2026-01-06 09:15:00 IST,1950.8,1833.75,2126.38,2184.9,2243.42,2301.95,2026-01-18 15:30:00 IST,1833.75,STOP_LOSS,-1.0,8,81.0,V_REVERSAL,True,True,True,6.0,True,NONE
PHOENIXLTD,2026-04-10 15:30:00 IST,SIDEWAYS,2026-04-10 09:15:00 IST,1763.5,1657.69,1922.21,1975.12,2028.02,2080.93,2026-05-11 15:30:00 IST,1731.0,TIMEOUT_20D,-0.31,20,81.0,V_REVERSAL,True,True,True,6.0,True,NONE
PHOENIXLTD,2026-07-01 15:30:00 IST,BULL,2026-07-01 09:15:00 IST,2018.5,1910.61,2180.34,2234.28,2288.23,2342.17,2026-07-28 15:30:00 IST,1910.61,STOP_LOSS,-1.0,20,92.0,MULTI_MONTH_BASE_BREAKOUT,True,True,True,5.35,True,NONE
PGEL,2025-03-18 15:30:00 IST,SIDEWAYS,2025-03-18 09:15:00 IST,1096.58,1054.53,1159.66,1180.68,1201.7,1222.73,2025-04-15 15:30:00 IST,1095.57,TIMEOUT_20D,-0.02,20,85.0,V_REVERSAL,True,True,True,3.83,True,NONE
PGEL,2025-04-01 15:30:00 IST,BEAR,2025-04-01 09:15:00 IST,1094.91,1054.53,1155.49,1175.67,1195.86,1216.05,2025-04-29 15:30:00 IST,1132.96,TIMEOUT_20D,0.94,20,90.0,WYCKOFF_SPRING_TYPE_2,True,True,True,3.69,True,NONE
PGEL,2025-09-01 15:30:00 IST,BULL,2025-09-01 09:15:00 IST,1432.64,1384.27,1505.19,1529.38,1553.57,1577.75,2025-09-16 15:30:00 IST,1505.19,TARGET_1,1.5,11,96.0,MULTI_MONTH_BASE_BREAKOUT,True,True,True,3.38,True,NONE
PGEL,2026-02-27 15:30:00 IST,SIDEWAYS,2026-02-27 09:15:00 IST,1664.2,1597.46,1764.31,1797.68,1831.05,1864.42,2026-03-11 15:30:00 IST,1764.31,TARGET_1,1.5,8,84.0,WYCKOFF_SPRING_TYPE_2,True,True,True,4.01,True,NONE
PGEL,2026-03-27 15:30:00 IST,BULL,2026-03-27 09:15:00 IST,1759.15,1719.81,1818.16,1837.83,1857.5,1877.17,2026-04-09 15:30:00 IST,1818.16,TARGET_1,1.5,9,89.0,CUP_HANDLE,True,True,True,2.24,True,NONE
PGEL,2026-05-08 15:30:00 IST,BULL,2026-05-08 09:15:00 IST,1984.72,1885.31,2133.83,2183.54,2233.25,2282.95,2026-06-05 15:30:00 IST,1999.14,TIMEOUT_20D,0.15,20,94.0,MULTI_MONTH_BASE_BREAKOUT,True,True,True,5.01,True,NONE
PFOCUS,2025-04-30 15:30:00 IST,SIDEWAYS,2025-04-30 09:15:00 IST,1062.23,1017.18,1129.81,1152.33,1174.86,1197.38,2025-05-19 15:30:00 IST,1129.81,TARGET_1,1.5,13,86.0,V_REVERSAL,True,True,True,4.24,True,NONE
PFOCUS,2025-08-26 15:30:00 IST,SIDEWAYS,2025-08-26 09:15:00 IST,1138.73,1070.41,1241.22,1275.37,1309.53,1343.69,2025-09-16 15:30:00 IST,1070.41,STOP_LOSS,-1.0,15,83.0,V_REVERSAL,True,True,True,6.0,True,NONE
PFOCUS,2025-12-18 15:30:00 IST,SIDEWAYS,2025-12-18 09:15:00 IST,1079.37,1066.42,1098.8,1105.27,1111.74,1118.22,2025-12-22 15:30:00 IST,1066.42,STOP_LOSS,-1.0,2,92.0,WYCKOFF_SPRING_TYPE_2,True,True,True,1.2,True,NONE
PFOCUS,2026-08-19 15:30:00 IST,BULL,2026-08-19 09:15:00 IST,1257.13,1181.7,1370.28,1407.99,1445.71,1483.42,2026-08-19 15:30:00 IST,1181.7,STOP_LOSS,-1.0,1,94.0,SHAKEOUT_RECLAIM,True,True,True,6.0,True,NONE
PGIL,2025-03-13 15:30:00 IST,SIDEWAYS,2025-03-13 09:15:00 IST,1263.03,1243.22,1292.75,1302.65,1312.55,1322.46,2025-03-14 15:30:00 IST,1243.22,STOP_LOSS,-1.0,1,93.0,CUP_HANDLE,True,True,True,1.57,True,NONE
PGIL,2025-06-12 15:30:00 IST,BULL,2025-06-12 09:15:00 IST,1272.3,1220.35,1350.24,1376.2,1402.18,1428.15,2025-06-20 15:30:00 IST,1350.24,TARGET_1,1.5,6,93.0,WYCKOFF_SPRING_TYPE_2,True,True,True,4.08,True,NONE
PGIL,2025-07-31 15:30:00 IST,BULL,2025-07-31 09:15:00 IST,1326.71,1297.76,1370.15,1384.61,1399.09,1413.56,2025-08-07 15:30:00 IST,1297.76,STOP_LOSS,-1.0,5,83.0,CUP_HANDLE,True,True,True,2.18,True,NONE
PGIL,2026-04-01 15:30:00 IST,BULL,2026-04-01 09:15:00 IST,1718.44,1651.95,1818.18,1851.42,1884.66,1917.91,2026-04-21 15:30:00 IST,1818.18,TARGET_1,1.5,14,87.0,WYCKOFF_SPRING_TYPE_2,True,True,True,3.87,True,NONE
PGIL,2026-06-03 15:30:00 IST,SIDEWAYS,2026-06-03 09:15:00 IST,1801.84,1758.22,1867.26,1889.08,1910.89,1932.7,2026-06-05 15:30:00 IST,1867.26,TARGET_1,1.5,2,91.0,CUP_HANDLE,True,True,True,2.42,True,NONE
PGIL,2026-06-30 15:30:00 IST,BULL,2026-06-30 09:15:00 IST,1991.12,1899.14,2129.08,2175.08,2221.07,2267.06,2026-07-28 15:30:00 IST,2078.14,TIMEOUT_20D,0.95,20,91.0,MULTI_MONTH_BASE_BREAKOUT,True,True,True,4.62,True,NONE
PIDILITIND,2025-12-31 15:30:00 IST,SIDEWAYS,2025-12-31 09:15:00 IST,1471.8,1420.19,1549.22,1575.02,1600.82,1626.63,2026-01-19 15:30:00 IST,1420.19,STOP_LOSS,-1.0,14,89.0,WYCKOFF_SPRING_TYPE_2,True,True,True,3.51,True,NONE
PIDILITIND,2026-01-07 15:30:00 IST,BULL,2026-01-07 09:15:00 IST,1503.97,1420.19,1629.64,1671.53,1713.42,1755.31,2026-01-19 15:30:00 IST,1420.19,STOP_LOSS,-1.0,9,89.0,V_REVERSAL,True,True,True,5.57,True,NONE
PIDILITIND,2026-04-17 15:30:00 IST,SIDEWAYS,2026-04-17 09:15:00 IST,1383.44,1300.43,1507.95,1549.46,1590.97,1632.47,2026-05-14 15:30:00 IST,1457.21,TIMEOUT_20D,0.89,20,93.0,WYCKOFF_SPRING_TYPE_2,True,True,True,6.0,True,NONE
PIDILITIND,2026-08-05 15:30:00 IST,BULL,2026-08-05 09:15:00 IST,1665.0,1609.23,1748.65,1776.54,1804.42,1832.31,2026-09-03 15:30:00 IST,1630.0,TIMEOUT_20D,-0.63,15,94.0,MULTI_MONTH_BASE_BREAKOUT,True,True,True,3.35,True,NONE
PICCADIL,2025-05-06 15:30:00 IST,BULL,2025-05-06 09:15:00 IST,2417.46,2332.96,2544.21,2586.46,2628.71,2670.96,2025-05-22 15:30:00 IST,2544.21,TARGET_1,1.5,12,91.0,MULTI_MONTH_BASE_BREAKOUT,True,True,True,3.5,True,NONE
PICCADIL,2025-09-02 15:30:00 IST,BULL,2025-09-02 09:15:00 IST,2671.68,2511.38,2912.14,2992.28,3072.43,3152.58,2025-09-30 15:30:00 IST,2737.95,TIMEOUT_20D,0.41,20,85.0,V_REVERSAL,True,True,True,6.0,True,NONE
PICCADIL,2026-01-09 15:30:00 IST,SIDEWAYS,2026-01-09 09:15:00 IST,2825.02,2655.52,3079.28,3164.02,3248.77,3333.52,2026-02-06 15:30:00 IST,2828.27,TIMEOUT_20D,0.02,20,85.0,V_REVERSAL,True,True,True,6.0,True,NONE
PICCADIL,2026-02-18 15:30:00 IST,BULL,2026-02-18 09:15:00 IST,2935.35,2771.46,3181.2,3263.13,3345.07,3427.02,2026-03-11 15:30:00 IST,2771.46,STOP_LOSS,-1.0,15,81.0,V_REVERSAL,True,True,True,5.58,True,NONE
PICCADIL,2026-04-23 15:30:00 IST,BULL,2026-04-23 09:15:00 IST,3006.18,2945.28,3097.52,3127.98,3158.43,3188.88,2026-04-24 15:30:00 IST,2945.28,STOP_LOSS,-1.0,1,88.0,CUP_HANDLE,True,True,True,2.03,True,NONE
PICCADIL,2026-05-06 15:30:00 IST,BULL,2026-05-06 09:15:00 IST,3043.91,2946.68,3189.75,3238.37,3286.98,3335.6,2026-05-28 15:30:00 IST,3189.75,TARGET_1,1.5,16,88.0,MULTI_MONTH_BASE_BREAKOUT,True,True,True,3.19,True,NONE
PICCADIL,2026-06-29 15:30:00 IST,BULL,2026-06-29 09:15:00 IST,3581.01,3366.15,3903.31,4010.73,4118.16,4225.59,2026-07-27 15:30:00 IST,3757.0,TIMEOUT_20D,0.82,20,87.0,V_REVERSAL,True,True,True,6.0,True,NONE
PIIND,2025-03-25 15:30:00 IST,SIDEWAYS,2025-03-25 09:15:00 IST,722.52,702.67,752.31,762.22,772.14,782.07,2025-04-08 15:30:00 IST,752.31,TARGET_1,1.5,10,86.0,WYCKOFF_SPRING_TYPE_2,True,True,True,2.75,True,NONE
PIIND,2025-05-12 15:30:00 IST,BULL,2025-05-12 09:15:00 IST,818.51,790.12,861.1,875.29,889.48,903.68,2025-06-09 15:30:00 IST,848.71,TIMEOUT_20D,1.06,20,85.0,BULL_FLAG,True,True,True,3.47,True,NONE
PIIND,2025-06-03 15:30:00 IST,BULL,2025-06-03 09:15:00 IST,848.12,810.61,904.39,923.14,941.89,960.65,2025-06-26 15:30:00 IST,904.39,TARGET_1,1.5,17,94.0,MULTI_MONTH_BASE_BREAKOUT,True,True,True,4.42,True,NONE
PIIND,2025-09-09 15:30:00 IST,BULL,2025-09-09 09:15:00 IST,967.88,936.65,1014.74,1030.34,1045.95,1061.57,2025-09-23 15:30:00 IST,936.65,STOP_LOSS,-1.0,10,92.0,MULTI_MONTH_BASE_BREAKOUT,True,True,True,3.23,True,NONE
PIIND,2025-09-15 15:30:00 IST,BULL,2025-09-15 09:15:00 IST,983.46,966.05,1009.58,1018.28,1026.99,1035.69,2025-09-17 15:30:00 IST,966.05,STOP_LOSS,-1.0,2,91.0,CUP_HANDLE,True,True,True,1.77,True,NONE
PIIND,2025-12-02 15:30:00 IST,SIDEWAYS,2025-12-02 09:15:00 IST,901.16,847.09,982.26,1009.3,1036.33,1063.37,2025-12-30 15:30:00 IST,957.18,TIMEOUT_20D,1.04,20,83.0,WYCKOFF_SPRING_TYPE_2,True,True,True,6.0,True,NONE
PIIND,2026-01-15 15:30:00 IST,BULL,2026-01-15 09:15:00 IST,967.91,941.97,1006.83,1019.79,1032.76,1045.73,2026-02-03 15:30:00 IST,1006.83,TARGET_1,1.5,13,92.0,CUP_HANDLE,True,True,True,2.68,True,NONE
PIIND,2026-07-14 15:30:00 IST,BULL,2026-07-14 09:15:00 IST,1358.1,1315.83,1421.5,1442.64,1463.77,1484.91,2026-07-30 15:30:00 IST,1315.83,STOP_LOSS,-1.0,12,96.0,MULTI_MONTH_BASE_BREAKOUT,True,True,True,3.11,True,NONE
PINELABS,2025-05-09 15:30:00 IST,SIDEWAYS,2025-05-09 09:15:00 IST,879.76,826.98,958.94,985.32,1011.71,1038.1,2025-05-27 15:30:00 IST,958.94,TARGET_1,1.5,12,85.0,V_REVERSAL,True,True,True,6.0,True,NONE
PINELABS,2025-10-29 15:30:00 IST,BULL,2025-10-29 09:15:00 IST,1225.51,1206.19,1254.48,1264.15,1273.81,1283.47,2025-10-30 15:30:00 IST,1206.19,STOP_LOSS,-1.0,1,93.0,CUP_HANDLE,True,True,True,1.58,True,NONE
PINELABS,2025-11-21 15:30:00 IST,BULL,2025-11-21 09:15:00 IST,1260.4,1240.42,1290.37,1300.36,1310.35,1320.34,2025-11-27 15:30:00 IST,1290.37,TARGET_1,1.5,4,88.0,CUP_HANDLE,True,True,True,1.59,True,NONE
PINELABS,2026-04-30 15:30:00 IST,SIDEWAYS,2026-04-30 09:15:00 IST,1478.89,1420.7,1566.18,1595.27,1624.37,1653.46,2026-05-26 15:30:00 IST,1566.18,TARGET_1,1.5,18,89.0,WYCKOFF_SPRING_TYPE_2,True,True,True,3.93,True,NONE
PINELABS,2026-06-17 15:30:00 IST,BULL,2026-06-17 09:15:00 IST,1524.46,1465.6,1612.74,1642.18,1671.61,1701.04,2026-06-24 15:30:00 IST,1465.6,STOP_LOSS,-1.0,5,92.0,WYCKOFF_SPRING_TYPE_2,True,True,True,3.86,True,NONE
PINELABS,2026-08-25 15:30:00 IST,BEAR,2026-08-25 09:15:00 IST,163.69,155.44,176.07,180.19,184.31,188.44,2026-09-02 15:30:00 IST,155.44,STOP_LOSS,-1.0,7,92.0,SHAKEOUT_RECLAIM,True,True,True,5.04,True,NONE
PIRAMALFIN,2025-09-09 15:30:00 IST,SIDEWAYS,2025-09-09 09:15:00 IST,505.5,490.51,527.97,535.48,542.98,550.47,2025-10-07 15:30:00 IST,522.85,TIMEOUT_20D,1.16,20,86.0,BULL_FLAG,True,True,True,2.96,True,NONE
PIRAMALFIN,2025-09-22 15:30:00 IST,SIDEWAYS,2025-09-22 09:15:00 IST,514.12,497.92,538.41,546.52,554.62,562.72,2025-09-25 15:30:00 IST,497.92,STOP_LOSS,-1.0,3,83.0,CUP_HANDLE,True,True,True,3.15,True,NONE
PIRAMALFIN,2025-12-10 15:30:00 IST,SIDEWAYS,2025-12-10 09:15:00 IST,499.06,481.74,525.04,533.7,542.36,551.02,2025-12-19 15:30:00 IST,525.04,TARGET_1,1.5,7,80.0,V_REVERSAL,True,True,True,3.47,True,NONE
PIRAMALFIN,2025-12-31 15:30:00 IST,BULL,2025-12-31 09:15:00 IST,535.93,511.29,572.88,585.21,597.53,609.85,2026-01-28 15:30:00 IST,541.6,TIMEOUT_20D,0.23,20,90.0,DOUBLE_BOTTOM,True,True,True,4.6,True,NONE
PIRAMALFIN,2026-04-30 15:30:00 IST,BULL,2026-04-30 09:15:00 IST,636.15,618.25,662.99,671.95,680.9,689.85,2026-05-12 15:30:00 IST,662.99,TARGET_1,1.5,8,91.0,HIGHER_LOW_REVERSAL,True,True,True,2.81,True,NONE
PIRAMALFIN,2026-07-09 15:30:00 IST,BULL,2026-07-09 09:15:00 IST,730.84,704.81,769.88,782.9,795.92,808.93,2026-07-14 15:30:00 IST,704.81,STOP_LOSS,-1.0,3,94.0,MULTI_MONTH_BASE_BREAKOUT,True,True,True,3.56,True,NONE
PIRAMALFIN,2026-08-05 15:30:00 IST,BULL,2026-08-05 09:15:00 IST,735.07,708.57,774.81,788.07,801.32,814.57,2026-08-18 15:30:00 IST,774.81,TARGET_1,1.5,10,87.0,CUP_HANDLE,True,True,True,3.6,True,NONE
PNBHOUSING,2025-12-24 15:30:00 IST,BULL,2025-12-24 09:15:00 IST,958.82,917.01,1021.53,1042.44,1063.35,1084.25,2026-01-20 15:30:00 IST,917.01,STOP_LOSS,-1.0,19,95.0,MULTI_MONTH_BASE_BREAKOUT,True,True,True,4.36,True,NONE
PNBHOUSING,2026-01-01 15:30:00 IST,BULL,2026-01-01 09:15:00 IST,978.96,934.43,1045.76,1068.02,1090.29,1112.55,2026-01-20 15:30:00 IST,934.43,STOP_LOSS,-1.0,14,92.0,MULTI_MONTH_BASE_BREAKOUT,True,True,True,4.55,True,NONE
PNBHOUSING,2026-04-17 15:30:00 IST,BULL,2026-04-17 09:15:00 IST,916.55,872.5,982.62,1004.65,1026.67,1048.7,2026-04-20 15:30:00 IST,982.62,TARGET_1,1.5,2,94.0,MULTI_MONTH_BASE_BREAKOUT,True,True,True,4.81,True,NONE
PNBHOUSING,2026-06-12 15:30:00 IST,SIDEWAYS,2026-06-12 09:15:00 IST,982.23,937.93,1048.69,1070.83,1092.98,1115.13,2026-06-24 15:30:00 IST,1048.69,TARGET_1,1.5,9,92.0,SHAKEOUT_RECLAIM,True,True,True,4.51,True,NONE
PNBHOUSING,2026-07-07 15:30:00 IST,BULL,2026-07-07 09:15:00 IST,1101.11,1063.55,1157.44,1176.23,1195.01,1213.79,2026-07-07 15:30:00 IST,1063.55,STOP_LOSS,-1.0,1,98.0,MULTI_MONTH_BASE_BREAKOUT,True,True,True,3.41,True,NONE
POCL,2025-12-22 15:30:00 IST,SIDEWAYS,2025-12-22 09:15:00 IST,544.88,512.19,593.92,610.26,626.6,642.95,2025-12-28 15:30:00 IST,593.92,TARGET_1,1.5,4,93.0,WYCKOFF_SPRING_TYPE_2,True,True,True,6.0,True,NONE
POCL,2026-01-06 15:30:00 IST,BULL,2026-01-06 09:15:00 IST,605.84,571.66,657.11,674.2,691.29,708.38,2026-01-08 15:30:00 IST,571.66,STOP_LOSS,-1.0,3,89.0,DOUBLE_BOTTOM,True,True,True,5.64,True,NONE
POCL,2026-04-29 15:30:00 IST,BULL,2026-04-29 09:15:00 IST,527.2,495.57,574.65,590.46,606.28,622.09,2026-05-06 15:30:00 IST,574.65,TARGET_1,1.5,6,92.0,CUP_HANDLE,True,True,True,6.0,True,NONE
POCL,2026-05-07 15:30:00 IST,BULL,2026-05-07 09:15:00 IST,574.52,540.05,626.23,643.46,660.7,677.93,2026-05-11 15:30:00 IST,540.05,STOP_LOSS,-1.0,3,86.0,BULL_FLAG,True,True,True,6.0,True,NONE
POCL,2026-05-13 15:30:00 IST,BULL,2026-05-13 09:15:00 IST,584.0,548.96,636.56,654.08,671.6,689.12,2026-05-13 15:30:00 IST,636.56,TARGET_1,1.5,1,95.0,SHAKEOUT_RECLAIM,True,True,True,6.0,True,NONE
POCL,2026-06-30 15:30:00 IST,SIDEWAYS,2026-06-30 09:15:00 IST,549.96,516.96,599.46,615.96,632.46,648.96,2026-07-07 15:30:00 IST,599.46,TARGET_1,1.5,6,96.0,WYCKOFF_SPRING_TYPE_2,True,True,True,6.0,True,NONE
PNB,2025-04-24 15:30:00 IST,BULL,2025-04-24 09:15:00 IST,1251.03,1202.43,1323.93,1348.23,1372.53,1396.83,2025-05-07 15:30:00 IST,1323.93,TARGET_1,1.5,9,91.0,MULTI_MONTH_BASE_BREAKOUT,True,True,True,3.88,True,NONE
PNB,2025-11-04 15:30:00 IST,BEAR,2025-11-04 09:15:00 IST,1328.88,1282.3,1398.75,1422.04,1445.33,1468.62,2025-12-02 15:30:00 IST,1321.45,TIMEOUT_20D,-0.16,20,87.0,WYCKOFF_SPRING_TYPE_2,True,True,True,3.51,True,NONE
PNB,2026-05-26 15:30:00 IST,BULL,2026-05-26 09:15:00 IST,1371.58,1308.76,1465.8,1497.22,1528.63,1560.04,2026-06-23 15:30:00 IST,1331.89,TIMEOUT_20D,-0.63,20,84.0,CUP_HANDLE,True,True,True,4.58,True,NONE
PNCINFRA,2025-04-28 15:30:00 IST,BULL,2025-04-28 09:15:00 IST,2090.35,2039.57,2166.52,2191.91,2217.3,2242.69,2025-05-16 15:30:00 IST,2166.52,TARGET_1,1.5,14,89.0,BULL_FLAG,True,True,True,2.43,True,NONE
PNCINFRA,2025-05-02 15:30:00 IST,BULL,2025-05-02 09:15:00 IST,2081.59,2042.17,2140.72,2160.43,2180.14,2199.85,2025-05-08 15:30:00 IST,2140.72,TARGET_1,1.5,4,93.0,CUP_HANDLE,True,True,True,1.89,True,NONE
PNCINFRA,2025-10-14 15:30:00 IST,BEAR,2025-10-14 09:15:00 IST,2406.39,2284.55,2589.14,2650.07,2710.99,2771.91,2025-10-31 15:30:00 IST,2589.14,TARGET_1,1.5,13,83.0,V_REVERSAL,True,True,True,5.06,True,NONE
PNCINFRA,2025-10-20 15:30:00 IST,SIDEWAYS,2025-10-20 09:15:00 IST,2434.9,2387.81,2505.54,2529.08,2552.63,2576.17,2025-10-22 15:30:00 IST,2505.54,TARGET_1,1.5,2,91.0,CUP_HANDLE,True,True,True,1.93,True,NONE
PNCINFRA,2026-02-27 15:30:00 IST,BULL,2026-02-27 09:15:00 IST,2777.4,2721.59,2861.13,2889.02,2916.93,2944.83,2026-03-06 15:30:00 IST,2721.59,STOP_LOSS,-1.0,5,83.0,CUP_HANDLE,True,True,True,2.01,True,NONE
PNCINFRA,2026-05-28 15:30:00 IST,BULL,2026-05-28 09:15:00 IST,3003.98,2881.87,3187.15,3248.2,3309.26,3370.31,2026-06-11 15:30:00 IST,2881.87,STOP_LOSS,-1.0,10,89.0,MULTI_MONTH_BASE_BREAKOUT,True,True,True,4.07,True,NONE
PNGJL,2025-07-16 15:30:00 IST,BEAR,2025-07-16 09:15:00 IST,800.28,774.93,838.3,850.98,863.65,876.33,2025-08-13 15:30:00 IST,829.86,TIMEOUT_20D,1.17,20,91.0,WYCKOFF_SPRING_TYPE_2,True,True,True,3.17,True,NONE
PNGJL,2025-08-01 15:30:00 IST,SIDEWAYS,2025-08-01 09:15:00 IST,806.13,789.7,830.77,838.99,847.2,855.42,2025-08-04 15:30:00 IST,830.77,TARGET_1,1.5,1,83.0,V_REVERSAL,True,True,True,2.04,True,NONE
PNGJL,2025-10-17 15:30:00 IST,BULL,2025-10-17 09:15:00 IST,877.27,847.99,921.19,935.83,950.47,965.11,2025-10-30 15:30:00 IST,921.19,TARGET_1,1.5,9,88.0,WYCKOFF_SPRING_TYPE_2,True,True,True,3.34,True,NONE
PNGJL,2025-12-01 15:30:00 IST,BULL,2025-12-01 09:15:00 IST,926.96,912.44,948.75,956.0,963.26,970.52,2025-12-04 15:30:00 IST,912.44,STOP_LOSS,-1.0,3,90.0,CUP_HANDLE,True,True,True,1.57,True,NONE
PNGJL,2026-03-27 15:30:00 IST,BULL,2026-03-27 09:15:00 IST,1003.54,957.48,1072.63,1095.66,1118.69,1141.72,2026-04-24 15:30:00 IST,1058.64,TIMEOUT_20D,1.2,20,88.0,BULL_FLAG,True,True,True,4.59,True,NONE
PNGJL,2026-08-19 15:30:00 IST,SIDEWAYS,2026-08-19 09:15:00 IST,996.1,936.33,1085.75,1115.64,1145.53,1175.41,2026-08-19 15:30:00 IST,936.33,STOP_LOSS,-1.0,1,92.0,SHAKEOUT_RECLAIM,True,True,True,6.0,True,NONE
POLYCAB,2026-02-26 15:30:00 IST,BULL,2026-02-26 09:15:00 IST,8465.83,8116.76,8989.44,9163.97,9338.5,9513.04,2026-03-09 15:30:00 IST,8116.76,STOP_LOSS,-1.0,7,91.0,MULTI_MONTH_BASE_BREAKOUT,True,True,True,4.12,True,NONE
POLYCAB,2026-03-05 15:30:00 IST,BULL,2026-03-05 09:15:00 IST,8523.56,8012.14,9290.68,9546.4,9802.11,10057.82,2026-03-09 15:30:00 IST,8012.14,STOP_LOSS,-1.0,3,86.0,SHAKEOUT_RECLAIM,True,True,True,6.0,True,NONE
POLYCAB,2026-05-07 15:30:00 IST,BULL,2026-05-07 09:15:00 IST,8960.48,8422.86,9766.92,10035.72,10304.53,10573.34,2026-06-03 15:30:00 IST,9671.61,TIMEOUT_20D,1.32,20,95.0,DOUBLE_BOTTOM,True,True,True,6.0,True,NONE
POLYCAB,2026-06-17 15:30:00 IST,BULL,2026-06-17 09:15:00 IST,9879.62,9286.85,10768.78,11065.16,11361.55,11657.93,2026-07-07 15:30:00 IST,9286.85,STOP_LOSS,-1.0,15,90.0,ASCENDING_TRIANGLE,True,True,True,6.0,True,NONE
POLYMED,2025-12-31 15:30:00 IST,BEAR,2025-12-31 09:15:00 IST,1773.7,1674.68,1922.23,1971.74,2021.25,2070.76,2026-01-13 15:30:00 IST,1674.68,STOP_LOSS,-1.0,10,92.0,SHAKEOUT_RECLAIM,True,True,True,5.58,True,NONE
POLYMED,2026-02-03 15:30:00 IST,BEAR,2026-02-03 09:15:00 IST,1586.9,1491.69,1729.72,1777.32,1824.93,1872.53,2026-02-04 15:30:00 IST,1491.69,STOP_LOSS,-1.0,2,83.0,SHAKEOUT_RECLAIM,True,True,True,6.0,True,NONE
POLYMED,2026-03-02 15:30:00 IST,BEAR,2026-03-02 09:15:00 IST,1314.0,1235.16,1432.26,1471.68,1511.1,1550.52,2026-03-15 15:30:00 IST,1235.16,STOP_LOSS,-1.0,9,91.0,SHAKEOUT_RECLAIM,True,True,True,6.0,True,NONE
POLYMED,2026-05-05 15:30:00 IST,BULL,2026-05-05 09:15:00 IST,1596.8,1500.99,1740.52,1788.42,1836.32,1884.23,2026-05-14 15:30:00 IST,1500.99,STOP_LOSS,-1.0,8,87.0,BULL_FLAG,True,True,True,6.0,True,NONE
POLYMED,2026-06-11 15:30:00 IST,SIDEWAYS,2026-06-11 09:15:00 IST,1478.9,1390.17,1612.0,1656.36,1700.73,1745.09,2026-06-21 15:30:00 IST,1612.0,TARGET_1,1.5,7,93.0,SHAKEOUT_RECLAIM,True,True,True,6.0,True,NONE
POLICYBZR,2025-05-07 15:30:00 IST,SIDEWAYS,2025-05-07 09:15:00 IST,1676.86,1610.14,1776.94,1810.3,1843.66,1877.02,2025-06-02 15:30:00 IST,1610.14,STOP_LOSS,-1.0,18,93.0,WYCKOFF_SPRING_TYPE_2,True,True,True,3.98,True,NONE
POLICYBZR,2025-06-19 15:30:00 IST,SIDEWAYS,2025-06-19 09:15:00 IST,1617.25,1547.35,1722.1,1757.05,1792.0,1826.95,2025-07-03 15:30:00 IST,1722.1,TARGET_1,1.5,10,85.0,V_REVERSAL,True,True,True,4.32,True,NONE
POLICYBZR,2025-06-30 15:30:00 IST,BEAR,2025-06-30 09:15:00 IST,1611.03,1573.3,1667.63,1686.49,1705.36,1724.22,2025-07-02 15:30:00 IST,1667.63,TARGET_1,1.5,2,91.0,V_REVERSAL,True,True,True,2.34,True,NONE
POLICYBZR,2025-10-13 15:30:00 IST,BULL,2025-10-13 09:15:00 IST,1781.96,1749.38,1830.83,1847.12,1863.41,1879.7,2025-10-15 15:30:00 IST,1830.83,TARGET_1,1.5,2,91.0,CUP_HANDLE,True,True,True,1.83,True,NONE
POLICYBZR,2025-10-27 15:30:00 IST,BULL,2025-10-27 09:15:00 IST,1842.94,1793.82,1916.62,1941.18,1965.74,1990.3,2025-11-24 15:30:00 IST,1850.65,TIMEOUT_20D,0.16,20,90.0,CUP_HANDLE,True,True,True,2.67,True,NONE
POLICYBZR,2025-12-01 15:30:00 IST,BULL,2025-12-01 09:15:00 IST,1960.97,1893.43,2062.28,2096.05,2129.82,2163.59,2025-12-29 15:30:00 IST,2001.34,TIMEOUT_20D,0.6,20,91.0,MULTI_MONTH_BASE_BREAKOUT,True,True,True,3.44,True,NONE
POLICYBZR,2026-04-02 15:30:00 IST,BULL,2026-04-02 09:15:00 IST,2068.05,2009.65,2155.64,2184.85,2214.05,2243.25,2026-04-07 15:30:00 IST,2009.65,STOP_LOSS,-1.0,3,85.0,CUP_HANDLE,True,True,True,2.82,True,NONE
POLICYBZR,2026-07-02 15:30:00 IST,BULL,2026-07-02 09:15:00 IST,2134.86,2069.07,2233.55,2266.44,2299.34,2332.23,2026-07-20 15:30:00 IST,2069.07,STOP_LOSS,-1.0,12,94.0,WYCKOFF_SPRING_TYPE_2,True,True,True,3.08,True,NONE
POLICYBZR,2026-07-08 15:30:00 IST,SIDEWAYS,2026-07-08 09:15:00 IST,2113.71,2069.07,2180.66,2202.99,2225.31,2247.63,2026-07-20 15:30:00 IST,2069.07,STOP_LOSS,-1.0,8,88.0,WYCKOFF_SPRING_TYPE_2,True,True,True,2.11,True,NONE
POLICYBZR,2026-07-24 15:30:00 IST,SIDEWAYS,2026-07-24 09:15:00 IST,2101.33,2030.42,2207.68,2243.15,2278.6,2314.06,2026-08-07 15:30:00 IST,2030.42,STOP_LOSS,-1.0,10,79.0,V_REVERSAL,True,True,True,3.37,True,NONE
POWERGRID,2025-12-19 15:30:00 IST,BEAR,2025-12-19 09:15:00 IST,260.53,251.7,273.76,278.19,282.6,287.02,2026-01-11 15:30:00 IST,251.7,STOP_LOSS,-1.0,15,88.0,SHAKEOUT_RECLAIM,True,True,True,3.39,True,NONE
POWERGRID,2026-01-28 15:30:00 IST,SIDEWAYS,2026-01-28 09:15:00 IST,256.92,248.01,270.27,274.74,279.2,283.65,2026-02-01 15:30:00 IST,248.01,STOP_LOSS,-1.0,3,87.0,SHAKEOUT_RECLAIM,True,True,True,3.47,True,NONE
POWERGRID,2026-02-03 15:30:00 IST,SIDEWAYS,2026-02-03 09:15:00 IST,280.06,267.67,298.64,304.84,311.03,317.23,2026-02-15 15:30:00 IST,298.64,TARGET_1,1.5,9,93.0,MULTI_MONTH_BASE_BREAKOUT,True,True,True,4.42,True,NONE
POWERINDIA,2025-10-30 15:30:00 IST,SIDEWAYS,2025-10-30 09:15:00 IST,17933.0,16857.02,19546.97,20084.96,20622.95,21160.94,2025-11-03 15:30:00 IST,19546.97,TARGET_1,1.5,3,83.0,V_REVERSAL,True,True,True,6.0,True,NONE
POWERINDIA,2025-11-07 15:30:00 IST,SIDEWAYS,2025-11-07 09:15:00 IST,20863.0,20019.83,22127.75,22549.34,22970.92,23392.51,2025-11-19 15:30:00 IST,22127.75,TARGET_1,1.5,9,94.0,MULTI_MONTH_BASE_BREAKOUT,True,True,True,4.04,True,NONE
POWERINDIA,2025-12-09 15:30:00 IST,SIDEWAYS,2025-12-09 09:15:00 IST,19500.0,18432.38,21101.43,21635.24,22169.05,22702.86,2025-12-17 15:30:00 IST,18432.38,STOP_LOSS,-1.0,7,84.0,SHAKEOUT_RECLAIM,True,True,True,5.47,True,NONE
POWERINDIA,2026-01-19 15:30:00 IST,BEAR,2026-01-19 09:15:00 IST,16964.0,16030.44,18364.34,18831.12,19297.9,19764.68,2026-01-28 15:30:00 IST,18364.34,TARGET_1,1.5,7,85.0,SHAKEOUT_RECLAIM,True,True,True,5.5,True,NONE
POWERINDIA,2026-04-09 15:30:00 IST,BULL,2026-04-09 09:15:00 IST,27315.0,25676.1,29773.35,30592.8,31412.25,32231.7,2026-04-19 15:30:00 IST,29773.35,TARGET_1,1.5,6,85.0,V_REVERSAL,True,True,True,6.0,True,NONE
POWERINDIA,2026-06-29 15:30:00 IST,SIDEWAYS,2026-06-29 09:15:00 IST,34975.0,32876.5,38122.75,39172.0,40221.25,41270.5,2026-07-02 15:30:00 IST,32876.5,STOP_LOSS,-1.0,4,93.0,SHAKEOUT_RECLAIM,True,True,True,6.0,True,NONE
POWERINDIA,2026-07-06 15:30:00 IST,BEAR,2026-07-06 09:15:00 IST,32360.0,30418.4,35272.4,36243.2,37214.0,38184.8,2026-08-02 15:30:00 IST,32000.0,TIMEOUT_20D,-0.19,20,90.0,SHAKEOUT_RECLAIM,True,True,True,6.0,True,NONE
POWERMECH,2025-11-14 15:30:00 IST,BEAR,2025-11-14 09:15:00 IST,2416.7,2271.7,2634.2,2706.7,2779.2,2851.7,2025-11-23 15:30:00 IST,2271.7,STOP_LOSS,-1.0,6,86.0,BULL_PENNANT,True,True,True,6.0,True,NONE
POWERMECH,2026-02-09 15:30:00 IST,SIDEWAYS,2026-02-09 09:15:00 IST,2200.0,2068.0,2398.0,2464.0,2530.0,2596.0,2026-02-15 15:30:00 IST,2068.0,STOP_LOSS,-1.0,5,89.0,SHAKEOUT_RECLAIM,True,True,True,6.0,True,NONE
POWERMECH,2026-02-18 15:30:00 IST,SIDEWAYS,2026-02-18 09:15:00 IST,2178.5,2047.79,2374.57,2439.92,2505.28,2570.63,2026-03-01 15:30:00 IST,2047.79,STOP_LOSS,-1.0,8,91.0,WYCKOFF_SPRING_TYPE_2,True,True,True,6.0,True,NONE
POWERMECH,2026-03-18 15:30:00 IST,SIDEWAYS,2026-03-18 09:15:00 IST,2033.7,1911.68,2216.73,2277.74,2338.75,2399.76,2026-03-22 15:30:00 IST,1911.68,STOP_LOSS,-1.0,3,97.0,SHAKEOUT_RECLAIM,True,True,True,6.0,True,NONE
POWERMECH,2026-04-10 15:30:00 IST,SIDEWAYS,2026-04-10 09:15:00 IST,2261.6,2125.9,2465.15,2533.0,2600.85,2668.7,2026-04-19 15:30:00 IST,2465.15,TARGET_1,1.5,5,90.0,WYCKOFF_SPRING_TYPE_2,True,True,True,6.0,True,NONE
POWERMECH,2026-05-05 15:30:00 IST,BULL,2026-05-05 09:15:00 IST,2593.9,2438.27,2827.34,2905.16,2982.98,3060.79,2026-05-11 15:30:00 IST,2438.27,STOP_LOSS,-1.0,5,90.0,BULL_FLAG,True,True,True,6.0,True,NONE
POWERMECH,2026-06-12 15:30:00 IST,BULL,2026-06-12 09:15:00 IST,2789.5,2622.13,3040.55,3124.24,3207.92,3291.61,2026-07-02 15:30:00 IST,2622.13,STOP_LOSS,-1.0,15,93.0,HIGHER_LOW_REVERSAL,True,True,True,6.0,True,NONE
POWERMECH,2026-07-27 15:30:00 IST,SIDEWAYS,2026-07-27 09:15:00 IST,2692.9,2531.33,2935.25,3016.04,3096.83,3177.61,2026-07-30 15:30:00 IST,2531.33,STOP_LOSS,-1.0,4,96.0,WYCKOFF_SPRING_TYPE_2,True,True,True,6.0,True,NONE
POONAWALLA,2025-05-15 15:30:00 IST,BEAR,2025-05-15 09:15:00 IST,1283.06,1251.4,1330.56,1346.38,1362.21,1378.04,2025-05-20 15:30:00 IST,1330.56,TARGET_1,1.5,3,83.0,WYCKOFF_SPRING_TYPE_2,True,True,True,2.47,True,NONE
POONAWALLA,2025-07-14 15:30:00 IST,SIDEWAYS,2025-07-14 09:15:00 IST,1268.24,1223.43,1335.45,1357.86,1380.26,1402.67,2025-08-11 15:30:00 IST,1335.45,TARGET_1,1.5,20,93.0,WYCKOFF_SPRING_TYPE_2,True,True,True,3.53,True,NONE
POONAWALLA,2026-02-09 15:30:00 IST,BULL,2026-02-09 09:15:00 IST,1326.7,1274.81,1404.53,1430.48,1456.43,1482.37,2026-02-13 15:30:00 IST,1404.53,TARGET_1,1.5,4,88.0,CUP_HANDLE,True,True,True,3.91,True,NONE
POONAWALLA,2026-03-04 15:30:00 IST,BULL,2026-03-04 09:15:00 IST,1523.83,1432.4,1660.98,1706.69,1752.4,1798.12,2026-04-01 15:30:00 IST,1569.03,TIMEOUT_20D,0.49,20,88.0,BULL_FLAG,True,True,True,6.0,True,NONE
POONAWALLA,2026-06-16 15:30:00 IST,BULL,2026-06-16 09:15:00 IST,1708.6,1649.75,1796.87,1826.3,1855.72,1885.15,2026-06-19 15:30:00 IST,1649.75,STOP_LOSS,-1.0,3,82.0,BULL_FLAG,True,True,True,3.44,True,NONE
PREMIERENE,2025-12-11 15:30:00 IST,BEAR,2025-12-11 09:15:00 IST,904.23,849.98,985.61,1012.73,1039.86,1066.98,2025-12-29 15:30:00 IST,849.98,STOP_LOSS,-1.0,12,95.0,SHAKEOUT_RECLAIM,True,True,True,6.0,True,NONE
PREMIERENE,2026-01-12 15:30:00 IST,BEAR,2026-01-12 09:15:00 IST,745.05,704.99,805.14,825.17,845.2,865.23,2026-01-22 15:30:00 IST,704.99,STOP_LOSS,-1.0,9,95.0,SHAKEOUT_RECLAIM,True,True,True,5.38,True,NONE
PREMIERENE,2026-03-11 15:30:00 IST,SIDEWAYS,2026-03-11 09:15:00 IST,787.52,740.27,858.39,882.02,905.64,929.27,2026-03-17 15:30:00 IST,858.39,TARGET_1,1.5,5,95.0,WYCKOFF_SPRING_TYPE_2,True,True,True,6.0,True,NONE
PREMIERENE,2026-03-18 15:30:00 IST,BULL,2026-03-18 09:15:00 IST,868.96,823.8,936.7,959.28,981.86,1004.44,2026-03-31 15:30:00 IST,936.7,TARGET_1,1.5,8,97.0,MULTI_MONTH_BASE_BREAKOUT,True,True,True,5.2,True,NONE
PREMIERENE,2026-04-01 15:30:00 IST,BULL,2026-04-01 09:15:00 IST,937.01,880.79,1021.34,1049.45,1077.56,1105.67,2026-04-15 15:30:00 IST,1021.34,TARGET_1,1.5,9,95.0,BULL_FLAG,True,True,True,6.0,True,NONE
PREMIERENE,2026-07-20 15:30:00 IST,BULL,2026-07-20 09:15:00 IST,1086.4,1021.22,1184.17,1216.76,1249.35,1281.94,2026-07-21 15:30:00 IST,1021.22,STOP_LOSS,-1.0,2,96.0,WYCKOFF_SPRING_TYPE_2,True,True,True,6.0,True,NONE
PREMIERENE,2026-08-20 15:30:00 IST,SIDEWAYS,2026-08-20 09:15:00 IST,1040.0,977.6,1133.6,1164.8,1196.0,1227.2,2026-08-27 15:30:00 IST,977.6,STOP_LOSS,-1.0,6,86.0,WYCKOFF_SPRING_TYPE_2,True,True,True,6.0,True,NONE
PREMIERENE,2026-08-28 15:30:00 IST,BEAR,2026-08-28 09:15:00 IST,1014.0,968.33,1082.5,1105.34,1128.17,1151.01,2026-09-03 15:30:00 IST,998.0,TIMEOUT_20D,-0.35,5,92.0,SHAKEOUT_RECLAIM,True,True,True,4.5,True,NONE
PRESTIGE,2026-04-02 15:30:00 IST,BEAR,2026-04-02 09:15:00 IST,1150.55,1083.19,1251.59,1285.27,1318.95,1352.63,2026-04-07 15:30:00 IST,1251.59,TARGET_1,1.5,3,95.0,SHAKEOUT_RECLAIM,True,True,True,5.85,True,NONE
PRESTIGE,2026-06-16 15:30:00 IST,BULL,2026-06-16 09:15:00 IST,1519.19,1428.04,1655.91,1701.49,1747.07,1792.64,2026-07-01 15:30:00 IST,1655.91,TARGET_1,1.5,12,86.0,V_REVERSAL,True,True,True,6.0,True,NONE
PRESTIGE,2026-07-01 15:30:00 IST,BULL,2026-07-01 09:15:00 IST,1623.26,1525.86,1769.35,1818.06,1866.76,1915.46,2026-07-28 15:30:00 IST,1670.9,TIMEOUT_20D,0.49,20,89.0,BULL_FLAG,True,True,True,6.0,True,NONE
PRICOLLTD,2026-01-02 15:30:00 IST,BULL,2026-01-02 09:15:00 IST,683.05,642.07,744.52,765.01,785.5,805.99,2026-01-08 15:30:00 IST,642.07,STOP_LOSS,-1.0,5,85.0,HIGHER_LOW_REVERSAL,True,True,True,6.0,True,NONE
PRICOLLTD,2026-02-11 15:30:00 IST,SIDEWAYS,2026-02-11 09:15:00 IST,621.95,584.63,677.93,696.59,715.25,733.91,2026-03-01 15:30:00 IST,584.63,STOP_LOSS,-1.0,13,91.0,BULL_FLAG,True,True,True,6.0,True,NONE
PRICOLLTD,2026-02-23 15:30:00 IST,SIDEWAYS,2026-02-23 09:15:00 IST,630.9,593.05,687.68,706.6,725.53,744.45,2026-03-01 15:30:00 IST,593.05,STOP_LOSS,-1.0,5,89.0,SHAKEOUT_RECLAIM,True,True,True,6.0,True,NONE
PRICOLLTD,2026-06-15 15:30:00 IST,SIDEWAYS,2026-06-15 09:15:00 IST,581.3,546.42,633.62,651.06,668.5,685.94,2026-07-12 15:30:00 IST,621.15,TIMEOUT_20D,1.14,20,92.0,SHAKEOUT_RECLAIM,True,True,True,6.0,True,NONE
PRICOLLTD,2026-06-24 15:30:00 IST,SIDEWAYS,2026-06-24 09:15:00 IST,589.3,553.94,642.34,660.02,677.7,695.38,2026-07-21 15:30:00 IST,605.3,TIMEOUT_20D,0.45,20,91.0,SHAKEOUT_RECLAIM,True,True,True,6.0,True,NONE
PRICOLLTD,2026-07-27 15:30:00 IST,BULL,2026-07-27 09:15:00 IST,665.35,625.43,725.23,745.19,765.15,785.11,2026-08-02 15:30:00 IST,725.23,TARGET_1,1.5,5,93.0,MULTI_MONTH_BASE_BREAKOUT,True,True,True,6.0,True,NONE
PRICOLLTD,2026-08-03 15:30:00 IST,BULL,2026-08-03 09:15:00 IST,732.85,688.88,798.8,820.79,842.78,864.76,2026-08-16 15:30:00 IST,798.8,TARGET_1,1.5,10,86.0,V_REVERSAL,True,True,True,6.0,True,NONE
PRICOLLTD,2026-08-12 15:30:00 IST,BULL,2026-08-12 09:15:00 IST,783.25,736.25,853.75,877.25,900.75,924.25,2026-09-03 15:30:00 IST,764.95,TIMEOUT_20D,-0.39,17,88.0,WYCKOFF_SPRING_TYPE_2,True,True,True,6.0,True,NONE
PRAJIND,2025-03-12 15:30:00 IST,BULL,2025-03-12 09:15:00 IST,2017.08,1940.14,2132.49,2170.96,2209.43,2247.9,2025-04-02 15:30:00 IST,1940.14,STOP_LOSS,-1.0,15,86.0,HIGHER_LOW_REVERSAL,True,True,True,3.81,True,NONE
PRAJIND,2025-03-25 15:30:00 IST,BULL,2025-03-25 09:15:00 IST,2096.45,2030.54,2195.31,2228.27,2261.22,2294.18,2025-03-28 15:30:00 IST,2030.54,STOP_LOSS,-1.0,3,91.0,MULTI_MONTH_BASE_BREAKOUT,True,True,True,3.14,True,NONE
PRAJIND,2025-05-19 15:30:00 IST,BEAR,2025-05-19 09:15:00 IST,1713.94,1612.87,1865.56,1916.08,1966.62,2017.15,2025-05-30 15:30:00 IST,1612.87,STOP_LOSS,-1.0,9,89.0,WYCKOFF_SPRING_TYPE_2,True,True,True,5.9,True,NONE
PRAJIND,2025-07-03 15:30:00 IST,BULL,2025-07-03 09:15:00 IST,1740.32,1663.64,1855.34,1893.68,1932.02,1970.36,2025-07-31 15:30:00 IST,1793.18,TIMEOUT_20D,0.69,20,88.0,DOUBLE_BOTTOM,True,True,True,4.41,True,NONE
PRAJIND,2025-11-05 15:30:00 IST,SIDEWAYS,2025-11-05 09:15:00 IST,1853.79,1820.07,1904.38,1921.23,1938.09,1954.95,2025-11-10 15:30:00 IST,1820.07,STOP_LOSS,-1.0,3,86.0,CUP_HANDLE,True,True,True,1.82,True,NONE
PRAJIND,2026-03-04 15:30:00 IST,BULL,2026-03-04 09:15:00 IST,1673.81,1629.41,1740.42,1762.61,1784.81,1807.01,2026-03-09 15:30:00 IST,1629.41,STOP_LOSS,-1.0,3,92.0,CUP_HANDLE,True,True,True,2.65,True,NONE
PRAJIND,2026-08-11 15:30:00 IST,BEAR,2026-08-11 09:15:00 IST,1506.04,1451.95,1587.17,1614.22,1641.26,1668.31,2026-08-18 15:30:00 IST,1451.95,STOP_LOSS,-1.0,6,90.0,WYCKOFF_SPRING_TYPE_2,True,True,True,3.59,True,NONE
PPLPHARMA,2025-06-18 15:30:00 IST,SIDEWAYS,2025-06-18 09:15:00 IST,932.64,896.21,987.28,1005.5,1023.71,1041.93,2025-07-16 15:30:00 IST,921.32,TIMEOUT_20D,-0.31,20,82.0,DOUBLE_BOTTOM,True,True,True,3.91,True,NONE
PPLPHARMA,2025-06-24 15:30:00 IST,BULL,2025-06-24 09:15:00 IST,967.56,931.61,1021.49,1039.46,1057.43,1075.41,2025-06-30 15:30:00 IST,931.61,STOP_LOSS,-1.0,4,89.0,MULTI_MONTH_BASE_BREAKOUT,True,True,True,3.72,True,NONE
PPLPHARMA,2025-11-20 15:30:00 IST,BEAR,2025-11-20 09:15:00 IST,879.64,855.47,915.89,927.98,940.06,952.15,2025-12-10 15:30:00 IST,915.89,TARGET_1,1.5,14,84.0,V_REVERSAL,True,True,True,2.75,True,NONE
PPLPHARMA,2026-03-04 15:30:00 IST,SIDEWAYS,2026-03-04 09:15:00 IST,941.87,890.57,1018.81,1044.47,1070.12,1095.77,2026-04-01 15:30:00 IST,926.4,TIMEOUT_20D,-0.3,20,90.0,WYCKOFF_SPRING_TYPE_2,True,True,True,5.45,True,NONE
PPLPHARMA,2026-04-14 15:30:00 IST,SIDEWAYS,2026-04-14 09:15:00 IST,946.28,908.64,1002.74,1021.56,1040.38,1059.2,2026-05-12 15:30:00 IST,968.99,TIMEOUT_20D,0.6,20,87.0,V_REVERSAL,True,True,True,3.98,True,NONE
PPLPHARMA,2026-07-17 15:30:00 IST,BULL,2026-07-17 09:15:00 IST,957.09,940.25,982.34,990.77,999.19,1007.61,2026-07-27 15:30:00 IST,982.34,TARGET_1,1.5,6,90.0,CUP_HANDLE,True,True,True,1.76,True,NONE
PRIVISCL,2025-10-20 15:30:00 IST,BULL,2025-10-20 09:15:00 IST,2883.6,2710.58,3143.13,3229.64,3316.15,3402.66,2025-11-05 15:30:00 IST,3143.13,TARGET_1,1.5,11,95.0,MULTI_MONTH_BASE_BREAKOUT,True,True,True,6.0,True,NONE
PRIVISCL,2026-02-12 15:30:00 IST,SIDEWAYS,2026-02-12 09:15:00 IST,2799.6,2631.62,3051.57,3135.56,3219.55,3303.54,2026-03-12 15:30:00 IST,2845.3,TIMEOUT_20D,0.27,20,87.0,WYCKOFF_SPRING_TYPE_2,True,True,True,6.0,True,NONE
PRIVISCL,2026-02-23 15:30:00 IST,SIDEWAYS,2026-02-23 09:15:00 IST,2994.8,2815.11,3264.34,3354.18,3444.03,3533.87,2026-03-03 15:30:00 IST,2815.11,STOP_LOSS,-1.0,6,90.0,BULL_FLAG,True,True,True,6.0,True,NONE
PRIVISCL,2026-03-09 15:30:00 IST,BULL,2026-03-09 09:15:00 IST,2927.9,2752.23,3191.4,3279.24,3367.08,3454.91,2026-04-08 15:30:00 IST,2915.8,TIMEOUT_20D,-0.07,20,88.0,SHAKEOUT_RECLAIM,True,True,True,6.0,True,NONE
PRIVISCL,2026-06-11 15:30:00 IST,BULL,2026-06-11 09:15:00 IST,3243.2,3064.1,3511.85,3601.4,3690.95,3780.5,2026-06-14 15:30:00 IST,3511.85,TARGET_1,1.5,2,93.0,SHAKEOUT_RECLAIM,True,True,True,5.52,True,NONE
PRIVISCL,2026-06-22 15:30:00 IST,BULL,2026-06-22 09:15:00 IST,3655.8,3483.17,3914.75,4001.06,4087.38,4173.69,2026-07-19 15:30:00 IST,3675.6,TIMEOUT_20D,0.11,20,98.0,MULTI_MONTH_BASE_BREAKOUT,True,True,True,4.72,True,NONE
PSUBNKIETF.NS,2026-02-17 15:30:00 IST,BULL,2026-02-17 09:15:00 IST,96.21,91.23,103.68,106.17,108.66,111.15,2026-02-23 15:30:00 IST,103.68,TARGET_1,1.5,5,93.0,BULL_FLAG,True,True,True,5.18,True,NONE
PSUBNKIETF.NS,2026-06-03 15:30:00 IST,SIDEWAYS,2026-06-03 09:15:00 IST,83.36,79.02,89.87,92.04,94.21,96.38,2026-06-23 15:30:00 IST,89.87,TARGET_1,1.5,15,92.0,WYCKOFF_SPRING_TYPE_2,True,True,True,5.21,True,NONE
PSUBNKIETF.NS,2026-06-09 15:30:00 IST,SIDEWAYS,2026-06-09 09:15:00 IST,86.2,81.03,93.95,96.54,99.12,101.71,2026-07-07 15:30:00 IST,82.06,TIMEOUT_20D,-0.8,20,90.0,WYCKOFF_SPRING_TYPE_2,True,True,True,6.0,True,NONE
PSUBNKIETF.NS,2026-06-17 15:30:00 IST,SIDEWAYS,2026-06-17 09:15:00 IST,88.3,84.72,93.67,95.46,97.25,99.04,2026-07-05 15:30:00 IST,84.72,STOP_LOSS,-1.0,12,87.0,CUP_HANDLE,True,True,True,4.05,True,NONE
PTCIL,2026-06-02 15:30:00 IST,BULL,2026-06-02 09:15:00 IST,19380.0,18217.2,21124.2,21705.6,22287.0,22868.4,2026-06-07 15:30:00 IST,18217.2,STOP_LOSS,-1.0,4,88.0,V_REVERSAL,True,True,True,6.0,True,NONE
PTCIL,2026-08-17 15:30:00 IST,BULL,2026-08-17 09:15:00 IST,20584.0,19348.96,22436.56,23054.08,23671.6,24289.12,2026-08-18 15:30:00 IST,19348.96,STOP_LOSS,-1.0,2,93.0,HIGHER_LOW_REVERSAL,True,True,True,6.0,True,NONE
PURVA,2026-06-18 15:30:00 IST,SIDEWAYS,2026-06-18 09:15:00 IST,225.04,211.54,245.29,252.04,258.79,265.54,2026-07-12 15:30:00 IST,245.29,TARGET_1,1.5,17,91.0,WYCKOFF_SPRING_TYPE_2,True,True,True,6.0,True,NONE
PRSMJOHNSN,2025-05-09 15:30:00 IST,BULL,2025-05-09 09:15:00 IST,720.0,689.65,765.54,780.7,795.88,811.05,2025-06-06 15:30:00 IST,743.1,TIMEOUT_20D,0.76,20,93.0,HIGHER_LOW_REVERSAL,True,True,True,4.22,True,NONE
PRSMJOHNSN,2025-06-05 15:30:00 IST,BULL,2025-06-05 09:15:00 IST,747.62,716.21,794.73,810.44,826.14,841.85,2025-07-03 15:30:00 IST,733.51,TIMEOUT_20D,-0.45,20,92.0,MULTI_MONTH_BASE_BREAKOUT,True,True,True,4.2,True,NONE
PRSMJOHNSN,2026-01-01 15:30:00 IST,SIDEWAYS,2026-01-01 09:15:00 IST,860.96,818.92,924.02,945.04,966.06,987.08,2026-01-12 15:30:00 IST,924.02,TARGET_1,1.5,7,85.0,V_REVERSAL,True,True,True,4.88,True,NONE
PRSMJOHNSN,2026-02-27 15:30:00 IST,BULL,2026-02-27 09:15:00 IST,1106.98,1073.79,1156.77,1173.36,1189.96,1206.55,2026-03-11 15:30:00 IST,1073.79,STOP_LOSS,-1.0,8,87.0,BULL_FLAG,True,True,True,3.0,True,NONE
PRSMJOHNSN,2026-05-13 15:30:00 IST,BEAR,2026-05-13 09:15:00 IST,1052.33,1011.29,1113.88,1134.41,1154.93,1175.45,2026-05-28 15:30:00 IST,1113.88,TARGET_1,1.5,11,84.0,V_REVERSAL,True,True,True,3.9,True,NONE
PRUDENT,2025-06-30 15:30:00 IST,BULL,2025-06-30 09:15:00 IST,1643.06,1597.08,1712.02,1735.02,1758.01,1781.0,2025-07-17 15:30:00 IST,1597.08,STOP_LOSS,-1.0,13,87.0,WYCKOFF_SPRING_TYPE_2,True,True,True,2.8,True,NONE
PRUDENT,2025-08-19 15:30:00 IST,BULL,2025-08-19 09:15:00 IST,1711.08,1608.41,1865.08,1916.42,1967.75,2019.09,2025-09-16 15:30:00 IST,1699.2,TIMEOUT_20D,-0.12,20,84.0,V_REVERSAL,True,True,True,6.0,True,NONE
PRUDENT,2025-11-21 15:30:00 IST,BULL,2025-11-21 09:15:00 IST,2247.71,2112.84,2450.0,2517.45,2584.88,2652.32,2025-12-19 15:30:00 IST,2334.15,TIMEOUT_20D,0.64,20,83.0,V_REVERSAL,True,True,True,6.0,True,NONE
PRUDENT,2025-12-25 15:30:00 IST,BULL,2025-12-25 09:15:00 IST,2372.16,2304.29,2473.97,2507.9,2541.83,2575.77,2026-01-22 15:30:00 IST,2473.97,TARGET_1,1.5,20,88.0,BULL_FLAG,True,True,True,2.86,True,NONE
PRUDENT,2026-05-07 15:30:00 IST,BULL,2026-05-07 09:15:00 IST,2787.12,2710.97,2901.34,2939.42,2977.49,3015.57,2026-05-15 15:30:00 IST,2710.97,STOP_LOSS,-1.0,6,86.0,CUP_HANDLE,True,True,True,2.73,True,NONE
PRUDENT,2026-08-13 15:30:00 IST,BULL,2026-08-13 09:15:00 IST,2785.35,2715.14,2890.66,2925.77,2960.88,2995.98,2026-08-17 15:30:00 IST,2715.14,STOP_LOSS,-1.0,2,88.0,CUP_HANDLE,True,True,True,2.52,True,NONE
PVRINOX,2026-01-13 15:30:00 IST,SIDEWAYS,2026-01-13 09:15:00 IST,1042.7,980.14,1136.54,1167.82,1199.1,1230.38,2026-01-19 15:30:00 IST,980.14,STOP_LOSS,-1.0,5,93.0,SHAKEOUT_RECLAIM,True,True,True,6.0,True,NONE
PVRINOX,2026-06-22 15:30:00 IST,SIDEWAYS,2026-06-22 09:15:00 IST,979.15,929.53,1053.58,1078.39,1103.2,1128.01,2026-07-19 15:30:00 IST,1019.25,TIMEOUT_20D,0.81,20,91.0,WYCKOFF_SPRING_TYPE_2,True,True,True,5.07,True,NONE
PVRINOX,2026-07-03 15:30:00 IST,SIDEWAYS,2026-07-03 09:15:00 IST,1001.25,941.17,1091.37,1121.41,1151.45,1181.49,2026-07-26 15:30:00 IST,1091.37,TARGET_1,1.5,16,86.0,SHAKEOUT_RECLAIM,True,True,True,6.0,True,NONE
PVRINOX,2026-07-20 15:30:00 IST,BULL,2026-07-20 09:15:00 IST,1019.25,959.52,1108.85,1138.71,1168.58,1198.44,2026-07-26 15:30:00 IST,1108.85,TARGET_1,1.5,5,84.0,DOUBLE_BOTTOM,True,True,True,5.86,True,NONE
PVRINOX,2026-07-24 15:30:00 IST,BULL,2026-07-24 09:15:00 IST,1063.95,1013.07,1140.27,1165.71,1191.15,1216.59,2026-07-27 15:30:00 IST,1140.27,TARGET_1,1.5,2,94.0,MULTI_MONTH_BASE_BREAKOUT,True,True,True,4.78,True,NONE
PTC,2025-03-21 15:30:00 IST,BULL,2025-03-21 09:15:00 IST,1952.01,1860.67,2089.01,2134.69,2180.36,2226.03,2025-04-18 15:30:00 IST,2020.25,TIMEOUT_20D,0.75,20,90.0,HIGHER_LOW_REVERSAL,True,True,True,4.68,True,NONE
PTC,2025-09-18 15:30:00 IST,BULL,2025-09-18 09:15:00 IST,2345.1,2251.48,2485.53,2532.34,2579.15,2625.96,2025-10-08 15:30:00 IST,2251.48,STOP_LOSS,-1.0,14,94.0,MULTI_MONTH_BASE_BREAKOUT,True,True,True,3.99,True,NONE
PTC,2026-06-02 15:30:00 IST,BULL,2026-06-02 09:15:00 IST,2669.65,2583.99,2798.15,2840.97,2883.8,2926.63,2026-06-09 15:30:00 IST,2583.99,STOP_LOSS,-1.0,5,97.0,MULTI_MONTH_BASE_BREAKOUT,True,True,True,3.21,True,NONE
PTC,2026-06-11 15:30:00 IST,BULL,2026-06-11 09:15:00 IST,2631.11,2552.72,2748.68,2787.89,2827.09,2866.28,2026-06-17 15:30:00 IST,2748.68,TARGET_1,1.5,4,93.0,CUP_HANDLE,True,True,True,2.98,True,NONE
QPOWER,2026-03-27 15:30:00 IST,BULL,2026-03-27 09:15:00 IST,861.45,820.61,922.71,943.13,963.55,983.97,2026-03-29 15:30:00 IST,820.61,STOP_LOSS,-1.0,1,89.0,DOUBLE_BOTTOM,True,True,True,4.74,True,NONE
QPOWER,2026-04-15 15:30:00 IST,BULL,2026-04-15 09:15:00 IST,1107.65,1041.19,1207.34,1240.57,1273.8,1307.03,2026-04-16 15:30:00 IST,1207.34,TARGET_1,1.5,2,88.0,V_REVERSAL,True,True,True,6.0,True,NONE
QPOWER,2026-04-23 15:30:00 IST,BULL,2026-04-23 09:15:00 IST,1373.85,1291.42,1497.49,1538.71,1579.92,1621.14,2026-05-05 15:30:00 IST,1291.42,STOP_LOSS,-1.0,9,88.0,BULL_FLAG,True,True,True,6.0,True,NONE
QPOWER,2026-06-18 15:30:00 IST,SIDEWAYS,2026-06-18 09:15:00 IST,1309.7,1231.12,1427.57,1466.86,1506.15,1545.44,2026-06-28 15:30:00 IST,1231.12,STOP_LOSS,-1.0,7,90.0,SHAKEOUT_RECLAIM,True,True,True,6.0,True,NONE
QPOWER,2026-08-06 15:30:00 IST,SIDEWAYS,2026-08-06 09:15:00 IST,1156.77,1087.37,1260.88,1295.57,1330.27,1364.97,2026-08-11 15:30:00 IST,1260.88,TARGET_1,1.5,4,91.0,WYCKOFF_SPRING_TYPE_2,True,True,True,6.0,True,NONE
QPOWER,2026-08-17 15:30:00 IST,BULL,2026-08-17 09:15:00 IST,1302.6,1224.44,1419.84,1458.92,1498.0,1537.08,2026-08-27 15:30:00 IST,1419.84,TARGET_1,1.5,9,93.0,WYCKOFF_SPRING_TYPE_2,True,True,True,6.0,True,NONE
QUESS,2025-11-19 15:30:00 IST,BEAR,2025-11-19 09:15:00 IST,212.98,200.2,232.15,238.54,244.93,251.32,2025-11-20 15:30:00 IST,200.2,STOP_LOSS,-1.0,2,92.0,SHAKEOUT_RECLAIM,True,True,True,6.0,True,NONE
QUESS,2026-01-02 15:30:00 IST,SIDEWAYS,2026-01-02 09:15:00 IST,205.38,193.06,223.86,230.02,236.18,242.34,2026-01-19 15:30:00 IST,193.06,STOP_LOSS,-1.0,12,90.0,SHAKEOUT_RECLAIM,True,True,True,6.0,True,NONE
QUESS,2026-04-27 15:30:00 IST,SIDEWAYS,2026-04-27 09:15:00 IST,194.27,182.64,211.7,217.53,223.35,229.16,2026-05-03 15:30:00 IST,211.7,TARGET_1,1.5,5,84.0,CUP_HANDLE,True,True,True,5.98,True,NONE
QUESS,2026-06-30 15:30:00 IST,BULL,2026-06-30 09:15:00 IST,265.06,249.16,288.92,296.86,304.81,312.76,2026-07-02 15:30:00 IST,288.92,TARGET_1,1.5,3,96.0,BULL_FLAG,True,True,True,6.0,True,NONE
QUESS,2026-08-03 15:30:00 IST,BULL,2026-08-03 09:15:00 IST,341.77,321.26,372.53,382.79,393.04,403.3,2026-08-03 15:30:00 IST,321.26,STOP_LOSS,-1.0,1,76.0,V_REVERSAL,True,True,True,6.0,True,NONE
QUESS,2026-08-26 15:30:00 IST,BULL,2026-08-26 09:15:00 IST,370.7,348.46,404.06,415.18,426.3,437.42,2026-09-03 15:30:00 IST,348.46,STOP_LOSS,-1.0,7,90.0,HIGHER_LOW_REVERSAL,True,True,True,6.0,True,NONE
RADICO,2025-10-20 15:30:00 IST,BULL,2025-10-20 09:15:00 IST,3254.7,3059.42,3547.62,3645.26,3742.9,3840.54,2025-11-18 15:30:00 IST,3229.5,TIMEOUT_20D,-0.13,20,92.0,MULTI_MONTH_BASE_BREAKOUT,True,True,True,6.0,True,NONE
RADICO,2025-11-07 15:30:00 IST,BULL,2025-11-07 09:15:00 IST,3310.9,3112.25,3608.87,3708.2,3807.53,3906.85,2025-12-04 15:30:00 IST,3201.9,TIMEOUT_20D,-0.55,20,91.0,SHAKEOUT_RECLAIM,True,True,True,6.0,True,NONE
RADICO,2025-12-30 15:30:00 IST,BULL,2025-12-30 09:15:00 IST,3376.0,3173.44,3679.84,3781.12,3882.4,3983.68,2026-01-01 15:30:00 IST,3173.44,STOP_LOSS,-1.0,3,95.0,WYCKOFF_SPRING_TYPE_2,True,True,True,6.0,True,NONE
RADICO,2026-03-06 15:30:00 IST,SIDEWAYS,2026-03-06 09:15:00 IST,2766.9,2600.89,3015.91,3098.92,3181.93,3264.93,2026-03-18 15:30:00 IST,2600.89,STOP_LOSS,-1.0,9,97.0,SHAKEOUT_RECLAIM,True,True,True,6.0,True,NONE
RADICO,2026-06-19 15:30:00 IST,BULL,2026-06-19 09:15:00 IST,3769.2,3543.05,4108.42,4221.5,4334.57,4447.65,2026-07-05 15:30:00 IST,4108.42,TARGET_1,1.5,11,89.0,V_REVERSAL,True,True,True,6.0,True,NONE
RADICO,2026-07-06 15:30:00 IST,BULL,2026-07-06 09:15:00 IST,4106.7,3866.71,4466.69,4586.68,4706.67,4826.67,2026-07-29 15:30:00 IST,4466.69,TARGET_1,1.5,18,96.0,MULTI_MONTH_BASE_BREAKOUT,True,True,True,5.84,True,NONE
RADICO,2026-07-28 15:30:00 IST,BULL,2026-07-28 09:15:00 IST,4289.7,4074.97,4611.8,4719.16,4826.52,4933.89,2026-08-12 15:30:00 IST,4611.8,TARGET_1,1.5,12,95.0,MULTI_MONTH_BASE_BREAKOUT,True,True,True,5.01,True,NONE
RAILTEL,2025-10-29 15:30:00 IST,BULL,2025-10-29 09:15:00 IST,373.58,357.96,397.0,404.82,412.63,420.44,2025-11-05 15:30:00 IST,357.96,STOP_LOSS,-1.0,5,85.0,SHAKEOUT_RECLAIM,True,True,True,4.18,True,NONE
RAILTEL,2026-01-30 15:30:00 IST,BULL,2026-01-30 09:15:00 IST,352.17,331.04,383.86,394.43,405.0,415.56,2026-02-01 15:30:00 IST,331.04,STOP_LOSS,-1.0,1,90.0,SHAKEOUT_RECLAIM,True,True,True,6.0,True,NONE
RAILTEL,2026-04-01 15:30:00 IST,BEAR,2026-04-01 09:15:00 IST,263.78,247.95,287.52,295.44,303.35,311.27,2026-04-08 15:30:00 IST,287.52,TARGET_1,1.5,5,80.0,SHAKEOUT_RECLAIM,True,True,True,6.0,True,NONE
RAILTEL,2026-04-15 15:30:00 IST,SIDEWAYS,2026-04-15 09:15:00 IST,336.73,316.53,367.03,377.13,387.23,397.33,2026-04-23 15:30:00 IST,316.53,STOP_LOSS,-1.0,7,90.0,CUP_HANDLE,True,True,True,6.0,True,NONE
RAILTEL,2026-06-12 15:30:00 IST,BEAR,2026-06-12 09:15:00 IST,308.75,291.63,334.43,342.99,351.55,360.11,2026-07-09 15:30:00 IST,307.5,TIMEOUT_20D,-0.07,20,81.0,SHAKEOUT_RECLAIM,True,True,True,5.54,True,NONE
RAINBOW,2025-12-11 15:30:00 IST,BULL,2025-12-11 09:15:00 IST,1376.46,1315.47,1467.95,1498.44,1528.93,1559.43,2025-12-16 15:30:00 IST,1315.47,STOP_LOSS,-1.0,4,95.0,DOUBLE_BOTTOM,True,True,True,4.43,True,NONE
RAINBOW,2026-02-10 15:30:00 IST,SIDEWAYS,2026-02-10 09:15:00 IST,1203.97,1131.73,1312.33,1348.45,1384.57,1420.69,2026-03-10 15:30:00 IST,1201.08,TIMEOUT_20D,-0.04,20,86.0,BULL_PENNANT,True,True,True,6.0,True,NONE
RAINBOW,2026-03-04 15:30:00 IST,SIDEWAYS,2026-03-04 09:15:00 IST,1211.85,1139.14,1320.92,1357.27,1393.62,1429.98,2026-03-12 15:30:00 IST,1139.14,STOP_LOSS,-1.0,7,79.0,V_REVERSAL,True,True,True,6.0,True,NONE
RAINBOW,2026-06-15 15:30:00 IST,BULL,2026-06-15 09:15:00 IST,1415.27,1349.98,1513.21,1545.85,1578.49,1611.14,2026-07-12 15:30:00 IST,1479.92,TIMEOUT_20D,0.99,20,98.0,MULTI_MONTH_BASE_BREAKOUT,True,True,True,4.61,True,NONE
RAINBOW,2026-07-30 15:30:00 IST,BULL,2026-07-30 09:15:00 IST,1520.6,1462.91,1607.13,1635.98,1664.82,1693.67,2026-07-30 15:30:00 IST,1462.91,STOP_LOSS,-1.0,1,91.0,MULTI_MONTH_BASE_BREAKOUT,True,True,True,3.79,True,NONE
RAINBOW,2026-08-05 15:30:00 IST,BULL,2026-08-05 09:15:00 IST,1598.6,1538.42,1688.87,1718.96,1749.05,1779.14,2026-08-06 15:30:00 IST,1538.42,STOP_LOSS,-1.0,2,95.0,MULTI_MONTH_BASE_BREAKOUT,True,True,True,3.76,True,NONE
PWL,2025-04-29 15:30:00 IST,BULL,2025-04-29 09:15:00 IST,2254.54,2145.21,2418.53,2473.2,2527.86,2582.53,2025-05-27 15:30:00 IST,2346.13,TIMEOUT_20D,0.84,20,85.0,CUP_HANDLE,True,True,True,4.85,True,NONE
PWL,2025-05-07 15:30:00 IST,BULL,2025-05-07 09:15:00 IST,2284.39,2204.2,2404.68,2444.77,2484.86,2524.96,2025-06-04 15:30:00 IST,2316.66,TIMEOUT_20D,0.4,20,89.0,HIGHER_LOW_REVERSAL,True,True,True,3.51,True,NONE
PWL,2025-08-14 15:30:00 IST,SIDEWAYS,2025-08-14 09:15:00 IST,2252.2,2179.2,2361.7,2398.2,2434.7,2471.2,2025-08-26 15:30:00 IST,2361.7,TARGET_1,1.5,8,90.0,HIGHER_LOW_REVERSAL,True,True,True,3.24,True,NONE
PWL,2025-10-31 15:30:00 IST,SIDEWAYS,2025-10-31 09:15:00 IST,2197.85,2072.98,2385.15,2447.59,2510.02,2572.46,2025-11-28 15:30:00 IST,2202.42,TIMEOUT_20D,0.04,20,77.0,V_REVERSAL,True,True,True,5.68,True,NONE
PWL,2026-01-02 15:30:00 IST,BULL,2026-01-02 09:15:00 IST,2245.34,2142.6,2399.46,2450.82,2502.19,2553.56,2026-01-30 15:30:00 IST,2311.54,TIMEOUT_20D,0.64,20,89.0,DOUBLE_BOTTOM,True,True,True,4.58,True,NONE
PWL,2026-07-29 15:30:00 IST,SIDEWAYS,2026-07-29 09:15:00 IST,2368.83,2226.7,2582.04,2653.09,2724.16,2795.22,2026-08-18 15:30:00 IST,2226.7,STOP_LOSS,-1.0,15,94.0,WYCKOFF_SPRING_TYPE_2,True,True,True,6.0,True,NONE
PWL,2026-08-04 15:30:00 IST,BEAR,2026-08-04 09:15:00 IST,2307.51,2218.05,2441.7,2486.43,2531.16,2575.89,2026-08-18 15:30:00 IST,2441.7,TARGET_1,1.5,10,92.0,WYCKOFF_SPRING_TYPE_2,True,True,True,3.88,True,NONE
RAIN,2025-06-11 15:30:00 IST,SIDEWAYS,2025-06-11 09:15:00 IST,1999.44,1951.69,2071.07,2094.94,2118.82,2142.69,2025-06-16 15:30:00 IST,2071.07,TARGET_1,1.5,3,85.0,CUP_HANDLE,True,True,True,2.39,True,NONE
RAIN,2025-12-31 15:30:00 IST,SIDEWAYS,2025-12-31 09:15:00 IST,1812.62,1703.86,1975.75,2030.14,2084.52,2138.9,2026-01-14 15:30:00 IST,1975.75,TARGET_1,1.5,10,86.0,WYCKOFF_SPRING_TYPE_2,True,True,True,6.0,True,NONE
RAIN,2026-05-14 15:30:00 IST,BULL,2026-05-14 09:15:00 IST,1814.62,1788.21,1854.23,1867.44,1880.64,1893.85,2026-05-18 15:30:00 IST,1788.21,STOP_LOSS,-1.0,2,87.0,CUP_HANDLE,True,True,True,1.46,True,NONE
RAIN,2026-06-03 15:30:00 IST,BULL,2026-06-03 09:15:00 IST,1832.66,1752.66,1952.67,1992.66,2032.66,2072.66,2026-06-12 15:30:00 IST,1752.66,STOP_LOSS,-1.0,7,93.0,CUP_HANDLE,True,True,True,4.37,True,NONE
RATEGAIN,2025-11-03 15:30:00 IST,BULL,2025-11-03 09:15:00 IST,677.1,636.47,738.04,758.36,778.67,798.99,2025-12-01 15:30:00 IST,689.45,TIMEOUT_20D,0.3,20,91.0,V_REVERSAL,True,True,True,6.0,True,NONE
RATEGAIN,2026-01-30 15:30:00 IST,BEAR,2026-01-30 09:15:00 IST,612.1,575.37,667.19,685.56,703.93,722.29,2026-02-11 15:30:00 IST,575.37,STOP_LOSS,-1.0,9,88.0,SHAKEOUT_RECLAIM,True,True,True,6.0,True,NONE
RATEGAIN,2026-04-15 15:30:00 IST,SIDEWAYS,2026-04-15 09:15:00 IST,574.5,540.03,626.21,643.44,660.68,677.91,2026-05-05 15:30:00 IST,626.21,TARGET_1,1.5,15,87.0,BULL_FLAG,True,True,True,6.0,True,NONE
RATEGAIN,2026-04-24 15:30:00 IST,BULL,2026-04-24 09:15:00 IST,589.85,559.39,635.54,650.77,666.0,681.23,2026-05-05 15:30:00 IST,635.54,TARGET_1,1.5,8,93.0,CUP_HANDLE,True,True,True,5.16,True,NONE
RATEGAIN,2026-05-18 15:30:00 IST,BULL,2026-05-18 09:15:00 IST,644.55,605.88,702.55,721.89,741.22,760.56,2026-05-21 15:30:00 IST,702.55,TARGET_1,1.5,4,89.0,SHAKEOUT_RECLAIM,True,True,True,6.0,True,NONE
RATEGAIN,2026-05-22 15:30:00 IST,BULL,2026-05-22 09:15:00 IST,714.45,671.58,778.76,800.19,821.62,843.06,2026-05-31 15:30:00 IST,778.76,TARGET_1,1.5,6,90.0,HIGHER_LOW_REVERSAL,True,True,True,6.0,True,NONE
RATEGAIN,2026-06-30 15:30:00 IST,BULL,2026-06-30 09:15:00 IST,899.15,845.2,980.08,1007.05,1034.02,1061.0,2026-07-14 15:30:00 IST,980.08,TARGET_1,1.5,11,94.0,BULL_FLAG,True,True,True,6.0,True,NONE
RATEGAIN,2026-08-21 15:30:00 IST,BULL,2026-08-21 09:15:00 IST,990.05,930.65,1079.15,1108.85,1138.55,1168.25,2026-08-25 15:30:00 IST,930.65,STOP_LOSS,-1.0,3,84.0,V_REVERSAL,True,True,True,6.0,True,NONE
RALLIS,2025-04-14 15:30:00 IST,BULL,2025-04-14 09:15:00 IST,1855.79,1744.44,2022.81,2078.49,2134.16,2189.84,2025-05-12 15:30:00 IST,1916.22,TIMEOUT_20D,0.54,20,83.0,V_REVERSAL,True,True,True,6.0,True,NONE
RALLIS,2025-05-20 15:30:00 IST,BULL,2025-05-20 09:15:00 IST,2013.79,1946.69,2114.43,2147.99,2181.54,2215.09,2025-06-04 15:30:00 IST,2114.43,TARGET_1,1.5,11,96.0,MULTI_MONTH_BASE_BREAKOUT,True,True,True,3.33,True,NONE
RALLIS,2025-12-30 15:30:00 IST,BULL,2025-12-30 09:15:00 IST,2202.98,2174.44,2245.78,2260.06,2274.33,2288.6,2026-01-01 15:30:00 IST,2245.78,TARGET_1,1.5,2,93.0,CUP_HANDLE,True,True,True,1.3,True,NONE
RALLIS,2026-07-09 15:30:00 IST,BULL,2026-07-09 09:15:00 IST,2594.1,2527.64,2693.8,2727.02,2760.25,2793.48,2026-07-22 15:30:00 IST,2527.64,STOP_LOSS,-1.0,9,88.0,CUP_HANDLE,True,True,True,2.56,True,NONE
RAMCOCEM,2025-04-18 15:30:00 IST,SIDEWAYS,2025-04-18 09:15:00 IST,718.6,684.07,770.41,787.66,804.92,822.19,2025-05-15 15:30:00 IST,684.07,STOP_LOSS,-1.0,19,93.0,WYCKOFF_SPRING_TYPE_2,True,True,True,4.81,True,NONE
RAMCOCEM,2025-12-01 15:30:00 IST,BULL,2025-12-01 09:15:00 IST,690.57,680.01,706.4,711.69,716.97,722.25,2025-12-05 15:30:00 IST,680.01,STOP_LOSS,-1.0,4,87.0,CUP_HANDLE,True,True,True,1.53,True,NONE
RAMCOCEM,2026-08-12 15:30:00 IST,BULL,2026-08-12 09:15:00 IST,746.93,714.72,795.25,811.35,827.45,843.56,2026-08-18 15:30:00 IST,795.25,TARGET_1,1.5,5,85.0,ASCENDING_TRIANGLE,True,True,True,4.31,True,NONE
RBA,2025-12-12 15:30:00 IST,SIDEWAYS,2025-12-12 09:15:00 IST,67.91,64.32,73.3,75.09,76.89,78.68,2025-12-15 15:30:00 IST,64.32,STOP_LOSS,-1.0,2,92.0,DOUBLE_BOTTOM,True,True,True,5.29,True,NONE
RBA,2025-12-19 15:30:00 IST,SIDEWAYS,2025-12-19 09:15:00 IST,66.47,62.48,72.46,74.45,76.45,78.44,2025-12-25 15:30:00 IST,62.48,STOP_LOSS,-1.0,4,90.0,WYCKOFF_SPRING_TYPE_2,True,True,True,6.0,True,NONE
RBA,2026-04-21 15:30:00 IST,SIDEWAYS,2026-04-21 09:15:00 IST,63.48,62.19,65.41,66.06,66.7,67.35,2026-04-28 15:30:00 IST,65.41,TARGET_1,1.5,6,84.0,CUP_HANDLE,True,True,True,2.03,True,NONE
RBA,2026-04-27 15:30:00 IST,BULL,2026-04-27 09:15:00 IST,64.14,62.69,66.31,67.04,67.77,68.49,2026-04-28 15:30:00 IST,66.31,TARGET_1,1.5,2,84.0,CUP_HANDLE,True,True,True,2.26,True,NONE
RBA,2026-05-04 15:30:00 IST,BULL,2026-05-04 09:15:00 IST,66.48,64.36,69.66,70.72,71.78,72.84,2026-05-31 15:30:00 IST,67.95,TIMEOUT_20D,0.69,20,97.0,MULTI_MONTH_BASE_BREAKOUT,True,True,True,3.19,True,NONE
RBA,2026-05-08 15:30:00 IST,BULL,2026-05-08 09:15:00 IST,68.09,65.72,71.64,72.83,74.02,75.2,2026-06-04 15:30:00 IST,68.71,TIMEOUT_20D,0.26,20,97.0,MULTI_MONTH_BASE_BREAKOUT,True,True,True,3.48,True,NONE
RBA,2026-05-20 15:30:00 IST,BULL,2026-05-20 09:15:00 IST,68.43,65.77,72.42,73.75,75.08,76.41,2026-06-16 15:30:00 IST,69.04,TIMEOUT_20D,0.23,20,84.0,HIGHER_LOW_REVERSAL,True,True,True,3.89,True,NONE
RBA,2026-06-18 15:30:00 IST,BULL,2026-06-18 09:15:00 IST,69.69,67.59,72.84,73.89,74.94,75.99,2026-06-18 15:30:00 IST,72.84,TARGET_1,1.5,1,95.0,MULTI_MONTH_BASE_BREAKOUT,True,True,True,3.01,True,NONE
RBA,2026-08-03 15:30:00 IST,SIDEWAYS,2026-08-03 09:15:00 IST,70.76,66.51,77.14,79.26,81.39,83.51,2026-08-03 15:30:00 IST,77.14,TARGET_1,1.5,1,92.0,SHAKEOUT_RECLAIM,True,True,True,6.01,True,NONE
RBA,2026-08-07 15:30:00 IST,BULL,2026-08-07 09:15:00 IST,94.92,89.22,103.47,106.32,109.17,112.02,2026-08-17 15:30:00 IST,103.47,TARGET_1,1.5,7,82.0,V_REVERSAL,True,True,True,6.01,True,NONE
RATNAMANI,2026-03-10 15:30:00 IST,BULL,2026-03-10 09:15:00 IST,1447.61,1409.31,1505.05,1524.21,1543.36,1562.51,2026-03-23 15:30:00 IST,1409.31,STOP_LOSS,-1.0,9,85.0,CUP_HANDLE,True,True,True,2.65,True,NONE
RAYMONDLSL,2025-06-17 15:30:00 IST,SIDEWAYS,2025-06-17 09:15:00 IST,525.08,506.72,552.63,561.8,570.98,580.16,2025-06-27 15:30:00 IST,506.72,STOP_LOSS,-1.0,8,79.0,V_REVERSAL,True,True,True,3.5,True,NONE
RAYMONDLSL,2025-08-08 15:30:00 IST,SIDEWAYS,2025-08-08 09:15:00 IST,497.74,481.44,522.19,530.34,538.49,546.64,2025-08-22 15:30:00 IST,522.19,TARGET_1,1.5,10,79.0,V_REVERSAL,True,True,True,3.27,True,NONE
RAYMONDLSL,2025-10-28 15:30:00 IST,BULL,2025-10-28 09:15:00 IST,526.79,512.32,548.5,555.73,562.96,570.2,2025-11-04 15:30:00 IST,548.5,TARGET_1,1.5,5,81.0,CUP_HANDLE,True,True,True,2.75,True,NONE
RAYMONDLSL,2026-05-21 15:30:00 IST,BULL,2026-05-21 09:15:00 IST,595.5,582.33,615.26,621.84,628.42,635.01,2026-05-26 15:30:00 IST,582.33,STOP_LOSS,-1.0,3,92.0,CUP_HANDLE,True,True,True,2.21,True,NONE
RAYMONDLSL,2026-07-06 15:30:00 IST,BULL,2026-07-06 09:15:00 IST,608.61,600.11,621.37,625.61,629.86,634.11,2026-07-08 15:30:00 IST,621.37,TARGET_1,1.5,2,88.0,CUP_HANDLE,True,True,True,1.4,True,NONE
RECLTD,2025-12-23 15:30:00 IST,SIDEWAYS,2025-12-23 09:15:00 IST,346.58,325.78,377.77,388.18,398.58,408.98,2026-01-04 15:30:00 IST,377.77,TARGET_1,1.5,8,81.0,V_REVERSAL,True,True,True,6.0,True,NONE
RECLTD,2026-01-02 15:30:00 IST,SIDEWAYS,2026-01-02 09:15:00 IST,372.46,350.11,405.98,417.16,428.33,439.51,2026-01-19 15:30:00 IST,350.11,STOP_LOSS,-1.0,12,88.0,V_REVERSAL,True,True,True,6.0,True,NONE
RECLTD,2026-03-05 15:30:00 IST,BEAR,2026-03-05 09:15:00 IST,338.57,319.48,367.2,376.75,386.29,395.84,2026-03-08 15:30:00 IST,319.48,STOP_LOSS,-1.0,2,84.0,SHAKEOUT_RECLAIM,True,True,True,5.64,True,NONE
RECLTD,2026-03-18 15:30:00 IST,SIDEWAYS,2026-03-18 09:15:00 IST,344.71,324.03,375.73,386.07,396.41,406.75,2026-03-22 15:30:00 IST,324.03,STOP_LOSS,-1.0,3,81.0,V_REVERSAL,True,True,True,6.0,True,NONE
RECLTD,2026-06-04 15:30:00 IST,BEAR,2026-06-04 09:15:00 IST,335.2,319.39,358.92,366.82,374.73,382.63,2026-06-16 15:30:00 IST,358.92,TARGET_1,1.5,9,90.0,SHAKEOUT_RECLAIM,True,True,True,4.72,True,NONE
RECLTD,2026-06-22 15:30:00 IST,SIDEWAYS,2026-06-22 09:15:00 IST,369.85,351.04,398.07,407.47,416.88,426.28,2026-07-07 15:30:00 IST,351.04,STOP_LOSS,-1.0,12,87.0,CUP_HANDLE,True,True,True,5.09,True,NONE
RECLTD,2026-08-12 15:30:00 IST,SIDEWAYS,2026-08-12 09:15:00 IST,344.45,335.8,357.43,361.75,366.07,370.4,2026-08-13 15:30:00 IST,335.8,STOP_LOSS,-1.0,2,93.0,SHAKEOUT_RECLAIM,True,True,True,2.51,True,NONE
REDINGTON,2026-04-16 15:30:00 IST,SIDEWAYS,2026-04-16 09:15:00 IST,222.89,209.51,242.95,249.65,256.34,263.03,2026-04-27 15:30:00 IST,209.51,STOP_LOSS,-1.0,8,84.0,SHAKEOUT_RECLAIM,True,True,True,6.0,True,NONE
REDINGTON,2026-05-14 15:30:00 IST,BEAR,2026-05-14 09:15:00 IST,212.47,202.61,227.27,232.19,237.12,242.05,2026-05-31 15:30:00 IST,227.27,TARGET_1,1.5,12,95.0,SHAKEOUT_RECLAIM,True,True,True,4.64,True,NONE
REDINGTON,2026-06-18 15:30:00 IST,BULL,2026-06-18 09:15:00 IST,266.11,250.14,290.05,298.05,306.04,314.02,2026-07-15 15:30:00 IST,276.1,TIMEOUT_20D,0.63,20,94.0,MULTI_MONTH_BASE_BREAKOUT,True,True,True,6.0,True,NONE
RBLBANK,2025-04-11 15:30:00 IST,SIDEWAYS,2025-04-11 09:15:00 IST,1801.46,1693.37,1963.58,2017.64,2071.69,2125.73,2025-05-09 15:30:00 IST,1825.65,TIMEOUT_20D,0.22,20,85.0,WYCKOFF_SPRING_TYPE_2,True,True,True,6.0,True,NONE
RBLBANK,2025-05-09 15:30:00 IST,BULL,2025-05-09 09:15:00 IST,1825.65,1753.75,1933.51,1969.45,2005.4,2041.35,2025-05-15 15:30:00 IST,1753.75,STOP_LOSS,-1.0,4,87.0,CUP_HANDLE,True,True,True,3.94,True,NONE
RBLBANK,2025-09-22 15:30:00 IST,BULL,2025-09-22 09:15:00 IST,1771.15,1682.73,1903.77,1947.99,1992.2,2036.41,2025-10-20 15:30:00 IST,1822.38,TIMEOUT_20D,0.58,20,90.0,V_REVERSAL,True,True,True,4.99,True,NONE
RBLBANK,2025-11-18 15:30:00 IST,BULL,2025-11-18 09:15:00 IST,1897.14,1867.8,1941.15,1955.82,1970.49,1985.16,2025-11-20 15:30:00 IST,1867.8,STOP_LOSS,-1.0,2,87.0,CUP_HANDLE,True,True,True,1.55,True,NONE
RBLBANK,2026-08-04 15:30:00 IST,BULL,2026-08-04 09:15:00 IST,2673.19,2512.8,2913.77,2993.97,3074.16,3154.36,2026-08-18 15:30:00 IST,2512.8,STOP_LOSS,-1.0,11,87.0,V_REVERSAL,True,True,True,6.0,True,NONE
RCF,2025-08-20 15:30:00 IST,BULL,2025-08-20 09:15:00 IST,1492.5,1402.95,1626.83,1671.6,1716.38,1761.15,2025-09-10 15:30:00 IST,1626.83,TARGET_1,1.5,15,83.0,V_REVERSAL,True,True,True,6.0,True,NONE
RCF,2025-10-23 15:30:00 IST,BULL,2025-10-23 09:15:00 IST,1698.11,1657.67,1758.78,1778.99,1799.21,1819.43,2025-10-31 15:30:00 IST,1758.78,TARGET_1,1.5,6,86.0,CUP_HANDLE,True,True,True,2.38,True,NONE
RCF,2025-11-25 15:30:00 IST,BULL,2025-11-25 09:15:00 IST,1844.11,1795.3,1917.33,1941.73,1966.13,1990.54,2025-12-02 15:30:00 IST,1795.3,STOP_LOSS,-1.0,5,87.0,BULL_FLAG,True,True,True,2.65,True,NONE
RCF,2026-01-16 15:30:00 IST,SIDEWAYS,2026-01-16 09:15:00 IST,1796.97,1755.24,1859.56,1880.43,1901.3,1922.16,2026-01-22 15:30:00 IST,1859.56,TARGET_1,1.5,4,80.0,CUP_HANDLE,True,True,True,2.32,True,NONE
RCF,2026-01-29 15:30:00 IST,SIDEWAYS,2026-01-29 09:15:00 IST,1885.43,1772.31,2055.12,2111.67,2168.23,2224.79,2026-02-26 15:30:00 IST,1920.7,TIMEOUT_20D,0.31,20,87.0,WYCKOFF_SPRING_TYPE_2,True,True,True,6.0,True,NONE
RCF,2026-02-27 15:30:00 IST,BULL,2026-02-27 09:15:00 IST,1929.96,1873.86,2014.12,2042.16,2070.21,2098.26,2026-03-24 15:30:00 IST,2014.12,TARGET_1,1.5,17,88.0,CUP_HANDLE,True,True,True,2.91,True,NONE
RCF,2026-07-20 15:30:00 IST,BULL,2026-07-20 09:15:00 IST,1954.64,1901.34,2034.58,2061.24,2087.89,2114.54,2026-07-30 15:30:00 IST,2034.58,TARGET_1,1.5,8,92.0,WYCKOFF_SPRING_TYPE_2,True,True,True,2.73,True,NONE
RELAXO,2025-12-09 15:30:00 IST,SIDEWAYS,2025-12-09 09:15:00 IST,420.9,395.65,458.77,471.4,484.02,496.65,2025-12-17 15:30:00 IST,395.65,STOP_LOSS,-1.0,7,92.0,V_REVERSAL,True,True,True,6.0,True,NONE
RELAXO,2026-01-28 15:30:00 IST,BEAR,2026-01-28 09:15:00 IST,379.75,356.96,413.94,425.33,436.73,448.12,2026-02-12 15:30:00 IST,356.96,STOP_LOSS,-1.0,12,83.0,SHAKEOUT_RECLAIM,True,True,True,6.0,True,NONE
RELAXO,2026-06-25 15:30:00 IST,BULL,2026-06-25 09:15:00 IST,413.55,388.74,450.76,463.17,475.58,487.98,2026-07-07 15:30:00 IST,388.74,STOP_LOSS,-1.0,9,89.0,V_REVERSAL,True,True,True,6.0,True,NONE
RELAXO,2026-07-17 15:30:00 IST,BULL,2026-07-17 09:15:00 IST,439.95,413.55,479.55,492.75,505.95,519.15,2026-07-20 15:30:00 IST,413.55,STOP_LOSS,-1.0,2,95.0,HIGHER_LOW_REVERSAL,True,True,True,6.0,True,NONE
RELIANCE,2025-11-06 15:30:00 IST,BULL,2025-11-06 09:15:00 IST,1489.21,1427.2,1582.24,1613.23,1644.24,1675.24,2025-12-03 15:30:00 IST,1528.53,TIMEOUT_20D,0.63,20,80.0,CUP_HANDLE,True,True,True,4.16,True,NONE
RELIANCE,2025-11-20 15:30:00 IST,BULL,2025-11-20 09:15:00 IST,1541.97,1475.15,1642.2,1675.61,1709.02,1742.43,2025-12-17 15:30:00 IST,1537.29,TIMEOUT_20D,-0.07,20,91.0,MULTI_MONTH_BASE_BREAKOUT,True,True,True,4.33,True,NONE
RELIANCE,2026-03-09 15:30:00 IST,SIDEWAYS,2026-03-09 09:15:00 IST,1417.45,1332.4,1545.02,1587.55,1630.07,1672.6,2026-03-29 15:30:00 IST,1332.4,STOP_LOSS,-1.0,14,87.0,V_REVERSAL,True,True,True,6.0,True,NONE
RELIANCE,2026-03-16 15:30:00 IST,BEAR,2026-03-16 09:15:00 IST,1388.68,1305.36,1513.66,1555.32,1596.98,1638.64,2026-04-05 15:30:00 IST,1305.36,STOP_LOSS,-1.0,12,87.0,WYCKOFF_SPRING_TYPE_2,True,True,True,6.0,True,NONE
RELIANCE,2026-07-17 15:30:00 IST,SIDEWAYS,2026-07-17 09:15:00 IST,1327.2,1265.24,1420.14,1451.12,1482.1,1513.08,2026-07-23 15:30:00 IST,1265.24,STOP_LOSS,-1.0,5,85.0,V_REVERSAL,True,True,True,4.67,True,NONE
RELIGARE,2025-12-22 15:30:00 IST,SIDEWAYS,2025-12-22 09:15:00 IST,243.82,229.19,265.77,273.08,280.39,287.71,2026-01-19 15:30:00 IST,229.19,STOP_LOSS,-1.0,19,85.0,V_REVERSAL,True,True,True,6.0,True,NONE
RELIGARE,2026-01-05 15:30:00 IST,SIDEWAYS,2026-01-05 09:15:00 IST,261.35,245.67,284.87,292.71,300.55,308.39,2026-01-08 15:30:00 IST,245.67,STOP_LOSS,-1.0,4,92.0,HIGHER_LOW_REVERSAL,True,True,True,6.0,True,NONE
RELIGARE,2026-02-04 15:30:00 IST,BULL,2026-02-04 09:15:00 IST,258.75,243.22,282.05,289.81,297.57,305.34,2026-02-12 15:30:00 IST,243.22,STOP_LOSS,-1.0,7,93.0,WYCKOFF_SPRING_TYPE_2,True,True,True,6.0,True,NONE
RELIGARE,2026-03-25 15:30:00 IST,SIDEWAYS,2026-03-25 09:15:00 IST,226.52,212.93,246.91,253.7,260.5,267.29,2026-03-29 15:30:00 IST,212.93,STOP_LOSS,-1.0,2,97.0,WYCKOFF_SPRING_TYPE_2,True,True,True,6.0,True,NONE
RELIGARE,2026-05-22 15:30:00 IST,BULL,2026-05-22 09:15:00 IST,240.32,225.9,261.95,269.16,276.37,283.58,2026-06-04 15:30:00 IST,225.9,STOP_LOSS,-1.0,10,84.0,DOUBLE_BOTTOM,True,True,True,6.0,True,NONE
RELIGARE,2026-06-22 15:30:00 IST,BULL,2026-06-22 09:15:00 IST,265.53,250.94,287.41,294.71,302.0,309.3,2026-07-19 15:30:00 IST,257.0,TIMEOUT_20D,-0.58,20,96.0,MULTI_MONTH_BASE_BREAKOUT,True,True,True,5.49,True,NONE
REDTAPE,2025-03-18 15:30:00 IST,SIDEWAYS,2025-03-18 09:15:00 IST,1241.4,1218.86,1275.22,1286.48,1297.75,1309.02,2025-03-26 15:30:00 IST,1218.86,STOP_LOSS,-1.0,6,90.0,CUP_HANDLE,True,True,True,1.82,True,NONE
REDTAPE,2025-05-23 15:30:00 IST,BULL,2025-05-23 09:15:00 IST,1265.14,1222.6,1328.95,1350.22,1371.49,1392.76,2025-06-20 15:30:00 IST,1236.99,TIMEOUT_20D,-0.66,20,86.0,WYCKOFF_SPRING_TYPE_2,True,True,True,3.36,True,NONE
REDTAPE,2025-07-02 15:30:00 IST,SIDEWAYS,2025-07-02 09:15:00 IST,1239.01,1187.6,1316.11,1341.83,1367.54,1393.24,2025-07-10 15:30:00 IST,1187.6,STOP_LOSS,-1.0,6,86.0,WYCKOFF_SPRING_TYPE_2,True,True,True,4.15,True,NONE
REDTAPE,2025-08-05 15:30:00 IST,SIDEWAYS,2025-08-05 09:15:00 IST,1208.01,1158.39,1282.43,1307.25,1332.06,1356.87,2025-09-02 15:30:00 IST,1197.06,TIMEOUT_20D,-0.22,20,84.0,V_REVERSAL,True,True,True,4.11,True,NONE
REDTAPE,2025-10-31 15:30:00 IST,SIDEWAYS,2025-10-31 09:15:00 IST,1184.76,1136.45,1257.23,1281.38,1305.53,1329.69,2025-11-06 15:30:00 IST,1136.45,STOP_LOSS,-1.0,4,89.0,WYCKOFF_SPRING_TYPE_2,True,True,True,4.08,True,NONE
REDTAPE,2026-03-18 15:30:00 IST,SIDEWAYS,2026-03-18 09:15:00 IST,1143.35,1097.86,1211.58,1234.33,1257.07,1279.82,2026-03-27 15:30:00 IST,1097.86,STOP_LOSS,-1.0,7,87.0,WYCKOFF_SPRING_TYPE_2,True,True,True,3.98,True,NONE
RELTD,2025-10-27 15:30:00 IST,BEAR,2025-10-27 09:15:00 IST,150.95,141.89,164.54,169.07,173.6,178.13,2025-10-30 15:30:00 IST,164.54,TARGET_1,1.5,4,94.0,WYCKOFF_SPRING_TYPE_2,True,True,True,6.0,True,NONE
RELTD,2025-12-19 15:30:00 IST,BULL,2025-12-19 09:15:00 IST,165.0,155.1,179.85,184.8,189.75,194.7,2026-01-04 15:30:00 IST,155.1,STOP_LOSS,-1.0,10,87.0,WYCKOFF_SPRING_TYPE_2,True,True,True,6.0,True,NONE
RELTD,2026-01-13 15:30:00 IST,SIDEWAYS,2026-01-13 09:15:00 IST,159.72,150.14,174.09,178.88,183.67,188.46,2026-01-15 15:30:00 IST,150.14,STOP_LOSS,-1.0,3,98.0,DOUBLE_BOTTOM,True,True,True,6.0,True,NONE
RELTD,2026-06-19 15:30:00 IST,BULL,2026-06-19 09:15:00 IST,170.75,160.5,186.12,191.25,196.38,201.5,2026-06-22 15:30:00 IST,160.5,STOP_LOSS,-1.0,2,92.0,BULL_FLAG,True,True,True,6.0,True,NONE
REFEX,2025-02-21 15:30:00 IST,BULL,2025-02-21 09:15:00 IST,872.82,855.5,898.81,907.46,916.12,924.78,2025-02-28 15:30:00 IST,898.81,TARGET_1,1.5,5,84.0,CUP_HANDLE,True,True,True,1.98,True,NONE
REFEX,2025-08-15 15:30:00 IST,SIDEWAYS,2025-08-15 09:15:00 IST,1022.98,988.44,1074.8,1092.06,1109.33,1126.6,2025-08-28 15:30:00 IST,1074.8,TARGET_1,1.5,9,89.0,BULL_FLAG,True,True,True,3.38,True,NONE
REFEX,2025-10-08 15:30:00 IST,BULL,2025-10-08 09:15:00 IST,1124.36,1065.34,1212.88,1242.4,1271.91,1301.42,2025-11-05 15:30:00 IST,1157.83,TIMEOUT_20D,0.57,20,85.0,HIGHER_LOW_REVERSAL,True,True,True,5.25,True,NONE
REFEX,2025-10-23 15:30:00 IST,BULL,2025-10-23 09:15:00 IST,1145.45,1123.04,1179.05,1190.27,1201.48,1212.68,2025-11-07 15:30:00 IST,1179.05,TARGET_1,1.5,11,88.0,CUP_HANDLE,True,True,True,1.96,True,NONE
REFEX,2025-10-29 15:30:00 IST,BULL,2025-10-29 09:15:00 IST,1153.61,1120.05,1203.95,1220.73,1237.51,1254.29,2025-11-11 15:30:00 IST,1203.95,TARGET_1,1.5,9,85.0,BULL_FLAG,True,True,True,2.91,True,NONE
REFEX,2025-11-06 15:30:00 IST,BULL,2025-11-06 09:15:00 IST,1162.4,1136.38,1201.42,1214.44,1227.45,1240.46,2025-11-10 15:30:00 IST,1201.42,TARGET_1,1.5,2,92.0,CUP_HANDLE,True,True,True,2.24,True,NONE
REFEX,2025-12-29 15:30:00 IST,BEAR,2025-12-29 09:15:00 IST,1181.64,1132.47,1255.4,1279.98,1304.57,1329.15,2026-01-26 15:30:00 IST,1200.37,TIMEOUT_20D,0.38,20,87.0,WYCKOFF_SPRING_TYPE_2,True,True,True,4.16,True,NONE
REFEX,2026-04-24 15:30:00 IST,BULL,2026-04-24 09:15:00 IST,1399.87,1315.88,1525.86,1567.85,1609.84,1651.84,2026-05-04 15:30:00 IST,1315.88,STOP_LOSS,-1.0,6,79.0,V_REVERSAL,True,True,True,6.0,True,NONE
REFEX,2026-05-11 15:30:00 IST,SIDEWAYS,2026-05-11 09:15:00 IST,1315.31,1284.38,1361.7,1377.17,1392.63,1408.1,2026-05-27 15:30:00 IST,1284.38,STOP_LOSS,-1.0,12,94.0,CUP_HANDLE,True,True,True,2.35,True,NONE
REFEX,2026-06-01 15:30:00 IST,SIDEWAYS,2026-06-01 09:15:00 IST,1331.69,1274.44,1417.57,1446.19,1474.82,1503.44,2026-06-11 15:30:00 IST,1417.57,TARGET_1,1.5,8,79.0,V_REVERSAL,True,True,True,4.3,True,NONE
RENUKA,2026-02-26 15:30:00 IST,BEAR,2026-02-26 09:15:00 IST,23.97,22.89,25.59,26.13,26.67,27.21,2026-03-03 15:30:00 IST,25.59,TARGET_1,1.5,3,86.0,SHAKEOUT_RECLAIM,True,True,True,4.51,True,NONE
RENUKA,2026-08-06 15:30:00 IST,BEAR,2026-08-06 09:15:00 IST,22.12,21.39,23.22,23.58,23.95,24.31,2026-08-17 15:30:00 IST,23.22,TARGET_1,1.51,8,87.0,WYCKOFF_SPRING_TYPE_2,True,True,True,3.3,True,NONE
RENUKA,2026-08-20 15:30:00 IST,BULL,2026-08-20 09:15:00 IST,26.13,25.2,27.52,27.99,28.45,28.92,2026-08-23 15:30:00 IST,25.2,INTRABAR_AMBIGUITY_LOSS,-1.0,1,95.0,MULTI_MONTH_BASE_BREAKOUT,True,True,True,3.56,True,NONE
RITES,2026-07-01 15:30:00 IST,SIDEWAYS,2026-07-01 09:15:00 IST,233.19,223.92,247.1,251.73,256.37,261.0,2026-07-01 15:30:00 IST,223.92,STOP_LOSS,-1.0,1,96.0,MULTI_MONTH_BASE_BREAKOUT,True,True,True,3.98,True,NONE
RISHABH,2025-10-28 15:30:00 IST,SIDEWAYS,2025-10-28 09:15:00 IST,410.95,386.29,447.94,460.27,472.6,484.93,2025-11-05 15:30:00 IST,386.29,STOP_LOSS,-1.0,6,84.0,V_REVERSAL,True,True,True,6.0,True,NONE
RISHABH,2025-11-18 15:30:00 IST,SIDEWAYS,2025-11-18 09:15:00 IST,437.35,411.11,476.71,489.83,502.95,516.07,2025-11-23 15:30:00 IST,411.11,STOP_LOSS,-1.0,4,92.0,DOUBLE_BOTTOM,True,True,True,6.0,True,NONE
RISHABH,2026-01-01 15:30:00 IST,SIDEWAYS,2026-01-01 09:15:00 IST,425.9,400.35,464.22,477.0,489.77,502.55,2026-01-05 15:30:00 IST,400.35,STOP_LOSS,-1.0,3,94.0,WYCKOFF_SPRING_TYPE_2,True,True,True,6.0,True,NONE
RISHABH,2026-01-28 15:30:00 IST,BEAR,2026-01-28 09:15:00 IST,347.85,326.98,379.16,389.59,400.03,410.46,2026-02-01 15:30:00 IST,379.16,TARGET_1,1.5,3,90.0,SHAKEOUT_RECLAIM,True,True,True,6.0,True,NONE
RISHABH,2026-04-02 15:30:00 IST,SIDEWAYS,2026-04-02 09:15:00 IST,387.7,364.44,422.59,434.22,445.85,457.48,2026-04-07 15:30:00 IST,422.59,TARGET_1,1.5,3,88.0,V_REVERSAL,True,True,True,6.0,True,NONE
RISHABH,2026-04-13 15:30:00 IST,SIDEWAYS,2026-04-13 09:15:00 IST,457.3,429.86,498.46,512.18,525.9,539.62,2026-04-20 15:30:00 IST,498.46,TARGET_1,1.5,5,91.0,CUP_HANDLE,True,True,True,6.0,True,NONE
RISHABH,2026-04-20 15:30:00 IST,BULL,2026-04-20 09:15:00 IST,477.3,448.66,520.26,534.58,548.9,563.22,2026-05-07 15:30:00 IST,520.26,TARGET_1,1.5,13,92.0,WYCKOFF_SPRING_TYPE_2,True,True,True,6.0,True,NONE
RISHABH,2026-05-19 15:30:00 IST,BULL,2026-05-19 09:15:00 IST,529.2,497.45,576.83,592.7,608.58,624.45,2026-05-31 15:30:00 IST,497.45,STOP_LOSS,-1.0,9,94.0,SHAKEOUT_RECLAIM,True,True,True,6.0,True,NONE
RISHABH,2026-07-02 15:30:00 IST,BULL,2026-07-02 09:15:00 IST,645.75,607.0,703.88,723.25,742.62,762.0,2026-07-27 15:30:00 IST,607.0,STOP_LOSS,-1.0,18,93.0,HIGHER_LOW_REVERSAL,True,True,True,6.0,True,NONE
RISHABH,2026-08-17 15:30:00 IST,BULL,2026-08-17 09:15:00 IST,694.6,652.92,757.12,777.96,798.8,819.64,2026-08-17 15:30:00 IST,652.92,STOP_LOSS,-1.0,1,93.0,HIGHER_LOW_REVERSAL,True,True,True,6.0,True,NONE
ROLEXRINGS,2026-02-11 15:30:00 IST,BULL,2026-02-11 09:15:00 IST,144.78,136.09,157.81,162.16,166.5,170.85,2026-02-25 15:30:00 IST,136.09,STOP_LOSS,-1.0,11,87.0,BULL_PENNANT,True,True,True,6.0,True,NONE
ROLEXRINGS,2026-04-21 15:30:00 IST,BULL,2026-04-21 09:15:00 IST,161.76,152.05,176.32,181.18,186.03,190.89,2026-04-21 15:30:00 IST,152.05,STOP_LOSS,-1.0,1,90.0,WYCKOFF_SPRING_TYPE_2,True,True,True,6.0,True,NONE
ROLEXRINGS,2026-08-11 15:30:00 IST,BULL,2026-08-11 09:15:00 IST,177.29,166.65,193.25,198.57,203.89,209.21,2026-08-24 15:30:00 IST,182.42,TIMEOUT_20D,0.48,10,94.0,WYCKOFF_SPRING_TYPE_2,True,True,True,6.0,True,NONE
RHIM,2025-03-25 15:30:00 IST,BULL,2025-03-25 09:15:00 IST,1016.5,995.74,1047.64,1058.02,1068.4,1078.78,2025-04-11 15:30:00 IST,995.74,STOP_LOSS,-1.0,13,92.0,CUP_HANDLE,True,True,True,2.04,True,NONE
RHIM,2025-05-23 15:30:00 IST,BEAR,2025-05-23 09:15:00 IST,970.02,947.32,1004.07,1015.42,1026.77,1038.12,2025-06-02 15:30:00 IST,1004.07,TARGET_1,1.5,6,88.0,WYCKOFF_SPRING_TYPE_2,True,True,True,2.34,True,NONE
RHIM,2025-09-12 15:30:00 IST,SIDEWAYS,2025-09-12 09:15:00 IST,1050.64,1026.21,1087.28,1099.5,1111.72,1123.93,2025-09-18 15:30:00 IST,1087.28,TARGET_1,1.5,4,88.0,CUP_HANDLE,True,True,True,2.33,True,NONE
RHIM,2025-09-30 15:30:00 IST,BULL,2025-09-30 09:15:00 IST,1174.71,1132.87,1237.47,1258.39,1279.31,1300.23,2025-10-13 15:30:00 IST,1237.47,TARGET_1,1.5,9,96.0,MULTI_MONTH_BASE_BREAKOUT,True,True,True,3.56,True,NONE
RHIM,2026-01-09 15:30:00 IST,BEAR,2026-01-09 09:15:00 IST,1233.69,1191.19,1297.45,1318.69,1339.94,1361.19,2026-01-23 15:30:00 IST,1297.45,TARGET_1,1.5,10,80.0,V_REVERSAL,True,True,True,3.45,True,NONE
RHIM,2026-01-20 15:30:00 IST,SIDEWAYS,2026-01-20 09:15:00 IST,1277.61,1255.54,1310.71,1321.75,1332.78,1343.82,2026-02-04 15:30:00 IST,1310.71,TARGET_1,1.5,11,88.0,CUP_HANDLE,True,True,True,1.73,True,NONE
RHIM,2026-02-25 15:30:00 IST,BULL,2026-02-25 09:15:00 IST,1373.08,1320.51,1451.93,1478.22,1504.5,1530.79,2026-03-20 15:30:00 IST,1451.93,TARGET_1,1.5,17,92.0,MULTI_MONTH_BASE_BREAKOUT,True,True,True,3.83,True,NONE
RHIM,2026-08-13 15:30:00 IST,BULL,2026-08-13 09:15:00 IST,1332.16,1307.8,1368.71,1380.88,1393.06,1405.24,2026-08-18 15:30:00 IST,1307.8,STOP_LOSS,-1.0,4,89.0,CUP_HANDLE,True,True,True,1.83,True,NONE
RPOWER,2025-12-24 15:30:00 IST,SIDEWAYS,2025-12-24 09:15:00 IST,38.16,35.87,41.59,42.74,43.88,45.03,2025-12-28 15:30:00 IST,35.87,STOP_LOSS,-1.0,2,82.0,V_REVERSAL,True,True,True,6.0,True,NONE
RPOWER,2026-01-28 15:30:00 IST,BEAR,2026-01-28 09:15:00 IST,29.4,27.64,32.04,32.92,33.8,34.68,2026-01-28 15:30:00 IST,27.64,STOP_LOSS,-1.0,1,90.0,SHAKEOUT_RECLAIM,True,True,True,5.99,True,NONE
RPOWER,2026-04-22 15:30:00 IST,BULL,2026-04-22 09:15:00 IST,30.25,28.43,32.98,33.89,34.8,35.71,2026-04-23 15:30:00 IST,28.43,STOP_LOSS,-1.0,2,88.0,WYCKOFF_SPRING_TYPE_2,True,True,True,6.02,True,NONE
RPOWER,2026-06-05 15:30:00 IST,BULL,2026-06-05 09:15:00 IST,28.59,26.87,31.17,32.03,32.89,33.75,2026-06-07 15:30:00 IST,26.87,STOP_LOSS,-1.0,1,89.0,WYCKOFF_SPRING_TYPE_2,True,True,True,6.02,True,NONE
RKFORGE,2025-06-24 15:30:00 IST,BULL,2025-06-24 09:15:00 IST,1544.73,1486.82,1631.59,1660.55,1689.51,1718.46,2025-07-21 15:30:00 IST,1631.59,TARGET_1,1.5,19,93.0,MULTI_MONTH_BASE_BREAKOUT,True,True,True,3.75,True,NONE
RKFORGE,2026-05-04 15:30:00 IST,BEAR,2026-05-04 09:15:00 IST,1409.1,1392.19,1434.46,1442.92,1451.37,1459.83,2026-05-05 15:30:00 IST,1392.19,STOP_LOSS,-1.0,1,85.0,WYCKOFF_SPRING_TYPE_2,True,True,True,1.2,True,NONE
RPEL,2024-11-05 15:30:00 IST,BULL,2024-11-05 09:15:00 IST,710.64,668.0,774.61,795.92,817.24,838.56,2024-11-06 15:30:00 IST,774.61,TARGET_1,1.5,1,89.0,SHAKEOUT_RECLAIM,True,True,True,6.0,True,NONE
RPEL,2025-04-21 15:30:00 IST,BULL,2025-04-21 09:15:00 IST,636.8,598.6,694.11,713.2,732.3,751.4,2025-05-02 15:30:00 IST,598.6,STOP_LOSS,-1.0,8,89.0,SHAKEOUT_RECLAIM,True,True,True,6.0,True,NONE
RPEL,2025-09-05 15:30:00 IST,SIDEWAYS,2025-09-05 09:15:00 IST,659.99,620.4,719.39,739.17,758.97,778.76,2025-10-06 15:30:00 IST,699.61,TIMEOUT_20D,1.0,20,91.0,WYCKOFF_SPRING_TYPE_2,True,True,True,6.0,True,NONE
RPEL,2025-10-03 15:30:00 IST,BULL,2025-10-03 09:15:00 IST,694.62,652.94,757.13,777.98,798.82,819.66,2025-10-28 15:30:00 IST,757.13,TARGET_1,1.5,16,89.0,CUP_HANDLE,True,True,True,6.0,True,NONE
RPEL,2025-11-10 15:30:00 IST,BULL,2025-11-10 09:15:00 IST,996.96,937.14,1086.69,1116.6,1146.51,1176.42,2025-12-08 15:30:00 IST,958.69,TIMEOUT_20D,-0.64,20,93.0,BULL_FLAG,True,True,True,6.0,True,NONE
RPEL,2025-12-22 15:30:00 IST,SIDEWAYS,2025-12-22 09:15:00 IST,959.59,902.2,1045.68,1074.37,1103.07,1131.76,2026-01-08 15:30:00 IST,902.2,STOP_LOSS,-1.0,12,81.0,SHAKEOUT_RECLAIM,True,True,True,5.98,True,NONE
RPEL,2026-01-28 15:30:00 IST,BEAR,2026-01-28 09:15:00 IST,735.98,691.82,802.22,824.3,846.38,868.46,2026-02-19 15:30:00 IST,691.82,STOP_LOSS,-1.0,16,90.0,SHAKEOUT_RECLAIM,True,True,True,6.0,True,NONE
RPEL,2026-03-10 15:30:00 IST,BEAR,2026-03-10 09:15:00 IST,696.96,655.15,759.68,780.58,801.49,822.39,2026-03-13 15:30:00 IST,655.15,STOP_LOSS,-1.0,3,93.0,SHAKEOUT_RECLAIM,True,True,True,6.0,True,NONE
RPEL,2026-05-05 15:30:00 IST,BULL,2026-05-05 09:15:00 IST,743.57,698.96,810.5,832.79,855.1,877.4,2026-05-14 15:30:00 IST,810.5,TARGET_1,1.5,7,89.0,CUP_HANDLE,True,True,True,6.0,True,NONE
RPEL,2026-06-05 15:30:00 IST,BULL,2026-06-05 09:15:00 IST,1109.22,1042.66,1209.05,1242.34,1275.62,1308.9,2026-06-15 15:30:00 IST,1209.05,TARGET_1,1.5,6,96.0,BULL_FLAG,True,True,True,6.0,True,NONE
ROUTE,2025-05-06 15:30:00 IST,BEAR,2025-05-06 09:15:00 IST,1554.55,1495.43,1643.24,1672.79,1702.35,1731.91,2025-06-03 15:30:00 IST,1575.04,TIMEOUT_20D,0.35,20,84.0,WYCKOFF_SPRING_TYPE_2,True,True,True,3.8,True,NONE
ROUTE,2025-07-17 15:30:00 IST,BULL,2025-07-17 09:15:00 IST,1746.3,1683.68,1840.24,1871.54,1902.85,1934.16,2025-07-29 15:30:00 IST,1840.24,TARGET_1,1.5,8,93.0,MULTI_MONTH_BASE_BREAKOUT,True,True,True,3.59,True,NONE
ROUTE,2026-05-19 15:30:00 IST,BEAR,2026-05-19 09:15:00 IST,1982.55,1920.8,2075.17,2106.05,2136.93,2167.8,2026-06-16 15:30:00 IST,2030.37,TIMEOUT_20D,0.77,20,90.0,WYCKOFF_SPRING_TYPE_2,True,True,True,3.11,True,NONE
ROUTE,2026-06-19 15:30:00 IST,BULL,2026-06-19 09:15:00 IST,2044.41,2003.0,2106.52,2127.23,2147.94,2168.64,2026-06-24 15:30:00 IST,2003.0,STOP_LOSS,-1.0,3,88.0,CUP_HANDLE,True,True,True,2.03,True,NONE
ROUTE,2026-08-04 15:30:00 IST,SIDEWAYS,2026-08-04 09:15:00 IST,1918.93,1824.6,2060.43,2107.59,2154.76,2201.92,2026-08-18 15:30:00 IST,1824.6,STOP_LOSS,-1.0,11,87.0,WYCKOFF_SPRING_TYPE_2,True,True,True,4.92,True,NONE
RTNPOWER,2025-12-19 15:30:00 IST,BEAR,2025-12-19 09:15:00 IST,9.7,9.12,10.57,10.86,11.15,11.44,2026-01-08 15:30:00 IST,9.12,STOP_LOSS,-1.0,14,86.0,SHAKEOUT_RECLAIM,True,True,True,5.98,True,NONE
RTNPOWER,2026-01-28 15:30:00 IST,BEAR,2026-01-28 09:15:00 IST,8.47,7.96,9.24,9.49,9.75,10.0,2026-02-09 15:30:00 IST,9.24,TARGET_1,1.51,9,83.0,SHAKEOUT_RECLAIM,True,True,True,6.02,True,NONE
RTNPOWER,2026-03-12 15:30:00 IST,SIDEWAYS,2026-03-12 09:15:00 IST,8.53,8.02,9.29,9.55,9.8,10.06,2026-03-15 15:30:00 IST,8.02,STOP_LOSS,-1.0,2,90.0,V_REVERSAL,True,True,True,5.98,True,NONE
RTNPOWER,2026-03-18 15:30:00 IST,SIDEWAYS,2026-03-18 09:15:00 IST,8.37,7.87,9.12,9.37,9.62,9.87,2026-03-22 15:30:00 IST,7.87,STOP_LOSS,-1.0,3,77.0,V_REVERSAL,True,True,True,5.97,True,NONE
RTNPOWER,2026-04-01 15:30:00 IST,SIDEWAYS,2026-04-01 09:15:00 IST,8.3,7.8,9.05,9.3,9.55,9.8,2026-04-09 15:30:00 IST,9.05,TARGET_1,1.5,6,86.0,SHAKEOUT_RECLAIM,True,True,True,6.02,True,NONE
RTNPOWER,2026-04-08 15:30:00 IST,SIDEWAYS,2026-04-08 09:15:00 IST,8.74,8.34,9.34,9.54,9.74,9.94,2026-04-12 15:30:00 IST,9.34,TARGET_1,1.5,3,91.0,DOUBLE_BOTTOM,True,True,True,4.58,True,NONE
RTNPOWER,2026-04-22 15:30:00 IST,BULL,2026-04-22 09:15:00 IST,10.1,9.49,11.02,11.32,11.62,11.93,2026-04-23 15:30:00 IST,9.49,STOP_LOSS,-1.0,2,87.0,WYCKOFF_SPRING_TYPE_2,True,True,True,6.04,True,NONE
RTNPOWER,2026-05-27 15:30:00 IST,BULL,2026-05-27 09:15:00 IST,9.84,9.25,10.73,11.02,11.31,11.61,2026-06-09 15:30:00 IST,9.25,STOP_LOSS,-1.0,10,96.0,WYCKOFF_SPRING_TYPE_2,True,True,True,6.0,True,NONE
RTNPOWER,2026-07-31 15:30:00 IST,BEAR,2026-07-31 09:15:00 IST,8.71,8.32,9.3,9.49,9.69,9.88,2026-08-16 15:30:00 IST,8.32,STOP_LOSS,-1.0,11,92.0,SHAKEOUT_RECLAIM,True,True,True,4.48,True,NONE
RTNPOWER,2026-08-26 15:30:00 IST,BEAR,2026-08-26 09:15:00 IST,7.95,7.66,8.38,8.53,8.68,8.82,2026-08-30 15:30:00 IST,7.66,STOP_LOSS,-1.0,3,86.0,SHAKEOUT_RECLAIM,True,True,True,3.65,True,NONE
RRKABEL,2025-10-27 15:30:00 IST,BULL,2025-10-27 09:15:00 IST,1320.28,1241.06,1439.1,1478.72,1518.33,1557.94,2025-11-02 15:30:00 IST,1439.1,TARGET_1,1.5,5,93.0,DOUBLE_BOTTOM,True,True,True,6.0,True,NONE
RRKABEL,2025-12-15 15:30:00 IST,BULL,2025-12-15 09:15:00 IST,1452.94,1365.76,1583.7,1627.3,1670.89,1714.48,2026-01-12 15:30:00 IST,1498.62,TIMEOUT_20D,0.52,20,83.0,WYCKOFF_SPRING_TYPE_2,True,True,True,6.0,True,NONE
RRKABEL,2026-04-08 15:30:00 IST,SIDEWAYS,2026-04-08 09:15:00 IST,1396.28,1312.5,1521.95,1563.84,1605.73,1647.62,2026-04-27 15:30:00 IST,1521.95,TARGET_1,1.5,13,91.0,SHAKEOUT_RECLAIM,True,True,True,6.0,True,NONE
RRKABEL,2026-04-16 15:30:00 IST,SIDEWAYS,2026-04-16 09:15:00 IST,1451.34,1364.26,1581.96,1625.5,1669.04,1712.58,2026-04-27 15:30:00 IST,1581.96,TARGET_1,1.5,8,97.0,WYCKOFF_SPRING_TYPE_2,True,True,True,6.0,True,NONE
RRKABEL,2026-05-04 15:30:00 IST,BULL,2026-05-04 09:15:00 IST,1770.74,1664.49,1930.11,1983.24,2036.37,2089.49,2026-05-06 15:30:00 IST,1930.11,TARGET_1,1.5,3,90.0,CUP_HANDLE,True,True,True,6.0,True,NONE
RRKABEL,2026-06-04 15:30:00 IST,BULL,2026-06-04 09:15:00 IST,2217.41,2084.37,2416.97,2483.49,2550.01,2616.53,2026-06-10 15:30:00 IST,2084.37,STOP_LOSS,-1.0,5,85.0,V_REVERSAL,True,True,True,6.0,True,NONE
RRKABEL,2026-08-05 15:30:00 IST,BULL,2026-08-05 09:15:00 IST,2793.0,2625.42,3044.37,3128.16,3211.95,3295.74,2026-09-01 15:30:00 IST,2625.42,STOP_LOSS,-1.0,20,92.0,BULL_FLAG,True,True,True,6.0,True,NONE
SAATVIKGL,2026-04-10 15:30:00 IST,BULL,2026-04-10 09:15:00 IST,461.6,433.9,503.15,517.0,530.85,544.7,2026-05-10 15:30:00 IST,469.9,TIMEOUT_20D,0.3,20,93.0,BULL_FLAG,True,True,True,6.0,True,NONE
SAATVIKGL,2026-06-24 15:30:00 IST,BULL,2026-06-24 09:15:00 IST,487.65,458.39,531.54,546.17,560.8,575.43,2026-06-29 15:30:00 IST,458.39,STOP_LOSS,-1.0,4,93.0,CUP_HANDLE,True,True,True,6.0,True,NONE
RTNINDIA,2025-03-19 15:30:00 IST,BEAR,2025-03-19 09:15:00 IST,1604.3,1577.23,1644.91,1658.44,1671.97,1685.51,2025-03-26 15:30:00 IST,1644.91,TARGET_1,1.5,5,92.0,WYCKOFF_SPRING_TYPE_2,True,True,True,1.69,True,NONE
RTNINDIA,2025-09-09 15:30:00 IST,SIDEWAYS,2025-09-09 09:15:00 IST,1809.87,1729.52,1930.39,1970.57,2010.74,2050.92,2025-09-30 15:30:00 IST,1729.52,STOP_LOSS,-1.0,15,95.0,WYCKOFF_SPRING_TYPE_2,True,True,True,4.44,True,NONE
RTNINDIA,2025-11-17 15:30:00 IST,SIDEWAYS,2025-11-17 09:15:00 IST,1798.78,1765.46,1848.77,1865.42,1882.08,1898.74,2025-11-28 15:30:00 IST,1765.46,STOP_LOSS,-1.0,9,81.0,CUP_HANDLE,True,True,True,1.85,True,NONE
RTNINDIA,2025-12-02 15:30:00 IST,SIDEWAYS,2025-12-02 09:15:00 IST,1793.04,1734.8,1880.41,1909.52,1938.64,1967.76,2025-12-18 15:30:00 IST,1734.8,STOP_LOSS,-1.0,12,88.0,CUP_HANDLE,True,True,True,3.25,True,NONE
RTNINDIA,2026-04-23 15:30:00 IST,BEAR,2026-04-23 09:15:00 IST,1618.08,1571.07,1688.6,1712.1,1735.61,1759.11,2026-04-30 15:30:00 IST,1688.6,TARGET_1,1.5,5,84.0,V_REVERSAL,True,True,True,2.91,True,NONE
RTNINDIA,2026-07-10 15:30:00 IST,BEAR,2026-07-10 09:15:00 IST,1667.17,1615.6,1744.53,1770.31,1796.1,1821.88,2026-07-17 15:30:00 IST,1615.6,STOP_LOSS,-1.0,5,83.0,WYCKOFF_SPRING_TYPE_2,True,True,True,3.09,True,NONE
SAGILITY,2026-05-11 15:30:00 IST,BULL,2026-05-11 09:15:00 IST,44.86,42.17,48.89,50.24,51.58,52.93,2026-05-12 15:30:00 IST,42.17,STOP_LOSS,-1.0,2,87.0,V_REVERSAL,True,True,True,5.99,True,NONE
SAGILITY,2026-07-10 15:30:00 IST,SIDEWAYS,2026-07-10 09:15:00 IST,42.43,39.89,46.25,47.51,48.78,50.05,2026-08-06 15:30:00 IST,43.67,TIMEOUT_20D,0.49,20,89.0,HIGHER_LOW_REVERSAL,True,True,True,5.99,True,NONE
SAGILITY,2026-07-27 15:30:00 IST,BULL,2026-07-27 09:15:00 IST,43.19,40.6,47.08,48.37,49.66,50.96,2026-08-23 15:30:00 IST,43.21,TIMEOUT_20D,0.01,20,90.0,HIGHER_LOW_REVERSAL,True,True,True,6.0,True,NONE
RUBICON,2026-02-02 15:30:00 IST,SIDEWAYS,2026-02-02 09:15:00 IST,1463.03,1375.24,1594.71,1638.61,1682.5,1726.4,2026-03-02 15:30:00 IST,1490.15,TIMEOUT_20D,0.31,20,82.0,V_REVERSAL,True,True,True,6.0,True,NONE
RUBICON,2026-03-16 15:30:00 IST,SIDEWAYS,2026-03-16 09:15:00 IST,1465.29,1430.43,1517.59,1535.01,1552.44,1569.87,2026-03-19 15:30:00 IST,1430.43,STOP_LOSS,-1.0,3,85.0,CUP_HANDLE,True,True,True,2.38,True,NONE
RUBICON,2026-04-17 15:30:00 IST,SIDEWAYS,2026-04-17 09:15:00 IST,1412.7,1353.69,1501.22,1530.72,1560.22,1589.73,2026-05-08 15:30:00 IST,1353.69,STOP_LOSS,-1.0,15,91.0,WYCKOFF_SPRING_TYPE_2,True,True,True,4.18,True,NONE
RUBICON,2026-06-17 15:30:00 IST,SIDEWAYS,2026-06-17 09:15:00 IST,1351.48,1304.25,1422.32,1445.94,1469.56,1493.17,2026-06-30 15:30:00 IST,1422.32,TARGET_1,1.5,9,79.0,V_REVERSAL,True,True,True,3.49,True,NONE
RVNL,2025-03-21 15:30:00 IST,BULL,2025-03-21 09:15:00 IST,1756.62,1684.2,1865.26,1901.46,1937.67,1973.88,2025-04-18 15:30:00 IST,1684.2,STOP_LOSS,-1.0,20,93.0,MULTI_MONTH_BASE_BREAKOUT,True,True,True,4.12,True,NONE
RVNL,2025-12-22 15:30:00 IST,BULL,2025-12-22 09:15:00 IST,1845.98,1772.54,1956.13,1992.86,2029.58,2066.3,2026-01-09 15:30:00 IST,1772.54,STOP_LOSS,-1.0,14,86.0,WYCKOFF_SPRING_TYPE_2,True,True,True,3.98,True,NONE
RVNL,2026-06-15 15:30:00 IST,SIDEWAYS,2026-06-15 09:15:00 IST,1762.42,1682.51,1882.29,1922.24,1962.2,2002.15,2026-07-13 15:30:00 IST,1746.74,TIMEOUT_20D,-0.2,20,87.0,V_REVERSAL,True,True,True,4.53,True,NONE
SAIL,2026-01-27 15:30:00 IST,BULL,2026-01-27 09:15:00 IST,155.56,146.23,169.55,174.22,178.89,183.55,2026-02-01 15:30:00 IST,146.23,STOP_LOSS,-1.0,4,85.0,CUP_HANDLE,True,True,True,6.0,True,NONE
SAIL,2026-02-24 15:30:00 IST,BULL,2026-02-24 09:15:00 IST,160.18,150.57,174.59,179.4,184.21,189.01,2026-03-08 15:30:00 IST,150.57,STOP_LOSS,-1.0,8,95.0,SHAKEOUT_RECLAIM,True,True,True,6.0,True,NONE
SAIL,2026-04-27 15:30:00 IST,BULL,2026-04-27 09:15:00 IST,184.2,173.15,200.77,206.3,211.82,217.35,2026-05-12 15:30:00 IST,200.77,TARGET_1,1.5,12,84.0,BULL_FLAG,True,True,True,6.0,True,NONE
SAIL,2026-05-13 15:30:00 IST,BULL,2026-05-13 09:15:00 IST,201.31,189.23,219.43,225.47,231.51,237.55,2026-05-17 15:30:00 IST,189.23,STOP_LOSS,-1.0,3,94.0,SHAKEOUT_RECLAIM,True,True,True,6.0,True,NONE
SAIL,2026-07-28 15:30:00 IST,BEAR,2026-07-28 09:15:00 IST,165.85,157.22,178.8,183.11,187.42,191.74,2026-08-05 15:30:00 IST,178.8,TARGET_1,1.5,7,85.0,SHAKEOUT_RECLAIM,True,True,True,5.2,True,NONE
SAIL,2026-08-04 15:30:00 IST,SIDEWAYS,2026-08-04 09:15:00 IST,173.55,163.14,189.17,194.37,199.58,204.78,2026-08-13 15:30:00 IST,163.14,STOP_LOSS,-1.0,8,95.0,SHAKEOUT_RECLAIM,True,True,True,6.0,True,NONE
SAIL,2026-08-14 15:30:00 IST,BEAR,2026-08-14 09:15:00 IST,169.51,159.34,184.76,189.85,194.93,200.02,2026-08-24 15:30:00 IST,184.76,TARGET_1,1.5,7,89.0,WYCKOFF_SPRING_TYPE_2,True,True,True,6.0,True,NONE
SAFARI,2025-06-24 15:30:00 IST,BULL,2025-06-24 09:15:00 IST,1346.13,1265.36,1467.27,1507.67,1548.06,1588.44,2025-07-22 15:30:00 IST,1265.36,STOP_LOSS,-1.0,20,87.0,V_REVERSAL,True,True,True,6.0,True,NONE
SAFARI,2025-07-31 15:30:00 IST,SIDEWAYS,2025-07-31 09:15:00 IST,1303.03,1238.8,1399.38,1431.49,1463.61,1495.72,2025-08-28 15:30:00 IST,1330.03,TIMEOUT_20D,0.42,20,93.0,WYCKOFF_SPRING_TYPE_2,True,True,True,4.93,True,NONE
SAFARI,2025-11-14 15:30:00 IST,BULL,2025-11-14 09:15:00 IST,1428.89,1354.88,1539.91,1576.91,1613.91,1650.92,2025-12-02 15:30:00 IST,1354.88,STOP_LOSS,-1.0,12,85.0,HIGHER_LOW_REVERSAL,True,True,True,5.18,True,NONE
SAKSOFT,2025-11-03 15:30:00 IST,SIDEWAYS,2025-11-03 09:15:00 IST,200.41,188.39,218.45,224.45,230.46,236.47,2025-11-17 15:30:00 IST,218.45,TARGET_1,1.5,10,85.0,HIGHER_LOW_REVERSAL,True,True,True,6.0,True,NONE
SAKSOFT,2025-12-17 15:30:00 IST,BULL,2025-12-17 09:15:00 IST,204.62,192.34,223.04,229.18,235.32,241.46,2026-01-05 15:30:00 IST,192.34,STOP_LOSS,-1.0,13,97.0,WYCKOFF_SPRING_TYPE_2,True,True,True,6.0,True,NONE
SAKSOFT,2026-05-06 15:30:00 IST,BULL,2026-05-06 09:15:00 IST,148.13,139.24,161.47,165.91,170.35,174.8,2026-05-12 15:30:00 IST,139.24,STOP_LOSS,-1.0,5,92.0,CUP_HANDLE,True,True,True,6.0,True,NONE
SAKSOFT,2026-06-25 15:30:00 IST,BULL,2026-06-25 09:15:00 IST,160.45,150.82,174.89,179.71,184.52,189.34,2026-06-28 15:30:00 IST,174.89,TARGET_1,1.5,2,96.0,MULTI_MONTH_BASE_BREAKOUT,True,True,True,6.0,True,NONE
SANDHAR,2026-02-10 15:30:00 IST,SIDEWAYS,2026-02-10 09:15:00 IST,563.45,529.64,614.17,631.07,647.98,664.88,2026-02-10 15:30:00 IST,529.64,STOP_LOSS,-1.0,1,92.0,CUP_HANDLE,True,True,True,6.0,True,NONE
SANDHAR,2026-04-27 15:30:00 IST,SIDEWAYS,2026-04-27 09:15:00 IST,504.4,474.14,549.79,564.92,580.05,595.18,2026-05-20 15:30:00 IST,549.79,TARGET_1,1.5,18,91.0,CUP_HANDLE,True,True,True,6.0,True,NONE
SANDHAR,2026-05-07 15:30:00 IST,BULL,2026-05-07 09:15:00 IST,528.3,505.37,562.69,574.16,585.62,597.09,2026-05-11 15:30:00 IST,505.37,STOP_LOSS,-1.0,3,94.0,MULTI_MONTH_BASE_BREAKOUT,True,True,True,4.34,True,NONE
SANDHAR,2026-05-21 15:30:00 IST,BULL,2026-05-21 09:15:00 IST,586.2,551.03,638.96,656.54,674.13,691.71,2026-05-21 15:30:00 IST,638.96,TARGET_1,1.5,1,86.0,HIGHER_LOW_REVERSAL,True,True,True,6.0,True,NONE
SAILIFE,2025-04-18 15:30:00 IST,SIDEWAYS,2025-04-18 09:15:00 IST,795.86,779.46,820.46,828.66,836.86,845.06,2025-04-22 15:30:00 IST,820.46,TARGET_1,1.5,2,88.0,WYCKOFF_SPRING_TYPE_2,True,True,True,2.06,True,NONE
SAILIFE,2025-07-02 15:30:00 IST,SIDEWAYS,2025-07-02 09:15:00 IST,766.87,735.01,814.66,830.59,846.52,862.45,2025-07-22 15:30:00 IST,735.01,STOP_LOSS,-1.0,14,87.0,V_REVERSAL,True,True,True,4.15,True,NONE
SAILIFE,2026-03-20 15:30:00 IST,SIDEWAYS,2026-03-20 09:15:00 IST,996.96,977.96,1025.46,1034.96,1044.46,1053.96,2026-03-23 15:30:00 IST,977.96,STOP_LOSS,-1.0,1,85.0,CUP_HANDLE,True,True,True,1.91,True,NONE
SAILIFE,2026-07-27 15:30:00 IST,BULL,2026-07-27 09:15:00 IST,1140.25,1103.84,1194.86,1213.07,1231.28,1249.48,2026-08-03 15:30:00 IST,1103.84,STOP_LOSS,-1.0,5,93.0,MULTI_MONTH_BASE_BREAKOUT,True,True,True,3.19,True,NONE
SAILIFE,2026-07-31 15:30:00 IST,SIDEWAYS,2026-07-31 09:15:00 IST,1114.03,1066.17,1185.82,1209.75,1233.68,1257.61,2026-08-18 15:30:00 IST,1185.82,TARGET_1,1.5,13,81.0,WYCKOFF_SPRING_TYPE_2,True,True,True,4.3,True,NONE
SANDUMA,2025-12-12 15:30:00 IST,SIDEWAYS,2025-12-12 09:15:00 IST,215.76,202.81,235.18,241.66,248.13,254.61,2025-12-16 15:30:00 IST,202.81,STOP_LOSS,-1.0,3,91.0,SHAKEOUT_RECLAIM,True,True,True,6.0,True,NONE
SANDUMA,2026-01-02 15:30:00 IST,BULL,2026-01-02 09:15:00 IST,264.71,248.83,288.53,296.47,304.41,312.35,2026-01-07 15:30:00 IST,248.83,STOP_LOSS,-1.0,4,92.0,BULL_FLAG,True,True,True,6.0,True,NONE
SANDUMA,2026-02-25 15:30:00 IST,SIDEWAYS,2026-02-25 09:15:00 IST,213.07,200.29,232.24,238.63,245.02,251.41,2026-03-03 15:30:00 IST,200.29,STOP_LOSS,-1.0,4,94.0,SHAKEOUT_RECLAIM,True,True,True,6.0,True,NONE
SANDUMA,2026-04-08 15:30:00 IST,SIDEWAYS,2026-04-08 09:15:00 IST,194.24,182.59,211.72,217.54,223.37,229.19,2026-04-15 15:30:00 IST,211.72,TARGET_1,1.5,5,93.0,SHAKEOUT_RECLAIM,True,True,True,6.0,True,NONE
SAMHI,2025-03-03 15:30:00 IST,BULL,2025-03-03 09:15:00 IST,574.97,560.05,597.35,604.81,612.27,619.73,2025-03-06 15:30:00 IST,560.05,STOP_LOSS,-1.0,3,88.0,CUP_HANDLE,True,True,True,2.6,True,NONE
SAMHI,2025-10-24 15:30:00 IST,BULL,2025-10-24 09:15:00 IST,778.31,749.51,821.5,835.91,850.31,864.71,2025-10-28 15:30:00 IST,749.51,STOP_LOSS,-1.0,2,92.0,WYCKOFF_SPRING_TYPE_2,True,True,True,3.7,True,NONE
SAMHI,2025-12-05 15:30:00 IST,BULL,2025-12-05 09:15:00 IST,792.72,766.71,831.75,844.74,857.75,870.75,2026-01-02 15:30:00 IST,776.72,TIMEOUT_20D,-0.62,20,86.0,CUP_HANDLE,True,True,True,3.28,True,NONE
SAMHI,2026-08-07 15:30:00 IST,BEAR,2026-08-07 09:15:00 IST,902.62,878.02,939.52,951.82,964.12,976.42,2026-08-18 15:30:00 IST,878.02,STOP_LOSS,-1.0,8,95.0,WYCKOFF_SPRING_TYPE_2,True,True,True,2.73,True,NONE
SAMHI,2026-08-17 15:30:00 IST,SIDEWAYS,2026-08-17 09:15:00 IST,906.03,879.16,946.34,959.77,973.2,986.64,2026-08-18 15:30:00 IST,879.16,STOP_LOSS,-1.0,2,86.0,V_REVERSAL,True,True,True,2.97,True,NONE
SANOFI,2026-04-09 15:30:00 IST,SIDEWAYS,2026-04-09 09:15:00 IST,3417.11,3212.09,3724.65,3827.15,3929.66,4032.17,2026-05-07 15:30:00 IST,3330.6,TIMEOUT_20D,-0.42,20,84.0,V_REVERSAL,True,True,True,6.0,True,NONE
SANOFI,2026-06-23 15:30:00 IST,SIDEWAYS,2026-06-23 09:15:00 IST,3410.2,3283.5,3600.25,3663.6,3726.95,3790.3,2026-07-20 15:30:00 IST,3383.3,TIMEOUT_20D,-0.21,20,82.0,CUP_HANDLE,True,True,True,3.72,True,NONE
SANGHVIMOV,2025-10-28 15:30:00 IST,BULL,2025-10-28 09:15:00 IST,391.15,367.68,426.35,438.09,449.82,461.56,2025-11-06 15:30:00 IST,367.68,STOP_LOSS,-1.0,7,81.0,V_REVERSAL,True,True,True,6.0,True,NONE
SANGHVIMOV,2025-12-19 15:30:00 IST,SIDEWAYS,2025-12-19 09:15:00 IST,329.3,309.54,358.94,368.82,378.7,388.58,2025-12-22 15:30:00 IST,358.94,TARGET_1,1.5,2,92.0,BULL_FLAG,True,True,True,6.0,True,NONE
SANGHVIMOV,2026-03-18 15:30:00 IST,SIDEWAYS,2026-03-18 09:15:00 IST,253.2,238.01,275.98,283.58,291.17,298.77,2026-03-22 15:30:00 IST,238.01,STOP_LOSS,-1.0,3,97.0,SHAKEOUT_RECLAIM,True,True,True,6.0,True,NONE
SANGHVIMOV,2026-03-25 15:30:00 IST,SIDEWAYS,2026-03-25 09:15:00 IST,266.15,250.18,290.1,298.09,306.07,314.06,2026-03-26 15:30:00 IST,250.18,STOP_LOSS,-1.0,1,87.0,BULL_PENNANT,True,True,True,6.0,True,NONE
SANGHVIMOV,2026-04-02 15:30:00 IST,SIDEWAYS,2026-04-02 09:15:00 IST,286.67,269.47,312.47,321.07,329.67,338.27,2026-04-12 15:30:00 IST,312.47,TARGET_1,1.5,6,91.0,WYCKOFF_SPRING_TYPE_2,True,True,True,6.0,True,NONE
SANGHVIMOV,2026-06-15 15:30:00 IST,BULL,2026-06-15 09:15:00 IST,420.85,395.6,458.73,471.35,483.98,496.6,2026-07-02 15:30:00 IST,458.73,TARGET_1,1.5,14,90.0,HIGHER_LOW_REVERSAL,True,True,True,6.0,True,NONE
SANGHVIMOV,2026-07-24 15:30:00 IST,BULL,2026-07-24 09:15:00 IST,453.87,426.63,494.72,508.35,521.97,535.59,2026-07-30 15:30:00 IST,426.63,STOP_LOSS,-1.0,5,93.0,SHAKEOUT_RECLAIM,True,True,True,6.0,True,NONE
SAMMAANCAP,2025-06-04 15:30:00 IST,BULL,2025-06-04 09:15:00 IST,1732.92,1704.37,1775.73,1790.02,1804.3,1818.57,2025-06-11 15:30:00 IST,1704.37,STOP_LOSS,-1.0,5,85.0,CUP_HANDLE,True,True,True,1.65,True,NONE
SAMMAANCAP,2025-06-19 15:30:00 IST,BULL,2025-06-19 09:15:00 IST,1791.99,1749.14,1856.26,1877.69,1899.11,1920.54,2025-06-26 15:30:00 IST,1749.14,STOP_LOSS,-1.0,5,84.0,BULL_FLAG,True,True,True,2.39,True,NONE
SAMMAANCAP,2025-09-08 15:30:00 IST,BULL,2025-09-08 09:15:00 IST,1872.8,1812.1,1963.84,1994.2,2024.55,2054.9,2025-09-29 15:30:00 IST,1963.84,TARGET_1,1.5,15,90.0,CUP_HANDLE,True,True,True,3.24,True,NONE
SAMMAANCAP,2025-09-30 15:30:00 IST,BULL,2025-09-30 09:15:00 IST,1989.05,1869.71,2168.06,2227.73,2287.4,2347.07,2025-10-27 15:30:00 IST,2168.06,TARGET_1,1.5,19,82.0,V_REVERSAL,True,True,True,6.0,True,NONE
SAMMAANCAP,2026-05-29 15:30:00 IST,BEAR,2026-05-29 09:15:00 IST,1774.14,1670.94,1928.94,1980.54,2032.14,2083.74,2026-06-26 15:30:00 IST,1846.08,TIMEOUT_20D,0.7,20,86.0,WYCKOFF_SPRING_TYPE_2,True,True,True,5.82,True,NONE
SAMMAANCAP,2026-06-09 15:30:00 IST,BEAR,2026-06-09 09:15:00 IST,1758.72,1670.94,1890.39,1934.28,1978.17,2022.06,2026-07-07 15:30:00 IST,1851.95,TIMEOUT_20D,1.06,20,92.0,WYCKOFF_SPRING_TYPE_2,True,True,True,4.99,True,NONE
SAMMAANCAP,2026-06-17 15:30:00 IST,SIDEWAYS,2026-06-17 09:15:00 IST,1817.26,1717.45,1966.97,2016.88,2066.78,2116.69,2026-07-15 15:30:00 IST,1884.84,TIMEOUT_20D,0.68,20,82.0,V_REVERSAL,True,True,True,5.49,True,NONE
SANSTAR,2025-11-17 15:30:00 IST,BEAR,2025-11-17 09:15:00 IST,93.0,88.04,100.44,102.92,105.4,107.88,2025-12-03 15:30:00 IST,88.04,STOP_LOSS,-1.0,13,83.0,WYCKOFF_SPRING_TYPE_2,True,True,True,5.33,True,NONE
SANSTAR,2025-11-21 15:30:00 IST,SIDEWAYS,2025-11-21 09:15:00 IST,95.13,89.42,103.69,106.55,109.4,112.26,2025-12-02 15:30:00 IST,89.42,STOP_LOSS,-1.0,8,97.0,WYCKOFF_SPRING_TYPE_2,True,True,True,6.0,True,NONE
SANSTAR,2025-12-09 15:30:00 IST,SIDEWAYS,2025-12-09 09:15:00 IST,91.4,85.92,99.62,102.36,105.1,107.84,2026-01-06 15:30:00 IST,92.62,TIMEOUT_20D,0.22,20,90.0,SHAKEOUT_RECLAIM,True,True,True,6.0,True,NONE
SANSTAR,2025-12-30 15:30:00 IST,SIDEWAYS,2025-12-30 09:15:00 IST,93.35,87.75,101.75,104.55,107.35,110.15,2026-01-27 15:30:00 IST,91.22,TIMEOUT_20D,-0.38,20,94.0,V_REVERSAL,True,True,True,6.0,True,NONE
SANSTAR,2026-03-05 15:30:00 IST,BEAR,2026-03-05 09:15:00 IST,84.07,80.4,89.57,91.41,93.24,95.08,2026-03-08 15:30:00 IST,80.4,STOP_LOSS,-1.0,2,90.0,SHAKEOUT_RECLAIM,True,True,True,4.37,True,NONE
SANSTAR,2026-03-12 15:30:00 IST,SIDEWAYS,2026-03-12 09:15:00 IST,86.6,81.4,94.4,97.0,99.6,102.2,2026-03-15 15:30:00 IST,81.4,STOP_LOSS,-1.0,2,90.0,SHAKEOUT_RECLAIM,True,True,True,6.0,True,NONE
SANSTAR,2026-05-07 15:30:00 IST,BULL,2026-05-07 09:15:00 IST,92.45,89.06,97.53,99.23,100.93,102.62,2026-05-10 15:30:00 IST,97.53,TARGET_1,1.5,2,87.0,CUP_HANDLE,True,True,True,3.67,True,NONE
SANSTAR,2026-05-27 15:30:00 IST,BULL,2026-05-27 09:15:00 IST,115.24,108.33,125.6,129.06,132.51,135.97,2026-06-22 15:30:00 IST,125.6,TARGET_1,1.5,19,83.0,V_REVERSAL,True,True,True,6.0,True,NONE
SANSTAR,2026-06-22 15:30:00 IST,BULL,2026-06-22 09:15:00 IST,124.27,116.81,135.46,139.19,142.92,146.65,2026-06-23 15:30:00 IST,135.46,TARGET_1,1.5,2,95.0,ASCENDING_TRIANGLE,True,True,True,6.0,True,NONE
SANSTAR,2026-07-27 15:30:00 IST,SIDEWAYS,2026-07-27 09:15:00 IST,116.24,109.27,126.69,130.18,133.66,137.15,2026-07-29 15:30:00 IST,109.27,STOP_LOSS,-1.0,3,94.0,V_REVERSAL,True,True,True,6.0,True,NONE
SANSERA,2025-11-26 15:30:00 IST,BULL,2025-11-26 09:15:00 IST,1711.4,1638.33,1821.01,1857.54,1894.08,1930.61,2025-12-07 15:30:00 IST,1638.33,STOP_LOSS,-1.0,8,93.0,MULTI_MONTH_BASE_BREAKOUT,True,True,True,4.27,True,NONE
SANSERA,2026-01-01 15:30:00 IST,BULL,2026-01-01 09:15:00 IST,1765.5,1659.57,1924.39,1977.36,2030.33,2083.29,2026-01-04 15:30:00 IST,1924.39,TARGET_1,1.5,2,87.0,HIGHER_LOW_REVERSAL,True,True,True,6.0,True,NONE
SANSERA,2026-04-22 15:30:00 IST,BULL,2026-04-22 09:15:00 IST,2547.0,2394.18,2776.23,2852.64,2929.05,3005.46,2026-05-11 15:30:00 IST,2394.18,STOP_LOSS,-1.0,14,92.0,CUP_HANDLE,True,True,True,6.0,True,NONE
SANSERA,2026-06-23 15:30:00 IST,BULL,2026-06-23 09:15:00 IST,3120.6,2933.36,3401.46,3495.08,3588.7,3682.32,2026-07-19 15:30:00 IST,3401.46,TARGET_1,1.5,19,86.0,V_REVERSAL,True,True,True,6.0,True,NONE
SANSERA,2026-08-05 15:30:00 IST,BULL,2026-08-05 09:15:00 IST,3742.8,3518.23,4079.66,4191.94,4304.23,4416.51,2026-08-24 15:30:00 IST,3790.5,TIMEOUT_20D,0.21,14,93.0,MULTI_MONTH_BASE_BREAKOUT,True,True,True,6.0,True,NONE
SAPPHIRE,2025-12-23 15:30:00 IST,SIDEWAYS,2025-12-23 09:15:00 IST,247.31,232.47,269.57,276.99,284.41,291.83,2026-01-04 15:30:00 IST,232.47,STOP_LOSS,-1.0,8,89.0,V_REVERSAL,True,True,True,6.0,True,NONE
SAPPHIRE,2025-12-31 15:30:00 IST,SIDEWAYS,2025-12-31 09:15:00 IST,257.05,244.59,275.74,281.97,288.2,294.43,2026-01-04 15:30:00 IST,244.59,STOP_LOSS,-1.0,3,93.0,BULL_FLAG,True,True,True,4.85,True,NONE
SAPPHIRE,2026-02-04 15:30:00 IST,BEAR,2026-02-04 09:15:00 IST,202.78,190.61,221.03,227.12,233.2,239.29,2026-02-09 15:30:00 IST,221.03,TARGET_1,1.5,4,93.0,SHAKEOUT_RECLAIM,True,True,True,6.0,True,NONE
SAPPHIRE,2026-02-10 15:30:00 IST,SIDEWAYS,2026-02-10 09:15:00 IST,226.95,213.33,247.38,254.19,261.0,267.81,2026-02-15 15:30:00 IST,213.33,STOP_LOSS,-1.0,4,91.0,SHAKEOUT_RECLAIM,True,True,True,6.0,True,NONE
SAPPHIRE,2026-03-06 15:30:00 IST,BEAR,2026-03-06 09:15:00 IST,193.37,184.07,207.32,211.97,216.62,221.27,2026-03-08 15:30:00 IST,184.07,STOP_LOSS,-1.0,1,92.0,SHAKEOUT_RECLAIM,True,True,True,4.81,True,NONE
SAPPHIRE,2026-04-29 15:30:00 IST,SIDEWAYS,2026-04-29 09:15:00 IST,207.42,194.97,226.09,232.32,238.54,244.77,2026-05-03 15:30:00 IST,194.97,STOP_LOSS,-1.0,3,91.0,BULL_FLAG,True,True,True,6.0,True,NONE
SAPPHIRE,2026-08-05 15:30:00 IST,BULL,2026-08-05 09:15:00 IST,202.52,190.37,220.75,226.82,232.9,238.97,2026-08-06 15:30:00 IST,220.75,TARGET_1,1.5,2,90.0,WYCKOFF_SPRING_TYPE_2,True,True,True,6.0,True,NONE
SAPPHIRE,2026-08-11 15:30:00 IST,BULL,2026-08-11 09:15:00 IST,236.02,221.86,257.26,264.34,271.42,278.5,2026-08-25 15:30:00 IST,257.26,TARGET_1,1.5,11,94.0,WYCKOFF_SPRING_TYPE_2,True,True,True,6.0,True,NONE
SARDAEN,2025-11-03 15:30:00 IST,BEAR,2025-11-03 09:15:00 IST,546.15,513.38,595.31,611.69,628.07,644.46,2025-11-12 15:30:00 IST,513.38,STOP_LOSS,-1.0,7,92.0,WYCKOFF_SPRING_TYPE_2,True,True,True,6.0,True,NONE
SARDAEN,2025-12-09 15:30:00 IST,BEAR,2025-12-09 09:15:00 IST,480.9,453.92,521.37,534.86,548.35,561.84,2025-12-14 15:30:00 IST,521.37,TARGET_1,1.5,4,86.0,SHAKEOUT_RECLAIM,True,True,True,5.61,True,NONE
SARDAEN,2025-12-15 15:30:00 IST,SIDEWAYS,2025-12-15 09:15:00 IST,520.5,489.27,567.35,582.96,598.58,614.19,2026-01-07 15:30:00 IST,489.27,STOP_LOSS,-1.0,17,90.0,WYCKOFF_SPRING_TYPE_2,True,True,True,6.0,True,NONE
SARDAEN,2025-12-23 15:30:00 IST,SIDEWAYS,2025-12-23 09:15:00 IST,530.25,498.43,577.98,593.89,609.8,625.71,2026-01-07 15:30:00 IST,498.43,STOP_LOSS,-1.0,11,90.0,WYCKOFF_SPRING_TYPE_2,True,True,True,6.0,True,NONE
SARDAEN,2026-02-09 15:30:00 IST,BULL,2026-02-09 09:15:00 IST,514.15,483.3,560.43,575.85,591.27,606.7,2026-02-26 15:30:00 IST,560.43,TARGET_1,1.5,14,92.0,WYCKOFF_SPRING_TYPE_2,True,True,True,6.0,True,NONE
SARDAEN,2026-02-25 15:30:00 IST,BULL,2026-02-25 09:15:00 IST,532.2,501.53,578.21,593.54,608.88,624.21,2026-03-15 15:30:00 IST,501.53,STOP_LOSS,-1.0,12,86.0,CUP_HANDLE,True,True,True,5.76,True,NONE
SARDAEN,2026-04-27 15:30:00 IST,BULL,2026-04-27 09:15:00 IST,612.7,575.94,667.84,686.22,704.6,722.98,2026-05-05 15:30:00 IST,575.94,STOP_LOSS,-1.0,7,95.0,BULL_FLAG,True,True,True,6.0,True,NONE
SANOFICONR,2025-04-22 15:30:00 IST,BULL,2025-04-22 09:15:00 IST,1501.47,1451.88,1575.87,1600.65,1625.44,1650.24,2025-04-25 15:30:00 IST,1451.88,STOP_LOSS,-1.0,3,86.0,CUP_HANDLE,True,True,True,3.3,True,NONE
SANOFICONR,2025-05-28 15:30:00 IST,SIDEWAYS,2025-05-28 09:15:00 IST,1477.9,1440.83,1533.49,1552.04,1570.58,1589.11,2025-06-11 15:30:00 IST,1440.83,STOP_LOSS,-1.0,10,83.0,CUP_HANDLE,True,True,True,2.51,True,NONE
SANOFICONR,2025-07-02 15:30:00 IST,BULL,2025-07-02 09:15:00 IST,1571.88,1520.52,1648.92,1674.6,1700.28,1725.96,2025-07-18 15:30:00 IST,1648.92,TARGET_1,1.5,12,92.0,MULTI_MONTH_BASE_BREAKOUT,True,True,True,3.27,True,NONE
SANOFICONR,2025-09-24 15:30:00 IST,BEAR,2025-09-24 09:15:00 IST,1514.02,1450.6,1609.16,1640.86,1672.57,1704.28,2025-10-06 15:30:00 IST,1450.6,STOP_LOSS,-1.0,8,93.0,WYCKOFF_SPRING_TYPE_2,True,True,True,4.19,True,NONE
SANOFICONR,2025-12-29 15:30:00 IST,BULL,2025-12-29 09:15:00 IST,1660.05,1585.09,1772.49,1809.97,1847.45,1884.93,2026-01-09 15:30:00 IST,1585.09,STOP_LOSS,-1.0,9,93.0,MULTI_MONTH_BASE_BREAKOUT,True,True,True,4.52,True,NONE
SANOFICONR,2026-02-23 15:30:00 IST,BULL,2026-02-23 09:15:00 IST,1753.78,1710.34,1818.95,1840.66,1862.38,1884.1,2026-03-05 15:30:00 IST,1710.34,STOP_LOSS,-1.0,8,90.0,CUP_HANDLE,True,True,True,2.48,True,NONE
SANOFICONR,2026-07-28 15:30:00 IST,BULL,2026-07-28 09:15:00 IST,2247.25,2152.11,2389.95,2437.53,2485.1,2532.67,2026-08-18 15:30:00 IST,2389.95,TARGET_1,1.5,16,88.0,MULTI_MONTH_BASE_BREAKOUT,True,True,True,4.23,True,NONE
SATIN,2026-04-08 15:30:00 IST,SIDEWAYS,2026-04-08 09:15:00 IST,155.99,146.63,170.03,174.71,179.39,184.07,2026-04-16 15:30:00 IST,170.03,TARGET_1,1.5,6,89.0,WYCKOFF_SPRING_TYPE_2,True,True,True,6.0,True,NONE
SATIN,2026-04-17 15:30:00 IST,BULL,2026-04-17 09:15:00 IST,175.49,164.96,191.29,196.55,201.81,207.08,2026-05-05 15:30:00 IST,191.29,TARGET_1,1.5,13,92.0,MULTI_MONTH_BASE_BREAKOUT,True,True,True,6.0,True,NONE
SATIN,2026-04-29 15:30:00 IST,BULL,2026-04-29 09:15:00 IST,181.45,170.56,197.78,203.23,208.67,214.12,2026-05-06 15:30:00 IST,197.78,TARGET_1,1.5,6,93.0,BULL_FLAG,True,True,True,6.0,True,NONE
SATIN,2026-06-30 15:30:00 IST,BULL,2026-06-30 09:15:00 IST,245.9,231.15,268.02,275.4,282.77,290.15,2026-07-12 15:30:00 IST,268.02,TARGET_1,1.5,9,84.0,CUP_HANDLE,True,True,True,6.0,True,NONE
SATIN,2026-07-13 15:30:00 IST,BULL,2026-07-13 09:15:00 IST,267.19,251.16,291.24,299.25,307.26,315.28,2026-07-15 15:30:00 IST,251.16,STOP_LOSS,-1.0,3,90.0,BULL_PENNANT,True,True,True,6.0,True,NONE
SBFC,2026-05-06 15:30:00 IST,BULL,2026-05-06 09:15:00 IST,94.99,89.68,102.95,105.61,108.26,110.92,2026-05-17 15:30:00 IST,89.68,STOP_LOSS,-1.0,8,86.0,CUP_HANDLE,True,True,True,5.59,True,NONE
SBFC,2026-06-03 15:30:00 IST,BULL,2026-06-03 09:15:00 IST,92.87,88.61,99.26,101.39,103.52,105.65,2026-06-22 15:30:00 IST,88.61,STOP_LOSS,-1.0,14,97.0,WYCKOFF_SPRING_TYPE_2,True,True,True,4.59,True,NONE
SBCL,2025-11-07 15:30:00 IST,SIDEWAYS,2025-11-07 09:15:00 IST,496.54,466.75,541.23,556.12,571.02,585.91,2025-11-13 15:30:00 IST,466.75,STOP_LOSS,-1.0,5,86.0,V_REVERSAL,True,True,True,6.0,True,NONE
SBCL,2026-01-12 15:30:00 IST,BEAR,2026-01-12 09:15:00 IST,431.59,407.38,467.91,480.01,492.11,504.22,2026-01-26 15:30:00 IST,407.38,STOP_LOSS,-1.0,9,88.0,V_REVERSAL,True,True,True,5.61,True,NONE
SBCL,2026-02-03 15:30:00 IST,SIDEWAYS,2026-02-03 09:15:00 IST,487.13,457.9,530.97,545.59,560.21,574.82,2026-02-04 15:30:00 IST,457.9,STOP_LOSS,-1.0,2,94.0,SHAKEOUT_RECLAIM,True,True,True,6.0,True,NONE
SBCL,2026-02-09 15:30:00 IST,BULL,2026-02-09 09:15:00 IST,514.03,483.18,560.3,575.73,591.15,606.58,2026-02-17 15:30:00 IST,483.18,STOP_LOSS,-1.0,7,95.0,MULTI_MONTH_BASE_BREAKOUT,True,True,True,6.0,True,NONE
SBCL,2026-04-08 15:30:00 IST,SIDEWAYS,2026-04-08 09:15:00 IST,467.05,439.03,509.08,523.09,537.1,551.11,2026-04-14 15:30:00 IST,509.08,TARGET_1,1.5,4,89.0,BULL_FLAG,True,True,True,6.0,True,NONE
SBCL,2026-07-03 15:30:00 IST,BULL,2026-07-03 09:15:00 IST,794.05,746.41,865.51,889.33,913.15,936.97,2026-07-05 15:30:00 IST,746.41,STOP_LOSS,-1.0,1,94.0,BULL_FLAG,True,True,True,6.0,True,NONE
SBCL,2026-08-07 15:30:00 IST,BULL,2026-08-07 09:15:00 IST,920.9,865.65,1003.78,1031.4,1059.03,1086.65,2026-08-09 15:30:00 IST,1003.78,TARGET_1,1.5,1,94.0,SHAKEOUT_RECLAIM,True,True,True,6.0,True,NONE
SAREGAMA,2025-06-27 15:30:00 IST,SIDEWAYS,2025-06-27 09:15:00 IST,646.7,615.97,692.79,708.16,723.53,738.89,2025-07-25 15:30:00 IST,668.5,TIMEOUT_20D,0.71,20,93.0,WYCKOFF_SPRING_TYPE_2,True,True,True,4.75,True,NONE
SAREGAMA,2025-07-24 15:30:00 IST,BULL,2025-07-24 09:15:00 IST,674.99,656.05,703.41,712.87,722.34,731.81,2025-08-06 15:30:00 IST,656.05,STOP_LOSS,-1.0,9,88.0,CUP_HANDLE,True,True,True,2.81,True,NONE
SAREGAMA,2025-08-18 15:30:00 IST,SIDEWAYS,2025-08-18 09:15:00 IST,658.33,639.46,686.64,696.07,705.51,714.94,2025-08-25 15:30:00 IST,686.64,TARGET_1,1.5,5,83.0,CUP_HANDLE,True,True,True,2.87,True,NONE
SAREGAMA,2025-11-18 15:30:00 IST,BULL,2025-11-18 09:15:00 IST,745.61,719.42,784.91,797.99,811.09,824.18,2025-11-27 15:30:00 IST,719.42,STOP_LOSS,-1.0,7,91.0,MULTI_MONTH_BASE_BREAKOUT,True,True,True,3.51,True,NONE
SAREGAMA,2026-02-26 15:30:00 IST,BULL,2026-02-26 09:15:00 IST,735.66,722.98,754.68,761.02,767.36,773.7,2026-03-04 15:30:00 IST,754.68,TARGET_1,1.5,4,85.0,CUP_HANDLE,True,True,True,1.72,True,NONE
SAREGAMA,2026-03-13 15:30:00 IST,BULL,2026-03-13 09:15:00 IST,762.54,728.28,813.93,831.06,848.19,865.32,2026-03-26 15:30:00 IST,728.28,STOP_LOSS,-1.0,9,88.0,DOUBLE_BOTTOM,True,True,True,4.49,True,NONE
SAREGAMA,2026-04-20 15:30:00 IST,BULL,2026-04-20 09:15:00 IST,811.59,778.62,861.06,877.53,894.02,910.5,2026-04-27 15:30:00 IST,861.06,TARGET_1,1.5,5,88.0,MULTI_MONTH_BASE_BREAKOUT,True,True,True,4.06,True,NONE
SAREGAMA,2026-04-28 15:30:00 IST,BULL,2026-04-28 09:15:00 IST,850.78,799.74,927.35,952.86,978.38,1003.9,2026-05-20 15:30:00 IST,799.74,STOP_LOSS,-1.0,16,84.0,V_REVERSAL,True,True,True,6.0,True,NONE
SBIN,2025-11-04 15:30:00 IST,BULL,2025-11-04 09:15:00 IST,940.64,908.42,988.98,1005.08,1021.19,1037.3,2025-12-02 15:30:00 IST,934.21,TIMEOUT_20D,-0.2,20,94.0,MULTI_MONTH_BASE_BREAKOUT,True,True,True,3.43,True,NONE
SBIN,2025-12-05 15:30:00 IST,BULL,2025-12-05 09:15:00 IST,954.3,923.09,1001.11,1016.72,1032.32,1047.93,2026-01-04 15:30:00 IST,987.75,TIMEOUT_20D,1.07,20,90.0,SHAKEOUT_RECLAIM,True,True,True,3.27,True,NONE
SBIN,2026-01-13 15:30:00 IST,BULL,2026-01-13 09:15:00 IST,1010.24,975.69,1062.07,1079.34,1096.61,1113.89,2026-01-29 15:30:00 IST,1062.07,TARGET_1,1.5,12,91.0,MULTI_MONTH_BASE_BREAKOUT,True,True,True,3.42,True,NONE
SBIN,2026-01-27 15:30:00 IST,BULL,2026-01-27 09:15:00 IST,1034.5,998.89,1087.92,1105.72,1123.53,1141.33,2026-02-01 15:30:00 IST,998.89,STOP_LOSS,-1.0,4,86.0,CUP_HANDLE,True,True,True,3.44,True,NONE
SBIN,2026-02-09 15:30:00 IST,BULL,2026-02-09 09:15:00 IST,1125.71,1058.17,1227.02,1260.79,1294.56,1328.33,2026-03-08 15:30:00 IST,1058.17,STOP_LOSS,-1.0,19,91.0,V_REVERSAL,True,True,True,6.0,True,NONE
SBIN,2026-06-03 15:30:00 IST,BEAR,2026-06-03 09:15:00 IST,970.45,929.23,1032.28,1052.89,1073.5,1094.11,2026-06-14 15:30:00 IST,1032.28,TARGET_1,1.5,8,92.0,WYCKOFF_SPRING_TYPE_2,True,True,True,4.25,True,NONE
SBIN,2026-06-09 15:30:00 IST,SIDEWAYS,2026-06-09 09:15:00 IST,1002.7,942.54,1092.94,1123.02,1153.1,1183.18,2026-07-06 15:30:00 IST,1038.1,TIMEOUT_20D,0.59,20,83.0,DOUBLE_BOTTOM,True,True,True,6.0,True,NONE
SBIN,2026-07-20 15:30:00 IST,BULL,2026-07-20 09:15:00 IST,1060.0,1028.01,1107.99,1123.98,1139.97,1155.97,2026-07-21 15:30:00 IST,1028.01,STOP_LOSS,-1.0,2,91.0,MULTI_MONTH_BASE_BREAKOUT,True,True,True,3.02,True,NONE
SBIN,2026-08-12 15:30:00 IST,BULL,2026-08-12 09:15:00 IST,1082.0,1017.08,1179.38,1211.84,1244.3,1276.76,2026-09-03 15:30:00 IST,1017.08,STOP_LOSS,-1.0,17,87.0,WYCKOFF_SPRING_TYPE_2,True,True,True,6.0,True,NONE
SBICARD,2025-05-08 15:30:00 IST,SIDEWAYS,2025-05-08 09:15:00 IST,634.18,619.49,656.23,663.56,670.9,678.25,2025-06-05 15:30:00 IST,656.23,TARGET_1,1.5,20,85.0,CUP_HANDLE,True,True,True,2.32,True,NONE
SBICARD,2025-05-27 15:30:00 IST,SIDEWAYS,2025-05-27 09:15:00 IST,644.5,619.49,682.02,694.52,707.02,719.53,2025-06-24 15:30:00 IST,682.02,TARGET_1,1.5,20,92.0,WYCKOFF_SPRING_TYPE_2,True,True,True,3.88,True,NONE
SBICARD,2026-01-21 15:30:00 IST,SIDEWAYS,2026-01-21 09:15:00 IST,855.44,828.73,895.52,908.86,922.22,935.57,2026-01-28 15:30:00 IST,828.73,STOP_LOSS,-1.0,5,93.0,CUP_HANDLE,True,True,True,3.12,True,NONE
SBICARD,2026-04-03 15:30:00 IST,SIDEWAYS,2026-04-03 09:15:00 IST,805.02,771.93,854.67,871.2,887.75,904.29,2026-04-16 15:30:00 IST,854.67,TARGET_1,1.5,9,87.0,WYCKOFF_SPRING_TYPE_2,True,True,True,4.11,True,NONE
SBICARD,2026-06-04 15:30:00 IST,SIDEWAYS,2026-06-04 09:15:00 IST,864.32,827.96,918.85,937.04,955.22,973.4,2026-06-17 15:30:00 IST,827.96,STOP_LOSS,-1.0,9,91.0,WYCKOFF_SPRING_TYPE_2,True,True,True,4.21,True,NONE
SCHAEFFLER,2025-10-31 15:30:00 IST,SIDEWAYS,2025-10-31 09:15:00 IST,3988.58,3791.89,4283.62,4381.96,4480.31,4578.65,2025-11-02 15:30:00 IST,4283.62,TARGET_1,1.5,1,84.0,SHAKEOUT_RECLAIM,True,True,True,4.93,True,NONE
SCHAEFFLER,2026-02-24 15:30:00 IST,BULL,2026-02-24 09:15:00 IST,4051.46,3916.93,4253.27,4320.52,4387.79,4455.05,2026-02-24 15:30:00 IST,4253.27,TARGET_1,1.5,1,94.0,MULTI_MONTH_BASE_BREAKOUT,True,True,True,3.32,True,NONE
SBILIFE,2025-10-28 15:30:00 IST,BULL,2025-10-28 09:15:00 IST,1934.11,1863.59,2039.89,2075.15,2110.41,2145.67,2025-10-28 15:30:00 IST,1863.59,STOP_LOSS,-1.0,1,93.0,MULTI_MONTH_BASE_BREAKOUT,True,True,True,3.65,True,NONE
SBILIFE,2026-04-01 15:30:00 IST,SIDEWAYS,2026-04-01 09:15:00 IST,2067.55,1943.49,2253.63,2315.67,2377.7,2439.73,2026-04-01 15:30:00 IST,1943.49,STOP_LOSS,-1.0,1,93.0,SHAKEOUT_RECLAIM,True,True,True,6.0,True,NONE
SBILIFE,2026-04-14 15:30:00 IST,BULL,2026-04-14 09:15:00 IST,2095.37,1995.0,2245.92,2296.11,2346.29,2396.48,2026-04-14 15:30:00 IST,1995.0,STOP_LOSS,-1.0,1,94.0,DOUBLE_BOTTOM,True,True,True,4.79,True,NONE
SBILIFE,2026-05-20 15:30:00 IST,BULL,2026-05-20 09:15:00 IST,2143.16,2014.57,2336.04,2400.34,2464.63,2528.93,2026-05-20 15:30:00 IST,2014.57,STOP_LOSS,-1.0,1,90.0,DOUBLE_BOTTOM,True,True,True,6.0,True,NONE
SBILIFE,2026-05-26 15:30:00 IST,BULL,2026-05-26 09:15:00 IST,2189.49,2058.12,2386.54,2452.23,2517.91,2583.6,2026-05-26 15:30:00 IST,2058.12,STOP_LOSS,-1.0,1,92.0,SHAKEOUT_RECLAIM,True,True,True,6.0,True,NONE
SBILIFE,2026-06-05 15:30:00 IST,BULL,2026-06-05 09:15:00 IST,2164.27,2034.42,2359.05,2423.97,2488.89,2553.82,2026-06-07 15:30:00 IST,2034.42,STOP_LOSS,-1.0,1,86.0,DOUBLE_BOTTOM,True,True,True,6.0,True,NONE
SCHNEIDER,2025-10-24 15:30:00 IST,SIDEWAYS,2025-10-24 09:15:00 IST,840.45,799.28,902.21,922.79,943.38,963.96,2025-11-03 15:30:00 IST,902.21,TARGET_1,1.5,7,97.0,WYCKOFF_SPRING_TYPE_2,True,True,True,4.9,True,NONE
SCHNEIDER,2025-12-02 15:30:00 IST,BEAR,2025-12-02 09:15:00 IST,751.7,706.6,819.35,841.9,864.45,887.0,2025-12-15 15:30:00 IST,706.6,STOP_LOSS,-1.0,10,96.0,SHAKEOUT_RECLAIM,True,True,True,6.0,True,NONE
SCHNEIDER,2026-01-28 15:30:00 IST,SIDEWAYS,2026-01-28 09:15:00 IST,697.7,655.84,760.49,781.42,802.35,823.28,2026-02-05 15:30:00 IST,760.49,TARGET_1,1.5,7,88.0,BULL_PENNANT,True,True,True,6.0,True,NONE
SCHNEIDER,2026-02-18 15:30:00 IST,BULL,2026-02-18 09:15:00 IST,920.4,865.18,1003.23,1030.84,1058.45,1086.06,2026-02-24 15:30:00 IST,865.18,STOP_LOSS,-1.0,5,90.0,BULL_FLAG,True,True,True,6.0,True,NONE
SCHNEIDER,2026-04-08 15:30:00 IST,BULL,2026-04-08 09:15:00 IST,973.8,915.37,1061.44,1090.66,1119.87,1149.09,2026-04-19 15:30:00 IST,1061.44,TARGET_1,1.5,7,88.0,V_REVERSAL,True,True,True,6.0,True,NONE
SCHNEIDER,2026-04-17 15:30:00 IST,BULL,2026-04-17 09:15:00 IST,1036.05,973.89,1129.29,1160.37,1191.45,1222.53,2026-04-22 15:30:00 IST,1129.29,TARGET_1,1.5,4,89.0,SHAKEOUT_RECLAIM,True,True,True,6.0,True,NONE
SCHNEIDER,2026-05-25 15:30:00 IST,BULL,2026-05-25 09:15:00 IST,1364.7,1282.82,1487.52,1528.46,1569.4,1610.34,2026-05-31 15:30:00 IST,1282.82,STOP_LOSS,-1.0,5,88.0,SHAKEOUT_RECLAIM,True,True,True,6.0,True,NONE
SCHNEIDER,2026-06-15 15:30:00 IST,BULL,2026-06-15 09:15:00 IST,1216.2,1143.23,1325.65,1362.14,1398.62,1435.11,2026-06-18 15:30:00 IST,1325.65,TARGET_1,1.5,4,94.0,SHAKEOUT_RECLAIM,True,True,True,6.0,True,NONE
SCHNEIDER,2026-06-29 15:30:00 IST,BULL,2026-06-29 09:15:00 IST,1453.6,1366.38,1584.43,1628.04,1671.65,1715.26,2026-06-29 15:30:00 IST,1366.38,STOP_LOSS,-1.0,1,96.0,SHAKEOUT_RECLAIM,True,True,True,6.0,True,NONE
SCHNEIDER,2026-07-03 15:30:00 IST,BULL,2026-07-03 09:15:00 IST,1481.6,1392.7,1614.95,1659.4,1703.85,1748.3,2026-07-12 15:30:00 IST,1392.7,STOP_LOSS,-1.0,6,86.0,BULL_FLAG,True,True,True,6.0,True,NONE
SCHNEIDER,2026-08-10 15:30:00 IST,BULL,2026-08-10 09:15:00 IST,1424.9,1339.41,1553.14,1595.88,1638.62,1681.37,2026-08-16 15:30:00 IST,1339.41,STOP_LOSS,-1.0,5,98.0,WYCKOFF_SPRING_TYPE_2,True,True,True,6.0,True,NONE
SCHNEIDER,2026-08-18 15:30:00 IST,BEAR,2026-08-18 09:15:00 IST,1274.4,1197.94,1389.09,1427.32,1465.55,1503.78,2026-08-23 15:30:00 IST,1197.94,STOP_LOSS,-1.0,4,94.0,SHAKEOUT_RECLAIM,True,True,True,6.0,True,NONE
SCI,2025-10-23 15:30:00 IST,BULL,2025-10-23 09:15:00 IST,243.86,229.22,265.81,273.14,280.46,287.78,2025-10-23 15:30:00 IST,265.81,TARGET_1,1.5,1,92.0,MULTI_MONTH_BASE_BREAKOUT,True,True,True,6.0,True,NONE
SCI,2026-01-27 15:30:00 IST,BEAR,2026-01-27 09:15:00 IST,208.24,195.75,226.98,233.22,239.47,245.71,2026-01-29 15:30:00 IST,226.98,TARGET_1,1.5,3,93.0,SHAKEOUT_RECLAIM,True,True,True,6.0,True,NONE
SCI,2026-02-09 15:30:00 IST,BULL,2026-02-09 09:15:00 IST,261.8,246.09,285.36,293.22,301.08,308.93,2026-03-03 15:30:00 IST,246.09,STOP_LOSS,-1.0,16,93.0,BULL_FLAG,True,True,True,6.0,True,NONE
SCI,2026-04-16 15:30:00 IST,SIDEWAYS,2026-04-16 09:15:00 IST,288.93,271.59,314.94,323.61,332.28,340.95,2026-04-16 15:30:00 IST,314.94,TARGET_1,1.5,1,93.0,DOUBLE_BOTTOM,True,True,True,6.0,True,NONE
SCI,2026-05-08 15:30:00 IST,BULL,2026-05-08 09:15:00 IST,339.05,318.71,369.56,379.73,389.9,400.07,2026-05-14 15:30:00 IST,318.71,STOP_LOSS,-1.0,5,91.0,BULL_FLAG,True,True,True,6.0,True,NONE
SCI,2026-07-31 15:30:00 IST,SIDEWAYS,2026-07-31 09:15:00 IST,291.45,273.96,317.69,326.43,335.18,343.92,2026-08-06 15:30:00 IST,317.69,TARGET_1,1.5,5,94.0,WYCKOFF_SPRING_TYPE_2,True,True,True,6.0,True,NONE
SEAMECLTD,2024-10-04 15:30:00 IST,BEAR,2024-10-04 09:15:00 IST,1404.1,1319.85,1530.47,1572.6,1614.72,1656.85,2024-10-07 15:30:00 IST,1319.85,STOP_LOSS,-1.0,1,88.0,SHAKEOUT_RECLAIM,True,True,True,6.0,True,NONE
SEAMECLTD,2025-02-13 15:30:00 IST,BEAR,2025-02-13 09:15:00 IST,913.2,858.41,995.39,1022.78,1050.18,1077.57,2025-02-17 15:30:00 IST,858.41,STOP_LOSS,-1.0,2,83.0,SHAKEOUT_RECLAIM,True,True,True,6.0,True,NONE
SEAMECLTD,2025-08-29 15:30:00 IST,BULL,2025-08-29 09:15:00 IST,988.1,928.81,1077.03,1106.68,1136.33,1165.97,2025-09-04 15:30:00 IST,928.81,STOP_LOSS,-1.0,4,93.0,MULTI_MONTH_BASE_BREAKOUT,True,True,True,6.0,True,NONE
SEAMECLTD,2025-12-05 15:30:00 IST,BULL,2025-12-05 09:15:00 IST,1011.3,950.62,1102.32,1132.66,1163.0,1193.34,2025-12-31 15:30:00 IST,1102.32,TARGET_1,1.5,17,93.0,BULL_FLAG,True,True,True,6.0,True,NONE
SEAMECLTD,2026-02-10 15:30:00 IST,BULL,2026-02-10 09:15:00 IST,1357.8,1276.33,1480.01,1520.74,1561.47,1602.21,2026-02-23 15:30:00 IST,1276.33,STOP_LOSS,-1.0,9,93.0,BULL_FLAG,True,True,True,6.0,True,NONE
SEAMECLTD,2026-05-20 15:30:00 IST,BULL,2026-05-20 09:15:00 IST,1617.2,1520.17,1762.74,1811.26,1859.78,1908.29,2026-06-17 15:30:00 IST,1520.17,STOP_LOSS,-1.0,20,87.0,SHAKEOUT_RECLAIM,True,True,True,6.0,True,NONE
SENORES,2025-10-24 15:30:00 IST,BULL,2025-10-24 09:15:00 IST,768.45,738.32,813.65,828.71,843.78,858.84,2025-11-05 15:30:00 IST,813.65,TARGET_1,1.5,8,93.0,MULTI_MONTH_BASE_BREAKOUT,True,True,True,3.92,True,NONE
SENORES,2026-01-02 15:30:00 IST,BULL,2026-01-02 09:15:00 IST,865.3,823.63,927.8,948.64,969.47,990.31,2026-01-07 15:30:00 IST,823.63,STOP_LOSS,-1.0,4,91.0,MULTI_MONTH_BASE_BREAKOUT,True,True,True,4.82,True,NONE
SENORES,2026-01-21 15:30:00 IST,BULL,2026-01-21 09:15:00 IST,835.0,784.9,910.15,935.2,960.25,985.3,2026-01-26 15:30:00 IST,784.9,STOP_LOSS,-1.0,3,96.0,SHAKEOUT_RECLAIM,True,True,True,6.0,True,NONE
SENORES,2026-04-02 15:30:00 IST,SIDEWAYS,2026-04-02 09:15:00 IST,784.25,737.19,854.84,878.37,901.9,925.43,2026-04-14 15:30:00 IST,854.84,TARGET_1,1.5,7,88.0,WYCKOFF_SPRING_TYPE_2,True,True,True,6.0,True,NONE
SENORES,2026-04-16 15:30:00 IST,BULL,2026-04-16 09:15:00 IST,890.3,836.88,970.43,997.14,1023.85,1050.56,2026-05-07 15:30:00 IST,970.43,TARGET_1,1.5,16,92.0,MULTI_MONTH_BASE_BREAKOUT,True,True,True,6.0,True,NONE
SENORES,2026-04-27 15:30:00 IST,BULL,2026-04-27 09:15:00 IST,939.75,883.36,1024.34,1052.53,1080.72,1108.92,2026-05-04 15:30:00 IST,883.36,STOP_LOSS,-1.0,6,95.0,SHAKEOUT_RECLAIM,True,True,True,6.0,True,NONE
SENORES,2026-05-15 15:30:00 IST,BULL,2026-05-15 09:15:00 IST,1050.35,987.33,1144.88,1176.39,1207.9,1239.41,2026-05-17 15:30:00 IST,1144.88,TARGET_1,1.5,1,92.0,V_REVERSAL,True,True,True,6.0,True,NONE
SENORES,2026-06-12 15:30:00 IST,BULL,2026-06-12 09:15:00 IST,1290.0,1212.6,1406.1,1444.8,1483.5,1522.2,2026-07-02 15:30:00 IST,1406.1,TARGET_1,1.5,15,89.0,V_REVERSAL,True,True,True,6.0,True,NONE
SENORES,2026-08-11 15:30:00 IST,BULL,2026-08-11 09:15:00 IST,1475.7,1387.16,1608.51,1652.78,1697.05,1741.32,2026-09-03 15:30:00 IST,1428.4,TIMEOUT_20D,-0.53,18,84.0,WYCKOFF_SPRING_TYPE_2,True,True,True,6.0,True,NONE
SGFIN,2026-03-09 15:30:00 IST,SIDEWAYS,2026-03-09 09:15:00 IST,390.0,366.6,425.1,436.8,448.5,460.2,2026-03-22 15:30:00 IST,366.6,STOP_LOSS,-1.0,10,94.0,SHAKEOUT_RECLAIM,True,True,True,6.0,True,NONE
SGFIN,2026-03-24 15:30:00 IST,BULL,2026-03-24 09:15:00 IST,412.95,388.17,450.12,462.51,474.9,487.29,2026-03-26 15:30:00 IST,450.12,TARGET_1,1.5,2,94.0,WYCKOFF_SPRING_TYPE_2,True,True,True,6.0,True,NONE
SGFIN,2026-04-01 15:30:00 IST,BULL,2026-04-01 09:15:00 IST,450.0,423.0,490.5,504.0,517.5,531.0,2026-04-15 15:30:00 IST,490.5,TARGET_1,1.5,9,91.0,WYCKOFF_SPRING_TYPE_2,True,True,True,6.0,True,NONE
SGFIN,2026-04-16 15:30:00 IST,BULL,2026-04-16 09:15:00 IST,516.7,485.7,563.2,578.7,594.2,609.7,2026-04-22 15:30:00 IST,563.2,TARGET_1,1.5,5,88.0,V_REVERSAL,True,True,True,6.0,True,NONE
SGFIN,2026-05-06 15:30:00 IST,BULL,2026-05-06 09:15:00 IST,591.45,555.96,644.69,662.43,680.18,697.92,2026-05-06 15:30:00 IST,644.69,TARGET_1,1.5,1,90.0,BULL_FLAG,True,True,True,6.0,True,NONE
SHAILY,2026-01-30 15:30:00 IST,BEAR,2026-01-30 09:15:00 IST,1913.7,1798.88,2085.93,2143.34,2200.75,2258.16,2026-02-03 15:30:00 IST,2085.93,TARGET_1,1.5,3,92.0,SHAKEOUT_RECLAIM,True,True,True,6.0,True,NONE
SHAILY,2026-02-09 15:30:00 IST,SIDEWAYS,2026-02-09 09:15:00 IST,2228.0,2094.32,2428.52,2495.36,2562.2,2629.04,2026-02-12 15:30:00 IST,2094.32,STOP_LOSS,-1.0,4,92.0,SHAKEOUT_RECLAIM,True,True,True,6.0,True,NONE
SHAILY,2026-03-17 15:30:00 IST,SIDEWAYS,2026-03-17 09:15:00 IST,2279.9,2143.11,2485.08,2553.48,2621.88,2690.27,2026-03-19 15:30:00 IST,2485.08,TARGET_1,1.5,3,94.0,WYCKOFF_SPRING_TYPE_2,True,True,True,6.0,True,NONE
SHAILY,2026-04-23 15:30:00 IST,SIDEWAYS,2026-04-23 09:15:00 IST,2186.2,2055.03,2382.95,2448.54,2514.12,2579.71,2026-04-23 15:30:00 IST,2382.95,TARGET_1,1.5,1,98.0,WYCKOFF_SPRING_TYPE_2,True,True,True,6.0,True,NONE
SHAILY,2026-05-20 15:30:00 IST,BULL,2026-05-20 09:15:00 IST,2733.8,2569.77,2979.85,3061.86,3143.88,3225.89,2026-05-28 15:30:00 IST,2979.85,TARGET_1,1.5,7,89.0,SHAKEOUT_RECLAIM,True,True,True,6.0,True,NONE
SHAILY,2026-06-01 15:30:00 IST,BULL,2026-06-01 09:15:00 IST,3144.8,2956.11,3427.84,3522.18,3616.53,3710.87,2026-06-10 15:30:00 IST,2956.11,STOP_LOSS,-1.0,8,86.0,V_REVERSAL,True,True,True,6.0,True,NONE
SHAILY,2026-08-06 15:30:00 IST,BULL,2026-08-06 09:15:00 IST,3366.3,3164.32,3669.27,3770.26,3871.25,3972.24,2026-08-06 15:30:00 IST,3164.32,STOP_LOSS,-1.0,1,90.0,MULTI_MONTH_BASE_BREAKOUT,True,True,True,6.0,True,NONE
SHAKTIPUMP,2025-12-11 15:30:00 IST,BEAR,2025-12-11 09:15:00 IST,626.99,589.37,683.42,702.23,721.04,739.85,2025-12-14 15:30:00 IST,683.42,TARGET_1,1.5,2,92.0,SHAKEOUT_RECLAIM,True,True,True,6.0,True,NONE
SHAKTIPUMP,2026-06-12 15:30:00 IST,SIDEWAYS,2026-06-12 09:15:00 IST,536.11,503.95,584.36,600.43,616.51,632.59,2026-06-23 15:30:00 IST,584.36,TARGET_1,1.5,8,86.0,SHAKEOUT_RECLAIM,True,True,True,6.0,True,NONE
SHAKTIPUMP,2026-06-24 15:30:00 IST,BULL,2026-06-24 09:15:00 IST,589.96,554.56,643.06,660.76,678.46,696.16,2026-07-13 15:30:00 IST,554.56,STOP_LOSS,-1.0,14,85.0,V_REVERSAL,True,True,True,6.0,True,NONE
SFL,2025-04-28 15:30:00 IST,SIDEWAYS,2025-04-28 09:15:00 IST,1377.04,1294.42,1500.98,1542.28,1583.59,1624.9,2025-05-05 15:30:00 IST,1294.42,STOP_LOSS,-1.0,5,88.0,WYCKOFF_SPRING_TYPE_2,True,True,True,6.0,True,NONE
SFL,2025-07-07 15:30:00 IST,SIDEWAYS,2025-07-07 09:15:00 IST,1379.5,1302.29,1495.31,1533.92,1572.53,1611.13,2025-07-22 15:30:00 IST,1495.31,TARGET_1,1.5,11,83.0,WYCKOFF_SPRING_TYPE_2,True,True,True,5.6,True,NONE
SFL,2026-03-26 15:30:00 IST,BULL,2026-03-26 09:15:00 IST,2482.88,2408.23,2594.85,2632.18,2669.51,2706.83,2026-04-23 15:30:00 IST,2458.57,TIMEOUT_20D,-0.33,20,93.0,MULTI_MONTH_BASE_BREAKOUT,True,True,True,3.01,True,NONE
SFL,2026-05-15 15:30:00 IST,BULL,2026-05-15 09:15:00 IST,2481.34,2424.37,2566.78,2595.28,2623.77,2652.25,2026-06-02 15:30:00 IST,2424.37,STOP_LOSS,-1.0,12,95.0,WYCKOFF_SPRING_TYPE_2,True,True,True,2.3,True,NONE
SFL,2026-08-19 15:30:00 IST,SIDEWAYS,2026-08-19 09:15:00 IST,2413.41,2313.86,2562.74,2612.51,2662.28,2712.06,2026-08-19 15:30:00 IST,2313.86,STOP_LOSS,-1.0,1,91.0,DOUBLE_BOTTOM,True,True,True,4.12,True,NONE
SENCO,2025-03-28 15:30:00 IST,SIDEWAYS,2025-03-28 09:15:00 IST,669.92,648.52,702.02,712.72,723.42,734.12,2025-04-24 15:30:00 IST,702.02,TARGET_1,1.5,19,84.0,V_REVERSAL,True,True,True,3.19,True,NONE
SENCO,2025-10-06 15:30:00 IST,BULL,2025-10-06 09:15:00 IST,894.44,872.09,927.96,939.14,950.32,961.49,2025-10-22 15:30:00 IST,927.96,TARGET_1,1.5,12,86.0,BULL_FLAG,True,True,True,2.5,True,NONE
SENCO,2025-11-13 15:30:00 IST,BULL,2025-11-13 09:15:00 IST,979.37,933.12,1048.74,1071.87,1094.99,1118.12,2025-11-25 15:30:00 IST,933.12,STOP_LOSS,-1.0,8,83.0,ASCENDING_TRIANGLE,True,True,True,4.72,True,NONE
SENCO,2026-04-13 15:30:00 IST,SIDEWAYS,2026-04-13 09:15:00 IST,1066.24,1018.23,1138.25,1162.26,1186.26,1210.27,2026-04-24 15:30:00 IST,1138.25,TARGET_1,1.5,9,81.0,V_REVERSAL,True,True,True,4.5,True,NONE
SENCO,2026-04-24 15:30:00 IST,BULL,2026-04-24 09:15:00 IST,1161.76,1092.06,1266.32,1301.16,1336.01,1370.86,2026-05-22 15:30:00 IST,1122.01,TIMEOUT_20D,-0.57,20,85.0,V_REVERSAL,True,True,True,6.0,True,NONE
SHAREINDIA,2025-12-09 15:30:00 IST,BEAR,2025-12-09 09:15:00 IST,161.36,151.68,175.89,180.72,185.56,190.4,2025-12-14 15:30:00 IST,175.89,TARGET_1,1.5,4,88.0,SHAKEOUT_RECLAIM,True,True,True,6.0,True,NONE
SHAREINDIA,2026-02-04 15:30:00 IST,SIDEWAYS,2026-02-04 09:15:00 IST,151.33,142.25,164.94,169.49,174.03,178.57,2026-02-15 15:30:00 IST,142.25,STOP_LOSS,-1.0,8,85.0,V_REVERSAL,True,True,True,6.0,True,NONE
SHAREINDIA,2026-05-19 15:30:00 IST,BULL,2026-05-19 09:15:00 IST,146.37,137.59,159.54,163.93,168.32,172.71,2026-05-26 15:30:00 IST,137.59,STOP_LOSS,-1.0,6,86.0,CUP_HANDLE,True,True,True,6.0,True,NONE
SHAREINDIA,2026-07-07 15:30:00 IST,BULL,2026-07-07 09:15:00 IST,164.44,154.57,179.24,184.18,189.12,194.05,2026-07-07 15:30:00 IST,179.24,TARGET_1,1.5,1,96.0,MULTI_MONTH_BASE_BREAKOUT,True,True,True,6.0,True,NONE
SHARDACROP,2025-10-24 15:30:00 IST,SIDEWAYS,2025-10-24 09:15:00 IST,885.26,832.14,964.93,991.5,1018.06,1044.62,2025-10-27 15:30:00 IST,964.93,TARGET_1,1.5,2,97.0,SHAKEOUT_RECLAIM,True,True,True,6.0,True,NONE
SHARDACROP,2025-11-28 15:30:00 IST,SIDEWAYS,2025-11-28 09:15:00 IST,858.2,806.71,935.43,961.18,986.93,1012.67,2025-12-15 15:30:00 IST,935.43,TARGET_1,1.5,12,93.0,WYCKOFF_SPRING_TYPE_2,True,True,True,6.0,True,NONE
SHARDACROP,2026-01-28 15:30:00 IST,SIDEWAYS,2026-01-28 09:15:00 IST,866.11,814.14,944.06,970.05,996.04,1022.02,2026-01-28 15:30:00 IST,944.06,TARGET_1,1.5,1,97.0,WYCKOFF_SPRING_TYPE_2,True,True,True,6.0,True,NONE
SHARDACROP,2026-04-22 15:30:00 IST,SIDEWAYS,2026-04-22 09:15:00 IST,1158.8,1089.27,1263.1,1297.86,1332.62,1367.39,2026-04-29 15:30:00 IST,1089.27,STOP_LOSS,-1.0,6,83.0,BULL_FLAG,True,True,True,6.0,True,NONE
SHARDACROP,2026-05-13 15:30:00 IST,BULL,2026-05-13 09:15:00 IST,1189.7,1118.32,1296.77,1332.46,1368.15,1403.84,2026-05-13 15:30:00 IST,1118.32,STOP_LOSS,-1.0,1,90.0,SHAKEOUT_RECLAIM,True,True,True,6.0,True,NONE
SHARDACROP,2026-08-26 15:30:00 IST,BEAR,2026-08-26 09:15:00 IST,795.8,753.22,859.67,880.96,902.25,923.54,2026-09-03 15:30:00 IST,768.35,TIMEOUT_20D,-0.64,7,87.0,SHAKEOUT_RECLAIM,True,True,True,5.35,True,NONE
SHREECEM,2025-12-15 15:30:00 IST,SIDEWAYS,2025-12-15 09:15:00 IST,26555.97,25450.62,28214.0,28766.67,29319.35,29872.02,2025-12-18 15:30:00 IST,25450.62,STOP_LOSS,-1.0,4,92.0,V_REVERSAL,True,True,True,4.16,True,NONE
SHREECEM,2026-06-24 15:30:00 IST,SIDEWAYS,2026-06-24 09:15:00 IST,26002.41,25144.94,27288.62,27717.35,28146.09,28574.82,2026-06-28 15:30:00 IST,25144.94,STOP_LOSS,-1.0,3,94.0,MULTI_MONTH_BASE_BREAKOUT,True,True,True,3.3,True,NONE
SHREECEM,2026-08-25 15:30:00 IST,BEAR,2026-08-25 09:15:00 IST,24440.0,23760.6,25459.1,25798.8,26138.5,26478.2,2026-08-30 15:30:00 IST,23760.6,STOP_LOSS,-1.0,4,95.0,SHAKEOUT_RECLAIM,True,True,True,2.78,True,NONE
SHILPAMED,2025-11-10 15:30:00 IST,SIDEWAYS,2025-11-10 09:15:00 IST,382.7,360.91,415.39,426.28,437.17,448.07,2025-11-18 15:30:00 IST,360.91,STOP_LOSS,-1.0,7,93.0,DOUBLE_BOTTOM,True,True,True,5.69,True,NONE
SHILPAMED,2026-01-30 15:30:00 IST,BEAR,2026-01-30 09:15:00 IST,288.95,271.61,314.96,323.63,332.3,340.97,2026-02-03 15:30:00 IST,314.96,TARGET_1,1.5,3,90.0,SHAKEOUT_RECLAIM,True,True,True,6.0,True,NONE
SHILPAMED,2026-06-23 15:30:00 IST,BULL,2026-06-23 09:15:00 IST,591.15,555.68,644.36,662.09,679.83,697.56,2026-07-13 15:30:00 IST,644.36,TARGET_1,1.5,15,89.0,BULL_FLAG,True,True,True,6.0,True,NONE
SHRIPISTON,2025-12-05 15:30:00 IST,SIDEWAYS,2025-12-05 09:15:00 IST,2829.83,2693.77,3033.92,3101.95,3169.98,3238.01,2025-12-07 15:30:00 IST,3033.92,TARGET_1,1.5,1,91.0,MULTI_MONTH_BASE_BREAKOUT,True,True,True,4.81,True,NONE
SHRIPISTON,2026-02-04 15:30:00 IST,SIDEWAYS,2026-02-04 09:15:00 IST,3100.86,2914.81,3379.93,3472.96,3565.99,3659.01,2026-02-18 15:30:00 IST,2914.81,STOP_LOSS,-1.0,11,89.0,V_REVERSAL,True,True,True,6.0,True,NONE
SHRIPISTON,2026-04-10 15:30:00 IST,BULL,2026-04-10 09:15:00 IST,3603.87,3387.64,3928.22,4036.33,4144.44,4252.56,2026-04-29 15:30:00 IST,3387.64,STOP_LOSS,-1.0,13,93.0,MULTI_MONTH_BASE_BREAKOUT,True,True,True,6.0,True,NONE
SHRIPISTON,2026-06-10 15:30:00 IST,SIDEWAYS,2026-06-10 09:15:00 IST,3420.69,3215.45,3728.56,3831.17,3933.79,4036.41,2026-06-14 15:30:00 IST,3728.56,TARGET_1,1.5,3,94.0,WYCKOFF_SPRING_TYPE_2,True,True,True,6.0,True,NONE
SHRIPISTON,2026-06-18 15:30:00 IST,BULL,2026-06-18 09:15:00 IST,3802.63,3574.48,4144.87,4258.93,4373.01,4487.08,2026-06-29 15:30:00 IST,4144.87,TARGET_1,1.5,8,88.0,BULL_FLAG,True,True,True,6.0,True,NONE
SHRIPISTON,2026-06-30 15:30:00 IST,BULL,2026-06-30 09:15:00 IST,4182.38,3931.44,4558.79,4684.26,4809.73,4935.2,2026-07-27 15:30:00 IST,4270.3,TIMEOUT_20D,0.35,20,93.0,BULL_FLAG,True,True,True,6.0,True,NONE
SHRIPISTON,2026-07-20 15:30:00 IST,BULL,2026-07-20 09:15:00 IST,4233.8,3979.77,4614.84,4741.86,4868.88,4995.89,2026-08-16 15:30:00 IST,4436.6,TIMEOUT_20D,0.8,20,94.0,SHAKEOUT_RECLAIM,True,True,True,6.0,True,NONE
SHRIRAMFIN,2025-11-03 15:30:00 IST,BULL,2025-11-03 09:15:00 IST,787.17,739.94,858.02,881.63,905.24,928.86,2025-11-26 15:30:00 IST,858.02,TARGET_1,1.5,17,88.0,V_REVERSAL,True,True,True,6.0,True,NONE
SHRIRAMFIN,2025-12-19 15:30:00 IST,BULL,2025-12-19 09:15:00 IST,896.63,842.83,977.33,1004.23,1031.13,1058.03,2025-12-23 15:30:00 IST,977.33,TARGET_1,1.5,3,85.0,V_REVERSAL,True,True,True,6.0,True,NONE
SHRIRAMFIN,2025-12-30 15:30:00 IST,BULL,2025-12-30 09:15:00 IST,973.89,915.46,1061.54,1090.75,1119.96,1149.18,2026-01-27 15:30:00 IST,1013.07,TIMEOUT_20D,0.67,20,86.0,SHAKEOUT_RECLAIM,True,True,True,6.0,True,NONE
SHRIRAMFIN,2026-03-10 15:30:00 IST,BULL,2026-03-10 09:15:00 IST,1056.92,993.51,1152.04,1183.74,1215.45,1247.15,2026-03-12 15:30:00 IST,993.51,STOP_LOSS,-1.0,3,89.0,V_REVERSAL,True,True,True,6.0,True,NONE
SHRIRAMFIN,2026-03-25 15:30:00 IST,BEAR,2026-03-25 09:15:00 IST,950.62,893.59,1036.17,1064.68,1093.19,1121.71,2026-03-29 15:30:00 IST,893.59,STOP_LOSS,-1.0,2,81.0,SHAKEOUT_RECLAIM,True,True,True,6.0,True,NONE
SHRIRAMFIN,2026-05-14 15:30:00 IST,BEAR,2026-05-14 09:15:00 IST,929.84,891.75,986.98,1006.02,1025.07,1044.11,2026-06-02 15:30:00 IST,891.75,STOP_LOSS,-1.0,14,86.0,SHAKEOUT_RECLAIM,True,True,True,4.1,True,NONE
SHRIRAMFIN,2026-06-12 15:30:00 IST,SIDEWAYS,2026-06-12 09:15:00 IST,949.58,892.6,1035.05,1063.54,1092.03,1120.52,2026-06-24 15:30:00 IST,1035.05,TARGET_1,1.5,9,91.0,SHAKEOUT_RECLAIM,True,True,True,6.0,True,NONE
SHRIRAMFIN,2026-06-24 15:30:00 IST,BULL,2026-06-24 09:15:00 IST,1013.27,973.37,1073.12,1093.07,1113.02,1132.97,2026-07-02 15:30:00 IST,1073.12,TARGET_1,1.5,7,83.0,CUP_HANDLE,True,True,True,3.94,True,NONE
SHRIRAMFIN,2026-07-21 15:30:00 IST,BULL,2026-07-21 09:15:00 IST,1061.5,999.98,1153.78,1184.54,1215.3,1246.06,2026-07-23 15:30:00 IST,999.98,STOP_LOSS,-1.0,3,81.0,BULL_PENNANT,True,True,True,5.8,True,NONE
SHYAMMETL,2026-01-29 15:30:00 IST,BULL,2026-01-29 09:15:00 IST,870.75,818.5,949.12,975.25,1001.38,1027.5,2026-02-25 15:30:00 IST,856.35,TIMEOUT_20D,-0.28,20,95.0,DOUBLE_BOTTOM,True,True,True,6.0,True,NONE
SHYAMMETL,2026-02-09 15:30:00 IST,BULL,2026-02-09 09:15:00 IST,890.7,837.26,970.86,997.58,1024.3,1051.02,2026-02-19 15:30:00 IST,837.26,STOP_LOSS,-1.0,9,87.0,BULL_FLAG,True,True,True,6.0,True,NONE
SHYAMMETL,2026-04-27 15:30:00 IST,BULL,2026-04-27 09:15:00 IST,886.15,832.98,965.91,992.49,1019.07,1045.66,2026-05-11 15:30:00 IST,832.98,STOP_LOSS,-1.0,11,90.0,HIGHER_LOW_REVERSAL,True,True,True,6.0,True,NONE
SHYAMMETL,2026-07-13 15:30:00 IST,BULL,2026-07-13 09:15:00 IST,1029.35,983.58,1098.0,1120.89,1143.77,1166.66,2026-08-06 15:30:00 IST,983.58,STOP_LOSS,-1.0,19,98.0,MULTI_MONTH_BASE_BREAKOUT,True,True,True,4.45,True,NONE
SHYAMMETL,2026-08-28 15:30:00 IST,BULL,2026-08-28 09:15:00 IST,1099.8,1057.3,1163.55,1184.8,1206.05,1227.3,2026-09-03 15:30:00 IST,1065.3,TIMEOUT_20D,-0.81,5,95.0,MULTI_MONTH_BASE_BREAKOUT,True,True,True,3.86,True,NONE
SIGACHI,2026-03-18 15:30:00 IST,BEAR,2026-03-18 09:15:00 IST,19.88,18.69,21.66,22.26,22.85,23.45,2026-03-22 15:30:00 IST,18.69,STOP_LOSS,-1.0,3,83.0,SHAKEOUT_RECLAIM,True,True,True,5.99,True,NONE
SIGACHI,2026-04-01 15:30:00 IST,SIDEWAYS,2026-04-01 09:15:00 IST,19.47,18.3,21.22,21.81,22.39,22.98,2026-04-08 15:30:00 IST,21.22,TARGET_1,1.5,5,94.0,SHAKEOUT_RECLAIM,True,True,True,6.01,True,NONE
SIGACHI,2026-04-08 15:30:00 IST,SIDEWAYS,2026-04-08 09:15:00 IST,20.97,19.71,22.86,23.49,24.12,24.75,2026-04-12 15:30:00 IST,22.86,TARGET_1,1.5,3,94.0,WYCKOFF_SPRING_TYPE_2,True,True,True,6.01,True,NONE
SIGACHI,2026-06-17 15:30:00 IST,SIDEWAYS,2026-06-17 09:15:00 IST,21.71,20.41,23.66,24.31,24.96,25.61,2026-06-21 15:30:00 IST,23.66,TARGET_1,1.5,3,81.0,SHAKEOUT_RECLAIM,True,True,True,5.99,True,NONE
SIGACHI,2026-08-03 15:30:00 IST,BULL,2026-08-03 09:15:00 IST,26.61,25.01,29.01,29.81,30.61,31.41,2026-08-09 15:30:00 IST,25.01,STOP_LOSS,-1.0,5,86.0,SHAKEOUT_RECLAIM,True,True,True,6.01,True,NONE
SIGNPOST,2025-11-07 15:30:00 IST,BEAR,2025-11-07 09:15:00 IST,242.39,227.85,264.2,271.47,278.74,286.01,2025-11-13 15:30:00 IST,227.85,STOP_LOSS,-1.0,5,92.0,SHAKEOUT_RECLAIM,True,True,True,6.0,True,NONE
SIGNPOST,2026-01-21 15:30:00 IST,BEAR,2026-01-21 09:15:00 IST,205.1,192.79,223.57,229.72,235.88,242.03,2026-02-09 15:30:00 IST,223.57,TARGET_1,1.5,13,88.0,SHAKEOUT_RECLAIM,True,True,True,6.0,True,NONE
SIGNPOST,2026-02-10 15:30:00 IST,SIDEWAYS,2026-02-10 09:15:00 IST,246.72,231.92,268.92,276.32,283.72,291.12,2026-03-04 15:30:00 IST,231.92,STOP_LOSS,-1.0,16,87.0,WYCKOFF_SPRING_TYPE_2,True,True,True,6.0,True,NONE
SIGNPOST,2026-03-18 15:30:00 IST,BULL,2026-03-18 09:15:00 IST,248.6,233.68,270.98,278.44,285.9,293.36,2026-03-19 15:30:00 IST,233.68,STOP_LOSS,-1.0,2,87.0,V_REVERSAL,True,True,True,6.0,True,NONE
SIGNPOST,2026-04-20 15:30:00 IST,BULL,2026-04-20 09:15:00 IST,270.41,254.19,294.74,302.85,310.96,319.07,2026-05-05 15:30:00 IST,294.74,TARGET_1,1.5,11,88.0,V_REVERSAL,True,True,True,6.0,True,NONE
SIEMENS,2025-05-14 15:30:00 IST,BULL,2025-05-14 09:15:00 IST,1706.06,1675.3,1752.19,1767.58,1782.96,1798.34,2025-06-10 15:30:00 IST,1752.19,TARGET_1,1.5,19,88.0,CUP_HANDLE,True,True,True,1.8,True,NONE
SIEMENS,2025-06-23 15:30:00 IST,BULL,2025-06-23 09:15:00 IST,1843.08,1789.07,1924.09,1951.1,1978.11,2005.11,2025-06-26 15:30:00 IST,1789.07,STOP_LOSS,-1.0,3,85.0,HIGHER_LOW_REVERSAL,True,True,True,2.93,True,NONE
SIEMENS,2025-07-31 15:30:00 IST,SIDEWAYS,2025-07-31 09:15:00 IST,1760.23,1654.61,1918.66,1971.47,2024.28,2077.09,2025-08-25 15:30:00 IST,1654.61,STOP_LOSS,-1.0,17,94.0,WYCKOFF_SPRING_TYPE_2,True,True,True,6.0,True,NONE
SIEMENS,2025-11-06 15:30:00 IST,BULL,2025-11-06 09:15:00 IST,1677.62,1614.86,1771.76,1803.14,1834.52,1865.9,2025-11-26 15:30:00 IST,1771.76,TARGET_1,1.5,14,94.0,MULTI_MONTH_BASE_BREAKOUT,True,True,True,3.74,True,NONE
SIEMENS,2026-06-19 15:30:00 IST,SIDEWAYS,2026-06-19 09:15:00 IST,1995.47,1962.08,2045.55,2062.25,2078.95,2095.64,2026-06-23 15:30:00 IST,1962.08,STOP_LOSS,-1.0,2,84.0,CUP_HANDLE,True,True,True,1.67,True,NONE
SIEMENS,2026-07-21 15:30:00 IST,SIDEWAYS,2026-07-21 09:15:00 IST,1994.03,1924.8,2097.88,2132.49,2167.11,2201.72,2026-07-28 15:30:00 IST,2097.88,TARGET_1,1.5,5,85.0,WYCKOFF_SPRING_TYPE_2,True,True,True,3.47,True,NONE
SIRCA,2024-10-29 15:30:00 IST,BEAR,2024-10-29 09:15:00 IST,318.71,299.59,347.4,356.95,366.51,376.07,2024-10-31 15:30:00 IST,347.4,TARGET_1,1.5,2,84.0,V_REVERSAL,True,True,True,6.0,True,NONE
SIRCA,2024-11-04 15:30:00 IST,SIDEWAYS,2024-11-04 09:15:00 IST,355.69,334.35,387.7,398.37,409.04,419.71,2024-11-13 15:30:00 IST,334.35,STOP_LOSS,-1.0,7,93.0,SHAKEOUT_RECLAIM,True,True,True,6.0,True,NONE
SIRCA,2024-12-12 15:30:00 IST,BULL,2024-12-12 09:15:00 IST,345.13,324.42,376.19,386.55,396.9,407.26,2024-12-19 15:30:00 IST,324.42,STOP_LOSS,-1.0,5,90.0,SHAKEOUT_RECLAIM,True,True,True,6.0,True,NONE
SIRCA,2025-03-13 15:30:00 IST,BEAR,2025-03-13 09:15:00 IST,253.18,238.72,274.86,282.1,289.33,296.56,2025-03-19 15:30:00 IST,238.72,STOP_LOSS,-1.0,3,90.0,SHAKEOUT_RECLAIM,True,True,True,5.71,True,NONE
SIRCA,2025-04-16 15:30:00 IST,SIDEWAYS,2025-04-16 09:15:00 IST,281.79,264.88,307.16,315.61,324.07,332.52,2025-04-21 15:30:00 IST,307.16,TARGET_1,1.5,2,90.0,WYCKOFF_SPRING_TYPE_2,True,True,True,6.0,True,NONE
SIRCA,2025-05-19 15:30:00 IST,BULL,2025-05-19 09:15:00 IST,289.76,273.67,313.89,321.94,329.98,338.03,2025-05-23 15:30:00 IST,313.89,TARGET_1,1.5,4,90.0,DOUBLE_BOTTOM,True,True,True,5.55,True,NONE
SIRCA,2025-05-23 15:30:00 IST,BULL,2025-05-23 09:15:00 IST,313.98,295.14,342.23,351.66,361.08,370.5,2025-05-28 15:30:00 IST,342.23,TARGET_1,1.5,3,89.0,DOUBLE_BOTTOM,True,True,True,6.0,True,NONE
SIRCA,2025-05-29 15:30:00 IST,BULL,2025-05-29 09:15:00 IST,342.29,321.75,373.09,383.37,393.64,403.91,2025-06-09 15:30:00 IST,373.09,TARGET_1,1.5,7,86.0,WYCKOFF_SPRING_TYPE_2,True,True,True,6.0,True,NONE
SIRCA,2025-06-09 15:30:00 IST,BULL,2025-06-09 09:15:00 IST,371.99,349.67,405.47,416.63,427.79,438.95,2025-07-07 15:30:00 IST,405.47,TARGET_1,1.5,20,96.0,BULL_FLAG,True,True,True,6.0,True,NONE
SIRCA,2025-07-07 15:30:00 IST,BULL,2025-07-07 09:15:00 IST,404.63,380.35,441.06,453.19,465.33,477.47,2025-08-01 15:30:00 IST,441.06,TARGET_1,1.5,19,89.0,V_REVERSAL,True,True,True,6.0,True,NONE
SIRCA,2026-03-17 15:30:00 IST,BEAR,2026-03-17 09:15:00 IST,426.3,400.72,464.67,477.46,490.25,503.04,2026-03-23 15:30:00 IST,400.72,STOP_LOSS,-1.0,4,81.0,SHAKEOUT_RECLAIM,True,True,True,6.0,True,NONE
SIRCA,2026-04-17 15:30:00 IST,SIDEWAYS,2026-04-17 09:15:00 IST,456.7,429.3,497.8,511.5,525.2,538.9,2026-04-23 15:30:00 IST,429.3,STOP_LOSS,-1.0,4,90.0,WYCKOFF_SPRING_TYPE_2,True,True,True,6.0,True,NONE
SJS,2025-10-20 15:30:00 IST,BULL,2025-10-20 09:15:00 IST,1527.52,1435.87,1664.99,1710.82,1756.65,1802.47,2025-11-03 15:30:00 IST,1664.99,TARGET_1,1.5,10,87.0,SHAKEOUT_RECLAIM,True,True,True,6.0,True,NONE
SJS,2025-11-03 15:30:00 IST,BULL,2025-11-03 09:15:00 IST,1629.55,1576.6,1708.98,1735.45,1761.93,1788.4,2025-11-03 15:30:00 IST,1708.98,TARGET_1,1.5,1,96.0,MULTI_MONTH_BASE_BREAKOUT,True,True,True,3.25,True,NONE
SJS,2026-02-11 15:30:00 IST,BULL,2026-02-11 09:15:00 IST,1847.7,1736.84,2013.98,2069.42,2124.85,2180.28,2026-03-01 15:30:00 IST,1736.84,STOP_LOSS,-1.0,13,88.0,BULL_FLAG,True,True,True,6.0,True,NONE
SJS,2026-04-08 15:30:00 IST,SIDEWAYS,2026-04-08 09:15:00 IST,1720.7,1617.46,1875.57,1927.18,1978.8,2030.42,2026-04-23 15:30:00 IST,1617.46,STOP_LOSS,-1.0,11,98.0,WYCKOFF_SPRING_TYPE_2,True,True,True,6.0,True,NONE
SJS,2026-04-29 15:30:00 IST,SIDEWAYS,2026-04-29 09:15:00 IST,1730.19,1626.38,1885.9,1937.81,1989.71,2041.62,2026-05-03 15:30:00 IST,1885.9,TARGET_1,1.5,2,90.0,SHAKEOUT_RECLAIM,True,True,True,6.0,True,NONE
SJS,2026-05-06 15:30:00 IST,BULL,2026-05-06 09:15:00 IST,1946.34,1849.79,2091.16,2139.44,2187.71,2235.99,2026-05-17 15:30:00 IST,1849.79,STOP_LOSS,-1.0,8,92.0,DOUBLE_BOTTOM,True,True,True,4.96,True,NONE
SJS,2026-07-27 15:30:00 IST,BULL,2026-07-27 09:15:00 IST,2419.3,2294.53,2606.46,2668.84,2731.23,2793.61,2026-08-23 15:30:00 IST,2561.7,TIMEOUT_20D,1.14,20,94.0,MULTI_MONTH_BASE_BREAKOUT,True,True,True,5.16,True,NONE
SJS,2026-08-03 15:30:00 IST,BULL,2026-08-03 09:15:00 IST,2483.4,2334.4,2706.9,2781.4,2855.9,2930.4,2026-08-30 15:30:00 IST,2488.6,TIMEOUT_20D,0.03,20,87.0,BULL_FLAG,True,True,True,6.0,True,NONE
SIGNATURE,2025-08-19 15:30:00 IST,SIDEWAYS,2025-08-19 09:15:00 IST,1188.36,1123.88,1285.08,1317.32,1349.56,1381.8,2025-09-16 15:30:00 IST,1226.68,TIMEOUT_20D,0.59,20,87.0,WYCKOFF_SPRING_TYPE_2,True,True,True,5.43,True,NONE
SIGNATURE,2025-08-29 15:30:00 IST,SIDEWAYS,2025-08-29 09:15:00 IST,1233.42,1159.41,1344.43,1381.44,1418.45,1455.45,2025-09-26 15:30:00 IST,1247.49,TIMEOUT_20D,0.19,20,85.0,V_REVERSAL,True,True,True,6.0,True,NONE
SIGNATURE,2025-09-26 15:30:00 IST,BULL,2025-09-26 09:15:00 IST,1247.49,1221.57,1286.36,1299.33,1312.29,1325.25,2025-10-15 15:30:00 IST,1221.57,STOP_LOSS,-1.0,13,90.0,CUP_HANDLE,True,True,True,2.08,True,NONE
SIGNATURE,2026-01-01 15:30:00 IST,SIDEWAYS,2026-01-01 09:15:00 IST,1153.72,1128.02,1192.26,1205.12,1217.97,1230.82,2026-01-13 15:30:00 IST,1192.26,TARGET_1,1.5,8,92.0,WYCKOFF_SPRING_TYPE_2,True,True,True,2.23,True,NONE
SIGNATURE,2026-01-07 15:30:00 IST,BEAR,2026-01-07 09:15:00 IST,1152.1,1128.02,1188.21,1200.26,1212.3,1224.34,2026-01-13 15:30:00 IST,1188.21,TARGET_1,1.5,4,85.0,WYCKOFF_SPRING_TYPE_2,True,True,True,2.09,True,NONE
SIGNATURE,2026-02-26 15:30:00 IST,SIDEWAYS,2026-02-26 09:15:00 IST,1180.06,1131.85,1252.39,1276.48,1300.59,1324.69,2026-03-09 15:30:00 IST,1131.85,STOP_LOSS,-1.0,7,83.0,WYCKOFF_SPRING_TYPE_2,True,True,True,4.09,True,NONE
SIGNATURE,2026-04-29 15:30:00 IST,SIDEWAYS,2026-04-29 09:15:00 IST,1120.41,1076.51,1186.26,1208.21,1230.16,1252.11,2026-05-27 15:30:00 IST,1131.79,TIMEOUT_20D,0.26,20,86.0,DOUBLE_BOTTOM,True,True,True,3.92,True,NONE
SKFINDIA,2026-02-04 15:30:00 IST,SIDEWAYS,2026-02-04 09:15:00 IST,1739.91,1635.51,1896.51,1948.71,2000.91,2053.11,2026-02-17 15:30:00 IST,1635.51,STOP_LOSS,-1.0,10,92.0,SHAKEOUT_RECLAIM,True,True,True,6.0,True,NONE
SKFINDIA,2026-02-24 15:30:00 IST,SIDEWAYS,2026-02-24 09:15:00 IST,1853.63,1742.41,2020.46,2076.07,2131.68,2187.29,2026-02-25 15:30:00 IST,1742.41,STOP_LOSS,-1.0,2,95.0,DOUBLE_BOTTOM,True,True,True,6.0,True,NONE
SKFINDIA,2026-03-25 15:30:00 IST,BEAR,2026-03-25 09:15:00 IST,1486.89,1413.21,1597.4,1634.25,1671.09,1707.93,2026-03-29 15:30:00 IST,1413.21,STOP_LOSS,-1.0,2,86.0,SHAKEOUT_RECLAIM,True,True,True,4.96,True,NONE
SKFINDIA,2026-05-08 15:30:00 IST,BULL,2026-05-08 09:15:00 IST,1722.83,1619.46,1877.88,1929.57,1981.25,2032.94,2026-05-12 15:30:00 IST,1619.46,STOP_LOSS,-1.0,3,87.0,CUP_HANDLE,True,True,True,6.0,True,NONE
SKFINDIA,2026-06-30 15:30:00 IST,SIDEWAYS,2026-06-30 09:15:00 IST,1632.63,1595.33,1688.58,1707.23,1725.88,1744.53,2026-07-06 15:30:00 IST,1595.33,STOP_LOSS,-1.0,5,87.0,CUP_HANDLE,True,True,True,2.28,True,NONE
SKFINDIA,2026-08-17 15:30:00 IST,SIDEWAYS,2026-08-17 09:15:00 IST,1652.8,1553.63,1801.56,1851.14,1900.72,1950.31,2026-09-03 15:30:00 IST,1553.63,STOP_LOSS,-1.0,7,92.0,SHAKEOUT_RECLAIM,True,True,True,6.0,True,NONE
SKMEGGPROD,2025-10-29 15:30:00 IST,BULL,2025-10-29 09:15:00 IST,193.35,184.8,206.18,210.45,214.72,219.0,2025-10-30 15:30:00 IST,206.18,TARGET_1,1.5,2,95.0,DOUBLE_BOTTOM,True,True,True,4.42,True,NONE
SKMEGGPROD,2026-04-08 15:30:00 IST,SIDEWAYS,2026-04-08 09:15:00 IST,175.86,165.31,191.69,196.96,202.24,207.51,2026-04-27 15:30:00 IST,165.31,STOP_LOSS,-1.0,13,89.0,DOUBLE_BOTTOM,True,True,True,6.0,True,NONE
SKMEGGPROD,2026-05-07 15:30:00 IST,BULL,2026-05-07 09:15:00 IST,179.24,168.49,195.37,200.74,206.12,211.49,2026-05-11 15:30:00 IST,168.49,STOP_LOSS,-1.0,3,89.0,DOUBLE_BOTTOM,True,True,True,6.0,True,NONE
SKMEGGPROD,2026-05-19 15:30:00 IST,BULL,2026-05-19 09:15:00 IST,195.1,183.39,212.67,218.52,224.38,230.23,2026-05-21 15:30:00 IST,183.39,INTRABAR_AMBIGUITY_LOSS,-1.0,3,90.0,HIGHER_LOW_REVERSAL,True,True,True,6.0,True,NONE
SKMEGGPROD,2026-06-02 15:30:00 IST,BULL,2026-06-02 09:15:00 IST,232.77,218.8,253.73,260.71,267.69,274.68,2026-06-04 15:30:00 IST,253.73,TARGET_1,1.5,3,91.0,BULL_FLAG,True,True,True,6.0,True,NONE
SKMEGGPROD,2026-07-01 15:30:00 IST,BULL,2026-07-01 09:15:00 IST,317.3,298.26,345.86,355.38,364.9,374.42,2026-07-02 15:30:00 IST,298.26,STOP_LOSS,-1.0,2,92.0,SHAKEOUT_RECLAIM,True,True,True,6.0,True,NONE
SKMEGGPROD,2026-07-13 15:30:00 IST,BULL,2026-07-13 09:15:00 IST,360.9,339.25,393.37,404.2,415.02,425.85,2026-07-14 15:30:00 IST,339.25,STOP_LOSS,-1.0,2,93.0,BULL_FLAG,True,True,True,6.0,True,NONE
SJVN,2025-02-21 15:30:00 IST,BULL,2025-02-21 09:15:00 IST,1986.63,1867.43,2165.43,2225.03,2284.63,2344.23,2025-03-19 15:30:00 IST,2165.43,TARGET_1,1.5,18,86.0,V_REVERSAL,True,True,True,6.0,True,NONE
SJVN,2025-06-20 15:30:00 IST,SIDEWAYS,2025-06-20 09:15:00 IST,2072.01,2012.88,2160.7,2190.27,2219.84,2249.4,2025-07-10 15:30:00 IST,2160.7,TARGET_1,1.5,14,83.0,HIGHER_LOW_REVERSAL,True,True,True,2.85,True,NONE
SJVN,2025-07-02 15:30:00 IST,BULL,2025-07-02 09:15:00 IST,2121.32,2071.48,2196.08,2221.0,2245.92,2270.84,2025-07-16 15:30:00 IST,2196.08,TARGET_1,1.5,10,90.0,CUP_HANDLE,True,True,True,2.35,True,NONE
SJVN,2025-07-08 15:30:00 IST,BULL,2025-07-08 09:15:00 IST,2153.17,2075.27,2270.03,2308.97,2347.92,2386.87,2025-07-30 15:30:00 IST,2075.27,STOP_LOSS,-1.0,16,80.0,CUP_HANDLE,True,True,True,3.62,True,NONE
SJVN,2025-08-11 15:30:00 IST,BULL,2025-08-11 09:15:00 IST,2188.84,2131.88,2274.28,2302.76,2331.24,2359.72,2025-09-08 15:30:00 IST,2211.42,TIMEOUT_20D,0.4,20,85.0,CUP_HANDLE,True,True,True,2.6,True,NONE
SJVN,2025-12-09 15:30:00 IST,SIDEWAYS,2025-12-09 09:15:00 IST,2251.08,2153.23,2397.84,2446.78,2495.7,2544.63,2026-01-06 15:30:00 IST,2290.19,TIMEOUT_20D,0.4,20,89.0,WYCKOFF_SPRING_TYPE_2,True,True,True,4.35,True,NONE
SJVN,2026-01-14 15:30:00 IST,SIDEWAYS,2026-01-14 09:15:00 IST,2231.34,2168.32,2325.87,2357.38,2388.89,2420.4,2026-01-20 15:30:00 IST,2168.32,STOP_LOSS,-1.0,4,87.0,WYCKOFF_SPRING_TYPE_2,True,True,True,2.82,True,NONE
SJVN,2026-02-12 15:30:00 IST,BULL,2026-02-12 09:15:00 IST,2585.2,2470.31,2757.55,2814.98,2872.42,2929.87,2026-03-12 15:30:00 IST,2573.79,TIMEOUT_20D,-0.1,20,88.0,MULTI_MONTH_BASE_BREAKOUT,True,True,True,4.44,True,NONE
SKYGOLD,2026-01-27 15:30:00 IST,BEAR,2026-01-27 09:15:00 IST,315.15,296.46,343.18,352.53,361.88,371.22,2026-02-08 15:30:00 IST,343.18,TARGET_1,1.5,9,81.0,SHAKEOUT_RECLAIM,True,True,True,5.93,True,NONE
SKYGOLD,2026-02-09 15:30:00 IST,SIDEWAYS,2026-02-09 09:15:00 IST,349.65,328.67,381.12,391.61,402.1,412.59,2026-02-09 15:30:00 IST,328.67,STOP_LOSS,-1.0,1,88.0,V_REVERSAL,True,True,True,6.0,True,NONE
SKYGOLD,2026-04-06 15:30:00 IST,BULL,2026-04-06 09:15:00 IST,361.05,339.39,393.54,404.37,415.2,426.03,2026-04-09 15:30:00 IST,393.54,TARGET_1,1.5,4,92.0,WYCKOFF_SPRING_TYPE_2,True,True,True,6.0,True,NONE
SKYGOLD,2026-04-15 15:30:00 IST,BULL,2026-04-15 09:15:00 IST,419.6,394.42,457.37,469.96,482.55,495.14,2026-04-28 15:30:00 IST,457.37,TARGET_1,1.5,10,87.0,CUP_HANDLE,True,True,True,6.0,True,NONE
SKYGOLD,2026-06-02 15:30:00 IST,BULL,2026-06-02 09:15:00 IST,559.7,526.12,610.07,626.86,643.65,660.44,2026-06-04 15:30:00 IST,526.12,STOP_LOSS,-1.0,3,89.0,SHAKEOUT_RECLAIM,True,True,True,6.0,True,NONE
SKYGOLD,2026-08-07 15:30:00 IST,BULL,2026-08-07 09:15:00 IST,719.4,676.24,784.14,805.72,827.3,848.88,2026-08-09 15:30:00 IST,784.14,TARGET_1,1.5,1,93.0,BULL_FLAG,True,True,True,6.0,True,NONE
SKFINDUS,2025-04-28 15:30:00 IST,BULL,2025-04-28 09:15:00 IST,2151.83,2050.06,2304.48,2355.37,2406.26,2457.14,2025-05-26 15:30:00 IST,2207.32,TIMEOUT_20D,0.55,20,92.0,BULL_FLAG,True,True,True,4.73,True,NONE
SKFINDUS,2025-07-01 15:30:00 IST,BEAR,2025-07-01 09:15:00 IST,2105.05,2035.61,2209.21,2243.93,2278.65,2313.37,2025-07-29 15:30:00 IST,2107.31,TIMEOUT_20D,0.03,20,81.0,V_REVERSAL,True,True,True,3.3,True,NONE
SKFINDUS,2025-09-25 15:30:00 IST,BULL,2025-09-25 09:15:00 IST,2740.46,2576.03,2987.1,3069.32,3151.53,3233.75,2025-10-23 15:30:00 IST,2719.56,TIMEOUT_20D,-0.13,20,86.0,V_REVERSAL,True,True,True,6.0,True,NONE
SKFINDUS,2025-12-24 15:30:00 IST,BULL,2025-12-24 09:15:00 IST,3312.96,3183.91,3506.53,3571.06,3635.59,3700.11,2026-01-21 15:30:00 IST,3266.7,TIMEOUT_20D,-0.36,20,87.0,BULL_FLAG,True,True,True,3.9,True,NONE
SKFINDUS,2026-04-08 15:30:00 IST,SIDEWAYS,2026-04-08 09:15:00 IST,3453.87,3381.66,3562.19,3598.29,3634.39,3670.5,2026-04-24 15:30:00 IST,3562.19,TARGET_1,1.5,12,92.0,CUP_HANDLE,True,True,True,2.09,True,NONE
SKIPPER,2025-02-21 15:30:00 IST,BULL,2025-02-21 09:15:00 IST,1123.91,1083.85,1184.01,1204.03,1224.06,1244.09,2025-03-12 15:30:00 IST,1083.85,STOP_LOSS,-1.0,13,87.0,CUP_HANDLE,True,True,True,3.56,True,NONE
SKIPPER,2025-05-20 15:30:00 IST,SIDEWAYS,2025-05-20 09:15:00 IST,969.86,939.33,1015.66,1030.92,1046.18,1061.45,2025-06-04 15:30:00 IST,1015.66,TARGET_1,1.5,11,87.0,BULL_FLAG,True,True,True,3.15,True,NONE
SKIPPER,2025-09-25 15:30:00 IST,SIDEWAYS,2025-09-25 09:15:00 IST,887.1,833.88,966.94,993.54,1020.15,1046.76,2025-10-23 15:30:00 IST,935.62,TIMEOUT_20D,0.91,20,86.0,V_REVERSAL,True,True,True,6.0,True,NONE
SKIPPER,2025-10-21 15:30:00 IST,BULL,2025-10-21 09:15:00 IST,915.99,901.16,938.24,945.65,953.07,960.48,2025-10-22 15:30:00 IST,938.24,TARGET_1,1.5,1,84.0,CUP_HANDLE,True,True,True,1.62,True,NONE
SKIPPER,2026-01-01 15:30:00 IST,BULL,2026-01-01 09:15:00 IST,1025.11,986.58,1082.9,1102.17,1121.43,1140.7,2026-01-09 15:30:00 IST,986.58,STOP_LOSS,-1.0,6,92.0,MULTI_MONTH_BASE_BREAKOUT,True,True,True,3.76,True,NONE
SKIPPER,2026-03-26 15:30:00 IST,BULL,2026-03-26 09:15:00 IST,1133.37,1090.24,1198.07,1219.63,1241.19,1262.76,2026-03-31 15:30:00 IST,1090.24,STOP_LOSS,-1.0,3,93.0,MULTI_MONTH_BASE_BREAKOUT,True,True,True,3.81,True,NONE
SKIPPER,2026-05-06 15:30:00 IST,BULL,2026-05-06 09:15:00 IST,1168.08,1137.44,1214.03,1229.36,1244.68,1260.0,2026-05-08 15:30:00 IST,1137.44,STOP_LOSS,-1.0,2,94.0,BULL_FLAG,True,True,True,2.62,True,NONE
SKIPPER,2026-05-28 15:30:00 IST,BULL,2026-05-28 09:15:00 IST,1210.42,1158.59,1288.17,1314.08,1340.0,1365.91,2026-06-18 15:30:00 IST,1288.17,TARGET_1,1.5,15,90.0,HIGHER_LOW_REVERSAL,True,True,True,4.28,True,NONE
SMSPHARMA,2025-10-24 15:30:00 IST,BULL,2025-10-24 09:15:00 IST,297.69,279.83,324.48,333.41,342.34,351.27,2025-11-03 15:30:00 IST,279.83,STOP_LOSS,-1.0,7,89.0,CUP_HANDLE,True,True,True,6.0,True,NONE
SMSPHARMA,2025-11-26 15:30:00 IST,BULL,2025-11-26 09:15:00 IST,322.3,302.96,351.31,360.98,370.65,380.32,2025-12-17 15:30:00 IST,302.96,STOP_LOSS,-1.0,16,92.0,V_REVERSAL,True,True,True,6.0,True,NONE
SMSPHARMA,2026-01-02 15:30:00 IST,BULL,2026-01-02 09:15:00 IST,326.25,306.67,355.62,365.41,375.2,384.99,2026-01-07 15:30:00 IST,355.62,TARGET_1,1.5,4,80.0,CUP_HANDLE,True,True,True,6.0,True,NONE
SMSPHARMA,2026-02-12 15:30:00 IST,BULL,2026-02-12 09:15:00 IST,350.8,329.75,382.37,392.9,403.43,413.95,2026-02-19 15:30:00 IST,382.37,TARGET_1,1.5,6,95.0,WYCKOFF_SPRING_TYPE_2,True,True,True,6.0,True,NONE
SMSPHARMA,2026-03-10 15:30:00 IST,BULL,2026-03-10 09:15:00 IST,420.3,395.08,458.13,470.74,483.35,495.96,2026-03-12 15:30:00 IST,395.08,STOP_LOSS,-1.0,3,95.0,BULL_FLAG,True,True,True,6.0,True,NONE
SMSPHARMA,2026-08-07 15:30:00 IST,BEAR,2026-08-07 09:15:00 IST,378.1,355.41,412.14,423.48,434.83,446.17,2026-08-17 15:30:00 IST,355.41,STOP_LOSS,-1.0,7,94.0,SHAKEOUT_RECLAIM,True,True,True,6.0,True,NONE
SMLMAH,2025-12-30 15:30:00 IST,BULL,2025-12-30 09:15:00 IST,3939.46,3703.09,4294.01,4412.2,4530.39,4648.57,2026-01-06 15:30:00 IST,4294.01,TARGET_1,1.5,6,91.0,BULL_FLAG,True,True,True,6.0,True,NONE
SMLMAH,2026-01-07 15:30:00 IST,BULL,2026-01-07 09:15:00 IST,4405.51,4141.18,4802.0,4934.17,5066.34,5198.5,2026-01-11 15:30:00 IST,4141.18,STOP_LOSS,-1.0,3,87.0,BULL_FLAG,True,True,True,6.0,True,NONE
SMLMAH,2026-02-12 15:30:00 IST,BULL,2026-02-12 09:15:00 IST,4832.79,4542.82,5267.74,5412.73,5557.72,5702.7,2026-02-17 15:30:00 IST,5267.74,TARGET_1,1.5,4,95.0,DOUBLE_BOTTOM,True,True,True,6.0,True,NONE
SMLMAH,2026-04-08 15:30:00 IST,SIDEWAYS,2026-04-08 09:15:00 IST,4293.77,4036.14,4680.21,4809.03,4937.85,5066.66,2026-04-12 15:30:00 IST,4036.14,STOP_LOSS,-1.0,3,97.0,WYCKOFF_SPRING_TYPE_2,True,True,True,6.0,True,NONE
SMLMAH,2026-05-22 15:30:00 IST,SIDEWAYS,2026-05-22 09:15:00 IST,3842.93,3612.35,4188.79,4304.09,4419.38,4534.67,2026-05-31 15:30:00 IST,3612.35,STOP_LOSS,-1.0,6,84.0,SHAKEOUT_RECLAIM,True,True,True,6.0,True,NONE
SMLMAH,2026-06-03 15:30:00 IST,SIDEWAYS,2026-06-03 09:15:00 IST,3791.03,3563.57,4132.23,4245.95,4359.68,4473.41,2026-06-14 15:30:00 IST,4132.23,TARGET_1,1.5,8,85.0,WYCKOFF_SPRING_TYPE_2,True,True,True,6.0,True,NONE
SMLMAH,2026-06-12 15:30:00 IST,SIDEWAYS,2026-06-12 09:15:00 IST,3861.02,3629.36,4208.51,4324.34,4440.17,4556.0,2026-07-09 15:30:00 IST,4154.9,TIMEOUT_20D,1.27,20,90.0,SHAKEOUT_RECLAIM,True,True,True,6.0,True,NONE
SMLMAH,2026-06-25 15:30:00 IST,BULL,2026-06-25 09:15:00 IST,4068.89,3875.64,4358.77,4455.39,4552.01,4648.64,2026-07-06 15:30:00 IST,3875.64,STOP_LOSS,-1.0,8,97.0,CUP_HANDLE,True,True,True,4.75,True,NONE
SMLMAH,2026-07-29 15:30:00 IST,BULL,2026-07-29 09:15:00 IST,4566.0,4292.04,4976.94,5113.92,5250.9,5387.88,2026-07-29 15:30:00 IST,4976.94,TARGET_1,1.5,1,97.0,MULTI_MONTH_BASE_BREAKOUT,True,True,True,6.0,True,NONE
SMLMAH,2026-08-05 15:30:00 IST,BULL,2026-08-05 09:15:00 IST,5917.5,5562.45,6450.08,6627.6,6805.12,6982.65,2026-08-06 15:30:00 IST,5562.45,STOP_LOSS,-1.0,2,95.0,WYCKOFF_SPRING_TYPE_2,True,True,True,6.0,True,NONE
SOLARINDS,2025-12-19 15:30:00 IST,BEAR,2025-12-19 09:15:00 IST,11911.0,11587.77,12395.84,12557.46,12719.07,12880.69,2025-12-21 15:30:00 IST,12395.84,TARGET_1,1.5,1,90.0,SHAKEOUT_RECLAIM,True,True,True,2.71,True,NONE
SOLARINDS,2026-03-02 15:30:00 IST,BULL,2026-03-02 09:15:00 IST,13989.0,13149.66,15248.01,15667.68,16087.35,16507.02,2026-03-05 15:30:00 IST,15248.01,TARGET_1,1.5,3,92.0,HIGHER_LOW_REVERSAL,True,True,True,6.0,True,NONE
SOLARINDS,2026-05-14 15:30:00 IST,BULL,2026-05-14 09:15:00 IST,16665.0,15665.1,18164.85,18664.8,19164.75,19664.7,2026-05-18 15:30:00 IST,18164.85,TARGET_1,1.5,3,94.0,CUP_HANDLE,True,True,True,6.0,True,NONE
SOLARINDS,2026-06-29 15:30:00 IST,BULL,2026-06-29 09:15:00 IST,17798.0,16747.84,19373.24,19898.32,20423.4,20948.48,2026-07-26 15:30:00 IST,18617.0,TIMEOUT_20D,0.78,20,92.0,WYCKOFF_SPRING_TYPE_2,True,True,True,5.9,True,NONE
SOLARINDS,2026-07-20 15:30:00 IST,BULL,2026-07-20 09:15:00 IST,19028.0,18402.84,19965.74,20278.32,20590.9,20903.48,2026-07-23 15:30:00 IST,18402.84,STOP_LOSS,-1.0,4,91.0,MULTI_MONTH_BASE_BREAKOUT,True,True,True,3.29,True,NONE
SOLARINDS,2026-08-13 15:30:00 IST,BULL,2026-08-13 09:15:00 IST,20324.0,19104.56,22153.16,22762.88,23372.6,23982.32,2026-09-03 15:30:00 IST,21445.0,TIMEOUT_20D,0.92,16,94.0,SHAKEOUT_RECLAIM,True,True,True,6.0,True,NONE
SONACOMS,2025-11-19 15:30:00 IST,BULL,2025-11-19 09:15:00 IST,503.84,485.31,531.64,540.9,550.16,559.43,2025-12-04 15:30:00 IST,485.31,STOP_LOSS,-1.0,12,97.0,MULTI_MONTH_BASE_BREAKOUT,True,True,True,3.68,True,NONE
SONACOMS,2025-12-19 15:30:00 IST,BULL,2025-12-19 09:15:00 IST,493.76,464.13,538.19,553.02,567.84,582.65,2026-01-07 15:30:00 IST,464.13,STOP_LOSS,-1.0,13,91.0,WYCKOFF_SPRING_TYPE_2,True,True,True,6.0,True,NONE
SONACOMS,2026-01-22 15:30:00 IST,SIDEWAYS,2026-01-22 09:15:00 IST,466.23,438.25,508.19,522.19,536.18,550.17,2026-02-02 15:30:00 IST,508.19,TARGET_1,1.5,7,88.0,V_REVERSAL,True,True,True,6.0,True,NONE
SONACOMS,2026-04-10 15:30:00 IST,SIDEWAYS,2026-04-10 09:15:00 IST,552.64,531.42,584.48,595.08,605.69,616.3,2026-04-14 15:30:00 IST,584.48,TARGET_1,1.5,2,94.0,MULTI_MONTH_BASE_BREAKOUT,True,True,True,3.84,True,NONE
SONACOMS,2026-04-27 15:30:00 IST,BULL,2026-04-27 09:15:00 IST,586.94,551.73,639.77,657.36,674.97,692.57,2026-05-24 15:30:00 IST,592.93,TIMEOUT_20D,0.17,20,88.0,SHAKEOUT_RECLAIM,True,True,True,6.0,True,NONE
SONACOMS,2026-06-19 15:30:00 IST,BULL,2026-06-19 09:15:00 IST,612.02,586.94,649.64,662.18,674.72,687.26,2026-07-01 15:30:00 IST,649.64,TARGET_1,1.5,9,81.0,CUP_HANDLE,True,True,True,4.1,True,NONE
SONACOMS,2026-07-02 15:30:00 IST,BULL,2026-07-02 09:15:00 IST,662.3,622.56,721.91,741.78,761.65,781.52,2026-07-20 15:30:00 IST,721.91,TARGET_1,1.5,13,90.0,HIGHER_LOW_REVERSAL,True,True,True,6.0,True,NONE
SONACOMS,2026-07-30 15:30:00 IST,BULL,2026-07-30 09:15:00 IST,763.75,719.4,830.28,852.45,874.62,896.8,2026-08-09 15:30:00 IST,830.28,TARGET_1,1.5,7,98.0,MULTI_MONTH_BASE_BREAKOUT,True,True,True,5.81,True,NONE
SMARTWORKS,2025-09-09 15:30:00 IST,BULL,2025-09-09 09:15:00 IST,842.88,832.28,858.78,864.08,869.38,874.68,2025-09-12 15:30:00 IST,858.78,TARGET_1,1.5,3,87.0,CUP_HANDLE,True,True,True,1.26,True,NONE
SMARTWORKS,2025-10-15 15:30:00 IST,BULL,2025-10-15 09:15:00 IST,954.17,899.46,1036.24,1063.59,1090.94,1118.3,2025-11-12 15:30:00 IST,968.66,TIMEOUT_20D,0.26,20,84.0,V_REVERSAL,True,True,True,5.73,True,NONE
SMARTWORKS,2025-12-12 15:30:00 IST,SIDEWAYS,2025-12-12 09:15:00 IST,953.35,923.25,998.51,1013.55,1028.6,1043.65,2025-12-16 15:30:00 IST,923.25,STOP_LOSS,-1.0,2,85.0,WYCKOFF_SPRING_TYPE_2,True,True,True,3.16,True,NONE
SMARTWORKS,2026-04-13 15:30:00 IST,BULL,2026-04-13 09:15:00 IST,934.73,891.99,998.83,1020.21,1041.58,1062.95,2026-04-30 15:30:00 IST,891.99,STOP_LOSS,-1.0,13,91.0,DOUBLE_BOTTOM,True,True,True,4.57,True,NONE
SMARTWORKS,2026-06-10 15:30:00 IST,SIDEWAYS,2026-06-10 09:15:00 IST,872.13,834.92,927.95,946.55,965.16,983.76,2026-06-17 15:30:00 IST,927.95,TARGET_1,1.5,5,87.0,V_REVERSAL,True,True,True,4.27,True,NONE
SMARTWORKS,2026-07-16 15:30:00 IST,SIDEWAYS,2026-07-16 09:15:00 IST,875.69,845.34,921.21,936.39,951.57,966.74,2026-08-10 15:30:00 IST,845.34,STOP_LOSS,-1.0,17,95.0,WYCKOFF_SPRING_TYPE_2,True,True,True,3.47,True,NONE
SMARTWORKS,2026-08-19 15:30:00 IST,SIDEWAYS,2026-08-19 09:15:00 IST,841.27,790.79,916.98,942.23,967.47,992.71,2026-08-19 15:30:00 IST,790.79,STOP_LOSS,-1.0,1,90.0,SHAKEOUT_RECLAIM,True,True,True,6.0,True,NONE
SONATSOFTW,2025-12-23 15:30:00 IST,SIDEWAYS,2025-12-23 09:15:00 IST,354.95,333.65,386.9,397.55,408.2,418.85,2026-01-15 15:30:00 IST,333.65,STOP_LOSS,-1.0,17,79.0,V_REVERSAL,True,True,True,6.0,True,NONE
SONATSOFTW,2026-01-07 15:30:00 IST,SIDEWAYS,2026-01-07 09:15:00 IST,364.79,343.2,397.16,407.97,418.77,429.56,2026-01-08 15:30:00 IST,343.2,STOP_LOSS,-1.0,2,93.0,HIGHER_LOW_REVERSAL,True,True,True,5.92,True,NONE
SONATSOFTW,2026-02-19 15:30:00 IST,BEAR,2026-02-19 09:15:00 IST,282.79,265.82,308.24,316.73,325.22,333.7,2026-02-23 15:30:00 IST,265.82,STOP_LOSS,-1.0,3,84.0,SHAKEOUT_RECLAIM,True,True,True,6.0,True,NONE
SONATSOFTW,2026-06-16 15:30:00 IST,BULL,2026-06-16 09:15:00 IST,305.88,290.49,328.97,336.66,344.35,352.05,2026-06-18 15:30:00 IST,290.49,STOP_LOSS,-1.0,3,96.0,DOUBLE_BOTTOM,True,True,True,5.03,True,NONE
SONATSOFTW,2026-08-28 15:30:00 IST,SIDEWAYS,2026-08-28 09:15:00 IST,304.6,286.61,331.59,340.58,349.58,358.57,2026-08-31 15:30:00 IST,286.61,STOP_LOSS,-1.0,2,88.0,SHAKEOUT_RECLAIM,True,True,True,5.91,True,NONE
SOTL,2026-03-17 15:30:00 IST,BEAR,2026-03-17 09:15:00 IST,338.67,318.35,369.16,379.31,389.47,399.63,2026-03-22 15:30:00 IST,318.35,STOP_LOSS,-1.0,4,89.0,SHAKEOUT_RECLAIM,True,True,True,6.0,True,NONE
SOTL,2026-05-04 15:30:00 IST,BULL,2026-05-04 09:15:00 IST,378.53,355.82,412.6,423.95,435.3,446.66,2026-05-05 15:30:00 IST,412.6,TARGET_1,1.5,2,92.0,BULL_FLAG,True,True,True,6.0,True,NONE
SOTL,2026-06-03 15:30:00 IST,BULL,2026-06-03 09:15:00 IST,510.86,480.21,556.84,572.16,587.49,602.81,2026-06-03 15:30:00 IST,556.84,TARGET_1,1.5,1,92.0,HIGHER_LOW_REVERSAL,True,True,True,6.0,True,NONE
SOTL,2026-08-05 15:30:00 IST,BULL,2026-08-05 09:15:00 IST,674.07,633.63,734.73,754.95,775.17,795.39,2026-08-05 15:30:00 IST,734.73,TARGET_1,1.5,1,83.0,BULL_PENNANT,True,True,True,6.0,True,NONE
SOBHA,2025-04-23 15:30:00 IST,SIDEWAYS,2025-04-23 09:15:00 IST,1086.93,1045.58,1148.94,1169.63,1190.31,1210.98,2025-04-25 15:30:00 IST,1045.58,STOP_LOSS,-1.0,2,91.0,WYCKOFF_SPRING_TYPE_2,True,True,True,3.8,True,NONE
SOBHA,2025-06-23 15:30:00 IST,BEAR,2025-06-23 09:15:00 IST,1007.11,971.81,1060.05,1077.71,1095.36,1113.01,2025-07-10 15:30:00 IST,971.81,STOP_LOSS,-1.0,13,84.0,V_REVERSAL,True,True,True,3.5,True,NONE
SOBHA,2025-07-21 15:30:00 IST,SIDEWAYS,2025-07-21 09:15:00 IST,998.38,962.63,1052.0,1069.88,1087.76,1105.63,2025-07-22 15:30:00 IST,962.63,STOP_LOSS,-1.0,1,88.0,WYCKOFF_SPRING_TYPE_2,True,True,True,3.58,True,NONE
SOBHA,2025-09-22 15:30:00 IST,BULL,2025-09-22 09:15:00 IST,961.33,920.84,1022.06,1042.31,1062.56,1082.8,2025-10-20 15:30:00 IST,1009.81,TIMEOUT_20D,1.2,20,89.0,WYCKOFF_SPRING_TYPE_2,True,True,True,4.21,True,NONE
SOBHA,2026-05-06 15:30:00 IST,BULL,2026-05-06 09:15:00 IST,1156.67,1121.0,1210.18,1228.01,1245.85,1263.68,2026-05-25 15:30:00 IST,1210.18,TARGET_1,1.5,13,93.0,MULTI_MONTH_BASE_BREAKOUT,True,True,True,3.08,True,NONE
SPAL,2026-01-22 15:30:00 IST,BEAR,2026-01-22 09:15:00 IST,651.65,612.55,710.3,729.85,749.4,768.95,2026-02-02 15:30:00 IST,710.3,TARGET_1,1.5,7,87.0,SHAKEOUT_RECLAIM,True,True,True,6.0,True,NONE
SPAL,2026-02-09 15:30:00 IST,SIDEWAYS,2026-02-09 09:15:00 IST,786.15,738.98,856.91,880.49,904.07,927.66,2026-02-10 15:30:00 IST,738.98,STOP_LOSS,-1.0,2,92.0,SHAKEOUT_RECLAIM,True,True,True,6.0,True,NONE
SPAL,2026-04-22 15:30:00 IST,BULL,2026-04-22 09:15:00 IST,801.3,753.22,873.42,897.46,921.5,945.54,2026-05-20 15:30:00 IST,753.22,STOP_LOSS,-1.0,20,90.0,SHAKEOUT_RECLAIM,True,True,True,6.0,True,NONE
SPAL,2026-06-18 15:30:00 IST,BULL,2026-06-18 09:15:00 IST,920.95,865.69,1003.84,1031.47,1059.1,1086.73,2026-06-18 15:30:00 IST,1003.84,TARGET_1,1.5,1,93.0,SHAKEOUT_RECLAIM,True,True,True,6.0,True,NONE
SPAL,2026-06-24 15:30:00 IST,BULL,2026-06-24 09:15:00 IST,1109.1,1042.55,1208.92,1242.2,1275.47,1308.75,2026-06-28 15:30:00 IST,1042.55,STOP_LOSS,-1.0,3,93.0,SHAKEOUT_RECLAIM,True,True,True,6.0,True,NONE
SPAL,2026-08-04 15:30:00 IST,BULL,2026-08-04 09:15:00 IST,1032.4,970.46,1125.31,1156.28,1187.25,1218.22,2026-08-12 15:30:00 IST,970.46,STOP_LOSS,-1.0,7,95.0,WYCKOFF_SPRING_TYPE_2,True,True,True,6.0,True,NONE
SRF,2025-11-28 15:30:00 IST,SIDEWAYS,2025-11-28 09:15:00 IST,2921.91,2753.36,3174.73,3259.01,3343.28,3427.56,2025-12-28 15:30:00 IST,3070.23,TIMEOUT_20D,0.88,20,92.0,WYCKOFF_SPRING_TYPE_2,True,True,True,5.77,True,NONE
SRF,2025-12-12 15:30:00 IST,SIDEWAYS,2025-12-12 09:15:00 IST,3018.03,2883.03,3220.53,3288.03,3355.53,3423.03,2026-01-11 15:30:00 IST,3040.39,TIMEOUT_20D,0.17,20,87.0,DOUBLE_BOTTOM,True,True,True,4.47,True,NONE
SRF,2026-01-28 15:30:00 IST,BEAR,2026-01-28 09:15:00 IST,2817.0,2647.98,3070.53,3155.04,3239.55,3324.06,2026-02-02 15:30:00 IST,3070.53,TARGET_1,1.5,4,82.0,SHAKEOUT_RECLAIM,True,True,True,6.0,True,NONE
SRF,2026-03-12 15:30:00 IST,BEAR,2026-03-12 09:15:00 IST,2626.3,2468.72,2862.67,2941.46,3020.25,3099.04,2026-03-15 15:30:00 IST,2468.72,STOP_LOSS,-1.0,2,96.0,SHAKEOUT_RECLAIM,True,True,True,6.0,True,NONE
SRF,2026-03-18 15:30:00 IST,BEAR,2026-03-18 09:15:00 IST,2569.4,2415.24,2800.64,2877.72,2954.8,3031.88,2026-03-22 15:30:00 IST,2415.24,STOP_LOSS,-1.0,3,81.0,V_REVERSAL,True,True,True,6.0,True,NONE
SRF,2026-03-24 15:30:00 IST,BEAR,2026-03-24 09:15:00 IST,2471.6,2369.09,2625.37,2676.62,2727.87,2779.13,2026-04-05 15:30:00 IST,2369.09,STOP_LOSS,-1.0,6,97.0,SHAKEOUT_RECLAIM,True,True,True,4.15,True,NONE
SRF,2026-04-23 15:30:00 IST,SIDEWAYS,2026-04-23 09:15:00 IST,2542.4,2389.86,2771.21,2847.48,2923.75,3000.02,2026-05-06 15:30:00 IST,2771.21,TARGET_1,1.5,10,85.0,WYCKOFF_SPRING_TYPE_2,True,True,True,6.0,True,NONE
SRF,2026-05-06 15:30:00 IST,BULL,2026-05-06 09:15:00 IST,2719.6,2556.42,2964.37,3045.96,3127.55,3209.14,2026-06-02 15:30:00 IST,2718.4,TIMEOUT_20D,-0.01,20,90.0,DOUBLE_BOTTOM,True,True,True,6.0,True,NONE
SRF,2026-07-16 15:30:00 IST,BULL,2026-07-16 09:15:00 IST,2889.3,2773.72,3062.67,3120.46,3178.25,3236.04,2026-07-22 15:30:00 IST,2773.72,STOP_LOSS,-1.0,5,93.0,MULTI_MONTH_BASE_BREAKOUT,True,True,True,4.0,True,NONE
SOUTHBANK,2025-06-16 15:30:00 IST,BULL,2025-06-16 09:15:00 IST,1538.53,1499.45,1597.16,1616.69,1636.23,1655.77,2025-06-19 15:30:00 IST,1597.16,TARGET_1,1.5,3,86.0,CUP_HANDLE,True,True,True,2.54,True,NONE
SOUTHBANK,2026-01-13 15:30:00 IST,BULL,2026-01-13 09:15:00 IST,2057.52,1965.25,2195.92,2242.06,2288.19,2334.33,2026-02-06 15:30:00 IST,2195.92,TARGET_1,1.5,18,91.0,MULTI_MONTH_BASE_BREAKOUT,True,True,True,4.48,True,NONE
SOUTHBANK,2026-05-08 15:30:00 IST,BULL,2026-05-08 09:15:00 IST,2839.94,2723.46,3014.65,3072.9,3131.14,3189.38,2026-06-05 15:30:00 IST,2840.39,TIMEOUT_20D,0.0,20,93.0,MULTI_MONTH_BASE_BREAKOUT,True,True,True,4.1,True,NONE
SRM,2025-12-09 15:30:00 IST,BEAR,2025-12-09 09:15:00 IST,532.25,500.31,580.16,596.13,612.1,628.07,2026-01-06 15:30:00 IST,531.55,TIMEOUT_20D,-0.02,20,92.0,SHAKEOUT_RECLAIM,True,True,True,6.0,True,NONE
SRM,2026-02-09 15:30:00 IST,BEAR,2026-02-09 09:15:00 IST,428.05,402.37,466.57,479.41,492.25,505.09,2026-02-12 15:30:00 IST,402.37,STOP_LOSS,-1.0,4,90.0,SHAKEOUT_RECLAIM,True,True,True,6.0,True,NONE
SRM,2026-03-27 15:30:00 IST,SIDEWAYS,2026-03-27 09:15:00 IST,405.05,380.75,441.5,453.65,465.8,477.95,2026-04-05 15:30:00 IST,441.5,TARGET_1,1.5,4,84.0,V_REVERSAL,True,True,True,6.0,True,NONE
SRM,2026-04-10 15:30:00 IST,BULL,2026-04-10 09:15:00 IST,473.8,445.37,516.44,530.66,544.88,559.09,2026-04-14 15:30:00 IST,516.44,TARGET_1,1.5,2,90.0,BULL_PENNANT,True,True,True,6.0,True,NONE
SSWL,2026-01-01 15:30:00 IST,SIDEWAYS,2026-01-01 09:15:00 IST,209.91,197.32,228.8,235.09,241.38,247.68,2026-01-11 15:30:00 IST,197.32,STOP_LOSS,-1.0,7,90.0,DOUBLE_BOTTOM,True,True,True,6.0,True,NONE
SSWL,2026-04-13 15:30:00 IST,SIDEWAYS,2026-04-13 09:15:00 IST,212.66,199.9,231.8,238.18,244.56,250.94,2026-05-11 15:30:00 IST,205.66,TIMEOUT_20D,-0.55,20,88.0,WYCKOFF_SPRING_TYPE_2,True,True,True,6.0,True,NONE
SSWL,2026-06-09 15:30:00 IST,BULL,2026-06-09 09:15:00 IST,234.6,220.52,255.72,262.76,269.8,276.84,2026-07-06 15:30:00 IST,242.04,TIMEOUT_20D,0.53,20,86.0,SHAKEOUT_RECLAIM,True,True,True,6.0,True,NONE
SSWL,2026-07-01 15:30:00 IST,BULL,2026-07-01 09:15:00 IST,246.98,232.16,269.21,276.62,284.03,291.44,2026-07-14 15:30:00 IST,269.21,TARGET_1,1.5,10,96.0,BULL_FLAG,True,True,True,6.0,True,NONE
SPARC,2025-10-01 15:30:00 IST,BULL,2025-10-01 09:15:00 IST,1069.36,1044.49,1106.67,1119.1,1131.53,1143.97,2025-10-08 15:30:00 IST,1106.67,TARGET_1,1.5,5,85.0,CUP_HANDLE,True,True,True,2.33,True,NONE
SPARC,2025-10-10 15:30:00 IST,BULL,2025-10-10 09:15:00 IST,1125.68,1086.0,1185.21,1205.04,1224.88,1244.72,2025-11-07 15:30:00 IST,1131.73,TIMEOUT_20D,0.15,20,91.0,MULTI_MONTH_BASE_BREAKOUT,True,True,True,3.53,True,NONE
SPARC,2026-01-27 15:30:00 IST,BULL,2026-01-27 09:15:00 IST,1137.98,1113.41,1174.84,1187.12,1199.4,1211.69,2026-01-29 15:30:00 IST,1113.41,STOP_LOSS,-1.0,2,90.0,CUP_HANDLE,True,True,True,2.16,True,NONE
SPARC,2026-05-28 15:30:00 IST,BEAR,2026-05-28 09:15:00 IST,1060.56,1044.75,1084.28,1092.18,1100.08,1107.99,2026-05-29 15:30:00 IST,1084.28,TARGET_1,1.5,1,90.0,WYCKOFF_SPRING_TYPE_2,True,True,True,1.49,True,NONE
SPLPETRO,2025-05-02 15:30:00 IST,BULL,2025-05-02 09:15:00 IST,1061.47,1020.58,1122.8,1143.25,1163.69,1184.14,2025-05-20 15:30:00 IST,1122.8,TARGET_1,1.5,12,94.0,MULTI_MONTH_BASE_BREAKOUT,True,True,True,3.85,True,NONE
STAR,2025-12-09 15:30:00 IST,SIDEWAYS,2025-12-09 09:15:00 IST,891.25,837.77,971.47,998.21,1024.95,1051.69,2025-12-22 15:30:00 IST,971.47,TARGET_1,1.5,10,90.0,SHAKEOUT_RECLAIM,True,True,True,6.0,True,NONE
STAR,2026-01-22 15:30:00 IST,BEAR,2026-01-22 09:15:00 IST,864.6,812.72,942.42,968.36,994.3,1020.24,2026-01-22 15:30:00 IST,812.72,STOP_LOSS,-1.0,1,87.0,SHAKEOUT_RECLAIM,True,True,True,6.0,True,NONE
STAR,2026-01-29 15:30:00 IST,BEAR,2026-01-29 09:15:00 IST,809.75,764.81,877.16,899.63,922.1,944.57,2026-01-29 15:30:00 IST,877.16,TARGET_1,1.5,1,94.0,SHAKEOUT_RECLAIM,True,True,True,5.55,True,NONE
STAR,2026-04-23 15:30:00 IST,BULL,2026-04-23 09:15:00 IST,1069.0,1004.86,1165.21,1197.28,1229.35,1261.42,2026-05-07 15:30:00 IST,1165.21,TARGET_1,1.5,11,92.0,MULTI_MONTH_BASE_BREAKOUT,True,True,True,6.0,True,NONE
STAR,2026-05-07 15:30:00 IST,BULL,2026-05-07 09:15:00 IST,1146.8,1077.99,1250.02,1284.42,1318.82,1353.23,2026-05-18 15:30:00 IST,1077.99,STOP_LOSS,-1.0,8,89.0,HIGHER_LOW_REVERSAL,True,True,True,6.0,True,NONE
STAR,2026-05-19 15:30:00 IST,BULL,2026-05-19 09:15:00 IST,1153.6,1084.38,1257.43,1292.04,1326.65,1361.26,2026-06-01 15:30:00 IST,1084.38,STOP_LOSS,-1.0,10,93.0,V_REVERSAL,True,True,True,6.0,True,NONE
STOVEKRAFT,2025-12-12 15:30:00 IST,SIDEWAYS,2025-12-12 09:15:00 IST,618.71,581.59,674.39,692.95,711.51,730.07,2025-12-16 15:30:00 IST,581.59,STOP_LOSS,-1.0,3,94.0,BULL_PENNANT,True,True,True,6.0,True,NONE
STOVEKRAFT,2026-03-10 15:30:00 IST,BEAR,2026-03-10 09:15:00 IST,484.27,455.22,527.85,542.37,556.89,571.42,2026-03-10 15:30:00 IST,527.85,TARGET_1,1.5,1,92.0,SHAKEOUT_RECLAIM,True,True,True,6.0,True,NONE
STOVEKRAFT,2026-04-23 15:30:00 IST,BULL,2026-04-23 09:15:00 IST,546.96,514.14,596.19,612.6,629.01,645.42,2026-05-11 15:30:00 IST,596.19,TARGET_1,1.5,13,97.0,WYCKOFF_SPRING_TYPE_2,True,True,True,6.0,True,NONE
STOVEKRAFT,2026-05-27 15:30:00 IST,BULL,2026-05-27 09:15:00 IST,603.32,572.55,649.49,664.86,680.25,695.63,2026-06-03 15:30:00 IST,649.49,TARGET_1,1.5,6,95.0,DOUBLE_BOTTOM,True,True,True,5.1,True,NONE
STYL,2026-03-09 15:30:00 IST,SIDEWAYS,2026-03-09 09:15:00 IST,258.44,242.93,281.7,289.46,297.21,304.97,2026-03-18 15:30:00 IST,242.93,STOP_LOSS,-1.0,8,96.0,WYCKOFF_SPRING_TYPE_2,True,True,True,6.0,True,NONE
STYL,2026-04-20 15:30:00 IST,SIDEWAYS,2026-04-20 09:15:00 IST,244.66,229.98,266.69,274.02,281.36,288.7,2026-05-06 15:30:00 IST,266.69,TARGET_1,1.5,13,94.0,WYCKOFF_SPRING_TYPE_2,True,True,True,6.0,True,NONE
STYL,2026-06-22 15:30:00 IST,BULL,2026-06-22 09:15:00 IST,304.33,286.07,331.71,340.85,349.98,359.11,2026-07-01 15:30:00 IST,331.71,TARGET_1,1.5,8,86.0,BULL_FLAG,True,True,True,6.0,True,NONE
STYL,2026-07-01 15:30:00 IST,BULL,2026-07-01 09:15:00 IST,325.25,305.73,354.52,364.29,374.05,383.81,2026-07-07 15:30:00 IST,354.52,TARGET_1,1.5,5,85.0,BULL_FLAG,True,True,True,6.0,True,NONE
STYL,2026-07-07 15:30:00 IST,BULL,2026-07-07 09:15:00 IST,345.57,324.83,376.67,387.05,397.42,407.79,2026-07-13 15:30:00 IST,376.67,TARGET_1,1.5,5,92.0,BULL_FLAG,True,True,True,6.0,True,NONE
STARCEMENT,2025-04-29 15:30:00 IST,SIDEWAYS,2025-04-29 09:15:00 IST,2210.64,2112.39,2358.02,2407.14,2456.26,2505.39,2025-05-13 15:30:00 IST,2112.39,STOP_LOSS,-1.0,10,82.0,DOUBLE_BOTTOM,True,True,True,4.44,True,NONE
STARCEMENT,2025-07-28 15:30:00 IST,BULL,2025-07-28 09:15:00 IST,2255.27,2203.2,2333.37,2359.41,2385.45,2411.48,2025-08-07 15:30:00 IST,2333.37,TARGET_1,1.5,8,90.0,CUP_HANDLE,True,True,True,2.31,True,NONE
STARCEMENT,2025-09-02 15:30:00 IST,BULL,2025-09-02 09:15:00 IST,2334.88,2267.92,2435.32,2468.8,2502.28,2535.76,2025-09-22 15:30:00 IST,2435.32,TARGET_1,1.5,14,85.0,CUP_HANDLE,True,True,True,2.87,True,NONE
STARCEMENT,2025-09-15 15:30:00 IST,BULL,2025-09-15 09:15:00 IST,2366.16,2310.78,2449.24,2476.92,2504.61,2532.3,2025-09-23 15:30:00 IST,2449.24,TARGET_1,1.5,6,81.0,CUP_HANDLE,True,True,True,2.34,True,NONE
STARCEMENT,2026-03-06 15:30:00 IST,BULL,2026-03-06 09:15:00 IST,2828.26,2739.95,2960.72,3004.88,3049.04,3093.19,2026-03-25 15:30:00 IST,2739.95,STOP_LOSS,-1.0,13,91.0,MULTI_MONTH_BASE_BREAKOUT,True,True,True,3.12,True,NONE
STARCEMENT,2026-03-31 15:30:00 IST,BULL,2026-03-31 09:15:00 IST,2770.46,2713.56,2855.8,2884.26,2912.71,2941.16,2026-04-20 15:30:00 IST,2713.56,STOP_LOSS,-1.0,14,86.0,CUP_HANDLE,True,True,True,2.05,True,NONE
STARCEMENT,2026-05-01 15:30:00 IST,SIDEWAYS,2026-05-01 09:15:00 IST,2836.99,2666.77,3092.32,3177.43,3262.54,3347.65,2026-05-29 15:30:00 IST,2947.76,TIMEOUT_20D,0.65,20,86.0,V_REVERSAL,True,True,True,6.0,True,NONE
STARCEMENT,2026-06-05 15:30:00 IST,BULL,2026-06-05 09:15:00 IST,3046.47,2929.42,3222.03,3280.57,3339.09,3397.62,2026-06-22 15:30:00 IST,2929.42,STOP_LOSS,-1.0,11,93.0,MULTI_MONTH_BASE_BREAKOUT,True,True,True,3.84,True,NONE
STARHEALTH,2025-12-02 15:30:00 IST,BULL,2025-12-02 09:15:00 IST,860.36,811.35,933.86,958.38,982.88,1007.39,2025-12-30 15:30:00 IST,883.89,TIMEOUT_20D,0.48,20,88.0,V_REVERSAL,True,True,True,5.7,True,NONE
STARHEALTH,2026-02-27 15:30:00 IST,BULL,2026-02-27 09:15:00 IST,1025.25,963.73,1117.52,1148.29,1179.05,1209.81,2026-03-17 15:30:00 IST,963.73,STOP_LOSS,-1.0,12,84.0,V_REVERSAL,True,True,True,6.0,True,NONE
STARHEALTH,2026-05-18 15:30:00 IST,BULL,2026-05-18 09:15:00 IST,1023.68,987.68,1077.67,1095.68,1113.68,1131.68,2026-06-15 15:30:00 IST,1004.54,TIMEOUT_20D,-0.53,20,90.0,CUP_HANDLE,True,True,True,3.52,True,NONE
STLTECH,2025-03-26 15:30:00 IST,BEAR,2025-03-26 09:15:00 IST,1688.66,1636.54,1766.83,1792.9,1818.96,1845.02,2025-04-21 15:30:00 IST,1766.83,TARGET_1,1.5,18,85.0,WYCKOFF_SPRING_TYPE_2,True,True,True,3.09,True,NONE
STLTECH,2025-04-04 15:30:00 IST,BEAR,2025-04-04 09:15:00 IST,1700.49,1629.1,1807.57,1843.27,1878.97,1914.66,2025-04-24 15:30:00 IST,1807.57,TARGET_1,1.5,14,87.0,WYCKOFF_SPRING_TYPE_2,True,True,True,4.2,True,NONE
STLTECH,2025-07-25 15:30:00 IST,BULL,2025-07-25 09:15:00 IST,1994.94,1945.69,2068.81,2093.44,2118.07,2142.69,2025-08-13 15:30:00 IST,2068.81,TARGET_1,1.5,13,91.0,CUP_HANDLE,True,True,True,2.47,True,NONE
STLTECH,2025-08-11 15:30:00 IST,BULL,2025-08-11 09:15:00 IST,2033.39,1997.63,2087.03,2104.91,2122.79,2140.67,2025-08-15 15:30:00 IST,1997.63,STOP_LOSS,-1.0,4,91.0,CUP_HANDLE,True,True,True,1.76,True,NONE
STLTECH,2025-09-29 15:30:00 IST,BULL,2025-09-29 09:15:00 IST,2015.45,1959.76,2098.99,2126.83,2154.68,2182.52,2025-10-27 15:30:00 IST,2004.21,TIMEOUT_20D,-0.2,20,83.0,CUP_HANDLE,True,True,True,2.76,True,NONE
STLTECH,2026-03-26 15:30:00 IST,BULL,2026-03-26 09:15:00 IST,2149.71,2066.05,2275.2,2317.03,2358.86,2400.69,2026-04-03 15:30:00 IST,2275.2,TARGET_1,1.5,6,97.0,MULTI_MONTH_BASE_BREAKOUT,True,True,True,3.89,True,NONE
STLTECH,2026-05-22 15:30:00 IST,BEAR,2026-05-22 09:15:00 IST,2129.48,2094.62,2181.77,2199.2,2216.63,2234.06,2026-05-27 15:30:00 IST,2094.62,STOP_LOSS,-1.0,3,91.0,CUP_HANDLE,True,True,True,1.64,True,NONE
STLTECH,2026-08-03 15:30:00 IST,BEAR,2026-08-03 09:15:00 IST,2006.62,1947.73,2094.96,2124.4,2153.84,2183.29,2026-08-10 15:30:00 IST,1947.73,STOP_LOSS,-1.0,5,89.0,WYCKOFF_SPRING_TYPE_2,True,True,True,2.93,True,NONE
STYLAMIND,2025-12-22 15:30:00 IST,BULL,2025-12-22 09:15:00 IST,2255.1,2172.7,2378.7,2419.9,2461.1,2502.3,2025-12-25 15:30:00 IST,2172.7,INTRABAR_AMBIGUITY_LOSS,-1.0,3,91.0,MULTI_MONTH_BASE_BREAKOUT,True,True,True,3.65,True,NONE
STYLAMIND,2026-04-15 15:30:00 IST,BULL,2026-04-15 09:15:00 IST,2250.6,2201.04,2324.94,2349.72,2374.5,2399.28,2026-05-05 15:30:00 IST,2324.94,TARGET_1,1.5,15,88.0,BULL_FLAG,True,True,True,2.2,True,NONE
STYLAMIND,2026-05-07 15:30:00 IST,BULL,2026-05-07 09:15:00 IST,2634.8,2476.71,2871.94,2950.98,3030.03,3109.07,2026-05-10 15:30:00 IST,2476.71,STOP_LOSS,-1.0,2,90.0,MULTI_MONTH_BASE_BREAKOUT,True,True,True,6.0,True,NONE
STYLAMIND,2026-05-18 15:30:00 IST,BULL,2026-05-18 09:15:00 IST,2805.8,2667.5,3013.25,3082.4,3151.55,3220.7,2026-06-03 15:30:00 IST,3013.25,TARGET_1,1.5,13,97.0,MULTI_MONTH_BASE_BREAKOUT,True,True,True,4.93,True,NONE
STYLAMIND,2026-07-20 15:30:00 IST,BULL,2026-07-20 09:15:00 IST,3414.3,3209.44,3721.59,3824.02,3926.45,4028.88,2026-07-21 15:30:00 IST,3721.59,TARGET_1,1.5,2,93.0,BULL_FLAG,True,True,True,6.0,True,NONE
STYRENIX,2025-09-08 15:30:00 IST,SIDEWAYS,2025-09-08 09:15:00 IST,2011.94,1916.2,2155.54,2203.42,2251.29,2299.16,2025-10-06 15:30:00 IST,2055.48,TIMEOUT_20D,0.45,20,91.0,DOUBLE_BOTTOM,True,True,True,4.76,True,NONE
STYRENIX,2025-10-20 15:30:00 IST,BULL,2025-10-20 09:15:00 IST,2086.66,2001.16,2214.92,2257.66,2300.41,2343.16,2025-11-17 15:30:00 IST,2092.25,TIMEOUT_20D,0.07,20,83.0,ASCENDING_TRIANGLE,True,True,True,4.1,True,NONE
SUBROS,2025-03-26 15:30:00 IST,BULL,2025-03-26 09:15:00 IST,1338.53,1304.31,1389.86,1406.97,1424.08,1441.19,2025-04-23 15:30:00 IST,1374.93,TIMEOUT_20D,1.06,20,88.0,CUP_HANDLE,True,True,True,2.56,True,NONE
SUBROS,2025-04-18 15:30:00 IST,BULL,2025-04-18 09:15:00 IST,1348.86,1315.57,1398.79,1415.44,1432.08,1448.73,2025-04-25 15:30:00 IST,1315.57,STOP_LOSS,-1.0,5,91.0,CUP_HANDLE,True,True,True,2.47,True,NONE
SUBROS,2025-05-09 15:30:00 IST,BULL,2025-05-09 09:15:00 IST,1332.73,1305.19,1374.05,1387.81,1401.58,1415.35,2025-05-19 15:30:00 IST,1374.05,TARGET_1,1.5,6,91.0,CUP_HANDLE,True,True,True,2.07,True,NONE
SUBROS,2025-05-19 15:30:00 IST,BULL,2025-05-19 09:15:00 IST,1390.91,1337.86,1470.49,1497.01,1523.54,1550.06,2025-05-29 15:30:00 IST,1470.49,TARGET_1,1.5,8,94.0,MULTI_MONTH_BASE_BREAKOUT,True,True,True,3.81,True,NONE
SUBROS,2025-05-26 15:30:00 IST,BULL,2025-05-26 09:15:00 IST,1433.53,1389.33,1499.84,1521.93,1544.03,1566.13,2025-06-05 15:30:00 IST,1389.33,STOP_LOSS,-1.0,8,96.0,MULTI_MONTH_BASE_BREAKOUT,True,True,True,3.08,True,NONE
SUBROS,2025-07-23 15:30:00 IST,SIDEWAYS,2025-07-23 09:15:00 IST,1344.96,1300.1,1412.25,1434.68,1457.11,1479.54,2025-07-31 15:30:00 IST,1300.1,STOP_LOSS,-1.0,6,91.0,WYCKOFF_SPRING_TYPE_2,True,True,True,3.34,True,NONE
SUBROS,2025-08-26 15:30:00 IST,SIDEWAYS,2025-08-26 09:15:00 IST,1254.64,1194.3,1345.14,1375.32,1405.49,1435.66,2025-09-22 15:30:00 IST,1345.14,TARGET_1,1.5,19,84.0,V_REVERSAL,True,True,True,4.81,True,NONE
SUBROS,2026-03-02 15:30:00 IST,SIDEWAYS,2026-03-02 09:15:00 IST,1146.19,1083.11,1240.82,1272.35,1303.89,1335.43,2026-03-30 15:30:00 IST,1199.04,TIMEOUT_20D,0.84,20,87.0,WYCKOFF_SPRING_TYPE_2,True,True,True,5.5,True,NONE
SUBROS,2026-04-16 15:30:00 IST,BULL,2026-04-16 09:15:00 IST,1202.68,1161.47,1264.49,1285.1,1305.71,1326.31,2026-05-05 15:30:00 IST,1264.49,TARGET_1,1.5,13,85.0,CUP_HANDLE,True,True,True,3.43,True,NONE
SUDARSCHEM,2025-05-07 15:30:00 IST,BULL,2025-05-07 09:15:00 IST,1112.56,1085.11,1153.74,1167.46,1181.18,1194.91,2025-05-26 15:30:00 IST,1085.11,STOP_LOSS,-1.0,13,95.0,CUP_HANDLE,True,True,True,2.47,True,NONE
SUDARSCHEM,2025-08-13 15:30:00 IST,BULL,2025-08-13 09:15:00 IST,1150.36,1107.07,1215.28,1236.94,1258.58,1280.23,2025-09-02 15:30:00 IST,1215.28,TARGET_1,1.5,14,89.0,MULTI_MONTH_BASE_BREAKOUT,True,True,True,3.76,True,NONE
SUDARSCHEM,2025-09-04 15:30:00 IST,BULL,2025-09-04 09:15:00 IST,1234.82,1160.73,1345.96,1383.0,1420.04,1457.09,2025-10-02 15:30:00 IST,1260.14,TIMEOUT_20D,0.34,20,84.0,V_REVERSAL,True,True,True,6.0,True,NONE
SUDARSCHEM,2026-04-02 15:30:00 IST,BULL,2026-04-02 09:15:00 IST,1303.09,1281.66,1335.24,1345.95,1356.66,1367.38,2026-04-03 15:30:00 IST,1281.66,STOP_LOSS,-1.0,1,90.0,CUP_HANDLE,True,True,True,1.64,True,NONE
SUDARSCHEM,2026-04-21 15:30:00 IST,BULL,2026-04-21 09:15:00 IST,1408.31,1367.37,1469.71,1490.19,1510.66,1531.13,2026-05-04 15:30:00 IST,1469.71,TARGET_1,1.5,9,86.0,BULL_FLAG,True,True,True,2.91,True,NONE
SUDARSCHEM,2026-07-16 15:30:00 IST,SIDEWAYS,2026-07-16 09:15:00 IST,1633.16,1586.69,1702.87,1726.1,1749.34,1772.57,2026-07-28 15:30:00 IST,1586.69,STOP_LOSS,-1.0,8,91.0,WYCKOFF_SPRING_TYPE_2,True,True,True,2.85,True,NONE
SULA,2026-02-09 15:30:00 IST,SIDEWAYS,2026-02-09 09:15:00 IST,190.28,178.86,207.41,213.12,218.83,224.54,2026-02-11 15:30:00 IST,178.86,STOP_LOSS,-1.0,3,91.0,BULL_PENNANT,True,True,True,6.0,True,NONE
SULA,2026-03-18 15:30:00 IST,BEAR,2026-03-18 09:15:00 IST,157.65,148.19,171.85,176.57,181.3,186.03,2026-03-22 15:30:00 IST,148.19,STOP_LOSS,-1.0,3,89.0,SHAKEOUT_RECLAIM,True,True,True,6.0,True,NONE
SULA,2026-04-01 15:30:00 IST,BEAR,2026-04-01 09:15:00 IST,153.45,144.24,167.26,171.87,176.47,181.08,2026-04-14 15:30:00 IST,167.26,TARGET_1,1.5,8,89.0,SHAKEOUT_RECLAIM,True,True,True,6.0,True,NONE
SULA,2026-05-07 15:30:00 IST,BULL,2026-05-07 09:15:00 IST,174.08,165.17,187.44,191.9,196.36,200.81,2026-05-11 15:30:00 IST,165.17,STOP_LOSS,-1.0,3,90.0,CUP_HANDLE,True,True,True,5.12,True,NONE
SUDEEPPHRM,2025-06-10 15:30:00 IST,BULL,2025-06-10 09:15:00 IST,2198.63,2135.35,2293.55,2325.19,2356.83,2388.47,2025-06-13 15:30:00 IST,2135.35,STOP_LOSS,-1.0,3,92.0,BULL_FLAG,True,True,True,2.88,True,NONE
SUDEEPPHRM,2025-10-22 15:30:00 IST,BULL,2025-10-22 09:15:00 IST,2231.83,2137.88,2372.76,2419.73,2466.7,2513.68,2025-11-19 15:30:00 IST,2344.9,TIMEOUT_20D,1.2,20,96.0,MULTI_MONTH_BASE_BREAKOUT,True,True,True,4.21,True,NONE
SUDEEPPHRM,2025-12-30 15:30:00 IST,BULL,2025-12-30 09:15:00 IST,2396.8,2350.54,2466.18,2489.32,2512.45,2535.58,2026-01-06 15:30:00 IST,2466.18,TARGET_1,1.5,5,86.0,CUP_HANDLE,True,True,True,1.93,True,NONE
SUDEEPPHRM,2026-03-16 15:30:00 IST,BULL,2026-03-16 09:15:00 IST,2510.1,2403.01,2670.74,2724.28,2777.82,2831.37,2026-04-13 15:30:00 IST,2670.74,TARGET_1,1.5,20,90.0,DOUBLE_BOTTOM,True,True,True,4.27,True,NONE
SUDEEPPHRM,2026-06-04 15:30:00 IST,BULL,2026-06-04 09:15:00 IST,3036.09,2877.21,3274.41,3353.85,3433.29,3512.73,2026-06-25 15:30:00 IST,2877.21,STOP_LOSS,-1.0,15,86.0,MULTI_MONTH_BASE_BREAKOUT,True,True,True,5.23,True,NONE
SUDEEPPHRM,2026-07-10 15:30:00 IST,BULL,2026-07-10 09:15:00 IST,2940.25,2769.91,3195.76,3280.93,3366.1,3451.27,2026-08-07 15:30:00 IST,3018.56,TIMEOUT_20D,0.46,20,91.0,WYCKOFF_SPRING_TYPE_2,True,True,True,5.79,True,NONE
SUDEEPPHRM,2026-07-31 15:30:00 IST,BULL,2026-07-31 09:15:00 IST,3020.36,2922.23,3167.55,3216.62,3265.69,3314.75,2026-08-18 15:30:00 IST,2922.23,STOP_LOSS,-1.0,13,87.0,CUP_HANDLE,True,True,True,3.25,True,NONE
SUNDRMFAST,2026-06-25 15:30:00 IST,BULL,2026-06-25 09:15:00 IST,929.0,884.94,995.09,1017.12,1039.15,1061.18,2026-07-22 15:30:00 IST,946.45,TIMEOUT_20D,0.4,20,93.0,MULTI_MONTH_BASE_BREAKOUT,True,True,True,4.74,True,NONE
SUNDRMFAST,2026-08-06 15:30:00 IST,BULL,2026-08-06 09:15:00 IST,1085.25,1020.13,1182.93,1215.49,1248.05,1280.61,2026-08-10 15:30:00 IST,1182.93,TARGET_1,1.5,3,92.0,V_REVERSAL,True,True,True,6.0,True,NONE
SUNDARMFIN,2025-12-05 15:30:00 IST,BULL,2025-12-05 09:15:00 IST,4808.37,4519.86,5241.13,5385.39,5529.65,5673.9,2025-12-28 15:30:00 IST,5241.13,TARGET_1,1.5,15,92.0,DOUBLE_BOTTOM,True,True,True,6.0,True,NONE
SUNDARMFIN,2026-01-16 15:30:00 IST,SIDEWAYS,2026-01-16 09:15:00 IST,5040.64,4840.77,5340.44,5440.38,5540.32,5640.25,2026-02-01 15:30:00 IST,5340.44,TARGET_1,1.5,10,91.0,SHAKEOUT_RECLAIM,True,True,True,3.97,True,NONE
SUNDARMFIN,2026-06-15 15:30:00 IST,SIDEWAYS,2026-06-15 09:15:00 IST,4443.47,4176.86,4843.38,4976.69,5110.0,5243.3,2026-07-12 15:30:00 IST,4529.1,TIMEOUT_20D,0.32,20,87.0,V_REVERSAL,True,True,True,6.0,True,NONE
SUMICHEM,2026-02-09 15:30:00 IST,BEAR,2026-02-09 09:15:00 IST,420.94,395.68,458.82,471.46,484.09,496.72,2026-02-24 15:30:00 IST,395.68,STOP_LOSS,-1.0,12,91.0,SHAKEOUT_RECLAIM,True,True,True,6.0,True,NONE
SUMICHEM,2026-04-20 15:30:00 IST,BULL,2026-04-20 09:15:00 IST,445.18,418.47,485.24,498.6,511.95,525.31,2026-04-29 15:30:00 IST,418.47,STOP_LOSS,-1.0,8,88.0,BULL_FLAG,True,True,True,6.0,True,NONE
SUMICHEM,2026-05-04 15:30:00 IST,BULL,2026-05-04 09:15:00 IST,447.92,421.04,488.24,501.68,515.12,528.56,2026-05-05 15:30:00 IST,488.24,TARGET_1,1.5,2,93.0,CUP_HANDLE,True,True,True,6.0,True,NONE
SUMICHEM,2026-05-19 15:30:00 IST,BULL,2026-05-19 09:15:00 IST,467.77,439.71,509.87,523.89,537.92,551.95,2026-06-15 15:30:00 IST,472.11,TIMEOUT_20D,0.15,20,91.0,SHAKEOUT_RECLAIM,True,True,True,6.0,True,NONE
SUMICHEM,2026-05-25 15:30:00 IST,BULL,2026-05-25 09:15:00 IST,477.5,448.85,520.47,534.8,549.12,563.45,2026-06-10 15:30:00 IST,448.85,STOP_LOSS,-1.0,13,89.0,SHAKEOUT_RECLAIM,True,True,True,6.0,True,NONE
SUNPHARMA,2026-03-02 15:30:00 IST,BULL,2026-03-02 09:15:00 IST,1747.92,1710.6,1803.9,1822.56,1841.22,1859.88,2026-03-08 15:30:00 IST,1803.9,TARGET_1,1.5,4,87.0,CUP_HANDLE,True,True,True,2.14,True,NONE
SUNPHARMA,2026-03-09 15:30:00 IST,BULL,2026-03-09 09:15:00 IST,1802.68,1746.85,1886.41,1914.34,1942.26,1970.17,2026-03-18 15:30:00 IST,1746.85,STOP_LOSS,-1.0,8,91.0,MULTI_MONTH_BASE_BREAKOUT,True,True,True,3.1,True,NONE
SUNPHARMA,2026-07-09 15:30:00 IST,BULL,2026-07-09 09:15:00 IST,1938.7,1871.62,2039.32,2072.86,2106.4,2139.94,2026-07-30 15:30:00 IST,2039.32,TARGET_1,1.5,16,93.0,MULTI_MONTH_BASE_BREAKOUT,True,True,True,3.46,True,NONE
SUNPHARMA,2026-07-27 15:30:00 IST,BULL,2026-07-27 09:15:00 IST,1973.7,1907.5,2073.0,2106.1,2139.2,2172.3,2026-08-16 15:30:00 IST,1907.5,STOP_LOSS,-1.0,15,98.0,MULTI_MONTH_BASE_BREAKOUT,True,True,True,3.35,True,NONE
SUPREMEIND,2025-12-15 15:30:00 IST,BEAR,2025-12-15 09:15:00 IST,3249.03,3143.86,3406.77,3459.37,3511.96,3564.54,2025-12-31 15:30:00 IST,3406.77,TARGET_1,1.5,12,92.0,SHAKEOUT_RECLAIM,True,True,True,3.24,True,NONE
SUPREMEIND,2026-01-01 15:30:00 IST,SIDEWAYS,2026-01-01 09:15:00 IST,3459.93,3252.34,3771.32,3875.11,3978.9,4082.7,2026-01-20 15:30:00 IST,3252.34,STOP_LOSS,-1.0,14,88.0,WYCKOFF_SPRING_TYPE_2,True,True,True,6.0,True,NONE
SUPREMEIND,2026-01-22 15:30:00 IST,BULL,2026-01-22 09:15:00 IST,3463.31,3261.0,3766.77,3867.93,3969.09,4070.24,2026-02-09 15:30:00 IST,3766.77,TARGET_1,1.5,12,98.0,DOUBLE_BOTTOM,True,True,True,5.84,True,NONE
SUPREMEIND,2026-02-11 15:30:00 IST,BULL,2026-02-11 09:15:00 IST,3822.37,3600.02,4155.9,4267.07,4378.24,4489.42,2026-03-11 15:30:00 IST,4015.31,TIMEOUT_20D,0.87,20,92.0,BULL_FLAG,True,True,True,5.82,True,NONE
SUPREMEIND,2026-03-11 15:30:00 IST,BULL,2026-03-11 09:15:00 IST,4009.65,3810.67,4308.11,4407.61,4507.1,4606.59,2026-03-18 15:30:00 IST,3810.67,STOP_LOSS,-1.0,6,91.0,HIGHER_LOW_REVERSAL,True,True,True,4.96,True,NONE
SUPREMEIND,2026-07-01 15:30:00 IST,BEAR,2026-07-01 09:15:00 IST,3221.2,3125.3,3365.05,3413.0,3460.95,3508.9,2026-07-13 15:30:00 IST,3365.05,TARGET_1,1.5,9,91.0,SHAKEOUT_RECLAIM,True,True,True,2.98,True,NONE
SUPREMEIND,2026-07-29 15:30:00 IST,SIDEWAYS,2026-07-29 09:15:00 IST,3479.3,3270.54,3792.44,3896.82,4001.2,4105.58,2026-08-25 15:30:00 IST,3511.0,TIMEOUT_20D,0.15,20,83.0,WYCKOFF_SPRING_TYPE_2,True,True,True,6.0,True,NONE
SUPRIYA,2026-01-08 15:30:00 IST,SIDEWAYS,2026-01-08 09:15:00 IST,765.0,732.29,814.07,830.42,846.78,863.13,2026-01-08 15:30:00 IST,732.29,STOP_LOSS,-1.0,1,88.0,DOUBLE_BOTTOM,True,True,True,4.28,True,NONE
SUPRIYA,2026-02-11 15:30:00 IST,SIDEWAYS,2026-02-11 09:15:00 IST,710.15,667.54,774.07,795.37,816.67,837.98,2026-02-16 15:30:00 IST,667.54,STOP_LOSS,-1.0,4,85.0,V_REVERSAL,True,True,True,6.0,True,NONE
SUPRIYA,2026-02-18 15:30:00 IST,BEAR,2026-02-18 09:15:00 IST,689.9,648.51,751.99,772.68,793.38,814.07,2026-03-01 15:30:00 IST,648.51,STOP_LOSS,-1.0,8,90.0,WYCKOFF_SPRING_TYPE_2,True,True,True,6.0,True,NONE
SUPRIYA,2026-04-22 15:30:00 IST,SIDEWAYS,2026-04-22 09:15:00 IST,656.0,616.64,715.04,734.72,754.4,774.08,2026-04-27 15:30:00 IST,715.04,TARGET_1,1.5,4,93.0,SHAKEOUT_RECLAIM,True,True,True,6.0,True,NONE
SUPRIYA,2026-05-29 15:30:00 IST,BULL,2026-05-29 09:15:00 IST,968.7,910.58,1055.88,1084.94,1114.0,1143.06,2026-05-31 15:30:00 IST,1055.88,TARGET_1,1.5,1,94.0,BULL_FLAG,True,True,True,6.0,True,NONE
SUPRIYA,2026-08-05 15:30:00 IST,SIDEWAYS,2026-08-05 09:15:00 IST,913.6,858.78,995.83,1023.24,1050.65,1078.06,2026-08-10 15:30:00 IST,858.78,STOP_LOSS,-1.0,4,88.0,WYCKOFF_SPRING_TYPE_2,True,True,True,6.0,True,NONE
SURYODAY,2025-12-23 15:30:00 IST,SIDEWAYS,2025-12-23 09:15:00 IST,143.14,134.55,156.03,160.32,164.61,168.91,2026-01-19 15:30:00 IST,134.55,STOP_LOSS,-1.0,19,93.0,WYCKOFF_SPRING_TYPE_2,True,True,True,6.0,True,NONE
SURYODAY,2026-02-27 15:30:00 IST,SIDEWAYS,2026-02-27 09:15:00 IST,131.01,123.15,142.8,146.73,150.66,154.59,2026-03-01 15:30:00 IST,123.15,STOP_LOSS,-1.0,1,87.0,V_REVERSAL,True,True,True,6.0,True,NONE
SURYODAY,2026-05-08 15:30:00 IST,BULL,2026-05-08 09:15:00 IST,178.47,167.77,194.53,199.87,205.22,210.57,2026-05-11 15:30:00 IST,167.77,STOP_LOSS,-1.0,2,85.0,V_REVERSAL,True,True,True,6.0,True,NONE
SURYODAY,2026-07-10 15:30:00 IST,BULL,2026-07-10 09:15:00 IST,182.82,171.85,199.27,204.76,210.25,215.73,2026-07-23 15:30:00 IST,199.27,TARGET_1,1.5,10,84.0,CUP_HANDLE,True,True,True,6.0,True,NONE
SURYODAY,2026-07-23 15:30:00 IST,BULL,2026-07-23 09:15:00 IST,194.31,187.62,204.34,207.69,211.03,214.38,2026-07-23 15:30:00 IST,204.34,TARGET_1,1.5,1,95.0,MULTI_MONTH_BASE_BREAKOUT,True,True,True,3.44,True,NONE
SUNTECK,2025-02-26 15:30:00 IST,BULL,2025-02-26 09:15:00 IST,805.1,767.23,861.91,880.84,899.78,918.71,2025-03-26 15:30:00 IST,855.0,TIMEOUT_20D,1.32,20,82.0,CUP_HANDLE,True,True,True,4.7,True,NONE
SUNTECK,2025-03-17 15:30:00 IST,BULL,2025-03-17 09:15:00 IST,825.67,797.26,868.28,882.49,896.69,910.9,2025-03-28 15:30:00 IST,868.28,TARGET_1,1.5,9,91.0,MULTI_MONTH_BASE_BREAKOUT,True,True,True,3.44,True,NONE
SUNTECK,2025-05-13 15:30:00 IST,BULL,2025-05-13 09:15:00 IST,913.43,888.84,950.32,962.61,974.9,987.2,2025-06-10 15:30:00 IST,923.04,TIMEOUT_20D,0.39,20,91.0,CUP_HANDLE,True,True,True,2.69,True,NONE
SUNTECK,2025-05-27 15:30:00 IST,BULL,2025-05-27 09:15:00 IST,919.58,900.69,947.91,957.36,966.81,976.25,2025-06-16 15:30:00 IST,900.69,STOP_LOSS,-1.0,14,89.0,CUP_HANDLE,True,True,True,2.05,True,NONE
SUNTECK,2025-07-01 15:30:00 IST,SIDEWAYS,2025-07-01 09:15:00 IST,916.78,876.8,976.76,996.74,1016.73,1036.72,2025-07-29 15:30:00 IST,935.52,TIMEOUT_20D,0.47,20,92.0,WYCKOFF_SPRING_TYPE_2,True,True,True,4.36,True,NONE
SUNTECK,2025-07-22 15:30:00 IST,BULL,2025-07-22 09:15:00 IST,959.31,941.71,985.7,994.51,1003.31,1012.11,2025-07-25 15:30:00 IST,941.71,STOP_LOSS,-1.0,3,91.0,CUP_HANDLE,True,True,True,1.83,True,NONE
SUNTECK,2025-07-31 15:30:00 IST,BULL,2025-07-31 09:15:00 IST,945.88,928.39,972.13,980.86,989.61,998.35,2025-08-06 15:30:00 IST,972.13,TARGET_1,1.5,4,91.0,CUP_HANDLE,True,True,True,1.85,True,NONE
SUNTECK,2025-10-06 15:30:00 IST,BULL,2025-10-06 09:15:00 IST,983.11,952.56,1028.93,1044.21,1059.49,1074.76,2025-10-24 15:30:00 IST,1028.93,TARGET_1,1.5,14,89.0,WYCKOFF_SPRING_TYPE_2,True,True,True,3.11,True,NONE
SUNTECK,2025-11-03 15:30:00 IST,BULL,2025-11-03 09:15:00 IST,1030.44,983.81,1100.37,1123.7,1147.02,1170.33,2025-12-01 15:30:00 IST,1075.16,TIMEOUT_20D,0.96,20,88.0,DOUBLE_BOTTOM,True,True,True,4.52,True,NONE
SUNTECK,2026-01-05 15:30:00 IST,BULL,2026-01-05 09:15:00 IST,1170.64,1123.77,1240.95,1264.38,1287.82,1311.25,2026-02-02 15:30:00 IST,1151.41,TIMEOUT_20D,-0.41,20,85.0,BULL_FLAG,True,True,True,4.0,True,NONE
SUNTECK,2026-02-03 15:30:00 IST,BULL,2026-02-03 09:15:00 IST,1172.62,1137.1,1225.9,1243.66,1261.42,1279.18,2026-02-10 15:30:00 IST,1137.1,STOP_LOSS,-1.0,5,86.0,CUP_HANDLE,True,True,True,3.03,True,NONE
SUNTECK,2026-03-17 15:30:00 IST,SIDEWAYS,2026-03-17 09:15:00 IST,1129.23,1061.48,1230.86,1264.73,1298.61,1332.48,2026-04-14 15:30:00 IST,1174.72,TIMEOUT_20D,0.67,20,84.0,WYCKOFF_SPRING_TYPE_2,True,True,True,6.0,True,NONE
SUNTECK,2026-08-17 15:30:00 IST,BEAR,2026-08-17 09:15:00 IST,1110.71,1059.08,1188.15,1213.97,1239.79,1265.6,2026-08-18 15:30:00 IST,1059.08,STOP_LOSS,-1.0,2,83.0,V_REVERSAL,True,True,True,4.65,True,NONE
SUNTV,2025-04-30 15:30:00 IST,SIDEWAYS,2025-04-30 09:15:00 IST,1259.45,1199.58,1349.25,1379.19,1409.13,1439.06,2025-05-20 15:30:00 IST,1199.58,STOP_LOSS,-1.0,14,90.0,WYCKOFF_SPRING_TYPE_2,True,True,True,4.75,True,NONE
SUNTV,2025-07-01 15:30:00 IST,BEAR,2025-07-01 09:15:00 IST,1204.64,1158.36,1274.07,1297.2,1320.34,1343.48,2025-07-29 15:30:00 IST,1218.93,TIMEOUT_20D,0.31,20,85.0,WYCKOFF_SPRING_TYPE_2,True,True,True,3.84,True,NONE
SUNTV,2026-03-06 15:30:00 IST,SIDEWAYS,2026-03-06 09:15:00 IST,1174.48,1154.54,1204.38,1214.36,1224.33,1234.3,2026-03-11 15:30:00 IST,1154.54,STOP_LOSS,-1.0,3,90.0,CUP_HANDLE,True,True,True,1.7,True,NONE
SUNTV,2026-05-06 15:30:00 IST,BULL,2026-05-06 09:15:00 IST,1243.15,1217.32,1281.91,1294.81,1307.73,1320.64,2026-05-15 15:30:00 IST,1281.91,TARGET_1,1.5,7,90.0,CUP_HANDLE,True,True,True,2.08,True,NONE
SWANCORP,2026-03-18 15:30:00 IST,BEAR,2026-03-18 09:15:00 IST,346.65,325.85,377.85,388.25,398.65,409.05,2026-03-18 15:30:00 IST,325.85,STOP_LOSS,-1.0,1,85.0,SHAKEOUT_RECLAIM,True,True,True,6.0,True,NONE
SWANCORP,2026-07-06 15:30:00 IST,SIDEWAYS,2026-07-06 09:15:00 IST,333.6,317.42,357.87,365.96,374.05,382.14,2026-07-07 15:30:00 IST,317.42,STOP_LOSS,-1.0,2,98.0,DOUBLE_BOTTOM,True,True,True,4.85,True,NONE
SUZLON,2026-04-15 15:30:00 IST,SIDEWAYS,2026-04-15 09:15:00 IST,49.13,46.18,53.56,55.03,56.51,57.98,2026-04-16 15:30:00 IST,53.56,TARGET_1,1.5,2,88.0,V_REVERSAL,True,True,True,6.0,True,NONE
SUZLON,2026-06-17 15:30:00 IST,BULL,2026-06-17 09:15:00 IST,59.27,56.08,64.06,65.65,67.25,68.84,2026-07-05 15:30:00 IST,56.08,STOP_LOSS,-1.0,13,85.0,DOUBLE_BOTTOM,True,True,True,5.38,True,NONE
SURYAROSNI,2025-02-25 15:30:00 IST,BEAR,2025-02-25 09:15:00 IST,1335.23,1280.33,1417.59,1445.03,1472.48,1499.93,2025-03-12 15:30:00 IST,1280.33,STOP_LOSS,-1.0,11,88.0,WYCKOFF_SPRING_TYPE_2,True,True,True,4.11,True,NONE
SURYAROSNI,2025-03-03 15:30:00 IST,SIDEWAYS,2025-03-03 09:15:00 IST,1343.55,1280.33,1438.39,1469.99,1501.6,1533.21,2025-03-12 15:30:00 IST,1280.33,STOP_LOSS,-1.0,7,88.0,WYCKOFF_SPRING_TYPE_2,True,True,True,4.71,True,NONE
SURYAROSNI,2025-04-22 15:30:00 IST,SIDEWAYS,2025-04-22 09:15:00 IST,1238.37,1191.92,1308.04,1331.27,1354.49,1377.72,2025-05-07 15:30:00 IST,1191.92,STOP_LOSS,-1.0,11,88.0,WYCKOFF_SPRING_TYPE_2,True,True,True,3.75,True,NONE
SURYAROSNI,2026-03-03 15:30:00 IST,BULL,2026-03-03 09:15:00 IST,1419.63,1373.5,1488.81,1511.89,1534.96,1558.02,2026-03-11 15:30:00 IST,1373.5,STOP_LOSS,-1.0,6,87.0,CUP_HANDLE,True,True,True,3.25,True,NONE
SURYAROSNI,2026-04-08 15:30:00 IST,SIDEWAYS,2026-04-08 09:15:00 IST,1359.53,1277.96,1481.89,1522.67,1563.45,1604.24,2026-05-06 15:30:00 IST,1287.62,TIMEOUT_20D,-0.88,20,89.0,WYCKOFF_SPRING_TYPE_2,True,True,True,6.0,True,NONE
SURYAROSNI,2026-07-29 15:30:00 IST,BULL,2026-07-29 09:15:00 IST,1436.51,1375.23,1528.43,1559.07,1589.71,1620.35,2026-08-10 15:30:00 IST,1528.43,TARGET_1,1.5,8,87.0,MULTI_MONTH_BASE_BREAKOUT,True,True,True,4.27,True,NONE
SURYAROSNI,2026-08-19 15:30:00 IST,SIDEWAYS,2026-08-19 09:15:00 IST,1484.38,1395.32,1617.97,1662.5,1707.03,1751.56,2026-08-19 15:30:00 IST,1395.32,STOP_LOSS,-1.0,1,91.0,SHAKEOUT_RECLAIM,True,True,True,6.0,True,NONE
SWIGGY,2025-11-24 15:30:00 IST,SIDEWAYS,2025-11-24 09:15:00 IST,404.6,380.32,441.02,453.16,465.3,477.44,2025-11-27 15:30:00 IST,380.32,STOP_LOSS,-1.0,4,91.0,SHAKEOUT_RECLAIM,True,True,True,6.0,True,NONE
SWIGGY,2025-12-09 15:30:00 IST,SIDEWAYS,2025-12-09 09:15:00 IST,398.05,375.02,432.59,444.11,455.63,467.14,2026-01-05 15:30:00 IST,375.02,STOP_LOSS,-1.0,19,90.0,WYCKOFF_SPRING_TYPE_2,True,True,True,5.79,True,NONE
SWIGGY,2026-01-21 15:30:00 IST,BEAR,2026-01-21 09:15:00 IST,334.55,316.81,361.16,370.03,378.9,387.77,2026-01-21 15:30:00 IST,316.81,STOP_LOSS,-1.0,1,89.0,SHAKEOUT_RECLAIM,True,True,True,5.3,True,NONE
SWIGGY,2026-02-10 15:30:00 IST,SIDEWAYS,2026-02-10 09:15:00 IST,355.75,334.4,387.78,398.45,409.13,419.8,2026-02-11 15:30:00 IST,334.4,STOP_LOSS,-1.0,2,91.0,V_REVERSAL,True,True,True,6.0,True,NONE
SWIGGY,2026-03-04 15:30:00 IST,BEAR,2026-03-04 09:15:00 IST,297.75,279.88,324.56,333.49,342.43,351.36,2026-03-11 15:30:00 IST,279.88,STOP_LOSS,-1.0,6,90.0,SHAKEOUT_RECLAIM,True,True,True,6.0,True,NONE
SWIGGY,2026-05-27 15:30:00 IST,SIDEWAYS,2026-05-27 09:15:00 IST,270.65,254.41,295.01,303.13,311.25,319.37,2026-05-31 15:30:00 IST,254.41,STOP_LOSS,-1.0,3,88.0,V_REVERSAL,True,True,True,6.0,True,NONE
SWIGGY,2026-07-09 15:30:00 IST,SIDEWAYS,2026-07-09 09:15:00 IST,280.95,264.09,306.24,314.67,323.1,331.53,2026-07-13 15:30:00 IST,264.09,STOP_LOSS,-1.0,3,91.0,V_REVERSAL,True,True,True,6.0,True,NONE
SWIGGY,2026-07-15 15:30:00 IST,BULL,2026-07-15 09:15:00 IST,270.09,253.88,294.4,302.51,310.61,318.72,2026-07-23 15:30:00 IST,253.88,STOP_LOSS,-1.0,7,91.0,WYCKOFF_SPRING_TYPE_2,True,True,True,6.0,True,NONE
TAJGVK,2025-12-26 15:30:00 IST,SIDEWAYS,2025-12-26 09:15:00 IST,429.8,415.64,451.04,458.12,465.2,472.28,2025-12-29 15:30:00 IST,415.64,STOP_LOSS,-1.0,2,97.0,MULTI_MONTH_BASE_BREAKOUT,True,True,True,3.29,True,NONE
TAJGVK,2026-02-27 15:30:00 IST,SIDEWAYS,2026-02-27 09:15:00 IST,357.3,335.86,389.46,400.18,410.9,421.62,2026-03-03 15:30:00 IST,335.86,STOP_LOSS,-1.0,2,93.0,SHAKEOUT_RECLAIM,True,True,True,6.0,True,NONE
TAJGVK,2026-04-30 15:30:00 IST,BEAR,2026-04-30 09:15:00 IST,325.5,306.96,353.31,362.58,371.85,381.12,2026-05-13 15:30:00 IST,306.96,STOP_LOSS,-1.0,10,91.0,SHAKEOUT_RECLAIM,True,True,True,5.7,True,NONE
TAJGVK,2026-05-22 15:30:00 IST,SIDEWAYS,2026-05-22 09:15:00 IST,321.3,305.52,344.97,352.86,360.75,368.64,2026-05-28 15:30:00 IST,344.97,TARGET_1,1.5,5,83.0,DOUBLE_BOTTOM,True,True,True,4.91,True,NONE
TAJGVK,2026-05-29 15:30:00 IST,BULL,2026-05-29 09:15:00 IST,346.3,325.52,377.47,387.86,398.25,408.64,2026-06-07 15:30:00 IST,325.52,STOP_LOSS,-1.0,6,87.0,CUP_HANDLE,True,True,True,6.0,True,NONE
TAJGVK,2026-07-07 15:30:00 IST,BULL,2026-07-07 09:15:00 IST,361.95,344.54,388.07,396.77,405.47,414.18,2026-08-03 15:30:00 IST,369.95,TIMEOUT_20D,0.46,20,95.0,MULTI_MONTH_BASE_BREAKOUT,True,True,True,4.81,True,NONE
TAJGVK,2026-07-31 15:30:00 IST,BULL,2026-07-31 09:15:00 IST,363.25,349.84,383.37,390.07,396.78,403.48,2026-08-13 15:30:00 IST,349.84,STOP_LOSS,-1.0,10,87.0,CUP_HANDLE,True,True,True,3.69,True,NONE
SYRMA,2025-11-12 15:30:00 IST,SIDEWAYS,2025-11-12 09:15:00 IST,892.9,865.97,933.3,946.76,960.22,973.69,2025-11-18 15:30:00 IST,865.97,STOP_LOSS,-1.0,5,97.0,MULTI_MONTH_BASE_BREAKOUT,True,True,True,3.02,True,NONE
SYRMA,2026-01-28 15:30:00 IST,SIDEWAYS,2026-01-28 09:15:00 IST,722.9,679.53,787.96,809.64,831.33,853.01,2026-01-29 15:30:00 IST,787.96,TARGET_1,1.5,2,97.0,SHAKEOUT_RECLAIM,True,True,True,6.0,True,NONE
SYRMA,2026-02-04 15:30:00 IST,SIDEWAYS,2026-02-04 09:15:00 IST,850.2,799.19,926.72,952.22,977.73,1003.23,2026-03-01 15:30:00 IST,799.19,STOP_LOSS,-1.0,18,88.0,SHAKEOUT_RECLAIM,True,True,True,6.0,True,NONE
SYRMA,2026-03-17 15:30:00 IST,SIDEWAYS,2026-03-17 09:15:00 IST,765.6,730.22,818.67,836.36,854.05,871.74,2026-03-24 15:30:00 IST,818.67,TARGET_1,1.5,6,90.0,DOUBLE_BOTTOM,True,True,True,4.62,True,NONE
SYRMA,2026-03-24 15:30:00 IST,SIDEWAYS,2026-03-24 09:15:00 IST,790.9,743.45,862.08,885.8,909.52,933.25,2026-04-08 15:30:00 IST,862.08,TARGET_1,1.5,9,90.0,SHAKEOUT_RECLAIM,True,True,True,6.0,True,NONE
SYRMA,2026-04-16 15:30:00 IST,BULL,2026-04-16 09:15:00 IST,968.75,910.62,1055.94,1085.01,1114.08,1143.14,2026-05-04 15:30:00 IST,1055.94,TARGET_1,1.5,13,85.0,V_REVERSAL,True,True,True,6.0,True,NONE
SYRMA,2026-07-09 15:30:00 IST,BULL,2026-07-09 09:15:00 IST,1441.0,1354.54,1570.69,1613.92,1657.15,1700.38,2026-07-16 15:30:00 IST,1354.54,STOP_LOSS,-1.0,6,89.0,V_REVERSAL,True,True,True,6.0,True,NONE
SYRMA,2026-08-10 15:30:00 IST,BULL,2026-08-10 09:15:00 IST,1514.85,1423.96,1651.19,1696.63,1742.07,1787.52,2026-08-19 15:30:00 IST,1423.96,STOP_LOSS,-1.0,8,91.0,BULL_PENNANT,True,True,True,6.0,True,NONE
TARC,2025-12-01 15:30:00 IST,SIDEWAYS,2025-12-01 09:15:00 IST,156.19,146.82,170.25,174.93,179.62,184.3,2025-12-07 15:30:00 IST,146.82,STOP_LOSS,-1.0,5,88.0,V_REVERSAL,True,True,True,6.0,True,NONE
TARC,2026-02-10 15:30:00 IST,BEAR,2026-02-10 09:15:00 IST,157.25,147.81,171.41,176.13,180.85,185.57,2026-02-25 15:30:00 IST,147.81,STOP_LOSS,-1.0,12,87.0,V_REVERSAL,True,True,True,6.0,True,NONE
TARC,2026-04-08 15:30:00 IST,SIDEWAYS,2026-04-08 09:15:00 IST,126.36,118.78,137.73,141.52,145.31,149.1,2026-04-15 15:30:00 IST,137.73,TARGET_1,1.5,5,91.0,SHAKEOUT_RECLAIM,True,True,True,6.0,True,NONE
TARC,2026-04-16 15:30:00 IST,SIDEWAYS,2026-04-16 09:15:00 IST,135.7,127.56,147.91,151.98,156.05,160.12,2026-05-14 15:30:00 IST,130.35,TIMEOUT_20D,-0.66,20,90.0,BULL_PENNANT,True,True,True,6.0,True,NONE
TANLA,2025-12-09 15:30:00 IST,BEAR,2025-12-09 09:15:00 IST,545.12,514.36,591.27,606.64,622.02,637.4,2025-12-29 15:30:00 IST,514.36,STOP_LOSS,-1.0,14,86.0,SHAKEOUT_RECLAIM,True,True,True,5.64,True,NONE
TANLA,2026-01-28 15:30:00 IST,SIDEWAYS,2026-01-28 09:15:00 IST,512.74,481.97,558.89,574.28,589.66,605.05,2026-02-01 15:30:00 IST,481.97,STOP_LOSS,-1.0,3,89.0,V_REVERSAL,True,True,True,6.0,True,NONE
TANLA,2026-02-26 15:30:00 IST,BEAR,2026-02-26 09:15:00 IST,463.79,435.96,505.53,519.45,533.37,547.28,2026-03-01 15:30:00 IST,435.96,STOP_LOSS,-1.0,2,92.0,SHAKEOUT_RECLAIM,True,True,True,6.0,True,NONE
TANLA,2026-03-18 15:30:00 IST,BEAR,2026-03-18 09:15:00 IST,426.46,400.87,464.84,477.64,490.43,503.23,2026-03-22 15:30:00 IST,400.87,STOP_LOSS,-1.0,3,87.0,SHAKEOUT_RECLAIM,True,True,True,6.0,True,NONE
TANLA,2026-04-01 15:30:00 IST,BEAR,2026-04-01 09:15:00 IST,414.34,389.48,451.64,464.06,476.49,488.92,2026-04-07 15:30:00 IST,451.64,TARGET_1,1.5,4,93.0,SHAKEOUT_RECLAIM,True,True,True,6.0,True,NONE
TANLA,2026-04-27 15:30:00 IST,BULL,2026-04-27 09:15:00 IST,576.47,541.88,628.36,645.65,662.95,680.24,2026-04-28 15:30:00 IST,541.88,STOP_LOSS,-1.0,2,93.0,BULL_FLAG,True,True,True,6.0,True,NONE
TANLA,2026-07-10 15:30:00 IST,BULL,2026-07-10 09:15:00 IST,550.2,525.02,587.97,600.56,613.15,625.74,2026-07-15 15:30:00 IST,587.97,TARGET_1,1.5,4,93.0,DOUBLE_BOTTOM,True,True,True,4.58,True,NONE
TANLA,2026-07-16 15:30:00 IST,BULL,2026-07-16 09:15:00 IST,588.3,553.0,641.25,658.9,676.55,694.2,2026-07-22 15:30:00 IST,641.25,TARGET_1,1.5,5,90.0,CUP_HANDLE,True,True,True,6.0,True,NONE
SYNGENE,2025-04-09 15:30:00 IST,SIDEWAYS,2025-04-09 09:15:00 IST,1522.24,1469.66,1601.11,1627.4,1653.69,1679.98,2025-04-30 15:30:00 IST,1601.11,TARGET_1,1.5,15,86.0,WYCKOFF_SPRING_TYPE_2,True,True,True,3.45,True,NONE
SYNGENE,2025-10-01 15:30:00 IST,BULL,2025-10-01 09:15:00 IST,1840.15,1729.74,2005.76,2060.97,2116.18,2171.38,2025-10-29 15:30:00 IST,1836.35,TIMEOUT_20D,-0.03,20,84.0,V_REVERSAL,True,True,True,6.0,True,NONE
SYNGENE,2026-01-26 15:30:00 IST,SIDEWAYS,2026-01-26 09:15:00 IST,1877.82,1798.14,1997.35,2037.18,2077.02,2116.86,2026-02-03 15:30:00 IST,1798.14,STOP_LOSS,-1.0,6,91.0,WYCKOFF_SPRING_TYPE_2,True,True,True,4.24,True,NONE
SYNGENE,2026-06-26 15:30:00 IST,BULL,2026-06-26 09:15:00 IST,1793.07,1727.99,1890.69,1923.23,1955.77,1988.31,2026-07-14 15:30:00 IST,1890.69,TARGET_1,1.5,12,92.0,CUP_HANDLE,True,True,True,3.63,True,NONE
SWSOLAR,2025-10-21 15:30:00 IST,BULL,2025-10-21 09:15:00 IST,904.83,864.24,965.71,986.01,1006.31,1026.6,2025-11-18 15:30:00 IST,902.13,TIMEOUT_20D,-0.07,20,91.0,MULTI_MONTH_BASE_BREAKOUT,True,True,True,4.49,True,NONE
SWSOLAR,2025-12-24 15:30:00 IST,BULL,2025-12-24 09:15:00 IST,1000.37,940.34,1090.4,1120.43,1150.44,1180.46,2026-01-21 15:30:00 IST,993.48,TIMEOUT_20D,-0.11,20,88.0,HIGHER_LOW_REVERSAL,True,True,True,6.0,True,NONE
SWSOLAR,2026-04-27 15:30:00 IST,SIDEWAYS,2026-04-27 09:15:00 IST,947.22,893.78,1027.37,1054.1,1080.82,1107.54,2026-05-25 15:30:00 IST,1005.26,TIMEOUT_20D,1.09,20,89.0,WYCKOFF_SPRING_TYPE_2,True,True,True,5.64,True,NONE
SWSOLAR,2026-07-27 15:30:00 IST,SIDEWAYS,2026-07-27 09:15:00 IST,995.89,969.95,1034.8,1047.77,1060.74,1073.71,2026-07-30 15:30:00 IST,969.95,STOP_LOSS,-1.0,3,82.0,WYCKOFF_SPRING_TYPE_2,True,True,True,2.6,True,NONE
TARIL,2025-12-12 15:30:00 IST,SIDEWAYS,2025-12-12 09:15:00 IST,280.2,263.39,305.42,313.82,322.23,330.63,2025-12-14 15:30:00 IST,305.42,TARGET_1,1.5,1,97.0,SHAKEOUT_RECLAIM,True,True,True,6.0,True,NONE
TARIL,2026-01-01 15:30:00 IST,SIDEWAYS,2026-01-01 09:15:00 IST,307.9,289.43,335.6,344.84,354.07,363.31,2026-01-01 15:30:00 IST,335.6,TARGET_1,1.5,1,92.0,WYCKOFF_SPRING_TYPE_2,True,True,True,6.0,True,NONE
TARIL,2026-02-09 15:30:00 IST,SIDEWAYS,2026-02-09 09:15:00 IST,285.65,268.51,311.36,319.93,328.5,337.07,2026-02-15 15:30:00 IST,268.51,STOP_LOSS,-1.0,5,95.0,BULL_FLAG,True,True,True,6.0,True,NONE
TARIL,2026-02-18 15:30:00 IST,SIDEWAYS,2026-02-18 09:15:00 IST,299.81,281.82,326.79,335.79,344.79,353.78,2026-02-19 15:30:00 IST,326.79,TARGET_1,1.5,2,94.0,WYCKOFF_SPRING_TYPE_2,True,True,True,6.0,True,NONE
TARIL,2026-04-21 15:30:00 IST,BULL,2026-04-21 09:15:00 IST,333.3,313.3,363.3,373.3,383.3,393.3,2026-04-21 15:30:00 IST,313.3,STOP_LOSS,-1.0,1,89.0,WYCKOFF_SPRING_TYPE_2,True,True,True,6.0,True,NONE
TARIL,2026-06-30 15:30:00 IST,BULL,2026-06-30 09:15:00 IST,351.35,330.27,382.97,393.51,404.05,414.59,2026-07-07 15:30:00 IST,330.27,STOP_LOSS,-1.0,6,95.0,SHAKEOUT_RECLAIM,True,True,True,6.0,True,NONE
TATACAP,2026-04-08 15:30:00 IST,SIDEWAYS,2026-04-08 09:15:00 IST,326.4,312.14,347.79,354.92,362.05,369.18,2026-05-06 15:30:00 IST,325.8,TIMEOUT_20D,-0.04,20,91.0,DOUBLE_BOTTOM,True,True,True,4.37,True,NONE
TATACAP,2026-06-03 15:30:00 IST,BEAR,2026-06-03 09:15:00 IST,309.1,294.52,330.97,338.26,345.55,352.84,2026-06-14 15:30:00 IST,330.97,TARGET_1,1.5,8,84.0,V_REVERSAL,True,True,True,4.72,True,NONE
TATACAP,2026-06-15 15:30:00 IST,SIDEWAYS,2026-06-15 09:15:00 IST,340.7,320.26,371.36,381.58,391.8,402.02,2026-06-18 15:30:00 IST,371.36,TARGET_1,1.5,4,91.0,V_REVERSAL,True,True,True,6.0,True,NONE
TATACAP,2026-08-05 15:30:00 IST,BULL,2026-08-05 09:15:00 IST,371.9,356.21,395.43,403.28,411.12,418.97,2026-08-17 15:30:00 IST,356.21,STOP_LOSS,-1.0,9,84.0,CUP_HANDLE,True,True,True,4.22,True,NONE
TATAELXSI,2026-01-07 15:30:00 IST,BULL,2026-01-07 09:15:00 IST,5749.89,5404.89,6267.38,6439.89,6612.39,6784.89,2026-01-13 15:30:00 IST,5404.89,STOP_LOSS,-1.0,5,93.0,MULTI_MONTH_BASE_BREAKOUT,True,True,True,6.0,True,NONE
TATAELXSI,2026-03-20 15:30:00 IST,BEAR,2026-03-20 09:15:00 IST,4163.04,3931.0,4511.11,4627.12,4743.14,4859.16,2026-03-29 15:30:00 IST,3931.0,STOP_LOSS,-1.0,5,90.0,SHAKEOUT_RECLAIM,True,True,True,5.57,True,NONE
TATAELXSI,2026-06-02 15:30:00 IST,BULL,2026-06-02 09:15:00 IST,4450.49,4183.46,4851.03,4984.55,5118.06,5251.58,2026-06-07 15:30:00 IST,4183.46,STOP_LOSS,-1.0,4,93.0,WYCKOFF_SPRING_TYPE_2,True,True,True,6.0,True,NONE
TATAELXSI,2026-07-13 15:30:00 IST,BEAR,2026-07-13 09:15:00 IST,3823.6,3594.18,4167.73,4282.44,4397.15,4511.86,2026-07-14 15:30:00 IST,3594.18,STOP_LOSS,-1.0,2,85.0,BULL_PENNANT,True,True,True,6.0,True,NONE
TATAELXSI,2026-07-24 15:30:00 IST,BEAR,2026-07-24 09:15:00 IST,3538.0,3337.13,3839.3,3939.74,4040.17,4140.61,2026-08-09 15:30:00 IST,3839.3,TARGET_1,1.5,11,95.0,SHAKEOUT_RECLAIM,True,True,True,5.68,True,NONE
TATAINVEST,2026-02-03 15:30:00 IST,BEAR,2026-02-03 09:15:00 IST,631.0,593.14,687.78,706.72,725.65,744.58,2026-02-18 15:30:00 IST,687.78,TARGET_1,1.5,12,87.0,SHAKEOUT_RECLAIM,True,True,True,6.0,True,NONE
TATAINVEST,2026-02-09 15:30:00 IST,SIDEWAYS,2026-02-09 09:15:00 IST,653.08,613.9,711.85,731.44,751.03,770.62,2026-02-18 15:30:00 IST,711.85,TARGET_1,1.5,8,89.0,BULL_PENNANT,True,True,True,6.0,True,NONE
TATAMOTORS,2026-06-12 15:30:00 IST,SIDEWAYS,2026-06-12 09:15:00 IST,390.3,366.88,425.43,437.14,448.85,460.56,2026-06-14 15:30:00 IST,425.43,TARGET_1,1.5,1,92.0,SHAKEOUT_RECLAIM,True,True,True,6.0,True,NONE
TATAMOTORS,2026-06-25 15:30:00 IST,SIDEWAYS,2026-06-25 09:15:00 IST,431.9,405.99,470.76,483.72,496.67,509.63,2026-07-21 15:30:00 IST,405.99,STOP_LOSS,-1.0,19,89.0,HIGHER_LOW_REVERSAL,True,True,True,6.0,True,NONE
TATAMOTORS,2026-07-31 15:30:00 IST,BULL,2026-07-31 09:15:00 IST,436.8,410.59,476.11,489.22,502.33,515.43,2026-08-12 15:30:00 IST,476.11,TARGET_1,1.5,9,90.0,CUP_HANDLE,True,True,True,6.0,True,NONE
TATACOMM,2025-07-01 15:30:00 IST,BEAR,2025-07-01 09:15:00 IST,1336.34,1291.19,1404.07,1426.64,1449.21,1471.79,2025-07-29 15:30:00 IST,1365.26,TIMEOUT_20D,0.64,20,88.0,WYCKOFF_SPRING_TYPE_2,True,True,True,3.38,True,NONE
TATACOMM,2025-07-23 15:30:00 IST,SIDEWAYS,2025-07-23 09:15:00 IST,1342.21,1304.44,1398.87,1417.75,1436.63,1455.52,2025-07-31 15:30:00 IST,1398.87,TARGET_1,1.5,6,84.0,V_REVERSAL,True,True,True,2.81,True,NONE
TATACOMM,2025-08-27 15:30:00 IST,BULL,2025-08-27 09:15:00 IST,1517.59,1426.54,1654.17,1699.69,1745.21,1790.74,2025-09-24 15:30:00 IST,1474.74,TIMEOUT_20D,-0.47,20,84.0,V_REVERSAL,True,True,True,6.0,True,NONE
TATACOMM,2025-12-10 15:30:00 IST,SIDEWAYS,2025-12-10 09:15:00 IST,1570.14,1475.93,1711.44,1758.56,1805.67,1852.77,2025-12-25 15:30:00 IST,1711.44,TARGET_1,1.5,11,90.0,WYCKOFF_SPRING_TYPE_2,True,True,True,6.0,True,NONE
TATACOMM,2026-01-30 15:30:00 IST,BULL,2026-01-30 09:15:00 IST,1792.32,1699.88,1930.98,1977.2,2023.42,2069.64,2026-02-23 15:30:00 IST,1930.98,TARGET_1,1.5,16,93.0,MULTI_MONTH_BASE_BREAKOUT,True,True,True,5.16,True,NONE
TATACOMM,2026-02-19 15:30:00 IST,BULL,2026-02-19 09:15:00 IST,1920.37,1860.25,2010.56,2040.61,2070.67,2100.73,2026-03-10 15:30:00 IST,1860.25,STOP_LOSS,-1.0,13,91.0,MULTI_MONTH_BASE_BREAKOUT,True,True,True,3.13,True,NONE
TATACHEM,2025-04-24 15:30:00 IST,SIDEWAYS,2025-04-24 09:15:00 IST,626.96,589.34,683.39,702.2,721.01,739.82,2025-05-06 15:30:00 IST,683.39,TARGET_1,1.5,8,83.0,V_REVERSAL,True,True,True,6.0,True,NONE
TATACHEM,2025-06-27 15:30:00 IST,SIDEWAYS,2025-06-27 09:15:00 IST,624.02,588.39,677.46,695.28,713.1,730.91,2025-07-25 15:30:00 IST,669.89,TIMEOUT_20D,1.29,20,90.0,WYCKOFF_SPRING_TYPE_2,True,True,True,5.71,True,NONE
TATACHEM,2025-08-08 15:30:00 IST,BULL,2025-08-08 09:15:00 IST,691.26,666.81,727.94,740.16,752.39,764.61,2025-09-01 15:30:00 IST,727.94,TARGET_1,1.5,16,93.0,MULTI_MONTH_BASE_BREAKOUT,True,True,True,3.54,True,NONE
TATACHEM,2025-10-27 15:30:00 IST,BULL,2025-10-27 09:15:00 IST,828.61,778.89,903.19,928.05,952.91,977.77,2025-11-18 15:30:00 IST,778.89,STOP_LOSS,-1.0,16,81.0,V_REVERSAL,True,True,True,6.0,True,NONE
TATACHEM,2026-02-27 15:30:00 IST,SIDEWAYS,2026-02-27 09:15:00 IST,719.53,683.3,773.89,791.99,810.11,828.22,2026-03-27 15:30:00 IST,713.36,TIMEOUT_20D,-0.17,20,86.0,V_REVERSAL,True,True,True,5.04,True,NONE
TATACONSUM,2025-10-10 15:30:00 IST,BULL,2025-10-10 09:15:00 IST,1400.27,1316.25,1526.3,1568.31,1610.32,1652.33,2025-10-12 15:30:00 IST,1316.25,STOP_LOSS,-1.0,1,88.0,V_REVERSAL,True,True,True,6.0,True,NONE
TATACONSUM,2025-10-22 15:30:00 IST,BULL,2025-10-22 09:15:00 IST,1452.33,1365.19,1583.03,1626.61,1670.18,1713.75,2025-10-22 15:30:00 IST,1365.19,STOP_LOSS,-1.0,1,94.0,DOUBLE_BOTTOM,True,True,True,6.0,True,NONE
TATACONSUM,2025-10-30 15:30:00 IST,BULL,2025-10-30 09:15:00 IST,1436.54,1350.35,1565.83,1608.92,1652.02,1695.11,2025-10-30 15:30:00 IST,1350.35,STOP_LOSS,-1.0,1,89.0,SHAKEOUT_RECLAIM,True,True,True,6.0,True,NONE
TATACONSUM,2025-12-05 15:30:00 IST,BULL,2025-12-05 09:15:00 IST,1601.74,1505.64,1745.89,1793.94,1841.99,1890.04,2025-12-07 15:30:00 IST,1505.64,STOP_LOSS,-1.0,1,87.0,DOUBLE_BOTTOM,True,True,True,6.0,True,NONE
TATACONSUM,2025-12-12 15:30:00 IST,BULL,2025-12-12 09:15:00 IST,1645.73,1546.99,1793.85,1843.21,1892.58,1941.95,2025-12-14 15:30:00 IST,1546.99,STOP_LOSS,-1.0,1,94.0,WYCKOFF_SPRING_TYPE_2,True,True,True,6.0,True,NONE
TATACONSUM,2025-12-16 15:30:00 IST,BULL,2025-12-16 09:15:00 IST,1684.35,1583.29,1835.94,1886.47,1937.0,1987.53,2025-12-16 15:30:00 IST,1583.29,STOP_LOSS,-1.0,1,98.0,WYCKOFF_SPRING_TYPE_2,True,True,True,6.0,True,NONE
TATACONSUM,2026-05-25 15:30:00 IST,BULL,2026-05-25 09:15:00 IST,1985.26,1866.14,2163.93,2223.5,2283.06,2342.62,2026-05-25 15:30:00 IST,1866.14,STOP_LOSS,-1.0,1,91.0,SHAKEOUT_RECLAIM,True,True,True,6.0,True,NONE
TATACONSUM,2026-06-16 15:30:00 IST,BEAR,2026-06-16 09:15:00 IST,1130.9,1088.13,1195.06,1216.44,1237.83,1259.21,2026-06-16 15:30:00 IST,1195.06,TARGET_1,1.5,1,86.0,WYCKOFF_SPRING_TYPE_2,True,True,True,3.78,True,NONE
TATACONSUM,2026-06-18 15:30:00 IST,BULL,2026-06-18 09:15:00 IST,2036.9,1914.69,2220.21,2281.32,2342.43,2403.53,2026-06-18 15:30:00 IST,1914.69,STOP_LOSS,-1.0,1,97.0,WYCKOFF_SPRING_TYPE_2,True,True,True,6.0,True,NONE
TATACONSUM,2026-06-30 15:30:00 IST,BULL,2026-06-30 09:15:00 IST,2113.12,1986.33,2303.31,2366.7,2430.09,2493.49,2026-06-30 15:30:00 IST,1986.33,STOP_LOSS,-1.0,1,89.0,SHAKEOUT_RECLAIM,True,True,True,6.0,True,NONE
TATASTEEL,2025-10-28 15:30:00 IST,BULL,2025-10-28 09:15:00 IST,178.14,169.08,191.72,196.26,200.79,205.32,2025-11-13 15:30:00 IST,169.08,STOP_LOSS,-1.0,12,95.0,MULTI_MONTH_BASE_BREAKOUT,True,True,True,5.08,True,NONE
TATASTEEL,2026-01-14 15:30:00 IST,BULL,2026-01-14 09:15:00 IST,185.43,178.53,195.77,199.23,202.68,206.13,2026-01-20 15:30:00 IST,178.53,STOP_LOSS,-1.0,5,94.0,MULTI_MONTH_BASE_BREAKOUT,True,True,True,3.72,True,NONE
TATASTEEL,2026-01-29 15:30:00 IST,BULL,2026-01-29 09:15:00 IST,198.23,186.34,216.07,222.01,227.95,233.9,2026-02-01 15:30:00 IST,186.34,STOP_LOSS,-1.0,2,95.0,MULTI_MONTH_BASE_BREAKOUT,True,True,True,6.0,True,NONE
TATASTEEL,2026-05-13 15:30:00 IST,BULL,2026-05-13 09:15:00 IST,215.18,208.33,225.46,228.88,232.31,235.73,2026-05-17 15:30:00 IST,208.33,STOP_LOSS,-1.0,3,91.0,MULTI_MONTH_BASE_BREAKOUT,True,True,True,3.18,True,NONE
TATASTEEL,2026-08-24 15:30:00 IST,SIDEWAYS,2026-08-24 09:15:00 IST,186.3,179.1,197.1,200.7,204.3,207.9,2026-09-03 15:30:00 IST,188.79,TIMEOUT_20D,0.35,9,89.0,WYCKOFF_SPRING_TYPE_2,True,True,True,3.86,True,NONE
TCS,2026-01-06 15:30:00 IST,BULL,2026-01-06 09:15:00 IST,3137.69,3054.78,3262.05,3303.51,3344.96,3386.42,2026-01-19 15:30:00 IST,3054.78,STOP_LOSS,-1.0,10,86.0,SHAKEOUT_RECLAIM,True,True,True,2.64,True,NONE
TCS,2026-04-02 15:30:00 IST,BEAR,2026-04-02 09:15:00 IST,2404.73,2290.68,2575.81,2632.83,2689.86,2746.88,2026-05-03 15:30:00 IST,2385.69,TIMEOUT_20D,-0.17,20,81.0,SHAKEOUT_RECLAIM,True,True,True,4.74,True,NONE
TCS,2026-04-09 15:30:00 IST,SIDEWAYS,2026-04-09 09:15:00 IST,2540.44,2388.01,2769.08,2845.3,2921.51,2997.73,2026-04-23 15:30:00 IST,2388.01,STOP_LOSS,-1.0,10,82.0,WYCKOFF_SPRING_TYPE_2,True,True,True,6.0,True,NONE
TCS,2026-07-13 15:30:00 IST,SIDEWAYS,2026-07-13 09:15:00 IST,2169.6,2039.43,2364.87,2429.94,2495.02,2560.11,2026-07-27 15:30:00 IST,2364.87,TARGET_1,1.5,11,94.0,WYCKOFF_SPRING_TYPE_2,True,True,True,6.0,True,NONE
TCS,2026-07-28 15:30:00 IST,BULL,2026-07-28 09:15:00 IST,2398.0,2254.12,2613.82,2685.76,2757.7,2829.64,2026-08-24 15:30:00 IST,2296.2,TIMEOUT_20D,-0.71,20,84.0,V_REVERSAL,True,True,True,6.0,True,NONE
TATAPOWER,2025-10-24 15:30:00 IST,BEAR,2025-10-24 09:15:00 IST,2053.13,2004.28,2126.41,2150.83,2175.26,2199.68,2025-11-07 15:30:00 IST,2126.41,TARGET_1,1.5,10,85.0,WYCKOFF_SPRING_TYPE_2,True,True,True,2.38,True,NONE
TATAPOWER,2025-11-12 15:30:00 IST,BULL,2025-11-12 09:15:00 IST,2236.99,2102.77,2438.32,2505.43,2572.54,2639.65,2025-12-10 15:30:00 IST,2349.03,TIMEOUT_20D,0.83,20,91.0,V_REVERSAL,True,True,True,6.0,True,NONE
TATAPOWER,2026-03-17 15:30:00 IST,BULL,2026-03-17 09:15:00 IST,2369.99,2272.09,2516.84,2565.79,2614.74,2663.69,2026-04-01 15:30:00 IST,2272.09,STOP_LOSS,-1.0,11,89.0,BULL_FLAG,True,True,True,4.13,True,NONE
TATAPOWER,2026-05-29 15:30:00 IST,SIDEWAYS,2026-05-29 09:15:00 IST,2371.23,2292.86,2488.78,2527.97,2567.15,2606.34,2026-06-12 15:30:00 IST,2292.86,STOP_LOSS,-1.0,10,89.0,WYCKOFF_SPRING_TYPE_2,True,True,True,3.3,True,NONE
TATATECH,2025-03-04 15:30:00 IST,SIDEWAYS,2025-03-04 09:15:00 IST,702.0,689.51,720.73,726.98,733.23,739.47,2025-03-10 15:30:00 IST,689.51,STOP_LOSS,-1.0,4,83.0,CUP_HANDLE,True,True,True,1.78,True,NONE
TATATECH,2025-04-01 15:30:00 IST,BEAR,2025-04-01 09:15:00 IST,680.85,648.64,729.16,745.27,761.38,777.48,2025-04-09 15:30:00 IST,729.16,TARGET_1,1.5,6,84.0,V_REVERSAL,True,True,True,4.73,True,NONE
TATATECH,2025-05-28 15:30:00 IST,BULL,2025-05-28 09:15:00 IST,770.69,754.91,794.37,802.25,810.14,818.03,2025-06-04 15:30:00 IST,754.91,STOP_LOSS,-1.0,5,86.0,CUP_HANDLE,True,True,True,2.05,True,NONE
TATATECH,2025-07-28 15:30:00 IST,SIDEWAYS,2025-07-28 09:15:00 IST,772.8,747.57,810.65,823.26,835.87,848.49,2025-07-31 15:30:00 IST,810.65,TARGET_1,1.5,3,86.0,CUP_HANDLE,True,True,True,3.26,True,NONE
TATATECH,2025-09-08 15:30:00 IST,BULL,2025-09-08 09:15:00 IST,882.93,859.33,918.32,930.13,941.93,953.73,2025-09-24 15:30:00 IST,859.33,STOP_LOSS,-1.0,12,86.0,BULL_FLAG,True,True,True,2.67,True,NONE
TATATECH,2026-01-01 15:30:00 IST,BULL,2026-01-01 09:15:00 IST,939.03,899.33,998.59,1018.43,1038.28,1058.13,2026-01-21 15:30:00 IST,998.59,TARGET_1,1.5,14,79.0,DOUBLE_BOTTOM,True,True,True,4.23,True,NONE
TATATECH,2026-02-11 15:30:00 IST,BULL,2026-02-11 09:15:00 IST,1032.03,984.37,1103.51,1127.35,1151.18,1175.01,2026-02-18 15:30:00 IST,984.37,STOP_LOSS,-1.0,5,85.0,HIGHER_LOW_REVERSAL,True,True,True,4.62,True,NONE
TATATECH,2026-04-22 15:30:00 IST,BULL,2026-04-22 09:15:00 IST,1002.23,984.22,1029.24,1038.25,1047.26,1056.26,2026-05-01 15:30:00 IST,1029.24,TARGET_1,1.5,7,85.0,CUP_HANDLE,True,True,True,1.8,True,NONE
TATATECH,2026-07-02 15:30:00 IST,BULL,2026-07-02 09:15:00 IST,1142.7,1108.56,1193.92,1210.98,1228.05,1245.12,2026-07-28 15:30:00 IST,1193.92,TARGET_1,1.5,18,83.0,CUP_HANDLE,True,True,True,2.99,True,NONE
TDPOWERSYS,2025-11-24 15:30:00 IST,BULL,2025-11-24 09:15:00 IST,762.76,716.99,831.4,854.3,877.18,900.07,2025-12-04 15:30:00 IST,716.99,STOP_LOSS,-1.0,9,90.0,SHAKEOUT_RECLAIM,True,True,True,6.0,True,NONE
TDPOWERSYS,2026-04-24 15:30:00 IST,BULL,2026-04-24 09:15:00 IST,1111.76,1045.06,1211.82,1245.16,1278.51,1311.86,2026-05-06 15:30:00 IST,1211.82,TARGET_1,1.5,9,88.0,BULL_FLAG,True,True,True,6.0,True,NONE
TDPOWERSYS,2026-05-15 15:30:00 IST,BULL,2026-05-15 09:15:00 IST,1310.02,1231.42,1427.92,1467.22,1506.52,1545.82,2026-05-18 15:30:00 IST,1231.42,STOP_LOSS,-1.0,2,97.0,BULL_FLAG,True,True,True,6.0,True,NONE
TDPOWERSYS,2026-08-05 15:30:00 IST,SIDEWAYS,2026-08-05 09:15:00 IST,1201.9,1129.79,1310.07,1346.12,1382.18,1418.23,2026-08-11 15:30:00 IST,1310.07,TARGET_1,1.5,5,89.0,V_REVERSAL,True,True,True,6.0,True,NONE
TBOTEK,2025-03-03 15:30:00 IST,BULL,2025-03-03 09:15:00 IST,1165.82,1134.33,1213.05,1228.8,1244.55,1260.29,2025-03-05 15:30:00 IST,1134.33,STOP_LOSS,-1.0,2,81.0,CUP_HANDLE,True,True,True,2.7,True,NONE
TBOTEK,2025-05-07 15:30:00 IST,BULL,2025-05-07 09:15:00 IST,1187.13,1170.34,1212.31,1220.71,1229.11,1237.5,2025-05-13 15:30:00 IST,1212.31,TARGET_1,1.5,4,93.0,CUP_HANDLE,True,True,True,1.41,True,NONE
TBOTEK,2025-06-27 15:30:00 IST,BULL,2025-06-27 09:15:00 IST,1219.25,1199.92,1248.24,1257.91,1267.57,1277.24,2025-07-22 15:30:00 IST,1199.92,STOP_LOSS,-1.0,17,86.0,CUP_HANDLE,True,True,True,1.59,True,NONE
TBOTEK,2025-10-07 15:30:00 IST,SIDEWAYS,2025-10-07 09:15:00 IST,1237.5,1197.58,1297.37,1317.34,1337.3,1357.26,2025-10-22 15:30:00 IST,1297.37,TARGET_1,1.5,11,87.0,WYCKOFF_SPRING_TYPE_2,True,True,True,3.23,True,NONE
TBOTEK,2026-05-04 15:30:00 IST,BEAR,2026-05-04 09:15:00 IST,1336.24,1298.38,1393.03,1411.96,1430.89,1449.82,2026-05-11 15:30:00 IST,1298.38,STOP_LOSS,-1.0,5,92.0,WYCKOFF_SPRING_TYPE_2,True,True,True,2.83,True,NONE
TECHM,2026-01-16 15:30:00 IST,BULL,2026-01-16 09:15:00 IST,1628.19,1559.77,1730.81,1765.03,1799.24,1833.45,2026-01-28 15:30:00 IST,1730.81,TARGET_1,1.5,8,98.0,MULTI_MONTH_BASE_BREAKOUT,True,True,True,4.2,True,NONE
TECHM,2026-01-27 15:30:00 IST,BULL,2026-01-27 09:15:00 IST,1700.9,1641.27,1790.34,1820.16,1849.98,1879.79,2026-02-02 15:30:00 IST,1790.34,TARGET_1,1.5,5,90.0,MULTI_MONTH_BASE_BREAKOUT,True,True,True,3.51,True,NONE
TECHM,2026-03-20 15:30:00 IST,BEAR,2026-03-20 09:15:00 IST,1349.72,1268.74,1471.2,1511.68,1552.17,1592.66,2026-04-15 15:30:00 IST,1471.2,TARGET_1,1.5,15,89.0,WYCKOFF_SPRING_TYPE_2,True,True,True,6.0,True,NONE
TECHM,2026-05-18 15:30:00 IST,BULL,2026-05-18 09:15:00 IST,1393.78,1319.69,1504.91,1541.96,1579.0,1616.05,2026-05-31 15:30:00 IST,1504.91,TARGET_1,1.5,10,96.0,DOUBLE_BOTTOM,True,True,True,5.32,True,NONE
TECHM,2026-07-17 15:30:00 IST,BULL,2026-07-17 09:15:00 IST,1572.9,1502.29,1678.82,1714.12,1749.43,1784.73,2026-07-29 15:30:00 IST,1678.82,TARGET_1,1.5,9,95.0,MULTI_MONTH_BASE_BREAKOUT,True,True,True,4.49,True,NONE
TECHM,2026-07-28 15:30:00 IST,BULL,2026-07-28 09:15:00 IST,1635.2,1537.09,1782.36,1831.42,1880.48,1929.53,2026-08-24 15:30:00 IST,1599.9,TIMEOUT_20D,-0.36,20,90.0,BULL_FLAG,True,True,True,6.0,True,NONE
TENNIND,2026-02-25 15:30:00 IST,BULL,2026-02-25 09:15:00 IST,589.4,554.04,642.44,660.12,677.8,695.48,2026-03-01 15:30:00 IST,554.04,STOP_LOSS,-1.0,3,80.0,CUP_HANDLE,True,True,True,6.0,True,NONE
TENNIND,2026-04-07 15:30:00 IST,SIDEWAYS,2026-04-07 09:15:00 IST,546.55,513.76,595.73,612.13,628.52,644.92,2026-04-16 15:30:00 IST,595.73,TARGET_1,1.5,7,91.0,WYCKOFF_SPRING_TYPE_2,True,True,True,6.0,True,NONE
TENNIND,2026-04-30 15:30:00 IST,BULL,2026-04-30 09:15:00 IST,621.75,584.44,677.71,696.37,715.02,733.68,2026-05-18 15:30:00 IST,584.44,STOP_LOSS,-1.0,13,86.0,DOUBLE_BOTTOM,True,True,True,6.0,True,NONE
TENNIND,2026-08-06 15:30:00 IST,SIDEWAYS,2026-08-06 09:15:00 IST,570.55,536.32,621.89,639.01,656.12,673.24,2026-08-11 15:30:00 IST,536.32,STOP_LOSS,-1.0,4,89.0,V_REVERSAL,True,True,True,6.0,True,NONE
TEJASNET,2025-03-28 15:30:00 IST,SIDEWAYS,2025-03-28 09:15:00 IST,864.18,834.15,909.23,924.24,939.25,954.27,2025-04-15 15:30:00 IST,834.15,STOP_LOSS,-1.0,12,88.0,CUP_HANDLE,True,True,True,3.48,True,NONE
TEJASNET,2025-04-10 15:30:00 IST,BULL,2025-04-10 09:15:00 IST,865.32,850.2,888.0,895.56,903.12,910.68,2025-04-14 15:30:00 IST,850.2,STOP_LOSS,-1.0,2,91.0,CUP_HANDLE,True,True,True,1.75,True,NONE
TEJASNET,2025-06-23 15:30:00 IST,BEAR,2025-06-23 09:15:00 IST,740.1,707.82,788.51,804.66,820.8,836.94,2025-07-07 15:30:00 IST,788.51,TARGET_1,1.5,10,87.0,V_REVERSAL,True,True,True,4.36,True,NONE
TEJASNET,2025-09-09 15:30:00 IST,BEAR,2025-09-09 09:15:00 IST,759.49,745.54,780.4,787.39,794.37,801.34,2025-09-18 15:30:00 IST,780.4,TARGET_1,1.5,7,94.0,WYCKOFF_SPRING_TYPE_2,True,True,True,1.84,True,NONE
TEJASNET,2025-09-15 15:30:00 IST,SIDEWAYS,2025-09-15 09:15:00 IST,769.98,745.54,806.63,818.86,831.08,843.3,2025-09-25 15:30:00 IST,806.63,TARGET_1,1.5,8,96.0,WYCKOFF_SPRING_TYPE_2,True,True,True,3.17,True,NONE
TEJASNET,2025-09-23 15:30:00 IST,SIDEWAYS,2025-09-23 09:15:00 IST,786.89,753.22,837.39,854.23,871.06,887.9,2025-09-30 15:30:00 IST,837.39,TARGET_1,1.5,5,83.0,DOUBLE_BOTTOM,True,True,True,4.28,True,NONE
TEJASNET,2026-02-19 15:30:00 IST,BULL,2026-02-19 09:15:00 IST,865.74,847.19,893.58,902.84,912.11,921.39,2026-03-05 15:30:00 IST,893.58,TARGET_1,1.5,10,88.0,CUP_HANDLE,True,True,True,2.14,True,NONE
TEJASNET,2026-08-07 15:30:00 IST,SIDEWAYS,2026-08-07 09:15:00 IST,1006.58,966.25,1067.08,1087.24,1107.41,1127.57,2026-08-18 15:30:00 IST,966.25,STOP_LOSS,-1.0,7,80.0,V_REVERSAL,True,True,True,4.01,True,NONE
TEGA,2025-05-13 15:30:00 IST,SIDEWAYS,2025-05-13 09:15:00 IST,705.65,679.02,745.59,758.91,772.22,785.54,2025-06-10 15:30:00 IST,724.45,TIMEOUT_20D,0.71,20,94.0,WYCKOFF_SPRING_TYPE_2,True,True,True,3.77,True,NONE
TEGA,2025-05-19 15:30:00 IST,BULL,2025-05-19 09:15:00 IST,711.55,679.02,760.34,776.61,792.87,809.14,2025-06-16 15:30:00 IST,739.36,TIMEOUT_20D,0.85,20,92.0,WYCKOFF_SPRING_TYPE_2,True,True,True,4.57,True,NONE
TEGA,2025-06-23 15:30:00 IST,BULL,2025-06-23 09:15:00 IST,737.78,724.99,756.98,763.36,769.75,776.15,2025-06-26 15:30:00 IST,724.99,STOP_LOSS,-1.0,3,90.0,CUP_HANDLE,True,True,True,1.73,True,NONE
TEGA,2025-07-14 15:30:00 IST,SIDEWAYS,2025-07-14 09:15:00 IST,718.62,700.3,746.11,755.26,764.42,773.58,2025-07-16 15:30:00 IST,700.3,STOP_LOSS,-1.0,2,89.0,WYCKOFF_SPRING_TYPE_2,True,True,True,2.55,True,NONE
TEGA,2025-08-01 15:30:00 IST,SIDEWAYS,2025-08-01 09:15:00 IST,733.13,692.75,793.7,813.89,834.08,854.27,2025-08-29 15:30:00 IST,750.35,TIMEOUT_20D,0.43,20,86.0,V_REVERSAL,True,True,True,5.51,True,NONE
TEGA,2025-09-30 15:30:00 IST,BULL,2025-09-30 09:15:00 IST,778.79,732.07,848.88,872.23,895.59,918.95,2025-10-28 15:30:00 IST,836.19,TIMEOUT_20D,1.23,20,91.0,V_REVERSAL,True,True,True,6.0,True,NONE
TEGA,2025-10-16 15:30:00 IST,BULL,2025-10-16 09:15:00 IST,822.78,791.48,869.73,885.38,901.03,916.68,2025-11-13 15:30:00 IST,837.08,TIMEOUT_20D,0.46,20,91.0,MULTI_MONTH_BASE_BREAKOUT,True,True,True,3.8,True,NONE
TEGA,2025-10-31 15:30:00 IST,BULL,2025-10-31 09:15:00 IST,844.01,828.3,867.58,875.43,883.29,891.14,2025-11-04 15:30:00 IST,828.3,STOP_LOSS,-1.0,2,93.0,BULL_FLAG,True,True,True,1.86,True,NONE
TEGA,2025-11-07 15:30:00 IST,BULL,2025-11-07 09:15:00 IST,862.34,824.68,918.83,937.66,956.49,975.32,2025-12-05 15:30:00 IST,860.3,TIMEOUT_20D,-0.05,20,92.0,MULTI_MONTH_BASE_BREAKOUT,True,True,True,4.37,True,NONE
TEGA,2026-02-10 15:30:00 IST,BULL,2026-02-10 09:15:00 IST,877.43,824.78,956.39,982.73,1009.05,1035.38,2026-03-10 15:30:00 IST,905.4,TIMEOUT_20D,0.53,20,85.0,V_REVERSAL,True,True,True,6.0,True,NONE
TECHNOE,2025-08-28 15:30:00 IST,SIDEWAYS,2025-08-28 09:15:00 IST,1505.48,1464.65,1566.73,1587.14,1607.55,1627.97,2025-09-09 15:30:00 IST,1566.73,TARGET_1,1.5,8,84.0,CUP_HANDLE,True,True,True,2.71,True,NONE
TECHNOE,2025-11-20 15:30:00 IST,BULL,2025-11-20 09:15:00 IST,1758.42,1652.91,1916.68,1969.44,2022.2,2074.95,2025-12-18 15:30:00 IST,1674.88,TIMEOUT_20D,-0.79,20,85.0,V_REVERSAL,True,True,True,6.0,True,NONE
TECHNOE,2026-07-07 15:30:00 IST,BEAR,2026-07-07 09:15:00 IST,1330.35,1274.33,1414.37,1442.39,1470.4,1498.41,2026-07-29 15:30:00 IST,1274.33,STOP_LOSS,-1.0,16,89.0,WYCKOFF_SPRING_TYPE_2,True,True,True,4.21,True,NONE
TECHNOE,2026-08-14 15:30:00 IST,BEAR,2026-08-14 09:15:00 IST,1293.24,1249.77,1358.44,1380.18,1401.91,1423.65,2026-08-18 15:30:00 IST,1249.77,STOP_LOSS,-1.0,3,92.0,WYCKOFF_SPRING_TYPE_2,True,True,True,3.36,True,NONE
TFCILTD,2026-01-05 15:30:00 IST,SIDEWAYS,2026-01-05 09:15:00 IST,65.94,61.98,71.87,73.86,75.84,77.82,2026-01-12 15:30:00 IST,61.98,STOP_LOSS,-1.0,6,92.0,V_REVERSAL,True,True,True,6.0,True,NONE
TFCILTD,2026-01-14 15:30:00 IST,SIDEWAYS,2026-01-14 09:15:00 IST,68.27,64.94,73.27,74.93,76.59,78.26,2026-01-19 15:30:00 IST,64.94,STOP_LOSS,-1.0,4,93.0,DOUBLE_BOTTOM,True,True,True,4.88,True,NONE
TFCILTD,2026-05-04 15:30:00 IST,BULL,2026-05-04 09:15:00 IST,76.71,72.11,83.61,85.91,88.21,90.51,2026-05-06 15:30:00 IST,83.61,TARGET_1,1.5,3,84.0,CUP_HANDLE,True,True,True,6.0,True,NONE
TFCILTD,2026-07-24 15:30:00 IST,BULL,2026-07-24 09:15:00 IST,86.82,81.61,94.62,97.24,99.84,102.45,2026-07-26 15:30:00 IST,94.62,TARGET_1,1.5,1,94.0,BULL_FLAG,True,True,True,6.0,True,NONE
TFCILTD,2026-08-07 15:30:00 IST,BULL,2026-08-07 09:15:00 IST,116.87,109.86,127.38,130.89,134.4,137.9,2026-08-18 15:30:00 IST,127.38,TARGET_1,1.5,8,91.0,BULL_FLAG,True,True,True,6.0,True,NONE
THELEELA,2025-12-30 15:30:00 IST,SIDEWAYS,2025-12-30 09:15:00 IST,433.55,407.54,472.56,485.57,498.57,511.58,2026-01-20 15:30:00 IST,407.54,STOP_LOSS,-1.0,16,86.0,WYCKOFF_SPRING_TYPE_2,True,True,True,6.0,True,NONE
THELEELA,2026-06-19 15:30:00 IST,BULL,2026-06-19 09:15:00 IST,494.2,464.55,538.68,553.5,568.32,583.15,2026-07-16 15:30:00 IST,485.65,TIMEOUT_20D,-0.29,20,91.0,BULL_FLAG,True,True,True,6.0,True,NONE
THELEELA,2026-07-06 15:30:00 IST,BULL,2026-07-06 09:15:00 IST,502.2,472.07,547.4,562.46,577.52,592.59,2026-07-22 15:30:00 IST,472.07,STOP_LOSS,-1.0,13,95.0,BULL_FLAG,True,True,True,6.0,True,NONE
THELEELA,2026-08-21 15:30:00 IST,BULL,2026-08-21 09:15:00 IST,561.7,528.0,612.25,629.1,645.95,662.8,2026-09-03 15:30:00 IST,554.15,TIMEOUT_20D,-0.22,10,85.0,V_REVERSAL,True,True,True,6.0,True,NONE
THANGAMAYL,2025-10-24 15:30:00 IST,SIDEWAYS,2025-10-24 09:15:00 IST,2033.81,1924.42,2197.9,2252.59,2307.28,2361.98,2025-10-30 15:30:00 IST,2197.9,TARGET_1,1.5,5,91.0,SHAKEOUT_RECLAIM,True,True,True,5.38,True,NONE
THANGAMAYL,2025-10-30 15:30:00 IST,SIDEWAYS,2025-10-30 09:15:00 IST,2075.2,1950.68,2261.97,2324.24,2386.5,2448.76,2025-11-02 15:30:00 IST,2261.97,TARGET_1,1.5,2,91.0,WYCKOFF_SPRING_TYPE_2,True,True,True,6.0,True,NONE
THANGAMAYL,2025-11-06 15:30:00 IST,BULL,2025-11-06 09:15:00 IST,3072.61,2888.25,3349.14,3441.33,3533.51,3625.69,2025-11-06 15:30:00 IST,3349.14,TARGET_1,1.5,1,94.0,WYCKOFF_SPRING_TYPE_2,True,True,True,6.0,True,NONE
THANGAMAYL,2026-01-07 15:30:00 IST,BULL,2026-01-07 09:15:00 IST,3825.0,3595.5,4169.25,4284.0,4398.75,4513.5,2026-01-08 15:30:00 IST,3595.5,STOP_LOSS,-1.0,2,91.0,V_REVERSAL,True,True,True,6.0,True,NONE
THANGAMAYL,2026-01-21 15:30:00 IST,BULL,2026-01-21 09:15:00 IST,3877.35,3644.71,4226.32,4342.63,4458.95,4575.27,2026-01-21 15:30:00 IST,3644.71,STOP_LOSS,-1.0,1,89.0,V_REVERSAL,True,True,True,6.0,True,NONE
THANGAMAYL,2026-03-25 15:30:00 IST,SIDEWAYS,2026-03-25 09:15:00 IST,3588.66,3385.38,3893.58,3995.22,4096.86,4198.5,2026-03-26 15:30:00 IST,3385.38,STOP_LOSS,-1.0,1,88.0,DOUBLE_BOTTOM,True,True,True,5.66,True,NONE
THANGAMAYL,2026-04-13 15:30:00 IST,BULL,2026-04-13 09:15:00 IST,4163.75,3971.93,4451.49,4547.39,4643.3,4739.21,2026-04-22 15:30:00 IST,3971.93,STOP_LOSS,-1.0,7,87.0,DOUBLE_BOTTOM,True,True,True,4.61,True,NONE
THANGAMAYL,2026-05-08 15:30:00 IST,BULL,2026-05-08 09:15:00 IST,4234.85,3980.76,4616.0,4743.03,4870.08,4997.12,2026-05-10 15:30:00 IST,3980.76,STOP_LOSS,-1.0,1,92.0,DOUBLE_BOTTOM,True,True,True,6.0,True,NONE
THANGAMAYL,2026-05-29 15:30:00 IST,BULL,2026-05-29 09:15:00 IST,4193.17,3941.58,4570.56,4696.35,4822.15,4947.94,2026-06-01 15:30:00 IST,4570.56,TARGET_1,1.5,2,93.0,DOUBLE_BOTTOM,True,True,True,6.0,True,NONE
THANGAMAYL,2026-06-04 15:30:00 IST,BULL,2026-06-04 09:15:00 IST,5505.2,5174.89,6000.67,6165.82,6330.97,6496.13,2026-06-04 15:30:00 IST,5174.89,STOP_LOSS,-1.0,1,92.0,BULL_FLAG,True,True,True,6.0,True,NONE
THANGAMAYL,2026-06-30 15:30:00 IST,BULL,2026-06-30 09:15:00 IST,6380.35,5997.53,6954.59,7145.99,7337.4,7528.81,2026-06-30 15:30:00 IST,5997.53,STOP_LOSS,-1.0,1,94.0,BULL_FLAG,True,True,True,6.0,True,NONE
THANGAMAYL,2026-07-08 15:30:00 IST,BULL,2026-07-08 09:15:00 IST,6787.02,6379.79,7397.85,7601.48,7805.1,8008.71,2026-07-09 15:30:00 IST,6379.79,STOP_LOSS,-1.0,2,90.0,BULL_PENNANT,True,True,True,6.0,True,NONE
THANGAMAYL,2026-08-05 15:30:00 IST,SIDEWAYS,2026-08-05 09:15:00 IST,4953.0,4655.82,5398.77,5547.36,5695.95,5844.54,2026-08-09 15:30:00 IST,5398.77,TARGET_1,1.5,3,92.0,SHAKEOUT_RECLAIM,True,True,True,6.0,True,NONE
TEXRAIL,2025-04-01 15:30:00 IST,BULL,2025-04-01 09:15:00 IST,723.29,701.54,755.91,766.79,777.66,788.54,2025-04-04 15:30:00 IST,701.54,STOP_LOSS,-1.0,3,95.0,MULTI_MONTH_BASE_BREAKOUT,True,True,True,3.01,True,NONE
TEXRAIL,2025-08-04 15:30:00 IST,BULL,2025-08-04 09:15:00 IST,820.84,788.88,868.78,884.76,900.74,916.72,2025-08-15 15:30:00 IST,868.78,TARGET_1,1.5,9,89.0,MULTI_MONTH_BASE_BREAKOUT,True,True,True,3.89,True,NONE
TEXRAIL,2026-01-14 15:30:00 IST,BULL,2026-01-14 09:15:00 IST,970.97,952.5,998.66,1007.91,1017.15,1026.38,2026-02-05 15:30:00 IST,952.5,STOP_LOSS,-1.0,16,92.0,CUP_HANDLE,True,True,True,1.9,True,NONE
TEXRAIL,2026-05-01 15:30:00 IST,BULL,2026-05-01 09:15:00 IST,954.62,935.05,983.99,993.76,1003.55,1013.33,2026-05-08 15:30:00 IST,983.99,TARGET_1,1.5,5,92.0,CUP_HANDLE,True,True,True,2.05,True,NONE
TEXRAIL,2026-05-20 15:30:00 IST,BULL,2026-05-20 09:15:00 IST,1011.91,975.45,1066.59,1084.83,1103.06,1121.29,2026-05-28 15:30:00 IST,1066.59,TARGET_1,1.5,6,88.0,MULTI_MONTH_BASE_BREAKOUT,True,True,True,3.6,True,NONE
TEXRAIL,2026-05-28 15:30:00 IST,BULL,2026-05-28 09:15:00 IST,1078.41,1032.97,1146.56,1169.29,1192.01,1214.73,2026-06-11 15:30:00 IST,1146.56,TARGET_1,1.5,10,96.0,MULTI_MONTH_BASE_BREAKOUT,True,True,True,4.21,True,NONE
THOMASCOOK,2025-11-18 15:30:00 IST,BEAR,2025-11-18 09:15:00 IST,157.8,148.33,172.01,176.74,181.48,186.21,2025-11-25 15:30:00 IST,148.33,STOP_LOSS,-1.0,6,91.0,SHAKEOUT_RECLAIM,True,True,True,6.0,True,NONE
THOMASCOOK,2025-12-15 15:30:00 IST,BEAR,2025-12-15 09:15:00 IST,144.08,135.44,157.04,161.36,165.68,170.0,2026-01-11 15:30:00 IST,135.44,STOP_LOSS,-1.0,19,88.0,SHAKEOUT_RECLAIM,True,True,True,6.0,True,NONE
THOMASCOOK,2025-12-31 15:30:00 IST,SIDEWAYS,2025-12-31 09:15:00 IST,148.73,139.81,162.11,166.57,171.03,175.49,2026-01-07 15:30:00 IST,139.81,STOP_LOSS,-1.0,6,93.0,WYCKOFF_SPRING_TYPE_2,True,True,True,6.0,True,NONE
THOMASCOOK,2026-03-10 15:30:00 IST,BEAR,2026-03-10 09:15:00 IST,93.89,88.26,102.33,105.15,107.96,110.78,2026-03-12 15:30:00 IST,88.26,STOP_LOSS,-1.0,3,86.0,SHAKEOUT_RECLAIM,True,True,True,6.0,True,NONE
THOMASCOOK,2026-06-09 15:30:00 IST,SIDEWAYS,2026-06-09 09:15:00 IST,112.84,108.4,119.5,121.72,123.94,126.16,2026-06-10 15:30:00 IST,108.4,STOP_LOSS,-1.0,2,94.0,MULTI_MONTH_BASE_BREAKOUT,True,True,True,3.93,True,NONE
THOMASCOOK,2026-08-11 15:30:00 IST,SIDEWAYS,2026-08-11 09:15:00 IST,109.43,104.44,116.92,119.41,121.91,124.4,2026-08-16 15:30:00 IST,104.44,STOP_LOSS,-1.0,4,85.0,DOUBLE_BOTTOM,True,True,True,4.56,True,NONE
THYROCARE,2025-12-16 15:30:00 IST,BULL,2025-12-16 09:15:00 IST,453.25,426.06,494.04,507.63,521.23,534.82,2025-12-17 15:30:00 IST,426.06,STOP_LOSS,-1.0,2,89.0,SHAKEOUT_RECLAIM,True,True,True,6.0,True,NONE
THYROCARE,2026-03-23 15:30:00 IST,BEAR,2026-03-23 09:15:00 IST,368.5,346.39,401.67,412.72,423.78,434.83,2026-03-29 15:30:00 IST,346.39,STOP_LOSS,-1.0,4,92.0,SHAKEOUT_RECLAIM,True,True,True,6.0,True,NONE
THYROCARE,2026-05-05 15:30:00 IST,BULL,2026-05-05 09:15:00 IST,425.66,402.81,459.93,471.36,482.79,494.21,2026-05-05 15:30:00 IST,459.93,TARGET_1,1.5,1,85.0,DOUBLE_BOTTOM,True,True,True,5.37,True,NONE
THYROCARE,2026-06-08 15:30:00 IST,BULL,2026-06-08 09:15:00 IST,534.39,502.33,582.49,598.51,614.54,630.57,2026-07-05 15:30:00 IST,545.2,TIMEOUT_20D,0.34,20,94.0,BULL_FLAG,True,True,True,6.0,True,NONE
THYROCARE,2026-07-14 15:30:00 IST,BULL,2026-07-14 09:15:00 IST,540.45,508.02,589.1,605.31,621.53,637.74,2026-07-23 15:30:00 IST,589.1,TARGET_1,1.5,8,95.0,CUP_HANDLE,True,True,True,6.0,True,NONE
THERMAX,2025-04-08 15:30:00 IST,BULL,2025-04-08 09:15:00 IST,1931.57,1888.82,1995.69,2017.07,2038.44,2059.82,2025-04-16 15:30:00 IST,1888.82,STOP_LOSS,-1.0,6,91.0,BULL_FLAG,True,True,True,2.21,True,NONE
THERMAX,2025-05-05 15:30:00 IST,BULL,2025-05-05 09:15:00 IST,2004.31,1933.52,2110.5,2145.89,2181.28,2216.68,2025-06-02 15:30:00 IST,2085.56,TIMEOUT_20D,1.15,20,91.0,MULTI_MONTH_BASE_BREAKOUT,True,True,True,3.53,True,NONE
THERMAX,2025-07-15 15:30:00 IST,BEAR,2025-07-15 09:15:00 IST,1997.12,1934.45,2091.11,2122.46,2153.79,2185.13,2025-08-01 15:30:00 IST,1934.45,STOP_LOSS,-1.0,13,86.0,WYCKOFF_SPRING_TYPE_2,True,True,True,3.14,True,NONE
THERMAX,2025-11-12 15:30:00 IST,SIDEWAYS,2025-11-12 09:15:00 IST,1954.7,1837.42,2130.61,2189.26,2247.9,2306.54,2025-12-10 15:30:00 IST,1955.5,TIMEOUT_20D,0.01,20,84.0,WYCKOFF_SPRING_TYPE_2,True,True,True,6.0,True,NONE
THERMAX,2026-03-25 15:30:00 IST,BULL,2026-03-25 09:15:00 IST,2355.93,2234.94,2537.4,2597.91,2658.4,2718.9,2026-04-08 15:30:00 IST,2537.4,TARGET_1,1.5,10,88.0,BULL_FLAG,True,True,True,5.14,True,NONE
THERMAX,2026-05-06 15:30:00 IST,BULL,2026-05-06 09:15:00 IST,2594.71,2501.5,2734.52,2781.13,2827.74,2874.34,2026-05-08 15:30:00 IST,2501.5,STOP_LOSS,-1.0,2,87.0,BULL_FLAG,True,True,True,3.59,True,NONE
TIMEX,2026-08-20 15:30:00 IST,BULL,2026-08-20 09:15:00 IST,591.05,555.59,644.24,661.97,679.7,697.43,2026-08-25 15:30:00 IST,644.24,TARGET_1,1.5,4,92.0,WYCKOFF_SPRING_TYPE_2,True,True,True,6.0,True,NONE
TI,2025-06-09 15:30:00 IST,SIDEWAYS,2025-06-09 09:15:00 IST,607.58,584.2,642.64,654.34,666.03,677.72,2025-06-20 15:30:00 IST,642.64,TARGET_1,1.5,9,95.0,WYCKOFF_SPRING_TYPE_2,True,True,True,3.85,True,NONE
TI,2025-06-19 15:30:00 IST,SIDEWAYS,2025-06-19 09:15:00 IST,624.6,610.81,645.29,652.18,659.08,665.97,2025-06-23 15:30:00 IST,645.29,TARGET_1,1.5,2,86.0,CUP_HANDLE,True,True,True,2.21,True,NONE
TI,2025-07-14 15:30:00 IST,BULL,2025-07-14 09:15:00 IST,626.1,611.45,648.09,655.4,662.72,670.05,2025-07-24 15:30:00 IST,611.45,STOP_LOSS,-1.0,8,90.0,CUP_HANDLE,True,True,True,2.34,True,NONE
TI,2025-10-29 15:30:00 IST,SIDEWAYS,2025-10-29 09:15:00 IST,612.8,597.18,636.22,644.04,651.85,659.66,2025-11-12 15:30:00 IST,636.22,TARGET_1,1.5,10,89.0,CUP_HANDLE,True,True,True,2.55,True,NONE
TI,2026-02-04 15:30:00 IST,BULL,2026-02-04 09:15:00 IST,626.99,595.39,674.38,690.19,705.99,721.79,2026-03-04 15:30:00 IST,637.0,TIMEOUT_20D,0.32,20,91.0,V_REVERSAL,True,True,True,5.04,True,NONE
TI,2026-03-27 15:30:00 IST,BULL,2026-03-27 09:15:00 IST,673.08,651.25,705.83,716.74,727.66,738.57,2026-04-08 15:30:00 IST,705.83,TARGET_1,1.5,8,94.0,MULTI_MONTH_BASE_BREAKOUT,True,True,True,3.24,True,NONE
TI,2026-07-16 15:30:00 IST,BULL,2026-07-16 09:15:00 IST,642.46,616.53,681.35,694.32,707.29,720.25,2026-08-03 15:30:00 IST,681.35,TARGET_1,1.5,12,84.0,V_REVERSAL,True,True,True,4.04,True,NONE
TI,2026-08-11 15:30:00 IST,BULL,2026-08-11 09:15:00 IST,671.3,657.71,691.68,698.48,705.27,712.07,2026-08-18 15:30:00 IST,657.71,STOP_LOSS,-1.0,5,93.0,CUP_HANDLE,True,True,True,2.02,True,NONE
TINNARUBR,2026-02-04 15:30:00 IST,SIDEWAYS,2026-02-04 09:15:00 IST,724.35,680.89,789.54,811.27,833.0,854.73,2026-02-09 15:30:00 IST,789.54,TARGET_1,1.5,4,94.0,SHAKEOUT_RECLAIM,True,True,True,6.0,True,NONE
TINNARUBR,2026-05-04 15:30:00 IST,BULL,2026-05-04 09:15:00 IST,775.2,728.69,844.97,868.22,891.48,914.73,2026-05-05 15:30:00 IST,844.97,TARGET_1,1.5,2,91.0,CUP_HANDLE,True,True,True,6.0,True,NONE
TINNARUBR,2026-06-04 15:30:00 IST,BULL,2026-06-04 09:15:00 IST,891.25,837.77,971.47,998.21,1024.95,1051.69,2026-06-24 15:30:00 IST,971.47,TARGET_1,1.5,15,90.0,WYCKOFF_SPRING_TYPE_2,True,True,True,6.0,True,NONE
TINNARUBR,2026-07-20 15:30:00 IST,BULL,2026-07-20 09:15:00 IST,1189.9,1118.51,1296.99,1332.68,1368.38,1404.07,2026-07-20 15:30:00 IST,1118.51,INTRABAR_AMBIGUITY_LOSS,-1.0,1,91.0,BULL_PENNANT,True,True,True,6.0,True,NONE
TIINDIA,2025-03-05 15:30:00 IST,BEAR,2025-03-05 09:15:00 IST,1565.21,1526.08,1623.9,1643.47,1663.04,1682.6,2025-03-06 15:30:00 IST,1526.08,STOP_LOSS,-1.0,1,82.0,WYCKOFF_SPRING_TYPE_2,True,True,True,2.5,True,NONE
TIINDIA,2025-06-26 15:30:00 IST,BULL,2025-06-26 09:15:00 IST,1750.27,1652.39,1897.1,1946.03,1994.97,2043.91,2025-07-24 15:30:00 IST,1807.11,TIMEOUT_20D,0.58,20,82.0,V_REVERSAL,True,True,True,5.59,True,NONE
TIINDIA,2025-09-05 15:30:00 IST,BULL,2025-09-05 09:15:00 IST,1887.58,1839.04,1960.4,1984.66,2008.93,2033.2,2025-09-15 15:30:00 IST,1839.04,STOP_LOSS,-1.0,6,90.0,BULL_FLAG,True,True,True,2.57,True,NONE
TIINDIA,2026-05-29 15:30:00 IST,BULL,2026-05-29 09:15:00 IST,2247.76,2189.39,2335.31,2364.5,2393.69,2422.87,2026-06-08 15:30:00 IST,2335.31,TARGET_1,1.5,6,81.0,CUP_HANDLE,True,True,True,2.6,True,NONE
TIINDIA,2026-07-16 15:30:00 IST,BEAR,2026-07-16 09:15:00 IST,2054.28,1961.8,2193.0,2239.24,2285.48,2331.72,2026-07-30 15:30:00 IST,1961.8,STOP_LOSS,-1.0,10,90.0,V_REVERSAL,True,True,True,4.5,True,NONE
TIINDIA,2026-08-07 15:30:00 IST,BEAR,2026-08-07 09:15:00 IST,2008.56,1934.92,2119.03,2155.84,2192.66,2229.48,2026-08-18 15:30:00 IST,2119.03,TARGET_1,1.5,8,87.0,WYCKOFF_SPRING_TYPE_2,True,True,True,3.67,True,NONE
TIMETECHNO,2025-10-31 15:30:00 IST,BEAR,2025-10-31 09:15:00 IST,215.29,204.59,231.34,236.69,242.04,247.39,2025-10-31 15:30:00 IST,231.34,TARGET_1,1.5,1,87.0,WYCKOFF_SPRING_TYPE_2,True,True,True,4.97,True,NONE
TIMETECHNO,2025-11-27 15:30:00 IST,BULL,2025-11-27 09:15:00 IST,1508.96,1418.42,1644.76,1690.04,1735.31,1780.58,2025-11-27 15:30:00 IST,1418.42,STOP_LOSS,-1.0,1,94.0,WYCKOFF_SPRING_TYPE_2,True,True,True,6.0,True,NONE
TIMETECHNO,2025-12-18 15:30:00 IST,BULL,2025-12-18 09:15:00 IST,1598.35,1502.45,1742.2,1790.15,1838.1,1886.05,2025-12-18 15:30:00 IST,1502.45,STOP_LOSS,-1.0,1,89.0,WYCKOFF_SPRING_TYPE_2,True,True,True,6.0,True,NONE
TIMETECHNO,2026-01-21 15:30:00 IST,BULL,2026-01-21 09:15:00 IST,1690.69,1589.25,1842.85,1893.57,1944.29,1995.01,2026-01-21 15:30:00 IST,1589.25,STOP_LOSS,-1.0,1,94.0,SHAKEOUT_RECLAIM,True,True,True,6.0,True,NONE
TIMETECHNO,2026-03-25 15:30:00 IST,BEAR,2026-03-25 09:15:00 IST,168.84,158.71,184.03,189.1,194.16,199.23,2026-03-25 15:30:00 IST,184.03,TARGET_1,1.5,1,87.0,WYCKOFF_SPRING_TYPE_2,True,True,True,6.0,True,NONE
TIMETECHNO,2026-07-13 15:30:00 IST,BEAR,2026-07-13 09:15:00 IST,187.1,175.87,203.95,209.56,215.17,220.79,2026-07-13 15:30:00 IST,203.95,TARGET_1,1.5,1,87.0,WYCKOFF_SPRING_TYPE_2,True,True,True,6.0,True,NONE
TIMETECHNO,2026-07-15 15:30:00 IST,BEAR,2026-07-15 09:15:00 IST,195.12,183.41,212.68,218.54,224.4,230.25,2026-07-15 15:30:00 IST,212.68,TARGET_1,1.5,1,93.0,WYCKOFF_SPRING_TYPE_2,True,True,True,6.0,True,NONE
TIMETECHNO,2026-07-17 15:30:00 IST,BEAR,2026-07-17 09:15:00 IST,204.03,191.79,222.39,228.51,234.63,240.75,2026-07-17 15:30:00 IST,222.39,TARGET_1,1.5,1,93.0,WYCKOFF_SPRING_TYPE_2,True,True,True,6.0,True,NONE
TITAGARH,2025-12-22 15:30:00 IST,SIDEWAYS,2025-12-22 09:15:00 IST,816.5,767.51,889.99,914.48,938.98,963.47,2025-12-25 15:30:00 IST,889.99,TARGET_1,1.5,3,90.0,V_REVERSAL,True,True,True,6.0,True,NONE
TITAGARH,2026-01-28 15:30:00 IST,SIDEWAYS,2026-01-28 09:15:00 IST,816.35,767.37,889.82,914.31,938.8,963.29,2026-02-12 15:30:00 IST,767.37,STOP_LOSS,-1.0,12,88.0,SHAKEOUT_RECLAIM,True,True,True,6.0,True,NONE
TITAGARH,2026-04-06 15:30:00 IST,SIDEWAYS,2026-04-06 09:15:00 IST,639.35,600.99,696.89,716.07,735.25,754.43,2026-04-06 15:30:00 IST,696.89,TARGET_1,1.5,1,85.0,V_REVERSAL,True,True,True,6.0,True,NONE
TITAGARH,2026-05-25 15:30:00 IST,BULL,2026-05-25 09:15:00 IST,832.1,782.17,906.99,931.96,956.93,981.89,2026-06-16 15:30:00 IST,906.99,TARGET_1,1.5,17,89.0,V_REVERSAL,True,True,True,6.0,True,NONE
TITAGARH,2026-06-16 15:30:00 IST,BULL,2026-06-16 09:15:00 IST,894.45,840.78,974.96,1001.79,1028.63,1055.46,2026-07-07 15:30:00 IST,840.78,STOP_LOSS,-1.0,16,84.0,CUP_HANDLE,True,True,True,6.0,True,NONE
TITAGARH,2026-08-03 15:30:00 IST,SIDEWAYS,2026-08-03 09:15:00 IST,859.05,807.51,936.36,962.13,987.9,1013.67,2026-08-30 15:30:00 IST,819.15,TIMEOUT_20D,-0.77,20,94.0,WYCKOFF_SPRING_TYPE_2,True,True,True,6.0,True,NONE
TIPSMUSIC,2026-03-16 15:30:00 IST,BEAR,2026-03-16 09:15:00 IST,507.25,482.77,543.97,556.21,568.45,580.69,2026-03-29 15:30:00 IST,482.77,STOP_LOSS,-1.0,9,89.0,SHAKEOUT_RECLAIM,True,True,True,4.83,True,NONE
TIPSMUSIC,2026-04-02 15:30:00 IST,SIDEWAYS,2026-04-02 09:15:00 IST,528.5,496.79,576.06,591.92,607.77,623.63,2026-04-15 15:30:00 IST,576.06,TARGET_1,1.5,8,82.0,V_REVERSAL,True,True,True,6.0,True,NONE
TIPSMUSIC,2026-04-17 15:30:00 IST,BULL,2026-04-17 09:15:00 IST,585.55,550.42,638.24,655.81,673.38,690.94,2026-04-22 15:30:00 IST,638.24,TARGET_1,1.5,4,91.0,BULL_FLAG,True,True,True,6.0,True,NONE
TIPSMUSIC,2026-04-23 15:30:00 IST,BULL,2026-04-23 09:15:00 IST,647.7,608.84,705.99,725.42,744.85,764.28,2026-05-20 15:30:00 IST,658.85,TIMEOUT_20D,0.29,20,92.0,MULTI_MONTH_BASE_BREAKOUT,True,True,True,6.0,True,NONE
TIPSMUSIC,2026-07-01 15:30:00 IST,SIDEWAYS,2026-07-01 09:15:00 IST,657.95,618.47,717.17,736.91,756.65,776.39,2026-07-08 15:30:00 IST,717.17,TARGET_1,1.5,6,83.0,V_REVERSAL,True,True,True,6.0,True,NONE
TIPSMUSIC,2026-07-09 15:30:00 IST,BULL,2026-07-09 09:15:00 IST,711.15,668.48,775.16,796.49,817.82,839.16,2026-07-14 15:30:00 IST,668.48,STOP_LOSS,-1.0,4,94.0,WYCKOFF_SPRING_TYPE_2,True,True,True,6.0,True,NONE
TIMKEN,2025-04-07 15:30:00 IST,BULL,2025-04-07 09:15:00 IST,1027.81,1005.23,1061.67,1072.97,1084.26,1095.55,2025-04-09 15:30:00 IST,1005.23,STOP_LOSS,-1.0,2,84.0,CUP_HANDLE,True,True,True,2.2,True,NONE
TIMKEN,2025-07-09 15:30:00 IST,BULL,2025-07-09 09:15:00 IST,1177.05,1137.74,1236.02,1255.67,1275.32,1294.98,2025-07-25 15:30:00 IST,1137.74,STOP_LOSS,-1.0,12,96.0,MULTI_MONTH_BASE_BREAKOUT,True,True,True,3.34,True,NONE
TIMKEN,2025-08-20 15:30:00 IST,BULL,2025-08-20 09:15:00 IST,1218.73,1175.69,1283.29,1304.81,1326.33,1347.85,2025-08-27 15:30:00 IST,1283.29,TARGET_1,1.5,5,88.0,BULL_FLAG,True,True,True,3.53,True,NONE
TIMKEN,2025-08-29 15:30:00 IST,BULL,2025-08-29 09:15:00 IST,1325.1,1270.8,1406.56,1433.7,1460.85,1488.0,2025-09-10 15:30:00 IST,1406.56,TARGET_1,1.5,8,93.0,MULTI_MONTH_BASE_BREAKOUT,True,True,True,4.1,True,NONE
TIMKEN,2025-12-15 15:30:00 IST,BULL,2025-12-15 09:15:00 IST,1396.1,1359.08,1451.62,1470.14,1488.65,1507.16,2025-12-19 15:30:00 IST,1359.08,STOP_LOSS,-1.0,4,91.0,CUP_HANDLE,True,True,True,2.65,True,NONE
TIMKEN,2026-02-06 15:30:00 IST,BULL,2026-02-06 09:15:00 IST,1579.92,1488.26,1717.41,1763.24,1809.07,1854.9,2026-02-25 15:30:00 IST,1488.26,STOP_LOSS,-1.0,13,86.0,BULL_FLAG,True,True,True,5.8,True,NONE
TIMKEN,2026-02-13 15:30:00 IST,BULL,2026-02-13 09:15:00 IST,1566.81,1488.26,1684.64,1723.91,1763.18,1802.46,2026-02-25 15:30:00 IST,1488.26,STOP_LOSS,-1.0,8,84.0,HIGHER_LOW_REVERSAL,True,True,True,5.01,True,NONE
TIMKEN,2026-05-11 15:30:00 IST,BULL,2026-05-11 09:15:00 IST,1510.87,1468.53,1574.39,1595.55,1616.72,1637.89,2026-05-22 15:30:00 IST,1574.39,TARGET_1,1.5,9,89.0,CUP_HANDLE,True,True,True,2.8,True,NONE
TIMKEN,2026-07-14 15:30:00 IST,SIDEWAYS,2026-07-14 09:15:00 IST,1482.94,1396.71,1612.29,1655.4,1698.52,1741.63,2026-08-11 15:30:00 IST,1508.15,TIMEOUT_20D,0.29,20,88.0,WYCKOFF_SPRING_TYPE_2,True,True,True,5.81,True,NONE
TITAN,2025-11-04 15:30:00 IST,BULL,2025-11-04 09:15:00 IST,3801.03,3637.03,4047.02,4129.03,4211.03,4293.03,2025-12-02 15:30:00 IST,3805.31,TIMEOUT_20D,0.03,20,95.0,BULL_FLAG,True,True,True,4.31,True,NONE
TITAN,2025-11-19 15:30:00 IST,BULL,2025-11-19 09:15:00 IST,3920.24,3770.63,4144.65,4219.46,4294.26,4369.07,2025-12-03 15:30:00 IST,3770.63,STOP_LOSS,-1.0,11,93.0,MULTI_MONTH_BASE_BREAKOUT,True,True,True,3.82,True,NONE
TITAN,2025-12-09 15:30:00 IST,BULL,2025-12-09 09:15:00 IST,3836.41,3720.04,4010.97,4069.15,4127.33,4185.52,2025-12-28 15:30:00 IST,4010.97,TARGET_1,1.5,13,86.0,SHAKEOUT_RECLAIM,True,True,True,3.03,True,NONE
TITAN,2025-12-26 15:30:00 IST,BULL,2025-12-26 09:15:00 IST,3978.94,3867.81,4145.64,4201.2,4256.77,4312.33,2026-01-06 15:30:00 IST,4145.64,TARGET_1,1.5,8,87.0,BULL_FLAG,True,True,True,2.79,True,NONE
TITAN,2026-04-08 15:30:00 IST,SIDEWAYS,2026-04-08 09:15:00 IST,4477.81,4233.16,4844.78,4967.11,5089.44,5211.76,2026-05-06 15:30:00 IST,4293.41,TIMEOUT_20D,-0.75,20,93.0,MULTI_MONTH_BASE_BREAKOUT,True,True,True,5.46,True,NONE
TITAN,2026-04-17 15:30:00 IST,BULL,2026-04-17 09:15:00 IST,4511.1,4354.86,4745.45,4823.58,4901.7,4979.82,2026-04-23 15:30:00 IST,4354.86,STOP_LOSS,-1.0,5,92.0,CUP_HANDLE,True,True,True,3.46,True,NONE
TITAN,2026-05-08 15:30:00 IST,BULL,2026-05-08 09:15:00 IST,4494.25,4224.6,4898.73,5033.55,5168.37,5303.2,2026-05-10 15:30:00 IST,4224.6,STOP_LOSS,-1.0,1,93.0,DOUBLE_BOTTOM,True,True,True,6.0,True,NONE
TITAN,2026-06-30 15:30:00 IST,BULL,2026-06-30 09:15:00 IST,4389.6,4190.13,4688.8,4788.54,4888.28,4988.01,2026-07-20 15:30:00 IST,4688.8,TARGET_1,1.5,15,81.0,CUP_HANDLE,True,True,True,4.54,True,NONE
TITAN,2026-07-28 15:30:00 IST,BULL,2026-07-28 09:15:00 IST,4849.7,4558.72,5286.17,5431.66,5577.15,5722.64,2026-08-24 15:30:00 IST,5124.8,TIMEOUT_20D,0.95,20,86.0,ASCENDING_TRIANGLE,True,True,True,6.0,True,NONE
TITAN,2026-08-10 15:30:00 IST,BULL,2026-08-10 09:15:00 IST,5090.0,4854.85,5442.72,5560.3,5677.87,5795.45,2026-09-03 15:30:00 IST,5020.0,TIMEOUT_20D,-0.3,19,98.0,MULTI_MONTH_BASE_BREAKOUT,True,True,True,4.62,True,NONE
TORNTPHARM,2025-11-10 15:30:00 IST,BULL,2025-11-10 09:15:00 IST,3783.98,3556.94,4124.55,4238.06,4351.58,4465.1,2025-12-07 15:30:00 IST,3726.99,TIMEOUT_20D,-0.25,20,91.0,V_REVERSAL,True,True,True,6.0,True,NONE
TORNTPHARM,2025-12-22 15:30:00 IST,BULL,2025-12-22 09:15:00 IST,3782.5,3663.87,3960.43,4019.76,4079.08,4138.39,2026-01-06 15:30:00 IST,3960.43,TARGET_1,1.5,11,82.0,CUP_HANDLE,True,True,True,3.14,True,NONE
TORNTPHARM,2026-02-24 15:30:00 IST,BULL,2026-02-24 09:15:00 IST,4389.18,4186.93,4692.55,4793.68,4894.81,4995.93,2026-03-01 15:30:00 IST,4186.93,STOP_LOSS,-1.0,4,92.0,MULTI_MONTH_BASE_BREAKOUT,True,True,True,4.61,True,NONE
TORNTPHARM,2026-05-11 15:30:00 IST,BULL,2026-05-11 09:15:00 IST,4508.14,4339.79,4760.67,4844.84,4929.02,5013.19,2026-05-12 15:30:00 IST,4339.79,STOP_LOSS,-1.0,2,91.0,MULTI_MONTH_BASE_BREAKOUT,True,True,True,3.73,True,NONE
TORNTPHARM,2026-06-11 15:30:00 IST,BULL,2026-06-11 09:15:00 IST,4572.2,4297.87,4983.7,5120.86,5258.02,5395.19,2026-07-08 15:30:00 IST,4898.2,TIMEOUT_20D,1.19,20,87.0,SHAKEOUT_RECLAIM,True,True,True,6.0,True,NONE
TORNTPHARM,2026-07-31 15:30:00 IST,BULL,2026-07-31 09:15:00 IST,5122.8,4933.23,5407.15,5501.94,5596.73,5691.51,2026-08-06 15:30:00 IST,4933.23,STOP_LOSS,-1.0,5,95.0,MULTI_MONTH_BASE_BREAKOUT,True,True,True,3.7,True,NONE
TMB,2026-03-26 15:30:00 IST,BULL,2026-03-26 09:15:00 IST,1207.99,1167.71,1268.4,1288.55,1308.69,1328.83,2026-03-30 15:30:00 IST,1167.71,STOP_LOSS,-1.0,2,87.0,BULL_FLAG,True,True,True,3.33,True,NONE
TMB,2026-04-17 15:30:00 IST,BULL,2026-04-17 09:15:00 IST,1236.11,1161.95,1347.36,1384.43,1421.51,1458.59,2026-05-15 15:30:00 IST,1259.91,TIMEOUT_20D,0.32,20,82.0,V_REVERSAL,True,True,True,6.0,True,NONE
TMPV,2025-03-11 15:30:00 IST,SIDEWAYS,2025-03-11 09:15:00 IST,625.9,612.28,646.34,653.14,659.95,666.76,2025-03-25 15:30:00 IST,612.28,STOP_LOSS,-1.0,10,80.0,CUP_HANDLE,True,True,True,2.18,True,NONE
TMPV,2025-09-15 15:30:00 IST,SIDEWAYS,2025-09-15 09:15:00 IST,524.01,508.84,546.76,554.35,561.94,569.52,2025-10-08 15:30:00 IST,546.76,TARGET_1,1.5,17,88.0,BULL_FLAG,True,True,True,2.89,True,NONE
TMPV,2025-10-07 15:30:00 IST,BULL,2025-10-07 09:15:00 IST,545.24,527.46,571.92,580.8,589.69,598.58,2025-10-20 15:30:00 IST,571.92,TARGET_1,1.5,9,84.0,CUP_HANDLE,True,True,True,3.26,True,NONE
TMPV,2025-10-13 15:30:00 IST,BULL,2025-10-13 09:15:00 IST,560.94,527.46,611.15,627.9,644.64,661.38,2025-11-10 15:30:00 IST,574.63,TIMEOUT_20D,0.41,20,83.0,V_REVERSAL,True,True,True,5.97,True,NONE
TMPV,2026-02-13 15:30:00 IST,BULL,2026-02-13 09:15:00 IST,614.4,598.88,637.69,645.44,653.2,660.96,2026-02-18 15:30:00 IST,637.69,TARGET_1,1.5,3,94.0,CUP_HANDLE,True,True,True,2.53,True,NONE
TMPV,2026-04-29 15:30:00 IST,SIDEWAYS,2026-04-29 09:15:00 IST,619.15,599.58,648.5,658.29,668.07,677.86,2026-05-21 15:30:00 IST,648.5,TARGET_1,1.5,16,84.0,WYCKOFF_SPRING_TYPE_2,True,True,True,3.16,True,NONE
TORNTPOWER,2025-11-24 15:30:00 IST,BULL,2025-11-24 09:15:00 IST,1284.5,1234.99,1358.75,1383.52,1408.28,1433.03,2025-12-07 15:30:00 IST,1234.99,STOP_LOSS,-1.0,10,82.0,CUP_HANDLE,True,True,True,3.85,True,NONE
TORNTPOWER,2025-12-19 15:30:00 IST,BEAR,2025-12-19 09:15:00 IST,1261.61,1208.79,1340.85,1367.25,1393.66,1420.07,2026-01-01 15:30:00 IST,1340.85,TARGET_1,1.5,9,92.0,WYCKOFF_SPRING_TYPE_2,True,True,True,4.19,True,NONE
TORNTPOWER,2026-01-02 15:30:00 IST,BULL,2026-01-02 09:15:00 IST,1380.27,1297.45,1504.49,1545.91,1587.32,1628.73,2026-01-11 15:30:00 IST,1297.45,STOP_LOSS,-1.0,6,91.0,V_REVERSAL,True,True,True,6.0,True,NONE
TORNTPOWER,2026-02-05 15:30:00 IST,BULL,2026-02-05 09:15:00 IST,1398.22,1350.82,1469.32,1493.02,1516.72,1540.42,2026-02-09 15:30:00 IST,1469.32,TARGET_1,1.5,3,91.0,MULTI_MONTH_BASE_BREAKOUT,True,True,True,3.39,True,NONE
TORNTPOWER,2026-02-18 15:30:00 IST,BULL,2026-02-18 09:15:00 IST,1522.63,1443.69,1641.03,1680.51,1719.98,1759.45,2026-03-08 15:30:00 IST,1443.69,STOP_LOSS,-1.0,12,90.0,MULTI_MONTH_BASE_BREAKOUT,True,True,True,5.18,True,NONE
TORNTPOWER,2026-04-17 15:30:00 IST,SIDEWAYS,2026-04-17 09:15:00 IST,1559.6,1466.02,1699.97,1746.76,1793.55,1840.34,2026-04-22 15:30:00 IST,1699.97,TARGET_1,1.5,4,91.0,WYCKOFF_SPRING_TYPE_2,True,True,True,6.0,True,NONE
TORNTPOWER,2026-07-07 15:30:00 IST,BEAR,2026-07-07 09:15:00 IST,1399.7,1345.34,1481.24,1508.42,1535.6,1562.78,2026-08-03 15:30:00 IST,1345.34,STOP_LOSS,-1.0,20,90.0,SHAKEOUT_RECLAIM,True,True,True,3.88,True,NONE
TORNTPOWER,2026-07-20 15:30:00 IST,SIDEWAYS,2026-07-20 09:15:00 IST,1433.3,1347.3,1562.3,1605.3,1648.3,1691.3,2026-08-03 15:30:00 IST,1347.3,STOP_LOSS,-1.0,11,89.0,V_REVERSAL,True,True,True,6.0,True,NONE
TMCV,2025-03-04 15:30:00 IST,BEAR,2025-03-04 09:15:00 IST,1983.97,1924.75,2072.81,2102.41,2132.02,2161.63,2025-03-20 15:30:00 IST,2072.81,TARGET_1,1.5,12,88.0,WYCKOFF_SPRING_TYPE_2,True,True,True,2.99,True,NONE
TMCV,2025-03-10 15:30:00 IST,SIDEWAYS,2025-03-10 09:15:00 IST,2043.43,1957.07,2172.96,2216.15,2259.33,2302.51,2025-03-13 15:30:00 IST,1957.07,STOP_LOSS,-1.0,3,91.0,V_REVERSAL,True,True,True,4.23,True,NONE
TMCV,2025-04-22 15:30:00 IST,BULL,2025-04-22 09:15:00 IST,2250.15,2173.78,2364.7,2402.89,2441.07,2479.26,2025-05-01 15:30:00 IST,2173.78,STOP_LOSS,-1.0,7,93.0,MULTI_MONTH_BASE_BREAKOUT,True,True,True,3.39,True,NONE
TMCV,2025-08-15 15:30:00 IST,BULL,2025-08-15 09:15:00 IST,2653.25,2597.52,2736.85,2764.71,2792.57,2820.44,2025-08-25 15:30:00 IST,2597.52,STOP_LOSS,-1.0,6,90.0,CUP_HANDLE,True,True,True,2.1,True,NONE
TMCV,2025-09-24 15:30:00 IST,BULL,2025-09-24 09:15:00 IST,2676.17,2621.01,2758.92,2786.49,2814.07,2841.65,2025-09-29 15:30:00 IST,2758.92,TARGET_1,1.5,3,90.0,CUP_HANDLE,True,True,True,2.06,True,NONE
TMCV,2026-01-12 15:30:00 IST,SIDEWAYS,2026-01-12 09:15:00 IST,2563.88,2515.1,2637.05,2661.44,2685.83,2710.22,2026-01-22 15:30:00 IST,2515.1,STOP_LOSS,-1.0,8,92.0,CUP_HANDLE,True,True,True,1.9,True,NONE
TMCV,2026-05-08 15:30:00 IST,SIDEWAYS,2026-05-08 09:15:00 IST,2937.71,2786.98,3163.8,3239.17,3314.53,3389.9,2026-05-28 15:30:00 IST,3163.8,TARGET_1,1.5,14,83.0,V_REVERSAL,True,True,True,5.13,True,NONE
TMCV,2026-08-26 15:30:00 IST,BEAR,2026-08-26 09:15:00 IST,483.75,465.66,510.88,519.93,528.97,538.02,2026-08-27 15:30:00 IST,465.66,STOP_LOSS,-1.0,2,92.0,SHAKEOUT_RECLAIM,True,True,True,3.74,True,NONE
TRANSRAILL,2025-12-09 15:30:00 IST,BEAR,2025-12-09 09:15:00 IST,581.6,546.7,633.95,651.4,668.85,686.3,2025-12-29 15:30:00 IST,546.7,STOP_LOSS,-1.0,14,83.0,SHAKEOUT_RECLAIM,True,True,True,6.0,True,NONE
TRANSRAILL,2026-02-03 15:30:00 IST,SIDEWAYS,2026-02-03 09:15:00 IST,543.25,510.65,592.15,608.45,624.75,641.05,2026-02-16 15:30:00 IST,592.15,TARGET_1,1.5,10,91.0,V_REVERSAL,True,True,True,6.0,True,NONE
TRANSRAILL,2026-02-17 15:30:00 IST,BULL,2026-02-17 09:15:00 IST,590.5,555.07,643.64,661.36,679.07,696.79,2026-02-23 15:30:00 IST,555.07,STOP_LOSS,-1.0,5,85.0,BULL_FLAG,True,True,True,6.0,True,NONE
TRANSRAILL,2026-04-21 15:30:00 IST,BULL,2026-04-21 09:15:00 IST,590.25,554.83,643.38,661.09,678.8,696.51,2026-05-10 15:30:00 IST,554.83,STOP_LOSS,-1.0,14,92.0,SHAKEOUT_RECLAIM,True,True,True,6.0,True,NONE
TRENT,2025-12-22 15:30:00 IST,SIDEWAYS,2025-12-22 09:15:00 IST,4200.59,3948.56,4578.64,4704.65,4830.67,4956.68,2025-12-31 15:30:00 IST,3948.56,STOP_LOSS,-1.0,7,88.0,BULL_PENNANT,True,True,True,6.0,True,NONE
TRENT,2026-02-04 15:30:00 IST,BEAR,2026-02-04 09:15:00 IST,2671.12,2510.85,2911.52,2991.66,3071.8,3151.93,2026-03-01 15:30:00 IST,2510.85,STOP_LOSS,-1.0,18,93.0,SHAKEOUT_RECLAIM,True,True,True,6.0,True,NONE
TRENT,2026-03-16 15:30:00 IST,BEAR,2026-03-16 09:15:00 IST,2393.86,2270.49,2578.92,2640.6,2702.29,2763.97,2026-03-22 15:30:00 IST,2270.49,STOP_LOSS,-1.0,5,92.0,SHAKEOUT_RECLAIM,True,True,True,5.15,True,NONE
TRENT,2026-04-01 15:30:00 IST,BEAR,2026-04-01 09:15:00 IST,2347.53,2206.68,2558.81,2629.23,2699.66,2770.08,2026-04-05 15:30:00 IST,2558.81,TARGET_1,1.5,2,89.0,SHAKEOUT_RECLAIM,True,True,True,6.0,True,NONE
TRENT,2026-06-04 15:30:00 IST,BULL,2026-06-04 09:15:00 IST,2833.41,2663.41,3088.42,3173.41,3258.41,3343.41,2026-06-16 15:30:00 IST,3088.42,TARGET_1,1.5,9,91.0,WYCKOFF_SPRING_TYPE_2,True,True,True,6.0,True,NONE
TRENT,2026-06-17 15:30:00 IST,BULL,2026-06-17 09:15:00 IST,3102.8,2916.63,3382.06,3475.14,3568.23,3661.31,2026-07-02 15:30:00 IST,3382.06,TARGET_1,1.5,12,93.0,MULTI_MONTH_BASE_BREAKOUT,True,True,True,6.0,True,NONE
TRENT,2026-08-04 15:30:00 IST,BULL,2026-08-04 09:15:00 IST,3107.7,2921.24,3387.39,3480.62,3573.85,3667.08,2026-08-20 15:30:00 IST,2921.24,STOP_LOSS,-1.0,13,93.0,WYCKOFF_SPRING_TYPE_2,True,True,True,6.0,True,NONE
TRITURBINE,2026-05-19 15:30:00 IST,BULL,2026-05-19 09:15:00 IST,638.05,599.77,695.47,714.61,733.75,752.89,2026-05-20 15:30:00 IST,695.47,TARGET_1,1.5,2,89.0,HIGHER_LOW_REVERSAL,True,True,True,6.0,True,NONE
TRITURBINE,2026-06-22 15:30:00 IST,BULL,2026-06-22 09:15:00 IST,737.3,693.06,803.66,825.78,847.9,870.02,2026-06-23 15:30:00 IST,693.06,STOP_LOSS,-1.0,2,98.0,SHAKEOUT_RECLAIM,True,True,True,6.0,True,NONE
TRITURBINE,2026-06-29 15:30:00 IST,BULL,2026-06-29 09:15:00 IST,687.4,646.16,749.26,769.88,790.5,811.12,2026-07-06 15:30:00 IST,646.16,STOP_LOSS,-1.0,6,88.0,SHAKEOUT_RECLAIM,True,True,True,6.0,True,NONE
TRITURBINE,2026-07-15 15:30:00 IST,BEAR,2026-07-15 09:15:00 IST,639.25,600.89,696.79,715.97,735.15,754.33,2026-07-23 15:30:00 IST,600.89,STOP_LOSS,-1.0,7,93.0,SHAKEOUT_RECLAIM,True,True,True,6.0,True,NONE
TRITURBINE,2026-07-27 15:30:00 IST,BEAR,2026-07-27 09:15:00 IST,623.4,594.21,667.19,681.78,696.37,710.97,2026-08-10 15:30:00 IST,594.21,STOP_LOSS,-1.0,11,87.0,CUP_HANDLE,True,True,True,4.68,True,NONE
TRITURBINE,2026-08-06 15:30:00 IST,SIDEWAYS,2026-08-06 09:15:00 IST,646.35,607.57,704.52,723.91,743.3,762.69,2026-08-10 15:30:00 IST,607.57,STOP_LOSS,-1.0,3,88.0,SHAKEOUT_RECLAIM,True,True,True,6.0,True,NONE
TSFINV,2026-02-02 15:30:00 IST,SIDEWAYS,2026-02-02 09:15:00 IST,419.77,394.58,457.55,470.15,482.75,495.34,2026-02-03 15:30:00 IST,457.55,TARGET_1,1.5,2,81.0,V_REVERSAL,True,True,True,6.0,True,NONE
TSFINV,2026-04-17 15:30:00 IST,SIDEWAYS,2026-04-17 09:15:00 IST,401.49,377.4,437.63,449.67,461.72,473.76,2026-05-14 15:30:00 IST,387.92,TIMEOUT_20D,-0.56,20,88.0,WYCKOFF_SPRING_TYPE_2,True,True,True,6.0,True,NONE
TSFINV,2026-06-29 15:30:00 IST,SIDEWAYS,2026-06-29 09:15:00 IST,439.67,416.58,474.3,485.85,497.4,508.94,2026-07-08 15:30:00 IST,474.3,TARGET_1,1.5,8,94.0,MULTI_MONTH_BASE_BREAKOUT,True,True,True,5.25,True,NONE
TRIDENT,2025-11-28 15:30:00 IST,BULL,2025-11-28 09:15:00 IST,1955.71,1919.27,2010.38,2028.59,2046.81,2065.03,2025-12-03 15:30:00 IST,1919.27,STOP_LOSS,-1.0,3,90.0,CUP_HANDLE,True,True,True,1.86,True,NONE
TRIDENT,2026-01-28 15:30:00 IST,SIDEWAYS,2026-01-28 09:15:00 IST,1806.93,1722.02,1934.3,1976.75,2019.21,2061.66,2026-02-25 15:30:00 IST,1910.87,TIMEOUT_20D,1.22,20,95.0,WYCKOFF_SPRING_TYPE_2,True,True,True,4.7,True,NONE
TRIDENT,2026-06-08 15:30:00 IST,BULL,2026-06-08 09:15:00 IST,2378.8,2289.22,2513.17,2557.96,2602.75,2647.54,2026-06-22 15:30:00 IST,2513.17,TARGET_1,1.5,10,94.0,MULTI_MONTH_BASE_BREAKOUT,True,True,True,3.77,True,NONE
TRIDENT,2026-06-12 15:30:00 IST,BULL,2026-06-12 09:15:00 IST,2469.09,2320.94,2691.31,2765.39,2839.47,2913.54,2026-07-10 15:30:00 IST,2554.67,TIMEOUT_20D,0.58,20,84.0,V_REVERSAL,True,True,True,6.0,True,NONE
TRAVELFOOD,2025-05-15 15:30:00 IST,SIDEWAYS,2025-05-15 09:15:00 IST,919.34,896.23,953.99,965.56,977.12,988.67,2025-05-20 15:30:00 IST,896.23,STOP_LOSS,-1.0,3,91.0,WYCKOFF_SPRING_TYPE_2,True,True,True,2.51,True,NONE
TRAVELFOOD,2025-06-19 15:30:00 IST,BULL,2025-06-19 09:15:00 IST,1023.21,989.82,1073.3,1089.99,1106.68,1123.38,2025-07-17 15:30:00 IST,1063.32,TIMEOUT_20D,1.2,20,94.0,MULTI_MONTH_BASE_BREAKOUT,True,True,True,3.26,True,NONE
TRAVELFOOD,2025-11-07 15:30:00 IST,BULL,2025-11-07 09:15:00 IST,1121.27,1101.27,1151.27,1161.27,1171.27,1181.27,2025-11-12 15:30:00 IST,1151.27,TARGET_1,1.5,3,94.0,CUP_HANDLE,True,True,True,1.78,True,NONE
TRAVELFOOD,2026-03-18 15:30:00 IST,SIDEWAYS,2026-03-18 09:15:00 IST,1098.59,1039.76,1186.84,1216.25,1245.66,1275.08,2026-04-09 15:30:00 IST,1186.84,TARGET_1,1.5,16,92.0,WYCKOFF_SPRING_TYPE_2,True,True,True,5.36,True,NONE
TTKPRESTIG,2026-06-29 15:30:00 IST,BULL,2026-06-29 09:15:00 IST,589.39,554.02,642.44,660.13,677.82,695.5,2026-07-01 15:30:00 IST,642.44,TARGET_1,1.5,3,89.0,DOUBLE_BOTTOM,True,True,True,6.0,True,NONE
TTML,2025-12-09 15:30:00 IST,SIDEWAYS,2025-12-09 09:15:00 IST,53.77,50.54,58.62,60.23,61.85,63.46,2025-12-09 15:30:00 IST,50.54,STOP_LOSS,-1.0,1,93.0,SHAKEOUT_RECLAIM,True,True,True,6.01,True,NONE
TTML,2026-03-18 15:30:00 IST,BEAR,2026-03-18 09:15:00 IST,39.82,37.43,43.4,44.6,45.8,46.99,2026-03-19 15:30:00 IST,37.43,STOP_LOSS,-1.0,2,90.0,SHAKEOUT_RECLAIM,True,True,True,6.0,True,NONE
TRIVENI,2025-07-14 15:30:00 IST,BULL,2025-07-14 09:15:00 IST,2045.68,1959.89,2174.36,2217.26,2260.15,2303.05,2025-07-21 15:30:00 IST,1959.89,STOP_LOSS,-1.0,5,91.0,MULTI_MONTH_BASE_BREAKOUT,True,True,True,4.19,True,NONE
TRIVENI,2026-01-14 15:30:00 IST,BULL,2026-01-14 09:15:00 IST,2452.8,2393.4,2541.9,2571.6,2601.3,2631.0,2026-01-27 15:30:00 IST,2541.9,TARGET_1,1.5,9,90.0,CUP_HANDLE,True,True,True,2.42,True,NONE
TRIVENI,2026-01-20 15:30:00 IST,BULL,2026-01-20 09:15:00 IST,2522.87,2430.12,2662.01,2708.37,2754.74,2801.12,2026-01-22 15:30:00 IST,2430.12,STOP_LOSS,-1.0,2,92.0,MULTI_MONTH_BASE_BREAKOUT,True,True,True,3.68,True,NONE
TRIVENI,2026-04-01 15:30:00 IST,BULL,2026-04-01 09:15:00 IST,3036.78,2939.61,3182.55,3231.12,3279.71,3328.29,2026-04-06 15:30:00 IST,2939.61,STOP_LOSS,-1.0,3,92.0,MULTI_MONTH_BASE_BREAKOUT,True,True,True,3.2,True,NONE
TRIVENI,2026-04-14 15:30:00 IST,BULL,2026-04-14 09:15:00 IST,3046.86,2968.81,3163.94,3202.96,3241.99,3281.01,2026-05-04 15:30:00 IST,3163.94,TARGET_1,1.5,14,83.0,CUP_HANDLE,True,True,True,2.56,True,NONE
TVSMOTOR,2025-12-01 15:30:00 IST,SIDEWAYS,2025-12-01 09:15:00 IST,3649.05,3430.1,3977.46,4086.95,4196.43,4305.9,2025-12-29 15:30:00 IST,3621.94,TIMEOUT_20D,-0.12,20,87.0,V_REVERSAL,True,True,True,6.0,True,NONE
TVSMOTOR,2025-12-30 15:30:00 IST,BULL,2025-12-30 09:15:00 IST,3621.94,3513.01,3785.34,3839.8,3894.26,3948.73,2025-12-31 15:30:00 IST,3785.34,TARGET_1,1.5,2,90.0,SHAKEOUT_RECLAIM,True,True,True,3.01,True,NONE
TVSMOTOR,2026-02-11 15:30:00 IST,BULL,2026-02-11 09:15:00 IST,3851.64,3636.06,4175.0,4282.8,4390.59,4498.38,2026-03-03 15:30:00 IST,3636.06,STOP_LOSS,-1.0,14,82.0,HIGHER_LOW_REVERSAL,True,True,True,5.6,True,NONE
TVSMOTOR,2026-05-04 15:30:00 IST,BEAR,2026-05-04 09:15:00 IST,3495.5,3350.96,3712.31,3784.58,3856.85,3929.12,2026-05-06 15:30:00 IST,3712.31,TARGET_1,1.5,3,83.0,SHAKEOUT_RECLAIM,True,True,True,4.14,True,NONE
TVSMOTOR,2026-06-15 15:30:00 IST,SIDEWAYS,2026-06-15 09:15:00 IST,3459.5,3251.93,3770.86,3874.64,3978.43,4082.21,2026-07-06 15:30:00 IST,3770.86,TARGET_1,1.5,16,89.0,SHAKEOUT_RECLAIM,True,True,True,6.0,True,NONE
TVSMOTOR,2026-07-21 15:30:00 IST,BULL,2026-07-21 09:15:00 IST,3792.0,3661.75,3987.38,4052.5,4117.62,4182.75,2026-07-27 15:30:00 IST,3987.38,TARGET_1,1.5,5,98.0,MULTI_MONTH_BASE_BREAKOUT,True,True,True,3.43,True,NONE
TVSMOTOR,2026-07-28 15:30:00 IST,BULL,2026-07-28 09:15:00 IST,3993.5,3804.18,4277.48,4372.14,4466.8,4561.46,2026-07-30 15:30:00 IST,4277.48,TARGET_1,1.5,3,91.0,BULL_FLAG,True,True,True,4.74,True,NONE
TVSSCS,2025-02-24 15:30:00 IST,SIDEWAYS,2025-02-24 09:15:00 IST,577.92,565.5,596.56,602.76,608.97,615.18,2025-03-19 15:30:00 IST,596.56,TARGET_1,1.5,17,84.0,CUP_HANDLE,True,True,True,2.15,True,NONE
TVSSCS,2025-03-10 15:30:00 IST,SIDEWAYS,2025-03-10 09:15:00 IST,580.73,565.5,603.58,611.19,618.81,626.42,2025-03-24 15:30:00 IST,603.58,TARGET_1,1.5,10,88.0,WYCKOFF_SPRING_TYPE_2,True,True,True,2.62,True,NONE
TVSSCS,2025-05-12 15:30:00 IST,BULL,2025-05-12 09:15:00 IST,623.72,602.23,655.96,666.7,677.45,688.19,2025-05-14 15:30:00 IST,602.23,STOP_LOSS,-1.0,2,88.0,MULTI_MONTH_BASE_BREAKOUT,True,True,True,3.45,True,NONE
TVSSCS,2025-10-20 15:30:00 IST,BEAR,2025-10-20 09:15:00 IST,636.22,620.95,659.12,666.76,674.39,682.03,2025-10-23 15:30:00 IST,659.12,TARGET_1,1.5,3,87.0,WYCKOFF_SPRING_TYPE_2,True,True,True,2.4,True,NONE
TVSSCS,2026-02-13 15:30:00 IST,BULL,2026-02-13 09:15:00 IST,690.74,662.38,733.29,747.46,761.64,775.82,2026-02-23 15:30:00 IST,662.38,STOP_LOSS,-1.0,6,96.0,MULTI_MONTH_BASE_BREAKOUT,True,True,True,4.11,True,NONE
UBL,2025-07-31 15:30:00 IST,BULL,2025-07-31 09:15:00 IST,1892.4,1833.48,1980.77,2010.24,2039.7,2069.16,2025-08-06 15:30:00 IST,1833.48,STOP_LOSS,-1.0,4,93.0,MULTI_MONTH_BASE_BREAKOUT,True,True,True,3.11,True,NONE
UCOBANK,2025-03-10 15:30:00 IST,SIDEWAYS,2025-03-10 09:15:00 IST,1277.26,1212.72,1374.07,1406.34,1438.61,1470.88,2025-04-07 15:30:00 IST,1265.59,TIMEOUT_20D,-0.18,20,85.0,V_REVERSAL,True,True,True,5.05,True,NONE
UCOBANK,2025-05-21 15:30:00 IST,SIDEWAYS,2025-05-21 09:15:00 IST,1235.79,1165.33,1341.47,1376.71,1411.94,1447.17,2025-06-18 15:30:00 IST,1301.08,TIMEOUT_20D,0.93,20,90.0,WYCKOFF_SPRING_TYPE_2,True,True,True,5.7,True,NONE
UCOBANK,2025-07-15 15:30:00 IST,BULL,2025-07-15 09:15:00 IST,1283.44,1246.28,1339.18,1357.76,1376.34,1394.92,2025-08-12 15:30:00 IST,1279.5,TIMEOUT_20D,-0.11,20,92.0,CUP_HANDLE,True,True,True,2.9,True,NONE
UCOBANK,2025-09-16 15:30:00 IST,BULL,2025-09-16 09:15:00 IST,1482.09,1427.92,1563.34,1590.43,1617.51,1644.6,2025-09-26 15:30:00 IST,1563.34,TARGET_1,1.5,8,89.0,MULTI_MONTH_BASE_BREAKOUT,True,True,True,3.65,True,NONE
UCOBANK,2025-12-18 15:30:00 IST,BULL,2025-12-18 09:15:00 IST,1638.64,1591.4,1709.5,1733.12,1756.74,1780.36,2025-12-25 15:30:00 IST,1709.5,TARGET_1,1.5,5,85.0,CUP_HANDLE,True,True,True,2.88,True,NONE
UCOBANK,2026-05-07 15:30:00 IST,BULL,2026-05-07 09:15:00 IST,1814.79,1719.42,1957.84,2005.53,2053.21,2100.9,2026-05-22 15:30:00 IST,1957.84,TARGET_1,1.5,11,90.0,HIGHER_LOW_REVERSAL,True,True,True,5.25,True,NONE
UCOBANK,2026-05-15 15:30:00 IST,BULL,2026-05-15 09:15:00 IST,1838.76,1771.67,1939.4,1972.94,2006.48,2040.03,2026-05-22 15:30:00 IST,1939.4,TARGET_1,1.5,5,90.0,MULTI_MONTH_BASE_BREAKOUT,True,True,True,3.65,True,NONE
UCOBANK,2026-05-28 15:30:00 IST,BULL,2026-05-28 09:15:00 IST,1850.06,1817.54,1898.83,1915.1,1931.36,1947.62,2026-06-15 15:30:00 IST,1898.83,TARGET_1,1.5,12,88.0,CUP_HANDLE,True,True,True,1.76,True,NONE
UCOBANK,2026-06-11 15:30:00 IST,BULL,2026-06-11 09:15:00 IST,1869.29,1827.51,1931.96,1952.85,1973.74,1994.63,2026-06-19 15:30:00 IST,1931.96,TARGET_1,1.5,6,85.0,CUP_HANDLE,True,True,True,2.24,True,NONE
ULTRACEMCO,2026-01-05 15:30:00 IST,BULL,2026-01-05 09:15:00 IST,12087.0,11592.75,12828.38,13075.5,13322.62,13569.75,2026-02-02 15:30:00 IST,12828.38,TARGET_1,1.5,20,90.0,HIGHER_LOW_REVERSAL,True,True,True,4.09,True,NONE
ULTRACEMCO,2026-01-12 15:30:00 IST,BULL,2026-01-12 09:15:00 IST,12098.0,11761.9,12602.15,12770.2,12938.25,13106.3,2026-01-26 15:30:00 IST,12602.15,TARGET_1,1.5,10,83.0,CUP_HANDLE,True,True,True,2.78,True,NONE
ULTRACEMCO,2026-01-16 15:30:00 IST,BULL,2026-01-16 09:15:00 IST,12378.0,11953.31,13015.03,13227.38,13439.73,13652.07,2026-02-08 15:30:00 IST,13015.03,TARGET_1,1.5,15,95.0,MULTI_MONTH_BASE_BREAKOUT,True,True,True,3.43,True,NONE
ULTRACEMCO,2026-01-28 15:30:00 IST,BULL,2026-01-28 09:15:00 IST,12767.0,12000.98,13916.03,14299.04,14682.05,15065.06,2026-02-24 15:30:00 IST,13041.0,TIMEOUT_20D,0.36,20,84.0,V_REVERSAL,True,True,True,6.0,True,NONE
ULTRACEMCO,2026-03-05 15:30:00 IST,SIDEWAYS,2026-03-05 09:15:00 IST,12288.0,11828.56,12977.16,13206.88,13436.6,13666.32,2026-03-08 15:30:00 IST,11828.56,STOP_LOSS,-1.0,2,83.0,SHAKEOUT_RECLAIM,True,True,True,3.74,True,NONE
ULTRACEMCO,2026-03-16 15:30:00 IST,BEAR,2026-03-16 09:15:00 IST,11099.0,10520.14,11967.29,12256.72,12546.15,12835.58,2026-03-22 15:30:00 IST,10520.14,STOP_LOSS,-1.0,5,95.0,SHAKEOUT_RECLAIM,True,True,True,5.22,True,NONE
UJJIVANSFB,2025-04-04 15:30:00 IST,SIDEWAYS,2025-04-04 09:15:00 IST,1600.33,1541.38,1688.76,1718.23,1747.7,1777.18,2025-04-28 15:30:00 IST,1541.38,STOP_LOSS,-1.0,16,91.0,WYCKOFF_SPRING_TYPE_2,True,True,True,3.68,True,NONE
UJJIVANSFB,2025-06-20 15:30:00 IST,BEAR,2025-06-20 09:15:00 IST,1463.59,1396.0,1564.98,1598.77,1632.56,1666.36,2025-07-11 15:30:00 IST,1396.0,STOP_LOSS,-1.0,15,84.0,V_REVERSAL,True,True,True,4.62,True,NONE
UJJIVANSFB,2025-07-22 15:30:00 IST,SIDEWAYS,2025-07-22 09:15:00 IST,1454.25,1376.6,1570.73,1609.55,1648.38,1687.2,2025-08-07 15:30:00 IST,1570.73,TARGET_1,1.5,12,85.0,WYCKOFF_SPRING_TYPE_2,True,True,True,5.34,True,NONE
UJJIVANSFB,2025-12-29 15:30:00 IST,BULL,2025-12-29 09:15:00 IST,1900.44,1786.41,2071.48,2128.5,2185.51,2242.53,2026-01-23 15:30:00 IST,2071.48,TARGET_1,1.5,19,84.0,V_REVERSAL,True,True,True,6.0,True,NONE
UJJIVANSFB,2026-04-02 15:30:00 IST,BULL,2026-04-02 09:15:00 IST,2327.95,2242.74,2455.77,2498.37,2540.97,2583.58,2026-04-30 15:30:00 IST,2279.78,TIMEOUT_20D,-0.57,20,97.0,MULTI_MONTH_BASE_BREAKOUT,True,True,True,3.66,True,NONE
UJJIVANSFB,2026-05-25 15:30:00 IST,BULL,2026-05-25 09:15:00 IST,2387.94,2328.97,2476.4,2505.88,2535.37,2564.85,2026-06-08 15:30:00 IST,2476.4,TARGET_1,1.5,10,86.0,CUP_HANDLE,True,True,True,2.47,True,NONE
UJJIVANSFB,2026-06-22 15:30:00 IST,BULL,2026-06-22 09:15:00 IST,2557.61,2473.79,2683.34,2725.25,2767.16,2809.07,2026-06-26 15:30:00 IST,2683.34,TARGET_1,1.5,4,97.0,MULTI_MONTH_BASE_BREAKOUT,True,True,True,3.28,True,NONE
UNIONBANK,2025-10-28 15:30:00 IST,BULL,2025-10-28 09:15:00 IST,142.85,137.75,150.51,153.05,155.6,158.15,2025-10-29 15:30:00 IST,137.75,STOP_LOSS,-1.0,2,90.0,MULTI_MONTH_BASE_BREAKOUT,True,True,True,3.57,True,NONE
UNIONBANK,2025-12-30 15:30:00 IST,SIDEWAYS,2025-12-30 09:15:00 IST,147.3,140.98,156.78,159.94,163.1,166.26,2026-01-04 15:30:00 IST,156.78,TARGET_1,1.5,4,89.0,WYCKOFF_SPRING_TYPE_2,True,True,True,4.29,True,NONE
UNIONBANK,2026-01-05 15:30:00 IST,BULL,2026-01-05 09:15:00 IST,157.7,150.89,167.92,171.32,174.72,178.13,2026-01-13 15:30:00 IST,167.92,TARGET_1,1.5,7,95.0,MULTI_MONTH_BASE_BREAKOUT,True,True,True,4.32,True,NONE
UNIONBANK,2026-01-14 15:30:00 IST,BULL,2026-01-14 09:15:00 IST,174.13,163.68,189.8,195.03,200.25,205.48,2026-02-01 15:30:00 IST,163.68,STOP_LOSS,-1.0,12,92.0,HIGHER_LOW_REVERSAL,True,True,True,6.0,True,NONE
UNIONBANK,2026-02-17 15:30:00 IST,BULL,2026-02-17 09:15:00 IST,183.47,173.36,198.64,203.69,208.74,213.8,2026-02-26 15:30:00 IST,198.64,TARGET_1,1.5,8,94.0,MULTI_MONTH_BASE_BREAKOUT,True,True,True,5.51,True,NONE
UNIONBANK,2026-05-25 15:30:00 IST,SIDEWAYS,2026-05-25 09:15:00 IST,164.03,154.19,178.78,183.71,188.63,193.55,2026-06-21 15:30:00 IST,171.55,TIMEOUT_20D,0.77,20,84.0,V_REVERSAL,True,True,True,6.0,True,NONE
UNIONBANK,2026-07-13 15:30:00 IST,BULL,2026-07-13 09:15:00 IST,170.39,160.17,185.72,190.83,195.94,201.05,2026-08-09 15:30:00 IST,185.72,TARGET_1,1.5,20,91.0,DOUBLE_BOTTOM,True,True,True,6.0,True,NONE
UNIONBANK,2026-07-20 15:30:00 IST,BULL,2026-07-20 09:15:00 IST,175.93,165.37,191.77,197.05,202.33,207.61,2026-08-16 15:30:00 IST,188.9,TIMEOUT_20D,1.23,20,91.0,SHAKEOUT_RECLAIM,True,True,True,6.0,True,NONE
UNIPARTS,2025-06-06 15:30:00 IST,BULL,2025-06-06 09:15:00 IST,347.3,330.1,373.1,381.7,390.3,398.9,2025-06-11 15:30:00 IST,373.1,TARGET_1,1.5,3,94.0,MULTI_MONTH_BASE_BREAKOUT,True,True,True,4.95,True,NONE
UNIPARTS,2025-09-22 15:30:00 IST,BULL,2025-09-22 09:15:00 IST,397.68,378.39,426.63,436.26,445.91,455.55,2025-09-26 15:30:00 IST,378.39,STOP_LOSS,-1.0,4,88.0,CUP_HANDLE,True,True,True,4.85,True,NONE
UNIPARTS,2025-10-30 15:30:00 IST,BULL,2025-10-30 09:15:00 IST,512.35,481.61,558.46,573.83,589.2,604.57,2025-11-06 15:30:00 IST,481.61,STOP_LOSS,-1.0,4,91.0,BULL_PENNANT,True,True,True,6.0,True,NONE
UNIPARTS,2026-03-25 15:30:00 IST,BULL,2026-03-25 09:15:00 IST,472.45,444.1,514.98,529.15,543.32,557.5,2026-03-30 15:30:00 IST,444.1,STOP_LOSS,-1.0,2,86.0,WYCKOFF_SPRING_TYPE_2,True,True,True,6.0,True,NONE
UNIPARTS,2026-04-07 15:30:00 IST,BULL,2026-04-07 09:15:00 IST,492.5,462.95,536.83,551.6,566.38,581.15,2026-04-28 15:30:00 IST,536.83,TARGET_1,1.5,14,91.0,WYCKOFF_SPRING_TYPE_2,True,True,True,6.0,True,NONE
UNITDSPR,2025-10-29 15:30:00 IST,BULL,2025-10-29 09:15:00 IST,1370.6,1318.85,1448.23,1474.1,1499.97,1525.85,2025-10-30 15:30:00 IST,1448.23,TARGET_1,1.5,2,90.0,MULTI_MONTH_BASE_BREAKOUT,True,True,True,3.78,True,NONE
UNITDSPR,2026-03-24 15:30:00 IST,BEAR,2026-03-24 09:15:00 IST,1317.85,1250.44,1418.97,1452.67,1486.37,1520.08,2026-03-26 15:30:00 IST,1250.44,STOP_LOSS,-1.0,2,82.0,SHAKEOUT_RECLAIM,True,True,True,5.12,True,NONE
UNITDSPR,2026-04-17 15:30:00 IST,SIDEWAYS,2026-04-17 09:15:00 IST,1292.94,1215.37,1409.3,1448.08,1486.87,1525.65,2026-05-14 15:30:00 IST,1310.61,TIMEOUT_20D,0.23,20,90.0,SHAKEOUT_RECLAIM,True,True,True,6.0,True,NONE
UNITDSPR,2026-06-16 15:30:00 IST,SIDEWAYS,2026-06-16 09:15:00 IST,1289.07,1213.71,1402.12,1439.79,1477.47,1515.15,2026-07-05 15:30:00 IST,1402.12,TARGET_1,1.5,14,86.0,SHAKEOUT_RECLAIM,True,True,True,5.85,True,NONE
UNITDSPR,2026-06-24 15:30:00 IST,BULL,2026-06-24 09:15:00 IST,1348.71,1295.46,1428.59,1455.21,1481.84,1508.46,2026-07-06 15:30:00 IST,1428.59,TARGET_1,1.5,9,89.0,CUP_HANDLE,True,True,True,3.95,True,NONE
UNITDSPR,2026-07-24 15:30:00 IST,BULL,2026-07-24 09:15:00 IST,1467.2,1392.34,1579.49,1616.92,1654.35,1691.78,2026-08-20 15:30:00 IST,1556.0,TIMEOUT_20D,1.19,20,93.0,MULTI_MONTH_BASE_BREAKOUT,True,True,True,5.1,True,NONE
UNOMINDA,2025-11-03 15:30:00 IST,SIDEWAYS,2025-11-03 09:15:00 IST,1261.72,1186.02,1375.27,1413.12,1450.97,1488.82,2025-12-01 15:30:00 IST,1291.45,TIMEOUT_20D,0.39,20,77.0,V_REVERSAL,True,True,True,6.0,True,NONE
UNOMINDA,2025-11-26 15:30:00 IST,BULL,2025-11-26 09:15:00 IST,1317.09,1263.75,1397.11,1423.77,1450.44,1477.11,2025-12-02 15:30:00 IST,1263.75,STOP_LOSS,-1.0,5,86.0,CUP_HANDLE,True,True,True,4.05,True,NONE
UNOMINDA,2026-01-02 15:30:00 IST,BULL,2026-01-02 09:15:00 IST,1318.19,1246.77,1425.32,1461.03,1496.74,1532.45,2026-01-08 15:30:00 IST,1246.77,STOP_LOSS,-1.0,5,92.0,HIGHER_LOW_REVERSAL,True,True,True,5.42,True,NONE
UNOMINDA,2026-01-30 15:30:00 IST,BEAR,2026-01-30 09:15:00 IST,1179.61,1108.83,1285.77,1321.17,1356.56,1391.95,2026-02-26 15:30:00 IST,1186.66,TIMEOUT_20D,0.1,20,87.0,SHAKEOUT_RECLAIM,True,True,True,6.0,True,NONE
UNOMINDA,2026-02-05 15:30:00 IST,SIDEWAYS,2026-02-05 09:15:00 IST,1228.0,1154.32,1338.51,1375.36,1412.2,1449.04,2026-02-05 15:30:00 IST,1154.32,STOP_LOSS,-1.0,1,89.0,SHAKEOUT_RECLAIM,True,True,True,6.0,True,NONE
UNOMINDA,2026-02-26 15:30:00 IST,SIDEWAYS,2026-02-26 09:15:00 IST,1228.7,1154.97,1339.28,1376.16,1413.03,1449.89,2026-03-01 15:30:00 IST,1154.97,STOP_LOSS,-1.0,2,78.0,V_REVERSAL,True,True,True,6.0,True,NONE
UNOMINDA,2026-04-20 15:30:00 IST,SIDEWAYS,2026-04-20 09:15:00 IST,1127.65,1059.99,1229.15,1262.97,1296.8,1330.63,2026-05-17 15:30:00 IST,1059.99,STOP_LOSS,-1.0,20,90.0,SHAKEOUT_RECLAIM,True,True,True,6.0,True,NONE
UNOMINDA,2026-06-15 15:30:00 IST,SIDEWAYS,2026-06-15 09:15:00 IST,1125.7,1058.2,1226.95,1260.7,1294.45,1328.2,2026-07-12 15:30:00 IST,1152.3,TIMEOUT_20D,0.39,20,84.0,DOUBLE_BOTTOM,True,True,True,6.0,True,NONE
UNOMINDA,2026-08-17 15:30:00 IST,BULL,2026-08-17 09:15:00 IST,1269.9,1193.71,1384.19,1422.28,1460.38,1498.47,2026-09-03 15:30:00 IST,1249.7,TIMEOUT_20D,-0.27,14,90.0,SHAKEOUT_RECLAIM,True,True,True,6.0,True,NONE
USHAMART,2025-12-15 15:30:00 IST,SIDEWAYS,2025-12-15 09:15:00 IST,461.5,433.81,503.03,516.88,530.73,544.57,2026-01-11 15:30:00 IST,433.81,STOP_LOSS,-1.0,19,95.0,WYCKOFF_SPRING_TYPE_2,True,True,True,6.0,True,NONE
USHAMART,2026-05-27 15:30:00 IST,BULL,2026-05-27 09:15:00 IST,510.45,479.82,556.4,571.71,587.02,602.34,2026-06-09 15:30:00 IST,479.82,STOP_LOSS,-1.0,10,89.0,V_REVERSAL,True,True,True,6.0,True,NONE
UTLSOLAR,2026-04-06 15:30:00 IST,SIDEWAYS,2026-04-06 09:15:00 IST,217.08,204.06,236.61,243.12,249.63,256.14,2026-04-14 15:30:00 IST,236.61,TARGET_1,1.5,6,87.0,BULL_PENNANT,True,True,True,6.0,True,NONE
UTLSOLAR,2026-04-13 15:30:00 IST,BULL,2026-04-13 09:15:00 IST,225.87,213.93,243.78,249.75,255.72,261.69,2026-04-15 15:30:00 IST,243.78,TARGET_1,1.5,2,94.0,CUP_HANDLE,True,True,True,5.29,True,NONE
UTLSOLAR,2026-04-23 15:30:00 IST,BULL,2026-04-23 09:15:00 IST,285.75,268.6,311.47,320.05,328.62,337.2,2026-04-28 15:30:00 IST,311.47,TARGET_1,1.5,4,95.0,BULL_FLAG,True,True,True,6.0,True,NONE
UTLSOLAR,2026-06-09 15:30:00 IST,BULL,2026-06-09 09:15:00 IST,314.25,296.11,341.46,350.53,359.6,368.67,2026-06-11 15:30:00 IST,296.11,STOP_LOSS,-1.0,3,88.0,CUP_HANDLE,True,True,True,5.77,True,NONE
UTLSOLAR,2026-06-30 15:30:00 IST,BULL,2026-06-30 09:15:00 IST,323.1,303.71,352.19,361.88,371.58,381.27,2026-07-01 15:30:00 IST,352.19,TARGET_1,1.5,2,92.0,SHAKEOUT_RECLAIM,True,True,True,6.0,True,NONE
UTLSOLAR,2026-07-08 15:30:00 IST,BULL,2026-07-08 09:15:00 IST,347.15,326.46,378.18,388.53,398.88,409.22,2026-07-09 15:30:00 IST,378.18,TARGET_1,1.5,2,89.0,CUP_HANDLE,True,True,True,5.96,True,NONE
UTLSOLAR,2026-08-17 15:30:00 IST,BULL,2026-08-17 09:15:00 IST,464.4,436.54,506.19,520.12,534.05,547.98,2026-08-24 15:30:00 IST,446.65,TIMEOUT_20D,-0.64,6,92.0,HIGHER_LOW_REVERSAL,True,True,True,6.0,True,NONE
UPL,2026-05-05 15:30:00 IST,SIDEWAYS,2026-05-05 09:15:00 IST,1393.71,1310.09,1519.14,1560.95,1602.76,1644.57,2026-05-05 15:30:00 IST,1310.09,STOP_LOSS,-1.0,1,92.0,WYCKOFF_SPRING_TYPE_2,True,True,True,6.0,True,NONE
UPL,2026-06-05 15:30:00 IST,BULL,2026-06-05 09:15:00 IST,1465.84,1377.89,1597.76,1641.74,1685.71,1729.69,2026-06-07 15:30:00 IST,1377.89,STOP_LOSS,-1.0,1,97.0,SHAKEOUT_RECLAIM,True,True,True,6.0,True,NONE
UPL,2026-06-18 15:30:00 IST,BULL,2026-06-18 09:15:00 IST,1444.55,1357.87,1574.56,1617.91,1661.25,1704.59,2026-06-18 15:30:00 IST,1357.87,STOP_LOSS,-1.0,1,93.0,WYCKOFF_SPRING_TYPE_2,True,True,True,6.0,True,NONE
UPL,2026-08-25 15:30:00 IST,BEAR,2026-08-25 09:15:00 IST,585.0,555.16,629.76,644.68,659.6,674.52,2026-09-03 15:30:00 IST,582.15,TIMEOUT_20D,-0.1,8,93.0,WYCKOFF_SPRING_TYPE_2,True,True,True,5.1,True,NONE
URBANCO,2025-02-25 15:30:00 IST,BULL,2025-02-25 09:15:00 IST,932.11,903.56,974.93,989.21,1003.49,1017.76,2025-03-20 15:30:00 IST,903.56,STOP_LOSS,-1.0,17,91.0,MULTI_MONTH_BASE_BREAKOUT,True,True,True,3.06,True,NONE
URBANCO,2025-07-15 15:30:00 IST,BULL,2025-07-15 09:15:00 IST,978.81,953.17,1017.26,1030.09,1042.91,1055.73,2025-07-22 15:30:00 IST,1017.26,TARGET_1,1.5,5,90.0,CUP_HANDLE,True,True,True,2.62,True,NONE
URBANCO,2025-12-15 15:30:00 IST,BULL,2025-12-15 09:15:00 IST,1047.19,1024.3,1081.52,1092.97,1104.42,1115.86,2025-12-29 15:30:00 IST,1024.3,STOP_LOSS,-1.0,10,93.0,CUP_HANDLE,True,True,True,2.19,True,NONE
URBANCO,2026-08-05 15:30:00 IST,BULL,2026-08-05 09:15:00 IST,1665.92,1612.75,1745.68,1772.26,1798.85,1825.43,2026-08-18 15:30:00 IST,1612.75,STOP_LOSS,-1.0,10,96.0,MULTI_MONTH_BASE_BREAKOUT,True,True,True,3.19,True,NONE
UTIAMC,2025-03-28 15:30:00 IST,SIDEWAYS,2025-03-28 09:15:00 IST,627.96,590.28,684.48,703.32,722.16,741.0,2025-04-25 15:30:00 IST,632.68,TIMEOUT_20D,0.13,20,89.0,WYCKOFF_SPRING_TYPE_2,True,True,True,6.0,True,NONE
UTIAMC,2025-06-23 15:30:00 IST,BEAR,2025-06-23 09:15:00 IST,557.74,540.36,583.82,592.5,601.19,609.88,2025-07-10 15:30:00 IST,540.36,STOP_LOSS,-1.0,13,89.0,WYCKOFF_SPRING_TYPE_2,True,True,True,3.12,True,NONE
UTIAMC,2025-09-12 15:30:00 IST,BULL,2025-09-12 09:15:00 IST,585.96,550.8,638.7,656.28,673.86,691.44,2025-10-10 15:30:00 IST,580.46,TIMEOUT_20D,-0.16,20,90.0,V_REVERSAL,True,True,True,6.0,True,NONE
UTIAMC,2026-03-17 15:30:00 IST,BEAR,2026-03-17 09:15:00 IST,585.37,564.06,617.33,627.99,638.65,649.3,2026-04-14 15:30:00 IST,587.38,TIMEOUT_20D,0.09,20,85.0,WYCKOFF_SPRING_TYPE_2,True,True,True,3.64,True,NONE
UTIAMC,2026-07-29 15:30:00 IST,SIDEWAYS,2026-07-29 09:15:00 IST,631.03,610.95,661.16,671.19,681.23,691.27,2026-08-11 15:30:00 IST,610.95,STOP_LOSS,-1.0,9,85.0,V_REVERSAL,True,True,True,3.18,True,NONE
VARROC,2025-11-20 15:30:00 IST,BULL,2025-11-20 09:15:00 IST,667.49,628.55,725.9,745.37,764.84,784.31,2025-12-04 15:30:00 IST,628.55,STOP_LOSS,-1.0,11,90.0,CUP_HANDLE,True,True,True,5.83,True,NONE
VARROC,2026-01-05 15:30:00 IST,SIDEWAYS,2026-01-05 09:15:00 IST,625.63,588.09,681.93,700.71,719.48,738.25,2026-01-08 15:30:00 IST,588.09,STOP_LOSS,-1.0,4,78.0,V_REVERSAL,True,True,True,6.0,True,NONE
VARROC,2026-06-04 15:30:00 IST,BULL,2026-06-04 09:15:00 IST,600.38,564.35,654.42,672.44,690.45,708.47,2026-06-09 15:30:00 IST,564.35,STOP_LOSS,-1.0,4,83.0,BULL_PENNANT,True,True,True,6.0,True,NONE
VARROC,2026-06-16 15:30:00 IST,BULL,2026-06-16 09:15:00 IST,621.73,584.43,677.69,696.33,714.98,733.63,2026-07-05 15:30:00 IST,677.69,TARGET_1,1.5,14,93.0,ASCENDING_TRIANGLE,True,True,True,6.0,True,NONE
VARROC,2026-07-02 15:30:00 IST,BULL,2026-07-02 09:15:00 IST,654.97,615.67,713.91,733.57,753.22,772.87,2026-07-29 15:30:00 IST,663.25,TIMEOUT_20D,0.21,20,86.0,BULL_FLAG,True,True,True,6.0,True,NONE
VBL,2025-10-29 15:30:00 IST,SIDEWAYS,2025-10-29 09:15:00 IST,494.36,464.7,538.85,553.68,568.51,583.34,2025-11-09 15:30:00 IST,464.7,STOP_LOSS,-1.0,7,91.0,CUP_HANDLE,True,True,True,6.0,True,NONE
VBL,2026-01-06 15:30:00 IST,BULL,2026-01-06 09:15:00 IST,497.75,482.16,521.14,528.93,536.72,544.52,2026-01-20 15:30:00 IST,482.16,STOP_LOSS,-1.0,11,85.0,BULL_FLAG,True,True,True,3.13,True,NONE
VBL,2026-03-05 15:30:00 IST,BEAR,2026-03-05 09:15:00 IST,444.77,422.94,477.51,488.43,499.34,510.26,2026-03-11 15:30:00 IST,422.94,STOP_LOSS,-1.0,5,86.0,SHAKEOUT_RECLAIM,True,True,True,4.91,True,NONE
VBL,2026-05-22 15:30:00 IST,BULL,2026-05-22 09:15:00 IST,539.45,507.08,588.01,604.19,620.38,636.56,2026-06-18 15:30:00 IST,529.5,TIMEOUT_20D,-0.31,20,89.0,V_REVERSAL,True,True,True,6.0,True,NONE
VBL,2026-06-02 15:30:00 IST,BULL,2026-06-02 09:15:00 IST,537.0,519.39,563.41,572.22,581.03,589.83,2026-06-04 15:30:00 IST,519.39,STOP_LOSS,-1.0,3,89.0,CUP_HANDLE,True,True,True,3.28,True,NONE
V2RETAIL,2025-03-18 15:30:00 IST,SIDEWAYS,2025-03-18 09:15:00 IST,534.3,506.15,576.53,590.6,604.67,618.75,2025-04-15 15:30:00 IST,549.75,TIMEOUT_20D,0.55,20,94.0,WYCKOFF_SPRING_TYPE_2,True,True,True,5.27,True,NONE
V2RETAIL,2025-04-24 15:30:00 IST,BULL,2025-04-24 09:15:00 IST,546.44,532.76,566.96,573.8,580.64,587.48,2025-05-22 15:30:00 IST,545.51,TIMEOUT_20D,-0.07,20,83.0,CUP_HANDLE,True,True,True,2.5,True,NONE
V2RETAIL,2025-05-05 15:30:00 IST,BULL,2025-05-05 09:15:00 IST,560.22,543.62,585.13,593.42,601.72,610.02,2025-05-14 15:30:00 IST,543.62,STOP_LOSS,-1.0,7,85.0,CUP_HANDLE,True,True,True,2.96,True,NONE
V2RETAIL,2026-01-09 15:30:00 IST,SIDEWAYS,2026-01-09 09:15:00 IST,580.6,545.76,632.86,650.28,667.7,685.12,2026-02-06 15:30:00 IST,561.95,TIMEOUT_20D,-0.54,20,92.0,WYCKOFF_SPRING_TYPE_2,True,True,True,6.0,True,NONE
V2RETAIL,2026-04-21 15:30:00 IST,BULL,2026-04-21 09:15:00 IST,576.79,542.18,628.71,646.01,663.32,680.62,2026-05-19 15:30:00 IST,591.47,TIMEOUT_20D,0.42,20,84.0,V_REVERSAL,True,True,True,6.0,True,NONE
V2RETAIL,2026-07-03 15:30:00 IST,SIDEWAYS,2026-07-03 09:15:00 IST,559.06,534.25,596.28,608.68,621.08,633.49,2026-07-31 15:30:00 IST,535.88,TIMEOUT_20D,-0.93,20,80.0,V_REVERSAL,True,True,True,4.44,True,NONE
VAIBHAVGBL,2025-03-04 15:30:00 IST,BULL,2025-03-04 09:15:00 IST,2018.94,1983.3,2072.4,2090.22,2108.04,2125.86,2025-03-12 15:30:00 IST,2072.4,TARGET_1,1.5,6,87.0,CUP_HANDLE,True,True,True,1.77,True,NONE
VAIBHAVGBL,2026-01-14 15:30:00 IST,BULL,2026-01-14 09:15:00 IST,2916.3,2855.15,3008.01,3038.6,3069.18,3099.75,2026-01-16 15:30:00 IST,2855.15,STOP_LOSS,-1.0,2,91.0,CUP_HANDLE,True,True,True,2.1,True,NONE
VAIBHAVGBL,2026-02-02 15:30:00 IST,SIDEWAYS,2026-02-02 09:15:00 IST,2828.91,2756.98,2936.82,2972.77,3008.73,3044.7,2026-03-02 15:30:00 IST,2886.94,TIMEOUT_20D,0.81,20,88.0,CUP_HANDLE,True,True,True,2.54,True,NONE
VAIBHAVGBL,2026-07-01 15:30:00 IST,BULL,2026-07-01 09:15:00 IST,3567.3,3477.55,3701.92,3746.8,3791.68,3836.55,2026-07-21 15:30:00 IST,3477.55,STOP_LOSS,-1.0,14,85.0,CUP_HANDLE,True,True,True,2.52,True,NONE
VENUSPIPES,2025-11-11 15:30:00 IST,SIDEWAYS,2025-11-11 09:15:00 IST,1299.19,1233.32,1398.0,1430.93,1463.87,1496.8,2025-12-07 15:30:00 IST,1233.32,STOP_LOSS,-1.0,19,92.0,SHAKEOUT_RECLAIM,True,True,True,5.07,True,NONE
VENUSPIPES,2025-11-20 15:30:00 IST,SIDEWAYS,2025-11-20 09:15:00 IST,1290.4,1233.32,1376.02,1404.56,1433.1,1461.64,2025-12-07 15:30:00 IST,1233.32,STOP_LOSS,-1.0,12,90.0,WYCKOFF_SPRING_TYPE_2,True,True,True,4.42,True,NONE
VENUSPIPES,2026-01-02 15:30:00 IST,SIDEWAYS,2026-01-02 09:15:00 IST,1206.8,1134.39,1315.42,1351.62,1387.82,1424.03,2026-01-11 15:30:00 IST,1134.39,STOP_LOSS,-1.0,6,82.0,V_REVERSAL,True,True,True,6.0,True,NONE
VENUSPIPES,2026-02-04 15:30:00 IST,SIDEWAYS,2026-02-04 09:15:00 IST,1156.8,1087.39,1260.92,1295.62,1330.32,1365.03,2026-02-18 15:30:00 IST,1087.39,STOP_LOSS,-1.0,11,86.0,V_REVERSAL,True,True,True,6.0,True,NONE
VENUSPIPES,2026-03-18 15:30:00 IST,BEAR,2026-03-18 09:15:00 IST,1001.9,941.79,1092.07,1122.12,1152.17,1182.23,2026-03-22 15:30:00 IST,941.79,STOP_LOSS,-1.0,3,86.0,SHAKEOUT_RECLAIM,True,True,True,6.0,True,NONE
VENUSPIPES,2026-04-08 15:30:00 IST,SIDEWAYS,2026-04-08 09:15:00 IST,1125.5,1057.97,1226.8,1260.56,1294.32,1328.09,2026-04-09 15:30:00 IST,1226.8,TARGET_1,1.5,2,81.0,V_REVERSAL,True,True,True,6.0,True,NONE
VENUSPIPES,2026-06-04 15:30:00 IST,BULL,2026-06-04 09:15:00 IST,1467.8,1379.73,1599.91,1643.94,1687.97,1732.01,2026-06-09 15:30:00 IST,1379.73,STOP_LOSS,-1.0,4,93.0,WYCKOFF_SPRING_TYPE_2,True,True,True,6.0,True,NONE
VENUSPIPES,2026-06-22 15:30:00 IST,BULL,2026-06-22 09:15:00 IST,1673.5,1573.09,1824.12,1874.32,1924.53,1974.73,2026-07-05 15:30:00 IST,1824.12,TARGET_1,1.5,10,86.0,V_REVERSAL,True,True,True,6.0,True,NONE
VENUSPIPES,2026-07-01 15:30:00 IST,BULL,2026-07-01 09:15:00 IST,1807.0,1698.58,1969.63,2023.84,2078.05,2132.26,2026-07-19 15:30:00 IST,1698.58,STOP_LOSS,-1.0,13,94.0,BULL_FLAG,True,True,True,6.0,True,NONE
VENUSPIPES,2026-08-26 15:30:00 IST,SIDEWAYS,2026-08-26 09:15:00 IST,1636.09,1537.92,1783.34,1832.43,1881.51,1930.6,2026-09-03 15:30:00 IST,1631.0,TIMEOUT_20D,-0.05,7,94.0,WYCKOFF_SPRING_TYPE_2,True,True,True,6.0,True,NONE
VIJAYA,2025-11-03 15:30:00 IST,SIDEWAYS,2025-11-03 09:15:00 IST,1019.7,958.52,1111.47,1142.06,1172.65,1203.24,2025-12-01 15:30:00 IST,1010.85,TIMEOUT_20D,-0.14,20,90.0,WYCKOFF_SPRING_TYPE_2,True,True,True,6.0,True,NONE
VIJAYA,2026-04-07 15:30:00 IST,SIDEWAYS,2026-04-07 09:15:00 IST,928.85,873.12,1012.44,1040.31,1068.18,1096.04,2026-04-14 15:30:00 IST,1012.44,TARGET_1,1.5,5,85.0,V_REVERSAL,True,True,True,6.0,True,NONE
VIJAYA,2026-04-24 15:30:00 IST,BULL,2026-04-24 09:15:00 IST,1065.55,1001.62,1161.45,1193.41,1225.37,1257.34,2026-05-03 15:30:00 IST,1161.45,TARGET_1,1.5,6,93.0,BULL_FLAG,True,True,True,6.0,True,NONE
VIJAYA,2026-06-04 15:30:00 IST,BULL,2026-06-04 09:15:00 IST,1359.4,1277.84,1481.74,1522.52,1563.3,1604.08,2026-06-09 15:30:00 IST,1277.84,STOP_LOSS,-1.0,4,91.0,SHAKEOUT_RECLAIM,True,True,True,6.0,True,NONE
VIJAYA,2026-06-25 15:30:00 IST,BULL,2026-06-25 09:15:00 IST,1367.8,1285.73,1490.91,1531.94,1572.97,1614.01,2026-06-28 15:30:00 IST,1285.73,STOP_LOSS,-1.0,2,89.0,V_REVERSAL,True,True,True,6.0,True,NONE
VIJAYA,2026-08-12 15:30:00 IST,BULL,2026-08-12 09:15:00 IST,1510.6,1419.96,1646.56,1691.88,1737.2,1782.52,2026-09-03 15:30:00 IST,1496.35,TIMEOUT_20D,-0.16,17,92.0,V_REVERSAL,True,True,True,6.0,True,NONE
VEDL,2025-03-21 15:30:00 IST,BULL,2025-03-21 09:15:00 IST,1148.42,1116.39,1196.46,1212.48,1228.49,1244.51,2025-03-31 15:30:00 IST,1116.39,STOP_LOSS,-1.0,6,88.0,DOUBLE_BOTTOM,True,True,True,2.79,True,NONE
VEDL,2025-07-22 15:30:00 IST,SIDEWAYS,2025-07-22 09:15:00 IST,1066.05,1002.09,1162.0,1193.97,1225.95,1257.93,2025-08-01 15:30:00 IST,1002.09,STOP_LOSS,-1.0,8,82.0,WYCKOFF_SPRING_TYPE_2,True,True,True,6.0,True,NONE
VEDL,2025-12-26 15:30:00 IST,SIDEWAYS,2025-12-26 09:15:00 IST,1040.94,998.95,1103.92,1124.92,1145.91,1166.91,2026-01-09 15:30:00 IST,1103.92,TARGET_1,1.5,10,83.0,DOUBLE_BOTTOM,True,True,True,4.03,True,NONE
VEDL,2026-04-02 15:30:00 IST,SIDEWAYS,2026-04-02 09:15:00 IST,1162.35,1108.5,1243.13,1270.05,1296.97,1323.9,2026-04-09 15:30:00 IST,1108.5,STOP_LOSS,-1.0,5,90.0,WYCKOFF_SPRING_TYPE_2,True,True,True,4.63,True,NONE
VEDL,2026-04-20 15:30:00 IST,BEAR,2026-04-20 09:15:00 IST,1130.72,1088.21,1194.48,1215.74,1236.99,1258.25,2026-05-18 15:30:00 IST,1147.29,TIMEOUT_20D,0.39,20,85.0,WYCKOFF_SPRING_TYPE_2,True,True,True,3.76,True,NONE
VIMTALABS,2025-10-30 15:30:00 IST,SIDEWAYS,2025-10-30 09:15:00 IST,712.92,670.14,777.09,798.48,819.87,841.26,2025-11-02 15:30:00 IST,670.14,STOP_LOSS,-1.0,2,95.0,V_REVERSAL,True,True,True,6.0,True,NONE
VIMTALABS,2026-02-09 15:30:00 IST,BEAR,2026-02-09 09:15:00 IST,452.58,425.42,493.32,506.9,520.48,534.06,2026-02-10 15:30:00 IST,493.32,TARGET_1,1.5,2,89.0,SHAKEOUT_RECLAIM,True,True,True,6.0,True,NONE
VIMTALABS,2026-05-04 15:30:00 IST,BULL,2026-05-04 09:15:00 IST,474.65,446.17,517.37,531.61,545.85,560.09,2026-05-05 15:30:00 IST,517.37,TARGET_1,1.5,2,83.0,SHAKEOUT_RECLAIM,True,True,True,6.0,True,NONE
VIMTALABS,2026-06-03 15:30:00 IST,BULL,2026-06-03 09:15:00 IST,511.36,480.68,557.39,572.72,588.06,603.4,2026-06-11 15:30:00 IST,557.39,TARGET_1,1.5,7,94.0,WYCKOFF_SPRING_TYPE_2,True,True,True,6.0,True,NONE
VIMTALABS,2026-06-12 15:30:00 IST,BULL,2026-06-12 09:15:00 IST,552.81,519.64,602.56,619.15,635.73,652.32,2026-06-24 15:30:00 IST,602.56,TARGET_1,1.5,9,89.0,CUP_HANDLE,True,True,True,6.0,True,NONE
VIMTALABS,2026-06-24 15:30:00 IST,BULL,2026-06-24 09:15:00 IST,591.55,557.6,642.47,659.45,676.42,693.4,2026-07-06 15:30:00 IST,557.6,STOP_LOSS,-1.0,9,86.0,BULL_FLAG,True,True,True,5.74,True,NONE
VIMTALABS,2026-07-21 15:30:00 IST,BULL,2026-07-21 09:15:00 IST,599.6,563.62,653.57,671.56,689.55,707.54,2026-07-22 15:30:00 IST,563.62,STOP_LOSS,-1.0,2,92.0,SHAKEOUT_RECLAIM,True,True,True,6.0,True,NONE
VGUARD,2025-09-19 15:30:00 IST,BULL,2025-09-19 09:15:00 IST,846.63,825.57,878.23,888.75,899.28,909.81,2025-09-26 15:30:00 IST,878.23,TARGET_1,1.5,5,86.0,CUP_HANDLE,True,True,True,2.49,True,NONE
VGUARD,2025-10-02 15:30:00 IST,BULL,2025-10-02 09:15:00 IST,899.9,861.05,958.18,977.6,997.03,1016.45,2025-10-20 15:30:00 IST,861.05,STOP_LOSS,-1.0,12,92.0,MULTI_MONTH_BASE_BREAKOUT,True,True,True,4.32,True,NONE
VGUARD,2025-11-18 15:30:00 IST,BEAR,2025-11-18 09:15:00 IST,832.08,815.35,857.17,865.54,873.91,882.27,2025-11-19 15:30:00 IST,815.35,STOP_LOSS,-1.0,1,86.0,WYCKOFF_SPRING_TYPE_2,True,True,True,2.01,True,NONE
VGUARD,2026-04-20 15:30:00 IST,SIDEWAYS,2026-04-20 09:15:00 IST,685.05,671.73,705.04,711.69,718.35,725.01,2026-05-04 15:30:00 IST,671.73,STOP_LOSS,-1.0,10,93.0,CUP_HANDLE,True,True,True,1.94,True,NONE
VINCOFE,2025-10-24 15:30:00 IST,SIDEWAYS,2025-10-24 09:15:00 IST,145.54,136.81,158.63,163.0,167.36,171.73,2025-10-28 15:30:00 IST,158.63,TARGET_1,1.5,3,87.0,SHAKEOUT_RECLAIM,True,True,True,6.0,True,NONE
VINCOFE,2025-11-06 15:30:00 IST,BULL,2025-11-06 09:15:00 IST,168.72,158.6,183.9,188.96,194.02,199.08,2025-11-20 15:30:00 IST,158.6,STOP_LOSS,-1.0,11,89.0,WYCKOFF_SPRING_TYPE_2,True,True,True,6.0,True,NONE
VINCOFE,2025-12-05 15:30:00 IST,BULL,2025-12-05 09:15:00 IST,169.36,159.2,184.6,189.68,194.76,199.84,2025-12-08 15:30:00 IST,159.2,STOP_LOSS,-1.0,2,90.0,CUP_HANDLE,True,True,True,6.0,True,NONE
VINCOFE,2026-01-07 15:30:00 IST,SIDEWAYS,2026-01-07 09:15:00 IST,174.33,164.53,189.03,193.93,198.83,203.73,2026-01-08 15:30:00 IST,164.53,STOP_LOSS,-1.0,2,90.0,DOUBLE_BOTTOM,True,True,True,5.62,True,NONE
VINCOFE,2026-03-20 15:30:00 IST,BEAR,2026-03-20 09:15:00 IST,131.84,123.93,143.7,147.66,151.62,155.57,2026-04-14 15:30:00 IST,143.7,TARGET_1,1.5,14,84.0,SHAKEOUT_RECLAIM,True,True,True,6.0,True,NONE
VINCOFE,2026-05-25 15:30:00 IST,SIDEWAYS,2026-05-25 09:15:00 IST,139.36,131.0,151.9,156.08,160.26,164.44,2026-05-25 15:30:00 IST,151.9,TARGET_1,1.5,1,90.0,WYCKOFF_SPRING_TYPE_2,True,True,True,6.0,True,NONE
VIPIND,2025-11-26 15:30:00 IST,BEAR,2025-11-26 09:15:00 IST,371.45,352.03,400.58,410.29,420.0,429.71,2025-12-01 15:30:00 IST,352.03,STOP_LOSS,-1.0,4,89.0,SHAKEOUT_RECLAIM,True,True,True,5.23,True,NONE
VIPIND,2026-02-17 15:30:00 IST,BULL,2026-02-17 09:15:00 IST,382.15,359.22,416.54,428.01,439.47,450.94,2026-02-18 15:30:00 IST,359.22,STOP_LOSS,-1.0,2,85.0,WYCKOFF_SPRING_TYPE_2,True,True,True,6.0,True,NONE
VIPIND,2026-08-18 15:30:00 IST,SIDEWAYS,2026-08-18 09:15:00 IST,309.4,293.71,332.93,340.78,348.62,356.47,2026-09-03 15:30:00 IST,314.05,TIMEOUT_20D,0.3,13,81.0,DOUBLE_BOTTOM,True,True,True,5.07,True,NONE
VIPIND,2026-08-26 15:30:00 IST,BULL,2026-08-26 09:15:00 IST,310.9,293.71,336.68,345.28,353.88,362.47,2026-09-03 15:30:00 IST,314.05,TIMEOUT_20D,0.18,7,88.0,DOUBLE_BOTTOM,True,True,True,5.53,True,NONE
VIKRAMSOLR,2025-06-13 15:30:00 IST,BULL,2025-06-13 09:15:00 IST,1471.04,1382.78,1603.44,1647.56,1691.69,1735.82,2025-07-03 15:30:00 IST,1603.44,TARGET_1,1.5,14,90.0,V_REVERSAL,True,True,True,6.0,True,NONE
VIKRAMSOLR,2026-06-10 15:30:00 IST,BULL,2026-06-10 09:15:00 IST,2578.7,2478.16,2729.52,2779.78,2830.05,2880.32,2026-07-07 15:30:00 IST,2478.16,STOP_LOSS,-1.0,19,93.0,BULL_FLAG,True,True,True,3.9,True,NONE
VIKRAMSOLR,2026-07-23 15:30:00 IST,BULL,2026-07-23 09:15:00 IST,2531.17,2420.99,2696.44,2751.53,2806.62,2861.71,2026-08-18 15:30:00 IST,2420.99,STOP_LOSS,-1.0,19,86.0,CUP_HANDLE,True,True,True,4.35,True,NONE
VIKRAMSOLR,2026-07-31 15:30:00 IST,BEAR,2026-07-31 09:15:00 IST,2481.6,2420.99,2572.52,2602.82,2633.12,2663.43,2026-08-11 15:30:00 IST,2572.52,TARGET_1,1.5,7,90.0,WYCKOFF_SPRING_TYPE_2,True,True,True,2.44,True,NONE
VIKRAMSOLR,2026-08-06 15:30:00 IST,BEAR,2026-08-06 09:15:00 IST,2474.87,2420.99,2555.68,2582.63,2609.57,2636.51,2026-08-10 15:30:00 IST,2555.68,TARGET_1,1.5,2,89.0,WYCKOFF_SPRING_TYPE_2,True,True,True,2.18,True,NONE
VIYASH,2025-11-12 15:30:00 IST,BULL,2025-11-12 09:15:00 IST,238.21,223.92,259.65,266.79,273.94,281.08,2025-11-13 15:30:00 IST,223.92,STOP_LOSS,-1.0,2,92.0,HIGHER_LOW_REVERSAL,True,True,True,6.0,True,NONE
VIYASH,2025-11-18 15:30:00 IST,BULL,2025-11-18 09:15:00 IST,247.56,232.71,269.83,277.26,284.69,292.11,2025-11-23 15:30:00 IST,232.71,STOP_LOSS,-1.0,4,92.0,HIGHER_LOW_REVERSAL,True,True,True,6.0,True,NONE
VIYASH,2025-12-22 15:30:00 IST,SIDEWAYS,2025-12-22 09:15:00 IST,218.33,205.23,237.98,244.53,251.08,257.63,2026-01-04 15:30:00 IST,205.23,STOP_LOSS,-1.0,9,89.0,BULL_FLAG,True,True,True,6.0,True,NONE
VIYASH,2026-01-19 15:30:00 IST,SIDEWAYS,2026-01-19 09:15:00 IST,205.68,193.34,224.19,230.36,236.53,242.7,2026-01-20 15:30:00 IST,193.34,STOP_LOSS,-1.0,2,94.0,BULL_PENNANT,True,True,True,6.0,True,NONE
VIYASH,2026-03-10 15:30:00 IST,SIDEWAYS,2026-03-10 09:15:00 IST,197.45,188.67,210.62,215.01,219.4,223.79,2026-03-19 15:30:00 IST,188.67,STOP_LOSS,-1.0,8,88.0,SHAKEOUT_RECLAIM,True,True,True,4.45,True,NONE
VIYASH,2026-05-06 15:30:00 IST,BULL,2026-05-06 09:15:00 IST,219.65,206.47,239.42,246.01,252.6,259.19,2026-05-19 15:30:00 IST,239.42,TARGET_1,1.5,10,96.0,SHAKEOUT_RECLAIM,True,True,True,6.0,True,NONE
VIYASH,2026-06-22 15:30:00 IST,BULL,2026-06-22 09:15:00 IST,271.2,254.93,295.61,303.74,311.87,320.01,2026-07-01 15:30:00 IST,295.61,TARGET_1,1.5,8,88.0,BULL_PENNANT,True,True,True,6.0,True,NONE
VIYASH,2026-07-01 15:30:00 IST,BULL,2026-07-01 09:15:00 IST,288.2,270.91,314.14,322.78,331.42,340.07,2026-07-07 15:30:00 IST,270.91,STOP_LOSS,-1.0,5,83.0,BULL_FLAG,True,True,True,6.0,True,NONE
VIYASH,2026-08-03 15:30:00 IST,SIDEWAYS,2026-08-03 09:15:00 IST,263.7,247.88,287.43,295.34,303.25,311.16,2026-08-16 15:30:00 IST,247.88,STOP_LOSS,-1.0,10,93.0,WYCKOFF_SPRING_TYPE_2,True,True,True,6.0,True,NONE
VIYASH,2026-08-19 15:30:00 IST,SIDEWAYS,2026-08-19 09:15:00 IST,271.4,255.12,295.82,303.96,312.1,320.24,2026-09-03 15:30:00 IST,265.4,TIMEOUT_20D,-0.37,12,90.0,V_REVERSAL,True,True,True,6.0,True,NONE
VMARCIND,2025-12-09 15:30:00 IST,BULL,2025-12-09 09:15:00 IST,682.65,641.69,744.09,764.57,785.05,805.53,2026-01-06 15:30:00 IST,666.6,TIMEOUT_20D,-0.39,20,95.0,SHAKEOUT_RECLAIM,True,True,True,6.0,True,NONE
VMARCIND,2026-02-12 15:30:00 IST,BEAR,2026-02-12 09:15:00 IST,599.05,563.11,652.96,670.93,688.9,706.87,2026-02-15 15:30:00 IST,652.96,TARGET_1,1.5,2,88.0,V_REVERSAL,True,True,True,6.0,True,NONE
VMARCIND,2026-02-18 15:30:00 IST,SIDEWAYS,2026-02-18 09:15:00 IST,726.2,682.63,791.56,813.34,835.13,856.91,2026-02-24 15:30:00 IST,682.63,STOP_LOSS,-1.0,5,81.0,V_REVERSAL,True,True,True,6.0,True,NONE
VMARCIND,2026-04-09 15:30:00 IST,BULL,2026-04-09 09:15:00 IST,761.0,715.34,829.49,852.32,875.15,897.98,2026-04-14 15:30:00 IST,829.49,TARGET_1,1.5,3,86.0,BULL_FLAG,True,True,True,6.0,True,NONE
VMARCIND,2026-05-11 15:30:00 IST,BULL,2026-05-11 09:15:00 IST,1133.6,1065.58,1235.63,1269.64,1303.65,1337.66,2026-05-11 15:30:00 IST,1235.63,TARGET_1,1.5,1,92.0,BULL_FLAG,True,True,True,6.0,True,NONE
VMARCIND,2026-06-16 15:30:00 IST,BULL,2026-06-16 09:15:00 IST,1608.6,1512.08,1753.38,1801.64,1849.9,1898.16,2026-06-28 15:30:00 IST,1512.08,STOP_LOSS,-1.0,9,90.0,SHAKEOUT_RECLAIM,True,True,True,6.0,True,NONE
VMARCIND,2026-08-05 15:30:00 IST,BEAR,2026-08-05 09:15:00 IST,296.65,278.85,323.35,332.25,341.15,350.05,2026-08-05 15:30:00 IST,323.35,TARGET_1,1.5,1,93.0,SHAKEOUT_RECLAIM,True,True,True,6.0,True,NONE
VMARCIND,2026-08-11 15:30:00 IST,SIDEWAYS,2026-08-11 09:15:00 IST,378.0,355.32,412.02,423.36,434.7,446.04,2026-08-12 15:30:00 IST,355.32,STOP_LOSS,-1.0,2,89.0,V_REVERSAL,True,True,True,6.0,True,NONE
VMM,2025-12-19 15:30:00 IST,SIDEWAYS,2025-12-19 09:15:00 IST,138.07,129.79,150.49,154.63,158.77,162.91,2026-01-05 15:30:00 IST,129.79,STOP_LOSS,-1.0,11,87.0,WYCKOFF_SPRING_TYPE_2,True,True,True,6.0,True,NONE
VMM,2026-01-30 15:30:00 IST,BEAR,2026-01-30 09:15:00 IST,125.95,118.39,137.29,141.07,144.85,148.63,2026-02-18 15:30:00 IST,118.39,STOP_LOSS,-1.0,14,80.0,V_REVERSAL,True,True,True,6.0,True,NONE
VMM,2026-04-06 15:30:00 IST,SIDEWAYS,2026-04-06 09:15:00 IST,113.74,106.92,123.97,127.38,130.79,134.2,2026-04-20 15:30:00 IST,123.97,TARGET_1,1.5,10,83.0,V_REVERSAL,True,True,True,6.0,True,NONE
VMM,2026-06-17 15:30:00 IST,BEAR,2026-06-17 09:15:00 IST,118.77,115.35,123.9,125.61,127.32,129.03,2026-06-28 15:30:00 IST,115.35,STOP_LOSS,-1.0,8,80.0,CUP_HANDLE,True,True,True,2.88,True,NONE
VMART,2025-10-31 15:30:00 IST,BULL,2025-10-31 09:15:00 IST,619.5,599.86,648.96,658.78,668.6,678.42,2025-11-14 15:30:00 IST,648.96,TARGET_1,1.5,10,95.0,MULTI_MONTH_BASE_BREAKOUT,True,True,True,3.17,True,NONE
VMART,2026-01-28 15:30:00 IST,BULL,2026-01-28 09:15:00 IST,659.48,619.91,718.84,738.62,758.41,778.19,2026-02-16 15:30:00 IST,718.84,TARGET_1,1.5,13,85.0,V_REVERSAL,True,True,True,6.0,True,NONE
VMART,2026-04-21 15:30:00 IST,BULL,2026-04-21 09:15:00 IST,783.05,752.02,829.61,845.11,860.62,876.14,2026-05-19 15:30:00 IST,795.74,TIMEOUT_20D,0.41,20,91.0,MULTI_MONTH_BASE_BREAKOUT,True,True,True,3.96,True,NONE
VOLTAS,2025-07-18 15:30:00 IST,BULL,2025-07-18 09:15:00 IST,769.85,743.86,808.84,821.83,834.83,847.82,2025-08-15 15:30:00 IST,787.11,TIMEOUT_20D,0.66,20,86.0,V_REVERSAL,True,True,True,3.38,True,NONE
VOLTAS,2026-01-27 15:30:00 IST,SIDEWAYS,2026-01-27 09:15:00 IST,782.19,741.45,843.29,863.67,884.04,904.41,2026-01-30 15:30:00 IST,741.45,STOP_LOSS,-1.0,3,89.0,V_REVERSAL,True,True,True,5.21,True,NONE
VOLTAS,2026-06-16 15:30:00 IST,BULL,2026-06-16 09:15:00 IST,769.76,723.57,839.03,862.14,885.23,908.33,2026-07-14 15:30:00 IST,738.03,TIMEOUT_20D,-0.69,20,83.0,V_REVERSAL,True,True,True,6.0,True,NONE
VOLTAS,2026-06-22 15:30:00 IST,BULL,2026-06-22 09:15:00 IST,751.93,731.84,782.06,792.11,802.15,812.2,2026-06-30 15:30:00 IST,731.84,STOP_LOSS,-1.0,6,86.0,CUP_HANDLE,True,True,True,2.67,True,NONE
VOLTAMP,2025-04-18 15:30:00 IST,BEAR,2025-04-18 09:15:00 IST,1966.96,1911.71,2049.83,2077.46,2105.09,2132.71,2025-04-22 15:30:00 IST,1911.71,STOP_LOSS,-1.0,2,89.0,V_REVERSAL,True,True,True,2.81,True,NONE
VOLTAMP,2025-07-24 15:30:00 IST,SIDEWAYS,2025-07-24 09:15:00 IST,1687.28,1603.87,1812.39,1854.1,1895.81,1937.51,2025-08-21 15:30:00 IST,1777.89,TIMEOUT_20D,1.09,20,88.0,V_REVERSAL,True,True,True,4.94,True,NONE
VOLTAMP,2025-09-05 15:30:00 IST,BULL,2025-09-05 09:15:00 IST,1868.01,1783.72,1994.45,2036.59,2078.73,2120.88,2025-10-03 15:30:00 IST,1864.1,TIMEOUT_20D,-0.05,20,90.0,MULTI_MONTH_BASE_BREAKOUT,True,True,True,4.51,True,NONE
VOLTAMP,2025-10-14 15:30:00 IST,SIDEWAYS,2025-10-14 09:15:00 IST,1853.68,1777.62,1967.78,2005.8,2043.83,2081.86,2025-11-07 15:30:00 IST,1777.62,STOP_LOSS,-1.0,18,89.0,WYCKOFF_SPRING_TYPE_2,True,True,True,4.1,True,NONE
VOLTAMP,2025-10-22 15:30:00 IST,SIDEWAYS,2025-10-22 09:15:00 IST,1829.12,1777.62,1906.36,1932.12,1957.87,1983.62,2025-11-07 15:30:00 IST,1777.62,STOP_LOSS,-1.0,12,87.0,WYCKOFF_SPRING_TYPE_2,True,True,True,2.82,True,NONE
VOLTAMP,2026-07-31 15:30:00 IST,SIDEWAYS,2026-07-31 09:15:00 IST,1730.44,1656.22,1841.77,1878.88,1915.99,1953.1,2026-08-18 15:30:00 IST,1841.77,TARGET_1,1.5,13,86.0,WYCKOFF_SPRING_TYPE_2,True,True,True,4.29,True,NONE
WAAREEENER,2026-02-24 15:30:00 IST,BULL,2026-02-24 09:15:00 IST,3023.5,2842.72,3294.67,3385.06,3475.45,3565.84,2026-02-24 15:30:00 IST,2842.72,STOP_LOSS,-1.0,1,88.0,CUP_HANDLE,True,True,True,5.98,True,NONE
WAAREEENER,2026-05-27 15:30:00 IST,SIDEWAYS,2026-05-27 09:15:00 IST,3129.1,2946.49,3403.02,3494.32,3585.62,3676.93,2026-06-23 15:30:00 IST,3028.8,TIMEOUT_20D,-0.55,20,85.0,WYCKOFF_SPRING_TYPE_2,True,True,True,5.84,True,NONE
WAAREEENER,2026-06-19 15:30:00 IST,SIDEWAYS,2026-06-19 09:15:00 IST,3125.4,2947.39,3392.41,3481.42,3570.43,3659.43,2026-06-28 15:30:00 IST,2947.39,STOP_LOSS,-1.0,6,90.0,SHAKEOUT_RECLAIM,True,True,True,5.7,True,NONE
WAAREERTL,2025-10-27 15:30:00 IST,BULL,2025-10-27 09:15:00 IST,1330.5,1250.67,1450.24,1490.16,1530.07,1569.99,2025-10-30 15:30:00 IST,1250.67,STOP_LOSS,-1.0,4,85.0,V_REVERSAL,True,True,True,6.0,True,NONE
WAAREERTL,2026-01-12 15:30:00 IST,BEAR,2026-01-12 09:15:00 IST,945.3,888.58,1030.38,1058.74,1087.1,1115.46,2026-01-19 15:30:00 IST,888.58,STOP_LOSS,-1.0,6,92.0,SHAKEOUT_RECLAIM,True,True,True,6.0,True,NONE
WAAREERTL,2026-04-13 15:30:00 IST,BULL,2026-04-13 09:15:00 IST,971.6,913.3,1059.05,1088.2,1117.35,1146.5,2026-04-15 15:30:00 IST,1059.05,TARGET_1,1.5,2,88.0,BULL_FLAG,True,True,True,6.0,True,NONE
WAAREERTL,2026-06-19 15:30:00 IST,SIDEWAYS,2026-06-19 09:15:00 IST,988.05,928.77,1076.97,1106.61,1136.25,1165.89,2026-07-16 15:30:00 IST,999.2,TIMEOUT_20D,0.19,20,88.0,SHAKEOUT_RECLAIM,True,True,True,6.0,True,NONE
VTL,2025-03-27 15:30:00 IST,BULL,2025-03-27 09:15:00 IST,1624.75,1597.27,1665.98,1679.71,1693.45,1707.19,2025-03-28 15:30:00 IST,1597.27,STOP_LOSS,-1.0,1,89.0,CUP_HANDLE,True,True,True,1.69,True,NONE
VTL,2025-08-08 15:30:00 IST,BULL,2025-08-08 09:15:00 IST,2024.19,1968.72,2107.41,2135.13,2162.87,2190.6,2025-08-18 15:30:00 IST,1968.72,STOP_LOSS,-1.0,6,82.0,CUP_HANDLE,True,True,True,2.74,True,NONE
VTL,2025-11-04 15:30:00 IST,BULL,2025-11-04 09:15:00 IST,2601.28,2500.28,2752.77,2803.28,2853.78,2904.28,2025-11-07 15:30:00 IST,2500.28,STOP_LOSS,-1.0,3,91.0,MULTI_MONTH_BASE_BREAKOUT,True,True,True,3.88,True,NONE
VTL,2025-11-18 15:30:00 IST,BULL,2025-11-18 09:15:00 IST,2630.84,2530.7,2781.04,2831.12,2881.19,2931.26,2025-12-16 15:30:00 IST,2754.52,TIMEOUT_20D,1.24,20,97.0,MULTI_MONTH_BASE_BREAKOUT,True,True,True,3.81,True,NONE
VTL,2026-05-19 15:30:00 IST,BULL,2026-05-19 09:15:00 IST,2424.92,2299.73,2612.71,2675.3,2737.9,2800.49,2026-06-02 15:30:00 IST,2299.73,STOP_LOSS,-1.0,10,94.0,DOUBLE_BOTTOM,True,True,True,5.16,True,NONE
VTL,2026-05-25 15:30:00 IST,BULL,2026-05-25 09:15:00 IST,2460.85,2313.2,2682.33,2756.15,2829.98,2903.8,2026-06-02 15:30:00 IST,2313.2,STOP_LOSS,-1.0,6,88.0,DOUBLE_BOTTOM,True,True,True,6.0,True,NONE
VTL,2026-07-27 15:30:00 IST,SIDEWAYS,2026-07-27 09:15:00 IST,2280.58,2192.89,2412.12,2455.96,2499.81,2543.65,2026-07-31 15:30:00 IST,2412.12,TARGET_1,1.5,4,86.0,V_REVERSAL,True,True,True,3.85,True,NONE
WABAG,2025-11-24 15:30:00 IST,SIDEWAYS,2025-11-24 09:15:00 IST,1413.35,1379.68,1463.86,1480.69,1497.52,1514.36,2025-11-27 15:30:00 IST,1379.68,STOP_LOSS,-1.0,4,85.0,CUP_HANDLE,True,True,True,2.38,True,NONE
WABAG,2026-02-09 15:30:00 IST,SIDEWAYS,2026-02-09 09:15:00 IST,1291.35,1213.87,1407.57,1446.31,1485.05,1523.79,2026-03-01 15:30:00 IST,1213.87,STOP_LOSS,-1.0,15,84.0,V_REVERSAL,True,True,True,6.0,True,NONE
WABAG,2026-06-16 15:30:00 IST,BULL,2026-06-16 09:15:00 IST,1750.03,1645.03,1907.53,1960.03,2012.53,2065.03,2026-06-18 15:30:00 IST,1907.53,TARGET_1,1.5,3,94.0,BULL_FLAG,True,True,True,6.0,True,NONE
WABAG,2026-06-22 15:30:00 IST,BULL,2026-06-22 09:15:00 IST,2056.78,1933.38,2241.88,2303.58,2365.28,2426.98,2026-07-09 15:30:00 IST,2241.88,TARGET_1,1.5,14,89.0,V_REVERSAL,True,True,True,6.0,True,NONE
WABAG,2026-07-02 15:30:00 IST,BULL,2026-07-02 09:15:00 IST,2184.97,2053.87,2381.62,2447.17,2512.72,2578.27,2026-07-02 15:30:00 IST,2053.87,STOP_LOSS,-1.0,1,94.0,BULL_FLAG,True,True,True,6.0,True,NONE
WEBELSOLAR,2026-01-29 15:30:00 IST,SIDEWAYS,2026-01-29 09:15:00 IST,86.63,81.43,94.43,97.03,99.63,102.23,2026-01-29 15:30:00 IST,81.43,STOP_LOSS,-1.0,1,85.0,V_REVERSAL,True,True,True,6.0,True,NONE
WEBELSOLAR,2026-02-09 15:30:00 IST,BEAR,2026-02-09 09:15:00 IST,71.54,67.25,77.98,80.12,82.27,84.41,2026-02-12 15:30:00 IST,67.25,STOP_LOSS,-1.0,4,86.0,SHAKEOUT_RECLAIM,True,True,True,6.0,True,NONE
WEBELSOLAR,2026-03-17 15:30:00 IST,SIDEWAYS,2026-03-17 09:15:00 IST,61.57,57.88,67.1,68.95,70.79,72.64,2026-03-19 15:30:00 IST,67.1,TARGET_1,1.5,3,89.0,V_REVERSAL,True,True,True,5.99,True,NONE
WEBELSOLAR,2026-04-02 15:30:00 IST,SIDEWAYS,2026-04-02 09:15:00 IST,76.36,71.78,83.23,85.52,87.81,90.1,2026-04-14 15:30:00 IST,83.23,TARGET_1,1.5,7,83.0,V_REVERSAL,True,True,True,6.0,True,NONE
WEBELSOLAR,2026-04-23 15:30:00 IST,BULL,2026-04-23 09:15:00 IST,106.79,100.38,116.41,119.61,122.82,126.02,2026-04-27 15:30:00 IST,116.41,TARGET_1,1.5,3,90.0,BULL_FLAG,True,True,True,6.0,True,NONE
WEBELSOLAR,2026-05-05 15:30:00 IST,BULL,2026-05-05 09:15:00 IST,121.85,114.54,132.81,136.47,140.12,143.78,2026-05-06 15:30:00 IST,114.54,STOP_LOSS,-1.0,2,91.0,V_REVERSAL,True,True,True,6.0,True,NONE
WEBELSOLAR,2026-06-04 15:30:00 IST,BULL,2026-06-04 09:15:00 IST,112.64,105.88,122.78,126.16,129.54,132.92,2026-06-07 15:30:00 IST,105.88,STOP_LOSS,-1.0,2,98.0,WYCKOFF_SPRING_TYPE_2,True,True,True,6.0,True,NONE
WEBELSOLAR,2026-07-17 15:30:00 IST,SIDEWAYS,2026-07-17 09:15:00 IST,104.29,98.03,113.68,116.81,119.94,123.07,2026-07-23 15:30:00 IST,98.03,STOP_LOSS,-1.0,5,98.0,WYCKOFF_SPRING_TYPE_2,True,True,True,6.0,True,NONE
WEBELSOLAR,2026-08-13 15:30:00 IST,BEAR,2026-08-13 09:15:00 IST,87.1,82.84,93.49,95.62,97.75,99.88,2026-08-16 15:30:00 IST,82.84,STOP_LOSS,-1.0,2,90.0,SHAKEOUT_RECLAIM,True,True,True,4.89,True,NONE
WELCORP,2025-10-27 15:30:00 IST,SIDEWAYS,2025-10-27 09:15:00 IST,870.16,817.95,948.48,974.58,1000.68,1026.79,2025-10-30 15:30:00 IST,948.48,TARGET_1,1.5,4,93.0,WYCKOFF_SPRING_TYPE_2,True,True,True,6.0,True,NONE
WELCORP,2025-12-29 15:30:00 IST,SIDEWAYS,2025-12-29 09:15:00 IST,824.16,795.45,867.23,881.58,895.93,910.29,2025-12-29 15:30:00 IST,795.45,STOP_LOSS,-1.0,1,91.0,BULL_FLAG,True,True,True,3.48,True,NONE
WELCORP,2026-01-19 15:30:00 IST,SIDEWAYS,2026-01-19 09:15:00 IST,785.14,738.03,855.81,879.36,902.91,926.47,2026-01-20 15:30:00 IST,738.03,STOP_LOSS,-1.0,2,99.0,SHAKEOUT_RECLAIM,True,True,True,6.0,True,NONE
WELCORP,2026-02-03 15:30:00 IST,SIDEWAYS,2026-02-03 09:15:00 IST,806.57,762.11,873.26,895.49,917.72,939.95,2026-03-03 15:30:00 IST,792.77,TIMEOUT_20D,-0.31,20,88.0,DOUBLE_BOTTOM,True,True,True,5.51,True,NONE
WELCORP,2026-02-26 15:30:00 IST,BULL,2026-02-26 09:15:00 IST,822.17,772.84,896.17,920.83,945.49,970.16,2026-03-01 15:30:00 IST,772.84,STOP_LOSS,-1.0,2,90.0,DOUBLE_BOTTOM,True,True,True,6.0,True,NONE
WELCORP,2026-03-05 15:30:00 IST,BULL,2026-03-05 09:15:00 IST,819.28,770.12,893.02,917.6,942.18,966.76,2026-03-08 15:30:00 IST,770.12,STOP_LOSS,-1.0,2,87.0,DOUBLE_BOTTOM,True,True,True,6.0,True,NONE
WELCORP,2026-04-08 15:30:00 IST,BULL,2026-04-08 09:15:00 IST,933.95,877.91,1018.01,1046.03,1074.05,1102.07,2026-04-14 15:30:00 IST,1018.01,TARGET_1,1.5,4,95.0,MULTI_MONTH_BASE_BREAKOUT,True,True,True,6.0,True,NONE
WELCORP,2026-04-15 15:30:00 IST,BULL,2026-04-15 09:15:00 IST,1049.17,986.22,1143.59,1175.07,1206.55,1238.02,2026-04-21 15:30:00 IST,1143.59,TARGET_1,1.5,5,88.0,V_REVERSAL,True,True,True,6.0,True,NONE
WELCORP,2026-06-25 15:30:00 IST,BULL,2026-06-25 09:15:00 IST,1450.28,1363.27,1580.81,1624.3,1667.8,1711.31,2026-07-08 15:30:00 IST,1580.81,TARGET_1,1.5,10,93.0,HIGHER_LOW_REVERSAL,True,True,True,6.0,True,NONE
WELCORP,2026-07-09 15:30:00 IST,BULL,2026-07-09 09:15:00 IST,1601.9,1519.02,1726.22,1767.66,1809.1,1850.54,2026-08-03 15:30:00 IST,1726.22,TARGET_1,1.5,18,95.0,MULTI_MONTH_BASE_BREAKOUT,True,True,True,5.17,True,NONE
WAKEFIT,2025-04-03 15:30:00 IST,BEAR,2025-04-03 09:15:00 IST,561.51,546.33,584.29,591.87,599.46,607.05,2025-04-21 15:30:00 IST,584.29,TARGET_1,1.5,12,83.0,WYCKOFF_SPRING_TYPE_2,True,True,True,2.7,True,NONE
WAKEFIT,2025-05-14 15:30:00 IST,BULL,2025-05-14 09:15:00 IST,618.61,593.08,656.9,669.67,682.43,695.2,2025-06-11 15:30:00 IST,595.63,TIMEOUT_20D,-0.9,20,89.0,MULTI_MONTH_BASE_BREAKOUT,True,True,True,4.13,True,NONE
WAKEFIT,2025-09-25 15:30:00 IST,BULL,2025-09-25 09:15:00 IST,675.83,635.28,736.65,756.93,777.21,797.48,2025-10-20 15:30:00 IST,635.28,STOP_LOSS,-1.0,17,89.0,WYCKOFF_SPRING_TYPE_2,True,True,True,6.0,True,NONE
WAKEFIT,2026-07-01 15:30:00 IST,BULL,2026-07-01 09:15:00 IST,712.48,683.46,756.0,770.52,785.03,799.54,2026-07-06 15:30:00 IST,756.0,TARGET_1,1.5,3,93.0,BULL_FLAG,True,True,True,4.07,True,NONE
WAKEFIT,2026-07-13 15:30:00 IST,BULL,2026-07-13 09:15:00 IST,726.97,683.35,792.4,814.21,836.02,857.83,2026-07-30 15:30:00 IST,792.4,TARGET_1,1.5,13,84.0,V_REVERSAL,True,True,True,6.0,True,NONE
WELENT,2025-02-28 15:30:00 IST,BULL,2025-02-28 09:15:00 IST,1546.86,1498.5,1619.4,1643.58,1667.76,1691.94,2025-03-17 15:30:00 IST,1619.4,TARGET_1,1.5,11,89.0,MULTI_MONTH_BASE_BREAKOUT,True,True,True,3.13,True,NONE
WELENT,2025-04-03 15:30:00 IST,BULL,2025-04-03 09:15:00 IST,1754.0,1648.76,1911.86,1964.48,2017.1,2069.72,2025-05-01 15:30:00 IST,1823.02,TIMEOUT_20D,0.66,20,81.0,V_REVERSAL,True,True,True,6.0,True,NONE
WELENT,2025-10-22 15:30:00 IST,BEAR,2025-10-22 09:15:00 IST,2374.01,2277.05,2519.44,2567.93,2616.41,2664.89,2025-11-19 15:30:00 IST,2417.06,TIMEOUT_20D,0.44,20,90.0,WYCKOFF_SPRING_TYPE_2,True,True,True,4.08,True,NONE
WELENT,2025-11-10 15:30:00 IST,SIDEWAYS,2025-11-10 09:15:00 IST,2357.87,2276.8,2479.48,2520.01,2560.54,2601.08,2025-11-18 15:30:00 IST,2479.48,TARGET_1,1.5,6,90.0,WYCKOFF_SPRING_TYPE_2,True,True,True,3.44,True,NONE
WELENT,2025-12-03 15:30:00 IST,BULL,2025-12-03 09:15:00 IST,2606.4,2511.4,2748.9,2796.4,2843.9,2891.4,2025-12-12 15:30:00 IST,2748.9,TARGET_1,1.5,7,93.0,MULTI_MONTH_BASE_BREAKOUT,True,True,True,3.64,True,NONE
WELENT,2026-06-30 15:30:00 IST,SIDEWAYS,2026-06-30 09:15:00 IST,2459.76,2394.19,2558.12,2590.9,2623.69,2656.47,2026-07-08 15:30:00 IST,2394.19,STOP_LOSS,-1.0,6,90.0,HIGHER_LOW_REVERSAL,True,True,True,2.67,True,NONE
WELENT,2026-07-29 15:30:00 IST,SIDEWAYS,2026-07-29 09:15:00 IST,2494.6,2385.72,2657.92,2712.36,2766.8,2821.24,2026-08-18 15:30:00 IST,2385.72,STOP_LOSS,-1.0,15,88.0,DOUBLE_BOTTOM,True,True,True,4.36,True,NONE
WELSPUNLIV,2025-07-08 15:30:00 IST,BULL,2025-07-08 09:15:00 IST,1138.29,1121.5,1163.49,1171.87,1180.26,1188.66,2025-07-10 15:30:00 IST,1163.49,TARGET_1,1.5,2,93.0,CUP_HANDLE,True,True,True,1.48,True,NONE
WELSPUNLIV,2025-09-09 15:30:00 IST,SIDEWAYS,2025-09-09 09:15:00 IST,1144.1,1103.41,1205.12,1225.48,1245.82,1266.17,2025-10-07 15:30:00 IST,1205.12,TARGET_1,1.5,20,84.0,V_REVERSAL,True,True,True,3.56,True,NONE
WELSPUNLIV,2025-12-19 15:30:00 IST,BULL,2025-12-19 09:15:00 IST,1222.71,1184.59,1279.89,1298.95,1318.01,1337.07,2026-01-12 15:30:00 IST,1184.59,STOP_LOSS,-1.0,16,89.0,CUP_HANDLE,True,True,True,3.12,True,NONE
WELSPUNLIV,2026-02-13 15:30:00 IST,BEAR,2026-02-13 09:15:00 IST,1187.15,1159.09,1229.23,1243.27,1257.3,1271.33,2026-02-24 15:30:00 IST,1229.23,TARGET_1,1.5,7,90.0,WYCKOFF_SPRING_TYPE_2,True,True,True,2.36,True,NONE
WELSPUNLIV,2026-03-11 15:30:00 IST,BULL,2026-03-11 09:15:00 IST,1341.51,1278.68,1435.76,1467.17,1498.58,1530.0,2026-04-08 15:30:00 IST,1423.49,TIMEOUT_20D,1.3,20,95.0,MULTI_MONTH_BASE_BREAKOUT,True,True,True,4.68,True,NONE
WESTLIFE,2025-05-14 15:30:00 IST,BEAR,2025-05-14 09:15:00 IST,760.96,733.51,802.14,815.86,829.59,843.31,2025-05-19 15:30:00 IST,733.51,STOP_LOSS,-1.0,3,94.0,WYCKOFF_SPRING_TYPE_2,True,True,True,3.61,True,NONE
WESTLIFE,2025-07-16 15:30:00 IST,BULL,2025-07-16 09:15:00 IST,811.74,775.57,865.99,884.08,902.16,920.25,2025-08-13 15:30:00 IST,857.98,TIMEOUT_20D,1.28,20,90.0,MULTI_MONTH_BASE_BREAKOUT,True,True,True,4.46,True,NONE
WESTLIFE,2025-08-26 15:30:00 IST,BULL,2025-08-26 09:15:00 IST,895.5,864.64,941.8,957.22,972.65,988.08,2025-09-23 15:30:00 IST,915.61,TIMEOUT_20D,0.65,20,96.0,MULTI_MONTH_BASE_BREAKOUT,True,True,True,3.45,True,NONE
WESTLIFE,2025-10-31 15:30:00 IST,BEAR,2025-10-31 09:15:00 IST,870.65,845.98,907.65,919.99,932.32,944.66,2025-11-10 15:30:00 IST,907.65,TARGET_1,1.5,6,89.0,WYCKOFF_SPRING_TYPE_2,True,True,True,2.83,True,NONE
WESTLIFE,2026-01-15 15:30:00 IST,SIDEWAYS,2026-01-15 09:15:00 IST,871.94,846.9,909.49,922.02,934.54,947.06,2026-01-21 15:30:00 IST,846.9,STOP_LOSS,-1.0,4,85.0,CUP_HANDLE,True,True,True,2.87,True,NONE
WESTLIFE,2026-06-25 15:30:00 IST,BEAR,2026-06-25 09:15:00 IST,921.25,900.1,952.99,963.55,974.12,984.7,2026-06-29 15:30:00 IST,952.99,TARGET_1,1.5,2,83.0,HIGHER_LOW_REVERSAL,True,True,True,2.3,True,NONE
WIPRO,2025-11-19 15:30:00 IST,SIDEWAYS,2025-11-19 09:15:00 IST,239.88,228.91,256.33,261.82,267.31,272.79,2025-12-07 15:30:00 IST,256.33,TARGET_1,1.5,13,90.0,WYCKOFF_SPRING_TYPE_2,True,True,True,4.57,True,NONE
WIPRO,2025-12-22 15:30:00 IST,BULL,2025-12-22 09:15:00 IST,265.81,252.47,285.81,292.49,299.16,305.83,2026-01-18 15:30:00 IST,252.47,STOP_LOSS,-1.0,19,90.0,MULTI_MONTH_BASE_BREAKOUT,True,True,True,5.02,True,NONE
WIPRO,2026-03-09 15:30:00 IST,BEAR,2026-03-09 09:15:00 IST,198.75,192.06,208.78,212.13,215.47,218.82,2026-03-16 15:30:00 IST,192.06,STOP_LOSS,-1.0,6,86.0,SHAKEOUT_RECLAIM,True,True,True,3.37,True,NONE
WIPRO,2026-04-27 15:30:00 IST,SIDEWAYS,2026-04-27 09:15:00 IST,205.05,196.89,217.29,221.37,225.45,229.53,2026-05-07 15:30:00 IST,196.89,STOP_LOSS,-1.0,9,84.0,CUP_HANDLE,True,True,True,3.98,True,NONE
WIPRO,2026-07-02 15:30:00 IST,BEAR,2026-07-02 09:15:00 IST,174.0,168.16,182.76,185.68,188.6,191.52,2026-07-28 15:30:00 IST,182.76,TARGET_1,1.5,19,88.0,SHAKEOUT_RECLAIM,True,True,True,3.36,True,NONE
WIPRO,2026-07-28 15:30:00 IST,SIDEWAYS,2026-07-28 09:15:00 IST,181.12,173.28,192.88,196.8,200.72,204.64,2026-08-24 15:30:00 IST,180.09,TIMEOUT_20D,-0.13,20,87.0,DOUBLE_BOTTOM,True,True,True,4.33,True,NONE
WIPRO,2026-08-28 15:30:00 IST,BULL,2026-08-28 09:15:00 IST,180.95,175.52,189.09,191.81,194.52,197.24,2026-09-03 15:30:00 IST,176.4,TIMEOUT_20D,-0.84,5,85.0,SHAKEOUT_RECLAIM,True,True,True,3.0,True,NONE
WEWORK,2025-05-21 15:30:00 IST,BEAR,2025-05-21 09:15:00 IST,1235.28,1169.86,1333.41,1366.12,1398.83,1431.54,2025-06-18 15:30:00 IST,1297.32,TIMEOUT_20D,0.95,20,84.0,WYCKOFF_SPRING_TYPE_2,True,True,True,5.3,True,NONE
WEWORK,2025-10-07 15:30:00 IST,SIDEWAYS,2025-10-07 09:15:00 IST,1223.95,1178.2,1292.56,1315.45,1338.33,1361.2,2025-10-13 15:30:00 IST,1292.56,TARGET_1,1.5,4,93.0,WYCKOFF_SPRING_TYPE_2,True,True,True,3.74,True,NONE
WEWORK,2025-11-17 15:30:00 IST,BULL,2025-11-17 09:15:00 IST,1491.57,1440.94,1567.52,1592.83,1618.14,1643.46,2025-11-20 15:30:00 IST,1567.52,TARGET_1,1.5,3,94.0,MULTI_MONTH_BASE_BREAKOUT,True,True,True,3.39,True,NONE
WEWORK,2025-11-21 15:30:00 IST,BULL,2025-11-21 09:15:00 IST,1580.27,1485.45,1722.5,1769.91,1817.32,1864.73,2025-12-19 15:30:00 IST,1605.16,TIMEOUT_20D,0.26,20,87.0,V_REVERSAL,True,True,True,6.0,True,NONE
WEWORK,2026-03-25 15:30:00 IST,BULL,2026-03-25 09:15:00 IST,2115.64,2051.45,2211.91,2244.02,2276.11,2308.21,2026-04-22 15:30:00 IST,2190.18,TIMEOUT_20D,1.16,20,81.0,BULL_FLAG,True,True,True,3.03,True,NONE
YATHARTH,2026-01-30 15:30:00 IST,BEAR,2026-01-30 09:15:00 IST,587.2,551.97,640.05,657.66,675.28,692.89,2026-02-02 15:30:00 IST,640.05,TARGET_1,1.5,2,87.0,SHAKEOUT_RECLAIM,True,True,True,6.0,True,NONE
YATHARTH,2026-02-05 15:30:00 IST,SIDEWAYS,2026-02-05 09:15:00 IST,647.4,608.56,705.66,725.08,744.5,763.92,2026-02-18 15:30:00 IST,705.66,TARGET_1,1.5,10,88.0,V_REVERSAL,True,True,True,6.0,True,NONE
YATHARTH,2026-02-20 15:30:00 IST,BULL,2026-02-20 09:15:00 IST,720.3,677.08,785.13,806.74,828.35,849.96,2026-03-01 15:30:00 IST,677.08,STOP_LOSS,-1.0,6,94.0,BULL_FLAG,True,True,True,6.0,True,NONE
YATHARTH,2026-04-10 15:30:00 IST,BULL,2026-04-10 09:15:00 IST,753.75,708.52,821.6,844.21,866.83,889.44,2026-04-29 15:30:00 IST,821.6,TARGET_1,1.5,13,85.0,V_REVERSAL,True,True,True,6.0,True,NONE
YATHARTH,2026-04-23 15:30:00 IST,BULL,2026-04-23 09:15:00 IST,756.65,711.25,824.75,847.45,870.15,892.85,2026-04-29 15:30:00 IST,824.75,TARGET_1,1.5,5,90.0,SHAKEOUT_RECLAIM,True,True,True,6.0,True,NONE
YATHARTH,2026-05-08 15:30:00 IST,BULL,2026-05-08 09:15:00 IST,862.2,810.47,939.8,965.66,991.53,1017.39,2026-05-11 15:30:00 IST,810.47,STOP_LOSS,-1.0,2,91.0,BULL_FLAG,True,True,True,6.0,True,NONE
YATHARTH,2026-08-06 15:30:00 IST,BULL,2026-08-06 09:15:00 IST,870.93,834.19,926.05,944.41,962.78,981.15,2026-08-13 15:30:00 IST,834.19,STOP_LOSS,-1.0,6,87.0,DOUBLE_BOTTOM,True,True,True,4.22,True,NONE
WHIRLPOOL,2025-02-26 15:30:00 IST,SIDEWAYS,2025-02-26 09:15:00 IST,483.87,454.83,527.42,541.95,556.47,570.99,2025-03-26 15:30:00 IST,482.79,TIMEOUT_20D,-0.04,20,87.0,WYCKOFF_SPRING_TYPE_2,True,True,True,6.0,True,NONE
WHIRLPOOL,2025-08-13 15:30:00 IST,BULL,2025-08-13 09:15:00 IST,558.11,524.62,608.34,625.09,641.84,658.58,2025-09-10 15:30:00 IST,580.45,TIMEOUT_20D,0.67,20,82.0,V_REVERSAL,True,True,True,6.0,True,NONE
WHIRLPOOL,2025-08-22 15:30:00 IST,BULL,2025-08-22 09:15:00 IST,579.8,571.19,592.72,597.02,601.32,605.63,2025-08-27 15:30:00 IST,571.19,STOP_LOSS,-1.0,3,90.0,CUP_HANDLE,True,True,True,1.49,True,NONE
WHIRLPOOL,2026-01-12 15:30:00 IST,SIDEWAYS,2026-01-12 09:15:00 IST,627.28,604.44,661.54,672.96,684.38,695.8,2026-01-20 15:30:00 IST,604.44,STOP_LOSS,-1.0,6,85.0,V_REVERSAL,True,True,True,3.64,True,NONE
WHIRLPOOL,2026-04-13 15:30:00 IST,BULL,2026-04-13 09:15:00 IST,635.51,624.14,652.57,658.25,663.93,669.62,2026-05-01 15:30:00 IST,652.57,TARGET_1,1.5,14,84.0,BULL_FLAG,True,True,True,1.79,True,NONE
WHIRLPOOL,2026-04-24 15:30:00 IST,BULL,2026-04-24 09:15:00 IST,634.87,623.37,652.11,657.87,663.62,669.37,2026-05-01 15:30:00 IST,652.11,TARGET_1,1.5,5,88.0,CUP_HANDLE,True,True,True,1.81,True,NONE
WHIRLPOOL,2026-05-04 15:30:00 IST,BULL,2026-05-04 09:15:00 IST,662.13,623.37,720.28,739.65,759.03,778.41,2026-06-01 15:30:00 IST,720.28,TARGET_1,1.5,20,79.0,V_REVERSAL,True,True,True,5.85,True,NONE
WHIRLPOOL,2026-05-11 15:30:00 IST,BULL,2026-05-11 09:15:00 IST,679.76,658.31,711.94,722.66,733.39,744.11,2026-06-01 15:30:00 IST,711.94,TARGET_1,1.5,15,91.0,MULTI_MONTH_BASE_BREAKOUT,True,True,True,3.16,True,NONE
WHIRLPOOL,2026-08-12 15:30:00 IST,BEAR,2026-08-12 09:15:00 IST,773.88,753.93,803.8,813.78,823.76,833.73,2026-08-14 15:30:00 IST,753.93,STOP_LOSS,-1.0,2,93.0,WYCKOFF_SPRING_TYPE_2,True,True,True,2.58,True,NONE
YESBANK,2026-01-02 15:30:00 IST,SIDEWAYS,2026-01-02 09:15:00 IST,22.29,21.3,23.78,24.27,24.76,25.26,2026-01-18 15:30:00 IST,23.78,TARGET_1,1.51,11,89.0,DOUBLE_BOTTOM,True,True,True,4.44,True,NONE
YESBANK,2026-04-16 15:30:00 IST,SIDEWAYS,2026-04-16 09:15:00 IST,19.95,18.75,21.75,22.35,22.95,23.55,2026-05-05 15:30:00 IST,21.75,TARGET_1,1.5,14,84.0,BULL_FLAG,True,True,True,6.02,True,NONE
YESBANK,2026-05-06 15:30:00 IST,BULL,2026-05-06 09:15:00 IST,22.13,20.8,24.12,24.79,25.45,26.12,2026-06-02 15:30:00 IST,22.93,TIMEOUT_20D,0.6,20,91.0,BULL_FLAG,True,True,True,6.01,True,NONE
YESBANK,2026-06-17 15:30:00 IST,BULL,2026-06-17 09:15:00 IST,25.11,23.6,27.38,28.13,28.88,29.64,2026-07-07 15:30:00 IST,23.6,STOP_LOSS,-1.0,15,86.0,V_REVERSAL,True,True,True,6.01,True,NONE
ZENSARTECH,2026-01-08 15:30:00 IST,SIDEWAYS,2026-01-08 09:15:00 IST,698.97,664.64,750.47,767.63,784.8,801.96,2026-01-20 15:30:00 IST,664.64,STOP_LOSS,-1.0,9,86.0,WYCKOFF_SPRING_TYPE_2,True,True,True,4.91,True,NONE
ZENSARTECH,2026-07-10 15:30:00 IST,SIDEWAYS,2026-07-10 09:15:00 IST,496.2,466.43,540.86,555.74,570.62,585.51,2026-07-13 15:30:00 IST,540.86,TARGET_1,1.5,2,96.0,WYCKOFF_SPRING_TYPE_2,True,True,True,6.0,True,NONE
WOCKPHARMA,2025-03-24 15:30:00 IST,BULL,2025-03-24 09:15:00 IST,2070.8,1982.11,2203.85,2248.18,2292.53,2336.87,2025-04-01 15:30:00 IST,1982.11,STOP_LOSS,-1.0,6,88.0,MULTI_MONTH_BASE_BREAKOUT,True,True,True,4.28,True,NONE
WOCKPHARMA,2025-05-20 15:30:00 IST,BULL,2025-05-20 09:15:00 IST,2104.18,1995.1,2267.79,2322.34,2376.88,2431.42,2025-06-17 15:30:00 IST,2109.61,TIMEOUT_20D,0.05,20,84.0,DOUBLE_BOTTOM,True,True,True,5.18,True,NONE
WOCKPHARMA,2025-05-27 15:30:00 IST,BULL,2025-05-27 09:15:00 IST,2118.11,2044.48,2228.55,2265.37,2302.19,2339.0,2025-06-09 15:30:00 IST,2044.48,STOP_LOSS,-1.0,9,86.0,CUP_HANDLE,True,True,True,3.48,True,NONE
WOCKPHARMA,2025-07-03 15:30:00 IST,BULL,2025-07-03 09:15:00 IST,2207.45,2133.0,2319.12,2356.35,2393.57,2430.8,2025-07-08 15:30:00 IST,2319.12,TARGET_1,1.5,3,86.0,CUP_HANDLE,True,True,True,3.37,True,NONE
WOCKPHARMA,2025-09-29 15:30:00 IST,BULL,2025-09-29 09:15:00 IST,2480.06,2331.26,2703.27,2777.66,2852.06,2926.46,2025-10-15 15:30:00 IST,2331.26,STOP_LOSS,-1.0,12,89.0,V_REVERSAL,True,True,True,6.0,True,NONE
WOCKPHARMA,2025-11-13 15:30:00 IST,SIDEWAYS,2025-11-13 09:15:00 IST,2375.17,2232.66,2588.93,2660.19,2731.45,2802.7,2025-12-11 15:30:00 IST,2457.49,TIMEOUT_20D,0.58,20,87.0,WYCKOFF_SPRING_TYPE_2,True,True,True,6.0,True,NONE
WOCKPHARMA,2025-11-24 15:30:00 IST,BULL,2025-11-24 09:15:00 IST,2415.8,2380.45,2468.83,2486.5,2504.18,2521.85,2025-11-28 15:30:00 IST,2380.45,STOP_LOSS,-1.0,4,85.0,CUP_HANDLE,True,True,True,1.46,True,NONE
ZFCVINDIA,2025-11-27 15:30:00 IST,SIDEWAYS,2025-11-27 09:15:00 IST,2178.72,2075.28,2333.89,2385.6,2437.32,2489.04,2025-11-30 15:30:00 IST,2333.89,TARGET_1,1.5,2,84.0,DOUBLE_BOTTOM,True,True,True,4.75,True,NONE
ZFCVINDIA,2026-02-11 15:30:00 IST,BULL,2026-02-11 09:15:00 IST,2653.73,2494.51,2892.57,2972.17,3051.78,3131.39,2026-02-26 15:30:00 IST,2494.51,STOP_LOSS,-1.0,12,93.0,BULL_FLAG,True,True,True,6.0,True,NONE
ZFCVINDIA,2026-03-20 15:30:00 IST,BEAR,2026-03-20 09:15:00 IST,2296.19,2189.52,2456.19,2509.53,2562.87,2616.2,2026-03-22 15:30:00 IST,2189.52,STOP_LOSS,-1.0,1,90.0,SHAKEOUT_RECLAIM,True,True,True,4.65,True,NONE
ZFCVINDIA,2026-08-04 15:30:00 IST,SIDEWAYS,2026-08-04 09:15:00 IST,2555.6,2402.26,2785.61,2862.28,2938.95,3015.62,2026-08-31 15:30:00 IST,2547.8,TIMEOUT_20D,-0.05,20,88.0,WYCKOFF_SPRING_TYPE_2,True,True,True,6.0,True,NONE
ZAGGLE,2025-05-22 15:30:00 IST,BEAR,2025-05-22 09:15:00 IST,1439.46,1420.25,1468.28,1477.88,1487.49,1497.09,2025-05-28 15:30:00 IST,1468.28,TARGET_1,1.5,4,94.0,WYCKOFF_SPRING_TYPE_2,True,True,True,1.33,True,NONE
ZAGGLE,2025-11-24 15:30:00 IST,BULL,2025-11-24 09:15:00 IST,2025.22,1942.37,2149.48,2190.92,2232.35,2273.77,2025-12-18 15:30:00 IST,2149.48,TARGET_1,1.5,18,93.0,MULTI_MONTH_BASE_BREAKOUT,True,True,True,4.09,True,NONE
ZAGGLE,2026-01-23 15:30:00 IST,BULL,2026-01-23 09:15:00 IST,2275.59,2165.89,2440.15,2494.99,2549.84,2604.69,2026-02-20 15:30:00 IST,2388.29,TIMEOUT_20D,1.03,20,91.0,MULTI_MONTH_BASE_BREAKOUT,True,True,True,4.82,True,NONE
ZAGGLE,2026-02-20 15:30:00 IST,BULL,2026-02-20 09:15:00 IST,2388.29,2244.99,2603.24,2674.89,2746.54,2818.19,2026-03-20 15:30:00 IST,2318.27,TIMEOUT_20D,-0.49,20,81.0,V_REVERSAL,True,True,True,6.0,True,NONE
ZAGGLE,2026-05-05 15:30:00 IST,SIDEWAYS,2026-05-05 09:15:00 IST,2345.95,2257.63,2478.42,2522.59,2566.75,2610.91,2026-06-02 15:30:00 IST,2478.42,TARGET_1,1.5,20,82.0,BULL_FLAG,True,True,True,3.76,True,NONE
ZAGGLE,2026-07-22 15:30:00 IST,BULL,2026-07-22 09:15:00 IST,2636.32,2571.46,2733.61,2766.04,2798.47,2830.9,2026-07-30 15:30:00 IST,2571.46,STOP_LOSS,-1.0,6,88.0,BULL_FLAG,True,True,True,2.46,True,NONE
ZEEL,2025-07-01 15:30:00 IST,BULL,2025-07-01 09:15:00 IST,1265.57,1203.38,1358.86,1389.95,1421.04,1452.14,2025-07-29 15:30:00 IST,1258.49,TIMEOUT_20D,-0.11,20,92.0,MULTI_MONTH_BASE_BREAKOUT,True,True,True,4.91,True,NONE
ZEEL,2025-08-15 15:30:00 IST,BULL,2025-08-15 09:15:00 IST,1395.32,1333.96,1487.35,1518.04,1548.72,1579.4,2025-09-09 15:30:00 IST,1487.35,TARGET_1,1.5,17,92.0,MULTI_MONTH_BASE_BREAKOUT,True,True,True,4.4,True,NONE
ZEEL,2026-05-13 15:30:00 IST,BEAR,2026-05-13 09:15:00 IST,1525.43,1483.06,1588.97,1610.17,1631.36,1652.54,2026-05-22 15:30:00 IST,1588.97,TARGET_1,1.5,7,91.0,WYCKOFF_SPRING_TYPE_2,True,True,True,2.78,True,NONE
ZEEL,2026-05-19 15:30:00 IST,SIDEWAYS,2026-05-19 09:15:00 IST,1539.15,1488.6,1614.97,1640.25,1665.53,1690.8,2026-05-22 15:30:00 IST,1614.97,TARGET_1,1.5,3,85.0,V_REVERSAL,True,True,True,3.28,True,NONE
ZYDUSWELL,2026-02-09 15:30:00 IST,BEAR,2026-02-09 09:15:00 IST,406.34,383.3,440.9,452.42,463.94,475.46,2026-02-25 15:30:00 IST,383.3,STOP_LOSS,-1.0,13,92.0,SHAKEOUT_RECLAIM,True,True,True,5.67,True,NONE
ZYDUSWELL,2026-04-06 15:30:00 IST,BULL,2026-04-06 09:15:00 IST,508.33,477.83,554.09,569.33,584.58,599.83,2026-04-07 15:30:00 IST,477.83,STOP_LOSS,-1.0,2,92.0,MULTI_MONTH_BASE_BREAKOUT,True,True,True,6.0,True,NONE
ZYDUSWELL,2026-05-29 15:30:00 IST,BULL,2026-05-29 09:15:00 IST,506.04,476.65,550.12,564.82,579.52,594.21,2026-06-25 15:30:00 IST,517.07,TIMEOUT_20D,0.38,20,87.0,SHAKEOUT_RECLAIM,True,True,True,5.81,True,NONE
ZYDUSWELL,2026-06-08 15:30:00 IST,BULL,2026-06-08 09:15:00 IST,522.46,491.11,569.48,585.16,600.84,616.51,2026-06-10 15:30:00 IST,491.11,STOP_LOSS,-1.0,3,89.0,CUP_HANDLE,True,True,True,6.0,True,NONE
ZYDUSWELL,2026-06-29 15:30:00 IST,BULL,2026-06-29 09:15:00 IST,568.31,534.22,619.46,636.49,653.53,670.58,2026-07-26 15:30:00 IST,559.35,TIMEOUT_20D,-0.26,20,92.0,V_REVERSAL,True,True,True,6.0,True,NONE
^CNXAUTO,2025-12-30 15:30:00 IST,BULL,2025-12-30 09:15:00 IST,27889.65,27144.0,29008.13,29380.95,29753.78,30126.6,2026-01-04 15:30:00 IST,29008.13,TARGET_1,1.5,3,85.0,CUP_HANDLE,True,True,True,2.67,True,NONE
^CNXAUTO,2026-02-10 15:30:00 IST,SIDEWAYS,2026-02-10 09:15:00 IST,28173.2,27171.01,29676.48,30177.58,30678.68,31179.77,2026-03-01 15:30:00 IST,27171.01,STOP_LOSS,-1.0,14,83.0,CUP_HANDLE,True,True,True,3.56,True,NONE
^CNXAUTO,2026-04-08 15:30:00 IST,SIDEWAYS,2026-04-08 09:15:00 IST,26002.95,24675.55,27994.05,28657.75,29321.45,29985.15,2026-05-07 15:30:00 IST,27259.85,TIMEOUT_20D,0.95,20,93.0,DOUBLE_BOTTOM,True,True,True,5.1,True,NONE
^CNXAUTO,2026-05-20 15:30:00 IST,SIDEWAYS,2026-05-20 09:15:00 IST,25914.35,24675.55,27772.55,28391.95,29011.35,29630.75,2026-06-17 15:30:00 IST,26746.4,TIMEOUT_20D,0.67,20,88.0,DOUBLE_BOTTOM,True,True,True,4.78,True,NONE
ZENTEC,2025-05-09 15:30:00 IST,BEAR,2025-05-09 09:15:00 IST,710.62,668.67,773.55,794.52,815.5,836.47,2025-06-06 15:30:00 IST,725.06,TIMEOUT_20D,0.34,20,88.0,V_REVERSAL,True,True,True,5.9,True,NONE
ZENTEC,2025-10-16 15:30:00 IST,BULL,2025-10-16 09:15:00 IST,801.83,770.45,848.91,864.59,880.28,895.97,2025-10-22 15:30:00 IST,770.45,STOP_LOSS,-1.0,4,88.0,MULTI_MONTH_BASE_BREAKOUT,True,True,True,3.91,True,NONE
ZENTEC,2026-04-14 15:30:00 IST,BEAR,2026-04-14 09:15:00 IST,828.04,802.72,866.01,878.68,891.34,904.0,2026-04-28 15:30:00 IST,802.72,STOP_LOSS,-1.0,10,91.0,WYCKOFF_SPRING_TYPE_2,True,True,True,3.06,True,NONE
ZENTEC,2026-07-16 15:30:00 IST,BULL,2026-07-16 09:15:00 IST,850.11,825.02,887.75,900.29,912.84,925.38,2026-07-20 15:30:00 IST,825.02,STOP_LOSS,-1.0,2,84.0,CUP_HANDLE,True,True,True,2.95,True,NONE
^CNXENERGY,2025-10-29 15:30:00 IST,BULL,2025-10-29 09:15:00 IST,36347.95,35096.64,38224.91,38850.57,39476.22,40101.88,2025-11-26 15:30:00 IST,35756.15,TIMEOUT_20D,-0.47,20,92.0,MULTI_MONTH_BASE_BREAKOUT,True,True,True,3.44,True,NONE
^CNXENERGY,2026-01-02 15:30:00 IST,SIDEWAYS,2026-01-02 09:15:00 IST,36275.65,34178.05,39422.05,40470.85,41519.65,42568.45,2026-01-11 15:30:00 IST,34178.05,STOP_LOSS,-1.0,6,84.0,V_REVERSAL,True,True,True,5.78,True,NONE
^CNXENERGY,2026-03-05 15:30:00 IST,SIDEWAYS,2026-03-05 09:15:00 IST,36273.85,35314.99,37712.14,38191.57,38671.0,39150.43,2026-03-08 15:30:00 IST,35314.99,STOP_LOSS,-1.0,2,87.0,SHAKEOUT_RECLAIM,True,True,True,2.64,True,NONE
^CNXENERGY,2026-03-12 15:30:00 IST,BULL,2026-03-12 09:15:00 IST,36834.35,35112.56,39417.04,40277.93,41138.82,41999.72,2026-03-22 15:30:00 IST,35112.56,STOP_LOSS,-1.0,7,91.0,CUP_HANDLE,True,True,True,4.67,True,NONE
^CNXENERGY,2026-04-15 15:30:00 IST,BULL,2026-04-15 09:15:00 IST,37993.5,36245.55,40615.42,41489.4,42363.37,43237.35,2026-04-27 15:30:00 IST,40615.42,TARGET_1,1.5,9,89.0,MULTI_MONTH_BASE_BREAKOUT,True,True,True,4.6,True,NONE
^CNXENERGY,2026-05-27 15:30:00 IST,BULL,2026-05-27 09:15:00 IST,41535.75,40180.65,43568.4,44245.95,44923.5,45601.05,2026-06-01 15:30:00 IST,40180.65,STOP_LOSS,-1.0,3,98.0,MULTI_MONTH_BASE_BREAKOUT,True,True,True,3.26,True,NONE
ZYDUSLIFE,2025-05-08 15:30:00 IST,BULL,2025-05-08 09:15:00 IST,1313.79,1267.51,1383.22,1406.35,1429.49,1452.63,2025-06-05 15:30:00 IST,1371.4,TIMEOUT_20D,1.24,20,94.0,MULTI_MONTH_BASE_BREAKOUT,True,True,True,3.52,True,NONE
ZYDUSLIFE,2025-07-10 15:30:00 IST,BULL,2025-07-10 09:15:00 IST,1454.89,1409.08,1523.6,1546.51,1569.42,1592.32,2025-07-30 15:30:00 IST,1523.6,TARGET_1,1.5,14,93.0,MULTI_MONTH_BASE_BREAKOUT,True,True,True,3.15,True,NONE
ZYDUSLIFE,2025-07-29 15:30:00 IST,BULL,2025-07-29 09:15:00 IST,1505.04,1414.74,1640.5,1685.64,1730.79,1775.94,2025-08-21 15:30:00 IST,1640.5,TARGET_1,1.5,17,82.0,V_REVERSAL,True,True,True,6.0,True,NONE
ZYDUSLIFE,2026-01-09 15:30:00 IST,BEAR,2026-01-09 09:15:00 IST,1438.74,1386.62,1516.92,1542.98,1569.04,1595.1,2026-01-23 15:30:00 IST,1516.92,TARGET_1,1.5,10,93.0,WYCKOFF_SPRING_TYPE_2,True,True,True,3.62,True,NONE
ZYDUSLIFE,2026-04-21 15:30:00 IST,BULL,2026-04-21 09:15:00 IST,1760.17,1726.63,1810.49,1827.25,1844.02,1860.79,2026-04-22 15:30:00 IST,1810.49,TARGET_1,1.5,1,86.0,CUP_HANDLE,True,True,True,1.91,True,NONE
ZYDUSLIFE,2026-05-13 15:30:00 IST,BULL,2026-05-13 09:15:00 IST,2022.65,1959.33,2117.64,2149.29,2180.95,2212.61,2026-06-10 15:30:00 IST,2069.14,TIMEOUT_20D,0.73,20,94.0,BULL_FLAG,True,True,True,3.13,True,NONE
ZYDUSLIFE,2026-08-07 15:30:00 IST,BULL,2026-08-07 09:15:00 IST,2257.56,2198.94,2345.48,2374.8,2404.11,2433.42,2026-08-13 15:30:00 IST,2345.48,TARGET_1,1.5,4,84.0,CUP_HANDLE,True,True,True,2.6,True,NONE
^CNXFMCG,2026-01-30 15:30:00 IST,BEAR,2026-01-30 09:15:00 IST,51215.2,49825.67,53299.49,53994.26,54689.02,55383.79,2026-02-01 15:30:00 IST,49825.67,STOP_LOSS,-1.0,1,88.0,SHAKEOUT_RECLAIM,True,True,True,2.71,True,NONE
^CNXFMCG,2026-03-16 15:30:00 IST,BEAR,2026-03-16 09:15:00 IST,48468.85,47587.22,49791.3,50232.11,50672.92,51113.74,2026-03-18 15:30:00 IST,47587.22,STOP_LOSS,-1.0,3,86.0,SHAKEOUT_RECLAIM,True,True,True,1.82,True,NONE
^CNXFMCG,2026-04-17 15:30:00 IST,SIDEWAYS,2026-04-17 09:15:00 IST,49657.75,46678.28,54126.96,55616.69,57106.43,58596.16,2026-05-17 15:30:00 IST,50900.1,TIMEOUT_20D,0.42,20,89.0,WYCKOFF_SPRING_TYPE_2,True,True,True,6.0,True,NONE
^CNXINFRA,2025-10-29 15:30:00 IST,BULL,2025-10-29 09:15:00 IST,9661.85,9288.24,10222.26,10409.07,10595.88,10782.68,2025-11-26 15:30:00 IST,9682.0,TIMEOUT_20D,0.05,20,93.0,MULTI_MONTH_BASE_BREAKOUT,True,True,True,3.87,True,NONE
^CNXINFRA,2026-05-27 15:30:00 IST,BULL,2026-05-27 09:15:00 IST,9499.0,9306.33,9788.01,9884.34,9980.67,10077.01,2026-05-31 15:30:00 IST,9306.33,STOP_LOSS,-1.0,2,89.0,CUP_HANDLE,True,True,True,2.03,True,NONE
^CNXFIN,2025-06-05 15:30:00 IST,SIDEWAYS,2025-06-05 09:15:00 IST,2133.25,2005.25,2325.24,2389.25,2453.25,2517.25,2025-07-03 15:30:00 IST,2111.01,TIMEOUT_20D,-0.17,20,89.0,WYCKOFF_SPRING_TYPE_2,True,True,True,6.0,True,NONE
^CNXFIN,2025-09-01 15:30:00 IST,SIDEWAYS,2025-09-01 09:15:00 IST,2153.15,2043.85,2317.11,2371.75,2426.4,2481.05,2025-09-29 15:30:00 IST,2186.85,TIMEOUT_20D,0.31,20,84.0,WYCKOFF_SPRING_TYPE_2,True,True,True,5.08,True,NONE
^CNXFIN,2025-12-10 15:30:00 IST,BEAR,2025-12-10 09:15:00 IST,2240.93,2176.89,2337.0,2369.01,2401.03,2433.05,2026-01-05 15:30:00 IST,2337.0,TARGET_1,1.5,18,91.0,WYCKOFF_SPRING_TYPE_2,True,True,True,2.86,True,NONE
^CNXFIN,2026-01-20 15:30:00 IST,BULL,2026-01-20 09:15:00 IST,2374.35,2304.61,2478.96,2513.83,2548.7,2583.57,2026-02-11 15:30:00 IST,2478.96,TARGET_1,1.5,16,86.0,CUP_HANDLE,True,True,True,2.94,True,NONE
^CNXFIN,2026-02-17 15:30:00 IST,BULL,2026-02-17 09:15:00 IST,2565.0,2464.56,2715.65,2765.88,2816.1,2866.32,2026-03-12 15:30:00 IST,2715.65,TARGET_1,1.5,17,95.0,MULTI_MONTH_BASE_BREAKOUT,True,True,True,3.92,True,NONE
^CNXFIN,2026-06-29 15:30:00 IST,BULL,2026-06-29 09:15:00 IST,3235.82,3126.6,3399.65,3454.26,3508.87,3563.48,2026-07-03 15:30:00 IST,3399.65,TARGET_1,1.5,4,94.0,MULTI_MONTH_BASE_BREAKOUT,True,True,True,3.38,True,NONE
^CNXIT,2025-11-19 15:30:00 IST,BULL,2025-11-19 09:15:00 IST,37044.65,35734.78,39009.45,39664.39,40319.33,40974.26,2025-12-16 15:30:00 IST,38172.05,TIMEOUT_20D,0.86,20,86.0,CUP_HANDLE,True,True,True,3.54,True,NONE
^CNXIT,2026-06-02 15:30:00 IST,SIDEWAYS,2026-06-02 09:15:00 IST,31116.55,29249.56,33917.04,34850.53,35784.02,36717.52,2026-06-03 15:30:00 IST,29249.56,STOP_LOSS,-1.0,2,87.0,WYCKOFF_SPRING_TYPE_2,True,True,True,6.0,True,NONE
^CNXIT,2026-07-02 15:30:00 IST,BEAR,2026-07-02 09:15:00 IST,26965.05,25570.6,29056.73,29753.95,30451.18,31148.4,2026-07-12 15:30:00 IST,29056.73,TARGET_1,1.5,7,86.0,SHAKEOUT_RECLAIM,True,True,True,5.17,True,NONE
^CNXMETAL,2025-12-30 15:30:00 IST,BULL,2025-12-30 09:15:00 IST,11007.65,10655.01,11536.61,11712.93,11889.25,12065.57,2026-01-05 15:30:00 IST,11536.61,TARGET_1,1.5,4,95.0,MULTI_MONTH_BASE_BREAKOUT,True,True,True,3.2,True,NONE
^CNXMETAL,2026-01-14 15:30:00 IST,BULL,2026-01-14 09:15:00 IST,11661.4,11303.12,12198.82,12377.96,12557.1,12736.24,2026-01-20 15:30:00 IST,11303.12,STOP_LOSS,-1.0,4,87.0,MULTI_MONTH_BASE_BREAKOUT,True,True,True,3.07,True,NONE
^CNXMETAL,2026-01-28 15:30:00 IST,BULL,2026-01-28 09:15:00 IST,12106.45,11380.06,13196.04,13559.23,13922.43,14285.62,2026-02-01 15:30:00 IST,11380.06,STOP_LOSS,-1.0,3,78.0,V_REVERSAL,True,True,True,6.0,True,NONE
^CNXMETAL,2026-05-13 15:30:00 IST,BULL,2026-05-13 09:15:00 IST,13290.8,12858.51,13939.23,14155.38,14371.52,14587.67,2026-06-07 15:30:00 IST,12858.51,STOP_LOSS,-1.0,17,97.0,MULTI_MONTH_BASE_BREAKOUT,True,True,True,3.25,True,NONE
^CNXMETAL,2026-06-19 15:30:00 IST,SIDEWAYS,2026-06-19 09:15:00 IST,13020.8,12564.46,13705.31,13933.48,14161.65,14389.82,2026-06-23 15:30:00 IST,12564.46,STOP_LOSS,-1.0,3,92.0,WYCKOFF_SPRING_TYPE_2,True,True,True,3.5,True,NONE
^CNXPHARMA,2025-11-12 15:30:00 IST,BULL,2025-11-12 09:15:00 IST,22593.4,21994.67,23491.5,23790.86,24090.23,24389.59,2025-12-09 15:30:00 IST,22561.5,TIMEOUT_20D,-0.05,20,87.0,CUP_HANDLE,True,True,True,2.65,True,NONE
^CNXPHARMA,2026-03-20 15:30:00 IST,SIDEWAYS,2026-03-20 09:15:00 IST,22540.7,21930.35,23456.22,23761.4,24066.58,24371.75,2026-03-31 15:30:00 IST,21930.35,STOP_LOSS,-1.0,6,87.0,SHAKEOUT_RECLAIM,True,True,True,2.71,True,NONE
^CNXPHARMA,2026-04-27 15:30:00 IST,SIDEWAYS,2026-04-27 09:15:00 IST,23171.85,21781.54,25257.31,25952.47,26647.62,27342.78,2026-05-25 15:30:00 IST,24659.2,TIMEOUT_20D,1.07,20,88.0,V_REVERSAL,True,True,True,6.0,True,NONE
^CNXPHARMA,2026-07-03 15:30:00 IST,BULL,2026-07-03 09:15:00 IST,25745.15,25007.58,26851.51,27220.29,27589.08,27957.86,2026-07-30 15:30:00 IST,26534.8,TIMEOUT_20D,1.07,20,83.0,BULL_FLAG,True,True,True,2.86,True,NONE
^CNXPSUBANK,2026-01-14 15:30:00 IST,BULL,2026-01-14 09:15:00 IST,8910.65,8591.14,9389.92,9549.67,9709.42,9869.18,2026-02-01 15:30:00 IST,8591.14,STOP_LOSS,-1.0,11,95.0,MULTI_MONTH_BASE_BREAKOUT,True,True,True,3.59,True,NONE
^CNXPSUBANK,2026-02-17 15:30:00 IST,BULL,2026-02-17 09:15:00 IST,9500.8,9038.18,10194.73,10426.04,10657.35,10888.66,2026-03-08 15:30:00 IST,9038.18,STOP_LOSS,-1.0,13,81.0,BULL_FLAG,True,True,True,4.87,True,NONE
^CNXPSUBANK,2026-04-08 15:30:00 IST,SIDEWAYS,2026-04-08 09:15:00 IST,8716.1,8193.13,9500.55,9762.04,10023.53,10285.01,2026-05-07 15:30:00 IST,8371.95,TIMEOUT_20D,-0.66,20,85.0,SHAKEOUT_RECLAIM,True,True,True,6.0,True,NONE
^CNXPSUBANK,2026-06-09 15:30:00 IST,SIDEWAYS,2026-06-09 09:15:00 IST,8496.6,7986.8,9261.3,9516.2,9771.1,10026.0,2026-07-07 15:30:00 IST,8072.3,TIMEOUT_20D,-0.83,20,91.0,WYCKOFF_SPRING_TYPE_2,True,True,True,6.0,True,NONE
^CNXREALTY,2026-01-02 15:30:00 IST,SIDEWAYS,2026-01-02 09:15:00 IST,898.8,851.77,969.34,992.86,1016.37,1039.89,2026-01-12 15:30:00 IST,851.77,STOP_LOSS,-1.0,7,81.0,V_REVERSAL,True,True,True,5.23,True,NONE
^CNXREALTY,2026-03-05 15:30:00 IST,BEAR,2026-03-05 09:15:00 IST,757.8,730.33,799.0,812.74,826.47,840.21,2026-03-08 15:30:00 IST,730.33,STOP_LOSS,-1.0,2,83.0,SHAKEOUT_RECLAIM,True,True,True,3.62,True,NONE
^CNXREALTY,2026-04-08 15:30:00 IST,SIDEWAYS,2026-04-08 09:15:00 IST,745.75,701.0,812.88,835.25,857.62,880.0,2026-04-28 15:30:00 IST,812.88,TARGET_1,1.5,14,84.0,V_REVERSAL,True,True,True,6.0,True,NONE
^CNXREALTY,2026-06-02 15:30:00 IST,SIDEWAYS,2026-06-02 09:15:00 IST,773.35,743.61,817.96,832.83,847.7,862.57,2026-06-10 15:30:00 IST,743.61,STOP_LOSS,-1.0,7,84.0,CUP_HANDLE,True,True,True,3.85,True,NONE
^CNXREALTY,2026-07-03 15:30:00 IST,BULL,2026-07-03 09:15:00 IST,890.8,846.66,957.01,979.08,1001.15,1023.22,2026-08-24 15:30:00 IST,917.8,TIMEOUT_20D,0.61,19,93.0,MULTI_MONTH_BASE_BREAKOUT,True,True,True,4.96,True,NONE
^CNXREALTY,2026-07-10 15:30:00 IST,BULL,2026-07-10 09:15:00 IST,938.6,883.77,1020.84,1048.26,1075.68,1103.09,2026-08-24 15:30:00 IST,917.8,TIMEOUT_20D,-0.38,14,92.0,MULTI_MONTH_BASE_BREAKOUT,True,True,True,5.84,True,NONE
^NSEBANK,2025-12-30 15:30:00 IST,BULL,2025-12-30 09:15:00 IST,59171.25,58419.14,60299.42,60675.47,61051.53,61427.58,2026-01-04 15:30:00 IST,60299.42,TARGET_1,1.5,4,90.0,SHAKEOUT_RECLAIM,True,True,True,1.27,True,NONE
^NSEBANK,2026-05-06 15:30:00 IST,SIDEWAYS,2026-05-06 09:15:00 IST,55981.05,53950.54,59026.82,60042.07,61057.33,62072.58,2026-05-11 15:30:00 IST,53950.54,STOP_LOSS,-1.0,4,94.0,SHAKEOUT_RECLAIM,True,True,True,3.63,True,NONE
^NSEBANK,2026-06-17 15:30:00 IST,BULL,2026-06-17 09:15:00 IST,57585.05,55158.05,61225.55,62439.05,63652.55,64866.05,2026-07-15 15:30:00 IST,57582.25,TIMEOUT_20D,-0.0,20,90.0,DOUBLE_BOTTOM,True,True,True,4.21,True,NONE
^NSEI,2025-11-14 15:30:00 IST,BULL,2025-11-14 09:15:00 IST,25910.05,25191.86,26987.34,27346.43,27705.52,28064.62,2025-12-11 15:30:00 IST,26046.95,TIMEOUT_20D,0.19,20,83.0,CUP_HANDLE,True,True,True,2.77,True,NONE
